Date,Adj Close,Close,High,Low,Open,Volume
2017-11-29,19.97,19.97,19.98,19.92,19.92,4891000
2017-11-30,19.97,19.97,19.98,19.93,19.94,978000
2017-12-01,19.96,19.96,19.97,19.95,19.97,1604550
2017-12-04,19.97,19.97,19.98,19.96,19.96,833350
2017-12-05,19.97,19.97,19.97,19.96,19.97,1185020
2017-12-06,19.98,19.98,20.0,19.97,19.98,1635000
2017-12-07,19.98,19.98,20.0,19.98,19.98,701000
2017-12-08,19.98,19.98,20.0,19.98,20.0,924000
2017-12-11,20.0,20.0,20.0,19.99,20.0,881010
2017-12-12,19.99,19.99,20.0,19.99,20.0,588000
2017-12-13,19.99,19.99,20.01,19.99,19.99,333000
2017-12-14,20.0,20.0,20.01,19.99,19.99,958000
2017-12-15,19.98,19.98,20.0,19.98,20.0,818000
2017-12-18,19.99,19.99,20.0,19.98,20.0,1020000
2017-12-19,19.99,19.99,20.0,19.99,19.99,555005
2017-12-20,19.99,19.99,20.0,19.99,19.99,779000
2017-12-21,19.92,19.92,19.97,19.91,19.97,1439000
2017-12-22,19.94,19.94,19.95,19.92,19.92,1239000
2017-12-25,19.94,19.94,19.94,19.93,19.93,1100000
2017-12-26,19.93,19.93,19.95,19.93,19.95,504000
2017-12-27,19.89,19.89,19.93,19.89,19.93,570215
2017-12-28,19.87,19.87,19.9,19.87,19.89,1044024
2017-12-29,19.76,19.76,19.85,19.74,19.85,1694020
2018-01-02,19.64,19.64,19.75,19.64,19.7,503150
2018-01-03,19.55,19.55,19.61,19.5,19.61,1279050
2018-01-04,19.53,19.53,19.53,19.5,19.5,586000
2018-01-05,19.44,19.44,19.5,19.43,19.5,1078000
2018-01-08,19.45,19.45,19.47,19.42,19.47,388865
2018-01-09,19.53,19.53,19.53,19.49,19.49,463010
2018-01-10,19.55,19.55,19.56,19.54,19.54,613217
2018-01-11,19.53,19.53,19.54,19.52,19.54,463250
2018-01-12,19.56,19.56,19.57,19.53,19.54,337000
2018-01-15,19.52,19.52,19.54,19.52,19.54,367654
2018-01-16,19.52,19.52,19.54,19.52,19.52,345000
2018-01-17,19.5,19.5,19.51,19.48,19.51,301160
2018-01-18,19.48,19.48,19.49,19.46,19.47,325769
2018-01-19,19.36,19.36,19.45,19.36,19.45,585358
2018-01-22,19.13,19.13,19.35,19.03,19.35,2233300
2018-01-23,19.17,19.17,19.22,19.14,19.14,501260
2018-01-24,19.17,19.17,19.22,19.17,19.21,699154
2018-01-25,19.12,19.12,19.17,19.12,19.17,561352
2018-01-26,19.06,19.06,19.12,19.06,19.12,1295001
2018-01-29,19.08,19.08,19.1,19.08,19.09,690225
2018-01-30,19.13,19.13,19.13,19.1,19.1,319552
2018-01-31,18.98,18.98,19.11,18.98,19.11,993000
2018-02-01,18.99,18.99,19.01,18.98,18.98,483100
2018-02-02,18.98,18.98,19.0,18.97,19.0,553032
2018-02-05,18.92,18.92,18.97,18.92,18.97,419616
2018-02-06,18.77,18.77,18.87,18.75,18.87,1666817
2018-02-07,18.82,18.82,18.86,18.8,18.86,424140
2018-02-08,18.88,18.88,18.88,18.82,18.86,393207
2018-02-09,18.8,18.8,18.85,18.8,18.85,436000
2018-02-12,18.86,18.86,18.88,18.81,18.81,196258
2018-02-21,18.9,18.9,18.92,18.88,18.88,543569
2018-02-22,19.0,19.0,19.0,18.92,18.92,602000
2018-02-23,19.02,19.02,19.02,18.96,18.99,270740
2018-02-26,19.09,19.09,19.12,19.09,19.11,186100
2018-02-27,19.12,19.12,19.13,19.1,19.11,276200
2018-03-01,19.15,19.15,19.17,19.13,19.14,375000
2018-03-02,19.16,19.16,19.16,19.14,19.14,374318
2018-03-05,19.15,19.15,19.16,19.14,19.16,236364
2018-03-06,19.18,19.18,19.18,19.16,19.16,259001
2018-03-07,19.15,19.15,19.18,19.15,19.16,357052
2018-03-08,19.18,19.18,19.19,19.15,19.15,415000
2018-03-09,19.2,19.2,19.24,19.2,19.21,242310
2018-03-12,19.19,19.19,19.2,19.18,19.2,274000
2018-03-13,19.14,19.14,19.19,19.14,19.19,163880
2018-03-14,19.15,19.15,19.17,19.13,19.14,679060
2018-03-15,19.2,19.2,19.2,19.15,19.17,327000
2018-03-16,19.15,19.15,19.17,19.14,19.15,273162
2018-03-19,19.19,19.19,19.19,19.15,19.15,223520
2018-03-20,19.15,19.15,19.15,19.14,19.15,193513
2018-03-21,19.14,19.14,19.16,19.14,19.14,173613
2018-03-22,19.12,19.12,19.15,19.11,19.12,215289
2018-03-23,19.1,19.1,19.11,19.05,19.05,495358
2018-03-26,19.06,19.06,19.15,19.02,19.02,257000
2018-03-27,19.07,19.07,19.1,19.04,19.06,279150
2018-03-28,19.09,19.09,19.13,19.08,19.08,262090
2018-03-29,19.09,19.09,19.13,19.09,19.09,276000
2018-03-30,19.12,19.12,19.15,19.11,19.11,592150
2018-04-02,19.09,19.09,19.11,19.09,19.1,376460
2018-04-03,19.1,19.1,19.1,19.07,19.07,540153
2018-04-09,19.12,19.12,19.14,19.12,19.14,366412
2018-04-10,19.11,19.11,19.12,19.1,19.12,315101
2018-04-11,19.09,19.09,19.11,19.09,19.1,312100
2018-04-12,19.1,19.1,19.12,19.08,19.09,512152
2018-04-13,19.2,19.2,19.21,19.12,19.12,856110
2018-04-16,19.22,19.22,19.24,19.18,19.18,847820
2018-04-17,19.22,19.22,19.25,19.22,19.22,431156
2018-04-18,19.25,19.25,19.25,19.23,19.24,239500
2018-04-19,19.25,19.25,19.25,19.22,19.24,362402
2018-04-20,19.24,19.24,19.25,19.21,19.23,291220
2018-04-23,19.32,19.32,19.34,19.29,19.29,529547
2018-04-24,19.39,19.39,19.4,19.37,19.38,349002
2018-04-25,19.36,19.36,19.39,19.35,19.36,347630
2018-04-26,19.35,19.35,19.39,19.35,19.36,464000
2018-04-27,19.37,19.37,19.38,19.34,19.37,569000
2018-04-30,19.34,19.34,19.34,19.32,19.34,230051
2018-05-02,19.34,19.34,19.38,19.33,19.34,358000
2018-05-03,19.39,19.39,19.41,19.34,19.35,480000
2018-05-04,19.35,19.35,19.38,19.34,19.38,296700
2018-05-07,19.36,19.36,19.37,19.34,19.34,402457
2018-05-08,19.42,19.42,19.43,19.4,19.4,378415
2018-05-09,19.44,19.44,19.45,19.4,19.4,539900
2018-05-10,19.48,19.48,19.49,19.46,19.49,609000
2018-05-11,19.4,19.4,19.45,19.4,19.43,495477
2018-05-14,19.42,19.42,19.45,19.41,19.41,645155
2018-05-15,19.45,19.45,19.46,19.42,19.42,613306
2018-05-16,19.44,19.44,19.48,19.44,19.46,500500
2018-05-17,19.43,19.43,19.46,19.43,19.44,462001
2018-05-18,19.43,19.43,19.45,19.43,19.43,314000
2018-05-21,19.47,19.47,19.48,19.45,19.45,248104
2018-05-22,19.46,19.46,19.48,19.46,19.47,194313
2018-05-23,19.45,19.45,19.47,19.45,19.45,419305
2018-05-24,19.47,19.47,19.49,19.47,19.48,514000
2018-05-25,19.53,19.53,19.55,19.51,19.51,371000
2018-05-28,19.52,19.52,19.56,19.52,19.53,317049
2018-05-29,19.56,19.56,19.57,19.54,19.54,564794
2018-05-30,19.61,19.61,19.62,19.58,19.59,537155
2018-05-31,19.6,19.6,19.62,19.59,19.61,299207
2018-06-01,19.58,19.58,19.59,19.56,19.56,302200
2018-06-04,19.58,19.58,19.58,19.54,19.54,417796
2018-06-05,19.58,19.58,19.59,19.56,19.57,253551
2018-06-06,19.6,19.6,19.62,19.59,19.59,435775
2018-06-07,19.61,19.61,19.61,19.58,19.58,483308
2018-06-08,19.64,19.64,19.65,19.6,19.61,578000
2018-06-11,19.69,19.69,19.69,19.66,19.66,509465
2018-06-12,19.72,19.72,19.73,19.69,19.69,643000
2018-06-13,19.74,19.74,19.76,19.72,19.73,759050
2018-06-14,19.76,19.76,19.77,19.72,19.75,915050
2018-06-15,19.82,19.82,19.82,19.79,19.79,690000
2018-06-19,19.86,19.86,19.86,19.82,19.84,599652
2018-06-20,19.93,19.93,19.96,19.92,19.92,468999
2018-06-21,19.94,19.94,19.96,19.92,19.93,790717
2018-06-22,19.98,19.98,20.0,19.98,19.99,459100
2018-06-25,20.0,20.0,20.03,20.0,20.03,682554
2018-06-26,20.0,20.0,20.02,20.0,20.02,758830
2018-06-27,20.03,20.03,20.04,20.0,20.02,959000
2018-06-28,20.09,20.09,20.1,20.07,20.08,1007072
2018-06-29,20.11,20.11,20.17,20.09,20.09,1878200
2018-07-02,20.09,20.09,20.16,20.09,20.16,636100
2018-07-03,20.24,20.24,20.26,20.13,20.14,2255779
2018-07-04,20.25,20.25,20.28,20.22,20.25,1174000
2018-07-05,20.25,20.25,20.26,20.22,20.24,910000
2018-07-06,20.3,20.3,20.3,20.28,20.28,863042
2018-07-09,20.26,20.26,20.31,20.26,20.31,522358
2018-07-10,20.2,20.2,20.27,20.19,20.27,942200
2018-07-11,20.28,20.28,20.28,20.25,20.25,820818
2018-07-12,20.27,20.27,20.3,20.26,20.29,809000
2018-07-13,20.28,20.28,20.29,20.27,20.28,840698
2018-07-16,20.29,20.29,20.29,20.27,20.28,1154333
2018-07-17,20.21,20.21,20.25,20.21,20.22,792100
2018-07-18,20.2,20.2,20.21,20.19,20.2,566630
2018-07-19,20.22,20.22,20.23,20.21,20.22,437427
2018-07-20,20.29,20.29,20.3,20.24,20.24,1379671
2018-07-23,20.35,20.35,20.35,20.33,20.34,1332380
2018-07-24,20.35,20.35,20.36,20.31,20.31,766277
2018-07-25,20.34,20.34,20.36,20.33,20.35,956338
2018-07-26,19.83,19.83,19.85,19.75,19.77,687199
2018-07-27,19.81,19.81,19.86,19.8,19.83,499076
2018-07-30,19.82,19.82,19.82,19.81,19.81,177350
2018-07-31,19.79,19.79,19.81,19.79,19.81,307108
2018-08-01,19.81,19.81,19.82,19.8,19.82,227301
2018-08-02,19.8,19.8,19.8,19.77,19.78,329114
2018-08-03,19.8,19.8,19.82,19.8,19.82,508405
2018-08-06,19.82,19.82,19.84,19.82,19.83,311668
2018-08-07,19.84,19.84,19.85,19.81,19.81,243000
2018-08-08,19.82,19.82,19.83,19.8,19.83,195400
2018-08-09,19.82,19.82,19.83,19.81,19.82,165306
2018-08-10,19.82,19.82,19.82,19.81,19.82,304800
2018-08-13,19.85,19.85,19.87,19.84,19.85,615010
2018-08-14,19.87,19.87,19.9,19.87,19.9,464260
2018-08-15,19.87,19.87,19.89,19.87,19.88,470456
2018-08-16,19.89,19.89,19.9,19.87,19.88,600100
2018-08-17,19.87,19.87,19.89,19.87,19.89,187000
2018-08-20,19.9,19.9,19.9,19.89,19.89,246512
2018-08-21,19.92,19.92,19.93,19.91,19.91,390000
2018-08-22,19.91,19.91,19.93,19.91,19.92,186661
2018-08-23,19.99,19.99,19.99,19.91,19.91,594542
2018-08-24,19.98,19.98,20.0,19.98,19.99,664600
2018-08-27,20.01,20.01,20.01,19.99,20.0,326150
2018-08-28,20.02,20.02,20.02,19.98,20.0,677000
2018-08-29,20.0,20.0,20.01,19.99,20.0,530352
2018-08-30,20.0,20.0,20.02,19.99,20.0,388500
2018-08-31,20.02,20.02,20.03,19.99,20.0,721590
2018-09-03,20.04,20.04,20.05,20.01,20.02,921267
2018-09-04,20.04,20.04,20.05,20.03,20.04,304801
2018-09-05,20.0,20.0,20.03,19.99,20.0,651171
2018-09-06,19.99,19.99,20.01,19.98,20.0,313500
2018-09-07,19.96,19.96,19.99,19.96,19.98,437796
2018-09-10,19.88,19.88,19.91,19.88,19.91,639450
2018-09-11,19.93,19.93,19.96,19.93,19.95,568451
2018-09-12,19.95,19.95,19.96,19.94,19.95,414245
2018-09-13,19.9,19.9,19.92,19.89,19.92,507903
2018-09-14,19.92,19.92,19.97,19.9,19.9,858050
2018-09-17,19.96,19.96,19.96,19.92,19.92,295784
2018-09-18,19.95,19.95,19.96,19.95,19.95,271516
2018-09-19,19.95,19.95,19.96,19.93,19.93,302377
2018-09-20,19.92,19.92,19.93,19.89,19.9,537506
2018-09-21,19.89,19.89,19.9,19.87,19.88,229384
2018-09-25,19.84,19.84,19.87,19.83,19.87,209600
2018-09-26,19.81,19.81,19.82,19.79,19.79,231027
2018-09-27,19.73,19.73,19.8,19.73,19.79,371171
2018-09-28,19.72,19.72,19.72,19.68,19.71,221176
2018-10-01,19.71,19.71,19.73,19.7,19.7,169425
2018-10-02,19.67,19.67,19.67,19.65,19.65,214234
2018-10-03,19.66,19.66,19.69,19.66,19.67,118280
2018-10-04,19.65,19.65,19.67,19.62,19.62,318564
2018-10-05,19.54,19.54,19.65,19.54,19.65,589610
2018-10-08,19.57,19.57,19.62,19.55,19.6,555050
2018-10-09,19.59,19.59,19.63,19.59,19.63,417640
2018-10-11,19.5,19.5,19.62,19.5,19.61,907000
2018-10-12,19.47,19.47,19.51,19.47,19.5,623256
2018-10-15,19.41,19.41,19.45,19.37,19.45,569269
2018-10-16,19.46,19.46,19.46,19.42,19.42,292799
2018-10-17,19.48,19.48,19.48,19.45,19.46,401733
2018-10-18,19.55,19.55,19.55,19.49,19.5,359502
2018-10-19,19.56,19.56,19.58,19.52,19.56,381032
2018-10-22,19.64,19.64,19.64,19.62,19.62,177525
2018-10-23,19.59,19.59,19.62,19.57,19.57,206826
2018-10-24,19.57,19.57,19.58,19.54,19.54,130529
2018-10-25,19.45,19.45,19.51,19.45,19.49,540841
2018-10-26,19.54,19.54,19.56,19.51,19.51,446112
2018-10-29,19.54,19.54,19.54,19.52,19.52,175975
2018-10-30,19.33,19.33,19.35,19.32,19.35,191565
2018-10-31,19.32,19.32,19.34,19.31,19.31,182036
2018-11-01,19.28,19.28,19.34,19.28,19.32,258479
2018-11-02,19.29,19.29,19.3,19.22,19.22,180603
2018-11-05,19.13,19.13,19.16,19.09,19.09,322312
2018-11-06,19.21,19.21,19.23,19.21,19.21,296142
2018-11-07,19.21,19.21,19.24,19.21,19.22,195296
2018-11-08,19.21,19.21,19.22,19.18,19.18,161576
2018-11-09,19.21,19.21,19.23,19.21,19.21,246100
2018-11-12,19.27,19.27,19.27,19.21,19.21,256518
2018-11-13,19.27,19.27,19.29,19.25,19.25,174708
2018-11-14,19.27,19.27,19.28,19.26,19.26,201304
2018-11-15,19.23,19.23,19.23,19.19,19.19,222000
2018-11-16,19.21,19.21,19.21,19.14,19.14,316000
2018-11-19,19.22,19.22,19.23,19.2,19.21,362210
2018-11-20,19.17,19.17,19.18,19.15,19.15,266524
2018-11-21,19.09,19.09,19.12,19.08,19.1,495459
2018-11-22,19.12,19.12,19.12,19.1,19.1,129946
2018-11-23,19.11,19.11,19.12,19.1,19.1,84060
2018-11-26,19.09,19.09,19.11,19.09,19.11,374276
2018-11-27,19.07,19.07,19.08,19.06,19.07,213407
2018-11-28,19.07,19.07,19.07,19.06,19.06,111511
2018-11-29,19.05,19.05,19.07,19.02,19.07,522822
2018-11-30,18.98,18.98,19.0,18.94,18.94,354667
2018-12-03,18.94,18.94,19.0,18.92,19.0,591018
2018-12-04,18.9,18.9,18.94,18.89,18.94,1136666
2018-12-05,18.87,18.87,18.87,18.84,18.85,537823
2018-12-06,18.86,18.86,18.87,18.84,18.85,462555
2018-12-07,18.87,18.87,18.88,18.86,18.87,168748
2018-12-10,18.85,18.85,18.87,18.84,18.87,326446
2018-12-11,18.82,18.82,18.85,18.82,18.85,259730
2018-12-12,18.84,18.84,18.85,18.84,18.84,415152
2018-12-13,18.84,18.84,18.85,18.82,18.84,360000
2018-12-14,18.83,18.83,18.83,18.81,18.82,385000
2018-12-17,18.84,18.84,18.84,18.81,18.82,459111
2018-12-18,18.65,18.65,18.77,18.65,18.77,831833
2018-12-19,18.52,18.52,18.63,18.52,18.6,917519
2018-12-20,18.5,18.5,18.53,18.5,18.51,483862
2018-12-21,18.46,18.46,18.49,18.45,18.47,362151
2018-12-24,18.37,18.37,18.39,18.35,18.39,200400
2018-12-25,18.24,18.24,18.35,18.2,18.35,504000
2018-12-26,18.23,18.23,18.26,18.22,18.26,235932
2018-12-27,18.34,18.34,18.39,18.33,18.38,177356
2018-12-28,18.32,18.32,18.32,18.3,18.31,155668
2019-01-02,18.42,18.42,18.44,18.37,18.37,197103
2019-01-03,18.75,18.75,18.77,18.73,18.75,283163
2019-01-04,18.77,18.77,18.84,18.77,18.82,227749
2019-01-07,18.94,18.94,18.95,18.89,18.9,290650
2019-01-08,18.95,18.95,19.0,18.94,19.0,193150
2019-01-09,18.99,18.99,19.02,18.99,18.99,790150
2019-01-10,18.96,18.96,18.99,18.93,18.96,227181
2019-01-11,18.98,18.98,19.0,18.97,18.98,154124
2019-01-14,19.01,19.01,19.02,18.98,18.98,291902
2019-01-15,19.02,19.02,19.03,19.02,19.02,173400
2019-01-16,19.09,19.09,19.09,19.03,19.03,218870
2019-01-17,19.08,19.08,19.09,19.06,19.07,240200
2019-01-18,19.11,19.11,19.12,19.09,19.11,1028237
2019-01-21,19.22,19.22,19.23,19.17,19.17,240202
2019-01-22,19.24,19.24,19.26,19.23,19.23,635808
2019-01-23,19.22,19.22,19.23,19.2,19.21,381658
2019-01-24,18.99,18.99,19.04,18.99,19.04,259123
2019-01-25,19.03,19.03,19.06,19.02,19.02,168150
2019-01-28,19.07,19.07,19.09,19.06,19.08,361152
2019-01-29,19.05,19.05,19.07,19.05,19.07,178723
2019-01-30,19.07,19.07,19.08,19.06,19.07,213150
2019-02-11,19.18,19.18,19.18,19.13,19.15,201803
2019-02-12,19.17,19.17,19.2,19.15,19.2,190399
2019-02-13,19.2,19.2,19.22,19.19,19.22,237126
2019-02-14,19.22,19.22,19.25,19.22,19.23,401433
2019-02-15,19.23,19.23,19.25,19.22,19.22,274156
2019-02-18,19.36,19.36,19.37,19.3,19.3,303966
2019-02-19,19.34,19.34,19.36,19.33,19.36,230792
2019-02-20,19.34,19.34,19.35,19.33,19.34,257836
2019-02-21,19.36,19.36,19.38,19.34,19.34,336350
2019-02-22,19.35,19.35,19.36,19.32,19.36,321470
2019-02-25,19.39,19.39,19.39,19.35,19.36,327150
2019-02-26,19.4,19.4,19.4,19.37,19.39,403749
2019-02-27,19.39,19.39,19.39,19.37,19.39,215263
2019-03-04,19.44,19.44,19.44,19.38,19.41,445018
2019-03-05,19.43,19.43,19.47,19.43,19.46,425461
2019-03-06,19.55,19.55,19.57,19.51,19.51,509822
2019-03-07,19.54,19.54,19.56,19.51,19.53,428968
2019-03-08,19.52,19.52,19.54,19.5,19.54,338941
2019-03-11,19.56,19.56,19.56,19.54,19.55,277083
2019-03-12,19.55,19.55,19.56,19.54,19.55,472592
2019-03-13,19.59,19.59,19.6,19.55,19.55,377543
2019-03-14,19.64,19.64,19.64,19.6,19.6,243821
2019-03-15,19.63,19.63,19.64,19.61,19.64,425479
2019-03-18,19.67,19.67,19.67,19.63,19.63,291816
2019-03-19,19.64,19.64,19.65,19.63,19.65,391862
2019-03-20,19.61,19.61,19.63,19.6,19.62,288851
2019-03-21,19.58,19.58,19.61,19.58,19.61,182470
2019-03-22,19.58,19.58,19.6,19.57,19.58,513450
2019-03-25,19.58,19.58,19.58,19.56,19.58,230563
2019-03-26,19.6,19.6,19.6,19.56,19.56,244111
2019-03-27,19.6,19.6,19.62,19.6,19.6,168622
2019-03-28,19.53,19.53,19.6,19.53,19.6,623550
2019-03-29,19.55,19.55,19.56,19.53,19.53,156917
2019-04-01,19.58,19.58,19.6,19.57,19.57,199600
2019-04-02,19.68,19.68,19.69,19.65,19.66,558520
2019-04-03,19.73,19.73,19.74,19.7,19.7,531118
2019-04-08,19.82,19.82,19.82,19.75,19.75,677509
2019-04-09,19.82,19.82,19.82,19.8,19.82,168050
2019-04-10,19.79,19.79,19.79,19.76,19.78,273750
2019-04-11,19.8,19.8,19.82,19.79,19.79,245567
2019-04-12,19.84,19.84,19.84,19.82,19.82,304800
2019-04-15,19.83,19.83,19.85,19.83,19.84,256403
2019-04-16,19.85,19.85,19.85,19.83,19.84,257196
2019-04-17,19.86,19.86,19.86,19.84,19.85,245256
2019-04-18,19.8,19.8,19.83,19.8,19.82,630421
2019-04-19,19.81,19.81,19.82,19.8,19.81,243365
2019-04-22,19.81,19.81,19.86,19.81,19.82,353876
2019-04-23,19.82,19.82,19.92,19.81,19.92,703117
2019-04-24,19.83,19.83,19.83,19.82,19.83,221586
2019-04-25,19.84,19.84,19.85,19.82,19.83,245648
2019-04-26,19.83,19.83,19.84,19.83,19.84,514153
2019-04-29,19.83,19.83,19.85,19.81,19.84,467909
2019-04-30,19.89,19.89,19.9,19.84,19.85,863328
2019-05-02,19.7,19.7,19.73,19.65,19.65,706171
2019-05-03,19.63,19.63,19.71,19.62,19.7,1310540
2019-05-06,19.63,19.63,19.63,19.61,19.63,384039
2019-05-07,19.62,19.62,19.63,19.61,19.63,401708
2019-05-08,19.6,19.6,19.61,19.59,19.61,771443
2019-05-09,19.58,19.58,19.6,19.58,19.6,431369
2019-05-10,19.58,19.58,19.59,19.58,19.59,249235
2019-05-13,19.58,19.58,19.61,19.58,19.6,238974
2019-05-14,19.61,19.61,19.65,19.6,19.65,238286
2019-05-15,19.68,19.68,19.68,19.65,19.67,311003
2019-05-16,19.72,19.72,19.73,19.69,19.7,460277
2019-05-17,19.86,19.86,20.03,19.81,20.03,982050
2019-05-20,19.87,19.87,19.9,19.85,19.86,362106
2019-05-21,19.86,19.86,19.86,19.84,19.85,176952
2019-05-22,19.92,19.92,19.93,19.89,19.92,467000
2019-05-23,19.93,19.93,19.97,19.93,19.93,440035
2019-05-24,19.92,19.92,19.94,19.92,19.92,472200
2019-05-27,19.91,19.91,19.92,19.9,19.92,388127
2019-05-28,19.91,19.91,19.92,19.9,19.92,232552
2019-05-29,19.94,19.94,20.0,19.93,20.0,527360
2019-05-30,19.97,19.97,20.0,19.96,19.99,713792
2019-05-31,20.0,20.0,20.0,19.99,19.99,554207
2019-06-03,19.9,19.9,19.94,19.89,19.94,446752
2019-06-04,19.9,19.9,19.91,19.87,19.89,317439
2019-06-05,19.94,19.94,19.96,19.94,19.95,284761
2019-06-06,19.97,19.97,19.97,19.94,19.94,391983
2019-06-10,19.98,19.98,19.98,19.96,19.98,226200
2019-06-11,19.99,19.99,20.01,19.98,20.0,396917
2019-06-12,19.98,19.98,19.98,19.97,19.98,372908
2019-06-13,20.0,20.0,20.0,19.98,20.0,237828
2019-06-14,20.03,20.03,20.03,20.0,20.0,804590
2019-06-17,20.11,20.11,20.12,20.07,20.08,714736
2019-06-18,20.11,20.11,20.12,20.1,20.11,418094
2019-06-19,20.1,20.1,20.16,20.1,20.11,659562
2019-06-20,20.02,20.02,20.06,20.0,20.06,520855
2019-06-21,19.99,19.99,20.02,19.97,20.02,403370
2019-06-24,20.0,20.0,20.0,19.97,19.99,324569
2019-06-25,19.93,19.93,19.96,19.93,19.96,666133
2019-06-26,19.95,19.95,19.96,19.93,19.93,399350
2019-06-27,19.92,19.92,19.94,19.92,19.93,719667
2019-06-28,19.89,19.89,19.89,19.86,19.88,676518
2019-07-01,19.81,19.81,19.84,19.79,19.84,855615
2019-07-02,19.85,19.85,19.85,19.81,19.81,374618
2019-07-03,19.93,19.93,19.93,19.91,19.91,382504
2019-07-04,19.98,19.98,20.0,19.96,19.96,458587
2019-07-05,20.01,20.01,20.01,19.99,20.0,659991
2019-07-08,20.04,20.04,20.04,19.99,20.01,651950
2019-07-09,20.01,20.01,20.03,20.01,20.02,331509
2019-07-10,20.02,20.02,20.04,20.0,20.02,582046
2019-07-11,20.01,20.01,20.02,20.0,20.01,375249
2019-07-12,20.01,20.01,20.01,20.0,20.0,521349
2019-07-15,20.03,20.03,20.04,20.01,20.01,350976
2019-07-16,20.05,20.05,20.05,20.02,20.03,816448
2019-07-17,20.08,20.08,20.09,20.04,20.05,494267
2019-07-18,19.95,19.95,19.99,19.92,19.93,927107
2019-07-19,19.97,19.97,19.97,19.93,19.95,942472
2019-07-22,19.95,19.95,19.95,19.92,19.93,607532
2019-07-23,19.94,19.94,19.94,19.92,19.92,470753
2019-07-24,19.94,19.94,19.94,19.93,19.93,223426
2019-07-25,19.96,19.96,19.96,19.93,19.96,409822
2019-07-26,19.96,19.96,19.98,19.96,19.96,652395
2019-07-29,19.97,19.97,19.97,19.96,19.96,459834
2019-07-30,20.0,20.0,20.0,19.98,19.98,360547
2019-07-31,19.99,19.99,19.99,19.96,19.96,450765
2019-08-01,19.97,19.97,19.98,19.96,19.97,556411
2019-08-02,19.99,19.99,20.0,19.98,19.99,292057
2019-08-05,20.14,20.14,20.14,20.05,20.07,2027155
2019-08-06,20.06,20.06,20.1,20.01,20.1,609569
2019-08-07,20.06,20.06,20.07,20.05,20.06,322029
2019-08-08,20.02,20.02,20.06,20.01,20.06,740950
2019-08-12,20.02,20.02,20.03,20.01,20.03,208462
2019-08-13,20.05,20.05,20.05,20.03,20.03,263069
2019-08-14,20.05,20.05,20.09,20.03,20.03,260099
2019-08-15,20.07,20.07,20.09,20.05,20.05,430232
2019-08-16,20.11,20.11,20.12,20.08,20.08,625984
2019-08-19,20.1,20.1,20.11,20.09,20.09,309848
2019-08-20,20.13,20.13,20.13,20.1,20.11,512596
2019-08-21,20.15,20.15,20.16,20.13,20.13,375230
2019-08-22,20.17,20.17,20.18,20.17,20.18,276868
2019-08-23,20.2,20.2,20.2,20.17,20.18,435046
2019-08-26,20.24,20.24,20.24,20.19,20.2,602272
2019-08-27,20.21,20.21,20.23,20.21,20.23,478097
2019-08-28,20.21,20.21,20.22,20.19,20.21,529297
2019-08-29,20.24,20.24,20.24,20.21,20.21,444644
2019-08-30,20.2,20.2,20.2,20.18,20.18,553697
2019-09-02,20.16,20.16,20.18,20.16,20.18,386434
2019-09-03,20.14,20.14,20.17,20.14,20.16,392349
2019-09-04,20.14,20.14,20.18,20.13,20.18,590368
2019-09-05,20.16,20.16,20.16,20.14,20.14,224293
2019-09-06,20.17,20.17,20.19,20.16,20.16,538765
2019-09-09,20.18,20.18,20.2,20.17,20.17,438557
2019-09-10,20.18,20.18,20.18,20.17,20.18,415652
2019-09-11,20.16,20.16,20.17,20.15,20.15,585347
2019-09-12,20.12,20.12,20.16,20.12,20.15,1086598
2019-09-16,20.03,20.03,20.06,20.0,20.06,1388757
2019-09-17,20.0,20.0,20.03,19.95,20.0,1546798
2019-09-18,20.0,20.0,20.02,20.0,20.0,1173351
2019-09-19,19.99,19.99,20.0,19.98,19.99,1726100
2019-09-20,19.97,19.97,20.0,19.97,20.0,1386332
2019-09-23,19.99,19.99,19.99,19.95,19.98,892561
2019-09-24,20.05,20.05,20.05,20.01,20.01,493163
2019-09-25,20.03,20.03,20.04,20.01,20.01,443195
2019-09-26,20.05,20.05,20.05,20.02,20.04,423885
2019-09-27,20.03,20.03,20.04,20.03,20.04,228217
2019-10-01,20.04,20.04,20.05,20.03,20.03,619872
2019-10-02,20.04,20.04,20.06,20.03,20.04,874168
2019-10-03,20.04,20.04,20.04,20.02,20.03,685734
2019-10-04,20.02,20.02,20.06,20.02,20.04,866400
2019-10-07,20.06,20.06,20.09,20.03,20.04,735577
2019-10-08,20.05,20.05,20.06,20.03,20.05,903631
2019-10-09,20.03,20.03,20.04,20.0,20.03,1333178
2019-10-14,20.0,20.0,20.03,20.0,20.01,1399449
2019-10-15,19.99,19.99,20.0,19.98,20.0,1308857
2019-10-16,20.02,20.02,20.03,20.0,20.01,950415
2019-10-17,20.03,20.03,20.04,20.02,20.02,574076
2019-10-18,20.05,20.05,20.05,20.02,20.03,1074262
2019-10-21,20.06,20.06,20.08,20.04,20.05,1091795
2019-10-22,19.99,19.99,20.0,19.89,19.93,1548315
2019-10-23,19.81,19.81,19.98,19.8,19.98,4653881
2019-10-24,19.75,19.75,19.8,19.74,19.8,3246941
2019-10-25,19.7,19.7,19.74,19.7,19.74,1855996
2019-10-28,19.68,19.68,19.7,19.66,19.7,1600657
2019-10-29,19.67,19.67,19.7,19.67,19.68,1246648
2019-10-30,19.62,19.62,19.67,19.61,19.67,1106136
2019-10-31,19.6,19.6,19.62,19.58,19.62,1240833
2019-11-01,19.58,19.58,19.62,19.58,19.59,1970814
2019-11-04,19.56,19.56,19.6,19.56,19.6,1458965
2019-11-05,19.59,19.59,19.59,19.55,19.57,939316
2019-11-06,19.54,19.54,19.57,19.54,19.57,1902693
2019-11-07,19.51,19.51,19.53,19.51,19.52,1611933
2019-11-08,19.44,19.44,19.5,19.42,19.5,2495195
2019-11-11,19.43,19.43,19.45,19.42,19.44,751043
2019-11-12,19.47,19.47,19.47,19.44,19.44,1314638
2019-11-13,19.55,19.55,19.55,19.48,19.48,1514999
2019-11-14,19.65,19.65,19.66,19.6,19.61,1102831
2019-11-20,19.56,19.56,19.62,19.56,19.61,1330500
2019-11-21,19.58,19.58,19.59,19.56,19.59,1159216
2019-11-22,19.58,19.58,19.58,19.56,19.58,777062
2019-11-25,19.59,19.59,19.59,19.57,19.58,1009423
2019-11-26,19.6,19.6,19.6,19.58,19.58,921642
2019-11-27,19.6,19.6,19.61,19.6,19.6,720500
2019-11-28,19.61,19.61,19.61,19.59,19.6,714099
2019-11-29,19.59,19.59,19.6,19.58,19.59,761553
2019-12-02,19.53,19.53,19.57,19.53,19.57,1043820
2019-12-03,19.51,19.51,19.53,19.5,19.53,1017239
2019-12-04,19.48,19.48,19.49,19.47,19.49,1088402
2019-12-05,19.49,19.49,19.49,19.48,19.48,870656
2019-12-06,19.49,19.49,19.49,19.47,19.49,968397
2019-12-09,19.51,19.51,19.51,19.49,19.49,918764
2019-12-10,19.5,19.5,19.5,19.49,19.5,1033412
2019-12-11,19.51,19.51,19.51,19.5,19.5,952050
2019-12-12,19.53,19.53,19.54,19.52,19.53,1143464
2019-12-13,19.49,19.49,19.49,19.45,19.49,1499301
2019-12-16,19.53,19.53,19.55,19.5,19.53,1492212
2019-12-17,19.52,19.52,19.52,19.49,19.49,826197
2019-12-18,19.55,19.55,19.55,19.52,19.53,729322
2019-12-19,19.57,19.57,19.57,19.56,19.57,1078042
2019-12-20,19.6,19.6,19.6,19.57,19.57,1011153
2019-12-23,19.6,19.6,19.61,19.59,19.6,1124250
2019-12-24,19.64,19.64,19.65,19.57,19.57,1301501
2019-12-25,19.65,19.65,19.65,19.63,19.64,867519
2019-12-26,19.66,19.66,19.66,19.64,19.66,1302012
2019-12-27,19.64,19.64,19.66,19.62,19.66,1108959
2019-12-30,19.62,19.62,19.64,19.61,19.63,1061015
2019-12-31,19.58,19.58,19.61,19.56,19.61,1198621
2020-01-02,19.58,19.58,19.58,19.54,19.57,1616351
2020-01-03,19.64,19.64,19.66,19.61,19.61,1133744
2020-01-06,19.72,19.72,19.72,19.66,19.66,1528519
2020-01-07,19.73,19.73,19.74,19.72,19.73,1006542
2020-01-08,19.72,19.72,19.73,19.69,19.73,1166857
2020-01-09,19.71,19.71,19.72,19.7,19.72,970864
2020-01-10,19.7,19.7,19.7,19.68,19.7,1311670
2020-01-13,19.7,19.7,19.71,19.69,19.71,1260755
2020-01-14,19.69,19.69,19.7,19.68,19.7,1415717
2020-01-15,19.73,19.73,19.75,19.72,19.72,1162302
2020-01-16,19.77,19.77,19.77,19.72,19.72,1138452
2020-01-17,19.79,19.79,19.79,19.77,19.78,1541010
2020-01-20,19.85,19.85,19.85,19.8,19.8,1606661
2020-01-30,19.64,19.64,19.75,19.62,19.75,2366185
2020-01-31,19.65,19.65,19.66,19.63,19.64,1288450
2020-02-03,19.67,19.67,19.68,19.64,19.65,1441678
2020-02-04,19.69,19.69,19.7,19.67,19.68,1270851
2020-02-05,19.68,19.68,19.72,19.66,19.72,1466655
2020-02-06,19.69,19.69,19.69,19.67,19.69,1320759
2020-02-07,19.68,19.68,19.69,19.68,19.69,933057
2020-02-10,19.69,19.69,19.69,19.67,19.68,1372061
2020-02-11,19.67,19.67,19.69,19.66,19.69,1134911
2020-02-12,19.67,19.67,19.67,19.65,19.67,1849732
2020-02-13,19.64,19.64,19.66,19.62,19.66,2115666
2020-02-14,19.63,19.63,19.64,19.61,19.64,1350684
2020-02-17,19.65,19.65,19.66,19.64,19.64,1488977
2020-02-18,19.68,19.68,19.68,19.66,19.67,1002171
2020-02-19,19.68,19.68,19.69,19.67,19.68,1157171
2020-02-20,19.67,19.67,19.68,19.65,19.67,1378980
2020-02-21,19.75,19.75,19.76,19.69,19.69,1977077
2020-02-24,19.74,19.74,19.75,19.73,19.74,1191053
2020-02-25,19.65,19.65,19.67,19.63,19.67,1889975
2020-02-26,19.5,19.5,19.57,19.5,19.57,4715489
2020-02-27,19.41,19.41,19.43,19.4,19.43,2757679
2020-03-02,19.17,19.17,19.2,19.11,19.2,3275900
2020-03-03,19.11,19.11,19.19,19.1,19.19,4585977
2020-03-04,19.03,19.03,19.1,19.0,19.1,3217481
2020-03-05,19.19,19.19,19.2,19.16,19.17,1647957
2020-03-06,19.07,19.07,19.13,19.06,19.13,2500388
2020-03-09,18.78,18.78,18.93,18.78,18.92,4150116
2020-03-10,18.36,18.36,18.36,18.08,18.3,4809412
2020-03-11,18.21,18.21,18.33,18.2,18.33,2987532
2020-03-12,17.72,17.72,17.99,17.67,17.99,4784647
2020-03-13,16.39,16.39,16.39,16.0,16.0,6073673
2020-03-16,16.14,16.14,16.49,16.13,16.49,3421723
2020-03-17,15.77,15.77,15.77,15.47,15.7,2712402
2020-03-18,15.42,15.42,15.76,15.23,15.76,3873491
2020-03-19,12.48,12.48,13.8,12.47,13.8,7912405
2020-03-20,14.33,14.33,14.38,13.42,13.42,3844220
2020-03-23,14.1,14.1,14.1,13.65,13.73,3108774
2020-03-24,14.15,14.15,14.23,13.6,13.6,2158806
2020-03-25,14.27,14.27,15.0,14.25,15.0,3468459
2020-03-26,14.78,14.78,15.0,14.67,14.72,3487393
2020-03-27,15.58,15.58,15.75,15.51,15.66,3657599
2020-03-30,15.46,15.46,15.49,15.16,15.49,1476019
2020-03-31,15.57,15.57,15.67,15.52,15.52,1665492
2020-04-01,15.49,15.49,15.55,15.45,15.55,953608
2020-04-07,15.42,15.42,15.59,15.41,15.46,1722825
2020-04-08,15.6,15.6,15.6,15.49,15.49,1243133
2020-04-09,15.94,15.94,16.03,15.87,16.0,1841000
2020-04-10,16.32,16.32,16.38,16.25,16.25,1915664
2020-04-13,16.34,16.34,16.37,16.33,16.33,1256107
2020-04-14,16.45,16.45,16.45,16.3,16.34,1428534
2020-04-15,16.49,16.49,16.49,16.45,16.47,1395116
2020-04-16,16.43,16.43,16.45,16.4,16.41,1491218
2020-04-17,16.59,16.59,16.59,16.5,16.5,1205546
2020-04-20,16.6,16.6,16.6,16.54,16.6,1172383
2020-04-21,16.39,16.39,16.59,16.37,16.57,1839140
2020-04-22,16.03,16.03,16.14,15.99,16.13,1105228
2020-04-23,16.12,16.12,16.13,16.07,16.07,933542
2020-04-24,16.18,16.18,16.2,16.17,16.17,922257
2020-04-27,16.38,16.38,16.39,16.21,16.21,1229999
2020-04-28,16.34,16.34,16.42,16.32,16.4,1020833
2020-04-29,16.38,16.38,16.4,16.37,16.39,976432
2020-05-04,16.29,16.29,16.37,16.27,16.37,1263317
2020-05-05,16.28,16.28,16.3,16.27,16.29,903925
2020-05-06,16.36,16.36,16.37,16.27,16.28,933243
2020-05-07,16.35,16.35,16.35,16.31,16.35,771176
2020-05-08,16.35,16.35,16.37,16.33,16.35,837191
2020-05-11,16.4,16.4,16.41,16.37,16.38,1032261
2020-05-12,16.37,16.37,16.39,16.35,16.39,999332
2020-05-13,16.35,16.35,16.37,16.33,16.37,798197
2020-05-14,16.2,16.2,16.3,16.2,16.3,1155574
2020-05-15,16.15,16.15,16.18,16.13,16.18,1433376
2020-05-18,16.12,16.12,16.16,16.11,16.15,1390301
2020-05-19,16.23,16.23,16.29,16.22,16.29,783867
2020-05-20,16.29,16.29,16.29,16.23,16.23,716537
2020-05-21,16.36,16.36,16.37,16.32,16.32,810209
2020-05-22,16.36,16.36,16.39,16.34,16.36,722788
2020-05-25,16.43,16.43,16.45,16.4,16.4,1094713
2020-05-26,16.6,16.6,16.6,16.46,16.46,2190018
2020-05-27,16.62,16.62,16.63,16.59,16.6,1047310
2020-05-28,16.71,16.71,16.72,16.66,16.66,1099282
2020-05-29,16.7,16.7,16.71,16.68,16.71,772488
2020-06-01,16.74,16.74,16.75,16.7,16.72,892517
2020-06-02,16.78,16.78,16.79,16.74,16.74,858489
2020-06-03,16.83,16.83,16.84,16.8,16.8,1098762
2020-06-04,16.91,16.91,16.91,16.87,16.87,1227300
2020-06-05,16.86,16.86,16.91,16.86,16.91,1789302
2020-06-08,16.91,16.91,16.91,16.87,16.91,1640813
2020-06-09,16.98,16.98,16.99,16.92,16.92,1475507
2020-06-10,16.92,16.92,16.96,16.89,16.96,1100710
2020-06-11,16.7,16.7,16.9,16.7,16.9,2107588
2020-06-12,16.43,16.43,16.45,16.27,16.45,2078337
2020-06-15,16.36,16.36,16.43,16.35,16.43,1291977
2020-06-16,16.48,16.48,16.48,16.37,16.37,1030680
2020-06-17,16.55,16.55,16.58,16.52,16.58,895964
2020-06-18,16.58,16.58,16.58,16.55,16.55,686599
2020-06-19,16.57,16.57,16.6,16.57,16.58,827644
2020-06-22,16.54,16.54,16.56,16.52,16.56,1127960
2020-06-23,16.48,16.48,16.52,16.46,16.52,822983
2020-06-24,16.46,16.46,16.51,16.44,16.49,1209439
2020-06-29,16.37,16.37,16.41,16.33,16.41,1445068
2020-06-30,16.32,16.32,16.36,16.3,16.36,1622040
2020-07-01,16.2,16.2,16.31,16.2,16.31,2045235
2020-07-02,16.28,16.28,16.29,16.26,16.29,716475
2020-07-03,16.34,16.34,16.34,16.31,16.33,839247
2020-07-06,16.4,16.4,16.41,16.34,16.35,1426923
2020-07-07,16.36,16.36,16.4,16.35,16.4,1064072
2020-07-08,16.33,16.33,16.38,16.33,16.38,1016098
2020-07-09,16.35,16.35,16.37,16.34,16.34,996584
2020-07-10,16.35,16.35,16.37,16.35,16.35,979232
2020-07-13,16.4,16.4,16.42,16.4,16.4,823813
2020-07-14,16.34,16.34,16.38,16.33,16.38,792306
2020-07-15,16.34,16.34,16.35,16.32,16.34,815593
2020-07-16,16.39,16.39,16.4,16.33,16.33,1390728
2020-07-17,16.44,16.44,16.45,16.41,16.41,1009227
2020-07-20,16.45,16.45,16.48,16.43,16.46,1732444
2020-07-21,16.36,16.36,16.39,16.35,16.39,843764
2020-07-22,16.41,16.41,16.42,16.39,16.41,874441
2020-07-23,16.4,16.4,16.42,16.4,16.41,658017
2020-07-24,16.4,16.4,16.44,16.4,16.41,957517
2020-07-27,16.45,16.45,16.45,16.41,16.41,1146918
2020-07-28,16.4,16.4,16.47,16.39,16.45,1063682
2020-07-29,16.42,16.42,16.46,16.41,16.45,1312784
2020-07-30,16.62,16.62,16.62,16.5,16.57,1384059
2020-07-31,16.62,16.62,16.64,16.61,16.64,782386
2020-08-03,16.66,16.66,16.66,16.61,16.66,1458602
2020-08-04,16.7,16.7,16.7,16.67,16.67,674766
2020-08-05,16.69,16.69,16.72,16.67,16.72,689410
2020-08-06,16.73,16.73,16.74,16.71,16.73,969313
2020-08-07,16.71,16.71,16.72,16.7,16.72,743434
2020-08-10,16.7,16.7,16.72,16.69,16.71,682787
2020-08-11,16.74,16.74,16.78,16.71,16.78,820615
2020-08-12,16.74,16.74,16.74,16.72,16.74,1195557
2020-08-13,16.78,16.78,16.8,16.76,16.77,969696
2020-08-14,16.81,16.81,16.84,16.8,16.81,706228
2020-08-17,16.86,16.86,16.87,16.82,16.82,1104423
2020-08-18,16.91,16.91,16.91,16.88,16.88,901898
2020-08-19,16.97,16.97,16.98,16.94,16.95,973620
2020-08-20,16.86,16.86,16.97,16.83,16.97,1817902
2020-08-21,16.95,16.95,16.96,16.92,16.93,939833
2020-08-24,16.96,16.96,17.0,16.92,16.98,1043754
2020-08-25,17.01,17.01,17.01,17.0,17.0,796130
2020-08-26,17.03,17.03,17.03,17.01,17.01,782087
2020-08-27,17.01,17.01,17.05,17.0,17.05,501113
2020-08-28,17.02,17.02,17.03,17.0,17.02,679857
2020-08-31,17.01,17.01,17.04,17.0,17.04,653105
2020-09-01,16.97,16.97,17.01,16.97,17.01,651908
2020-09-02,16.99,16.99,17.02,16.98,17.02,699604
2020-09-03,17.0,17.0,17.02,16.99,17.02,665871
2020-09-04,16.92,16.92,16.95,16.89,16.95,730295
2020-09-07,16.88,16.88,16.92,16.88,16.9,884748
2020-09-08,16.88,16.88,16.9,16.87,16.88,658461
2020-09-09,16.81,16.81,16.87,16.77,16.87,834361
2020-09-10,16.84,16.84,16.89,16.82,16.89,554758
2020-09-11,16.84,16.84,16.87,16.74,16.87,885807
2020-09-14,16.82,16.82,16.84,16.8,16.84,647421
2020-09-15,16.88,16.88,16.89,16.83,16.88,589500
2020-09-16,16.86,16.86,16.9,16.86,16.9,859544
2020-09-17,16.83,16.83,16.88,16.81,16.88,668199
2020-09-18,16.77,16.77,16.82,16.77,16.82,893698
2020-09-21,16.7,16.7,16.77,16.69,16.76,844934
2020-09-22,16.65,16.65,16.68,16.64,16.68,573102
2020-09-23,16.69,16.69,16.74,16.66,16.74,848963
2020-09-24,16.55,16.55,16.55,16.49,16.55,1174667
2020-09-25,16.55,16.55,16.57,16.53,16.54,863193
2020-09-28,16.67,16.67,16.74,16.65,16.7,868423
2020-09-29,16.7,16.7,16.76,16.69,16.76,853083
2020-09-30,16.71,16.71,16.71,16.69,16.7,514594
2020-10-05,16.71,16.71,16.71,16.68,16.69,924277
2020-10-06,16.72,16.72,16.76,16.7,16.7,1081637
2020-10-07,16.73,16.73,16.79,16.71,16.79,691270
2020-10-08,16.73,16.73,16.75,16.71,16.74,832918
2020-10-12,16.72,16.72,16.74,16.72,16.74,884094
2020-10-13,16.73,16.73,16.75,16.72,16.74,729061
2020-10-14,16.76,16.76,16.78,16.76,16.78,971921
2020-10-15,16.75,16.75,16.77,16.74,16.77,638166
2020-10-16,16.79,16.79,16.8,16.75,16.77,862130
2020-10-19,16.79,16.79,16.79,16.74,16.79,690844
2020-10-20,16.76,16.76,16.77,16.74,16.77,1012863
2020-10-21,16.58,16.58,16.66,16.54,16.66,1188329
2020-10-22,16.49,16.49,16.52,16.48,16.51,873085
2020-10-23,16.54,16.54,16.6,16.54,16.59,644832
2020-10-26,16.6,16.6,16.61,16.58,16.61,704650
2020-10-27,16.53,16.53,16.53,16.5,16.5,625833
2020-10-28,16.52,16.52,16.52,16.5,16.51,638487
2020-10-29,16.34,16.34,16.35,16.3,16.32,1010552
2020-10-30,16.32,16.32,16.34,16.31,16.34,865006
2020-11-02,16.33,16.33,16.39,16.3,16.36,763449
2020-11-03,16.35,16.35,16.36,16.33,16.33,648364
2020-11-04,16.41,16.41,16.41,16.35,16.36,1044360
2020-11-05,16.5,16.5,16.52,16.46,16.52,594447
2020-11-06,16.57,16.57,16.62,16.5,16.5,800576
2020-11-09,16.54,16.54,16.57,16.52,16.54,695785
2020-11-10,16.63,16.63,16.69,16.6,16.69,876447
2020-11-11,16.59,16.59,16.63,16.59,16.63,774030
2020-11-12,16.62,16.62,16.63,16.61,16.63,648315
2020-11-13,16.62,16.62,16.63,16.59,16.59,645443
2020-11-16,16.68,16.68,16.7,16.64,16.66,934158
2020-11-17,16.77,16.77,16.79,16.77,16.79,1044242
2020-11-18,16.8,16.8,16.83,16.78,16.83,767902
2020-11-19,16.74,16.74,16.81,16.72,16.8,821821
2020-11-20,16.79,16.79,16.8,16.77,16.8,716437
2020-11-23,16.78,16.78,16.81,16.77,16.77,887472
2020-11-24,16.84,16.84,16.85,16.8,16.82,1399583
2020-11-25,16.83,16.83,16.86,16.82,16.85,1057764
2020-11-26,16.86,16.86,16.86,16.8,16.81,869949
2020-11-27,16.82,16.82,16.87,16.8,16.87,830950
2020-11-30,16.82,16.82,16.83,16.79,16.82,859121
2020-12-01,16.83,16.83,16.83,16.8,16.82,1059039
2020-12-02,16.82,16.82,16.84,16.82,16.84,759571
2020-12-04,16.84,16.84,16.85,16.82,16.85,852651
2020-12-07,16.86,16.86,16.86,16.83,16.84,999702
2020-12-08,16.84,16.84,16.86,16.83,16.86,839729
2020-12-09,16.8,16.8,16.84,16.79,16.84,969740
2020-12-10,16.8,16.8,16.81,16.76,16.78,938680
2020-12-11,16.76,16.76,16.79,16.76,16.78,1031938
2020-12-14,16.76,16.76,16.77,16.74,16.77,680732
2020-12-15,16.75,16.75,16.77,16.73,16.76,908540
2020-12-16,16.81,16.81,16.82,16.77,16.77,1064502
2020-12-17,16.83,16.83,16.84,16.79,16.81,858148
2020-12-18,16.88,16.88,16.89,16.83,16.83,971635
2020-12-21,16.94,16.94,16.94,16.88,16.88,902059
2020-12-22,16.83,16.83,16.93,16.83,16.93,1261914
2020-12-23,16.8,16.8,16.83,16.78,16.82,860763
2020-12-24,16.8,16.8,16.82,16.8,16.8,658942
2020-12-25,16.82,16.82,16.83,16.81,16.82,700108
2020-12-28,16.89,16.89,16.92,16.82,16.82,994867
2020-12-29,16.83,16.83,16.89,16.83,16.88,828132
2020-12-30,16.82,16.82,16.84,16.82,16.83,773370
2020-12-31,16.87,16.87,16.87,16.83,16.83,877212
2021-01-04,16.9,16.9,16.9,16.88,16.88,703106
2021-01-05,16.82,16.82,16.86,16.79,16.86,1046829
2021-01-06,16.77,16.77,16.81,16.76,16.81,1166940
2021-01-07,16.71,16.71,16.71,16.69,16.7,1176822
2021-01-08,16.64,16.64,16.71,16.64,16.71,1432841
2021-01-11,16.65,16.65,16.65,16.62,16.63,1407521
2021-01-12,16.6,16.6,16.66,16.59,16.65,1445828
2021-01-13,16.59,16.59,16.61,16.58,16.6,785820
2021-01-14,16.68,16.68,16.69,16.67,16.69,776350
2021-01-15,16.7,16.7,16.7,16.68,16.69,921091
2021-01-18,16.76,16.76,16.76,16.7,16.7,1188192
2021-01-19,16.62,16.62,16.63,16.6,16.63,711938
2021-01-20,16.63,16.63,16.66,16.61,16.66,1012449
2021-01-21,16.69,16.69,16.7,16.65,16.65,947173
2021-01-22,16.64,16.64,16.68,16.62,16.68,769013
2021-01-25,16.68,16.68,16.69,16.64,16.66,811939
2021-01-26,16.65,16.65,16.68,16.63,16.68,798031
2021-01-27,16.61,16.61,16.63,16.61,16.63,603351
2021-01-28,16.49,16.49,16.51,16.46,16.51,951508
2021-01-29,16.49,16.49,16.57,16.48,16.57,708325
2021-02-01,16.48,16.48,16.48,16.42,16.48,773992
2021-02-02,16.53,16.53,16.57,16.53,16.54,606420
2021-02-03,16.6,16.6,16.62,16.59,16.6,630858
2021-02-04,16.51,16.51,16.54,16.51,16.54,698581
2021-02-05,16.56,16.56,16.56,16.53,16.56,708676
2021-02-17,16.59,16.59,16.61,16.55,16.56,1131581
2021-02-18,16.54,16.54,16.59,16.53,16.59,746912
2021-02-19,16.49,16.49,16.53,16.48,16.53,852948
2021-02-22,16.48,16.48,16.51,16.47,16.49,800049
2021-02-23,16.48,16.48,16.48,16.45,16.48,693891
2021-02-24,16.45,16.45,16.47,16.42,16.46,924296
2021-02-25,16.43,16.43,16.44,16.42,16.43,934446
2021-02-26,16.32,16.32,16.39,16.3,16.38,1887311
2021-03-02,16.36,16.36,16.37,16.33,16.34,723466
2021-03-03,16.44,16.44,16.48,16.42,16.47,923401
2021-03-04,16.41,16.41,16.44,16.39,16.44,637284
2021-03-05,16.38,16.38,16.4,16.35,16.4,861505
2021-03-08,16.49,16.49,16.53,16.46,16.47,974240
2021-03-09,16.66,16.66,16.67,16.5,16.5,1174500
2021-03-10,16.7,16.7,16.71,16.68,16.68,866562
2021-03-11,16.7,16.7,16.72,16.66,16.7,679997
2021-03-12,16.71,16.71,16.75,16.68,16.75,649749
2021-03-15,16.71,16.71,16.73,16.68,16.73,624225
2021-03-16,16.83,16.83,16.84,16.74,16.74,1275293
2021-03-17,16.9,16.9,16.92,16.85,16.85,1188004
2021-03-18,16.92,16.92,16.92,16.86,16.9,1039782
2021-03-19,16.83,16.83,16.86,16.79,16.81,732850
2021-03-22,16.88,16.88,16.9,16.86,16.87,706465
2021-03-23,16.91,16.91,16.94,16.89,16.89,671036
2021-03-24,16.93,16.93,16.95,16.9,16.91,697686
2021-03-25,17.04,17.04,17.04,16.95,16.95,1458475
2021-03-26,17.12,17.12,17.14,17.07,17.07,874080
2021-03-29,17.14,17.14,17.16,17.1,17.14,939330
2021-03-30,17.1,17.1,17.12,17.08,17.12,735972
2021-03-31,17.08,17.08,17.1,17.07,17.09,711942
2021-04-01,17.12,17.12,17.12,17.06,17.06,592398
2021-04-06,17.25,17.25,17.3,17.23,17.23,1229747
2021-04-07,17.26,17.26,17.32,17.22,17.32,634121
2021-04-08,17.24,17.24,17.27,17.24,17.26,668286
2021-04-09,17.25,17.25,17.25,17.23,17.25,645436
2021-04-12,17.2,17.2,17.25,17.18,17.25,1643930
2021-04-13,17.19,17.19,17.22,17.18,17.2,687347
2021-04-14,17.21,17.21,17.23,17.2,17.22,841138
2021-04-15,17.22,17.22,17.22,17.19,17.21,610780
2021-04-16,17.29,17.29,17.29,17.23,17.23,798301
2021-04-19,17.29,17.29,17.29,17.22,17.27,914862
2021-04-20,17.01,17.01,17.09,17.0,17.09,1294120
2021-04-21,16.94,16.94,17.0,16.92,17.0,904471
2021-04-22,16.92,16.92,16.98,16.92,16.95,902544
2021-04-23,16.97,16.97,16.97,16.92,16.92,843448
2021-04-26,16.98,16.98,17.02,16.95,17.0,819296
2021-04-27,16.93,16.93,16.98,16.92,16.98,650487
2021-04-28,16.87,16.87,16.93,16.86,16.93,1089215
2021-04-29,16.86,16.86,16.87,16.84,16.86,673937
2021-05-03,16.8,16.8,16.86,16.76,16.86,1192380
2021-05-04,16.78,16.78,16.79,16.75,16.79,737740
2021-05-05,16.78,16.78,16.8,16.77,16.77,680999
2021-05-06,16.8,16.8,16.81,16.78,16.78,978064
2021-05-07,16.79,16.79,16.8,16.78,16.8,629663
2021-05-10,16.75,16.75,16.79,16.73,16.79,835500
2021-05-11,16.65,16.65,16.73,16.65,16.73,1060281
2021-05-12,16.6,16.6,16.65,16.55,16.65,2333357
2021-05-13,16.48,16.48,16.5,16.36,16.44,1471699
2021-05-14,16.54,16.54,16.55,16.49,16.49,769051
2021-05-17,16.61,16.61,16.67,16.54,16.54,1674806
2021-05-18,16.62,16.62,16.65,16.62,16.64,633654
2021-05-19,16.58,16.58,16.63,16.58,16.62,590334
2021-05-20,16.6,16.6,16.61,16.59,16.6,908978
2021-05-21,16.67,16.67,16.7,16.64,16.7,690612
2021-05-24,16.72,16.72,16.73,16.67,16.67,664000
2021-05-25,16.73,16.73,16.74,16.69,16.72,593960
2021-05-26,16.73,16.73,16.77,16.73,16.75,741812
2021-05-27,16.68,16.68,16.71,16.66,16.68,634737
2021-05-28,16.68,16.68,16.7,16.67,16.68,558653
2021-05-31,16.65,16.65,16.76,16.64,16.68,807742
2021-06-01,16.65,16.65,16.66,16.63,16.65,572732
2021-06-02,16.67,16.67,16.68,16.6,16.65,1546773
2021-06-03,16.72,16.72,16.74,16.68,16.68,700975
2021-06-04,16.76,16.76,16.79,16.72,16.72,900810
2021-06-07,16.78,16.78,16.8,16.76,16.76,940832
2021-06-08,16.78,16.78,16.8,16.78,16.78,550878
2021-06-09,16.78,16.78,16.8,16.74,16.8,663658
2021-06-10,16.78,16.78,16.8,16.76,16.8,1030843
2021-06-11,16.77,16.77,16.8,16.77,16.8,661106
2021-06-15,16.8,16.8,16.81,16.78,16.8,607392
2021-06-16,16.85,16.85,16.85,16.81,16.81,967685
2021-06-17,16.84,16.84,16.86,16.84,16.85,570508
2021-06-18,16.93,16.93,16.95,16.86,16.86,1010262
2021-06-21,16.95,16.95,16.97,16.89,16.92,988580
2021-06-22,16.98,16.98,17.01,16.97,16.97,759436
2021-06-23,17.05,17.05,17.1,17.04,17.05,823381
2021-06-24,17.07,17.07,17.1,17.06,17.06,1149057
2021-06-25,17.04,17.04,17.08,17.04,17.07,629662
2021-06-28,17.06,17.06,17.08,17.04,17.04,715704
2021-06-29,17.06,17.06,17.08,17.05,17.06,623353
2021-06-30,17.05,17.05,17.1,17.05,17.06,720661
2021-07-01,17.06,17.06,17.09,17.06,17.08,756937
2021-07-02,17.12,17.12,17.14,17.06,17.06,1374771
2021-07-05,17.11,17.11,17.13,17.11,17.13,908333
2021-07-06,17.12,17.12,17.15,17.12,17.13,867200
2021-07-07,17.14,17.14,17.17,17.13,17.13,820560
2021-07-08,17.18,17.18,17.21,17.14,17.15,1544566
2021-07-09,17.18,17.18,17.2,17.17,17.18,977353
2021-07-12,17.19,17.19,17.25,17.19,17.25,841972
2021-07-13,17.18,17.18,17.22,17.18,17.21,924360
2021-07-14,17.16,17.16,17.19,17.14,17.19,718356
2021-07-15,17.15,17.15,17.17,17.13,17.17,1085573
2021-07-16,17.0,17.0,17.01,16.96,16.99,1100398
2021-07-19,16.99,16.99,17.02,16.98,17.0,666948
2021-07-20,16.95,16.95,16.97,16.91,16.97,878840
2021-07-21,16.97,16.97,16.99,16.95,16.99,622209
2021-07-22,16.99,16.99,17.0,16.97,16.99,649523
2021-07-23,16.96,16.96,16.97,16.95,16.97,733011
2021-07-26,16.97,16.97,17.0,16.96,16.96,965902
2021-07-27,16.96,16.96,16.97,16.95,16.96,592533
2021-07-28,16.93,16.93,16.96,16.89,16.96,810684
2021-07-29,16.93,16.93,16.95,16.92,16.93,599875
2021-07-30,16.95,16.95,16.97,16.95,16.96,516170
2021-08-02,16.98,16.98,17.0,16.96,17.0,656836
2021-08-03,16.97,16.97,16.98,16.96,16.97,524400
2021-08-04,16.97,16.97,17.0,16.97,16.97,599164
2021-08-05,16.98,16.98,16.99,16.96,16.97,563698
2021-08-06,16.99,16.99,17.0,16.98,16.98,786553
2021-08-09,16.98,16.98,17.0,16.97,17.0,623321
2021-08-10,16.96,16.96,16.98,16.96,16.96,581342
2021-08-11,16.93,16.93,16.95,16.91,16.94,964801
2021-08-12,16.91,16.91,16.93,16.9,16.92,617645
2021-08-13,16.91,16.91,16.98,16.91,16.98,667622
2021-08-16,16.92,16.92,16.97,16.9,16.91,1010796
2021-08-17,16.89,16.89,16.93,16.88,16.93,761171
2021-08-18,16.87,16.87,16.89,16.84,16.89,889016
2021-08-19,16.82,16.82,16.85,16.8,16.84,968954
2021-08-20,16.87,16.87,16.88,16.83,16.83,760986
2021-08-23,16.91,16.91,16.93,16.89,16.89,587348
2021-08-24,16.91,16.91,16.95,16.9,16.95,562881
2021-08-25,16.93,16.93,16.94,16.91,16.92,665228
2021-08-26,16.95,16.95,16.97,16.93,16.93,735265
2021-08-27,16.94,16.94,16.95,16.92,16.93,497701
2021-08-30,16.95,16.95,16.96,16.92,16.96,518942
2021-08-31,16.93,16.93,16.95,16.9,16.9,545996
2021-09-01,16.91,16.91,16.92,16.89,16.9,577941
2021-09-02,16.91,16.91,16.95,16.9,16.93,607873
2021-09-03,16.93,16.93,16.95,16.91,16.92,524176
2021-09-06,16.94,16.94,16.96,16.92,16.93,837240
2021-09-07,16.93,16.93,16.94,16.9,16.94,544664
2021-09-08,16.91,16.91,16.92,16.89,16.92,716757
2021-09-09,16.91,16.91,16.94,16.91,16.92,504994
2021-09-10,16.91,16.91,16.94,16.91,16.92,527293
2021-09-13,16.9,16.9,16.92,16.9,16.92,623666
2021-09-14,16.91,16.91,16.92,16.9,16.91,526879
2021-09-15,16.9,16.9,16.92,16.88,16.88,548534
2021-09-16,16.91,16.91,16.94,16.91,16.91,747857
2021-09-17,16.94,16.94,16.98,16.91,16.91,642311
2021-09-22,16.92,16.92,16.93,16.9,16.93,629105
2021-09-23,16.97,16.97,16.99,16.91,16.92,862881
2021-09-24,16.94,16.94,16.95,16.94,16.95,625248
2021-09-27,16.94,16.94,16.95,16.91,16.92,886605
2021-09-28,16.91,16.91,16.94,16.9,16.94,632004
2021-09-29,16.88,16.88,16.88,16.85,16.87,963770
2021-09-30,16.91,16.91,16.94,16.91,16.92,563015
2021-10-01,16.91,16.91,16.92,16.89,16.91,416962
2021-10-04,16.85,16.85,16.89,16.8,16.89,829125
2021-10-05,16.78,16.78,16.8,16.75,16.8,858764
2021-10-06,16.76,16.76,16.78,16.73,16.77,927183
2021-10-07,16.78,16.78,16.79,16.75,16.76,635659
2021-10-08,16.82,16.82,16.83,16.77,16.78,680933
2021-10-12,16.89,16.89,16.9,16.8,16.82,660750
2021-10-13,16.9,16.9,16.94,16.9,16.9,585689
2021-10-14,16.95,16.95,16.97,16.92,16.92,442591
2021-10-15,17.03,17.03,17.05,17.0,17.0,908458
2021-10-18,17.0,17.0,17.03,16.97,17.0,576981
2021-10-19,16.87,16.87,16.9,16.85,16.86,406219
2021-10-20,16.81,16.81,16.83,16.8,16.83,414824
2021-10-21,16.81,16.81,16.86,16.81,16.82,411292
2021-10-22,16.83,16.83,16.84,16.81,16.81,336381
2021-10-25,16.82,16.82,16.84,16.8,16.82,509526
2021-10-26,16.82,16.82,16.87,16.82,16.82,434931
2021-10-27,16.81,16.81,16.87,16.78,16.87,627161
2021-10-28,16.82,16.82,16.85,16.8,16.8,316045
2021-10-29,16.83,16.83,16.86,16.81,16.82,320712
2021-11-01,16.85,16.85,16.85,16.82,16.85,485356
2021-11-02,16.83,16.83,16.85,16.83,16.85,413015
2021-11-03,16.89,16.89,16.9,16.83,16.84,405466
2021-11-04,16.87,16.87,16.88,16.85,16.85,408240
2021-11-05,16.92,16.92,16.94,16.9,16.91,632310
2021-11-08,16.96,16.96,16.97,16.93,16.93,492925
2021-11-09,16.88,16.88,16.95,16.85,16.95,351249
2021-11-10,16.84,16.84,16.85,16.8,16.85,387433
2021-11-11,16.81,16.81,16.82,16.76,16.76,441048
2021-11-12,16.78,16.78,16.81,16.77,16.81,403853
2021-11-15,16.78,16.78,16.78,16.76,16.78,611520
2021-11-16,16.75,16.75,16.77,16.73,16.75,834168
2021-11-17,16.73,16.73,16.75,16.72,16.75,760237
2021-11-18,16.71,16.71,16.73,16.7,16.73,710983
2021-11-19,16.71,16.71,16.72,16.7,16.72,254125
2021-11-22,16.72,16.72,16.72,16.7,16.71,440270
2021-11-23,16.67,16.67,16.68,16.66,16.68,739947
2021-11-24,16.62,16.62,16.67,16.6,16.67,859272
2021-11-25,16.59,16.59,16.61,16.57,16.6,734997
2021-11-26,16.59,16.59,16.6,16.56,16.56,675571
2021-11-29,16.54,16.54,16.55,16.53,16.55,624127
2021-11-30,16.53,16.53,16.56,16.53,16.54,516103
2021-12-01,16.46,16.46,16.51,16.44,16.51,814307
2021-12-02,16.46,16.46,16.49,16.45,16.49,534164
2021-12-03,16.53,16.53,16.56,16.53,16.56,446445
2021-12-06,16.52,16.52,16.55,16.5,16.53,630335
2021-12-07,16.54,16.54,16.55,16.52,16.55,478582
2021-12-08,16.58,16.58,16.6,16.56,16.57,452277
2021-12-09,16.55,16.55,16.58,16.55,16.58,393689
2021-12-10,16.55,16.55,16.55,16.53,16.54,325349
2021-12-13,16.54,16.54,16.55,16.51,16.54,435514
2021-12-14,16.53,16.53,16.55,16.52,16.54,510573
2021-12-15,16.52,16.52,16.52,16.5,16.52,343983
2021-12-16,16.54,16.54,16.54,16.5,16.51,759418
2021-12-17,16.59,16.59,16.6,16.56,16.56,661057
2021-12-20,16.57,16.57,16.58,16.56,16.56,487389
2021-12-21,16.55,16.55,16.57,16.52,16.57,350263
2021-12-22,16.57,16.57,16.58,16.56,16.57,419857
2021-12-23,16.63,16.63,16.66,16.62,16.62,505574
2021-12-24,16.61,16.61,16.64,16.6,16.63,747038
2021-12-27,16.6,16.6,16.63,16.58,16.61,515197
2021-12-28,16.58,16.58,16.6,16.56,16.56,666112
2021-12-29,16.57,16.57,16.59,16.56,16.57,354451
2021-12-30,16.58,16.58,16.6,16.56,16.56,659309
2022-01-03,16.64,16.64,16.66,16.62,16.63,559670
2022-01-04,16.63,16.63,16.66,16.61,16.63,707885
2022-01-05,16.56,16.56,16.58,16.55,16.58,415933
2022-01-06,16.53,16.53,16.56,16.5,16.54,531655
2022-01-07,16.53,16.53,16.57,16.51,16.57,645940
2022-01-10,16.53,16.53,16.54,16.49,16.53,396301
2022-01-11,16.49,16.49,16.53,16.49,16.5,616411
2022-01-12,16.54,16.54,16.55,16.53,16.53,382831
2022-01-13,16.54,16.54,16.56,16.53,16.54,395314
2022-01-14,16.53,16.53,16.55,16.53,16.54,456394
2022-01-17,16.49,16.49,16.52,16.48,16.5,671155
2022-01-18,16.39,16.39,16.42,16.38,16.41,497069
2022-01-19,16.32,16.32,16.35,16.3,16.35,425006
2022-01-20,16.31,16.31,16.33,16.29,16.32,525627
2022-01-21,16.23,16.23,16.29,16.2,16.29,1041855
2022-01-24,16.18,16.18,16.21,16.17,16.21,848489
2022-01-25,16.11,16.11,16.14,16.08,16.14,571986
2022-01-26,16.09,16.09,16.13,16.07,16.08,724823
2022-02-07,15.79,15.79,16.0,15.76,16.0,1243436
2022-02-08,15.76,15.76,15.78,15.74,15.78,615077
2022-02-09,15.65,15.65,15.73,15.65,15.73,970817
2022-02-10,15.67,15.67,15.69,15.65,15.65,519970
2022-02-11,15.55,15.55,15.61,15.53,15.61,976543
2022-02-14,15.35,15.35,15.44,15.34,15.44,1084500
2022-02-15,15.25,15.25,15.3,15.22,15.29,982016
2022-02-16,15.31,15.31,15.33,15.26,15.26,742574
2022-02-17,15.41,15.41,15.41,15.38,15.39,502721
2022-02-18,15.43,15.43,15.43,15.38,15.4,508538
2022-02-21,15.45,15.45,15.45,15.43,15.43,506886
2022-02-22,15.39,15.39,15.43,15.37,15.43,382238
2022-02-23,15.36,15.36,15.37,15.35,15.36,425532
2022-02-24,15.27,15.27,15.33,15.22,15.33,477220
2022-02-25,15.33,15.33,15.37,15.31,15.34,569818
2022-03-01,15.5,15.5,15.51,15.34,15.34,718735
2022-03-02,15.5,15.5,15.52,15.47,15.5,422550
2022-03-03,15.54,15.54,15.57,15.51,15.51,343477
2022-03-04,15.51,15.51,15.53,15.5,15.53,409482
2022-03-07,15.35,15.35,15.5,15.33,15.5,798106
2022-03-08,15.29,15.29,15.32,15.26,15.3,406107
2022-03-09,15.31,15.31,15.37,15.28,15.32,370505
2022-03-10,15.43,15.43,15.44,15.37,15.37,334611
2022-03-11,15.35,15.35,15.37,15.34,15.35,307443
2022-03-14,15.28,15.28,15.34,15.25,15.34,1151478
2022-03-15,15.18,15.18,15.21,15.17,15.21,427552
2022-03-16,15.24,15.24,15.31,15.2,15.31,549490
2022-03-17,15.33,15.33,15.34,15.32,15.34,331411
2022-03-18,15.35,15.35,15.39,15.32,15.33,395436
2022-03-21,15.55,15.55,15.58,15.4,15.4,368292
2022-03-22,15.52,15.52,15.55,15.5,15.55,273037
2022-03-23,15.44,15.44,15.52,15.43,15.52,733528
2022-03-24,15.48,15.48,15.5,15.46,15.47,295935
2022-03-25,15.5,15.5,15.52,15.48,15.48,355988
2022-03-28,15.44,15.44,15.5,15.43,15.47,900861
2022-03-29,15.47,15.47,15.54,15.47,15.54,1330058
2022-03-30,15.59,15.59,15.66,15.58,15.64,644664
2022-03-31,15.63,15.63,15.64,15.57,15.57,834731
2022-04-01,15.67,15.67,15.69,15.64,15.66,325185
2022-04-06,15.64,15.64,15.66,15.59,15.65,496973
2022-04-07,15.48,15.48,15.54,15.47,15.54,393117
2022-04-08,15.53,15.53,15.54,15.48,15.48,677325
2022-04-11,15.5,15.5,15.54,15.47,15.5,714990
2022-04-12,15.43,15.43,15.47,15.4,15.47,344931
2022-04-13,15.46,15.46,15.51,15.4,15.45,349802
2022-04-14,15.39,15.39,15.46,15.37,15.46,314251
2022-04-15,15.36,15.36,15.39,15.36,15.39,313974
2022-04-18,15.45,15.45,15.45,15.36,15.36,340540
2022-04-19,15.45,15.45,15.48,15.43,15.48,247592
2022-04-20,15.28,15.28,15.42,15.28,15.42,360354
2022-04-21,15.3,15.3,15.33,15.29,15.3,194713
2022-04-22,15.21,15.21,15.26,15.2,15.26,178209
2022-04-25,15.1,15.1,15.15,15.08,15.15,586603
2022-04-26,15.13,15.13,15.14,15.12,15.14,387762
2022-04-27,15.06,15.06,15.08,15.03,15.08,515851
2022-04-28,15.02,15.02,15.02,14.99,15.0,344917
2022-04-29,15.12,15.12,15.18,15.11,15.11,279350
2022-05-03,14.86,14.86,15.09,14.86,15.09,631317
2022-05-04,14.83,14.83,14.86,14.81,14.85,493472
2022-05-05,15.06,15.06,15.07,15.0,15.0,521885
2022-05-06,14.96,14.96,14.98,14.94,14.98,401422
2022-05-09,14.78,14.78,14.87,14.78,14.86,479795
2022-05-10,14.61,14.61,14.69,14.58,14.62,455971
2022-05-11,14.59,14.59,14.63,14.57,14.61,532061
2022-05-12,14.58,14.58,14.63,14.56,14.59,451393
2022-05-13,14.8,14.8,14.8,14.76,14.78,441202
2022-05-16,14.86,14.86,14.89,14.81,14.82,387097
2022-05-17,14.9,14.9,14.93,14.88,14.89,382185
2022-05-18,14.88,14.88,14.9,14.84,14.9,152562
2022-05-19,14.79,14.79,14.86,14.72,14.72,166828
2022-05-20,14.79,14.79,14.82,14.79,14.82,165216
2022-05-23,14.75,14.75,14.81,14.73,14.81,240361
2022-05-24,14.67,14.67,14.73,14.67,14.69,273477
2022-05-25,14.79,14.79,14.82,14.78,14.78,240932
2022-05-26,15.02,15.02,15.04,15.0,15.0,650073
2022-05-27,15.13,15.13,15.16,15.11,15.15,275326
2022-05-30,15.23,15.23,15.34,15.2,15.31,536538
2022-05-31,15.23,15.23,15.28,15.22,15.25,330909
2022-06-01,15.24,15.24,15.28,15.22,15.22,705201
2022-06-02,15.27,15.27,15.3,15.22,15.24,508922
2022-06-06,15.31,15.31,15.33,15.27,15.27,424759
2022-06-07,15.3,15.3,15.32,15.3,15.31,211287
2022-06-08,15.4,15.4,15.42,15.37,15.37,247499
2022-06-09,15.34,15.34,15.39,15.32,15.38,614793
2022-06-10,15.19,15.19,15.24,15.19,15.24,149339
2022-06-13,15.0,15.0,15.04,14.99,15.04,296031
2022-06-14,14.7,14.7,14.81,14.69,14.81,689961
2022-06-15,14.61,14.61,14.65,14.61,14.65,236153
2022-06-16,14.76,14.76,14.78,14.69,14.78,448695
2022-06-17,14.6,14.6,14.6,14.56,14.6,217554
2022-06-20,14.53,14.53,14.62,14.53,14.6,310662
2022-06-21,14.54,14.54,14.54,14.52,14.53,481528
2022-06-22,14.6,14.6,14.63,14.58,14.58,421327
2022-06-23,14.68,14.68,14.78,14.67,14.78,268032
2022-06-24,14.72,14.72,14.75,14.71,14.75,445203
2022-06-27,14.84,14.84,14.88,14.8,14.81,298814
2022-06-28,14.86,14.86,14.87,14.82,14.87,223918
2022-06-29,14.85,14.85,14.86,14.83,14.86,159823
2022-06-30,14.82,14.82,14.87,14.8,14.85,990343
2022-07-01,14.82,14.82,14.85,14.81,14.85,506180
2022-07-04,14.91,14.91,15.03,14.91,14.92,313236
2022-07-05,14.97,14.97,14.98,14.92,14.94,469618
2022-07-06,14.99,14.99,15.02,14.94,14.94,286010
2022-07-07,14.97,14.97,14.98,14.94,14.96,169744
2022-07-08,15.01,15.01,15.03,15.0,15.02,261978
2022-07-11,15.07,15.07,15.09,15.06,15.08,269815
2022-07-12,15.11,15.11,15.12,15.08,15.09,853661
2022-07-13,15.1,15.1,15.12,15.09,15.11,128383
2022-07-14,15.09,15.09,15.1,15.07,15.09,331935
2022-07-15,15.07,15.07,15.13,15.07,15.1,1404854
2022-07-18,15.07,15.07,15.1,15.03,15.07,302466
2022-07-19,15.08,15.08,15.09,15.07,15.08,202955
2022-07-20,15.11,15.11,15.12,15.11,15.11,417051
2022-07-21,15.21,15.21,15.22,15.17,15.17,316144
2022-07-22,15.26,15.26,15.28,15.25,15.25,249565
2022-07-25,15.29,15.29,15.33,15.27,15.27,432299
2022-07-26,15.32,15.32,15.34,15.29,15.29,538374
2022-07-27,15.33,15.33,15.35,15.32,15.32,240494
2022-07-28,15.38,15.38,15.38,15.35,15.36,251040
2022-07-29,15.47,15.47,15.49,15.42,15.42,359720
2022-08-01,15.65,15.65,15.69,15.61,15.61,817104
2022-08-02,15.73,15.73,15.75,15.71,15.74,626882
2022-08-03,15.89,15.89,15.92,15.86,15.86,542226
2022-08-04,16.0,16.0,16.01,15.98,16.0,1253156
2022-08-05,15.97,15.97,16.0,15.97,16.0,529337
2022-08-08,15.86,15.86,15.87,15.83,15.85,405771
2022-08-09,15.91,15.91,15.98,15.9,15.97,350553
2022-08-10,15.73,15.73,15.79,15.73,15.79,318078
2022-08-11,15.82,15.82,15.85,15.82,15.85,233035
2022-08-12,15.82,15.82,15.84,15.82,15.84,315047
2022-08-15,15.86,15.86,15.9,15.82,15.82,298392
2022-08-16,15.89,15.89,15.9,15.87,15.89,313343
2022-08-17,15.85,15.85,15.88,15.83,15.88,310855
2022-08-18,15.73,15.73,15.75,15.7,15.75,205108
2022-08-19,15.7,15.7,15.74,15.7,15.74,209213
2022-08-22,15.58,15.58,15.62,15.57,15.62,304191
2022-08-23,15.47,15.47,15.5,15.45,15.5,261309
2022-08-24,15.31,15.31,15.35,15.31,15.35,321810
2022-08-25,15.37,15.37,15.39,15.34,15.34,321360
2022-08-26,15.54,15.54,15.56,15.47,15.47,306919
2022-08-29,15.44,15.44,15.46,15.38,15.46,323311
2022-08-30,15.43,15.43,15.44,15.41,15.41,457819
2022-08-31,15.4,15.4,15.43,15.39,15.41,291520
2022-09-01,15.31,15.31,15.36,15.31,15.36,266311
2022-09-02,15.27,15.27,15.31,15.27,15.31,228774
2022-09-05,15.29,15.29,15.33,15.28,15.3,349123
2022-09-06,15.34,15.34,15.38,15.33,15.33,422642
2022-09-07,15.31,15.31,15.33,15.29,15.32,262200
2022-09-08,15.37,15.37,15.38,15.35,15.36,236846
2022-09-12,15.43,15.43,15.45,15.37,15.44,834074
2022-09-13,15.52,15.52,15.53,15.49,15.53,730893
2022-09-14,15.45,15.45,15.48,15.45,15.47,454650
2022-09-15,15.49,15.49,15.52,15.49,15.5,338355
2022-09-16,15.51,15.51,15.54,15.5,15.54,382605
2022-09-19,15.43,15.43,15.51,15.39,15.5,2388937
2022-09-20,15.44,15.44,15.46,15.43,15.43,244692
2022-09-21,15.4,15.4,15.41,15.38,15.41,170267
2022-09-22,15.49,15.49,15.5,15.4,15.4,501832
2022-09-23,15.36,15.36,15.39,15.36,15.39,477621
2022-09-26,15.3,15.3,15.32,15.25,15.27,314032
2022-09-27,15.14,15.14,15.22,15.12,15.2,499071
2022-09-28,15.13,15.13,15.19,15.13,15.14,756950
2022-09-29,15.32,15.32,15.37,15.3,15.35,412191
2022-09-30,15.22,15.22,15.28,15.21,15.28,233679
2022-10-03,15.3,15.3,15.34,15.28,15.34,229549
2022-10-04,15.37,15.37,15.39,15.37,15.38,419327
2022-10-05,15.38,15.38,15.44,15.38,15.41,342883
2022-10-06,15.25,15.25,15.34,15.25,15.34,285312
2022-10-07,15.24,15.24,15.25,15.21,15.25,364664
2022-10-11,15.08,15.08,15.16,15.06,15.16,328832
2022-10-12,15.03,15.03,15.03,15.0,15.0,278286
2022-10-13,14.92,14.92,14.96,14.92,14.96,539199
2022-10-14,14.93,14.93,14.95,14.92,14.95,203651
2022-10-17,14.97,14.97,15.11,14.94,15.11,330583
2022-10-18,15.0,15.0,15.03,14.99,15.01,236422
2022-10-19,14.86,14.86,14.91,14.84,14.9,258444
2022-10-20,14.77,14.77,14.83,14.77,14.83,368653
2022-10-21,14.64,14.64,14.66,14.63,14.66,243703
2022-10-24,14.6,14.6,14.64,14.55,14.64,227838
2022-10-25,14.63,14.63,14.66,14.6,14.6,361698
2022-10-26,14.81,14.81,14.83,14.7,14.73,562434
2022-10-27,14.75,14.75,14.81,14.73,14.81,296771
2022-10-28,14.86,14.86,14.9,14.76,14.76,919236
2022-10-31,14.87,14.87,14.9,14.84,14.87,937343
2022-11-01,14.86,14.86,14.9,14.85,14.9,208763
2022-11-02,14.78,14.78,14.83,14.75,14.83,413174
2022-11-03,14.73,14.73,14.78,14.71,14.78,761406
2022-11-04,14.66,14.66,14.72,14.65,14.72,277352
2022-11-07,14.63,14.63,14.66,14.6,14.62,544903
2022-11-08,14.63,14.63,14.69,14.61,14.66,227866
2022-11-09,14.71,14.71,14.77,14.7,14.75,329702
2022-11-10,14.65,14.65,14.7,14.63,14.7,350507
2022-11-11,14.94,14.94,15.0,14.85,14.85,1714855
2022-11-14,14.9,14.9,14.94,14.87,14.94,699725
2022-11-15,14.84,14.84,14.89,14.82,14.89,870039
2022-11-16,14.99,14.99,15.0,14.97,14.97,791547
2022-11-17,14.95,14.95,14.99,14.95,14.97,355953
2022-11-18,14.88,14.88,14.9,14.86,14.88,1076337
2022-11-21,14.93,14.93,14.94,14.88,14.88,885552
2022-11-22,14.86,14.86,14.93,14.85,14.93,687115
2022-11-23,14.93,14.93,14.95,14.9,14.94,876228
2022-11-24,14.88,14.88,14.99,14.88,14.95,878865
2022-11-25,14.86,14.86,14.92,14.86,14.9,283983
2022-11-28,15.02,15.02,15.02,14.85,14.86,450126
2022-11-29,14.93,14.93,14.98,14.9,14.98,190090
2022-11-30,14.76,14.76,14.82,14.76,14.82,780588
2022-12-01,14.85,14.85,14.88,14.84,14.87,562447
2022-12-02,14.92,14.92,14.93,14.91,14.91,254559
2022-12-05,14.9,14.9,14.96,14.89,14.96,329237
2022-12-06,14.82,14.82,14.88,14.8,14.82,295995
2022-12-07,14.77,14.77,14.82,14.76,14.8,217297
2022-12-08,14.79,14.79,14.8,14.78,14.8,189433
2022-12-09,14.78,14.78,14.8,14.75,14.8,478428
2022-12-12,14.65,14.65,14.68,14.65,14.65,302318
2022-12-13,14.66,14.66,14.68,14.6,14.65,488122
2022-12-14,14.78,14.78,14.8,14.69,14.69,464472
2022-12-15,14.73,14.73,14.78,14.7,14.78,437890
2022-12-16,14.74,14.74,14.75,14.7,14.7,319871
2022-12-19,14.72,14.72,14.75,14.71,14.75,164582
2022-12-20,14.67,14.67,14.73,14.67,14.73,493707
2022-12-21,14.62,14.62,14.63,14.61,14.62,211254
2022-12-22,14.65,14.65,14.65,14.62,14.62,118739
2022-12-23,14.56,14.56,14.56,14.54,14.55,212950
2022-12-26,14.55,14.55,14.55,14.53,14.55,338586
2022-12-27,14.54,14.54,14.54,14.52,14.53,239762
2022-12-28,14.43,14.43,14.47,14.4,14.47,236784
2022-12-29,14.36,14.36,14.4,14.34,14.4,260281
2022-12-30,14.35,14.35,14.36,14.34,14.35,239025
2023-01-03,14.33,14.33,14.33,14.3,14.32,227565
2023-01-04,14.45,14.45,14.47,14.41,14.41,163547
2023-01-05,14.65,14.65,14.68,14.64,14.65,275535
2023-01-06,14.77,14.77,14.79,14.74,14.74,409645
2023-01-09,14.86,14.86,14.99,14.85,14.89,349619
2023-01-10,14.86,14.86,14.88,14.85,14.86,128059
2023-01-11,14.89,14.89,14.9,14.86,14.86,204533
2023-01-12,14.95,14.95,14.95,14.92,14.92,375793
2023-01-13,15.03,15.03,15.03,15.0,15.0,342200
2023-01-16,15.05,15.05,15.1,15.03,15.09,464749
2023-01-17,15.07,15.07,15.09,15.06,15.09,156980
2023-01-30,15.38,15.38,15.4,15.23,15.23,1062300
2023-01-31,15.26,15.26,15.34,15.26,15.33,629152
2023-02-01,15.31,15.31,15.32,15.27,15.3,374360
2023-02-02,15.22,15.22,15.33,15.2,15.33,558791
2023-02-03,15.28,15.28,15.34,15.26,15.3,406948
2023-02-06,15.29,15.29,15.3,15.25,15.26,283808
2023-02-07,15.2,15.2,15.22,15.17,15.22,272138
2023-02-08,15.17,15.17,15.2,15.13,15.2,341007
2023-02-09,15.2,15.2,15.25,15.17,15.17,167638
2023-02-10,15.17,15.17,15.2,15.16,15.2,268354
2023-02-13,15.19,15.19,15.2,15.15,15.17,207021
2023-02-14,15.24,15.24,15.27,15.23,15.24,146776
2023-02-15,15.36,15.36,15.37,15.25,15.25,523349
2023-02-16,15.33,15.33,15.38,15.31,15.36,185079
2023-02-17,15.23,15.23,15.28,15.23,15.28,163581
2023-02-20,15.22,15.22,15.26,15.2,15.23,158466
2023-02-21,15.21,15.21,15.22,15.2,15.2,120640
2023-02-22,15.02,15.02,15.04,15.0,15.04,266257
2023-02-23,15.03,15.03,15.16,15.01,15.09,234118
2023-02-24,15.21,15.21,15.24,15.13,15.13,398004
2023-03-01,15.25,15.25,15.28,15.21,15.21,337455
2023-03-02,15.2,15.2,15.25,15.18,15.25,225556
2023-03-03,15.17,15.17,15.18,15.14,15.18,143259
2023-03-06,15.21,15.21,15.26,15.17,15.18,278863
2023-03-07,15.2,15.2,15.22,15.2,15.21,177940
2023-03-08,15.22,15.22,15.25,15.2,15.25,273665
2023-03-09,15.24,15.24,15.26,15.21,15.22,354606
2023-03-10,15.07,15.07,15.07,15.05,15.05,160731
2023-03-13,14.77,14.77,14.9,14.74,14.9,660709
2023-03-14,14.19,14.19,14.28,14.16,14.28,1505713
2023-03-15,14.39,14.39,14.43,14.32,14.32,302284
2023-03-16,14.23,14.23,14.27,14.22,14.27,472239
2023-03-17,14.41,14.41,14.41,14.4,14.41,632699
2023-03-20,14.22,14.22,14.35,14.15,14.16,305042
2023-03-21,14.15,14.15,14.2,14.13,14.2,846057
2023-03-22,14.27,14.27,14.3,14.24,14.27,244538
2023-03-23,14.21,14.21,14.27,14.19,14.27,273345
2023-03-24,14.05,14.05,14.13,14.04,14.13,1073366
2023-03-27,14.06,14.06,14.08,14.01,14.02,525145
2023-03-28,14.14,14.14,14.14,14.12,14.12,210288
2023-03-29,14.17,14.17,14.18,14.14,14.14,123965
2023-03-30,14.24,14.24,14.24,14.18,14.18,166151
2023-03-31,14.3,14.3,14.31,14.27,14.27,140518
2023-04-06,14.47,14.47,14.47,14.35,14.35,334304
2023-04-07,14.5,14.5,14.52,14.5,14.5,321354
2023-04-10,14.52,14.52,14.52,14.5,14.5,208203
2023-04-11,14.52,14.52,14.53,14.51,14.52,155678
2023-04-12,14.58,14.58,14.58,14.56,14.58,225308
2023-04-13,14.58,14.58,14.58,14.55,14.58,205662
2023-04-14,14.58,14.58,14.6,14.57,14.58,211009
2023-04-17,14.62,14.62,14.63,14.57,14.57,274406
2023-04-18,14.63,14.63,14.64,14.62,14.63,104248
2023-04-19,14.64,14.64,14.65,14.62,14.62,290593
2023-04-20,14.74,14.74,14.76,14.66,14.66,505362
2023-04-21,14.6,14.6,14.65,14.58,14.65,264989
2023-04-24,14.64,14.64,14.65,14.59,14.62,302112
2023-04-25,14.63,14.63,14.66,14.63,14.64,172823
2023-04-26,14.57,14.57,14.61,14.45,14.45,159658
2023-04-27,14.48,14.48,14.55,14.48,14.55,169990
2023-04-28,14.58,14.58,14.58,14.52,14.52,166776
2023-05-02,14.56,14.56,14.61,14.55,14.57,202888
2023-05-03,14.43,14.43,14.51,14.42,14.49,623010
2023-05-04,14.24,14.24,14.27,14.22,14.27,374025
2023-05-05,13.82,13.82,13.96,13.8,13.95,1843046
2023-05-08,14.02,14.02,14.04,13.88,13.88,367415
2023-05-09,13.98,13.98,14.0,13.96,14.0,205371
2023-05-10,13.98,13.98,14.0,13.97,13.98,126949
2023-05-11,13.99,13.99,14.04,13.97,14.03,329198
2023-05-12,14.03,14.03,14.04,13.99,13.99,366887
2023-05-15,14.04,14.04,14.05,14.03,14.03,125707
2023-05-16,14.11,14.11,14.12,14.04,14.04,401730
2023-05-17,14.02,14.02,14.06,14.01,14.06,194374
2023-05-18,14.15,14.15,14.15,14.1,14.1,250439
2023-05-19,14.16,14.16,14.22,14.15,14.16,293113
2023-05-22,14.13,14.13,14.14,14.1,14.14,126524
2023-05-23,14.17,14.17,14.19,14.15,14.15,204207
2023-05-24,14.2,14.2,14.21,14.17,14.17,150425
2023-05-25,14.16,14.16,14.2,14.14,14.2,641841
2023-05-26,14.14,14.14,14.2,14.13,14.2,293936
2023-05-29,14.16,14.16,14.2,14.15,14.19,230250
2023-05-30,14.14,14.14,14.16,14.12,14.16,180366
2023-05-31,14.25,14.25,14.27,14.16,14.16,755005
2023-06-01,14.29,14.29,14.33,14.29,14.3,379936
2023-06-02,14.34,14.34,14.38,14.31,14.31,255933
2023-06-05,14.54,14.54,14.57,14.51,14.51,730951
2023-06-06,14.51,14.51,14.56,14.49,14.54,555329
2023-06-07,14.59,14.59,14.6,14.55,14.55,2385017
2023-06-08,14.59,14.59,14.6,14.58,14.58,285375
2023-06-09,14.53,14.53,14.59,14.52,14.59,337116
2023-06-12,14.5,14.5,14.53,14.49,14.53,139549
2023-06-13,14.46,14.46,14.49,14.46,14.49,193498
2023-06-14,14.48,14.48,14.5,14.46,14.46,135662
2023-06-15,14.46,14.46,14.49,14.45,14.48,203869
2023-06-16,14.47,14.47,14.48,14.44,14.44,303440
2023-06-19,14.41,14.41,14.46,14.4,14.45,186380
2023-06-20,14.46,14.46,14.46,14.44,14.44,189352
2023-06-21,14.47,14.47,14.49,14.45,14.46,143706
2023-06-26,14.53,14.53,14.54,14.46,14.47,198502
2023-06-27,14.52,14.52,14.59,14.49,14.59,263607
2023-06-28,14.59,14.59,14.6,14.51,14.52,259287
2023-06-29,14.61,14.61,14.64,14.61,14.62,222246
2023-06-30,14.58,14.58,14.6,14.58,14.6,112054
2023-07-03,14.69,14.69,14.72,14.63,14.63,431629
2023-07-04,14.8,14.8,14.82,14.8,14.8,312835
2023-07-05,14.8,14.8,14.84,14.8,14.84,152193
2023-07-06,14.82,14.82,14.85,14.79,14.8,396143
2023-07-07,14.68,14.68,14.72,14.68,14.7,104324
2023-07-10,14.71,14.71,14.73,14.71,14.72,92452
2023-07-11,14.75,14.75,14.79,14.72,14.73,244482
2023-07-12,14.75,14.75,14.81,14.75,14.8,225577
2023-07-13,14.73,14.73,14.83,14.72,14.83,391228
2023-07-14,14.71,14.71,14.78,14.7,14.75,373261
2023-07-17,14.68,14.68,14.71,14.64,14.71,325087
2023-07-18,14.5,14.5,14.58,14.49,14.58,214844
2023-07-19,14.53,14.53,14.59,14.5,14.5,293377
2023-07-20,14.59,14.59,14.62,14.55,14.55,330742
2023-07-21,14.64,14.64,14.66,14.59,14.59,363324
2023-07-24,14.72,14.72,14.74,14.67,14.74,157903
2023-07-25,14.7,14.7,14.76,14.7,14.73,453942
2023-07-26,14.69,14.69,14.74,14.69,14.74,189180
2023-07-27,14.74,14.74,14.77,14.74,14.74,433440
2023-07-28,14.77,14.77,14.78,14.69,14.71,229968
2023-07-31,14.78,14.78,14.79,14.76,14.77,151438
2023-08-01,14.94,14.94,14.98,14.88,14.88,788910
2023-08-02,14.88,14.88,14.94,14.88,14.94,424733
2023-08-04,14.88,14.88,14.88,14.81,14.84,173769
2023-08-07,14.86,14.86,14.88,14.83,14.85,302797
2023-08-08,14.91,14.91,14.93,14.89,14.89,505018
2023-08-09,14.9,14.9,14.93,14.9,14.91,209626
2023-08-10,14.87,14.87,14.89,14.86,14.88,103628
2023-08-11,14.87,14.87,14.89,14.86,14.86,155974
2023-08-14,14.94,14.94,14.95,14.86,14.86,634735
2023-08-15,14.94,14.94,14.97,14.94,14.94,265806
2023-08-16,14.88,14.88,14.93,14.85,14.93,201570
2023-08-17,14.79,14.79,14.86,14.78,14.86,146944
2023-08-18,14.75,14.75,14.79,14.75,14.78,199864
2023-08-21,14.74,14.74,14.76,14.71,14.75,92756
2023-08-22,14.66,14.66,14.73,14.66,14.73,189541
2023-08-23,14.65,14.65,14.67,14.64,14.66,141135
2023-08-24,14.69,14.69,14.77,14.68,14.77,171173
2023-08-25,14.68,14.68,14.72,14.68,14.69,64029
2023-08-28,14.72,14.72,14.73,14.68,14.7,127366
2023-08-29,14.75,14.75,14.8,14.74,14.8,136040
2023-08-30,14.83,14.83,14.85,14.8,14.8,137717
2023-08-31,14.88,14.88,14.88,14.84,14.85,164839
2023-09-01,14.93,14.93,14.95,14.92,14.93,251101
2023-09-04,14.93,14.93,14.94,14.91,14.93,215133
2023-09-05,14.93,14.93,14.94,14.92,14.93,240365
2023-09-06,14.91,14.91,14.93,14.9,14.93,235553
2023-09-07,14.91,14.91,14.91,14.9,14.91,84754
2023-09-08,14.89,14.89,14.91,14.88,14.91,300224
2023-09-11,14.9,14.9,14.94,14.9,14.92,234553
2023-09-12,14.92,14.92,14.94,14.9,14.9,508721
2023-09-13,14.9,14.9,14.93,14.9,14.9,88642
2023-09-14,14.87,14.87,14.92,14.86,14.9,97241
2023-09-15,14.97,14.97,14.99,14.93,14.93,464915
2023-09-18,14.97,14.97,15.0,14.9,14.9,410398
2023-09-19,15.07,15.07,15.08,15.0,15.02,997132
2023-09-20,15.07,15.07,15.09,15.05,15.07,381476
2023-09-21,15.12,15.12,15.12,15.07,15.07,585743
2023-09-22,14.97,14.97,15.11,14.97,15.11,147942
2023-09-25,14.99,14.99,15.03,14.99,15.03,84882
2023-09-26,14.96,14.96,14.99,14.96,14.97,161517
2023-09-27,14.88,14.88,14.92,14.88,14.92,107062
2023-09-28,14.91,14.91,14.92,14.89,14.92,189140
2023-10-02,14.95,14.95,14.97,14.91,14.91,449462
2023-10-03,14.86,14.86,14.91,14.86,14.91,92068
2023-10-04,14.67,14.67,14.71,14.67,14.71,251926
2023-10-05,14.61,14.61,14.62,14.59,14.62,204976
2023-10-06,14.58,14.58,14.61,14.56,14.58,274866
2023-10-11,14.56,14.56,14.59,14.56,14.58,190757
2023-10-12,14.6,14.6,14.66,14.59,14.6,265888
2023-10-13,14.57,14.57,14.6,14.57,14.6,89721
2023-10-16,14.56,14.56,14.62,14.54,14.62,275380
2023-10-17,14.56,14.56,14.57,14.55,14.57,186823
2023-10-18,14.49,14.49,14.54,14.47,14.54,587604
2023-10-19,14.23,14.23,14.35,14.22,14.31,323061
2023-10-20,14.14,14.14,14.2,14.13,14.2,143542
2023-10-23,14.16,14.16,14.18,14.14,14.14,306890
2023-10-24,14.14,14.14,14.16,14.13,14.15,201349
2023-10-25,14.28,14.28,14.29,14.26,14.26,114196
2023-10-26,14.23,14.23,14.29,14.22,14.26,973292
2023-10-27,14.21,14.21,14.24,14.2,14.22,105371
2023-10-30,14.11,14.11,14.12,14.09,14.12,138084
2023-10-31,14.12,14.12,14.15,14.1,14.12,212644
2023-11-01,14.14,14.14,14.16,14.13,14.15,107566
2023-11-02,14.29,14.29,14.33,14.29,14.33,287806
2023-11-03,14.58,14.58,14.67,14.55,14.55,115783
2023-11-06,14.72,14.72,14.77,14.7,14.71,231707
2023-11-07,14.71,14.71,14.73,14.7,14.7,156021
2023-11-08,14.69,14.69,14.7,14.66,14.7,384097
2023-11-09,14.71,14.71,14.74,14.7,14.7,381698
2023-11-10,14.61,14.61,14.66,14.6,14.66,77049
2023-11-13,14.66,14.66,14.71,14.66,14.71,217799
2023-11-14,14.73,14.73,14.73,14.69,14.69,206177
2023-11-15,14.81,14.81,14.82,14.8,14.8,1016034
2023-11-16,14.8,14.8,14.84,14.79,14.82,177366
2023-11-17,14.75,14.75,14.81,14.75,14.8,118570
2023-11-20,14.64,14.64,14.7,14.62,14.7,141393
2023-11-21,14.57,14.57,14.66,14.54,14.64,535772
2023-11-22,14.53,14.53,14.53,14.47,14.5,770106
2023-11-23,14.57,14.57,14.58,14.54,14.55,396293
2023-11-24,14.55,14.55,14.58,14.55,14.58,205111
2023-11-27,14.59,14.59,14.61,14.55,14.55,209447
2023-11-28,14.6,14.6,14.63,14.6,14.63,229190
2023-11-29,14.57,14.57,14.63,14.54,14.6,397065
2023-11-30,14.71,14.71,14.72,14.65,14.65,200797
2023-12-01,14.8,14.8,14.83,14.75,14.75,321186
2023-12-04,14.9,14.9,14.93,14.85,14.86,415509
2023-12-05,14.9,14.9,14.9,14.86,14.89,145052
2023-12-06,14.91,14.91,14.93,14.9,14.9,334811
2023-12-07,14.91,14.91,14.92,14.9,14.91,186514
2023-12-08,14.87,14.87,14.89,14.86,14.89,86705
2023-12-11,14.86,14.86,14.88,14.83,14.85,161644
2023-12-12,14.84,14.84,14.84,14.82,14.82,141791
2023-12-13,14.84,14.84,14.88,14.83,14.84,225943
2023-12-14,14.92,14.92,14.99,14.88,14.88,373094
2023-12-15,15.07,15.07,15.08,15.03,15.03,654063
2023-12-18,15.1,15.1,15.13,15.08,15.08,328125
2023-12-19,15.0,15.0,15.04,15.0,15.03,218966
2023-12-20,15.08,15.08,15.1,15.06,15.09,195567
2023-12-21,15.15,15.15,15.16,15.06,15.06,1264039
2023-12-22,15.09,15.09,15.15,15.09,15.15,314140
2023-12-25,15.07,15.07,15.1,15.06,15.09,193726
2023-12-26,15.0,15.0,15.1,15.0,15.07,391997
2023-12-27,14.99,14.99,15.04,14.99,15.0,468889
2023-12-28,14.96,14.96,15.06,14.94,15.01,304224
2023-12-29,14.91,14.91,14.94,14.9,14.92,246523
2024-01-02,14.86,14.86,14.87,14.83,14.87,322322
2024-01-03,14.95,14.95,14.99,14.86,14.86,481161
2024-01-04,14.96,14.96,14.99,14.94,14.94,388688
2024-01-05,14.99,14.99,15.03,14.96,14.96,593325
2024-01-08,14.98,14.98,14.99,14.95,14.99,188681
2024-01-09,15.07,15.07,15.07,15.03,15.03,486022
2024-01-10,15.14,15.14,15.16,15.09,15.09,377135
2024-01-11,15.17,15.17,15.19,15.16,15.18,326796
2024-01-12,15.18,15.18,15.21,15.16,15.17,638166
2024-01-15,15.31,15.31,15.34,15.24,15.24,502560
2024-01-16,15.34,15.34,15.35,15.31,15.31,825471
2024-01-17,15.21,15.21,15.23,15.18,15.23,372134
2024-01-18,15.17,15.17,15.21,15.17,15.21,321635
2024-01-19,15.1,15.1,15.13,15.08,15.13,151921
2024-01-22,15.15,15.15,15.16,15.1,15.16,131961
2024-01-23,15.23,15.23,15.23,15.2,15.22,411816
2024-01-24,15.22,15.22,15.26,15.19,15.21,252663
2024-01-25,15.23,15.23,15.23,15.18,15.21,278856
2024-01-26,15.33,15.33,15.36,15.23,15.23,357936
2024-01-29,15.34,15.34,15.38,15.32,15.33,574342
2024-01-30,15.36,15.36,15.39,15.33,15.35,554537
2024-01-31,15.46,15.46,15.49,15.37,15.37,496132
2024-02-01,15.46,15.46,15.48,15.42,15.45,370222
2024-02-02,15.52,15.52,15.53,15.49,15.49,782689
2024-02-05,15.48,15.48,15.52,15.47,15.52,422270
2024-02-15,15.46,15.46,15.49,15.43,15.46,702679
2024-02-16,15.53,15.53,15.55,15.47,15.47,706784
2024-02-19,15.49,15.49,15.53,15.44,15.5,485875
2024-02-20,15.53,15.53,15.55,15.49,15.49,422419
2024-02-21,15.53,15.53,15.56,15.52,15.53,414369
2024-02-22,15.53,15.53,15.55,15.51,15.53,221392
2024-02-23,15.58,15.58,15.63,15.58,15.63,673515
2024-02-26,15.73,15.73,15.75,15.68,15.68,601546
2024-02-27,15.73,15.73,15.76,15.7,15.73,244377
2024-02-29,15.69,15.69,15.7,15.66,15.7,227345
2024-03-01,15.75,15.75,15.79,15.71,15.71,678467
2024-03-04,15.7,15.7,15.77,15.7,15.77,168984
2024-03-05,15.61,15.61,15.66,15.59,15.59,370625
2024-03-06,15.68,15.68,15.71,15.62,15.62,576506
2024-03-07,15.72,15.72,15.73,15.69,15.72,424389
2024-03-08,15.71,15.71,15.76,15.71,15.75,1046966
2024-03-11,15.76,15.76,15.77,15.71,15.71,426536
2024-03-12,15.73,15.73,15.77,15.73,15.73,348165
2024-03-13,15.76,15.76,15.78,15.72,15.72,349221
2024-03-14,15.79,15.79,15.79,15.74,15.76,545944
2024-03-15,15.77,15.77,15.79,15.72,15.73,279059
2024-03-18,15.78,15.78,15.8,15.77,15.77,438050
2024-03-19,15.83,15.83,15.84,15.79,15.79,492208
2024-03-20,16.01,16.01,16.04,15.9,15.9,1375926
2024-03-21,16.02,16.02,16.02,15.97,16.01,388304
2024-03-22,16.16,16.16,16.18,16.02,16.02,1054121
2024-03-25,16.14,16.14,16.2,16.08,16.16,302911
2024-03-26,16.13,16.13,16.15,16.05,16.13,275949
2024-03-27,16.16,16.16,16.16,16.1,16.11,617047
2024-03-28,16.15,16.15,16.18,16.14,16.14,240101
2024-03-29,16.09,16.09,16.13,16.08,16.08,439715
2024-04-01,16.08,16.08,16.09,16.04,16.09,305633
2024-04-02,16.14,16.14,16.18,16.08,16.08,208187
2024-04-03,16.04,16.04,16.08,16.0,16.0,605259
2024-04-08,16.12,16.12,16.15,16.05,16.05,350487
2024-04-09,16.12,16.12,16.16,16.12,16.12,213970
2024-04-10,16.07,16.07,16.12,16.05,16.12,275560
2024-04-11,15.94,15.94,16.0,15.92,16.0,881338
2024-04-12,15.87,15.87,15.89,15.83,15.89,366061
2024-04-15,15.81,15.81,15.86,15.8,15.86,459157
2024-04-16,15.67,15.67,15.71,15.65,15.68,640369
2024-04-17,15.63,15.63,15.66,15.62,15.66,688793
2024-04-18,15.5,15.5,15.62,15.49,15.6,245321
2024-04-19,15.51,15.51,15.53,15.5,15.5,165696
2024-04-22,15.61,15.61,15.61,15.51,15.51,156136
2024-04-23,15.69,15.69,15.69,15.63,15.63,188345
2024-04-24,15.79,15.79,15.8,15.77,15.8,335328
2024-04-25,15.83,15.83,15.84,15.79,15.79,195615
2024-04-26,15.76,15.76,15.78,15.74,15.75,178645
2024-04-29,15.75,15.75,15.81,15.75,15.78,320110
2024-04-30,15.73,15.73,15.77,15.72,15.75,228213
2024-05-02,15.72,15.72,15.74,15.72,15.72,723468
2024-05-03,15.74,15.74,15.78,15.74,15.76,79919
2024-05-06,15.82,15.82,15.83,15.76,15.76,359903
2024-05-07,15.91,15.91,15.92,15.84,15.84,522172
2024-05-08,15.89,15.89,15.9,15.83,15.83,231496
2024-05-09,15.76,15.76,15.79,15.76,15.79,55521
2024-05-10,15.79,15.79,15.83,15.79,15.79,372670
2024-05-13,15.78,15.78,15.8,15.78,15.79,498860
2024-05-14,15.8,15.8,15.82,15.78,15.78,222963
2024-05-15,15.7,15.7,15.78,15.7,15.78,234979
2024-05-16,15.79,15.79,15.79,15.74,15.74,394537
2024-05-17,15.84,15.84,15.85,15.79,15.79,230251
2024-05-20,15.82,15.82,15.84,15.82,15.82,310311
2024-05-21,15.87,15.87,15.88,15.84,15.84,432848
2024-05-22,15.83,15.83,15.87,15.82,15.87,81104
2024-05-23,15.83,15.83,15.85,15.82,15.83,126755
2024-05-24,15.71,15.71,15.75,15.71,15.75,270608
2024-05-27,15.75,15.75,15.82,15.75,15.75,197926
2024-05-28,15.74,15.74,15.76,15.73,15.74,89973
2024-05-29,15.73,15.73,15.74,15.72,15.72,199169
2024-05-30,15.71,15.71,15.72,15.68,15.68,140405
2024-05-31,15.84,15.84,15.85,15.79,15.79,358901
2024-06-03,15.96,15.96,15.97,15.93,15.93,699672
2024-06-04,15.96,15.96,15.97,15.95,15.96,262999
2024-06-05,15.95,15.95,15.98,15.95,15.96,175028
2024-06-06,15.92,15.92,15.94,15.9,15.92,400893
2024-06-07,15.93,15.93,15.94,15.91,15.91,141228
2024-06-11,15.91,15.91,15.93,15.9,15.9,123894
2024-06-12,15.83,15.83,15.91,15.82,15.91,135376
2024-06-13,15.87,15.87,15.89,15.83,15.83,226257
2024-06-14,15.88,15.88,15.9,15.87,15.87,432624
2024-06-17,15.84,15.84,15.86,15.8,15.86,190705
2024-06-18,15.81,15.81,15.84,15.81,15.84,372119
2024-06-19,15.88,15.88,15.91,15.84,15.84,768800
2024-06-20,15.89,15.89,15.91,15.88,15.88,457953
2024-06-21,15.86,15.86,15.9,15.86,15.87,219810
2024-06-24,15.89,15.89,15.91,15.87,15.9,92921
2024-06-25,15.93,15.93,15.94,15.91,15.91,376041
2024-06-26,16.01,16.01,16.03,15.94,15.94,508632
2024-06-27,16.04,16.04,16.07,16.03,16.06,310711
2024-06-28,15.98,15.98,16.03,15.97,15.97,97540
2024-07-01,15.93,15.93,15.98,15.89,15.98,169430
2024-07-02,15.92,15.92,15.95,15.92,15.93,90716
2024-07-03,16.06,16.06,16.07,15.97,15.97,485993
2024-07-04,16.08,16.08,16.12,16.08,16.12,144850
2024-07-05,16.05,16.05,16.07,16.03,16.07,179391
2024-07-08,16.03,16.03,16.08,16.02,16.08,121221
2024-07-09,16.08,16.08,16.1,16.03,16.03,466502
2024-07-10,16.02,16.02,16.06,16.02,16.05,108532
2024-07-11,16.05,16.05,16.07,16.05,16.05,230576
2024-07-12,16.18,16.18,16.19,16.12,16.12,811453
2024-07-15,16.22,16.22,16.27,16.2,16.27,228889
2024-07-16,16.09,16.09,16.13,16.06,16.13,157974
2024-07-17,16.1,16.1,16.12,16.09,16.09,249448
2024-07-18,16.1,16.1,16.1,16.08,16.08,294749
2024-07-19,16.11,16.11,16.14,16.09,16.09,367842
2024-07-22,16.21,16.21,16.22,16.1,16.11,716387
2024-07-23,16.17,16.17,16.21,16.17,16.21,197958
2024-07-26,16.05,16.05,16.13,16.01,16.1,208246
2024-07-29,16.08,16.08,16.11,16.05,16.05,243229
2024-07-30,16.05,16.05,16.08,16.04,16.08,40925
2024-07-31,16.05,16.05,16.1,16.05,16.06,372007
2024-08-01,15.97,15.97,16.03,15.9,16.03,223182
2024-08-02,16.07,16.07,16.11,16.02,16.02,452633
2024-08-05,15.93,15.93,16.04,15.92,16.04,338046
2024-08-06,15.81,15.81,15.88,15.74,15.81,236503
2024-08-07,15.92,15.92,15.93,15.81,15.81,539868
2024-08-08,15.89,15.89,15.92,15.84,15.84,64675
2024-08-09,15.83,15.83,15.89,15.83,15.88,133811
2024-08-12,15.86,15.86,15.86,15.79,15.81,474236
2024-08-13,15.79,15.79,15.9,15.79,15.9,129434
2024-08-14,15.82,15.82,15.85,15.8,15.85,193792
2024-08-15,15.9,15.9,15.91,15.88,15.88,123311
2024-08-16,15.93,15.93,15.97,15.9,15.9,241478
2024-08-19,15.85,15.85,15.93,15.85,15.93,573174
2024-08-20,15.81,15.81,15.82,15.78,15.81,1367867
2024-08-21,15.85,15.85,15.87,15.83,15.85,45545
2024-08-22,15.93,15.93,15.94,15.83,15.83,319861
2024-08-23,15.92,15.92,15.93,15.91,15.91,57485
2024-08-26,15.94,15.94,15.95,15.9,15.92,253577
2024-08-27,15.97,15.97,15.98,15.94,15.94,198028
2024-08-28,16.01,16.01,16.02,15.97,15.97,249817
2024-08-29,16.0,16.0,16.03,16.0,16.01,207841
2024-08-30,16.04,16.04,16.05,15.99,15.99,106219
2024-09-02,16.02,16.02,16.04,16.0,16.03,68376
2024-09-03,16.04,16.04,16.06,16.02,16.02,139963
2024-09-04,16.04,16.04,16.06,16.03,16.03,426923
2024-09-05,16.14,16.14,16.15,16.07,16.07,434578
2024-09-06,16.12,16.12,16.17,16.12,16.15,152358
2024-09-09,16.14,16.14,16.15,16.1,16.12,514308
2024-09-10,16.27,16.27,16.28,16.18,16.18,392185
2024-09-11,16.28,16.28,16.3,16.27,16.27,214226
2024-09-12,16.33,16.33,16.35,16.25,16.28,474435
2024-09-13,16.3,16.3,16.35,16.3,16.35,58484
2024-09-16,16.3,16.3,16.35,16.3,16.31,87944
2024-09-18,16.42,16.42,16.42,16.34,16.34,405883
2024-09-19,16.49,16.49,16.55,16.42,16.42,719442
2024-09-20,16.54,16.54,16.55,16.5,16.5,341287
2024-09-23,16.61,16.61,16.63,16.54,16.54,381886
2024-09-24,16.59,16.59,16.65,16.59,16.61,278964
2024-09-25,16.56,16.56,16.58,16.54,16.55,301848
2024-09-26,16.57,16.57,16.6,16.55,16.56,208755
2024-09-27,16.51,16.51,16.56,16.49,16.56,251734
2024-09-30,16.4,16.4,16.44,16.4,16.43,196931
2024-10-01,16.4,16.4,16.41,16.33,16.35,82283
2024-10-04,16.6,16.6,16.6,16.4,16.4,645168
2024-10-07,16.67,16.67,16.68,16.6,16.6,385868
2024-10-08,16.55,16.55,16.59,16.52,16.59,114010
2024-10-09,16.59,16.59,16.65,16.58,16.59,307108
2024-10-11,16.59,16.59,16.63,16.58,16.6,142062
2024-10-14,16.67,16.67,16.68,16.61,16.61,172956
2024-10-15,16.72,16.72,16.72,16.68,16.68,532139
2024-10-16,16.79,16.79,16.8,16.67,16.68,509391
2024-10-17,16.67,16.67,16.68,16.65,16.65,146805
2024-10-18,16.61,16.61,16.62,16.6,16.61,159728
2024-10-21,16.48,16.48,16.61,16.48,16.61,127289
2024-10-22,16.39,16.39,16.49,16.39,16.49,89466
2024-10-23,16.43,16.43,16.45,16.39,16.39,151924
2024-10-24,16.31,16.31,16.36,16.31,16.32,22634
2024-10-25,16.34,16.34,16.4,16.34,16.35,103540
2024-10-28,16.34,16.34,16.39,16.31,16.39,93623
2024-10-29,16.34,16.34,16.35,16.33,16.35,46582
2024-10-30,16.28,16.28,16.33,16.28,16.33,48233
2024-11-01,16.18,16.18,16.25,16.17,16.25,37243
2024-11-04,16.02,16.02,16.17,16.02,16.17,78627
2024-11-05,16.22,16.22,16.22,16.14,16.14,269177
2024-11-06,16.45,16.45,16.48,16.27,16.27,144835
2024-11-07,16.43,16.43,16.46,16.43,16.46,195175
2024-11-08,16.37,16.37,16.42,16.36,16.42,48128
2024-11-11,16.58,16.58,16.6,16.46,16.53,470319
2024-11-12,16.56,16.56,16.58,16.54,16.58,115088
2024-11-13,16.44,16.44,16.46,16.43,16.46,159315
2024-11-14,16.45,16.45,16.46,16.43,16.44,132810
2024-11-15,16.41,16.41,16.45,16.41,16.44,54245
2024-11-18,16.41,16.41,16.43,16.34,16.34,126185
2024-11-19,16.32,16.32,16.38,16.32,16.38,10691
2024-11-20,16.28,16.28,16.3,16.27,16.27,59164
2024-11-21,16.27,16.27,16.3,16.25,16.25,35674
2024-11-22,16.36,16.36,16.37,16.34,16.34,86249
2024-11-25,16.36,16.36,16.43,16.35,16.4,53303
2024-11-26,16.44,16.44,16.5,16.44,16.45,103362
2024-11-27,16.36,16.36,16.39,16.33,16.33,40886
2024-11-28,16.39,16.39,16.4,16.36,16.37,140385
2024-11-29,16.37,16.37,16.4,16.37,16.39,267995
2024-12-02,16.49,16.49,16.5,16.46,16.47,340065
2024-12-03,16.49,16.49,16.52,16.46,16.52,152760
2024-12-04,16.33,16.33,16.38,16.33,16.38,108678
2024-12-05,16.32,16.32,16.35,16.3,16.35,87069
2024-12-06,16.33,16.33,16.38,16.32,16.32,144321
2024-12-09,16.37,16.37,16.39,16.34,16.35,99506
2024-12-10,16.27,16.27,16.33,16.27,16.33,141836
2024-12-11,16.32,16.32,16.33,16.27,16.27,253169
2024-12-12,16.32,16.32,16.35,16.32,16.33,948384
2024-12-13,16.26,16.26,16.3,16.25,16.3,73883
2024-12-16,16.2,16.2,16.23,16.18,16.23,91760
2024-12-17,16.15,16.15,16.16,16.14,16.15,55285
2024-12-18,16.16,16.16,16.17,16.16,16.16,103547
2024-12-19,16.07,16.07,16.09,16.0,16.0,250110
2024-12-20,15.99,15.99,16.03,15.99,16.01,117464
2024-12-23,16.07,16.07,16.08,16.0,16.0,98355
2024-12-24,16.01,16.01,16.03,16.0,16.03,13287
2024-12-25,15.97,15.97,16.0,15.96,16.0,37972
2024-12-26,15.99,15.99,16.03,15.99,15.99,103209
2024-12-27,15.95,15.95,15.98,15.95,15.97,28741
2024-12-30,15.87,15.87,15.91,15.87,15.91,330756
2024-12-31,16.01,16.01,16.01,15.96,15.97,116668
2025-01-02,16.07,16.07,16.08,16.02,16.02,219952
2025-01-03,16.3,16.3,16.31,16.24,16.25,278912
2025-01-06,16.44,16.44,16.45,16.41,16.41,323441
2025-01-07,16.32,16.32,16.43,16.32,16.43,67652
2025-01-08,16.2,16.2,16.2,16.15,16.15,83642
2025-01-09,16.15,16.15,16.18,16.15,16.18,24183
2025-01-10,16.17,16.17,16.18,16.14,16.15,58288
2025-01-13,16.04,16.04,16.04,16.02,16.02,32078
2025-01-14,15.94,15.94,15.97,15.94,15.97,57045
2025-01-15,16.0,16.0,16.0,15.96,15.96,98606
2025-01-16,16.26,16.26,16.28,16.21,16.28,171582
2025-01-17,16.09,16.09,16.1,16.07,16.1,168220
2025-01-20,16.04,16.04,16.09,16.03,16.09,149047
2025-01-21,16.01,16.01,16.03,16.0,16.03,102168
2025-01-22,16.18,16.18,16.19,16.12,16.12,199481
2025-02-03,16.23,16.23,16.25,16.17,16.18,238387
2025-02-04,16.05,16.05,16.13,16.04,16.13,44141
2025-02-05,16.03,16.03,16.06,16.0,16.06,39491
2025-02-06,16.15,16.15,16.16,16.1,16.13,395339
2025-02-07,16.12,16.12,16.14,16.08,16.14,144384
2025-02-10,16.1,16.1,16.12,16.07,16.07,168850
2025-02-11,16.1,16.1,16.13,16.1,16.1,113040
2025-02-12,16.11,16.11,16.11,16.1,16.1,139129
2025-02-13,16.05,16.05,16.09,16.0,16.0,216705
2025-02-14,16.1,16.1,16.11,16.06,16.06,189431
2025-02-17,16.14,16.14,16.15,16.1,16.1,123413
2025-02-18,16.16,16.16,16.17,16.14,16.14,223631
2025-02-19,16.14,16.14,16.16,16.12,16.16,50671
2025-02-20,16.08,16.08,16.12,16.08,16.1,49152
2025-02-21,16.07,16.07,16.09,16.06,16.08,71628
2025-02-24,16.07,16.07,16.08,16.06,16.07,137423
2025-02-25,16.1,16.1,16.13,16.07,16.07,247087
2025-02-26,16.18,16.18,16.23,16.17,16.17,219295
2025-02-27,16.19,16.19,16.2,16.17,16.2,67308
2025-03-03,16.2,16.2,16.2,16.16,16.2,207136
2025-03-04,16.16,16.16,16.18,16.14,16.17,152504
2025-03-05,16.07,16.07,16.11,16.03,16.11,31574
2025-03-06,16.07,16.07,16.09,16.05,16.05,77152
2025-03-07,16.02,16.02,16.04,16.0,16.04,15360
2025-03-10,15.94,15.94,15.95,15.93,15.95,45389
2025-03-11,15.82,15.82,15.88,15.82,15.88,47182
2025-03-12,15.81,15.81,15.82,15.8,15.82,52351
2025-03-13,15.85,15.85,15.86,15.84,15.84,99613
2025-03-14,15.89,15.89,15.92,15.86,15.89,68472
2025-03-17,15.96,15.96,15.97,15.9,15.95,116910
2025-03-18,16.05,16.05,16.06,16.04,16.04,92928
2025-03-19,16.02,16.02,16.05,16.02,16.05,34976
2025-03-20,16.06,16.06,16.1,16.06,16.09,80318
2025-03-21,16.04,16.04,16.09,16.04,16.05,74761
2025-03-24,16.06,16.06,16.06,16.02,16.02,24554
2025-03-25,16.05,16.05,16.08,16.05,16.07,59382
2025-03-26,16.09,16.09,16.1,16.07,16.09,162778
2025-03-27,15.97,15.97,16.0,15.96,16.0,121652
2025-03-28,15.94,15.94,15.95,15.92,15.92,59338
2025-03-31,15.84,15.84,15.85,15.82,15.83,136536
2025-04-01,15.78,15.78,15.78,15.76,15.76,73899
2025-04-02,15.76,15.76,15.78,15.75,15.78,44212
2025-04-07,14.99,14.99,15.05,14.9,15.01,715152
2025-04-08,15.02,15.02,15.2,14.81,14.81,264434
2025-04-09,14.76,14.76,15.02,14.76,15.02,300644
2025-04-10,15.19,15.19,15.2,15.06,15.2,172594
2025-04-11,14.86,14.86,14.89,14.8,14.89,82913
2025-04-14,14.76,14.76,14.78,14.72,14.77,142734
2025-04-15,14.82,14.82,14.83,14.8,14.8,44341
2025-04-16,14.91,14.91,14.92,14.87,14.87,230107
2025-04-17,14.93,14.93,14.94,14.91,14.94,100306
2025-04-18,14.99,14.99,15.01,14.91,14.91,131725
2025-04-21,14.88,14.88,15.0,14.88,14.99,172995
2025-04-22,14.86,14.86,14.88,14.86,14.88,90196
2025-04-23,14.93,14.93,14.96,14.86,14.86,612648
2025-04-24,15.01,15.01,15.05,15.01,15.01,61861
2025-04-25,15.13,15.13,15.15,15.08,15.08,92476
2025-04-28,15.13,15.13,15.16,15.1,15.16,60047
2025-04-29,15.08,15.08,15.15,15.08,15.14,43261
2025-04-30,14.92,14.92,15.0,14.92,15.0,237957
2025-05-02,14.67,14.67,14.92,14.63,14.92,224748
2025-05-05,13.87,13.87,14.67,13.87,14.67,695403
2025-05-06,14.03,14.03,14.1,13.87,13.87,250386
2025-05-07,14.09,14.09,14.18,14.06,14.06,90758
2025-05-08,14.14,14.14,14.2,14.14,14.2,37213
2025-05-09,14.08,14.08,14.2,14.08,14.15,97060
2025-05-12,14.12,14.12,14.14,14.12,14.13,175174
2025-05-13,14.23,14.23,14.24,14.14,14.19,348404
2025-05-14,14.23,14.23,14.24,14.22,14.24,260257
2025-05-15,14.11,14.11,14.12,14.1,14.12,31236
2025-05-16,14.15,14.15,14.15,14.14,14.15,101686
2025-05-19,14.17,14.17,14.18,14.14,14.15,93913
2025-05-20,14.2,14.2,14.22,14.17,14.2,87273
2025-05-21,14.16,14.16,14.21,14.13,14.21,28683
2025-05-22,13.93,13.93,14.13,13.89,14.13,118915
2025-05-23,13.93,13.93,13.98,13.93,13.98,34159
2025-05-26,13.91,13.91,13.98,13.86,13.98,126155
2025-05-27,13.89,13.89,13.91,13.87,13.91,88274
2025-05-28,13.95,13.95,13.99,13.94,13.99,32382
2025-05-29,13.98,13.98,13.99,13.95,13.95,131807
2025-06-02,13.95,13.95,13.96,13.9,13.91,36837
2025-06-03,13.92,13.92,13.96,13.89,13.95,53881
2025-06-04,13.99,13.99,14.0,13.97,13.98,70999
2025-06-05,13.98,13.98,13.99,13.96,13.97,35707
2025-06-06,14.02,14.02,14.03,14.0,14.02,120888
2025-06-09,14.0,14.0,14.02,13.98,14.0,21449
2025-06-10,14.03,14.03,14.04,14.0,14.02,60698
2025-06-11,14.06,14.06,14.07,14.03,14.04,89378
2025-06-12,13.93,13.93,14.03,13.91,14.03,159907
2025-06-13,13.84,13.84,13.86,13.8,13.86,145988
2025-06-16,13.78,13.78,13.81,13.75,13.8,200997
2025-06-17,13.75,13.75,13.76,13.73,13.75,63443
2025-06-18,13.75,13.75,13.78,13.75,13.75,19952
2025-06-19,13.77,13.77,13.8,13.76,13.79,108417
2025-06-20,13.77,13.77,13.83,13.76,13.77,74214
2025-06-23,13.83,13.83,13.85,13.81,13.81,125218
2025-06-24,13.83,13.83,13.88,13.83,13.88,37047
2025-06-25,13.85,13.85,13.9,13.84,13.85,103021
2025-06-26,13.78,13.78,13.78,13.7,13.76,273781
2025-06-27,13.73,13.73,13.8,13.72,13.8,84416
2025-06-30,13.8,13.8,13.82,13.75,13.75,151172
2025-07-01,13.76,13.76,13.8,13.76,13.76,112245
2025-07-02,13.84,13.84,13.87,13.76,13.76,27490
2025-07-03,13.83,13.83,13.87,13.82,13.84,43599
2025-07-04,13.83,13.83,13.85,13.83,13.83,32898
2025-07-07,13.95,13.95,13.96,13.85,13.88,96585
2025-07-08,13.92,13.92,13.93,13.89,13.92,94269
2025-07-09,13.96,13.96,14.0,13.91,13.91,63377
2025-07-10,14.1,14.1,14.12,14.08,14.08,111062
2025-07-11,14.15,14.15,14.19,14.14,14.14,66316
2025-07-14,14.1,14.1,14.15,14.06,14.15,88291
2025-07-15,14.11,14.11,14.11,14.1,14.1,93381
2025-07-16,13.98,13.98,14.07,13.96,14.07,139954
2025-07-17,14.0,14.0,14.0,13.98,13.98,77913
2025-07-18,14.04,14.04,14.06,14.0,14.0,89158
2025-07-21,14.04,14.04,14.09,14.02,14.02,143170
2025-07-22,13.99,13.99,14.04,13.99,14.04,37316
2025-07-23,13.97,13.97,14.03,13.97,14.03,25582
2025-07-24,13.96,13.96,13.98,13.95,13.98,28162
2025-07-25,14.04,14.04,14.05,14.0,14.0,86566
2025-07-28,14.13,14.13,14.13,14.1,14.1,126240
2025-07-29,14.2,14.2,14.21,14.14,14.15,215327
2025-07-30,14.22,14.22,14.23,14.21,14.21,48358
2025-07-31,14.37,14.37,14.38,14.22,14.22,368210
2025-08-01,14.4,14.4,14.43,14.37,14.37,142267
2025-08-04,14.27,14.27,14.36,14.26,14.36,30948
2025-08-05,14.36,14.36,14.4,14.3,14.3,163791
2025-08-06,14.38,14.38,14.4,14.34,14.37,252424
2025-08-07,14.33,14.33,14.38,14.31,14.38,54709
2025-08-08,14.31,14.31,14.32,14.29,14.3,141839
2025-08-11,14.33,14.33,14.35,14.32,14.32,55748
2025-08-12,14.37,14.37,14.38,14.33,14.33,97043
2025-08-13,14.43,14.43,14.44,14.41,14.42,91425
2025-08-14,14.46,14.46,14.5,14.43,14.43,105613
2025-08-15,14.51,14.51,14.52,14.46,14.46,110239
2025-08-18,14.48,14.48,14.51,14.46,14.49,155694
2025-08-19,14.52,14.52,14.55,14.5,14.5,40854
2025-08-20,14.61,14.61,14.63,14.55,14.55,238861
2025-08-21,14.71,14.71,14.72,14.63,14.63,200756
2025-08-22,14.77,14.77,14.77,14.72,14.72,95997
2025-08-25,14.79,14.79,14.83,14.79,14.83,71729
2025-08-26,14.78,14.78,14.79,14.76,14.77,97082
2025-08-27,14.83,14.83,14.85,14.8,14.8,70310
2025-08-28,14.81,14.81,14.83,14.81,14.83,49555
2025-08-29,14.81,14.81,14.84,14.81,14.82,49948
2025-09-01,14.79,14.79,14.81,14.74,14.78,63593
2025-09-02,14.79,14.79,14.81,14.79,14.79,24401
2025-09-03,14.85,14.85,14.86,14.79,14.79,72774
2025-09-04,14.83,14.83,14.86,14.83,14.85,174693
2025-09-05,14.86,14.86,14.89,14.85,14.89,140006
2025-09-08,14.93,14.93,14.93,14.9,14.91,187279
2025-09-09,14.89,14.89,14.94,14.89,14.92,61432
2025-09-10,14.84,14.84,14.9,14.82,14.9,42929
2025-09-11,14.88,14.88,14.89,14.82,14.84,136013
2025-09-12,14.89,14.89,14.94,14.88,14.88,27169
2025-09-15,14.93,14.93,14.95,14.93,14.94,41504
2025-09-16,14.91,14.91,14.99,14.88,14.94,60045
2025-09-17,14.87,14.87,14.91,14.85,14.91,501060
2025-09-18,14.91,14.91,14.96,14.87,14.87,391079
2025-09-19,14.93,14.93,14.93,14.9,14.91,118079
2025-09-22,14.96,14.96,15.0,14.92,14.92,71957
2025-09-23,14.91,14.91,14.95,14.88,14.95,84727
2025-09-24,14.94,14.94,14.94,14.88,14.88,148740
2025-09-25,14.94,14.94,14.95,14.9,14.92,167720
2025-09-26,14.93,14.93,14.95,14.9,14.95,221912
2025-09-30,14.94,14.94,14.95,14.93,14.95,30382
2025-10-01,14.78,14.78,14.85,14.77,14.85,101188
2025-10-02,14.92,14.92,14.92,14.88,14.88,93812
2025-10-03,14.9,14.9,14.93,14.87,14.92,190378
2025-10-07,14.91,14.91,14.94,14.88,14.9,153181
2025-10-08,14.95,14.95,14.99,14.91,14.91,99675
2025-10-09,14.93,14.93,14.95,14.92,14.95,119543
2025-10-13,14.82,14.82,14.83,14.7,14.7,60147
2025-10-14,14.86,14.86,14.87,14.82,14.82,42811
2025-10-15,14.86,14.86,14.9,14.84,14.87,85837
2025-10-16,14.91,14.91,14.92,14.84,14.84,102200
2025-10-17,14.84,14.84,14.84,14.82,14.83,45526
2025-10-20,14.69,14.69,14.74,14.68,14.71,97956
2025-10-21,14.79,14.79,14.85,14.78,14.85,102016
2025-10-22,14.84,14.84,14.85,14.64,14.64,219236
2025-10-23,14.86,14.86,14.86,14.83,14.83,124088
2025-10-27,14.88,14.88,14.9,14.87,14.88,166646
2025-10-28,14.84,14.84,14.9,14.84,14.88,68431
2025-10-29,14.8,14.8,14.83,14.8,14.83,51196
2025-10-30,14.81,14.81,14.82,14.79,14.8,118910
2025-10-31,14.72,14.72,14.75,14.72,14.75,59130
2025-11-03,14.68,14.68,14.84,14.68,14.84,87851
2025-11-04,14.7,14.7,14.72,14.68,14.68,115868
2025-11-05,14.66,14.66,14.66,14.64,14.65,50794
2025-11-06,14.74,14.74,14.76,14.7,14.76,116532
2025-11-07,14.71,14.71,14.75,14.71,14.73,92141
2025-11-10,14.75,14.75,14.78,14.74,14.75,62183
2025-11-11,14.76,14.76,14.8,14.75,14.75,142032
2025-11-12,14.81,14.81,14.82,14.77,14.78,105986
2025-11-13,14.82,14.82,14.83,14.8,14.8,167706
2025-11-14,14.72,14.72,14.82,14.72,14.82,34229
2025-11-17,14.73,14.73,14.76,14.69,14.69,139017
2025-11-18,14.62,14.62,14.67,14.62,14.67,60898
2025-11-19,14.59,14.59,14.62,14.59,14.6,50357
2025-11-20,14.67,14.67,14.68,14.59,14.59,283569
2025-11-21,14.56,14.56,14.62,14.56,14.62,14634
2025-11-24,14.69,14.69,14.7,14.65,14.65,91861
2025-11-25,14.71,14.71,14.72,14.67,14.69,287303
2025-11-26,14.73,14.73,14.77,14.73,14.77,56871
2025-11-27,14.78,14.78,14.79,14.74,14.77,369011
2025-11-28,14.8,14.8,14.8,14.76,14.78,89650
2025-12-01,14.81,14.81,14.85,14.8,14.8,52109
2025-12-02,14.8,14.8,14.83,14.79,14.81,117834
2025-12-03,14.87,14.87,14.89,14.8,14.8,235660
2025-12-04,14.83,14.83,14.84,14.83,14.84,42383
2025-12-05,14.84,14.84,14.84,14.83,14.83,122326
2025-12-08,14.78,14.78,14.84,14.76,14.84,94750
2025-12-09,14.8,14.8,14.83,14.78,14.78,70435
2025-12-10,14.82,14.82,14.84,14.8,14.8,403608
2025-12-11,14.87,14.87,14.87,14.81,14.82,236741
2025-12-12,14.94,14.94,14.97,14.94,14.96,182206
2025-12-15,14.97,14.97,14.99,14.93,14.93,384263
2025-12-16,15.04,15.04,15.04,14.99,14.99,315449
2025-12-17,15.06,15.06,15.07,15.03,15.03,184560
2025-12-18,15.06,15.06,15.12,15.05,15.06,186063
2025-12-19,15.09,15.09,15.11,15.06,15.06,133514
2025-12-22,15.15,15.15,15.15,15.12,15.12,336056
2025-12-23,15.11,15.11,15.14,15.11,15.13,121096
2025-12-24,15.05,15.05,15.08,15.05,15.08,126069
2025-12-26,15.07,15.07,15.14,15.05,15.05,58891
2025-12-29,15.05,15.05,15.07,15.05,15.06,59044
2025-12-30,15.04,15.04,15.05,15.0,15.0,127866
2025-12-31,15.03,15.03,15.04,14.98,14.98,116571
2026-01-02,15.02,15.02,15.06,15.02,15.02,171359
2026-01-05,15.17,15.17,15.2,15.02,15.02,345069
2026-01-06,15.25,15.25,15.31,15.24,15.24,373970
2026-01-07,15.28,15.28,15.31,15.26,15.26,163163
2026-01-08,15.34,15.34,15.34,15.28,15.28,273584
2026-01-09,15.35,15.35,15.36,15.34,15.34,75326
2026-01-12,15.39,15.39,15.4,15.35,15.35,114354
2026-01-13,15.44,15.44,15.45,15.39,15.39,245950
2026-01-14,15.47,15.47,15.51,15.44,15.44,82083
2026-01-15,15.48,15.48,15.48,15.44,15.45,44293
2026-01-16,15.52,15.52,15.55,15.48,15.48,109075
2026-01-19,15.43,15.43,15.52,15.43,15.52,91079
2026-01-20,15.33,15.33,15.33,15.18,15.18,284868
2026-01-21,15.35,15.35,15.35,15.33,15.34,257436
2026-01-22,15.42,15.42,15.45,15.4,15.42,163215
2026-01-23,15.44,15.44,15.45,15.44,15.45,440142
2026-01-26,15.36,15.36,15.4,15.34,15.4,149288
2026-01-27,15.35,15.35,15.36,15.35,15.35,54099
2026-01-28,15.27,15.27,15.31,15.26,15.31,235003
2026-01-29,15.21,15.21,15.25,15.21,15.25,151648
2026-01-30,15.18,15.18,15.19,15.16,15.19,215589
2026-02-02,15.24,15.24,15.27,15.13,15.13,93778
2026-02-03,15.26,15.26,15.27,15.24,15.24,87797
2026-02-04,15.17,15.17,15.19,15.17,15.19,94811
2026-02-05,15.25,15.25,15.26,15.24,15.25,194756
2026-02-06,15.13,15.13,15.2,15.11,15.2,125147
2026-02-09,15.21,15.21,15.25,15.13,15.13,363636
2026-02-10,15.2,15.2,15.22,15.19,15.21,75410
2026-02-11,15.2,15.2,15.22,15.16,15.2,512729
2026-02-23,15.2,15.2,15.25,15.18,15.2,167239
2026-02-24,15.19,15.19,15.2,15.18,15.18,243887
2026-02-25,15.16,15.16,15.18,15.16,15.18,159998
2026-02-26,15.14,15.14,15.19,15.12,15.19,131507
2026-03-02,15.1,15.1,15.14,15.08,15.14,258891
2026-03-03,15.12,15.12,15.12,15.09,15.1,222924
2026-03-04,15.11,15.11,15.14,15.07,15.07,125576
2026-03-05,15.15,15.15,15.21,15.14,15.14,90260
2026-03-06,15.12,15.12,15.16,15.11,15.15,174981
2026-03-09,15.0,15.0,15.12,14.96,15.12,92430
2026-03-10,15.09,15.09,15.16,15.03,15.04,112434
2026-03-11,15.05,15.05,15.1,15.03,15.1,114317
2026-03-12,14.97,14.97,15.05,14.94,15.05,223757
2026-03-13,15.0,15.0,15.0,14.92,14.92,455497
2026-03-16,15.01,15.01,15.02,14.89,14.89,339607
2026-03-17,14.91,14.91,15.0,14.89,15.0,145598
2026-03-18,14.97,14.97,14.97,14.94,14.95,336811
2026-03-19,14.94,14.94,14.97,14.92,14.97,147608
2026-03-20,14.9,14.9,14.94,14.9,14.94,32391
2026-03-23,14.74,14.74,14.8,14.61,14.61,141653
2026-03-24,14.78,14.78,14.8,14.76,14.8,70943
2026-03-25,14.91,14.91,14.92,14.78,14.78,298552
2026-03-26,14.92,14.92,14.99,14.91,14.93,89972
2026-03-27,14.85,14.85,14.86,14.81,14.86,73549
2026-03-30,14.8,14.8,14.82,14.73,14.82,140251
2026-03-31,14.82,14.82,14.86,14.8,14.8,308520
2026-04-01,14.83,14.83,14.83,14.79,14.8,81546
2026-04-02,14.86,14.86,14.94,14.85,14.85,37232
2026-04-07,14.93,14.93,15.0,14.92,15.0,68606
2026-04-08,15.07,15.07,15.07,14.95,14.95,548071
2026-04-09,14.98,14.98,15.03,14.98,15.0,539578
2026-04-10,15.01,15.01,15.03,14.98,15.0,272818
2026-04-13,15.0,15.0,15.01,14.95,15.01,105260
2026-04-14,15.02,15.02,15.07,15.02,15.02,228034
2026-04-15,15.12,15.12,15.13,15.04,15.04,393198
2026-04-16,15.14,15.14,15.15,15.12,15.12,311629
2026-04-17,15.17,15.17,15.17,15.07,15.07,179533
2026-04-20,14.98,14.98,15.02,14.94,15.02,294249
2026-04-21,15.01,15.01,15.01,14.94,14.94,412716
2026-04-22,15.03,15.03,15.03,15.0,15.0,198002
2026-04-23,15.02,15.02,15.04,14.91,14.91,273452
2026-04-24,15.07,15.07,15.08,15.02,15.02,287955
2026-04-27,15.01,15.01,15.04,15.0,15.04,185627
2026-04-28,15.08,15.08,15.08,15.01,15.01,381810
2026-04-29,15.03,15.03,15.05,15.02,15.04,122070
2026-04-30,15.03,15.03,15.03,14.99,15.02,214148
2026-05-04,15.14,15.14,15.14,15.04,15.1,594612
2026-05-05,15.06,15.06,15.1,15.02,15.1,142989
2026-05-06,15.08,15.08,15.11,15.01,15.06,590638
2026-05-07,15.08,15.08,15.09,15.05,15.05,410806
2026-05-08,15.14,15.14,15.14,15.08,15.08,632986
2026-05-11,15.15,15.15,15.15,15.1,15.14,658361
2026-05-12,15.15,15.15,15.15,15.12,15.12,382252
2026-05-13,15.2,15.2,15.2,15.13,15.15,911139
2026-05-14,15.22,15.22,15.22,15.19,15.2,299611
2026-05-15,15.12,15.12,15.22,15.12,15.22,153971
2026-05-18,15.02,15.02,15.11,15.0,15.11,136604
2026-05-19,14.98,14.98,15.02,14.97,14.97,245215
2026-05-20,14.9,14.9,14.95,14.9,14.95,31618
2026-05-21,14.94,14.94,14.95,14.91,14.91,128594
2026-05-22,14.93,14.93,14.94,14.89,14.94,78300
2026-05-25,14.95,14.95,14.96,14.89,14.93,862972
2026-05-26,14.96,14.96,15.0,14.93,14.94,338204
2026-05-27,14.96,14.96,14.96,14.92,14.96,386845
2026-05-28,14.95,14.95,15.0,14.94,14.96,140912
2026-05-29,15.08,15.08,15.08,15.0,15.0,426757
2026-06-01,15.08,15.08,15.08,15.03,15.08,229535
2026-06-02,15.21,15.21,15.21,15.09,15.09,343363
2026-06-03,15.16,15.16,15.21,15.11,15.21,111040
2026-06-04,15.03,15.03,15.1,15.0,15.1,48790
2026-06-05,15.05,15.05,15.14,15.01,15.14,53893
2026-06-08,14.94,14.94,15.0,14.91,15.0,114534
2026-06-09,14.93,14.93,14.94,14.9,14.9,66583
2026-06-10,14.86,14.86,14.93,14.85,14.85,137468
2026-06-11,14.91,14.91,14.91,14.86,14.86,224965
2026-06-12,14.94,14.94,15.0,14.91,14.91,48848
2026-06-15,15.04,15.04,15.04,14.94,14.94,654280
2026-06-16,15.1,15.1,15.1,15.06,15.08,257160
2026-06-17,15.05,15.05,15.05,15.03,15.04,110639
2026-06-18,15.07,15.07,15.09,15.05,15.05,200685
2026-06-22,15.03,15.03,15.05,14.99,14.99,307196
2026-06-23,14.88,14.88,14.98,14.88,14.91,81653
2026-06-24,14.91,14.91,14.91,14.82,14.88,229619
2026-06-25,14.91,14.91,14.91,14.86,14.91,142972
2026-06-26,14.78,14.78,14.87,14.77,14.87,141633
2026-06-29,14.77,14.77,14.78,14.73,14.78,57078
2026-06-30,14.79,14.79,14.85,14.73,14.73,113531
2026-07-01,14.77,14.77,14.79,14.71,14.71,27250
2026-07-02,14.83,14.83,14.86,14.76,14.76,82865
2026-07-03,14.91,14.91,14.91,14.81,14.86,167541
2026-07-06,14.97,14.97,14.98,14.91,14.91,163961
2026-07-07,14.98,14.98,15.0,14.97,14.97,96253
2026-07-08,14.97,14.97,15.0,14.92,14.98,68490
2026-07-09,14.9,14.9,14.95,14.88,14.95,68635
2026-07-13,14.94,14.94,14.99,14.9,14.9,39938
2026-07-14,14.91,14.91,14.92,14.85,14.9,161496
2026-07-15,14.97,14.97,14.97,14.93,14.93,94062
2026-07-16,14.86,14.86,14.86,14.82,14.86,141926
2026-07-17,14.77,14.77,14.85,14.77,14.85,136290
2026-07-20,14.86,14.86,14.86,14.77,14.77,383327
2026-07-21,14.86,14.86,14.88,14.78,14.79,164118
2026-07-22,14.9,14.9,14.9,14.83,14.84,133798
2026-07-23,14.82,14.82,14.9,14.78,14.9,61398
2026-07-24,14.7,14.7,14.71,14.68,14.71,122646
2026-07-27,14.83,14.83,14.89,14.68,14.68,316437
2026-07-28,14.8,14.8,14.83,14.74,14.81,129282
2026-07-29,14.81,14.81,14.83,14.76,14.76,293905
2026-07-30,14.77,14.77,14.78,14.76,14.76,119720
2026-07-31,14.85,14.85,14.87,14.83,14.87,186480
2026-08-03,14.83,14.83,14.85,14.81,14.85,130316
2026-08-04,15.01,15.01,15.01,14.97,15.0,777951
2026-08-05,15.07,15.07,15.09,15.04,15.04,443735
2026-08-06,14.99,14.99,15.07,14.97,15.07,88193
2026-08-07,14.91,14.91,14.94,14.88,14.92,63943
2026-08-10,14.98,14.98,14.98,14.94,14.95,77014
2026-08-11,14.93,14.93,14.98,14.91,14.98,47382
2026-08-12,15.01,15.01,15.01,14.95,14.95,493031
2026-08-13,15.05,15.05,15.05,14.99,15.02,1002950
2026-08-14,15.0,15.0,15.04,14.98,15.04,35245
2026-08-17,14.98,14.98,15.0,14.96,14.98,103352
2026-08-18,14.82,14.82,14.89,14.8,14.89,40455
2026-08-19,14.72,14.72,14.8,14.71,14.8,79264
2026-08-20,14.81,14.81,14.84,14.65,14.65,51269
2026-08-21,14.76,14.76,14.77,14.74,14.77,19505
2026-08-24,14.78,14.78,14.78,14.75,14.76,80791
2026-08-25,14.78,14.78,14.78,14.76,14.77,24637
2026-08-26,14.82,14.82,14.88,14.81,14.81,41521
2026-08-27,14.83,14.83,14.85,14.79,14.8,213579
2026-08-28,14.76,14.76,14.8,14.76,14.79,40770
2026-08-31,14.73,14.73,14.76,14.7,14.7,28152
2026-09-01,14.67,14.67,14.72,14.66,14.7,48461
2026-09-02,14.61,14.61,14.65,14.6,14.65,33133
2026-09-03,14.64,14.64,14.7,14.61,14.7,158437
2026-09-04,14.7,14.7,14.7,14.64,14.66,166564
2026-09-07,14.63,14.63,14.66,14.58,14.64,48901
2026-09-08,14.58,14.58,14.61,14.56,14.61,26446
2026-09-09,14.57,14.57,14.6,14.55,14.6,53969
2026-09-10,14.54,14.54,14.54,14.48,14.52,315610
2026-09-11,14.44,14.44,14.5,14.44,14.5,77477
2026-09-14,14.5,14.5,14.53,14.5,14.53,162975
2026-09-15,14.54,14.54,14.58,14.49,14.49,439152
2026-09-16,14.51,14.51,14.55,14.48,14.55,238875
2026-09-17,14.59,14.59,14.62,14.51,14.51,193181
2026-09-18,14.67,14.67,14.67,14.62,14.66,193455
2026-09-21,14.65,14.65,14.68,14.62,14.66,549922
2026-09-22,14.64,14.64,14.65,14.62,14.65,129464
2026-09-23,14.62,14.62,14.64,14.62,14.63,9044
2026-09-24,14.54,14.54,14.6,14.53,14.6,88204
2026-09-29,14.49,14.49,14.59,14.46,14.59,62988
2026-09-30,14.47,14.47,14.47,14.42,14.47,215000
2026-10-01,14.54,14.54,14.54,14.47,14.47,144508
