Date,Adj Close,Close,High,Low,Open,Volume
2019-08-23,20.08,20.08,20.08,19.99,20.0,9955000
2019-08-26,20.25,20.25,21.0,20.0,20.08,11301984
2019-08-27,20.04,20.04,20.1,20.03,20.09,11447724
2019-08-28,19.91,19.91,19.99,19.88,19.99,17539999
2019-08-29,19.95,19.95,19.96,19.84,19.91,7790499
2019-08-30,20.23,20.23,20.23,20.06,20.06,4305448
2019-09-02,20.29,20.29,20.29,20.23,20.26,6340732
2019-09-03,20.14,20.14,20.29,20.14,20.29,6052641
2019-09-04,20.3,20.3,20.31,20.17,20.18,5975246
2019-09-05,20.48,20.48,20.5,20.42,20.49,6156731
2019-09-06,20.6,20.6,20.61,20.55,20.6,5867056
2019-09-09,20.69,20.69,20.73,20.65,20.7,8673949
2019-09-10,20.62,20.62,20.74,20.57,20.74,5286058
2019-09-11,20.62,20.62,20.7,20.59,20.67,3251009
2019-09-12,20.71,20.71,20.74,20.66,20.71,2661688
2019-09-16,20.8,20.8,20.8,20.72,20.78,3239980
2019-09-17,20.81,20.81,20.85,20.79,20.85,6786209
2019-09-18,21.02,21.02,21.02,20.84,20.85,8373558
2019-09-19,21.42,21.42,21.75,21.02,21.1,18425360
2019-09-20,21.05,21.05,21.35,21.0,21.35,25787662
2019-09-23,20.83,20.83,20.94,20.81,20.91,11732295
2019-09-24,20.86,20.86,20.89,20.78,20.83,4478666
2019-09-25,20.76,20.76,20.83,20.7,20.83,6045518
2019-09-26,20.76,20.76,20.87,20.76,20.8,3114165
2019-09-27,20.77,20.77,20.85,20.76,20.8,2540751
2019-10-01,21.04,21.04,21.04,20.81,20.81,3711098
2019-10-02,21.01,21.01,21.04,20.98,21.04,2821904
2019-10-03,20.88,20.88,20.93,20.76,20.93,2928409
2019-10-04,20.92,20.92,20.99,20.84,20.89,2209162
2019-10-07,20.95,20.95,21.0,20.95,20.95,2172673
2019-10-08,21.11,21.11,21.12,21.02,21.02,4485818
2019-10-09,20.95,20.95,21.11,20.95,21.11,4728934
2019-10-14,21.23,21.23,21.24,21.11,21.11,7212594
2019-10-15,21.35,21.35,21.4,21.28,21.35,4153562
2019-10-16,21.42,21.42,21.49,21.35,21.45,3542388
2019-10-17,21.44,21.44,21.45,21.38,21.45,2928106
2019-10-18,21.47,21.47,21.58,21.44,21.45,2799823
2019-10-21,21.44,21.44,21.47,21.4,21.47,1669355
2019-10-22,21.6,21.6,21.6,21.47,21.47,2957252
2019-10-23,21.6,21.6,21.68,21.55,21.6,3879308
2019-10-24,21.69,21.69,21.69,21.63,21.63,2240497
2019-10-25,21.71,21.71,21.77,21.69,21.7,3167124
2019-10-28,21.81,21.81,21.82,21.77,21.77,4021337
2019-10-29,21.91,21.91,21.93,21.84,21.85,4739066
2019-10-30,21.95,21.95,21.95,21.87,21.94,2672812
2019-10-31,22.04,22.04,22.11,21.95,21.95,7215974
2019-11-01,22.04,22.04,22.05,21.98,22.05,3232250
2019-11-04,22.52,22.52,22.53,22.09,22.09,6664869
2019-11-05,22.69,22.69,22.69,22.62,22.65,7353881
2019-11-06,22.81,22.81,22.81,22.65,22.78,5491759
2019-11-07,22.73,22.73,22.83,22.57,22.83,7216223
2019-11-08,22.62,22.62,22.78,22.59,22.78,4926126
2019-11-11,22.27,22.27,22.6,22.26,22.6,8266762
2019-11-12,22.5,22.5,22.5,22.29,22.29,2667877
2019-11-13,22.4,22.4,22.48,22.33,22.48,2634204
2019-11-14,22.37,22.37,22.45,22.33,22.41,1985218
2019-11-20,22.8,22.8,22.9,22.77,22.89,3356697
2019-11-21,22.61,22.61,22.69,22.5,22.69,3981958
2019-11-22,22.63,22.63,22.72,22.61,22.72,3609034
2019-11-25,22.65,22.65,22.73,22.65,22.72,3073633
2019-11-26,22.7,22.7,22.76,22.69,22.7,2572428
2019-11-27,22.72,22.72,22.73,22.64,22.68,2411973
2019-11-28,22.67,22.67,22.72,22.65,22.72,2863937
2019-11-29,22.41,22.41,22.67,22.41,22.67,5074874
2019-12-02,22.42,22.42,22.45,22.34,22.43,3466212
2019-12-03,22.46,22.46,22.46,22.34,22.38,1508093
2019-12-04,22.41,22.41,22.44,22.35,22.44,2371322
2019-12-05,22.59,22.59,22.66,22.47,22.47,2946454
2019-12-06,22.64,22.64,22.71,22.6,22.67,2390507
2019-12-09,22.75,22.75,22.77,22.66,22.66,2505558
2019-12-10,22.69,22.69,22.75,22.67,22.75,2019599
2019-12-11,22.78,22.78,22.78,22.66,22.7,2323849
2019-12-12,23.19,23.19,23.25,22.88,22.88,6915600
2019-12-13,23.46,23.46,23.56,23.34,23.34,4581524
2019-12-16,23.47,23.47,23.5,23.43,23.46,3462880
2019-12-17,23.75,23.75,23.75,23.47,23.47,4151841
2019-12-18,23.76,23.76,23.78,23.69,23.75,3000694
2019-12-19,23.61,23.61,23.8,23.6,23.78,4606179
2019-12-20,23.49,23.49,23.61,23.42,23.61,3885158
2019-12-23,23.53,23.53,23.53,23.43,23.49,1923082
2019-12-24,23.51,23.51,23.57,23.5,23.56,1048527
2019-12-25,23.57,23.57,23.57,23.51,23.52,2398369
2019-12-26,23.55,23.55,23.62,23.52,23.6,2098489
2019-12-27,23.72,23.72,23.73,23.6,23.6,2526072
2019-12-30,23.74,23.74,23.77,23.7,23.75,4523024
2019-12-31,23.53,23.53,23.67,23.52,23.67,6026516
2020-01-02,23.62,23.62,23.64,23.5,23.55,2897663
2020-01-03,23.65,23.65,23.79,23.48,23.74,4865259
2020-01-06,23.4,23.4,23.5,23.38,23.5,7000923
2020-01-07,23.27,23.27,23.43,23.17,23.4,6047935
2020-01-08,23.13,23.13,23.25,23.02,23.11,4240796
2020-01-09,23.4,23.4,23.44,23.19,23.19,2499421
2020-01-10,23.45,23.45,23.55,23.39,23.5,2343128
2020-01-13,23.62,23.62,23.63,23.52,23.6,2631033
2020-01-14,23.73,23.73,23.78,23.7,23.72,2730289
2020-01-15,23.57,23.57,23.75,23.52,23.75,4665791
2020-01-16,23.54,23.54,23.58,23.42,23.48,2497305
2020-01-17,23.56,23.56,23.6,23.49,23.57,1995848
2020-01-20,23.6,23.6,23.68,23.58,23.58,2186527
2020-01-30,22.35,22.35,22.9,22.33,22.9,17841167
2020-01-31,22.51,22.51,22.67,22.35,22.35,5469955
2020-02-03,22.24,22.24,22.24,21.75,22.14,7317953
2020-02-04,22.61,22.61,22.65,22.29,22.3,3906283
2020-02-05,22.68,22.68,22.76,22.52,22.73,3995084
2020-02-06,22.97,22.97,22.98,22.75,22.75,4435856
2020-02-07,22.75,22.75,22.92,22.73,22.92,6108976
2020-02-10,22.67,22.67,22.7,22.42,22.55,4040353
2020-02-11,22.85,22.85,22.91,22.74,22.75,2686402
2020-02-12,23.03,23.03,23.08,22.87,22.87,3135310
2020-02-13,23.09,23.09,23.18,23.06,23.1,2777415
2020-02-14,23.12,23.12,23.17,23.06,23.09,2049742
2020-02-17,23.01,23.01,23.06,22.94,23.05,3389500
2020-02-18,22.83,22.83,22.91,22.8,22.91,5605405
2020-02-19,23.0,23.0,23.04,22.79,22.83,3845437
2020-02-20,22.94,22.94,23.09,22.86,23.05,3457649
2020-02-21,22.85,22.85,22.96,22.79,22.94,3960269
2020-02-24,22.55,22.55,22.75,22.53,22.75,8672496
2020-02-25,22.55,22.55,22.58,22.34,22.42,4041472
2020-02-26,22.35,22.35,22.43,22.26,22.33,6016803
2020-02-27,22.14,22.14,22.37,22.1,22.33,8883133
2020-03-02,21.85,21.85,22.03,21.73,21.95,7749768
2020-03-03,22.13,22.13,22.21,22.08,22.18,4936989
2020-03-04,22.2,22.2,22.21,22.05,22.14,2938776
2020-03-05,22.44,22.44,22.46,22.36,22.38,2320316
2020-03-06,22.11,22.11,22.34,22.06,22.34,4329628
2020-03-09,21.54,21.54,21.8,21.53,21.8,9391276
2020-03-10,21.52,21.52,21.53,21.15,21.16,6149358
2020-03-11,21.26,21.26,21.64,21.25,21.54,6085239
2020-03-12,20.5,20.5,21.2,20.25,21.2,11712028
2020-03-13,20.04,20.04,20.15,19.01,19.4,12040520
2020-03-16,19.35,19.35,20.04,19.33,20.04,8983372
2020-03-17,18.82,18.82,19.2,18.71,18.75,6869490
2020-03-18,18.29,18.29,18.85,18.29,18.82,8484709
2020-03-19,17.25,17.25,17.85,16.97,17.8,9801033
2020-03-20,18.45,18.45,18.68,17.78,17.78,6693112
2020-03-23,17.95,17.95,18.1,17.7,18.0,2801132
2020-03-24,18.61,18.61,18.82,18.45,18.49,3310609
2020-03-25,19.16,19.16,19.5,19.04,19.22,4767281
2020-03-26,19.33,19.33,19.38,19.05,19.25,3301115
2020-03-27,19.24,19.24,19.76,19.22,19.67,3766062
2020-03-30,19.05,19.05,19.1,18.61,18.89,2011523
2020-03-31,19.17,19.17,19.39,19.02,19.26,2564215
2020-04-01,19.11,19.11,19.23,19.08,19.17,1200237
2020-04-07,19.63,19.63,19.72,19.5,19.62,3041134
2020-04-08,19.91,19.91,19.91,19.62,19.63,4130921
2020-04-09,19.91,19.91,20.04,19.8,19.99,3844780
2020-04-10,19.95,19.95,19.96,19.86,19.89,1378894
2020-04-13,19.88,19.88,19.99,19.78,19.94,2429685
2020-04-14,20.28,20.28,20.3,19.9,19.9,3251736
2020-04-15,20.46,20.46,20.5,20.36,20.37,2670277
2020-04-16,20.36,20.36,20.42,20.21,20.25,1918286
2020-04-17,20.76,20.76,21.0,20.67,20.75,5713944
2020-04-20,20.75,20.75,20.82,20.67,20.78,2349823
2020-04-21,20.23,20.23,20.65,20.15,20.65,4248251
2020-04-22,20.18,20.18,20.18,19.92,20.04,2299180
2020-04-23,20.33,20.33,20.52,20.16,20.36,1791911
2020-04-24,20.27,20.27,20.33,20.18,20.31,1407716
2020-04-27,20.67,20.67,20.69,20.45,20.47,3517883
2020-04-28,20.7,20.7,20.71,20.55,20.7,1637981
2020-04-29,20.97,20.97,21.02,20.78,20.79,3158347
2020-05-04,20.82,20.82,20.89,20.66,20.76,3783244
2020-05-05,20.93,20.93,21.04,20.83,21.0,1768626
2020-05-06,20.94,20.94,21.0,20.75,20.91,1955832
2020-05-07,21.06,21.06,21.13,20.92,20.94,1784848
2020-05-08,21.16,21.16,21.25,21.09,21.14,1644777
2020-05-11,21.35,21.35,21.39,21.26,21.3,2117980
2020-05-12,21.14,21.14,21.23,21.07,21.21,3196683
2020-05-13,21.2,21.2,21.22,21.03,21.08,1555667
2020-05-14,20.97,20.97,21.11,20.93,21.11,3142571
2020-05-15,21.03,21.03,21.15,20.85,21.1,1760600
2020-05-18,20.88,20.88,21.0,20.86,20.9,1845091
2020-05-19,21.03,21.03,21.2,20.98,21.15,1355338
2020-05-20,21.07,21.07,21.15,21.0,21.11,1235135
2020-05-21,21.21,21.21,21.26,21.08,21.18,1945442
2020-05-22,20.91,20.91,21.13,20.89,21.13,3186290
2020-05-25,20.97,20.97,20.99,20.75,20.94,2313971
2020-05-26,21.22,21.22,21.27,21.09,21.11,3513654
2020-05-27,21.21,21.21,21.33,21.14,21.25,1712411
2020-05-28,21.12,21.12,21.35,21.06,21.31,2013557
2020-05-29,21.23,21.23,21.23,20.97,21.09,1632917
2020-06-01,21.36,21.36,21.43,21.25,21.26,2346566
2020-06-02,21.5,21.5,21.56,21.44,21.44,2445956
2020-06-03,21.85,21.85,21.86,21.73,21.74,3326284
2020-06-04,21.99,21.99,22.06,21.9,21.99,2862442
2020-06-05,22.15,22.15,22.16,22.02,22.02,3487196
2020-06-08,22.4,22.4,22.45,22.24,22.24,4245884
2020-06-09,22.43,22.43,22.48,22.28,22.4,3075776
2020-06-10,22.6,22.6,22.64,22.4,22.43,3408808
2020-06-11,22.29,22.29,22.72,22.25,22.6,4731669
2020-06-12,22.1,22.1,22.14,21.52,21.52,5140161
2020-06-15,21.84,21.84,22.13,21.8,22.1,2777211
2020-06-16,22.29,22.29,22.34,22.1,22.1,2634855
2020-06-17,22.34,22.34,22.44,22.21,22.44,6111536
2020-06-18,22.34,22.34,22.39,22.23,22.34,2470875
2020-06-19,22.38,22.38,22.42,22.34,22.34,2469914
2020-06-22,22.42,22.42,22.56,22.38,22.38,2277555
2020-06-23,22.47,22.47,22.57,22.34,22.45,3441482
2020-06-24,22.64,22.64,22.73,22.5,22.52,3180407
2020-06-29,22.45,22.45,22.55,22.36,22.54,4303023
2020-06-30,22.57,22.57,22.59,22.5,22.5,2461556
2020-07-01,22.72,22.72,22.79,22.61,22.61,4105065
2020-07-02,22.93,22.93,22.95,22.75,22.81,3965442
2020-07-03,23.19,23.19,23.23,22.98,22.98,5873602
2020-07-06,23.56,23.56,23.57,23.26,23.26,8007445
2020-07-07,23.64,23.64,23.88,23.5,23.75,7193838
2020-07-08,23.86,23.86,23.87,23.59,23.6,4782797
2020-07-09,23.91,23.91,24.05,23.88,23.95,3226739
2020-07-10,23.75,23.75,23.98,23.67,23.96,4879632
2020-07-13,24.01,24.01,24.02,23.83,23.83,4769574
2020-07-14,24.1,24.1,24.12,23.97,24.01,4223533
2020-07-15,24.17,24.17,24.37,24.1,24.17,3958088
2020-07-16,24.06,24.06,24.18,23.96,24.17,3376357
2020-07-17,24.22,24.22,24.3,24.12,24.14,3042957
2020-07-20,24.19,24.19,24.23,24.03,24.22,2884232
2020-07-21,24.66,24.66,24.73,24.22,24.27,6415947
2020-07-22,24.79,24.79,24.81,24.66,24.67,3189249
2020-07-23,24.78,24.78,24.8,24.63,24.79,2806004
2020-07-24,24.7,24.7,25.06,24.62,24.82,4759849
2020-07-27,25.59,25.59,25.6,25.31,25.32,8657917
2020-07-28,25.6,25.6,26.74,25.55,26.28,11299070
2020-07-29,25.52,25.52,25.75,25.42,25.5,3607873
2020-07-30,25.87,25.87,26.0,25.65,25.85,2225474
2020-07-31,25.85,25.85,25.91,25.69,25.87,2359790
2020-08-03,25.48,25.48,25.83,25.47,25.83,4805999
2020-08-04,25.81,25.81,25.81,25.51,25.51,2541297
2020-08-05,25.99,25.99,26.0,25.87,25.94,2386953
2020-08-06,26.25,26.25,26.39,26.1,26.21,3913926
2020-08-07,26.08,26.08,26.26,26.0,26.25,2953468
2020-08-10,26.32,26.32,26.38,26.02,26.06,2782070
2020-08-11,26.14,26.14,26.35,26.12,26.34,2940840
2020-08-12,25.81,25.81,26.0,25.73,26.0,3700956
2020-08-13,26.0,26.0,26.09,25.92,26.0,2547444
2020-08-14,26.06,26.06,26.09,25.89,26.0,1488907
2020-08-17,26.32,26.32,26.35,26.05,26.06,2799904
2020-08-18,26.22,26.22,26.37,26.11,26.35,2832712
2020-08-19,26.02,26.02,26.3,26.0,26.22,2843300
2020-08-20,25.18,25.18,25.92,24.74,25.86,11481195
2020-08-21,25.64,25.64,25.72,25.39,25.39,2692678
2020-08-24,25.7,25.7,25.83,25.55,25.68,2249009
2020-08-25,25.88,25.88,26.0,25.79,25.85,2259393
2020-08-26,25.97,25.97,25.97,25.8,25.9,1594509
2020-08-27,25.93,25.93,26.27,25.9,26.09,2638764
2020-08-28,25.77,25.77,25.91,25.67,25.87,2743350
2020-08-31,25.47,25.47,25.93,25.47,25.9,2961635
2020-09-01,25.63,25.63,25.64,25.37,25.5,1521567
2020-09-02,25.63,25.63,25.84,25.47,25.84,1205210
2020-09-03,25.69,25.69,25.89,25.64,25.81,2889163
2020-09-04,25.48,25.48,25.54,25.32,25.38,3794492
2020-09-07,25.47,25.47,25.65,25.4,25.42,1773653
2020-09-08,25.62,25.62,25.66,25.51,25.54,1326888
2020-09-09,25.45,25.45,25.45,25.2,25.39,3417379
2020-09-10,25.63,25.63,25.63,25.52,25.6,1436747
2020-09-11,25.64,25.64,25.65,25.53,25.62,1394749
2020-09-14,25.91,25.91,25.91,25.66,25.67,2654078
2020-09-15,26.02,26.02,26.04,25.9,25.94,2119487
2020-09-16,26.3,26.3,26.4,26.25,26.35,5129458
2020-09-17,26.03,26.03,26.24,26.0,26.24,2524790
2020-09-18,26.04,26.04,26.1,25.95,26.03,961365
2020-09-21,25.8,25.8,26.15,25.8,25.99,1937233
2020-09-22,25.53,25.53,25.77,25.48,25.77,2733450
2020-09-23,25.48,25.48,25.59,25.38,25.55,2107301
2020-09-24,24.89,24.89,25.27,24.88,25.27,6240590
2020-09-25,24.96,24.96,25.12,24.8,24.97,2560495
2020-09-28,25.36,25.36,25.36,25.0,25.0,1488779
2020-09-29,25.44,25.44,25.6,25.34,25.47,1140850
2020-09-30,25.52,25.52,25.62,25.44,25.45,1154939
2020-10-05,25.56,25.56,25.71,25.5,25.64,1343718
2020-10-06,25.78,25.78,25.84,25.72,25.75,1408245
2020-10-07,25.91,25.91,25.94,25.64,25.78,1943282
2020-10-08,26.22,26.22,26.22,26.05,26.09,5577292
2020-10-12,26.48,26.48,26.56,26.4,26.42,4023468
2020-10-13,26.47,26.47,26.58,26.29,26.52,2292082
2020-10-14,26.37,26.37,26.52,26.36,26.47,1003783
2020-10-15,26.22,26.22,26.37,26.04,26.37,1575830
2020-10-16,26.08,26.08,26.3,26.07,26.2,1354753
2020-10-19,26.36,26.36,26.36,26.17,26.2,1385026
2020-10-20,26.27,26.27,26.36,26.26,26.36,654199
2020-10-21,26.25,26.25,26.36,26.23,26.3,1075058
2020-10-22,26.32,26.32,26.32,26.15,26.23,787738
2020-10-23,26.27,26.27,26.4,26.25,26.39,575887
2020-10-26,26.31,26.31,26.45,26.24,26.38,906601
2020-10-27,26.19,26.19,26.22,26.12,26.22,833628
2020-10-28,26.08,26.08,26.19,26.03,26.17,1286979
2020-10-29,25.83,25.83,25.93,25.62,25.93,2377358
2020-10-30,25.6,25.6,25.79,25.54,25.78,2102191
2020-11-02,25.67,25.67,25.67,25.44,25.6,1323794
2020-11-03,25.95,25.95,25.99,25.78,25.78,1057519
2020-11-04,26.27,26.27,26.32,25.94,25.99,1742673
2020-11-05,26.26,26.26,26.29,26.16,26.27,1310596
2020-11-06,26.37,26.37,26.47,26.29,26.38,2769062
2020-11-09,26.68,26.68,26.82,26.58,26.66,5033283
2020-11-10,26.6,26.6,26.8,26.51,26.73,2819136
2020-11-11,26.95,26.95,26.95,26.58,26.59,2972851
2020-11-12,26.97,26.97,27.14,26.94,27.03,2328549
2020-11-13,27.05,27.05,27.05,26.87,26.98,1887845
2020-11-16,27.76,27.76,27.77,27.35,27.35,4396054
2020-11-17,27.96,27.96,28.45,27.92,28.2,4693099
2020-11-18,28.22,28.22,28.22,27.94,27.97,3957887
2020-11-19,28.23,28.23,28.24,28.14,28.22,4538021
2020-11-20,27.4,27.4,27.43,27.21,27.43,6914120
2020-11-23,27.67,27.67,27.78,27.52,27.52,5053269
2020-11-24,27.54,27.54,27.79,27.53,27.75,4717595
2020-11-25,27.38,27.38,27.7,27.36,27.7,3343664
2020-11-26,27.57,27.57,27.63,27.4,27.4,2171073
2020-11-27,27.56,27.56,27.63,27.47,27.6,2134940
2020-11-30,27.37,27.37,27.73,27.36,27.65,4445427
2020-12-01,27.48,27.48,27.5,27.36,27.49,1553832
2020-12-02,27.7,27.7,27.72,27.54,27.68,1845079
2020-12-04,28.0,28.0,28.02,27.76,27.78,2756127
2020-12-07,28.24,28.24,28.3,28.03,28.15,3213214
2020-12-08,28.58,28.58,28.58,28.19,28.3,4104393
2020-12-09,28.66,28.66,28.73,28.57,28.6,2986864
2020-12-10,28.39,28.39,28.51,28.25,28.51,4742023
2020-12-11,28.35,28.35,28.51,28.08,28.4,2518324
2020-12-14,28.3,28.3,28.39,28.26,28.35,1663495
2020-12-15,28.01,28.01,28.28,27.98,28.22,2716959
2020-12-16,28.32,28.32,28.34,28.1,28.1,2347689
2020-12-17,28.27,28.27,28.39,28.15,28.36,1452360
2020-12-18,28.2,28.2,28.34,28.17,28.27,1403742
2020-12-21,28.4,28.4,28.43,28.02,28.2,1898456
2020-12-22,28.11,28.11,28.52,28.1,28.39,2521217
2020-12-23,28.2,28.2,28.25,28.02,28.09,1277832
2020-12-24,28.33,28.33,28.4,28.26,28.26,1753597
2020-12-25,28.4,28.4,28.56,28.34,28.43,1964614
2020-12-28,28.69,28.69,28.69,28.45,28.45,2062884
2020-12-29,28.68,28.68,28.75,28.6,28.7,1385168
2020-12-30,29.11,29.11,29.11,28.7,28.71,3279213
2020-12-31,29.21,29.21,29.24,29.07,29.15,1936775
2021-01-04,29.75,29.75,29.79,29.2,29.21,3416556
2021-01-05,29.89,29.89,29.89,29.65,29.75,2511064
2021-01-06,30.03,30.03,30.4,29.71,30.11,4726344
2021-01-07,30.66,30.66,30.68,30.23,30.23,3688145
2021-01-08,31.1,31.1,31.13,30.8,31.0,5528993
2021-01-11,31.3,31.3,31.31,31.01,31.1,3037334
2021-01-12,31.18,31.18,31.47,31.08,31.31,3486273
2021-01-13,31.76,31.76,31.79,31.34,31.37,3371386
2021-01-14,31.69,31.69,31.79,31.51,31.67,2388525
2021-01-15,31.6,31.6,32.34,31.56,32.2,3940169
2021-01-18,31.49,31.49,31.59,30.95,31.59,3864360
2021-01-19,32.08,32.08,32.1,31.68,31.71,3320325
2021-01-20,31.98,31.98,32.33,31.92,32.1,3952247
2021-01-21,32.71,32.71,32.85,32.03,32.03,3976203
2021-01-22,32.55,32.55,32.71,32.42,32.52,3020436
2021-01-25,32.4,32.4,32.54,31.96,32.5,2903530
2021-01-26,31.78,31.78,32.5,31.65,32.35,4519350
2021-01-27,31.87,31.87,32.12,31.68,31.85,2263223
2021-01-28,31.3,31.3,31.51,31.1,31.1,4148283
2021-01-29,30.8,30.8,31.6,30.8,31.55,4731214
2021-02-01,31.22,31.22,31.25,30.63,30.75,3626006
2021-02-02,31.94,31.94,32.12,31.56,31.57,3099909
2021-02-03,31.99,31.99,32.19,31.9,32.09,2952298
2021-02-04,31.81,31.81,31.97,31.52,31.8,1304680
2021-02-05,32.02,32.02,32.32,31.96,32.12,3843347
2021-02-17,33.07,33.07,33.2,32.8,32.86,4280843
2021-02-18,33.21,33.21,33.45,33.03,33.11,2626497
2021-02-19,33.0,33.0,33.09,32.66,33.09,3371088
2021-02-22,33.01,33.01,33.38,32.97,33.11,2153159
2021-02-23,33.05,33.05,33.07,32.55,32.83,3175273
2021-02-24,32.59,32.59,33.05,32.55,32.89,3821616
2021-02-25,32.99,32.99,33.04,32.76,32.96,1407968
2021-02-26,32.43,32.43,32.56,32.13,32.56,5181473
2021-03-02,32.16,32.16,32.73,32.16,32.72,3742389
2021-03-03,32.59,32.59,32.59,32.08,32.3,1400651
2021-03-04,32.18,32.18,32.43,31.88,32.43,4026600
2021-03-05,31.81,31.81,31.99,31.52,31.71,2334713
2021-03-08,31.82,31.82,32.32,31.76,32.02,2786661
2021-03-09,31.83,31.83,31.89,31.48,31.73,2369619
2021-03-10,31.9,31.9,32.12,31.85,32.0,1396561
2021-03-11,32.5,32.5,32.58,32.01,32.02,1822064
2021-03-12,32.7,32.7,32.8,32.55,32.66,2020517
2021-03-15,32.72,32.72,32.72,32.54,32.68,1410358
2021-03-16,32.79,32.79,32.89,32.69,32.69,3606694
2021-03-17,32.62,32.62,32.92,32.59,32.79,1289944
2021-03-18,32.84,32.84,33.08,32.77,32.77,2235394
2021-03-19,32.49,32.49,32.64,32.35,32.64,2916025
2021-03-22,32.72,32.72,32.75,32.27,32.45,1055037
2021-03-23,32.7,32.7,32.96,32.7,32.76,1095362
2021-03-24,32.41,32.41,32.57,32.36,32.45,2629722
2021-03-25,32.57,32.57,32.69,32.26,32.4,1282515
2021-03-26,33.0,33.0,33.02,32.69,32.69,2138141
2021-03-29,33.21,33.21,33.3,33.12,33.19,4958995
2021-03-30,33.35,33.35,33.37,33.18,33.27,3647656
2021-03-31,33.15,33.15,33.34,33.11,33.33,1605578
2021-04-01,33.3,33.3,33.4,33.18,33.32,1281027
2021-04-06,33.71,33.71,33.84,33.64,33.73,2208038
2021-04-07,33.72,33.72,33.78,33.55,33.73,1304743
2021-04-08,33.89,33.89,33.89,33.56,33.71,1803213
2021-04-09,33.78,33.78,33.99,33.75,33.96,1849817
2021-04-12,33.66,33.66,33.93,33.56,33.78,1184390
2021-04-13,33.63,33.63,34.01,33.58,33.66,1952910
2021-04-14,33.7,33.7,33.83,33.27,33.71,2678071
2021-04-15,34.02,34.02,34.02,33.7,33.7,1653498
2021-04-16,34.2,34.2,34.2,33.94,34.02,2063802
2021-04-19,34.37,34.37,34.4,34.17,34.2,1552683
2021-04-20,34.48,34.48,34.5,34.32,34.37,875623
2021-04-21,34.28,34.28,34.48,34.2,34.48,1783008
2021-04-22,34.1,34.1,34.56,34.05,34.37,2028112
2021-04-23,34.38,34.38,34.38,34.0,34.05,2107424
2021-04-26,34.9,34.9,34.94,34.64,34.64,2853757
2021-04-27,34.93,34.93,35.05,34.85,34.91,2304939
2021-04-28,34.97,34.97,34.99,34.83,34.93,812883
2021-04-29,35.05,35.05,35.28,35.02,35.16,1217546
2021-05-03,34.45,34.45,35.02,34.42,35.02,3684906
2021-05-04,33.96,33.96,34.5,33.46,34.42,5357414
2021-05-05,33.65,33.65,34.03,33.65,33.95,2021959
2021-05-06,34.0,34.0,34.16,33.56,33.79,1767454
2021-05-07,34.57,34.57,34.57,34.23,34.33,1756469
2021-05-10,34.48,34.48,34.65,34.37,34.65,1666523
2021-05-11,33.4,33.4,34.07,33.24,34.0,4621690
2021-05-12,31.93,31.93,33.15,30.21,33.0,11562046
2021-05-13,31.55,31.55,32.25,30.6,31.0,5427005
2021-05-14,32.0,32.0,32.3,31.75,31.95,3514320
2021-05-17,31.19,31.19,31.84,30.78,31.0,7571144
2021-05-18,32.7,32.7,32.73,31.55,31.7,4080379
2021-05-19,32.59,32.59,32.84,32.39,32.7,2237894
2021-05-20,32.48,32.48,32.6,32.26,32.6,1463168
2021-05-21,32.89,32.89,33.29,32.65,33.0,1447317
2021-05-24,32.92,32.92,33.02,32.65,32.79,1033745
2021-05-25,33.42,33.42,33.48,33.05,33.05,1918420
2021-05-26,33.5,33.5,33.56,33.31,33.52,1295916
2021-05-27,33.28,33.28,33.3,32.96,33.26,1358226
2021-05-28,33.82,33.82,33.82,33.4,33.53,2395983
2021-05-31,34.06,34.06,34.2,33.8,33.86,2168824
2021-06-01,34.27,34.27,34.31,34.12,34.15,1525171
2021-06-02,34.14,34.14,34.38,34.0,34.27,840285
2021-06-03,34.31,34.31,34.45,34.16,34.27,1198203
2021-06-04,34.13,34.13,34.18,33.96,34.08,1596935
2021-06-07,34.2,34.2,34.24,33.44,34.16,3409730
2021-06-08,34.09,34.09,34.28,34.0,34.23,685826
2021-06-09,33.84,33.84,34.03,33.76,34.03,848065
2021-06-10,34.22,34.22,34.26,33.92,33.98,1205212
2021-06-11,34.32,34.32,34.46,34.31,34.32,928603
2021-06-15,34.57,34.57,34.59,34.41,34.48,911320
2021-06-16,34.55,34.55,34.6,34.44,34.58,1155235
2021-06-17,34.56,34.56,34.56,34.18,34.53,1003093
2021-06-18,34.5,34.5,34.66,34.44,34.66,594253
2021-06-21,33.96,33.96,34.38,33.86,34.38,2830360
2021-06-22,33.83,33.83,34.14,33.83,34.12,1579405
2021-06-23,34.28,34.28,34.31,33.9,33.91,1448932
2021-06-24,34.33,34.33,34.45,34.24,34.28,805689
2021-06-25,34.39,34.39,34.64,34.39,34.51,1258579
2021-06-28,34.6,34.6,34.6,34.33,34.55,982706
2021-06-29,34.6,34.6,34.7,34.44,34.63,1048664
2021-06-30,34.85,34.85,34.97,34.64,34.64,1395053
2021-07-01,34.71,34.71,34.96,34.59,34.89,840350
2021-07-02,34.7,34.7,34.83,34.65,34.71,1269108
2021-07-05,35.04,35.04,35.1,34.82,34.82,1267127
2021-07-06,35.1,35.1,35.17,35.04,35.14,1038328
2021-07-07,35.0,35.0,35.1,34.82,34.99,1315509
2021-07-08,35.04,35.04,35.1,34.81,35.1,998887
2021-07-09,34.8,34.8,35.0,34.56,35.0,1824439
2021-07-12,35.07,35.07,35.26,34.95,35.15,1924271
2021-07-13,35.2,35.2,35.4,35.18,35.25,1448875
2021-07-14,35.24,35.24,35.37,35.13,35.24,628324
2021-07-15,35.57,35.57,35.57,35.35,35.35,856154
2021-07-16,35.44,35.44,35.44,35.04,35.2,1078069
2021-07-19,35.2,35.2,35.23,34.94,35.23,1960671
2021-07-20,34.76,34.76,35.01,34.71,34.98,1765266
2021-07-21,34.57,34.57,35.0,34.47,35.0,1876962
2021-07-22,34.8,34.8,35.02,34.69,34.69,1150384
2021-07-23,34.81,34.81,35.04,34.77,34.96,800815
2021-07-26,34.63,34.63,35.0,34.62,35.0,1420369
2021-07-27,34.56,34.56,34.78,34.53,34.63,1069693
2021-07-28,34.31,34.31,34.46,33.82,34.46,2692993
2021-07-29,34.73,34.73,34.73,34.35,34.48,836101
2021-07-30,34.51,34.51,34.73,34.5,34.73,643834
2021-08-02,35.03,35.03,35.03,34.56,34.73,976396
2021-08-03,35.15,35.15,35.15,34.91,35.02,892107
2021-08-04,35.37,35.37,35.39,35.13,35.18,1282486
2021-08-05,35.31,35.31,35.4,35.3,35.4,586981
2021-08-06,35.2,35.2,35.29,34.97,35.29,1163855
2021-08-09,35.08,35.08,35.1,34.7,35.01,1127394
2021-08-10,34.86,34.86,35.11,34.85,35.09,1679503
2021-08-11,34.77,34.77,34.88,34.58,34.8,1376107
2021-08-12,34.66,34.66,34.82,34.63,34.8,724860
2021-08-13,34.34,34.34,34.71,34.33,34.66,1365117
2021-08-16,34.21,34.21,34.35,34.05,34.34,2076713
2021-08-17,33.87,33.87,34.23,33.87,34.23,1420583
2021-08-18,34.17,34.17,34.18,33.45,33.58,1824176
2021-08-19,33.4,33.4,34.05,33.33,34.05,2251778
2021-08-20,33.28,33.28,33.55,33.08,33.45,1814986
2021-08-23,34.12,34.12,34.17,33.55,33.55,1952699
2021-08-24,34.22,34.22,34.41,34.12,34.35,1383564
2021-08-25,34.47,34.47,34.48,34.27,34.27,1614868
2021-08-26,34.56,34.56,34.78,34.35,34.77,1184299
2021-08-27,34.95,34.95,35.01,34.48,34.55,1634801
2021-08-30,35.26,35.26,35.26,35.02,35.07,2017336
2021-08-31,35.5,35.5,35.5,34.89,35.25,1346226
2021-09-01,35.49,35.49,35.54,35.39,35.42,1070676
2021-09-02,35.15,35.15,35.52,35.13,35.46,1107695
2021-09-03,35.63,35.63,35.68,35.32,35.32,1552458
2021-09-06,35.62,35.62,35.8,35.45,35.63,1829364
2021-09-07,35.47,35.47,35.63,35.32,35.62,585931
2021-09-08,35.12,35.12,35.45,34.98,35.45,2062170
2021-09-09,35.13,35.13,35.2,34.84,34.98,864082
2021-09-10,35.52,35.52,35.54,35.15,35.15,801256
2021-09-13,35.45,35.45,35.55,35.36,35.52,344801
2021-09-14,35.5,35.5,35.65,35.46,35.53,518541
2021-09-15,35.37,35.37,35.46,35.24,35.4,518332
2021-09-16,35.26,35.26,35.46,35.15,35.37,968985
2021-09-17,35.32,35.32,35.48,35.09,35.25,689318
2021-09-22,34.56,34.56,34.61,34.28,34.55,2829946
2021-09-23,34.87,34.87,34.95,34.7,34.74,787856
2021-09-24,35.1,35.1,35.17,34.97,34.97,447456
2021-09-27,35.27,35.27,35.33,35.1,35.13,856939
2021-09-28,35.04,35.04,35.05,34.83,35.05,560507
2021-09-29,34.35,34.35,34.54,34.31,34.5,2583465
2021-09-30,34.56,34.56,34.65,34.2,34.35,956909
2021-10-01,33.97,33.97,34.43,33.86,34.43,2919967
2021-10-04,33.76,33.76,34.16,33.68,34.0,1323875
2021-10-05,33.95,33.95,34.0,33.28,33.49,3400463
2021-10-06,33.75,33.75,34.0,33.53,33.99,2913012
2021-10-07,34.21,34.21,34.33,33.94,33.94,807837
2021-10-08,34.11,34.11,34.31,34.05,34.26,1297911
2021-10-12,33.68,33.68,33.71,33.4,33.53,1136112
2021-10-13,33.51,33.51,33.95,33.46,33.79,795165
2021-10-14,33.54,33.54,33.83,33.46,33.71,578021
2021-10-15,34.24,34.24,34.28,33.83,33.96,834833
2021-10-18,34.21,34.21,34.46,34.19,34.44,1161420
2021-10-19,34.49,34.49,34.58,34.29,34.29,626454
2021-10-20,34.44,34.44,34.57,34.4,34.49,756232
2021-10-21,34.32,34.32,34.67,34.3,34.43,830738
2021-10-22,34.38,34.38,34.45,34.2,34.32,573341
2021-10-25,34.4,34.4,34.45,34.09,34.28,772709
2021-10-26,34.73,34.73,34.76,34.46,34.46,951165
2021-10-27,34.76,34.76,34.76,34.54,34.68,476303
2021-10-28,34.71,34.71,34.79,34.6,34.73,487082
2021-10-29,34.4,34.4,34.67,34.29,34.67,605109
2021-11-01,34.57,34.57,34.66,34.5,34.55,523955
2021-11-02,34.52,34.52,34.86,34.5,34.65,665196
2021-11-03,34.65,34.65,34.73,34.56,34.56,490625
2021-11-04,34.64,34.64,34.86,34.62,34.84,421118
2021-11-05,34.98,34.98,34.99,34.68,34.73,1154769
2021-11-08,35.38,35.38,35.38,35.0,35.0,1560557
2021-11-09,35.59,35.59,35.71,35.47,35.47,2038025
2021-11-10,35.57,35.57,35.59,35.45,35.59,904660
2021-11-11,35.38,35.38,35.45,35.21,35.31,882421
2021-11-12,35.51,35.51,35.67,35.41,35.48,1169355
2021-11-15,35.8,35.8,35.84,35.68,35.72,1518736
2021-11-16,35.85,35.85,35.88,35.77,35.88,1700350
2021-11-17,36.0,36.0,36.01,35.86,35.86,1770545
2021-11-18,36.3,36.3,36.32,36.09,36.1,2114575
2021-11-19,35.29,35.29,35.55,35.24,35.55,2542623
2021-11-22,35.22,35.22,35.28,35.18,35.28,1111449
2021-11-23,34.94,34.94,35.07,34.88,35.02,1534107
2021-11-24,34.87,34.87,34.98,34.77,34.91,1514006
2021-11-25,34.88,34.88,34.92,34.73,34.87,966058
2021-11-26,34.35,34.35,34.74,34.3,34.7,3286688
2021-11-29,34.19,34.19,34.39,34.0,34.19,1610555
2021-11-30,34.22,34.22,34.6,34.19,34.32,853009
2021-12-01,34.73,34.73,34.77,34.19,34.2,751298
2021-12-02,34.94,34.94,34.98,34.54,34.67,866811
2021-12-03,35.06,35.06,35.1,34.88,35.0,729149
2021-12-06,35.1,35.1,35.18,34.7,34.92,890647
2021-12-07,35.24,35.24,35.24,34.88,35.09,642692
2021-12-08,35.4,35.4,35.6,35.34,35.57,1045379
2021-12-09,35.36,35.36,35.47,35.24,35.42,750162
2021-12-10,35.31,35.31,35.35,35.18,35.28,589060
2021-12-13,35.18,35.18,35.42,35.18,35.29,662318
2021-12-14,34.84,34.84,34.99,34.81,34.94,935638
2021-12-15,34.85,34.85,34.89,34.7,34.79,745230
2021-12-16,35.26,35.26,35.26,35.03,35.03,1109197
2021-12-17,35.14,35.14,35.17,35.05,35.16,404295
2021-12-20,34.89,34.89,35.12,34.79,35.12,970065
2021-12-21,35.22,35.22,35.23,34.9,35.01,748876
2021-12-22,35.22,35.22,35.22,35.16,35.22,372827
2021-12-23,35.42,35.42,35.5,35.31,35.34,2044458
2021-12-24,35.4,35.4,35.55,35.4,35.44,928630
2021-12-27,35.67,35.67,35.72,35.42,35.42,1511707
2021-12-28,35.92,35.92,35.94,35.72,35.72,1112531
2021-12-29,36.02,36.02,36.06,35.91,35.91,1419086
2021-12-30,35.91,35.91,36.01,35.85,36.01,693435
2022-01-03,35.9,35.9,36.23,35.81,36.09,3300982
2022-01-04,36.45,36.45,36.45,36.13,36.13,1630915
2022-01-05,36.5,36.5,36.61,36.46,36.58,1888105
2022-01-06,36.28,36.28,36.41,36.09,36.35,1560262
2022-01-07,35.95,35.95,36.44,35.91,36.4,871237
2022-01-10,36.04,36.04,36.08,35.72,35.85,753140
2022-01-11,36.22,36.22,36.27,35.86,36.02,1016649
2022-01-12,36.44,36.44,36.46,36.3,36.43,967548
2022-01-13,36.69,36.69,36.73,36.46,36.46,1682727
2022-01-14,36.63,36.63,36.77,36.34,36.75,1219489
2022-01-17,36.94,36.94,36.95,36.71,36.71,1244559
2022-01-18,36.66,36.66,36.99,36.65,36.92,1112768
2022-01-19,36.32,36.32,36.54,36.28,36.44,1314343
2022-01-20,36.4,36.4,36.47,36.07,36.31,1112323
2022-01-21,35.68,35.68,35.92,35.61,35.91,1800105
2022-01-24,35.93,35.93,35.93,35.4,35.49,1654532
2022-01-25,35.5,35.5,35.52,35.3,35.51,2466719
2022-01-26,35.49,35.49,35.63,35.37,35.42,1446349
2022-02-07,35.89,35.89,35.89,35.52,35.65,1399658
2022-02-08,36.03,36.03,36.15,36.01,36.14,625075
2022-02-09,36.31,36.31,36.33,36.08,36.08,844491
2022-02-10,36.6,36.6,36.61,36.26,36.41,1064542
2022-02-11,36.54,36.54,36.61,36.4,36.56,987932
2022-02-14,36.03,36.03,36.29,35.88,36.29,1551290
2022-02-15,35.93,35.93,36.15,35.88,36.05,662070
2022-02-16,36.48,36.48,36.49,36.32,36.42,938124
2022-02-17,36.48,36.48,36.63,36.34,36.52,979176
2022-02-18,36.47,36.47,36.48,36.24,36.35,423443
2022-02-21,36.46,36.46,36.48,36.19,36.28,508992
2022-02-22,35.98,35.98,36.21,35.72,36.21,1173387
2022-02-23,36.14,36.14,36.17,35.96,35.97,501085
2022-02-24,35.26,35.26,35.8,35.17,35.8,3215584
2022-02-25,35.25,35.25,35.43,35.07,35.26,1488707
2022-03-01,35.79,35.79,35.85,35.3,35.31,1164428
2022-03-02,35.62,35.62,35.72,35.48,35.72,664643
2022-03-03,35.7,35.7,35.79,35.63,35.7,342946
2022-03-04,35.34,35.34,35.48,35.25,35.35,574065
2022-03-07,34.31,34.31,34.88,34.17,34.88,4455895
2022-03-08,33.66,33.66,34.04,33.54,33.93,4315587
2022-03-09,33.96,33.96,34.05,33.7,33.7,901703
2022-03-10,34.79,34.79,34.87,34.46,34.46,1206489
2022-03-11,34.45,34.45,34.79,34.41,34.79,784137
2022-03-14,34.49,34.49,34.65,34.31,34.53,726633
2022-03-15,33.88,33.88,34.34,33.84,34.34,1039918
2022-03-16,34.05,34.05,34.17,33.76,33.98,1384932
2022-03-17,35.04,35.04,35.08,34.62,34.75,1933448
2022-03-18,35.02,35.02,35.1,34.8,35.1,601865
2022-03-21,35.03,35.03,35.25,35.0,35.06,675625
2022-03-22,35.06,35.06,35.1,35.0,35.1,300216
2022-03-23,35.41,35.41,35.46,35.25,35.25,1271935
2022-03-24,35.39,35.39,35.4,35.2,35.35,554981
2022-03-25,35.33,35.33,35.4,35.23,35.4,428312
2022-03-28,35.1,35.1,35.33,34.73,35.33,1388043
2022-03-29,35.1,35.1,35.17,35.01,35.13,606342
2022-03-30,35.42,35.42,35.45,35.29,35.29,1013955
2022-03-31,35.36,35.36,35.46,35.32,35.4,900812
2022-04-01,35.18,35.18,35.2,34.93,35.04,397601
2022-04-06,35.11,35.11,35.14,34.77,34.83,1209089
2022-04-07,34.5,34.5,34.89,34.5,34.87,1216842
2022-04-08,34.73,34.73,34.74,34.52,34.54,480448
2022-04-11,34.23,34.23,34.73,34.15,34.7,1042790
2022-04-12,34.23,34.23,34.31,34.05,34.1,1301336
2022-04-13,34.76,34.76,34.77,34.34,34.34,944685
2022-04-14,34.64,34.64,34.9,34.64,34.88,383039
2022-04-15,34.14,34.14,34.5,34.1,34.5,890265
2022-04-18,33.92,33.92,34.12,33.75,34.12,2546927
2022-04-19,34.1,34.1,34.3,34.05,34.14,278806
2022-04-20,34.23,34.23,34.25,34.01,34.25,280442
2022-04-21,34.23,34.23,34.43,34.22,34.3,173615
2022-04-22,34.09,34.09,34.1,33.79,33.91,1262699
2022-04-25,33.47,33.47,33.68,33.25,33.67,2311929
2022-04-26,33.52,33.52,33.6,33.37,33.45,852750
2022-04-27,32.89,32.89,33.03,32.74,33.03,3181596
2022-04-28,33.13,33.13,33.15,32.78,33.02,711838
2022-04-29,33.44,33.44,33.56,33.31,33.44,360104
2022-05-03,33.23,33.23,33.44,33.15,33.44,832277
2022-05-04,33.29,33.29,33.41,33.24,33.41,527740
2022-05-05,33.54,33.54,33.75,33.45,33.65,817189
2022-05-06,33.02,33.02,33.03,32.75,32.9,2460607
2022-05-09,32.38,32.38,32.6,32.38,32.6,1928310
2022-05-10,32.29,32.29,32.3,31.77,31.95,1063758
2022-05-11,32.24,32.24,32.33,32.09,32.26,299205
2022-05-12,31.45,31.45,32.01,31.45,32.01,1113172
2022-05-13,31.77,31.77,31.79,31.56,31.56,2281524
2022-05-16,31.88,31.88,32.09,31.71,31.91,1016677
2022-05-17,32.08,32.08,32.12,31.9,31.9,1180144
2022-05-18,32.51,32.51,32.55,32.27,32.36,1276732
2022-05-19,32.01,32.01,32.01,31.76,31.94,1639030
2022-05-20,32.2,32.2,32.25,32.05,32.05,649367
2022-05-23,32.25,32.25,32.39,32.12,32.3,345353
2022-05-24,31.9,31.9,32.32,31.9,32.25,261647
2022-05-25,32.21,32.21,32.26,31.93,32.14,333415
2022-05-26,31.9,31.9,32.35,31.87,32.3,808958
2022-05-27,32.44,32.44,32.46,32.2,32.2,424737
2022-05-30,33.12,33.12,33.12,32.81,32.91,659514
2022-05-31,33.39,33.39,33.39,32.79,32.79,1219970
2022-06-01,33.28,33.28,33.49,33.24,33.3,653147
2022-06-02,33.02,33.02,33.12,32.9,32.98,263952
2022-06-06,33.22,33.22,33.31,32.92,33.21,785949
2022-06-07,32.89,32.89,33.0,32.79,33.0,293109
2022-06-08,33.27,33.27,33.33,33.01,33.02,535367
2022-06-09,33.12,33.12,33.15,33.01,33.06,184005
2022-06-10,32.89,32.89,32.94,32.65,32.69,281674
2022-06-13,32.07,32.07,32.15,31.96,32.15,1399751
2022-06-14,32.1,32.1,32.13,31.72,31.83,1064581
2022-06-15,31.96,31.96,32.1,31.91,32.01,511916
2022-06-16,31.76,31.76,32.46,31.69,32.3,875101
2022-06-17,31.54,31.54,31.58,31.28,31.41,2185590
2022-06-20,31.12,31.12,31.53,31.1,31.5,844534
2022-06-21,31.7,31.7,31.7,31.25,31.28,754331
2022-06-22,31.04,31.04,31.6,31.02,31.6,534198
2022-06-23,30.69,30.69,31.19,30.52,31.15,869044
2022-06-24,30.81,30.81,31.1,30.75,30.98,537049
2022-06-27,31.33,31.33,31.54,31.24,31.26,956006
2022-06-28,31.12,31.12,31.31,30.95,31.31,1376739
2022-06-29,30.84,30.84,30.98,30.75,30.81,293799
2022-06-30,30.08,30.08,30.57,30.04,30.57,1318650
2022-07-01,29.18,29.18,30.06,29.15,30.06,2734441
2022-07-04,28.97,28.97,29.39,28.83,29.17,1277533
2022-07-05,29.13,29.13,29.58,28.66,29.47,718250
2022-07-06,28.54,28.54,29.13,28.46,29.13,1567692
2022-07-07,29.27,29.27,29.33,28.48,28.55,1606830
2022-07-08,29.53,29.53,29.71,29.3,29.53,525409
2022-07-11,29.3,29.3,29.68,29.2,29.6,307862
2022-07-12,28.55,28.55,28.94,28.44,28.94,684107
2022-07-13,29.43,29.43,29.55,29.27,29.27,1103457
2022-07-14,29.62,29.62,29.75,29.1,29.26,632930
2022-07-15,29.77,29.77,29.88,29.53,29.74,1076632
2022-07-18,30.14,30.14,30.17,29.94,29.94,811021
2022-07-19,30.13,30.13,30.16,29.95,30.02,197815
2022-07-20,30.28,30.28,30.58,30.22,30.5,650584
2022-07-21,30.68,30.68,30.68,30.3,30.34,398353
2022-07-22,30.73,30.73,30.81,30.59,30.73,233987
2022-07-25,30.79,30.79,30.88,30.53,30.62,365686
2022-07-26,30.62,30.62,30.76,30.49,30.69,594515
2022-07-27,30.76,30.76,30.76,30.42,30.59,189798
2022-07-28,30.89,30.89,31.09,30.8,31.09,214354
2022-07-29,31.02,31.02,31.23,30.96,31.18,438762
2022-08-01,31.0,31.0,31.08,30.84,31.02,254378
2022-08-02,30.57,30.57,30.65,30.41,30.6,429508
2022-08-03,30.73,30.73,30.73,30.49,30.54,1372662
2022-08-04,30.73,30.73,30.8,30.36,30.72,663650
2022-08-05,31.44,31.44,31.45,31.11,31.12,807037
2022-08-08,31.4,31.4,31.42,31.17,31.25,864408
2022-08-09,31.42,31.42,31.53,31.14,31.23,654453
2022-08-10,31.19,31.19,31.39,31.04,31.39,197090
2022-08-11,31.76,31.76,31.82,31.63,31.67,317779
2022-08-12,31.99,31.99,32.0,31.85,31.88,280302
2022-08-15,32.22,32.22,32.26,32.01,32.24,516746
2022-08-16,32.25,32.25,32.29,32.14,32.27,978504
2022-08-17,32.24,32.24,32.29,32.17,32.22,315381
2022-08-18,32.11,32.11,32.13,31.94,32.13,287526
2022-08-19,32.14,32.14,32.21,31.97,32.01,152778
2022-08-22,31.83,31.83,31.9,31.75,31.86,360622
2022-08-23,31.46,31.46,31.64,31.43,31.57,460629
2022-08-24,31.39,31.39,31.55,31.32,31.46,213274
2022-08-25,31.65,31.65,31.76,31.55,31.61,260234
2022-08-26,31.83,31.83,31.93,31.8,31.82,1802585
2022-08-29,31.04,31.04,31.13,30.88,31.0,733259
2022-08-30,31.13,31.13,31.25,30.97,31.06,580817
2022-08-31,31.35,31.35,31.35,30.9,30.93,392565
2022-09-01,30.72,30.72,30.79,30.58,30.73,844870
2022-09-02,30.4,30.4,30.73,30.4,30.73,513882
2022-09-05,30.51,30.51,30.6,30.38,30.53,435921
2022-09-06,30.66,30.66,30.78,30.5,30.62,640158
2022-09-07,30.02,30.02,30.35,30.0,30.35,1050269
2022-09-08,30.33,30.33,30.33,30.08,30.25,214081
2022-09-12,30.84,30.84,30.92,30.71,30.79,272680
2022-09-13,30.98,30.98,31.09,30.93,31.04,224353
2022-09-14,30.39,30.39,30.44,30.23,30.23,330893
2022-09-15,30.54,30.54,30.63,30.32,30.58,251510
2022-09-16,30.29,30.29,30.29,30.17,30.25,659578
2022-09-19,30.13,30.13,30.49,30.08,30.49,627968
2022-09-20,30.39,30.39,30.41,30.18,30.33,236985
2022-09-21,30.08,30.08,30.21,30.02,30.18,272199
2022-09-22,29.7,29.7,29.85,29.43,29.85,601417
2022-09-23,29.47,29.47,29.66,29.39,29.56,658289
2022-09-26,28.87,28.87,29.02,28.79,29.02,1822314
2022-09-27,28.85,28.85,28.99,28.78,28.91,597092
2022-09-28,28.27,28.27,28.9,28.26,28.88,980032
2022-09-29,28.26,28.26,28.55,28.17,28.48,1167511
2022-09-30,27.92,27.92,28.06,27.8,27.96,2084453
2022-10-03,27.63,27.63,27.95,27.57,27.67,662308
2022-10-04,28.26,28.26,28.3,27.89,27.89,359519
2022-10-05,28.81,28.81,28.92,28.62,28.62,651481
2022-10-06,28.99,28.99,29.0,28.85,28.85,696858
2022-10-07,28.57,28.57,28.76,28.56,28.7,282320
2022-10-11,27.4,27.4,27.96,27.36,27.96,2659650
2022-10-12,27.37,27.37,27.42,27.11,27.4,2058607
2022-10-13,26.9,26.9,27.4,26.84,27.37,1703613
2022-10-14,27.53,27.53,27.69,27.4,27.45,495279
2022-10-17,27.15,27.15,27.28,26.9,27.28,2616231
2022-10-18,27.4,27.4,27.75,27.17,27.69,909556
2022-10-19,27.11,27.11,27.46,27.11,27.38,230313
2022-10-20,27.0,27.0,27.02,26.43,26.91,1679317
2022-10-21,26.86,26.86,27.11,26.86,27.0,342941
2022-10-24,26.97,26.97,27.35,26.97,27.25,462053
2022-10-25,26.58,26.58,27.01,26.47,27.01,1034453
2022-10-26,26.75,26.75,26.87,26.5,26.59,858606
2022-10-27,27.03,27.03,27.17,27.0,27.0,309631
2022-10-28,26.73,26.73,26.99,26.65,26.91,290121
2022-10-31,27.03,27.03,27.14,26.83,26.83,285779
2022-11-01,27.18,27.18,27.33,27.0,27.03,288444
2022-11-02,27.29,27.29,27.3,27.18,27.18,386733
2022-11-03,27.0,27.0,27.04,26.87,26.99,1659523
2022-11-04,27.1,27.1,27.1,26.74,26.9,1212383
2022-11-07,27.56,27.56,27.59,27.25,27.37,2649687
2022-11-08,27.82,27.82,27.9,27.72,27.9,1908921
2022-11-09,28.42,28.42,28.42,27.95,27.95,1702772
2022-11-10,28.2,28.2,28.3,28.09,28.3,2113954
2022-11-11,29.37,29.37,29.43,29.09,29.29,3769102
2022-11-14,29.6,29.6,29.77,29.5,29.51,3545159
2022-11-15,30.53,30.53,30.56,29.88,29.89,3888463
2022-11-16,29.02,29.02,29.4,28.82,29.38,4144787
2022-11-17,29.0,29.0,29.01,28.65,29.0,1943430
2022-11-18,28.89,28.89,29.29,28.82,29.19,1859261
2022-11-21,28.77,28.77,28.94,28.74,28.89,1415085
2022-11-22,28.95,28.95,28.97,28.61,28.75,1427384
2022-11-23,29.15,29.15,29.22,29.02,29.1,1723622
2022-11-24,29.36,29.36,29.42,29.2,29.27,1354398
2022-11-25,29.36,29.36,29.42,29.28,29.42,1835139
2022-11-28,29.0,29.0,29.22,28.76,29.22,2009429
2022-11-29,29.22,29.22,29.24,28.75,28.95,1361497
2022-11-30,29.5,29.5,29.5,29.18,29.22,1314783
2022-12-01,29.82,29.82,30.12,29.75,29.94,1108097
2022-12-02,29.63,29.63,29.76,29.5,29.58,712069
2022-12-05,29.67,29.67,29.86,29.59,29.63,906189
2022-12-06,29.26,29.26,29.58,29.26,29.56,1436875
2022-12-07,29.15,29.15,29.42,29.04,29.17,732542
2022-12-08,28.83,28.83,29.13,28.69,29.07,1501545
2022-12-09,29.2,29.2,29.27,29.0,29.09,830075
2022-12-12,28.99,28.99,29.15,28.8,29.15,1075301
2022-12-13,28.87,28.87,29.19,28.85,29.1,1630577
2022-12-14,29.24,29.24,29.25,29.0,29.04,887047
2022-12-15,29.22,29.22,29.24,29.0,29.11,783777
2022-12-16,28.77,28.77,28.89,28.6,28.84,1631595
2022-12-19,28.63,28.63,28.77,28.55,28.76,1238616
2022-12-20,28.2,28.2,28.66,28.12,28.66,1312284
2022-12-21,28.3,28.3,28.43,28.21,28.21,728987
2022-12-22,28.68,28.68,28.74,28.51,28.51,614495
2022-12-23,28.32,28.32,28.42,28.24,28.35,962892
2022-12-26,28.46,28.46,28.46,28.32,28.45,1051807
2022-12-27,28.51,28.51,28.68,28.5,28.62,742048
2022-12-28,28.19,28.19,28.37,28.08,28.37,1084753
2022-12-29,28.01,28.01,28.05,27.84,27.99,485815
2022-12-30,28.18,28.18,28.31,28.18,28.19,1333630
2023-01-03,28.28,28.28,28.36,27.8,28.01,825377
2023-01-04,28.22,28.22,28.34,28.18,28.28,408608
2023-01-05,28.35,28.35,28.52,28.31,28.48,241870
2023-01-06,28.56,28.56,28.61,28.35,28.35,621154
2023-01-09,29.28,29.28,29.28,28.91,28.91,793190
2023-01-10,29.46,29.46,29.47,29.3,29.42,563683
2023-01-11,29.41,29.41,29.61,29.34,29.6,488491
2023-01-12,29.35,29.35,29.53,29.3,29.53,522568
2023-01-13,29.61,29.61,29.88,29.55,29.74,541794
2023-01-16,29.8,29.8,29.9,29.73,29.73,793909
2023-01-17,29.73,29.73,29.8,29.68,29.8,508221
2023-01-30,30.75,30.75,30.81,30.52,30.79,1358641
2023-01-31,30.37,30.37,30.8,30.37,30.75,922670
2023-02-01,30.54,30.54,30.55,30.38,30.5,418245
2023-02-02,30.86,30.86,30.89,30.69,30.75,693265
2023-02-03,30.89,30.89,30.97,30.7,30.9,796628
2023-02-06,30.64,30.64,30.74,30.55,30.74,909166
2023-02-07,30.55,30.55,30.64,30.5,30.5,456981
2023-02-08,30.93,30.93,30.94,30.76,30.88,577396
2023-02-09,30.91,30.91,30.94,30.8,30.83,251286
2023-02-10,30.93,30.93,30.93,30.82,30.91,299125
2023-02-13,30.9,30.9,30.93,30.69,30.93,589679
2023-02-14,31.09,31.09,31.15,31.0,31.0,657544
2023-02-15,30.57,30.57,30.85,30.56,30.79,968492
2023-02-16,30.91,30.91,30.95,30.64,30.64,707440
2023-02-17,30.64,30.64,30.71,30.55,30.71,457222
2023-02-20,30.76,30.76,30.88,30.53,30.88,541102
2023-02-21,30.71,30.71,30.76,30.62,30.76,248720
2023-02-22,30.47,30.47,30.49,30.28,30.43,527425
2023-02-23,30.86,30.86,30.92,30.53,30.53,462369
2023-02-24,30.68,30.68,30.95,30.68,30.95,790155
2023-03-01,30.81,30.81,30.82,30.28,30.53,864815
2023-03-02,30.77,30.77,30.82,30.58,30.81,915184
2023-03-03,30.8,30.8,30.96,30.76,30.85,670581
2023-03-06,31.13,31.13,31.24,30.98,31.0,773983
2023-03-07,31.34,31.34,31.38,31.0,31.13,638557
2023-03-08,31.17,31.17,31.2,31.03,31.2,655949
2023-03-09,31.08,31.08,31.26,31.08,31.19,417244
2023-03-10,30.71,30.71,30.87,30.63,30.87,1095145
2023-03-13,30.81,30.81,30.84,30.43,30.55,594543
2023-03-14,30.47,30.47,30.67,30.42,30.52,445389
2023-03-15,30.53,30.53,30.76,30.5,30.56,423739
2023-03-16,30.3,30.3,30.44,30.21,30.42,969479
2023-03-17,30.64,30.64,30.65,30.51,30.52,277717
2023-03-20,30.55,30.55,30.68,30.49,30.65,559029
2023-03-21,30.69,30.69,30.78,30.63,30.64,671354
2023-03-22,31.17,31.17,31.17,30.79,30.79,926510
2023-03-23,31.4,31.4,31.46,31.14,31.16,597079
2023-03-24,31.52,31.52,31.52,31.35,31.44,857019
2023-03-27,31.42,31.42,31.52,31.33,31.52,524199
2023-03-28,31.15,31.15,31.4,31.1,31.4,449887
2023-03-29,31.22,31.22,31.29,31.06,31.17,677346
2023-03-30,31.39,31.39,31.45,31.1,31.1,834508
2023-03-31,31.46,31.46,31.65,31.4,31.41,619438
2023-04-06,31.29,31.29,31.46,31.15,31.46,1027270
2023-04-07,31.29,31.29,31.5,31.28,31.3,307666
2023-04-10,31.34,31.34,31.49,31.3,31.3,862958
2023-04-11,31.4,31.4,31.49,31.3,31.48,409059
2023-04-12,31.4,31.4,31.41,31.32,31.4,158095
2023-04-13,31.19,31.19,31.4,31.16,31.37,527745
2023-04-14,31.45,31.45,31.51,31.25,31.25,484151
2023-04-17,31.38,31.38,31.39,31.25,31.35,638711
2023-04-18,31.26,31.26,31.38,31.17,31.38,617652
2023-04-19,31.01,31.01,31.26,30.99,31.26,573638
2023-04-20,30.98,30.98,31.17,30.89,31.17,537568
2023-04-21,30.87,30.87,31.1,30.85,30.98,380586
2023-04-24,30.87,30.87,30.89,30.69,30.78,359158
2023-04-25,30.48,30.48,31.14,30.43,31.14,725955
2023-04-26,30.39,30.39,30.46,30.29,30.46,709260
2023-04-27,30.4,30.4,30.51,30.26,30.35,388258
2023-04-28,30.72,30.72,30.79,30.58,30.58,465180
2023-05-02,30.86,30.86,30.89,30.7,30.71,372892
2023-05-03,30.77,30.77,30.8,30.64,30.8,535278
2023-05-04,30.79,30.79,30.8,30.6,30.68,570343
2023-05-05,30.84,30.84,30.94,30.71,30.9,770454
2023-05-08,31.04,31.04,31.1,30.86,30.86,922602
2023-05-09,31.08,31.08,31.09,30.9,31.0,763605
2023-05-10,30.87,30.87,31.05,30.76,31.05,1107877
2023-05-11,30.81,30.81,30.96,30.77,30.87,777040
2023-05-12,30.71,30.71,30.8,30.58,30.8,233713
2023-05-15,30.7,30.7,30.75,30.58,30.75,497665
2023-05-16,31.07,31.07,31.1,30.75,30.75,648057
2023-05-17,31.45,31.45,31.48,31.03,31.04,1138082
2023-05-18,31.75,31.75,31.81,31.6,31.6,1599761
2023-05-19,31.9,31.9,31.91,31.81,31.85,966982
2023-05-22,31.87,31.87,31.93,31.78,31.9,844294
2023-05-23,31.86,31.86,31.96,31.75,31.87,466768
2023-05-24,31.75,31.75,31.82,31.64,31.82,482414
2023-05-25,32.01,32.01,32.09,31.82,31.82,634909
2023-05-26,32.59,32.59,32.62,32.07,32.07,2376543
2023-05-29,32.85,32.85,32.99,32.7,32.7,1023507
2023-05-30,32.92,32.92,32.95,32.8,32.85,667845
2023-05-31,32.76,32.76,32.88,32.6,32.86,1036169
2023-06-01,32.58,32.58,32.74,32.51,32.74,586718
2023-06-02,33.0,33.0,33.06,32.72,32.72,1283847
2023-06-05,32.95,32.95,33.08,32.94,33.03,872887
2023-06-06,33.09,33.09,33.18,32.95,32.95,1394017
2023-06-07,33.41,33.41,33.41,33.14,33.14,1689954
2023-06-08,33.12,33.12,33.38,33.01,33.33,1575595
2023-06-09,33.39,33.39,33.41,33.22,33.22,1202510
2023-06-12,33.59,33.59,33.71,33.41,33.41,1388055
2023-06-13,34.13,34.13,34.21,33.88,33.88,2488340
2023-06-14,34.14,34.14,34.15,33.95,34.03,1388598
2023-06-15,34.38,34.38,34.43,34.2,34.2,1511176
2023-06-16,34.31,34.31,34.4,34.18,34.38,1838228
2023-06-19,34.29,34.29,34.31,34.1,34.15,1191651
2023-06-20,34.15,34.15,34.24,34.03,34.23,1204428
2023-06-21,34.17,34.17,34.25,33.94,33.95,2032627
2023-06-26,34.0,34.0,34.09,33.87,34.09,1772949
2023-06-27,33.72,33.72,33.95,33.7,33.79,1475390
2023-06-28,33.8,33.8,33.84,33.69,33.74,1422054
2023-06-29,33.77,33.77,34.1,33.71,33.81,1957227
2023-06-30,33.81,33.81,33.81,33.61,33.69,1511114
2023-07-03,34.3,34.3,34.32,34.02,34.04,2111224
2023-07-04,34.46,34.46,34.48,34.28,34.3,1769465
2023-07-05,34.31,34.31,34.46,34.23,34.45,1943071
2023-07-06,33.73,33.73,34.03,33.61,34.03,3091768
2023-07-07,33.58,33.58,33.71,33.4,33.47,1432708
2023-07-10,33.59,33.59,33.78,33.43,33.58,1445252
2023-07-11,34.05,34.05,34.1,33.82,33.82,1485978
2023-07-12,34.27,34.27,34.27,34.05,34.08,1297294
2023-07-13,34.63,34.63,34.95,34.55,34.56,1888842
2023-07-14,35.06,35.06,35.09,34.71,34.79,2153500
2023-07-17,35.16,35.16,35.21,34.96,35.0,2456340
2023-07-18,35.08,35.08,35.4,34.97,35.2,1621971
2023-07-19,34.81,34.81,35.27,34.81,35.26,2071541
2023-07-20,34.92,34.92,35.0,34.81,34.81,1671248
2023-07-21,34.68,34.68,34.74,34.31,34.5,1895364
2023-07-24,34.84,34.84,34.9,34.56,34.68,1415557
2023-07-25,35.17,35.17,35.31,34.92,34.92,1946392
2023-07-26,35.23,35.23,35.3,35.08,35.17,1798222
2023-07-27,35.3,35.3,35.4,35.25,35.27,1278998
2023-07-28,35.39,35.39,35.46,35.14,35.23,1363560
2023-07-31,35.07,35.07,35.78,34.97,35.7,2099130
2023-08-01,35.32,35.32,35.33,35.04,35.07,1203751
2023-08-02,34.68,34.68,35.35,34.61,35.32,5249837
2023-08-04,34.57,34.57,34.66,34.42,34.61,2726105
2023-08-07,34.92,34.92,35.0,34.6,34.6,2454649
2023-08-08,34.65,34.65,34.95,34.48,34.93,3666176
2023-08-09,34.64,34.64,34.8,34.5,34.65,2452659
2023-08-10,34.29,34.29,34.6,34.18,34.6,4040856
2023-08-11,34.25,34.25,34.56,34.22,34.56,2535007
2023-08-14,33.83,33.83,34.14,33.73,34.14,6400734
2023-08-15,34.0,34.0,34.16,33.95,33.99,5054325
2023-08-16,33.21,33.21,33.23,33.0,33.18,3445309
2023-08-17,33.28,33.28,33.38,32.86,33.14,3330963
2023-08-18,33.04,33.04,33.42,32.98,33.28,3087006
2023-08-21,33.02,33.02,33.25,32.99,33.16,1560938
2023-08-22,33.18,33.18,33.3,33.12,33.24,1172048
2023-08-23,33.37,33.37,33.42,33.18,33.18,1652556
2023-08-24,33.84,33.84,33.91,33.68,33.8,2419332
2023-08-25,33.21,33.21,33.53,33.21,33.53,2867944
2023-08-28,33.34,33.34,33.46,33.21,33.21,1563001
2023-08-29,33.49,33.49,33.5,33.27,33.4,1647362
2023-08-30,33.67,33.67,33.79,33.62,33.76,1382252
2023-08-31,33.45,33.45,33.62,33.43,33.62,2140067
2023-09-01,33.45,33.45,33.59,33.42,33.44,1351270
2023-09-04,33.64,33.64,33.66,33.36,33.45,1794457
2023-09-05,33.6,33.6,33.63,33.51,33.63,1395726
2023-09-06,33.57,33.57,33.65,33.5,33.6,1876517
2023-09-07,33.29,33.29,33.39,33.26,33.37,2206114
2023-09-08,33.22,33.22,33.25,33.05,33.05,2336096
2023-09-11,32.99,32.99,33.23,32.89,33.22,2873716
2023-09-12,33.25,33.25,33.28,32.99,33.11,1474852
2023-09-13,33.28,33.28,33.4,33.16,33.3,1294442
2023-09-14,33.72,33.72,33.73,33.44,33.46,1528228
2023-09-15,33.86,33.86,33.88,33.67,33.72,1416584
2023-09-18,33.56,33.56,33.67,33.56,33.67,2696431
2023-09-19,33.46,33.46,33.59,33.46,33.56,1247359
2023-09-20,33.26,33.26,33.46,33.24,33.45,1698812
2023-09-21,32.8,32.8,33.09,32.79,33.09,3313285
2023-09-22,32.81,32.81,32.85,32.65,32.73,1651362
2023-09-25,33.04,33.04,33.1,32.85,32.85,1386707
2023-09-26,32.64,32.64,32.92,32.64,32.87,2361803
2023-09-27,32.62,32.62,32.71,32.53,32.6,1655364
2023-09-28,32.79,32.79,32.9,32.62,32.84,1938886
2023-10-02,33.14,33.14,33.22,32.96,32.96,1694812
2023-10-03,32.94,32.94,33.15,32.93,33.03,2116329
2023-10-04,32.55,32.55,32.79,32.44,32.79,2090277
2023-10-05,33.01,33.01,33.05,32.72,32.83,1489392
2023-10-06,33.19,33.19,33.22,33.1,33.11,2687545
2023-10-11,33.61,33.61,33.64,33.5,33.53,3078846
2023-10-12,33.8,33.8,33.81,33.62,33.62,1768791
2023-10-13,33.71,33.71,33.78,33.6,33.69,1335169
2023-10-16,33.53,33.53,33.53,33.42,33.5,1457270
2023-10-17,33.48,33.48,33.67,33.45,33.63,1205583
2023-10-18,33.09,33.09,33.4,33.05,33.4,2781534
2023-10-19,33.1,33.1,33.13,32.95,33.01,1153863
2023-10-20,33.06,33.06,33.13,32.71,33.0,2089206
2023-10-23,32.72,32.72,32.93,32.69,32.88,1549789
2023-10-24,32.76,32.76,32.79,32.48,32.71,2237363
2023-10-25,32.84,32.84,33.0,32.83,32.85,1133254
2023-10-26,32.28,32.28,32.42,32.2,32.34,3348933
2023-10-27,32.39,32.39,32.52,32.35,32.4,1589978
2023-10-30,32.33,32.33,32.54,32.28,32.5,2239075
2023-10-31,32.13,32.13,32.45,32.11,32.4,2069714
2023-11-01,32.23,32.23,32.33,32.11,32.3,1523781
2023-11-02,32.98,32.98,32.98,32.7,32.7,1538111
2023-11-03,33.19,33.19,33.24,33.06,33.08,2315030
2023-11-06,33.52,33.52,33.66,33.45,33.45,2590857
2023-11-07,33.48,33.48,33.51,33.35,33.42,1532494
2023-11-08,33.63,33.63,33.73,33.5,33.51,1952818
2023-11-09,33.67,33.67,33.7,33.57,33.62,2360746
2023-11-10,33.53,33.53,33.59,33.47,33.59,3305772
2023-11-13,33.91,33.91,34.12,33.85,34.11,3904454
2023-11-14,34.04,34.04,34.1,33.96,34.06,3802393
2023-11-15,34.48,34.48,34.55,34.32,34.48,6156689
2023-11-16,33.7,33.7,33.87,33.66,33.87,4236989
2023-11-17,33.79,33.79,33.9,33.73,33.73,4602116
2023-11-20,33.77,33.77,33.83,33.68,33.83,2032286
2023-11-21,34.2,34.2,34.25,34.01,34.01,3479522
2023-11-22,33.97,33.97,34.06,33.92,34.0,2354237
2023-11-23,33.92,33.92,34.01,33.8,33.95,2630122
2023-11-24,33.94,33.94,34.02,33.92,34.01,1236584
2023-11-27,33.74,33.74,34.08,33.71,33.97,2816793
2023-11-28,33.97,33.97,34.08,33.79,33.8,2485785
2023-11-29,33.96,33.96,34.18,33.94,34.0,2114057
2023-11-30,34.05,34.05,34.05,33.85,34.0,1787180
2023-12-01,34.07,34.07,34.08,33.89,33.95,1593538
2023-12-04,34.03,34.03,34.19,33.95,34.15,2527578
2023-12-05,33.81,33.81,33.94,33.7,33.94,2930251
2023-12-06,33.96,33.96,34.05,33.84,33.84,2029461
2023-12-07,33.76,33.76,33.89,33.76,33.88,2330408
2023-12-08,33.97,33.97,34.1,33.94,34.02,1847971
2023-12-11,33.95,33.95,33.98,33.89,33.98,1630888
2023-12-12,34.0,34.0,34.15,33.96,34.12,1924450
2023-12-13,34.06,34.06,34.12,33.99,34.0,2530985
2023-12-14,34.46,34.46,34.49,34.32,34.44,2929864
2023-12-15,34.54,34.54,34.65,34.54,34.6,3035324
2023-12-18,34.58,34.58,34.58,34.34,34.46,1752373
2023-12-19,34.45,34.45,34.57,34.35,34.52,1764365
2023-12-20,34.62,34.62,34.64,34.5,34.5,2587956
2023-12-21,34.38,34.38,34.4,34.22,34.25,1479111
2023-12-22,34.45,34.45,34.5,34.38,34.45,1439102
2023-12-25,34.58,34.58,34.66,34.51,34.51,2134663
2023-12-26,34.82,34.82,34.83,34.59,34.62,2210329
2023-12-27,35.12,35.12,35.14,34.91,34.93,3084530
2023-12-28,35.16,35.16,35.25,35.05,35.2,2094629
2023-12-29,35.16,35.16,35.22,35.1,35.1,2424572
2024-01-02,34.95,34.95,35.26,34.89,35.24,2300649
2024-01-03,34.46,34.46,34.74,34.39,34.74,4953722
2024-01-04,34.41,34.41,34.5,34.39,34.46,1379422
2024-01-05,34.28,34.28,34.52,34.28,34.42,2008888
2024-01-08,34.45,34.45,34.68,34.43,34.46,1889075
2024-01-09,34.41,34.41,34.7,34.41,34.65,1048172
2024-01-10,34.27,34.27,34.33,34.15,34.28,1106968
2024-01-11,34.48,34.48,34.51,34.28,34.3,1209148
2024-01-12,34.38,34.38,34.46,34.19,34.31,1424017
2024-01-15,34.44,34.44,34.58,34.36,34.5,1491179
2024-01-16,34.11,34.11,34.34,33.98,34.34,2663698
2024-01-17,33.76,33.76,34.07,33.76,34.07,4093183
2024-01-18,33.89,33.89,33.96,33.81,33.9,1384678
2024-01-19,34.77,34.77,34.82,34.39,34.45,2878697
2024-01-22,35.05,35.05,35.44,34.97,35.02,1877192
2024-01-23,35.1,35.1,35.15,35.01,35.1,1402151
2024-01-24,35.13,35.13,35.2,35.11,35.16,1176625
2024-01-25,35.38,35.38,35.42,35.27,35.3,2652345
2024-01-26,35.4,35.4,35.43,35.31,35.35,4552294
2024-01-29,35.69,35.69,35.69,35.37,35.4,4399497
2024-01-30,35.65,35.65,35.68,35.57,35.64,2082739
2024-01-31,35.27,35.27,35.41,35.25,35.41,1373961
2024-02-01,35.27,35.27,35.33,35.11,35.27,1109136
2024-02-02,35.5,35.5,35.5,35.37,35.4,1714869
2024-02-05,35.56,35.56,35.56,35.27,35.38,1778207
2024-02-15,36.68,36.68,36.8,36.35,36.74,5041986
2024-02-16,36.61,36.61,36.75,36.56,36.68,1948775
2024-02-19,36.62,36.62,36.63,36.47,36.6,1589733
2024-02-20,36.78,36.78,36.82,36.52,36.52,2080905
2024-02-21,36.65,36.65,36.76,36.64,36.76,1324498
2024-02-22,36.94,36.94,36.98,36.79,36.97,2816598
2024-02-23,37.15,37.15,37.25,37.02,37.06,3705788
2024-02-26,37.22,37.22,37.23,36.98,37.14,2932526
2024-02-27,36.63,36.63,36.89,36.43,36.79,2151513
2024-02-29,36.78,36.78,36.84,36.5,36.52,1742482
2024-03-01,36.7,36.7,36.82,36.68,36.76,1078158
2024-03-04,37.41,37.41,37.49,37.02,37.02,2916721
2024-03-05,37.69,37.69,37.75,37.48,37.5,2232222
2024-03-06,37.9,37.9,37.9,37.36,37.44,2101433
2024-03-07,38.43,38.43,38.61,38.24,38.35,4434643
2024-03-08,38.79,38.79,39.25,38.53,39.12,3736234
2024-03-11,38.64,38.64,38.84,38.56,38.66,1774777
2024-03-12,39.07,39.07,39.09,38.6,38.6,2255542
2024-03-13,39.21,39.21,39.45,39.11,39.27,1718496
2024-03-14,39.2,39.2,39.3,38.97,39.21,1599545
2024-03-15,38.92,38.92,39.15,38.88,39.15,2153519
2024-03-18,39.21,39.21,39.21,38.9,38.92,2012543
2024-03-19,39.16,39.16,39.26,38.88,38.95,1942978
2024-03-20,39.02,39.02,39.4,38.97,39.31,1371854
2024-03-21,39.84,39.84,39.89,39.47,39.49,3237627
2024-03-22,39.88,39.88,39.96,39.61,39.84,2443053
2024-03-25,39.85,39.85,39.94,39.7,39.88,1340748
2024-03-26,39.83,39.83,40.24,39.5,39.98,1584101
2024-03-27,39.97,39.97,40.04,39.68,39.83,789903
2024-03-28,40.0,40.0,40.0,39.62,39.9,857153
2024-03-29,40.07,40.07,40.17,39.92,39.98,1273463
2024-04-01,39.95,39.95,40.33,39.95,40.2,1926848
2024-04-02,40.48,40.48,40.5,40.18,40.18,1082810
2024-04-03,40.18,40.18,40.36,40.04,40.26,1140645
2024-04-08,40.44,40.44,40.55,40.2,40.2,1375783
2024-04-09,41.09,41.09,41.13,40.5,40.5,1942128
2024-04-10,41.03,41.03,41.2,41.01,41.09,1451433
2024-04-11,40.89,40.89,40.94,40.72,40.87,1511440
2024-04-12,40.8,40.8,40.96,40.75,40.84,990449
2024-04-15,40.37,40.37,40.46,40.25,40.45,1545529
2024-04-16,39.22,39.22,39.9,38.95,39.89,3210906
2024-04-17,39.6,39.6,39.73,39.26,39.34,1386940
2024-04-18,39.93,39.93,39.93,39.3,39.43,766855
2024-04-19,38.39,38.39,39.17,37.86,39.17,5230306
2024-04-22,38.26,38.26,38.55,38.12,38.23,2118119
2024-04-23,38.62,38.62,38.78,38.48,38.71,1163937
2024-04-24,39.66,39.66,39.7,39.13,39.13,961304
2024-04-25,38.99,38.99,39.23,38.89,39.15,938727
2024-04-26,39.62,39.62,39.77,39.44,39.5,953998
2024-04-29,40.11,40.11,40.39,40.0,40.12,1809136
2024-04-30,40.18,40.18,40.4,40.18,40.26,601616
2024-05-02,39.78,39.78,39.89,39.65,39.75,1179446
2024-05-03,39.92,39.92,40.41,39.85,40.41,1050873
2024-05-06,40.63,40.63,40.82,40.41,40.49,1842084
2024-05-07,40.77,40.77,40.85,40.58,40.85,919491
2024-05-08,40.92,40.92,40.92,40.66,40.77,810769
2024-05-09,40.88,40.88,41.08,40.83,40.91,934508
2024-05-10,41.19,41.19,41.28,40.88,40.99,1264741
2024-05-13,41.44,41.44,41.6,41.31,41.45,1298024
2024-05-14,41.67,41.67,41.68,41.39,41.44,831517
2024-05-15,42.15,42.15,42.45,41.8,41.8,1293712
2024-05-16,42.47,42.47,42.85,42.37,42.66,1914464
2024-05-17,41.81,41.81,41.97,41.76,41.89,1303690
2024-05-20,41.8,41.8,41.85,41.46,41.82,1257632
2024-05-21,41.67,41.67,41.79,41.5,41.7,720984
2024-05-22,42.36,42.36,42.4,41.84,41.84,921387
2024-05-23,42.59,42.59,42.63,42.3,42.39,1062704
2024-05-24,42.48,42.48,42.56,42.21,42.26,827435
2024-05-27,43.18,43.18,43.26,42.85,42.96,1532483
2024-05-28,43.28,43.28,43.3,43.13,43.13,852646
2024-05-29,42.75,42.75,43.15,42.72,43.15,1356185
2024-05-30,41.99,41.99,42.3,41.95,42.19,1819794
2024-05-31,41.7,41.7,42.25,41.7,42.08,1648812
2024-06-03,42.44,42.44,42.55,41.87,41.87,1460702
2024-06-04,41.81,41.81,42.25,41.7,42.25,1301567
2024-06-05,42.12,42.12,42.17,41.61,41.9,741015
2024-06-06,43.12,43.12,43.24,42.85,42.96,2241408
2024-06-07,42.89,42.89,43.0,42.82,43.0,801245
2024-06-11,43.02,43.02,43.22,42.93,42.93,1601157
2024-06-12,43.51,43.51,43.53,43.02,43.05,1097214
2024-06-13,44.14,44.14,44.5,43.9,44.04,1392429
2024-06-14,44.37,44.37,44.43,43.98,44.12,1006828
2024-06-17,44.42,44.42,44.5,44.19,44.35,1184933
2024-06-18,44.98,44.98,45.0,44.73,44.73,1977641
2024-06-19,46.18,46.18,46.28,45.27,45.27,1540695
2024-06-20,46.7,46.7,46.7,46.15,46.18,1223824
2024-06-21,46.36,46.36,46.6,46.09,46.22,1474506
2024-06-24,45.52,45.52,46.12,45.47,46.12,2072871
2024-06-25,45.5,45.5,45.54,44.84,45.28,1676148
2024-06-26,45.8,45.8,46.0,45.5,45.68,1350645
2024-06-27,45.61,45.61,45.71,45.13,45.27,1267924
2024-06-28,46.01,46.01,46.2,45.62,45.65,889352
2024-07-01,45.99,45.99,46.25,45.9,46.02,1091859
2024-07-02,45.65,45.65,45.99,45.47,45.94,1200900
2024-07-03,46.18,46.18,46.2,45.87,46.13,1127907
2024-07-04,47.0,47.0,47.12,46.84,46.87,1745288
2024-07-05,46.96,46.96,47.2,46.94,47.03,1128443
2024-07-08,48.0,48.0,48.04,46.95,47.02,1781839
2024-07-09,47.96,47.96,48.4,47.54,48.0,1611590
2024-07-10,48.16,48.16,48.17,47.61,47.96,1117192
2024-07-11,48.89,48.89,49.01,48.49,48.55,2051789
2024-07-12,47.87,47.87,48.24,47.85,48.11,2709701
2024-07-15,47.95,47.95,48.27,47.78,48.26,1506992
2024-07-16,48.01,48.01,48.44,47.81,47.81,1637761
2024-07-17,47.61,47.61,48.01,47.55,47.95,2297605
2024-07-18,46.88,46.88,46.98,46.4,46.81,2818886
2024-07-19,45.94,45.94,46.72,45.9,46.6,2669828
2024-07-22,44.72,44.72,45.91,44.4,45.91,3862941
2024-07-23,45.7,45.7,45.71,45.16,45.16,1154511
2024-07-26,44.51,44.51,44.51,44.0,44.44,2641611
2024-07-29,44.57,44.57,45.25,44.55,44.89,1141170
2024-07-30,44.64,44.64,44.77,43.88,44.28,1550710
2024-07-31,44.71,44.71,44.9,44.25,44.36,1497155
2024-08-01,45.38,45.38,45.57,45.11,45.5,928967
2024-08-02,43.49,43.49,44.3,43.49,44.28,4076644
2024-08-05,39.65,39.65,41.63,39.65,41.63,7546275
2024-08-06,41.25,41.25,41.99,39.75,40.92,5158310
2024-08-07,42.71,42.71,42.89,41.51,41.51,2797268
2024-08-08,42.02,42.02,42.47,41.65,41.98,1802545
2024-08-09,43.03,43.03,43.47,42.82,42.89,1443702
2024-08-12,43.75,43.75,44.08,43.46,43.46,1079302
2024-08-13,43.83,43.83,44.16,43.71,44.15,794702
2024-08-14,44.37,44.37,44.6,44.23,44.48,1139756
2024-08-15,44.11,44.11,44.55,44.03,44.4,1039326
2024-08-16,44.36,44.36,44.47,44.15,44.3,1369836
2024-08-19,44.38,44.38,44.61,44.33,44.41,859923
2024-08-20,44.42,44.42,44.75,44.38,44.61,787478
2024-08-21,44.1,44.1,44.37,44.03,44.37,747933
2024-08-22,43.9,43.9,44.26,43.83,44.1,579829
2024-08-23,43.95,43.95,44.0,43.5,43.68,866242
2024-08-26,44.2,44.2,44.64,44.08,44.27,978878
2024-08-27,43.89,43.89,44.05,43.72,44.02,682880
2024-08-28,44.35,44.35,44.35,43.78,44.12,802552
2024-08-29,44.0,44.0,44.17,43.58,43.82,866203
2024-08-30,44.17,44.17,44.26,44.04,44.15,428713
2024-09-02,44.11,44.11,44.44,43.97,44.22,712536
2024-09-03,43.88,43.88,44.22,43.79,44.14,600520
2024-09-04,42.0,42.0,42.56,41.5,42.56,3071950
2024-09-05,42.16,42.16,42.73,42.0,42.3,1168791
2024-09-06,42.66,42.66,42.7,41.98,42.28,1161302
2024-09-09,42.06,42.06,42.09,41.5,41.75,1740078
2024-09-10,42.05,42.05,42.61,41.79,42.61,1355538
2024-09-11,41.93,41.93,42.12,41.89,42.03,955561
2024-09-12,43.08,43.08,43.23,42.7,42.82,826065
2024-09-13,43.22,43.22,43.32,43.02,43.32,622952
2024-09-16,43.45,43.45,43.45,43.15,43.22,1026984
2024-09-18,43.08,43.08,43.45,42.88,43.45,949042
2024-09-19,43.57,43.57,43.65,42.94,42.94,774860
2024-09-20,43.99,43.99,44.36,43.99,44.23,677083
2024-09-23,44.23,44.23,44.3,44.03,44.2,690680
2024-09-24,44.55,44.55,44.59,44.05,44.23,815831
2024-09-25,45.09,45.09,45.27,45.0,45.02,3713517
2024-09-26,45.4,45.4,45.73,45.37,45.53,1775724
2024-09-27,45.43,45.43,45.9,45.4,45.65,1419007
2024-09-30,44.41,44.41,45.24,44.41,45.24,1982297
2024-10-01,44.5,44.5,44.58,44.35,44.56,836702
2024-10-04,44.45,44.45,44.76,44.28,44.45,1047231
2024-10-07,45.2,45.2,45.3,44.61,44.61,1423485
2024-10-08,45.05,45.05,45.05,44.6,45.0,1201315
2024-10-09,45.32,45.32,45.55,45.25,45.3,792160
2024-10-11,45.73,45.73,45.93,45.32,45.32,1354136
2024-10-14,45.84,45.84,45.93,45.55,45.93,1174564
2024-10-15,46.55,46.55,46.61,45.95,45.95,1143956
2024-10-16,46.03,46.03,46.43,45.71,45.9,1546334
2024-10-17,46.25,46.25,46.35,45.92,46.06,678619
2024-10-18,46.93,46.93,47.35,46.81,47.17,1699480
2024-10-21,46.95,46.95,47.36,46.93,47.13,914708
2024-10-22,46.91,46.91,46.95,46.5,46.81,1041387
2024-10-23,46.8,46.8,46.9,46.64,46.9,2576864
2024-10-24,46.46,46.46,46.8,46.43,46.62,1254097
2024-10-25,46.85,46.85,46.85,46.45,46.45,516756
2024-10-28,46.84,46.84,47.18,46.61,47.0,1600001
2024-10-29,45.85,45.85,46.38,45.62,46.38,2714466
2024-10-30,45.93,45.93,46.3,45.83,46.02,759674
2024-11-01,45.58,45.58,45.67,44.5,44.81,3408254
2024-11-04,46.16,46.16,46.2,45.7,45.81,1234951
2024-11-05,46.26,46.26,46.54,45.83,45.95,2491014
2024-11-06,46.52,46.52,47.0,46.27,46.27,1876099
2024-11-07,47.02,47.02,47.13,46.4,46.47,1326342
2024-11-08,47.24,47.24,47.48,47.16,47.45,1229129
2024-11-11,47.19,47.19,47.24,46.76,47.24,1533359
2024-11-12,46.21,46.21,46.66,46.21,46.52,2532285
2024-11-13,46.07,46.07,46.45,46.01,46.45,1442863
2024-11-14,45.71,45.71,46.07,45.55,46.07,1307290
2024-11-15,45.85,45.85,46.16,45.68,46.16,992355
2024-11-18,44.81,44.81,45.46,44.7,45.46,2260808
2024-11-19,45.3,45.3,45.43,44.83,44.97,924931
2024-11-20,45.09,45.09,45.51,45.01,45.49,1291702
2024-11-21,44.77,44.77,44.92,44.57,44.78,1813202
2024-11-22,45.43,45.43,45.47,45.18,45.27,593868
2024-11-25,45.46,45.46,45.92,45.37,45.84,1491557
2024-11-26,44.86,44.86,45.07,44.72,45.07,2064411
2024-11-27,44.3,44.3,44.86,44.25,44.75,1740641
2024-11-28,44.09,44.09,44.29,43.8,44.28,2447019
2024-11-29,44.2,44.2,44.32,43.58,43.85,704255
2024-12-02,44.99,44.99,45.0,44.39,44.39,1215346
2024-12-03,45.44,45.44,45.62,45.37,45.53,918324
2024-12-04,45.71,45.71,45.71,45.45,45.59,684995
2024-12-05,45.85,45.85,45.98,45.73,45.92,430660
2024-12-06,45.83,45.83,45.92,45.6,45.85,847527
2024-12-09,45.85,45.85,45.92,45.71,45.85,921936
2024-12-10,45.62,45.62,45.92,45.55,45.85,606861
2024-12-11,45.29,45.29,45.58,45.21,45.3,788723
2024-12-12,45.63,45.63,45.83,45.5,45.5,517709
2024-12-13,45.62,45.62,45.73,45.42,45.63,512186
2024-12-16,45.57,45.57,46.05,45.41,45.95,2120427
2024-12-17,45.65,45.65,45.88,45.63,45.81,505342
2024-12-18,45.72,45.72,45.86,45.44,45.65,1088679
2024-12-19,45.28,45.28,45.3,45.01,45.02,1304056
2024-12-20,45.0,45.0,45.25,44.81,45.2,901499
2024-12-23,45.82,45.82,45.86,45.28,45.3,1570003
2024-12-24,45.9,45.9,46.15,45.9,46.05,672452
2024-12-25,46.04,46.04,46.15,45.92,46.15,420353
2024-12-26,46.06,46.06,46.1,45.99,46.1,631102
2024-12-27,46.1,46.1,46.15,45.89,45.99,685265
2024-12-30,45.97,45.97,46.13,45.89,46.02,770112
2024-12-31,45.71,45.71,45.74,45.5,45.74,1004337
2025-01-02,45.17,45.17,45.62,45.03,45.61,1597410
2025-01-03,45.49,45.49,45.68,45.35,45.61,804683
2025-01-06,46.5,46.5,46.63,45.99,45.99,2477612
2025-01-07,46.9,46.9,47.19,46.86,47.13,2261190
2025-01-08,46.6,46.6,46.84,46.53,46.6,1883762
2025-01-09,45.99,45.99,46.6,45.92,46.6,2046979
2025-01-10,45.93,45.93,46.03,45.71,45.93,2884916
2025-01-13,44.89,44.89,45.8,44.78,45.8,3075171
2025-01-14,45.15,45.15,45.27,44.89,44.92,1889606
2025-01-15,44.79,44.79,45.22,44.75,45.22,2184477
2025-01-16,45.55,45.55,45.85,45.51,45.53,1577900
2025-01-17,45.67,45.67,45.77,45.34,45.69,1320233
2025-01-20,46.07,46.07,46.1,45.88,45.88,1145513
2025-01-21,46.21,46.21,46.29,45.77,45.9,854174
2025-01-22,46.64,46.64,46.69,46.49,46.5,1344069
2025-02-03,45.0,45.0,45.34,44.54,45.17,8470926
2025-02-04,45.07,45.07,45.47,45.06,45.25,1449614
2025-02-05,45.8,45.8,45.99,45.63,45.63,1209223
2025-02-06,46.1,46.1,46.2,45.96,46.17,1617439
2025-02-07,46.25,46.25,46.27,46.06,46.1,1190881
2025-02-10,46.0,46.0,46.07,45.85,45.9,1497737
2025-02-11,46.23,46.23,46.45,46.14,46.29,1193274
2025-02-12,46.1,46.1,46.52,46.08,46.39,755391
2025-02-13,46.25,46.25,46.3,45.96,46.1,608461
2025-02-14,45.91,45.91,46.11,45.88,45.9,1305563
2025-02-17,46.56,46.56,46.58,46.15,46.25,1326234
2025-02-18,46.66,46.66,46.66,46.49,46.6,610428
2025-02-19,46.61,46.61,46.75,46.55,46.63,1252833
2025-02-20,46.56,46.56,46.64,46.35,46.6,1973243
2025-02-21,46.14,46.14,46.17,45.82,45.9,1393224
2025-02-24,45.9,45.9,45.95,45.72,45.8,809589
2025-02-25,45.5,45.5,45.67,45.24,45.67,1289800
2025-02-26,45.75,45.75,45.78,45.18,45.34,1574853
2025-02-27,45.21,45.21,45.81,45.17,45.75,2566187
2025-03-03,44.38,44.38,44.78,44.3,44.75,4119989
2025-03-04,44.2,44.2,44.3,43.73,43.8,1932982
2025-03-05,44.71,44.71,44.75,44.5,44.57,1071427
2025-03-06,44.53,44.53,44.76,44.53,44.75,1323984
2025-03-07,44.11,44.11,44.35,44.07,44.18,1037252
2025-03-10,43.98,43.98,44.15,43.8,44.15,1991009
2025-03-11,43.2,43.2,43.33,42.6,42.9,3882145
2025-03-12,43.39,43.39,43.76,43.22,43.22,2988743
2025-03-13,43.15,43.15,43.99,43.14,43.92,902195
2025-03-14,43.07,43.07,43.18,42.93,43.15,1811643
2025-03-17,43.38,43.38,43.66,43.28,43.36,1329844
2025-03-18,43.66,43.66,43.82,43.51,43.65,501304
2025-03-19,43.18,43.18,43.77,43.14,43.66,936247
2025-03-20,43.81,43.81,43.85,43.57,43.64,1054679
2025-03-21,43.58,43.58,43.8,43.51,43.8,359744
2025-03-24,43.39,43.39,43.89,43.38,43.89,486966
2025-03-25,43.75,43.75,43.93,43.62,43.84,480983
2025-03-26,43.79,43.79,43.92,43.66,43.81,683387
2025-03-27,43.11,43.11,43.3,43.02,43.3,866799
2025-03-28,42.57,42.57,42.87,42.35,42.87,2657697
2025-03-31,41.0,41.0,41.61,41.0,41.61,3793098
2025-04-01,41.89,41.89,41.92,41.3,41.3,851149
2025-04-02,41.9,41.9,42.08,41.83,41.9,641885
2025-04-07,37.71,37.71,37.71,37.71,37.71,2190012
2025-04-08,36.18,36.18,37.16,34.82,34.82,6884130
2025-04-09,34.24,34.24,36.2,34.0,35.74,4100250
2025-04-10,37.66,37.66,37.66,37.66,37.66,1276662
2025-04-11,38.63,38.63,38.65,36.33,37.33,3876733
2025-04-14,38.7,38.7,39.8,38.7,39.11,2548760
2025-04-15,39.27,39.27,39.3,38.7,38.7,1104918
2025-04-16,38.69,38.69,38.97,38.49,38.97,1466746
2025-04-17,38.32,38.32,38.5,37.92,38.5,997108
2025-04-18,38.43,38.43,38.61,38.3,38.57,1047869
2025-04-21,37.99,37.99,38.43,37.9,38.43,979837
2025-04-22,37.35,37.35,37.85,37.32,37.5,1103639
2025-04-23,38.71,38.71,38.8,38.31,38.36,641464
2025-04-24,38.45,38.45,38.92,38.4,38.92,657481
2025-04-25,39.37,39.37,39.5,39.31,39.35,751491
2025-04-28,39.57,39.57,39.7,39.5,39.57,975871
2025-04-29,39.81,39.81,39.87,39.5,39.56,716563
2025-04-30,39.86,39.86,40.05,39.78,39.82,702598
2025-05-02,40.73,40.73,40.73,40.35,40.35,1296189
2025-05-05,40.32,40.32,40.98,39.93,40.91,3365042
2025-05-06,40.29,40.29,40.52,39.95,40.05,945206
2025-05-07,40.21,40.21,40.76,40.17,40.43,1070230
2025-05-08,40.7,40.7,40.84,40.47,40.47,748118
2025-05-09,41.1,41.1,41.1,40.65,40.7,901895
2025-05-12,41.52,41.52,41.6,41.36,41.44,1036155
2025-05-13,42.01,42.01,42.45,41.99,42.27,1152558
2025-05-14,42.77,42.77,42.83,42.49,42.5,1557953
2025-05-15,42.75,42.75,42.86,42.6,42.78,849954
2025-05-16,42.9,42.9,43.0,42.62,42.75,800528
2025-05-19,42.3,42.3,42.79,42.26,42.79,1805125
2025-05-20,42.41,42.41,42.75,42.34,42.58,1154182
2025-05-21,42.92,42.92,42.94,42.5,42.5,1568916
2025-05-22,41.9,41.9,42.06,41.77,42.06,1925786
2025-05-23,41.74,41.74,42.26,41.68,42.18,662461
2025-05-26,41.77,41.77,41.88,41.63,41.76,1953282
2025-05-27,41.3,41.3,41.74,41.25,41.74,749389
2025-05-28,41.5,41.5,41.83,41.25,41.66,521089
2025-05-29,41.52,41.52,41.9,41.5,41.9,505200
2025-06-02,40.85,40.85,41.14,40.57,41.14,1683493
2025-06-03,41.09,41.09,41.38,40.98,41.23,523454
2025-06-04,41.8,41.8,41.88,41.49,41.54,634477
2025-06-05,41.92,41.92,42.08,41.89,41.9,752840
2025-06-06,42.0,42.0,42.03,41.88,41.92,626603
2025-06-09,42.22,42.22,42.33,42.14,42.23,671889
2025-06-10,43.03,43.03,43.08,42.41,42.41,2797024
2025-06-11,43.26,43.26,43.37,42.99,43.12,1930990
2025-06-12,43.02,43.02,43.25,42.98,43.25,1639377
2025-06-13,42.74,42.74,42.95,42.51,42.7,1837460
2025-06-16,42.89,42.89,42.89,42.53,42.72,949145
2025-06-17,42.88,42.88,43.13,42.86,42.95,527150
2025-06-18,43.09,43.09,43.15,42.85,42.85,1190224
2025-06-19,42.73,42.73,43.08,42.7,43.08,587796
2025-06-20,42.6,42.6,42.75,42.36,42.73,429019
2025-06-23,42.33,42.33,42.33,41.95,42.02,709130
2025-06-24,43.11,43.11,43.16,42.73,42.73,950408
2025-06-25,43.48,43.48,43.5,43.27,43.27,1967499
2025-06-26,43.51,43.51,43.78,43.25,43.25,3098279
2025-06-27,43.59,43.59,43.69,43.42,43.51,1938853
2025-06-30,43.62,43.62,43.65,43.49,43.59,1170444
2025-07-01,43.85,43.85,44.26,43.73,43.73,1630584
2025-07-02,43.98,43.98,43.98,43.72,43.72,655580
2025-07-03,44.4,44.4,44.48,44.3,44.31,1468893
2025-07-04,44.1,44.1,44.53,44.06,44.4,522844
2025-07-07,43.91,43.91,44.1,43.78,44.09,1090851
2025-07-08,43.72,43.72,43.95,43.58,43.95,1804636
2025-07-09,44.19,44.19,44.19,43.68,43.72,803088
2025-07-10,44.64,44.64,44.65,44.19,44.19,1434963
2025-07-11,44.81,44.81,44.89,44.52,44.6,827248
2025-07-14,44.48,44.48,44.85,44.47,44.85,427245
2025-07-15,44.98,44.98,45.04,44.48,44.48,1083926
2025-07-16,45.41,45.41,45.55,45.02,45.02,1555619
2025-07-17,45.44,45.44,45.58,45.24,45.36,1548326
2025-07-18,45.91,45.91,46.1,45.86,45.9,1101819
2025-07-21,45.79,45.79,45.98,45.72,45.88,1677459
2025-07-22,45.44,45.44,46.15,45.38,45.84,1358453
2025-07-23,45.79,45.79,45.88,45.58,45.6,1286654
2025-07-24,46.0,46.0,46.06,45.85,45.85,609047
2025-07-25,45.92,45.92,46.07,45.85,46.0,1682861
2025-07-28,46.1,46.1,46.25,45.93,46.17,2199577
2025-07-29,45.6,45.6,46.1,45.5,46.1,853291
2025-07-30,45.99,45.99,46.08,45.78,45.9,1335844
2025-07-31,46.43,46.43,46.5,46.06,46.06,1713345
2025-08-01,46.25,46.25,46.36,45.7,45.9,991597
2025-08-04,46.09,46.09,46.12,45.78,46.06,787966
2025-08-05,46.69,46.69,46.71,46.44,46.55,1480082
2025-08-06,46.52,46.52,46.64,46.36,46.36,1046955
2025-08-07,47.45,47.45,47.57,46.94,46.94,1984781
2025-08-08,47.5,47.5,47.57,47.43,47.46,624928
2025-08-11,47.8,47.8,47.9,47.3,47.5,1052681
2025-08-12,47.84,47.84,47.9,47.68,47.74,1311323
2025-08-13,48.12,48.12,48.21,47.85,48.0,1397589
2025-08-14,48.08,48.08,48.18,47.94,48.12,801071
2025-08-15,48.16,48.16,48.24,47.97,48.08,633599
2025-08-18,48.51,48.51,48.51,48.06,48.17,1142294
2025-08-19,48.23,48.23,48.51,48.21,48.51,1939693
2025-08-20,46.99,46.99,48.0,46.96,48.0,3999564
2025-08-21,46.85,46.85,46.97,46.62,46.69,1668560
2025-08-22,46.73,46.73,46.92,46.64,46.9,887578
2025-08-25,47.62,47.62,47.7,47.25,47.4,1268974
2025-08-26,47.6,47.6,47.64,47.21,47.48,791996
2025-08-27,47.8,47.8,47.9,47.66,47.7,591674
2025-08-28,47.52,47.52,47.7,47.45,47.67,620464
2025-08-29,47.41,47.41,47.78,47.39,47.56,692482
2025-09-01,46.75,46.75,47.34,46.62,47.29,928379
2025-09-02,46.78,46.78,47.28,46.63,47.28,1360135
2025-09-03,46.83,46.83,46.91,46.66,46.81,665950
2025-09-04,47.1,47.1,47.53,47.1,47.11,1192075
2025-09-05,47.64,47.64,47.68,47.44,47.52,940994
2025-09-08,48.08,48.08,48.17,47.93,48.0,1092736
2025-09-09,48.5,48.5,48.57,48.14,48.14,1702708
2025-09-10,49.35,49.35,49.39,48.71,48.71,1777710
2025-09-11,49.46,49.46,49.98,49.45,49.64,2436283
2025-09-12,49.9,49.9,49.99,49.66,49.66,1868866
2025-09-15,49.83,49.83,49.99,49.66,49.9,637797
2025-09-16,50.25,50.25,50.3,49.83,49.83,1109583
2025-09-17,49.94,49.94,50.2,49.92,50.15,412815
2025-09-18,50.45,50.45,50.45,49.94,49.98,804765
2025-09-19,50.4,50.4,50.65,50.3,50.65,471196
2025-09-22,50.6,50.6,50.7,50.4,50.4,877360
2025-09-23,51.2,51.2,51.4,50.9,51.0,1130961
2025-09-24,51.1,51.1,51.45,50.85,51.45,1049323
2025-09-25,51.15,51.15,51.35,50.95,51.25,717572
2025-09-26,50.3,50.3,51.0,49.94,51.0,1158833
2025-09-30,50.85,50.85,51.05,50.7,50.8,796930
2025-10-01,50.95,50.95,51.45,50.8,50.85,556926
2025-10-02,51.6,51.6,51.75,51.45,51.45,1411559
2025-10-03,52.2,52.2,52.3,51.65,51.75,945823
2025-10-07,53.35,53.35,53.4,52.55,52.55,1691504
2025-10-08,52.95,52.95,53.0,52.65,52.95,798560
2025-10-09,53.2,53.2,53.5,53.2,53.4,593072
2025-10-13,52.65,52.65,52.65,51.65,51.65,1651379
2025-10-14,52.25,52.25,53.45,52.2,53.1,857846
2025-10-15,52.9,52.9,52.9,52.1,52.3,709928
2025-10-16,53.9,53.9,53.9,53.25,53.25,989828
2025-10-17,53.25,53.25,53.7,53.25,53.3,964711
2025-10-20,54.0,54.0,54.05,53.35,53.45,802683
2025-10-21,54.2,54.2,54.5,54.1,54.1,629569
2025-10-22,54.05,54.05,54.1,53.6,53.95,539826
2025-10-23,53.65,53.65,53.8,53.5,53.65,737746
2025-10-27,54.8,54.8,54.95,54.3,54.3,3078951
2025-10-28,54.7,54.7,54.85,54.5,54.8,663774
2025-10-29,55.35,55.35,55.45,55.05,55.1,529620
2025-10-30,55.3,55.3,55.6,55.05,55.4,699338
2025-10-31,55.45,55.45,55.65,55.35,55.35,642930
2025-11-03,55.25,55.25,55.6,55.0,55.5,674518
2025-11-04,54.95,54.95,55.75,54.9,55.3,1039222
2025-11-05,54.4,54.4,54.5,53.65,54.35,1727215
2025-11-06,54.9,54.9,55.0,54.55,54.55,780032
2025-11-07,54.15,54.15,54.5,54.0,54.5,1206570
2025-11-10,54.7,54.7,54.75,54.15,54.35,712796
2025-11-11,54.45,54.45,55.0,54.4,54.8,486194
2025-11-12,54.6,54.6,54.75,54.3,54.35,418352
2025-11-13,54.55,54.55,54.6,54.25,54.55,435256
2025-11-14,53.55,53.55,53.8,53.5,53.75,1485862
2025-11-17,53.5,53.5,53.9,53.45,53.65,962751
2025-11-18,52.3,52.3,53.3,52.25,53.3,1778084
2025-11-19,52.0,52.0,52.4,51.75,52.2,1011680
2025-11-20,53.45,53.45,53.5,53.0,53.0,1538066
2025-11-21,51.15,51.15,51.55,50.85,51.55,1816778
2025-11-24,51.3,51.3,51.5,51.05,51.5,1478805
2025-11-25,51.75,51.75,52.2,51.5,51.75,791152
2025-11-26,52.6,52.6,52.7,52.05,52.05,884316
2025-11-27,53.1,53.1,53.25,52.85,52.85,831047
2025-11-28,53.5,53.5,53.5,53.1,53.1,423526
2025-12-01,53.05,53.05,53.45,52.9,53.45,419597
2025-12-02,53.25,53.25,53.55,53.1,53.2,647133
2025-12-03,53.45,53.45,53.75,53.4,53.75,396783
2025-12-04,53.5,53.5,53.75,53.4,53.5,480274
2025-12-05,53.95,53.95,53.95,53.55,53.55,334003
2025-12-08,54.5,54.5,54.5,54.05,54.05,1355537
2025-12-09,54.35,54.35,54.55,54.3,54.4,468088
2025-12-10,54.6,54.6,54.7,54.4,54.55,692461
2025-12-11,54.0,54.0,54.9,54.0,54.75,470451
2025-12-12,54.2,54.2,54.4,54.05,54.15,359101
2025-12-15,53.6,53.6,53.8,53.3,53.4,759423
2025-12-16,53.3,53.3,53.45,52.85,53.45,1064752
2025-12-17,53.2,53.2,53.5,52.9,53.45,2841422
2025-12-18,53.0,53.0,53.15,52.75,52.95,468797
2025-12-19,53.45,53.45,53.7,53.2,53.2,670382
2025-12-22,54.15,54.15,54.35,53.95,54.0,624060
2025-12-23,54.15,54.15,54.35,54.1,54.25,1142893
2025-12-24,54.2,54.2,54.55,54.2,54.35,426074
2025-12-26,54.7,54.7,54.7,54.4,54.45,470949
2025-12-29,55.25,55.25,55.3,54.7,54.7,856744
2025-12-30,55.15,55.15,55.25,54.8,55.1,438392
2025-12-31,55.35,55.35,55.5,55.05,55.15,853989
2026-01-02,56.15,56.15,56.2,55.5,55.5,1149242
2026-01-05,57.4,57.4,57.85,56.75,56.75,2097041
2026-01-06,58.15,58.15,58.15,57.4,57.4,1503190
2026-01-07,57.85,57.85,58.15,57.7,58.15,2089246
2026-01-08,57.55,57.55,58.0,57.5,57.85,2068524
2026-01-09,57.5,57.5,57.85,56.9,57.55,1816877
2026-01-12,57.95,57.95,58.2,57.85,57.85,1713373
2026-01-13,58.15,58.15,58.7,58.0,58.55,1497464
2026-01-14,58.6,58.6,58.8,58.3,58.3,2332232
2026-01-15,58.35,58.35,58.55,58.05,58.5,1055615
2026-01-16,59.4,59.4,59.5,58.85,59.0,888466
2026-01-19,59.8,59.8,59.8,59.0,59.4,856321
2026-01-20,59.65,59.65,59.8,59.2,59.4,759710
2026-01-21,59.15,59.15,59.65,58.9,58.95,741225
2026-01-22,59.9,59.9,60.25,59.6,59.6,704383
2026-01-23,60.5,60.5,60.65,60.1,60.35,697751
2026-01-26,60.85,60.85,60.9,60.5,60.55,626160
2026-01-27,61.35,61.35,61.5,60.8,60.85,569193
2026-01-28,61.9,61.9,62.0,61.6,61.6,1309934
2026-01-29,61.55,61.55,62.2,61.3,61.85,651756
2026-01-30,60.7,60.7,61.2,60.35,61.2,785196
2026-02-02,59.8,59.8,60.0,59.25,59.75,1467382
2026-02-03,60.95,60.95,61.0,60.5,60.6,1007142
2026-02-04,61.2,61.2,61.25,60.6,60.85,884989
2026-02-05,60.2,60.2,60.7,60.1,60.7,908569
2026-02-06,60.2,60.2,60.25,59.1,59.85,988825
2026-02-09,61.6,61.6,61.8,61.4,61.4,1000136
2026-02-10,62.65,62.65,62.75,62.15,62.15,1362810
2026-02-11,63.7,63.7,63.8,62.65,62.65,1534771
2026-02-23,64.2,64.2,64.95,64.0,64.3,1868678
2026-02-24,65.6,65.6,65.7,64.35,64.35,1578410
2026-02-25,67.2,67.2,67.5,66.1,66.1,1626393
2026-02-26,66.5,66.5,66.9,65.95,66.9,1437690
2026-03-02,66.05,66.05,66.25,65.0,65.4,1352639
2026-03-03,64.4,64.4,65.95,64.35,65.9,1387439
2026-03-04,61.5,61.5,63.05,61.45,63.0,2636797
2026-03-05,63.2,63.2,64.0,62.8,63.2,1438216
2026-03-06,63.2,63.2,63.55,62.5,62.8,716147
2026-03-09,60.1,60.1,60.1,58.5,60.05,3162310
2026-03-10,61.65,61.65,62.4,61.0,61.9,1011388
2026-03-11,64.0,64.0,64.1,62.5,62.5,1133949
2026-03-12,63.2,63.2,63.9,62.95,63.55,586788
2026-03-13,62.8,62.8,63.3,62.2,62.4,1053570
2026-03-16,62.75,62.75,63.35,62.45,63.1,1486761
2026-03-17,63.55,63.55,63.75,63.35,63.35,569495
2026-03-18,64.65,64.65,64.75,64.2,64.2,1470390
2026-03-19,63.4,63.4,63.9,63.3,63.55,1004100
2026-03-20,63.2,63.2,63.65,62.7,63.45,690543
2026-03-23,61.6,61.6,61.9,61.0,61.5,1273384
2026-03-24,61.75,61.75,62.8,61.2,62.5,1218628
2026-03-25,63.3,63.3,63.8,63.05,63.2,1490957
2026-03-26,63.3,63.3,64.15,63.2,63.6,869116
2026-03-27,62.85,62.85,62.85,61.95,62.3,396323
2026-03-30,61.65,61.65,61.7,61.05,61.7,1091143
2026-03-31,60.1,60.1,61.1,59.95,61.05,1074878
2026-04-01,62.5,62.5,62.7,61.45,61.45,1057345
2026-04-02,61.55,61.55,63.3,61.35,62.5,898985
2026-04-07,62.55,62.55,62.75,62.0,62.5,742594
2026-04-08,65.8,65.8,65.85,64.35,64.35,3000022
2026-04-09,65.9,65.9,65.9,65.5,65.8,870107
2026-04-10,66.8,66.8,67.05,66.35,66.4,5620732
2026-04-13,66.85,66.85,67.15,66.7,66.75,571844
2026-04-14,68.35,68.35,68.5,67.75,67.75,1325680
2026-04-15,69.45,69.45,70.15,69.25,69.25,1185585
2026-04-16,70.5,70.5,70.5,69.9,70.0,1833559
2026-04-17,70.25,70.25,70.65,70.15,70.4,851569
2026-04-20,71.1,71.1,71.5,70.7,70.7,1385528
2026-04-21,72.35,72.35,72.55,71.6,71.6,1260087
2026-04-22,73.2,73.2,73.5,72.25,72.25,855174
2026-04-23,72.95,72.95,75.05,71.75,74.05,1252147
2026-04-24,75.25,75.25,75.25,73.75,73.75,776631
2026-04-27,76.65,76.65,77.2,76.15,76.5,1983188
2026-04-28,76.5,76.5,77.55,76.45,76.6,717229
2026-04-29,76.0,76.0,76.45,75.3,75.65,674895
2026-04-30,76.2,76.2,77.1,76.1,76.5,1750371
2026-05-04,79.35,79.35,79.4,77.55,77.55,1720962
2026-05-05,79.7,79.7,79.8,79.05,79.05,923683
2026-05-06,81.0,81.0,81.75,79.75,80.35,1250296
2026-05-07,82.5,82.5,82.9,81.85,82.05,1006662
2026-05-08,82.2,82.2,82.7,81.05,82.3,928465
2026-05-11,83.2,83.2,83.4,81.6,82.2,1106273
2026-05-12,82.75,82.75,83.9,82.3,83.2,1910429
2026-05-13,81.95,81.95,82.05,81.0,81.8,1059315
2026-05-14,81.85,81.85,83.2,81.85,82.5,799870
2026-05-15,80.75,80.75,83.25,80.35,82.75,1337855
2026-05-18,80.4,80.4,80.65,78.6,79.25,1076993
2026-05-19,78.85,78.85,80.5,78.8,79.85,1727705
2026-05-20,78.75,78.75,79.45,78.35,79.0,2085060
2026-05-21,82.1,82.1,82.1,80.15,80.3,2117178
2026-05-22,82.85,82.85,82.9,81.65,81.75,2860471
2026-05-25,86.5,86.5,86.55,84.25,84.25,2905492
2026-05-26,86.7,86.7,87.45,86.0,86.9,903650
2026-05-27,88.9,88.9,90.0,87.75,87.75,945782
2026-05-28,86.7,86.7,89.7,86.15,89.1,1073179
2026-05-29,89.15,89.15,89.4,88.1,88.15,685514
2026-06-01,90.75,90.75,91.45,89.85,89.85,1022806
2026-06-02,91.05,91.05,91.3,89.45,91.15,973454
2026-06-03,92.6,92.6,92.8,92.0,92.05,1007026
2026-06-04,91.3,91.3,92.1,91.05,92.0,971661
2026-06-05,89.7,89.7,90.8,87.75,90.8,1386700
2026-06-08,86.4,86.4,86.6,84.05,84.05,1748995
2026-06-09,89.5,89.5,89.55,86.6,86.6,717403
2026-06-10,86.2,86.2,89.15,86.2,88.85,1105096
2026-06-11,85.9,85.9,86.65,83.65,85.75,1572216
2026-06-12,87.8,87.8,89.3,87.55,89.2,520757
2026-06-15,90.35,90.35,90.95,89.75,90.1,644439
2026-06-16,91.05,91.05,91.15,90.3,91.0,738717
2026-06-17,91.4,91.4,91.4,89.95,90.6,512006
2026-06-18,92.45,92.45,92.5,92.0,92.05,949370
2026-06-22,95.0,95.0,95.05,93.55,93.55,1070642
2026-06-23,93.8,93.8,95.65,93.6,95.25,654861
2026-06-24,91.85,91.85,92.15,90.8,91.5,1093410
2026-06-25,92.2,92.2,92.85,91.35,92.5,594325
2026-06-26,88.05,88.05,91.1,88.0,91.1,1100727
2026-06-29,89.25,89.25,90.1,88.25,88.25,883414
2026-06-30,92.05,92.05,92.35,91.1,91.1,588228
2026-07-01,93.0,93.0,93.85,92.5,93.6,560335
2026-07-02,92.85,92.85,92.85,91.05,91.4,829353
2026-07-03,92.7,92.7,93.0,90.6,92.45,534898
2026-07-06,92.55,92.55,93.8,91.9,93.4,517200
2026-07-07,89.95,89.95,92.8,89.8,92.55,755170
2026-07-08,89.95,89.95,90.35,89.0,90.15,477804
2026-07-09,89.75,89.75,90.95,89.5,90.25,649474
2026-07-13,89.6,89.6,91.35,89.1,91.35,699233
2026-07-14,87.95,87.95,89.15,85.6,89.1,1161480
2026-07-15,89.9,89.9,90.0,88.45,88.8,432690
2026-07-16,89.8,89.8,90.05,88.0,89.5,556641
2026-07-17,84.05,84.05,86.95,84.05,86.6,1906983
2026-07-20,83.4,83.4,84.5,82.25,84.2,1727309
2026-07-21,86.7,86.7,86.8,84.5,85.2,552379
2026-07-22,88.4,88.4,89.5,88.15,88.3,475815
2026-07-23,88.55,88.55,89.15,87.75,88.75,369993
2026-07-24,86.7,86.7,88.3,86.45,87.8,290347
2026-07-27,86.7,86.7,86.7,85.0,86.65,587180
2026-07-28,82.35,82.35,84.25,82.15,84.25,1439219
2026-07-29,78.75,78.75,82.65,77.5,82.35,2002023
2026-07-30,78.85,78.85,81.35,77.85,78.75,1106764
2026-07-31,85.9,85.9,86.2,83.45,83.45,2412948
2026-08-03,86.4,86.4,87.0,85.15,85.45,1037367
2026-08-04,86.15,86.15,87.3,85.0,86.0,769168
2026-08-05,88.55,88.55,89.4,88.3,88.3,747737
2026-08-06,88.5,88.5,88.85,87.5,88.5,502890
2026-08-07,88.0,88.0,88.85,87.45,88.6,438749
2026-08-10,89.55,89.55,90.0,88.75,89.0,560874
2026-08-11,89.95,89.95,90.0,88.95,89.0,629776
2026-08-12,90.5,90.5,90.65,90.1,90.4,442112
2026-08-13,91.85,91.85,92.3,91.45,91.45,831210
2026-08-14,91.8,91.8,92.8,91.6,92.0,710128
2026-08-17,92.0,92.0,92.5,91.7,92.0,670784
2026-08-18,90.45,90.45,92.0,90.4,92.0,955745
2026-08-19,89.1,89.1,89.6,88.45,88.65,652378
2026-08-20,89.2,89.2,89.95,88.6,89.9,739350
2026-08-21,88.6,88.6,89.0,87.6,88.75,623324
2026-08-24,88.3,88.3,89.15,88.25,88.75,403393
2026-08-25,88.8,88.8,88.8,86.9,87.85,354276
2026-08-26,90.4,90.4,90.6,88.5,88.8,912715
2026-08-27,90.55,90.55,91.5,90.5,91.0,877986
2026-08-28,91.4,91.4,91.75,91.0,91.0,539345
2026-08-31,91.0,91.0,91.0,89.8,90.35,433753
2026-09-01,93.2,93.2,93.45,91.0,91.0,1873606
2026-09-02,91.9,91.9,93.0,91.7,92.35,435894
2026-09-03,91.05,91.05,92.3,91.05,91.95,1195184
2026-09-04,92.65,92.65,92.75,91.75,92.0,1018796
2026-09-07,94.25,94.25,94.7,93.5,93.75,809017
2026-09-08,93.7,93.7,94.45,93.4,94.45,326327
2026-09-09,93.6,93.6,94.4,93.6,93.75,292559
2026-09-10,93.25,93.25,93.35,92.6,93.1,387299
2026-09-11,92.1,92.1,92.35,91.4,92.2,384709
2026-09-14,91.55,91.55,92.0,90.55,90.95,419629
2026-09-15,90.95,90.95,91.8,90.8,91.55,544177
2026-09-16,91.5,91.5,91.95,90.95,91.2,377214
2026-09-17,92.15,92.15,93.4,92.0,92.0,366068
2026-09-18,93.75,93.75,94.0,93.0,93.3,573749
2026-09-21,95.3,95.3,95.4,94.4,94.4,652912
2026-09-22,96.0,96.0,97.5,95.95,97.05,747771
