Date,Adj Close,Close,High,Low,Open,Volume
2023-03-27,14.93,14.93,14.99,14.92,14.93,26828314
2023-03-28,14.88,14.88,14.96,14.88,14.95,11939650
2023-03-29,14.87,14.87,14.93,14.81,14.92,13383341
2023-03-30,14.94,14.94,14.97,14.9,14.92,7994831
2023-03-31,14.96,14.96,15.03,14.96,14.99,10776601
2023-04-06,14.86,14.86,14.96,14.85,14.96,7582665
2023-04-07,14.87,14.87,14.93,14.86,14.88,3909664
2023-04-10,14.88,14.88,14.93,14.87,14.87,3466968
2023-04-11,14.93,14.93,14.97,14.86,14.9,3340841
2023-04-12,14.93,14.93,14.95,14.88,14.95,2543227
2023-04-13,14.83,14.83,14.92,14.82,14.92,9754134
2023-04-14,14.96,14.96,14.98,14.86,14.86,4433831
2023-04-17,14.91,14.91,14.96,14.86,14.96,2938184
2023-04-18,14.84,14.84,14.94,14.83,14.94,6670361
2023-04-19,14.77,14.77,14.88,14.75,14.87,9141034
2023-04-20,14.7,14.7,14.77,14.66,14.74,9549089
2023-04-21,14.64,14.64,14.76,14.63,14.75,5606912
2023-04-24,14.63,14.63,14.67,14.57,14.59,3685285
2023-04-25,14.43,14.43,14.64,14.42,14.63,10453132
2023-04-26,14.39,14.39,14.41,14.34,14.4,4425178
2023-04-27,14.39,14.39,14.46,14.34,14.39,4438053
2023-04-28,14.54,14.54,14.56,14.49,14.52,2136453
2023-05-02,14.6,14.6,14.63,14.53,14.56,1459955
2023-05-03,14.57,14.57,14.57,14.51,14.57,1071138
2023-05-04,14.58,14.58,14.6,14.49,14.52,2146849
2023-05-05,14.61,14.61,14.65,14.57,14.58,2134352
2023-05-08,14.69,14.69,14.75,14.63,14.63,3271343
2023-05-09,14.74,14.74,14.74,14.66,14.69,2975204
2023-05-10,14.65,14.65,14.74,14.6,14.74,2143497
2023-05-11,14.61,14.61,14.68,14.6,14.67,1552158
2023-05-12,14.58,14.58,14.6,14.52,14.58,1479030
2023-05-15,14.55,14.55,14.58,14.51,14.54,1180329
2023-05-16,14.71,14.71,14.76,14.62,14.62,2926975
2023-05-17,14.94,14.94,14.99,14.73,14.75,13188298
2023-05-18,15.1,15.1,15.15,14.99,14.99,34213118
2023-05-19,15.14,15.14,15.19,15.11,15.15,15141462
2023-05-22,15.14,15.14,15.17,15.11,15.13,6842025
2023-05-23,15.13,15.13,15.19,15.09,15.14,3731528
2023-05-24,15.1,15.1,15.1,15.01,15.1,2898839
2023-05-25,15.19,15.19,15.21,15.12,15.18,6905012
2023-05-26,15.44,15.44,15.48,15.25,15.25,14511217
2023-05-29,15.58,15.58,15.67,15.58,15.65,4316755
2023-05-30,15.62,15.62,15.68,15.57,15.68,4852484
2023-05-31,15.57,15.57,15.62,15.47,15.62,4534365
2023-06-01,15.45,15.45,15.52,15.41,15.52,2179624
2023-06-02,15.65,15.65,15.7,15.49,15.49,7603174
2023-06-05,15.65,15.65,15.72,15.64,15.65,2706258
2023-06-06,15.69,15.69,15.76,15.66,15.66,2189937
2023-06-07,15.9,15.9,15.91,15.74,15.75,3604627
2023-06-08,15.72,15.72,15.9,15.68,15.9,2949378
2023-06-09,15.84,15.84,15.87,15.78,15.8,2695130
2023-06-12,15.96,15.96,16.02,15.91,15.91,2639615
2023-06-13,16.25,16.25,16.3,16.12,16.15,5271345
2023-06-14,16.28,16.28,16.31,16.2,16.23,6385018
2023-06-15,16.36,16.36,16.37,16.27,16.27,2342034
2023-06-16,16.3,16.3,16.4,16.26,16.36,2577956
2023-06-19,16.32,16.32,16.32,16.2,16.26,2667117
2023-06-20,16.21,16.21,16.32,16.19,16.32,2507975
2023-06-21,16.25,16.25,16.25,16.15,16.21,2852864
2023-06-26,16.1,16.1,16.15,16.05,16.15,2677162
2023-06-27,15.99,15.99,16.08,15.98,16.08,2935192
2023-06-28,16.0,16.0,16.08,15.99,16.05,3147742
2023-06-29,16.05,16.05,16.22,16.02,16.11,8980116
2023-06-30,16.11,16.11,16.11,15.96,16.04,3193593
2023-07-03,16.31,16.31,16.31,16.16,16.16,2840896
2023-07-04,16.37,16.37,16.39,16.3,16.35,3800854
2023-07-05,16.3,16.3,16.4,16.29,16.38,3063333
2023-07-06,16.02,16.02,16.21,16.0,16.2,6411309
2023-07-07,15.94,15.94,16.0,15.87,15.95,4475893
2023-07-10,15.91,15.91,16.05,15.88,15.94,2260759
2023-07-11,16.16,16.16,16.19,16.04,16.04,3391756
2023-07-12,16.29,16.29,16.29,16.16,16.19,2347773
2023-07-13,16.45,16.45,16.62,16.43,16.6,6536845
2023-07-14,16.69,16.69,16.72,16.49,16.49,7156419
2023-07-17,16.69,16.69,16.74,16.65,16.7,2527033
2023-07-18,16.64,16.64,16.8,16.6,16.72,2638837
2023-07-19,16.51,16.51,16.71,16.5,16.7,2337931
2023-07-20,16.55,16.55,16.62,16.52,16.52,2951776
2023-07-21,16.49,16.49,16.53,16.25,16.4,7657704
2023-07-24,16.52,16.52,16.57,16.42,16.5,3085803
2023-07-25,16.69,16.69,16.74,16.59,16.59,3002075
2023-07-26,16.67,16.67,16.72,16.61,16.7,1629091
2023-07-27,16.73,16.73,16.76,16.7,16.7,1445126
2023-07-28,16.8,16.8,16.82,16.67,16.73,2325110
2023-07-31,16.68,16.68,17.05,16.63,16.9,4198273
2023-08-01,16.79,16.79,16.8,16.66,16.68,1582778
2023-08-02,16.44,16.44,16.78,16.4,16.77,5714060
2023-08-04,16.38,16.38,16.43,16.3,16.42,3822565
2023-08-07,16.58,16.58,16.6,16.42,16.44,1318251
2023-08-08,16.44,16.44,16.6,16.33,16.58,3755259
2023-08-09,16.43,16.43,16.5,16.36,16.42,1410107
2023-08-10,16.26,16.26,16.39,16.21,16.39,2645527
2023-08-11,16.28,16.28,16.39,16.24,16.32,1053741
2023-08-14,16.06,16.06,16.22,15.99,16.22,5954600
2023-08-15,16.12,16.12,16.23,16.08,16.14,2384813
2023-08-16,16.07,16.07,16.07,15.97,16.06,6100914
2023-08-17,16.15,16.15,16.17,15.92,16.0,1838957
2023-08-18,16.01,16.01,16.17,16.0,16.1,2730914
2023-08-21,16.02,16.02,16.12,15.97,16.08,2949071
2023-08-22,16.08,16.08,16.15,16.05,16.1,1476647
2023-08-23,16.19,16.19,16.2,16.06,16.08,1415466
2023-08-24,16.43,16.43,16.48,16.35,16.35,2735810
2023-08-25,16.08,16.08,16.32,16.0,16.32,6245840
2023-08-28,16.15,16.15,16.2,16.11,16.15,859393
2023-08-29,16.24,16.24,16.25,16.1,16.21,1140183
2023-08-30,16.31,16.31,16.37,16.31,16.34,924722
2023-08-31,16.23,16.23,16.31,16.2,16.31,1496745
2023-09-01,16.22,16.22,16.27,16.2,16.23,973418
2023-09-04,16.29,16.29,16.3,16.19,16.22,1718029
2023-09-05,16.28,16.28,16.29,16.25,16.29,1372971
2023-09-06,16.26,16.26,16.31,16.25,16.28,1556085
2023-09-07,16.18,16.18,16.22,16.15,16.22,2704270
2023-09-08,16.11,16.11,16.12,16.04,16.09,2821895
2023-09-11,15.97,15.97,16.11,15.9,16.11,5348137
2023-09-12,16.1,16.1,16.11,15.97,15.99,1660190
2023-09-13,16.1,16.1,16.18,16.05,16.18,2176368
2023-09-14,16.34,16.34,16.34,16.16,16.16,2081181
2023-09-15,16.41,16.41,16.41,16.32,16.35,2277705
2023-09-18,16.28,16.28,16.35,16.24,16.35,3227509
2023-09-19,16.21,16.21,16.3,16.19,16.29,4692995
2023-09-20,16.1,16.1,16.18,16.08,16.18,3806659
2023-09-21,15.85,15.85,16.03,15.82,16.03,14342442
2023-09-22,15.91,15.91,15.92,15.76,15.81,2980132
2023-09-25,16.0,16.0,16.02,15.92,15.94,4370013
2023-09-26,15.82,15.82,15.97,15.79,15.97,7814687
2023-09-27,15.82,15.82,15.85,15.75,15.79,4212172
2023-09-28,15.92,15.92,15.97,15.85,15.86,2607411
2023-10-02,16.12,16.12,16.15,16.04,16.04,4189403
2023-10-03,16.05,16.05,16.28,16.04,16.25,47179576
2023-10-04,15.88,15.88,16.0,15.79,16.0,33733362
2023-10-05,16.09,16.09,16.09,15.93,15.96,12425978
2023-10-06,16.15,16.15,16.16,16.1,16.14,11763187
2023-10-11,16.36,16.36,16.38,16.28,16.3,11676087
2023-10-12,16.45,16.45,16.46,16.35,16.4,9590149
2023-10-13,16.42,16.42,16.45,16.38,16.45,13452549
2023-10-16,16.3,16.3,16.38,16.24,16.38,27967154
2023-10-17,16.3,16.3,16.43,16.27,16.43,18838981
2023-10-18,16.1,16.1,16.28,16.07,16.28,65005899
2023-10-19,15.54,15.54,15.56,15.46,15.5,21823628
2023-10-20,15.46,15.46,15.51,15.36,15.51,15744200
2023-10-23,15.3,15.3,15.44,15.29,15.44,17000730
2023-10-24,15.33,15.33,15.33,15.19,15.3,9779724
2023-10-25,15.37,15.37,15.44,15.36,15.38,7328216
2023-10-26,15.05,15.05,15.16,15.02,15.13,27193760
2023-10-27,15.16,15.16,15.19,15.07,15.07,5431373
2023-10-30,15.15,15.15,15.22,15.12,15.16,7043461
2023-10-31,15.04,15.04,15.2,15.01,15.2,12466817
2023-11-01,15.09,15.09,15.1,15.01,15.06,4078093
2023-11-02,15.38,15.38,15.39,15.23,15.23,5715362
2023-11-03,15.51,15.51,15.53,15.42,15.5,5792151
2023-11-06,15.69,15.69,15.74,15.6,15.6,7642633
2023-11-07,15.65,15.65,15.68,15.6,15.68,4234204
2023-11-08,15.74,15.74,15.78,15.65,15.65,8117713
2023-11-09,15.75,15.75,15.77,15.69,15.74,4477502
2023-11-10,15.69,15.69,15.7,15.63,15.63,3588673
2023-11-13,15.87,15.87,15.98,15.84,15.92,6713340
2023-11-14,15.95,15.95,15.96,15.91,15.93,6904998
2023-11-15,16.13,16.13,16.17,16.07,16.09,14643338
2023-11-16,16.13,16.13,16.19,16.07,16.13,15066296
2023-11-17,16.2,16.2,16.23,16.13,16.13,10668887
2023-11-20,16.18,16.18,16.2,16.11,16.2,4689369
2023-11-21,16.4,16.4,16.42,16.22,16.22,16336419
2023-11-22,16.29,16.29,16.35,16.25,16.35,5669106
2023-11-23,16.24,16.24,16.29,16.21,16.29,4526526
2023-11-24,16.25,16.25,16.3,16.24,16.29,2309247
2023-11-27,16.13,16.13,16.31,16.12,16.25,5868753
2023-11-28,16.27,16.27,16.33,16.15,16.15,4537246
2023-11-29,16.29,16.29,16.39,16.27,16.27,6284119
2023-11-30,16.3,16.3,16.31,16.23,16.29,3876866
2023-12-01,16.3,16.3,16.3,16.23,16.29,3649092
2023-12-04,16.29,16.29,16.38,16.25,16.32,4847095
2023-12-05,16.13,16.13,16.23,16.09,16.22,13993192
2023-12-06,16.21,16.21,16.27,16.13,16.13,4625222
2023-12-07,16.13,16.13,16.18,16.13,16.17,4095124
2023-12-08,16.24,16.24,16.3,16.23,16.23,5752129
2023-12-11,16.26,16.26,16.3,16.21,16.3,3546689
2023-12-12,16.29,16.29,16.37,16.27,16.32,7395051
2023-12-13,16.3,16.3,16.34,16.29,16.3,5316660
2023-12-14,16.52,16.52,16.54,16.42,16.42,13835972
2023-12-15,16.58,16.58,16.65,16.55,16.55,13225226
2023-12-18,16.57,16.57,16.58,16.46,16.55,4902496
2023-12-19,16.48,16.48,16.57,16.43,16.57,5243573
2023-12-20,16.61,16.61,16.62,16.51,16.51,7762796
2023-12-21,16.45,16.45,16.47,16.37,16.45,5037633
2023-12-22,16.51,16.51,16.53,16.47,16.47,3799186
2023-12-25,16.61,16.61,16.62,16.5,16.5,5236791
2023-12-26,16.71,16.71,16.72,16.61,16.61,10621218
2023-12-27,16.88,16.88,16.9,16.72,16.75,8874504
2023-12-28,16.89,16.89,16.92,16.85,16.88,5579212
2023-12-29,16.9,16.9,16.92,16.85,16.89,3104626
2024-01-02,16.77,16.77,16.92,16.73,16.9,5487258
2024-01-03,16.48,16.48,16.67,16.45,16.67,10765727
2024-01-04,16.41,16.41,16.53,16.41,16.48,6923481
2024-01-05,16.42,16.42,16.52,16.41,16.42,3782392
2024-01-08,16.49,16.49,16.61,16.48,16.48,3824217
2024-01-09,16.49,16.49,16.62,16.48,16.6,5232803
2024-01-10,16.41,16.41,16.43,16.35,16.43,3025962
2024-01-11,16.48,16.48,16.5,16.42,16.45,3488024
2024-01-12,16.44,16.44,16.49,16.37,16.44,3852663
2024-01-15,16.45,16.45,16.55,16.44,16.5,4303460
2024-01-16,16.29,16.29,16.39,16.25,16.39,8067324
2024-01-17,16.1,16.1,16.27,16.07,16.27,16628805
2024-01-18,16.18,16.18,16.21,16.13,16.13,3881169
2024-01-19,16.6,16.6,16.64,16.43,16.5,10021829
2024-01-22,16.76,16.76,16.82,16.71,16.71,5602032
2024-01-23,16.79,16.79,16.8,16.74,16.76,4892876
2024-01-24,16.79,16.79,16.83,16.79,16.8,4371535
2024-01-25,16.91,16.91,16.95,16.84,16.84,10106947
2024-01-26,16.88,16.88,16.93,16.87,16.89,5300034
2024-01-29,17.0,17.0,17.03,16.89,16.95,6063383
2024-01-30,17.0,17.0,17.02,16.97,17.02,3262395
2024-01-31,16.83,16.83,16.92,16.81,16.91,3332543
2024-02-01,16.85,16.85,16.85,16.77,16.81,3458798
2024-02-02,16.95,16.95,16.96,16.9,16.9,3125501
2024-02-05,16.99,16.99,17.0,16.84,16.95,2673995
2024-02-15,17.55,17.55,17.67,17.3,17.3,12709147
2024-02-16,17.51,17.51,17.57,17.48,17.55,5119293
2024-02-19,17.49,17.49,17.51,17.45,17.51,3984033
2024-02-20,17.61,17.61,17.61,17.48,17.49,4230607
2024-02-21,17.53,17.53,17.59,17.52,17.59,3144233
2024-02-22,17.71,17.71,17.72,17.61,17.63,4289302
2024-02-23,17.83,17.83,17.9,17.8,17.81,5620658
2024-02-26,17.86,17.86,17.87,17.73,17.83,3926496
2024-02-27,17.81,17.81,17.91,17.7,17.86,6435565
2024-02-29,17.9,17.9,17.91,17.74,17.77,3312406
2024-03-01,17.86,17.86,17.97,17.85,17.95,7659173
2024-03-04,18.19,18.19,18.2,18.01,18.01,8469661
2024-03-05,18.32,18.32,18.35,18.21,18.3,5292779
2024-03-06,18.42,18.42,18.43,18.19,18.24,5969621
2024-03-07,18.72,18.72,18.77,18.55,18.55,8140336
2024-03-08,18.84,18.84,19.07,18.72,18.99,12966771
2024-03-11,18.76,18.76,18.86,18.72,18.8,6672944
2024-03-12,18.96,18.96,18.98,18.7,18.73,5168343
2024-03-13,19.03,19.03,19.15,18.99,19.06,6539664
2024-03-14,18.99,18.99,19.07,18.92,19.03,5270385
2024-03-15,18.91,18.91,18.97,18.87,18.95,6109580
2024-03-18,18.61,18.61,18.63,18.5,18.62,4352595
2024-03-19,18.61,18.61,18.64,18.47,18.56,5916864
2024-03-20,18.52,18.52,18.7,18.5,18.58,4678359
2024-03-21,18.9,18.9,18.92,18.7,18.7,6932209
2024-03-22,18.92,18.92,18.99,18.81,18.9,5470864
2024-03-25,18.92,18.92,18.96,18.85,18.92,3517200
2024-03-26,18.9,18.9,19.1,18.73,18.92,5739432
2024-03-27,18.92,18.92,18.95,18.83,18.9,3027709
2024-03-28,18.9,18.9,18.92,18.74,18.92,3479695
2024-03-29,18.99,18.99,19.02,18.88,18.88,4622736
2024-04-01,18.93,18.93,19.09,18.92,19.03,3572522
2024-04-02,19.12,19.12,19.14,19.03,19.05,5647042
2024-04-03,19.02,19.02,19.07,18.93,19.05,3099957
2024-04-08,19.11,19.11,19.16,19.02,19.05,2609719
2024-04-09,19.45,19.45,19.46,19.15,19.15,4840170
2024-04-10,19.46,19.46,19.5,19.4,19.45,2239004
2024-04-11,19.38,19.38,19.38,19.27,19.36,3654331
2024-04-12,19.35,19.35,19.4,19.3,19.37,2040261
2024-04-15,19.13,19.13,19.25,19.07,19.25,6063606
2024-04-16,18.58,18.58,18.99,18.47,18.99,19345665
2024-04-17,18.76,18.76,18.79,18.59,18.6,3581443
2024-04-18,18.88,18.88,18.88,18.58,18.7,3606393
2024-04-19,18.1,18.1,18.48,17.91,18.48,15516226
2024-04-22,18.0,18.0,18.19,17.99,18.06,6068684
2024-04-23,18.14,18.14,18.25,18.07,18.16,3238993
2024-04-24,18.67,18.67,18.67,18.32,18.32,4403059
2024-04-25,18.36,18.36,18.5,18.32,18.5,3511102
2024-04-26,18.58,18.58,18.7,18.49,18.49,3866475
2024-04-29,19.0,19.0,19.02,18.7,18.7,7693070
2024-04-30,18.96,18.96,19.06,18.96,19.01,1986714
2024-05-02,18.77,18.77,18.82,18.67,18.82,5322176
2024-05-03,18.83,18.83,19.01,18.78,18.91,3094658
2024-05-06,19.11,19.11,19.22,19.05,19.05,6948072
2024-05-07,19.22,19.22,19.26,19.1,19.2,3509742
2024-05-08,19.24,19.24,19.26,19.15,19.2,2300322
2024-05-09,19.22,19.22,19.34,19.22,19.24,3098820
2024-05-10,19.39,19.39,19.42,19.25,19.26,3055246
2024-05-13,19.52,19.52,19.59,19.48,19.5,4217875
2024-05-14,19.7,19.7,19.7,19.5,19.52,3307567
2024-05-15,19.87,19.87,20.02,19.75,19.75,7982253
2024-05-16,20.02,20.02,20.25,19.99,20.05,6355358
2024-05-17,19.99,19.99,20.04,19.95,20.02,3037451
2024-05-20,19.99,19.99,20.03,19.83,20.0,4504555
2024-05-21,19.92,19.92,20.01,19.85,19.99,3043110
2024-05-22,20.24,20.24,20.26,19.95,19.95,4281022
2024-05-23,20.4,20.4,20.41,20.24,20.3,3957933
2024-05-24,20.33,20.33,20.36,20.18,20.19,1872273
2024-05-27,20.66,20.66,20.71,20.39,20.4,3109267
2024-05-28,20.7,20.7,20.73,20.64,20.68,1941354
2024-05-29,20.44,20.44,20.68,20.43,20.68,4216334
2024-05-30,20.09,20.09,20.25,20.08,20.21,5656960
2024-05-31,19.99,19.99,20.22,19.99,20.1,4703233
2024-06-03,20.3,20.3,20.36,20.1,20.22,2245471
2024-06-04,20.05,20.05,20.24,20.0,20.24,4432546
2024-06-05,20.15,20.15,20.2,19.94,20.05,5359308
2024-06-06,20.57,20.57,20.65,20.5,20.56,5879317
2024-06-07,20.46,20.46,20.56,20.42,20.56,1746909
2024-06-11,20.45,20.45,20.58,20.45,20.46,3069331
2024-06-12,20.74,20.74,20.75,20.45,20.45,3632382
2024-06-13,21.1,21.1,21.22,20.95,20.95,5861378
2024-06-14,21.28,21.28,21.28,21.02,21.1,4066842
2024-06-17,21.25,21.25,21.3,21.16,21.2,3430418
2024-06-18,21.52,21.52,21.53,21.38,21.39,3755734
2024-06-19,22.1,22.1,22.13,21.65,21.66,6456610
2024-06-20,22.27,22.27,22.27,22.06,22.14,5714270
2024-06-21,22.17,22.17,22.24,22.0,22.05,4541589
2024-06-24,21.7,21.7,22.02,21.7,22.02,10254648
2024-06-25,21.72,21.72,21.72,21.39,21.6,5309108
2024-06-26,21.84,21.84,21.92,21.72,21.75,3459086
2024-06-27,21.74,21.74,21.76,21.6,21.65,3157596
2024-06-28,21.91,21.91,22.01,21.74,21.74,2676752
2024-07-01,21.95,21.95,22.07,21.85,21.91,2980443
2024-07-02,21.78,21.78,21.97,21.72,21.92,4666058
2024-07-03,22.0,22.0,22.03,21.9,21.95,3040951
2024-07-04,22.48,22.48,22.49,22.26,22.27,5470209
2024-07-05,22.44,22.44,22.55,22.41,22.5,2241960
2024-07-08,22.94,22.94,22.98,22.42,22.44,6911045
2024-07-09,23.03,23.03,23.2,22.74,23.0,11204899
2024-07-10,23.1,23.1,23.1,22.83,23.02,8751652
2024-07-11,23.5,23.5,23.54,23.23,23.23,5201643
2024-07-12,22.96,22.96,23.24,22.91,23.24,10976496
2024-07-15,22.9,22.9,23.12,22.86,23.02,8551238
2024-07-16,23.0,23.0,23.16,22.87,22.9,4887086
2024-07-17,22.76,22.76,22.99,22.69,22.96,7652330
2024-07-18,22.4,22.4,22.44,22.15,22.32,8513185
2024-07-19,21.94,21.94,22.26,21.93,22.25,10729095
2024-07-22,21.35,21.35,21.87,21.22,21.87,11560604
2024-07-23,21.85,21.85,21.86,21.6,21.6,4169339
2024-07-26,21.16,21.16,21.22,20.95,21.11,13020941
2024-07-29,21.24,21.24,21.46,21.22,21.4,3619662
2024-07-30,21.26,21.26,21.33,20.9,21.16,5270014
2024-07-31,21.33,21.33,21.42,21.08,21.16,4195385
2024-08-01,21.68,21.68,21.8,21.55,21.8,3992415
2024-08-02,20.71,20.71,21.15,20.7,21.05,12029998
2024-08-05,18.91,18.91,19.71,18.9,19.66,23770240
2024-08-06,19.67,19.67,19.98,18.91,19.49,15526352
2024-08-07,20.34,20.34,20.4,19.85,19.87,8957163
2024-08-08,20.04,20.04,20.24,19.87,20.1,6598762
2024-08-09,20.56,20.56,20.78,20.48,20.6,4830449
2024-08-12,20.91,20.91,21.07,20.78,20.79,5433199
2024-08-13,20.96,20.96,21.11,20.92,21.11,2377440
2024-08-14,21.25,21.25,21.38,21.18,21.2,3448008
2024-08-15,21.11,21.11,21.33,21.1,21.25,2680827
2024-08-16,21.53,21.53,21.6,21.45,21.5,5203822
2024-08-19,21.58,21.58,21.67,21.51,21.54,6914369
2024-08-20,21.6,21.6,21.75,21.59,21.67,2103280
2024-08-21,21.43,21.43,21.55,21.4,21.55,2222863
2024-08-22,21.35,21.35,21.5,21.31,21.44,1714558
2024-08-23,21.41,21.41,21.41,21.13,21.13,1856195
2024-08-26,21.42,21.42,21.69,21.41,21.49,2477759
2024-08-27,21.4,21.4,21.41,21.28,21.38,2034180
2024-08-28,21.57,21.57,21.57,21.28,21.4,1641490
2024-08-29,21.44,21.44,21.48,21.2,21.3,3359664
2024-08-30,21.46,21.46,21.52,21.43,21.45,1490128
2024-09-02,21.4,21.4,21.6,21.39,21.48,1735420
2024-09-03,21.31,21.31,21.48,21.29,21.4,2498714
2024-09-04,20.36,20.36,20.64,20.16,20.55,10937424
2024-09-05,20.42,20.42,20.68,20.36,20.59,2351053
2024-09-06,20.64,20.64,20.68,20.32,20.47,2213344
2024-09-09,20.38,20.38,20.38,20.18,20.3,4745343
2024-09-10,20.36,20.36,20.55,20.23,20.42,2953439
2024-09-11,20.29,20.29,20.38,20.28,20.28,2022668
2024-09-12,20.9,20.9,20.97,20.71,20.72,3159981
2024-09-13,20.96,20.96,21.02,20.87,21.0,1168629
2024-09-16,21.04,21.04,21.05,20.92,20.98,1471118
2024-09-18,20.83,20.83,21.0,20.77,21.0,2498645
2024-09-19,21.16,21.16,21.16,20.83,20.84,2954898
2024-09-20,21.33,21.33,21.53,21.33,21.4,2527841
2024-09-23,21.45,21.45,21.48,21.35,21.43,2054843
2024-09-24,21.69,21.69,21.69,21.36,21.5,3699587
2024-09-25,21.96,21.96,22.03,21.94,21.96,6808347
2024-09-26,22.12,22.12,22.21,22.08,22.1,5181937
2024-09-27,22.12,22.12,22.35,22.1,22.35,7576336
2024-09-30,21.67,21.67,21.98,21.64,21.95,11013933
2024-10-01,21.66,21.66,21.8,21.58,21.8,22079937
2024-10-04,21.63,21.63,21.82,21.54,21.82,27048863
2024-10-07,21.98,21.98,22.06,21.81,21.96,23210953
2024-10-08,21.93,21.93,22.0,21.71,22.0,40661431
2024-10-09,22.09,22.09,22.2,22.06,22.08,22973744
2024-10-11,22.37,22.37,22.4,22.13,22.13,29465182
2024-10-14,22.39,22.39,22.51,22.25,22.5,36250588
2024-10-15,22.84,22.84,22.85,22.52,22.52,33254599
2024-10-16,22.62,22.62,22.73,22.33,22.64,74652348
2024-10-17,21.61,21.61,21.89,21.45,21.89,51970909
2024-10-18,21.92,21.92,22.1,21.85,22.07,32105045
2024-10-21,21.93,21.93,22.09,21.92,22.03,15622282
2024-10-22,21.94,21.94,21.94,21.71,21.9,14546656
2024-10-23,21.87,21.87,21.91,21.8,21.88,13605675
2024-10-24,21.68,21.68,21.88,21.66,21.87,21450577
2024-10-25,21.86,21.86,21.87,21.68,21.68,6240932
2024-10-28,21.81,21.81,22.01,21.71,21.94,11895393
2024-10-29,21.42,21.42,21.64,21.26,21.64,31226943
2024-10-30,21.44,21.44,21.63,21.4,21.5,8725142
2024-11-01,21.29,21.29,21.33,20.71,21.0,23301800
2024-11-04,21.53,21.53,21.56,21.29,21.29,8080261
2024-11-05,21.58,21.58,21.68,21.37,21.45,7517444
2024-11-06,21.7,21.7,21.96,21.61,21.64,14806838
2024-11-07,21.92,21.92,22.0,21.61,21.67,11828279
2024-11-08,22.05,22.05,22.16,22.01,22.1,11902461
2024-11-11,22.04,22.04,22.1,21.85,22.1,9139325
2024-11-12,21.54,21.54,21.81,21.54,21.8,24344181
2024-11-13,21.52,21.52,21.62,21.47,21.54,7882562
2024-11-14,21.34,21.34,21.52,21.23,21.52,18456987
2024-11-15,21.41,21.41,21.5,21.31,21.48,4857559
2024-11-18,21.15,21.15,21.37,21.14,21.37,13194746
2024-11-19,21.39,21.39,21.49,21.18,21.23,7611039
2024-11-20,21.37,21.37,21.53,21.31,21.45,6587871
2024-11-21,21.19,21.19,21.27,21.08,21.27,12105729
2024-11-22,21.51,21.51,21.53,21.28,21.28,6546099
2024-11-25,21.51,21.51,21.75,21.51,21.62,6330715
2024-11-26,21.27,21.27,21.34,21.17,21.34,8522473
2024-11-27,20.96,20.96,21.23,20.94,21.23,17076370
2024-11-28,20.86,20.86,20.96,20.73,20.95,17166083
2024-11-29,20.9,20.9,20.97,20.6,20.79,10017760
2024-12-02,21.31,21.31,21.32,21.04,21.05,6308759
2024-12-03,21.47,21.47,21.58,21.42,21.52,8578180
2024-12-04,21.62,21.62,21.63,21.5,21.54,8360376
2024-12-05,21.72,21.72,21.76,21.66,21.66,7814385
2024-12-06,21.65,21.65,21.78,21.6,21.73,8298391
2024-12-09,21.72,21.72,21.76,21.66,21.66,8421445
2024-12-10,21.65,21.65,21.8,21.62,21.74,9398731
2024-12-11,21.54,21.54,21.67,21.48,21.5,11111553
2024-12-12,21.7,21.7,21.78,21.63,21.69,6748311
2024-12-13,21.71,21.71,21.75,21.61,21.68,5204840
2024-12-16,21.67,21.67,21.96,21.66,21.83,9764220
2024-12-17,21.76,21.76,21.87,21.73,21.73,10074565
2024-12-18,21.8,21.8,21.87,21.66,21.76,8082377
2024-12-19,21.6,21.6,21.62,21.45,21.56,20305307
2024-12-20,21.51,21.51,21.57,21.4,21.57,13558183
2024-12-23,21.83,21.83,21.87,21.67,21.67,13585516
2024-12-24,21.88,21.88,22.03,21.87,21.98,8265434
2024-12-25,21.94,21.94,21.99,21.89,21.99,6291547
2024-12-26,21.94,21.94,21.98,21.92,21.94,5547590
2024-12-27,22.0,22.0,22.0,21.88,21.93,7772656
2024-12-30,21.88,21.88,21.98,21.88,21.97,8016440
2024-12-31,21.79,21.79,21.8,21.67,21.78,11359614
2025-01-02,21.48,21.48,21.73,21.43,21.71,20440448
2025-01-03,21.66,21.66,21.74,21.58,21.63,7660672
2025-01-06,22.13,22.13,22.15,21.88,21.88,28218380
2025-01-07,22.31,22.31,22.47,22.31,22.39,20729217
2025-01-08,22.18,22.18,22.31,22.12,22.28,11444413
2025-01-09,21.86,21.86,22.1,21.84,22.08,16031138
2025-01-10,21.77,21.77,21.88,21.7,21.85,14681877
2025-01-13,21.26,21.26,21.72,21.21,21.72,41411299
2025-01-14,21.45,21.45,21.45,21.26,21.36,9793627
2025-01-15,21.29,21.29,21.45,21.27,21.43,11223564
2025-01-16,21.66,21.66,21.77,21.62,21.7,16789403
2025-01-17,21.71,21.71,21.8,21.52,21.8,6755978
2025-01-20,21.93,21.93,21.95,21.74,21.74,8693321
2025-01-21,21.96,21.96,22.0,21.77,21.86,7155605
2025-01-22,22.21,22.21,22.22,22.08,22.08,13925806
2025-02-03,21.45,21.45,21.55,21.27,21.55,37854900
2025-02-04,21.55,21.55,21.65,21.46,21.58,9104577
2025-02-05,21.87,21.87,21.93,21.7,21.7,10687054
2025-02-06,21.93,21.93,22.01,21.87,21.94,6313086
2025-02-07,22.06,22.06,22.06,21.93,21.93,7744694
2025-02-10,21.88,21.88,22.02,21.81,22.0,12192354
2025-02-11,22.0,22.0,22.12,21.95,22.02,6839280
2025-02-12,21.96,21.96,22.13,21.94,22.04,6680236
2025-02-13,22.03,22.03,22.05,21.88,22.0,5856713
2025-02-14,21.85,21.85,21.94,21.82,21.92,9371446
2025-02-17,22.09,22.09,22.11,21.91,21.97,8752556
2025-02-18,22.2,22.2,22.2,22.08,22.12,8670786
2025-02-19,22.14,22.14,22.23,22.13,22.17,8204765
2025-02-20,22.18,22.18,22.18,22.0,22.15,8511749
2025-02-21,22.24,22.24,22.26,22.04,22.04,7434557
2025-02-24,22.12,22.12,22.12,22.0,22.08,8728961
2025-02-25,21.91,21.91,21.98,21.79,21.9,13885504
2025-02-26,22.05,22.05,22.06,21.75,21.84,21381611
2025-02-27,21.82,21.82,22.09,21.81,22.07,21984145
2025-03-03,21.54,21.54,21.56,21.43,21.52,27828665
2025-03-04,21.47,21.47,21.47,21.14,21.21,21943458
2025-03-05,21.6,21.6,21.65,21.51,21.65,15277211
2025-03-06,21.58,21.58,21.64,21.53,21.62,10273846
2025-03-07,21.39,21.39,21.48,21.37,21.47,19694594
2025-03-10,21.32,21.32,21.42,21.27,21.41,17643112
2025-03-11,21.19,21.19,21.29,21.0,21.13,23348361
2025-03-12,21.26,21.26,21.35,21.2,21.2,7493765
2025-03-13,21.19,21.19,21.48,21.18,21.47,11843885
2025-03-14,21.12,21.12,21.18,20.96,21.18,18441345
2025-03-17,21.11,21.11,21.23,21.1,21.16,15844850
2025-03-18,20.43,20.43,20.45,20.3,20.4,36257315
2025-03-19,20.13,20.13,20.38,20.1,20.37,23884384
2025-03-20,20.37,20.37,20.43,20.25,20.25,8645258
2025-03-21,20.36,20.36,20.42,20.3,20.41,8161871
2025-03-24,20.27,20.27,20.46,20.25,20.37,7773217
2025-03-25,20.4,20.4,20.5,20.34,20.42,7475703
2025-03-26,20.42,20.42,20.5,20.37,20.44,5321396
2025-03-27,20.15,20.15,20.21,20.06,20.21,14895818
2025-03-28,19.85,19.85,19.98,19.75,19.98,26946266
2025-03-31,19.22,19.22,19.4,19.13,19.33,30890045
2025-04-01,19.51,19.51,19.53,19.28,19.29,10762994
2025-04-02,19.55,19.55,19.6,19.49,19.54,6371950
2025-04-07,17.6,17.6,17.6,17.6,17.6,12355640
2025-04-08,16.85,16.85,17.26,16.65,16.7,59792161
2025-04-09,16.0,16.0,16.92,15.86,16.82,44423150
2025-04-10,17.6,17.6,17.6,17.6,17.6,5174070
2025-04-11,18.01,18.01,18.01,16.95,17.44,21260172
2025-04-14,18.1,18.1,18.49,18.08,18.44,16664730
2025-04-15,18.33,18.33,18.34,18.09,18.2,6198463
2025-04-16,18.04,18.04,18.22,17.96,18.2,12307714
2025-04-17,17.87,17.87,17.98,17.74,17.92,11991061
2025-04-18,17.92,17.92,18.0,17.85,17.9,5284479
2025-04-21,17.69,17.69,17.88,17.68,17.87,9803581
2025-04-22,17.4,17.4,17.64,17.39,17.55,11962048
2025-04-23,18.12,18.12,18.12,17.84,17.84,9231933
2025-04-24,17.98,17.98,18.18,17.92,18.18,7025443
2025-04-25,18.4,18.4,18.45,18.34,18.38,6817522
2025-04-28,18.47,18.47,18.53,18.43,18.45,5211015
2025-04-29,18.57,18.57,18.6,18.42,18.47,5360257
2025-04-30,18.58,18.58,18.68,18.52,18.57,5068442
2025-05-02,19.0,19.0,19.0,18.83,18.83,6801618
2025-05-05,18.82,18.82,19.16,18.61,19.16,17518162
2025-05-06,18.8,18.8,18.92,18.63,18.63,11497369
2025-05-07,18.86,18.86,19.0,18.74,18.84,9508935
2025-05-08,18.96,18.96,19.05,18.9,18.97,5116040
2025-05-09,19.14,19.14,19.15,18.93,18.99,5927292
2025-05-12,19.35,19.35,19.39,19.24,19.24,4355778
2025-05-13,19.6,19.6,19.8,19.6,19.8,6939307
2025-05-14,20.0,20.0,20.0,19.8,19.8,9362859
2025-05-15,19.95,19.95,19.99,19.87,19.98,5123446
2025-05-16,20.0,20.0,20.04,19.87,19.93,4755841
2025-05-19,19.73,19.73,19.93,19.71,19.93,7756216
2025-05-20,19.77,19.77,19.95,19.75,19.9,2881821
2025-05-21,20.04,20.04,20.05,19.8,19.8,5957771
2025-05-22,19.87,19.87,19.89,19.78,19.86,6268293
2025-05-23,19.8,19.8,19.94,19.74,19.94,3994683
2025-05-26,19.77,19.77,19.83,19.71,19.78,7759246
2025-05-27,19.58,19.58,19.73,19.54,19.72,7341910
2025-05-28,19.64,19.64,19.83,19.57,19.78,7129584
2025-05-29,19.64,19.64,19.88,19.63,19.81,19629415
2025-06-02,19.32,19.32,19.43,19.22,19.43,9764327
2025-06-03,19.44,19.44,19.62,19.4,19.49,5420132
2025-06-04,19.88,19.88,19.88,19.63,19.63,7191323
2025-06-05,19.88,19.88,20.0,19.84,20.0,4423737
2025-06-06,19.9,19.9,19.93,19.85,19.87,2719851
2025-06-09,20.01,20.01,20.08,19.96,20.05,6732694
2025-06-10,20.42,20.42,20.47,20.15,20.15,17927316
2025-06-11,20.54,20.54,20.57,20.44,20.5,12221040
2025-06-12,20.48,20.48,20.54,20.45,20.5,5426509
2025-06-13,20.3,20.3,20.45,20.23,20.34,14380754
2025-06-16,20.36,20.36,20.4,20.25,20.3,13178486
2025-06-17,20.45,20.45,20.58,20.43,20.52,15715485
2025-06-18,20.51,20.51,20.55,20.42,20.42,8490727
2025-06-19,20.32,20.32,20.46,20.28,20.45,11456172
2025-06-20,20.21,20.21,20.38,20.13,20.31,8090717
2025-06-23,20.07,20.07,20.14,19.96,19.98,10303911
2025-06-24,20.53,20.53,20.55,20.42,20.44,10574381
2025-06-25,20.77,20.77,20.77,20.66,20.69,14882117
2025-06-26,20.7,20.7,20.89,20.69,20.79,12806360
2025-06-27,20.76,20.76,20.8,20.66,20.75,12948638
2025-06-30,20.75,20.75,20.84,20.73,20.81,5628820
2025-07-01,20.89,20.89,21.1,20.86,20.86,18625358
2025-07-02,20.93,20.93,20.95,20.82,20.85,6070626
2025-07-03,21.15,21.15,21.2,21.11,21.11,10367605
2025-07-04,21.0,21.0,21.24,20.99,21.19,4758629
2025-07-07,20.9,20.9,21.07,20.84,21.07,9068488
2025-07-08,20.81,20.81,20.88,20.76,20.82,6772791
2025-07-09,21.01,21.01,21.04,20.8,20.8,4739370
2025-07-10,21.24,21.24,21.26,21.06,21.07,9549278
2025-07-11,21.33,21.33,21.36,21.11,21.11,8651533
2025-07-14,21.18,21.18,21.27,21.14,21.27,5533017
2025-07-15,21.39,21.39,21.42,21.14,21.18,7076712
2025-07-16,21.55,21.55,21.65,21.42,21.42,14326250
2025-07-17,21.64,21.64,21.67,21.5,21.62,7131360
2025-07-18,21.83,21.83,21.89,21.8,21.84,11816467
2025-07-21,21.72,21.72,21.85,21.72,21.8,7398894
2025-07-22,21.57,21.57,21.93,21.56,21.76,12513407
2025-07-23,21.68,21.68,21.76,21.63,21.65,5657317
2025-07-24,21.81,21.81,21.84,21.75,21.75,5841312
2025-07-25,21.79,21.79,21.86,21.76,21.81,6036178
2025-07-28,21.87,21.87,21.92,21.81,21.89,7180719
2025-07-29,21.69,21.69,21.84,21.6,21.82,10395848
2025-07-30,21.81,21.81,21.87,21.74,21.75,9006570
2025-07-31,22.06,22.06,22.09,21.86,21.86,13357872
2025-08-01,21.94,21.94,21.98,21.74,21.76,7601040
2025-08-04,21.87,21.87,21.88,21.7,21.73,6491190
2025-08-05,22.19,22.19,22.22,22.06,22.09,10194386
2025-08-06,22.06,22.06,22.14,22.05,22.05,6592595
2025-08-07,22.55,22.55,22.63,22.37,22.37,14172711
2025-08-08,22.55,22.55,22.6,22.54,22.56,7962847
2025-08-11,22.7,22.7,22.76,22.47,22.53,10027509
2025-08-12,22.75,22.75,22.79,22.66,22.72,7821588
2025-08-13,22.89,22.89,22.95,22.76,22.92,15038793
2025-08-14,22.88,22.88,22.91,22.8,22.88,6254243
2025-08-15,22.89,22.89,22.95,22.79,22.88,5273911
2025-08-18,23.0,23.0,23.01,22.85,22.86,7089099
2025-08-19,22.88,22.88,23.0,22.85,22.99,5171594
2025-08-20,22.3,22.3,22.69,22.26,22.69,17945047
2025-08-21,22.48,22.48,22.5,22.32,22.32,7293375
2025-08-22,22.37,22.37,22.5,22.33,22.5,5165628
2025-08-25,22.76,22.76,22.8,22.63,22.68,6739107
2025-08-26,22.7,22.7,22.74,22.58,22.68,9843973
2025-08-27,22.89,22.89,22.9,22.77,22.8,5699558
2025-08-28,22.71,22.71,22.84,22.67,22.76,6873193
2025-08-29,22.6,22.6,22.85,22.6,22.83,7405087
2025-09-01,22.35,22.35,22.58,22.25,22.5,8032769
2025-09-02,22.37,22.37,22.58,22.34,22.5,4652299
2025-09-03,22.41,22.41,22.48,22.31,22.32,5309103
2025-09-04,22.52,22.52,22.72,22.52,22.65,6415004
2025-09-05,22.77,22.77,22.79,22.69,22.71,5978832
2025-09-08,22.95,22.95,23.04,22.9,22.99,9222964
2025-09-09,23.16,23.16,23.2,23.0,23.0,8832991
2025-09-10,23.61,23.61,23.64,23.41,23.42,13154423
2025-09-11,23.73,23.73,23.98,23.71,23.8,15734525
2025-09-12,23.95,23.95,23.99,23.87,23.89,8661518
2025-09-15,23.91,23.91,23.97,23.84,23.97,7366975
2025-09-16,24.14,24.14,24.17,24.0,24.0,7459961
2025-09-17,23.99,23.99,24.12,23.98,24.12,7252742
2025-09-18,24.23,24.23,24.25,23.98,24.1,6857082
2025-09-19,24.26,24.26,24.32,24.16,24.31,7330418
2025-09-22,24.39,24.39,24.41,24.23,24.27,5624592
2025-09-23,24.73,24.73,24.79,24.54,24.58,10057494
2025-09-24,24.69,24.69,24.81,24.58,24.8,11698541
2025-09-25,24.61,24.61,24.72,24.59,24.65,8758161
2025-09-26,24.24,24.24,24.48,24.08,24.48,22048113
2025-09-30,24.5,24.5,24.6,24.42,24.42,8556187
2025-10-01,24.65,24.65,24.87,24.54,24.75,40159218
2025-10-02,24.97,24.97,25.02,24.92,24.98,33390351
2025-10-03,25.31,25.31,25.32,25.01,25.04,32985879
2025-10-07,25.88,25.88,25.89,25.66,25.7,53630619
2025-10-08,25.7,25.7,25.7,25.48,25.6,41749495
2025-10-09,25.84,25.84,26.02,25.8,26.02,30167208
2025-10-13,25.43,25.43,25.44,25.12,25.31,87515225
2025-10-14,25.37,25.37,25.93,25.32,25.91,42084607
2025-10-15,25.73,25.73,25.74,25.32,25.48,25942964
2025-10-16,26.2,26.2,26.2,25.87,25.87,35586017
2025-10-17,25.94,25.94,26.03,25.85,25.97,80956271
2025-10-20,25.0,25.0,25.02,24.71,24.88,45811055
2025-10-21,25.07,25.07,25.2,25.03,25.13,25932380
2025-10-22,24.95,24.95,24.96,24.77,24.84,32270253
2025-10-23,24.83,24.83,24.85,24.66,24.7,14538228
2025-10-27,25.33,25.33,25.35,25.21,25.33,21386264
2025-10-28,25.22,25.22,25.31,25.18,25.31,12363692
2025-10-29,25.52,25.52,25.57,25.39,25.39,15759975
2025-10-30,25.53,25.53,25.65,25.34,25.55,15698706
2025-10-31,25.64,25.64,25.67,25.53,25.55,20024094
2025-11-03,25.42,25.42,25.65,25.35,25.62,14411140
2025-11-04,25.32,25.32,25.69,25.31,25.62,13764197
2025-11-05,25.06,25.06,25.09,24.74,24.9,31478926
2025-11-06,25.22,25.22,25.28,25.1,25.1,8866037
2025-11-07,24.86,24.86,24.95,24.81,24.95,12223347
2025-11-10,25.08,25.08,25.12,24.86,24.97,7918907
2025-11-11,24.95,24.95,25.22,24.95,25.17,6126626
2025-11-12,25.05,25.05,25.09,24.92,24.96,8161495
2025-11-13,24.98,24.98,25.02,24.85,25.02,8580701
2025-11-14,24.51,24.51,24.64,24.48,24.53,23729487
2025-11-17,24.53,24.53,24.66,24.51,24.63,10624319
2025-11-18,24.0,24.0,24.32,23.94,24.25,28153932
2025-11-19,23.8,23.8,24.03,23.72,23.89,16796219
2025-11-20,24.48,24.48,24.49,24.25,24.33,10385205
2025-11-21,23.75,23.75,24.05,23.61,24.05,28047611
2025-11-24,23.76,23.76,23.87,23.69,23.82,9015192
2025-11-25,24.0,24.0,24.16,23.91,24.1,7222396
2025-11-26,24.39,24.39,24.45,24.25,24.25,6728622
2025-11-27,24.62,24.62,24.7,24.52,24.61,5987281
2025-11-28,24.79,24.79,24.82,24.6,24.62,5814374
2025-12-01,24.5,24.5,24.67,24.48,24.61,6908407
2025-12-02,24.59,24.59,24.78,24.54,24.73,5444660
2025-12-03,24.71,24.71,24.86,24.67,24.82,5516333
2025-12-04,24.73,24.73,24.82,24.66,24.77,4729569
2025-12-05,24.94,24.94,24.95,24.8,24.83,7195678
2025-12-08,25.21,25.21,25.25,25.02,25.05,11502754
2025-12-09,25.19,25.19,25.29,25.19,25.26,5851067
2025-12-10,25.38,25.38,25.44,25.24,25.24,10179618
2025-12-11,25.13,25.13,25.5,25.12,25.5,8490320
2025-12-12,25.22,25.22,25.3,25.14,25.27,5325420
2025-12-15,24.98,24.98,24.99,24.79,24.88,7952116
2025-12-16,24.76,24.76,24.76,24.55,24.7,19172592
2025-12-17,24.72,24.72,24.9,24.68,24.75,5898419
2025-12-18,24.62,24.62,24.72,24.5,24.64,27029072
2025-12-19,24.91,24.91,24.99,24.81,24.81,7135225
2025-12-22,25.24,25.24,25.3,25.12,25.2,9355100
2025-12-23,25.29,25.29,25.33,25.26,25.3,8084166
2025-12-24,25.32,25.32,25.42,25.3,25.41,6055612
2025-12-26,25.48,25.48,25.52,25.37,25.43,11098317
2025-12-29,25.8,25.8,25.85,25.54,25.56,17669839
2025-12-30,25.77,25.77,25.8,25.6,25.68,7218338
2025-12-31,25.9,25.9,25.96,25.7,25.73,16544579
2026-01-02,26.34,26.34,26.37,25.96,26.01,19952507
2026-01-05,27.08,27.08,27.3,26.68,26.68,26106571
2026-01-06,27.38,27.38,27.38,27.01,27.08,11836475
2026-01-07,27.27,27.27,27.42,27.18,27.36,19741101
2026-01-08,27.25,27.25,27.39,27.12,27.22,13408365
2026-01-09,27.15,27.15,27.26,26.85,27.1,11258328
2026-01-12,27.31,27.31,27.41,27.22,27.38,9055173
2026-01-13,27.38,27.38,27.6,27.27,27.54,12738402
2026-01-14,27.48,27.48,27.63,27.45,27.45,7659883
2026-01-15,27.44,27.44,27.46,27.29,27.35,9367284
2026-01-16,27.88,27.88,27.92,27.62,27.74,9500072
2026-01-19,28.01,28.01,28.11,27.64,27.7,10424536
2026-01-20,28.04,28.04,28.08,27.81,27.85,6495656
2026-01-21,27.79,27.79,28.04,27.73,27.85,9574841
2026-01-22,28.12,28.12,28.31,28.08,28.08,6057071
2026-01-23,28.39,28.39,28.43,28.22,28.31,6652700
2026-01-26,28.48,28.48,28.58,28.39,28.41,11710723
2026-01-27,28.8,28.8,28.85,28.52,28.52,5598266
2026-01-28,29.09,29.09,29.1,28.93,28.93,9129526
2026-01-29,28.98,28.98,29.18,28.82,29.15,8029200
2026-01-30,28.49,28.49,28.7,28.36,28.7,12774263
2026-02-02,28.03,28.03,28.2,27.8,28.15,19672637
2026-02-03,28.65,28.65,28.66,28.42,28.58,9907496
2026-02-04,28.71,28.71,28.74,28.4,28.49,6833901
2026-02-05,28.27,28.27,28.44,28.22,28.34,9473714
2026-02-06,28.23,28.23,28.36,27.8,27.96,8388522
2026-02-09,29.07,29.07,29.12,28.97,29.05,14962617
2026-02-10,29.62,29.62,29.64,29.34,29.35,10785244
2026-02-11,30.16,30.16,30.25,29.72,29.72,10809173
2026-02-23,30.3,30.3,30.75,30.3,30.3,17077686
2026-02-24,31.13,31.13,31.18,30.46,30.46,10115039
2026-02-25,31.76,31.76,32.0,31.42,31.57,13063937
2026-02-26,31.91,31.91,32.0,31.67,31.83,11326513
2026-03-02,31.59,31.59,31.77,31.16,31.2,18885443
2026-03-03,31.02,31.02,31.82,31.0,31.73,110267140
2026-03-04,29.72,29.72,30.58,29.7,30.55,89912717
2026-03-05,30.47,30.47,30.95,30.24,30.63,42782088
2026-03-06,30.32,30.32,30.5,30.12,30.15,32664839
2026-03-09,28.95,28.95,29.11,28.52,29.11,88119013
2026-03-10,29.66,29.66,30.07,29.39,30.0,39769942
2026-03-11,30.84,30.84,30.89,30.05,30.05,28077789
2026-03-12,30.47,30.47,30.78,30.3,30.7,58294950
2026-03-13,30.43,30.43,30.44,29.93,30.08,55816869
2026-03-16,30.81,30.81,30.81,30.3,30.45,63455162
2026-03-17,28.45,28.45,28.9,28.36,28.9,97335055
2026-03-18,28.74,28.74,28.84,28.65,28.71,20012637
2026-03-19,28.26,28.26,28.45,28.24,28.45,34473796
2026-03-20,28.18,28.18,28.4,28.0,28.3,15646886
2026-03-23,27.49,27.49,27.6,27.28,27.33,32869760
2026-03-24,27.52,27.52,28.01,27.31,28.01,13485420
2026-03-25,28.26,28.26,28.37,28.16,28.19,12543115
2026-03-26,28.15,28.15,28.53,28.15,28.32,13252062
2026-03-27,27.94,27.94,27.96,27.51,27.76,12969531
2026-03-30,27.45,27.45,27.48,27.2,27.32,22309196
2026-03-31,26.86,26.86,27.28,26.79,27.25,29496654
2026-04-01,27.97,27.97,28.01,27.68,27.72,19546911
2026-04-02,27.43,27.43,28.22,27.36,28.17,14481866
2026-04-07,27.84,27.84,27.96,27.67,27.81,11492728
2026-04-08,29.36,29.36,29.43,28.89,28.89,60371476
2026-04-09,29.35,29.35,29.4,29.21,29.4,20979831
2026-04-10,29.9,29.9,29.94,29.63,29.7,25378722
2026-04-13,29.89,29.89,30.0,29.79,29.87,20649413
2026-04-14,30.7,30.7,30.78,30.37,30.37,43278651
2026-04-15,31.2,31.2,31.52,31.05,31.05,35336658
2026-04-16,31.52,31.52,31.56,31.33,31.48,29571239
2026-04-17,31.37,31.37,31.56,31.33,31.45,29623639
2026-04-20,31.73,31.73,31.88,31.51,31.51,21161233
2026-04-21,32.26,32.26,32.34,31.91,32.03,21226653
2026-04-22,32.5,32.5,32.61,32.23,32.26,10973378
2026-04-23,32.39,32.39,33.35,31.94,33.0,26976132
2026-04-24,33.67,33.67,33.67,32.89,32.89,21540903
2026-04-27,34.54,34.54,34.92,34.42,34.48,23429833
2026-04-28,34.25,34.25,34.79,34.25,34.4,12392736
2026-04-29,33.98,33.98,34.17,33.63,33.92,12917473
2026-04-30,33.82,33.82,34.39,33.82,34.29,8660163
2026-05-04,35.44,35.44,35.45,34.56,34.63,28827720
2026-05-05,35.47,35.47,35.5,35.25,35.44,8583587
2026-05-06,35.98,35.98,36.33,35.5,36.0,20924892
2026-05-07,36.7,36.7,36.89,36.47,36.6,15987862
2026-05-08,36.47,36.47,36.74,36.02,36.48,10691603
2026-05-11,36.68,36.68,36.74,36.34,36.4,10311631
2026-05-12,36.6,36.6,36.86,36.25,36.75,11390841
2026-05-13,36.12,36.12,36.23,35.8,36.03,10997086
2026-05-14,36.25,36.25,36.8,36.16,36.65,8230852
2026-05-15,35.8,35.8,36.95,35.72,36.89,10738677
2026-05-18,35.64,35.64,35.78,34.98,35.27,15372869
2026-05-19,35.04,35.04,35.64,35.04,35.5,10193463
2026-05-20,34.8,34.8,35.24,34.7,35.04,11839347
2026-05-21,36.2,36.2,36.26,35.7,35.7,9927956
2026-05-22,36.86,36.86,36.89,36.39,36.47,9330872
2026-05-25,38.49,38.49,38.52,37.82,37.82,26107165
2026-05-26,38.38,38.38,38.84,38.25,38.81,10500297
2026-05-27,39.27,39.27,39.79,39.0,39.0,11517534
2026-05-28,38.33,38.33,39.76,38.18,39.69,18640081
2026-05-29,39.64,39.64,39.68,39.16,39.2,7749105
2026-06-01,40.11,40.11,40.5,39.81,39.81,11730275
2026-06-02,40.1,40.1,40.37,39.57,40.29,13752500
2026-06-03,40.91,40.91,41.07,40.64,40.64,13086669
2026-06-04,40.39,40.39,40.79,40.35,40.75,15571975
2026-06-05,39.69,39.69,40.11,38.97,39.98,16353254
2026-06-08,38.47,38.47,38.54,37.24,37.25,21372676
2026-06-09,39.65,39.65,39.7,38.65,38.93,8531015
2026-06-10,38.34,38.34,39.5,38.33,39.26,17666194
2026-06-11,38.17,38.17,38.48,37.23,38.04,14780205
2026-06-12,38.97,38.97,39.61,38.9,39.54,6263646
2026-06-15,40.17,40.17,40.36,39.99,40.14,10400132
2026-06-16,40.48,40.48,40.55,40.19,40.42,7501204
2026-06-17,40.61,40.61,40.63,40.12,40.17,5449773
2026-06-18,41.22,41.22,41.31,40.99,40.99,9031344
2026-06-22,42.64,42.64,42.65,42.05,42.05,10792006
2026-06-23,42.1,42.1,43.04,42.08,42.85,13461215
2026-06-24,41.12,41.12,41.33,40.75,41.3,16460928
2026-06-25,41.24,41.24,41.56,40.88,41.56,5232873
2026-06-26,39.57,39.57,40.67,39.34,40.58,28184878
2026-06-29,40.0,40.0,40.32,39.57,39.72,8548884
2026-06-30,41.25,41.25,41.38,40.61,40.61,8027796
2026-07-01,41.91,41.91,42.11,41.58,41.92,11896865
2026-07-02,41.86,41.86,41.91,40.99,41.08,11168297
2026-07-03,41.76,41.76,41.86,40.89,41.02,13380850
2026-07-06,41.57,41.57,42.12,41.26,42.03,15409933
2026-07-07,40.53,40.53,41.79,40.42,41.73,10807494
2026-07-08,40.48,40.48,40.72,40.1,40.64,6497878
2026-07-09,40.39,40.39,40.91,40.25,40.57,3891276
2026-07-13,40.35,40.35,41.05,40.15,40.86,5964390
2026-07-14,39.65,39.65,40.16,38.65,40.08,29071903
2026-07-15,40.39,40.39,40.46,39.83,39.89,3223664
2026-07-16,40.4,40.4,40.54,39.73,40.01,4934840
2026-07-17,37.91,37.91,39.11,37.91,39.04,30685086
2026-07-20,37.5,37.5,38.07,37.09,38.05,19081386
2026-07-21,39.06,39.06,39.06,37.87,37.87,13600308
2026-07-22,39.8,39.8,40.2,39.66,39.89,10215365
2026-07-23,39.87,39.87,40.18,39.6,40.18,4476504
2026-07-24,39.03,39.03,39.67,38.94,39.35,13036947
2026-07-27,38.97,38.97,38.97,38.32,38.96,9413623
2026-07-28,37.0,37.0,38.07,37.0,38.0,31701346
2026-07-29,35.59,35.59,37.1,34.9,37.01,23763316
2026-07-30,35.64,35.64,36.62,35.01,35.33,13176829
2026-07-31,39.03,39.03,39.05,37.83,37.83,12615224
2026-08-03,38.95,38.95,39.28,38.52,38.6,7509816
2026-08-04,38.77,38.77,39.35,38.38,38.81,7306249
2026-08-05,39.85,39.85,40.25,39.74,39.96,11372319
2026-08-06,39.8,39.8,39.98,39.45,39.77,4599948
2026-08-07,39.55,39.55,40.09,39.3,40.0,3237739
2026-08-10,40.18,40.18,40.42,39.96,39.96,5222156
2026-08-11,40.38,40.38,40.42,39.85,40.15,7238462
2026-08-12,40.59,40.59,40.69,40.38,40.45,5624927
2026-08-13,41.26,41.26,41.43,41.06,41.17,6291686
2026-08-14,41.27,41.27,41.67,41.16,41.59,7737096
2026-08-17,41.24,41.24,41.47,41.12,41.37,3787859
2026-08-18,40.58,40.58,41.29,40.5,41.29,5842559
2026-08-19,39.93,39.93,40.16,39.71,39.82,7282722
2026-08-20,40.05,40.05,40.26,39.73,40.19,3057148
2026-08-21,40.26,40.26,40.38,39.79,40.07,1945320
2026-08-24,40.04,40.04,40.45,40.04,40.27,2572597
2026-08-25,40.37,40.37,40.37,39.51,39.81,8532425
2026-08-26,41.01,41.01,41.05,40.2,40.3,8388386
2026-08-27,41.06,41.06,41.52,41.04,41.25,12238475
2026-08-28,41.53,41.53,41.66,41.4,41.48,6661112
2026-08-31,41.22,41.22,41.28,40.77,40.88,11201361
2026-09-01,42.4,42.4,42.62,41.58,41.58,22413827
2026-09-02,41.78,41.78,42.25,41.75,42.25,6815787
2026-09-03,41.43,41.43,41.98,41.39,41.86,8989050
2026-09-04,42.13,42.13,42.2,41.68,42.04,5169022
2026-09-07,42.85,42.85,43.0,42.56,42.79,12757960
2026-09-08,42.56,42.56,43.0,42.55,42.93,5488494
2026-09-09,42.53,42.53,42.95,42.52,42.66,3895262
2026-09-10,42.36,42.36,42.42,42.09,42.25,6905180
2026-09-11,41.83,41.83,41.92,41.5,41.88,6377429
2026-09-14,41.64,41.64,41.75,41.1,41.28,5553168
2026-09-15,41.37,41.37,41.77,41.32,41.59,3857428
2026-09-16,41.61,41.61,41.88,41.34,41.36,8419682
2026-09-17,41.96,41.96,42.54,41.88,41.88,6318369
2026-09-18,42.7,42.7,42.72,42.33,42.5,7519040
2026-09-21,43.39,43.39,43.42,42.93,42.99,6573503
2026-09-22,43.71,43.71,44.3,43.7,44.14,9866835
2026-09-23,43.79,43.79,44.11,43.75,43.97,6905746
2026-09-24,43.87,43.87,43.9,43.62,43.71,6527059
2026-09-29,43.39,43.39,43.87,43.28,43.87,8374607
2026-09-30,43.65,43.65,43.98,43.6,43.9,5388660
2026-10-01,43.85,43.85,43.86,43.41,43.64,7840645
2026-10-02,43.86,43.86,43.93,43.69,43.82,8193352
2026-10-05,45.11,45.11,45.16,44.85,44.94,11231153
