Date,Adj Close,Close,High,Low,Open,Volume
2016-08-12,38.55,38.55,39.2,38.0,38.0,3999150
2016-08-15,39.65,39.65,39.65,38.8,38.9,4383220
2016-08-16,39.2,39.2,39.95,39.2,39.6,2482354
2016-08-17,39.75,39.75,39.85,39.1,39.3,3558998
2016-08-18,40.35,40.35,40.5,39.75,39.9,4374267
2016-08-19,39.8,39.8,40.85,39.8,40.5,3579590
2016-08-22,39.65,39.65,40.45,39.5,40.05,1744825
2016-08-23,39.45,39.45,40.0,39.35,39.9,1358208
2016-08-24,39.35,39.35,39.85,39.35,39.6,1356070
2016-08-25,39.6,39.6,39.85,39.35,39.6,1232263
2016-08-26,39.6,39.6,39.7,39.4,39.6,1402173
2016-08-29,39.65,39.65,39.75,39.2,39.75,1507374
2016-08-30,39.65,39.65,39.85,39.4,39.8,1135774
2016-08-31,39.95,39.95,40.35,39.65,39.65,2936754
2016-09-01,39.35,39.35,40.05,39.3,40.0,1641010
2016-09-02,38.35,38.35,39.4,38.1,39.3,3068904
2016-09-05,39.3,39.3,39.45,38.75,38.8,1693958
2016-09-06,39.35,39.35,39.75,39.05,39.5,1391966
2016-09-07,39.55,39.55,39.95,39.35,39.4,2013369
2016-09-08,40.0,40.0,40.15,39.8,39.8,2017172
2016-09-09,39.45,39.45,40.2,39.4,39.9,1558921
2016-09-12,38.75,38.75,39.1,38.6,39.0,1180372
2016-09-13,38.6,38.6,39.1,38.4,39.0,1128820
2016-09-14,39.85,39.85,39.85,38.3,38.55,2740399
2016-09-19,39.4,39.4,39.65,39.35,39.65,1479394
2016-09-20,39.0,39.0,39.55,38.95,39.45,1093221
2016-09-21,39.25,39.25,39.3,38.7,39.0,1077358
2016-09-22,38.8,38.8,39.4,38.7,39.4,1265823
2016-09-23,38.9,38.9,39.35,38.7,39.05,1699839
2016-09-26,39.25,39.25,39.25,38.55,38.9,1067678
2016-09-29,38.85,38.85,39.15,38.8,38.85,1251178
2016-09-30,38.45,38.45,39.0,38.3,39.0,2692657
2016-10-03,38.35,38.35,38.85,38.35,38.45,1236776
2016-10-04,38.8,38.8,39.0,38.4,39.0,1359251
2016-10-05,38.7,38.7,38.95,38.65,38.8,834094
2016-10-06,38.8,38.8,38.85,38.3,38.85,1041864
2016-10-07,38.6,38.6,38.8,38.5,38.75,769221
2016-10-11,37.7,37.7,38.55,37.5,38.5,2465286
2016-10-12,37.6,37.6,37.9,37.55,37.7,1010040
2016-10-13,37.7,37.7,38.4,37.6,37.8,1631794
2016-10-14,36.65,36.65,38.0,36.6,37.8,2771691
2016-10-17,38.1,38.1,38.25,36.65,36.7,3205100
2016-10-18,39.9,39.9,40.1,38.85,39.05,14497569
2016-10-19,39.7,39.7,39.95,39.4,39.9,4785204
2016-10-20,39.15,39.15,40.5,39.1,39.85,7589842
2016-10-21,39.4,39.4,39.7,38.85,39.15,3827701
2016-10-24,38.9,38.9,39.85,38.9,39.5,3533911
2016-10-25,38.8,38.8,39.2,38.55,39.15,1594285
2016-10-26,39.1,39.1,39.4,38.75,38.75,1307865
2016-10-27,38.85,38.85,39.25,38.8,39.1,2661251
2016-10-28,39.05,39.05,39.45,38.6,38.85,1372790
2016-10-31,38.6,38.6,39.0,38.45,39.0,3341934
2016-11-01,38.45,38.45,38.75,38.45,38.5,905001
2016-11-02,37.25,37.25,38.3,37.25,38.25,3819350
2016-11-03,36.8,36.8,37.25,36.7,37.2,5059131
2016-11-04,37.15,37.15,37.4,36.8,36.8,1075976
2016-11-07,37.7,37.7,37.75,37.1,37.5,3457951
2016-11-08,37.75,37.75,38.1,37.4,37.8,1201259
2016-11-09,37.0,37.0,37.9,36.2,37.8,2150127
2016-11-10,38.2,38.2,38.45,37.6,37.6,2800271
2016-11-11,37.65,37.65,38.0,37.45,37.8,944315
2016-11-14,38.1,38.1,38.4,37.65,37.9,1588515
2016-11-15,37.65,37.65,38.05,37.55,37.9,1199601
2016-11-16,38.2,38.2,39.25,37.95,38.0,3211448
2016-11-17,37.9,37.9,38.25,37.75,38.05,1116665
2016-11-18,38.1,38.1,38.1,37.75,37.75,798873
2016-11-21,37.9,37.9,38.25,37.8,38.1,856576
2016-11-22,38.3,38.3,38.5,38.05,38.2,1371167
2016-11-23,38.3,38.3,38.55,38.1,38.3,1341337
2016-11-24,37.75,37.75,38.45,37.65,38.35,1970523
2016-11-25,37.7,37.7,38.2,37.65,37.85,1205608
2016-11-28,37.9,37.9,38.05,37.7,37.7,1056694
2016-11-29,38.0,38.0,38.4,37.8,38.1,779963
2016-11-30,37.65,37.65,38.3,37.6,38.0,1724315
2016-12-01,37.75,37.75,38.4,37.75,38.15,2313942
2016-12-02,38.05,38.05,38.4,37.75,37.75,2192178
2016-12-05,37.95,37.95,38.05,37.65,37.85,998883
2016-12-06,38.15,38.15,38.6,37.9,37.95,2019254
2016-12-07,38.05,38.05,38.35,37.9,38.2,2546493
2016-12-08,39.75,39.75,39.9,38.45,38.55,10486003
2016-12-09,39.85,39.85,40.1,39.55,40.0,5953998
2016-12-12,41.45,41.45,42.3,40.6,40.7,12157319
2016-12-13,41.65,41.65,42.35,41.45,41.7,6434579
2016-12-14,42.0,42.0,42.4,41.8,41.85,6371584
2016-12-15,43.1,43.1,43.6,42.05,42.4,9342419
2016-12-16,43.3,43.3,43.8,43.0,43.55,5011683
2016-12-19,42.05,42.05,43.8,42.05,43.8,5296363
2016-12-20,43.85,43.85,43.85,42.55,42.6,7140187
2016-12-21,46.45,46.45,46.7,44.1,44.15,10759985
2016-12-22,44.8,44.8,46.1,44.7,46.0,7000946
2016-12-23,44.05,44.05,45.35,44.05,44.45,4093831
2016-12-26,44.25,44.25,44.85,44.0,44.35,1944459
2016-12-27,42.8,42.8,44.3,42.8,44.25,4615631
2016-12-28,44.95,44.95,45.2,43.0,43.0,5467856
2016-12-29,44.05,44.05,44.6,43.9,44.6,2430412
2016-12-30,44.5,44.5,44.7,43.8,43.85,2649612
2017-01-03,43.6,43.6,44.2,43.5,44.1,2002819
2017-01-04,43.75,43.75,44.15,43.65,43.85,1975547
2017-01-05,45.0,45.0,45.75,43.9,44.1,5614685
2017-01-06,44.45,44.45,45.45,44.35,45.0,2976444
2017-01-09,43.4,43.4,44.5,43.2,44.4,3722736
2017-01-10,44.0,44.0,44.6,43.95,44.3,2772028
2017-01-11,45.7,45.7,45.7,44.05,44.05,4588793
2017-01-12,44.2,44.2,45.45,44.05,45.45,5027959
2017-01-13,44.05,44.05,44.6,43.7,43.8,1832807
2017-01-16,43.35,43.35,44.6,43.3,44.55,2558199
2017-01-17,42.9,42.9,43.6,42.9,43.5,3903864
2017-01-18,43.5,43.5,43.55,42.8,42.9,3482369
2017-01-19,42.95,42.95,43.4,42.85,43.35,1884033
2017-01-20,42.95,42.95,43.55,42.95,43.1,1388052
2017-01-23,43.8,43.8,43.85,43.1,43.1,2517999
2017-01-24,44.25,44.25,44.5,43.8,44.0,3499038
2017-02-02,44.1,44.1,44.75,44.05,44.45,2193116
2017-02-03,44.1,44.1,44.55,43.75,44.0,1517031
2017-02-06,44.7,44.7,44.7,44.15,44.55,2384427
2017-02-07,45.85,45.85,46.9,45.7,45.75,7465911
2017-02-08,44.9,44.9,45.9,44.8,45.85,2964618
2017-02-09,45.95,45.95,46.25,44.9,44.9,4195351
2017-02-10,45.65,45.65,46.55,45.65,46.5,3848152
2017-02-13,45.9,45.9,46.2,45.6,46.0,1632380
2017-02-14,46.0,46.0,46.8,45.75,46.6,2779432
2017-02-15,45.8,45.8,46.2,45.65,46.2,2126594
2017-02-16,44.95,44.95,46.1,44.65,46.0,3689207
2017-02-17,44.75,44.75,45.1,44.7,45.0,1685638
2017-02-20,44.25,44.25,45.1,44.1,45.0,2215439
2017-02-21,44.35,44.35,44.75,43.95,44.3,1442679
2017-02-22,43.95,43.95,44.8,43.9,44.5,2119621
2017-02-23,44.4,44.4,45.8,44.0,44.0,3224742
2017-02-24,44.4,44.4,44.8,44.0,44.8,1353235
2017-03-01,44.1,44.1,44.85,44.0,44.1,1211097
2017-03-02,44.6,44.6,44.95,44.05,44.8,2422751
2017-03-03,44.3,44.3,44.7,44.1,44.4,2313226
2017-03-06,44.4,44.4,44.65,44.35,44.45,1301862
2017-03-07,44.55,44.55,44.55,44.2,44.4,893002
2017-03-08,44.9,44.9,45.7,44.85,45.2,3077834
2017-03-09,44.25,44.25,45.0,44.2,44.9,2278872
2017-03-10,43.85,43.85,44.25,43.2,44.2,1894798
2017-03-13,44.05,44.05,44.3,43.8,43.85,1022044
2017-03-14,44.05,44.05,44.15,43.75,44.05,988535
2017-03-15,43.75,43.75,44.0,43.5,44.0,962492
2017-03-16,44.85,44.85,45.1,44.4,44.8,5306664
2017-03-17,45.55,45.55,45.55,44.9,45.0,3559853
2017-03-20,45.6,45.6,46.0,45.45,45.7,2501080
2017-03-21,45.4,45.4,45.85,45.2,45.85,1516828
2017-03-22,45.05,45.05,45.15,44.65,44.85,1455541
2017-03-23,44.8,44.8,45.05,44.7,45.0,2016369
2017-03-24,45.2,45.2,45.4,44.9,44.9,1752218
2017-03-27,44.55,44.55,45.2,44.55,45.2,1104722
2017-03-28,44.6,44.6,45.0,44.4,44.55,1508947
2017-03-29,44.2,44.2,44.8,44.05,44.6,1968910
2017-03-30,44.1,44.1,44.4,44.0,44.2,1033183
2017-03-31,44.5,44.5,44.65,44.1,44.25,1019867
2017-04-05,44.5,44.5,44.65,44.1,44.5,1212502
2017-04-06,45.2,45.2,45.5,44.35,44.5,1895785
2017-04-07,44.8,44.8,45.3,44.7,45.0,1677725
2017-04-10,45.65,45.65,45.8,44.8,44.8,3230158
2017-04-11,45.35,45.35,45.65,45.15,45.45,2332614
2017-04-12,44.85,44.85,45.35,44.85,45.35,1579173
2017-04-13,44.75,44.75,45.2,44.75,45.0,702450
2017-04-14,44.1,44.1,44.75,44.05,44.75,1640101
2017-04-17,44.0,44.0,44.2,43.5,43.9,1301837
2017-04-18,44.45,44.45,44.85,44.2,44.2,1213718
2017-04-19,43.95,43.95,44.85,43.9,43.9,1186738
2017-04-21,43.15,43.15,43.45,43.0,43.2,1527175
2017-04-24,42.85,42.85,43.45,42.55,43.45,760413
2017-04-25,44.2,44.2,44.5,43.2,43.4,1710194
2017-04-26,43.55,43.55,44.2,43.4,44.2,2041798
2017-04-27,43.0,43.0,43.55,42.75,43.35,2539265
2017-04-28,43.4,43.4,43.5,42.8,42.8,862623
2017-05-02,43.05,43.05,43.6,43.0,43.6,1652342
2017-05-03,43.1,43.1,43.35,43.05,43.35,733899
2017-05-04,43.1,43.1,43.4,43.05,43.4,854858
2017-05-05,42.6,42.6,43.1,42.55,43.1,1841558
2017-05-08,42.05,42.05,42.9,42.05,42.65,2007454
2017-05-09,41.15,41.15,42.15,40.2,42.05,2074759
2017-05-10,41.7,41.7,41.7,41.05,41.45,1311449
2017-05-11,41.95,41.95,42.3,41.55,41.9,963667
2017-05-12,41.95,41.95,42.1,41.9,42.0,673286
2017-05-15,41.95,41.95,42.35,41.8,42.25,922393
2017-05-16,42.5,42.5,42.5,42.0,42.0,1206475
2017-05-17,42.1,42.1,42.6,42.0,42.5,829410
2017-05-18,41.25,41.25,41.75,40.8,41.7,2174819
2017-05-19,41.3,41.3,41.45,41.2,41.2,689506
2017-05-22,41.3,41.3,41.55,41.2,41.3,929104
2017-05-23,40.85,40.85,41.4,40.8,41.3,2399933
2017-05-24,40.85,40.85,41.15,40.75,40.85,1393711
2017-05-25,41.1,41.1,41.35,40.9,41.1,1687751
2017-05-26,40.95,40.95,41.35,40.8,41.35,1897909
2017-05-31,41.7,41.7,41.7,40.75,41.0,2190380
2017-06-01,41.2,41.2,41.6,41.2,41.6,1676809
2017-06-02,41.75,41.75,41.95,41.4,41.4,1555695
2017-06-05,42.1,42.1,42.8,42.05,42.7,1773813
2017-06-06,41.85,41.85,42.3,41.65,42.3,1937963
2017-06-07,41.25,41.25,42.15,41.2,41.95,2155426
2017-06-08,41.3,41.3,41.7,41.15,41.4,1625095
2017-06-09,40.85,40.85,41.25,40.85,41.25,2768221
2017-06-12,41.1,41.1,41.2,41.0,41.0,749981
2017-06-13,41.2,41.2,41.4,41.1,41.1,630336
2017-06-14,41.0,41.0,41.4,40.7,41.35,1124956
2017-06-15,41.0,41.0,41.15,40.6,41.0,913620
2017-06-16,41.2,41.2,41.2,41.0,41.0,570100
2017-06-19,41.4,41.4,41.55,41.2,41.25,1158944
2017-06-20,41.45,41.45,41.6,41.4,41.5,652761
2017-06-21,41.9,41.9,42.05,41.35,41.45,1300776
2017-06-22,41.9,41.9,42.15,41.8,42.0,1065090
2017-06-23,42.0,42.0,42.1,41.8,42.0,852076
2017-06-26,42.2,42.2,42.3,42.0,42.0,1199102
2017-06-27,42.75,42.75,42.8,42.3,42.4,2480565
2017-06-28,42.4,42.4,42.6,42.25,42.6,1165328
2017-06-29,42.4,42.4,42.75,42.4,42.75,896010
2017-06-30,41.9,41.9,42.5,41.9,42.2,1373799
2017-07-03,42.4,42.4,42.45,41.95,41.95,803704
2017-07-04,42.4,42.4,42.8,42.3,42.6,962726
2017-07-05,42.6,42.6,42.6,42.15,42.6,626136
2017-07-06,42.7,42.7,42.7,42.5,42.6,648789
2017-07-07,42.4,42.4,42.55,42.3,42.5,516890
2017-07-10,42.0,42.0,42.35,42.0,42.3,771540
2017-07-11,42.2,42.2,42.25,42.0,42.2,886606
2017-07-12,42.3,42.3,42.7,42.2,42.2,1034096
2017-07-13,42.25,42.25,42.5,42.1,42.5,701126
2017-07-14,42.75,42.75,42.9,42.35,42.4,1209965
2017-07-17,43.1,43.1,43.1,42.9,43.0,1509421
2017-07-18,42.9,42.9,43.1,42.85,43.1,904412
2017-07-19,42.75,42.75,43.2,42.7,42.9,1030951
2017-07-20,42.7,42.7,42.9,42.65,42.85,827924
2017-07-21,43.0,43.0,43.25,42.7,42.85,1008050
2017-07-24,43.1,43.1,43.25,42.85,43.25,803798
2017-07-25,42.95,42.95,43.15,42.85,43.15,950001
2017-07-26,43.6,43.6,44.3,43.0,43.1,4408254
2017-07-27,43.95,43.95,44.05,43.7,44.05,1768784
2017-07-28,44.0,44.0,44.4,43.95,44.0,1775133
2017-07-31,43.8,43.8,44.1,43.6,44.0,1094315
2017-08-01,44.15,44.15,44.2,43.8,43.8,950413
2017-08-02,44.25,44.25,44.5,44.0,44.4,1031502
2017-08-03,44.25,44.25,44.45,43.9,44.25,997905
2017-08-04,44.35,44.35,44.5,44.25,44.35,1117734
2017-08-07,44.8,44.8,45.0,44.5,44.5,2068264
2017-08-08,44.55,44.55,45.0,44.45,45.0,1085694
2017-08-09,43.85,43.85,44.5,43.8,44.35,1758417
2017-08-10,42.8,42.8,43.95,42.65,43.85,2631603
2017-08-11,43.2,43.2,43.35,42.6,42.8,1245431
2017-08-14,42.65,42.65,43.4,42.6,43.4,1500745
2017-08-15,42.7,42.7,43.3,42.6,43.3,2020135
2017-08-16,42.8,42.8,42.9,42.65,42.85,1996014
2017-08-17,43.0,43.0,43.1,42.8,42.85,2050239
2017-08-18,42.75,42.75,42.8,42.5,42.8,2796846
2017-08-21,43.0,43.0,43.35,42.75,42.75,6972046
2017-08-22,40.95,40.95,41.25,40.25,40.45,5678546
2017-08-23,40.85,40.85,41.4,40.8,41.35,2750689
2017-08-24,40.8,40.8,41.1,40.75,41.0,1540315
2017-08-25,40.5,40.5,41.0,40.35,41.0,2562495
2017-08-28,40.1,40.1,40.5,40.0,40.5,2507501
2017-08-29,40.5,40.5,40.5,39.7,40.0,1918999
2017-08-30,40.6,40.6,40.8,40.5,40.6,1025079
2017-08-31,40.45,40.45,40.8,40.4,40.7,1071128
2017-09-01,40.5,40.5,40.7,40.5,40.7,735871
2017-09-04,40.65,40.65,41.35,40.55,40.6,2246749
2017-09-05,40.95,40.95,41.1,40.7,40.95,1289276
2017-09-06,40.55,40.55,40.9,40.5,40.9,1268420
2017-09-07,40.5,40.5,41.0,40.5,40.65,1605387
2017-09-08,40.85,40.85,41.15,40.8,40.8,1840714
2017-09-11,41.3,41.3,41.3,41.0,41.1,1998424
2017-09-12,41.85,41.85,42.35,41.5,41.5,3079009
2017-09-13,41.4,41.4,42.0,41.4,41.9,1399723
2017-09-14,41.7,41.7,41.95,41.45,41.7,939230
2017-09-15,42.0,42.0,42.0,41.5,41.95,2043162
2017-09-18,42.0,42.0,42.25,41.9,42.05,1888769
2017-09-19,41.5,41.5,42.25,41.4,42.1,1623650
2017-09-20,40.95,40.95,41.7,40.9,41.7,1443834
2017-09-21,40.95,40.95,41.3,40.9,41.15,1009399
2017-09-22,40.65,40.65,41.15,40.6,41.1,919083
2017-09-25,40.15,40.15,40.9,39.9,40.7,1803015
2017-09-26,40.15,40.15,40.6,40.1,40.15,1182644
2017-09-27,40.35,40.35,40.45,40.2,40.2,555768
2017-09-28,40.15,40.15,40.45,40.05,40.35,929251
2017-09-29,40.4,40.4,40.4,39.75,40.05,1096064
2017-10-02,40.35,40.35,40.5,40.15,40.5,899852
2017-10-03,40.35,40.35,40.6,40.25,40.5,1015361
2017-10-05,40.55,40.55,40.75,40.35,40.35,1282111
2017-10-06,40.7,40.7,40.8,40.55,40.65,1181400
2017-10-11,40.6,40.6,40.8,40.55,40.7,1590818
2017-10-12,40.4,40.4,40.75,40.35,40.7,1710616
2017-10-13,40.4,40.4,40.6,40.3,40.4,1325024
2017-10-16,41.0,41.0,41.5,40.7,40.7,1924172
2017-10-17,40.7,40.7,41.4,40.65,41.2,919213
2017-10-18,40.65,40.65,41.0,40.55,40.85,449282
2017-10-19,40.75,40.75,40.95,40.7,40.7,442727
2017-10-20,41.3,41.3,41.3,40.5,40.7,3720906
2017-10-23,41.4,41.4,42.05,41.4,41.8,2835231
2017-10-24,41.0,41.0,41.35,41.0,41.2,1107650
2017-10-25,41.8,41.8,42.35,41.5,41.6,4744951
2017-10-26,41.5,41.5,41.8,41.5,41.6,1016680
2017-10-27,41.25,41.25,41.85,41.25,41.6,874177
2017-10-30,41.1,41.1,41.4,41.05,41.4,676871
2017-10-31,41.2,41.2,41.3,41.05,41.25,440068
2017-11-01,41.0,41.0,41.3,40.9,41.2,647648
2017-11-02,41.0,41.0,41.3,40.85,41.3,578158
2017-11-03,41.05,41.05,41.2,40.95,41.2,408305
2017-11-06,41.6,41.6,41.75,41.2,41.2,1397073
2017-11-07,41.55,41.55,41.85,41.55,41.75,730914
2017-11-08,41.25,41.25,41.55,41.2,41.55,634602
2017-11-09,40.9,40.9,41.5,40.8,41.25,1000396
2017-11-10,41.65,41.65,41.7,41.05,41.05,1546090
2017-11-13,41.75,41.75,42.25,41.7,41.7,3223380
2017-11-14,41.85,41.85,42.0,41.6,41.9,1443790
2017-11-15,42.25,42.25,42.7,41.8,41.85,2964104
2017-11-16,41.9,41.9,42.25,41.9,42.1,1001413
2017-11-17,41.75,41.75,42.15,41.75,42.1,1043630
2017-11-20,41.4,41.4,41.8,41.35,41.75,1099358
2017-11-21,41.9,41.9,41.95,41.45,41.5,960883
2017-11-22,41.9,41.9,42.1,41.55,42.0,1199101
2017-11-23,41.7,41.7,42.0,41.65,42.0,1126461
2017-11-24,42.15,42.15,42.25,42.0,42.0,1665507
2017-11-27,41.8,41.8,42.3,41.65,42.1,1330134
2017-11-28,41.6,41.6,41.85,41.6,41.8,798504
2017-11-29,41.55,41.55,41.95,41.5,41.8,883381
2017-11-30,41.75,41.75,41.8,41.5,41.65,963989
2017-12-01,41.5,41.5,41.9,41.35,41.8,1122770
2017-12-04,42.05,42.05,42.2,41.2,41.5,2005053
2017-12-05,42.5,42.5,43.45,42.3,42.35,7718922
2017-12-06,42.55,42.55,43.4,42.3,43.0,3130117
2017-12-07,42.8,42.8,43.4,42.6,42.8,2533384
2017-12-08,43.2,43.2,43.3,42.8,43.15,2402651
2017-12-11,43.95,43.95,44.25,43.3,43.3,4897902
2017-12-12,43.5,43.5,44.1,43.5,44.0,2447602
2017-12-13,44.95,44.95,44.95,43.55,43.7,7651234
2017-12-14,46.75,46.75,47.6,45.6,45.7,18776088
2017-12-15,47.35,47.35,48.75,46.3,47.05,22076848
2017-12-18,47.0,47.0,48.1,46.6,47.7,7841753
2017-12-19,47.6,47.6,47.85,47.1,47.45,4197409
2017-12-20,48.3,48.3,49.0,47.9,48.0,6761562
2017-12-21,47.85,47.85,48.5,47.8,48.35,3207867
2017-12-22,47.7,47.7,48.2,47.0,48.0,3111412
2017-12-25,47.8,47.8,48.75,47.8,48.0,3455924
2017-12-26,47.1,47.1,48.05,47.1,48.0,1970560
2017-12-27,48.1,48.1,48.4,47.1,47.1,3041000
2017-12-28,48.3,48.3,48.7,48.0,48.55,2049634
2017-12-29,48.5,48.5,49.95,47.85,48.0,7420377
2018-01-02,48.35,48.35,48.85,47.55,48.5,2457187
2018-01-03,48.45,48.45,49.0,48.2,48.75,2919496
2018-01-04,48.35,48.35,48.6,47.95,48.5,3415577
2018-01-05,47.45,47.45,48.5,47.35,48.5,3839884
2018-01-08,46.4,46.4,47.5,46.2,47.5,3739838
2018-01-09,47.5,47.5,47.5,46.45,46.45,2170598
2018-01-10,46.8,46.8,47.7,46.65,47.3,2021731
2018-01-11,46.15,46.15,47.3,46.0,47.3,1957293
2018-01-12,46.5,46.5,46.95,46.3,46.7,1235202
2018-01-15,45.5,45.5,46.8,45.45,46.8,3381893
2018-01-16,45.55,45.55,45.9,45.1,45.65,2432565
2018-01-17,45.15,45.15,45.85,45.05,45.85,2712604
2018-01-18,45.75,45.75,45.9,45.25,45.25,2375603
2018-01-19,45.65,45.65,45.85,45.3,45.85,1590738
2018-01-22,45.4,45.4,45.5,45.15,45.5,1259956
2018-01-23,45.25,45.25,45.4,45.2,45.35,835340
2018-01-24,45.25,45.25,45.25,45.0,45.2,1169595
2018-01-25,45.6,45.6,46.2,45.1,45.35,1726843
2018-01-26,45.3,45.3,45.8,45.15,45.7,1124826
2018-01-29,45.95,45.95,46.25,45.5,45.5,1915042
2018-01-30,45.3,45.3,46.2,45.15,46.2,1590921
2018-01-31,45.15,45.15,45.35,44.75,45.05,1515064
2018-02-01,45.2,45.2,45.6,45.15,45.5,596974
2018-02-02,45.2,45.2,45.4,45.1,45.3,589999
2018-02-05,44.6,44.6,44.85,44.1,44.2,1438922
2018-02-06,42.1,42.1,43.8,41.8,43.2,3936488
2018-02-07,42.8,42.8,43.45,42.7,43.1,1512793
2018-02-08,43.15,43.15,43.3,42.5,43.0,908960
2018-02-09,43.05,43.05,43.1,42.1,42.1,1458513
2018-02-12,43.6,43.6,43.7,43.0,43.1,1046421
2018-02-21,44.45,44.45,44.85,44.2,44.8,1047430
2018-02-22,44.0,44.0,44.4,43.75,44.25,688550
2018-02-23,44.3,44.3,44.65,44.05,44.25,930630
2018-02-26,44.8,44.8,44.8,44.1,44.5,912481
2018-02-27,44.6,44.6,45.05,44.5,45.0,843366
2018-03-01,44.45,44.45,44.6,43.8,44.0,772685
2018-03-02,43.85,43.85,44.25,43.85,44.0,1077700
2018-03-05,43.55,43.55,44.05,43.55,44.0,1048197
2018-03-06,43.6,43.6,44.0,43.5,43.8,702108
2018-03-07,43.5,43.5,43.95,43.45,43.6,642013
2018-03-08,43.75,43.75,44.1,43.65,43.7,1130442
2018-03-09,44.25,44.25,44.25,43.6,43.75,1256146
2018-03-12,44.3,44.3,44.5,44.25,44.45,1023080
2018-03-13,44.5,44.5,45.1,44.45,45.0,2054939
2018-03-14,45.0,45.0,45.15,44.4,44.5,1330736
2018-03-15,44.9,44.9,45.0,44.7,45.0,654683
2018-03-16,45.5,45.5,45.5,44.7,44.9,1966088
2018-03-19,45.0,45.0,45.6,44.85,45.5,838678
2018-03-20,44.55,44.55,44.9,44.55,44.8,926873
2018-03-21,44.7,44.7,45.3,44.7,44.9,1429305
2018-03-22,44.0,44.0,45.0,44.0,44.8,2006794
2018-03-23,43.95,43.95,44.15,43.1,43.15,1124826
2018-03-26,43.85,43.85,44.1,43.7,43.9,730563
2018-03-27,44.2,44.2,44.5,44.05,44.05,609116
2018-03-28,44.05,44.05,44.25,44.0,44.0,529322
2018-03-29,44.3,44.3,44.3,44.0,44.05,569549
2018-03-30,44.45,44.45,44.55,44.3,44.45,462071
2018-04-02,44.35,44.35,44.5,44.25,44.3,491353
2018-04-03,44.0,44.0,44.25,43.9,44.05,887635
2018-04-09,44.2,44.2,44.25,43.65,44.0,1502679
2018-04-10,45.0,45.0,45.0,44.0,44.35,1493562
2018-04-11,44.6,44.6,45.2,44.6,45.05,1944244
2018-04-12,45.0,45.0,45.15,44.7,44.7,1006982
2018-04-13,44.9,44.9,45.2,44.7,45.15,590440
2018-04-16,44.8,44.8,45.15,44.8,45.0,543423
2018-04-17,45.0,45.0,45.45,44.65,45.3,1150965
2018-04-18,44.85,44.85,45.3,44.8,45.0,690669
2018-04-19,45.05,45.05,45.3,44.9,45.1,897547
2018-04-20,45.2,45.2,45.3,45.0,45.05,1082090
2018-04-23,45.0,45.0,45.3,44.95,45.15,677403
2018-04-24,44.7,44.7,45.15,44.65,45.0,785914
2018-04-25,44.3,44.3,44.7,44.1,44.7,809831
2018-04-26,43.8,43.8,44.5,43.8,44.5,1037928
2018-04-27,43.75,43.75,44.0,43.5,44.0,954965
2018-04-30,44.1,44.1,44.1,43.75,43.9,343429
2018-05-02,44.05,44.05,44.15,43.7,44.1,644711
2018-05-03,43.6,43.6,44.1,43.6,44.1,660691
2018-05-04,43.4,43.4,43.75,43.2,43.65,1004851
2018-05-07,43.4,43.4,43.5,43.1,43.4,298588
2018-05-08,43.85,43.85,43.85,43.3,43.45,547659
2018-05-09,44.1,44.1,44.4,43.95,44.05,843828
2018-05-10,44.15,44.15,44.55,44.1,44.5,1209672
2018-05-11,44.2,44.2,44.5,44.15,44.5,751830
2018-05-14,44.45,44.45,44.65,44.25,44.5,947700
2018-05-15,44.95,44.95,45.3,44.55,44.55,1568023
2018-05-16,45.05,45.05,45.25,44.75,45.0,1024375
2018-05-17,45.6,45.6,45.85,45.1,45.1,2134111
2018-05-18,45.75,45.75,46.8,45.55,45.85,3521039
2018-05-21,45.9,45.9,46.15,45.65,45.75,1355386
2018-05-22,45.3,45.3,46.2,45.1,46.1,1142257
2018-05-23,45.45,45.45,45.5,45.0,45.5,783345
2018-05-24,45.5,45.5,45.75,45.25,45.5,484513
2018-05-25,45.3,45.3,45.5,45.0,45.25,696424
2018-05-28,44.8,44.8,45.1,44.7,44.85,1087566
2018-05-29,44.25,44.25,44.7,44.1,44.6,1943833
2018-05-30,44.35,44.35,44.5,43.75,44.0,1370827
2018-05-31,45.95,45.95,45.95,44.15,44.35,1749374
2018-06-01,45.75,45.75,45.9,45.45,45.5,1798682
2018-06-04,46.0,46.0,46.0,45.8,45.9,2823877
2018-06-05,45.65,45.65,46.1,45.6,46.1,865371
2018-06-06,45.75,45.75,45.9,45.5,45.6,723517
2018-06-07,45.35,45.35,45.95,45.3,45.95,1154217
2018-06-08,45.15,45.15,45.65,45.1,45.6,692902
2018-06-11,44.7,44.7,45.45,44.5,45.2,1389845
2018-06-12,45.05,45.05,45.15,44.7,44.7,739812
2018-06-13,44.7,44.7,45.15,44.65,45.1,732006
2018-06-14,44.5,44.5,44.8,44.3,44.7,1606867
2018-06-15,44.75,44.75,44.9,44.3,44.45,2327284
2018-06-19,45.2,45.2,45.2,44.15,44.4,1507387
2018-06-20,44.9,44.9,45.05,44.7,45.05,747351
2018-06-21,44.7,44.7,44.9,44.5,44.55,957374
2018-06-22,44.35,44.35,44.8,44.3,44.5,2700360
2018-06-25,44.55,44.55,44.85,44.15,44.25,655709
2018-06-26,45.5,45.5,45.6,44.45,44.45,2101027
2018-06-27,46.4,46.4,47.3,45.75,45.75,5037084
2018-06-28,46.6,46.6,47.0,46.4,46.9,2423132
2018-06-29,47.15,47.15,47.35,46.7,46.8,2739859
2018-07-02,47.15,47.15,47.75,47.0,47.5,1525568
2018-07-03,46.45,46.45,47.35,46.45,47.1,1945011
2018-07-04,46.75,46.75,47.25,46.45,46.5,1686975
2018-07-05,46.9,46.9,47.3,46.75,46.75,1224034
2018-07-06,47.1,47.1,47.2,45.8,47.1,2183705
2018-07-09,47.1,47.1,47.5,46.9,47.4,961069
2018-07-10,47.5,47.5,47.5,47.1,47.1,1739192
2018-07-11,47.85,47.85,48.45,47.2,47.4,3271657
2018-07-12,48.15,48.15,48.15,47.55,47.8,1353444
2018-07-13,48.5,48.5,48.5,47.9,48.3,2751615
2018-07-16,48.4,48.4,48.75,48.2,48.55,1368182
2018-07-17,48.2,48.2,48.4,48.0,48.25,1355027
2018-07-18,48.35,48.35,48.45,47.8,48.3,1464949
2018-07-19,48.15,48.15,48.45,48.0,48.35,625955
2018-07-20,47.75,47.75,48.35,47.7,48.15,892686
2018-07-23,52.5,52.5,52.5,52.5,52.5,3873939
2018-07-24,54.0,54.0,54.2,53.7,53.8,18710606
2018-07-25,53.7,53.7,54.0,53.7,54.0,8854872
2018-07-26,53.9,53.9,54.0,53.8,53.8,8959910
2018-07-27,51.4,51.4,51.7,51.4,51.7,5939299
2018-07-30,51.5,51.5,51.5,51.4,51.5,2051818
2018-07-31,51.5,51.5,51.7,51.4,51.5,2939186
2018-08-01,51.7,51.7,51.7,51.5,51.5,1927475
2018-08-02,51.9,51.9,52.0,51.6,51.7,1793915
2018-08-03,52.0,52.0,52.0,51.8,51.9,1391535
2018-08-06,51.8,51.8,51.9,51.8,51.9,961722
2018-08-07,51.9,51.9,51.9,51.7,51.8,1243005
2018-08-08,51.8,51.8,51.9,51.8,51.9,1372760
2018-08-09,51.7,51.7,51.9,51.7,51.8,1481293
2018-08-10,51.7,51.7,51.8,51.6,51.7,963604
2018-08-13,51.5,51.5,51.7,51.5,51.7,1386126
2018-08-14,51.6,51.6,51.8,51.6,51.6,1136309
2018-08-15,51.7,51.7,51.7,51.6,51.7,545920
2018-08-16,51.6,51.6,51.7,51.5,51.7,1523297
2018-08-17,51.6,51.6,51.7,51.5,51.6,1598533
2018-08-20,51.5,51.5,51.6,51.5,51.6,1194400
2018-08-21,51.6,51.6,51.6,51.5,51.6,730785
2018-08-22,51.6,51.6,51.7,51.5,51.6,837620
2018-08-23,51.7,51.7,51.7,51.6,51.6,796019
2018-08-24,51.6,51.6,51.7,51.6,51.6,346520
2018-08-27,51.7,51.7,51.7,51.6,51.7,1113814
2018-08-28,51.6,51.6,51.7,51.6,51.7,1320828
2018-08-29,51.7,51.7,51.7,51.6,51.7,1069212
2018-08-30,51.7,51.7,51.8,51.6,51.7,1950758
2018-08-31,51.8,51.8,51.8,51.7,51.7,927406
2018-09-03,51.8,51.8,51.9,51.7,51.8,902200
2018-09-04,51.8,51.8,51.8,51.7,51.8,909634
2018-09-05,51.8,51.8,51.9,51.7,51.8,923816
2018-09-06,50.8,50.8,51.7,50.2,51.7,4336352
2018-09-07,51.3,51.3,51.5,51.0,51.1,1005816
2018-09-10,51.5,51.5,51.5,51.2,51.4,1823139
2018-09-11,51.7,51.7,51.8,51.5,51.6,1581131
2018-09-12,52.0,52.0,52.0,51.8,51.8,1385105
2018-09-13,52.1,52.1,52.1,52.0,52.0,1792235
2018-09-14,51.9,51.9,52.1,51.9,52.0,1227854
2018-09-17,51.9,51.9,52.0,51.9,51.9,346733
2018-09-18,51.8,51.8,52.0,51.8,51.9,838128
2018-09-19,51.9,51.9,52.0,51.8,52.0,966845
2018-09-20,52.0,52.0,52.0,51.8,51.9,617609
2018-09-21,51.9,51.9,52.0,51.9,51.9,731556
2018-09-25,51.9,51.9,52.0,51.9,51.9,396236
2018-09-26,51.9,51.9,52.0,51.9,51.9,485006
2018-09-27,51.9,51.9,52.0,51.9,51.9,1071214
2018-09-28,51.9,51.9,52.0,51.9,51.9,897889
2018-10-01,51.9,51.9,52.0,51.8,51.9,865515
2018-10-02,51.9,51.9,52.0,51.8,51.9,586536
2018-10-03,51.8,51.8,52.0,51.8,51.9,938113
2018-10-04,51.8,51.8,52.0,51.8,51.9,879309
2018-10-05,51.8,51.8,52.0,51.8,51.9,1043184
2018-10-08,51.8,51.8,52.0,51.8,51.9,873495
2018-10-09,52.1,52.1,52.1,51.8,51.9,1064147
2018-10-11,51.8,51.8,52.0,51.8,51.9,3290773
2018-10-12,51.8,51.8,51.9,51.8,51.8,2055194
2018-10-15,51.9,51.9,52.0,51.8,51.9,1031748
2018-10-16,51.8,51.8,52.0,51.8,52.0,768291
2018-10-17,51.9,51.9,52.0,51.8,51.9,703446
2018-10-18,51.9,51.9,52.0,51.8,51.9,827124
2018-10-19,51.7,51.7,51.9,51.6,51.9,3766076
2018-10-22,51.5,51.5,51.9,51.5,51.7,1386927
2018-10-23,51.8,51.8,52.0,51.6,51.7,1154646
2018-10-24,51.7,51.7,52.0,51.7,51.8,722205
2018-10-25,51.8,51.8,51.8,51.6,51.7,880839
2018-10-26,51.9,51.9,51.9,51.7,51.7,875302
2018-10-29,51.7,51.7,51.8,51.7,51.8,796874
2018-10-30,51.7,51.7,51.9,51.7,51.8,579238
2018-10-31,51.9,51.9,51.9,51.7,51.8,437214
2018-11-01,51.8,51.8,51.9,51.7,51.9,840094
2018-11-02,51.8,51.8,51.9,51.7,51.8,533098
2018-11-05,51.8,51.8,51.9,51.7,51.8,783278
2018-11-06,51.8,51.8,51.9,51.8,51.8,318817
2018-11-07,51.9,51.9,51.9,51.7,51.8,447102
2018-11-08,51.9,51.9,51.9,51.8,51.8,237516
2018-11-09,51.7,51.7,51.9,51.7,51.8,408098
2018-11-12,52.2,52.2,52.3,52.0,52.0,1788017
2018-11-13,52.2,52.2,52.4,52.2,52.2,564930
2018-11-14,52.3,52.3,52.4,52.3,52.3,590005
2018-11-15,52.4,52.4,52.5,52.3,52.4,497032
2018-11-16,52.4,52.4,52.5,52.3,52.4,786526
2018-11-19,52.4,52.4,52.5,52.4,52.5,377083
2018-11-20,52.5,52.5,52.5,52.4,52.4,567525
2018-11-21,52.4,52.4,52.5,52.4,52.4,362131
2018-11-22,52.5,52.5,52.5,52.4,52.4,420960
2018-11-23,52.5,52.5,52.5,52.4,52.4,1650163
2018-11-26,52.4,52.4,52.5,52.4,52.5,612645
2018-11-27,52.1,52.1,52.4,51.6,52.4,2694978
2018-11-28,52.2,52.2,52.4,52.2,52.3,298228
2018-11-29,52.3,52.3,52.4,52.2,52.4,359624
2018-11-30,52.3,52.3,52.4,52.3,52.4,846668
2018-12-03,52.3,52.3,52.4,52.2,52.4,1102405
2018-12-04,52.2,52.2,52.3,52.2,52.3,1210328
2018-12-05,52.0,52.0,52.3,52.0,52.2,876926
2018-12-06,51.9,51.9,52.0,51.8,52.0,1109287
2018-12-07,51.9,51.9,52.0,51.8,52.0,513118
2018-12-10,51.8,51.8,51.9,51.8,51.9,839785
2018-12-11,51.8,51.8,51.9,51.8,51.8,883253
2018-12-12,51.8,51.8,52.0,51.6,51.9,3047008
2018-12-13,51.9,51.9,51.9,51.7,51.8,868771
2018-12-14,51.6,51.6,51.9,51.6,51.8,1483589
2018-12-17,50.5,50.5,51.7,50.4,51.7,3840051
2018-12-18,51.3,51.3,51.5,50.9,51.0,1598719
2018-12-19,52.7,52.7,52.8,52.7,52.7,7383546
2018-12-20,52.7,52.7,52.8,52.7,52.7,1803746
2018-12-21,52.7,52.7,52.8,52.7,52.8,2777399
2018-12-24,52.8,52.8,52.8,52.7,52.8,1244383
2018-12-25,52.7,52.7,52.8,52.7,52.7,4236006
2018-12-26,52.7,52.7,52.8,52.7,52.7,1581473
2018-12-27,52.7,52.7,52.8,52.7,52.7,694776
2018-12-28,52.7,52.7,52.8,52.7,52.8,562319
2019-01-02,52.8,52.8,52.8,52.7,52.7,1095305
2019-01-03,52.8,52.8,52.8,52.7,52.8,744580
2019-01-04,52.8,52.8,52.8,52.7,52.8,1081361
2019-01-07,52.8,52.8,52.9,52.8,52.8,1129035
2019-01-08,52.8,52.8,52.9,52.8,52.9,983634
2019-01-09,52.9,52.9,52.9,52.8,52.8,1009217
2019-01-10,52.9,52.9,52.9,52.8,52.8,437005
2019-01-11,52.9,52.9,52.9,52.8,52.9,666418
2019-01-14,52.8,52.8,52.9,52.8,52.8,371601
2019-01-15,52.9,52.9,52.9,52.8,52.9,668860
2019-01-16,52.8,52.8,52.9,52.8,52.9,1630334
2019-01-17,52.9,52.9,52.9,52.8,52.8,1152411
2019-01-18,52.9,52.9,52.9,52.8,52.9,822470
2019-01-21,52.8,52.8,52.9,52.8,52.9,11696805
2019-01-22,52.9,52.9,52.9,52.8,52.8,916022
2019-01-23,53.1,53.1,53.1,52.8,52.9,7724081
