Date,Adj Close,Close,High,Low,Open,Volume
2019-12-16,104.5,104.5,109.5,104.5,109.0,2183734
2019-12-17,105.0,105.0,106.5,104.0,106.0,1596422
2019-12-18,106.5,106.5,106.5,104.5,105.0,792202
2019-12-19,104.5,104.5,107.0,104.5,107.0,823550
2019-12-20,106.5,106.5,106.5,104.5,105.5,1222255
2019-12-23,113.0,113.0,113.0,107.0,108.0,6365725
2019-12-24,111.0,111.0,113.5,111.0,112.0,2927242
2019-12-25,112.0,112.0,112.5,110.0,111.0,1613576
2019-12-26,114.0,114.0,114.0,110.5,112.5,2664376
2019-12-27,110.5,110.5,114.5,110.5,113.5,2577479
2019-12-30,115.0,115.0,115.0,110.0,110.5,4325917
2019-12-31,115.0,115.0,119.0,113.5,115.0,11585853
2020-01-02,117.5,117.5,118.5,116.0,118.0,3453865
2020-01-03,116.5,116.5,120.0,114.0,119.0,6143840
2020-01-06,113.5,113.5,118.5,113.5,116.5,2863001
2020-01-07,108.0,108.0,114.5,107.0,114.0,3836635
2020-01-08,109.5,109.5,110.5,106.0,107.5,2168200
2020-01-09,112.5,112.5,112.5,110.0,110.5,2190971
2020-01-10,114.5,114.5,116.0,112.0,115.0,4091872
2020-01-13,109.0,109.0,120.5,109.0,118.0,15911173
2020-01-14,107.0,107.0,110.0,106.0,109.5,5167700
2020-01-15,105.5,105.5,108.5,105.5,107.5,3821500
2020-01-16,105.0,105.0,106.5,104.5,106.0,2432295
2020-01-17,105.0,105.0,107.5,104.5,105.5,3116239
2020-01-20,104.0,104.0,105.5,104.0,105.5,1892370
2020-01-30,93.6,93.6,100.0,93.6,99.0,4430865
2020-01-31,91.5,91.5,95.5,90.4,93.7,3106375
2020-02-03,88.0,88.0,89.7,85.2,88.6,3729465
2020-02-04,90.1,90.1,91.9,89.5,90.5,2969043
2020-02-05,90.8,90.8,92.2,90.2,90.7,2535635
2020-02-06,90.2,90.2,92.5,90.0,91.8,2544100
2020-02-07,88.7,88.7,90.9,88.7,89.9,2329015
2020-02-10,89.8,89.8,90.2,87.0,88.4,1384300
2020-02-11,91.4,91.4,92.7,90.6,90.8,2668596
2020-02-12,92.7,92.7,93.3,91.4,91.4,2115401
2020-02-13,91.8,91.8,94.0,91.6,94.0,1453400
2020-02-14,92.8,92.8,92.9,91.8,92.1,942962
2020-02-17,93.0,93.0,94.8,92.6,93.2,1776968
2020-02-18,93.0,93.0,93.9,92.6,93.0,1009202
2020-02-19,93.6,93.6,94.3,93.1,93.5,1419502
2020-02-20,93.0,93.0,94.5,92.8,94.1,1275060
2020-02-21,93.2,93.2,94.8,93.0,93.8,1863314
2020-02-24,91.5,91.5,93.5,91.5,92.8,1004200
2020-02-25,91.3,91.3,91.9,89.1,90.4,1176804
2020-02-26,89.9,89.9,91.8,89.9,90.9,979439
2020-02-27,87.0,87.0,90.8,87.0,90.8,1708400
2020-03-02,88.3,88.3,88.8,85.0,85.0,1420452
2020-03-03,94.6,94.6,95.7,89.8,90.7,4310113
2020-03-04,94.4,94.4,96.1,93.7,94.7,2852440
2020-03-05,95.3,95.3,97.4,95.2,95.3,1949630
2020-03-06,95.7,95.7,96.3,94.2,94.2,1409200
2020-03-09,94.7,94.7,98.1,94.5,95.3,4441371
2020-03-10,93.0,93.0,95.4,91.8,93.7,2238977
2020-03-11,88.7,88.7,91.5,88.7,90.3,3489786
2020-03-12,79.9,79.9,87.8,79.9,87.7,4193239
2020-03-13,72.5,72.5,73.0,72.0,72.0,2588545
2020-03-16,65.3,65.3,73.0,65.3,72.5,5891529
2020-03-17,58.8,58.8,62.7,58.8,58.9,3222244
2020-03-18,53.0,53.0,58.9,53.0,58.9,6731760
2020-03-19,47.7,47.7,48.9,47.7,47.7,1805653
2020-03-20,49.5,49.5,51.5,47.2,47.2,4321237
2020-03-23,44.55,44.55,47.9,44.55,47.9,2542128
2020-03-24,48.1,48.1,48.45,45.6,45.6,2165929
2020-03-25,52.9,52.9,52.9,50.7,50.7,1433000
2020-03-26,53.4,53.4,54.7,50.2,54.7,2906204
2020-03-27,57.5,57.5,58.7,53.5,55.0,4553720
2020-03-30,58.0,58.0,58.0,54.3,54.3,1866858
2020-03-31,60.2,60.2,61.8,59.0,59.0,2979010
2020-04-01,60.9,60.9,61.6,59.6,60.5,2254535
2020-04-07,63.8,63.8,64.4,62.6,63.9,2751684
2020-04-08,64.1,64.1,64.7,63.0,63.6,1986500
2020-04-09,69.1,69.1,70.0,64.4,64.4,6258227
2020-04-10,68.7,68.7,70.3,68.0,70.2,3071794
2020-04-13,68.3,68.3,71.4,68.3,69.5,4659002
2020-04-14,69.7,69.7,70.2,68.8,69.2,2244110
2020-04-15,70.3,70.3,71.2,69.8,70.7,1975800
2020-04-16,71.5,71.5,71.7,69.1,69.3,2198940
2020-04-17,70.3,70.3,73.7,69.6,73.0,2932625
2020-04-20,71.4,71.4,73.9,70.1,70.6,3495324
2020-04-21,67.3,67.3,71.8,67.1,71.4,3230172
2020-04-22,68.6,68.6,68.9,64.4,65.7,2393347
2020-04-23,70.8,70.8,71.5,69.3,70.0,2490426
2020-04-24,70.0,70.0,71.7,70.0,71.0,1730369
2020-04-27,71.2,71.2,72.0,70.5,70.9,2463260
2020-04-28,72.0,72.0,72.8,71.3,72.0,2141500
2020-04-29,72.8,72.8,73.5,72.1,72.4,1778382
2020-05-04,74.5,74.5,75.9,71.5,72.5,2594983
2020-05-05,78.1,78.1,78.5,74.8,75.6,4843961
2020-05-06,81.4,81.4,85.3,79.1,79.9,10569254
2020-05-07,81.2,81.2,84.0,80.3,82.1,4031368
2020-05-08,77.4,77.4,82.0,77.2,81.8,3803478
2020-05-11,78.2,78.2,79.5,76.7,78.5,2191899
2020-05-12,77.3,77.3,79.4,77.0,78.6,1392144
2020-05-13,78.1,78.1,79.0,77.3,78.9,1377185
2020-05-14,75.1,75.1,78.8,74.4,78.1,1930190
2020-05-15,75.0,75.0,76.7,72.5,75.8,1467999
2020-05-18,77.5,77.5,78.3,74.4,76.0,2242316
2020-05-19,77.3,77.3,79.9,76.9,79.6,2300287
2020-05-20,78.0,78.0,78.8,77.0,77.8,1765191
2020-05-21,79.1,79.1,79.5,78.3,79.0,1876502
2020-05-22,77.8,77.8,81.3,77.8,79.8,4260200
2020-05-25,78.8,78.8,80.4,77.2,77.9,2644121
2020-05-26,80.1,80.1,83.5,80.1,81.1,6739610
2020-05-27,79.7,79.7,81.8,78.9,81.2,2508330
2020-05-28,78.1,78.1,80.5,78.0,80.5,1512500
2020-05-29,77.8,77.8,78.8,77.1,78.4,1339330
2020-06-01,79.0,79.0,79.2,78.1,78.5,830088
2020-06-02,79.5,79.5,80.2,78.5,79.7,1206844
2020-06-03,80.3,80.3,81.5,79.7,80.4,2634848
2020-06-04,82.5,82.5,82.5,80.5,81.5,2514743
2020-06-05,82.4,82.4,84.1,81.1,84.0,3934807
2020-06-08,81.6,81.6,82.9,81.4,82.8,1358395
2020-06-09,83.1,83.1,83.3,81.7,82.4,2166510
2020-06-10,83.0,83.0,83.9,82.5,83.4,1535552
2020-06-11,79.0,79.0,85.4,79.0,84.5,3933476
2020-06-12,78.4,78.4,78.6,75.3,75.4,1760961
2020-06-15,81.6,81.6,83.3,78.5,79.5,3377431
2020-06-16,83.0,83.0,83.5,82.1,82.5,1572630
2020-06-17,84.1,84.1,84.5,82.5,83.0,2602666
2020-06-18,83.0,83.0,86.5,82.8,84.9,4435434
2020-06-19,81.5,81.5,83.8,81.5,83.5,1664329
2020-06-22,81.4,81.4,83.5,80.6,82.3,2091171
2020-06-23,89.5,89.5,89.5,89.5,89.5,3052709
2020-06-24,85.1,85.1,95.9,85.1,95.9,11935035
2020-06-29,83.2,83.2,85.8,83.2,85.1,2820141
2020-06-30,83.7,83.7,84.3,83.0,84.3,1340191
2020-07-01,83.4,83.4,84.2,82.9,84.0,1336350
2020-07-02,83.6,83.6,85.2,83.3,83.6,1959200
2020-07-03,82.0,82.0,84.2,81.7,83.6,1929630
2020-07-06,82.3,82.3,82.8,81.7,82.0,1483909
2020-07-07,81.3,81.3,83.2,81.2,83.0,1411100
2020-07-08,83.6,83.6,84.3,81.7,82.0,2574098
2020-07-09,87.5,87.5,89.5,83.8,84.5,7235726
2020-07-10,84.4,84.4,89.9,83.9,88.8,4698500
2020-07-13,85.4,85.4,87.9,85.3,87.1,2805551
2020-07-14,84.8,84.8,87.4,84.3,86.0,2198115
2020-07-15,82.5,82.5,85.9,82.3,85.6,2297800
2020-07-16,82.5,82.5,83.9,82.0,83.3,1230609
2020-07-17,79.6,79.6,83.2,79.0,82.8,2792500
2020-07-20,81.4,81.4,81.5,77.3,80.0,2165050
2020-07-21,82.0,82.0,82.9,80.8,80.8,1176977
2020-07-22,83.9,83.9,84.7,82.1,82.1,2104805
2020-07-23,82.2,82.2,84.8,82.1,84.8,1254163
2020-07-24,80.5,80.5,82.4,79.9,82.4,1088100
2020-07-27,78.2,78.2,81.0,77.3,81.0,2235962
2020-07-28,76.4,76.4,78.8,76.0,78.2,1884673
2020-07-29,78.0,78.0,78.7,76.0,76.0,993715
2020-07-30,78.3,78.3,79.1,77.7,78.7,608010
2020-07-31,78.0,78.0,78.7,77.3,78.3,749505
2020-08-03,78.2,78.2,79.1,78.0,78.1,596337
2020-08-04,79.1,79.1,79.8,78.4,78.4,790481
2020-08-05,80.0,80.0,80.4,79.2,79.7,707264
2020-08-06,78.7,78.7,80.5,78.7,80.2,606100
2020-08-07,78.7,78.7,79.2,78.2,79.1,499491
2020-08-10,78.5,78.5,79.0,78.4,78.4,492738
2020-08-11,78.3,78.3,81.4,78.3,80.4,2366190
2020-08-12,78.2,78.2,79.2,77.5,78.7,711014
2020-08-13,77.7,77.7,78.9,77.5,78.5,683698
2020-08-14,78.3,78.3,78.9,77.0,77.7,602100
2020-08-17,82.0,82.0,82.3,79.6,79.6,3052496
2020-08-18,82.5,82.5,84.2,81.3,83.6,2818470
2020-08-19,81.7,81.7,83.8,81.7,83.8,2190344
2020-08-20,76.6,76.6,82.1,75.0,81.9,3126301
2020-08-21,77.4,77.4,78.0,76.3,77.5,1222403
2020-08-24,77.5,77.5,78.0,76.9,77.3,751531
2020-08-25,78.0,78.0,78.8,77.7,77.8,608333
2020-08-26,81.1,81.1,81.1,78.2,78.7,2333504
2020-08-27,80.3,80.3,81.9,79.6,81.5,1200100
2020-08-28,80.8,80.8,81.8,80.1,80.6,1122630
2020-08-31,80.3,80.3,81.5,80.0,81.4,685800
2020-09-01,81.7,81.7,82.0,80.2,81.0,1344336
2020-09-02,80.8,80.8,82.1,80.7,82.0,854050
2020-09-03,80.6,80.6,81.5,80.4,81.2,429268
2020-09-04,80.0,80.0,80.4,79.0,79.0,629001
2020-09-07,78.9,78.9,80.7,78.7,80.0,641010
2020-09-08,80.6,80.6,80.7,79.1,79.2,666160
2020-09-09,82.7,82.7,83.8,79.7,80.2,4489343
2020-09-10,82.7,82.7,83.5,81.4,83.5,1684378
2020-09-11,79.6,79.6,81.9,79.1,81.1,2633530
2020-09-14,82.1,82.1,83.1,79.7,80.1,2062332
2020-09-15,82.1,82.1,83.6,81.8,82.6,1480190
2020-09-16,82.4,82.4,83.3,82.1,82.8,1056787
2020-09-17,82.8,82.8,84.3,82.7,83.0,1786000
2020-09-18,85.0,85.0,86.5,83.6,83.8,5191536
2020-09-21,84.3,84.3,85.3,83.5,85.0,1662150
2020-09-22,81.8,81.8,84.1,81.5,84.0,1810700
2020-09-23,80.9,80.9,82.6,80.5,82.6,915630
2020-09-24,84.4,84.4,85.5,79.2,80.0,3559150
2020-09-25,79.8,79.8,84.0,78.1,84.0,3280346
2020-09-28,81.1,81.1,86.8,80.3,84.3,10025500
2020-09-29,80.6,80.6,81.6,80.0,81.0,1571800
2020-09-30,80.6,80.6,81.2,80.0,80.6,623501
2020-10-05,81.1,81.1,82.2,80.3,81.0,893800
2020-10-06,80.9,80.9,82.0,80.7,81.4,577191
2020-10-07,80.5,80.5,81.3,80.3,81.2,580330
2020-10-08,80.2,80.2,80.7,79.9,80.5,770480
2020-10-12,80.3,80.3,81.3,80.2,80.9,581951
2020-10-13,80.7,80.7,81.7,80.4,81.1,821029
2020-10-14,80.9,80.9,81.6,80.7,81.3,656906
2020-10-15,80.3,80.3,81.3,80.3,81.3,422058
2020-10-16,80.0,80.0,81.1,80.0,80.3,482800
2020-10-19,80.5,80.5,80.6,80.0,80.3,325515
2020-10-20,81.0,81.0,81.8,80.7,80.9,690500
2020-10-21,81.6,81.6,82.4,81.2,81.7,820250
2020-10-22,81.4,81.4,82.0,81.2,81.7,376505
2020-10-23,82.7,82.7,83.5,81.4,81.4,1765430
2020-10-26,81.8,81.8,83.3,81.6,83.3,671649
2020-10-27,81.8,81.8,81.8,81.3,81.7,346639
2020-10-28,80.8,80.8,82.1,80.6,81.9,694676
2020-10-29,80.4,80.4,80.7,79.4,79.9,627501
2020-10-30,80.0,80.0,81.5,80.0,80.4,387544
2020-11-02,80.0,80.0,80.4,79.5,79.9,494500
2020-11-03,80.8,80.8,81.4,80.3,80.3,429201
2020-11-04,82.5,82.5,84.5,81.5,82.0,2777906
2020-11-05,82.8,82.8,84.3,82.7,83.1,987803
2020-11-06,83.0,83.0,83.7,82.6,83.6,697682
2020-11-09,83.3,83.3,83.8,82.7,83.8,521774
2020-11-10,84.2,84.2,84.5,83.1,84.0,1394890
2020-11-11,84.2,84.2,85.0,84.2,84.8,1084738
2020-11-12,85.4,85.4,86.1,84.5,85.0,2238926
2020-11-13,84.6,84.6,87.6,84.2,85.9,3089740
2020-11-16,84.8,84.8,85.4,83.4,84.7,1267754
2020-11-17,85.8,85.8,86.6,84.3,85.2,1527662
2020-11-18,86.0,86.0,87.3,85.7,87.2,1170295
2020-11-19,86.2,86.2,86.2,85.5,86.1,740410
2020-11-20,86.5,86.5,88.8,86.3,86.8,3227456
2020-11-23,88.5,88.5,88.8,86.2,87.0,2096379
2020-11-24,85.3,85.3,88.8,84.8,88.8,2413357
2020-11-25,85.9,85.9,86.6,85.2,85.7,867718
2020-11-26,86.1,86.1,86.5,85.5,86.5,419281
2020-11-27,85.8,85.8,86.5,85.4,86.5,616423
2020-11-30,84.7,84.7,87.7,84.7,86.4,1582641
2020-12-01,84.0,84.0,85.4,83.3,85.0,1440703
2020-12-02,84.2,84.2,84.8,84.1,84.2,749427
2020-12-04,84.5,84.5,84.6,83.4,84.1,546413
2020-12-07,83.8,83.8,85.4,83.7,85.4,838657
2020-12-08,84.3,84.3,84.9,84.0,84.0,388576
2020-12-09,84.7,84.7,84.9,84.3,84.3,530973
2020-12-10,83.8,83.8,84.9,83.6,84.6,618418
2020-12-11,82.4,82.4,84.7,82.0,84.7,1011847
2020-12-14,82.9,82.9,83.7,82.5,82.8,335288
2020-12-15,82.1,82.1,83.3,81.9,82.9,412111
2020-12-16,84.4,84.4,84.5,82.4,82.9,964580
2020-12-17,83.8,83.8,84.7,83.3,84.0,458200
2020-12-18,83.7,83.7,84.5,83.3,84.4,384038
2020-12-21,83.3,83.3,85.5,82.7,84.0,1028729
2020-12-22,82.0,82.0,83.3,82.0,83.0,650929
2020-12-23,81.6,81.6,83.0,81.5,83.0,575125
2020-12-24,81.1,81.1,82.0,80.7,82.0,633902
2020-12-25,81.2,81.2,81.6,80.7,81.2,349288
2020-12-28,80.5,80.5,81.6,80.3,81.3,757739
2020-12-29,79.2,79.2,81.0,79.2,81.0,1009183
2020-12-30,79.2,79.2,80.1,79.1,79.2,620396
2020-12-31,80.0,80.0,80.4,79.2,79.2,480223
2021-01-04,79.9,79.9,80.3,79.6,80.3,363175
2021-01-05,80.0,80.0,80.7,79.6,79.9,379110
2021-01-06,78.6,78.6,80.3,78.5,80.0,668406
2021-01-07,79.2,79.2,79.3,78.7,78.7,291718
2021-01-08,79.2,79.2,79.3,78.5,79.2,503700
2021-01-11,78.8,78.8,79.2,77.5,79.2,697938
2021-01-12,78.8,78.8,80.4,78.5,78.8,621435
2021-01-13,77.6,77.6,79.6,77.6,79.0,845735
2021-01-14,77.1,77.1,77.9,77.1,77.3,627328
2021-01-15,74.2,74.2,77.2,74.2,77.2,1403759
2021-01-18,75.3,75.3,76.4,74.1,74.2,897453
2021-01-19,73.6,73.6,75.6,73.5,75.5,788931
2021-01-20,71.4,71.4,74.0,71.3,73.6,1139918
2021-01-21,69.8,69.8,72.5,69.5,72.1,1335271
2021-01-22,69.2,69.2,71.5,68.9,70.1,1136812
2021-01-25,70.7,70.7,71.3,68.8,69.5,942846
2021-01-26,70.4,70.4,71.7,69.8,71.1,668847
2021-01-27,69.8,69.8,70.6,69.4,70.2,474416
2021-01-28,68.4,68.4,69.7,68.3,69.0,474189
2021-01-29,67.5,67.5,68.9,67.3,68.7,651036
2021-02-01,66.6,66.6,67.8,65.7,67.8,944058
2021-02-02,67.0,67.0,68.1,66.9,67.0,550508
2021-02-03,66.6,66.6,67.6,66.4,67.6,509508
2021-02-04,66.8,66.8,67.5,66.3,66.4,450642
2021-02-05,68.1,68.1,68.2,67.0,67.5,446573
2021-02-17,69.7,69.7,70.4,68.6,70.0,1151363
2021-02-18,74.9,74.9,75.8,70.1,70.8,2760615
2021-02-19,74.2,74.2,74.5,73.0,74.2,1405019
2021-02-22,76.6,76.6,77.3,74.9,75.5,1896006
2021-02-23,77.4,77.4,79.2,76.2,79.1,2062109
2021-02-24,76.0,76.0,76.8,75.7,76.8,1101041
2021-02-25,76.2,76.2,78.3,76.0,77.0,1165280
2021-02-26,76.5,76.5,76.8,75.1,75.2,619907
2021-03-02,74.1,74.1,76.8,73.6,76.7,1066303
2021-03-03,74.0,74.0,74.5,72.5,74.1,733158
2021-03-04,72.7,72.7,74.4,72.1,74.0,866281
2021-03-05,73.6,73.6,74.1,72.4,72.6,554736
2021-03-08,72.8,72.8,74.1,72.6,73.8,475142
2021-03-09,72.8,72.8,73.6,72.1,73.0,611837
2021-03-10,72.8,72.8,73.7,72.8,73.6,412883
2021-03-11,75.0,75.0,77.6,74.5,76.0,1863556
2021-03-12,74.4,74.4,75.3,73.7,75.0,637504
2021-03-15,73.9,73.9,74.4,73.5,74.3,459938
2021-03-16,73.5,73.5,74.8,72.9,74.0,708234
2021-03-17,74.0,74.0,74.7,73.2,73.2,428376
2021-03-18,74.0,74.0,74.6,73.7,74.1,374220
2021-03-19,73.2,73.2,74.1,73.1,74.0,518316
2021-03-22,72.7,72.7,73.2,72.1,73.1,640537
2021-03-23,73.3,73.3,74.0,72.7,73.0,476018
2021-03-24,75.9,75.9,76.3,73.3,73.4,1657326
2021-03-25,75.1,75.1,77.2,74.6,76.7,1075514
2021-03-26,74.8,74.8,75.8,74.6,75.8,402525
2021-03-29,76.0,76.0,76.7,75.0,75.5,1310643
2021-03-30,76.5,76.5,77.6,75.7,77.3,1075459
2021-03-31,77.7,77.7,78.6,76.6,77.0,2066317
2021-04-01,77.8,77.8,78.5,77.2,78.1,905079
2021-04-06,78.2,78.2,78.9,77.6,78.3,846587
2021-04-07,80.1,80.1,80.9,78.5,78.5,1876097
2021-04-08,81.4,81.4,81.6,79.5,80.1,1811421
2021-04-09,81.0,81.0,81.9,80.2,81.9,979536
2021-04-12,82.7,82.7,83.4,81.5,81.9,1955361
2021-04-13,81.4,81.4,84.1,81.2,84.0,1556175
2021-04-14,81.8,81.8,82.3,79.6,81.7,1392052
2021-04-15,83.1,83.1,83.4,81.8,82.8,911608
2021-04-16,82.2,82.2,83.8,81.8,83.4,752064
2021-04-19,83.7,83.7,84.2,81.8,82.7,1800230
2021-04-20,83.0,83.0,84.6,82.8,84.5,872929
2021-04-21,81.4,81.4,82.9,81.1,82.9,1137300
2021-04-22,79.7,79.7,82.0,79.6,82.0,1262799
2021-04-23,79.7,79.7,80.6,79.3,80.1,605828
2021-04-26,80.5,80.5,81.2,80.0,81.2,773449
2021-04-27,82.8,82.8,84.6,79.8,80.7,2095926
2021-04-28,81.3,81.3,83.7,81.2,83.6,1115117
2021-04-29,79.9,79.9,81.7,79.9,81.7,847704
2021-05-03,77.7,77.7,80.7,77.5,80.5,1173437
2021-05-04,74.1,74.1,78.5,73.0,78.5,1854484
2021-05-05,74.1,74.1,75.2,73.3,74.1,507756
2021-05-06,73.3,73.3,75.4,73.0,75.4,677940
2021-05-07,75.5,75.5,75.7,73.5,73.6,632002
2021-05-10,76.0,76.0,76.0,74.5,75.3,430871
2021-05-11,74.2,74.2,77.3,74.1,76.5,909712
2021-05-12,70.0,70.0,76.5,67.1,74.1,1698308
2021-05-13,68.3,68.3,68.5,65.8,66.0,1481088
2021-05-14,75.1,75.1,75.1,72.9,74.9,1390810
2021-05-17,82.5,82.5,82.6,76.2,76.2,8103430
2021-05-18,83.9,83.9,85.5,78.0,84.6,8036767
2021-05-19,88.0,88.0,90.8,82.0,85.0,10376111
2021-05-20,86.0,86.0,95.0,85.1,89.1,12055131
2021-05-21,91.0,91.0,92.5,86.6,87.1,9127976
2021-05-24,92.1,92.1,96.5,90.6,94.1,8855326
2021-05-25,93.2,93.2,93.7,88.5,91.5,5487498
2021-05-26,92.2,92.2,95.0,91.9,94.9,3583036
2021-05-27,96.4,96.4,97.4,91.5,92.2,6713289
2021-05-28,94.9,94.9,97.8,94.4,97.8,4418416
2021-05-31,93.0,93.0,95.2,90.4,95.2,4414444
2021-06-01,92.3,92.3,93.5,90.4,93.5,2942469
2021-06-02,90.4,90.4,95.4,90.4,95.4,2443499
2021-06-03,88.8,88.8,91.1,88.2,90.5,2608162
2021-06-04,88.0,88.0,90.6,87.5,88.8,1716593
2021-06-07,90.8,90.8,92.3,87.6,88.6,2991713
2021-06-08,90.8,90.8,91.6,89.7,90.8,1114230
2021-06-09,90.2,90.2,91.4,89.5,91.0,935255
2021-06-10,94.2,94.2,94.7,90.4,90.8,3478856
2021-06-11,87.4,87.4,93.8,87.4,93.6,6564043
2021-06-15,88.3,88.3,88.5,86.1,87.2,1325804
2021-06-16,85.3,85.3,88.5,85.2,88.5,1594873
2021-06-17,85.6,85.6,86.2,84.3,85.0,899291
2021-06-18,84.9,84.9,85.8,84.1,85.2,922656
2021-06-21,82.6,82.6,84.4,82.1,83.6,1334225
2021-06-22,84.9,84.9,85.7,82.1,83.2,1361705
2021-06-23,85.3,85.3,86.3,84.1,85.0,985841
2021-06-24,85.1,85.1,85.8,84.7,85.5,598561
2021-06-25,86.1,86.1,88.0,85.4,86.2,1311908
2021-06-28,90.1,90.1,90.5,85.9,86.4,2625659
2021-06-29,96.9,96.9,98.6,90.9,91.2,10298699
2021-06-30,101.5,101.5,102.5,96.9,99.0,10328382
2021-07-01,105.0,105.0,105.5,99.0,102.5,7451999
2021-07-02,102.5,102.5,108.5,101.0,106.5,5454791
2021-07-05,105.0,105.0,107.0,101.5,103.0,4319637
2021-07-06,107.0,107.0,109.0,106.5,107.5,3655119
2021-07-07,107.5,107.5,108.0,102.0,106.5,4187624
2021-07-08,104.0,104.0,109.0,104.0,108.0,2315543
2021-07-09,114.0,114.0,114.0,103.0,103.5,4980829
2021-07-12,122.0,122.0,125.0,116.0,123.5,17702063
2021-07-13,127.0,127.0,133.0,119.0,122.0,12426731
2021-07-14,128.5,128.5,132.0,123.5,126.0,6854167
2021-07-15,127.5,127.5,135.0,124.0,128.5,8316528
2021-07-16,134.5,134.5,134.5,126.0,127.5,7082565
2021-07-19,147.5,147.5,147.5,133.5,134.5,10870110
2021-07-20,140.5,140.5,153.0,140.0,151.0,19322848
2021-07-21,154.5,154.5,154.5,140.0,142.5,11364878
2021-07-22,152.0,152.0,157.5,145.5,154.5,12300215
2021-07-23,146.0,146.0,154.5,144.5,153.0,6830891
2021-07-26,153.0,153.0,153.0,143.0,148.0,5429400
2021-07-27,148.5,148.5,153.5,147.0,152.0,3997544
2021-07-28,144.0,144.0,149.5,138.0,147.0,6794657
2021-07-29,150.5,150.5,151.0,141.0,144.5,4664975
2021-07-30,146.5,146.5,152.0,141.5,146.5,4151852
2021-08-02,147.5,147.5,149.0,141.5,145.5,3729238
2021-08-03,145.5,145.5,148.5,144.5,147.5,1814660
2021-08-04,141.0,141.0,156.5,140.0,147.0,12526253
2021-08-05,138.0,138.0,144.0,133.5,141.0,6040597
2021-08-06,137.0,137.0,140.0,136.0,138.5,1515368
2021-08-09,135.0,135.0,139.5,135.0,138.5,1742466
2021-08-10,137.0,137.0,141.0,133.5,135.5,2296719
2021-08-11,135.0,135.0,138.0,128.0,129.5,3773804
2021-08-12,135.5,135.5,137.5,133.5,135.0,1815892
2021-08-13,122.0,122.0,127.5,122.0,126.0,2871563
2021-08-16,116.5,116.5,122.0,113.5,113.5,6478656
2021-08-17,113.5,113.5,120.0,113.5,116.5,2959999
2021-08-18,112.5,112.5,114.0,105.0,110.5,6272387
2021-08-19,101.5,101.5,112.5,101.5,112.0,4959136
2021-08-20,100.5,100.5,102.5,96.8,101.0,7684057
2021-08-23,105.0,105.0,108.0,102.0,102.5,2774464
2021-08-24,103.0,103.0,106.0,99.5,105.5,3031146
2021-08-25,107.0,107.0,110.5,104.0,105.5,3531858
2021-08-26,106.5,106.5,108.0,104.5,107.0,1799247
2021-08-27,107.0,107.0,107.5,105.0,106.0,1368095
2021-08-30,105.0,105.0,110.0,103.5,108.0,2897434
2021-08-31,107.5,107.5,108.0,104.0,106.0,1223807
2021-09-01,106.5,106.5,108.5,105.5,107.5,1050228
2021-09-02,102.5,102.5,109.0,102.0,106.5,1637793
2021-09-03,105.5,105.5,107.0,103.0,104.5,1877947
2021-09-06,102.0,102.0,105.5,101.0,105.0,1556101
2021-09-07,105.0,105.0,105.0,102.0,102.5,1105946
2021-09-08,100.0,100.0,106.0,99.7,105.0,1414153
2021-09-09,102.0,102.0,104.0,99.6,100.5,1205704
2021-09-10,103.0,103.0,105.5,101.0,104.0,1148426
2021-09-13,101.0,101.0,103.0,99.9,101.0,1508627
2021-09-14,102.0,102.0,103.5,100.5,103.0,1355872
2021-09-15,101.0,101.0,103.0,99.4,102.5,1094397
2021-09-16,101.0,101.0,102.5,99.9,102.5,1408323
2021-09-17,102.0,102.0,102.5,100.0,102.0,1038422
2021-09-22,97.5,97.5,102.0,96.1,100.0,2115496
2021-09-23,98.8,98.8,100.0,97.7,98.8,1208439
2021-09-24,100.0,100.0,101.5,98.4,100.0,930045
2021-09-27,102.0,102.0,105.0,99.5,100.5,4876538
2021-09-28,104.0,104.0,105.5,103.0,103.5,5604926
2021-09-29,100.5,100.5,103.5,100.0,103.5,2746250
2021-09-30,108.0,108.0,109.0,99.6,101.0,5122340
2021-10-01,104.0,104.0,108.0,102.5,106.0,4912158
2021-10-04,96.0,96.0,105.5,96.0,104.5,4832486
2021-10-05,96.4,96.4,98.6,93.0,95.0,2575615
2021-10-06,92.7,92.7,98.0,92.5,97.0,3226496
2021-10-07,96.5,96.5,97.0,93.6,93.6,2336399
2021-10-08,100.5,100.5,102.5,96.3,96.5,2820580
2021-10-12,100.0,100.0,102.0,98.3,99.8,1491121
2021-10-13,97.1,97.1,101.0,96.8,100.5,1457795
2021-10-14,98.7,98.7,99.9,98.0,99.3,1117206
2021-10-15,98.0,98.0,101.0,97.8,101.0,1510532
2021-10-18,98.4,98.4,99.5,98.1,98.5,682128
2021-10-19,99.9,99.9,101.5,98.4,99.2,1361267
2021-10-20,98.7,98.7,101.0,98.5,101.0,1320788
2021-10-21,98.2,98.2,99.9,98.2,98.8,1078393
2021-10-22,98.0,98.0,99.9,97.6,98.6,943287
2021-10-25,91.3,91.3,98.0,88.2,98.0,6668563
2021-10-26,93.0,93.0,94.4,91.4,91.4,1760645
2021-10-27,91.9,91.9,94.4,91.6,93.8,1342199
2021-10-28,92.7,92.7,93.4,92.0,92.1,673614
2021-10-29,94.0,94.0,94.4,92.1,93.6,1472321
2021-11-01,97.2,97.2,98.8,94.9,95.2,2162567
2021-11-02,95.0,95.0,97.7,94.1,97.2,1213187
2021-11-03,96.1,96.1,97.1,94.2,95.0,825469
2021-11-04,94.3,94.3,97.4,94.3,96.9,936097
2021-11-05,93.7,93.7,95.3,93.0,95.0,585115
2021-11-08,93.0,93.0,94.5,92.8,93.9,530636
2021-11-09,94.5,94.5,94.8,92.3,93.6,725356
2021-11-10,93.2,93.2,94.7,92.6,94.7,686289
2021-11-11,92.0,92.0,93.2,91.5,91.7,943005
2021-11-12,92.0,92.0,94.5,92.0,93.7,1162270
2021-11-15,96.3,96.3,97.3,92.5,93.3,2343189
2021-11-16,97.1,97.1,97.4,95.1,96.5,1013206
2021-11-17,106.5,106.5,106.5,96.5,98.0,6044569
2021-11-18,117.0,117.0,117.0,111.0,112.0,9355383
2021-11-19,114.5,114.5,124.0,112.5,122.0,12345135
2021-11-22,111.5,111.5,114.5,109.0,113.0,4652075
2021-11-23,108.0,108.0,115.0,107.5,112.0,5147612
2021-11-24,114.5,114.5,116.0,106.5,108.5,5053546
2021-11-25,112.5,112.5,118.0,111.5,114.0,8652740
2021-11-26,109.5,109.5,113.5,108.0,111.5,2970044
2021-11-29,109.0,109.0,114.5,107.5,108.0,3799103
2021-11-30,111.5,111.5,112.0,108.5,109.0,1769902
2021-12-01,112.5,112.5,112.5,109.5,111.5,1962653
2021-12-02,102.0,102.0,114.5,101.5,114.5,12318408
2021-12-03,103.0,103.0,104.0,101.5,103.5,1726582
2021-12-06,100.5,100.5,101.5,98.4,98.4,19868742
2021-12-07,96.3,96.3,99.6,96.1,97.5,9754773
2021-12-08,96.0,96.0,97.5,95.5,97.0,4041086
2021-12-09,97.2,97.2,97.6,95.8,96.5,2891135
2021-12-10,97.6,97.6,97.8,96.5,97.2,1829000
2021-12-13,100.5,100.5,103.0,97.6,98.3,6779739
2021-12-14,101.5,101.5,102.5,99.0,99.9,4467237
2021-12-15,98.2,98.2,102.0,98.1,101.5,4787723
2021-12-16,97.2,97.2,99.2,96.8,99.2,4776293
2021-12-17,95.3,95.3,97.2,95.2,96.7,3577754
2021-12-20,95.5,95.5,96.6,95.3,95.3,1721003
2021-12-21,97.4,97.4,97.4,95.3,95.5,1779771
2021-12-22,97.8,97.8,99.7,97.3,98.0,3185991
2021-12-23,97.7,97.7,99.1,97.4,98.0,2532193
2021-12-24,96.2,96.2,98.4,96.0,97.8,2407831
2021-12-27,96.0,96.0,97.2,95.5,96.5,1106371
2021-12-28,96.3,96.3,97.6,96.2,96.5,1251534
2021-12-29,98.0,98.0,99.0,97.1,97.5,2261373
2021-12-30,97.5,97.5,98.5,97.3,98.5,1245682
2022-01-03,96.5,96.5,98.9,95.7,98.0,1962837
2022-01-04,96.3,96.3,97.0,95.6,96.8,1482181
2022-01-05,96.1,96.1,97.5,96.1,96.8,993620
2022-01-06,95.9,95.9,96.4,95.5,96.4,1148249
2022-01-07,91.5,91.5,96.4,91.2,96.1,3447294
2022-01-10,92.0,92.0,92.8,90.9,90.9,1085608
2022-01-11,89.5,89.5,92.5,89.0,91.9,2525102
2022-01-12,89.4,89.4,90.4,88.3,90.1,1996110
2022-01-13,89.6,89.6,90.9,89.0,90.0,736134
2022-01-14,87.1,87.1,89.8,86.2,89.8,1980438
2022-01-17,89.0,89.0,89.5,86.5,86.7,1213488
2022-01-18,88.2,88.2,90.6,88.0,89.4,1053129
2022-01-19,87.3,87.3,88.0,87.1,88.0,691277
2022-01-20,87.7,87.7,88.3,86.9,87.3,611503
2022-01-21,86.2,86.2,89.2,86.0,88.1,1862447
2022-01-24,84.4,84.4,86.6,81.9,86.3,1770166
2022-01-25,84.4,84.4,86.8,84.1,85.3,1710093
2022-01-26,85.7,85.7,88.5,85.7,86.2,2403431
2022-02-07,86.3,86.3,86.9,85.1,86.8,1211949
2022-02-08,89.6,89.6,89.6,86.3,86.5,1901925
2022-02-09,90.2,90.2,91.0,88.8,90.4,1563246
2022-02-10,89.5,89.5,90.6,88.5,90.0,1079212
2022-02-11,88.5,88.5,90.2,88.0,88.5,1474064
2022-02-14,86.1,86.1,88.0,85.8,88.0,1105666
2022-02-15,85.8,85.8,87.2,85.6,86.8,746338
2022-02-16,89.5,89.5,89.6,86.2,86.7,1182105
2022-02-17,90.7,90.7,92.2,88.8,89.5,2862288
2022-02-18,90.9,90.9,91.0,89.3,89.4,1061780
2022-02-21,92.5,92.5,92.8,90.1,90.9,1607345
2022-02-22,93.4,93.4,94.5,91.7,91.8,3547125
2022-02-23,102.5,102.5,102.5,96.5,96.6,5604723
2022-02-24,103.0,103.0,106.0,100.0,102.5,22330537
2022-02-25,111.5,111.5,113.0,106.0,107.5,22743068
2022-03-01,114.0,114.0,115.5,108.0,115.5,22328823
2022-03-02,118.0,118.0,122.5,112.0,113.5,27737802
2022-03-03,115.5,115.5,119.5,114.5,118.0,13596915
2022-03-04,112.5,112.5,119.0,112.5,114.0,10936098
2022-03-07,106.0,106.0,112.5,104.5,111.0,10631145
2022-03-08,101.5,101.5,109.0,101.5,105.0,9793491
2022-03-09,103.0,103.0,107.5,102.0,104.0,6808449
2022-03-10,107.0,107.0,109.5,104.5,106.0,8314276
2022-03-11,102.5,102.5,105.5,101.0,104.0,6564619
2022-03-14,101.5,101.5,103.0,97.6,102.0,7255497
2022-03-15,99.7,99.7,104.0,99.7,102.5,5428923
2022-03-16,99.0,99.0,102.5,98.5,102.5,3287203
2022-03-17,108.5,108.5,108.5,101.5,102.0,8884482
2022-03-18,114.0,114.0,115.5,107.0,109.5,21500324
2022-03-21,117.0,117.0,120.0,114.0,116.0,18370022
2022-03-22,117.5,117.5,118.0,114.0,115.5,7185992
2022-03-23,112.0,112.0,115.0,109.0,114.5,14177186
2022-03-24,121.0,121.0,121.0,110.5,111.0,15478208
2022-03-25,124.5,124.5,130.5,121.0,125.0,40297703
2022-03-28,125.0,125.0,129.5,123.0,126.0,25364298
2022-03-29,133.0,133.0,137.5,123.5,124.0,41567096
2022-03-30,133.5,133.5,137.5,133.0,133.5,20047330
2022-03-31,135.5,135.5,137.5,128.5,135.5,20287851
2022-04-01,130.5,130.5,136.5,130.5,135.5,11518460
2022-04-06,132.0,132.0,133.0,129.5,130.0,6441606
2022-04-07,128.5,128.5,139.5,128.5,134.0,24355887
2022-04-08,129.0,129.0,133.0,125.0,131.0,13234114
2022-04-11,124.5,124.5,128.5,122.0,128.5,8566401
2022-04-12,123.5,123.5,127.0,121.0,123.0,6637135
2022-04-13,129.5,129.5,130.5,123.5,125.0,10380706
2022-04-14,130.0,130.0,132.0,127.0,129.5,9001915
2022-04-15,126.5,126.5,135.0,126.0,129.5,13437540
2022-04-18,132.5,132.5,133.0,126.5,127.5,12363536
2022-04-19,133.5,133.5,135.5,131.0,134.0,14130301
2022-04-20,130.0,130.0,134.5,129.0,134.0,5878382
2022-04-21,134.5,134.5,134.5,129.5,131.5,5445549
2022-04-22,131.0,131.0,135.5,130.0,133.5,6238652
2022-04-25,118.0,118.0,129.0,118.0,129.0,8712040
2022-04-26,115.5,115.5,120.0,114.5,120.0,6531899
2022-04-27,116.5,116.5,119.5,111.0,112.0,5530306
2022-04-28,115.0,115.0,118.0,114.5,116.0,2449335
2022-04-29,116.5,116.5,118.5,116.0,117.0,1780940
2022-05-03,119.0,119.0,122.5,117.0,117.5,5513055
2022-05-04,115.5,115.5,120.0,115.0,119.5,4041172
2022-05-05,119.0,119.0,121.0,116.0,117.5,4270011
2022-05-06,118.0,118.0,119.0,113.5,116.0,3945247
2022-05-09,117.0,117.0,119.5,114.5,117.0,2891126
2022-05-10,115.0,115.0,117.0,112.5,114.5,4557961
2022-05-11,115.5,115.5,117.5,112.5,113.0,2764320
2022-05-12,111.0,111.0,117.5,110.5,115.5,4872563
2022-05-13,117.5,117.5,119.5,112.5,113.5,5348698
2022-05-16,119.0,119.0,122.0,118.0,120.0,5493994
2022-05-17,117.5,117.5,125.0,116.0,121.0,7720334
2022-05-18,129.0,129.0,129.0,117.0,118.5,13712021
2022-05-19,131.5,131.5,133.5,124.0,127.0,27615982
2022-05-20,129.5,129.5,134.0,128.0,132.0,13467764
2022-05-23,130.5,130.5,133.0,127.5,130.0,6522342
2022-05-24,127.5,127.5,130.5,127.0,129.5,6541149
2022-05-25,131.5,131.5,133.0,128.5,130.0,7335563
2022-05-26,129.0,129.0,136.0,126.5,132.5,12894982
2022-05-27,126.5,126.5,130.5,126.5,130.0,3644151
2022-05-30,128.0,128.0,128.5,124.5,127.5,3809857
2022-05-31,128.5,128.5,129.0,126.5,127.5,2292444
2022-06-01,126.0,126.0,130.0,125.5,128.0,2092583
2022-06-02,124.5,124.5,126.5,124.0,126.0,2095516
2022-06-06,127.0,127.0,128.0,122.5,125.0,1895837
2022-06-07,139.5,139.5,139.5,126.5,127.0,14026548
2022-06-08,145.5,145.5,145.5,136.5,140.5,39611814
2022-06-09,145.5,145.5,150.5,141.0,144.5,34442575
2022-06-10,152.0,152.0,152.0,145.0,145.5,19530112
2022-06-13,143.0,143.0,150.5,139.5,147.0,21991145
2022-06-14,136.5,136.5,143.0,134.0,143.0,16602725
2022-06-15,140.0,140.0,145.0,133.5,136.5,25994159
2022-06-16,137.0,137.0,143.0,136.5,140.0,16202818
2022-06-17,146.5,146.5,149.5,133.5,134.5,31268960
2022-06-20,139.0,139.0,149.5,138.5,149.0,30486801
2022-06-21,146.0,146.0,146.5,139.5,141.0,16076285
2022-06-22,138.0,138.0,147.5,135.0,144.5,17895435
2022-06-23,143.5,143.5,144.5,136.5,136.5,14673512
2022-06-24,145.0,145.0,146.5,139.5,144.0,16614026
2022-06-27,151.5,151.5,151.5,142.5,146.5,18296250
2022-06-28,148.5,148.5,156.0,146.0,151.5,29961611
2022-06-29,157.5,157.5,162.0,147.0,148.0,36384188
2022-06-30,153.5,153.5,161.0,149.0,158.5,31621174
2022-07-01,142.5,142.5,154.0,141.0,152.5,18777859
2022-07-04,141.5,141.5,143.5,134.5,140.5,15422848
2022-07-05,148.0,148.0,148.0,138.5,140.0,15776311
2022-07-06,143.5,143.5,149.5,142.5,145.0,11592791
2022-07-07,146.0,146.0,146.5,137.5,143.5,13772961
2022-07-08,135.0,135.0,147.5,135.0,144.0,20052500
2022-07-11,139.0,139.0,142.0,129.0,132.0,24215405
2022-07-12,135.0,135.0,138.0,133.0,135.5,11634107
2022-07-13,139.5,139.5,142.5,135.0,137.0,12150937
2022-07-14,137.0,137.0,139.5,135.5,137.0,11620241
2022-07-15,131.0,131.0,138.5,130.0,136.0,12365123
2022-07-18,130.0,130.0,132.5,128.0,130.0,10115854
2022-07-19,130.0,130.0,135.0,130.0,130.0,9126950
2022-07-20,130.0,130.0,132.5,130.0,131.5,5236679
2022-07-21,135.0,135.0,135.0,128.5,131.5,7117911
2022-07-22,144.5,144.5,148.0,135.0,136.0,23337714
2022-07-25,149.5,149.5,152.5,145.0,148.0,34678948
2022-07-26,142.0,142.0,151.5,141.0,150.5,19677264
2022-07-27,141.5,141.5,145.0,139.0,142.5,13488428
2022-07-28,141.5,141.5,145.0,141.5,142.0,6820953
2022-07-29,141.5,141.5,144.5,140.0,143.5,5755484
2022-08-01,138.0,138.0,142.5,138.0,142.0,3282894
2022-08-02,133.0,133.0,141.5,132.5,135.5,7540533
2022-08-03,133.5,133.5,136.0,132.5,134.5,4348873
2022-08-04,135.0,135.0,137.5,130.5,132.0,5308216
2022-08-05,142.0,142.0,142.0,136.0,136.0,5043123
2022-08-08,143.0,143.0,144.5,140.0,143.0,6382694
2022-08-09,141.5,141.5,145.0,140.5,144.0,4592147
2022-08-10,148.0,148.0,148.0,142.0,142.5,9171771
2022-08-11,143.0,143.0,148.0,142.0,148.0,9011253
2022-08-12,145.0,145.0,145.0,141.0,142.0,4500510
2022-08-15,147.0,147.0,148.0,141.0,144.0,6845933
2022-08-16,161.5,161.5,161.5,147.5,148.0,23302162
2022-08-17,168.0,168.0,171.0,160.0,162.0,55288146
2022-08-18,184.5,184.5,184.5,167.0,168.0,31859528
2022-08-19,184.5,184.5,193.0,180.5,187.0,47457154
2022-08-22,180.0,180.0,193.0,179.0,186.5,31909215
2022-08-23,176.0,176.0,184.0,173.0,179.0,22939201
2022-08-24,174.0,174.0,182.0,173.5,177.5,21871641
2022-08-25,175.5,175.5,178.0,172.5,175.0,18018921
2022-08-26,176.0,176.0,190.5,175.0,176.5,38035954
2022-08-29,169.5,169.5,175.0,167.0,171.0,14515161
2022-08-30,174.0,174.0,175.0,168.0,170.0,11736134
2022-08-31,173.5,173.5,182.5,173.0,174.0,23315277
2022-09-01,169.0,169.0,176.0,168.0,173.5,13248373
2022-09-02,170.0,170.0,181.0,169.5,178.0,19567533
2022-09-05,166.5,166.5,177.5,166.5,172.5,19184474
2022-09-06,154.0,154.0,170.0,150.5,169.0,32395095
2022-09-07,151.5,151.5,156.0,150.0,153.0,18228594
2022-09-08,154.0,154.0,154.0,149.5,152.5,12611396
2022-09-12,164.0,164.0,167.5,153.0,156.0,24022900
2022-09-13,165.0,165.0,166.5,161.0,165.0,17557682
2022-09-14,170.0,170.0,170.0,159.5,160.5,23904407
2022-09-15,168.0,168.0,173.5,166.5,171.0,21633779
2022-09-16,171.0,171.0,171.0,166.5,168.0,11808084
2022-09-19,163.0,163.0,173.0,162.0,171.5,17226616
2022-09-20,173.5,173.5,174.5,162.5,164.5,24490244
2022-09-21,169.0,169.0,174.5,165.5,172.0,22732513
2022-09-22,174.0,174.0,175.5,169.0,172.0,30813329
2022-09-23,166.0,166.0,173.5,163.0,172.0,22057303
2022-09-26,162.0,162.0,168.5,161.0,165.0,18367578
2022-09-27,166.0,166.0,166.0,153.0,163.0,25940949
2022-09-28,154.0,154.0,164.5,153.5,163.0,16517657
2022-09-29,158.0,158.0,162.5,156.0,157.5,21978010
2022-09-30,162.5,162.5,163.5,152.0,154.5,14997385
2022-10-03,157.5,157.5,165.5,157.0,161.0,14173636
2022-10-04,167.0,167.0,171.0,160.5,161.5,25817286
2022-10-05,170.5,170.5,173.5,166.0,168.5,22233772
2022-10-06,172.0,172.0,173.0,166.5,171.5,17140976
2022-10-07,168.0,168.0,175.0,166.5,171.0,20900418
2022-10-11,159.5,159.5,169.5,158.5,168.0,27705364
2022-10-12,161.5,161.5,166.0,161.0,163.0,22300925
2022-10-13,148.5,148.5,162.5,145.5,161.5,27224372
2022-10-14,153.0,153.0,158.5,150.0,155.0,24470715
2022-10-17,148.5,148.5,150.5,139.5,150.0,17898949
2022-10-18,153.0,153.0,155.5,148.5,151.0,16865337
2022-10-19,153.0,153.0,155.5,151.5,152.0,10720313
2022-10-20,155.0,155.0,155.0,145.0,150.0,14710986
2022-10-21,146.5,146.5,153.5,146.5,153.0,11661186
2022-10-24,147.5,147.5,152.5,147.0,150.0,6832739
2022-10-25,143.0,143.0,149.5,141.0,149.5,10995148
2022-10-26,143.0,143.0,146.0,138.5,143.0,10614129
2022-10-27,149.5,149.5,150.0,141.0,143.0,12223515
2022-10-28,151.0,151.0,152.5,148.0,148.5,9172270
2022-10-31,154.5,154.5,156.5,151.0,152.0,9330880
2022-11-01,158.5,158.5,159.5,154.0,154.5,9472450
2022-11-02,160.0,160.0,161.5,157.0,158.5,8410434
2022-11-03,163.0,163.0,163.0,157.5,158.5,7531281
2022-11-04,159.0,159.0,165.0,157.5,162.5,10003165
2022-11-07,159.5,159.5,162.0,159.0,160.0,4495608
2022-11-08,159.5,159.5,165.0,159.0,161.0,7999586
2022-11-09,162.5,162.5,163.5,159.5,161.5,4966206
2022-11-10,156.0,156.0,168.0,155.5,165.0,17470419
2022-11-11,171.5,171.5,171.5,160.0,160.0,32933223
2022-11-14,171.0,171.0,174.5,166.0,173.0,25385229
2022-11-15,169.0,169.0,174.0,167.5,171.0,14386265
2022-11-16,170.0,170.0,181.0,169.0,170.5,29567777
2022-11-17,174.0,174.0,179.5,170.5,170.5,27034325
2022-11-18,187.0,187.0,191.0,176.0,177.0,48397508
2022-11-21,192.0,192.0,194.0,185.0,189.5,29708386
2022-11-22,198.0,198.0,199.0,187.5,195.0,39746230
2022-11-23,217.5,217.5,217.5,197.0,200.5,54817875
2022-11-24,239.0,239.0,239.0,218.5,220.0,55178326
2022-11-25,245.5,245.5,253.5,241.0,241.5,64888819
2022-11-28,246.5,246.5,248.5,230.0,235.5,37019372
2022-11-29,233.5,233.5,245.0,231.0,245.0,5761952
2022-11-30,244.0,244.0,244.0,229.5,229.5,4176036
2022-12-01,246.5,246.5,252.5,241.0,246.0,3574748
2022-12-02,245.5,245.5,248.5,242.0,242.0,2007228
2022-12-05,269.5,269.5,269.5,248.0,248.0,5076962
2022-12-06,249.5,249.5,270.0,249.5,268.0,4657367
2022-12-07,244.0,244.0,254.0,236.0,248.0,4252143
2022-12-08,240.5,240.5,245.5,240.0,243.0,1567949
2022-12-09,254.0,254.0,254.0,243.5,245.5,2443639
2022-12-12,252.0,252.0,255.5,249.0,255.0,1311186
2022-12-13,251.5,251.5,258.0,251.5,254.0,2011820
2022-12-14,255.0,255.0,257.0,240.0,248.0,2951134
2022-12-15,241.0,241.0,257.5,238.5,257.0,16370482
2022-12-16,234.5,234.5,247.0,234.5,236.0,15809706
2022-12-19,237.0,237.0,241.0,234.0,234.5,8194738
2022-12-20,225.5,225.5,238.5,225.0,235.5,11040256
2022-12-21,228.5,228.5,238.0,227.5,230.5,10136902
2022-12-22,231.5,231.5,234.0,223.0,231.0,14541022
2022-12-23,232.0,232.0,237.0,226.0,229.0,11755098
2022-12-26,240.5,240.5,242.0,233.0,234.0,15017622
2022-12-27,237.5,237.5,243.5,229.0,243.5,13339344
2022-12-28,238.5,238.5,242.5,233.0,234.0,9281783
2022-12-29,250.0,250.0,253.5,231.5,237.0,21358811
2022-12-30,246.0,246.0,254.0,243.0,249.5,18242845
2023-01-03,250.5,250.5,253.5,247.0,249.5,13202785
2023-01-04,243.5,243.5,254.0,243.5,250.5,10421979
2023-01-05,239.5,239.5,249.0,239.0,245.5,7084264
2023-01-06,240.5,240.5,245.5,239.5,240.5,6093202
2023-01-09,249.0,249.0,255.0,240.5,243.0,11154167
2023-01-10,244.0,244.0,252.0,242.5,249.0,8098305
2023-01-11,240.5,240.5,254.5,240.5,247.5,16581144
2023-01-12,230.5,230.5,243.0,229.0,242.0,14208588
2023-01-13,230.0,230.0,233.0,226.5,232.0,8289836
2023-01-16,244.0,244.0,244.0,228.5,233.0,15343216
2023-01-17,243.5,243.5,249.5,240.0,242.0,13218077
2023-01-30,237.5,237.5,249.0,236.0,246.0,8069721
2023-01-31,238.0,238.0,241.5,234.0,239.5,6885932
2023-02-01,237.5,237.5,244.0,237.5,240.0,5486065
2023-02-02,247.0,247.0,249.0,237.5,238.5,8626066
2023-02-03,249.0,249.0,256.0,243.0,247.0,14261310
2023-02-06,273.5,273.5,273.5,251.0,251.0,26339365
2023-02-07,281.0,281.0,286.5,274.0,277.5,46416803
2023-02-08,284.0,284.0,286.0,277.0,282.5,19971919
2023-02-09,276.0,276.0,291.0,274.5,284.0,21574147
2023-02-10,277.5,277.5,286.5,275.5,277.5,17198874
2023-02-13,277.5,277.5,293.0,277.5,286.0,33511427
2023-02-14,267.5,267.5,279.5,267.5,278.0,18561976
2023-02-15,272.5,272.5,274.5,269.5,270.0,10116568
2023-02-16,284.0,284.0,284.0,271.0,272.5,13525830
2023-02-17,294.5,294.5,298.5,282.5,283.0,30732785
2023-02-20,284.5,284.5,302.0,283.5,297.5,18535548
2023-02-21,287.0,287.0,289.5,280.5,285.5,8466472
2023-02-22,276.5,276.5,294.5,276.5,288.0,17100312
2023-02-23,285.0,285.0,286.5,278.5,279.0,8052931
2023-02-24,281.0,281.0,288.0,277.0,286.5,7618824
2023-03-01,278.5,278.5,285.5,278.0,283.0,5237405
2023-03-02,283.5,283.5,287.0,280.5,281.5,6191561
2023-03-03,278.5,278.5,288.5,278.5,286.0,6192339
2023-03-06,285.0,285.0,286.5,276.0,282.0,6853242
2023-03-07,277.5,277.5,289.5,277.5,286.5,10476841
2023-03-08,271.5,271.5,285.0,270.0,281.0,16368092
2023-03-09,270.0,270.0,274.5,270.0,272.5,5250529
2023-03-10,255.0,255.0,269.0,254.0,265.0,12369523
2023-03-13,250.0,250.0,256.5,249.5,254.0,6550848
2023-03-14,248.0,248.0,257.0,246.5,250.0,7910533
2023-03-15,254.5,254.5,258.0,249.0,250.0,8616386
2023-03-16,245.5,245.5,252.5,243.0,251.0,10473933
2023-03-17,247.5,247.5,251.0,245.0,249.0,4900723
2023-03-20,248.5,248.5,250.0,245.0,248.5,3798336
2023-03-21,243.5,243.5,252.0,243.5,249.5,5273578
2023-03-22,243.5,243.5,248.5,242.0,246.5,4933330
2023-03-23,244.0,244.0,246.5,242.0,244.0,3759989
2023-03-24,252.5,252.5,254.0,243.5,245.0,8327570
2023-03-27,252.0,252.0,257.5,250.5,253.0,7252531
2023-03-28,246.0,246.0,259.0,244.5,254.5,10261594
2023-03-29,258.0,258.0,258.0,245.5,248.0,9969599
2023-03-30,257.5,257.5,264.5,255.5,260.5,13935405
2023-03-31,251.0,251.0,259.5,250.5,258.5,7393447
2023-04-06,269.5,269.5,272.5,252.5,252.5,20292272
2023-04-07,273.0,273.0,280.0,270.0,274.0,22878147
2023-04-10,265.5,265.5,278.0,265.5,277.5,5683394
2023-04-11,265.5,265.5,271.0,265.0,268.0,3151329
2023-04-12,267.5,267.5,274.5,265.5,267.5,5562628
2023-04-13,267.0,267.0,276.0,267.0,273.0,7425603
2023-04-14,265.0,265.0,270.0,265.0,269.5,3239458
2023-04-17,262.0,262.0,267.0,261.5,265.5,3068456
2023-04-18,265.5,265.5,269.5,261.0,263.5,4211372
2023-04-19,269.0,269.0,272.5,258.5,266.5,9087120
2023-04-20,265.0,265.0,279.5,262.5,270.5,18672022
2023-04-21,250.0,250.0,268.0,249.5,267.0,10911425
2023-04-24,260.5,260.5,261.0,247.5,251.0,8639624
2023-04-25,254.5,254.5,266.0,250.0,259.0,11899959
2023-04-26,254.0,254.0,256.5,248.0,254.0,6016381
2023-04-27,257.0,257.0,257.0,249.0,253.5,4647827
2023-04-28,259.5,259.5,263.5,259.0,260.0,3949471
2023-05-02,278.0,278.0,278.5,263.0,264.0,15919753
2023-05-03,272.5,272.5,279.5,271.0,278.0,8662158
2023-05-04,279.0,279.0,286.0,273.0,273.0,21357589
2023-05-05,281.5,281.5,284.5,278.0,280.0,8108263
2023-05-08,287.0,287.0,287.0,280.0,283.5,9408228
2023-05-09,279.0,279.0,288.0,279.0,287.5,8688261
2023-05-10,285.0,285.0,285.0,273.0,281.5,7675376
2023-05-11,283.5,283.5,296.0,283.5,293.0,23100771
2023-05-12,289.0,289.0,291.5,274.0,288.0,18719719
2023-05-15,275.5,275.5,291.0,275.5,289.0,13905752
2023-05-16,280.5,280.5,281.5,276.5,278.0,6098992
2023-05-17,308.5,308.5,308.5,286.5,286.5,26053445
2023-05-18,339.0,339.0,339.0,314.0,315.0,33065483
2023-05-19,343.5,343.5,349.5,325.0,344.0,37227776
2023-05-22,332.0,332.0,344.0,330.0,343.5,11526845
2023-05-23,342.0,342.0,343.0,327.5,333.0,14386968
2023-05-24,334.5,334.5,340.0,328.0,338.5,11081032
2023-05-25,331.0,331.0,337.5,329.0,333.0,7313802
2023-05-26,327.0,327.0,343.5,322.5,335.0,12030917
2023-05-29,330.5,330.5,333.0,324.5,329.5,4647479
2023-05-30,328.5,328.5,334.5,328.0,333.0,4413296
2023-05-31,327.0,327.0,335.0,326.5,328.5,4546698
2023-06-01,320.0,320.0,331.0,318.0,329.0,5299467
2023-06-02,320.5,320.5,324.5,318.5,322.0,4379171
2023-06-05,315.5,315.5,340.0,315.0,331.0,15844589
2023-06-06,315.5,315.5,322.0,313.0,318.0,7135575
2023-06-07,322.0,322.0,322.0,315.0,318.0,5319215
2023-06-08,311.0,311.0,325.0,310.0,322.5,6408090
2023-06-09,319.0,319.0,321.5,312.5,313.0,4250667
2023-06-12,314.0,314.0,323.5,313.5,322.0,4957696
2023-06-13,311.5,311.5,317.5,311.0,316.0,3207490
2023-06-14,314.0,314.0,325.5,311.0,313.0,9837959
2023-06-15,330.0,330.0,331.5,316.0,316.5,10021435
2023-06-16,323.0,323.0,334.5,321.0,332.5,9993755
2023-06-19,324.0,324.0,331.0,321.0,325.5,5050690
2023-06-20,320.0,320.0,331.0,318.5,327.0,5533628
2023-06-21,308.0,308.0,321.0,304.5,320.0,8375749
2023-06-26,311.5,311.5,315.0,300.0,306.5,5245783
2023-06-27,329.0,329.0,330.5,309.5,310.5,14843506
2023-06-28,333.5,333.5,338.5,327.0,332.0,18092615
2023-06-29,338.5,338.5,346.5,334.5,336.0,17786998
2023-06-30,325.5,325.5,346.0,325.5,339.0,12310727
2023-07-03,299.0,299.0,311.5,293.0,309.0,49079043
2023-07-04,297.0,297.0,306.0,297.0,304.5,13566708
2023-07-05,294.5,294.5,308.0,294.5,298.5,13402774
2023-07-06,290.0,290.0,300.0,290.0,298.0,8705078
2023-07-07,284.5,284.5,294.0,283.0,291.5,6294031
2023-07-10,285.0,285.0,287.5,280.0,287.0,7834340
2023-07-11,283.0,283.0,289.0,280.0,288.0,6857802
2023-07-12,290.0,290.0,294.0,287.5,288.0,10504671
2023-07-13,280.0,280.0,294.0,279.5,292.0,9021209
2023-07-14,277.5,277.5,281.5,272.0,281.0,9681234
2023-07-17,288.5,288.5,290.0,278.5,278.5,7336244
2023-07-18,283.0,283.0,293.5,280.0,291.5,7299336
2023-07-19,292.0,292.0,298.0,285.0,285.0,14627421
2023-07-20,287.0,287.0,299.5,284.0,296.0,14008256
2023-07-21,291.0,291.0,299.5,290.0,290.0,16316638
2023-07-24,302.0,302.0,305.0,293.0,296.5,14439734
2023-07-25,301.0,301.0,304.5,295.0,303.0,12021522
2023-07-26,291.0,291.0,306.0,287.0,305.5,11624425
2023-07-27,291.5,291.5,297.5,290.0,293.0,5567101
2023-07-28,286.0,286.0,294.0,285.0,293.0,5557936
2023-07-31,286.5,286.5,293.5,282.0,289.5,5386709
2023-08-01,293.0,293.0,294.0,287.5,289.0,6328767
2023-08-02,285.5,285.5,301.5,284.5,296.0,11336011
2023-08-04,289.5,289.5,290.0,278.5,287.0,4997201
2023-08-07,285.5,285.5,291.0,284.5,289.5,3993594
2023-08-08,280.5,280.5,288.5,278.5,287.0,5086664
2023-08-09,292.0,292.0,294.5,274.0,281.5,10913521
2023-08-10,286.0,286.0,299.0,277.0,292.0,18146056
2023-08-11,269.0,269.0,287.0,269.0,286.5,14118966
2023-08-14,250.0,250.0,271.5,242.5,268.0,20460259
2023-08-15,263.5,263.5,270.5,250.0,252.0,11648977
2023-08-16,268.0,268.0,277.5,266.0,271.5,19384352
2023-08-17,259.5,259.5,266.5,257.0,264.0,9359848
2023-08-18,254.0,254.0,264.5,252.0,259.5,7249653
2023-08-21,260.0,260.0,262.5,255.0,256.5,4589677
2023-08-22,255.0,255.0,262.5,254.0,261.5,3889527
2023-08-23,249.5,249.5,257.0,248.5,256.0,4821564
2023-08-24,249.5,249.5,256.0,247.5,251.5,4693530
2023-08-25,248.0,248.0,254.0,247.5,252.0,3355954
2023-08-28,247.5,247.5,251.0,243.5,250.5,3066987
2023-08-29,252.0,252.0,252.5,248.5,249.5,2125996
2023-08-30,257.0,257.0,259.0,253.5,254.0,3919053
2023-08-31,253.5,253.5,263.0,253.5,258.5,5077085
2023-09-01,258.5,258.5,260.0,254.0,255.5,3540630
2023-09-04,256.0,256.0,259.0,254.0,259.0,2440718
2023-09-05,250.0,250.0,257.5,250.0,256.0,3073338
2023-09-06,250.0,250.0,253.0,248.5,249.0,1849623
2023-09-07,247.5,247.5,249.5,247.0,249.0,1688693
2023-09-08,246.0,246.0,247.0,242.5,247.0,2715895
2023-09-11,246.0,246.0,253.5,245.5,247.5,3177641
2023-09-12,240.0,240.0,246.5,233.5,245.0,6892109
2023-09-13,242.5,242.5,243.5,240.0,240.0,1658761
2023-09-14,246.5,246.5,248.0,243.5,244.0,1731712
2023-09-15,246.5,246.5,248.5,242.5,246.5,3795275
2023-09-18,246.5,246.5,249.5,246.0,247.0,2020301
2023-09-19,249.5,249.5,253.0,248.5,249.5,3775549
2023-09-20,237.5,237.5,252.0,236.0,250.5,7208298
2023-09-21,233.5,233.5,238.0,228.5,237.5,6602419
2023-09-22,234.0,234.0,235.0,228.5,231.5,2386027
2023-09-25,239.5,239.5,241.5,234.0,235.5,2206149
2023-09-26,235.5,235.5,241.0,233.5,240.5,2437506
2023-09-27,237.0,237.0,238.0,232.0,232.0,1275661
2023-09-28,238.5,238.5,241.5,237.5,238.0,1777171
2023-10-02,238.0,238.0,242.0,236.5,241.5,1773807
2023-10-03,234.0,234.0,239.5,234.0,238.0,1508001
2023-10-04,232.5,232.5,235.0,229.5,232.0,1346952
2023-10-05,235.0,235.0,238.5,233.5,234.0,1707628
2023-10-06,238.0,238.0,240.5,236.5,238.0,1695463
2023-10-11,232.0,232.0,239.0,232.0,239.0,1783770
2023-10-12,232.5,232.5,234.0,228.0,230.5,2069773
2023-10-13,227.5,227.5,236.5,227.0,232.5,2803223
2023-10-16,220.5,220.5,227.5,220.0,226.0,3453515
2023-10-17,217.0,217.0,223.5,216.0,222.5,3576151
2023-10-18,210.5,210.5,217.0,210.0,215.0,3919376
2023-10-19,218.0,218.0,223.5,208.0,210.5,7316710
2023-10-20,208.5,208.5,216.5,207.5,216.5,4556667
2023-10-23,215.0,215.0,218.0,205.0,205.5,4495074
2023-10-24,230.0,230.0,233.0,216.5,217.0,11741422
2023-10-25,240.0,240.0,246.5,233.0,234.0,13989298
2023-10-26,236.0,236.0,244.5,236.0,240.5,10791247
2023-10-27,254.0,254.0,259.0,239.0,240.0,21062177
2023-10-30,252.0,252.0,259.0,251.5,254.5,12986935
2023-10-31,252.0,252.0,257.5,248.0,255.0,8840270
2023-11-01,251.0,251.0,258.0,249.5,255.0,9112342
2023-11-02,248.5,248.5,253.0,245.0,252.5,6599271
2023-11-03,244.5,244.5,255.0,244.0,249.0,6703770
2023-11-06,247.0,247.0,249.0,241.5,245.0,4727747
2023-11-07,243.5,243.5,254.5,242.0,247.0,9521246
2023-11-08,242.0,242.0,246.0,241.5,245.0,4941067
2023-11-09,236.0,236.0,247.5,235.5,245.0,7507912
2023-11-10,240.5,240.5,246.5,236.0,239.5,12110614
2023-11-13,233.0,233.0,238.5,233.0,238.5,5212136
2023-11-14,238.5,238.5,238.5,229.0,234.0,5554417
2023-11-15,252.0,252.0,254.0,239.5,242.0,15196816
2023-11-16,253.0,253.0,258.5,252.0,254.0,11031629
2023-11-17,254.0,254.0,257.0,249.0,255.0,6894609
2023-11-20,251.5,251.5,262.5,251.0,257.5,11006669
2023-11-21,248.0,248.0,252.5,247.0,251.0,5192933
2023-11-22,245.5,245.5,254.0,245.5,250.0,5433176
2023-11-23,250.5,250.5,253.0,245.5,247.0,5012100
2023-11-24,250.0,250.0,254.0,245.5,253.5,6392194
2023-11-27,257.0,257.0,264.0,251.5,252.0,18405522
2023-11-28,258.0,258.0,260.0,255.0,259.0,7890646
2023-11-29,261.0,261.0,262.0,255.0,262.0,6650240
2023-11-30,258.5,258.5,262.5,257.0,261.0,4512865
2023-12-01,267.5,267.5,276.0,260.5,261.0,17936556
2023-12-04,277.0,277.0,281.0,268.0,270.0,13944181
2023-12-05,272.0,272.0,282.0,270.0,277.0,13816598
2023-12-06,270.0,270.0,275.0,270.0,273.5,4732176
2023-12-07,274.0,274.0,279.5,272.0,272.5,9591221
2023-12-08,272.0,272.0,279.0,270.5,276.5,6118948
2023-12-11,274.5,274.5,278.5,272.0,274.5,3929320
2023-12-12,274.0,274.0,280.0,273.5,278.5,4982913
2023-12-13,264.5,264.5,277.0,264.0,276.0,7331527
2023-12-14,268.5,268.5,271.0,266.0,267.0,3702504
2023-12-15,274.0,274.0,276.5,267.0,268.5,6148127
2023-12-18,272.5,272.5,280.0,272.0,275.0,6178420
2023-12-19,273.5,273.5,276.0,267.5,274.5,4346727
2023-12-20,273.5,273.5,280.0,273.0,275.5,7361523
2023-12-21,268.5,268.5,274.5,268.5,272.0,3938845
2023-12-22,267.0,267.0,270.0,265.0,268.5,2672560
2023-12-25,260.0,260.0,269.5,258.0,268.5,5058424
2023-12-26,264.0,264.0,264.0,259.5,260.0,1775568
2023-12-27,269.5,269.5,270.0,263.5,265.0,3307480
2023-12-28,264.0,264.0,272.5,264.0,272.0,3348090
2023-12-29,272.0,272.0,273.5,263.5,265.0,5926280
2024-01-02,275.5,275.5,278.0,272.0,273.0,5338511
2024-01-03,270.5,270.5,281.0,270.5,278.0,8088539
2024-01-04,272.0,272.0,276.0,271.0,271.0,3240780
2024-01-05,285.0,285.0,285.0,274.0,275.0,12922510
2024-01-08,284.5,284.5,291.5,279.0,285.0,9832514
2024-01-09,288.0,288.0,288.0,280.0,284.5,5896066
2024-01-10,290.0,290.0,290.5,284.0,286.0,5967915
2024-01-11,281.5,281.5,290.0,278.0,288.0,9432928
2024-01-12,282.5,282.5,288.5,282.0,282.0,5440817
2024-01-15,296.5,296.5,300.0,287.0,288.0,17860802
2024-01-16,303.0,303.0,303.0,293.5,299.0,13264688
2024-01-17,288.5,288.5,302.5,288.5,302.0,10183592
2024-01-18,288.5,288.5,292.5,283.5,289.0,6242210
2024-01-19,288.5,288.5,291.5,285.0,291.0,4131306
2024-01-22,282.5,282.5,291.0,281.0,290.5,7448556
2024-01-23,276.5,276.5,279.5,270.5,278.5,11260883
2024-01-24,278.0,278.0,281.0,275.5,275.5,3671669
2024-01-25,274.5,274.5,280.5,273.5,280.0,3332337
2024-01-26,273.5,273.5,278.0,273.0,274.5,3693633
2024-01-29,277.0,277.0,277.5,273.0,275.0,1687135
2024-01-30,271.0,271.0,281.5,271.0,278.5,6379296
2024-01-31,279.5,279.5,281.5,271.5,273.0,5952688
2024-02-01,282.0,282.0,287.5,278.5,279.5,6179032
2024-02-02,274.5,274.5,282.0,272.0,282.0,6947204
2024-02-05,275.5,275.5,276.0,273.5,274.0,1668543
2024-02-15,273.0,273.0,277.0,271.0,276.0,4178947
2024-02-16,277.0,277.0,278.0,273.5,274.0,3161452
2024-02-19,275.0,275.0,284.0,275.0,281.0,5835644
2024-02-20,275.5,275.5,279.0,274.5,275.5,2016922
2024-02-21,276.5,276.5,282.0,276.5,278.0,4023664
2024-02-22,273.0,273.0,278.0,273.0,278.0,4059599
2024-02-23,272.0,272.0,275.0,271.0,274.0,2277071
2024-02-26,293.5,293.5,296.5,273.0,273.0,14018531
2024-02-27,296.0,296.0,303.5,292.0,295.0,16328565
2024-02-29,289.5,289.5,300.0,287.0,300.0,9298013
2024-03-01,289.5,289.5,292.5,286.5,291.5,3723738
2024-03-04,291.5,291.5,295.0,286.5,291.0,4544322
2024-03-05,294.5,294.5,299.0,291.5,292.0,8544515
2024-03-06,289.0,289.0,298.0,288.5,295.0,4477470
2024-03-07,284.0,284.0,290.0,280.0,289.0,6200885
2024-03-08,275.0,275.0,287.5,275.0,283.5,5547226
2024-03-11,273.5,273.5,277.5,271.5,274.5,3262408
2024-03-12,274.0,274.0,277.5,273.0,273.5,1872897
2024-03-13,266.5,266.5,277.0,265.0,276.0,4647035
2024-03-14,270.0,270.0,274.0,267.0,267.0,3534408
2024-03-15,271.5,271.5,273.0,262.5,267.0,6211948
2024-03-18,271.0,271.0,276.0,268.5,272.5,2981511
2024-03-19,275.5,275.5,276.0,271.0,271.5,2251635
2024-03-20,276.5,276.5,279.0,273.5,276.5,4535935
2024-03-21,274.5,274.5,278.5,273.0,276.5,2588203
2024-03-22,288.5,288.5,291.5,276.0,279.0,7527955
2024-03-25,294.5,294.5,303.0,289.0,289.0,16501624
2024-03-26,293.0,293.0,300.5,292.5,300.0,7285284
2024-03-27,310.0,310.0,319.0,293.0,294.5,23921879
2024-03-28,306.0,306.0,314.5,306.0,312.0,9993346
2024-03-29,304.0,304.0,310.0,301.0,308.0,6792724
2024-04-01,308.0,308.0,317.0,306.5,306.5,8449977
2024-04-02,310.5,310.5,312.0,304.5,308.0,4774002
2024-04-03,317.5,317.5,323.5,307.0,314.0,11647020
2024-04-08,325.0,325.0,335.0,322.0,322.0,14081723
2024-04-09,323.0,323.0,330.0,321.0,327.0,4925263
2024-04-10,326.5,326.5,332.5,317.0,323.0,11054623
2024-04-11,325.0,325.0,334.0,325.0,330.0,7588636
2024-04-12,342.0,342.0,347.0,325.0,328.0,15599640
2024-04-15,332.5,332.5,344.0,329.5,340.5,8662135
2024-04-16,334.0,334.0,343.5,329.0,337.0,13975149
2024-04-17,333.5,333.5,341.5,332.0,337.0,8033552
2024-04-18,321.0,321.0,333.5,319.0,330.5,9060753
2024-04-19,311.5,311.5,325.0,303.0,319.5,8618851
2024-04-22,313.0,313.0,321.5,311.0,313.0,4675028
2024-04-23,320.5,320.5,324.5,315.0,315.5,5703729
2024-04-24,320.5,320.5,326.0,314.0,322.0,6155348
2024-04-25,312.0,312.0,323.5,312.0,322.5,4600753
2024-04-26,314.5,314.5,316.0,309.0,314.0,3089031
2024-04-29,329.0,329.0,332.5,315.5,316.0,5467526
2024-04-30,323.0,323.0,330.0,322.5,327.0,3478631
2024-05-02,317.0,317.0,328.0,316.0,326.0,3453314
2024-05-03,307.5,307.5,320.0,306.5,319.0,5267458
2024-05-06,300.0,300.0,310.5,299.5,309.0,4912211
2024-05-07,285.5,285.5,302.0,283.0,300.0,10082569
2024-05-08,290.0,290.0,292.5,283.0,286.5,4027227
2024-05-09,282.0,282.0,294.0,281.0,290.5,4530174
2024-05-10,287.5,287.5,287.5,278.0,283.5,4004901
2024-05-13,279.0,279.0,285.5,270.0,283.5,10824286
2024-05-14,283.0,283.0,284.0,278.0,279.0,3945739
2024-05-15,281.0,281.0,288.0,278.5,284.5,3756523
2024-05-16,287.0,287.0,291.0,280.0,284.0,5099517
2024-05-17,301.0,301.0,305.5,287.0,293.0,12260095
2024-05-20,291.5,291.5,305.5,288.0,303.5,9245030
2024-05-21,286.5,286.5,294.0,285.5,293.0,4433314
2024-05-22,287.0,287.0,287.5,283.5,287.0,2838032
2024-05-23,281.0,281.0,294.0,281.0,288.0,5427708
2024-05-24,280.0,280.0,283.0,278.0,280.0,2661402
2024-05-27,282.5,282.5,283.5,277.5,281.5,3082643
2024-05-28,280.5,280.5,284.5,280.0,283.5,2044215
2024-05-29,281.0,281.0,283.0,279.5,281.0,1600562
2024-05-30,276.0,276.0,283.5,276.0,282.5,4030262
2024-05-31,284.0,284.0,290.0,279.0,279.0,6004666
2024-06-03,289.0,289.0,292.5,284.5,286.0,3458079
2024-06-04,285.5,285.5,290.5,284.5,290.0,2141408
2024-06-05,292.5,292.5,295.0,286.5,286.5,5241340
2024-06-06,287.5,287.5,293.5,286.5,293.5,3660871
2024-06-07,289.5,289.5,293.0,288.5,291.0,3194584
2024-06-11,287.5,287.5,295.0,287.5,292.5,3082428
2024-06-12,287.5,287.5,294.5,287.5,291.0,3267890
2024-06-13,288.5,288.5,289.5,282.0,289.5,3210717
2024-06-14,284.0,284.0,290.0,283.5,289.0,3221855
2024-06-17,287.0,287.0,291.5,284.0,284.0,2624751
2024-06-18,291.5,291.5,295.0,290.0,291.0,5139359
2024-06-19,288.5,288.5,295.0,288.0,292.0,3782431
2024-06-20,289.0,289.0,293.0,288.0,290.0,1788187
2024-06-21,290.0,290.0,296.5,289.5,294.5,5239606
2024-06-24,287.5,287.5,292.0,287.0,290.0,2533184
2024-06-25,290.0,290.0,293.5,289.0,290.0,3154848
2024-06-26,310.5,310.5,312.5,290.0,291.5,14656343
2024-06-27,305.0,305.0,314.5,304.0,311.0,9223506
2024-06-28,309.5,309.5,314.0,304.5,305.0,5998013
2024-07-01,317.0,317.0,323.0,310.5,313.0,9520912
2024-07-02,311.5,311.5,319.5,310.5,319.0,5643509
2024-07-03,310.0,310.0,318.0,310.0,313.0,4461885
2024-07-04,303.5,303.5,311.0,300.5,310.0,6403566
2024-07-05,306.5,306.5,309.0,304.0,306.0,2715442
2024-07-08,309.0,309.0,315.0,307.5,309.5,3930975
2024-07-09,302.5,302.5,314.0,300.5,312.5,4075254
2024-07-10,300.5,300.5,307.5,300.5,304.0,2476920
2024-07-11,282.0,282.0,291.0,281.0,290.5,13988377
2024-07-12,281.0,281.0,284.0,280.5,281.0,3698824
2024-07-15,287.5,287.5,291.5,282.5,283.5,4851233
2024-07-16,286.5,286.5,291.0,284.0,290.0,2967538
2024-07-17,291.0,291.0,293.5,285.0,289.0,3883686
2024-07-18,288.5,288.5,293.0,285.0,289.0,3092399
2024-07-19,283.0,283.0,291.0,281.0,289.5,2325125
2024-07-22,283.0,283.0,289.0,279.0,286.0,2921647
2024-07-23,286.0,286.0,288.0,283.5,283.5,1360905
2024-07-26,284.5,284.5,288.0,279.5,280.5,1493734
2024-07-29,279.5,279.5,290.0,278.0,286.0,2901786
2024-07-30,275.5,275.5,282.0,271.5,280.0,3132070
2024-07-31,265.0,265.0,278.0,264.5,276.5,4454906
2024-08-01,273.5,273.5,274.0,267.5,268.0,2822924
2024-08-02,260.0,260.0,272.5,260.0,269.5,3262747
2024-08-05,230.0,230.0,245.0,230.0,237.0,4851784
2024-08-06,235.5,235.5,238.0,210.5,235.0,5544864
2024-08-07,255.5,255.5,259.0,234.0,234.0,3616027
2024-08-08,252.0,252.0,256.0,246.5,250.5,2130574
2024-08-09,267.0,267.0,273.0,261.0,262.0,4445882
2024-08-12,273.0,273.0,279.5,270.5,274.0,5460545
2024-08-13,272.0,272.0,276.5,269.5,275.5,2651864
2024-08-14,272.0,272.0,275.5,268.5,275.0,3220934
2024-08-15,273.0,273.0,276.0,272.0,273.0,2479483
2024-08-16,275.0,275.0,279.0,273.5,277.5,2680967
2024-08-19,278.5,278.5,281.5,275.5,279.5,2879772
2024-08-20,284.5,284.5,289.0,278.5,280.0,4082382
2024-08-21,281.5,281.5,287.0,280.0,284.5,2300369
2024-08-22,280.0,280.0,283.5,280.0,282.0,844748
2024-08-23,281.5,281.5,282.5,276.5,279.0,1251840
2024-08-26,281.0,281.0,285.5,281.0,283.0,1296539
2024-08-27,285.0,285.0,285.0,280.5,282.5,1023319
2024-08-28,281.0,281.0,287.0,281.0,284.5,1456459
2024-08-29,282.0,282.0,283.0,278.5,280.5,1010355
2024-08-30,287.0,287.0,289.0,283.0,283.0,2934728
2024-09-02,286.5,286.5,294.5,286.5,289.0,3428943
2024-09-03,285.5,285.5,290.0,285.0,288.0,1302835
2024-09-04,274.0,274.0,279.0,266.5,274.0,2905121
2024-09-05,266.5,266.5,277.5,266.5,275.0,1847395
2024-09-06,275.5,275.5,277.0,264.0,267.5,2269719
2024-09-09,284.5,284.5,284.5,271.0,271.0,2344385
2024-09-10,278.0,278.0,288.0,276.5,286.0,2521309
2024-09-11,270.5,270.5,275.0,270.0,273.5,2223897
2024-09-12,277.5,277.5,278.0,272.0,273.0,1297283
2024-09-13,269.0,269.0,279.0,268.5,277.5,2704208
2024-09-16,269.5,269.5,270.5,267.0,269.0,855724
2024-09-18,267.0,267.0,272.0,265.5,269.5,1473934
2024-09-19,271.0,271.0,271.5,267.0,268.0,779392
2024-09-20,268.5,268.5,273.0,268.0,273.0,1241273
2024-09-23,274.0,274.0,275.0,269.5,270.0,1371962
2024-09-24,271.0,271.0,273.5,269.0,273.5,880593
2024-09-25,271.0,271.0,273.0,269.5,272.5,840737
2024-09-26,267.5,267.5,272.5,267.0,272.0,1847330
2024-09-27,270.0,270.0,272.5,266.5,266.5,1308982
2024-09-30,263.0,263.0,269.5,261.0,269.5,2295341
2024-10-01,261.0,261.0,264.5,258.0,264.0,2110744
2024-10-04,258.0,258.0,262.0,257.5,262.0,884985
2024-10-07,262.5,262.5,262.5,258.0,260.0,765908
2024-10-08,262.0,262.0,262.5,260.0,261.0,495268
2024-10-09,255.5,255.5,263.5,255.0,263.5,1513422
2024-10-11,253.0,253.0,257.0,252.5,255.0,1338297
2024-10-14,255.5,255.5,255.5,250.5,253.5,1724728
2024-10-15,252.5,252.5,258.5,252.5,256.5,1462862
2024-10-16,251.0,251.0,255.0,249.5,252.5,2376092
2024-10-17,260.0,260.0,263.5,252.5,252.5,2102037
2024-10-18,259.0,259.0,262.5,258.0,260.5,791762
2024-10-21,260.0,260.0,262.0,260.0,260.0,623282
2024-10-22,259.0,259.0,262.0,258.5,260.0,899109
2024-10-23,260.5,260.5,265.0,260.0,260.0,1142191
2024-10-24,260.0,260.0,264.0,260.0,262.0,965537
2024-10-25,257.5,257.5,262.0,257.0,261.0,1360281
2024-10-28,258.0,258.0,259.5,256.5,257.5,549782
2024-10-29,254.0,254.0,259.0,251.0,258.0,1022003
2024-10-30,251.5,251.5,255.0,251.0,253.5,535629
2024-11-01,255.0,255.0,256.0,252.0,252.5,794299
2024-11-04,254.5,254.5,258.5,254.0,256.0,806356
2024-11-05,264.0,264.0,264.0,255.0,255.0,1760135
2024-11-06,259.0,259.0,263.5,258.5,263.5,1472301
2024-11-07,261.0,261.0,263.5,259.5,262.0,1081940
2024-11-08,285.0,285.0,286.0,267.0,270.0,10647027
2024-11-11,290.0,290.0,291.5,284.0,288.0,6951582
2024-11-12,285.0,285.0,290.0,284.0,288.5,3313559
2024-11-13,281.5,281.5,290.0,280.0,289.5,5620051
2024-11-14,282.0,282.0,294.5,281.0,281.5,6888465
2024-11-15,277.5,277.5,286.0,275.5,285.0,3517311
2024-11-18,279.0,279.0,280.5,275.0,276.0,1604293
2024-11-19,285.5,285.5,286.5,278.0,281.5,2493952
2024-11-20,288.0,288.0,291.0,283.5,285.5,3287728
2024-11-21,285.5,285.5,291.5,285.0,290.0,2581974
2024-11-22,281.5,281.5,285.5,281.0,284.5,2103733
2024-11-25,285.5,285.5,286.5,281.5,284.0,1580255
2024-11-26,283.0,283.0,290.0,283.0,285.5,1744853
2024-11-27,279.5,279.5,287.5,279.0,284.5,1706888
2024-11-28,277.0,277.0,281.5,274.5,280.5,1786953
2024-11-29,291.5,291.5,293.0,275.5,278.5,7224254
2024-12-02,286.0,286.0,294.5,285.5,294.0,4967711
2024-12-03,288.0,288.0,289.5,284.5,288.5,1657731
2024-12-04,287.0,287.0,291.0,286.0,289.5,1680604
2024-12-05,286.0,286.0,291.5,285.5,287.0,1985614
2024-12-06,280.0,280.0,288.5,279.0,287.0,2725952
2024-12-09,276.5,276.5,279.5,274.0,279.5,1612301
2024-12-10,272.5,272.5,279.0,272.5,277.0,1475542
2024-12-11,266.0,266.0,270.5,265.5,267.0,2614038
2024-12-12,265.0,265.0,269.0,265.0,267.5,1228796
2024-12-13,261.0,261.0,267.0,260.5,265.5,1429747
2024-12-16,257.5,257.5,262.0,257.0,262.0,1165079
2024-12-17,259.0,259.0,264.5,257.5,257.5,1065921
2024-12-18,263.5,263.5,265.0,258.5,259.0,1477433
2024-12-19,260.5,260.5,263.0,259.0,261.0,869782
2024-12-20,260.5,260.5,264.5,259.5,260.0,771264
2024-12-23,263.5,263.5,268.5,263.5,264.0,933849
2024-12-24,266.0,266.0,269.5,264.0,264.0,899559
2024-12-25,264.0,264.0,268.5,263.0,268.5,812375
2024-12-26,275.5,275.5,278.0,265.0,265.0,3305889
2024-12-27,271.5,271.5,279.0,271.0,277.0,1686579
2024-12-30,271.0,271.0,274.5,269.5,270.5,606014
2024-12-31,269.5,269.5,271.0,267.5,271.0,512198
2025-01-02,266.5,266.5,273.0,266.5,270.0,791944
2025-01-03,264.5,264.5,267.5,264.5,266.0,792758
2025-01-06,269.0,269.0,273.0,266.0,266.0,947229
2025-01-07,272.0,272.0,277.0,271.5,273.0,1287095
2025-01-08,274.5,274.5,276.0,272.5,274.5,1096098
2025-01-09,270.0,270.0,277.0,270.0,275.5,1108887
2025-01-10,266.0,266.0,274.5,266.0,269.5,1110314
2025-01-13,261.5,261.5,271.5,259.5,269.0,1987733
2025-01-14,263.5,263.5,268.5,261.5,263.5,1084793
2025-01-15,258.0,258.0,263.5,258.0,263.0,1107860
2025-01-16,262.5,262.5,262.5,259.0,261.5,773339
2025-01-17,260.5,260.5,264.5,260.0,264.0,728651
2025-01-20,258.0,258.0,262.0,251.5,261.5,3057308
2025-01-21,256.5,256.5,258.5,255.0,257.0,964324
2025-01-22,258.0,258.0,260.0,257.5,257.5,965474
2025-02-03,259.0,259.0,261.0,253.5,256.0,1088559
2025-02-04,258.5,258.5,261.5,257.0,261.0,720201
2025-02-05,266.0,266.0,268.5,261.0,261.0,1523856
2025-02-06,274.0,274.0,278.5,266.5,266.5,3023030
2025-02-07,278.0,278.0,279.5,271.0,273.5,1933303
2025-02-10,279.5,279.5,282.0,276.5,278.0,2002521
2025-02-11,276.5,276.5,282.0,275.5,280.5,2057315
2025-02-12,277.0,277.0,284.0,277.0,278.0,3184239
2025-02-13,277.0,277.0,280.5,276.5,280.5,1265850
2025-02-14,286.0,286.0,290.0,279.0,280.5,6889165
2025-02-17,279.5,279.5,285.5,279.0,284.5,3087858
2025-02-18,276.0,276.0,278.5,274.0,278.5,2032260
2025-02-19,273.5,273.5,278.0,273.0,276.0,1535429
2025-02-20,271.0,271.0,275.0,269.5,273.5,1432333
2025-02-21,275.0,275.0,278.0,273.0,274.5,2416420
2025-02-24,275.0,275.0,278.5,274.5,274.5,1533746
2025-02-25,270.5,270.5,276.5,270.0,275.0,1443156
2025-02-26,273.5,273.5,276.0,270.5,271.0,685879
2025-02-27,274.5,274.5,274.5,272.0,272.5,1014663
2025-03-03,268.5,268.5,273.0,267.0,272.5,1875279
2025-03-04,267.5,267.5,268.0,260.0,264.5,1607628
2025-03-05,269.0,269.0,270.0,267.0,269.0,784422
2025-03-06,263.0,263.0,269.0,262.5,269.0,1952054
2025-03-07,260.5,260.5,267.5,260.5,265.0,2380045
2025-03-10,259.5,259.5,262.5,257.5,260.5,1455781
2025-03-11,261.0,261.0,262.5,249.0,252.5,2942997
2025-03-12,263.0,263.0,266.5,258.0,262.0,1882805
2025-03-13,256.0,256.0,265.0,256.0,265.0,1749676
2025-03-14,254.5,254.5,258.5,252.5,258.0,1413745
2025-03-17,255.5,255.5,258.0,255.0,257.0,790979
2025-03-18,256.5,256.5,258.0,254.0,258.0,1006480
2025-03-19,251.0,251.0,259.5,250.5,257.5,1939414
2025-03-20,252.5,252.5,253.5,251.0,253.0,734198
2025-03-21,253.5,253.5,254.5,251.5,253.0,740876
2025-03-24,250.0,250.0,255.0,250.0,254.5,796850
2025-03-25,252.0,252.0,253.0,250.5,252.0,490331
2025-03-26,252.0,252.0,253.5,251.5,252.5,433008
2025-03-27,251.0,251.0,251.5,249.5,250.5,762230
2025-03-28,241.5,241.5,250.5,240.5,250.5,1895541
2025-03-31,222.0,222.0,235.0,220.5,230.5,3323368
2025-04-01,234.0,234.0,234.0,225.0,226.0,1506559
2025-04-02,232.0,232.0,234.0,229.5,233.0,864325
2025-04-07,209.0,209.0,209.0,209.0,209.0,311428
2025-04-08,188.5,188.5,194.0,188.5,188.5,2629869
2025-04-09,176.0,176.0,192.0,172.5,183.5,8202855
2025-04-10,193.5,193.5,193.5,193.5,193.5,593794
2025-04-11,212.0,212.0,212.5,183.5,190.0,5945727
2025-04-14,218.0,218.0,220.0,209.5,210.5,4649339
2025-04-15,220.5,220.5,224.5,217.5,219.5,2968900
2025-04-16,216.0,216.0,221.0,213.0,217.0,2381862
2025-04-17,214.5,214.5,215.0,210.0,214.0,1442587
2025-04-18,213.0,213.0,215.0,212.0,214.0,549123
2025-04-21,206.5,206.5,214.5,206.5,213.5,972484
2025-04-22,206.5,206.5,208.0,202.0,203.0,1097995
2025-04-23,213.0,213.0,214.5,210.0,211.0,706772
2025-04-24,210.0,210.0,214.0,209.5,213.5,492920
2025-04-25,214.5,214.5,215.5,211.5,213.5,824917
2025-04-28,219.5,219.5,220.5,215.0,215.5,889231
2025-04-29,219.5,219.5,223.5,217.5,219.0,1053977
2025-04-30,219.5,219.5,223.0,219.0,219.0,996008
2025-05-02,227.5,227.5,231.0,221.5,221.5,1481828
2025-05-05,223.5,223.5,232.0,217.5,231.0,1555883
2025-05-06,226.5,226.5,226.5,220.5,222.0,969946
2025-05-07,225.0,225.0,227.5,222.0,227.0,868726
2025-05-08,229.5,229.5,230.0,224.5,227.0,963128
2025-05-09,229.0,229.0,230.0,226.0,230.0,657566
2025-05-12,231.0,231.0,239.0,230.0,235.0,3866514
2025-05-13,223.0,223.0,233.0,221.5,233.0,3921948
2025-05-14,227.0,227.0,227.5,222.0,224.0,2185296
2025-05-15,224.5,224.5,227.5,223.5,227.5,999382
2025-05-16,225.0,225.0,227.5,224.0,226.0,923161
2025-05-19,224.5,224.5,232.0,224.0,225.0,1937723
2025-05-20,226.0,226.0,229.0,225.0,226.5,891539
2025-05-21,230.5,230.5,231.0,227.5,228.5,1583120
2025-05-22,226.5,226.5,233.0,225.0,232.0,1793489
2025-05-23,227.0,227.0,230.0,226.5,227.5,1170004
2025-05-26,226.5,226.5,230.5,226.5,228.0,828973
2025-05-27,235.0,235.0,237.0,229.0,229.0,4680670
2025-05-28,234.5,234.5,240.5,232.5,237.5,3514735
2025-05-29,234.5,234.5,236.5,232.5,235.5,1120080
2025-06-02,233.0,233.0,237.0,231.5,233.0,1220220
2025-06-03,236.0,236.0,239.0,232.0,233.5,1686403
2025-06-04,236.0,236.0,239.0,235.5,239.0,1101359
2025-06-05,236.5,236.5,239.0,235.0,236.0,994800
2025-06-06,237.0,237.0,239.0,236.0,238.0,761797
2025-06-09,234.5,234.5,238.5,232.0,238.5,1054478
2025-06-10,233.0,233.0,236.5,231.5,236.0,1578531
2025-06-11,222.0,222.0,226.0,220.0,226.0,4292730
2025-06-12,223.5,223.5,226.0,222.0,222.5,1821275
2025-06-13,218.5,218.5,224.5,218.5,223.5,1561884
2025-06-16,221.0,221.0,221.0,216.0,217.5,657342
2025-06-17,219.5,219.5,223.0,219.0,221.0,655484
2025-06-18,219.0,219.0,221.5,218.5,220.0,531296
2025-06-19,216.0,216.0,220.0,216.0,219.5,1012673
2025-06-20,216.0,216.0,218.0,213.0,217.0,1459401
2025-06-23,213.5,213.5,215.5,212.5,215.0,572572
2025-06-24,220.0,220.0,221.0,216.0,216.0,856781
2025-06-25,220.0,220.0,222.0,219.0,221.5,480110
2025-06-26,221.0,221.0,224.0,220.0,221.5,760318
2025-06-27,220.0,220.0,222.5,218.0,221.5,680024
2025-06-30,221.5,221.5,223.5,221.0,222.0,642401
2025-07-01,222.0,222.0,224.0,221.0,223.0,629018
2025-07-02,225.0,225.0,230.5,223.0,223.0,2246840
2025-07-03,223.0,223.0,229.5,223.0,229.5,1108457
2025-07-04,221.5,221.5,224.0,220.5,223.0,675504
2025-07-07,214.0,214.0,221.5,214.0,221.5,1172726
2025-07-08,208.0,208.0,213.0,208.0,213.0,1304214
2025-07-09,209.0,209.0,209.5,205.0,209.0,796783
2025-07-10,214.0,214.0,215.5,209.0,209.5,1285266
2025-07-11,215.0,215.0,216.0,212.5,212.5,630952
2025-07-14,213.0,213.0,215.5,213.0,215.0,469155
2025-07-15,213.5,213.5,214.5,212.0,213.5,527351
2025-07-16,217.0,217.0,217.0,212.0,213.5,759902
2025-07-17,223.0,223.0,224.0,217.5,217.5,1302351
2025-07-18,222.0,222.0,224.5,221.5,224.5,729888
2025-07-21,223.0,223.0,226.0,222.5,223.5,613516
2025-07-22,214.0,214.0,224.0,214.0,224.0,1504756
2025-07-23,221.0,221.0,224.0,215.0,216.0,1241684
2025-07-24,225.0,225.0,226.0,221.5,224.0,1371789
2025-07-25,225.0,225.0,227.0,223.0,225.5,918374
2025-07-28,225.5,225.5,227.5,223.5,226.0,758778
2025-07-29,222.0,222.0,226.5,221.5,225.5,715603
2025-07-30,219.0,219.0,222.5,218.5,222.0,467391
2025-07-31,218.0,218.0,220.0,216.5,218.0,552858
2025-08-01,216.0,216.0,217.5,213.5,215.5,679824
2025-08-04,221.0,221.0,222.0,215.0,215.5,771012
2025-08-05,224.5,224.5,227.5,222.0,222.0,959634
2025-08-06,224.0,224.0,226.0,223.5,225.0,689790
2025-08-07,220.0,220.0,225.5,219.0,225.5,937479
2025-08-08,221.5,221.5,222.5,219.5,222.0,968776
2025-08-11,215.0,215.0,216.0,213.5,214.0,702482
2025-08-12,208.5,208.5,214.5,208.5,214.5,2064100
2025-08-13,205.0,205.0,210.0,205.0,208.5,1869923
2025-08-14,205.5,205.5,208.0,204.5,205.5,824260
2025-08-15,200.5,200.5,207.0,200.0,206.0,2005667
2025-08-18,194.0,194.0,200.5,193.0,200.5,2546501
2025-08-19,194.0,194.0,197.0,193.0,194.0,1268849
2025-08-20,191.0,191.0,195.0,190.0,195.0,1641736
2025-08-21,191.5,191.5,195.0,191.0,192.5,944342
2025-08-22,194.0,194.0,196.0,192.5,193.0,1435224
2025-08-25,193.5,193.5,195.0,192.5,195.0,963908
2025-08-26,193.5,193.5,194.5,192.5,194.5,501214
2025-08-27,196.5,196.5,197.5,194.0,194.5,976710
2025-08-28,193.5,193.5,196.5,193.5,196.5,819833
2025-08-29,193.5,193.5,195.0,192.5,194.0,694750
2025-09-01,188.0,188.0,193.5,188.0,193.5,1024593
2025-09-02,193.0,193.0,195.5,188.5,188.5,1154458
2025-09-03,193.0,193.0,197.0,192.5,193.5,1109459
2025-09-04,194.5,194.5,197.0,193.5,194.5,827621
2025-09-05,192.5,192.5,195.5,191.5,195.5,852900
2025-09-08,193.5,193.5,195.5,191.5,193.0,531570
2025-09-09,192.5,192.5,194.5,191.5,193.5,560993
2025-09-10,192.5,192.5,193.5,191.0,193.5,543371
2025-09-11,186.0,186.0,190.5,185.5,190.5,2104904
2025-09-12,187.0,187.0,188.0,185.5,186.0,858904
2025-09-15,186.0,186.0,187.5,185.0,187.0,537009
2025-09-16,186.0,186.0,187.0,185.5,186.0,419922
2025-09-17,186.5,186.5,189.5,186.0,186.0,715476
2025-09-18,191.5,191.5,193.5,187.5,189.0,1415849
2025-09-19,189.5,189.5,194.0,189.5,191.5,1399219
2025-09-22,190.0,190.0,191.0,189.0,191.0,475066
2025-09-23,192.0,192.0,193.5,189.5,190.5,713670
2025-09-24,211.0,211.0,211.0,211.0,211.0,1407491
2025-09-25,232.0,232.0,232.0,232.0,232.0,2003439
2025-09-26,255.0,255.0,255.0,240.0,244.5,16068950
2025-09-30,259.5,259.5,277.0,255.5,267.0,31587237
2025-10-01,255.5,255.5,266.0,253.0,265.0,12249534
2025-10-02,264.0,264.0,264.0,252.0,258.0,3625226
2025-10-03,266.0,266.0,272.0,263.5,270.0,2773096
2025-10-07,278.0,278.0,280.0,270.5,274.0,4863388
2025-10-08,281.5,281.5,288.0,278.0,278.0,4769913
2025-10-09,277.0,277.0,283.0,275.0,279.0,2594114
2025-10-13,284.5,284.5,284.5,268.0,268.0,3044129
2025-10-14,277.5,277.5,289.5,277.5,289.5,2513540
2025-10-15,282.0,282.0,282.0,279.0,281.5,2256877
2025-10-16,289.0,289.0,290.0,284.0,285.5,3210312
2025-10-17,299.5,299.5,300.5,289.0,289.0,4706576
2025-10-20,279.0,279.0,299.5,270.0,299.5,12973422
2025-10-21,306.5,306.5,306.5,274.5,278.5,14677758
2025-10-22,291.0,291.0,319.5,291.0,319.0,16496880
2025-10-23,284.5,284.5,290.5,281.5,287.5,5615522
2025-10-27,286.0,286.0,293.0,281.5,286.0,5721079
2025-10-28,290.5,290.5,294.5,283.0,286.5,4744903
2025-10-29,286.0,286.0,293.0,286.0,291.0,3028338
2025-10-30,288.5,288.5,290.5,282.0,286.5,3544450
2025-10-31,295.5,295.5,305.0,290.0,290.0,7065680
2025-11-03,287.5,287.5,300.0,285.5,300.0,3651281
2025-11-04,285.0,285.0,293.0,279.0,288.0,3627985
2025-11-05,282.0,282.0,286.5,278.0,282.0,1978570
2025-11-06,285.0,285.0,290.0,283.0,285.5,1482234
2025-11-07,279.0,279.0,288.5,279.0,285.0,1789044
2025-11-10,272.5,272.5,278.0,267.5,278.0,3312749
2025-11-11,286.0,286.0,291.5,281.0,281.0,4598835
2025-11-12,288.0,288.0,294.0,286.0,288.0,3503856
2025-11-13,287.0,287.0,291.5,286.0,290.0,2400614
2025-11-14,294.0,294.0,299.5,283.5,284.0,5901373
2025-11-17,289.5,289.5,296.0,286.5,296.0,2786478
2025-11-18,283.0,283.0,289.5,281.0,289.0,2521395
2025-11-19,282.0,282.0,286.0,280.0,283.0,1608961
2025-11-20,284.5,284.5,289.5,283.0,287.0,2039580
2025-11-21,280.5,280.5,284.0,275.5,282.5,1909854
2025-11-24,293.0,293.0,297.5,283.0,283.5,4849025
2025-11-25,302.0,302.0,308.0,289.0,290.5,7003576
2025-11-26,315.5,315.5,328.0,304.0,306.5,11657341
2025-11-27,317.5,317.5,326.0,312.0,315.5,8640242
2025-11-28,312.0,312.0,323.5,308.5,321.0,5912878
2025-12-01,315.5,315.5,324.5,314.5,316.0,5960836
2025-12-02,307.0,307.0,317.5,306.0,317.5,4027658
2025-12-03,300.0,300.0,307.5,298.0,307.5,3491829
2025-12-04,298.0,298.0,303.5,297.0,302.0,1607597
2025-12-05,297.5,297.5,300.5,296.5,297.5,1750065
2025-12-08,291.5,291.5,299.0,291.0,299.0,2148876
2025-12-09,291.5,291.5,293.0,285.0,291.5,2376012
2025-12-10,288.0,288.0,294.0,287.5,294.0,1576998
2025-12-11,283.0,283.0,286.0,278.5,285.0,3329056
2025-12-12,277.5,277.5,286.0,276.5,285.0,2662090
2025-12-15,281.5,281.5,287.0,274.0,275.0,3044626
2025-12-16,285.5,285.5,290.0,282.5,283.5,3930896
2025-12-17,283.5,283.5,289.0,282.0,286.0,2346641
2025-12-18,282.0,282.0,288.0,281.0,284.0,1542805
2025-12-19,283.0,283.0,285.5,281.5,283.0,2265028
2025-12-22,285.5,285.5,287.0,283.0,283.0,967617
2025-12-23,283.5,283.5,289.0,283.5,286.5,1613776
2025-12-24,278.5,278.5,285.0,278.0,285.0,1849480
2025-12-26,278.5,278.5,282.0,278.0,279.0,948332
2025-12-29,285.0,285.0,289.5,282.0,282.5,2862918
2025-12-30,280.0,280.0,285.0,279.0,285.0,1548133
2025-12-31,283.0,283.0,283.0,276.0,279.0,1725335
2026-01-02,282.0,282.0,285.0,281.5,283.0,980632
2026-01-05,278.0,278.0,281.5,275.0,281.0,2376867
2026-01-06,272.0,272.0,282.5,272.0,278.0,3022378
2026-01-07,281.0,281.0,281.0,273.0,275.0,2004776
2026-01-08,287.0,287.0,289.0,282.0,283.0,4174201
2026-01-09,292.5,292.5,293.0,284.0,289.0,2994066
2026-01-12,285.5,285.5,294.5,285.0,294.5,2404028
2026-01-13,293.0,293.0,301.5,285.5,294.0,6130223
2026-01-14,298.5,298.5,306.0,293.0,294.5,5042119
2026-01-15,318.5,318.5,322.0,301.5,303.5,10500423
2026-01-16,337.5,337.5,344.5,316.0,318.5,14573408
2026-01-19,319.5,319.5,341.0,318.0,340.0,8776848
2026-01-20,314.0,314.0,326.0,312.5,319.5,4523892
2026-01-21,304.0,304.0,317.0,302.5,315.5,5368301
2026-01-22,314.0,314.0,321.5,299.5,308.0,6669510
2026-01-23,322.0,322.0,324.5,312.0,312.0,5739012
2026-01-26,331.5,331.5,339.0,318.0,322.0,8294158
2026-01-27,345.0,345.0,351.5,331.5,337.5,11840812
2026-01-28,346.0,346.0,353.5,337.0,348.0,7296231
2026-01-29,356.0,356.0,363.0,340.5,347.0,8584168
2026-01-30,361.0,361.0,366.0,354.0,357.5,7710655
2026-02-02,354.5,354.5,367.0,348.0,360.0,6003700
2026-02-03,362.0,362.0,367.5,347.5,357.5,6928115
2026-02-04,363.0,363.0,369.5,360.0,366.0,3786645
2026-02-05,350.0,350.0,366.5,350.0,363.0,4156425
2026-02-06,331.5,331.5,346.0,329.0,344.0,4734242
2026-02-09,334.0,334.0,341.0,333.0,338.5,2433424
2026-02-10,324.5,324.5,338.0,321.5,335.0,3588345
2026-02-11,292.5,292.5,312.0,292.5,311.5,9862521
2026-02-23,286.5,286.5,294.0,282.5,294.0,4307716
2026-02-24,287.5,287.5,288.0,280.0,287.0,8414301
2026-02-25,284.5,284.5,291.0,283.5,289.5,4141801
2026-02-26,278.5,278.5,286.0,278.0,285.5,5432047
2026-03-02,279.0,279.0,284.0,273.5,276.0,2987411
2026-03-03,268.0,268.0,281.0,266.0,281.0,6634695
2026-03-04,255.0,255.0,267.0,254.5,262.0,5075591
2026-03-05,269.0,269.0,269.5,260.5,261.0,2645398
2026-03-06,268.0,268.0,270.0,265.0,269.0,1257081
2026-03-09,253.5,253.5,260.0,250.5,255.0,4443253
2026-03-10,258.5,258.5,262.0,255.5,262.0,2081936
2026-03-11,273.0,273.0,275.5,267.5,268.0,3485390
2026-03-12,258.5,258.5,272.0,257.5,271.5,4230900
2026-03-13,237.0,237.0,247.5,233.0,245.5,10073678
2026-03-16,232.5,232.5,237.5,227.0,237.0,6190359
2026-03-17,239.5,239.5,240.0,234.5,236.5,2645726
2026-03-18,247.5,247.5,251.0,240.0,244.0,5614508
2026-03-19,223.5,223.5,241.0,223.0,240.0,11113770
2026-03-20,214.0,214.0,222.5,208.5,222.0,7831338
2026-03-23,205.5,205.5,211.5,205.0,209.0,3512139
2026-03-24,203.5,203.5,208.5,201.5,208.5,2993154
2026-03-25,212.0,212.0,213.0,205.0,207.5,2696856
2026-03-26,208.5,208.5,216.5,208.5,211.0,2332215
2026-03-27,215.0,215.0,216.0,205.5,206.0,2383156
2026-03-30,211.5,211.5,213.5,209.0,211.0,1434914
2026-03-31,207.0,207.0,218.0,207.0,211.5,3212984
2026-04-01,214.0,214.0,216.0,211.0,212.5,2001409
2026-04-02,216.0,216.0,219.5,213.5,217.0,2175589
2026-04-07,212.5,212.5,222.5,211.5,221.0,2546509
2026-04-08,216.5,216.5,218.5,215.0,216.0,2072413
2026-04-09,213.0,213.0,218.5,212.0,218.5,1716407
2026-04-10,215.5,215.5,216.5,213.5,215.5,1463470
2026-04-13,237.0,237.0,237.0,231.5,236.5,3739303
2026-04-14,234.5,234.5,241.5,234.0,241.0,6735620
2026-04-15,235.0,235.0,240.0,230.5,234.0,3690798
2026-04-16,236.0,236.0,239.0,234.5,235.0,2247275
2026-04-17,234.5,234.5,237.0,232.0,235.0,2020860
2026-04-20,226.0,226.0,237.0,225.5,235.5,4548681
2026-04-21,227.0,227.0,231.0,223.0,227.5,3307967
2026-04-22,226.5,226.5,228.5,225.0,227.0,2352075
2026-04-23,223.5,223.5,229.5,218.0,228.5,3788626
2026-04-24,224.0,224.0,225.5,219.5,223.5,1703058
2026-04-27,220.0,220.0,224.5,219.0,224.0,1919197
2026-04-28,224.0,224.0,225.5,221.0,221.0,1359313
2026-04-29,220.5,220.5,226.5,220.5,226.5,1842064
2026-04-30,221.0,221.0,226.0,221.0,222.5,1792543
2026-05-04,226.5,226.5,229.5,221.0,224.5,2386999
2026-05-05,224.5,224.5,230.0,223.0,230.0,2479138
2026-05-06,226.5,226.5,227.0,225.0,226.5,1976724
2026-05-07,233.0,233.0,237.0,226.5,227.5,3906630
2026-05-08,236.5,236.5,242.0,232.5,234.5,6067935
2026-05-11,233.0,233.0,237.5,229.0,237.0,3797437
2026-05-12,210.0,210.0,213.5,210.0,211.0,11572425
2026-05-13,205.5,205.5,210.0,203.5,207.0,3719774
2026-05-14,198.5,198.5,206.0,195.5,205.5,6164381
2026-05-15,193.0,193.0,200.0,192.5,198.5,3964004
2026-05-18,188.0,188.0,191.0,187.0,190.0,2666657
2026-05-19,189.0,189.0,195.5,188.0,189.5,2854592
2026-05-20,192.5,192.5,193.0,188.5,191.0,1749274
2026-05-21,198.5,198.5,200.0,194.0,194.5,2300988
2026-05-22,201.0,201.0,202.5,197.5,200.0,2978740
2026-05-25,197.5,197.5,204.0,196.0,202.0,2584268
2026-05-26,193.0,193.0,199.5,193.0,198.0,2021251
2026-05-27,191.5,191.5,195.0,190.5,195.0,1855759
2026-05-28,189.0,189.0,193.0,189.0,192.5,1520412
2026-05-29,195.0,195.0,198.0,190.0,190.5,2537339
2026-06-01,198.5,198.5,199.0,193.5,196.0,1399862
2026-06-02,196.0,196.0,198.5,194.5,198.5,1286683
2026-06-03,196.0,196.0,197.5,194.5,196.5,936074
2026-06-04,201.0,201.0,204.0,195.5,196.5,2967400
2026-06-05,198.5,198.5,206.0,197.0,202.0,2539516
2026-06-08,195.5,195.5,197.5,182.0,182.0,2146712
2026-06-09,201.0,201.0,203.5,196.5,196.5,1806850
2026-06-10,202.0,202.0,205.5,200.0,200.0,2507321
2026-06-11,194.0,194.0,198.0,192.5,197.5,3292212
2026-06-12,196.5,196.5,200.0,195.0,197.0,1669722
2026-06-15,195.5,195.5,203.0,195.5,198.0,1620889
2026-06-16,191.0,191.0,196.0,191.0,196.0,1996999
2026-06-17,193.5,193.5,195.0,188.5,189.5,1402915
2026-06-18,193.0,193.0,196.0,193.0,193.0,972613
2026-06-22,191.5,191.5,194.5,191.0,194.5,1532359
2026-06-23,190.5,190.5,194.0,189.0,192.0,1383337
2026-06-24,193.5,193.5,194.5,189.0,189.5,1308810
2026-06-25,189.0,189.0,195.0,189.0,194.0,1585537
2026-06-26,183.0,183.0,188.5,183.0,188.5,2533725
2026-06-29,190.5,190.5,194.5,184.5,184.5,1829555
2026-06-30,191.5,191.5,197.0,191.0,193.0,1469563
2026-07-01,189.0,189.0,193.5,189.0,193.0,857797
2026-07-02,192.0,192.0,193.0,188.0,188.0,807362
2026-07-03,199.5,199.5,202.0,193.0,193.0,3821379
2026-07-06,204.5,204.5,207.0,200.0,200.0,3360281
2026-07-07,207.0,207.0,215.0,203.5,205.0,5608800
2026-07-08,209.5,209.5,217.0,207.5,212.0,5406667
2026-07-09,204.0,204.0,211.0,204.0,211.0,3479574
2026-07-13,196.5,196.5,203.5,193.0,201.5,2792616
2026-07-14,199.5,199.5,203.5,195.5,202.0,2843410
2026-07-15,202.5,202.5,203.0,197.5,199.5,1665830
2026-07-16,198.0,198.0,208.0,198.0,204.5,2124976
2026-07-17,188.0,188.0,197.5,188.0,195.0,2002053
2026-07-20,189.0,189.0,192.5,187.5,189.5,1387480
2026-07-21,190.5,190.5,193.5,190.0,191.5,969543
2026-07-22,192.5,192.5,195.5,190.5,191.5,2190934
2026-07-23,188.5,188.5,198.5,188.5,194.5,2482041
2026-07-24,185.0,185.0,188.5,184.5,188.0,1667314
2026-07-27,184.0,184.0,186.5,183.0,185.5,1344720
2026-07-28,176.5,176.5,183.5,175.0,183.5,2420537
2026-07-29,175.5,175.5,179.5,170.5,178.5,2059046
2026-07-30,173.0,173.0,175.5,171.0,175.5,1152018
2026-07-31,175.0,175.0,179.5,175.0,179.0,1445734
2026-08-03,187.0,187.0,187.0,174.5,175.0,1970412
2026-08-04,186.0,186.0,187.0,183.0,185.0,1117469
2026-08-05,190.0,190.0,190.0,186.5,186.5,1326509
2026-08-06,188.5,188.5,190.0,186.0,189.0,881529
2026-08-07,188.0,188.0,192.0,187.0,188.5,881093
2026-08-10,193.5,193.5,194.0,188.0,189.0,1579348
2026-08-11,189.0,189.0,190.0,184.5,188.5,1249652
2026-08-12,188.5,188.5,190.0,187.0,189.0,727467
2026-08-13,188.0,188.0,189.5,187.5,189.0,583254
2026-08-14,180.5,180.5,187.5,180.0,187.5,2189797
2026-08-17,183.5,183.5,185.0,180.0,180.0,806081
2026-08-18,184.0,184.0,185.0,182.0,183.0,702196
2026-08-19,186.5,186.5,188.0,182.0,184.5,838054
2026-08-20,195.0,195.0,197.5,190.0,191.5,3028421
2026-08-21,196.5,196.5,197.0,190.5,195.0,1724029
2026-08-24,196.0,196.0,202.5,196.0,202.0,2264609
2026-08-25,194.0,194.0,198.0,191.0,196.0,1299632
2026-08-26,195.5,195.5,198.5,193.0,193.0,897630
2026-08-27,194.0,194.0,199.0,193.5,198.5,1273374
2026-08-28,193.0,193.0,194.5,192.0,193.0,1082932
2026-08-31,186.0,186.0,190.0,186.0,188.5,981268
2026-09-01,186.5,186.5,187.5,185.0,186.0,557547
2026-09-02,184.0,184.0,187.5,183.5,187.5,604475
2026-09-03,181.5,181.5,184.5,181.5,184.0,899770
2026-09-04,182.0,182.0,183.0,179.5,182.0,750900
2026-09-07,180.5,180.5,184.0,180.5,184.0,550068
2026-09-08,180.5,180.5,183.0,180.5,182.0,661252
