Date,Adj Close,Close,High,Low,Open,Volume
2020-08-26,64.8,64.8,67.0,58.6,59.2,4415024
2020-08-27,61.7,61.7,64.0,59.7,64.0,2747374
2020-08-28,66.8,66.8,68.2,60.8,62.0,4129791
2020-08-31,64.4,64.4,67.1,63.0,66.7,3124965
2020-09-01,61.7,61.7,64.4,61.0,64.4,1710592
2020-09-02,63.7,63.7,63.8,60.5,61.7,1229864
2020-09-03,61.7,61.7,63.7,61.2,63.0,773225
2020-09-04,59.9,59.9,60.3,59.1,59.2,938163
2020-09-07,57.5,57.5,60.2,57.5,60.0,951128
2020-09-08,58.8,58.8,59.3,57.5,57.5,322642
2020-09-09,57.9,57.9,58.3,57.5,57.7,278691
2020-09-10,57.0,57.0,58.5,57.0,58.3,379167
2020-09-11,54.3,54.3,56.7,54.1,56.7,738600
2020-09-14,56.8,56.8,58.0,53.0,54.4,753703
2020-09-15,55.1,55.1,56.0,55.0,56.0,306326
2020-09-16,54.6,54.6,56.5,54.5,55.7,288657
2020-09-17,54.0,54.0,54.6,53.8,54.6,190500
2020-09-18,54.7,54.7,55.0,54.0,54.2,184200
2020-09-21,53.8,53.8,54.5,53.7,54.5,222909
2020-09-22,52.2,52.2,53.5,52.1,53.5,371231
2020-09-23,53.1,53.1,53.6,52.2,52.2,225003
2020-09-24,51.2,51.2,52.9,51.1,52.9,241150
2020-09-25,50.7,50.7,52.2,50.2,51.5,388480
2020-09-28,50.9,50.9,51.3,50.7,50.9,104070
2020-09-29,51.0,51.0,51.5,50.9,51.0,124100
2020-09-30,52.4,52.4,53.0,51.0,51.0,159020
2020-10-05,53.0,53.0,53.2,52.0,52.0,122315
2020-10-06,57.0,57.0,57.9,53.9,53.9,601200
2020-10-07,56.0,56.0,57.7,55.1,55.8,385000
2020-10-08,55.3,55.3,56.0,54.7,56.0,223018
2020-10-12,53.9,53.9,55.7,53.9,55.3,187800
2020-10-13,53.7,53.7,54.0,53.0,53.9,146700
2020-10-14,54.0,54.0,54.4,53.6,53.7,75022
2020-10-15,53.1,53.1,54.0,52.7,54.0,228587
2020-10-16,52.6,52.6,53.2,52.6,53.1,109791
2020-10-19,53.1,53.1,53.3,52.7,52.7,87000
2020-10-20,53.5,53.5,53.5,53.0,53.0,70000
2020-10-21,53.5,53.5,53.6,53.0,53.4,79463
2020-10-22,53.0,53.0,53.5,52.7,53.3,166396
2020-10-23,53.0,53.0,53.2,52.2,53.2,111002
2020-10-26,52.5,52.5,52.9,52.4,52.8,61000
2020-10-27,52.4,52.4,52.7,52.0,52.1,105221
2020-10-28,51.6,51.6,52.4,51.6,52.4,94456
2020-10-29,51.3,51.3,51.9,51.0,51.3,211104
2020-10-30,51.8,51.8,52.7,51.0,51.3,168400
2020-11-02,51.2,51.2,52.5,51.0,52.5,78824
2020-11-03,51.6,51.6,51.8,51.1,51.5,66200
2020-11-04,51.9,51.9,52.0,51.6,51.8,45000
2020-11-05,51.9,51.9,52.0,51.5,51.9,79100
2020-11-06,51.4,51.4,51.9,51.1,51.7,69200
2020-11-09,52.0,52.0,52.6,51.4,51.4,94600
2020-11-10,53.2,53.2,54.8,52.0,52.2,157200
2020-11-11,52.6,52.6,53.3,52.4,53.2,90191
2020-11-12,53.4,53.4,54.8,52.6,52.6,312600
2020-11-13,53.0,53.0,53.7,52.7,53.0,82276
2020-11-16,53.0,53.0,53.6,52.2,53.0,240563
2020-11-17,53.0,53.0,53.1,52.4,53.1,152301
2020-11-18,52.2,52.2,52.9,52.1,52.9,131866
2020-11-19,52.0,52.0,52.4,51.5,52.2,234520
2020-11-20,52.3,52.3,52.5,51.8,52.0,116763
2020-11-23,54.2,54.2,54.8,52.4,52.4,382719
2020-11-24,54.0,54.0,55.0,53.6,54.4,294095
2020-11-25,53.5,53.5,54.4,53.3,54.2,125543
2020-11-26,53.8,53.8,53.8,53.4,53.5,259000
2020-11-27,56.6,56.6,57.7,54.0,54.0,792537
2020-11-30,55.6,55.6,56.7,55.0,56.7,523878
2020-12-01,55.8,55.8,56.7,55.4,55.4,201823
2020-12-02,55.4,55.4,56.1,55.2,56.1,276000
2020-12-04,56.2,56.2,57.6,56.1,57.5,273100
2020-12-07,56.8,56.8,57.2,55.9,57.0,402317
2020-12-08,56.8,56.8,58.5,56.7,57.1,357286
2020-12-09,56.5,56.5,57.0,56.3,56.8,229358
2020-12-10,56.0,56.0,56.5,55.6,56.3,275084
2020-12-11,55.6,55.6,57.0,55.3,56.9,221200
2020-12-14,55.2,55.2,56.1,55.1,55.6,124425
2020-12-15,54.5,54.5,55.3,54.3,55.3,183280
2020-12-16,56.4,56.4,57.9,54.5,55.0,262258
2020-12-17,55.6,55.6,56.4,55.1,56.4,111514
2020-12-18,55.2,55.2,55.6,55.0,55.5,98080
2020-12-21,54.9,54.9,55.2,54.7,55.2,138841
2020-12-22,53.7,53.7,55.1,53.6,54.9,215446
2020-12-23,54.0,54.0,54.0,53.5,53.7,96050
2020-12-24,54.2,54.2,55.1,54.0,55.1,121200
2020-12-25,54.2,54.2,54.7,53.8,54.1,184200
2020-12-28,55.1,55.1,56.4,54.1,54.3,221192
2020-12-29,55.0,55.0,55.3,54.8,55.3,140305
2020-12-30,55.1,55.1,55.1,54.5,55.1,186384
2020-12-31,55.2,55.2,55.8,55.1,55.1,86050
2021-01-04,57.5,57.5,57.8,55.4,55.6,636791
2021-01-05,60.8,60.8,61.2,56.8,57.5,1311819
2021-01-06,61.8,61.8,64.8,60.9,63.0,1652697
2021-01-07,61.0,61.0,62.5,60.4,61.5,757739
2021-01-08,59.0,59.0,61.0,58.0,61.0,656948
2021-01-11,64.0,64.0,64.8,59.1,60.0,1296322
2021-01-12,61.6,61.6,65.5,61.6,65.0,1145117
2021-01-13,62.0,62.0,63.2,61.2,61.5,705976
2021-01-14,61.2,61.2,62.3,60.5,62.0,482032
2021-01-15,59.8,59.8,61.6,59.6,61.2,551014
2021-01-18,58.7,58.7,60.0,58.2,60.0,307763
2021-01-19,58.6,58.6,60.0,58.5,59.1,226447
2021-01-20,57.7,57.7,59.2,57.7,58.7,461182
2021-01-21,57.6,57.6,59.3,57.4,58.0,243615
2021-01-22,58.2,58.2,58.9,57.6,57.7,212810
2021-01-25,59.0,59.0,59.3,58.2,59.3,139141
2021-01-26,59.9,59.9,60.8,59.0,59.0,327810
2021-01-27,60.4,60.4,61.5,59.7,60.0,326645
2021-01-28,58.7,58.7,60.0,58.5,59.2,273857
2021-01-29,56.5,56.5,60.6,56.2,60.6,482301
2021-02-01,56.0,56.0,57.0,55.5,56.5,324228
2021-02-02,57.4,57.4,57.8,56.4,56.4,233446
2021-02-03,57.5,57.5,58.2,57.1,57.4,135064
2021-02-04,56.8,56.8,57.9,56.8,57.5,143597
2021-02-05,56.6,56.6,57.0,56.6,57.0,185711
2021-02-17,57.8,57.8,59.0,56.8,56.8,261700
2021-02-18,57.8,57.8,58.9,57.4,58.2,278522
2021-02-19,58.8,58.8,58.8,57.1,57.6,256581
2021-02-22,59.9,59.9,60.0,58.4,59.2,388125
2021-02-23,61.5,61.5,62.5,59.5,60.1,721906
2021-02-24,59.9,59.9,61.3,59.8,61.0,350531
2021-02-25,59.9,59.9,60.8,59.7,59.9,207866
2021-02-26,59.2,59.2,59.4,58.5,59.0,319700
2021-03-02,58.3,58.3,59.8,58.2,59.8,252047
2021-03-03,58.1,58.1,58.5,57.5,58.5,234793
2021-03-04,57.8,57.8,57.9,57.4,57.5,202407
2021-03-05,58.2,58.2,58.9,57.3,57.5,129838
2021-03-08,57.7,57.7,58.3,57.7,58.2,123455
2021-03-09,57.7,57.7,57.9,57.3,57.5,137138
2021-03-10,58.7,58.7,60.5,58.7,59.3,369154
2021-03-11,58.8,58.8,60.3,58.6,59.7,239047
2021-03-12,58.3,58.3,58.8,58.1,58.5,205165
2021-03-15,59.3,59.3,59.3,58.3,58.5,321404
2021-03-16,60.0,60.0,60.3,59.1,59.2,532666
2021-03-17,59.2,59.2,60.5,59.2,60.0,314391
2021-03-18,58.5,58.5,59.7,58.5,59.3,494645
2021-03-19,60.8,60.8,61.2,58.5,58.6,646243
2021-03-22,60.9,60.9,62.0,60.0,60.9,661743
2021-03-23,62.2,62.2,65.4,61.0,61.0,2760485
2021-03-24,62.2,62.2,63.7,62.0,62.2,641179
2021-03-25,61.8,61.8,63.0,61.5,62.3,419217
2021-03-26,61.3,61.3,63.2,61.3,62.2,434853
2021-03-29,60.8,60.8,61.8,60.6,61.5,483660
2021-03-30,61.2,61.2,62.1,61.0,61.3,192765
2021-03-31,60.5,60.5,61.2,60.5,61.2,268600
2021-04-01,61.8,61.8,61.9,60.5,61.5,248615
2021-04-06,61.3,61.3,62.7,61.0,62.4,296624
2021-04-07,63.1,63.1,63.5,61.6,62.2,901250
2021-04-08,62.6,62.6,63.3,62.3,63.1,587198
2021-04-09,61.9,61.9,63.0,61.5,62.9,425199
2021-04-12,61.3,61.3,62.6,61.1,62.6,462855
2021-04-13,60.7,60.7,61.7,60.7,61.4,405592
2021-04-14,60.0,60.0,61.0,59.3,60.5,520397
2021-04-15,60.4,60.4,60.4,59.7,60.0,209025
2021-04-16,60.0,60.0,60.4,59.9,60.2,143157
2021-04-19,59.9,59.9,61.2,59.5,60.0,378740
2021-04-20,59.6,59.6,60.1,59.5,60.0,212060
2021-04-21,59.0,59.0,59.7,58.9,59.7,272527
2021-04-22,57.7,57.7,59.6,57.3,59.6,477164
2021-04-23,57.9,57.9,58.5,57.4,57.6,223502
2021-04-26,58.0,58.0,59.1,57.7,58.2,144529
2021-04-27,58.1,58.1,58.5,58.0,58.1,155788
2021-04-28,61.8,61.8,62.3,58.5,59.0,960717
2021-04-29,61.4,61.4,62.8,60.9,62.5,735769
2021-05-03,59.8,59.8,61.0,59.6,61.0,758686
2021-05-04,58.5,58.5,60.0,57.5,59.9,876907
2021-05-05,59.5,59.5,60.4,58.3,58.3,237279
2021-05-06,59.6,59.6,60.0,58.8,60.0,125022
2021-05-07,59.2,59.2,60.3,58.9,60.3,199050
2021-05-10,58.8,58.8,59.2,58.5,59.1,447201
2021-05-11,57.2,57.2,58.8,57.0,58.8,913490
2021-05-12,54.0,54.0,57.0,52.2,56.8,648618
2021-05-13,52.2,52.2,53.4,50.2,53.0,455985
2021-05-14,52.0,52.0,54.2,51.9,52.4,230003
2021-05-17,49.0,49.0,50.5,48.2,49.1,330489
2021-05-18,52.3,52.3,52.8,49.05,49.05,132274
2021-05-19,51.9,51.9,53.1,51.8,52.3,47109
2021-05-20,50.8,50.8,51.8,50.7,51.6,117000
2021-05-21,51.4,51.4,51.8,51.0,51.4,82060
2021-05-24,51.6,51.6,52.0,50.8,51.0,62258
2021-05-25,51.2,51.2,52.2,51.2,51.9,115112
2021-05-26,51.2,51.2,51.4,51.0,51.2,91081
2021-05-27,51.1,51.1,51.2,50.6,51.2,120010
2021-05-28,51.9,51.9,52.7,51.6,51.6,74500
2021-05-31,52.8,52.8,53.1,51.7,52.5,117701
2021-06-01,53.6,53.6,54.2,53.0,53.0,115000
2021-06-02,52.9,52.9,54.2,52.5,54.2,86702
2021-06-03,53.1,53.1,53.4,52.9,52.9,60221
2021-06-04,52.9,52.9,53.8,52.8,53.8,83000
2021-06-07,52.1,52.1,52.9,51.5,52.9,78100
2021-06-08,52.5,52.5,53.5,52.3,53.1,29001
2021-06-09,52.5,52.5,52.6,52.3,52.5,74768
2021-06-10,53.2,53.2,53.2,52.4,52.5,60040
2021-06-11,53.3,53.3,53.6,53.2,53.3,55240
2021-06-15,55.1,55.1,55.9,53.4,53.5,126300
2021-06-16,54.6,54.6,55.6,54.6,55.6,63919
2021-06-17,55.1,55.1,55.2,54.1,54.1,68517
2021-06-18,54.9,54.9,55.5,54.9,55.1,79583
2021-06-21,54.7,54.7,55.0,54.1,54.9,68205
2021-06-22,54.2,54.2,54.7,54.0,54.7,63717
2021-06-23,54.9,54.9,56.7,54.0,55.0,106320
2021-06-24,56.0,56.0,56.5,55.0,55.1,103788
2021-06-25,57.7,57.7,61.0,56.1,56.1,665349
2021-06-28,57.0,57.0,58.5,57.0,58.2,98677
2021-06-29,56.5,56.5,57.0,56.0,57.0,129177
2021-06-30,56.8,56.8,57.0,56.3,56.5,63421
2021-07-01,56.4,56.4,56.8,55.5,56.8,147531
2021-07-02,57.1,57.1,58.1,56.4,56.4,168133
2021-07-05,59.5,59.5,61.2,58.8,61.2,611726
2021-07-06,59.5,59.5,60.6,59.2,60.4,414256
2021-07-07,59.6,59.6,60.2,59.1,59.6,266594
2021-07-08,58.1,58.1,60.3,58.0,60.3,329370
2021-07-09,58.1,58.1,58.4,57.6,57.8,56284
2021-07-12,59.3,59.3,60.0,57.5,58.1,505470
2021-07-13,57.9,57.9,60.0,57.6,60.0,382630
2021-07-14,58.7,58.7,60.2,58.0,58.5,430498
2021-07-15,59.3,59.3,60.2,58.6,59.0,269552
2021-07-16,64.2,64.2,65.0,59.1,59.3,3607986
2021-07-19,62.9,62.9,64.8,62.5,64.2,1815732
2021-07-20,66.4,66.4,69.0,60.7,61.3,4810869
2021-07-21,68.0,68.0,73.0,66.6,69.2,10631616
2021-07-22,73.9,73.9,74.5,67.2,69.0,6695950
2021-07-23,74.0,74.0,79.0,72.0,75.0,6962882
2021-07-26,72.4,72.4,75.0,70.8,74.0,2762488
2021-07-27,65.2,65.2,70.5,65.2,70.0,5654676
2021-07-28,61.1,61.1,65.2,58.7,65.2,2888365
2021-07-29,62.0,62.0,63.4,59.8,62.0,1380083
2021-07-30,59.5,59.5,61.2,59.2,60.5,1315096
2021-08-02,59.6,59.6,60.1,58.7,59.5,541623
2021-08-03,60.5,60.5,62.4,60.2,60.4,628004
2021-08-04,62.3,62.3,63.9,61.5,61.5,1257656
2021-08-05,61.6,61.6,62.4,61.3,62.4,380712
2021-08-06,63.3,63.3,64.0,60.7,62.0,851552
2021-08-09,61.5,61.5,64.6,61.3,64.6,393821
2021-08-10,60.5,60.5,61.9,60.0,61.5,298355
2021-08-11,60.1,60.1,60.8,59.2,60.5,353038
2021-08-12,60.1,60.1,60.7,59.5,59.6,191623
2021-08-13,58.7,58.7,60.3,58.6,60.3,347262
2021-08-16,56.7,56.7,58.9,56.2,58.0,534081
2021-08-17,55.1,55.1,58.0,55.0,58.0,392154
2021-08-18,56.6,56.6,57.0,54.0,55.0,381936
2021-08-19,55.0,55.0,56.9,55.0,56.9,194230
2021-08-20,54.7,54.7,55.2,52.9,54.4,406180
2021-08-23,57.2,57.2,58.0,55.1,55.1,275530
2021-08-24,56.2,56.2,57.9,56.2,57.7,134414
2021-08-25,58.4,58.4,58.8,56.8,56.9,164505
2021-08-26,57.9,57.9,58.4,57.1,58.4,126586
2021-08-27,58.9,58.9,58.9,57.9,58.3,160473
2021-08-30,58.7,58.7,59.3,58.2,59.2,80599
2021-08-31,59.1,59.1,59.3,58.4,59.0,143751
2021-09-01,59.7,59.7,59.7,59.0,59.1,82381
2021-09-02,59.7,59.7,61.2,59.2,59.7,250004
2021-09-03,59.8,59.8,60.7,59.2,60.0,182747
2021-09-06,59.5,59.5,62.6,58.7,61.0,633905
2021-09-07,57.9,57.9,59.5,57.1,58.8,272481
2021-09-08,57.0,57.0,58.0,56.5,57.8,145455
2021-09-09,56.9,56.9,57.7,56.3,56.7,68083
2021-09-10,57.5,57.5,57.6,57.0,57.0,54157
2021-09-13,56.7,56.7,57.3,56.2,56.6,113830
2021-09-14,56.6,56.6,57.5,56.2,56.7,105263
2021-09-15,57.4,57.4,58.2,56.2,56.5,151029
2021-09-16,57.2,57.2,58.2,56.9,57.8,96000
2021-09-17,57.3,57.3,57.8,56.9,56.9,82384
2021-09-22,56.3,56.3,57.2,55.7,55.7,130250
2021-09-23,57.3,57.3,57.3,56.6,56.6,51500
2021-09-24,57.0,57.0,57.4,56.7,57.2,75208
2021-09-27,57.0,57.0,57.3,56.8,56.9,66388
2021-09-28,56.8,56.8,57.4,56.3,56.8,60000
2021-09-29,56.4,56.4,56.6,56.0,56.1,120188
2021-09-30,57.1,57.1,57.5,56.3,56.5,82735
2021-10-01,55.4,55.4,57.0,55.1,57.0,251553
2021-10-04,55.8,55.8,56.2,55.4,55.6,171269
2021-10-05,57.9,57.9,58.3,54.9,57.5,456756
2021-10-06,56.0,56.0,58.0,56.0,58.0,233413
2021-10-07,56.8,56.8,57.1,55.7,56.0,130125
2021-10-08,57.5,57.5,57.9,56.7,56.7,85369
2021-10-12,56.5,56.5,57.2,55.9,57.1,105067
2021-10-13,56.0,56.0,56.5,55.6,56.4,73396
2021-10-14,55.8,55.8,56.2,55.6,56.1,76297
2021-10-15,56.0,56.0,56.5,55.8,56.4,91000
2021-10-18,55.7,55.7,56.5,55.0,56.5,142055
2021-10-19,57.5,57.5,58.0,55.7,56.8,326013
2021-10-20,56.4,56.4,58.0,56.2,57.9,187085
2021-10-21,60.1,60.1,60.3,56.4,56.4,1030528
2021-10-22,60.7,60.7,64.5,60.0,62.5,3131322
2021-10-25,58.8,58.8,60.7,58.8,60.7,1168022
2021-10-26,59.6,59.6,64.2,58.4,59.7,3448465
2021-10-27,59.3,59.3,61.3,59.0,60.4,1321148
2021-10-28,57.7,57.7,59.8,57.6,59.8,827831
2021-10-29,55.9,55.9,56.5,54.7,56.4,1814570
2021-11-01,56.2,56.2,56.6,55.5,55.5,397692
2021-11-02,55.5,55.5,56.5,55.2,56.4,566087
2021-11-03,55.6,55.6,56.0,55.5,55.7,219000
2021-11-04,56.3,56.3,56.8,55.7,55.7,238412
2021-11-05,56.0,56.0,56.1,55.5,56.0,263289
2021-11-08,55.0,55.0,56.0,55.0,56.0,313436
2021-11-09,54.3,54.3,55.2,54.3,55.0,435265
2021-11-10,53.9,53.9,54.7,53.2,54.0,427467
2021-11-11,54.2,54.2,55.3,53.5,53.8,266320
2021-11-12,54.7,54.7,55.2,54.1,54.1,157405
2021-11-15,54.6,54.6,55.6,54.6,54.8,187638
2021-11-16,54.2,54.2,55.1,54.2,54.6,135367
2021-11-17,54.4,54.4,55.5,54.0,54.0,143070
2021-11-18,54.3,54.3,54.7,54.0,54.2,190160
2021-11-19,54.0,54.0,54.4,53.9,54.0,222380
2021-11-22,54.0,54.0,54.0,53.8,54.0,153778
2021-11-23,53.4,53.4,54.3,53.2,54.0,244629
2021-11-24,54.2,54.2,54.3,53.3,53.4,90270
2021-11-25,53.5,53.5,54.3,53.4,54.2,107167
2021-11-26,52.7,52.7,54.0,52.5,53.9,306408
2021-11-29,52.0,52.0,52.5,51.3,52.2,253658
2021-11-30,51.9,51.9,53.0,51.9,52.6,138797
2021-12-01,51.5,51.5,52.1,51.3,51.6,131525
2021-12-02,51.3,51.3,51.8,51.0,51.3,88801
2021-12-03,50.7,50.7,51.6,50.7,51.3,241897
2021-12-06,50.4,50.4,51.0,49.8,50.7,209873
2021-12-07,50.6,50.6,51.0,50.4,50.9,110481
2021-12-08,50.6,50.6,51.2,50.6,51.2,95050
2021-12-09,50.5,50.5,51.2,50.2,50.6,126601
2021-12-10,50.2,50.2,50.9,50.0,50.9,159120
2021-12-13,50.0,50.0,50.2,49.95,50.2,122884
2021-12-14,49.7,49.7,50.2,49.65,50.1,169423
2021-12-15,50.0,50.0,50.4,49.9,50.0,65881
2021-12-16,49.9,49.9,50.2,49.65,50.1,126703
2021-12-17,49.4,49.4,50.1,49.1,50.1,219696
2021-12-20,48.7,48.7,49.5,48.65,49.5,262235
2021-12-21,50.4,50.4,50.5,49.0,49.0,165896
2021-12-22,50.0,50.0,50.4,49.9,50.4,76337
2021-12-23,50.2,50.2,50.5,50.0,50.0,88661
2021-12-24,50.4,50.4,50.9,50.2,50.2,156430
2021-12-27,50.5,50.5,50.5,50.1,50.2,76069
2021-12-28,51.1,51.1,51.6,50.8,50.8,155464
2021-12-29,52.7,52.7,52.9,51.1,51.4,270546
2021-12-30,52.0,52.0,52.7,51.8,52.7,131341
2022-01-03,51.9,51.9,52.1,51.7,52.0,86251
2022-01-04,51.7,51.7,52.6,51.5,52.0,118483
2022-01-05,50.9,50.9,51.7,50.3,51.7,177332
2022-01-06,50.5,50.5,51.1,50.5,50.6,61304
2022-01-07,49.95,49.95,51.3,49.85,51.3,93163
2022-01-10,50.1,50.1,50.2,49.9,49.95,65472
2022-01-11,49.95,49.95,50.6,49.9,50.0,75564
2022-01-12,49.9,49.9,50.3,49.5,50.0,102008
2022-01-13,50.1,50.1,50.5,49.9,50.5,73853
2022-01-14,50.1,50.1,50.4,49.9,50.4,77178
2022-01-17,49.95,49.95,50.3,49.8,50.3,59200
2022-01-18,49.9,49.9,50.5,49.8,50.5,142990
2022-01-19,49.7,49.7,50.1,49.65,50.1,66050
2022-01-20,49.75,49.75,50.0,49.5,50.0,165431
2022-01-21,49.0,49.0,49.8,49.0,49.8,98517
2022-01-24,46.9,46.9,49.0,46.0,49.0,240340
2022-01-25,45.7,45.7,46.2,44.0,44.0,285696
2022-01-26,45.35,45.35,46.0,45.1,45.7,132125
2022-02-07,45.9,45.9,46.2,45.35,45.4,112304
2022-02-08,46.7,46.7,46.85,46.2,46.85,140448
2022-02-09,46.8,46.8,47.0,46.5,46.7,110763
2022-02-10,46.9,46.9,47.0,46.35,46.8,85000
2022-02-11,46.85,46.85,47.1,46.65,46.9,56329
2022-02-14,45.7,45.7,46.2,45.2,46.2,59230
2022-02-15,45.65,45.65,45.9,45.5,45.6,47984
2022-02-16,45.7,45.7,46.05,45.65,45.9,43448
2022-02-17,46.05,46.05,46.35,45.8,45.8,40134
2022-02-18,48.0,48.0,48.45,45.8,45.8,241196
2022-02-21,49.0,49.0,49.3,47.95,48.5,204053
2022-02-22,47.45,47.45,48.9,47.0,48.8,124202
2022-02-23,48.15,48.15,48.5,47.25,47.25,111861
2022-02-24,46.5,46.5,47.8,46.45,47.8,124406
2022-02-25,46.7,46.7,47.35,46.7,46.8,55850
2022-03-01,47.05,47.05,48.2,46.7,46.7,100694
2022-03-02,47.5,47.5,47.65,46.65,47.0,51033
2022-03-03,47.2,47.2,47.5,46.85,47.5,58446
2022-03-04,46.6,46.6,47.35,46.3,47.35,80369
2022-03-07,44.8,44.8,46.6,44.8,46.6,149723
2022-03-08,44.7,44.7,46.1,44.0,44.8,174060
2022-03-09,44.9,44.9,45.6,44.8,44.8,46573
2022-03-10,45.55,45.55,45.95,45.45,45.95,32113
2022-03-11,45.15,45.15,45.75,45.0,45.75,28263
2022-03-14,45.0,45.0,45.6,45.0,45.6,43172
2022-03-15,44.75,44.75,45.0,44.4,45.0,48646
2022-03-16,45.0,45.0,45.4,44.5,45.4,77298
2022-03-17,45.4,45.4,45.7,45.35,45.35,74040
2022-03-18,45.4,45.4,45.45,44.9,45.4,50421
2022-03-21,45.7,45.7,45.95,45.3,45.6,94300
2022-03-22,45.85,45.85,46.3,45.6,46.3,69249
2022-03-23,46.0,46.0,46.3,45.9,46.1,43001
2022-03-24,45.95,45.95,46.05,45.75,46.05,56100
2022-03-25,45.8,45.8,46.3,45.5,46.3,39107
2022-03-28,45.5,45.5,45.65,45.05,45.3,53285
2022-03-29,45.45,45.45,45.8,45.1,45.5,28351
2022-03-30,45.75,45.75,46.0,45.4,46.0,118313
2022-03-31,45.5,45.5,46.3,45.4,46.3,53053
2022-04-01,45.4,45.4,45.5,44.95,45.5,42029
2022-04-06,44.2,44.2,45.2,44.0,45.2,181217
2022-04-07,42.3,42.3,44.15,41.6,44.15,334950
2022-04-08,42.0,42.0,42.45,41.6,42.3,150500
2022-04-11,41.2,41.2,41.9,41.2,41.9,157529
2022-04-12,40.95,40.95,41.0,40.5,41.0,85180
2022-04-13,41.8,41.8,41.8,40.7,41.2,48600
2022-04-14,43.2,43.2,43.6,42.1,42.75,176300
2022-04-15,42.7,42.7,42.95,42.1,42.65,109746
2022-04-18,42.0,42.0,42.25,41.6,42.05,45061
2022-04-19,42.05,42.05,42.5,41.7,41.8,119329
2022-04-20,42.15,42.15,42.9,42.0,42.85,62120
2022-04-21,42.05,42.05,42.2,41.8,42.2,51010
2022-04-22,41.2,41.2,41.75,40.75,41.75,163820
2022-04-25,40.0,40.0,40.8,39.9,40.5,171352
2022-04-26,40.3,40.3,40.6,40.0,40.0,56262
2022-04-27,39.65,39.65,39.95,38.0,39.95,232278
2022-04-28,40.4,40.4,40.55,39.7,40.2,174200
2022-04-29,40.25,40.25,40.6,40.0,40.4,114013
2022-05-03,39.9,39.9,40.35,39.6,39.6,75552
2022-05-04,40.0,40.0,40.1,39.6,39.9,102550
2022-05-05,40.25,40.25,41.45,39.9,41.45,35382
2022-05-06,40.1,40.1,40.1,38.65,38.65,237868
2022-05-09,39.5,39.5,40.1,38.95,40.1,100154
2022-05-10,39.3,39.3,39.6,38.0,38.0,101562
2022-05-11,39.2,39.2,39.2,38.5,38.6,104000
2022-05-12,38.5,38.5,39.1,37.95,38.2,162179
2022-05-13,38.2,38.2,38.65,37.9,38.25,119693
2022-05-16,38.6,38.6,38.9,38.2,38.2,120080
2022-05-17,39.1,39.1,39.1,38.85,38.9,84009
2022-05-18,39.65,39.65,40.3,39.2,39.2,133303
2022-05-19,39.55,39.55,39.7,38.7,39.45,104258
2022-05-20,40.2,40.2,41.0,39.5,39.5,146776
2022-05-23,39.9,39.9,40.5,39.9,40.2,73245
2022-05-24,39.9,39.9,40.2,39.35,39.9,116064
2022-05-25,39.85,39.85,40.2,39.6,40.1,47732
2022-05-26,39.7,39.7,40.1,39.45,40.0,57527
2022-05-27,40.1,40.1,40.5,39.65,39.7,138125
2022-05-30,40.0,40.0,40.75,39.8,40.1,137043
2022-05-31,39.7,39.7,39.95,39.65,39.75,38890
2022-06-01,39.6,39.6,40.0,39.6,39.7,197155
2022-06-02,38.2,38.2,39.6,38.0,39.6,234955
2022-06-06,37.35,37.35,38.15,37.2,37.85,199630
2022-06-07,37.7,37.7,38.3,37.0,37.35,148000
2022-06-08,37.7,37.7,38.2,37.7,37.7,82617
2022-06-09,37.75,37.75,37.75,37.3,37.5,27037
2022-06-10,37.75,37.75,37.9,37.3,37.3,48000
2022-06-13,37.0,37.0,37.45,37.0,37.05,145679
2022-06-14,36.8,36.8,37.2,36.3,37.05,166100
2022-06-15,37.4,37.4,37.5,36.8,36.8,105575
2022-06-16,37.05,37.05,38.2,37.05,37.75,62190
2022-06-17,35.55,35.55,37.05,35.4,37.05,116242
2022-06-20,32.65,32.65,35.55,32.65,35.55,334470
2022-06-21,34.65,34.65,35.0,33.0,33.0,164129
2022-06-22,33.1,33.1,34.2,33.1,34.2,94000
2022-06-23,34.45,34.45,34.8,33.15,33.15,147009
2022-06-24,34.3,34.3,35.1,34.2,34.55,72946
2022-06-27,34.95,34.95,35.3,34.8,34.85,116007
2022-06-28,34.7,34.7,35.0,34.55,35.0,25006
2022-06-29,34.4,34.4,34.8,34.2,34.2,17023
2022-06-30,32.15,32.15,34.4,32.15,34.4,204466
2022-07-01,31.2,31.2,32.75,31.15,32.2,173039
2022-07-04,31.35,31.35,32.1,31.0,31.0,99095
2022-07-05,31.3,31.3,31.9,30.5,31.85,93451
2022-07-06,29.4,29.4,30.85,29.3,30.8,179749
2022-07-07,29.75,29.75,30.3,28.95,29.5,140336
2022-07-08,29.75,29.75,30.15,29.65,29.9,57274
2022-07-11,29.65,29.65,29.9,29.1,29.9,59042
2022-07-12,29.3,29.3,29.65,29.15,29.65,66206
2022-07-13,29.35,29.35,29.8,29.3,29.5,81221
2022-07-14,32.25,32.25,32.25,29.2,29.2,368910
2022-07-15,31.65,31.65,33.45,31.0,32.75,727145
2022-07-18,31.5,31.5,31.75,31.1,31.1,85161
2022-07-19,31.85,31.85,32.75,31.3,31.3,81152
2022-07-20,31.7,31.7,32.8,31.4,31.85,148636
2022-07-21,32.0,32.0,32.1,31.8,31.8,22041
2022-07-22,31.8,31.8,32.8,31.45,32.8,43023
2022-07-25,31.8,31.8,32.0,31.25,31.3,33325
2022-07-26,32.05,32.05,32.7,31.3,31.5,77143
2022-07-27,31.8,31.8,32.05,31.8,32.05,30073
2022-07-28,32.15,32.15,32.15,31.75,31.9,76120
2022-07-29,32.5,32.5,32.7,31.55,31.95,124116
2022-08-01,32.0,32.0,32.5,31.95,32.5,37798
2022-08-02,31.5,31.5,31.85,31.2,31.5,31068
2022-08-03,31.0,31.0,31.3,30.5,31.3,1268237
2022-08-04,30.5,30.5,30.95,29.6,30.95,80177
2022-08-05,30.65,30.65,30.8,30.4,30.5,68110
2022-08-08,30.55,30.55,31.15,30.0,31.15,39463
2022-08-09,30.35,30.35,30.8,30.2,30.55,32128
2022-08-10,30.3,30.3,30.6,30.05,30.05,43639
2022-08-11,30.65,30.65,30.8,30.25,30.3,65809
2022-08-12,30.8,30.8,31.1,30.6,30.65,82809
2022-08-15,31.05,31.05,31.1,30.7,30.8,46020
2022-08-16,31.2,31.2,31.3,30.9,31.05,57796
2022-08-17,31.4,31.4,32.65,31.15,31.2,99305
2022-08-18,32.3,32.3,33.25,31.6,31.6,141641
2022-08-19,32.6,32.6,33.0,32.3,33.0,90025
2022-08-22,32.6,32.6,33.3,32.5,33.3,91026
2022-08-23,32.0,32.0,32.4,32.0,32.2,28332
2022-08-24,31.9,31.9,32.3,31.6,32.0,61408
2022-08-25,32.2,32.2,32.55,31.7,32.0,73000
2022-08-26,32.55,32.55,32.9,32.0,32.2,163525
2022-08-29,32.3,32.3,32.7,32.0,32.0,81213
2022-08-30,32.4,32.4,32.5,32.0,32.2,37265
2022-08-31,32.7,32.7,32.8,32.3,32.3,24200
2022-09-01,32.85,32.85,32.85,32.0,32.45,66532
2022-09-02,33.5,33.5,35.5,32.85,32.85,172025
2022-09-05,33.35,33.35,33.6,33.1,33.4,67250
2022-09-06,32.7,32.7,33.3,32.4,33.2,57051
2022-09-07,32.5,32.5,33.4,32.0,32.7,72385
2022-09-08,33.0,33.0,33.0,32.55,32.6,33123
2022-09-12,32.9,32.9,33.1,32.9,33.1,59125
2022-09-13,33.05,33.05,33.5,33.0,33.45,42500
2022-09-14,32.5,32.5,32.6,32.15,32.4,34000
2022-09-15,32.3,32.3,32.6,32.3,32.5,38010
2022-09-16,32.2,32.2,32.3,31.9,31.9,16000
2022-09-19,31.3,31.3,32.0,30.65,32.0,104200
2022-09-20,31.5,31.5,31.7,31.25,31.25,48395
2022-09-21,31.2,31.2,31.5,31.2,31.5,31063
2022-09-22,31.15,31.15,31.5,30.6,30.9,44647
2022-09-23,30.95,30.95,31.1,30.1,31.05,71055
2022-09-26,30.1,30.1,30.5,30.0,30.5,67054
2022-09-27,30.6,30.6,30.75,29.9,30.6,53124
2022-09-28,29.75,29.75,30.5,29.6,30.45,105322
2022-09-29,30.1,30.1,30.45,29.9,30.0,36019
2022-09-30,30.1,30.1,30.1,29.8,30.0,22037
2022-10-03,30.25,30.25,31.0,30.0,30.0,30083
2022-10-04,30.5,30.5,30.8,30.3,30.6,33000
2022-10-05,30.3,30.3,30.7,30.1,30.5,86000
2022-10-06,30.25,30.25,30.3,30.1,30.3,35626
2022-10-07,30.5,30.5,30.5,30.2,30.25,9035
2022-10-11,30.2,30.2,30.5,29.6,30.5,75205
2022-10-12,30.3,30.3,30.3,30.1,30.2,13000
2022-10-13,29.7,29.7,30.2,29.2,30.2,203358
2022-10-14,30.05,30.05,30.2,29.8,29.85,22104
2022-10-17,29.6,29.6,29.6,29.5,29.55,22000
2022-10-18,29.8,29.8,29.8,29.65,29.7,15000
2022-10-19,29.95,29.95,30.2,29.8,30.2,7000
2022-10-20,29.65,29.65,29.7,29.5,29.7,24041
2022-10-21,29.5,29.5,29.7,29.4,29.7,23183
2022-10-24,29.5,29.5,29.8,29.3,29.8,37120
2022-10-25,29.5,29.5,29.7,29.05,29.7,107005
2022-10-26,29.55,29.55,29.6,29.4,29.6,44001
2022-10-27,29.65,29.65,29.65,29.45,29.6,38762
2022-10-28,29.5,29.5,29.5,29.45,29.45,5170
2022-10-31,29.6,29.6,29.6,29.45,29.45,55124
2022-11-01,29.6,29.6,29.8,29.4,29.4,59046
2022-11-02,29.55,29.55,29.55,29.4,29.5,22000
2022-11-03,29.6,29.6,29.6,29.4,29.45,10000
2022-11-04,29.4,29.4,29.5,29.3,29.5,20138
2022-11-07,29.75,29.75,30.0,29.4,29.6,54055
2022-11-08,29.75,29.75,29.75,29.65,29.75,11535
2022-11-09,29.7,29.7,29.8,29.6,29.75,38179
2022-11-10,29.5,29.5,29.85,29.5,29.85,19134
2022-11-11,29.65,29.65,29.8,29.5,29.8,27999
2022-11-14,29.85,29.85,29.85,29.6,29.65,38143
2022-11-15,29.7,29.7,29.85,29.6,29.6,83797
2022-11-16,29.4,29.4,29.75,29.4,29.65,82023
2022-11-17,29.75,29.75,30.0,29.4,29.4,39266
2022-11-18,30.1,30.1,30.5,29.85,29.85,76083
2022-11-21,30.25,30.25,31.1,30.15,30.3,40602
2022-11-22,30.25,30.25,30.25,30.2,30.2,32395
2022-11-23,30.9,30.9,31.5,30.4,30.4,54151
2022-11-24,31.25,31.25,31.55,31.0,31.5,43114
2022-11-25,31.15,31.15,31.8,31.1,31.5,36122
2022-11-28,30.65,30.65,30.8,30.55,30.8,23067
2022-11-29,30.4,30.4,30.6,30.4,30.55,42080
2022-11-30,30.8,30.8,31.3,30.4,30.4,34235
2022-12-01,31.2,31.2,32.35,31.0,32.0,44260
2022-12-02,31.6,31.6,32.0,31.1,31.5,32330
2022-12-05,32.7,32.7,33.3,32.0,32.0,137428
2022-12-06,32.5,32.5,32.95,32.35,32.6,32127
2022-12-07,32.25,32.25,32.5,32.1,32.5,45173
2022-12-08,32.3,32.3,33.0,32.2,33.0,30050
2022-12-09,32.25,32.25,33.0,32.1,33.0,51032
2022-12-12,32.15,32.15,32.25,32.15,32.25,27012
2022-12-13,32.2,32.2,32.9,32.15,32.9,14160
2022-12-14,32.25,32.25,32.8,32.2,32.2,38040
2022-12-15,31.95,31.95,32.75,31.95,32.75,25000
2022-12-16,31.2,31.2,32.1,31.2,31.5,30160
2022-12-19,30.8,30.8,31.35,30.8,31.0,26629
2022-12-20,30.6,30.6,32.4,30.1,31.8,46050
2022-12-21,30.65,30.65,31.35,30.6,30.6,20495
2022-12-22,30.8,30.8,30.8,30.7,30.8,13568
2022-12-23,30.55,30.55,30.55,30.3,30.4,12061
2022-12-26,30.45,30.45,30.55,30.0,30.55,59082
2022-12-27,30.6,30.6,31.2,30.6,31.2,7046
2022-12-28,30.55,30.55,31.2,30.2,31.2,22055
2022-12-29,30.55,30.55,30.65,30.2,30.3,18029
2022-12-30,30.9,30.9,31.6,30.65,31.6,12479
2023-01-03,31.0,31.0,31.0,30.9,30.9,12037
2023-01-04,30.95,30.95,31.7,30.65,31.25,27045
2023-01-05,30.95,30.95,31.8,30.7,31.8,22656
2023-01-06,30.9,30.9,30.9,30.7,30.8,16312
2023-01-09,31.05,31.05,31.1,30.95,31.1,35545
2023-01-10,31.1,31.1,32.0,31.0,31.25,30080
2023-01-11,31.05,31.05,31.3,31.0,31.1,39242
2023-01-12,31.25,31.25,31.8,31.0,31.2,21046
2023-01-13,30.9,30.9,31.45,30.8,31.45,29481
2023-01-16,30.7,30.7,30.9,30.5,30.85,53433
2023-01-17,30.8,30.8,31.0,30.6,30.7,48541
2023-01-30,31.1,31.1,31.3,30.8,31.2,92088
2023-01-31,31.8,31.8,31.95,31.05,31.1,34018
2023-02-01,31.85,31.85,32.1,31.55,32.0,43420
2023-02-02,31.85,31.85,32.3,31.85,31.95,72281
2023-02-03,31.9,31.9,31.9,31.7,31.8,82361
2023-02-06,32.1,32.1,32.85,31.9,32.85,63097
2023-02-07,32.2,32.2,33.0,32.0,33.0,92898
2023-02-08,32.25,32.25,32.6,32.2,32.6,56306
2023-02-09,32.2,32.2,32.3,32.2,32.25,31104
2023-02-10,32.05,32.05,32.2,31.95,32.2,47276
2023-02-13,32.05,32.05,32.1,32.05,32.1,46231
2023-02-14,32.15,32.15,32.65,32.05,32.1,42020
2023-02-15,32.5,32.5,34.55,32.15,32.15,108528
2023-02-16,32.4,32.4,32.65,32.15,32.5,56837
2023-02-17,32.8,32.8,33.5,32.55,32.8,28324
2023-02-20,32.6,32.6,33.4,32.5,32.8,80867
2023-02-21,32.55,32.55,32.9,32.5,32.6,52152
2023-02-22,32.5,32.5,32.8,32.35,32.5,50266
2023-02-23,32.95,32.95,33.25,32.65,33.0,72214
2023-02-24,33.9,33.9,34.5,33.05,33.2,172059
2023-03-01,35.5,35.5,37.25,34.0,34.0,1188519
2023-03-02,35.9,35.9,36.25,34.8,35.35,244319
2023-03-03,35.5,35.5,36.8,35.5,36.05,188938
2023-03-06,35.55,35.55,35.8,35.4,35.5,123817
2023-03-07,34.7,34.7,35.6,34.4,35.6,203153
2023-03-08,34.8,34.8,35.0,34.7,34.75,79478
2023-03-09,34.75,34.75,34.85,34.7,34.8,51031
2023-03-10,34.8,34.8,35.2,34.65,34.8,87026
2023-03-13,34.3,34.3,34.7,34.0,34.7,109038
2023-03-14,34.3,34.3,34.3,34.1,34.25,22007
2023-03-15,34.8,34.8,35.55,34.35,35.0,30070
2023-03-16,34.45,34.45,35.2,34.35,35.2,47025
2023-03-17,34.6,34.6,34.6,34.3,34.5,41532
2023-03-20,34.9,34.9,35.55,34.8,35.55,20084
2023-03-21,36.0,36.0,36.8,34.9,34.9,111977
2023-03-22,36.4,36.4,38.4,36.4,36.8,235477
2023-03-23,36.45,36.45,36.8,36.0,36.55,96630
2023-03-24,36.4,36.4,36.95,36.4,36.95,53438
2023-03-27,36.45,36.45,36.6,36.1,36.6,61305
2023-03-28,38.0,38.0,40.05,37.25,37.25,1515210
2023-03-29,37.45,37.45,39.0,36.95,38.5,292150
2023-03-30,37.65,37.65,38.25,37.45,38.25,47358
2023-03-31,37.2,37.2,37.9,37.1,37.65,93244
2023-04-06,36.6,36.6,37.2,36.55,37.2,116601
2023-04-07,36.75,36.75,38.6,36.65,37.0,161132
2023-04-10,36.5,36.5,37.0,36.4,36.8,115062
2023-04-11,36.45,36.45,36.6,36.4,36.55,40408
2023-04-12,36.5,36.5,37.0,36.45,36.7,54383
2023-04-13,36.85,36.85,36.95,36.45,36.5,61851
2023-04-14,36.55,36.55,36.9,36.55,36.85,83030
2023-04-17,35.9,35.9,36.6,35.9,36.6,150729
2023-04-18,35.45,35.45,36.0,35.3,36.0,104870
2023-04-19,35.25,35.25,35.85,35.2,35.85,102551
2023-04-20,34.8,34.8,35.25,34.7,35.25,96073
2023-04-21,34.25,34.25,35.35,34.15,35.0,97028
2023-04-24,34.1,34.1,34.7,34.05,34.5,104367
2023-04-25,33.55,33.55,34.65,33.5,34.2,100224
2023-04-26,33.65,33.65,34.0,33.4,34.0,33227
2023-04-27,33.8,33.8,34.0,33.6,33.6,38254
2023-04-28,34.15,34.15,34.6,34.0,34.0,29084
2023-05-02,34.0,34.0,34.2,34.0,34.2,44080
2023-05-03,34.0,34.0,34.15,33.95,34.0,35150
2023-05-04,34.05,34.05,34.55,33.9,34.0,80152
2023-05-05,34.1,34.1,34.7,34.05,34.05,35156
2023-05-08,34.1,34.1,34.45,34.05,34.25,37231
2023-05-09,34.0,34.0,34.2,33.9,34.1,26030
2023-05-10,34.05,34.05,34.1,33.95,33.95,16000
2023-05-11,34.0,34.0,34.2,34.0,34.2,9379
2023-05-12,34.0,34.0,34.45,33.9,34.45,23151
2023-05-15,33.8,33.8,34.05,33.8,34.0,23757
2023-05-16,33.95,33.95,34.45,33.8,34.0,51160
2023-05-17,34.9,34.9,35.2,34.0,34.1,122569
2023-05-18,34.9,34.9,35.2,34.6,35.2,53257
2023-05-19,34.5,34.5,34.9,34.5,34.9,40246
2023-05-22,34.45,34.45,34.95,34.3,34.95,58431
2023-05-23,34.25,34.25,34.65,34.15,34.45,107270
2023-05-24,34.4,34.4,34.5,34.25,34.25,34160
2023-05-25,34.3,34.3,34.35,34.25,34.3,38510
2023-05-26,34.4,34.4,34.6,34.3,34.3,43244
2023-05-29,34.8,34.8,35.4,34.6,34.6,40776
2023-05-30,34.9,34.9,35.25,34.75,34.8,25617
2023-05-31,34.9,34.9,35.0,34.65,34.95,41373
2023-06-01,36.5,36.5,36.7,34.75,34.75,315901
2023-06-02,36.25,36.25,37.5,36.25,37.5,116248
2023-06-05,36.35,36.35,37.05,36.35,37.0,179266
2023-06-06,35.95,35.95,36.4,35.9,36.4,35569
2023-06-07,35.7,35.7,36.45,35.65,36.1,69248
2023-06-08,35.45,35.45,36.1,35.3,35.75,66939
2023-06-09,35.9,35.9,35.95,35.35,35.5,84904
2023-06-12,36.15,36.15,36.55,35.7,35.95,93721
2023-06-13,35.9,35.9,36.3,35.85,36.3,47547
2023-06-14,35.4,35.4,36.0,35.4,36.0,69240
2023-06-15,35.7,35.7,35.8,35.45,35.45,23251
2023-06-16,35.2,35.2,36.4,35.2,36.2,99000
2023-06-19,34.95,34.95,35.2,34.95,35.15,41484
2023-06-20,35.0,35.0,35.2,34.85,34.95,78537
2023-06-21,35.65,35.65,35.65,34.9,35.1,87070
2023-06-26,37.1,37.1,37.8,35.5,35.75,414860
2023-06-27,35.5,35.5,36.6,35.4,36.6,253606
2023-06-28,35.2,35.2,35.65,35.15,35.65,68155
2023-06-29,34.75,34.75,35.65,34.75,35.6,174045
2023-06-30,35.65,35.65,36.3,34.8,34.85,69000
2023-07-03,35.95,35.95,35.95,35.4,35.75,102184
2023-07-04,39.5,39.5,39.5,38.7,38.8,3308010
2023-07-05,40.4,40.4,42.4,39.65,39.95,4069749
2023-07-06,38.8,38.8,40.45,38.45,40.45,900944
2023-07-07,38.3,38.3,39.75,37.75,38.5,534574
2023-07-10,37.15,37.15,39.4,36.85,38.3,502817
2023-07-11,36.7,36.7,37.8,36.35,37.35,278245
2023-07-12,38.55,38.55,40.25,36.55,36.55,1042166
2023-07-13,38.3,38.3,39.9,37.7,38.65,648714
2023-07-14,37.7,37.7,38.3,37.5,38.3,248487
2023-07-17,37.2,37.2,38.2,37.0,38.0,214085
2023-07-18,36.8,36.8,38.0,36.6,37.2,332544
2023-07-19,36.95,36.95,37.65,36.75,36.75,185739
2023-07-20,37.2,37.2,37.45,36.95,36.95,177902
2023-07-21,37.65,37.65,38.9,37.0,37.2,319836
2023-07-24,36.5,36.5,38.15,36.5,37.7,1381235
2023-07-25,39.0,39.0,40.0,36.6,37.0,736975
2023-07-26,38.65,38.65,39.9,38.35,38.85,419240
2023-07-27,38.85,38.85,39.75,38.7,38.7,394914
2023-07-28,39.4,39.4,40.4,38.8,38.9,1029125
2023-07-31,41.25,41.25,43.0,40.0,40.35,1759892
2023-08-01,42.2,42.2,42.8,40.9,42.8,1389435
2023-08-02,42.4,42.4,43.65,42.0,42.75,1263071
2023-08-04,40.3,40.3,42.4,39.3,42.4,824418
2023-08-07,40.1,40.1,41.9,39.8,40.55,517083
2023-08-08,39.75,39.75,40.25,39.25,40.25,339876
2023-08-09,42.2,42.2,42.9,39.8,39.95,841544
2023-08-10,39.6,39.6,42.2,39.4,42.2,641939
2023-08-11,39.5,39.5,40.0,39.0,40.0,372079
2023-08-14,39.05,39.05,39.5,38.2,39.4,420173
2023-08-15,39.8,39.8,40.5,39.2,39.2,353592
2023-08-16,39.0,39.0,39.4,38.55,39.1,445186
2023-08-17,37.8,37.8,38.9,36.6,38.55,1282043
2023-08-18,37.0,37.0,37.9,36.7,37.7,433726
2023-08-21,36.8,36.8,37.3,36.6,37.0,191718
2023-08-22,37.3,37.3,37.4,36.15,37.0,361189
2023-08-23,37.55,37.55,37.6,37.05,37.3,265448
2023-08-24,36.95,36.95,37.95,36.6,37.95,221418
2023-08-25,37.45,37.45,37.45,36.65,36.7,139908
2023-08-28,36.6,36.6,37.75,36.55,37.75,241260
2023-08-29,37.05,37.05,38.35,36.95,37.15,194024
2023-08-30,38.75,38.75,40.2,37.2,37.5,770980
2023-08-31,39.55,39.55,40.0,38.25,38.8,1855568
2023-09-01,39.0,39.0,39.7,38.9,39.55,228579
2023-09-04,42.9,42.9,42.9,40.0,40.45,2933673
2023-09-05,44.2,44.2,45.5,41.35,43.0,6676314
2023-09-06,43.8,43.8,43.85,41.8,43.45,2799499
2023-09-07,41.1,41.1,43.25,40.75,43.0,2590297
2023-09-08,40.35,40.35,41.1,39.7,41.05,1633686
2023-09-11,39.3,39.3,40.55,39.1,40.55,591583
2023-09-12,38.45,38.45,40.5,38.25,39.85,1098453
2023-09-13,37.8,37.8,41.5,37.75,41.5,1232421
2023-09-14,38.8,38.8,39.0,37.8,38.1,755391
2023-09-15,39.85,39.85,40.4,38.45,38.5,701042
2023-09-18,40.0,40.0,41.1,39.55,39.85,548201
2023-09-19,39.8,39.8,40.5,39.7,40.0,494503
2023-09-20,40.05,40.05,40.1,39.3,39.9,341209
2023-09-21,39.6,39.6,41.0,39.6,40.1,632825
2023-09-22,40.5,40.5,40.95,39.15,39.5,482242
2023-09-25,40.85,40.85,41.3,40.35,40.55,315446
2023-09-26,40.9,40.9,41.2,40.05,41.0,422967
2023-09-27,40.1,40.1,41.35,40.0,41.0,812247
2023-09-28,40.95,40.95,41.3,40.35,40.35,611400
2023-10-02,41.9,41.9,41.9,40.55,41.05,692830
2023-10-03,41.65,41.65,42.8,41.35,41.85,967895
2023-10-04,40.5,40.5,42.5,40.4,42.3,1722155
2023-10-05,38.8,38.8,40.8,38.75,40.7,1954659
2023-10-06,38.95,38.95,39.15,38.2,39.15,513729
2023-10-11,37.3,37.3,39.6,37.15,39.35,684321
2023-10-12,37.5,37.5,38.0,37.25,37.9,367822
2023-10-13,36.65,36.65,37.5,36.6,37.5,609286
2023-10-16,35.5,35.5,36.65,35.5,36.6,553961
2023-10-17,35.05,35.05,36.25,35.05,36.25,366903
2023-10-18,34.15,34.15,35.15,34.15,35.1,323405
2023-10-19,34.45,34.45,35.3,34.0,34.1,196182
2023-10-20,33.6,33.6,34.45,33.5,34.35,337549
2023-10-23,34.1,34.1,34.25,33.5,33.6,146395
2023-10-24,34.4,34.4,34.5,33.7,33.9,169315
2023-10-25,34.7,34.7,36.0,34.4,34.4,212525
2023-10-26,33.7,33.7,34.55,33.6,34.55,207380
2023-10-27,34.45,34.45,34.85,33.8,33.9,196426
2023-10-30,35.4,35.4,35.4,34.35,34.35,159224
2023-10-31,33.6,33.6,35.7,33.6,35.4,269499
2023-11-01,33.35,33.35,34.0,33.3,34.0,170528
2023-11-02,34.15,34.15,34.55,33.7,33.7,115151
2023-11-03,34.5,34.5,34.9,34.15,34.2,187084
2023-11-06,35.25,35.25,36.35,34.75,35.8,485512
2023-11-07,35.05,35.05,35.65,35.05,35.65,101870
2023-11-08,35.7,35.7,35.7,35.05,35.05,277262
2023-11-09,35.7,35.7,35.75,35.1,35.7,98394
2023-11-10,35.65,35.65,35.7,34.85,35.65,296405
2023-11-13,34.3,34.3,35.9,33.95,35.9,905557
2023-11-14,34.6,34.6,35.55,34.4,34.5,439944
2023-11-15,34.6,34.6,35.45,34.5,35.4,419334
2023-11-16,34.55,34.55,35.15,34.55,34.9,238436
2023-11-17,34.8,34.8,35.05,34.55,34.6,593285
2023-11-20,33.9,33.9,34.4,33.05,33.7,715232
2023-11-21,33.9,33.9,34.35,33.9,34.05,235399
2023-11-22,33.8,33.8,33.9,33.55,33.9,172572
2023-11-23,33.7,33.7,33.95,33.45,33.9,220238
2023-11-24,33.4,33.4,33.7,33.35,33.7,195517
2023-11-27,32.6,32.6,33.5,32.6,33.5,283247
2023-11-28,33.0,33.0,33.15,32.6,32.6,75819
2023-11-29,32.9,32.9,33.3,32.85,33.3,144150
2023-11-30,33.1,33.1,33.2,32.9,33.0,241920
2023-12-01,33.1,33.1,33.25,32.85,33.15,521926
2023-12-04,32.9,32.9,33.45,32.65,33.2,886619
2023-12-05,32.7,32.7,33.15,32.1,33.15,761113
2023-12-06,32.75,32.75,33.0,32.5,32.65,366297
2023-12-07,32.95,32.95,33.45,32.7,32.75,869241
2023-12-08,31.9,31.9,33.05,31.7,33.0,1008165
2023-12-11,31.65,31.65,32.25,31.45,32.25,394924
2023-12-12,31.75,31.75,31.85,31.05,31.6,398880
2023-12-13,31.05,31.05,31.85,30.95,31.75,431285
2023-12-14,31.2,31.2,31.7,31.0,31.2,382890
2023-12-15,31.25,31.25,32.25,31.25,31.4,588748
2023-12-18,30.65,30.65,32.0,30.4,31.35,1837011
2023-12-19,30.55,30.55,30.9,30.5,30.75,616174
2023-12-20,32.15,32.15,32.55,30.6,30.6,1544711
2023-12-21,31.95,31.95,32.45,31.5,32.15,769288
2023-12-22,32.2,32.2,33.5,32.15,32.3,1883434
2023-12-25,31.85,31.85,32.2,31.3,32.2,854702
2023-12-26,32.1,32.1,32.25,31.4,32.0,626107
2023-12-27,31.8,31.8,32.8,31.7,32.15,869421
2023-12-28,31.6,31.6,31.8,31.3,31.8,535429
2023-12-29,31.65,31.65,31.9,31.5,31.75,200641
2024-01-02,31.85,31.85,32.1,31.55,31.8,475971
2024-01-03,31.15,31.15,31.7,31.0,31.65,672166
2024-01-04,30.15,30.15,30.85,30.0,30.85,1198633
2024-01-05,30.2,30.2,30.8,30.1,30.15,468125
2024-01-08,30.25,30.25,30.6,30.15,30.55,181835
2024-01-09,29.75,29.75,30.35,29.7,30.35,438191
2024-01-10,29.55,29.55,30.0,29.4,29.7,316376
2024-01-11,29.7,29.7,29.85,29.55,29.85,103333
2024-01-12,29.6,29.6,29.85,29.6,29.7,107530
2024-01-15,31.0,31.0,31.1,29.7,29.85,645710
2024-01-16,31.85,31.85,32.6,30.8,31.0,1262453
2024-01-17,30.85,30.85,31.8,30.8,31.7,418461
2024-01-18,30.5,30.5,31.1,30.45,31.0,210017
2024-01-19,30.5,30.5,31.25,30.45,30.7,337588
2024-01-22,30.95,30.95,31.0,30.55,30.8,131722
2024-01-23,31.0,31.0,31.3,30.95,31.05,132635
2024-01-24,31.1,31.1,31.4,30.95,30.95,132203
2024-01-25,30.2,30.2,30.95,30.1,30.95,400094
2024-01-26,30.15,30.15,30.45,30.05,30.2,148239
2024-01-29,30.55,30.55,30.75,30.1,30.2,302761
2024-01-30,31.4,31.4,32.25,30.55,30.8,2825178
2024-01-31,31.0,31.0,31.6,30.9,31.45,633659
2024-02-01,33.0,33.0,33.4,30.85,31.0,2576576
2024-02-02,33.8,33.8,34.85,33.1,33.25,3828539
2024-02-05,32.55,32.55,33.4,32.45,33.3,994959
2024-02-15,32.2,32.2,32.5,31.9,32.3,850473
2024-02-16,32.9,32.9,33.25,32.25,32.25,867055
2024-02-19,32.5,32.5,33.7,32.5,33.25,556964
2024-02-20,31.8,31.8,32.8,31.8,32.8,636136
2024-02-21,31.85,31.85,32.25,31.5,31.85,292985
2024-02-22,31.75,31.75,32.85,31.65,31.85,506702
2024-02-23,31.8,31.8,31.8,31.05,31.75,796204
2024-02-26,31.75,31.75,32.1,31.5,31.85,453360
2024-02-27,31.6,31.6,32.15,31.1,31.9,347195
2024-02-29,31.7,31.7,32.25,31.55,31.55,301006
2024-03-01,30.5,30.5,31.7,30.15,31.7,2439394
2024-03-04,33.2,33.2,33.2,30.5,30.6,2380243
2024-03-05,31.95,31.95,33.4,31.95,33.0,952024
2024-03-06,32.6,32.6,33.5,31.95,32.1,1812071
2024-03-07,31.5,31.5,33.55,31.5,32.75,1298924
2024-03-08,30.5,30.5,31.95,30.4,31.75,1004095
2024-03-11,32.65,32.65,32.75,30.8,30.8,7179777
2024-03-12,35.85,35.85,35.85,32.5,32.6,3411035
2024-03-13,36.15,36.15,37.8,34.7,36.35,10346373
2024-03-14,38.6,38.6,39.75,36.15,36.2,9849699
2024-03-15,38.7,38.7,38.8,37.4,37.9,3208575
2024-03-18,38.6,38.6,40.9,38.4,39.4,3979227
2024-03-19,36.6,36.6,39.2,36.6,38.45,2377850
2024-03-20,35.15,35.15,37.45,34.95,36.45,2634766
2024-03-21,37.1,37.1,37.25,35.55,36.0,2202311
2024-03-22,38.0,38.0,38.55,36.6,37.05,2849506
2024-03-25,38.45,38.45,39.75,37.4,38.0,2603844
2024-03-26,36.2,36.2,39.5,36.0,38.45,3093044
2024-03-27,37.15,37.15,37.4,35.9,36.5,1424940
2024-03-28,39.7,39.7,40.85,37.3,37.3,6756020
2024-03-29,40.2,40.2,41.1,38.7,40.4,4633605
2024-04-01,40.0,40.0,40.75,39.55,39.8,1648112
2024-04-02,41.0,41.0,41.85,39.7,40.0,3320737
2024-04-03,39.65,39.65,40.65,39.2,40.5,1841649
2024-04-08,38.95,38.95,39.65,38.1,39.05,1435570
2024-04-09,38.35,38.35,39.4,38.3,39.4,669782
2024-04-10,37.6,37.6,38.9,37.6,38.75,1278963
2024-04-11,36.85,36.85,37.9,36.8,37.7,1175369
2024-04-12,36.95,36.95,37.55,36.45,36.5,993164
2024-04-15,38.95,38.95,39.8,37.0,37.0,2420019
2024-04-16,37.65,37.65,39.15,37.0,39.05,1920788
2024-04-17,40.6,40.6,41.35,38.1,38.1,3674012
2024-04-18,42.5,42.5,43.95,39.65,40.4,7833381
2024-04-19,41.0,41.0,41.7,39.1,41.5,3976766
2024-04-22,40.2,40.2,41.8,39.5,40.95,2577251
2024-04-23,42.2,42.2,42.9,40.8,40.8,3897575
2024-04-24,42.2,42.2,43.1,41.7,42.8,2659704
2024-04-25,46.4,46.4,46.4,42.1,42.35,12777818
2024-04-26,48.25,48.25,51.0,47.0,48.0,34917639
2024-04-29,46.25,46.25,48.95,45.25,48.6,9777543
2024-04-30,46.65,46.65,48.1,44.8,46.25,6872800
2024-05-02,45.85,45.85,47.4,45.3,46.65,3671254
2024-05-03,44.15,44.15,47.3,44.15,46.9,4138777
2024-05-06,44.45,44.45,45.55,43.4,44.35,4383170
2024-05-07,40.05,40.05,44.7,40.05,44.45,7973323
2024-05-08,39.9,39.9,40.7,39.25,40.05,2795112
2024-05-09,43.85,43.85,43.85,40.1,40.1,9956397
2024-05-10,48.2,48.2,48.2,45.65,46.2,11711062
2024-05-13,47.35,47.35,50.7,46.75,50.0,30305028
2024-05-14,48.3,48.3,50.1,46.1,47.7,18045775
2024-05-15,49.3,49.3,50.2,47.6,48.5,12622799
2024-05-16,54.2,54.2,54.2,49.05,49.5,19019298
2024-05-17,51.9,51.9,54.6,49.55,54.2,38257526
2024-05-20,51.4,51.4,53.6,50.5,52.3,16826752
2024-05-21,53.7,53.7,55.8,51.8,51.9,34620185
2024-05-22,52.8,52.8,54.6,52.4,54.1,14025378
2024-05-23,49.6,49.6,54.6,48.55,52.7,20967240
2024-05-24,49.0,49.0,51.5,48.15,49.0,10811456
2024-05-27,50.1,50.1,50.4,48.8,49.5,8488119
2024-05-28,51.0,51.0,53.5,50.2,50.9,13144190
2024-05-29,50.1,50.1,52.4,50.0,51.5,8851707
2024-05-30,48.75,48.75,50.5,48.7,49.5,4870758
2024-05-31,51.3,51.3,52.3,48.75,48.75,10700852
2024-06-03,50.0,50.0,52.6,50.0,52.0,5685618
2024-06-04,47.65,47.65,50.3,46.25,49.75,8247358
2024-06-05,45.95,45.95,48.25,45.5,48.25,5398039
2024-06-06,45.15,45.15,47.1,44.5,46.7,3859548
2024-06-07,45.7,45.7,46.5,45.35,45.5,2083590
2024-06-11,44.2,44.2,46.3,43.4,45.75,3348499
2024-06-12,42.6,42.6,44.75,41.8,44.75,4274417
2024-06-13,46.85,46.85,46.85,42.0,42.4,6726953
2024-06-14,46.3,46.3,48.55,46.0,47.0,12067663
2024-06-17,45.75,45.75,47.0,45.5,45.85,2659418
2024-06-18,44.75,44.75,46.35,44.25,45.9,2273067
2024-06-19,43.6,43.6,45.7,43.2,45.0,2358266
2024-06-20,44.25,44.25,45.5,43.8,44.4,1716172
2024-06-21,44.35,44.35,45.0,43.65,44.0,1351426
2024-06-24,43.5,43.5,45.8,43.5,43.9,2043342
2024-06-25,43.15,43.15,44.2,42.5,43.8,1112856
2024-06-26,42.8,42.8,45.2,42.8,43.5,3078017
2024-06-27,41.8,41.8,42.9,41.8,42.8,1715351
2024-06-28,41.95,41.95,42.7,41.75,42.4,1001675
2024-07-01,41.4,41.4,42.9,41.4,42.45,1246760
2024-07-02,41.95,41.95,42.6,41.0,41.45,1386487
2024-07-03,41.65,41.65,42.8,41.65,42.4,1178120
2024-07-04,39.9,39.9,41.65,39.35,41.65,4290244
2024-07-05,40.7,40.7,41.45,39.9,39.95,1985864
2024-07-08,39.65,39.65,41.15,39.55,40.7,1777776
2024-07-09,39.15,39.15,39.95,38.55,39.9,1611782
2024-07-10,39.15,39.15,40.15,39.05,39.25,833155
2024-07-11,39.1,39.1,39.75,39.05,39.4,813710
2024-07-12,40.1,40.1,40.8,39.05,39.35,1748880
2024-07-15,40.25,40.25,41.45,39.55,40.15,1414092
2024-07-16,39.85,39.85,40.75,39.8,40.25,746478
2024-07-17,41.05,41.05,41.95,39.7,39.85,2078778
2024-07-18,39.85,39.85,41.25,39.85,41.25,1023726
2024-07-19,38.25,38.25,40.0,38.25,39.95,1082903
2024-07-22,37.35,37.35,38.7,37.0,38.1,1588029
2024-07-23,36.75,36.75,38.1,36.7,37.7,1035057
2024-07-26,35.65,35.65,36.2,35.05,36.15,1167765
2024-07-29,35.0,35.0,36.65,34.85,36.4,1127175
2024-07-30,34.95,34.95,35.4,34.25,34.95,834775
2024-07-31,34.45,34.45,34.9,34.2,34.8,738500
2024-08-01,34.75,34.75,35.35,34.65,34.8,780860
2024-08-02,33.0,33.0,34.2,33.0,34.2,1445061
2024-08-05,29.7,29.7,30.85,29.7,29.95,1934596
2024-08-06,28.5,28.5,29.6,26.75,28.75,3186489
2024-08-07,30.2,30.2,30.9,28.55,28.55,968941
2024-08-08,29.25,29.25,29.8,29.0,29.4,908545
2024-08-09,29.95,29.95,30.35,29.8,29.8,818859
2024-08-12,30.15,30.15,30.7,29.8,30.25,505507
2024-08-13,29.9,29.9,30.45,29.7,30.45,339751
2024-08-14,30.05,30.05,30.45,29.0,30.1,632789
2024-08-15,30.0,30.0,30.15,29.65,29.8,459756
2024-08-16,29.75,29.75,30.4,29.75,30.35,1016895
2024-08-19,29.7,29.7,30.05,29.4,30.05,656803
2024-08-20,30.2,30.2,30.5,29.6,30.0,925089
2024-08-21,29.75,29.75,30.5,29.6,30.2,685712
2024-08-22,29.6,29.6,30.05,29.6,29.8,429162
2024-08-23,29.4,29.4,29.85,28.7,29.85,900397
2024-08-26,29.55,29.55,29.8,29.2,29.6,641386
2024-08-27,29.3,29.3,29.65,29.15,29.5,286096
2024-08-28,29.3,29.3,29.6,29.0,29.25,543524
2024-08-29,29.1,29.1,29.5,28.9,29.5,316646
2024-08-30,32.0,32.0,32.0,29.2,29.35,2239940
2024-09-02,35.2,35.2,35.2,35.2,35.2,1202982
2024-09-03,34.4,34.4,36.2,33.3,35.2,12637987
2024-09-04,32.65,32.65,33.4,31.6,32.5,3168282
2024-09-05,32.6,32.6,34.75,31.8,33.35,2575816
2024-09-06,31.6,31.6,33.5,31.45,32.8,1576533
2024-09-09,31.45,31.45,31.5,30.3,30.8,930707
2024-09-10,30.15,30.15,32.1,29.7,32.1,1328415
2024-09-11,30.1,30.1,30.75,29.9,30.35,411510
2024-09-12,30.8,30.8,31.15,30.25,30.35,465869
2024-09-13,31.15,31.15,31.95,30.7,31.6,482303
2024-09-16,32.8,32.8,33.4,31.2,31.2,1469900
2024-09-18,32.3,32.3,33.9,32.2,32.9,1253712
2024-09-19,32.35,32.35,32.6,32.05,32.3,494442
2024-09-20,31.55,31.55,32.9,31.55,32.7,568574
2024-09-23,31.65,31.65,32.1,31.05,31.55,734599
2024-09-24,31.25,31.25,32.4,31.2,31.7,782645
2024-09-25,31.6,31.6,31.9,31.35,31.35,739738
2024-09-26,30.7,30.7,31.7,30.65,31.65,615920
2024-09-27,33.1,33.1,33.75,31.15,31.15,5625379
2024-09-30,33.1,33.1,33.75,32.25,33.0,2053572
2024-10-01,33.55,33.55,34.0,33.0,33.8,1079137
2024-10-04,32.8,32.8,33.4,32.15,33.4,778457
2024-10-07,32.85,32.85,33.1,31.95,32.75,729435
2024-10-08,32.0,32.0,32.85,31.9,32.85,525888
2024-10-09,30.7,30.7,32.5,30.6,32.5,878923
2024-10-11,30.5,30.5,31.65,30.05,31.65,867575
2024-10-14,33.55,33.55,33.55,30.2,30.65,5816613
2024-10-15,36.3,36.3,36.9,33.3,33.7,16925002
2024-10-16,37.0,37.0,37.8,35.8,35.9,12855020
2024-10-17,36.35,36.35,37.8,36.15,37.1,7233383
2024-10-18,35.4,35.4,36.95,35.2,36.5,3717335
2024-10-21,34.95,34.95,35.75,34.7,35.35,2202540
2024-10-22,36.05,36.05,36.5,34.85,34.9,3050408
2024-10-23,35.45,35.45,36.85,35.3,36.05,1703053
2024-10-24,33.95,33.95,35.45,33.9,35.05,1522575
2024-10-25,33.4,33.4,34.95,33.3,34.1,1026553
2024-10-28,32.5,32.5,33.5,32.3,33.5,1104278
2024-10-29,32.3,32.3,33.35,31.8,32.5,969840
2024-10-30,32.7,32.7,33.65,32.25,32.75,826820
2024-11-01,32.8,32.8,32.95,31.65,31.7,424504
2024-11-04,31.8,31.8,33.5,31.8,33.5,706803
2024-11-05,31.15,31.15,31.95,31.1,31.8,938003
2024-11-06,31.65,31.65,32.4,31.25,31.45,582668
2024-11-07,32.15,32.15,32.65,31.5,31.55,582636
2024-11-08,31.15,31.15,32.55,31.1,32.55,763069
2024-11-11,31.55,31.55,31.65,30.7,31.4,518968
2024-11-12,31.25,31.25,31.8,30.8,31.55,484348
2024-11-13,31.0,31.0,31.6,31.0,31.25,309592
2024-11-14,30.15,30.15,31.4,30.0,31.4,660648
2024-11-15,30.5,30.5,32.25,30.45,30.45,861792
2024-11-18,31.25,31.25,31.95,30.5,30.5,1006315
2024-11-19,31.35,31.35,31.55,30.95,31.3,563479
2024-11-20,31.0,31.0,31.65,30.8,31.65,411516
2024-11-21,31.3,31.3,31.8,31.0,31.5,366518
2024-11-22,31.15,31.15,31.95,31.15,31.35,392729
2024-11-25,32.1,32.1,33.0,31.3,31.45,956072
2024-11-26,31.7,31.7,32.15,31.6,32.15,238751
2024-11-27,30.6,30.6,31.95,30.55,31.85,542252
2024-11-28,30.1,30.1,30.6,29.35,30.4,1024470
2024-11-29,30.1,30.1,30.3,29.85,30.1,367359
2024-12-02,30.05,30.05,30.6,30.0,30.6,316251
2024-12-03,30.6,30.6,30.85,30.05,30.1,406866
2024-12-04,30.55,30.55,30.8,30.15,30.45,354904
2024-12-05,29.4,29.4,30.55,29.25,30.55,1041213
2024-12-06,29.1,29.1,29.65,29.0,29.0,646063
2024-12-09,29.1,29.1,29.65,28.8,29.1,597867
2024-12-10,29.3,29.3,29.55,29.0,29.35,309052
2024-12-11,29.35,29.35,29.65,28.9,29.45,429505
2024-12-12,28.9,28.9,29.75,28.8,29.45,378730
2024-12-13,27.6,27.6,29.2,27.15,29.2,899740
2024-12-16,27.3,27.3,28.15,27.05,27.85,656959
2024-12-17,27.1,27.1,27.8,27.1,27.25,366485
2024-12-18,27.55,27.55,27.8,26.5,27.1,438508
2024-12-19,26.95,26.95,27.6,26.8,27.55,504915
2024-12-20,26.65,26.65,27.25,26.6,27.05,351452
2024-12-23,27.5,27.5,28.5,26.7,26.7,763125
2024-12-24,27.3,27.3,28.2,27.3,27.8,403814
2024-12-25,27.8,27.8,27.9,27.4,27.85,258426
2024-12-26,28.0,28.0,28.5,27.8,28.0,335401
2024-12-27,28.1,28.1,28.15,27.35,28.15,296564
2024-12-30,28.1,28.1,28.85,27.85,28.1,290100
2024-12-31,27.7,27.7,28.1,27.4,28.1,168820
2025-01-02,30.45,30.45,30.45,27.9,27.9,2322663
2025-01-03,29.25,29.25,30.8,29.0,30.45,2558234
2025-01-06,29.65,29.65,30.25,29.25,29.85,621060
2025-01-07,28.75,28.75,29.75,28.75,29.7,451332
2025-01-08,29.9,29.9,29.9,28.65,28.95,609972
2025-01-09,28.5,28.5,29.9,28.5,29.9,310372
2025-01-10,28.1,28.1,28.6,27.9,28.3,256875
2025-01-13,27.0,27.0,28.0,26.8,28.0,698235
2025-01-14,27.2,27.2,27.3,26.9,27.05,166438
2025-01-15,27.35,27.35,27.6,27.0,27.2,258620
2025-01-16,27.45,27.45,28.05,27.25,27.6,188408
2025-01-17,27.65,27.65,27.75,27.45,27.5,165214
2025-01-20,28.3,28.3,28.35,27.2,27.6,287020
2025-01-21,29.6,29.6,30.75,28.1,28.1,1751201
2025-01-22,29.75,29.75,30.2,29.15,30.2,533883
2025-02-03,29.15,29.15,29.5,28.85,29.0,269950
2025-02-04,29.25,29.25,29.45,28.95,29.3,231903
2025-02-05,29.7,29.7,29.85,29.5,29.5,266108
2025-02-06,29.75,29.75,30.0,29.45,30.0,139664
2025-02-07,29.75,29.75,30.0,29.55,30.0,167505
2025-02-10,29.85,29.85,30.25,29.55,29.75,489189
2025-02-11,29.3,29.3,29.9,29.3,29.85,180034
2025-02-12,30.45,30.45,31.95,29.35,29.35,1145249
2025-02-13,31.0,31.0,31.3,30.5,30.5,666290
2025-02-14,30.7,30.7,31.1,29.8,31.0,402284
2025-02-17,30.75,30.75,31.2,30.35,30.95,260075
2025-02-18,30.6,30.6,30.75,30.3,30.75,247400
2025-02-19,31.5,31.5,31.8,30.75,30.75,737875
2025-02-20,31.55,31.55,31.85,31.2,31.45,372788
2025-02-21,31.55,31.55,31.75,31.25,31.5,453977
2025-02-24,31.8,31.8,32.3,31.0,31.5,494500
2025-02-25,31.65,31.65,32.15,31.5,31.5,359874
2025-02-26,31.9,31.9,32.05,31.45,31.85,605425
2025-02-27,31.15,31.15,32.05,31.1,31.85,723570
2025-03-03,30.7,30.7,31.7,30.35,30.7,688451
2025-03-04,29.65,29.65,30.6,29.15,30.6,710728
2025-03-05,30.0,30.0,30.25,29.35,29.6,312062
2025-03-06,29.45,29.45,29.9,29.2,29.9,380007
2025-03-07,30.85,30.85,31.8,29.45,29.6,1619529
2025-03-10,30.0,30.0,30.9,29.7,30.9,572852
2025-03-11,30.1,30.1,30.2,28.6,29.95,608201
2025-03-12,30.15,30.15,30.5,29.9,30.2,361648
2025-03-13,29.8,29.8,31.3,29.8,30.3,567254
2025-03-14,30.1,30.1,30.65,29.5,30.35,252483
2025-03-17,30.05,30.05,30.75,30.05,30.5,174249
2025-03-18,30.1,30.1,30.9,29.4,30.9,530580
2025-03-19,30.6,30.6,30.6,29.7,30.1,424407
2025-03-20,32.3,32.3,32.3,30.9,30.95,1930316
2025-03-21,31.9,31.9,33.65,31.6,32.45,1851357
2025-03-24,32.0,32.0,32.7,31.75,31.9,687437
2025-03-25,31.75,31.75,32.7,31.7,32.25,575260
2025-03-26,31.55,31.55,32.0,31.3,31.75,325850
2025-03-27,30.75,30.75,31.35,30.75,31.3,311440
2025-03-28,30.8,30.8,30.9,30.15,30.9,434336
2025-03-31,28.05,28.05,30.55,27.75,30.55,1769977
2025-04-01,28.25,28.25,28.75,27.85,28.1,304923
2025-04-02,29.0,29.0,29.2,27.65,28.6,357292
2025-04-07,26.1,26.1,26.1,26.1,26.1,47767
2025-04-08,23.5,23.5,24.5,23.5,23.9,1136527
2025-04-09,21.15,21.15,22.7,21.15,22.4,1085934
2025-04-10,23.25,23.25,23.25,22.3,22.6,961262
2025-04-11,22.75,22.75,23.25,20.95,21.0,740606
2025-04-14,22.9,22.9,24.8,22.8,23.1,639136
2025-04-15,24.25,24.25,24.45,23.25,23.25,419854
2025-04-16,24.3,24.3,24.8,23.8,24.2,396069
2025-04-17,24.2,24.2,24.95,23.85,24.1,315194
2025-04-18,23.85,23.85,24.45,23.8,24.45,195393
2025-04-21,23.0,23.0,23.55,23.0,23.55,200710
2025-04-22,22.3,22.3,23.15,22.3,22.85,242091
2025-04-23,23.45,23.45,23.65,23.0,23.3,245331
2025-04-24,23.35,23.35,23.9,23.35,23.5,113547
2025-04-25,23.95,23.95,24.4,23.8,23.95,283052
2025-04-28,24.6,24.6,24.75,24.0,24.0,301661
2025-04-29,24.95,24.95,25.25,24.4,24.75,208753
2025-04-30,25.2,25.2,26.55,25.1,25.15,358836
2025-05-02,25.5,25.5,25.8,25.2,25.45,384774
2025-05-05,24.15,24.15,25.7,23.9,25.7,293690
2025-05-06,24.3,24.3,24.45,24.15,24.15,74446
2025-05-07,24.75,24.75,24.85,24.3,24.3,189575
2025-05-08,24.95,24.95,25.4,24.7,24.85,118510
2025-05-09,25.05,25.05,25.05,24.5,24.95,194620
2025-05-12,25.75,25.75,25.85,25.05,25.05,253648
2025-05-13,25.6,25.6,26.45,25.55,26.15,132453
2025-05-14,25.85,25.85,26.05,25.6,25.95,201644
2025-05-15,25.8,25.8,25.85,25.4,25.85,173392
2025-05-16,26.15,26.15,26.2,25.7,25.8,208102
2025-05-19,26.15,26.15,26.6,26.05,26.15,242215
2025-05-20,25.9,25.9,26.5,25.8,26.25,168166
2025-05-21,26.15,26.15,26.45,25.9,25.9,160372
2025-05-22,25.95,25.95,26.15,25.75,26.15,111755
2025-05-23,26.4,26.4,26.45,26.05,26.3,203798
2025-05-26,25.35,25.35,26.55,25.35,26.55,265964
2025-05-27,25.05,25.05,25.6,25.0,25.35,158211
2025-05-28,25.0,25.0,25.6,24.85,25.5,144719
2025-05-29,25.05,25.05,25.35,25.0,25.25,188074
2025-06-02,24.15,24.15,25.25,24.0,25.25,386997
2025-06-03,24.65,24.65,24.9,24.15,24.2,113326
2025-06-04,24.45,24.45,24.85,24.4,24.4,245026
2025-06-05,24.75,24.75,25.05,24.25,24.45,130656
2025-06-06,24.8,24.8,25.15,24.6,25.05,107861
2025-06-09,23.8,23.8,24.8,23.7,24.8,427961
2025-06-10,24.3,24.3,24.5,23.8,23.8,184880
2025-06-11,24.7,24.7,24.7,24.3,24.5,181913
2025-06-12,24.9,24.9,25.1,24.4,25.0,133522
2025-06-13,24.35,24.35,25.05,24.2,25.05,126739
2025-06-16,24.45,24.45,24.55,23.9,24.4,174786
2025-06-17,24.6,24.6,24.7,24.25,24.45,159537
2025-06-18,24.3,24.3,24.65,24.25,24.6,123503
2025-06-19,23.5,23.5,24.5,23.5,24.5,317628
2025-06-20,22.9,22.9,24.1,22.75,24.1,267260
2025-06-23,22.5,22.5,22.75,21.9,22.75,164832
2025-06-24,23.3,23.3,23.55,22.3,22.9,233173
2025-06-25,23.3,23.3,23.7,23.1,23.55,217332
2025-06-26,25.6,25.6,25.6,23.3,23.3,890735
2025-06-27,24.9,24.9,27.05,24.65,26.05,1506689
2025-06-30,24.5,24.5,25.0,24.35,25.0,205384
2025-07-01,25.5,25.5,26.45,24.5,24.65,463823
2025-07-02,25.35,25.35,25.7,25.2,25.3,171226
2025-07-03,25.2,25.2,25.8,25.2,25.35,161539
2025-07-04,24.5,24.5,25.55,24.35,25.55,262294
2025-07-07,23.4,23.4,24.7,23.2,24.7,377473
2025-07-08,23.75,23.75,24.0,23.1,23.4,267195
2025-07-09,24.0,24.0,24.45,23.75,24.15,205140
2025-07-10,24.75,24.75,25.0,24.2,24.3,451894
2025-07-11,24.55,24.55,25.0,24.55,24.9,86043
2025-07-14,24.05,24.05,24.55,24.05,24.55,152170
2025-07-15,24.15,24.15,24.4,23.8,24.35,235700
2025-07-16,24.8,24.8,25.0,23.85,24.2,242281
2025-07-17,25.0,25.0,25.45,25.0,25.1,168844
2025-07-18,24.85,24.85,25.2,24.75,25.05,115423
2025-07-21,24.9,24.9,25.15,24.7,24.8,82876
2025-07-22,24.2,24.2,25.2,24.2,25.2,208970
2025-07-23,24.9,24.9,25.3,24.6,24.6,163992
2025-07-24,25.0,25.0,25.05,24.7,25.0,117274
2025-07-25,25.05,25.05,25.3,24.8,24.85,160518
2025-07-28,25.15,25.15,25.5,24.85,25.25,193170
2025-07-29,24.8,24.8,25.7,24.8,25.25,189700
2025-07-30,24.85,24.85,24.9,24.4,24.55,173459
2025-07-31,24.5,24.5,24.85,24.45,24.85,126380
2025-08-01,25.0,25.0,25.3,23.85,24.15,239563
2025-08-04,25.25,25.25,25.95,24.65,24.65,342910
2025-08-05,25.4,25.4,25.7,25.35,25.5,122536
2025-08-06,25.5,25.5,25.7,25.2,25.55,99261
2025-08-07,25.3,25.3,25.8,25.2,25.5,165664
2025-08-08,25.2,25.2,25.6,25.2,25.55,218875
2025-08-11,25.1,25.1,25.45,25.0,25.2,130531
2025-08-12,25.05,25.05,25.35,25.0,25.3,154029
2025-08-13,25.55,25.55,25.8,25.25,25.5,422621
2025-08-14,25.4,25.4,25.75,25.15,25.5,216561
2025-08-15,25.3,25.3,25.65,25.15,25.65,282023
2025-08-18,26.35,26.35,27.1,25.6,25.6,1055734
2025-08-19,26.15,26.15,26.55,25.95,26.2,420010
2025-08-20,25.45,25.45,26.3,25.4,26.2,395739
2025-08-21,26.4,26.4,26.7,25.5,25.5,389179
2025-08-22,25.8,25.8,26.6,25.75,26.4,241655
2025-08-25,26.1,26.1,26.7,26.0,26.15,182335
2025-08-26,26.1,26.1,26.4,26.0,26.25,629303
2025-08-27,26.0,26.0,26.6,25.9,26.3,515974
2025-08-28,26.0,26.0,26.2,25.75,26.05,284249
2025-08-29,25.75,25.75,26.15,25.5,26.05,559688
2025-09-01,25.0,25.0,25.85,24.95,25.65,452947
2025-09-02,25.2,25.2,25.25,24.5,25.05,354891
2025-09-03,26.0,26.0,26.9,25.25,25.3,840296
2025-09-04,25.8,25.8,26.6,25.7,26.2,182800
2025-09-05,25.45,25.45,25.75,25.35,25.75,196961
2025-09-08,26.1,26.1,26.3,25.55,25.7,307416
2025-09-09,25.45,25.45,26.3,25.45,26.3,204471
2025-09-10,25.25,25.25,25.45,25.05,25.45,278042
2025-09-11,24.85,24.85,25.4,24.85,25.25,334652
2025-09-12,25.4,25.4,25.6,25.0,25.05,272998
2025-09-15,26.4,26.4,26.7,24.85,25.7,694884
2025-09-16,26.4,26.4,26.7,25.8,26.7,377246
2025-09-17,26.7,26.7,27.3,26.5,26.55,530506
2025-09-18,28.0,28.0,28.1,26.65,26.7,1053680
2025-09-19,27.6,27.6,29.25,27.45,28.3,1481795
2025-09-22,29.15,29.15,29.4,27.8,27.8,1191357
2025-09-23,28.3,28.3,29.4,28.2,29.3,695903
2025-09-24,29.0,29.0,29.15,27.95,28.3,601410
2025-09-25,29.0,29.0,29.7,28.7,29.0,619119
2025-09-26,29.0,29.0,29.15,28.3,29.1,503018
2025-09-30,30.7,30.7,30.8,29.2,29.2,882929
2025-10-01,31.45,31.45,31.75,30.2,30.7,1481860
2025-10-02,31.6,31.6,32.1,31.2,31.7,848795
2025-10-03,31.3,31.3,31.8,30.7,31.8,792602
2025-10-07,31.95,31.95,32.95,31.4,31.75,1288040
2025-10-08,33.7,33.7,34.0,31.7,31.95,1904554
2025-10-09,34.25,34.25,36.35,34.0,34.5,2616778
2025-10-13,34.8,34.8,34.95,32.45,32.5,1315859
2025-10-14,33.7,33.7,36.2,33.4,36.2,1677153
2025-10-15,35.25,35.25,35.65,33.5,34.2,1857378
2025-10-16,37.2,37.2,37.2,35.8,35.9,2312148
2025-10-17,36.6,36.6,37.7,36.2,37.0,1623065
2025-10-20,37.9,37.9,38.2,36.6,36.7,1721562
2025-10-21,37.05,37.05,38.7,36.75,37.95,1639525
2025-10-22,37.8,37.8,38.0,36.1,36.75,1200722
2025-10-23,37.55,37.55,38.1,37.4,37.95,691345
2025-10-27,37.9,37.9,38.5,37.6,37.9,1261574
2025-10-28,38.2,38.2,38.35,37.0,37.85,1147878
2025-10-29,37.9,37.9,38.85,37.7,38.5,1068602
2025-10-30,36.85,36.85,38.3,36.6,38.3,1212809
2025-10-31,36.5,36.5,37.15,35.9,36.85,1328052
2025-11-03,37.05,37.05,38.35,36.35,36.5,1387863
2025-11-04,37.4,37.4,38.8,37.2,38.0,2026203
2025-11-05,37.0,37.0,37.5,36.0,37.2,851984
2025-11-06,35.2,35.2,37.2,34.7,37.2,1515031
2025-11-07,34.8,34.8,35.5,34.65,34.75,878103
2025-11-10,35.55,35.55,35.9,34.8,35.2,507828
2025-11-11,34.95,34.95,35.35,34.7,35.2,721671
2025-11-12,34.8,34.8,35.5,34.65,35.2,510290
2025-11-13,35.45,35.45,35.95,33.85,34.7,898924
2025-11-14,36.1,36.1,36.45,34.75,34.75,489393
2025-11-17,38.3,38.3,38.6,36.7,36.7,1914450
2025-11-18,37.75,37.75,38.3,37.1,38.0,915407
2025-11-19,35.15,35.15,37.85,35.0,37.85,1379577
2025-11-20,36.35,36.35,36.45,35.5,35.5,647661
2025-11-21,34.95,34.95,36.4,34.75,35.5,654531
2025-11-24,35.5,35.5,36.05,34.8,35.7,322827
2025-11-25,35.5,35.5,36.3,35.1,35.65,460149
2025-11-26,35.75,35.75,36.45,35.6,35.9,278518
2025-11-27,36.2,36.2,36.2,35.45,36.15,272064
2025-11-28,36.3,36.3,36.8,36.25,36.8,272485
2025-12-01,37.05,37.05,37.8,36.55,36.55,572905
2025-12-02,37.5,37.5,38.0,36.85,37.05,629722
2025-12-03,38.1,38.1,38.25,37.65,37.7,639546
2025-12-04,40.85,40.85,41.9,39.0,41.9,4043320
2025-12-05,39.1,39.1,40.65,38.65,40.65,1622534
2025-12-08,38.0,38.0,39.25,36.85,39.1,1727962
2025-12-09,38.9,38.9,39.4,37.75,38.05,602716
2025-12-10,37.9,37.9,39.5,37.9,39.4,606041
2025-12-11,37.7,37.7,38.85,37.5,38.85,690183
2025-12-12,38.0,38.0,38.35,37.3,37.75,794188
2025-12-15,37.9,37.9,38.9,37.5,37.9,479989
2025-12-16,37.1,37.1,38.0,36.4,37.7,631657
2025-12-17,36.3,36.3,37.45,36.3,37.1,625788
2025-12-18,37.35,37.35,37.8,36.0,36.0,576298
2025-12-19,37.75,37.75,38.3,37.45,37.45,481685
2025-12-22,37.8,37.8,38.15,37.65,37.85,334673
2025-12-23,37.5,37.5,38.35,37.3,37.9,391409
2025-12-24,37.1,37.1,37.7,36.9,37.5,264978
2025-12-26,36.8,36.8,37.2,36.75,37.05,304341
2025-12-29,35.75,35.75,36.8,35.7,36.2,831773
2025-12-30,36.05,36.05,36.2,35.35,35.75,319878
2025-12-31,36.65,36.65,36.7,35.9,36.1,246890
2026-01-02,37.2,37.2,37.85,36.8,36.8,420160
2026-01-05,35.65,35.65,38.8,35.65,38.7,1316116
2026-01-06,34.3,34.3,35.65,33.85,35.65,1288078
2026-01-07,34.7,34.7,35.1,34.05,34.4,402077
2026-01-08,34.5,34.5,35.0,34.25,34.75,230243
2026-01-09,34.7,34.7,34.8,34.25,34.55,252246
2026-01-12,34.25,34.25,35.2,34.1,35.2,294975
2026-01-13,34.95,34.95,34.95,33.75,34.25,698243
2026-01-14,35.85,35.85,36.4,35.1,35.1,589241
2026-01-15,36.3,36.3,36.5,35.4,35.55,383515
2026-01-16,37.2,37.2,37.8,36.5,36.5,1028374
2026-01-19,37.3,37.3,38.5,36.55,37.65,1002761
2026-01-20,36.45,36.45,37.9,36.25,37.9,460301
2026-01-21,35.8,35.8,36.25,35.6,35.75,390727
2026-01-22,34.7,34.7,36.3,34.5,35.9,707253
2026-01-23,34.0,34.0,35.15,33.55,35.15,644217
2026-01-26,33.55,33.55,34.05,33.3,34.0,502556
2026-01-27,33.55,33.55,33.7,33.2,33.7,325463
2026-01-28,32.7,32.7,33.8,32.65,33.5,620192
2026-01-29,32.45,32.45,32.95,32.0,32.7,319731
2026-01-30,32.0,32.0,32.35,31.7,32.3,334940
2026-02-02,30.5,30.5,32.0,30.5,32.0,482309
2026-02-03,30.8,30.8,31.3,30.65,31.0,205674
2026-02-04,30.55,30.55,31.0,30.2,31.0,444588
2026-02-05,30.3,30.3,30.7,30.15,30.55,290929
2026-02-06,29.85,29.85,30.5,29.45,30.5,417280
2026-02-09,29.8,29.8,30.35,29.7,30.35,205871
2026-02-10,30.2,30.2,30.3,29.8,30.0,156231
2026-02-11,29.8,29.8,30.25,29.6,30.2,360078
2026-02-23,29.45,29.45,30.25,29.1,29.8,323049
2026-02-24,29.75,29.75,29.9,29.5,29.5,212751
2026-02-25,29.5,29.5,29.8,29.3,29.75,283353
2026-02-26,29.1,29.1,29.6,29.05,29.45,714953
2026-03-02,30.2,30.2,30.4,28.5,28.85,436638
2026-03-03,29.0,29.0,30.6,28.5,30.2,514843
2026-03-04,28.0,28.0,29.0,27.4,29.0,384094
2026-03-05,30.05,30.05,30.6,28.3,28.3,404796
2026-03-06,29.95,29.95,30.25,29.7,29.7,201684
2026-03-09,28.2,28.2,29.15,27.95,29.15,236578
2026-03-10,29.15,29.15,29.55,28.9,29.5,274725
2026-03-11,29.85,29.85,30.5,29.3,29.3,250946
2026-03-12,29.35,29.35,29.55,28.9,29.45,183862
2026-03-13,28.9,28.9,29.25,28.8,29.0,123791
2026-03-16,29.35,29.35,30.4,28.7,29.25,409898
2026-03-17,29.2,29.2,30.75,29.15,30.75,341659
2026-03-18,29.15,29.15,29.55,28.8,29.5,162682
2026-03-19,31.5,31.5,32.0,29.25,29.25,1473850
2026-03-20,31.85,31.85,32.9,30.85,32.3,1425473
2026-03-23,30.9,30.9,32.35,30.5,31.85,650711
2026-03-24,31.6,31.6,32.3,31.25,31.7,747682
2026-03-25,30.4,30.4,32.35,30.35,32.35,685908
2026-03-26,29.85,29.85,30.8,29.85,30.45,257436
2026-03-27,29.5,29.5,29.7,28.65,29.55,369854
2026-03-30,30.2,30.2,31.1,29.0,29.7,456686
2026-03-31,28.45,28.45,30.3,28.45,30.2,557743
2026-04-01,29.0,29.0,29.4,28.55,29.35,276078
2026-04-02,28.2,28.2,29.0,28.2,29.0,220308
2026-04-07,27.85,27.85,28.45,27.8,28.25,307868
2026-04-08,28.0,28.0,28.5,28.0,28.15,216182
2026-04-09,27.1,27.1,28.0,27.05,28.0,298856
2026-04-10,27.55,27.55,28.2,27.0,28.2,211710
2026-04-13,28.15,28.15,28.6,27.3,28.1,234448
2026-04-14,28.15,28.15,28.45,27.7,28.25,407552
2026-04-15,28.35,28.35,28.75,27.95,28.7,336390
2026-04-16,27.9,27.9,28.6,27.75,28.6,364186
2026-04-17,28.45,28.45,29.0,27.9,27.9,310681
2026-04-20,29.5,29.5,29.75,28.45,28.45,667999
2026-04-21,29.05,29.05,29.75,28.85,29.75,388016
2026-04-22,31.95,31.95,31.95,29.4,29.7,1632915
2026-04-23,33.6,33.6,35.1,32.0,32.0,7727602
2026-04-24,32.2,32.2,33.8,30.8,33.8,1817839
2026-04-27,31.65,31.65,32.05,30.45,31.75,1311131
2026-04-28,31.15,31.15,31.65,31.0,31.35,490701
2026-04-29,30.05,30.05,32.2,29.65,31.2,1498975
2026-04-30,29.8,29.8,30.35,29.7,30.05,627872
2026-05-04,29.8,29.8,31.5,29.7,29.9,932504
2026-05-05,31.2,31.2,31.4,30.3,30.9,788643
2026-05-06,30.25,30.25,31.5,30.0,31.5,608422
2026-05-07,30.7,30.7,30.7,29.7,30.3,762352
2026-05-08,29.65,29.65,30.9,29.5,30.9,583442
2026-05-11,31.15,31.15,31.65,29.8,30.0,1164538
2026-05-12,34.25,34.25,34.25,31.85,32.1,3186032
2026-05-13,33.3,33.3,37.65,33.05,33.9,4622424
2026-05-14,32.85,32.85,33.2,31.75,32.8,1171966
2026-05-15,34.3,34.3,36.1,32.4,32.55,3588698
2026-05-18,33.45,33.45,34.1,32.6,33.6,1131763
2026-05-19,33.35,33.35,34.7,32.7,33.15,944873
2026-05-20,33.55,33.55,34.05,32.85,33.45,628118
2026-05-21,36.9,36.9,36.9,33.9,34.2,3783574
2026-05-22,37.85,37.85,39.05,37.25,38.5,5313613
2026-05-25,38.05,38.05,39.9,37.0,38.55,3125750
2026-05-26,36.95,36.95,38.8,36.1,38.8,2498561
2026-05-27,36.35,36.35,38.8,36.2,37.7,1706368
2026-05-28,38.25,38.25,39.95,37.0,37.05,10963553
2026-05-29,34.55,34.55,39.8,34.45,39.6,7645254
2026-06-01,34.65,34.65,35.7,33.45,34.6,2545175
2026-06-02,32.35,32.35,34.6,31.55,34.55,2296180
2026-06-03,31.9,31.9,32.4,31.3,32.4,2650564
2026-06-04,32.2,32.2,33.2,31.8,31.9,1093663
2026-06-05,35.4,35.4,35.4,31.85,32.5,3727155
2026-06-08,38.9,38.9,38.9,32.35,32.35,9187112
2026-06-09,39.7,39.7,42.5,38.9,39.1,10781559
2026-06-10,41.55,41.55,42.7,39.6,39.7,6079338
2026-06-11,40.05,40.05,43.7,38.85,42.95,6137132
2026-06-12,43.1,43.1,43.7,39.55,40.1,5049843
2026-06-15,44.55,44.55,45.8,42.85,44.3,5892785
2026-06-16,43.3,43.3,45.05,43.1,44.25,2920808
2026-06-17,46.05,46.05,47.5,43.1,43.55,5044811
2026-06-18,50.6,50.6,50.6,46.05,46.05,8362429
2026-06-22,51.6,51.6,55.0,51.0,54.1,6556715
2026-06-23,47.65,47.65,51.1,47.1,51.1,4390351
2026-06-24,47.6,47.6,48.5,46.65,46.9,2343526
2026-06-25,45.8,45.8,48.5,45.4,48.5,2403394
2026-06-26,45.9,45.9,47.5,45.1,45.8,2437915
2026-06-29,45.4,45.4,47.3,44.2,46.5,2985546
2026-06-30,45.4,45.4,46.45,45.0,45.4,1405273
2026-07-01,44.15,44.15,46.3,43.5,45.95,1597521
2026-07-02,46.45,46.45,46.85,43.75,44.1,1548962
2026-07-03,47.6,47.6,48.7,45.8,46.6,1784756
2026-07-06,46.35,46.35,50.4,46.05,49.95,2711603
2026-07-07,43.1,43.1,46.9,43.0,46.7,2470489
2026-07-08,43.5,43.5,44.2,42.3,43.15,1353066
2026-07-09,42.95,42.95,44.25,42.45,43.65,907997
2026-07-13,40.5,40.5,43.65,40.0,43.5,1640436
2026-07-14,39.3,39.3,41.0,38.2,40.5,1639961
2026-07-15,40.3,40.3,40.35,39.35,39.45,613162
2026-07-16,38.95,38.95,40.35,38.75,39.55,540657
2026-07-17,36.55,36.55,39.0,36.2,39.0,1250123
2026-07-20,35.65,35.65,37.1,35.3,36.55,953972
2026-07-21,35.2,35.2,36.0,34.85,35.7,809570
2026-07-22,35.05,35.05,36.4,34.95,35.45,700727
2026-07-23,34.2,34.2,35.5,33.85,35.1,1004369
2026-07-24,35.0,35.0,35.0,33.6,34.0,431613
2026-07-27,34.0,34.0,35.3,33.0,35.3,1064291
2026-07-28,31.5,31.5,33.9,31.5,33.9,664964
2026-07-29,30.5,30.5,32.65,29.5,32.65,1188362
2026-07-30,30.45,30.45,31.15,29.4,29.4,644982
2026-07-31,31.1,31.1,32.05,30.45,31.95,657668
2026-08-03,32.6,32.6,33.7,30.3,31.1,694640
2026-08-04,34.6,34.6,35.8,32.15,32.6,1085456
2026-08-05,35.3,35.3,37.25,34.8,35.2,1369425
2026-08-06,35.1,35.1,37.1,33.85,35.1,2134815
2026-08-07,32.65,32.65,34.65,32.5,34.5,1306202
2026-08-10,32.6,32.6,33.1,31.85,32.7,552551
2026-08-11,33.35,33.35,34.0,32.05,32.6,337354
2026-08-12,33.25,33.25,33.8,33.05,33.8,280300
2026-08-13,33.3,33.3,34.05,33.1,33.35,475038
2026-08-14,32.75,32.75,33.1,32.5,33.1,262483
2026-08-17,32.0,32.0,32.85,31.8,32.85,368853
2026-08-18,31.9,31.9,32.5,31.7,32.05,201108
2026-08-19,34.55,34.55,35.05,31.4,31.7,1352458
2026-08-20,33.55,33.55,34.85,33.1,34.2,657494
2026-08-21,35.1,35.1,35.65,33.45,33.55,780642
2026-08-24,33.9,33.9,35.75,33.85,34.65,661456
2026-08-25,34.15,34.15,34.4,33.2,34.25,302818
2026-08-26,34.45,34.45,34.7,34.05,34.35,252900
2026-08-27,35.35,35.35,36.1,34.7,34.7,520755
2026-08-28,35.5,35.5,35.95,35.15,35.35,248895
2026-08-31,34.6,34.6,35.2,34.0,34.2,277572
2026-09-01,34.05,34.05,34.65,33.3,34.6,547775
2026-09-02,34.5,34.5,34.5,33.95,33.95,228352
2026-09-03,34.25,34.25,34.5,33.85,34.5,263067
2026-09-04,35.35,35.35,36.1,34.2,34.4,458358
2026-09-07,34.35,34.35,35.55,34.35,35.45,293893
2026-09-08,34.2,34.2,34.6,34.1,34.35,175148
2026-09-09,34.25,34.25,34.7,34.2,34.65,128245
