Date,Adj Close,Close,High,Low,Open,Volume
2016-08-12,115.0,115.0,116.5,114.5,115.5,14812750
2016-08-15,115.5,115.5,116.0,115.0,115.5,6024663
2016-08-16,115.0,115.0,116.0,115.0,115.5,11016869
2016-08-17,113.5,113.5,115.5,113.5,115.0,19997271
2016-08-18,113.5,113.5,114.5,113.5,114.0,10123164
2016-08-19,113.5,113.5,114.5,113.0,113.5,15132919
2016-08-22,114.5,114.5,115.0,113.0,113.5,7163237
2016-08-23,115.0,115.0,116.0,114.5,115.0,7104850
2016-08-24,115.5,115.5,116.0,114.5,115.0,5138054
2016-08-25,116.0,116.0,116.5,115.5,115.5,8432036
2016-08-26,116.5,116.5,117.0,116.0,116.0,4268993
2016-08-29,115.5,115.5,116.5,115.0,116.5,5953416
2016-08-30,115.0,115.0,116.0,115.0,115.0,5742339
2016-08-31,114.0,114.0,115.5,114.0,115.0,11425954
2016-09-01,113.0,113.0,114.5,113.0,114.0,16983520
2016-09-02,113.5,113.5,114.0,112.5,113.0,14487921
2016-09-05,114.0,114.0,115.0,113.5,113.5,5852072
2016-09-06,114.5,114.5,115.0,114.0,114.0,9088468
2016-09-07,114.5,114.5,115.5,114.5,114.5,6737205
2016-09-08,114.0,114.0,115.0,114.0,114.5,8217126
2016-09-09,113.5,113.5,114.0,113.5,113.5,10278862
2016-09-12,112.5,112.5,113.0,112.5,113.0,13331413
2016-09-13,112.5,112.5,113.0,111.5,112.5,15583241
2016-09-14,112.0,112.0,112.0,111.0,112.0,14745685
2016-09-19,111.5,111.5,112.0,111.0,111.0,18526580
2016-09-20,111.5,111.5,112.0,111.0,111.5,17106949
2016-09-21,112.0,112.0,112.0,111.5,111.5,7636690
2016-09-22,112.0,112.0,112.5,111.5,112.5,15061025
2016-09-23,112.0,112.0,112.0,111.0,112.0,12784939
2016-09-26,112.0,112.0,112.0,111.5,111.5,9189655
2016-09-29,112.0,112.0,112.0,111.5,111.5,17053801
2016-09-30,110.5,110.5,112.0,110.0,111.5,20645713
2016-10-03,111.0,111.0,111.5,110.0,110.5,7871091
2016-10-04,112.0,112.0,112.0,110.5,111.0,15632965
2016-10-05,112.0,112.0,112.5,111.5,111.5,11669229
2016-10-06,112.5,112.5,112.5,111.5,111.5,12474787
2016-10-07,112.0,112.0,112.5,112.0,112.0,10443037
2016-10-11,112.0,112.0,112.5,111.5,111.5,15535505
2016-10-12,112.0,112.0,112.5,111.5,111.5,12052122
2016-10-13,112.0,112.0,112.5,111.5,111.5,13819965
2016-10-14,111.5,111.5,112.0,111.5,111.5,15307005
2016-10-17,112.5,112.5,112.5,111.5,111.5,6934881
2016-10-18,112.5,112.5,112.5,112.0,112.0,8808366
2016-10-19,111.5,111.5,112.5,111.5,112.0,11038021
2016-10-20,111.5,111.5,112.0,111.5,111.5,10230686
2016-10-21,112.0,112.0,112.0,111.5,111.5,10416929
2016-10-24,112.5,112.5,112.5,111.5,111.5,8025390
2016-10-25,111.5,111.5,112.5,111.5,112.5,9401518
2016-10-26,111.5,111.5,112.0,111.5,111.5,11703476
2016-10-27,111.0,111.0,112.0,111.0,111.5,18451404
2016-10-28,110.5,110.5,110.5,110.0,110.0,19093133
2016-10-31,108.0,108.0,110.5,108.0,110.0,34678024
2016-11-01,109.0,109.0,109.5,107.0,108.0,19853813
2016-11-02,108.0,108.0,108.5,107.5,108.0,16465821
2016-11-03,108.5,108.5,109.5,107.5,108.0,15768380
2016-11-04,108.0,108.0,108.5,108.0,108.0,11411905
2016-11-07,108.5,108.5,109.5,108.0,108.5,13617748
2016-11-08,110.0,110.0,110.5,108.0,108.5,13690959
2016-11-09,109.0,109.0,111.0,109.0,110.0,16742004
2016-11-10,109.0,109.0,110.0,109.0,109.5,14808425
2016-11-11,107.0,107.0,108.5,107.0,108.0,24320332
2016-11-14,105.0,105.0,106.5,105.0,106.5,24653935
2016-11-15,104.0,104.0,105.0,104.0,104.5,26982129
2016-11-16,106.0,106.0,107.0,104.0,104.0,18572651
2016-11-17,105.5,105.5,106.0,105.0,105.0,11580061
2016-11-18,105.5,105.5,106.0,105.5,105.5,7170905
2016-11-21,105.0,105.0,106.0,105.0,105.5,6872376
2016-11-22,106.0,106.0,107.0,105.0,105.0,12019702
2016-11-23,107.5,107.5,108.5,106.0,106.0,11373813
2016-11-24,107.5,107.5,108.0,107.0,107.5,7471856
2016-11-25,107.5,107.5,108.0,107.0,107.5,5563294
2016-11-28,107.5,107.5,108.0,107.5,107.5,6221790
2016-11-29,107.5,107.5,108.5,107.5,107.5,9222957
2016-11-30,107.5,107.5,108.0,107.5,107.5,21233520
2016-12-01,106.5,106.5,108.0,106.5,107.5,14459352
2016-12-02,106.0,106.0,106.5,105.5,106.0,12750445
2016-12-05,106.0,106.0,107.0,105.5,106.5,12930485
2016-12-06,106.0,106.0,107.0,106.0,106.5,7496816
2016-12-07,106.0,106.0,106.5,105.5,106.0,11263345
2016-12-08,106.0,106.0,107.0,105.5,107.0,17608930
2016-12-09,105.0,105.0,106.0,104.5,105.5,25391938
2016-12-12,105.0,105.0,106.0,104.5,105.0,7548996
2016-12-13,104.5,104.5,105.5,104.5,105.0,11202359
2016-12-14,104.5,104.5,105.5,104.0,105.0,13255494
2016-12-15,104.0,104.0,104.5,103.0,104.5,17591111
2016-12-16,103.0,103.0,104.0,102.0,104.0,25069447
2016-12-19,101.5,101.5,103.0,101.0,102.5,19143339
2016-12-20,101.5,101.5,101.5,100.5,101.0,20148800
2016-12-21,101.0,101.0,102.0,101.0,101.5,13012088
2016-12-22,101.0,101.0,101.5,100.5,101.0,12035398
2016-12-23,101.0,101.0,101.0,100.5,101.0,7583333
2016-12-26,101.0,101.0,101.5,100.5,101.0,6809363
2016-12-27,101.0,101.0,101.5,100.5,101.5,5709578
2016-12-28,101.5,101.5,101.5,100.5,101.0,7944627
2016-12-29,101.5,101.5,102.5,101.0,101.5,14053563
2016-12-30,101.5,101.5,102.5,101.5,101.5,9542057
2017-01-03,102.5,102.5,102.5,101.5,102.0,4218805
2017-01-04,103.5,103.5,104.0,102.5,102.5,9305713
2017-01-05,104.5,104.5,104.5,103.0,104.0,8346661
2017-01-06,103.0,103.0,104.5,102.5,104.5,14559468
2017-01-09,102.0,102.0,102.5,102.0,102.5,9338495
2017-01-10,102.0,102.0,102.5,101.5,101.5,9041362
2017-01-11,101.5,101.5,102.5,101.5,102.5,8857183
2017-01-12,102.0,102.0,103.5,101.5,101.5,11519714
2017-01-13,102.0,102.0,103.0,102.0,102.5,8818708
2017-01-16,102.0,102.0,102.5,102.0,102.0,4236966
2017-01-17,102.5,102.5,103.0,102.0,102.0,3738948
2017-01-18,101.5,101.5,103.0,101.5,102.5,19398173
2017-01-19,101.0,101.0,102.0,101.0,101.5,12931316
2017-01-20,101.5,101.5,101.5,101.0,101.0,10604454
2017-01-23,101.5,101.5,102.0,101.5,102.0,8353907
2017-01-24,102.0,102.0,104.0,101.5,101.5,12184953
2017-02-02,100.0,100.0,100.5,99.5,100.0,43850060
2017-02-03,100.0,100.0,100.5,99.9,100.0,17747486
2017-02-06,100.5,100.5,101.0,100.0,100.5,7691619
2017-02-07,101.0,101.0,101.0,100.5,100.5,6705841
2017-02-08,100.5,100.5,101.0,100.5,101.0,10738768
2017-02-09,100.0,100.0,101.0,100.0,100.5,10904798
2017-02-10,101.0,101.0,101.5,100.0,100.5,14588599
2017-02-13,101.0,101.0,101.5,100.5,101.5,7749016
2017-02-14,101.0,101.0,101.5,100.5,101.0,10017863
2017-02-15,101.0,101.0,101.5,101.0,101.0,12063353
2017-02-16,101.0,101.0,102.0,101.0,101.5,10760363
2017-02-17,101.0,101.0,102.0,101.0,101.5,8941137
2017-02-20,101.5,101.5,102.0,101.0,102.0,9411152
2017-02-21,101.0,101.0,102.0,101.0,101.5,12989475
2017-02-22,101.0,101.0,101.5,101.0,101.5,16068935
2017-02-23,102.0,102.0,102.0,101.0,101.0,7433994
2017-02-24,102.0,102.0,102.5,101.5,101.5,15305918
2017-03-01,101.5,101.5,102.0,101.5,101.5,12430965
2017-03-02,102.0,102.0,102.5,101.5,101.5,12755501
2017-03-03,102.5,102.5,103.0,101.5,102.0,13000421
2017-03-06,102.5,102.5,103.0,102.0,102.5,6488153
2017-03-07,102.5,102.5,103.0,102.5,102.5,6810628
2017-03-08,103.0,103.0,103.5,103.0,103.0,5920448
2017-03-09,103.5,103.5,104.0,103.0,103.5,11243478
2017-03-10,103.0,103.0,103.5,103.0,103.5,5757768
2017-03-13,103.5,103.5,103.5,103.0,103.5,5619827
2017-03-14,103.5,103.5,104.0,103.0,103.5,6198088
2017-03-15,103.0,103.0,104.0,103.0,103.5,8011767
2017-03-16,104.0,104.0,104.0,103.5,103.5,5969476
2017-03-17,105.0,105.0,105.0,104.0,104.0,9342130
2017-03-20,106.0,106.0,106.0,104.5,105.0,10891952
2017-03-21,106.0,106.0,106.5,105.5,106.0,11487399
2017-03-22,104.5,104.5,105.5,104.5,105.5,11351170
2017-03-23,104.5,104.5,105.0,104.5,104.5,7261639
2017-03-24,104.5,104.5,105.0,103.5,104.5,9392556
2017-03-27,105.0,105.0,105.0,104.0,104.5,5655754
2017-03-28,105.0,105.0,105.5,104.5,105.5,8603704
2017-03-29,104.0,104.0,105.5,104.0,105.0,10545681
2017-03-30,104.0,104.0,104.5,104.0,104.5,10817897
2017-03-31,103.0,103.0,104.5,102.0,104.5,27476085
2017-04-05,103.5,103.5,103.5,103.0,103.0,13573598
2017-04-06,104.0,104.0,104.0,103.0,103.5,3976916
2017-04-07,104.5,104.5,104.5,103.5,103.5,5163541
2017-04-10,104.0,104.0,104.5,104.0,104.0,2764774
2017-04-11,103.5,103.5,104.5,103.5,104.0,8793086
2017-04-12,103.5,103.5,104.0,103.0,103.5,5836581
2017-04-13,103.5,103.5,104.0,103.5,103.5,5193596
2017-04-14,103.5,103.5,104.0,103.5,103.5,3698585
2017-04-17,104.5,104.5,104.5,103.5,103.5,6311161
2017-04-18,104.0,104.0,104.5,103.5,104.5,6506132
2017-04-19,103.0,103.0,104.0,102.5,103.5,13575634
2017-04-21,103.0,103.0,103.0,102.5,103.0,7398521
2017-04-24,103.0,103.0,103.5,102.5,103.0,5664935
2017-04-25,103.5,103.5,103.5,102.5,103.0,5585239
2017-04-26,103.0,103.0,103.5,103.0,103.5,10065057
2017-04-27,103.0,103.0,103.5,102.5,103.0,3925945
2017-04-28,102.0,102.0,103.0,102.0,103.0,15503352
2017-05-02,103.0,103.0,103.0,102.0,102.5,9558663
2017-05-03,103.5,103.5,103.5,103.0,103.0,3149658
2017-05-04,104.0,104.0,104.0,103.0,103.5,8354216
2017-05-05,103.5,103.5,104.0,103.5,104.0,4095641
2017-05-08,104.5,104.5,105.0,103.5,104.0,13841976
2017-05-09,105.0,105.0,105.5,104.5,105.0,11484882
2017-05-10,104.5,104.5,105.5,104.5,105.0,7070905
2017-05-11,104.5,104.5,105.0,104.5,105.0,6213295
2017-05-12,105.5,105.5,105.5,104.5,104.5,7092137
2017-05-15,106.0,106.0,106.0,105.0,105.5,9764579
2017-05-16,106.0,106.0,106.5,105.5,106.0,10464328
2017-05-17,106.0,106.0,106.0,104.5,106.0,10761773
2017-05-18,106.0,106.0,106.0,105.0,105.5,10427626
2017-05-19,105.5,105.5,106.0,105.5,106.0,7335148
2017-05-22,106.0,106.0,106.0,105.5,105.5,7453207
2017-05-23,106.0,106.0,106.0,105.5,106.0,10829971
2017-05-24,106.0,106.0,106.5,105.5,106.0,7815842
2017-05-25,107.0,107.0,107.0,106.0,106.0,10715518
2017-05-26,107.0,107.0,107.5,106.5,107.0,8753667
2017-05-31,107.5,107.5,108.0,107.0,107.5,15772396
2017-06-01,108.0,108.0,108.5,107.5,108.0,10351461
2017-06-02,108.0,108.0,108.5,107.0,108.0,7341511
2017-06-05,108.0,108.0,108.0,107.5,107.5,6841012
2017-06-06,108.0,108.0,108.0,107.5,108.0,7977036
2017-06-07,107.5,107.5,108.5,107.5,108.0,8852240
2017-06-08,108.5,108.5,108.5,108.0,108.0,6526518
2017-06-09,108.0,108.0,109.0,108.0,108.5,7300754
2017-06-12,108.0,108.0,109.0,108.0,108.5,8626959
2017-06-13,108.0,108.0,108.5,107.5,108.0,5944854
2017-06-14,108.0,108.0,108.5,107.5,108.0,9633816
2017-06-15,108.5,108.5,108.5,107.5,108.0,8574718
2017-06-16,107.5,107.5,108.0,107.5,107.5,5632230
2017-06-19,108.0,108.0,108.0,107.5,107.5,5948931
2017-06-20,107.5,107.5,108.0,107.5,108.0,6534784
2017-06-21,107.5,107.5,108.5,107.0,107.5,12751774
2017-06-22,108.5,108.5,108.5,107.5,108.0,8742630
2017-06-23,108.5,108.5,108.5,108.0,108.5,5949343
2017-06-26,109.0,109.0,109.0,108.0,108.5,10425012
2017-06-27,109.0,109.0,109.0,108.0,109.0,9659873
2017-06-28,108.5,108.5,109.0,108.0,108.5,7582079
2017-06-29,108.0,108.0,109.0,107.5,108.5,6535579
2017-06-30,108.0,108.0,108.5,106.5,107.5,12331674
2017-07-03,109.0,109.0,109.0,107.5,108.0,6848253
2017-07-04,108.0,108.0,109.0,108.0,108.5,8105678
2017-07-05,109.0,109.0,109.0,108.0,108.0,8310644
2017-07-06,108.5,108.5,109.0,108.5,109.0,7766867
2017-07-07,108.5,108.5,109.0,108.0,108.5,7382076
2017-07-10,108.5,108.5,109.0,108.0,108.5,8231127
2017-07-11,109.0,109.0,109.0,108.0,108.5,18393797
2017-07-12,109.0,109.0,109.5,108.5,109.0,17037639
2017-07-13,109.5,109.5,109.5,109.0,109.0,17450275
2017-07-14,109.5,109.5,110.0,109.0,109.5,10959852
2017-07-17,110.0,110.0,110.5,109.5,109.5,20894371
2017-07-18,110.5,110.5,111.0,109.5,110.0,13850446
2017-07-19,110.0,110.0,111.0,109.5,110.5,15455935
2017-07-20,109.5,109.5,110.0,109.0,110.0,20666366
2017-07-21,103.5,103.5,105.0,103.5,104.5,16775520
2017-07-24,103.5,103.5,104.0,103.0,103.5,13881181
2017-07-25,103.5,103.5,104.0,103.0,103.5,6349481
2017-07-26,103.5,103.5,104.0,103.0,103.5,7504401
2017-07-27,103.5,103.5,104.0,103.0,103.5,7574377
2017-07-28,103.0,103.0,103.5,102.5,103.5,16031533
2017-07-31,102.0,102.0,103.0,102.0,103.0,12859723
2017-08-01,102.0,102.0,102.5,102.0,102.5,11944581
2017-08-02,102.0,102.0,102.5,101.5,102.5,12362645
2017-08-03,102.0,102.0,102.0,101.5,101.5,8007146
2017-08-04,102.5,102.5,102.5,102.0,102.0,4501023
2017-08-07,102.0,102.0,102.5,102.0,102.5,5801783
2017-08-08,102.5,102.5,102.5,102.0,102.0,4441266
2017-08-09,102.0,102.0,102.5,102.0,102.5,4539258
2017-08-10,102.0,102.0,102.5,102.0,102.0,6532903
2017-08-11,102.0,102.0,102.5,101.5,102.0,5302847
2017-08-14,102.0,102.0,102.5,102.0,102.5,4407294
2017-08-15,102.5,102.5,102.5,102.0,102.0,3395646
2017-08-16,102.5,102.5,102.5,102.0,102.5,5796389
2017-08-17,102.5,102.5,102.5,102.0,102.5,2775664
2017-08-18,102.5,102.5,103.0,102.5,103.0,4935232
2017-08-21,102.5,102.5,103.0,102.5,103.0,2557463
2017-08-22,103.0,103.0,103.0,102.5,103.0,4132346
2017-08-23,103.0,103.0,103.0,102.5,103.0,6840636
2017-08-24,103.0,103.0,103.0,102.5,103.0,6042088
2017-08-25,103.5,103.5,103.5,102.5,103.0,5131409
2017-08-28,104.0,104.0,104.0,103.5,103.5,7491586
2017-08-29,104.0,104.0,104.0,103.5,104.0,5878780
2017-08-30,104.5,104.5,104.5,104.0,104.0,6455890
2017-08-31,105.0,105.0,105.0,104.0,104.5,10963402
2017-09-01,104.5,104.5,105.0,104.5,104.5,8094347
2017-09-04,105.0,105.0,105.0,104.5,104.5,5130747
2017-09-05,104.5,104.5,105.0,104.0,105.0,11143350
2017-09-06,104.0,104.0,105.0,104.0,104.5,9773144
2017-09-07,104.5,104.5,104.5,104.0,104.0,6217988
2017-09-08,105.0,105.0,105.0,104.0,104.5,8875624
2017-09-11,104.5,104.5,105.0,104.5,104.5,4819124
2017-09-12,104.5,104.5,105.0,104.5,105.0,5463326
2017-09-13,104.0,104.0,105.0,104.0,104.5,4413875
2017-09-14,104.0,104.0,104.5,104.0,104.0,3699240
2017-09-15,104.5,104.5,104.5,104.0,104.0,6608850
2017-09-18,104.0,104.0,104.5,104.0,104.0,3946682
2017-09-19,104.0,104.0,104.0,103.5,104.0,4847388
2017-09-20,104.0,104.0,104.0,103.5,103.5,6619402
2017-09-21,103.5,103.5,104.0,103.5,103.5,3653473
2017-09-22,103.5,103.5,104.0,103.0,103.5,3434160
2017-09-25,103.0,103.0,103.5,102.5,103.5,6036855
2017-09-26,103.0,103.0,103.5,102.5,103.0,4925839
2017-09-27,103.0,103.0,103.5,102.5,103.0,5689574
2017-09-28,103.0,103.0,104.0,103.0,103.5,7805724
2017-09-29,104.5,104.5,104.5,103.0,103.5,5650930
2017-10-02,103.5,103.5,104.5,103.0,104.5,7326477
2017-10-03,103.0,103.0,103.5,103.0,103.5,7922513
2017-10-05,103.0,103.0,103.5,103.0,103.0,7780807
2017-10-06,103.0,103.0,103.5,103.0,103.0,6934426
2017-10-11,103.0,103.0,103.5,102.5,103.0,14554823
2017-10-12,103.0,103.0,103.5,103.0,103.0,8574303
2017-10-13,103.5,103.5,103.5,103.0,103.0,6605198
2017-10-16,103.0,103.0,103.5,103.0,103.5,9368569
2017-10-17,103.5,103.5,103.5,103.0,103.5,9365520
2017-10-18,103.0,103.0,103.5,103.0,103.5,10460934
2017-10-19,102.5,102.5,103.5,102.5,103.0,8910637
2017-10-20,102.5,102.5,103.0,102.5,102.5,9295968
2017-10-23,103.0,103.0,103.0,102.5,103.0,4602581
2017-10-24,102.5,102.5,103.0,102.5,103.0,8522816
2017-10-25,102.5,102.5,103.0,102.5,103.0,4438788
2017-10-26,102.5,102.5,103.0,102.5,102.5,6674308
2017-10-27,103.0,103.0,103.0,102.5,102.5,6804415
2017-10-30,102.5,102.5,103.5,102.5,103.0,5802497
2017-10-31,103.0,103.0,103.0,102.5,102.5,4201968
2017-11-01,102.5,102.5,103.5,102.5,103.0,8149343
2017-11-02,102.0,102.0,103.0,102.0,102.5,10331987
2017-11-03,102.0,102.0,103.0,102.0,102.5,5779825
2017-11-06,102.0,102.0,102.5,102.0,102.5,5088077
2017-11-07,102.5,102.5,103.0,102.0,102.5,6444340
2017-11-08,103.0,103.0,103.0,102.0,102.5,4591930
2017-11-09,103.0,103.0,103.0,102.5,102.5,8677211
2017-11-10,103.5,103.5,103.5,102.0,102.5,9505271
2017-11-13,102.5,102.5,103.5,102.5,103.0,11160951
2017-11-14,103.0,103.0,103.0,102.5,102.5,7423386
2017-11-15,102.5,102.5,103.0,102.0,102.5,18958664
2017-11-16,102.5,102.5,103.0,102.5,102.5,7155897
2017-11-17,103.0,103.0,103.0,102.5,102.5,6850726
2017-11-20,102.5,102.5,103.0,102.5,103.0,6359220
2017-11-21,103.0,103.0,103.0,102.5,102.5,6940143
2017-11-22,103.5,103.5,103.5,102.5,103.0,9498167
2017-11-23,103.5,103.5,103.5,103.0,103.5,4635807
2017-11-24,104.0,104.0,104.0,103.0,103.5,6164882
2017-11-27,104.0,104.0,104.0,103.5,104.0,6655589
2017-11-28,104.5,104.5,104.5,103.5,104.0,10062605
2017-11-29,104.5,104.5,104.5,103.5,104.0,6365591
2017-11-30,103.5,103.5,104.5,103.5,104.0,16869711
2017-12-01,104.0,104.0,104.5,103.5,104.0,10298399
2017-12-04,104.0,104.0,104.0,103.5,104.0,7216086
2017-12-05,104.0,104.0,104.0,103.5,103.5,10646535
2017-12-06,104.0,104.0,104.0,103.5,103.5,12348019
2017-12-07,104.5,104.5,104.5,103.5,104.0,14712576
2017-12-08,104.5,104.5,104.5,104.0,104.5,10005179
2017-12-11,104.5,104.5,105.0,104.0,104.5,5298815
2017-12-12,104.5,104.5,105.0,104.5,104.5,6411675
2017-12-13,104.5,104.5,105.0,104.5,104.5,8100040
2017-12-14,105.0,105.0,105.0,104.5,104.5,10639323
2017-12-15,105.5,105.5,105.5,105.0,105.0,12933285
2017-12-18,105.0,105.0,105.5,105.0,105.0,8051099
2017-12-19,105.0,105.0,105.5,105.0,105.0,11777765
2017-12-20,105.5,105.5,105.5,105.0,105.0,6108758
2017-12-21,105.0,105.0,105.5,105.0,105.5,6658200
2017-12-22,105.5,105.5,105.5,105.0,105.5,4061508
2017-12-25,106.0,106.0,106.0,105.0,105.5,3648502
2017-12-26,105.5,105.5,106.0,105.5,105.5,2440405
2017-12-27,106.0,106.0,106.5,105.5,106.0,6270905
2017-12-28,105.5,105.5,106.5,105.0,106.0,10589773
2017-12-29,106.0,106.0,106.0,105.5,105.5,6823040
2018-01-02,107.5,107.5,108.0,105.5,106.0,11863896
2018-01-03,108.0,108.0,108.0,107.0,107.5,12032898
2018-01-04,108.0,108.0,108.0,107.5,108.0,11011635
2018-01-05,108.5,108.5,108.5,107.5,108.0,16499196
2018-01-08,108.5,108.5,109.0,108.0,108.5,9758897
2018-01-09,109.0,109.0,109.0,108.0,108.5,11523481
2018-01-10,108.5,108.5,109.5,108.5,109.0,17393911
2018-01-11,108.5,108.5,109.0,108.0,108.5,7685458
2018-01-12,108.5,108.5,109.0,108.0,108.5,8159899
2018-01-15,109.0,109.0,109.0,108.5,108.5,5295048
2018-01-16,109.0,109.0,109.0,108.5,109.0,9900470
2018-01-17,109.0,109.0,109.0,108.5,108.5,7829236
2018-01-18,107.5,107.5,109.0,107.5,109.0,9007098
2018-01-19,109.0,109.0,109.0,107.5,108.0,6157838
2018-01-22,108.5,108.5,109.0,108.0,108.5,6607332
2018-01-23,109.0,109.0,109.5,108.5,108.5,12165163
2018-01-24,108.5,108.5,109.5,108.5,109.5,6745093
2018-01-25,108.5,108.5,109.0,108.5,108.5,7078291
2018-01-26,108.5,108.5,109.0,108.5,108.5,8301697
2018-01-29,109.5,109.5,109.5,108.5,109.0,7228639
2018-01-30,108.0,108.0,109.5,108.0,109.0,13582016
2018-01-31,108.5,108.5,109.0,108.0,108.0,6960099
2018-02-01,109.0,109.0,110.0,109.0,109.0,10449828
2018-02-02,109.0,109.0,109.5,109.0,109.5,10658600
2018-02-05,108.0,108.0,109.0,108.0,108.0,11528365
2018-02-06,106.5,106.5,107.5,105.0,107.0,18681084
2018-02-07,107.5,107.5,108.0,107.0,107.0,10803469
2018-02-08,108.0,108.0,108.0,107.5,107.5,6896491
2018-02-09,107.5,107.5,107.5,106.0,106.0,12728774
2018-02-12,106.5,106.5,107.5,106.5,107.0,11006699
2018-02-21,109.0,109.0,109.0,107.5,108.0,10213387
2018-02-22,108.5,108.5,109.0,108.0,108.5,8626836
2018-02-23,109.5,109.5,109.5,108.5,108.5,10321511
2018-02-26,110.0,110.0,110.0,109.5,109.5,7916363
2018-02-27,109.5,109.5,110.0,109.5,110.0,10031572
2018-03-01,108.5,108.5,109.5,108.5,108.5,9165967
2018-03-02,108.0,108.0,108.5,108.0,108.0,6727034
2018-03-05,108.0,108.0,108.5,108.0,108.0,6713403
2018-03-06,109.5,109.5,109.5,108.5,109.0,7726312
2018-03-07,109.5,109.5,110.0,109.0,109.0,7485046
2018-03-08,109.5,109.5,109.5,109.0,109.5,4364846
2018-03-09,109.5,109.5,109.5,108.5,109.5,5798031
2018-03-12,109.0,109.0,109.5,108.5,109.0,8034683
2018-03-13,109.0,109.0,109.0,108.5,109.0,9633999
2018-03-14,109.0,109.0,109.5,108.5,109.0,5494781
2018-03-15,109.0,109.0,109.5,108.5,109.0,7393162
2018-03-16,110.0,110.0,110.0,108.5,109.0,16766570
2018-03-19,110.0,110.0,110.0,109.0,109.5,8102673
2018-03-20,109.5,109.5,110.0,109.0,109.5,8287366
2018-03-21,110.5,110.5,110.5,109.5,109.5,13595519
2018-03-22,111.5,111.5,111.5,110.5,110.5,12039380
2018-03-23,110.0,110.0,111.0,110.0,110.5,8283274
2018-03-26,111.0,111.0,111.0,109.5,110.0,5376812
2018-03-27,112.0,112.0,112.0,111.0,111.0,8885548
2018-03-28,112.5,112.5,112.5,111.5,112.0,9073181
2018-03-29,111.5,111.5,112.5,111.5,112.5,7288039
2018-03-30,113.0,113.0,113.0,112.0,112.5,11511978
2018-04-02,112.5,112.5,113.5,112.0,112.5,9427823
2018-04-03,112.0,112.0,112.5,111.5,112.0,9326331
2018-04-09,114.0,114.0,114.0,112.0,112.5,10724224
2018-04-10,114.5,114.5,114.5,113.5,113.5,9955722
2018-04-11,114.0,114.0,115.0,113.5,114.5,10727997
2018-04-12,114.0,114.0,115.0,113.0,114.0,8704790
2018-04-13,113.5,113.5,114.0,112.5,113.5,6502240
2018-04-16,113.0,113.0,113.5,112.5,113.0,4645198
2018-04-17,113.5,113.5,113.5,112.5,113.0,6203423
2018-04-18,114.5,114.5,114.5,113.5,113.5,4714981
2018-04-19,114.0,114.0,114.5,113.5,114.0,6097516
2018-04-20,113.5,113.5,114.5,113.5,114.0,4520810
2018-04-23,112.5,112.5,113.5,112.5,113.0,7554015
2018-04-24,111.0,111.0,112.5,111.0,112.5,10693712
2018-04-25,110.5,110.5,111.0,110.0,111.0,14312485
2018-04-26,111.5,111.5,112.0,110.5,110.5,9068999
2018-04-27,113.0,113.0,113.0,112.0,112.5,4527149
2018-04-30,113.0,113.0,113.0,112.5,113.0,5608229
2018-05-02,112.0,112.0,113.0,112.0,112.5,7936955
2018-05-03,111.5,111.5,112.0,111.5,112.0,6330420
2018-05-04,111.5,111.5,112.0,111.0,111.0,4109722
2018-05-07,112.0,112.0,112.5,111.5,112.0,4919754
2018-05-08,112.0,112.0,112.0,111.0,111.5,7608487
2018-05-09,110.0,110.0,111.5,110.0,111.5,9308608
2018-05-10,108.5,108.5,110.0,108.5,109.5,16739475
2018-05-11,109.0,109.0,109.5,108.5,109.0,8114287
2018-05-14,109.0,109.0,109.5,109.0,109.0,8209397
2018-05-15,108.5,108.5,109.5,108.5,109.0,7054609
2018-05-16,108.0,108.0,109.0,108.0,108.5,9030237
2018-05-17,108.5,108.5,109.0,108.0,108.5,6720547
2018-05-18,110.0,110.0,110.0,108.5,109.0,9096185
2018-05-21,110.0,110.0,110.5,109.5,110.0,7241243
2018-05-22,109.5,109.5,110.0,109.5,109.5,5652617
2018-05-23,109.5,109.5,110.0,109.0,109.5,4679266
2018-05-24,109.5,109.5,110.5,109.0,110.0,5629699
2018-05-25,110.0,110.0,110.5,109.5,110.0,5779504
2018-05-28,111.0,111.0,112.5,110.0,110.5,18359892
2018-05-29,109.5,109.5,111.5,109.5,111.0,6864336
2018-05-30,108.5,108.5,109.5,108.5,109.0,10275250
2018-05-31,109.0,109.0,110.0,109.0,109.0,24651768
2018-06-01,110.0,110.0,110.0,109.0,109.0,4738186
2018-06-04,110.0,110.0,110.5,109.5,110.0,6069700
2018-06-05,110.0,110.0,110.5,110.0,110.0,4622474
2018-06-06,110.5,110.5,110.5,109.5,109.5,6016754
2018-06-07,110.0,110.0,110.5,109.5,110.0,8250860
2018-06-08,110.0,110.0,110.0,109.0,109.5,6800947
2018-06-11,109.5,109.5,110.5,109.5,110.0,6304406
2018-06-12,109.5,109.5,110.5,109.5,109.5,6809011
2018-06-13,110.0,110.0,110.0,109.5,109.5,4688362
2018-06-14,109.0,109.0,110.0,109.0,109.5,6090915
2018-06-15,109.5,109.5,110.0,109.0,109.0,12730122
2018-06-19,109.0,109.0,110.0,109.0,109.0,20096242
2018-06-20,110.0,110.0,110.5,109.0,109.5,11181995
2018-06-21,109.5,109.5,110.5,109.5,109.5,6177927
2018-06-22,110.0,110.0,110.0,109.0,109.5,9278751
2018-06-25,109.5,109.5,110.0,109.5,109.5,4900271
2018-06-26,109.5,109.5,110.0,109.5,109.5,6452314
2018-06-27,109.5,109.5,110.5,109.5,109.5,7336800
2018-06-28,110.0,110.0,110.0,109.5,109.5,5421663
2018-06-29,110.0,110.0,110.0,109.5,110.0,4869558
2018-07-02,109.5,109.5,110.0,109.5,110.0,4601367
2018-07-03,111.0,111.0,112.5,109.5,110.0,17939577
2018-07-04,111.5,111.5,111.5,111.0,111.0,2873415
2018-07-05,112.0,112.0,112.0,111.5,111.5,5203155
2018-07-06,112.0,112.0,112.0,111.5,111.5,6347535
2018-07-09,112.0,112.0,112.5,111.5,112.0,3985303
2018-07-10,112.5,112.5,112.5,112.0,112.0,5509389
2018-07-11,112.0,112.0,112.5,111.5,112.0,5909458
2018-07-12,111.5,111.5,112.0,111.0,111.5,6085003
2018-07-13,111.5,111.5,111.5,111.0,111.5,5586401
2018-07-16,111.5,111.5,111.5,111.0,111.5,4520715
2018-07-17,112.0,112.0,112.0,111.0,111.5,6684032
2018-07-18,112.0,112.0,112.0,111.5,112.0,6866966
2018-07-19,111.5,111.5,112.0,111.5,112.0,8935171
2018-07-20,111.5,111.5,112.0,111.0,111.5,12410467
2018-07-23,106.5,106.5,106.5,105.5,106.0,15925245
2018-07-24,105.5,105.5,107.5,105.0,107.0,22985320
2018-07-25,105.0,105.0,106.0,104.5,105.5,11196224
2018-07-26,105.5,105.5,105.5,105.0,105.5,7129072
2018-07-27,105.5,105.5,105.5,105.0,105.5,6376868
2018-07-30,106.0,106.0,106.0,105.5,105.5,5626196
2018-07-31,106.0,106.0,107.0,105.5,106.0,14562493
2018-08-01,106.0,106.0,106.5,105.5,106.0,6479573
2018-08-02,105.5,105.5,106.5,105.5,106.0,8191116
2018-08-03,106.0,106.0,106.0,105.0,105.5,6937965
2018-08-06,106.5,106.5,106.5,106.0,106.0,5492955
2018-08-07,106.5,106.5,106.5,106.0,106.5,8904812
2018-08-08,107.0,107.0,107.0,106.5,106.5,8865877
2018-08-09,107.0,107.0,107.5,106.5,107.0,9040183
2018-08-10,107.5,107.5,107.5,106.5,107.0,7349998
2018-08-13,106.5,106.5,107.5,106.5,107.0,7482698
2018-08-14,107.0,107.0,107.0,106.5,107.0,9073485
2018-08-15,107.0,107.0,107.5,106.5,106.5,10726372
2018-08-16,106.5,106.5,107.5,106.0,106.5,11468542
2018-08-17,107.0,107.0,107.0,106.5,106.5,5373954
2018-08-20,107.0,107.0,107.5,107.0,107.0,9966077
2018-08-21,108.5,108.5,108.5,107.0,107.0,14856294
2018-08-22,108.0,108.0,108.5,107.5,107.5,7404037
2018-08-23,108.5,108.5,108.5,107.5,108.0,5417334
2018-08-24,107.5,107.5,108.0,107.5,108.0,5155780
2018-08-27,108.0,108.0,108.5,107.5,108.0,6630316
2018-08-28,108.5,108.5,108.5,108.0,108.5,3887054
2018-08-29,108.5,108.5,108.5,108.0,108.5,2401013
2018-08-30,107.5,107.5,108.5,107.5,108.0,7594142
2018-08-31,108.5,108.5,108.5,107.5,107.5,7486005
2018-09-03,108.0,108.0,108.5,108.0,108.0,4656278
2018-09-04,108.5,108.5,108.5,108.0,108.0,4456394
2018-09-05,108.0,108.0,108.5,108.0,108.0,7152841
2018-09-06,107.5,107.5,108.0,107.5,107.5,5696327
2018-09-07,108.0,108.0,108.5,107.5,107.5,11354235
2018-09-10,108.5,108.5,109.0,108.0,108.0,11367017
2018-09-11,110.0,110.0,110.0,108.5,108.5,15396852
2018-09-12,110.0,110.0,110.5,109.5,110.0,12095889
2018-09-13,109.5,109.5,110.0,109.0,109.5,7442732
2018-09-14,108.5,108.5,109.5,108.5,109.0,7837764
2018-09-17,108.5,108.5,109.5,108.5,109.0,7346777
2018-09-18,110.0,110.0,110.5,108.5,108.5,11931140
2018-09-19,110.5,110.5,110.5,109.5,110.0,7356238
2018-09-20,110.0,110.0,110.5,109.5,110.0,6076696
2018-09-21,109.5,109.5,110.5,109.5,110.0,10978388
2018-09-25,109.5,109.5,110.0,109.0,109.5,4508340
2018-09-26,109.5,109.5,110.0,109.5,110.0,4356022
2018-09-27,110.0,110.0,110.5,109.0,109.0,6493210
2018-09-28,110.0,110.0,110.5,109.5,110.0,5173386
2018-10-01,110.5,110.5,110.5,110.0,110.0,2971568
2018-10-02,109.5,109.5,110.5,109.5,110.0,6630230
2018-10-03,109.0,109.0,109.5,108.5,109.5,5166464
2018-10-04,108.0,108.0,109.0,108.0,109.0,6808862
2018-10-05,109.0,109.0,109.5,107.5,108.0,13360060
2018-10-08,108.5,108.5,109.0,108.0,109.0,6160646
2018-10-09,109.5,109.5,110.0,108.5,108.5,8693012
2018-10-11,108.5,108.5,109.5,108.0,108.0,25740666
2018-10-12,108.0,108.0,108.0,107.0,108.0,15456470
2018-10-15,106.5,106.5,107.5,106.5,107.5,12580518
2018-10-16,107.0,107.0,107.5,106.0,106.5,8396946
2018-10-17,107.0,107.0,108.0,106.5,107.5,8091642
2018-10-18,107.5,107.5,108.5,106.5,106.5,11823121
2018-10-19,106.5,106.5,107.5,106.5,107.5,6938337
2018-10-22,107.5,107.5,107.5,106.5,106.5,3662494
2018-10-23,106.5,106.5,107.5,106.5,106.5,6804496
2018-10-24,107.0,107.0,107.5,106.5,107.0,9982856
2018-10-25,108.0,108.0,108.0,106.5,106.5,15176952
2018-10-26,109.0,109.0,109.0,107.0,107.5,23919196
2018-10-29,109.5,109.5,110.0,108.0,108.5,11435905
2018-10-30,108.5,108.5,109.5,108.0,109.5,7889337
2018-10-31,109.5,109.5,109.5,108.5,108.5,9326798
2018-11-01,107.0,107.0,108.5,107.0,108.5,16931776
2018-11-02,106.0,106.0,107.0,104.5,107.0,31311728
2018-11-05,105.5,105.5,106.0,105.0,105.5,10322127
2018-11-06,106.0,106.0,106.5,105.0,105.5,6923852
2018-11-07,107.0,107.0,107.0,106.0,106.0,7328952
2018-11-08,107.0,107.0,107.5,107.0,107.0,7037932
2018-11-09,107.0,107.0,107.5,106.5,107.0,3425196
2018-11-12,106.5,106.5,107.5,106.5,107.0,6529612
2018-11-13,107.0,107.0,107.0,105.5,106.0,7318324
2018-11-14,107.0,107.0,107.0,106.5,107.0,5348291
2018-11-15,107.0,107.0,108.0,106.0,107.5,10448823
2018-11-16,106.0,106.0,107.0,106.0,107.0,8161044
2018-11-19,106.5,106.5,107.0,106.0,106.5,8596639
2018-11-20,107.0,107.0,107.0,106.0,106.5,3583586
2018-11-21,107.0,107.0,107.5,106.0,106.5,9920679
2018-11-22,107.5,107.5,107.5,106.5,107.0,3891043
2018-11-23,108.0,108.0,108.0,107.0,107.5,6703959
2018-11-26,107.5,107.5,108.0,107.0,107.5,7563459
2018-11-27,107.5,107.5,108.0,107.0,107.5,4942661
2018-11-28,107.5,107.5,108.0,106.5,107.5,9827267
2018-11-29,106.5,106.5,108.0,106.5,108.0,7897401
2018-11-30,107.0,107.0,107.5,106.5,107.0,14284384
2018-12-03,106.0,106.0,107.5,106.0,107.5,14646163
2018-12-04,106.0,106.0,107.0,106.0,106.0,8034070
2018-12-05,106.5,106.5,107.0,106.0,106.5,3298152
2018-12-06,106.5,106.5,107.0,106.0,106.5,6655787
2018-12-07,107.0,107.0,107.0,106.5,106.5,4124962
2018-12-10,107.0,107.0,107.0,106.5,106.5,4948858
2018-12-11,107.5,107.5,107.5,106.5,107.0,4849141
2018-12-12,107.5,107.5,107.5,107.0,107.5,6625820
2018-12-13,107.5,107.5,107.5,107.0,107.5,5805098
2018-12-14,107.5,107.5,107.5,106.5,107.0,7021979
2018-12-17,107.5,107.5,107.5,107.0,107.5,3820305
2018-12-18,106.5,106.5,107.5,106.5,107.5,5275321
2018-12-19,107.5,107.5,107.5,106.5,107.0,4881155
2018-12-20,107.5,107.5,107.5,107.0,107.0,4204769
2018-12-21,107.5,107.5,107.5,107.0,107.0,5731435
2018-12-24,107.0,107.0,108.0,106.5,107.5,7191182
2018-12-25,106.5,106.5,107.5,106.0,106.5,7194040
2018-12-26,106.0,106.0,107.0,106.0,106.5,11874355
2018-12-27,106.5,106.5,107.0,106.0,106.5,7382343
2018-12-28,113.0,113.0,113.0,106.5,107.0,23472272
2019-01-02,107.0,107.0,108.5,107.0,108.0,10664118
2019-01-03,107.0,107.0,107.5,107.0,107.5,5508818
2019-01-04,107.5,107.5,107.5,106.5,107.0,5947097
2019-01-07,108.0,108.0,108.0,107.5,108.0,5665348
2019-01-08,107.0,107.0,108.0,107.0,108.0,7607006
2019-01-09,107.5,107.5,107.5,107.0,107.5,8300702
2019-01-10,107.0,107.0,107.0,106.5,106.5,6220751
2019-01-11,107.0,107.0,107.0,106.5,107.0,6847797
2019-01-14,106.5,106.5,107.0,106.0,107.0,6641129
2019-01-15,107.0,107.0,107.0,106.5,106.5,5968885
2019-01-16,107.0,107.0,107.0,106.5,106.5,5727210
2019-01-17,107.0,107.0,107.0,106.5,106.5,4311517
2019-01-18,107.0,107.0,107.0,106.5,107.0,6127169
2019-01-21,106.5,106.5,107.0,106.0,107.0,7168975
2019-01-22,107.5,107.5,107.5,106.5,106.5,10011495
2019-01-23,107.0,107.0,108.0,106.5,107.0,5558447
2019-01-24,107.0,107.0,107.5,106.5,107.0,7790106
2019-01-25,107.0,107.0,107.0,106.5,107.0,7838333
2019-01-28,106.5,106.5,107.0,106.5,106.5,7458995
2019-01-29,107.0,107.0,107.0,106.5,107.0,7233532
2019-01-30,107.0,107.0,107.0,106.5,107.0,9310055
2019-02-11,106.5,106.5,108.0,106.5,107.5,15270358
2019-02-12,107.0,107.0,107.5,106.5,107.0,12912519
2019-02-13,106.0,106.0,107.0,106.0,107.0,11838394
2019-02-14,106.0,106.0,107.0,106.0,106.5,7964309
2019-02-15,106.5,106.5,107.0,106.0,106.5,8260742
2019-02-18,106.5,106.5,107.0,106.0,106.5,8435027
2019-02-19,106.0,106.0,107.0,106.0,106.5,5957214
2019-02-20,106.5,106.5,106.5,106.0,106.0,9254102
2019-02-21,106.5,106.5,106.5,106.0,106.0,7410452
2019-02-22,107.0,107.0,107.0,106.0,106.5,7165562
2019-02-25,107.0,107.0,107.0,106.5,107.0,7456253
2019-02-26,106.5,106.5,107.0,106.5,107.0,9632887
2019-02-27,107.0,107.0,107.5,106.5,106.5,8008331
2019-03-04,107.0,107.0,107.5,106.5,106.5,9591844
2019-03-05,107.0,107.0,107.5,106.5,107.0,7242651
2019-03-06,107.5,107.5,107.5,107.0,107.0,6699834
2019-03-07,107.0,107.0,107.5,107.0,107.0,5129977
2019-03-08,107.5,107.5,107.5,107.0,107.0,6251360
2019-03-11,107.0,107.0,107.5,107.0,107.5,5730356
2019-03-12,108.0,108.0,108.0,107.5,107.5,4257075
2019-03-13,108.0,108.0,108.0,107.5,108.0,5047766
2019-03-14,107.5,107.5,108.0,107.5,108.0,4913545
2019-03-15,108.0,108.0,108.5,107.5,108.0,16943571
2019-03-18,108.0,108.0,108.0,107.5,108.0,5290682
2019-03-19,108.0,108.0,108.0,107.5,107.5,7158092
2019-03-20,108.0,108.0,108.5,107.5,108.0,6858833
2019-03-21,108.0,108.0,108.5,108.0,108.0,6886811
2019-03-22,108.5,108.5,108.5,107.5,108.0,5782954
2019-03-25,107.5,107.5,108.5,107.5,108.0,5201894
2019-03-26,108.5,108.5,108.5,108.0,108.0,2743405
2019-03-27,108.5,108.5,109.0,108.0,108.5,6364055
2019-03-28,109.0,109.0,109.0,108.5,108.5,4995425
2019-03-29,109.5,109.5,109.5,108.5,109.0,5386867
2019-04-01,110.5,110.5,110.5,109.0,109.5,16714913
2019-04-02,109.5,109.5,110.5,109.5,110.0,11111665
2019-04-03,108.5,108.5,110.0,108.5,110.0,5752629
2019-04-08,108.5,108.5,109.0,108.5,108.5,8115608
2019-04-09,109.5,109.5,109.5,108.5,108.5,5192820
2019-04-10,109.5,109.5,109.5,108.5,109.0,6204390
2019-04-11,109.0,109.0,109.5,108.5,109.0,8660871
2019-04-12,109.5,109.5,109.5,108.5,108.5,7322669
2019-04-15,109.5,109.5,110.0,109.0,109.0,5801469
2019-04-16,110.0,110.0,110.0,109.0,109.0,4773086
2019-04-17,109.5,109.5,110.0,109.5,110.0,4907393
2019-04-18,110.0,110.0,110.0,109.0,109.5,7418175
2019-04-19,109.5,109.5,110.0,109.5,110.0,3916816
2019-04-22,110.0,110.0,110.5,109.5,110.0,3223439
2019-04-23,110.5,110.5,110.5,109.5,110.0,3791782
2019-04-24,110.5,110.5,110.5,110.0,110.0,7418638
2019-04-25,110.5,110.5,111.0,110.0,110.5,3964400
2019-04-26,110.5,110.5,111.0,110.0,110.5,6580800
2019-04-29,111.0,111.0,111.0,110.0,110.5,4857669
2019-04-30,111.0,111.0,111.5,110.5,111.0,10679394
2019-05-02,111.0,111.0,111.5,111.0,111.0,6338875
2019-05-03,111.0,111.0,111.5,110.5,111.0,5941965
2019-05-06,110.5,110.5,111.0,110.0,111.0,6726957
2019-05-07,110.5,110.5,111.0,110.5,110.5,3540974
2019-05-08,111.5,111.5,111.5,110.5,110.5,7319926
2019-05-09,110.0,110.0,111.0,110.0,111.0,7889213
2019-05-10,110.0,110.0,110.5,109.5,110.0,6963743
2019-05-13,110.0,110.0,110.5,110.0,110.0,6719157
2019-05-14,111.5,111.5,111.5,109.5,110.0,11527887
2019-05-15,110.5,110.5,111.5,110.5,111.0,5633496
2019-05-16,110.5,110.5,111.0,110.5,110.5,3549763
2019-05-17,111.0,111.0,111.5,110.5,110.5,4813837
2019-05-20,111.5,111.5,112.0,111.0,111.0,10262621
2019-05-21,112.5,112.5,112.5,111.5,112.0,10047289
2019-05-22,112.0,112.0,112.5,111.5,112.5,5313147
2019-05-23,112.0,112.0,112.0,111.5,112.0,4238560
2019-05-24,112.0,112.0,112.5,111.5,112.0,6107383
2019-05-27,112.0,112.0,112.5,112.0,112.0,3700946
2019-05-28,111.5,111.5,112.5,111.5,112.0,16337051
2019-05-29,112.0,112.0,112.0,111.5,111.5,4990889
2019-05-30,112.5,112.5,112.5,111.5,112.0,5650669
2019-05-31,112.5,112.5,112.5,111.5,112.0,10693361
2019-06-03,113.0,113.0,113.0,112.0,112.0,6954093
2019-06-04,113.0,113.0,113.5,112.5,113.0,6933784
2019-06-05,113.5,113.5,113.5,112.5,113.0,7217826
2019-06-06,113.5,113.5,113.5,113.0,113.0,2569079
2019-06-10,114.0,114.0,114.0,113.5,113.5,4822206
2019-06-11,113.5,113.5,114.0,113.0,114.0,4660805
2019-06-12,113.0,113.0,113.5,112.5,113.0,7439944
2019-06-13,113.0,113.0,113.0,112.5,113.0,5660261
2019-06-14,112.5,112.5,113.0,112.0,112.5,6654255
2019-06-17,112.0,112.0,112.5,112.0,112.5,8327344
2019-06-18,112.0,112.0,112.0,111.5,112.0,6036636
2019-06-19,113.5,113.5,113.5,112.0,112.5,9456197
2019-06-20,112.5,112.5,113.0,112.0,112.5,7749682
2019-06-21,113.5,113.5,113.5,112.0,112.5,9775303
2019-06-24,114.0,114.0,114.0,113.0,113.5,5209377
2019-06-25,114.0,114.0,114.0,113.0,113.5,5052751
2019-06-26,114.0,114.0,114.0,113.5,114.0,4936698
2019-06-27,113.5,113.5,114.0,113.0,114.0,8818627
2019-06-28,113.0,113.0,114.0,113.0,113.5,6405433
2019-07-01,113.0,113.0,114.0,113.0,113.5,5850552
2019-07-02,113.5,113.5,113.5,113.0,113.0,5475494
2019-07-03,113.5,113.5,113.5,113.0,113.0,2981840
2019-07-04,113.0,113.0,113.5,112.5,113.5,6974638
2019-07-05,113.5,113.5,113.5,113.0,113.0,2970660
2019-07-08,114.0,114.0,114.0,113.0,113.5,7372113
2019-07-09,113.5,113.5,114.0,113.0,114.0,6015794
2019-07-10,113.5,113.5,113.5,113.0,113.5,6186386
2019-07-11,113.5,113.5,113.5,113.0,113.5,6343721
2019-07-12,113.0,113.0,113.5,113.0,113.0,6232979
2019-07-15,112.5,112.5,113.0,112.5,113.0,3762182
2019-07-16,111.5,111.5,113.0,111.5,112.5,8689351
2019-07-17,112.0,112.0,112.0,111.0,111.5,9700483
2019-07-18,112.0,112.0,112.0,111.5,112.0,3840243
2019-07-19,112.0,112.0,112.5,112.0,112.0,4725362
2019-07-22,112.5,112.5,112.5,112.0,112.0,5177045
2019-07-23,112.0,112.0,113.0,112.0,112.5,11407880
2019-07-24,112.0,112.0,112.5,112.0,112.0,13013886
2019-07-25,107.0,107.0,107.5,107.0,107.0,23214124
2019-07-26,107.5,107.5,108.0,107.0,107.5,8720612
2019-07-29,107.5,107.5,108.0,107.5,107.5,7031843
2019-07-30,107.5,107.5,108.0,107.5,108.0,5728610
2019-07-31,108.0,108.0,108.0,107.5,108.0,6542598
2019-08-01,107.0,107.0,108.0,107.0,107.5,7028127
2019-08-02,107.0,107.0,107.5,107.0,107.0,9608197
2019-08-05,107.5,107.5,107.5,107.0,107.0,7058310
2019-08-06,106.5,106.5,107.0,106.5,107.0,9676116
2019-08-07,106.5,106.5,107.5,106.5,107.0,9636935
2019-08-08,107.5,107.5,107.5,106.5,106.5,4160707
2019-08-12,107.5,107.5,108.0,107.0,107.5,4357228
2019-08-13,107.0,107.0,107.5,107.0,107.5,4461194
2019-08-14,107.0,107.0,108.0,107.0,107.5,4174497
2019-08-15,106.5,106.5,107.0,106.5,107.0,4864937
2019-08-16,108.0,108.0,108.0,106.5,107.0,8278776
2019-08-19,107.5,107.5,108.0,107.0,107.5,5376652
2019-08-20,107.0,107.0,107.5,107.0,107.5,4505636
2019-08-21,107.5,107.5,107.5,107.0,107.5,3984328
2019-08-22,107.0,107.0,108.0,107.0,107.5,4961578
2019-08-23,107.5,107.5,107.5,107.0,107.5,5589689
2019-08-26,107.0,107.0,107.5,107.0,107.0,3059051
2019-08-27,107.5,107.5,107.5,107.0,107.5,8419782
2019-08-28,108.0,108.0,108.0,107.0,107.5,4480994
2019-08-29,108.5,108.5,108.5,107.5,108.0,6682899
2019-08-30,109.0,109.0,109.0,108.0,108.5,11132534
2019-09-02,110.0,110.0,110.0,108.5,109.0,7737376
2019-09-03,109.5,109.5,110.5,109.5,110.0,7597235
2019-09-04,110.0,110.0,110.0,109.0,109.5,5983062
2019-09-05,110.0,110.0,110.0,109.5,109.5,6513974
2019-09-06,110.0,110.0,110.0,109.0,109.5,5376829
2019-09-09,110.5,110.5,110.5,109.5,110.0,6685051
2019-09-10,111.0,111.0,111.0,110.0,110.5,9780716
2019-09-11,111.0,111.0,111.5,110.5,111.0,8394489
2019-09-12,111.0,111.0,111.5,110.5,111.0,6693386
2019-09-16,111.5,111.5,111.5,111.0,111.0,6327127
2019-09-17,111.5,111.5,111.5,111.0,111.5,5254659
2019-09-18,111.5,111.5,112.0,111.0,111.5,7983806
2019-09-19,112.0,112.0,112.0,111.5,111.5,3240454
2019-09-20,112.5,112.5,112.5,111.0,112.0,11268115
2019-09-23,112.0,112.0,112.5,112.0,112.5,4234757
2019-09-24,111.5,111.5,112.0,111.5,112.0,6464111
2019-09-25,110.5,110.5,111.5,110.5,111.5,6198959
2019-09-26,110.0,110.0,111.0,110.0,111.0,4812477
2019-09-27,111.0,111.0,111.0,110.0,110.5,6040330
2019-10-01,112.0,112.0,112.0,111.0,112.0,7597841
2019-10-02,112.0,112.0,112.5,112.0,112.0,7390141
2019-10-03,111.5,111.5,112.0,111.0,111.0,3990286
2019-10-04,112.0,112.0,112.0,111.5,111.5,4565497
2019-10-07,112.5,112.5,112.5,112.0,112.0,3800146
2019-10-08,112.5,112.5,112.5,112.0,112.0,4867484
2019-10-09,111.5,111.5,112.5,111.5,112.0,4920025
2019-10-14,112.0,112.0,112.5,112.0,112.0,6737206
2019-10-15,112.0,112.0,112.5,111.5,112.0,5464050
2019-10-16,112.5,112.5,112.5,111.5,112.0,7273388
2019-10-17,112.5,112.5,112.5,112.0,112.0,4755532
2019-10-18,112.5,112.5,112.5,112.0,112.5,13323441
2019-10-21,112.5,112.5,113.0,112.0,112.0,7635526
2019-10-22,113.0,113.0,113.0,112.5,112.5,4009969
2019-10-23,112.5,112.5,113.0,112.0,112.5,6084151
2019-10-24,113.0,113.0,113.0,112.0,112.5,6668208
2019-10-25,112.5,112.5,113.0,112.0,112.5,4915193
2019-10-28,113.0,113.0,113.0,112.0,112.5,3182666
2019-10-29,112.5,112.5,113.0,112.5,113.0,5399485
2019-10-30,113.0,113.0,113.0,112.5,112.5,5061208
2019-10-31,112.0,112.0,113.0,112.0,113.0,8684944
2019-11-01,113.0,113.0,113.0,112.0,112.5,5105204
2019-11-04,113.0,113.0,113.0,112.5,112.5,4406142
2019-11-05,113.0,113.0,113.0,112.5,112.5,5906147
2019-11-06,113.5,113.5,114.0,112.5,113.0,16499226
2019-11-07,113.0,113.0,113.5,113.0,113.5,5199914
2019-11-08,113.5,113.5,114.0,113.0,113.5,6870755
2019-11-11,114.0,114.0,114.0,113.0,113.5,3747853
2019-11-12,113.5,113.5,114.0,113.5,114.0,4472078
2019-11-13,112.5,112.5,113.5,112.5,113.0,8513845
2019-11-14,113.0,113.0,113.5,112.5,113.0,4420666
2019-11-20,114.0,114.0,114.0,113.0,113.0,8223154
2019-11-21,113.0,113.0,114.0,113.0,113.5,5692117
2019-11-22,114.0,114.0,114.0,113.0,113.5,7014981
2019-11-25,113.5,113.5,114.0,113.0,113.5,5226486
2019-11-26,112.5,112.5,114.0,112.5,114.0,22552577
2019-11-27,113.0,113.0,113.5,113.0,113.5,5160618
2019-11-28,112.5,112.5,113.5,112.5,113.0,6086728
2019-11-29,113.0,113.0,113.0,112.5,112.5,3847421
2019-12-02,113.0,113.0,113.0,112.5,113.0,3760787
2019-12-03,113.0,113.0,113.5,112.5,113.0,7069645
2019-12-04,113.0,113.0,113.0,112.5,113.0,4162445
2019-12-05,113.0,113.0,113.5,112.5,113.0,10652808
2019-12-06,112.5,112.5,113.0,112.5,113.0,4447826
2019-12-09,112.0,112.0,112.5,112.0,112.5,8666163
2019-12-10,111.5,111.5,112.5,111.5,112.0,8069073
2019-12-11,111.0,111.0,112.0,111.0,111.5,8085711
2019-12-12,111.5,111.5,112.0,111.0,111.5,9262829
2019-12-13,112.0,112.0,112.5,111.5,112.0,9705220
2019-12-16,110.5,110.5,112.0,110.5,111.5,21694088
2019-12-17,110.5,110.5,111.0,110.0,111.0,14318414
2019-12-18,110.5,110.5,111.0,110.5,110.5,10571450
2019-12-19,110.0,110.0,111.0,110.0,110.5,9438590
2019-12-20,111.0,111.0,111.0,110.0,110.5,8780053
2019-12-23,111.5,111.5,111.5,110.5,111.0,2548931
2019-12-24,110.5,110.5,111.5,110.5,111.0,5797409
2019-12-25,110.5,110.5,111.5,110.5,110.5,4816640
2019-12-26,111.0,111.0,111.5,110.5,111.0,2423940
2019-12-27,111.5,111.5,111.5,110.5,111.5,3249879
2019-12-30,111.0,111.0,111.5,110.5,111.5,6051645
2019-12-31,110.0,110.0,111.5,110.0,111.0,6503200
2020-01-02,109.5,109.5,110.5,109.5,110.5,8125141
2020-01-03,110.5,110.5,110.5,109.5,110.0,7416848
2020-01-06,110.0,110.0,110.5,110.0,110.5,5303895
2020-01-07,109.5,109.5,110.0,108.5,110.0,14171476
2020-01-08,109.0,109.0,110.0,109.0,109.5,9437253
2020-01-09,109.5,109.5,110.0,109.0,109.5,7520338
2020-01-10,109.5,109.5,110.0,109.0,109.5,5737892
2020-01-13,110.0,110.0,110.0,108.5,109.5,14512141
2020-01-14,109.5,109.5,110.0,108.5,109.5,11104620
2020-01-15,109.0,109.0,109.5,108.5,109.0,12586074
2020-01-16,109.5,109.5,109.5,108.5,109.0,9307953
2020-01-17,109.5,109.5,110.0,109.0,109.5,8286953
2020-01-20,109.5,109.5,110.0,109.0,109.5,7200798
2020-01-30,108.5,108.5,109.0,108.0,108.5,17655824
2020-01-31,108.0,108.0,109.0,107.5,107.5,15411293
2020-02-03,108.0,108.0,108.0,107.0,107.5,12973281
2020-02-04,108.0,108.0,108.5,107.0,107.5,13601163
2020-02-05,108.0,108.0,108.5,108.0,108.0,7127971
2020-02-06,108.5,108.5,109.0,108.5,108.5,5967464
2020-02-07,109.0,109.0,109.0,108.5,109.0,7526636
2020-02-10,109.0,109.0,109.0,108.0,109.0,6295322
2020-02-11,108.5,108.5,109.5,108.5,109.0,3888202
2020-02-12,108.5,108.5,109.0,108.5,109.0,6959768
2020-02-13,109.5,109.5,109.5,108.5,109.0,5627386
2020-02-14,109.0,109.0,109.5,109.0,109.5,3179443
2020-02-17,110.0,110.0,110.0,109.0,109.0,4673114
2020-02-18,109.5,109.5,110.0,109.5,109.5,2812057
2020-02-19,110.0,110.0,110.5,109.5,110.0,4873771
2020-02-20,109.5,109.5,110.5,109.5,110.0,6727345
2020-02-21,109.5,109.5,110.0,109.5,109.5,4980603
2020-02-24,108.5,108.5,109.5,108.5,109.5,7465889
2020-02-25,108.5,108.5,109.0,108.0,108.5,5278040
2020-02-26,108.0,108.0,109.0,108.0,108.0,6856707
2020-02-27,108.0,108.0,108.5,108.0,108.0,8037695
2020-03-02,108.0,108.0,108.0,107.0,107.5,11114123
2020-03-03,108.0,108.0,109.0,108.0,108.0,7103100
2020-03-04,109.0,109.0,109.0,108.0,108.5,4698670
2020-03-05,110.0,110.0,110.0,109.0,109.5,6645546
2020-03-06,108.5,108.5,110.0,108.5,109.5,7553751
2020-03-09,107.5,107.5,108.0,107.5,108.0,9024036
2020-03-10,107.5,107.5,108.5,107.0,107.0,10880267
2020-03-11,108.5,108.5,108.5,107.5,108.0,9091040
2020-03-12,107.5,107.5,108.5,107.0,108.0,16766527
2020-03-13,106.0,106.0,107.0,103.0,106.5,34147652
2020-03-16,105.0,105.0,107.0,105.0,106.5,16463671
2020-03-17,107.0,107.0,107.0,103.5,104.0,22133575
2020-03-18,106.5,106.5,107.0,105.0,107.0,17985225
2020-03-19,105.5,105.5,106.0,103.5,104.0,24486593
2020-03-20,106.5,106.5,106.5,104.5,106.0,24679658
2020-03-23,105.5,105.5,106.0,104.5,105.0,14916932
2020-03-24,107.0,107.0,108.0,106.0,106.5,16253605
2020-03-25,108.0,108.0,108.5,107.0,107.0,9847227
2020-03-26,107.5,107.5,109.0,107.5,108.0,6411652
2020-03-27,107.5,107.5,108.0,107.0,108.0,7273843
2020-03-30,106.5,106.5,107.0,106.0,106.5,6517201
2020-03-31,107.5,107.5,107.5,106.5,107.0,8431751
2020-04-01,107.0,107.0,108.0,107.0,107.5,11966862
2020-04-07,107.5,107.5,108.0,107.0,108.0,8796428
2020-04-08,108.0,108.0,108.0,107.0,107.5,5668113
2020-04-09,107.0,107.0,107.5,107.0,107.5,5748576
2020-04-10,108.0,108.0,108.0,107.0,107.5,9457688
2020-04-13,108.0,108.0,108.5,107.5,108.0,6173698
2020-04-14,108.5,108.5,108.5,108.0,108.5,8416559
2020-04-15,109.0,109.0,109.0,108.0,109.0,11627585
2020-04-16,108.0,108.0,109.0,108.0,108.5,8541891
2020-04-17,108.5,108.5,109.0,108.0,108.5,6409933
2020-04-20,109.0,109.0,109.5,108.5,108.5,7909536
2020-04-21,108.5,108.5,109.5,108.0,109.0,9206783
2020-04-22,109.0,109.0,109.0,107.5,108.0,6687437
2020-04-23,109.0,109.0,109.0,108.0,108.5,6629422
2020-04-24,108.5,108.5,109.0,108.0,109.0,4632768
2020-04-27,109.5,109.5,109.5,109.0,109.0,5408436
2020-04-28,109.5,109.5,109.5,109.0,109.5,5086238
2020-04-29,110.0,110.0,110.0,109.0,109.5,6578610
2020-05-04,109.0,109.0,109.0,108.0,108.0,8679779
2020-05-05,109.0,109.0,109.5,109.0,109.0,4527838
2020-05-06,109.5,109.5,109.5,109.0,109.5,6254989
2020-05-07,109.0,109.0,110.0,109.0,109.5,5621611
2020-05-08,110.0,110.0,111.5,109.5,110.0,21851610
2020-05-11,110.0,110.0,111.0,110.0,110.5,5093599
2020-05-12,110.0,110.0,110.5,109.5,110.0,4715049
2020-05-13,110.0,110.0,110.5,109.5,110.0,4542908
2020-05-14,110.0,110.0,110.0,109.5,110.0,3616369
2020-05-15,109.5,109.5,110.5,109.5,110.0,5178243
2020-05-18,110.5,110.5,111.0,109.5,109.5,8188535
2020-05-19,111.0,111.0,111.5,110.5,111.5,7118181
2020-05-20,111.5,111.5,111.5,111.0,111.0,5522356
2020-05-21,111.5,111.5,111.5,110.5,111.5,5396999
2020-05-22,111.0,111.0,112.0,110.5,111.0,11160959
2020-05-25,110.5,110.5,111.5,110.5,111.5,4554250
2020-05-26,111.0,111.0,111.5,110.5,111.0,4452308
2020-05-27,110.0,110.0,111.0,110.0,111.0,7453560
2020-05-28,110.5,110.5,111.0,110.0,110.0,6454371
2020-05-29,110.5,110.5,111.5,110.0,110.5,18409288
2020-06-01,111.5,111.5,111.5,111.0,111.5,6093580
2020-06-02,112.0,112.0,112.0,111.0,111.5,3669244
2020-06-03,112.5,112.5,113.0,111.5,112.0,9939657
2020-06-04,113.0,113.0,113.5,112.5,113.0,6799376
2020-06-05,112.5,112.5,113.0,112.5,113.0,3318639
2020-06-08,113.0,113.0,113.0,112.0,112.5,8791319
2020-06-09,113.0,113.0,113.0,112.0,112.5,8683700
2020-06-10,113.0,113.0,113.0,112.5,113.0,9580081
2020-06-11,112.5,112.5,113.0,112.5,112.5,9720519
2020-06-12,113.0,113.0,113.0,111.5,112.0,7951392
2020-06-15,111.5,111.5,113.0,111.5,112.5,11366240
2020-06-16,112.5,112.5,113.0,112.0,112.0,7734585
2020-06-17,113.0,113.0,113.0,112.5,113.0,6040576
2020-06-18,112.5,112.5,113.0,112.5,113.0,7360447
2020-06-19,113.0,113.0,113.5,112.5,113.0,13986807
2020-06-22,113.5,113.5,113.5,113.0,113.0,5903305
2020-06-23,114.0,114.0,114.0,113.0,113.5,12015584
2020-06-24,114.5,114.5,114.5,114.0,114.0,12762507
2020-06-29,115.0,115.0,115.0,114.0,114.5,11362138
2020-06-30,117.0,117.0,117.0,115.0,115.0,21528572
2020-07-01,116.5,116.5,117.0,116.0,116.5,18156651
2020-07-02,114.0,114.0,114.0,110.5,111.5,29091278
2020-07-03,112.0,112.0,114.0,112.0,114.0,8767500
2020-07-06,112.0,112.0,112.5,111.5,112.0,11953494
2020-07-07,111.5,111.5,112.0,111.0,112.0,14418708
2020-07-08,112.0,112.0,112.0,111.0,111.5,15765820
2020-07-09,110.5,110.5,112.0,110.5,112.0,13087494
2020-07-10,111.0,111.0,111.5,110.5,111.0,7696315
2020-07-13,110.5,110.5,111.5,110.5,111.0,10185501
2020-07-14,110.0,110.0,111.0,110.0,111.0,11484818
2020-07-15,109.5,109.5,110.5,109.0,110.0,34285902
2020-07-16,109.5,109.5,110.5,109.0,110.5,13943215
2020-07-17,109.5,109.5,110.5,109.5,110.0,7189110
2020-07-20,110.0,110.0,110.5,109.5,110.0,5143854
2020-07-21,110.0,110.0,110.5,109.5,110.0,6993417
2020-07-22,110.0,110.0,110.0,109.5,110.0,7991257
2020-07-23,109.0,109.0,110.0,109.0,109.5,7332642
2020-07-24,109.0,109.0,109.5,109.0,109.0,5930117
2020-07-27,108.0,108.0,109.0,108.0,108.5,12172684
2020-07-28,108.5,108.5,109.0,107.5,108.0,9263451
2020-07-29,108.5,108.5,109.5,108.5,109.0,7047757
2020-07-30,108.5,108.5,109.5,108.5,108.5,4250156
2020-07-31,109.5,109.5,109.5,108.5,109.5,7544055
2020-08-03,108.0,108.0,109.5,108.0,109.0,8471919
2020-08-04,108.5,108.5,109.0,108.0,108.5,4972486
2020-08-05,108.0,108.0,109.5,108.0,109.0,4954888
2020-08-06,109.0,109.0,109.0,108.0,108.5,3325191
2020-08-07,109.0,109.0,109.0,108.0,108.5,5560968
2020-08-10,108.5,108.5,109.5,108.5,109.0,3510154
2020-08-11,108.5,108.5,109.0,108.5,109.0,5792982
2020-08-12,109.0,109.0,109.0,108.0,109.0,4547838
2020-08-13,109.5,109.5,109.5,109.0,109.5,3972010
2020-08-14,109.0,109.0,109.5,108.5,109.0,4148947
2020-08-17,108.5,108.5,109.5,108.5,109.0,4250202
2020-08-18,109.0,109.0,109.0,108.5,109.0,4215336
2020-08-19,109.0,109.0,109.5,109.0,109.5,5607802
2020-08-20,109.0,109.0,109.5,108.5,108.5,6434005
2020-08-21,109.5,109.5,109.5,108.5,109.0,5463458
2020-08-24,109.0,109.0,109.5,109.0,109.5,2043464
2020-08-25,109.0,109.0,109.5,109.0,109.0,4642834
2020-08-26,109.0,109.0,109.5,108.5,109.0,6699286
2020-08-27,109.5,109.5,109.5,109.0,109.0,3651955
2020-08-28,109.0,109.0,109.5,108.5,109.0,4132089
2020-08-31,108.5,108.5,109.0,108.5,109.0,6885457
2020-09-01,109.0,109.0,109.0,108.5,109.0,5746939
2020-09-02,108.5,108.5,109.0,108.0,109.0,6262564
2020-09-03,109.0,109.0,109.0,108.0,108.5,4612112
2020-09-04,108.5,108.5,108.5,108.0,108.0,5948698
2020-09-07,108.5,108.5,108.5,108.0,108.5,4558400
2020-09-08,109.0,109.0,109.0,108.0,108.5,4867390
2020-09-09,108.5,108.5,109.0,108.0,108.5,5289879
2020-09-10,109.0,109.0,109.0,108.0,108.5,3603750
2020-09-11,109.0,109.0,109.0,108.5,108.5,3675532
2020-09-14,109.0,109.0,109.0,108.0,108.5,4317927
2020-09-15,109.0,109.0,109.0,108.0,108.5,3480148
2020-09-16,109.0,109.0,109.0,108.5,109.0,3813649
2020-09-17,109.0,109.0,109.0,108.5,108.5,4295875
2020-09-18,109.0,109.0,109.0,108.0,108.5,7516240
2020-09-21,108.5,108.5,109.0,108.0,108.5,4172523
2020-09-22,108.0,108.0,108.5,108.0,108.5,4209865
2020-09-23,107.5,107.5,108.5,107.5,108.0,6487439
2020-09-24,107.0,107.0,108.0,107.0,107.5,10510656
2020-09-25,107.5,107.5,107.5,106.5,107.5,9077801
2020-09-28,108.0,108.0,108.0,107.0,107.5,5595350
2020-09-29,108.5,108.5,108.5,107.5,108.0,6309564
2020-09-30,107.0,107.0,108.5,106.5,108.5,9443488
2020-10-05,107.0,107.0,107.5,106.5,107.0,6115661
2020-10-06,108.0,108.0,108.0,107.0,107.5,5009845
2020-10-07,106.5,106.5,108.0,106.5,107.5,11761225
2020-10-08,107.5,107.5,107.5,106.5,107.0,7531643
2020-10-12,107.0,107.0,107.5,107.0,107.5,4209966
2020-10-13,107.5,107.5,107.5,106.5,107.0,4427353
2020-10-14,107.5,107.5,107.5,107.0,107.5,4742230
2020-10-15,106.5,106.5,107.5,106.5,107.0,9339786
2020-10-16,106.5,106.5,107.0,106.5,106.5,5127011
2020-10-19,107.0,107.0,107.0,106.5,106.5,4889755
2020-10-20,106.5,106.5,107.0,106.5,107.0,3209597
2020-10-21,107.0,107.0,107.5,106.5,107.0,5517630
2020-10-22,107.0,107.0,107.5,106.5,107.0,3413554
2020-10-23,107.5,107.5,107.5,107.0,107.0,3455241
2020-10-26,108.5,108.5,108.5,107.5,107.5,5423582
2020-10-27,109.0,109.0,109.5,108.0,108.0,7943352
2020-10-28,108.5,108.5,109.0,108.0,108.5,5025995
2020-10-29,107.5,107.5,108.0,107.5,108.0,5115718
2020-10-30,107.0,107.0,108.0,107.0,107.5,7628637
2020-11-02,109.5,109.5,109.5,107.5,108.0,8131379
2020-11-03,109.5,109.5,109.5,109.0,109.5,7580978
2020-11-04,109.5,109.5,109.5,109.0,109.0,3504811
2020-11-05,110.0,110.0,110.0,109.0,109.5,6541354
2020-11-06,109.5,109.5,110.0,109.0,109.5,5093971
2020-11-09,110.0,110.0,110.0,109.0,109.5,5411829
2020-11-10,110.0,110.0,110.0,109.0,110.0,6433358
2020-11-11,110.0,110.0,110.0,109.5,110.0,7194019
2020-11-12,110.0,110.0,110.5,109.5,110.0,4426471
2020-11-13,110.0,110.0,110.0,109.0,109.5,5774856
2020-11-16,109.5,109.5,110.0,109.0,109.5,6870576
2020-11-17,110.0,110.0,110.0,108.5,109.0,8249369
2020-11-18,110.0,110.0,110.0,109.5,110.0,5449294
2020-11-19,110.0,110.0,110.0,109.5,110.0,6210131
2020-11-20,109.5,109.5,110.0,109.0,110.0,7353752
2020-11-23,110.5,110.5,110.5,109.5,110.0,8676191
2020-11-24,109.5,109.5,110.0,109.5,110.0,4932117
2020-11-25,109.0,109.0,110.0,108.5,110.0,6899982
2020-11-26,109.5,109.5,110.0,108.5,109.0,8611752
2020-11-27,109.5,109.5,110.0,109.0,109.5,5181020
2020-11-30,108.5,108.5,110.0,108.5,109.5,20710752
2020-12-01,109.0,109.0,109.5,108.5,108.5,6246343
2020-12-02,109.0,109.0,109.5,108.5,108.5,8279221
2020-12-04,109.5,109.5,109.5,109.0,109.5,6774426
2020-12-07,108.5,108.5,109.5,108.5,109.5,9323251
2020-12-08,109.5,109.5,109.5,108.5,108.5,6133358
2020-12-09,108.5,108.5,109.0,108.0,109.0,9418308
2020-12-10,108.5,108.5,109.0,108.0,108.0,5029951
2020-12-11,108.5,108.5,108.5,108.0,108.5,6596981
2020-12-14,108.5,108.5,109.0,108.0,108.5,5650460
2020-12-15,109.0,109.0,109.0,108.0,108.5,5936047
2020-12-16,109.5,109.5,109.5,108.5,108.5,8048519
2020-12-17,109.5,109.5,109.5,109.0,109.0,6088506
2020-12-18,109.5,109.5,109.5,109.0,109.5,8552514
2020-12-21,109.5,109.5,110.0,109.0,109.5,6770582
2020-12-22,109.0,109.0,109.5,109.0,109.5,5640757
2020-12-23,108.5,108.5,109.5,108.0,109.0,9592260
2020-12-24,108.0,108.0,109.0,108.0,108.5,7604760
2020-12-25,108.5,108.5,109.0,108.0,108.5,8715662
2020-12-28,109.5,109.5,109.5,108.5,108.5,7444198
2020-12-29,109.0,109.0,109.5,108.5,109.5,4735442
2020-12-30,110.0,110.0,110.0,109.0,109.0,7229132
2020-12-31,109.0,109.0,110.0,109.0,110.0,7149092
2021-01-04,109.0,109.0,109.5,109.0,109.0,8022757
2021-01-05,109.5,109.5,109.5,108.5,109.0,6176722
2021-01-06,109.5,109.5,109.5,108.5,109.0,9003411
2021-01-07,109.0,109.0,109.5,109.0,109.0,5445667
2021-01-08,110.0,110.0,110.0,109.0,109.0,11533683
2021-01-11,111.0,111.0,111.0,109.5,110.0,14095893
2021-01-12,111.0,111.0,111.5,110.5,111.0,9262639
2021-01-13,111.5,111.5,111.5,111.0,111.0,10047070
2021-01-14,112.0,112.0,112.0,111.5,111.5,6254032
2021-01-15,111.0,111.0,112.5,111.0,112.0,7883392
2021-01-18,111.0,111.0,111.5,111.0,111.0,5316014
2021-01-19,111.0,111.0,111.5,111.0,111.0,5330628
2021-01-20,109.0,109.0,111.0,109.0,110.5,16123429
2021-01-21,108.5,108.5,110.0,108.5,109.0,10792150
2021-01-22,108.5,108.5,109.0,108.5,109.0,8747144
2021-01-25,109.0,109.0,109.5,108.5,108.5,8309911
2021-01-26,108.5,108.5,109.5,108.5,109.0,7493306
2021-01-27,109.0,109.0,109.5,108.5,109.0,8272693
2021-01-28,109.0,109.0,109.5,108.0,109.0,10511343
2021-01-29,108.0,108.0,109.0,108.0,108.5,12488478
2021-02-01,109.0,109.0,109.5,108.0,108.5,10320192
2021-02-02,109.0,109.0,109.0,108.5,108.5,5436724
2021-02-03,109.0,109.0,109.0,108.0,108.5,7957893
2021-02-04,108.0,108.0,109.0,108.0,108.5,8634837
2021-02-05,108.5,108.5,109.0,108.0,108.5,6938077
2021-02-17,108.5,108.5,109.0,108.0,109.0,12888297
2021-02-18,108.5,108.5,109.0,108.0,108.5,9196100
2021-02-19,109.0,109.0,109.0,108.5,108.5,8841583
2021-02-22,108.5,108.5,109.0,108.5,109.0,9460286
2021-02-23,109.5,109.5,109.5,108.5,108.5,11844545
2021-02-24,109.5,109.5,110.0,109.5,109.5,9063460
2021-02-25,110.5,110.5,110.5,109.5,110.0,13557827
2021-02-26,109.5,109.5,111.0,109.0,110.5,17815908
2021-03-02,109.5,109.5,110.5,109.5,110.0,8483179
2021-03-03,109.5,109.5,110.5,109.5,110.0,13720148
2021-03-04,109.5,109.5,110.5,109.0,110.0,11399517
2021-03-05,110.0,110.0,110.0,109.0,109.5,7447337
2021-03-08,110.0,110.0,111.0,109.5,110.5,11185758
2021-03-09,110.5,110.5,111.0,110.0,110.5,6252786
2021-03-10,110.5,110.5,111.0,110.0,110.5,5164962
2021-03-11,111.0,111.0,111.0,110.0,110.5,7771663
2021-03-12,111.0,111.0,111.0,110.5,111.0,3476424
2021-03-15,110.5,110.5,111.0,110.0,110.5,4972386
2021-03-16,110.5,110.5,111.0,110.5,110.5,5479795
2021-03-17,110.5,110.5,111.0,110.0,110.5,10073880
2021-03-18,111.0,111.0,111.0,110.5,110.5,6058762
2021-03-19,110.0,110.0,111.0,110.0,110.5,18081756
2021-03-22,110.5,110.5,110.5,110.0,110.5,6105179
2021-03-23,111.0,111.0,111.0,110.5,110.5,5515105
2021-03-24,111.0,111.0,111.0,110.5,111.0,5244085
2021-03-25,111.5,111.5,111.5,110.5,111.0,7969652
2021-03-26,111.5,111.5,111.5,111.0,111.5,6403678
2021-03-29,112.0,112.0,112.0,111.0,111.5,6261309
2021-03-30,111.5,111.5,112.0,111.0,112.0,9244606
2021-03-31,111.5,111.5,112.0,111.0,111.5,14972033
2021-04-01,111.5,111.5,112.0,111.0,111.5,6740101
2021-04-06,112.0,112.0,112.0,111.0,111.5,9341521
2021-04-07,112.0,112.0,112.5,112.0,112.0,10886200
2021-04-08,111.0,111.0,112.5,111.0,112.0,10448194
2021-04-09,112.0,112.0,112.0,111.0,111.5,13032865
2021-04-12,111.0,111.0,112.0,111.0,111.5,8757741
2021-04-13,112.0,112.0,112.0,111.0,111.5,6059380
2021-04-14,113.0,113.0,114.0,111.5,111.5,33443011
2021-04-15,114.0,114.0,114.0,113.0,113.0,14842620
2021-04-16,114.0,114.0,114.5,113.5,114.0,11145692
2021-04-19,114.5,114.5,114.5,113.5,114.0,8096199
2021-04-20,115.0,115.0,115.0,114.0,114.5,8448533
2021-04-21,114.5,114.5,115.0,114.0,115.0,8731707
2021-04-22,114.5,114.5,115.0,114.0,114.0,10113479
2021-04-23,114.0,114.0,114.5,113.5,114.5,6008121
2021-04-26,114.0,114.0,114.0,113.5,114.0,7984617
2021-04-27,114.0,114.0,114.0,113.0,114.0,9052808
2021-04-28,114.0,114.0,114.0,113.0,114.0,8236811
2021-04-29,114.0,114.0,114.0,113.0,113.5,4395048
2021-05-03,113.0,113.0,114.0,113.0,113.5,8922642
2021-05-04,112.5,112.5,114.0,112.0,113.5,16564013
2021-05-05,112.0,112.0,113.0,112.0,112.5,8427612
2021-05-06,113.0,113.0,113.0,112.5,112.5,6075496
2021-05-07,113.5,113.5,113.5,113.0,113.0,3789759
2021-05-10,114.0,114.0,114.0,113.0,114.0,5860314
2021-05-11,114.5,114.5,114.5,113.0,113.5,11134649
2021-05-12,112.5,112.5,114.5,108.5,114.0,28105749
2021-05-13,111.0,111.0,112.5,111.0,112.0,14032730
2021-05-14,113.5,113.5,113.5,111.0,111.5,11044619
2021-05-17,112.5,112.5,113.5,111.5,112.0,10119521
2021-05-18,113.5,113.5,113.5,112.0,112.0,12191840
2021-05-19,112.5,112.5,113.5,112.5,113.0,4735767
2021-05-20,113.5,113.5,113.5,112.0,112.5,8454222
2021-05-21,114.5,114.5,114.5,113.5,113.5,12701109
2021-05-24,113.0,113.0,113.5,112.5,113.5,7474259
2021-05-25,114.0,114.0,114.0,113.0,113.0,5988587
2021-05-26,113.0,113.0,114.0,113.0,113.5,4988672
2021-05-27,112.0,112.0,113.5,112.0,113.5,25269697
2021-05-28,113.0,113.0,113.5,112.5,113.0,6806221
2021-05-31,113.5,113.5,114.0,113.0,113.5,5823926
2021-06-01,113.5,113.5,114.0,113.0,113.5,2107933
2021-06-02,114.0,114.0,114.0,113.5,113.5,3814802
2021-06-03,114.0,114.0,114.5,113.0,114.0,3620647
2021-06-04,114.0,114.0,114.0,113.5,113.5,4233014
2021-06-07,114.0,114.0,114.0,113.0,114.0,3625182
2021-06-08,114.5,114.5,114.5,113.5,114.5,3876905
2021-06-09,114.0,114.0,114.5,114.0,114.0,3313703
2021-06-10,114.5,114.5,114.5,113.5,114.0,3276473
2021-06-11,114.5,114.5,115.0,114.0,114.5,5394857
2021-06-15,114.5,114.5,115.0,114.0,114.5,4556068
2021-06-16,115.0,115.0,115.0,114.0,114.0,6114741
2021-06-17,114.5,114.5,114.5,114.0,114.0,3789193
2021-06-18,113.5,113.5,114.5,113.5,114.0,11998910
2021-06-21,113.5,113.5,114.0,113.0,113.5,3949200
2021-06-22,114.0,114.0,114.5,113.5,114.0,5105460
2021-06-23,114.5,114.5,115.0,113.5,114.0,6331204
2021-06-24,114.0,114.0,115.0,114.0,114.5,3201956
2021-06-25,114.5,114.5,114.5,114.0,114.0,3595766
2021-06-28,114.0,114.0,115.0,114.0,114.5,3212081
2021-06-29,114.0,114.0,114.5,114.0,114.0,3868951
2021-06-30,114.0,114.0,114.5,113.5,114.0,6548859
2021-07-01,113.5,113.5,114.5,113.5,114.0,6066475
2021-07-02,114.0,114.0,114.0,113.5,113.5,5726782
2021-07-05,114.5,114.5,114.5,114.0,114.5,3890349
2021-07-06,114.0,114.0,114.5,113.5,114.0,5095903
2021-07-07,114.0,114.0,114.5,113.5,114.0,2982174
2021-07-08,114.0,114.0,114.5,113.5,114.0,3532627
2021-07-09,114.5,114.5,114.5,113.5,113.5,3365023
2021-07-12,113.5,113.5,114.5,113.5,114.5,4022706
2021-07-13,114.5,114.5,114.5,113.5,114.0,6646422
2021-07-14,114.5,114.5,114.5,114.0,114.5,4986890
2021-07-15,114.5,114.5,114.5,114.0,114.0,4547053
2021-07-16,115.0,115.0,115.0,113.5,114.0,6736131
2021-07-19,115.0,115.0,115.0,114.0,114.0,4194678
2021-07-20,115.0,115.0,115.0,114.5,114.5,3558570
2021-07-21,115.0,115.0,115.0,114.5,114.5,5743208
2021-07-22,116.0,116.0,116.0,115.0,115.0,7339414
2021-07-23,115.0,115.0,116.0,115.0,115.5,5456431
2021-07-26,115.0,115.0,115.5,114.5,115.0,3644788
2021-07-27,115.5,115.5,115.5,114.5,115.0,4573562
2021-07-28,116.0,116.0,116.0,114.5,115.5,7657293
2021-07-29,116.5,116.5,116.5,115.5,115.5,6801833
2021-07-30,115.0,115.0,116.5,115.0,116.5,6739120
2021-08-02,116.5,116.5,116.5,115.5,115.5,10788602
2021-08-03,117.0,117.0,117.0,116.5,116.5,9736099
2021-08-04,117.5,117.5,117.5,116.5,117.0,10806763
2021-08-05,118.0,118.0,118.0,117.0,117.5,14648251
2021-08-06,117.5,117.5,118.0,117.5,118.0,10410916
2021-08-09,117.5,117.5,118.0,117.0,117.5,5314393
2021-08-10,118.0,118.0,118.0,117.0,118.0,8366657
2021-08-11,118.0,118.0,118.0,117.5,118.0,9196210
2021-08-12,118.0,118.0,118.5,117.5,118.0,9635724
2021-08-13,117.5,117.5,118.0,116.5,118.0,7504024
2021-08-16,117.5,117.5,117.5,117.0,117.5,8928653
2021-08-17,117.5,117.5,117.5,117.0,117.5,10532333
2021-08-18,117.5,117.5,117.5,117.0,117.5,6759004
2021-08-19,116.5,116.5,117.5,116.0,117.5,9364648
2021-08-20,116.0,116.0,117.0,115.5,116.5,11439355
2021-08-23,115.5,115.5,116.5,115.5,116.0,8672807
2021-08-24,115.5,115.5,116.0,115.0,115.5,15045116
2021-08-25,110.0,110.0,111.0,109.0,110.5,38067644
2021-08-26,110.0,110.0,110.5,109.5,110.0,12577816
2021-08-27,110.0,110.0,110.5,109.5,110.0,8184230
2021-08-30,111.0,111.0,111.5,110.0,110.5,11303719
2021-08-31,112.0,112.0,112.5,111.0,111.5,21352143
2021-09-01,110.5,110.5,112.5,110.5,112.0,12457265
2021-09-02,111.0,111.0,111.5,110.5,110.5,4436113
2021-09-03,111.0,111.0,111.5,111.0,111.0,6338398
2021-09-06,111.0,111.0,111.5,110.5,111.0,7988155
2021-09-07,111.0,111.0,111.5,111.0,111.0,7017259
2021-09-08,111.0,111.0,111.5,110.5,111.5,11028642
2021-09-09,110.5,110.5,111.5,110.5,111.0,4151613
2021-09-10,110.5,110.5,111.0,110.5,110.5,4127802
2021-09-13,111.0,111.0,111.0,110.5,111.0,6019221
2021-09-14,111.0,111.0,111.5,110.5,111.0,6762838
2021-09-15,111.0,111.0,112.0,111.0,111.0,7423667
2021-09-16,111.5,111.5,111.5,111.0,111.0,6648849
2021-09-17,111.0,111.0,111.5,111.0,111.5,10931739
2021-09-22,111.0,111.0,111.5,110.0,110.5,11797083
2021-09-23,111.0,111.0,111.5,111.0,111.0,5812313
2021-09-24,111.5,111.5,111.5,111.0,111.5,3364442
2021-09-27,111.0,111.0,111.5,111.0,111.5,3690011
2021-09-28,111.0,111.0,111.5,111.0,111.0,5455630
2021-09-29,111.5,111.5,111.5,110.5,111.0,10155312
2021-09-30,110.5,110.5,111.5,110.5,111.0,11464460
2021-10-01,110.5,110.5,111.0,110.0,110.5,10252552
2021-10-04,111.0,111.0,111.0,110.5,111.0,6200228
2021-10-05,110.5,110.5,111.0,110.5,111.0,7094734
2021-10-06,111.0,111.0,111.0,110.5,110.5,9501790
2021-10-07,111.5,111.5,111.5,111.0,111.5,6669287
2021-10-08,111.5,111.5,112.0,111.0,111.0,11788953
2021-10-12,111.5,111.5,111.5,110.5,111.0,17617765
2021-10-13,111.5,111.5,111.5,110.5,111.5,8630453
2021-10-14,110.5,110.5,111.5,110.5,111.5,7693695
2021-10-15,111.0,111.0,111.0,110.5,110.5,9402789
2021-10-18,111.0,111.0,111.5,110.5,111.0,6135622
2021-10-19,111.5,111.5,111.5,111.0,111.0,5076302
2021-10-20,111.0,111.0,111.5,110.5,111.0,7605974
2021-10-21,110.5,110.5,111.5,110.5,111.0,7803462
2021-10-22,111.5,111.5,111.5,110.5,110.5,7113481
2021-10-25,111.0,111.0,111.5,110.5,111.0,11124619
2021-10-26,110.5,110.5,111.0,110.5,111.0,12529042
2021-10-27,110.5,110.5,111.0,110.5,110.5,5329947
2021-10-28,110.0,110.0,111.0,110.0,111.0,9383021
2021-10-29,110.5,110.5,111.0,110.0,110.5,7601467
2021-11-01,111.0,111.0,111.0,110.5,111.0,6706689
2021-11-02,110.5,110.5,111.0,110.0,111.0,7517574
2021-11-03,110.5,110.5,111.0,110.0,110.5,8510462
2021-11-04,111.0,111.0,111.0,110.5,110.5,5701579
2021-11-05,111.0,111.0,111.0,110.5,111.0,6743383
2021-11-08,111.5,111.5,111.5,110.5,111.0,8772390
2021-11-09,111.5,111.5,111.5,110.5,111.0,6241780
2021-11-10,112.0,112.0,112.0,111.0,111.5,8634462
2021-11-11,112.5,112.5,112.5,111.0,112.0,10837310
2021-11-12,112.5,112.5,112.5,112.0,112.0,7550072
2021-11-15,113.0,113.0,113.0,112.0,112.5,11246753
2021-11-16,114.0,114.0,114.0,112.5,113.0,10373910
2021-11-17,114.5,114.5,114.5,113.5,114.0,8005862
2021-11-18,115.0,115.0,115.0,114.0,114.5,4900612
2021-11-19,113.0,113.0,115.0,112.5,114.5,9844580
2021-11-22,112.5,112.5,113.5,112.5,113.0,5631423
2021-11-23,113.5,113.5,114.0,112.5,113.0,5483892
2021-11-24,113.5,113.5,114.0,113.0,113.5,2802664
2021-11-25,113.5,113.5,114.0,113.0,113.5,4392112
2021-11-26,113.0,113.0,114.0,112.5,113.0,8042354
2021-11-29,112.5,112.5,113.0,112.0,112.5,5044668
2021-11-30,112.0,112.0,113.0,112.0,112.5,24404354
2021-12-01,113.0,113.0,113.0,112.0,112.0,8357457
2021-12-02,114.0,114.0,114.0,112.5,113.0,6135520
2021-12-03,113.5,113.5,114.0,113.0,113.5,4955844
2021-12-06,114.0,114.0,114.0,113.0,113.5,3216170
2021-12-07,114.0,114.0,114.0,113.5,114.0,4561393
2021-12-08,114.0,114.0,114.5,113.5,114.0,5398432
2021-12-09,114.5,114.5,114.5,113.5,114.5,2821373
2021-12-10,114.0,114.0,114.5,113.5,114.0,2891891
2021-12-13,113.5,113.5,114.5,113.5,114.0,4187236
2021-12-14,114.0,114.0,114.0,113.5,114.0,4497555
2021-12-15,114.0,114.0,114.5,113.5,114.0,7621234
2021-12-16,114.5,114.5,115.0,114.0,114.5,6265184
2021-12-17,115.0,115.0,115.0,114.0,115.0,7288045
2021-12-20,115.0,115.0,115.0,114.0,114.0,6016925
2021-12-21,115.5,115.5,116.0,114.5,115.0,8291340
2021-12-22,115.5,115.5,116.0,115.0,115.5,2966422
2021-12-23,115.5,115.5,116.0,114.5,116.0,11384646
2021-12-24,115.5,115.5,116.0,115.0,115.5,7853663
2021-12-27,116.0,116.0,116.5,115.5,115.5,4560268
2021-12-28,116.0,116.0,116.5,115.5,116.0,6137878
2021-12-29,116.5,116.5,117.0,116.0,116.5,9054971
2021-12-30,116.5,116.5,116.5,116.0,116.5,4167113
2022-01-03,115.5,115.5,116.5,114.5,116.5,6900842
2022-01-04,115.5,115.5,116.0,114.5,115.5,11435555
2022-01-05,115.5,115.5,115.5,115.0,115.0,4299714
2022-01-06,115.5,115.5,116.0,115.0,116.0,4038682
2022-01-07,115.5,115.5,116.0,115.0,115.5,4419073
2022-01-10,116.5,116.5,116.5,115.0,115.5,5523279
2022-01-11,116.5,116.5,117.0,116.0,116.5,7542028
2022-01-12,117.0,117.0,117.0,116.0,116.5,6200007
2022-01-13,117.5,117.5,117.5,116.5,117.0,5399203
2022-01-14,117.5,117.5,118.0,117.0,117.5,5514209
2022-01-17,117.0,117.0,117.5,116.5,117.5,4269447
2022-01-18,117.5,117.5,117.5,116.5,117.0,3687733
2022-01-19,117.0,117.0,117.5,115.5,117.0,9923785
2022-01-20,116.5,116.5,117.5,116.0,117.0,7936492
2022-01-21,117.0,117.0,117.0,116.0,116.5,5788011
2022-01-24,117.0,117.0,117.5,116.0,116.5,6985813
2022-01-25,117.0,117.0,117.0,116.0,116.0,8658607
2022-01-26,117.5,117.5,117.5,116.5,117.0,6591163
2022-02-07,118.5,118.5,118.5,117.5,118.0,11096988
2022-02-08,118.0,118.0,119.0,118.0,118.5,7055695
2022-02-09,118.5,118.5,119.0,118.0,118.5,9533932
2022-02-10,119.5,119.5,119.5,118.5,119.0,6645924
2022-02-11,119.5,119.5,120.0,118.5,119.0,5308950
2022-02-14,120.0,120.0,120.0,118.5,119.0,6018505
2022-02-15,120.0,120.0,120.0,119.5,120.0,5265758
2022-02-16,121.0,121.0,121.0,120.0,120.0,7266163
2022-02-17,121.5,121.5,122.0,121.0,121.5,9972466
2022-02-18,122.0,122.0,123.0,121.0,121.5,10386896
2022-02-21,123.5,123.5,123.5,121.5,122.0,7751020
2022-02-22,123.5,123.5,123.5,122.5,123.0,11692660
2022-02-23,125.5,125.5,126.0,123.5,123.5,16311578
2022-02-24,124.5,124.5,125.5,124.0,125.0,17141004
2022-02-25,124.5,124.5,125.0,124.0,124.0,16707368
2022-03-01,124.5,124.5,125.5,124.0,125.0,12845752
2022-03-02,123.5,123.5,125.0,122.5,125.0,14720427
2022-03-03,122.5,122.5,124.0,122.0,123.5,11058997
2022-03-04,123.0,123.0,123.0,122.0,122.5,8028327
2022-03-07,121.0,121.0,122.5,120.5,122.0,18175988
2022-03-08,122.0,122.0,122.5,120.0,120.0,11857541
2022-03-09,122.5,122.5,122.5,121.5,122.0,4846163
2022-03-10,123.0,123.0,123.0,122.5,122.5,5892819
2022-03-11,122.5,122.5,122.5,122.0,122.5,7858459
2022-03-14,123.0,123.0,123.0,122.5,122.5,5981535
2022-03-15,125.0,125.0,125.0,122.0,123.0,14584229
2022-03-16,126.0,126.0,126.0,124.0,124.0,10113332
2022-03-17,125.5,125.5,127.5,125.0,126.0,16568719
2022-03-18,126.5,126.5,126.5,125.0,126.0,14222899
2022-03-21,126.5,126.5,127.0,125.0,125.5,9854091
2022-03-22,126.5,126.5,126.5,125.0,126.5,6987974
2022-03-23,126.5,126.5,126.5,125.0,126.0,6711069
2022-03-24,127.0,127.0,127.0,125.5,125.5,8353453
2022-03-25,128.0,128.0,128.0,126.0,126.0,9481803
2022-03-28,128.0,128.0,128.0,126.5,127.0,8068685
2022-03-29,127.0,127.0,128.0,126.5,127.5,6107134
2022-03-30,127.0,127.0,127.5,126.5,127.5,9627825
2022-03-31,127.0,127.0,127.5,126.5,127.0,5734826
2022-04-01,127.0,127.0,127.0,126.0,126.5,8187331
2022-04-06,127.0,127.0,127.0,126.0,127.0,10164223
2022-04-07,127.0,127.0,127.5,126.5,127.0,13580537
2022-04-08,128.0,128.0,128.0,126.5,127.5,10377720
2022-04-11,130.0,130.0,130.0,128.0,128.0,12486786
2022-04-12,128.5,128.5,129.5,128.0,129.0,7169928
2022-04-13,128.5,128.5,129.0,128.0,129.0,5636769
2022-04-14,130.0,130.0,130.0,128.5,128.5,7556797
2022-04-15,129.5,129.5,130.0,129.0,129.5,3946144
2022-04-18,130.0,130.0,130.0,128.5,128.5,5302627
2022-04-19,129.5,129.5,130.5,129.5,130.0,6415796
2022-04-20,131.0,131.0,131.0,129.0,129.0,7058429
2022-04-21,131.0,131.0,131.5,130.5,131.0,4362904
2022-04-22,131.5,131.5,131.5,130.5,130.5,4627462
2022-04-25,131.5,131.5,131.5,130.5,131.0,7300701
2022-04-26,132.0,132.0,132.0,131.0,131.0,5457218
2022-04-27,132.0,132.0,132.5,131.5,131.5,7377217
2022-04-28,131.5,131.5,132.5,130.0,132.0,15385289
2022-04-29,131.0,131.0,131.5,129.5,131.0,11922605
2022-05-03,127.5,127.5,130.5,127.0,130.0,18966881
2022-05-04,124.0,124.0,126.5,123.5,126.5,18093845
2022-05-05,125.0,125.0,126.0,124.5,125.0,13508135
2022-05-06,126.5,126.5,127.5,123.5,124.0,15952952
2022-05-09,125.0,125.0,126.5,124.0,126.0,10443415
2022-05-10,124.5,124.5,125.5,124.0,125.0,12340425
2022-05-11,125.0,125.0,126.0,124.0,124.5,8456698
2022-05-12,124.0,124.0,125.5,124.0,125.0,8405603
2022-05-13,124.0,124.0,125.5,123.5,124.5,7893307
2022-05-16,124.0,124.0,125.5,124.0,125.0,7793767
2022-05-17,123.5,123.5,124.5,123.5,124.5,7473130
2022-05-18,125.0,125.0,125.5,123.5,124.0,13561397
2022-05-19,124.5,124.5,125.0,123.5,125.0,9032928
2022-05-20,124.5,124.5,124.5,124.0,124.5,6157447
2022-05-23,123.5,123.5,125.0,123.5,125.0,8794677
2022-05-24,124.0,124.0,124.5,123.5,124.0,8922711
2022-05-25,125.0,125.0,125.5,124.0,124.0,11832771
2022-05-26,127.5,127.5,128.0,124.5,125.0,15258715
2022-05-27,125.5,125.5,128.0,124.5,127.5,12691797
2022-05-30,127.0,127.0,127.0,125.0,126.0,11933527
2022-05-31,127.0,127.0,127.0,125.0,126.5,23958885
2022-06-01,125.0,125.0,126.5,125.0,126.5,10600003
2022-06-02,125.0,125.0,126.5,124.5,125.5,11967957
2022-06-06,126.0,126.0,126.5,124.5,126.0,12889116
2022-06-07,125.5,125.5,126.5,125.0,126.0,10556869
2022-06-08,126.5,126.5,127.0,126.0,126.0,7896502
2022-06-09,126.0,126.0,127.0,126.0,126.5,6071439
2022-06-10,125.0,125.0,126.5,125.0,126.0,8902909
2022-06-13,125.0,125.0,125.5,124.0,125.5,8828952
2022-06-14,124.5,124.5,125.0,124.0,125.0,6600190
2022-06-15,125.0,125.0,126.0,124.0,124.5,8864124
2022-06-16,124.0,124.0,126.0,124.0,126.0,8345695
2022-06-17,125.0,125.0,125.5,124.0,124.0,13989190
2022-06-20,125.0,125.0,126.0,124.0,125.0,7680835
2022-06-21,126.5,126.5,126.5,125.0,125.5,12353042
2022-06-22,125.5,125.5,126.5,125.5,126.5,8600555
2022-06-23,127.0,127.0,127.0,126.0,126.5,16658038
2022-06-24,129.0,129.0,130.0,126.0,126.5,19150549
2022-06-27,128.5,128.5,130.0,128.5,129.5,9749678
2022-06-28,129.0,129.0,129.5,128.5,128.5,6975789
2022-06-29,130.5,130.5,130.5,128.5,129.0,20943249
2022-06-30,122.0,122.0,124.5,121.0,124.0,33698034
2022-07-01,124.0,124.0,125.0,120.0,122.0,20105503
2022-07-04,126.5,126.5,128.0,124.5,125.0,17388184
2022-07-05,127.0,127.0,128.0,125.5,127.5,15884241
2022-07-06,128.0,128.0,128.5,127.0,128.0,15540463
2022-07-07,127.5,127.5,129.5,126.5,128.0,24861941
2022-07-08,124.5,124.5,127.0,124.5,127.0,15579477
2022-07-11,124.0,124.0,125.5,123.0,125.0,9882350
2022-07-12,122.5,122.5,124.5,122.0,123.5,15213048
2022-07-13,124.0,124.0,125.0,122.5,122.5,22621422
2022-07-14,123.0,123.0,125.0,122.0,125.0,17810379
2022-07-15,123.0,123.0,123.0,122.0,122.5,8507617
2022-07-18,123.0,123.0,124.0,122.0,124.0,18399457
2022-07-19,121.5,121.5,123.5,120.5,123.0,17236434
2022-07-20,120.0,120.0,122.0,120.0,121.5,12246032
2022-07-21,119.5,119.5,120.0,119.0,119.5,6963743
2022-07-22,118.5,118.5,119.5,117.5,119.0,9338499
2022-07-25,120.0,120.0,120.5,118.5,118.5,5918709
2022-07-26,120.0,120.0,120.0,119.0,120.0,6596930
2022-07-27,121.5,121.5,122.5,119.5,119.5,10031369
2022-07-28,121.5,121.5,122.0,121.0,121.5,4016417
2022-07-29,121.5,121.5,122.5,121.0,122.0,5844447
2022-08-01,122.0,122.0,122.5,121.0,122.5,6700795
2022-08-02,122.5,122.5,123.0,121.5,122.0,12966774
2022-08-03,121.5,121.5,122.5,121.0,121.5,8325671
2022-08-04,120.5,120.5,122.0,120.0,121.5,6295185
2022-08-05,122.0,122.0,122.0,121.0,121.0,6376233
2022-08-08,122.5,122.5,122.5,121.0,122.0,5830105
2022-08-09,122.5,122.5,122.5,121.5,122.0,5118595
2022-08-10,122.5,122.5,123.0,122.0,122.5,6524614
2022-08-11,125.0,125.0,126.0,123.5,123.5,15504946
2022-08-12,125.0,125.0,125.5,124.0,125.0,6396575
2022-08-15,124.5,124.5,125.5,124.5,125.0,6656130
2022-08-16,123.5,123.5,125.0,123.0,125.0,7528320
2022-08-17,123.0,123.0,124.5,122.0,124.0,9326142
2022-08-18,122.5,122.5,123.0,122.0,123.0,6836983
2022-08-19,121.5,121.5,122.5,121.0,122.0,8303885
2022-08-22,123.0,123.0,123.0,121.0,121.0,5861822
2022-08-23,122.5,122.5,123.0,122.0,123.0,4454970
2022-08-24,122.0,122.0,122.5,122.0,122.5,6035328
2022-08-25,122.0,122.0,122.5,121.5,122.0,5116044
2022-08-26,122.0,122.0,122.5,121.5,122.0,5517045
2022-08-29,123.0,123.0,123.5,121.0,122.0,8052542
2022-08-30,122.5,122.5,123.5,122.0,122.5,7005118
2022-08-31,121.0,121.0,122.5,121.0,122.0,12414868
2022-09-01,121.0,121.0,121.5,120.5,121.0,8633263
2022-09-02,121.0,121.0,122.0,120.5,121.0,8049749
2022-09-05,122.0,122.0,122.0,121.0,121.0,6482718
2022-09-06,121.5,121.5,122.0,121.0,122.0,5731873
2022-09-07,120.5,120.5,121.5,120.0,121.0,6664880
2022-09-08,121.0,121.0,121.0,120.0,120.5,5582159
2022-09-12,121.0,121.0,122.0,120.0,122.0,9008537
2022-09-13,121.0,121.0,121.5,120.5,121.0,6287805
2022-09-14,119.5,119.5,120.5,119.5,120.0,6928400
2022-09-15,119.0,119.0,120.0,119.0,119.5,8519368
2022-09-16,118.0,118.0,119.0,117.5,118.5,16323152
2022-09-19,118.0,118.0,119.0,118.0,118.0,5487371
2022-09-20,118.0,118.0,119.0,118.0,118.5,5068034
2022-09-21,117.5,117.5,118.0,117.0,118.0,6307599
2022-09-22,116.0,116.0,117.0,116.0,116.5,7369824
2022-09-23,115.0,115.0,116.5,114.5,116.5,11304397
2022-09-26,116.5,116.5,117.0,113.5,114.5,8585255
2022-09-27,116.0,116.0,117.5,116.0,117.0,3740177
2022-09-28,116.5,116.5,117.0,114.0,117.0,11905525
2022-09-29,116.0,116.0,117.5,115.0,117.0,13419823
2022-09-30,114.0,114.0,115.5,114.0,115.0,9562893
2022-10-03,111.5,111.5,113.5,111.0,113.0,16983673
2022-10-04,112.0,112.0,113.0,111.0,112.5,11550567
2022-10-05,111.5,111.5,112.5,111.5,112.0,9587839
2022-10-06,110.5,110.5,111.5,110.5,111.5,9803106
2022-10-07,110.5,110.5,111.0,109.5,110.0,9329537
2022-10-11,109.0,109.0,110.0,109.0,109.5,11699511
2022-10-12,110.0,110.0,110.0,108.5,109.0,8380445
2022-10-13,109.0,109.0,110.0,109.0,109.5,8770607
2022-10-14,109.0,109.0,110.0,108.0,109.5,11170051
2022-10-17,109.0,109.0,109.5,108.0,108.5,6716236
2022-10-18,108.5,108.5,109.5,108.0,109.5,8746488
2022-10-19,107.5,107.5,109.0,107.0,108.5,10398480
2022-10-20,107.0,107.0,107.5,105.5,107.0,17993735
2022-10-21,108.0,108.0,108.0,107.0,107.5,4840566
2022-10-24,107.5,107.5,108.5,107.0,108.0,8837506
2022-10-25,110.5,110.5,110.5,107.0,108.0,19617999
2022-10-26,108.5,108.5,110.5,108.5,110.0,12225617
2022-10-27,109.5,109.5,110.5,108.5,109.0,12604183
2022-10-28,109.0,109.0,110.0,109.0,109.5,6799632
2022-10-31,111.0,111.0,111.5,109.5,110.0,9274900
2022-11-01,109.5,109.5,110.5,109.5,110.5,5272581
2022-11-02,108.5,108.5,109.0,108.0,109.0,8446297
2022-11-03,108.5,108.5,109.0,108.0,108.5,5181876
2022-11-04,108.5,108.5,108.5,107.0,107.5,11310355
2022-11-07,108.0,108.0,109.0,107.5,108.5,6285270
2022-11-08,108.5,108.5,108.5,108.0,108.0,4464896
2022-11-09,109.0,109.0,109.5,108.0,108.0,11374417
2022-11-10,108.5,108.5,109.5,108.0,108.5,6601952
2022-11-11,109.5,109.5,110.0,108.5,109.5,13541837
2022-11-14,109.5,109.5,110.5,108.5,109.5,20744675
2022-11-15,109.0,109.0,110.0,108.5,109.5,12134584
2022-11-16,108.5,108.5,109.0,108.0,108.5,13565041
2022-11-17,108.0,108.0,109.0,107.5,108.5,11295474
2022-11-18,109.0,109.0,109.0,108.0,108.0,6707063
2022-11-21,109.0,109.0,109.5,108.5,109.0,5224639
2022-11-22,108.5,108.5,109.0,108.0,109.0,6114127
2022-11-23,109.0,109.0,109.5,108.5,109.0,5494580
2022-11-24,110.0,110.0,110.5,109.0,109.5,6435724
2022-11-25,112.5,112.5,114.0,110.0,110.0,20032864
2022-11-28,110.5,110.5,112.0,110.5,111.5,10951451
2022-11-29,112.0,112.0,113.0,110.5,110.5,9200148
2022-11-30,113.5,113.5,113.5,111.5,112.0,14536167
2022-12-01,111.5,111.5,114.0,111.5,114.0,10281440
2022-12-02,112.0,112.0,112.0,111.0,111.5,7157112
2022-12-05,112.5,112.5,113.0,111.5,112.0,4440051
2022-12-06,112.0,112.0,112.0,111.5,112.0,6982186
2022-12-07,112.5,112.5,113.0,111.5,112.0,10680253
2022-12-08,111.0,111.0,112.5,111.0,112.0,5805091
2022-12-09,112.0,112.0,112.5,111.0,111.5,6241097
2022-12-12,112.5,112.5,112.5,111.5,111.5,6999530
2022-12-13,111.0,111.0,112.5,111.0,112.0,8203870
2022-12-14,111.5,111.5,113.0,111.5,112.0,8039184
2022-12-15,112.0,112.0,112.5,111.5,112.5,7361483
2022-12-16,110.5,110.5,112.0,110.5,111.0,16355920
2022-12-19,111.5,111.5,112.0,110.5,110.5,7730248
2022-12-20,111.5,111.5,112.0,111.0,111.0,7048100
2022-12-21,111.5,111.5,112.5,111.5,111.5,5992737
2022-12-22,113.0,113.0,113.0,111.5,112.0,6451669
2022-12-23,112.5,112.5,113.0,111.5,112.0,6520688
2022-12-26,113.0,113.0,113.5,112.5,113.0,4849376
2022-12-27,113.0,113.0,113.5,113.0,113.5,1885813
2022-12-28,114.0,114.0,114.0,112.0,112.5,8480502
2022-12-29,113.0,113.0,113.5,112.5,113.0,3794863
2022-12-30,113.0,113.0,113.5,112.5,113.5,2574896
2023-01-03,113.0,113.0,113.5,111.5,113.0,7432689
2023-01-04,113.5,113.5,114.0,113.0,113.5,5612226
2023-01-05,114.0,114.0,114.0,113.0,113.5,7316532
2023-01-06,114.0,114.0,114.0,113.5,114.0,5075751
2023-01-09,115.0,115.0,115.0,113.5,114.5,8261894
2023-01-10,115.0,115.0,115.0,114.0,115.0,9052980
2023-01-11,114.0,114.0,115.0,113.5,115.0,8652903
2023-01-12,113.5,113.5,114.5,113.0,114.0,7646730
2023-01-13,114.0,114.0,114.5,113.5,114.0,4911658
2023-01-16,115.0,115.0,115.0,113.5,114.0,10014296
2023-01-17,114.0,114.0,115.0,114.0,114.5,7705727
2023-01-30,114.5,114.5,115.5,113.0,115.5,31597638
2023-01-31,112.5,112.5,114.5,112.5,114.5,17598197
2023-02-01,112.5,112.5,113.0,111.5,112.5,16944328
2023-02-02,112.0,112.0,113.0,111.5,112.0,12804247
2023-02-03,113.0,113.0,113.5,112.0,112.0,9424549
2023-02-06,112.5,112.5,113.5,112.0,112.5,6529642
2023-02-07,112.5,112.5,113.5,112.5,113.0,9053359
2023-02-08,112.5,112.5,113.0,112.5,112.5,11680678
2023-02-09,112.5,112.5,113.0,112.0,112.5,11603895
2023-02-10,113.0,113.0,113.0,112.0,112.0,7562109
2023-02-13,113.5,113.5,113.5,112.5,113.0,7011727
2023-02-14,114.0,114.0,114.5,113.0,114.0,9828413
2023-02-15,113.5,113.5,114.0,113.0,114.0,8842450
2023-02-16,114.0,114.0,114.5,113.5,113.5,7314449
2023-02-17,113.5,113.5,114.0,113.5,114.0,7814533
2023-02-20,115.0,115.0,115.0,113.5,114.0,5065190
2023-02-21,114.5,114.5,115.0,114.0,114.5,2348363
2023-02-22,115.0,115.0,115.5,114.0,114.5,7347486
2023-02-23,115.5,115.5,116.0,114.5,115.0,7556467
2023-02-24,115.5,115.5,116.0,115.0,115.5,11225604
2023-03-01,115.0,115.0,115.5,114.5,115.5,12267308
2023-03-02,116.5,116.5,117.0,115.0,115.0,9393511
2023-03-03,117.5,117.5,118.0,116.5,117.0,5505918
2023-03-06,118.0,118.0,119.0,117.5,118.0,6778657
2023-03-07,118.5,118.5,119.0,117.5,118.0,7441643
2023-03-08,119.0,119.0,119.0,118.0,118.0,9876887
2023-03-09,118.5,118.5,119.5,118.0,119.0,7700813
2023-03-10,117.5,117.5,118.5,117.0,118.5,7282463
2023-03-13,119.0,119.0,119.5,116.5,117.0,12245759
2023-03-14,117.5,117.5,118.5,117.5,118.0,8326688
2023-03-15,119.0,119.0,119.5,118.0,118.0,7339595
2023-03-16,119.0,119.0,119.5,118.5,118.5,5982473
2023-03-17,118.0,118.0,119.5,118.0,119.0,12591555
2023-03-20,119.0,119.0,119.5,118.0,118.5,4159865
2023-03-21,118.5,118.5,119.5,118.5,119.0,3974614
2023-03-22,119.5,119.5,119.5,118.5,119.0,4248428
2023-03-23,120.0,120.0,120.5,119.5,119.5,6471204
2023-03-24,119.5,119.5,120.5,119.5,120.0,5456328
2023-03-27,120.0,120.0,120.5,119.5,120.0,5465258
2023-03-28,119.5,119.5,120.0,119.0,120.0,7007110
2023-03-29,120.0,120.0,120.0,119.0,120.0,6271576
2023-03-30,120.0,120.0,120.0,119.5,120.0,5251566
2023-03-31,119.5,119.5,120.5,119.5,120.0,4787286
2023-04-06,120.5,120.5,120.5,119.5,120.0,9138013
2023-04-07,121.0,121.0,121.0,120.0,120.5,5158962
2023-04-10,122.5,122.5,122.5,121.0,121.0,5894121
2023-04-11,123.0,123.0,123.0,121.5,122.5,9210198
2023-04-12,123.0,123.0,124.0,122.5,123.0,12492309
2023-04-13,124.0,124.0,124.0,122.5,123.0,12607601
2023-04-14,124.5,124.5,125.0,123.5,124.0,11173534
2023-04-17,125.5,125.5,125.5,123.5,124.5,9056401
2023-04-18,126.0,126.0,126.0,125.0,125.0,9350920
2023-04-19,124.5,124.5,126.0,124.5,126.0,7576493
2023-04-20,125.0,125.0,125.0,124.0,124.5,8924387
2023-04-21,126.0,126.0,126.0,124.5,124.5,11409564
2023-04-24,126.0,126.0,126.5,125.5,125.5,6734040
2023-04-25,126.0,126.0,126.5,125.5,126.0,10247563
2023-04-26,127.0,127.0,127.0,125.5,126.0,14081467
2023-04-27,126.5,126.5,127.0,126.0,126.5,9193135
2023-04-28,127.0,127.0,127.0,126.0,126.5,6766985
2023-05-02,125.5,125.5,127.0,125.0,126.5,7919515
2023-05-03,125.5,125.5,125.5,124.5,125.0,4105963
2023-05-04,126.5,126.5,126.5,125.0,125.0,5747001
2023-05-05,126.5,126.5,126.5,125.5,126.5,2810613
2023-05-08,126.5,126.5,126.5,126.0,126.5,4126558
2023-05-09,126.5,126.5,126.5,126.0,126.0,5167665
2023-05-10,126.0,126.0,127.0,125.5,126.5,4941058
2023-05-11,126.0,126.0,126.0,125.5,126.0,4874868
2023-05-12,125.0,125.0,125.5,124.5,125.5,11563089
2023-05-15,125.5,125.5,125.5,124.5,124.5,6128217
2023-05-16,126.0,126.0,126.0,125.0,125.0,6378220
2023-05-17,127.0,127.0,127.0,125.5,125.5,9922613
2023-05-18,126.5,126.5,127.5,126.5,126.5,9120815
2023-05-19,127.5,127.5,127.5,126.5,127.0,7485118
2023-05-22,125.5,125.5,127.0,125.0,127.0,11770945
2023-05-23,126.5,126.5,126.5,125.0,125.5,9055148
2023-05-24,126.5,126.5,126.5,125.0,125.5,9303946
2023-05-25,128.0,128.0,128.0,125.0,125.5,16178254
2023-05-26,127.0,127.0,127.0,125.0,126.5,19932434
2023-05-29,126.0,126.0,126.5,125.0,126.0,17449177
2023-05-30,125.5,125.5,126.0,124.5,125.5,18412850
2023-05-31,126.0,126.0,126.0,124.5,125.0,30805993
2023-06-01,125.0,125.0,126.0,124.5,125.5,9489375
2023-06-02,125.5,125.5,126.0,124.5,125.0,11674521
2023-06-05,125.0,125.0,125.5,125.0,125.5,5577131
2023-06-06,125.5,125.5,126.0,125.0,125.5,9414424
2023-06-07,125.0,125.0,126.0,125.0,126.0,6803177
2023-06-08,125.0,125.0,125.5,125.0,125.5,6330386
2023-06-09,125.5,125.5,126.0,125.0,125.5,6727622
2023-06-12,125.0,125.0,126.0,125.0,126.0,4206879
2023-06-13,125.5,125.5,126.0,125.0,125.0,7512052
2023-06-14,125.5,125.5,126.0,125.0,125.5,6119906
2023-06-15,125.5,125.5,126.0,125.0,125.5,3977969
2023-06-16,125.5,125.5,126.0,125.0,125.5,10539400
2023-06-19,125.5,125.5,126.0,125.0,125.5,6150164
2023-06-20,126.0,126.0,126.0,125.0,125.5,8229120
2023-06-21,126.0,126.0,126.0,125.0,125.5,8030994
2023-06-26,124.0,124.0,126.0,124.0,126.0,8770165
2023-06-27,122.0,122.0,124.0,122.0,124.0,11025948
2023-06-28,121.5,121.5,122.5,121.0,122.0,12201006
2023-06-29,117.5,117.5,118.0,117.0,117.0,15713740
2023-06-30,116.5,116.5,117.5,116.0,117.5,11472794
2023-07-03,115.0,115.0,117.0,115.0,116.5,11503869
2023-07-04,115.5,115.5,116.0,114.0,114.0,8987681
2023-07-05,115.0,115.0,116.5,115.0,115.5,8417914
2023-07-06,115.0,115.0,115.5,114.5,115.5,8588326
2023-07-07,114.5,114.5,115.0,114.0,115.0,7644556
2023-07-10,114.0,114.0,115.0,114.0,114.5,5796580
2023-07-11,115.0,115.0,115.5,114.5,114.5,6306725
2023-07-12,115.0,115.0,115.5,114.5,115.0,4965800
2023-07-13,115.0,115.0,115.5,115.0,115.5,6585802
2023-07-14,116.5,116.5,116.5,115.0,115.5,7552412
2023-07-17,116.5,116.5,117.0,116.0,117.0,4631243
2023-07-18,115.0,115.0,116.5,115.0,116.0,9694951
2023-07-19,115.0,115.0,116.5,115.0,116.0,9365756
2023-07-20,115.5,115.5,116.0,115.5,115.5,4966049
2023-07-21,115.5,115.5,116.5,115.5,116.0,8109506
2023-07-24,116.0,116.0,116.0,115.5,116.0,7483319
2023-07-25,116.5,116.5,116.5,115.5,116.0,5956152
2023-07-26,117.0,117.0,117.0,116.0,116.5,4934023
2023-07-27,116.5,116.5,117.0,116.5,117.0,4688851
2023-07-28,116.5,116.5,117.0,116.0,116.5,5209567
2023-07-31,116.0,116.0,117.0,116.0,117.0,8059795
2023-08-01,116.5,116.5,116.5,116.0,116.0,3638953
2023-08-02,116.0,116.0,116.5,116.0,116.0,6336605
2023-08-04,116.5,116.5,116.5,116.0,116.0,4936765
2023-08-07,116.0,116.0,116.5,116.0,116.0,5870973
2023-08-08,116.5,116.5,117.0,116.0,116.5,8079978
2023-08-09,117.0,117.0,117.0,116.5,116.5,6128841
2023-08-10,118.0,118.0,118.0,117.0,117.0,9890646
2023-08-11,118.0,118.0,118.5,118.0,118.0,5018393
2023-08-14,117.0,117.0,118.5,117.0,118.0,7274259
2023-08-15,117.0,117.0,118.0,117.0,118.0,3887559
2023-08-16,118.0,118.0,118.0,117.0,117.0,8370425
2023-08-17,116.5,116.5,117.5,116.5,117.5,8468820
2023-08-18,117.5,117.5,118.0,116.5,117.0,9023828
2023-08-21,117.0,117.0,118.0,117.0,117.5,5181959
2023-08-22,116.5,116.5,117.5,116.5,117.0,5706064
2023-08-23,116.5,116.5,117.5,116.5,117.0,3276400
2023-08-24,117.5,117.5,118.0,116.5,116.5,6308978
2023-08-25,116.5,116.5,118.0,116.5,117.5,4990856
2023-08-28,117.0,117.0,117.5,116.5,117.0,2340880
2023-08-29,117.5,117.5,118.0,117.0,117.0,3105154
2023-08-30,117.0,117.0,118.0,117.0,117.5,6053467
2023-08-31,116.0,116.0,117.5,116.0,117.5,17081756
2023-09-01,116.5,116.5,117.0,116.0,116.0,3829691
2023-09-04,117.5,117.5,117.5,116.0,116.5,3895767
2023-09-05,117.0,117.0,117.5,117.0,117.5,3548659
2023-09-06,117.0,117.0,117.5,117.0,117.5,4222287
2023-09-07,117.0,117.0,117.5,116.5,117.0,5786818
2023-09-08,116.5,116.5,117.0,116.5,117.0,3645276
2023-09-11,117.0,117.0,117.0,116.5,116.5,3652072
2023-09-12,117.0,117.0,117.5,116.5,117.0,4477926
2023-09-13,116.5,116.5,117.5,116.5,117.0,6110112
2023-09-14,117.0,117.0,117.0,116.5,117.0,5474249
2023-09-15,117.5,117.5,117.5,116.5,117.0,10395037
2023-09-18,117.0,117.0,117.5,117.0,117.0,2077036
2023-09-19,117.0,117.0,118.0,117.0,117.0,4579776
2023-09-20,117.0,117.0,117.5,116.5,117.0,5393485
2023-09-21,116.5,116.5,117.5,116.5,117.0,4394526
2023-09-22,117.0,117.0,117.0,116.5,116.5,5597824
2023-09-25,116.5,116.5,117.0,116.5,117.0,2566800
2023-09-26,116.0,116.0,117.0,116.0,116.5,6647980
2023-09-27,116.5,116.5,116.5,116.0,116.0,6179964
2023-09-28,116.0,116.0,117.0,116.0,116.5,4642771
2023-10-02,116.5,116.5,117.0,116.0,116.5,5201489
2023-10-03,116.0,116.0,116.5,116.0,116.5,4217338
2023-10-04,115.0,115.0,116.0,115.0,116.0,9114400
2023-10-05,115.0,115.0,116.0,115.0,115.0,8673229
2023-10-06,115.5,115.5,116.0,115.5,115.5,4870533
2023-10-11,116.5,116.5,116.5,115.5,116.5,11058754
2023-10-12,116.5,116.5,117.0,116.0,117.0,6193227
2023-10-13,116.0,116.0,116.5,115.5,116.0,7305443
2023-10-16,116.5,116.5,116.5,116.0,116.0,4918143
2023-10-17,116.5,116.5,117.0,116.0,116.5,6185616
2023-10-18,116.0,116.0,116.5,116.0,116.5,4967667
2023-10-19,116.0,116.0,116.5,115.5,116.0,6960347
2023-10-20,115.5,115.5,116.0,115.5,115.5,9764168
2023-10-23,115.5,115.5,116.0,115.5,115.5,4662210
2023-10-24,115.5,115.5,116.0,115.5,115.5,5461432
2023-10-25,115.5,115.5,116.0,115.5,115.5,5091328
2023-10-26,115.0,115.0,116.0,115.0,115.5,7427115
2023-10-27,115.5,115.5,116.0,115.0,115.5,8965338
2023-10-30,115.5,115.5,116.0,115.5,116.0,7451912
2023-10-31,116.0,116.0,116.0,115.5,116.0,8161602
2023-11-01,117.0,117.0,117.5,115.5,116.0,8244406
2023-11-02,118.0,118.0,118.0,116.5,117.0,10342739
2023-11-03,117.5,117.5,118.5,117.0,118.0,7870355
2023-11-06,117.5,117.5,118.5,117.5,118.0,7351367
2023-11-07,118.0,118.0,118.0,117.5,117.5,6026907
2023-11-08,118.5,118.5,118.5,118.0,118.0,6041143
2023-11-09,117.5,117.5,118.5,117.5,118.5,6451474
2023-11-10,117.0,117.0,118.0,117.0,117.5,5481990
2023-11-13,116.5,116.5,118.0,116.5,117.5,7934123
2023-11-14,116.5,116.5,117.5,116.5,117.0,6332374
2023-11-15,118.0,118.0,118.0,117.0,117.0,13275551
2023-11-16,117.0,117.0,118.5,117.0,118.0,13096981
2023-11-17,117.0,117.0,118.0,117.0,117.5,8168798
2023-11-20,118.0,118.0,118.0,117.0,117.0,7939194
2023-11-21,118.0,118.0,118.5,117.5,117.5,8164988
2023-11-22,118.0,118.0,118.5,117.5,118.0,4070620
2023-11-23,118.5,118.5,118.5,118.0,118.0,3955589
2023-11-24,119.0,119.0,119.0,118.0,118.5,6149571
2023-11-27,120.0,120.0,120.5,119.0,119.0,7084959
2023-11-28,119.5,119.5,121.0,119.5,120.0,11668176
2023-11-29,120.0,120.0,121.0,119.5,119.5,7701920
2023-11-30,119.5,119.5,120.5,119.5,120.0,15453522
2023-12-01,120.0,120.0,120.5,119.0,119.0,4521081
2023-12-04,121.0,121.0,121.0,120.0,120.0,5478033
2023-12-05,121.5,121.5,121.5,120.0,121.0,5823318
2023-12-06,122.0,122.0,122.5,121.5,122.0,6473310
2023-12-07,121.0,121.0,122.0,121.0,122.0,3814968
2023-12-08,120.5,120.5,121.5,120.5,121.0,4345607
2023-12-11,120.0,120.0,120.5,119.5,120.5,6031339
2023-12-12,120.0,120.0,120.0,119.5,120.0,3691572
2023-12-13,119.5,119.5,120.5,119.5,120.0,3211264
2023-12-14,119.5,119.5,120.5,119.0,120.0,9860120
2023-12-15,118.5,118.5,120.0,118.0,119.5,19912050
2023-12-18,118.5,118.5,119.0,118.0,118.5,6557181
2023-12-19,118.5,118.5,118.5,118.0,118.0,4401963
2023-12-20,118.5,118.5,119.0,118.0,118.5,6116669
2023-12-21,118.0,118.0,118.5,117.5,118.5,7105917
2023-12-22,117.5,117.5,118.5,117.5,118.5,4923320
2023-12-25,118.0,118.0,118.5,117.5,118.0,6201656
2023-12-26,119.0,119.0,119.0,118.0,118.0,5254762
2023-12-27,119.5,119.5,119.5,118.5,118.5,5636661
2023-12-28,120.0,120.0,120.0,119.0,119.0,6064416
2023-12-29,120.0,120.0,120.5,119.5,120.0,4859555
2024-01-02,120.5,120.5,120.5,119.5,120.0,3974997
2024-01-03,120.0,120.0,120.5,119.0,120.0,6672628
2024-01-04,119.0,119.0,120.0,119.0,119.5,5970464
2024-01-05,119.5,119.5,119.5,119.0,119.5,2828126
2024-01-08,120.5,120.5,120.5,119.0,119.5,7409768
2024-01-09,120.0,120.0,120.5,120.0,120.5,4239464
2024-01-10,120.0,120.0,120.5,120.0,120.0,3566057
2024-01-11,120.5,120.5,120.5,120.0,120.0,4348319
2024-01-12,120.0,120.0,120.5,120.0,120.5,2500737
2024-01-15,120.5,120.5,121.0,120.0,120.0,5644137
2024-01-16,119.0,119.0,120.5,119.0,120.0,9787101
2024-01-17,118.5,118.5,119.5,118.5,119.0,11855193
2024-01-18,118.5,118.5,119.0,118.5,118.5,5233817
2024-01-19,119.0,119.0,120.0,118.5,118.5,6808929
2024-01-22,119.0,119.0,120.0,119.0,119.5,4120826
2024-01-23,119.5,119.5,120.0,119.0,119.5,5072226
2024-01-24,120.0,120.0,120.0,119.5,119.5,3804057
2024-01-25,120.0,120.0,120.5,119.5,120.0,4258240
2024-01-26,119.5,119.5,120.0,119.5,120.0,3456662
2024-01-29,120.0,120.0,120.5,119.5,119.5,5194149
2024-01-30,119.5,119.5,120.0,119.5,120.0,6154870
2024-01-31,119.0,119.0,119.5,119.0,119.0,6179887
2024-02-01,120.0,120.0,120.0,119.0,119.0,9377955
2024-02-02,120.5,120.5,120.5,119.5,120.0,6901707
2024-02-05,121.5,121.5,121.5,120.0,120.0,10407366
2024-02-15,121.0,121.0,122.0,121.0,121.5,12581480
2024-02-16,122.0,122.0,122.0,121.0,121.5,5706846
2024-02-19,122.0,122.0,122.5,121.5,121.5,7084595
2024-02-20,122.5,122.5,122.5,122.0,122.0,4999913
2024-02-21,122.5,122.5,123.0,122.5,122.5,6347557
2024-02-22,122.0,122.0,123.0,122.0,122.5,7161559
2024-02-23,122.0,122.0,122.5,122.0,122.0,3705825
2024-02-26,122.0,122.0,122.5,122.0,122.0,4406922
2024-02-27,121.0,121.0,122.5,120.5,122.0,19735403
2024-02-29,120.5,120.5,121.0,120.0,120.0,19972112
2024-03-01,121.0,121.0,121.5,120.5,120.5,3856042
2024-03-04,121.5,121.5,122.0,121.0,121.0,5769848
2024-03-05,121.0,121.0,122.0,121.0,121.5,6445335
2024-03-06,121.5,121.5,122.0,121.0,121.0,7048460
2024-03-07,121.0,121.0,121.5,121.0,121.0,4604992
2024-03-08,120.5,120.5,121.0,120.5,120.5,5873450
2024-03-11,121.5,121.5,121.5,120.5,120.5,6754314
2024-03-12,121.5,121.5,122.0,121.5,122.0,6169623
2024-03-13,121.0,121.0,121.5,121.0,121.0,7364358
2024-03-14,122.0,122.0,122.0,121.0,121.0,6182112
2024-03-15,122.5,122.5,122.5,121.5,122.0,14426940
2024-03-18,123.0,123.0,123.0,122.0,122.5,6184682
2024-03-19,123.0,123.0,123.5,122.0,122.5,12397203
2024-03-20,123.0,123.0,124.0,122.5,122.5,10885532
2024-03-21,123.5,123.5,124.0,122.5,123.0,8713847
2024-03-22,124.0,124.0,124.0,123.0,123.0,7703787
2024-03-25,124.5,124.5,124.5,123.5,123.5,5178290
2024-03-26,125.5,125.5,125.5,124.0,124.5,9121397
2024-03-27,127.0,127.0,127.0,125.5,125.5,15793465
2024-03-28,125.5,125.5,127.0,125.0,126.5,15209746
2024-03-29,126.0,126.0,127.0,125.0,125.5,9841682
2024-04-01,126.5,126.5,127.0,125.5,126.0,5398730
2024-04-02,126.5,126.5,127.0,126.0,126.5,9063575
2024-04-03,125.0,125.0,126.5,125.0,126.5,11572754
2024-04-08,126.5,126.5,126.5,125.0,125.0,8615029
2024-04-09,125.5,125.5,126.5,125.5,126.0,4329268
2024-04-10,126.0,126.0,126.0,125.5,125.5,5385898
2024-04-11,126.5,126.5,126.5,125.0,125.5,8750782
2024-04-12,125.5,125.5,126.5,125.5,125.5,7038841
2024-04-15,126.0,126.0,126.5,125.5,125.5,8618090
2024-04-16,124.5,124.5,126.0,124.0,125.5,15012320
2024-04-17,123.5,123.5,125.0,123.5,125.0,14243095
2024-04-18,124.0,124.0,124.5,123.0,123.5,11558960
2024-04-19,123.0,123.0,124.0,122.5,123.5,17936520
2024-04-22,125.5,125.5,125.5,123.0,123.5,15744405
2024-04-23,125.0,125.0,126.0,125.0,125.5,11701907
2024-04-24,124.5,124.5,126.0,124.0,125.5,13693974
2024-04-25,123.5,123.5,125.0,123.5,125.0,11325897
2024-04-26,123.5,123.5,124.5,123.5,123.5,4395913
2024-04-29,124.5,124.5,125.5,124.0,124.0,7472825
2024-04-30,124.0,124.0,125.0,124.0,124.5,7351741
2024-05-02,124.0,124.0,125.0,123.5,124.0,10580058
2024-05-03,124.0,124.0,125.0,124.0,124.0,7149708
2024-05-06,124.5,124.5,125.0,124.0,124.5,5110920
2024-05-07,125.5,125.5,125.5,124.5,124.5,7203035
2024-05-08,126.5,126.5,127.0,125.0,125.5,19511854
2024-05-09,126.0,126.0,126.5,125.5,126.0,7048870
2024-05-10,125.5,125.5,126.0,125.0,125.5,6008036
2024-05-13,126.5,126.5,126.5,125.0,125.5,7730339
2024-05-14,125.5,125.5,126.5,125.0,126.5,5888188
2024-05-15,125.5,125.5,126.0,125.0,125.5,6529092
2024-05-16,125.5,125.5,126.5,125.5,126.0,9866122
2024-05-17,126.0,126.0,126.5,125.5,125.5,5417390
2024-05-20,126.5,126.5,126.5,125.5,126.0,9182133
2024-05-21,126.5,126.5,126.5,125.5,126.0,6414638
2024-05-22,127.0,127.0,127.0,126.0,126.5,13748752
2024-05-23,127.0,127.0,128.0,126.0,126.5,17596938
2024-05-24,127.0,127.0,128.0,126.0,127.0,18186831
2024-05-27,125.0,125.0,128.0,125.0,127.0,30602883
2024-05-28,126.0,126.0,127.5,125.5,126.0,22698464
2024-05-29,125.0,125.0,127.0,125.0,126.0,25103470
2024-05-30,126.0,126.0,126.5,125.0,125.0,22337083
2024-05-31,128.0,128.0,128.0,125.5,125.5,48588763
2024-06-03,127.0,127.0,128.0,125.5,127.5,26519927
2024-06-04,127.0,127.0,128.0,126.0,126.0,19131824
2024-06-05,127.0,127.0,128.0,126.5,127.5,17426285
2024-06-06,127.5,127.5,128.0,126.5,127.0,8944591
2024-06-07,126.5,126.5,127.5,126.5,127.0,8268776
2024-06-11,126.5,126.5,127.0,126.0,126.0,9963706
2024-06-12,126.5,126.5,127.0,126.0,126.5,8466844
2024-06-13,126.5,126.5,127.0,126.5,126.5,10009190
2024-06-14,128.0,128.0,128.0,126.5,127.0,8974902
2024-06-17,127.5,127.5,128.0,127.0,127.5,6007961
2024-06-18,128.0,128.0,128.0,127.0,128.0,5801601
2024-06-19,127.5,127.5,128.0,127.0,128.0,10309673
2024-06-20,126.5,126.5,127.5,126.0,127.0,10403078
2024-06-21,125.5,125.5,127.0,125.5,127.0,15011402
2024-06-24,126.5,126.5,126.5,125.5,125.5,7680500
2024-06-25,126.0,126.0,127.0,125.5,126.5,9456378
2024-06-26,125.5,125.5,126.5,125.0,126.0,11236294
2024-06-27,126.0,126.0,126.0,125.0,125.0,10551718
2024-06-28,125.5,125.5,126.5,125.5,126.0,12073236
2024-07-01,126.5,126.5,127.0,126.0,126.0,14758694
2024-07-02,125.5,125.5,126.5,125.0,126.0,17509999
2024-07-03,125.5,125.5,126.0,125.0,125.5,16145545
2024-07-04,118.5,118.5,119.5,118.0,119.0,66210609
2024-07-05,120.0,120.0,120.0,119.0,119.0,17209232
2024-07-08,119.0,119.0,120.0,118.5,120.0,21968788
2024-07-09,119.0,119.0,119.5,118.5,119.0,11250953
2024-07-10,118.5,118.5,119.0,118.0,119.0,13055600
2024-07-11,118.5,118.5,119.0,118.0,118.5,9233618
2024-07-12,118.5,118.5,119.0,118.0,118.5,9178224
2024-07-15,119.5,119.5,120.0,118.5,119.0,13865055
2024-07-16,119.5,119.5,120.5,119.5,119.5,18293962
2024-07-17,119.5,119.5,120.5,119.5,120.0,12377481
2024-07-18,120.5,120.5,121.0,119.5,120.0,22203116
2024-07-19,121.0,121.0,121.0,119.5,120.0,11396263
2024-07-22,120.5,120.5,121.0,119.5,120.0,12741276
2024-07-23,121.5,121.5,122.5,120.5,120.5,17170990
2024-07-26,122.5,122.5,123.0,121.5,121.5,16001625
2024-07-29,121.5,121.5,123.0,121.0,122.5,12138224
2024-07-30,121.0,121.0,122.5,121.0,121.5,10455973
2024-07-31,121.5,121.5,122.0,121.0,121.5,9135672
2024-08-01,121.5,121.5,122.0,121.0,122.0,9327982
2024-08-02,123.0,123.0,123.0,121.0,121.0,21792139
2024-08-05,121.5,121.5,122.5,119.5,121.5,28478078
2024-08-06,122.0,122.0,122.0,120.5,121.5,16386453
2024-08-07,121.5,121.5,123.5,120.5,121.5,20302167
2024-08-08,121.5,121.5,122.0,121.0,121.0,11110264
2024-08-09,122.0,122.0,122.5,121.0,121.0,14353372
2024-08-12,121.5,121.5,122.5,121.5,122.0,7157808
2024-08-13,122.0,122.0,122.0,121.0,122.0,7963042
2024-08-14,122.5,122.5,122.5,121.5,122.0,10480002
2024-08-15,123.0,123.0,123.0,122.5,123.0,10641152
2024-08-16,124.0,124.0,124.0,123.5,123.5,12972047
2024-08-19,123.5,123.5,124.0,123.0,124.0,5726885
2024-08-20,123.5,123.5,124.0,123.0,124.0,6609846
2024-08-21,123.5,123.5,124.0,123.0,123.5,8708102
2024-08-22,124.0,124.0,124.0,123.0,123.5,7873647
2024-08-23,124.0,124.0,125.0,123.5,124.0,8912692
2024-08-26,124.0,124.0,125.0,123.5,124.5,6977624
2024-08-27,124.5,124.5,124.5,123.0,123.5,7697085
2024-08-28,124.0,124.0,124.5,123.5,124.5,8483082
2024-08-29,123.5,123.5,124.5,123.5,124.0,6475821
2024-08-30,124.0,124.0,124.5,123.5,124.0,10595756
2024-09-02,124.0,124.0,124.5,124.0,124.0,3524502
2024-09-03,124.0,124.0,125.0,124.0,124.5,6267207
2024-09-04,122.0,122.0,123.5,122.0,123.0,13943161
2024-09-05,123.0,123.0,124.0,123.0,123.5,5108015
2024-09-06,124.0,124.0,124.0,123.0,123.5,5815479
2024-09-09,123.5,123.5,124.0,123.0,123.0,5845112
2024-09-10,124.0,124.0,124.0,123.5,123.5,5031195
2024-09-11,123.5,123.5,124.5,123.5,124.0,5881138
2024-09-12,124.5,124.5,124.5,124.0,124.5,5031239
2024-09-13,124.5,124.5,124.5,124.0,124.5,2105818
2024-09-16,125.0,125.0,125.0,124.5,125.0,5179127
2024-09-18,125.0,125.0,125.0,124.5,125.0,5401935
2024-09-19,125.0,125.0,125.5,124.5,125.0,5368583
2024-09-20,126.0,126.0,126.0,125.0,125.5,16895211
2024-09-23,126.5,126.5,126.5,125.5,126.0,7091936
2024-09-24,126.5,126.5,127.0,126.0,127.0,6932665
2024-09-25,126.5,126.5,127.0,126.5,127.0,9385710
2024-09-26,127.0,127.0,127.0,126.5,127.0,7343559
2024-09-27,126.5,126.5,127.5,126.5,127.5,5577045
2024-09-30,125.5,125.5,127.0,125.5,126.5,7992842
2024-10-01,126.0,126.0,126.0,125.0,125.5,6988884
2024-10-04,124.5,124.5,125.0,124.0,124.0,10034176
2024-10-07,124.0,124.0,125.0,123.5,124.5,9586915
2024-10-08,122.5,122.5,124.0,122.5,123.5,16636045
2024-10-09,122.5,122.5,124.0,122.5,123.0,6085742
2024-10-11,122.5,122.5,123.5,122.5,122.5,5652364
2024-10-14,122.5,122.5,123.5,122.5,123.0,6302323
2024-10-15,123.5,123.5,124.0,122.5,123.0,9939406
2024-10-16,122.5,122.5,123.5,122.5,123.0,9968077
2024-10-17,122.5,122.5,123.5,122.0,122.5,10623791
2024-10-18,124.0,124.0,124.0,122.5,123.0,8827539
2024-10-21,122.5,122.5,124.0,122.5,124.0,8194198
2024-10-22,123.0,123.0,123.0,122.0,122.5,7732145
2024-10-23,122.0,122.0,123.0,122.0,123.0,11479917
2024-10-24,122.0,122.0,122.5,121.5,122.0,8111685
2024-10-25,122.0,122.0,122.5,121.5,122.5,5247378
2024-10-28,122.5,122.5,123.0,121.5,122.0,5109269
2024-10-29,122.5,122.5,122.5,121.5,122.5,7609458
2024-10-30,122.0,122.0,122.5,121.5,122.0,7757863
2024-11-01,122.0,122.0,122.5,121.5,122.0,9181686
2024-11-04,122.5,122.5,122.5,122.0,122.0,4108775
2024-11-05,123.0,123.0,123.0,122.0,122.5,4830643
2024-11-06,122.5,122.5,123.5,122.5,123.0,5466204
2024-11-07,123.0,123.0,123.0,122.0,122.5,4409350
2024-11-08,123.0,123.0,123.5,122.5,123.0,7933564
2024-11-11,123.0,123.0,123.5,122.5,123.0,3666009
2024-11-12,122.5,122.5,123.0,122.5,123.0,10257508
2024-11-13,123.5,123.5,123.5,122.0,122.5,9114398
2024-11-14,122.5,122.5,123.5,122.5,123.0,6013364
2024-11-15,122.5,122.5,123.5,122.5,123.0,5220229
2024-11-18,122.5,122.5,123.0,122.5,123.0,4508766
2024-11-19,123.5,123.5,123.5,122.5,123.0,5205555
2024-11-20,122.5,122.5,123.5,122.5,123.0,5782061
2024-11-21,123.0,123.0,123.5,122.5,122.5,4900024
2024-11-22,123.0,123.0,123.5,123.0,123.0,4001852
2024-11-25,123.5,123.5,124.5,123.5,124.0,15567279
2024-11-26,124.0,124.0,124.5,123.5,123.5,4823592
2024-11-27,123.5,123.5,124.5,123.5,123.5,6554585
2024-11-28,123.5,123.5,124.0,123.5,124.0,4890093
2024-11-29,123.0,123.0,124.0,123.0,123.0,6329007
2024-12-02,123.0,123.0,124.0,123.0,123.5,6248451
2024-12-03,123.5,123.5,124.0,123.5,123.5,7478029
2024-12-04,124.5,124.5,124.5,123.5,124.0,4993361
2024-12-05,124.0,124.0,124.5,124.0,124.5,3376295
2024-12-06,124.5,124.5,124.5,124.0,124.5,4172969
2024-12-09,124.5,124.5,125.0,124.0,124.0,4469420
2024-12-10,124.5,124.5,125.0,124.0,124.0,4416369
2024-12-11,123.5,123.5,124.5,123.5,124.5,9521439
2024-12-12,123.5,123.5,124.0,123.5,123.5,4221005
2024-12-13,123.5,123.5,124.0,123.0,123.5,6415236
2024-12-16,123.0,123.0,124.0,123.0,123.5,6437909
2024-12-17,123.5,123.5,124.5,123.5,123.5,10222760
2024-12-18,124.0,124.0,124.5,123.5,123.5,5666177
2024-12-19,123.5,123.5,124.0,123.5,123.5,6244250
2024-12-20,123.0,123.0,124.0,123.0,123.5,9231753
2024-12-23,124.5,124.5,124.5,123.0,123.5,6092927
2024-12-24,123.5,123.5,124.5,123.5,124.5,7045496
2024-12-25,124.0,124.0,124.5,123.5,124.0,2197077
2024-12-26,124.0,124.0,124.5,124.0,124.0,2090195
2024-12-27,124.5,124.5,124.5,124.0,124.0,3286421
2024-12-30,124.0,124.0,124.5,124.0,124.0,3454358
2024-12-31,123.5,123.5,124.5,123.0,124.0,8648857
2025-01-02,123.0,123.0,124.0,122.5,123.5,10306331
2025-01-03,122.5,122.5,123.5,122.5,123.0,2915039
2025-01-06,123.5,123.5,124.0,123.0,123.0,6414285
2025-01-07,123.0,123.0,124.0,123.0,124.0,5105180
2025-01-08,123.5,123.5,124.5,123.0,123.5,7683360
2025-01-09,123.0,123.0,124.0,123.0,123.5,5516189
2025-01-10,123.0,123.0,123.5,122.5,123.0,6084755
2025-01-13,123.0,123.0,123.0,122.5,122.5,8494653
2025-01-14,123.5,123.5,123.5,123.0,123.0,4605748
2025-01-15,123.5,123.5,123.5,123.0,123.5,4608940
2025-01-16,124.0,124.0,124.0,123.0,123.5,4221329
2025-01-17,124.0,124.0,124.0,123.5,123.5,4008341
2025-01-20,123.5,123.5,124.0,123.5,124.0,2315725
2025-01-21,123.5,123.5,124.0,123.0,123.5,3793832
2025-01-22,124.5,124.5,124.5,123.5,124.0,7509147
2025-02-03,125.5,125.5,125.5,124.0,124.5,13563731
2025-02-04,125.0,125.0,126.0,125.0,125.5,9420479
2025-02-05,126.0,126.0,126.0,125.0,126.0,9252015
2025-02-06,126.0,126.0,126.0,125.0,126.0,5363667
2025-02-07,126.0,126.0,126.0,125.0,125.5,5883700
2025-02-10,125.5,125.5,126.0,125.0,125.5,5767450
2025-02-11,125.5,125.5,126.0,125.5,125.5,3242743
2025-02-12,126.0,126.0,126.5,125.5,126.0,7279185
2025-02-13,125.5,125.5,126.5,125.5,126.0,6377921
2025-02-14,125.5,125.5,126.0,125.5,126.0,3679507
2025-02-17,126.0,126.0,126.0,125.5,126.0,4777332
2025-02-18,126.5,126.5,126.5,125.5,126.0,6498055
2025-02-19,126.5,126.5,127.0,126.0,126.5,9494724
2025-02-20,126.5,126.5,126.5,126.0,126.5,3365924
2025-02-21,127.0,127.0,127.0,126.0,126.5,4725293
2025-02-24,127.0,127.0,127.0,126.0,126.5,5750325
2025-02-25,126.5,126.5,127.0,126.5,126.5,3801957
2025-02-26,127.5,127.5,127.5,126.5,126.5,7932147
2025-02-27,128.0,128.0,128.0,127.0,128.0,18345818
2025-03-03,128.5,128.5,128.5,127.5,128.0,11729616
2025-03-04,127.0,127.0,128.5,127.0,128.5,8866292
2025-03-05,127.5,127.5,128.0,127.0,127.5,6411264
2025-03-06,128.0,128.0,128.0,127.5,128.0,6077362
2025-03-07,128.0,128.0,128.5,127.5,128.0,8553758
2025-03-10,128.0,128.0,128.5,127.5,128.0,6582677
2025-03-11,127.5,127.5,128.5,127.0,127.5,13396049
2025-03-12,128.0,128.0,128.5,127.5,127.5,6534893
2025-03-13,128.5,128.5,128.5,128.0,128.5,4235306
2025-03-14,128.5,128.5,129.0,127.0,128.5,17334314
2025-03-17,128.0,128.0,128.5,127.5,128.0,6452280
2025-03-18,129.0,129.0,129.5,128.5,128.5,14530222
2025-03-19,128.5,128.5,129.0,128.5,129.0,5635892
2025-03-20,129.0,129.0,129.5,128.5,129.0,9501344
2025-03-21,130.0,130.0,130.0,128.5,129.0,15728454
2025-03-24,129.0,129.0,130.0,129.0,130.0,4353886
2025-03-25,129.0,129.0,129.5,128.5,129.5,4376771
2025-03-26,129.0,129.0,129.5,128.5,129.5,3238189
2025-03-27,130.0,130.0,130.0,128.5,129.0,6784470
2025-03-28,130.0,130.0,130.0,129.0,129.5,5297359
2025-03-31,128.5,128.5,129.5,128.0,129.0,16340579
2025-04-01,130.0,130.0,130.0,129.0,129.0,9281123
2025-04-02,130.0,130.0,130.0,129.0,129.5,8540026
2025-04-07,124.0,124.0,127.0,122.0,123.0,53166902
2025-04-08,127.0,127.0,127.5,125.0,125.5,31091480
2025-04-09,126.0,126.0,129.0,125.0,126.0,36791910
2025-04-10,127.0,127.0,129.5,126.0,129.0,40541465
2025-04-11,128.5,128.5,129.0,127.0,127.5,21437083
2025-04-14,127.5,127.5,129.0,127.0,128.0,12946305
2025-04-15,129.0,129.0,129.0,127.5,128.0,13223379
2025-04-16,128.5,128.5,129.5,128.0,128.5,13905736
2025-04-17,128.0,128.0,129.0,128.0,129.0,7183217
2025-04-18,128.0,128.0,129.0,127.5,129.0,5919358
2025-04-21,127.0,127.0,128.5,127.0,128.0,5882174
2025-04-22,128.0,128.0,129.0,127.0,128.0,14128378
2025-04-23,127.5,127.5,129.0,127.0,128.5,11780905
2025-04-24,127.0,127.0,128.0,126.5,127.5,11573631
2025-04-25,126.5,126.5,127.5,126.5,127.0,11392576
2025-04-28,128.0,128.0,128.0,126.5,127.0,13807967
2025-04-29,129.0,129.0,129.0,127.5,128.0,12357252
2025-04-30,129.5,129.5,129.5,128.5,129.0,9612531
2025-05-02,128.5,128.5,129.5,128.0,129.5,9213877
2025-05-05,129.5,129.5,129.5,128.5,129.0,12195175
2025-05-06,130.0,130.0,130.5,129.5,129.5,18341108
2025-05-07,131.0,131.0,131.0,130.0,130.5,15242178
2025-05-08,129.5,129.5,131.0,129.5,131.0,8336258
2025-05-09,131.0,131.0,131.0,129.0,129.5,10652384
2025-05-12,131.0,131.0,131.0,130.0,131.0,8339676
2025-05-13,130.0,130.0,131.0,130.0,130.0,8793922
2025-05-14,129.5,129.5,130.5,129.0,130.5,13276914
2025-05-15,131.0,131.0,131.0,129.0,129.5,11032044
2025-05-16,131.0,131.0,131.5,130.5,131.0,6692420
2025-05-19,131.0,131.0,131.5,130.5,131.0,6851528
2025-05-20,131.5,131.5,132.0,131.5,131.5,10512474
2025-05-21,132.5,132.5,132.5,131.5,132.0,9099804
2025-05-22,133.0,133.0,133.0,132.0,132.0,11357970
2025-05-23,133.0,133.0,133.0,132.0,133.0,5551099
2025-05-26,133.0,133.0,133.0,132.0,133.0,9775428
2025-05-27,131.5,131.5,133.0,131.5,133.0,13014563
2025-05-28,132.0,132.0,132.5,131.0,131.5,12822050
2025-05-29,129.5,129.5,132.5,129.5,132.5,31870641
2025-06-02,131.5,131.5,131.5,129.5,130.0,13518946
2025-06-03,130.0,130.0,132.0,130.0,131.5,24767539
2025-06-04,129.5,129.5,130.5,129.5,130.5,11262493
2025-06-05,130.0,130.0,130.5,129.5,129.5,7123973
2025-06-06,130.0,130.0,131.0,130.0,130.5,6622827
2025-06-09,132.5,132.5,132.5,130.0,130.0,11649583
2025-06-10,133.0,133.0,133.0,131.5,132.0,9441844
2025-06-11,133.0,133.0,133.0,132.5,132.5,7462063
2025-06-12,134.0,134.0,134.0,132.5,133.0,10010424
2025-06-13,135.0,135.0,135.0,133.0,133.0,12124892
2025-06-16,136.0,136.0,137.0,134.5,135.0,11307356
2025-06-17,136.5,136.5,137.0,135.5,136.0,8479390
2025-06-18,137.0,137.0,137.0,135.5,136.0,7910603
2025-06-19,136.5,136.5,137.0,135.5,136.0,8576951
2025-06-20,136.5,136.5,137.0,136.0,136.0,8480841
2025-06-23,136.5,136.5,136.5,135.5,136.0,7056649
2025-06-24,135.5,135.5,137.0,135.5,136.5,9146311
2025-06-25,137.0,137.0,137.0,136.0,136.5,7233408
2025-06-26,137.0,137.0,137.0,135.5,136.5,10565064
2025-06-27,136.5,136.5,137.5,136.0,136.5,10364811
2025-06-30,135.0,135.0,136.5,135.0,136.5,10927688
2025-07-01,135.0,135.0,137.0,134.5,135.5,16903244
2025-07-02,134.5,134.5,136.0,134.5,135.0,13146527
2025-07-03,131.0,131.0,131.0,129.5,130.0,27198117
2025-07-04,130.5,130.5,132.5,130.0,131.0,26203580
2025-07-07,130.0,130.0,131.0,128.5,130.5,18681792
2025-07-08,129.0,129.0,130.5,128.5,130.5,9835210
2025-07-09,128.0,128.0,129.0,128.0,129.0,7662811
2025-07-10,130.0,130.0,130.0,128.5,128.5,9424678
2025-07-11,130.5,130.5,131.0,129.5,130.0,12444981
2025-07-14,130.5,130.5,131.0,130.0,130.5,11272359
2025-07-15,129.5,129.5,130.5,129.0,130.0,7622550
2025-07-16,130.5,130.5,130.5,129.0,129.5,8750037
2025-07-17,130.5,130.5,131.0,129.5,130.5,6667194
2025-07-18,129.0,129.0,131.0,129.0,130.5,12284180
2025-07-21,129.0,129.0,130.5,129.0,130.0,8898883
2025-07-22,130.5,130.5,130.5,129.0,129.5,9691629
2025-07-23,130.0,130.0,131.0,129.5,130.5,12122640
2025-07-24,129.5,129.5,130.0,129.0,129.5,10755462
2025-07-25,129.0,129.0,130.5,129.0,130.0,7159447
2025-07-28,129.5,129.5,129.5,128.5,129.5,6486662
2025-07-29,129.0,129.0,129.5,128.5,129.5,8007148
2025-07-30,129.5,129.5,130.0,129.0,130.0,8203525
2025-07-31,129.0,129.0,129.5,128.5,129.0,9099952
2025-08-01,129.5,129.5,130.5,129.0,129.0,6845260
2025-08-04,131.0,131.0,131.0,129.5,129.5,9794605
2025-08-05,132.0,132.0,132.0,130.5,131.0,11087344
2025-08-06,132.5,132.5,133.5,132.0,132.5,15357757
2025-08-07,132.5,132.5,133.5,132.0,132.5,10237314
2025-08-08,134.0,134.0,134.0,132.0,132.5,9747792
2025-08-11,134.5,134.5,135.0,133.5,133.5,9390401
2025-08-12,135.0,135.0,135.0,134.0,134.5,10353496
2025-08-13,134.5,134.5,135.0,134.0,134.5,7327432
2025-08-14,134.5,134.5,136.0,134.0,134.5,9851316
2025-08-15,135.0,135.0,136.0,134.5,135.5,7406712
2025-08-18,137.0,137.0,137.0,134.5,134.5,10480289
2025-08-19,138.0,138.0,138.0,136.0,136.5,9192997
2025-08-20,136.5,136.5,138.0,136.0,138.0,9072180
2025-08-21,137.5,137.5,138.0,136.5,137.0,7732211
2025-08-22,136.0,136.0,137.5,136.0,137.5,7448257
2025-08-25,135.5,135.5,136.5,135.0,136.0,8387570
2025-08-26,133.5,133.5,134.5,133.5,134.5,39816147
2025-08-27,134.0,134.0,134.5,133.0,133.5,6658576
2025-08-28,133.0,133.0,134.5,133.0,134.5,8097705
2025-08-29,132.5,132.5,134.0,132.5,133.5,7636184
2025-09-01,134.0,134.0,134.5,133.0,133.5,4168582
2025-09-02,135.0,135.0,135.0,134.0,134.0,3857749
2025-09-03,134.0,134.0,135.5,134.0,134.5,4953867
2025-09-04,135.0,135.0,135.0,134.0,135.0,4219408
2025-09-05,134.5,134.5,135.5,134.0,135.0,4359568
2025-09-08,134.5,134.5,135.0,134.0,134.5,3700203
2025-09-09,135.5,135.5,135.5,134.0,134.5,5381846
2025-09-10,135.5,135.5,136.0,134.5,135.0,3854003
2025-09-11,134.5,134.5,136.0,134.5,135.0,6070812
2025-09-12,135.5,135.5,136.0,134.5,135.5,3949051
2025-09-15,135.0,135.0,135.5,134.5,135.5,4591025
2025-09-16,134.0,134.0,135.0,134.0,134.5,4855293
2025-09-17,134.5,134.5,135.0,134.0,134.5,4109871
2025-09-18,134.0,134.0,135.0,133.5,134.5,4681040
2025-09-19,134.0,134.0,134.5,133.5,134.0,12197563
2025-09-22,133.5,133.5,134.5,133.5,134.5,3656760
2025-09-23,133.5,133.5,134.0,133.0,133.5,3398690
2025-09-24,134.5,134.5,134.5,133.5,134.0,3981283
2025-09-25,133.5,133.5,134.5,133.5,134.5,4944064
2025-09-26,134.5,134.5,135.0,133.0,133.5,7779071
2025-09-30,133.5,133.5,135.0,133.0,135.0,13067472
2025-10-01,134.5,134.5,134.5,133.5,134.0,3436616
2025-10-02,133.0,133.0,134.0,133.0,134.0,5670600
2025-10-03,133.0,133.0,134.0,132.5,133.5,7990150
2025-10-07,133.0,133.0,134.0,132.5,133.0,5858385
2025-10-08,133.5,133.5,134.0,133.0,134.0,4057417
2025-10-09,133.0,133.0,133.5,132.5,133.0,5673544
2025-10-13,132.5,132.5,133.0,131.5,133.0,12798892
2025-10-14,132.5,132.5,133.0,132.0,132.0,6655304
2025-10-15,131.5,131.5,132.5,131.5,132.0,10324494
2025-10-16,132.0,132.0,132.5,131.5,132.0,5152506
2025-10-17,133.0,133.0,133.0,132.5,133.0,4328971
2025-10-20,133.0,133.0,133.5,133.0,133.0,3741036
2025-10-21,133.0,133.0,133.5,133.0,133.5,2450203
2025-10-22,133.5,133.5,133.5,133.0,133.0,4024371
2025-10-23,134.0,134.0,134.0,133.0,133.0,4409010
2025-10-27,132.0,132.0,134.0,131.5,134.0,15556431
2025-10-28,132.0,132.0,133.0,131.5,132.5,11442918
2025-10-29,132.0,132.0,133.0,131.5,132.0,6248913
2025-10-30,131.5,131.5,132.5,130.5,132.5,15289270
2025-10-31,131.0,131.0,132.0,130.5,132.0,5591706
2025-11-03,131.5,131.5,133.0,131.0,132.0,7294635
2025-11-04,131.0,131.0,132.5,130.5,131.5,9169494
2025-11-05,132.0,132.0,132.0,130.0,131.5,6226844
2025-11-06,131.5,131.5,132.5,131.5,132.0,6378943
2025-11-07,132.5,132.5,133.0,130.5,131.0,7556137
2025-11-10,133.0,133.0,133.0,132.0,132.5,3283589
2025-11-11,132.0,132.0,133.0,132.0,133.0,3614970
2025-11-12,132.0,132.0,133.0,132.0,132.5,4592030
2025-11-13,131.5,131.5,133.0,131.5,132.5,4788323
2025-11-14,131.5,131.5,132.5,131.5,132.0,3660640
2025-11-17,132.0,132.0,133.0,131.5,131.5,5391252
2025-11-18,131.0,131.0,132.0,131.0,131.5,6053297
2025-11-19,130.5,130.5,132.0,130.5,131.5,4596572
2025-11-20,132.0,132.0,132.0,131.0,131.5,4198494
2025-11-21,131.5,131.5,132.5,131.0,132.0,8288673
2025-11-24,132.0,132.0,133.0,131.5,132.0,22763312
2025-11-25,131.0,131.0,132.0,130.5,131.5,7643993
2025-11-26,131.0,131.0,131.5,130.5,131.0,5541939
2025-11-27,131.0,131.0,131.0,130.5,130.5,4231967
2025-11-28,130.5,130.5,131.0,130.5,130.5,4642104
2025-12-01,130.0,130.0,131.0,130.0,131.0,8706958
2025-12-02,130.0,130.0,130.5,130.0,130.0,6489747
2025-12-03,130.0,130.0,130.5,130.0,130.5,5307480
2025-12-04,129.5,129.5,130.5,129.5,130.0,5849550
2025-12-05,130.0,130.0,131.0,129.5,130.0,5326443
2025-12-08,129.5,129.5,130.5,129.5,130.0,5794848
2025-12-09,130.0,130.0,130.0,129.5,130.0,4855718
2025-12-10,129.5,129.5,130.0,129.5,130.0,4102826
2025-12-11,130.0,130.0,130.5,129.5,130.0,4890917
2025-12-12,130.5,130.5,130.5,130.0,130.5,2748568
2025-12-15,130.5,130.5,131.0,130.0,130.0,4079929
2025-12-16,130.5,130.5,130.5,129.5,130.0,5928159
2025-12-17,129.5,129.5,130.5,129.5,130.5,4591685
2025-12-18,130.0,130.0,130.5,129.5,129.5,3774049
2025-12-19,131.0,131.0,131.0,129.5,130.0,6555589
2025-12-22,130.5,130.5,131.0,130.0,130.5,3586382
2025-12-23,130.5,130.5,131.0,130.0,130.5,4036752
2025-12-24,130.5,130.5,131.0,130.5,130.5,1880723
2025-12-26,131.5,131.5,131.5,130.5,130.5,2608396
2025-12-29,132.0,132.0,132.0,131.0,131.0,4345885
2025-12-30,131.0,131.0,132.0,131.0,132.0,7082027
2025-12-31,130.5,130.5,132.0,130.5,131.5,3577446
2026-01-02,132.0,132.0,132.0,131.0,131.5,3280560
2026-01-05,133.0,133.0,133.0,131.5,131.5,12120071
2026-01-06,132.5,132.5,133.5,132.5,133.0,8300884
2026-01-07,133.0,133.0,133.5,132.0,132.0,12265952
2026-01-08,133.5,133.5,134.0,133.0,133.0,8267695
2026-01-09,133.5,133.5,134.0,132.5,133.0,7532788
2026-01-12,133.5,133.5,134.0,132.5,133.0,4675744
2026-01-13,133.5,133.5,134.0,133.5,133.5,7371394
2026-01-14,133.0,133.0,134.0,133.0,133.5,8342270
2026-01-15,133.5,133.5,134.0,133.0,133.5,9960620
2026-01-16,133.0,133.0,134.0,133.0,133.5,11627152
2026-01-19,134.0,134.0,134.0,133.0,133.5,5721459
2026-01-20,133.0,133.0,134.0,133.0,133.5,5248675
2026-01-21,133.0,133.0,133.5,132.5,133.5,7233783
2026-01-22,133.0,133.0,133.5,133.0,133.0,5944197
2026-01-23,134.0,134.0,134.0,133.5,133.5,4912354
2026-01-26,134.0,134.0,134.0,133.5,134.0,5242192
2026-01-27,133.0,133.0,134.5,133.0,134.0,12944781
2026-01-28,133.5,133.5,134.0,133.0,133.5,9198979
2026-01-29,133.5,133.5,134.5,133.5,133.5,10812122
2026-01-30,133.5,133.5,134.5,133.0,133.5,14876701
2026-02-02,133.0,133.0,134.0,133.0,134.0,9498933
2026-02-03,133.5,133.5,134.0,133.0,133.5,8630642
2026-02-04,133.0,133.0,134.0,133.0,133.5,9442628
2026-02-05,132.5,132.5,133.5,132.5,133.0,14671057
2026-02-06,133.0,133.0,133.0,132.0,132.5,14291200
2026-02-09,132.0,132.0,133.5,132.0,133.0,13612468
2026-02-10,132.5,132.5,133.0,132.0,132.0,10118128
2026-02-11,133.0,133.0,133.5,132.5,133.5,12766659
2026-02-23,135.0,135.0,135.0,133.5,134.0,20818265
2026-02-24,135.5,135.5,135.5,134.5,134.5,13698888
2026-02-25,136.0,136.0,136.0,135.0,135.0,11403066
2026-02-26,134.0,134.0,136.0,134.0,136.0,28350784
2026-03-02,138.0,138.0,138.0,134.5,135.0,29855024
2026-03-03,138.0,138.0,138.0,137.0,137.5,16705526
2026-03-04,135.5,135.5,137.5,135.0,137.0,24052951
2026-03-05,137.0,137.0,137.0,135.0,136.5,13682066
2026-03-06,136.5,136.5,137.0,135.5,136.5,10736942
2026-03-09,136.0,136.0,136.5,134.5,134.5,16719113
2026-03-10,135.0,135.0,137.0,134.5,137.0,12620421
2026-03-11,135.5,135.5,137.0,135.0,136.0,9955734
2026-03-12,136.0,136.0,136.5,135.0,135.0,10749443
2026-03-13,136.0,136.0,136.5,135.5,136.0,7695995
2026-03-16,136.5,136.5,137.5,136.0,136.5,7297448
2026-03-17,137.0,137.0,137.5,136.0,137.0,9033043
2026-03-18,137.5,137.5,137.5,136.5,137.5,9172060
2026-03-19,135.5,135.5,137.0,135.0,137.0,11884394
2026-03-20,134.0,134.0,136.5,134.0,136.0,23873382
2026-03-23,134.0,134.0,135.0,133.0,133.0,16555906
2026-03-24,134.0,134.0,135.0,134.0,134.0,7532900
2026-03-25,135.0,135.0,136.0,134.0,135.5,7037041
2026-03-26,134.5,134.5,135.5,134.0,135.5,5075813
2026-03-27,134.0,134.0,135.0,134.0,134.5,4920140
2026-03-30,134.0,134.0,134.5,133.0,133.5,9437500
2026-03-31,133.0,133.0,134.0,133.0,133.5,14694148
2026-04-01,134.0,134.0,134.5,133.0,134.0,10640824
2026-04-02,134.0,134.0,134.5,133.5,134.5,7496636
2026-04-07,134.0,134.0,134.0,133.0,134.0,5891657
2026-04-08,134.0,134.0,135.0,133.5,134.5,7745262
2026-04-09,135.0,135.0,135.0,133.0,134.0,11347359
2026-04-10,135.5,135.5,135.5,134.5,135.0,6895110
2026-04-13,134.5,134.5,135.0,134.0,135.0,6623731
2026-04-14,135.0,135.0,135.0,134.0,135.0,12027425
2026-04-15,135.5,135.5,135.5,134.0,135.0,8257459
2026-04-16,136.5,136.5,136.5,135.0,136.0,10487078
2026-04-17,137.5,137.5,137.5,136.5,137.0,9367318
2026-04-20,137.0,137.0,138.0,137.0,137.5,12592681
2026-04-21,137.0,137.0,138.0,136.5,137.5,9234545
2026-04-22,136.5,136.5,137.5,135.5,137.5,14255586
2026-04-23,136.0,136.0,136.5,135.5,136.0,5431646
2026-04-24,135.5,135.5,136.0,135.0,136.0,8991028
2026-04-27,137.0,137.0,138.0,135.0,135.0,17233286
2026-04-28,137.0,137.0,138.0,136.5,137.5,17891541
2026-04-29,136.5,136.5,137.5,135.5,137.5,9810472
2026-04-30,136.0,136.0,137.0,135.5,136.0,9821487
2026-05-04,135.5,135.5,137.5,135.5,137.0,7034370
2026-05-05,136.0,136.0,136.0,135.0,135.5,5345021
2026-05-06,136.0,136.0,137.0,135.5,137.0,13304748
2026-05-07,135.5,135.5,136.5,135.5,135.5,14117194
2026-05-08,136.5,136.5,136.5,135.5,136.0,9445587
2026-05-11,135.5,135.5,136.5,135.5,136.5,6670769
2026-05-12,135.5,135.5,136.5,135.5,135.5,9747882
2026-05-13,137.5,137.5,137.5,135.5,136.5,14252707
2026-05-14,137.5,137.5,138.0,136.5,136.5,17475344
2026-05-15,138.0,138.0,138.0,137.0,137.5,8852265
2026-05-18,137.0,137.0,138.0,137.0,138.0,7713190
2026-05-19,142.5,142.5,144.0,137.0,137.0,52962314
2026-05-20,139.0,139.0,143.5,139.0,142.5,23148337
2026-05-21,137.5,137.5,140.0,137.5,139.0,14521452
2026-05-22,137.0,137.0,138.0,137.0,137.5,8350262
2026-05-25,136.5,136.5,137.5,136.0,137.5,11546082
2026-05-26,136.0,136.0,138.0,136.0,136.5,17970478
2026-05-27,137.0,137.0,138.0,136.0,137.0,15609678
2026-05-28,136.5,136.5,138.0,136.5,137.0,16998850
2026-05-29,137.0,137.0,138.5,136.5,137.5,28220973
2026-06-01,140.5,140.5,142.0,137.0,137.0,27375453
2026-06-02,142.0,142.0,142.5,140.0,140.0,19551793
2026-06-03,141.0,141.0,143.0,141.0,142.0,13985894
2026-06-04,141.5,141.5,143.0,140.5,141.0,13961302
2026-06-05,141.0,141.0,142.0,140.0,141.0,11585954
2026-06-08,138.5,138.5,140.5,138.0,139.5,17246059
2026-06-09,142.0,142.0,142.5,138.0,138.0,18457466
2026-06-10,144.0,144.0,144.0,141.5,141.5,14713156
2026-06-11,145.0,145.0,145.0,143.5,144.0,17486484
2026-06-12,145.0,145.0,145.5,143.5,145.0,9057528
2026-06-15,145.5,145.5,146.0,144.0,146.0,9335811
2026-06-16,146.5,146.5,147.0,145.0,146.0,12874601
2026-06-17,145.5,145.5,146.5,144.5,145.5,9040679
2026-06-18,144.0,144.0,145.5,144.0,145.0,9967054
2026-06-22,144.5,144.5,146.0,143.5,144.0,8346517
2026-06-23,144.0,144.0,145.5,144.0,145.0,11414761
2026-06-24,143.5,143.5,145.0,143.0,143.5,12587116
2026-06-25,144.0,144.0,145.5,143.5,144.0,12856893
2026-06-26,143.0,143.0,145.0,143.0,144.0,15739362
2026-06-29,142.0,142.0,144.5,142.0,144.0,23910632
2026-06-30,141.5,141.5,143.0,141.5,142.0,19711564
2026-07-01,141.5,141.5,142.5,141.0,142.0,20176568
2026-07-02,141.0,141.0,142.0,141.0,141.0,16499643
2026-07-03,141.0,141.0,142.5,141.0,141.0,17629600
2026-07-06,141.5,141.5,142.5,141.0,141.0,13315485
2026-07-07,141.0,141.0,142.0,140.5,141.5,18969753
2026-07-08,139.5,139.5,142.0,139.5,141.5,25356630
2026-07-09,133.5,133.5,135.0,133.0,134.0,59918934
2026-07-13,133.5,133.5,135.5,133.0,134.5,20063542
2026-07-14,133.0,133.0,134.0,132.0,134.0,28419169
2026-07-15,133.0,133.0,134.0,133.0,133.0,10682056
2026-07-16,136.0,136.0,136.5,133.5,133.5,21332145
2026-07-17,138.0,138.0,140.0,136.0,136.5,37689493
2026-07-20,139.0,139.0,140.0,137.0,139.0,26231910
2026-07-21,139.0,139.0,139.5,137.0,138.0,18419601
2026-07-22,138.5,138.5,139.0,137.0,137.5,13465261
2026-07-23,138.0,138.0,139.0,137.5,139.0,10882713
2026-07-24,139.0,139.0,139.0,137.5,137.5,15999969
2026-07-27,140.5,140.5,140.5,139.0,139.5,22511463
2026-07-28,141.0,141.0,141.0,139.5,140.5,17911660
2026-07-29,140.5,140.5,142.5,139.0,141.0,36601235
2026-07-30,140.5,140.5,141.0,138.5,141.0,18568927
2026-07-31,139.5,139.5,140.5,138.5,140.5,23664742
2026-08-03,139.0,139.0,140.0,138.0,138.5,10520267
2026-08-04,136.5,136.5,138.5,136.0,138.0,15621576
2026-08-05,137.0,137.0,138.0,136.0,136.5,11911467
2026-08-06,137.0,137.0,137.5,136.5,136.5,8614914
2026-08-07,137.5,137.5,138.0,136.5,137.0,6922457
2026-08-10,136.5,136.5,137.5,136.0,137.5,9542858
2026-08-11,136.0,136.0,137.0,136.0,136.5,8042851
2026-08-12,136.0,136.0,137.0,135.5,137.0,8889753
2026-08-13,136.0,136.0,136.0,135.0,135.5,8927309
2026-08-14,135.0,135.0,136.5,135.0,136.0,11386791
2026-08-17,136.0,136.0,137.0,135.0,135.0,10259320
2026-08-18,137.0,137.0,137.5,135.5,136.5,13921584
2026-08-19,136.0,136.0,137.0,136.0,136.5,7120614
2026-08-20,136.5,136.5,137.0,136.0,136.0,5295296
2026-08-21,136.5,136.5,137.0,136.0,136.5,5317550
2026-08-24,136.5,136.5,137.0,135.5,136.5,7091132
2026-08-25,136.5,136.5,137.0,136.0,136.5,4440415
2026-08-26,136.0,136.0,136.5,135.5,136.5,7842434
2026-08-27,135.5,135.5,136.5,135.5,136.5,5614668
2026-08-28,135.5,135.5,136.5,135.0,136.0,11702399
2026-08-31,136.0,136.0,136.0,135.0,136.0,15450910
2026-09-01,136.0,136.0,136.5,135.5,136.0,6889714
2026-09-02,137.5,137.5,137.5,136.0,136.5,10960892
2026-09-03,138.0,138.0,138.5,136.5,137.5,13060255
2026-09-04,137.5,137.5,138.0,137.0,138.0,7383449
2026-09-07,138.0,138.0,138.5,136.5,138.5,8953714
2026-09-08,139.0,139.0,139.0,137.0,137.5,11188451
2026-09-09,139.5,139.5,139.5,137.5,138.0,9797074
2026-09-10,139.5,139.5,139.5,138.5,138.5,7123138
2026-09-11,140.5,140.5,140.5,139.0,140.0,14548634
2026-09-14,142.5,142.5,142.5,140.5,141.0,18796712
2026-09-15,143.5,143.5,143.5,142.5,143.5,16914018
2026-09-16,143.5,143.5,144.0,142.0,143.5,14825696
2026-09-17,145.0,145.0,145.0,143.0,143.5,15263938
2026-09-18,145.5,145.5,145.5,144.0,145.0,28080563
2026-09-21,144.5,144.5,145.0,143.0,145.0,9034372
2026-09-22,145.0,145.0,145.0,143.0,145.0,5469034
2026-09-23,145.5,145.5,145.5,144.5,145.0,8326189
2026-09-24,145.0,145.0,146.0,145.0,145.5,6311915
