Date,Adj Close,Close,High,Low,Open,Volume
2016-08-12,38.4,38.4,38.6,38.2,38.2,79874
2016-08-15,38.2,38.2,38.4,38.15,38.2,78400
2016-08-16,38.25,38.25,38.45,38.25,38.35,51527
2016-08-17,37.85,37.85,38.25,37.75,38.25,201938
2016-08-18,37.25,37.25,37.8,37.15,37.75,170199
2016-08-19,37.35,37.35,37.55,37.25,37.25,105636
2016-08-22,37.0,37.0,37.4,37.0,37.3,135800
2016-08-23,38.05,38.05,38.45,37.0,37.0,270533
2016-08-24,38.2,38.2,38.6,38.0,38.35,164100
2016-08-25,37.8,37.8,38.4,37.8,38.2,76115
2016-08-26,37.5,37.5,37.8,37.5,37.8,87800
2016-08-29,37.15,37.15,37.5,37.0,37.5,85700
2016-08-30,37.1,37.1,37.25,36.9,37.25,173084
2016-08-31,37.15,37.15,37.15,37.0,37.0,93102
2016-09-01,37.05,37.05,37.4,37.0,37.2,74000
2016-09-02,37.0,37.0,37.4,36.9,37.0,71115
2016-09-05,37.0,37.0,37.15,36.95,37.0,50420
2016-09-06,36.6,36.6,36.8,36.55,36.8,112050
2016-09-07,36.35,36.35,36.5,36.25,36.5,149800
2016-09-08,37.1,37.1,37.3,36.3,36.35,164450
2016-09-09,36.75,36.75,37.15,36.5,37.0,135051
2016-09-12,36.3,36.3,36.45,36.3,36.45,37878
2016-09-13,36.5,36.5,36.85,36.3,36.3,158000
2016-09-14,36.45,36.45,36.5,36.3,36.5,69465
2016-09-19,36.3,36.3,36.5,36.15,36.45,89400
2016-09-20,36.2,36.2,36.3,36.1,36.25,49454
2016-09-21,36.55,36.55,36.6,36.15,36.5,81800
2016-09-22,36.55,36.55,36.55,36.25,36.55,48999
2016-09-23,36.65,36.65,36.85,36.4,36.5,67230
2016-09-26,36.3,36.3,36.65,36.3,36.65,20002
2016-09-29,36.3,36.3,36.45,36.2,36.4,68000
2016-09-30,36.35,36.35,36.4,36.2,36.3,58688
2016-10-03,36.1,36.1,36.35,36.05,36.35,64000
2016-10-04,36.05,36.05,36.45,36.0,36.1,78149
2016-10-05,35.55,35.55,36.25,35.5,36.25,146093
2016-10-06,35.5,35.5,35.8,35.45,35.8,60279
2016-10-07,35.3,35.3,35.6,35.3,35.5,40002
2016-10-11,34.55,34.55,35.3,34.5,35.3,98408
2016-10-12,33.95,33.95,34.5,33.5,34.5,249823
2016-10-13,33.05,33.05,33.95,33.0,33.95,161061
2016-10-14,32.3,32.3,33.1,32.0,33.0,144264
2016-10-17,32.1,32.1,32.5,31.9,32.3,116410
2016-10-18,32.05,32.05,32.1,32.0,32.1,54184
2016-10-19,32.2,32.2,32.65,32.1,32.1,148031
2016-10-20,32.6,32.6,32.6,32.2,32.2,104000
2016-10-21,33.45,33.45,33.45,32.7,32.8,254590
2016-10-24,33.6,33.6,33.8,33.25,33.5,198220
2016-10-25,33.2,33.2,33.7,33.15,33.7,51050
2016-10-26,32.7,32.7,33.2,32.5,33.1,166039
2016-10-27,32.65,32.65,32.9,32.6,32.7,56072
2016-10-28,32.5,32.5,32.65,32.3,32.6,45386
2016-10-31,32.2,32.2,32.5,32.1,32.5,45172
2016-11-01,32.5,32.5,32.7,32.5,32.5,62161
2016-11-02,32.8,32.8,32.8,31.9,32.5,170222
2016-11-03,32.0,32.0,32.3,31.5,32.3,55160
2016-11-04,32.0,32.0,32.0,31.8,32.0,54304
2016-11-07,32.3,32.3,32.35,32.2,32.3,73100
2016-11-08,32.1,32.1,32.2,32.0,32.1,26000
2016-11-09,31.25,31.25,32.5,31.0,32.1,154151
2016-11-10,31.7,31.7,31.8,31.25,31.25,65223
2016-11-11,31.0,31.0,31.35,30.7,31.25,102700
2016-11-14,31.25,31.25,31.25,30.95,31.1,36400
2016-11-15,31.5,31.5,31.65,31.0,31.25,81517
2016-11-16,31.9,31.9,31.9,31.25,31.6,81078
2016-11-17,32.3,32.3,32.4,31.95,31.95,103150
2016-11-18,32.4,32.4,32.5,32.2,32.4,56005
2016-11-21,32.65,32.65,32.7,32.3,32.7,159000
2016-11-22,32.45,32.45,32.7,32.4,32.65,104022
2016-11-23,32.35,32.35,32.55,32.3,32.5,84150
2016-11-24,32.3,32.3,32.4,32.15,32.2,47222
2016-11-25,32.4,32.4,32.6,32.3,32.6,186105
2016-11-28,33.0,33.0,33.05,32.35,32.4,180600
2016-11-29,33.05,33.05,33.05,32.7,32.95,245402
2016-11-30,33.1,33.1,33.1,32.8,33.05,119448
2016-12-01,32.85,32.85,33.3,32.85,33.3,106600
2016-12-02,32.7,32.7,32.85,32.6,32.85,40700
2016-12-05,32.4,32.4,32.6,32.1,32.6,83206
2016-12-06,32.25,32.25,32.45,32.2,32.45,41300
2016-12-07,32.25,32.25,32.45,32.2,32.45,64104
2016-12-08,32.6,32.6,32.6,32.3,32.35,81500
2016-12-09,32.3,32.3,32.55,32.1,32.55,168000
2016-12-12,31.7,31.7,32.3,31.7,32.3,115380
2016-12-13,31.9,31.9,31.9,31.7,31.7,26000
2016-12-14,31.85,31.85,31.9,31.6,31.9,50800
2016-12-15,31.6,31.6,31.65,31.5,31.55,66116
2016-12-16,31.85,31.85,31.95,31.75,31.95,58100
2016-12-19,31.9,31.9,31.95,31.8,31.8,74180
2016-12-20,32.25,32.25,32.35,31.9,32.1,121335
2016-12-21,32.35,32.35,32.4,32.1,32.25,65400
2016-12-22,31.9,31.9,32.35,31.8,32.35,78000
2016-12-23,32.05,32.05,32.25,31.7,32.05,61100
2016-12-26,32.0,32.0,32.45,31.8,32.1,50000
2016-12-27,32.05,32.05,32.05,31.9,32.0,13022
2016-12-28,31.9,31.9,32.05,31.9,32.0,28022
2016-12-29,31.75,31.75,31.9,31.5,31.9,60344
2016-12-30,31.8,31.8,31.85,31.6,31.75,66122
2017-01-03,31.6,31.6,31.8,31.05,31.8,86050
2017-01-04,31.35,31.35,31.75,31.35,31.4,39000
2017-01-05,31.5,31.5,31.6,31.2,31.35,74050
2017-01-06,31.35,31.35,31.35,31.15,31.35,114135
2017-01-09,31.55,31.55,31.55,31.2,31.2,57050
2017-01-10,31.55,31.55,31.6,31.55,31.55,38050
2017-01-11,31.55,31.55,31.55,31.35,31.55,70183
2017-01-12,31.5,31.5,31.55,31.4,31.55,29217
2017-01-13,31.55,31.55,31.55,31.35,31.45,10000
2017-01-16,31.85,31.85,31.9,31.35,31.35,75050
2017-01-17,32.05,32.05,32.1,31.95,32.0,90478
2017-01-18,32.3,32.3,32.45,32.1,32.1,68087
2017-01-19,32.25,32.25,32.3,32.0,32.3,55000
2017-01-20,32.4,32.4,32.5,32.2,32.2,94250
2017-01-23,32.8,32.8,32.8,32.4,32.4,113400
2017-01-24,32.7,32.7,32.95,32.55,32.6,48294
2017-02-02,32.65,32.65,32.7,32.45,32.7,37050
2017-02-03,32.35,32.35,32.65,32.2,32.6,60000
2017-02-06,32.7,32.7,32.7,32.4,32.4,41400
2017-02-07,32.65,32.65,32.7,32.55,32.7,29453
2017-02-08,32.5,32.5,32.65,32.4,32.65,60000
2017-02-09,32.65,32.65,32.65,32.5,32.65,58500
2017-02-10,32.8,32.8,32.9,32.65,32.65,114000
2017-02-13,33.35,33.35,33.6,32.85,32.85,163119
2017-02-14,33.35,33.35,33.95,33.25,33.95,123800
2017-02-15,33.5,33.5,33.6,33.1,33.6,94101
2017-02-16,33.6,33.6,33.8,33.5,33.6,73122
2017-02-17,33.6,33.6,33.85,33.45,33.45,31282
2017-02-20,33.4,33.4,33.6,33.3,33.5,59500
2017-02-21,34.05,34.05,34.05,33.25,33.25,142100
2017-02-22,35.55,35.55,35.85,33.95,34.05,431236
2017-02-23,34.75,34.75,36.0,34.7,35.65,173100
2017-02-24,34.65,34.65,34.8,34.55,34.55,52350
2017-03-01,34.5,34.5,34.95,34.5,34.95,49250
2017-03-02,34.6,34.6,34.8,34.35,34.8,54176
2017-03-03,34.5,34.5,34.5,34.25,34.35,70100
2017-03-06,34.5,34.5,34.5,34.4,34.5,39622
2017-03-07,34.45,34.45,34.5,34.4,34.4,28006
2017-03-08,34.45,34.45,34.55,34.3,34.45,63025
2017-03-09,34.35,34.35,34.4,34.25,34.4,53005
2017-03-10,34.6,34.6,35.5,34.35,35.2,260200
2017-03-13,34.7,34.7,34.85,34.5,34.6,143070
2017-03-14,34.55,34.55,34.9,34.55,34.7,138001
2017-03-15,34.55,34.55,34.6,34.4,34.55,115467
2017-03-16,34.65,34.65,34.65,34.5,34.6,91000
2017-03-17,34.6,34.6,34.7,34.6,34.65,70000
2017-03-20,34.75,34.75,34.8,34.6,34.6,84010
2017-03-21,34.5,34.5,34.85,34.5,34.85,111000
2017-03-22,34.4,34.4,34.5,34.3,34.35,67500
2017-03-23,34.5,34.5,34.7,34.3,34.3,53500
2017-03-24,35.25,35.25,35.75,34.75,34.75,470117
2017-03-27,36.45,36.45,37.25,35.45,35.45,679298
2017-03-28,36.8,36.8,37.05,36.2,36.9,315812
2017-03-29,37.05,37.05,37.35,36.55,36.8,300385
2017-03-30,36.5,36.5,37.05,36.5,37.05,188137
2017-03-31,37.05,37.05,37.2,36.5,36.5,101922
2017-04-05,37.25,37.25,37.8,37.25,37.45,234606
2017-04-06,37.15,37.15,37.55,37.15,37.55,88450
2017-04-07,36.75,36.75,37.2,36.7,37.1,137120
2017-04-10,36.15,36.15,36.7,36.1,36.7,111300
2017-04-11,35.9,35.9,36.5,35.9,36.5,84022
2017-04-12,36.0,36.0,36.1,35.85,36.0,52639
2017-04-13,35.8,35.8,36.0,35.7,36.0,77022
2017-04-14,35.3,35.3,35.7,35.2,35.5,68100
2017-04-17,35.4,35.4,35.6,35.3,35.3,91122
2017-04-18,35.7,35.7,36.15,35.3,35.3,71059
2017-04-19,35.6,35.6,35.9,35.5,35.5,50100
2017-04-21,35.3,35.3,35.85,35.3,35.85,46050
2017-04-24,35.6,35.6,35.65,35.3,35.6,27022
2017-04-25,35.6,35.6,35.8,35.6,35.8,36325
2017-04-26,35.7,35.7,35.85,35.4,35.6,66003
2017-04-27,36.0,36.0,36.1,35.7,35.7,120000
2017-04-28,36.05,36.05,36.35,36.0,36.0,41122
2017-05-02,35.85,35.85,36.05,35.75,36.0,19022
2017-05-03,35.8,35.8,36.05,35.8,36.05,31000
2017-05-04,36.0,36.0,36.0,35.65,36.0,11300
2017-05-05,35.6,35.6,35.7,35.6,35.7,13001
2017-05-08,35.45,35.45,35.8,35.25,35.6,40093
2017-05-09,35.5,35.5,36.1,35.5,35.9,54000
2017-05-10,35.4,35.4,35.5,35.4,35.5,16460
2017-05-11,35.25,35.25,35.4,35.25,35.4,22000
2017-05-12,35.05,35.05,35.2,35.0,35.2,74000
2017-05-15,35.15,35.15,35.25,35.05,35.05,42000
2017-05-16,34.9,34.9,35.5,34.9,35.25,58000
2017-05-17,34.8,34.8,35.3,34.8,35.3,56006
2017-05-18,35.0,35.0,35.15,35.0,35.0,58000
2017-05-19,34.9,34.9,35.0,34.75,34.8,27050
2017-05-22,35.25,35.25,35.5,35.2,35.5,109000
2017-05-23,35.35,35.35,35.4,35.25,35.4,19000
2017-05-24,35.35,35.35,35.45,35.35,35.4,67000
2017-05-25,35.6,35.6,35.6,35.4,35.45,92570
2017-05-26,35.3,35.3,35.55,35.2,35.45,76068
2017-05-31,35.35,35.35,35.55,35.35,35.4,65030
2017-06-01,37.9,37.9,38.8,35.55,35.55,715950
2017-06-02,38.35,38.35,39.2,37.4,37.9,847456
2017-06-05,42.2,42.2,44.6,42.2,44.0,2682903
2017-06-06,41.15,41.15,41.95,40.65,41.95,743000
2017-06-07,40.65,40.65,41.85,40.6,41.15,499203
2017-06-08,41.7,41.7,42.7,41.3,41.3,668450
2017-06-09,41.0,41.0,41.9,40.7,41.7,311683
2017-06-12,41.0,41.0,41.55,40.6,40.9,924300
2017-06-13,40.45,40.45,41.05,40.05,41.0,588100
2017-06-14,37.2,37.2,38.65,37.05,38.6,517341
2017-06-15,37.3,37.3,38.0,37.2,37.5,187740
2017-06-16,37.05,37.05,37.3,36.8,37.3,149000
2017-06-19,37.7,37.7,38.3,37.5,37.5,155059
2017-06-20,37.35,37.35,37.95,37.35,37.95,148000
2017-06-21,37.35,37.35,37.55,37.1,37.35,75500
2017-06-22,37.3,37.3,37.4,37.1,37.35,72000
2017-06-23,37.55,37.55,38.4,37.3,37.3,214000
2017-06-26,37.25,37.25,37.8,37.2,37.8,110200
2017-06-27,36.75,36.75,37.45,36.75,37.25,144222
2017-06-28,36.2,36.2,36.7,36.0,36.7,224025
2017-06-29,35.8,35.8,36.25,35.8,36.0,106053
2017-06-30,35.6,35.6,35.75,35.5,35.75,61112
2017-07-03,36.1,36.1,36.3,35.65,35.65,69225
2017-07-04,36.1,36.1,36.4,36.1,36.35,91000
2017-07-05,36.0,36.0,36.2,36.0,36.1,49050
2017-07-06,36.0,36.0,36.0,35.8,36.0,23000
2017-07-07,35.5,35.5,35.85,35.35,35.85,103110
2017-07-10,35.2,35.2,35.5,35.0,35.5,77022
2017-07-11,35.1,35.1,35.3,35.0,35.3,56000
2017-07-12,35.25,35.25,35.25,35.1,35.1,36000
2017-07-13,35.2,35.2,35.25,35.1,35.1,39300
2017-07-14,35.3,35.3,35.45,35.15,35.15,66506
2017-07-17,35.3,35.3,35.35,35.1,35.35,50000
2017-07-18,35.2,35.2,35.3,35.1,35.3,44010
2017-07-19,34.9,34.9,35.2,34.75,35.2,144040
2017-07-20,34.85,34.85,35.0,34.85,34.9,67200
2017-07-21,35.0,35.0,35.0,34.9,34.9,23002
2017-07-24,37.45,37.45,37.75,35.15,35.15,759555
2017-07-25,37.1,37.1,37.8,36.85,37.05,371200
2017-07-26,36.5,36.5,37.5,36.5,37.45,127002
2017-07-27,36.25,36.25,36.6,36.25,36.6,66100
2017-07-28,35.95,35.95,36.2,35.75,36.2,84080
2017-07-31,35.6,35.6,36.0,35.6,36.0,62022
2017-08-01,36.0,36.0,36.15,35.85,35.85,102005
2017-08-02,35.7,35.7,36.2,35.6,36.15,202269
2017-08-03,36.0,36.0,36.05,35.6,35.75,201008
2017-08-04,36.55,36.55,37.2,36.1,36.1,130000
2017-08-07,37.0,37.0,37.05,36.6,36.9,123360
2017-08-08,37.75,37.75,37.95,37.15,37.15,295493
2017-08-09,38.45,38.45,38.85,37.95,37.95,459501
2017-08-10,37.3,37.3,38.95,36.9,38.75,567586
2017-08-11,37.1,37.1,37.2,36.6,37.0,193311
2017-08-14,36.8,36.8,37.0,36.5,37.0,190000
2017-08-15,38.25,38.25,38.45,37.0,37.0,247000
2017-08-16,38.0,38.0,38.25,37.8,38.25,135100
2017-08-17,38.0,38.0,38.35,37.9,38.0,126197
2017-08-18,37.6,37.6,37.8,36.9,37.8,118000
2017-08-21,38.45,38.45,38.45,37.6,37.6,136316
2017-08-22,37.9,37.9,39.0,37.85,38.5,238250
2017-08-23,39.0,39.0,39.8,38.1,38.45,343005
2017-08-24,38.5,38.5,39.4,38.45,39.2,209025
2017-08-25,38.6,38.6,38.85,38.25,38.55,159200
2017-08-28,38.5,38.5,38.8,38.5,38.8,129836
2017-08-29,38.15,38.15,38.5,37.95,38.5,172000
2017-08-30,38.3,38.3,38.45,38.0,38.2,126004
2017-08-31,38.15,38.15,38.4,38.0,38.4,70324
2017-09-01,38.0,38.0,38.3,38.0,38.3,85000
2017-09-04,37.8,37.8,38.0,37.7,38.0,47000
2017-09-05,37.8,37.8,38.0,37.5,38.0,48800
2017-09-06,37.4,37.4,37.8,37.4,37.8,57000
2017-09-07,37.6,37.6,37.6,37.1,37.5,141022
2017-09-08,37.8,37.8,37.8,37.4,37.6,35022
2017-09-11,37.35,37.35,37.8,37.3,37.8,60078
2017-09-12,37.25,37.25,37.5,37.2,37.25,45000
2017-09-13,37.1,37.1,37.3,37.0,37.25,81307
2017-09-14,37.15,37.15,37.2,37.05,37.2,31100
2017-09-15,37.1,37.1,37.15,37.0,37.05,62030
2017-09-18,37.1,37.1,37.35,37.0,37.1,84051
2017-09-19,37.2,37.2,37.4,37.05,37.05,52000
2017-09-20,36.8,36.8,37.2,36.7,37.2,122155
2017-09-21,37.1,37.1,37.1,37.0,37.0,53000
2017-09-22,36.95,36.95,37.2,36.95,37.1,99125
2017-09-25,37.0,37.0,37.15,36.6,37.15,74000
2017-09-26,37.2,37.2,37.75,37.0,37.0,80400
2017-09-27,37.2,37.2,37.95,37.2,37.2,90057
2017-09-28,37.1,37.1,37.3,37.05,37.2,21343
2017-09-29,37.0,37.0,37.2,37.0,37.1,45000
2017-10-02,37.3,37.3,37.75,37.0,37.0,24057
2017-10-03,37.3,37.3,37.4,37.1,37.4,26005
2017-10-05,37.1,37.1,37.3,37.0,37.3,37030
2017-10-06,37.05,37.05,37.1,36.8,37.1,78200
2017-10-11,36.9,36.9,37.0,36.9,37.0,52420
2017-10-12,36.75,36.75,36.95,36.75,36.9,69368
2017-10-13,36.9,36.9,37.0,36.8,36.8,50408
2017-10-16,36.9,36.9,37.05,36.9,36.9,54000
2017-10-17,36.8,36.8,37.15,36.8,37.0,105000
2017-10-18,36.85,36.85,36.95,36.8,36.8,22000
2017-10-19,36.85,36.85,37.0,36.85,37.0,24004
2017-10-20,36.85,36.85,36.85,36.8,36.8,22040
2017-10-23,37.0,37.0,37.0,36.9,37.0,53700
2017-10-24,36.9,36.9,37.0,36.9,37.0,45536
2017-10-25,36.65,36.65,36.9,36.55,36.9,86000
2017-10-26,36.9,36.9,36.95,36.75,36.75,74030
2017-10-27,36.7,36.7,36.9,35.8,36.9,264004
2017-10-30,37.0,37.0,37.1,36.7,36.7,195026
2017-10-31,37.0,37.0,37.2,37.0,37.2,87500
2017-11-01,36.95,36.95,37.1,36.9,37.0,40000
2017-11-02,38.8,38.8,38.9,37.0,37.1,345461
2017-11-03,38.65,38.65,39.0,38.15,38.75,188120
2017-11-06,38.05,38.05,38.65,37.85,38.65,154212
2017-11-07,38.0,38.0,38.15,37.8,37.95,83052
2017-11-08,37.45,37.45,37.9,37.4,37.9,108262
2017-11-09,37.25,37.25,37.85,37.2,37.45,92025
2017-11-10,37.45,37.45,37.7,37.25,37.25,69025
2017-11-13,38.3,38.3,38.6,37.5,37.5,265130
2017-11-14,37.3,37.3,37.6,36.6,37.6,338010
2017-11-15,37.25,37.25,37.35,37.2,37.3,177137
2017-11-16,37.6,37.6,37.8,37.2,37.2,221015
2017-11-17,37.9,37.9,38.35,37.6,37.6,216092
2017-11-20,38.25,38.25,38.45,37.9,37.9,203676
2017-11-21,38.3,38.3,38.5,38.3,38.4,149000
2017-11-22,38.6,38.6,38.65,38.35,38.35,206100
2017-11-23,38.7,38.7,38.8,38.6,38.6,120025
2017-11-24,39.55,39.55,40.1,38.7,38.7,419025
2017-11-27,40.7,40.7,40.75,40.0,40.0,572849
2017-11-28,40.0,40.0,41.3,39.65,41.15,889370
2017-11-29,40.0,40.0,40.5,39.85,40.2,290257
2017-11-30,40.2,40.2,40.9,39.9,40.0,308268
2017-12-01,40.25,40.25,40.65,40.05,40.3,200476
2017-12-04,39.85,39.85,40.35,39.85,40.25,258538
2017-12-05,39.85,39.85,40.25,39.85,40.0,196003
2017-12-06,39.1,39.1,39.85,38.9,39.85,234602
2017-12-07,39.15,39.15,39.2,39.1,39.1,75200
2017-12-08,39.0,39.0,39.2,39.0,39.15,54020
2017-12-11,39.2,39.2,39.5,38.8,38.85,81500
2017-12-12,39.2,39.2,39.45,39.1,39.2,37000
2017-12-13,39.35,39.35,39.4,39.1,39.1,73272
2017-12-14,39.5,39.5,39.9,39.4,39.4,148300
2017-12-15,39.6,39.6,39.6,39.4,39.5,61688
2017-12-18,39.5,39.5,39.6,39.3,39.55,54071
2017-12-19,39.45,39.45,39.65,39.45,39.5,81002
2017-12-20,39.45,39.45,39.5,39.4,39.45,30100
2017-12-21,39.95,39.95,40.3,39.05,39.05,132000
2017-12-22,40.3,40.3,40.35,39.9,40.0,226030
2017-12-25,40.15,40.15,40.3,40.05,40.25,70050
2017-12-26,40.3,40.3,40.35,40.15,40.15,107037
2017-12-27,40.2,40.2,40.6,40.15,40.5,52000
2017-12-28,40.2,40.2,40.35,40.05,40.1,110090
2017-12-29,40.1,40.1,40.2,39.95,40.2,90320
2018-01-02,39.85,39.85,40.1,39.85,40.1,41020
2018-01-03,40.05,40.05,40.1,39.85,39.85,57031
2018-01-04,40.2,40.2,40.2,40.0,40.1,123000
2018-01-05,40.2,40.2,40.45,40.05,40.2,58000
2018-01-08,40.35,40.35,40.4,40.2,40.2,124086
2018-01-09,40.55,40.55,40.55,40.3,40.35,113024
2018-01-10,41.75,41.75,41.8,40.55,40.55,279455
2018-01-11,42.4,42.4,44.0,42.25,43.4,492592
2018-01-12,42.45,42.45,42.5,42.15,42.2,109203
2018-01-15,42.5,42.5,43.4,42.5,43.4,79072
2018-01-16,42.4,42.4,42.5,42.3,42.4,82140
2018-01-17,42.25,42.25,42.45,42.05,42.35,129225
2018-01-18,42.0,42.0,42.2,42.0,42.15,107928
2018-01-19,42.0,42.0,43.45,42.0,42.0,815572
2018-01-22,42.35,42.35,42.5,42.3,42.3,62068
2018-01-23,42.5,42.5,42.6,42.35,42.35,127441
2018-01-24,42.35,42.35,42.5,42.3,42.5,58100
2018-01-25,42.25,42.25,42.5,42.05,42.5,23101
2018-01-26,41.9,41.9,42.05,41.65,42.05,57131
2018-01-29,42.05,42.05,42.1,41.95,41.95,61110
2018-01-30,42.05,42.05,42.05,41.8,42.0,75097
2018-01-31,41.9,41.9,42.1,41.85,42.05,105021
2018-02-01,42.0,42.0,42.1,41.9,41.9,44400
2018-02-02,42.0,42.0,42.05,41.9,42.0,44000
2018-02-05,41.65,41.65,42.0,41.6,42.0,160500
2018-02-06,39.55,39.55,41.6,39.4,41.6,370252
2018-02-07,41.45,41.45,42.0,40.0,40.0,95900
2018-02-08,40.65,40.65,41.45,40.6,41.45,36022
2018-02-09,41.0,41.0,41.0,38.0,38.0,143000
2018-02-12,39.95,39.95,41.0,39.75,41.0,77384
2018-02-21,40.0,40.0,40.95,39.7,40.05,19230
2018-02-22,39.3,39.3,39.95,39.3,39.95,59022
2018-02-23,39.2,39.2,39.5,39.2,39.5,31000
2018-02-26,39.5,39.5,39.6,39.2,39.2,28000
2018-02-27,39.0,39.0,39.8,39.0,39.8,24130
2018-03-01,39.2,39.2,39.8,38.5,38.95,55022
2018-03-02,38.6,38.6,38.9,38.5,38.6,19022
2018-03-05,38.6,38.6,38.65,38.35,38.4,16022
2018-03-06,38.8,38.8,38.85,38.05,38.6,99485
2018-03-07,38.6,38.6,39.0,38.6,38.8,42579
2018-03-08,38.6,38.6,39.0,38.6,39.0,17126
2018-03-09,38.95,38.95,39.05,38.7,39.0,50196
2018-03-12,38.95,38.95,39.1,38.9,39.1,23100
2018-03-13,38.85,38.85,38.95,38.5,38.95,32185
2018-03-14,38.6,38.6,39.0,38.55,39.0,34539
2018-03-15,40.1,40.1,42.45,40.1,40.5,356000
2018-03-16,39.75,39.75,40.35,39.0,40.35,62000
2018-03-19,39.8,39.8,39.8,39.2,39.3,48200
2018-03-20,39.5,39.5,39.5,39.3,39.5,9000
2018-03-21,40.05,40.05,40.25,39.8,39.8,224500
2018-03-22,40.05,40.05,40.35,40.0,40.0,107023
2018-03-23,39.5,39.5,40.15,39.5,39.8,80392
2018-03-26,39.0,39.0,39.5,39.0,39.0,47000
2018-03-27,39.0,39.0,39.5,39.0,39.0,42250
2018-03-28,39.0,39.0,39.4,39.0,39.35,38000
2018-03-29,39.0,39.0,39.45,39.0,39.35,41000
2018-03-30,38.9,38.9,39.4,38.9,39.4,27030
2018-04-02,39.8,39.8,40.0,39.0,40.0,23080
2018-04-03,39.85,39.85,39.85,39.1,39.5,36000
2018-04-09,39.3,39.3,39.85,39.2,39.2,36138
2018-04-10,39.6,39.6,39.6,39.3,39.35,126004
2018-04-11,39.8,39.8,40.2,39.2,39.65,106131
2018-04-12,39.7,39.7,39.8,39.5,39.8,94000
2018-04-13,39.8,39.8,39.8,38.9,39.7,164856
2018-04-16,39.1,39.1,39.8,39.1,39.8,92101
2018-04-17,38.55,38.55,39.1,38.55,39.1,73020
2018-04-18,38.6,38.6,38.7,38.55,38.7,14102
2018-04-19,38.8,38.8,39.0,38.5,38.5,39000
2018-04-20,39.0,39.0,39.0,38.8,39.0,40008
2018-04-23,38.5,38.5,39.0,38.5,39.0,26001
2018-04-24,37.9,37.9,38.0,37.9,38.0,6000
2018-04-25,38.5,38.5,38.5,38.2,38.5,12500
2018-04-26,38.0,38.0,38.6,36.9,38.6,21190
2018-04-27,37.95,37.95,38.0,37.7,38.0,12020
2018-04-30,38.25,38.25,38.45,37.6,38.0,26090
2018-05-02,37.8,37.8,37.8,37.7,37.7,34000
2018-05-03,37.4,37.4,37.55,37.3,37.55,9022
2018-05-04,37.35,37.35,37.35,36.8,36.8,25170
2018-05-07,36.5,36.5,37.05,36.3,37.0,84042
2018-05-08,36.35,36.35,36.55,36.3,36.55,24072
2018-05-09,36.1,36.1,36.8,36.05,36.35,22042
2018-05-10,35.65,35.65,36.1,35.5,36.1,71022
2018-05-11,34.8,34.8,35.7,34.4,35.7,171002
2018-05-14,34.85,34.85,35.0,34.2,34.5,38300
2018-05-15,34.9,34.9,35.65,34.9,35.0,45025
2018-05-16,35.0,35.0,35.45,35.0,35.4,23122
2018-05-17,34.6,34.6,35.4,34.6,35.4,10022
2018-05-18,34.5,34.5,34.6,34.5,34.6,11022
2018-05-21,34.45,34.45,34.5,34.3,34.5,27022
2018-05-22,32.0,32.0,35.0,31.5,35.0,350300
2018-05-23,32.0,32.0,32.5,31.9,32.0,95190
2018-05-24,32.1,32.1,32.2,31.8,32.1,35000
2018-05-25,31.6,31.6,32.1,31.2,32.1,145004
2018-05-28,31.3,31.3,31.6,31.2,31.6,94000
2018-05-29,31.6,31.6,32.4,31.4,32.4,95000
2018-05-30,31.0,31.0,32.1,31.0,32.0,123291
2018-05-31,31.0,31.0,31.1,30.7,31.1,100000
2018-06-01,31.1,31.1,31.5,31.0,31.0,35132
2018-06-04,31.0,31.0,31.55,30.9,31.2,126000
2018-06-05,31.4,31.4,31.8,31.0,31.0,87474
2018-06-06,31.0,31.0,31.6,30.7,31.6,386640
2018-06-07,30.75,30.75,31.0,30.65,31.0,337150
2018-06-08,31.1,31.1,31.65,30.85,31.0,167000
2018-06-11,31.2,31.2,31.5,31.0,31.1,48000
2018-06-12,31.1,31.1,31.25,31.05,31.25,55000
2018-06-13,31.4,31.4,31.65,31.1,31.1,99097
2018-06-14,31.3,31.3,31.5,31.1,31.2,39502
2018-06-15,31.4,31.4,31.5,31.4,31.4,4000
2018-06-19,31.85,31.85,31.85,31.4,31.4,118025
2018-06-20,31.9,31.9,32.05,31.55,32.0,106210
2018-06-21,32.3,32.3,32.9,31.9,31.9,192525
2018-06-22,32.4,32.4,32.6,32.15,32.35,92165
2018-06-25,32.7,32.7,32.8,32.5,32.5,115050
2018-06-26,32.4,32.4,32.7,32.4,32.7,160100
2018-06-27,31.8,31.8,31.9,31.6,31.6,41800
2018-06-28,32.45,32.45,33.05,31.5,31.7,89000
2018-06-29,32.0,32.0,32.45,32.0,32.3,63022
2018-07-02,31.4,31.4,31.6,31.4,31.6,35000
2018-07-03,31.15,31.15,32.3,31.15,32.3,87471
2018-07-04,31.2,31.2,31.2,30.7,31.15,45000
2018-07-05,31.05,31.05,31.75,31.0,31.2,15000
2018-07-06,31.1,31.1,31.15,31.0,31.1,46000
2018-07-09,31.15,31.15,31.75,31.0,31.2,26100
2018-07-10,33.45,33.45,34.0,31.0,31.5,94565
2018-07-11,33.0,33.0,33.3,32.15,33.3,60000
2018-07-12,33.2,33.2,33.85,32.45,33.0,43000
2018-07-13,33.35,33.35,33.4,32.5,33.2,59000
2018-07-16,33.25,33.25,33.3,32.9,32.95,17437
2018-07-17,33.0,33.0,33.35,32.5,33.25,61000
2018-07-18,33.0,33.0,33.15,32.9,33.15,40100
2018-07-19,32.3,32.3,32.55,32.05,32.55,71022
2018-07-20,32.35,32.35,32.85,32.0,32.85,19000
2018-07-23,32.1,32.1,32.1,31.8,31.85,37000
2018-07-24,31.8,31.8,32.1,30.8,31.2,23000
2018-07-25,31.9,31.9,31.9,31.8,31.8,8000
2018-07-26,32.6,32.6,32.6,31.7,32.05,24000
2018-07-27,32.0,32.0,32.1,31.8,32.1,14050
2018-07-30,30.6,30.6,32.0,30.55,32.0,487331
2018-07-31,29.45,29.45,30.7,29.4,30.7,453412
2018-08-01,29.7,29.7,29.85,29.2,29.4,121281
2018-08-02,29.7,29.7,29.95,29.65,29.95,41100
2018-08-03,29.5,29.5,29.8,29.5,29.7,33011
2018-08-06,29.45,29.45,29.6,29.35,29.5,34000
2018-08-07,29.6,29.6,29.8,29.45,29.45,30000
2018-08-08,29.6,29.6,29.6,29.5,29.6,16000
2018-08-09,29.7,29.7,29.9,29.6,29.6,28000
2018-08-10,29.85,29.85,29.9,29.6,29.7,32104
2018-08-13,29.3,29.3,29.5,29.3,29.5,20001
2018-08-14,29.55,29.55,29.7,29.0,29.0,100022
2018-08-15,28.5,28.5,29.1,28.5,29.1,98000
2018-08-16,28.9,28.9,28.9,28.5,28.5,34000
2018-08-17,28.8,28.8,28.95,28.75,28.95,26000
2018-08-20,29.0,29.0,29.1,28.7,28.8,22983
2018-08-21,29.05,29.05,29.5,29.0,29.0,24161
2018-08-22,29.5,29.5,29.65,29.1,29.65,6000
2018-08-23,30.3,30.3,30.4,29.7,29.7,87000
2018-08-24,30.2,30.2,30.25,29.6,29.6,34000
2018-08-27,30.2,30.2,30.75,30.05,30.75,12000
2018-08-28,29.8,29.8,30.1,29.6,30.1,20000
2018-08-29,30.75,30.75,31.0,29.8,30.0,127100
2018-08-30,30.7,30.7,30.9,30.3,30.75,83000
2018-08-31,30.65,30.65,30.65,30.25,30.25,20000
2018-09-03,30.2,30.2,30.4,29.9,30.1,22650
2018-09-04,30.2,30.2,30.6,29.75,30.6,99000
2018-09-05,30.0,30.0,30.05,29.7,29.7,57000
2018-09-06,29.85,29.85,30.0,29.5,30.0,23000
2018-09-07,29.6,29.6,29.8,29.3,29.4,28000
2018-09-10,29.5,29.5,30.65,29.35,29.6,33106
2018-09-11,29.5,29.5,29.95,29.3,29.95,25000
2018-09-12,29.3,29.3,29.5,29.0,29.5,56000
2018-09-13,29.0,29.0,30.05,29.0,29.5,55000
2018-09-14,29.4,29.4,29.5,29.0,29.35,35000
2018-09-17,29.4,29.4,29.75,29.0,29.75,34050
2018-09-18,29.75,29.75,29.8,28.85,29.1,209000
2018-09-19,29.5,29.5,29.75,29.05,29.75,66039
2018-09-20,29.5,29.5,29.5,29.3,29.3,33500
2018-09-21,29.25,29.25,29.5,29.1,29.5,18500
2018-09-25,29.3,29.3,29.45,29.05,29.25,34000
2018-09-26,29.25,29.25,29.25,28.85,29.05,49100
2018-09-27,29.3,29.3,29.3,29.1,29.3,11102
2018-09-28,29.3,29.3,29.3,29.0,29.2,40000
2018-10-01,29.3,29.3,29.3,29.1,29.3,6130
2018-10-02,29.3,29.3,29.4,29.0,29.2,36004
2018-10-03,29.2,29.2,29.3,29.0,29.3,12141
2018-10-04,29.2,29.2,29.25,28.85,29.25,32000
2018-10-05,29.2,29.2,29.2,28.0,28.95,64000
2018-10-08,29.2,29.2,29.2,28.65,29.0,13000
2018-10-09,29.5,29.5,29.9,28.8,28.8,98000
2018-10-11,29.9,29.9,30.25,28.15,29.0,179100
2018-10-12,29.95,29.95,30.2,29.15,29.9,93065
2018-10-15,29.25,29.25,30.05,29.25,30.0,409065
2018-10-16,29.55,29.55,29.55,29.05,29.05,19000
2018-10-17,29.6,29.6,29.6,29.05,29.3,29001
2018-10-18,29.6,29.6,29.6,28.8,29.2,55000
2018-10-19,30.0,30.0,30.0,28.95,29.2,70999
2018-10-22,30.1,30.1,30.15,29.8,29.8,73000
2018-10-23,30.0,30.0,30.05,29.5,30.05,31100
2018-10-24,29.95,29.95,29.95,29.55,29.95,74500
2018-10-25,29.7,29.7,31.0,29.05,29.05,183000
2018-10-26,30.0,30.0,30.95,29.5,29.7,104000
2018-10-29,29.9,29.9,29.9,29.3,29.6,63000
2018-10-30,29.55,29.55,29.9,28.6,29.35,261000
2018-10-31,29.55,29.55,30.1,29.3,29.8,41025
2018-11-01,29.5,29.5,29.5,29.4,29.5,17000
2018-11-02,29.5,29.5,29.85,29.35,29.85,10000
2018-11-05,29.35,29.35,29.45,29.3,29.45,16010
2018-11-06,29.0,29.0,29.3,28.95,29.3,73000
2018-11-07,29.45,29.45,29.55,28.85,29.55,113000
2018-11-08,29.55,29.55,29.65,29.15,29.15,100022
2018-11-09,29.55,29.55,29.55,29.25,29.55,19500
2018-11-12,29.6,29.6,29.8,29.3,29.3,43000
2018-11-13,29.75,29.75,29.75,29.2,29.2,65000
2018-11-14,29.7,29.7,29.7,29.5,29.6,17030
2018-11-15,29.8,29.8,30.0,29.5,29.55,53000
2018-11-16,29.55,29.55,29.9,29.3,29.9,31030
2018-11-19,29.5,29.5,29.6,29.3,29.55,37000
2018-11-20,29.55,29.55,29.55,29.2,29.4,31000
2018-11-21,29.45,29.45,29.5,28.8,29.2,102000
2018-11-22,29.45,29.45,29.5,29.3,29.5,5000
2018-11-23,29.35,29.35,29.4,29.2,29.2,8000
2018-11-26,29.9,29.9,31.0,29.35,29.35,141000
2018-11-27,29.65,29.65,29.9,29.45,29.9,12000
2018-11-28,29.65,29.65,29.9,29.45,29.65,26478
2018-11-29,29.7,29.7,29.8,29.6,29.8,24000
2018-11-30,29.85,29.85,29.9,29.4,29.7,76400
2018-12-03,30.2,30.2,30.95,30.0,30.0,132605
2018-12-04,30.2,30.2,30.25,29.9,30.25,28000
2018-12-05,30.1,30.1,30.15,29.85,29.85,36000
2018-12-06,30.1,30.1,30.3,29.6,30.1,137000
2018-12-07,30.0,30.0,30.1,29.8,30.05,25000
2018-12-10,30.0,30.0,30.15,29.7,29.7,106000
2018-12-11,30.0,30.0,30.1,29.6,30.1,76120
2018-12-12,29.95,29.95,30.45,29.85,30.45,15000
2018-12-13,29.95,29.95,29.95,29.8,29.9,13000
2018-12-14,30.0,30.0,30.0,29.9,30.0,12100
2018-12-17,29.95,29.95,30.0,29.5,29.7,55001
2018-12-18,30.1,30.1,30.25,29.4,29.6,59000
2018-12-19,30.0,30.0,30.0,29.4,30.0,119000
2018-12-20,29.95,29.95,29.95,29.55,29.6,40000
2018-12-21,29.6,29.6,29.85,29.6,29.8,9100
2018-12-24,29.95,29.95,29.95,29.45,29.6,48000
2018-12-25,29.45,29.45,29.7,29.35,29.55,66100
2018-12-26,29.35,29.35,29.45,29.35,29.4,9000
2018-12-27,29.75,29.75,29.95,29.3,29.4,62000
2018-12-28,29.85,29.85,29.85,29.85,29.85,10900
2019-01-02,29.65,29.65,29.8,29.55,29.75,11000
2019-01-03,29.4,29.4,29.75,29.3,29.75,16000
2019-01-04,29.4,29.4,29.55,29.2,29.55,33000
2019-01-07,29.55,29.55,29.75,29.2,29.75,57000
2019-01-08,29.75,29.75,29.8,29.15,29.3,104100
2019-01-09,29.7,29.7,29.75,29.45,29.75,15000
2019-01-10,29.8,29.8,29.95,29.55,29.8,18000
2019-01-11,29.85,29.85,29.85,29.3,29.4,93000
2019-01-14,29.65,29.65,30.45,29.4,29.95,136000
2019-01-15,29.7,29.7,29.75,29.5,29.6,30000
2019-01-16,29.75,29.75,29.75,29.5,29.65,21000
2019-01-17,29.4,29.4,29.5,29.05,29.5,120000
2019-01-18,29.4,29.4,29.6,29.4,29.45,56000
2019-01-21,29.35,29.35,29.55,29.35,29.55,39200
2019-01-22,29.45,29.45,29.45,29.3,29.45,17300
2019-01-23,29.35,29.35,29.4,29.2,29.3,38000
2019-01-24,29.35,29.35,29.5,29.15,29.3,52000
2019-01-25,29.35,29.35,29.35,29.2,29.35,19000
2019-01-28,29.35,29.35,29.35,29.2,29.3,16022
2019-01-29,29.45,29.45,29.5,29.2,29.45,24000
2019-01-30,29.4,29.4,29.4,29.2,29.3,25000
2019-02-11,29.4,29.4,29.65,29.2,29.65,30000
2019-02-12,29.4,29.4,29.65,29.0,29.55,78200
2019-02-13,29.3,29.3,29.45,29.2,29.2,7050
2019-02-14,29.35,29.35,29.35,29.3,29.3,7100
2019-02-15,29.3,29.3,29.3,29.05,29.25,16010
2019-02-18,29.4,29.4,29.4,29.0,29.2,63000
2019-02-19,29.2,29.2,29.3,29.0,29.3,129400
2019-02-20,29.25,29.25,29.25,28.9,29.1,77000
2019-02-21,29.25,29.25,29.35,29.0,29.0,76000
2019-02-22,28.95,28.95,29.15,28.95,29.0,56400
2019-02-25,29.05,29.05,29.25,28.95,28.95,104000
2019-02-26,29.0,29.0,29.05,28.9,29.0,56000
2019-02-27,28.9,28.9,29.0,28.8,29.0,55455
2019-03-04,29.0,29.0,29.05,28.9,29.0,47008
2019-03-05,29.0,29.0,29.0,28.9,28.95,21000
2019-03-06,29.0,29.0,29.15,28.9,29.15,38500
2019-03-07,29.0,29.0,29.0,28.85,29.0,19000
2019-03-08,29.0,29.0,29.05,28.7,29.05,32401
2019-03-11,28.85,28.85,28.95,28.7,28.95,27009
2019-03-12,28.85,28.85,28.85,28.65,28.8,57999
2019-03-13,28.95,28.95,28.95,28.7,28.7,59265
2019-03-14,28.95,28.95,29.0,28.9,29.0,46001
2019-03-15,28.9,28.9,29.0,28.85,28.95,32000
2019-03-18,28.9,28.9,28.9,28.65,28.85,59000
2019-03-19,28.85,28.85,28.9,28.8,28.9,15000
2019-03-20,28.85,28.85,28.85,28.65,28.85,26100
2019-03-21,28.85,28.85,28.85,28.75,28.85,23004
2019-03-22,28.9,28.9,28.9,28.8,28.8,34700
2019-03-25,28.95,28.95,28.95,28.7,28.85,36000
2019-03-26,29.2,29.2,29.45,28.95,29.0,138000
2019-03-27,29.4,29.4,29.4,29.2,29.2,154200
2019-03-28,29.35,29.35,29.45,29.1,29.4,98128
2019-03-29,29.3,29.3,29.4,29.15,29.35,66346
2019-04-01,29.7,29.7,30.55,29.25,29.35,322200
2019-04-02,29.75,29.75,30.0,29.65,29.7,280600
2019-04-03,29.8,29.8,29.8,29.6,29.7,212000
2019-04-08,30.15,30.15,30.4,29.8,29.85,664200
2019-04-09,30.15,30.15,30.25,30.0,30.2,521000
2019-04-10,30.05,30.05,30.15,29.9,30.1,597000
2019-04-11,30.4,30.4,30.5,30.0,30.05,254160
2019-04-12,30.7,30.7,30.8,30.2,30.35,236975
2019-04-15,31.55,31.55,31.6,30.7,30.95,295532
2019-04-16,31.9,31.9,32.0,31.35,31.9,324178
2019-04-17,31.8,31.8,32.0,31.15,31.95,143625
2019-04-18,30.85,30.85,31.65,30.7,31.4,151422
2019-04-19,30.7,30.7,30.85,30.5,30.85,39000
2019-04-22,30.7,30.7,30.9,30.55,30.7,40300
2019-04-23,30.55,30.55,30.6,30.3,30.6,44006
2019-04-24,30.65,30.65,30.9,30.4,30.9,51000
2019-04-25,30.9,30.9,31.4,30.35,30.6,152000
2019-04-26,30.8,30.8,30.8,30.4,30.45,38020
2019-04-29,30.4,30.4,30.9,30.2,30.8,90000
2019-04-30,30.4,30.4,30.6,30.2,30.5,42124
2019-05-02,30.55,30.55,30.7,30.2,30.2,48354
2019-05-03,30.65,30.65,30.85,30.5,30.85,54160
2019-05-06,30.7,30.7,31.35,30.5,30.5,70000
2019-05-07,30.65,30.65,30.65,30.4,30.5,32100
2019-05-08,30.55,30.55,30.55,30.4,30.5,11000
2019-05-09,30.5,30.5,30.5,30.3,30.5,42000
2019-05-10,30.35,30.35,30.45,30.05,30.25,12100
2019-05-13,30.1,30.1,30.6,29.8,30.05,62192
2019-05-14,28.8,28.8,30.05,27.5,30.05,454176
2019-05-15,29.0,29.0,29.0,28.05,28.8,123196
2019-05-16,28.55,28.55,29.0,28.45,29.0,95000
2019-05-17,28.75,28.75,28.9,28.45,28.8,36000
2019-05-20,28.8,28.8,28.8,28.55,28.55,11100
2019-05-21,28.95,28.95,28.95,28.6,28.65,10130
2019-05-22,28.7,28.7,28.9,28.4,28.9,64039
2019-05-23,28.8,28.8,28.8,28.5,28.55,16022
2019-05-24,28.8,28.8,28.8,28.5,28.55,10000
2019-05-27,28.95,28.95,28.95,28.6,28.6,34100
2019-05-28,29.0,29.0,29.05,28.6,29.05,103000
2019-05-29,28.7,28.7,28.9,28.7,28.8,10000
2019-05-30,28.9,28.9,29.4,28.75,28.9,102205
2019-05-31,29.2,29.2,29.4,28.8,28.8,41000
2019-06-03,29.5,29.5,29.75,28.85,29.15,44165
2019-06-04,29.45,29.45,29.65,29.2,29.5,52050
2019-06-05,29.45,29.45,29.55,29.35,29.45,29000
2019-06-06,29.3,29.3,29.7,29.0,29.45,43050
2019-06-10,29.25,29.25,29.3,29.1,29.1,45053
2019-06-11,29.4,29.4,29.9,29.1,29.1,88000
2019-06-12,29.3,29.3,29.4,29.1,29.4,60030
2019-06-13,29.0,29.0,29.3,29.0,29.25,137459
2019-06-14,28.35,28.35,28.5,28.15,28.25,170000
2019-06-17,28.35,28.35,28.95,28.3,28.5,33000
2019-06-18,28.3,28.3,28.3,28.25,28.3,51000
2019-06-19,28.5,28.5,28.7,28.35,28.55,30034
2019-06-20,28.4,28.4,28.55,28.3,28.55,46022
2019-06-21,28.55,28.55,28.65,28.4,28.4,69000
2019-06-24,28.6,28.6,28.65,28.45,28.65,29070
2019-06-25,28.6,28.6,28.7,28.45,28.65,56000
2019-06-26,28.7,28.7,28.7,28.5,28.6,31035
2019-06-27,28.7,28.7,28.7,28.5,28.5,27035
2019-06-28,28.6,28.6,28.8,28.5,28.7,38000
2019-07-01,28.8,28.8,28.9,28.45,28.9,38000
2019-07-02,28.65,28.65,28.8,28.4,28.8,34000
2019-07-03,28.75,28.75,28.8,28.35,28.8,59070
2019-07-04,28.6,28.6,28.6,28.5,28.5,18000
2019-07-05,28.6,28.6,28.6,28.45,28.45,16000
2019-07-08,28.5,28.5,28.55,28.45,28.55,7000
2019-07-09,28.5,28.5,28.5,28.3,28.4,23000
2019-07-10,28.5,28.5,28.5,28.35,28.4,16000
2019-07-11,27.95,27.95,28.4,27.95,28.4,153800
2019-07-12,28.35,28.35,28.6,27.9,28.35,35197
2019-07-15,28.3,28.3,28.4,28.15,28.15,22000
2019-07-16,28.4,28.4,28.6,28.3,28.6,29000
2019-07-17,28.4,28.4,28.45,28.15,28.25,53039
2019-07-18,28.3,28.3,28.4,28.1,28.4,10350
2019-07-19,28.5,28.5,28.5,28.15,28.2,53011
2019-07-22,28.3,28.3,28.4,28.1,28.3,21500
2019-07-23,28.4,28.4,28.4,28.1,28.2,52053
2019-07-24,28.0,28.0,28.25,27.95,28.15,114000
2019-07-25,27.9,27.9,28.0,27.9,28.0,18234
2019-07-26,28.05,28.05,28.1,27.9,28.0,31202
2019-07-29,28.1,28.1,28.1,28.0,28.0,14138
2019-07-30,28.0,28.0,28.0,27.8,27.85,53000
2019-07-31,28.1,28.1,28.1,28.0,28.0,24000
2019-08-01,28.1,28.1,28.2,27.8,28.0,13000
2019-08-02,28.15,28.15,28.15,27.55,28.1,44000
2019-08-05,27.85,27.85,27.95,27.6,27.8,14300
2019-08-06,27.45,27.45,27.8,27.0,27.5,134055
2019-08-07,27.05,27.05,27.55,26.8,27.55,144763
2019-08-08,26.95,26.95,27.0,26.8,27.0,37100
2019-08-12,27.0,27.0,27.45,26.8,27.45,51000
2019-08-13,26.1,26.1,27.1,26.0,27.0,176261
2019-08-14,26.0,26.0,26.5,25.75,26.1,99131
2019-08-15,25.8,25.8,26.0,25.7,26.0,41650
2019-08-16,26.1,26.1,26.55,25.7,25.7,44047
2019-08-19,26.0,26.0,26.35,25.95,26.1,33072
2019-08-20,25.65,25.65,25.9,25.65,25.8,100000
2019-08-21,25.6,25.6,25.65,25.55,25.65,55010
2019-08-22,25.6,25.6,25.85,25.55,25.6,42022
2019-08-23,25.05,25.05,25.75,24.9,25.6,161100
2019-08-26,25.1,25.1,25.55,24.8,25.05,57800
2019-08-27,24.85,24.85,25.0,24.65,25.0,108269
2019-08-28,24.75,24.75,24.9,24.7,24.85,60503
2019-08-29,24.75,24.75,24.75,24.45,24.75,832000
2019-08-30,25.0,25.0,25.1,24.75,24.75,62000
2019-09-02,25.4,25.4,25.45,24.8,25.45,42023
2019-09-03,25.3,25.3,25.65,25.3,25.65,21517
2019-09-04,25.4,25.4,25.45,25.15,25.15,21100
2019-09-05,25.5,25.5,25.65,25.35,25.65,43672
2019-09-06,25.4,25.4,25.5,25.4,25.5,22000
2019-09-09,25.0,25.0,25.25,24.8,25.0,24800
2019-09-10,25.1,25.1,25.15,25.0,25.0,16000
2019-09-11,25.1,25.1,25.1,24.9,25.1,21000
2019-09-12,25.05,25.05,25.15,24.9,25.1,17000
2019-09-16,25.05,25.05,25.05,24.9,25.0,22000
2019-09-17,25.15,25.15,25.2,24.9,24.9,36800
2019-09-18,25.3,25.3,25.3,25.05,25.05,42025
2019-09-19,25.2,25.2,25.5,25.2,25.35,25000
2019-09-20,25.35,25.35,25.35,25.2,25.2,33042
2019-09-23,25.25,25.25,25.25,25.05,25.2,25803
2019-09-24,25.2,25.2,25.2,24.9,25.05,44000
2019-09-25,25.05,25.05,25.1,24.9,25.1,30000
2019-09-26,24.95,24.95,25.05,24.95,25.05,10000
2019-09-27,24.8,24.8,25.2,24.75,24.9,43127
2019-10-01,24.9,24.9,24.9,24.85,24.9,9000
2019-10-02,24.85,24.85,24.85,24.8,24.85,8000
2019-10-03,24.8,24.8,24.8,24.7,24.75,20000
2019-10-04,24.85,24.85,24.85,24.65,24.75,15012
2019-10-07,24.85,24.85,25.05,24.75,24.8,28050
2019-10-08,25.1,25.1,25.1,24.8,24.9,10000
2019-10-09,24.9,24.9,25.05,24.7,25.05,8000
2019-10-14,24.85,24.85,24.9,24.7,24.9,23151
2019-10-15,24.85,24.85,24.85,24.7,24.85,23030
2019-10-16,25.15,25.15,25.3,25.0,25.3,17000
2019-10-17,25.0,25.0,25.2,24.8,25.2,17300
2019-10-18,25.0,25.0,25.15,24.8,24.9,21000
2019-10-21,25.0,25.0,25.0,24.9,24.95,5100
2019-10-22,25.1,25.1,25.1,24.85,25.0,24000
2019-10-23,25.0,25.0,25.15,24.9,25.1,24150
2019-10-24,24.9,24.9,25.0,24.85,25.0,13121
2019-10-25,24.9,24.9,24.9,24.8,24.9,33024
2019-10-28,24.95,24.95,24.95,24.8,24.9,8065
2019-10-29,24.95,24.95,24.95,24.75,24.95,29000
2019-10-30,24.85,24.85,25.0,24.7,25.0,32000
2019-10-31,24.95,24.95,24.95,24.8,24.85,7000
2019-11-01,25.0,25.0,25.0,24.8,24.8,45000
2019-11-04,24.95,24.95,25.0,24.85,25.0,17000
2019-11-05,24.95,24.95,24.95,24.95,24.95,2000
2019-11-06,24.85,24.85,24.95,24.7,24.7,43030
2019-11-07,24.85,24.85,24.9,24.85,24.9,4000
2019-11-08,24.95,24.95,24.95,24.85,24.85,12040
2019-11-11,24.95,24.95,25.0,24.8,24.95,24000
2019-11-12,24.95,24.95,24.95,24.8,24.9,19000
2019-11-13,24.95,24.95,24.95,24.9,24.95,11000
2019-11-14,24.7,24.7,24.8,24.35,24.8,137288
2019-11-20,24.8,24.8,24.8,24.4,24.7,50340
2019-11-21,24.8,24.8,24.8,24.5,24.6,20000
2019-11-22,24.65,24.65,24.75,24.5,24.5,18800
2019-11-25,24.45,24.45,24.65,24.45,24.5,24250
2019-11-26,24.5,24.5,24.5,24.45,24.5,8244
2019-11-27,24.55,24.55,24.55,24.35,24.5,44000
2019-11-28,24.6,24.6,24.65,24.5,24.5,33276
2019-11-29,24.65,24.65,24.7,24.4,24.7,29000
2019-12-02,24.6,24.6,24.65,24.35,24.65,11000
2019-12-03,24.5,24.5,24.55,24.35,24.4,15000
2019-12-04,24.4,24.4,24.45,24.3,24.4,12000
2019-12-05,24.4,24.4,24.5,24.3,24.5,27022
2019-12-06,24.35,24.35,24.4,24.2,24.3,24000
2019-12-09,24.25,24.25,24.35,24.15,24.35,39030
2019-12-10,24.3,24.3,24.3,24.25,24.25,18147
2019-12-11,24.35,24.35,24.5,24.3,24.3,10022
2019-12-12,24.35,24.35,24.35,24.3,24.3,46050
2019-12-13,24.45,24.45,24.5,24.35,24.35,22000
2019-12-16,24.7,24.7,24.7,24.3,24.3,25145
2019-12-17,24.7,24.7,24.8,24.65,24.7,65130
2019-12-18,25.05,25.05,25.1,24.65,24.65,80039
2019-12-19,25.3,25.3,25.4,25.0,25.15,149120
2019-12-20,25.25,25.25,25.35,25.2,25.35,45045
2019-12-23,25.05,25.05,25.3,25.0,25.25,28000
2019-12-24,25.0,25.0,25.0,24.85,24.95,15085
2019-12-25,25.15,25.15,25.15,24.95,24.95,7000
2019-12-26,25.0,25.0,25.05,25.0,25.0,12707
2019-12-27,25.05,25.05,25.1,25.0,25.1,22050
2019-12-30,25.15,25.15,25.15,25.0,25.0,18082
2019-12-31,25.2,25.2,25.35,25.15,25.15,30050
2020-01-02,25.4,25.4,25.45,25.3,25.35,54100
2020-01-03,25.55,25.55,25.55,25.4,25.55,47038
2020-01-06,25.55,25.55,25.55,25.5,25.55,16000
2020-01-07,25.5,25.5,25.65,25.4,25.65,34000
2020-01-08,25.5,25.5,25.55,25.4,25.5,18100
2020-01-09,25.7,25.7,25.85,25.25,25.4,96000
2020-01-10,26.55,26.55,26.55,25.7,25.8,275500
2020-01-13,25.85,25.85,26.2,25.2,26.15,141332
2020-01-14,25.7,25.7,25.85,25.5,25.85,37000
2020-01-15,25.75,25.75,25.75,25.55,25.6,8000
2020-01-16,25.9,25.9,25.9,25.8,25.85,34581
2020-01-17,25.8,25.8,26.1,25.65,25.9,23000
2020-01-20,25.65,25.65,25.8,25.65,25.7,11619
2020-01-30,24.0,24.0,25.0,23.9,25.0,73800
2020-01-31,23.55,23.55,23.6,23.5,23.6,52800
2020-02-03,22.05,22.05,23.0,21.2,23.0,165479
2020-02-04,22.1,22.1,22.1,21.85,22.0,74224
2020-02-05,21.8,21.8,21.95,21.0,21.8,221143
2020-02-06,21.8,21.8,21.9,21.5,21.5,48200
2020-02-07,21.65,21.65,21.7,21.25,21.5,45322
2020-02-10,21.55,21.55,21.55,21.1,21.2,15400
2020-02-11,21.75,21.75,21.8,21.4,21.5,38040
2020-02-12,21.8,21.8,21.9,21.75,21.75,19001
2020-02-13,21.9,21.9,22.05,21.8,22.05,71000
2020-02-14,21.9,21.9,22.0,21.75,21.8,30000
2020-02-17,22.3,22.3,22.55,21.9,21.9,50260
2020-02-18,22.35,22.35,22.55,22.3,22.55,47000
2020-02-19,22.45,22.45,22.6,22.25,22.25,34249
2020-02-20,22.5,22.5,22.7,22.35,22.7,40258
2020-02-21,22.7,22.7,22.75,22.5,22.6,48000
2020-02-24,22.15,22.15,22.7,21.9,22.7,57000
2020-02-25,22.0,22.0,22.05,21.5,21.7,40083
2020-02-26,22.15,22.15,22.25,21.95,21.95,29100
2020-02-27,22.15,22.15,22.55,22.0,22.15,31100
2020-03-02,22.45,22.45,22.45,22.15,22.15,56045
2020-03-03,22.55,22.55,22.6,22.35,22.6,16000
2020-03-04,22.75,22.75,23.0,22.55,22.55,47000
2020-03-05,23.05,23.05,23.1,22.65,22.75,60000
2020-03-06,23.15,23.15,23.15,22.95,22.95,86000
2020-03-09,22.6,22.6,22.9,22.2,22.75,59700
2020-03-10,22.6,22.6,22.95,22.1,22.65,64010
2020-03-11,22.75,22.75,22.85,22.5,22.5,19000
2020-03-12,22.4,22.4,22.85,21.8,22.85,87133
2020-03-13,21.75,21.75,22.05,20.2,21.1,111068
2020-03-16,20.6,20.6,21.5,20.4,21.5,68474
2020-03-17,20.45,20.45,20.45,18.55,18.6,132309
2020-03-18,20.5,20.5,20.5,19.4,20.45,97099
2020-03-19,20.5,20.5,20.5,18.5,19.05,177275
2020-03-20,21.0,21.0,22.55,20.4,20.4,54000
2020-03-23,20.65,20.65,20.85,20.0,20.85,11279
2020-03-24,20.5,20.5,20.95,20.15,20.95,101000
2020-03-25,20.45,20.45,20.75,20.1,20.65,170000
2020-03-26,20.5,20.5,20.5,20.25,20.45,126000
2020-03-27,20.6,20.6,20.75,20.5,20.5,94000
2020-03-30,20.35,20.35,20.35,19.5,19.5,93000
2020-03-31,20.45,20.45,20.55,20.1,20.35,178000
2020-04-01,20.5,20.5,20.55,20.25,20.45,40400
2020-04-07,20.4,20.4,20.45,20.15,20.45,72000
2020-04-08,20.4,20.4,20.4,20.2,20.2,170188
2020-04-09,20.85,20.85,20.85,20.3,20.3,147200
2020-04-10,20.5,20.5,20.75,20.5,20.75,132199
2020-04-13,20.5,20.5,20.85,20.45,20.85,72000
2020-04-14,20.6,20.6,20.65,20.5,20.5,128000
2020-04-15,21.0,21.0,21.05,20.6,20.6,114052
2020-04-16,21.05,21.05,21.05,20.7,21.0,74000
2020-04-17,21.3,21.3,21.4,20.8,21.3,91000
2020-04-20,21.35,21.35,21.4,21.3,21.3,67199
2020-04-21,20.8,20.8,21.25,20.6,21.25,94000
2020-04-22,21.1,21.1,21.45,20.4,20.5,20000
2020-04-23,21.2,21.2,21.25,21.0,21.1,61000
2020-04-24,21.2,21.2,21.3,21.0,21.0,52000
2020-04-27,21.85,21.85,21.85,21.25,21.25,133000
2020-04-28,22.55,22.55,22.6,21.9,21.9,141202
2020-04-29,23.0,23.0,23.2,22.55,22.55,133008
2020-05-04,23.15,23.15,23.7,22.6,22.65,95075
2020-05-05,23.05,23.05,23.3,23.05,23.3,56127
2020-05-06,23.1,23.1,23.6,22.95,23.6,127000
2020-05-07,23.15,23.15,23.4,23.0,23.4,61000
2020-05-08,23.1,23.1,23.5,22.9,23.5,70200
2020-05-11,23.2,23.2,23.35,23.05,23.1,150000
2020-05-12,23.0,23.0,23.3,22.85,23.3,39000
2020-05-13,22.75,22.75,22.85,22.45,22.8,46000
2020-05-14,22.6,22.6,22.6,22.45,22.55,78300
2020-05-15,22.65,22.65,22.65,22.4,22.45,36100
2020-05-18,23.25,23.25,23.25,22.4,22.65,55100
2020-05-19,23.1,23.1,23.25,23.0,23.25,48043
2020-05-20,23.05,23.05,23.1,22.9,23.1,13000
2020-05-21,23.05,23.05,23.05,22.9,23.0,43199
2020-05-22,23.05,23.05,23.05,22.8,23.0,24000
2020-05-25,23.65,23.65,23.9,23.05,23.05,392099
2020-05-26,24.5,24.5,25.0,23.7,23.7,552283
2020-05-27,24.25,24.25,25.15,24.2,24.75,489044
2020-05-28,23.8,23.8,24.7,23.8,24.3,350496
2020-05-29,23.8,23.8,24.0,23.7,24.0,132026
2020-06-01,24.45,24.45,24.75,24.25,24.25,228400
2020-06-02,25.25,25.25,26.75,25.05,25.1,874495
2020-06-03,25.25,25.25,26.2,25.25,25.6,447143
2020-06-04,25.35,25.35,25.6,25.1,25.5,250100
2020-06-05,25.3,25.3,25.45,25.1,25.45,212195
2020-06-08,25.5,25.5,25.55,25.25,25.5,290000
2020-06-09,28.05,28.05,28.05,25.55,25.6,1812546
2020-06-10,27.95,27.95,28.4,27.0,28.3,2125121
2020-06-11,27.15,27.15,28.45,27.15,28.45,584060
2020-06-12,26.8,26.8,27.0,25.0,26.5,254357
2020-06-15,26.5,26.5,27.15,26.4,27.0,178000
2020-06-16,26.5,26.5,27.0,26.25,26.7,899001
2020-06-17,26.15,26.15,27.05,26.0,27.05,168000
2020-06-18,26.05,26.05,26.35,26.0,26.2,125000
2020-06-19,25.95,25.95,26.1,25.8,26.1,144000
2020-06-22,26.3,26.3,26.8,26.2,26.65,155006
2020-06-23,26.45,26.45,27.0,26.45,26.45,212337
2020-06-24,26.85,26.85,27.35,26.8,26.8,235000
2020-06-29,26.5,26.5,27.0,26.45,27.0,105000
2020-06-30,26.85,26.85,27.0,26.6,27.0,109000
2020-07-01,26.65,26.65,27.1,26.6,26.9,70497
2020-07-02,26.4,26.4,26.75,26.2,26.7,99000
2020-07-03,26.1,26.1,26.5,26.0,26.45,81050
2020-07-06,25.9,25.9,26.35,25.65,26.1,167000
2020-07-07,25.7,25.7,25.95,25.6,25.95,70300
2020-07-08,25.6,25.6,25.7,25.5,25.65,125000
2020-07-09,26.1,26.1,26.25,25.7,25.7,129140
2020-07-10,25.7,25.7,26.45,25.7,26.45,59000
2020-07-13,25.5,25.5,25.6,25.45,25.6,157032
2020-07-14,25.65,25.65,25.7,25.55,25.65,25001
2020-07-15,25.6,25.6,25.75,25.3,25.75,397400
2020-07-16,25.9,25.9,26.2,25.65,25.75,65000
2020-07-17,25.7,25.7,25.95,25.5,25.95,56000
2020-07-20,25.2,25.2,25.7,25.2,25.7,65000
2020-07-21,25.25,25.25,25.45,25.15,25.15,774047
2020-07-22,25.7,25.7,25.7,25.2,25.25,144000
2020-07-23,26.0,26.0,26.0,25.55,25.9,126010
2020-07-24,25.8,25.8,26.55,25.65,26.0,239508
2020-07-27,26.45,26.45,28.35,25.05,25.75,545008
2020-07-28,27.5,27.5,28.0,26.15,26.5,467305
2020-07-29,27.7,27.7,28.0,27.1,27.6,414797
2020-07-30,30.2,30.2,30.2,27.2,27.9,1199673
2020-07-31,31.0,31.0,31.7,29.45,29.65,853961
2020-08-03,30.15,30.15,31.4,30.15,30.5,441056
2020-08-04,29.65,29.65,29.95,29.4,29.9,763030
2020-08-05,28.35,28.35,30.1,28.25,29.65,234866
2020-08-06,27.75,27.75,28.65,27.65,28.65,116100
2020-08-07,27.4,27.4,27.6,27.2,27.55,143022
2020-08-10,26.75,26.75,27.55,26.75,27.5,219349
2020-08-11,26.7,26.7,27.4,26.05,26.05,187175
2020-08-12,27.0,27.0,27.35,26.7,26.7,137125
2020-08-13,27.05,27.05,27.45,26.8,27.45,59110
2020-08-14,27.15,27.15,27.45,27.0,27.1,36568
2020-08-17,27.15,27.15,27.45,27.0,27.2,49125
2020-08-18,26.9,26.9,27.15,26.6,27.15,67001
2020-08-19,26.6,26.6,26.95,26.6,26.7,50300
2020-08-20,25.6,25.6,26.95,23.95,26.5,555195
2020-08-21,25.7,25.7,26.2,25.5,25.55,67022
2020-08-24,25.85,25.85,26.1,25.1,26.1,110933
2020-08-25,25.65,25.65,25.95,25.5,25.95,56100
2020-08-26,25.5,25.5,25.9,25.5,25.75,17000
2020-08-27,25.55,25.55,25.55,24.9,25.35,80000
2020-08-28,25.3,25.3,25.3,24.55,25.1,96000
2020-08-31,25.5,25.5,25.5,25.2,25.5,64428
2020-09-01,24.85,24.85,25.5,24.55,25.5,82100
2020-09-02,24.25,24.25,25.0,24.2,24.85,162191
2020-09-03,24.3,24.3,24.5,24.2,24.5,38000
2020-09-04,24.25,24.25,24.4,23.8,24.4,114200
2020-09-07,24.4,24.4,24.85,24.25,24.5,93000
2020-09-08,24.3,24.3,24.75,24.05,24.4,45000
2020-09-09,24.35,24.35,24.4,24.1,24.4,26000
2020-09-10,24.7,24.7,24.95,24.45,24.5,31300
2020-09-11,24.7,24.7,24.75,24.45,24.75,19500
2020-09-14,24.05,24.05,24.7,24.0,24.3,158005
2020-09-15,24.8,24.8,25.1,23.5,24.3,204000
2020-09-16,24.6,24.6,24.85,24.4,24.85,24100
2020-09-17,24.0,24.0,24.75,23.9,24.75,86300
2020-09-18,24.0,24.0,24.0,23.8,24.0,56031
2020-09-21,23.8,23.8,23.9,23.5,23.6,143010
2020-09-22,23.55,23.55,23.8,23.3,23.8,45265
2020-09-23,23.6,23.6,24.0,22.65,23.5,134000
2020-09-24,23.1,23.1,23.6,22.95,23.6,58001
2020-09-25,22.5,22.5,23.35,22.5,23.0,81000
2020-09-28,23.35,23.35,23.5,22.2,22.65,83235
2020-09-29,23.5,23.5,23.55,23.0,23.3,42000
2020-09-30,23.5,23.5,23.75,23.45,23.5,10101
2020-10-05,23.55,23.55,23.85,23.35,23.5,26000
2020-10-06,24.95,24.95,25.0,23.45,23.5,157000
2020-10-07,25.25,25.25,25.25,24.2,24.95,112800
2020-10-08,27.15,27.15,27.5,24.35,25.25,302200
2020-10-12,26.1,26.1,27.4,25.5,26.6,305000
2020-10-13,25.0,25.0,26.55,24.5,26.2,147000
2020-10-14,24.4,24.4,25.5,24.35,25.5,208000
2020-10-15,24.1,24.1,24.55,24.0,24.35,60000
2020-10-16,24.15,24.15,24.9,24.1,24.1,78000
2020-10-19,24.15,24.15,24.75,24.0,24.45,95100
2020-10-20,24.0,24.0,24.3,23.7,24.0,62024
2020-10-21,24.3,24.3,24.4,24.0,24.3,48000
2020-10-22,24.5,24.5,24.8,23.7,24.0,135050
2020-10-23,25.25,25.25,25.5,24.0,24.8,190050
2020-10-26,25.7,25.7,25.75,25.0,25.75,136000
2020-10-27,24.95,24.95,25.7,24.95,25.5,369001
2020-10-28,26.4,26.4,26.4,24.0,24.95,439542
2020-10-29,24.65,24.65,25.9,24.2,25.8,652001
2020-10-30,23.9,23.9,25.0,23.9,24.8,155000
2020-11-02,23.65,23.65,24.5,23.6,24.05,110100
2020-11-03,23.8,23.8,24.4,23.6,24.15,73000
2020-11-04,24.0,24.0,24.1,23.55,23.6,137099
2020-11-05,24.1,24.1,24.35,24.05,24.35,20000
2020-11-06,24.15,24.15,24.45,24.05,24.45,37000
2020-11-09,24.3,24.3,24.4,23.9,24.4,109000
2020-11-10,24.95,24.95,26.3,24.85,24.9,443036
2020-11-11,24.95,24.95,25.5,24.85,24.95,90000
2020-11-12,24.5,24.5,24.85,24.5,24.85,36036
2020-11-13,24.9,24.9,24.9,24.5,24.5,32000
2020-11-16,25.25,25.25,25.3,24.85,24.85,67818
2020-11-17,25.15,25.15,25.75,25.15,25.3,126000
2020-11-18,25.4,25.4,25.4,25.0,25.2,61000
2020-11-19,25.4,25.4,25.6,25.2,25.6,59000
2020-11-20,25.4,25.4,25.5,25.4,25.4,47200
2020-11-23,25.45,25.45,25.6,25.25,25.4,194200
2020-11-24,25.2,25.2,25.45,25.05,25.45,36000
2020-11-25,25.45,25.45,25.5,25.25,25.3,67828
2020-11-26,25.55,25.55,25.95,25.15,25.15,75002
2020-11-27,25.3,25.3,25.6,25.1,25.55,66613
2020-11-30,25.4,25.4,25.75,25.25,25.35,44000
2020-12-01,25.5,25.5,25.55,25.35,25.55,20100
2020-12-02,25.4,25.4,25.4,25.2,25.3,23000
2020-12-04,25.05,25.05,25.2,24.85,25.15,53030
2020-12-07,24.85,24.85,25.0,24.7,25.0,35200
2020-12-08,24.95,24.95,25.0,24.85,24.95,61481
2020-12-09,25.45,25.45,25.45,24.85,25.05,93000
2020-12-10,25.5,25.5,25.6,25.0,25.4,74100
2020-12-11,25.3,25.3,25.6,24.5,25.6,155000
2020-12-14,25.05,25.05,25.5,25.0,25.3,103000
2020-12-15,24.85,24.85,25.6,24.85,25.0,50000
2020-12-16,24.85,24.85,25.1,24.5,24.85,106900
2020-12-17,24.65,24.65,24.85,24.55,24.65,53000
2020-12-18,24.95,24.95,25.0,24.4,24.65,60000
2020-12-21,24.7,24.7,24.95,24.6,24.95,22000
2020-12-22,24.4,24.4,24.55,24.4,24.5,40000
2020-12-23,24.4,24.4,24.45,24.4,24.4,39200
2020-12-24,24.5,24.5,24.55,24.25,24.4,50000
2020-12-25,24.2,24.2,24.5,24.2,24.5,47345
2020-12-28,24.5,24.5,24.7,24.0,24.2,87455
2020-12-29,24.4,24.4,24.6,24.1,24.6,41000
2020-12-30,24.35,24.35,24.7,24.3,24.3,38050
2020-12-31,24.15,24.15,24.7,24.0,24.7,74200
2021-01-04,24.25,24.25,24.65,24.2,24.2,41000
2021-01-05,24.25,24.25,24.4,24.2,24.25,19000
2021-01-06,23.9,23.9,24.3,23.9,24.3,33000
2021-01-07,23.8,23.8,24.0,23.8,23.8,27000
2021-01-08,23.6,23.6,23.8,23.6,23.7,41210
2021-01-11,23.6,23.6,24.25,23.6,23.6,56000
2021-01-12,23.3,23.3,23.7,23.2,23.7,73000
2021-01-13,23.2,23.2,23.35,23.2,23.3,67001
2021-01-14,23.35,23.35,23.85,23.2,23.2,95050
2021-01-15,23.4,23.4,23.55,23.1,23.2,33083
2021-01-18,23.0,23.0,23.4,23.0,23.4,77102
2021-01-19,22.85,22.85,23.0,22.8,23.0,25001
2021-01-20,22.25,22.25,23.1,22.25,22.8,70050
2021-01-21,22.25,22.25,22.65,22.0,22.45,81085
2021-01-22,22.45,22.45,22.7,22.3,22.5,18221
2021-01-25,22.3,22.3,22.3,22.0,22.3,24118
2021-01-26,22.6,22.6,22.7,22.2,22.3,83169
2021-01-27,23.6,23.6,24.1,22.8,22.9,93009
2021-01-28,23.2,23.2,23.6,23.1,23.6,17221
2021-01-29,22.65,22.65,23.9,22.65,23.15,59102
2021-02-01,22.5,22.5,23.35,22.5,22.95,31000
2021-02-02,22.4,22.4,22.8,22.3,22.8,29066
2021-02-03,22.9,22.9,22.9,22.35,22.35,27000
2021-02-04,22.4,22.4,22.9,22.4,22.8,59771
2021-02-05,22.55,22.55,22.7,22.4,22.5,62002
2021-02-17,22.45,22.45,22.85,22.15,22.55,52099
2021-02-18,22.75,22.75,22.75,22.4,22.55,46000
2021-02-19,22.9,22.9,23.0,22.6,23.0,44002
2021-02-22,23.9,23.9,24.1,23.0,23.0,246563
2021-02-23,25.4,25.4,25.8,24.0,24.0,581112
2021-02-24,25.2,25.2,25.55,24.8,25.55,246563
2021-02-25,25.2,25.2,25.5,25.05,25.2,80009
2021-02-26,25.05,25.05,25.25,24.8,25.1,54000
2021-03-02,24.7,24.7,25.1,24.7,25.05,98360
2021-03-03,24.9,24.9,24.95,24.5,24.65,57001
2021-03-04,24.85,24.85,25.0,24.6,24.8,43020
2021-03-05,24.75,24.75,24.85,24.65,24.85,26096
2021-03-08,24.85,24.85,25.0,24.75,25.0,55432
2021-03-09,25.2,25.2,25.4,24.85,25.0,180100
2021-03-10,25.45,25.45,26.0,25.25,25.4,240100
2021-03-11,26.2,26.2,26.25,25.5,25.65,371121
2021-03-12,26.1,26.1,26.55,26.0,26.45,126619
2021-03-15,26.65,26.65,26.8,26.1,26.1,265412
2021-03-16,26.85,26.85,27.0,26.6,27.0,144838
2021-03-17,26.35,26.35,26.85,26.1,26.75,135154
2021-03-18,26.0,26.0,26.35,25.8,26.35,82150
2021-03-19,26.1,26.1,26.4,25.7,25.7,77232
2021-03-22,26.85,26.85,27.4,26.0,26.3,192000
2021-03-23,25.95,25.95,26.85,25.9,26.85,151076
2021-03-24,26.1,26.1,26.2,25.8,25.95,53000
2021-03-25,26.15,26.15,26.85,25.7,25.8,149000
2021-03-26,26.05,26.05,26.75,26.0,26.6,90011
2021-03-29,26.0,26.0,26.4,25.95,26.0,55077
2021-03-30,26.1,26.1,26.75,26.0,26.75,175100
2021-03-31,26.2,26.2,26.35,26.0,26.1,30011
2021-04-01,26.4,26.4,26.4,26.0,26.2,114000
2021-04-06,26.3,26.3,26.6,26.0,26.6,85090
2021-04-07,26.1,26.1,26.65,25.95,26.4,71000
2021-04-08,26.7,26.7,27.0,25.8,26.1,152500
2021-04-09,26.1,26.1,26.65,26.05,26.65,102000
2021-04-12,26.4,26.4,27.0,25.9,26.1,194014
2021-04-13,26.7,26.7,26.75,26.35,26.35,160009
2021-04-14,26.6,26.6,26.9,26.35,26.5,90060
2021-04-15,26.7,26.7,26.9,26.7,26.8,23100
2021-04-16,26.2,26.2,26.8,26.2,26.6,97069
2021-04-19,26.9,26.9,27.95,25.95,26.2,765001
2021-04-20,26.75,26.75,27.2,26.3,26.85,212010
2021-04-21,26.85,26.85,26.85,26.3,26.45,65017
2021-04-22,25.9,25.9,26.95,25.9,26.9,194059
2021-04-23,25.8,25.8,26.3,25.8,25.9,83001
2021-04-26,25.75,25.75,26.2,25.7,25.85,87001
2021-04-27,25.85,25.85,25.85,25.7,25.8,44025
2021-04-28,26.0,26.0,26.3,25.85,25.85,48082
2021-04-29,26.1,26.1,26.4,25.5,26.0,71000
2021-05-03,25.9,25.9,26.05,25.2,25.9,114000
2021-05-04,25.45,25.45,25.7,25.2,25.6,69090
2021-05-05,25.3,25.3,25.6,25.0,25.0,79020
2021-05-06,25.6,25.6,25.6,25.2,25.35,36002
2021-05-07,25.7,25.7,25.75,24.8,25.3,162000
2021-05-10,25.4,25.4,25.65,25.05,25.35,77450
2021-05-11,24.6,24.6,25.4,24.5,25.4,182018
2021-05-12,25.0,25.0,25.35,22.75,24.35,279000
2021-05-13,23.8,23.8,25.5,23.8,24.75,206003
2021-05-14,24.55,24.55,24.8,23.6,24.0,89000
2021-05-17,22.15,22.15,23.0,22.1,22.15,168101
2021-05-18,22.55,22.55,23.7,22.0,22.15,175005
2021-05-19,22.55,22.55,23.0,22.55,23.0,52000
2021-05-20,22.4,22.4,23.9,22.4,22.55,64000
2021-05-21,22.85,22.85,23.1,22.6,22.85,36100
2021-05-24,22.8,22.8,22.85,20.9,22.85,102100
2021-05-25,23.1,23.1,23.45,22.05,22.45,75000
2021-05-26,23.1,23.1,23.1,22.55,22.55,35109
2021-05-27,23.2,23.2,23.65,22.75,23.3,88000
2021-05-28,23.25,23.25,23.45,23.0,23.45,58000
2021-05-31,22.9,22.9,23.5,22.75,23.4,127100
2021-06-01,23.85,23.85,24.6,22.9,23.2,326254
2021-06-02,24.1,24.1,24.95,23.8,24.4,276100
2021-06-03,24.2,24.2,25.0,24.15,24.15,169031
2021-06-04,24.15,24.15,24.85,24.15,24.85,81000
2021-06-07,23.95,23.95,24.5,23.8,24.5,78207
2021-06-08,23.75,23.75,23.75,23.6,23.7,43001
2021-06-09,23.45,23.45,24.1,23.45,24.05,49285
2021-06-10,23.95,23.95,23.95,23.6,23.6,16306
2021-06-11,24.0,24.0,24.0,23.6,23.65,43400
2021-06-15,24.0,24.0,24.1,23.9,23.95,66612
2021-06-16,24.0,24.0,24.0,23.8,24.0,20290
2021-06-17,24.0,24.0,24.45,23.65,23.65,85001
2021-06-18,23.95,23.95,23.95,23.8,23.85,52000
2021-06-21,24.3,24.3,24.4,23.9,23.95,183315
2021-06-22,24.35,24.35,24.8,24.3,24.8,156311
2021-06-23,24.5,24.5,24.75,24.15,24.75,39535
2021-06-24,24.5,24.5,24.5,24.15,24.5,27000
2021-06-25,24.4,24.4,24.45,24.3,24.45,23000
2021-06-28,24.3,24.3,24.4,24.05,24.4,38072
2021-06-29,24.4,24.4,24.4,23.75,24.2,57080
2021-06-30,24.5,24.5,24.5,24.0,24.0,39000
2021-07-01,24.8,24.8,24.8,24.25,24.5,162000
2021-07-02,24.6,24.6,25.15,24.6,24.85,116100
2021-07-05,24.8,24.8,25.1,24.7,24.8,73020
2021-07-06,25.1,25.1,25.15,24.8,24.85,146400
2021-07-07,26.75,26.75,27.0,25.0,25.1,923241
2021-07-08,25.35,25.35,26.95,24.5,26.95,1079431
2021-07-09,25.05,25.05,26.05,25.0,25.9,636200
2021-07-12,24.3,24.3,25.1,24.0,25.1,415107
2021-07-13,24.25,24.25,24.5,24.0,24.5,125743
2021-07-14,24.05,24.05,24.4,24.0,24.25,219082
2021-07-15,24.35,24.35,24.35,24.0,24.3,149000
2021-07-16,24.35,24.35,24.5,24.05,24.1,255200
2021-07-19,24.7,24.7,25.0,24.45,24.5,331250
2021-07-20,24.45,24.45,24.9,24.2,24.7,181486
2021-07-21,24.05,24.05,24.85,24.05,24.85,218023
2021-07-22,24.1,24.1,24.6,24.05,24.25,160472
2021-07-23,24.3,24.3,24.6,24.1,24.4,249210
2021-07-26,24.1,24.1,24.65,23.95,24.65,239060
2021-07-27,24.1,24.1,24.1,24.05,24.1,150765
2021-07-28,24.1,24.1,24.1,23.7,24.0,149900
2021-07-29,24.1,24.1,24.1,23.95,23.95,44100
2021-07-30,24.05,24.05,24.3,24.0,24.3,63018
2021-08-02,24.1,24.1,24.2,24.0,24.1,73602
2021-08-03,24.15,24.15,24.25,24.0,24.15,46001
2021-08-04,23.95,23.95,24.05,23.95,24.05,24030
2021-08-05,23.6,23.6,23.8,23.55,23.8,85526
2021-08-06,23.9,23.9,23.9,23.45,23.65,54000
2021-08-09,23.7,23.7,23.95,23.65,23.95,67600
2021-08-10,23.6,23.6,23.7,23.6,23.7,28021
2021-08-11,23.4,23.4,23.8,23.4,23.55,73014
2021-08-12,23.4,23.4,23.4,23.25,23.35,34020
2021-08-13,23.0,23.0,23.4,23.0,23.4,66322
2021-08-16,22.6,22.6,22.9,22.4,22.7,75658
2021-08-17,22.6,22.6,22.6,22.15,22.5,94277
2021-08-18,22.6,22.6,22.6,22.1,22.6,41051
2021-08-19,22.45,22.45,22.8,22.2,22.8,63209
2021-08-20,22.45,22.45,22.7,22.25,22.7,83000
2021-08-23,22.45,22.45,22.55,22.3,22.3,112350
2021-08-24,22.45,22.45,22.7,21.5,22.2,308553
2021-08-25,22.65,22.65,22.65,22.5,22.6,62010
2021-08-26,22.9,22.9,22.9,22.6,22.75,32066
2021-08-27,23.25,23.25,23.4,22.9,23.4,112406
2021-08-30,23.25,23.25,23.25,22.9,23.1,28383
2021-08-31,22.9,22.9,23.05,22.75,23.0,39151
2021-09-01,22.85,22.85,22.85,22.7,22.8,51101
2021-09-02,22.75,22.75,22.8,22.7,22.7,36280
2021-09-03,23.1,23.1,23.1,22.7,22.7,110000
2021-09-06,22.9,22.9,23.4,22.7,23.4,123125
2021-09-07,22.5,22.5,22.8,22.5,22.8,72039
2021-09-08,22.35,22.35,22.35,22.15,22.2,73594
2021-09-09,22.15,22.15,22.25,22.05,22.05,70390
2021-09-10,22.15,22.15,22.65,22.0,22.15,162006
2021-09-13,22.35,22.35,22.8,22.2,22.8,135010
2021-09-14,22.3,22.3,22.6,22.25,22.3,71100
2021-09-15,22.3,22.3,22.6,22.15,22.3,58025
2021-09-16,22.3,22.3,22.6,22.25,22.6,49164
2021-09-17,22.3,22.3,22.3,22.1,22.1,77140
2021-09-22,22.4,22.4,22.5,22.0,22.0,124013
2021-09-23,22.85,22.85,22.85,22.4,22.4,126003
2021-09-24,23.2,23.2,23.3,22.9,22.9,248148
2021-09-27,23.15,23.15,23.5,23.05,23.5,105800
2021-09-28,22.95,22.95,23.0,22.9,23.0,105550
2021-09-29,22.85,22.85,23.2,22.85,23.1,58000
2021-09-30,22.85,22.85,23.3,22.8,23.0,62000
2021-10-01,22.85,22.85,23.0,22.65,22.9,80060
2021-10-04,23.2,23.2,23.4,23.05,23.05,171201
2021-10-05,23.3,23.3,23.3,22.75,23.0,116355
2021-10-06,22.95,22.95,23.0,22.9,23.0,32000
2021-10-07,23.1,23.1,23.1,22.9,23.0,84311
2021-10-08,23.0,23.0,23.1,22.95,23.1,42588
2021-10-12,23.0,23.0,23.1,22.25,23.1,52383
2021-10-13,22.95,22.95,23.0,22.5,23.0,38080
2021-10-14,22.8,22.8,22.95,22.75,22.95,22000
2021-10-15,22.8,22.8,23.0,22.65,23.0,51974
2021-10-18,22.9,22.9,23.0,22.65,23.0,31001
2021-10-19,22.9,22.9,22.95,22.65,22.75,24000
2021-10-20,23.1,23.1,23.2,22.9,23.0,59000
2021-10-21,23.1,23.1,23.2,22.9,23.15,27000
2021-10-22,23.05,23.05,23.05,22.9,23.05,6000
2021-10-25,23.05,23.05,23.05,22.95,23.0,16095
2021-10-26,23.1,23.1,23.15,22.9,22.9,28000
2021-10-27,23.2,23.2,23.2,23.0,23.1,21966
2021-10-28,23.45,23.45,23.6,23.2,23.2,66216
2021-10-29,23.45,23.45,23.5,23.25,23.45,15044
2021-11-01,23.45,23.45,23.45,23.1,23.1,89060
2021-11-02,22.95,22.95,23.45,22.9,23.45,95070
2021-11-03,23.05,23.05,23.45,22.75,22.95,109003
2021-11-04,23.0,23.0,23.15,22.95,23.05,26200
2021-11-05,23.0,23.0,23.2,23.0,23.2,12197
2021-11-08,23.4,23.4,23.5,23.2,23.35,63000
2021-11-09,23.4,23.4,23.65,23.35,23.4,96255
2021-11-10,23.6,23.6,23.7,23.5,23.7,49520
2021-11-11,23.55,23.55,23.7,23.3,23.55,61950
2021-11-12,23.3,23.3,23.55,23.05,23.55,74329
2021-11-15,23.25,23.25,23.3,23.1,23.3,37168
2021-11-16,23.35,23.35,23.7,23.05,23.2,63064
2021-11-17,23.5,23.5,23.6,23.3,23.35,66000
2021-11-18,23.35,23.35,23.6,23.35,23.6,32000
2021-11-19,23.2,23.2,23.35,23.15,23.35,56334
2021-11-22,22.95,22.95,23.2,22.95,23.1,119201
2021-11-23,22.65,22.65,22.95,22.65,22.8,106951
2021-11-24,22.75,22.75,23.0,22.55,23.0,23000
2021-11-25,22.9,22.9,23.15,22.9,23.0,34200
2021-11-26,22.8,22.8,23.2,22.6,23.2,36034
2021-11-29,22.5,22.5,22.8,22.3,22.6,57052
2021-11-30,22.65,22.65,23.2,22.6,22.65,27000
2021-12-01,22.8,22.8,23.15,22.65,22.7,22121
2021-12-02,22.6,22.6,22.9,22.6,22.9,19132
2021-12-03,22.8,22.8,22.95,22.8,22.95,12248
2021-12-06,22.55,22.55,22.8,22.5,22.8,55600
2021-12-07,22.65,22.65,23.3,22.65,23.3,14191
2021-12-08,22.8,22.8,22.9,22.5,22.9,35020
2021-12-09,22.8,22.8,23.0,22.7,22.7,29245
2021-12-10,22.7,22.7,22.7,22.55,22.7,23173
2021-12-13,22.75,22.75,22.85,22.7,22.7,34190
2021-12-14,22.5,22.5,22.6,22.5,22.5,34300
2021-12-15,22.7,22.7,22.7,22.5,22.5,16000
2021-12-16,22.85,22.85,22.9,22.5,22.55,19155
2021-12-17,22.55,22.55,22.7,22.45,22.55,21024
2021-12-20,22.6,22.6,22.65,22.55,22.55,90156
2021-12-21,22.65,22.65,22.85,22.5,22.6,10000
2021-12-22,22.6,22.6,22.9,22.6,22.9,28591
2021-12-23,22.55,22.55,22.6,22.55,22.6,17800
2021-12-24,22.55,22.55,22.6,22.5,22.6,23011
2021-12-27,22.6,22.6,22.8,22.55,22.55,28346
2021-12-28,22.7,22.7,22.7,22.55,22.6,21001
2021-12-29,22.65,22.65,22.7,22.55,22.7,29042
2021-12-30,22.65,22.65,22.65,22.5,22.55,37834
2022-01-03,22.4,22.4,22.65,22.4,22.65,60489
2022-01-04,22.45,22.45,22.5,22.35,22.5,33021
2022-01-05,22.3,22.3,22.5,22.3,22.5,40000
2022-01-06,22.35,22.35,22.55,22.3,22.55,28100
2022-01-07,22.2,22.2,22.35,22.2,22.35,36174
2022-01-10,22.2,22.2,22.2,22.05,22.1,43039
2022-01-11,22.4,22.4,22.85,22.1,22.2,48000
2022-01-12,22.2,22.2,22.4,22.0,22.4,71105
2022-01-13,22.0,22.0,22.1,22.0,22.1,54023
2022-01-14,22.0,22.0,22.15,21.8,22.0,63115
2022-01-17,22.0,22.0,22.0,21.85,22.0,33850
2022-01-18,22.0,22.0,22.0,21.8,22.0,46481
2022-01-19,22.0,22.0,22.0,21.7,21.7,20287
2022-01-20,22.0,22.0,22.25,21.75,21.8,15050
2022-01-21,22.0,22.0,22.2,21.7,22.15,37167
2022-01-24,22.0,22.0,22.0,21.7,21.9,20000
2022-01-25,22.1,22.1,22.1,21.5,22.0,53187
2022-01-26,22.1,22.1,22.15,21.85,21.85,16051
2022-02-07,22.6,22.6,22.75,21.75,22.1,43270
2022-02-08,22.7,22.7,22.8,22.3,22.55,28000
2022-02-09,22.6,22.6,22.9,22.5,22.7,28002
2022-02-10,23.5,23.5,23.7,22.55,22.6,54563
2022-02-11,23.2,23.2,23.55,23.15,23.55,55400
2022-02-14,22.75,22.75,23.15,22.65,23.15,54030
2022-02-15,23.2,23.2,23.4,22.55,22.7,112702
2022-02-16,23.0,23.0,23.2,22.95,23.0,55599
2022-02-17,23.85,23.85,24.2,23.0,23.0,357210
2022-02-18,24.15,24.15,24.4,23.85,23.9,243367
2022-02-21,23.9,23.9,24.35,23.8,24.15,140284
2022-02-22,23.35,23.35,24.0,23.3,24.0,132280
2022-02-23,23.4,23.4,23.6,23.2,23.3,37033
2022-02-24,24.0,24.0,24.95,23.4,23.75,300997
2022-02-25,24.05,24.05,24.7,23.9,24.0,142122
2022-03-01,24.05,24.05,24.35,24.0,24.15,62000
2022-03-02,23.7,23.7,24.2,23.6,24.15,49000
2022-03-03,23.75,23.75,24.05,23.75,23.75,32051
2022-03-04,23.5,23.5,24.0,23.5,23.8,34001
2022-03-07,22.75,22.75,23.5,22.6,23.5,91443
2022-03-08,22.6,22.6,22.9,22.5,22.65,48100
2022-03-09,22.95,22.95,22.95,22.5,22.5,18212
2022-03-10,23.0,23.0,23.6,23.0,23.0,43567
2022-03-11,22.7,22.7,23.0,22.7,23.0,10100
2022-03-14,22.7,22.7,23.2,22.65,22.65,62800
2022-03-15,22.6,22.6,23.05,22.35,23.05,36078
2022-03-16,22.85,22.85,23.15,22.45,23.15,29050
2022-03-17,23.25,23.25,23.3,22.85,23.05,60040
2022-03-18,22.95,22.95,23.35,22.95,23.0,19409
2022-03-21,22.85,22.85,23.0,22.75,23.0,12110
2022-03-22,22.9,22.9,22.9,22.85,22.85,8000
2022-03-23,23.05,23.05,23.2,22.75,22.9,33001
2022-03-24,22.85,22.85,23.05,22.85,23.05,8011
2022-03-25,22.85,22.85,23.15,22.8,23.15,32216
2022-03-28,21.5,21.5,22.85,21.5,21.85,135081
2022-03-29,22.15,22.15,22.3,21.9,22.3,71182
2022-03-30,22.25,22.25,22.3,21.85,22.15,74078
2022-03-31,22.25,22.25,22.25,21.9,22.0,35013
2022-04-01,22.0,22.0,22.1,21.9,22.0,24001
2022-04-06,22.1,22.1,22.1,22.0,22.1,32560
2022-04-07,22.05,22.05,22.25,21.75,22.1,48014
2022-04-08,22.05,22.05,22.2,22.05,22.2,16000
2022-04-11,22.05,22.05,22.05,21.7,22.05,32132
2022-04-12,22.1,22.1,22.1,21.9,22.1,6001
2022-04-13,22.5,22.5,22.6,22.25,22.55,45082
2022-04-14,22.55,22.55,22.75,22.0,22.5,38000
2022-04-15,22.4,22.4,22.45,22.0,22.0,44000
2022-04-18,22.1,22.1,22.1,21.0,21.0,62000
2022-04-19,22.25,22.25,22.25,21.9,22.0,23000
2022-04-20,22.3,22.3,22.6,21.85,22.6,16011
2022-04-21,22.1,22.1,22.2,21.9,22.0,29001
2022-04-22,22.0,22.0,22.5,21.95,22.1,31000
2022-04-25,22.0,22.0,22.0,21.45,21.95,27200
2022-04-26,22.0,22.0,22.2,21.65,22.2,34151
2022-04-27,22.0,22.0,22.0,21.55,21.6,46000
2022-04-28,21.95,21.95,21.95,21.8,21.9,29020
2022-04-29,22.15,22.15,22.15,21.7,21.8,44002
2022-05-03,22.2,22.2,22.2,21.7,22.0,41000
2022-05-04,22.0,22.0,22.35,22.0,22.2,17000
2022-05-05,22.0,22.0,22.35,21.95,22.35,37870
2022-05-06,22.55,22.55,22.55,21.7,21.7,73076
2022-05-09,22.15,22.15,22.2,21.9,22.1,38005
2022-05-10,22.0,22.0,22.15,21.9,22.15,29066
2022-05-11,22.0,22.0,22.0,21.7,21.9,39053
2022-05-12,21.85,21.85,22.0,21.85,22.0,67233
2022-05-13,22.0,22.0,22.0,21.8,21.8,41017
2022-05-16,21.95,21.95,22.0,21.85,22.0,19000
2022-05-17,22.0,22.0,22.3,21.75,22.3,38335
2022-05-18,22.3,22.3,22.3,21.9,22.0,23000
2022-05-19,22.0,22.0,22.75,21.95,22.2,31130
2022-05-20,21.95,21.95,22.0,21.9,22.0,22100
2022-05-23,21.95,21.95,22.05,21.95,21.95,7000
2022-05-24,21.95,21.95,22.0,21.95,22.0,10000
2022-05-25,22.25,22.25,22.55,21.95,21.95,65050
2022-05-26,22.25,22.25,22.6,22.25,22.6,6000
2022-05-27,22.3,22.3,22.65,22.3,22.55,24020
2022-05-30,22.95,22.95,22.95,22.35,22.35,59616
2022-05-31,22.6,22.6,22.8,22.45,22.6,43613
2022-06-01,22.5,22.5,22.6,22.5,22.6,44100
2022-06-02,23.05,23.05,23.15,22.65,22.65,154027
2022-06-06,24.25,24.25,24.25,23.05,23.05,419004
2022-06-07,23.5,23.5,24.0,23.3,24.0,214445
2022-06-08,23.15,23.15,23.6,23.0,23.4,101500
2022-06-09,23.1,23.1,23.4,22.9,22.9,66761
2022-06-10,23.3,23.3,23.3,23.0,23.0,39012
2022-06-13,23.15,23.15,23.55,22.8,22.8,72691
2022-06-14,22.85,22.85,23.2,22.7,23.2,35000
2022-06-15,23.3,23.3,23.3,22.8,23.1,44357
2022-06-16,22.9,22.9,23.45,22.9,23.45,37116
2022-06-17,23.0,23.0,23.05,22.8,22.8,41000
2022-06-20,22.75,22.75,22.8,22.6,22.8,26103
2022-06-21,22.8,22.8,23.0,22.7,22.75,40388
2022-06-22,22.65,22.65,23.05,22.65,23.05,29160
2022-06-23,22.65,22.65,22.95,22.6,22.65,30000
2022-06-24,22.7,22.7,23.1,22.65,23.1,22000
2022-06-27,22.85,22.85,22.9,22.6,22.7,79000
2022-06-28,22.75,22.75,22.85,22.75,22.85,9000
2022-06-29,23.05,23.05,23.25,22.6,22.7,43101
2022-06-30,22.95,22.95,23.2,22.75,23.2,34020
2022-07-01,22.2,22.2,22.95,22.2,22.75,72011
2022-07-04,22.45,22.45,22.6,22.05,22.2,19093
2022-07-05,22.5,22.5,22.9,22.4,22.9,19255
2022-07-06,22.4,22.4,22.4,21.9,22.3,61000
2022-07-07,22.25,22.25,22.5,22.1,22.1,14020
2022-07-08,22.4,22.4,22.4,22.0,22.25,49589
2022-07-11,22.05,22.05,22.2,21.9,22.0,17000
2022-07-12,22.3,22.3,22.3,21.8,22.0,70150
2022-07-13,22.15,22.15,22.35,22.15,22.35,18190
2022-07-14,22.15,22.15,22.35,22.15,22.35,29000
2022-07-15,22.1,22.1,22.25,21.75,22.15,19000
2022-07-18,22.7,22.7,22.8,22.05,22.05,139001
2022-07-19,22.75,22.75,23.0,22.65,22.7,60351
2022-07-20,22.8,22.8,23.0,22.6,23.0,88047
2022-07-21,22.75,22.75,22.9,22.35,22.9,41103
2022-07-22,22.4,22.4,22.65,22.4,22.45,23000
2022-07-25,22.4,22.4,22.8,22.4,22.8,6002
2022-07-26,22.45,22.45,22.85,22.4,22.85,13030
2022-07-27,22.4,22.4,22.55,22.4,22.4,5000
2022-07-28,22.5,22.5,22.5,22.15,22.25,17010
2022-07-29,22.2,22.2,22.4,22.1,22.3,19077
2022-08-01,22.15,22.15,22.2,22.1,22.2,35083
2022-08-02,22.2,22.2,22.25,22.05,22.15,26005
2022-08-03,22.1,22.1,22.25,22.1,22.15,13341
2022-08-04,22.1,22.1,22.1,21.8,22.1,20152
2022-08-05,22.05,22.05,22.2,21.9,22.2,16166
2022-08-08,22.0,22.0,22.0,21.15,22.0,44000
2022-08-09,22.0,22.0,22.0,21.7,22.0,47203
2022-08-10,22.0,22.0,22.0,21.65,21.75,36001
2022-08-22,26.8,26.8,26.9,24.2,26.9,58331
2022-08-23,26.1,26.1,26.5,25.7,26.45,32515
2022-08-24,26.2,26.2,26.2,25.7,26.0,36949
2022-08-25,26.2,26.2,26.3,25.9,26.3,14342
2022-08-26,26.45,26.45,26.75,26.0,26.75,30844
2022-08-29,26.0,26.0,26.3,25.9,26.3,26100
2022-08-30,26.2,26.2,26.35,25.9,26.0,29495
2022-08-31,26.35,26.35,26.55,26.1,26.55,12854
2022-09-01,26.2,26.2,26.4,26.0,26.2,13211
2022-09-02,26.0,26.0,26.1,25.95,26.05,11879
2022-09-05,26.15,26.15,26.25,25.75,25.75,4640
2022-09-06,26.65,26.65,26.65,25.7,26.5,51959
2022-09-07,26.1,26.1,26.2,25.95,25.95,16310
2022-09-08,26.65,26.65,26.65,26.1,26.1,13834
2022-09-12,26.55,26.55,26.7,26.45,26.7,14120
2022-09-13,26.9,26.9,27.0,26.55,26.95,28254
2022-09-14,26.85,26.85,26.85,26.55,26.85,9026
2022-09-15,26.8,26.8,26.95,26.45,26.45,23504
2022-09-16,26.8,26.8,27.15,26.5,26.5,23075
2022-09-19,27.1,27.1,27.95,27.0,27.95,48289
2022-09-20,27.55,27.55,27.7,27.35,27.5,62915
2022-09-21,27.55,27.55,27.55,27.2,27.55,20242
2022-09-22,30.3,30.3,30.3,27.7,27.7,564426
2022-09-23,29.4,29.4,30.3,29.0,30.3,417835
2022-09-26,28.15,28.15,29.8,27.85,29.4,148907
2022-09-27,28.6,28.6,28.75,28.3,28.5,79588
2022-09-28,28.85,28.85,30.5,27.8,30.5,110522
2022-09-29,28.9,28.9,29.45,28.65,29.25,70358
2022-09-30,29.7,29.7,30.05,28.5,28.8,147636
2022-10-03,29.05,29.05,29.7,28.6,29.7,90841
2022-10-04,29.15,29.15,29.2,28.6,29.05,58544
2022-10-05,28.5,28.5,29.2,28.5,29.2,55674
2022-10-06,28.7,28.7,28.75,28.15,28.55,37487
2022-10-07,28.7,28.7,29.35,28.5,28.85,105982
2022-10-11,28.4,28.4,29.4,28.4,28.7,39992
2022-10-12,28.2,28.2,28.6,28.2,28.4,43525
2022-10-13,27.3,27.3,28.25,26.0,28.2,115340
2022-10-14,27.3,27.3,27.6,27.1,27.1,23183
2022-10-17,27.15,27.15,27.15,26.6,26.6,9524
2022-10-18,26.85,26.85,27.15,26.85,27.15,28993
2022-10-19,26.85,26.85,27.45,26.8,26.8,18009
2022-10-20,26.9,26.9,27.2,26.9,27.2,12001
2022-10-21,26.95,26.95,27.45,26.6,27.45,12360
2022-10-24,27.2,27.2,27.4,26.75,27.0,44223
2022-10-25,26.8,26.8,27.35,26.55,27.35,38506
2022-10-26,26.8,26.8,27.15,26.8,27.15,8315
2022-10-27,27.0,27.0,27.0,26.4,26.4,32195
2022-10-28,27.0,27.0,27.15,26.5,27.15,8146
2022-10-31,27.0,27.0,27.0,27.0,27.0,1136
2022-11-01,26.95,26.95,27.15,26.8,27.15,15056
2022-11-02,26.95,26.95,27.55,26.7,27.55,25206
2022-11-03,26.8,26.8,26.9,26.5,26.9,20004
2022-11-04,26.8,26.8,26.9,26.55,26.9,19193
2022-11-07,26.95,26.95,27.0,26.75,26.9,21344
2022-11-08,26.9,26.9,27.05,26.9,26.95,20772
2022-11-09,26.9,26.9,27.0,26.6,27.0,21089
2022-11-10,26.65,26.65,26.95,26.65,26.95,14232
2022-11-11,27.0,27.0,27.1,26.8,27.1,11853
2022-11-14,27.05,27.05,27.05,26.8,27.0,18613
2022-11-15,27.1,27.1,27.2,26.95,27.05,21428
2022-11-16,26.9,26.9,27.3,26.9,27.3,29221
2022-11-17,27.0,27.0,27.35,26.9,26.9,39165
2022-11-18,26.95,26.95,27.35,26.95,27.3,33536
2022-11-21,27.05,27.05,27.05,26.6,26.9,36011
2022-11-22,26.85,26.85,27.1,26.8,27.0,16909
2022-11-23,26.9,26.9,26.9,26.7,26.8,11752
2022-11-24,26.75,26.75,26.9,26.75,26.85,32019
2022-11-25,27.15,27.15,27.35,26.75,26.85,122206
2022-11-28,27.95,27.95,28.35,27.1,27.25,170746
2022-11-29,28.85,28.85,29.4,28.1,28.35,126605
2022-11-30,30.4,30.4,30.7,28.8,28.8,506506
2022-12-01,30.1,30.1,31.4,29.6,31.4,576598
2022-12-02,29.5,29.5,30.15,28.9,30.1,194758
2022-12-05,29.25,29.25,29.8,29.0,29.65,144326
2022-12-06,29.0,29.0,29.2,28.65,29.05,49320
2022-12-07,28.95,28.95,29.0,28.5,29.0,37134
2022-12-08,29.5,29.5,29.85,28.7,28.85,96120
2022-12-09,29.4,29.4,29.95,29.2,29.5,58113
2022-12-12,29.05,29.05,29.15,29.0,29.15,27431
2022-12-13,29.65,29.65,29.7,29.05,29.05,61784
2022-12-14,29.65,29.65,30.1,29.65,29.7,90073
2022-12-15,29.7,29.7,30.85,29.3,29.65,181476
2022-12-16,29.3,29.3,29.7,29.15,29.4,85268
2022-12-19,29.6,29.6,29.95,29.5,29.7,62219
2022-12-20,28.8,28.8,29.85,28.65,29.8,108900
2022-12-21,29.35,29.35,29.45,28.95,28.95,70596
2022-12-22,29.95,29.95,31.0,29.45,29.45,131253
2022-12-23,29.75,29.75,29.8,29.5,29.6,77784
2022-12-26,30.1,30.1,30.35,29.7,30.3,74869
2022-12-27,30.0,30.0,30.8,29.95,30.1,90807
2022-12-28,32.0,32.0,32.3,30.05,30.05,466319
2022-12-29,30.4,30.4,31.95,30.05,31.95,190366
2022-12-30,30.0,30.0,30.35,30.0,30.35,76684
2023-01-03,29.85,29.85,30.0,29.75,30.0,54089
2023-01-04,30.3,30.3,30.4,30.0,30.1,84888
2023-01-05,30.45,30.45,31.5,30.3,30.3,64908
2023-01-06,30.2,30.2,30.6,30.2,30.6,37009
2023-01-09,30.2,30.2,30.5,30.1,30.1,34285
2023-01-10,30.3,30.3,30.5,30.2,30.2,39068
2023-01-11,30.7,30.7,31.2,30.55,30.95,132850
2023-01-12,30.85,30.85,31.05,30.75,31.0,88716
2023-01-13,30.8,30.8,30.85,30.65,30.65,79902
2023-01-16,30.5,30.5,31.2,30.5,31.2,50133
2023-01-17,30.55,30.55,30.9,30.55,30.85,41594
2023-01-30,30.05,30.05,31.0,30.0,30.3,133081
2023-01-31,30.0,30.0,30.5,30.0,30.05,75514
2023-02-01,30.5,30.5,30.9,30.0,30.05,78877
2023-02-02,30.35,30.35,30.5,30.3,30.5,47596
2023-02-03,30.4,30.4,30.75,30.35,30.5,54814
2023-02-06,31.2,31.2,31.8,30.35,30.35,237478
2023-02-07,31.25,31.25,31.4,31.1,31.2,57668
2023-02-08,31.25,31.25,31.6,31.1,31.25,40381
2023-02-09,31.5,31.5,31.55,31.3,31.45,78773
2023-02-10,31.3,31.3,31.45,31.25,31.35,93628
2023-02-13,30.6,30.6,31.1,30.5,31.1,115012
2023-02-14,31.0,31.0,31.45,30.6,31.0,198744
2023-02-15,34.1,34.1,34.1,31.5,31.5,1362292
2023-02-16,34.25,34.25,34.7,33.5,34.1,1039695
2023-02-17,37.65,37.65,37.65,33.5,34.2,1224729
2023-02-20,41.4,41.4,41.4,38.5,38.85,2159395
2023-02-21,40.6,40.6,40.8,39.05,40.6,1054285
2023-02-22,44.65,44.65,44.65,44.65,44.65,1081491
2023-02-23,49.1,49.1,49.1,49.1,49.1,513539
2023-02-24,54.0,54.0,54.0,52.0,53.9,5274421
2023-03-01,54.5,54.5,56.0,52.5,55.8,2386895
2023-03-02,59.9,59.9,59.9,55.8,55.8,1878878
2023-03-03,62.5,62.5,65.0,60.9,65.0,1430578
2023-03-06,62.5,62.5,62.5,58.5,58.5,839498
2023-03-07,64.5,64.5,64.9,63.6,64.0,1067369
2023-03-08,64.5,64.5,64.5,62.5,63.5,379735
2023-03-09,64.6,64.6,64.6,64.0,64.0,525791
2023-03-10,59.0,59.0,63.5,58.2,63.5,1588215
2023-03-13,54.5,54.5,57.2,53.1,57.2,1156171
2023-03-14,56.6,56.6,57.1,54.5,54.5,686799
2023-03-15,57.1,57.1,59.2,56.1,58.0,439632
2023-03-16,51.4,51.4,57.0,51.4,55.9,450147
2023-03-17,53.9,53.9,53.9,50.1,50.1,492320
2023-03-20,59.2,59.2,59.2,55.6,55.8,1079205
2023-03-21,61.4,61.4,63.8,58.2,59.2,2121619
2023-03-22,61.4,61.4,62.0,59.9,62.0,976527
2023-03-23,59.8,59.8,61.4,59.4,61.4,553921
2023-03-24,60.0,60.0,60.2,57.0,60.0,800345
2023-03-27,57.9,57.9,59.0,57.9,59.0,564330
2023-03-28,56.2,56.2,58.8,55.0,57.9,612515
2023-03-29,58.2,58.2,59.5,56.5,57.3,795270
2023-03-30,57.0,57.0,58.9,56.5,58.9,562065
2023-03-31,57.7,57.7,58.3,56.5,57.9,386383
2023-04-06,55.9,55.9,56.9,55.5,56.7,456798
2023-04-07,56.2,56.2,56.8,54.6,56.8,292471
2023-04-10,56.7,56.7,56.9,55.1,56.2,223024
2023-04-11,56.0,56.0,57.2,55.7,57.2,186779
2023-04-12,55.6,55.6,56.5,55.1,56.5,233429
2023-04-13,59.5,59.5,59.5,55.7,55.9,1432652
2023-04-14,65.4,65.4,65.4,60.6,60.7,2457324
2023-04-17,68.7,68.7,71.0,63.0,67.3,3084385
2023-04-18,67.7,67.7,68.8,65.0,68.8,1552951
2023-04-19,74.3,74.3,74.4,67.7,68.9,2913150
2023-04-20,68.3,68.3,72.0,66.9,71.0,2341570
2023-04-21,65.1,65.1,66.9,61.5,61.5,2070367
2023-04-24,63.5,63.5,64.9,62.1,63.8,650695
2023-04-25,60.0,60.0,64.3,59.0,63.8,676059
2023-04-26,60.0,60.0,60.4,57.6,58.5,422783
2023-04-27,59.9,59.9,60.9,58.3,60.9,168826
2023-04-28,63.7,63.7,64.5,60.8,60.9,615178
2023-05-02,63.3,63.3,64.3,60.8,63.0,494028
2023-05-03,63.4,63.4,64.0,61.2,61.2,246884
2023-05-04,65.5,65.5,65.8,62.1,64.0,574205
2023-05-05,65.5,65.5,66.7,64.7,65.1,543777
2023-05-08,63.5,63.5,65.9,63.3,65.5,465177
2023-05-09,61.8,61.8,63.6,60.7,63.3,311272
2023-05-10,62.1,62.1,63.4,61.5,61.8,213520
2023-05-11,59.9,59.9,61.7,59.0,61.7,589167
2023-05-12,59.8,59.8,60.9,58.2,60.0,403603
2023-05-15,60.1,60.1,63.8,59.8,63.8,444408
2023-05-16,60.7,60.7,62.1,60.2,60.4,304104
2023-05-17,62.3,62.3,63.5,61.8,62.0,550747
2023-05-18,60.5,60.5,62.5,59.8,62.3,651816
2023-05-19,66.0,66.0,66.5,59.7,60.5,2599204
2023-05-22,72.6,72.6,72.6,64.0,65.0,4630994
2023-05-23,76.5,76.5,78.6,70.2,72.6,5106319
2023-05-24,81.7,81.7,82.9,76.6,78.9,5128073
2023-05-25,75.0,75.0,79.0,73.6,79.0,4313815
2023-05-26,73.1,73.1,76.2,71.1,73.2,2192109
2023-05-29,74.2,74.2,74.2,70.0,72.1,1559061
2023-05-30,71.5,71.5,74.4,71.4,73.8,1108569
2023-05-31,75.2,75.2,76.0,71.5,72.0,1809002
2023-06-01,74.2,74.2,78.2,73.6,74.0,1785212
2023-06-02,72.8,72.8,74.9,72.3,74.2,1136099
2023-06-05,73.0,73.0,74.5,72.9,73.3,546111
2023-06-06,73.9,73.9,76.5,73.0,73.1,1286185
2023-06-07,76.2,76.2,76.4,74.1,75.0,1526243
2023-06-08,75.8,75.8,78.0,75.5,77.2,2600380
2023-06-09,73.5,73.5,76.3,71.8,76.0,1770398
2023-06-12,69.3,69.3,72.3,68.3,72.0,1076259
2023-06-13,70.4,70.4,71.9,69.1,70.0,714060
2023-06-14,70.7,70.7,72.2,70.5,70.5,464152
2023-06-15,71.9,71.9,72.4,69.8,71.3,506352
2023-06-16,72.2,72.2,73.8,71.4,73.5,978118
2023-06-19,79.4,79.4,79.4,72.2,72.2,2941692
2023-06-20,81.5,81.5,85.4,75.4,77.8,5584509
2023-06-21,78.1,78.1,86.0,77.0,82.0,4010942
2023-06-26,72.4,72.4,78.4,71.9,75.8,1918911
2023-06-27,67.9,67.9,72.4,66.9,72.4,1747610
2023-06-28,68.8,68.8,70.0,66.0,67.9,824330
2023-06-29,67.2,67.2,69.6,67.0,69.0,741236
2023-06-30,67.2,67.2,68.2,66.5,67.5,393027
2023-07-03,67.4,67.4,68.5,66.7,67.3,372829
2023-07-04,62.7,62.7,68.6,62.6,68.6,1624811
2023-07-05,63.0,63.0,64.8,61.2,62.7,1025187
2023-07-06,61.1,61.1,63.0,61.1,63.0,474670
2023-07-07,59.5,59.5,62.2,59.1,61.3,767983
2023-07-10,58.4,58.4,60.0,57.7,60.0,578566
2023-07-11,57.5,57.5,60.2,56.0,60.1,947800
2023-07-12,55.6,55.6,57.6,54.8,57.6,1091706
2023-07-13,55.2,55.2,56.5,53.8,55.6,980751
2023-07-14,55.0,55.0,56.5,53.8,56.0,583097
2023-07-17,54.7,54.7,55.2,52.2,54.7,805121
2023-07-18,51.3,51.3,54.7,51.2,54.7,918111
2023-07-19,50.3,50.3,52.8,50.1,51.3,732743
2023-07-20,55.3,55.3,55.3,50.6,51.5,962060
2023-07-21,53.5,53.5,59.3,53.5,58.3,2129845
2023-07-24,50.7,50.7,53.2,50.7,53.0,714406
2023-07-25,51.6,51.6,52.1,50.3,50.7,388614
2023-07-26,51.9,51.9,53.3,51.0,51.0,416454
2023-07-27,53.2,53.2,54.0,51.9,51.9,377846
2023-07-28,53.4,53.4,55.3,52.0,53.4,497702
2023-07-31,51.6,51.6,53.4,51.4,53.4,390026
2023-08-01,52.0,52.0,52.9,51.7,51.7,202851
2023-08-02,50.8,50.8,53.1,50.6,51.8,346731
2023-08-04,50.6,50.6,51.9,50.5,50.8,200784
2023-08-07,50.5,50.5,50.6,49.6,50.6,289619
2023-08-08,49.6,49.6,51.7,49.5,50.5,239543
2023-08-09,48.25,48.25,50.0,47.5,49.6,531622
2023-08-10,46.85,46.85,48.5,46.0,48.5,487664
2023-08-11,46.7,46.7,48.2,46.3,47.5,358595
2023-08-14,44.75,44.75,48.0,44.35,47.7,648177
2023-08-15,44.6,44.6,45.4,44.4,44.75,365714
2023-08-16,42.8,42.8,45.7,42.5,45.7,700560
2023-08-17,42.95,42.95,43.9,41.85,43.0,454003
2023-08-18,41.9,41.9,43.6,41.9,43.2,404584
2023-08-21,41.75,41.75,42.0,41.0,41.35,354973
2023-08-22,41.1,41.1,42.4,41.1,42.4,247413
2023-08-23,41.75,41.75,42.7,41.2,41.2,329786
2023-08-24,41.1,41.1,42.05,40.8,42.05,248373
2023-08-25,45.2,45.2,45.2,43.2,45.0,1149979
2023-08-28,42.0,42.0,45.0,41.0,45.0,1014865
2023-08-29,41.95,41.95,42.15,41.1,41.1,451434
2023-08-30,41.95,41.95,42.5,41.7,42.1,269143
2023-08-31,42.0,42.0,42.1,41.6,41.95,222425
2023-09-01,43.0,43.0,43.2,41.75,41.75,335019
2023-09-04,42.35,42.35,43.05,42.3,43.0,223251
2023-09-05,41.75,41.75,42.45,41.7,42.3,181020
2023-09-06,41.5,41.5,42.45,41.5,42.45,165944
2023-09-07,40.45,40.45,41.5,40.45,41.4,431065
2023-09-08,40.45,40.45,40.85,40.15,40.8,140250
2023-09-11,39.5,39.5,40.8,39.5,40.45,288954
2023-09-12,39.7,39.7,40.0,39.5,39.5,189168
2023-09-13,41.3,41.3,41.4,39.7,39.7,297945
2023-09-14,41.15,41.15,41.5,40.6,41.5,143479
2023-09-15,40.65,40.65,41.35,40.4,41.3,132667
2023-09-18,40.0,40.0,40.95,39.9,40.1,256304
2023-09-19,39.7,39.7,40.5,39.6,40.0,203981
2023-09-20,39.4,39.4,40.0,39.35,39.55,285860
2023-09-21,37.9,37.9,39.25,37.9,39.25,452715
2023-09-22,38.0,38.0,38.25,36.8,36.8,178794
2023-09-25,39.1,39.1,39.5,38.0,38.0,226047
2023-09-26,38.1,38.1,39.0,38.0,39.0,234492
2023-09-27,38.45,38.45,39.0,38.15,38.15,186126
2023-09-28,38.6,38.6,39.4,38.15,38.15,258318
2023-10-02,38.2,38.2,38.85,38.1,38.7,185610
2023-10-03,38.0,38.0,38.2,37.9,38.2,137391
2023-10-04,36.75,36.75,37.7,36.75,37.7,419987
2023-10-05,37.6,37.6,37.75,36.75,36.75,200770
2023-10-06,38.15,38.15,38.7,38.0,38.0,253016
2023-10-11,37.05,37.05,38.7,37.0,38.5,259850
2023-10-12,37.75,37.75,37.95,37.15,37.15,148196
2023-10-13,37.75,37.75,39.6,37.5,37.7,224830
2023-10-16,37.0,37.0,37.8,36.9,37.75,290072
2023-10-17,36.6,36.6,37.1,36.6,37.1,240904
2023-10-18,36.0,36.0,36.75,36.0,36.55,232250
2023-10-19,35.65,35.65,35.95,35.5,35.7,144757
2023-10-20,35.2,35.2,35.65,34.65,35.55,254785
2023-10-23,35.6,35.6,36.0,34.9,34.9,128575
2023-10-24,36.35,36.35,36.35,35.1,35.6,123683
2023-10-25,36.7,36.7,36.8,36.0,36.4,115457
2023-10-26,36.4,36.4,36.7,36.15,36.45,53011
2023-10-27,37.0,37.0,37.5,36.4,36.4,108612
2023-10-30,36.5,36.5,37.0,36.4,36.85,81691
2023-10-31,37.0,37.0,37.6,36.45,36.45,177650
2023-11-01,39.95,39.95,40.7,37.35,37.45,721854
2023-11-02,39.2,39.2,40.2,38.3,39.5,391874
2023-11-03,39.1,39.1,39.65,39.0,39.2,201740
2023-11-06,43.0,43.0,43.0,39.7,40.55,1376783
2023-11-07,47.3,47.3,47.3,44.6,45.8,2752812
2023-11-08,47.1,47.1,48.05,45.2,48.0,2069448
2023-11-09,46.0,46.0,47.7,45.3,47.65,973328
2023-11-10,50.6,50.6,50.6,46.8,47.9,2966148
2023-11-13,52.7,52.7,54.2,48.4,51.0,2560699
2023-11-14,51.8,51.8,52.1,50.5,51.7,1327159
2023-11-15,52.9,52.9,53.9,50.9,51.4,1437070
2023-11-16,58.1,58.1,58.1,53.7,54.9,4012615
2023-11-17,63.9,63.9,63.9,57.5,58.1,4868108
2023-11-20,61.0,61.0,63.9,57.7,57.8,3582989
2023-11-21,60.2,60.2,60.9,58.7,59.2,1843161
2023-11-22,61.9,61.9,65.5,60.8,62.8,4229837
2023-11-23,63.8,63.8,64.6,60.0,62.1,4084404
2023-11-24,60.3,60.3,62.2,59.4,60.1,2881946
2023-11-27,56.2,56.2,60.8,56.1,59.5,2066855
2023-11-28,57.8,57.8,58.5,56.2,56.2,1210587
2023-11-29,57.6,57.6,59.9,57.4,57.8,1205867
2023-11-30,58.5,58.5,59.9,58.2,58.5,1683764
2023-12-01,59.0,59.0,59.7,58.3,59.5,1329188
2023-12-04,58.3,58.3,59.8,58.0,58.5,3108632
2023-12-05,55.7,55.7,58.8,55.0,58.4,2052277
2023-12-06,57.9,57.9,58.2,55.8,56.0,1270923
2023-12-07,60.7,60.7,60.7,58.1,58.1,2468640
2023-12-08,59.1,59.1,61.5,58.7,61.0,1874240
2023-12-11,58.8,58.8,60.6,58.8,60.1,1061956
2023-12-12,57.3,57.3,59.7,57.1,59.1,1130452
2023-12-13,57.5,57.5,58.6,57.1,57.6,879023
2023-12-14,57.3,57.3,58.5,57.2,58.3,662184
2023-12-15,58.1,58.1,58.4,57.1,57.6,949552
2023-12-18,58.4,58.4,59.4,57.6,58.8,907699
2023-12-19,56.2,56.2,58.4,56.1,58.3,870592
2023-12-20,60.0,60.0,61.2,56.2,56.2,3788936
2023-12-21,58.8,58.8,61.5,58.2,60.8,3566277
2023-12-22,57.9,57.9,59.1,57.2,58.9,1361592
2023-12-25,58.6,58.6,59.2,57.8,57.9,929821
2023-12-26,58.8,58.8,59.2,58.2,59.0,708842
2023-12-27,60.4,60.4,60.4,58.6,59.0,1953660
2023-12-28,60.9,60.9,61.1,59.1,60.6,2285256
2023-12-29,61.5,61.5,66.6,60.6,62.1,10099296
2024-01-02,60.8,60.8,62.5,58.5,62.0,3149506
2024-01-03,61.9,61.9,62.9,59.9,60.8,2401634
2024-01-04,59.6,59.6,62.2,59.6,61.6,1496651
2024-01-05,60.0,60.0,62.0,59.9,59.9,1650344
2024-01-08,63.5,63.5,64.4,60.9,61.6,4297749
2024-01-09,62.8,62.8,64.9,60.9,64.0,3419738
2024-01-10,61.9,61.9,62.8,61.1,62.5,1351803
2024-01-11,63.5,63.5,64.1,62.2,63.4,3004347
2024-01-12,63.2,63.2,64.5,62.7,64.0,2581798
2024-01-15,59.5,59.5,61.8,59.5,61.3,2824874
2024-01-16,57.8,57.8,59.7,57.4,59.4,1766875
2024-01-17,56.9,56.9,58.7,55.9,58.2,1552176
2024-01-18,55.7,55.7,58.0,55.6,56.8,1168410
2024-01-19,56.1,56.1,56.6,55.4,56.2,597650
2024-01-22,55.6,55.6,57.3,55.5,56.2,805265
2024-01-23,54.9,54.9,56.1,54.8,55.8,815688
2024-01-24,57.1,57.1,57.4,54.8,54.8,1459844
2024-01-25,55.7,55.7,57.5,55.7,57.4,1098095
2024-01-26,56.9,56.9,58.2,56.5,56.6,2758752
2024-01-29,58.1,58.1,59.5,57.5,57.5,2171803
2024-01-30,57.8,57.8,59.2,57.6,58.4,1338649
2024-01-31,58.8,58.8,59.7,58.2,58.9,1606076
2024-02-01,59.3,59.3,59.4,58.6,58.7,728207
2024-02-02,59.1,59.1,60.6,58.7,59.8,1094581
2024-02-05,58.7,58.7,59.3,58.2,59.3,563101
2024-02-15,53.0,53.0,56.7,52.9,56.7,2041553
2024-02-16,51.3,51.3,53.0,51.2,52.0,1275259
2024-02-19,50.7,50.7,52.1,50.6,51.3,1239927
2024-02-20,49.45,49.45,50.7,48.55,50.7,2079299
2024-02-21,49.9,49.9,50.3,49.75,49.8,735105
2024-02-22,49.2,49.2,50.1,49.1,50.0,592260
2024-02-23,49.2,49.2,49.6,49.2,49.5,383856
2024-02-26,50.1,50.1,50.2,49.4,49.5,497402
2024-02-27,48.75,48.75,50.1,48.6,50.0,577289
2024-02-29,49.05,49.05,49.3,48.55,48.55,279662
2024-03-01,48.8,48.8,49.15,48.7,49.05,422040
2024-03-04,48.55,48.55,49.05,48.5,48.85,509519
2024-03-05,48.6,48.6,48.9,48.4,48.55,277127
2024-03-06,49.3,49.3,49.3,48.4,48.45,298425
2024-03-07,48.85,48.85,49.2,48.4,49.15,436973
2024-03-08,48.05,48.05,49.45,48.05,48.85,492794
2024-03-11,51.8,51.8,52.8,49.85,49.9,3696899
2024-03-12,52.4,52.4,54.9,52.1,52.1,2678076
2024-03-13,52.0,52.0,52.8,50.2,52.8,1248393
2024-03-14,52.5,52.5,52.6,51.5,52.0,537644
2024-03-15,52.7,52.7,54.1,52.1,53.1,1414860
2024-03-18,53.2,53.2,53.2,51.6,52.4,576236
2024-03-19,53.1,53.1,54.3,53.1,53.6,508072
2024-03-20,52.3,52.3,53.4,52.3,53.1,354703
2024-03-21,51.7,51.7,52.5,51.7,52.5,400539
2024-03-22,51.2,51.2,52.1,51.2,52.0,202770
2024-03-25,50.9,50.9,51.8,50.8,51.2,296117
2024-03-26,50.2,50.2,51.9,50.0,51.1,507870
2024-03-27,51.9,51.9,52.3,50.3,50.3,505459
2024-03-28,50.6,50.6,52.4,50.6,52.4,405001
2024-03-29,49.25,49.25,50.9,48.8,50.8,867190
2024-04-01,50.1,50.1,50.8,49.2,49.2,333751
2024-04-02,49.35,49.35,50.6,49.05,50.1,330378
2024-04-03,48.8,48.8,49.15,48.6,49.15,245091
2024-04-08,49.4,49.4,49.55,48.35,48.8,327526
2024-04-09,49.0,49.0,49.8,49.0,49.3,197840
2024-04-10,49.3,49.3,49.7,49.05,49.05,180542
2024-04-11,52.9,52.9,53.4,50.7,51.0,3266323
2024-04-12,52.2,52.2,53.4,51.5,53.0,1271831
2024-04-15,51.6,51.6,52.3,50.7,51.9,518616
2024-04-16,49.6,49.6,51.6,49.2,51.2,858033
2024-04-17,50.3,50.3,50.8,49.9,50.0,260249
2024-04-18,50.7,50.7,51.5,50.0,50.3,242045
2024-04-19,49.45,49.45,51.1,48.85,50.1,554387
2024-04-22,49.45,49.45,50.2,49.25,49.25,362269
2024-04-23,52.6,52.6,53.3,49.9,49.9,1589754
2024-04-24,56.6,56.6,57.1,51.9,52.6,2943391
2024-04-25,57.5,57.5,60.2,55.8,58.2,4882455
2024-04-26,59.8,59.8,59.8,56.4,58.0,2979163
2024-04-29,62.8,62.8,64.0,60.5,63.9,5755681
2024-04-30,66.6,66.6,67.0,61.0,63.1,6287714
2024-05-02,73.2,73.2,73.2,65.5,68.1,11965156
2024-05-03,75.2,75.2,76.4,72.2,75.5,11393190
2024-05-06,77.6,77.6,81.9,74.7,76.3,12270964
2024-05-07,73.3,73.3,79.4,73.0,77.6,7029750
2024-05-08,73.4,73.4,76.5,72.1,75.4,4250793
2024-05-09,71.0,71.0,75.8,71.0,74.4,2857349
2024-05-10,69.4,69.4,71.9,69.2,71.9,2736909
2024-05-13,64.6,64.6,68.7,64.1,68.0,3512263
2024-05-14,63.4,63.4,65.8,63.1,64.6,2832497
2024-05-15,64.7,64.7,65.4,62.8,64.3,2322692
2024-05-16,71.1,71.1,71.1,65.9,66.9,5591225
2024-05-17,68.6,68.6,71.6,67.9,71.1,6026801
2024-05-20,65.3,65.3,71.8,65.2,68.9,8219053
2024-05-21,64.3,64.3,65.9,63.8,64.2,2013351
2024-05-22,63.8,63.8,65.6,63.4,64.3,1872933
2024-05-23,59.0,59.0,63.5,58.9,63.5,3402867
2024-05-24,60.0,60.0,60.3,58.5,59.8,1524216
2024-05-27,60.5,60.5,62.4,58.5,62.4,1802482
2024-05-28,66.5,66.5,66.5,62.1,62.2,3356129
2024-05-29,65.3,65.3,69.4,64.8,67.5,9095458
2024-05-30,63.0,63.0,64.3,62.6,63.0,2071761
2024-05-31,63.7,63.7,66.5,63.0,63.3,2239114
2024-06-03,64.1,64.1,65.2,63.2,63.8,1044325
2024-06-04,64.6,64.6,65.1,63.5,64.2,978451
2024-06-05,64.0,64.0,65.2,63.7,64.1,756426
2024-06-06,64.7,64.7,64.9,63.2,64.2,904085
2024-06-07,67.7,67.7,68.7,64.8,64.8,3181801
2024-06-11,67.0,67.0,69.0,66.1,68.7,1447943
2024-06-12,64.7,64.7,66.6,63.8,66.2,1338143
2024-06-13,64.2,64.2,66.0,63.9,65.0,807649
2024-06-14,64.5,64.5,65.4,64.1,64.3,785344
2024-06-17,64.1,64.1,66.1,64.1,64.6,880106
2024-06-18,64.1,64.1,65.1,64.1,64.5,464866
2024-06-19,63.5,63.5,64.7,63.3,64.4,745296
2024-06-20,63.8,63.8,64.5,63.1,64.3,646925
2024-06-21,65.8,65.8,66.8,63.8,63.8,1875525
2024-06-24,63.8,63.8,65.8,63.8,65.7,981221
2024-06-25,64.4,64.4,64.5,62.2,63.8,672635
2024-06-26,63.7,63.7,64.5,63.6,64.4,356842
2024-06-27,63.0,63.0,63.7,62.7,63.2,495687
2024-06-28,60.6,60.6,62.7,60.6,62.7,1638922
2024-07-01,62.0,62.0,62.2,60.6,60.6,458831
2024-07-02,61.6,61.6,62.4,61.4,62.4,456970
2024-07-03,61.8,61.8,62.3,61.6,61.6,278145
2024-07-04,61.3,61.3,62.3,61.3,62.0,381493
2024-07-05,61.5,61.5,62.0,61.2,62.0,217646
2024-07-08,62.9,62.9,63.1,60.0,61.5,949393
2024-07-09,63.7,63.7,64.5,62.8,63.3,1224865
2024-07-10,65.4,65.4,66.2,64.0,65.0,1652078
2024-07-11,64.5,64.5,65.7,63.6,65.7,1138653
2024-07-12,64.1,64.1,64.9,64.0,64.0,390139
2024-07-15,64.8,64.8,65.8,63.4,64.0,684957
2024-07-16,66.4,66.4,67.2,64.8,65.6,1808848
2024-07-17,66.5,66.5,68.7,66.1,68.1,1671430
2024-07-18,67.0,67.0,68.6,66.4,66.7,1704667
2024-07-19,64.7,64.7,67.3,64.7,67.3,826509
2024-07-22,64.9,64.9,65.8,60.9,65.0,1266021
2024-07-23,69.0,69.0,71.1,66.2,66.6,4249823
2024-07-26,68.6,68.6,70.1,66.6,67.1,2384136
2024-07-29,68.2,68.2,69.2,66.8,68.0,1098794
2024-07-30,69.0,69.0,69.0,65.5,67.7,1083590
2024-07-31,67.5,67.5,68.7,67.2,68.0,648089
2024-08-01,68.3,68.3,69.7,66.9,68.3,986319
2024-08-02,68.5,68.5,69.7,65.2,67.8,1736077
2024-08-05,61.7,61.7,66.7,61.7,66.2,1404573
2024-08-06,55.6,55.6,61.7,55.6,61.7,2277485
2024-08-07,60.1,60.1,60.7,55.2,55.7,1218014
2024-08-08,58.3,58.3,60.0,57.2,58.8,534873
2024-08-09,60.0,60.0,61.3,59.0,60.0,635493
2024-08-12,62.9,62.9,64.1,60.7,61.0,834238
2024-08-13,64.0,64.0,64.0,61.4,61.5,1029727
2024-08-14,60.0,60.0,62.3,58.4,62.0,4767577
2024-08-15,60.4,60.4,61.9,60.4,61.0,1121466
2024-08-16,60.6,60.6,62.6,60.6,61.7,1477397
2024-08-19,59.7,59.7,61.3,59.7,61.2,871657
2024-08-20,58.6,58.6,60.7,57.9,60.7,1566222
2024-08-21,56.8,56.8,58.5,56.2,58.5,1960754
2024-08-22,56.9,56.9,57.7,56.7,57.3,552016
2024-08-23,58.2,58.2,60.3,57.0,58.0,2176345
2024-08-26,58.7,58.7,59.2,58.0,58.5,749904
2024-08-27,58.4,58.4,59.3,58.1,59.2,523160
2024-08-28,57.5,57.5,58.7,57.5,58.7,790811
2024-08-29,57.7,57.7,57.9,57.0,57.7,360640
2024-08-30,57.3,57.3,58.2,57.2,57.9,413334
2024-09-02,57.9,57.9,58.4,57.5,57.6,454927
2024-09-03,58.1,58.1,59.0,57.8,58.1,499300
2024-09-04,55.0,55.0,56.1,54.2,56.1,960356
2024-09-05,55.4,55.4,56.9,55.2,55.5,559902
2024-09-06,56.6,56.6,57.3,55.3,56.0,420562
2024-09-09,56.8,56.8,57.1,55.2,55.2,330867
2024-09-10,55.5,55.5,57.2,54.8,57.0,418974
2024-09-11,55.9,55.9,56.6,54.9,55.7,435110
2024-09-12,56.2,56.2,56.7,55.9,56.2,186543
2024-09-13,57.4,57.4,58.4,56.5,56.5,474381
2024-09-16,56.9,56.9,58.0,56.8,58.0,300477
2024-09-18,56.0,56.0,57.5,55.7,57.2,364514
2024-09-19,56.4,56.4,56.5,55.6,56.4,214398
2024-09-20,55.4,55.4,56.3,55.1,56.1,604427
2024-09-23,56.0,56.0,56.3,55.3,55.6,306229
2024-09-24,55.8,55.8,56.4,55.6,56.4,149100
2024-09-25,57.4,57.4,57.7,56.0,56.1,715712
2024-09-26,56.9,56.9,58.0,56.9,57.6,339054
2024-09-27,57.1,57.1,57.5,56.0,56.0,351520
2024-09-30,56.6,56.6,58.0,56.2,57.5,269695
2024-10-01,56.0,56.0,57.1,55.9,57.1,208344
2024-10-04,55.0,55.0,55.8,54.7,55.8,667228
2024-10-07,55.5,55.5,55.6,54.7,55.6,252477
2024-10-08,54.9,54.9,55.5,54.3,55.5,382243
2024-10-09,54.2,54.2,55.5,54.2,55.0,403330
2024-10-11,55.2,55.2,55.7,54.4,54.5,284147
2024-10-14,56.8,56.8,56.9,55.0,55.6,464040
2024-10-15,57.3,57.3,58.7,57.2,57.4,809119
2024-10-16,56.9,56.9,57.9,56.4,57.3,435853
2024-10-17,57.2,57.2,58.0,56.9,57.0,314017
2024-10-18,57.6,57.6,58.3,57.1,57.8,357110
2024-10-21,57.5,57.5,57.8,57.0,57.8,272587
2024-10-22,58.4,58.4,58.7,57.5,57.7,558953
2024-10-23,59.4,59.4,60.0,58.4,58.8,939377
2024-10-24,58.7,58.7,60.1,58.6,60.1,373453
2024-10-25,59.4,59.4,60.1,58.4,59.2,419945
2024-10-28,59.7,59.7,60.6,59.5,59.6,521463
2024-10-29,58.6,58.6,59.7,58.5,59.7,493481
2024-10-30,58.1,58.1,59.4,57.8,59.0,273800
2024-11-01,58.9,58.9,59.4,57.1,57.9,338155
2024-11-04,58.6,58.6,59.7,58.5,59.7,591583
2024-11-05,57.2,57.2,58.6,57.0,58.6,709877
2024-11-06,53.1,53.1,56.1,52.5,55.5,2793585
2024-11-07,53.7,53.7,54.4,52.3,52.3,532679
2024-11-08,52.3,52.3,54.3,52.3,54.3,697149
2024-11-11,52.8,52.8,53.2,52.1,52.4,208284
2024-11-12,52.0,52.0,52.9,51.8,52.9,366729
2024-11-13,52.0,52.0,52.3,51.8,52.0,173874
2024-11-14,50.8,50.8,52.5,50.6,52.2,338304
2024-11-15,51.5,51.5,52.2,51.1,51.6,162029
2024-11-18,51.0,51.0,51.6,50.6,51.5,157717
2024-11-19,52.2,52.2,52.2,51.1,51.6,120092
2024-11-20,51.3,51.3,52.2,51.3,52.2,158310
2024-11-21,51.1,51.1,51.8,51.1,51.2,100340
2024-11-22,51.4,51.4,51.9,51.3,51.5,118631
2024-11-25,51.6,51.6,52.0,51.4,52.0,132725
2024-11-26,51.4,51.4,52.0,51.3,51.6,123109
2024-11-27,50.0,50.0,51.4,50.0,51.4,322869
2024-11-28,50.1,50.1,50.6,49.15,50.6,294392
2024-11-29,50.4,50.4,50.5,49.55,49.6,130339
2024-12-02,50.3,50.3,51.2,50.3,50.4,105596
2024-12-03,50.8,50.8,51.5,50.2,50.2,235148
2024-12-04,51.0,51.0,51.5,50.8,51.5,108398
2024-12-05,50.8,50.8,51.4,50.7,51.1,90168
2024-12-06,52.0,52.0,52.1,51.1,51.1,273041
2024-12-09,51.3,51.3,51.7,51.1,51.7,110129
2024-12-10,50.9,50.9,51.5,50.7,51.3,138761
2024-12-11,51.2,51.2,51.7,50.8,50.9,116806
2024-12-12,52.0,52.0,52.4,51.2,51.2,307085
2024-12-13,50.9,50.9,51.7,50.9,51.7,164934
2024-12-16,51.1,51.1,52.0,51.1,51.5,116433
2024-12-17,52.8,52.8,53.2,51.1,51.6,699687
2024-12-18,52.3,52.3,56.2,52.3,53.4,3635293
2024-12-19,52.1,52.1,53.9,51.7,51.7,995067
2024-12-20,52.4,52.4,52.5,51.6,51.9,340818
2024-12-23,52.2,52.2,52.9,51.8,52.9,407421
2024-12-24,51.5,51.5,52.4,51.4,52.3,303789
2024-12-25,51.1,51.1,51.7,51.0,51.7,182948
2024-12-26,51.3,51.3,52.0,51.2,51.6,129185
2024-12-27,50.8,50.8,51.5,50.7,51.3,144731
2024-12-30,51.2,51.2,52.0,50.7,50.8,237556
2024-12-31,50.2,50.2,51.6,50.1,51.6,262007
2025-01-02,51.6,51.6,53.5,51.5,51.7,1228319
2025-01-03,50.8,50.8,52.5,50.7,52.1,496487
2025-01-06,50.7,50.7,51.2,50.5,50.6,168811
2025-01-07,50.0,50.0,50.9,50.0,50.8,335245
2025-01-08,49.9,49.9,50.2,49.8,50.1,172746
2025-01-09,47.25,47.25,50.0,46.95,50.0,576240
2025-01-10,47.9,47.9,47.9,47.1,47.2,185408
2025-01-13,46.3,46.3,48.3,46.3,48.3,412975
2025-01-14,46.65,46.65,47.15,46.1,46.65,98285
2025-01-15,46.85,46.85,47.0,46.5,46.7,70817
2025-01-16,46.7,46.7,47.2,46.6,47.1,143466
2025-01-17,51.3,51.3,51.3,48.6,48.6,1599105
2025-01-20,54.0,54.0,55.5,52.1,53.7,2966788
2025-01-21,53.9,53.9,53.9,52.8,53.0,564940
2025-01-22,54.1,54.1,54.7,53.5,53.9,517032
2025-02-03,52.1,52.1,54.5,51.3,53.8,576206
2025-02-04,50.7,50.7,51.9,50.3,51.8,384307
2025-02-05,51.5,51.5,51.6,50.6,51.0,245502
2025-02-06,50.8,50.8,51.6,50.2,51.6,316873
2025-02-07,51.8,51.8,51.8,50.9,51.2,249432
2025-02-10,52.0,52.0,52.4,51.3,52.4,190915
2025-02-11,52.3,52.3,54.1,52.2,53.9,456221
2025-02-12,52.1,52.1,53.1,51.8,52.5,198820
2025-02-13,52.0,52.0,52.7,51.9,52.1,157964
2025-02-14,51.7,51.7,52.3,51.4,52.3,117311
2025-02-17,51.6,51.6,52.0,51.5,51.6,127219
2025-02-18,51.5,51.5,52.1,51.4,51.4,116393
2025-02-19,51.7,51.7,52.4,51.5,51.5,161760
2025-02-20,52.2,52.2,52.8,51.8,51.8,204587
2025-02-21,52.7,52.7,52.9,52.1,52.1,296887
2025-02-24,52.5,52.5,52.9,52.1,52.6,180024
2025-02-25,52.2,52.2,52.7,52.0,52.3,131525
2025-02-26,52.0,52.0,52.7,51.8,52.0,205880
2025-02-27,51.8,51.8,52.9,51.8,52.1,183200
2025-03-03,52.0,52.0,52.2,51.0,51.8,200536
2025-03-04,52.2,52.2,52.5,51.2,51.5,134721
2025-03-05,53.0,53.0,53.0,51.9,52.0,372259
2025-03-06,53.5,53.5,54.4,53.0,53.1,458752
2025-03-07,53.7,53.7,53.9,53.1,53.9,167763
2025-03-10,53.1,53.1,53.5,51.5,52.0,711527
2025-03-11,49.45,49.45,52.0,49.05,51.8,1047799
2025-03-12,49.1,49.1,49.6,48.2,49.35,459886
2025-03-13,47.9,47.9,49.4,47.85,49.4,268825
2025-03-14,47.85,47.85,47.85,47.2,47.4,208394
2025-03-17,49.0,49.0,49.1,48.1,48.1,156494
2025-03-18,49.7,49.7,49.75,49.0,49.2,86841
2025-03-19,48.7,48.7,50.2,48.7,50.2,81771
2025-03-20,49.25,49.25,49.75,48.9,49.35,120496
2025-03-21,48.7,48.7,49.15,48.65,49.05,54936
2025-03-24,48.6,48.6,49.0,48.6,48.75,40470
2025-03-25,48.3,48.3,48.65,48.05,48.65,84346
2025-03-26,48.6,48.6,48.65,48.25,48.4,67169
2025-03-27,47.5,47.5,48.2,47.45,48.2,140665
2025-03-28,46.0,46.0,47.5,45.6,47.5,281580
2025-03-31,42.75,42.75,45.5,42.2,45.5,500535
2025-04-01,44.75,44.75,44.75,43.0,43.0,189287
2025-04-02,45.15,45.15,45.3,44.3,45.3,98322
2025-04-07,40.65,40.65,40.65,40.65,40.65,57854
2025-04-08,36.6,36.6,38.2,36.6,36.7,870555
2025-04-09,34.0,34.0,36.6,33.05,36.6,704827
2025-04-10,37.4,37.4,37.4,36.35,36.35,172606
2025-04-11,39.8,39.8,40.4,35.1,36.5,407232
2025-04-14,39.3,39.3,40.85,39.3,40.55,239823
2025-04-15,41.0,41.0,41.3,39.95,40.0,148023
2025-04-16,40.4,40.4,41.2,40.05,41.0,72205
2025-04-17,40.2,40.2,40.5,39.6,40.4,84520
2025-04-18,40.95,40.95,41.3,40.35,40.35,29267
2025-04-21,38.9,38.9,40.95,38.8,40.95,111615
2025-04-22,39.4,39.4,39.4,38.35,38.45,97337
2025-04-23,39.95,39.95,40.3,39.85,39.9,84739
2025-04-24,39.85,39.85,40.5,39.8,40.0,71628
2025-04-25,40.35,40.35,40.6,40.1,40.15,64878
2025-04-28,40.65,40.65,41.15,40.35,40.45,54862
2025-04-29,41.0,41.0,41.3,40.35,41.0,64776
2025-04-30,41.75,41.75,43.0,41.3,41.35,168000
2025-05-02,42.65,42.65,42.7,41.8,42.0,128388
2025-05-05,43.05,43.05,45.2,42.8,43.05,360813
2025-05-06,42.5,42.5,45.0,42.5,42.9,524076
2025-05-07,41.5,41.5,42.8,41.5,42.75,192115
2025-05-08,41.9,41.9,42.6,40.8,41.25,282679
2025-05-09,42.3,42.3,42.6,41.05,41.7,128306
2025-05-12,42.2,42.2,42.9,42.05,42.2,61034
2025-05-13,42.2,42.2,42.45,41.85,42.45,127472
2025-05-14,42.0,42.0,42.5,41.7,42.15,120842
2025-05-15,42.0,42.0,42.75,42.0,42.25,101433
2025-05-16,43.35,43.35,44.6,42.45,42.45,441312
2025-05-19,42.55,42.55,43.5,42.55,43.5,120911
2025-05-20,42.55,42.55,43.0,42.5,42.95,93852
2025-05-21,42.75,42.75,43.0,42.35,42.55,66397
2025-05-22,42.9,42.9,44.3,42.2,42.25,128003
2025-05-23,43.3,43.3,43.6,42.95,42.95,153956
2025-05-26,43.4,43.4,43.7,43.2,43.3,81649
2025-05-27,43.35,43.35,44.0,43.2,43.25,82304
2025-05-28,42.8,42.8,43.5,42.75,43.45,78756
2025-05-29,42.7,42.7,43.35,42.7,42.85,50068
2025-06-02,41.85,41.85,42.8,41.6,42.8,81327
2025-06-03,41.2,41.2,42.1,41.15,41.75,45585
2025-06-04,41.6,41.6,42.1,41.5,41.5,43005
2025-06-05,41.35,41.35,42.1,41.3,41.55,65064
2025-06-06,41.35,41.35,41.95,41.25,41.35,23186
2025-06-09,41.15,41.15,41.5,41.0,41.2,57379
2025-06-10,41.4,41.4,41.65,41.3,41.3,25982
2025-06-11,41.5,41.5,41.8,41.05,41.5,68456
2025-06-12,41.65,41.65,41.9,41.45,41.6,61904
2025-06-13,41.45,41.45,42.0,41.1,41.25,63531
2025-06-16,41.2,41.2,41.45,41.05,41.4,33152
2025-06-17,40.75,40.75,41.35,40.7,41.05,95648
2025-06-18,40.85,40.85,42.0,40.85,41.2,80374
2025-06-19,39.65,39.65,41.4,39.65,40.85,84829
2025-06-20,39.8,39.8,40.8,38.95,39.5,164750
2025-06-23,39.45,39.45,39.8,39.0,39.8,51900
2025-06-24,40.7,40.7,40.7,39.45,39.45,59880
2025-06-25,40.6,40.6,40.8,40.2,40.8,59603
2025-06-26,40.75,40.75,41.1,40.65,40.65,38406
2025-06-27,41.6,41.6,42.05,40.9,40.9,186763
2025-06-30,41.3,41.3,41.65,41.1,41.6,51166
2025-07-01,41.9,41.9,41.9,41.2,41.2,68421
2025-07-02,42.0,42.0,42.2,41.55,42.0,70600
2025-07-03,42.2,42.2,42.35,41.6,41.6,54172
2025-07-04,41.9,41.9,42.1,41.2,42.1,40378
2025-07-07,41.55,41.55,42.0,41.0,41.9,55210
2025-07-08,40.0,40.0,41.5,40.0,41.5,91090
2025-07-09,40.05,40.05,40.25,39.0,39.3,74704
2025-07-10,39.9,39.9,40.05,39.8,40.05,13683
2025-07-11,40.25,40.25,40.3,39.7,39.9,42161
2025-07-14,40.5,40.5,40.9,40.1,40.3,52305
2025-07-15,39.8,39.8,40.55,39.8,40.55,65757
2025-07-16,39.85,39.85,40.3,39.65,39.8,58110
2025-07-17,39.85,39.85,40.1,39.65,39.8,45400
2025-07-18,39.5,39.5,40.0,39.5,39.85,99415
2025-07-21,39.2,39.2,39.5,39.0,39.1,54192
2025-07-22,39.0,39.0,39.5,38.3,39.5,160973
2025-07-23,38.9,38.9,39.15,38.8,38.8,106777
2025-07-24,38.7,38.7,39.0,38.65,39.0,97012
2025-07-25,38.6,38.6,38.7,38.4,38.65,103810
2025-07-28,38.25,38.25,38.8,38.1,38.6,162310
2025-07-29,38.3,38.3,38.5,38.1,38.35,70138
2025-07-30,38.3,38.3,38.5,38.05,38.15,44517
2025-07-31,38.2,38.2,38.35,38.15,38.35,50325
2025-08-01,38.15,38.15,38.45,37.9,37.9,63995
2025-08-04,38.4,38.4,38.6,38.0,38.25,117208
2025-08-05,38.8,38.8,38.95,38.4,38.5,69210
2025-08-06,38.2,38.2,39.0,38.15,38.95,108110
2025-08-07,38.15,38.15,38.4,38.1,38.2,100326
2025-08-08,37.8,37.8,38.1,37.6,38.1,307785
2025-08-11,37.25,37.25,37.85,37.25,37.8,165116
2025-08-12,37.6,37.6,37.6,37.2,37.35,84873
2025-08-13,37.55,37.55,37.8,37.25,37.6,60544
2025-08-14,37.85,37.85,38.15,37.5,38.15,70905
2025-08-15,37.45,37.45,37.7,37.0,37.7,101203
2025-08-18,37.15,37.15,37.45,37.1,37.45,130474
2025-08-19,37.3,37.3,37.8,37.15,37.15,42720
2025-08-20,37.1,37.1,37.4,36.8,37.4,189942
2025-08-21,37.2,37.2,37.25,37.0,37.0,69250
2025-08-22,37.05,37.05,37.2,37.0,37.2,90645
2025-08-25,36.85,36.85,37.2,36.85,37.2,169986
2025-08-26,36.25,36.25,36.85,36.2,36.85,137474
2025-08-27,36.3,36.3,36.5,36.1,36.2,79792
2025-08-28,37.2,37.2,37.45,36.35,36.35,149616
2025-08-29,36.9,36.9,37.25,36.65,37.2,72683
2025-09-01,37.1,37.1,37.6,36.95,37.6,150652
2025-09-02,37.1,37.1,37.75,37.05,37.75,95578
2025-09-03,37.15,37.15,37.3,36.9,37.0,66936
2025-09-04,38.95,38.95,39.35,37.35,37.35,345790
2025-09-05,38.15,38.15,39.1,38.05,38.95,192019
2025-09-08,38.05,38.05,38.45,38.0,38.25,92582
2025-09-09,37.5,37.5,38.1,37.45,38.1,85464
2025-09-10,37.5,37.5,37.85,37.3,37.6,72415
2025-09-11,36.75,36.75,37.3,36.7,37.3,148880
2025-09-12,37.75,37.75,37.85,37.1,37.1,128551
2025-09-15,37.55,37.55,38.25,37.4,38.25,63358
2025-09-16,37.95,37.95,38.35,37.65,38.1,74277
2025-09-17,37.65,37.65,38.2,37.35,37.8,56228
2025-09-18,38.2,38.2,38.25,37.7,37.7,100475
2025-09-19,38.0,38.0,38.45,38.0,38.3,73029
2025-09-22,37.8,37.8,38.15,37.8,38.1,90211
2025-09-23,37.9,37.9,38.1,37.6,37.9,74031
2025-09-24,37.75,37.75,37.9,37.6,37.9,62845
2025-09-25,37.85,37.85,38.25,37.8,38.2,57303
2025-09-26,37.7,37.7,37.95,37.65,37.85,83381
2025-09-30,38.65,38.65,38.65,37.65,37.65,76720
2025-10-01,38.1,38.1,38.55,38.05,38.2,40437
2025-10-02,37.75,37.75,38.3,37.7,38.1,80605
2025-10-03,37.75,37.75,38.1,37.65,37.7,40482
2025-10-07,37.8,37.8,38.05,37.7,37.75,101382
2025-10-08,38.1,38.1,38.1,37.75,37.8,60353
2025-10-09,38.05,38.05,38.15,37.9,38.1,124261
2025-10-13,37.5,37.5,38.05,37.4,38.05,102767
2025-10-14,37.35,37.35,37.75,37.25,37.55,110975
2025-10-15,37.2,37.2,38.0,37.2,37.4,85013
2025-10-16,37.05,37.05,37.55,37.05,37.4,61831
2025-10-17,38.5,38.5,38.75,37.25,37.25,495838
2025-10-20,38.0,38.0,40.25,37.95,39.2,266701
2025-10-21,37.8,37.8,38.5,37.7,38.05,66562
2025-10-22,38.0,38.0,38.2,37.85,38.05,107333
2025-10-23,37.6,37.6,38.1,37.6,37.85,121381
2025-10-27,37.65,37.65,37.85,37.3,37.75,123190
2025-10-28,37.25,37.25,37.75,37.05,37.75,111134
2025-10-29,36.95,36.95,37.85,36.9,37.2,98372
2025-10-30,36.85,36.85,37.0,36.7,36.95,99707
2025-10-31,36.9,36.9,37.5,36.8,36.85,43949
2025-11-03,36.85,36.85,36.9,36.8,36.85,37523
2025-11-04,36.4,36.4,36.75,36.3,36.75,161664
2025-11-05,37.85,37.85,38.15,37.0,37.3,282551
2025-11-06,37.65,37.65,38.9,37.6,37.6,286783
2025-11-07,37.25,37.25,37.55,37.2,37.55,79583
2025-11-10,37.0,37.0,37.35,37.0,37.35,72151
2025-11-11,36.7,36.7,36.95,36.55,36.85,202995
2025-11-12,36.75,36.75,37.05,36.75,37.0,88054
2025-11-13,36.8,36.8,37.0,36.45,37.0,126682
2025-11-14,36.8,36.8,37.7,36.8,36.9,130805
2025-11-17,36.4,36.4,36.8,36.35,36.8,114168
2025-11-18,35.6,35.6,36.4,35.4,36.0,206658
2025-11-19,35.0,35.0,35.6,34.95,35.6,153023
2025-11-20,35.45,35.45,35.45,35.05,35.05,77596
2025-11-21,35.2,35.2,35.7,35.05,35.35,63317
2025-11-24,35.3,35.3,35.5,35.2,35.2,20250
2025-11-25,35.6,35.6,35.75,35.25,35.35,33676
2025-11-26,36.2,36.2,36.2,35.5,35.9,74329
2025-11-27,36.3,36.3,36.4,35.8,36.4,37299
2025-11-28,36.55,36.55,36.7,36.3,36.3,48725
2025-12-01,35.95,35.95,36.95,35.85,36.95,24847
2025-12-02,35.25,35.25,36.25,35.25,36.25,136715
2025-12-03,35.55,35.55,35.75,35.3,35.3,62503
2025-12-04,35.55,35.55,35.7,35.3,35.7,13516
2025-12-05,35.7,35.7,36.1,35.6,36.1,11725
2025-12-08,35.5,35.5,36.0,35.15,35.55,62245
2025-12-09,35.55,35.55,35.7,35.35,35.5,20718
2025-12-10,35.45,35.45,35.65,35.45,35.6,19213
2025-12-11,35.15,35.15,35.6,35.15,35.5,62932
2025-12-12,35.6,35.6,35.8,35.25,35.4,45227
2025-12-15,35.35,35.35,35.7,35.05,35.1,27238
2025-12-16,35.35,35.35,35.6,35.2,35.5,66240
2025-12-17,35.6,35.6,35.9,35.3,35.3,10200
2025-12-18,35.65,35.65,35.9,35.5,35.9,21226
2025-12-19,35.9,35.9,36.05,35.65,35.75,83338
2025-12-22,35.95,35.95,36.1,35.45,35.45,54337
2025-12-23,35.6,35.6,35.95,35.6,35.65,22061
2025-12-24,35.5,35.5,35.9,35.3,35.65,26113
2025-12-26,35.5,35.5,35.8,35.4,35.4,31781
2025-12-29,35.9,35.9,36.05,35.7,35.8,33648
2025-12-30,36.0,36.0,36.0,35.7,35.7,13064
2025-12-31,35.95,35.95,36.2,35.7,35.7,39621
2026-01-02,36.15,36.15,36.6,36.05,36.15,70816
2026-01-05,35.7,35.7,36.15,35.4,36.15,87613
2026-01-06,35.2,35.2,36.0,35.2,36.0,82218
2026-01-07,35.1,35.1,35.3,34.8,35.2,70636
2026-01-08,35.3,35.3,35.5,35.1,35.1,29876
2026-01-09,35.2,35.2,35.5,35.0,35.05,54566
2026-01-12,35.05,35.05,35.35,35.05,35.3,49095
2026-01-13,34.9,34.9,35.2,34.9,35.05,130541
2026-01-14,34.95,34.95,35.2,34.9,35.0,72011
2026-01-15,34.85,34.85,35.1,34.85,35.0,69742
2026-01-16,34.65,34.65,34.95,34.65,34.95,155030
2026-01-19,34.45,34.45,34.8,34.35,34.6,199102
2026-01-20,34.1,34.1,34.45,34.1,34.35,180935
2026-01-21,33.65,33.65,34.1,33.6,34.1,148605
2026-01-22,34.3,34.3,34.55,33.5,33.65,189135
2026-01-23,34.6,34.6,35.45,34.3,34.5,180628
2026-01-26,34.8,34.8,34.8,34.35,34.4,44059
2026-01-27,34.25,34.25,34.5,34.15,34.5,64642
2026-01-28,33.9,33.9,34.3,33.8,34.15,100974
2026-01-29,34.0,34.0,34.3,33.85,34.0,82010
2026-01-30,33.65,33.65,33.75,33.55,33.65,113253
2026-02-02,34.0,34.0,34.0,33.3,33.6,69960
2026-02-03,34.0,34.0,34.0,33.7,34.0,73554
2026-02-04,33.95,33.95,34.35,33.7,33.85,74251
2026-02-05,34.9,34.9,36.2,34.5,34.5,547407
2026-02-06,34.0,34.0,34.9,33.7,34.9,182745
2026-02-09,34.0,34.0,34.6,33.95,34.05,54585
2026-02-10,33.9,33.9,34.2,33.75,34.0,78155
2026-02-11,33.85,33.85,34.65,33.8,33.9,101941
2026-02-23,34.0,34.0,34.0,33.35,34.0,71562
2026-02-24,33.75,33.75,34.05,33.7,34.0,103095
2026-02-25,33.7,33.7,33.75,33.55,33.75,87684
2026-02-26,33.65,33.65,33.8,33.45,33.6,143115
2026-03-02,33.35,33.35,34.25,33.15,34.25,86788
2026-03-03,32.95,32.95,33.35,32.75,33.35,162654
2026-03-04,32.3,32.3,32.4,31.25,32.25,223287
2026-03-05,32.7,32.7,32.7,31.4,32.4,133179
2026-03-06,34.0,34.0,34.0,32.45,32.6,96728
2026-03-09,32.45,32.45,33.0,31.2,32.15,98894
2026-03-10,33.6,33.6,34.65,33.3,33.5,180931
2026-03-11,34.45,34.45,34.6,33.7,34.1,319884
2026-03-12,34.1,34.1,34.45,34.05,34.25,82562
2026-03-13,33.9,33.9,34.15,33.75,34.05,83297
2026-03-16,34.1,34.1,34.35,33.8,34.0,90676
2026-03-17,34.2,34.2,34.25,34.1,34.15,17072
2026-03-18,34.5,34.5,34.75,34.15,34.2,62573
2026-03-19,33.95,33.95,34.2,33.85,34.2,40991
2026-03-20,34.05,34.05,34.05,33.85,34.0,43410
2026-03-23,33.6,33.6,34.0,33.5,34.0,76483
2026-03-24,33.85,33.85,34.0,33.25,33.7,43194
2026-03-25,34.0,34.0,34.15,33.6,34.05,99139
2026-03-26,34.05,34.05,34.15,33.9,33.9,58008
2026-03-27,34.1,34.1,34.1,33.65,33.95,33808
2026-03-30,33.7,33.7,33.8,33.6,33.6,60165
2026-03-31,33.55,33.55,34.1,33.5,34.0,50224
2026-04-01,34.1,34.1,34.4,33.55,33.6,50556
2026-04-02,34.1,34.1,34.3,34.0,34.2,42245
2026-04-07,33.7,33.7,34.3,33.5,34.3,54122
2026-04-08,34.0,34.0,34.4,33.95,34.05,75621
2026-04-09,34.2,34.2,34.4,34.0,34.15,46239
2026-04-10,34.35,34.35,34.4,34.0,34.4,110419
2026-04-13,37.75,37.75,37.75,36.25,37.5,1351130
2026-04-14,36.0,36.0,36.25,34.85,35.7,1797774
2026-04-15,36.15,36.15,36.15,35.0,35.5,533419
2026-04-16,36.8,36.8,36.9,35.75,36.9,344758
2026-04-17,36.75,36.75,36.95,36.1,36.95,236802
2026-04-20,35.85,35.85,36.8,35.85,36.8,221215
2026-04-21,35.4,35.4,35.9,35.3,35.85,174438
2026-04-22,35.15,35.15,35.8,34.9,35.8,175303
2026-04-23,34.45,34.45,35.35,34.35,35.35,144354
2026-04-24,34.2,34.2,34.5,34.0,34.5,103688
2026-04-27,34.4,34.4,34.4,33.65,34.3,112450
2026-04-28,34.65,34.65,34.75,34.35,34.75,85945
2026-04-29,34.6,34.6,34.75,34.4,34.75,46904
2026-04-30,34.5,34.5,34.7,34.4,34.7,70095
2026-05-04,34.7,34.7,34.75,34.2,34.4,93013
2026-05-05,34.6,34.6,34.95,34.0,34.0,94398
2026-05-06,34.7,34.7,34.9,34.45,34.85,96332
2026-05-07,34.75,34.75,34.95,34.7,34.7,79408
2026-05-08,34.7,34.7,34.95,34.55,34.95,77156
2026-05-11,34.85,34.85,35.1,34.5,35.0,70984
2026-05-12,34.25,34.25,34.8,34.2,34.7,97680
2026-05-13,34.0,34.0,34.15,34.0,34.15,131757
2026-05-14,34.7,34.7,35.5,34.4,35.2,219428
2026-05-15,34.6,34.6,34.85,34.6,34.6,111643
2026-05-18,35.25,35.25,35.45,34.5,34.85,283331
2026-05-19,34.7,34.7,35.25,34.55,35.25,77163
2026-05-20,34.55,34.55,35.0,34.45,34.7,64236
2026-05-21,34.5,34.5,34.95,34.5,34.8,87366
2026-05-22,34.7,34.7,35.1,34.55,35.1,125198
2026-05-25,35.0,35.0,35.2,34.8,34.8,116957
2026-05-26,34.8,34.8,35.4,34.8,35.2,99858
2026-05-27,34.7,34.7,34.85,34.45,34.6,92441
2026-05-28,34.6,34.6,35.1,34.5,34.5,103377
2026-05-29,35.05,35.05,35.2,34.65,34.65,127096
2026-06-01,35.35,35.35,35.35,34.6,35.0,156814
2026-06-02,35.35,35.35,35.5,34.9,35.4,157074
2026-06-03,36.05,36.05,36.1,35.2,35.4,262940
2026-06-04,36.3,36.3,36.5,35.9,36.05,160490
2026-06-05,35.95,35.95,36.35,35.7,36.05,173099
2026-06-08,35.8,35.8,35.8,34.55,34.55,150549
2026-06-09,35.7,35.7,36.1,35.7,35.75,102452
2026-06-10,36.2,36.2,36.25,35.8,35.95,256419
2026-06-11,35.55,35.55,36.6,35.5,36.35,142203
2026-06-12,35.85,35.85,36.0,35.55,35.85,94365
2026-06-15,36.15,36.15,36.35,35.9,36.1,104380
2026-06-16,36.5,36.5,36.9,36.0,36.15,244865
2026-06-17,36.4,36.4,36.65,36.3,36.55,170451
2026-06-18,35.8,35.8,36.9,35.8,36.4,257534
2026-06-22,36.15,36.15,36.3,35.85,35.9,171535
2026-06-23,36.4,36.4,36.65,36.0,36.45,198440
2026-06-24,36.75,36.75,36.75,36.35,36.4,183524
2026-06-25,38.4,38.4,39.15,36.7,36.7,840754
2026-06-26,37.5,37.5,39.15,37.25,37.95,306452
2026-06-29,37.8,37.8,38.1,36.9,37.7,266555
2026-06-30,37.9,37.9,38.0,37.4,37.85,131581
2026-07-01,37.75,37.75,38.1,37.3,38.1,189001
2026-07-02,37.75,37.75,37.75,37.3,37.3,116113
2026-07-03,37.95,37.95,38.2,37.6,37.6,79785
2026-07-06,37.75,37.75,38.2,37.65,37.95,310887
2026-07-07,37.45,37.45,37.75,37.4,37.75,239968
2026-07-08,37.1,37.1,37.6,37.05,37.5,366434
2026-07-09,34.25,34.25,34.8,34.05,34.7,229866
2026-07-13,34.05,34.05,34.3,33.5,34.25,162635
2026-07-14,34.25,34.25,34.55,33.8,34.55,139748
2026-07-15,34.75,34.75,35.0,34.05,34.25,112930
2026-07-16,35.2,35.2,35.4,34.55,35.1,87495
2026-07-17,34.0,34.0,35.15,34.0,34.7,137750
2026-07-20,35.15,35.15,35.7,34.15,34.55,212432
2026-07-21,34.9,34.9,35.6,34.7,35.15,89894
2026-07-22,35.1,35.1,35.55,34.75,35.55,79131
2026-07-23,34.85,34.85,35.2,34.85,35.2,55373
2026-07-24,35.0,35.0,35.0,34.7,34.9,51284
2026-07-27,34.95,34.95,35.2,34.65,34.65,74005
2026-07-28,34.95,34.95,35.1,34.7,35.0,156577
2026-07-29,34.75,34.75,35.0,34.15,34.95,203841
2026-07-30,34.85,34.85,35.2,34.5,35.1,145526
2026-07-31,35.25,35.25,35.5,35.0,35.2,113443
2026-08-03,34.55,34.55,35.4,34.55,35.25,115043
2026-08-04,33.9,33.9,34.35,33.9,34.15,142670
2026-08-05,34.05,34.05,34.25,33.95,34.15,61186
2026-08-06,34.1,34.1,34.3,33.95,34.3,32441
2026-08-07,34.2,34.2,34.55,34.1,34.25,70670
2026-08-10,34.4,34.4,34.8,34.2,34.5,36101
2026-08-11,34.3,34.3,34.75,34.05,34.65,36376
2026-08-12,34.5,34.5,34.6,34.45,34.5,51211
2026-08-13,35.8,35.8,36.4,35.45,35.8,354592
2026-08-14,36.2,36.2,36.4,35.7,36.35,136694
2026-08-17,35.95,35.95,36.25,35.95,36.2,48393
2026-08-18,35.7,35.7,36.15,35.6,36.15,51221
2026-08-19,35.55,35.55,36.0,35.45,36.0,55466
2026-08-20,35.9,35.9,35.9,35.7,35.8,81100
2026-08-21,38.05,38.05,38.5,36.7,36.7,483099
2026-08-24,37.85,37.85,38.8,37.55,38.8,194275
2026-08-25,37.85,37.85,38.2,37.7,37.85,119111
2026-08-26,38.15,38.15,38.7,37.85,38.0,260024
2026-08-27,38.25,38.25,38.9,38.1,38.9,143000
2026-08-28,37.75,37.75,38.25,37.4,38.1,157144
2026-08-31,37.85,37.85,37.9,37.05,37.9,60221
2026-09-01,37.85,37.85,38.75,37.85,37.95,222971
2026-09-02,37.85,37.85,38.05,37.7,38.0,99091
