Date,Adj Close,Close,High,Low,Open,Volume
2016-08-12,16.55,16.55,16.6,16.5,16.6,24242212
2016-08-15,16.35,16.35,16.55,16.35,16.55,29618772
2016-08-16,16.45,16.45,16.45,16.3,16.4,25884367
2016-08-17,16.5,16.5,16.5,16.3,16.4,21475256
2016-08-18,16.45,16.45,16.5,16.4,16.45,17548673
2016-08-19,16.3,16.3,16.5,16.3,16.45,20267162
2016-08-22,16.15,16.15,16.25,16.05,16.2,25125827
2016-08-23,16.25,16.25,16.3,16.1,16.15,13838296
2016-08-24,16.15,16.15,16.3,16.1,16.25,7755099
2016-08-25,16.4,16.4,16.4,16.15,16.2,13827578
2016-08-26,16.4,16.4,16.4,16.25,16.4,9610948
2016-08-29,16.35,16.35,16.45,16.3,16.4,10805633
2016-08-30,16.4,16.4,16.45,16.3,16.4,15170802
2016-08-31,16.3,16.3,16.4,16.25,16.35,23954628
2016-09-01,16.2,16.2,16.3,16.1,16.3,19768363
2016-09-02,16.45,16.45,16.45,16.15,16.25,16272118
2016-09-05,16.45,16.45,16.55,16.45,16.5,14364628
2016-09-06,16.6,16.6,16.6,16.45,16.5,20090846
2016-09-07,16.75,16.75,16.75,16.6,16.65,22596671
2016-09-08,16.85,16.85,16.85,16.75,16.8,22941069
2016-09-09,16.8,16.8,16.85,16.7,16.8,14260138
2016-09-12,16.6,16.6,16.65,16.45,16.5,21326987
2016-09-13,16.45,16.45,16.6,16.4,16.6,21405248
2016-09-14,16.45,16.45,16.5,16.3,16.4,24100632
2016-09-19,16.85,16.85,16.85,16.5,16.55,37068167
2016-09-20,16.8,16.8,16.85,16.75,16.85,15084931
2016-09-21,16.85,16.85,16.85,16.75,16.8,14820757
2016-09-22,16.85,16.85,16.9,16.75,16.9,10278556
2016-09-23,16.9,16.9,16.9,16.8,16.9,15599012
2016-09-26,16.75,16.75,16.8,16.7,16.8,7159840
2016-09-29,16.85,16.85,16.9,16.75,16.85,23359638
2016-09-30,16.65,16.65,16.85,16.65,16.8,16574101
2016-10-03,16.65,16.65,16.75,16.6,16.7,8746662
2016-10-04,16.85,16.85,16.85,16.6,16.65,14657522
2016-10-05,16.8,16.8,16.8,16.7,16.7,6786423
2016-10-06,16.85,16.85,16.85,16.7,16.8,9555866
2016-10-07,16.75,16.75,16.85,16.65,16.85,12637833
2016-10-11,16.7,16.7,16.8,16.6,16.8,16402626
2016-10-12,16.6,16.6,16.65,16.55,16.6,10695328
2016-10-13,16.55,16.55,16.75,16.5,16.75,17727452
2016-10-14,16.45,16.45,16.55,16.45,16.55,11942777
2016-10-17,16.45,16.45,16.5,16.35,16.45,13534392
2016-10-18,16.5,16.5,16.5,16.4,16.45,11530287
2016-10-19,16.55,16.55,16.55,16.45,16.5,10562956
2016-10-20,16.55,16.55,16.6,16.5,16.55,7618349
2016-10-21,16.5,16.5,16.6,16.5,16.55,14743324
2016-10-24,16.5,16.5,16.55,16.45,16.5,7859008
2016-10-25,16.65,16.65,16.65,16.5,16.5,15863090
2016-10-26,16.45,16.45,16.6,16.45,16.6,11574268
2016-10-27,16.4,16.4,16.5,16.4,16.45,12043845
2016-10-28,16.55,16.55,16.55,16.4,16.4,11445616
2016-10-31,16.55,16.55,16.6,16.35,16.4,12438017
2016-11-01,16.4,16.4,16.55,16.4,16.45,9875911
2016-11-02,16.4,16.4,16.45,16.35,16.4,8543491
2016-11-03,16.35,16.35,16.45,16.3,16.4,11412817
2016-11-04,16.45,16.45,16.45,16.35,16.4,8259526
2016-11-07,16.45,16.45,16.5,16.4,16.4,7121910
2016-11-08,16.6,16.6,16.6,16.5,16.55,12958370
2016-11-09,16.35,16.35,16.75,16.35,16.7,29245717
2016-11-10,16.55,16.55,16.55,16.45,16.5,13103036
2016-11-11,16.35,16.35,16.55,16.35,16.5,24282743
2016-11-14,16.4,16.4,16.55,16.25,16.4,22254865
2016-11-15,16.35,16.35,16.5,16.35,16.45,15294633
2016-11-16,16.4,16.4,16.5,16.4,16.4,17525979
2016-11-17,16.55,16.55,16.55,16.4,16.45,12495791
2016-11-18,16.45,16.45,16.55,16.45,16.5,13308914
2016-11-21,16.5,16.5,16.6,16.45,16.5,14712328
2016-11-22,16.65,16.65,16.65,16.5,16.5,18534279
2016-11-23,16.7,16.7,16.7,16.55,16.6,16954697
2016-11-24,16.75,16.75,16.8,16.65,16.65,13363350
2016-11-25,16.75,16.75,16.8,16.7,16.75,9298424
2016-11-28,16.8,16.8,16.85,16.75,16.75,17218178
2016-11-29,16.7,16.7,16.8,16.7,16.8,14830392
2016-11-30,16.8,16.8,16.8,16.7,16.8,29706679
2016-12-01,16.8,16.8,16.9,16.8,16.85,14975692
2016-12-02,16.9,16.9,16.9,16.75,16.8,14874544
2016-12-05,16.9,16.9,16.95,16.85,16.9,15057287
2016-12-06,17.0,17.0,17.0,16.9,16.95,21138253
2016-12-07,17.1,17.1,17.1,17.0,17.05,18007798
2016-12-08,17.35,17.35,17.4,17.1,17.15,29636497
2016-12-09,17.35,17.35,17.4,17.3,17.35,15976453
2016-12-12,17.3,17.3,17.4,17.2,17.35,14851181
2016-12-13,17.5,17.5,17.5,17.25,17.3,21588642
2016-12-14,17.35,17.35,17.5,17.25,17.5,16621115
2016-12-15,17.25,17.25,17.35,17.2,17.2,20649039
2016-12-16,17.2,17.2,17.3,17.2,17.25,13088064
2016-12-19,17.1,17.1,17.2,17.05,17.2,10424893
2016-12-20,17.05,17.05,17.1,16.95,17.1,15968125
2016-12-21,17.0,17.0,17.15,17.0,17.05,11611232
2016-12-22,16.85,16.85,17.05,16.85,17.0,13360092
2016-12-23,16.8,16.8,16.9,16.75,16.85,16007046
2016-12-26,16.95,16.95,16.95,16.8,16.85,6106947
2016-12-27,16.95,16.95,17.0,16.9,16.95,5002279
2016-12-28,17.15,17.15,17.15,17.0,17.0,8671605
2016-12-29,17.05,17.05,17.2,17.05,17.15,11856582
2016-12-30,17.2,17.2,17.2,17.1,17.2,10397955
2017-01-03,17.15,17.15,17.2,17.1,17.2,4693905
2017-01-04,17.25,17.25,17.25,17.1,17.2,8167248
2017-01-05,17.4,17.4,17.4,17.25,17.25,15814575
2017-01-06,17.4,17.4,17.4,17.25,17.4,16272847
2017-01-09,17.35,17.35,17.45,17.3,17.45,8928077
2017-01-10,17.4,17.4,17.4,17.3,17.4,13183017
2017-01-11,17.45,17.45,17.5,17.4,17.4,16504423
2017-01-12,17.5,17.5,17.55,17.4,17.45,21892094
2017-01-13,17.5,17.5,17.5,17.4,17.5,15270372
2017-01-16,17.4,17.4,17.45,17.3,17.45,11872203
2017-01-17,17.45,17.45,17.45,17.35,17.35,8548730
2017-01-18,17.4,17.4,17.5,17.35,17.45,13898340
2017-01-19,17.3,17.3,17.4,17.25,17.4,16038681
2017-01-20,17.3,17.3,17.4,17.25,17.3,24190263
2017-01-23,17.45,17.45,17.5,17.4,17.4,16280632
2017-01-24,17.45,17.45,17.55,17.45,17.45,17618561
2017-02-02,17.45,17.45,17.6,17.45,17.55,28422922
2017-02-03,17.5,17.5,17.6,17.45,17.5,16930541
2017-02-06,17.7,17.7,17.7,17.5,17.55,19504273
2017-02-07,17.85,17.85,17.85,17.65,17.7,22451666
2017-02-08,17.8,17.8,17.9,17.75,17.85,14899248
2017-02-09,17.85,17.85,17.85,17.75,17.8,15237210
2017-02-10,17.95,17.95,18.0,17.85,17.85,25913606
2017-02-13,18.0,18.0,18.0,17.9,17.95,16035388
2017-02-14,18.0,18.0,18.05,17.95,18.0,20536109
2017-02-15,18.1,18.1,18.1,17.95,18.0,21617617
2017-02-16,18.15,18.15,18.2,18.1,18.15,21827968
2017-02-17,18.1,18.1,18.2,18.05,18.15,17899595
2017-02-20,18.1,18.1,18.15,18.05,18.1,9628711
2017-02-21,18.1,18.1,18.15,18.05,18.1,11548722
2017-02-22,18.1,18.1,18.15,18.05,18.1,10768840
2017-02-23,17.95,17.95,18.1,17.95,18.1,19933270
2017-02-24,18.15,18.15,18.2,17.95,18.0,24521388
2017-03-01,18.15,18.15,18.15,18.05,18.15,19863508
2017-03-02,18.2,18.2,18.3,18.1,18.2,17274722
2017-03-03,18.2,18.2,18.3,18.15,18.2,16876817
2017-03-06,18.2,18.2,18.25,18.15,18.2,12653255
2017-03-07,18.2,18.2,18.2,18.15,18.15,10919364
2017-03-08,18.2,18.2,18.3,18.15,18.2,13495909
2017-03-09,18.3,18.3,18.3,18.2,18.25,23491938
2017-03-10,18.25,18.25,18.3,18.15,18.3,13713926
2017-03-13,18.4,18.4,18.4,18.3,18.3,9962091
2017-03-14,18.6,18.6,18.6,18.4,18.45,24381506
2017-03-15,18.6,18.6,18.6,18.5,18.6,12692899
2017-03-16,18.7,18.7,18.7,18.55,18.6,13370986
2017-03-17,18.55,18.55,18.7,18.55,18.65,31518747
2017-03-20,18.5,18.5,18.55,18.4,18.55,14390667
2017-03-21,18.55,18.55,18.55,18.45,18.5,14837876
2017-03-22,18.45,18.45,18.45,18.3,18.4,20113679
2017-03-23,18.55,18.55,18.55,18.45,18.5,12043366
2017-03-24,18.45,18.45,18.6,18.4,18.55,13330323
2017-03-27,18.5,18.5,18.5,18.4,18.45,11998263
2017-03-28,18.5,18.5,18.55,18.35,18.5,23559884
2017-03-29,18.6,18.6,18.6,18.5,18.5,23105478
2017-03-30,18.6,18.6,18.65,18.5,18.6,17902654
2017-03-31,18.5,18.5,18.65,18.5,18.6,15096463
2017-04-05,18.7,18.7,18.7,18.55,18.55,21206308
2017-04-06,18.7,18.7,18.7,18.6,18.7,8821350
2017-04-07,18.7,18.7,18.7,18.55,18.65,16621493
2017-04-10,18.7,18.7,18.7,18.6,18.65,6477605
2017-04-11,18.75,18.75,18.75,18.6,18.7,15510903
2017-04-12,18.75,18.75,18.75,18.65,18.65,11693573
2017-04-13,18.8,18.8,18.8,18.65,18.75,11763645
2017-04-14,18.5,18.5,18.7,18.5,18.7,18749346
2017-04-17,18.4,18.4,18.5,18.3,18.45,13464575
2017-04-18,18.4,18.4,18.5,18.35,18.45,8627195
2017-04-19,18.15,18.15,18.35,18.1,18.3,25638435
2017-04-21,18.3,18.3,18.35,18.2,18.2,8909123
2017-04-24,18.45,18.45,18.45,18.3,18.35,12097072
2017-04-25,18.65,18.65,18.65,18.45,18.5,18924866
2017-04-26,18.75,18.75,18.8,18.65,18.7,23522461
2017-04-27,18.5,18.5,18.7,18.4,18.7,16305713
2017-04-28,18.4,18.4,18.45,18.3,18.45,17780463
2017-05-02,19.0,19.0,19.0,18.75,18.75,42201944
2017-05-03,19.0,19.0,19.1,18.95,19.05,25382954
2017-05-04,19.1,19.1,19.1,19.0,19.0,20176612
2017-05-05,19.0,19.0,19.05,18.95,19.05,14256037
2017-05-08,19.05,19.05,19.05,18.95,19.0,15586594
2017-05-09,19.0,19.0,19.05,18.9,19.0,19995675
2017-05-10,19.0,19.0,19.05,18.95,19.0,20303495
2017-05-11,19.05,19.05,19.05,18.95,19.0,21318191
2017-05-12,19.05,19.05,19.05,19.0,19.05,18815711
2017-05-15,19.2,19.2,19.2,19.0,19.05,25077362
2017-05-16,19.05,19.05,19.2,19.0,19.15,34850527
2017-05-17,19.15,19.15,19.15,19.05,19.05,18823197
2017-05-18,19.1,19.1,19.15,19.05,19.05,14903649
2017-05-19,19.1,19.1,19.15,19.1,19.1,14721538
2017-05-22,19.25,19.25,19.25,19.1,19.1,21484943
2017-05-23,19.15,19.15,19.25,19.15,19.2,17777399
2017-05-24,19.15,19.15,19.2,19.15,19.15,13626835
2017-05-25,19.2,19.2,19.2,19.15,19.2,14835564
2017-05-26,19.25,19.25,19.3,19.2,19.2,20043717
2017-05-31,19.25,19.25,19.25,19.15,19.25,66613821
2017-06-01,19.25,19.25,19.3,19.15,19.2,13025765
2017-06-02,19.25,19.25,19.3,19.2,19.25,16013280
2017-06-05,19.3,19.3,19.3,19.25,19.25,13792998
2017-06-06,19.3,19.3,19.3,19.2,19.3,16569313
2017-06-07,19.3,19.3,19.3,19.25,19.25,17082729
2017-06-08,19.5,19.5,19.5,19.25,19.3,19180673
2017-06-09,19.45,19.45,19.55,19.45,19.5,19680428
2017-06-12,19.45,19.45,19.5,19.4,19.4,15743962
2017-06-13,19.5,19.5,19.55,19.45,19.45,13135829
2017-06-14,19.4,19.4,19.55,19.35,19.5,20462061
2017-06-15,19.3,19.3,19.4,19.3,19.4,20375966
2017-06-16,19.5,19.5,19.5,19.3,19.3,27759955
2017-06-19,19.55,19.55,19.55,19.4,19.45,19605473
2017-06-20,19.6,19.6,19.7,19.55,19.55,23625973
2017-06-21,19.6,19.6,19.7,19.55,19.6,18960208
2017-06-22,19.75,19.75,19.75,19.6,19.6,15937025
2017-06-23,19.9,19.9,19.9,19.75,19.75,17995147
2017-06-26,20.2,20.2,20.2,19.9,19.9,30668750
2017-06-27,20.4,20.4,20.4,20.2,20.3,20620039
2017-06-28,20.2,20.2,20.4,20.1,20.35,21837512
2017-06-29,20.4,20.4,20.4,20.25,20.3,16980685
2017-06-30,20.35,20.35,20.4,20.2,20.3,15208552
2017-07-03,20.4,20.4,20.45,20.3,20.4,15580448
2017-07-04,20.35,20.35,20.45,20.35,20.4,16600022
2017-07-05,20.4,20.4,20.4,20.2,20.35,14543231
2017-07-06,20.4,20.4,20.4,20.3,20.4,12052643
2017-07-07,20.3,20.3,20.3,20.25,20.3,12543287
2017-07-10,20.2,20.2,20.3,20.15,20.3,17121582
2017-07-11,20.2,20.2,20.25,20.15,20.2,16297543
2017-07-12,20.25,20.25,20.3,20.15,20.2,15369527
2017-07-13,20.3,20.3,20.4,20.25,20.3,21356898
2017-07-14,20.45,20.45,20.5,20.35,20.35,16925425
2017-07-17,20.6,20.6,20.65,20.5,20.5,23817493
2017-07-18,20.65,20.65,20.7,20.6,20.65,17310419
2017-07-19,20.6,20.6,20.65,20.55,20.65,19848809
2017-07-20,20.55,20.55,20.6,20.5,20.6,16925791
2017-07-21,20.55,20.55,20.6,20.5,20.6,21593858
2017-07-24,20.6,20.6,20.6,20.5,20.55,21228661
2017-07-25,20.5,20.5,20.6,20.5,20.6,23048388
2017-07-26,20.35,20.35,20.55,20.35,20.5,27951558
2017-07-27,20.45,20.45,20.5,20.35,20.4,22906659
2017-07-28,20.4,20.4,20.5,20.35,20.45,20899375
2017-07-31,20.4,20.4,20.45,20.3,20.4,37805909
2017-08-01,20.55,20.55,20.6,20.45,20.5,55599489
2017-08-02,20.75,20.75,20.75,20.6,20.6,59768345
2017-08-03,20.75,20.75,20.75,20.65,20.75,81976454
2017-08-04,19.45,19.45,19.45,19.3,19.3,97629365
2017-08-07,19.45,19.45,19.7,19.45,19.55,37731924
2017-08-08,19.35,19.35,19.5,19.3,19.45,24691964
2017-08-09,19.2,19.2,19.35,19.2,19.3,21232258
2017-08-10,19.0,19.0,19.15,18.85,19.15,51776486
2017-08-11,18.9,18.9,19.0,18.7,18.8,24610210
2017-08-14,18.65,18.65,19.0,18.65,19.0,27321913
2017-08-15,18.8,18.8,18.9,18.7,18.7,17183328
2017-08-16,18.8,18.8,18.9,18.7,18.8,17555629
2017-08-17,19.2,19.2,19.35,18.9,18.9,24112262
2017-08-18,19.1,19.1,19.2,18.95,19.0,9980064
2017-08-21,19.1,19.1,19.15,19.05,19.1,7268667
2017-08-22,19.2,19.2,19.25,19.1,19.15,9393796
2017-08-23,19.25,19.25,19.3,19.2,19.3,11161434
2017-08-24,19.45,19.45,19.45,19.25,19.25,14900591
2017-08-25,19.4,19.4,19.5,19.35,19.45,12136947
2017-08-28,19.5,19.5,19.5,19.35,19.45,12488603
2017-08-29,19.45,19.45,19.5,19.4,19.5,11142926
2017-08-30,19.5,19.5,19.5,19.4,19.45,12674583
2017-08-31,19.6,19.6,19.65,19.5,19.55,22433670
2017-09-01,19.85,19.85,19.9,19.55,19.6,28183626
2017-09-04,19.65,19.65,19.85,19.6,19.85,16247215
2017-09-05,19.7,19.7,19.7,19.6,19.65,18617911
2017-09-06,19.7,19.7,19.75,19.55,19.65,18298421
2017-09-07,19.7,19.7,19.75,19.6,19.7,14926122
2017-09-08,19.75,19.75,19.75,19.6,19.7,12991064
2017-09-11,19.7,19.7,19.8,19.7,19.75,13533328
2017-09-12,19.8,19.8,19.8,19.7,19.75,13581012
2017-09-13,19.7,19.7,19.8,19.7,19.8,10136115
2017-09-14,19.6,19.6,19.7,19.5,19.65,19865690
2017-09-15,19.55,19.55,19.6,19.5,19.55,21785105
2017-09-18,19.65,19.65,19.65,19.5,19.55,18480119
2017-09-19,19.55,19.55,19.7,19.5,19.7,17285765
2017-09-20,19.45,19.45,19.55,19.4,19.5,15833019
2017-09-21,19.4,19.4,19.5,19.4,19.45,12515011
2017-09-22,19.4,19.4,19.4,19.3,19.4,10838065
2017-09-25,19.25,19.25,19.4,19.2,19.4,16265826
2017-09-26,19.55,19.55,19.55,19.25,19.25,23061786
2017-09-27,19.55,19.55,19.55,19.45,19.5,14667510
2017-09-28,19.5,19.5,19.6,19.5,19.6,15460438
2017-09-29,19.45,19.45,19.55,19.45,19.5,10673178
2017-10-02,19.5,19.5,19.55,19.5,19.55,5774250
2017-10-03,19.55,19.55,19.6,19.5,19.55,7375973
2017-10-05,19.55,19.55,19.6,19.5,19.5,9261407
2017-10-06,19.7,19.7,19.7,19.55,19.55,13981449
2017-10-11,19.9,19.9,19.9,19.75,19.8,25523365
2017-10-12,20.0,20.0,20.0,19.85,19.9,25263500
2017-10-13,20.1,20.1,20.1,19.95,20.0,16802587
2017-10-16,19.95,19.95,20.0,19.8,20.0,22902825
2017-10-17,19.95,19.95,20.0,19.85,19.9,10647776
2017-10-18,19.9,19.9,20.0,19.8,19.9,23319327
2017-10-19,19.8,19.8,19.9,19.8,19.9,9826327
2017-10-20,19.75,19.75,19.8,19.6,19.75,18547420
2017-10-23,19.75,19.75,19.8,19.7,19.7,6467981
2017-10-24,20.0,20.0,20.0,19.75,19.75,15019795
2017-10-25,19.95,19.95,20.0,19.9,20.0,11884801
2017-10-26,19.65,19.65,19.75,19.6,19.7,36256942
2017-10-27,19.4,19.4,19.5,19.25,19.5,55947467
2017-10-30,19.45,19.45,19.5,19.3,19.3,23178123
2017-10-31,19.45,19.45,19.55,19.4,19.45,15997183
2017-11-01,19.55,19.55,19.6,19.45,19.55,15760241
2017-11-02,19.5,19.5,19.55,19.5,19.5,8078937
2017-11-03,19.4,19.4,19.45,19.3,19.4,20061823
2017-11-06,19.3,19.3,19.4,19.25,19.35,22140157
2017-11-07,19.4,19.4,19.4,19.25,19.3,11524942
2017-11-08,19.4,19.4,19.45,19.3,19.4,13763472
2017-11-09,19.35,19.35,19.45,19.3,19.4,10901483
2017-11-10,19.35,19.35,19.4,19.3,19.35,9785302
2017-11-13,19.3,19.3,19.4,19.3,19.35,12092192
2017-11-14,19.3,19.3,19.3,19.25,19.3,16780492
2017-11-15,19.2,19.2,19.3,19.2,19.3,20413930
2017-11-16,19.05,19.05,19.2,19.0,19.15,31456127
2017-11-17,19.1,19.1,19.15,19.05,19.05,19084517
2017-11-20,19.15,19.15,19.2,19.1,19.1,9805029
2017-11-21,19.4,19.4,19.55,19.2,19.2,21336989
2017-11-22,19.55,19.55,19.6,19.4,19.4,20836553
2017-11-23,19.6,19.6,19.6,19.5,19.55,9241327
2017-11-24,19.5,19.5,19.55,19.4,19.55,10442665
2017-11-27,19.45,19.45,19.5,19.35,19.5,10956812
2017-11-28,19.4,19.4,19.5,19.3,19.45,18258321
2017-11-29,19.45,19.45,19.45,19.35,19.4,13342409
2017-11-30,19.25,19.25,19.45,19.25,19.4,32094163
2017-12-01,19.4,19.4,19.45,19.25,19.25,15385657
2017-12-04,19.5,19.5,19.5,19.35,19.4,13490163
2017-12-05,19.5,19.5,19.55,19.4,19.5,13370734
2017-12-06,19.2,19.2,19.45,19.2,19.45,30057446
2017-12-07,19.2,19.2,19.25,19.2,19.2,13818414
2017-12-08,19.15,19.15,19.25,19.15,19.2,16676302
2017-12-11,19.2,19.2,19.3,19.2,19.2,10122731
2017-12-12,19.3,19.3,19.3,19.15,19.2,15905661
2017-12-13,19.25,19.25,19.4,19.2,19.3,11338938
2017-12-14,19.35,19.35,19.4,19.3,19.3,13464427
2017-12-15,19.25,19.25,19.35,19.2,19.3,21346048
2017-12-18,19.25,19.25,19.35,19.2,19.35,7399787
2017-12-19,19.25,19.25,19.3,19.2,19.25,10677256
2017-12-20,19.3,19.3,19.35,19.25,19.25,8156310
2017-12-21,19.35,19.35,19.35,19.25,19.3,5547839
2017-12-22,19.4,19.4,19.4,19.3,19.35,7581755
2017-12-25,19.35,19.35,19.4,19.3,19.4,3383952
2017-12-26,19.3,19.3,19.4,19.3,19.35,4463558
2017-12-27,19.35,19.35,19.4,19.3,19.35,7769583
2017-12-28,19.45,19.45,19.45,19.35,19.35,9036799
2017-12-29,19.55,19.55,19.55,19.45,19.5,12398716
2018-01-02,19.55,19.55,19.55,19.45,19.55,7605053
2018-01-03,19.55,19.55,19.6,19.5,19.5,13274189
2018-01-04,19.6,19.6,19.6,19.55,19.55,10436159
2018-01-05,19.7,19.7,19.7,19.55,19.6,15230799
2018-01-08,19.85,19.85,19.9,19.65,19.7,25354671
2018-01-09,19.85,19.85,19.9,19.8,19.85,14830055
2018-01-10,19.85,19.85,19.9,19.8,19.85,17811966
2018-01-11,19.85,19.85,19.9,19.75,19.85,14426915
2018-01-12,19.85,19.85,19.9,19.8,19.85,12699824
2018-01-15,20.0,20.0,20.0,19.85,19.85,15646910
2018-01-16,20.0,20.0,20.0,19.95,20.0,13880495
2018-01-17,20.05,20.05,20.1,19.95,19.95,20701539
2018-01-18,20.05,20.05,20.1,20.0,20.05,13963711
2018-01-19,20.05,20.05,20.05,19.95,20.05,9559258
2018-01-22,20.0,20.0,20.05,19.95,20.0,15728290
2018-01-23,20.0,20.0,20.0,19.9,20.0,12809833
2018-01-24,20.0,20.0,20.0,19.9,19.95,13990979
2018-01-25,20.1,20.1,20.1,19.95,20.0,16962924
2018-01-26,20.05,20.05,20.15,20.0,20.1,10138025
2018-01-29,20.2,20.2,20.2,20.05,20.1,10704190
2018-01-30,20.05,20.05,20.2,20.05,20.2,14423153
2018-01-31,20.15,20.15,20.15,19.95,20.0,12682380
2018-02-01,20.15,20.15,20.2,20.1,20.15,10661349
2018-02-02,20.15,20.15,20.2,20.0,20.05,10965082
2018-02-05,20.1,20.1,20.15,19.85,19.9,17089417
2018-02-06,19.5,19.5,19.85,19.45,19.7,59813384
2018-02-07,19.65,19.65,19.9,19.65,19.65,27212191
2018-02-08,19.7,19.7,19.75,19.65,19.65,13418263
2018-02-09,19.45,19.45,19.6,19.3,19.5,30970834
2018-02-12,19.45,19.45,19.6,19.4,19.5,24864380
2018-02-21,19.75,19.75,19.75,19.6,19.6,16180078
2018-02-22,19.85,19.85,19.85,19.6,19.7,14918278
2018-02-23,19.9,19.9,20.05,19.9,19.9,14962627
2018-02-26,20.1,20.1,20.1,19.95,20.0,14638636
2018-02-27,20.0,20.0,20.15,20.0,20.1,21561452
2018-03-01,19.95,19.95,20.1,19.85,19.95,15702062
2018-03-02,19.8,19.8,19.85,19.7,19.8,22500468
2018-03-05,19.8,19.8,19.9,19.8,19.8,15649211
2018-03-06,19.95,19.95,19.95,19.85,19.9,12252700
2018-03-07,19.85,19.85,20.0,19.85,19.95,12781726
2018-03-08,19.9,19.9,19.95,19.85,19.9,6561722
2018-03-09,20.0,20.0,20.0,19.95,19.95,9622132
2018-03-12,20.05,20.05,20.05,19.95,20.0,16729856
2018-03-13,20.15,20.15,20.15,20.0,20.05,20153813
2018-03-14,20.15,20.15,20.2,20.05,20.15,12572404
2018-03-15,20.05,20.05,20.2,20.05,20.05,10093553
2018-03-16,20.15,20.15,20.2,20.05,20.1,33708516
2018-03-19,20.2,20.2,20.2,20.05,20.15,11657862
2018-03-20,20.1,20.1,20.2,20.1,20.15,9690916
2018-03-21,20.1,20.1,20.2,20.05,20.1,10906229
2018-03-22,20.15,20.15,20.15,20.05,20.1,12855618
2018-03-23,20.05,20.05,20.1,19.95,20.0,15215703
2018-03-26,20.05,20.05,20.05,19.95,20.0,9917941
2018-03-27,20.2,20.2,20.2,20.1,20.15,11899633
2018-03-28,20.2,20.2,20.2,20.1,20.2,11716989
2018-03-29,20.25,20.25,20.25,20.1,20.2,14223906
2018-03-30,20.25,20.25,20.3,20.2,20.25,8776183
2018-04-02,20.25,20.25,20.35,20.25,20.25,10504101
2018-04-03,20.2,20.2,20.3,20.2,20.2,9192116
2018-04-09,20.2,20.2,20.25,20.1,20.25,12963198
2018-04-10,20.3,20.3,20.3,20.2,20.2,10591296
2018-04-11,20.3,20.3,20.35,20.3,20.3,8614219
2018-04-12,20.35,20.35,20.35,20.25,20.3,5671108
2018-04-13,20.3,20.3,20.35,20.25,20.3,9973159
2018-04-16,20.25,20.25,20.3,20.2,20.3,7570885
2018-04-17,20.25,20.25,20.3,20.15,20.25,10756781
2018-04-18,20.25,20.25,20.3,20.2,20.25,7265027
2018-04-19,20.4,20.4,20.4,20.2,20.25,11441194
2018-04-20,20.4,20.4,20.4,20.25,20.3,7936132
2018-04-23,20.5,20.5,20.5,20.3,20.35,10389626
2018-04-24,20.5,20.5,20.5,20.4,20.5,9262782
2018-04-25,20.5,20.5,20.5,20.35,20.45,8442891
2018-04-26,20.5,20.5,20.55,20.45,20.5,7973073
2018-04-27,20.45,20.45,20.45,20.25,20.3,20056226
2018-04-30,20.4,20.4,20.5,20.35,20.4,14559162
2018-05-02,20.45,20.45,20.5,20.35,20.4,13597104
2018-05-03,20.4,20.4,20.5,20.4,20.5,11908367
2018-05-04,20.3,20.3,20.4,20.3,20.35,11260402
2018-05-07,20.3,20.3,20.4,20.3,20.3,10761041
2018-05-08,20.35,20.35,20.35,20.25,20.3,9644897
2018-05-09,20.3,20.3,20.4,20.3,20.3,8326202
2018-05-10,20.35,20.35,20.45,20.3,20.3,9507179
2018-05-11,20.6,20.6,20.6,20.4,20.4,15249299
2018-05-14,20.7,20.7,20.7,20.5,20.6,11709532
2018-05-15,20.55,20.55,20.8,20.55,20.8,16060526
2018-05-16,20.65,20.65,20.7,20.55,20.55,9503847
2018-05-17,20.65,20.65,20.8,20.6,20.65,10853259
2018-05-18,20.8,20.8,20.8,20.6,20.65,16041778
2018-05-21,20.8,20.8,20.85,20.75,20.8,11871833
2018-05-22,20.7,20.7,20.8,20.7,20.8,7009291
2018-05-23,20.6,20.6,20.7,20.6,20.65,9932546
2018-05-24,20.75,20.75,20.8,20.6,20.65,7749813
2018-05-25,20.85,20.85,20.85,20.7,20.75,9527228
2018-05-28,20.95,20.95,20.95,20.8,20.85,8266177
2018-05-29,20.95,20.95,20.95,20.85,20.95,7580376
2018-05-30,20.55,20.55,20.8,20.55,20.7,28173956
2018-05-31,20.35,20.35,20.7,20.35,20.55,66363913
2018-06-01,20.75,20.75,20.75,20.35,20.4,19455655
2018-06-04,20.85,20.85,20.85,20.7,20.75,11151861
2018-06-05,20.9,20.9,20.9,20.8,20.85,11530317
2018-06-06,21.0,21.0,21.0,20.85,20.9,17161497
2018-06-07,21.1,21.1,21.1,20.95,21.0,16278907
2018-06-08,21.05,21.05,21.05,20.95,21.0,12954413
2018-06-11,21.1,21.1,21.1,21.0,21.05,7334057
2018-06-12,20.9,20.9,21.1,20.9,20.95,10895283
2018-06-13,20.9,20.9,20.95,20.85,20.9,10328617
2018-06-14,20.7,20.7,20.9,20.7,20.8,12450211
2018-06-15,20.7,20.7,20.8,20.7,20.7,27625214
2018-06-19,20.4,20.4,20.7,20.4,20.65,27624692
2018-06-20,20.5,20.5,20.7,20.35,20.4,14417339
2018-06-21,20.5,20.5,20.65,20.5,20.5,10896938
2018-06-22,20.65,20.65,20.65,20.35,20.45,15663227
2018-06-25,20.45,20.45,20.6,20.4,20.5,12252591
2018-06-26,20.35,20.35,20.45,20.35,20.45,13919551
2018-06-27,20.35,20.35,20.45,20.35,20.4,12875957
2018-06-28,20.35,20.35,20.45,20.25,20.3,14557960
2018-06-29,20.6,20.6,20.65,20.35,20.35,14136252
2018-07-02,20.3,20.3,20.55,20.3,20.4,12057243
2018-07-03,20.2,20.2,20.35,20.2,20.3,10969485
2018-07-04,20.3,20.3,20.35,20.2,20.2,4637276
2018-07-05,20.2,20.2,20.35,20.2,20.35,6352695
2018-07-06,20.25,20.25,20.25,20.15,20.2,11143794
2018-07-09,20.35,20.35,20.45,20.3,20.4,6329684
2018-07-10,20.5,20.5,20.5,20.35,20.5,7925917
2018-07-11,20.4,20.4,20.5,20.35,20.4,5569395
2018-07-12,20.6,20.6,20.6,20.4,20.4,7274100
2018-07-13,20.65,20.65,20.65,20.55,20.6,5878114
2018-07-16,20.6,20.6,20.7,20.6,20.7,5171060
2018-07-17,20.6,20.6,20.7,20.6,20.6,6498827
2018-07-18,20.75,20.75,20.75,20.6,20.6,8902138
2018-07-19,20.6,20.6,20.75,20.6,20.7,5190969
2018-07-20,20.7,20.7,20.7,20.6,20.65,7045093
2018-07-23,20.75,20.75,20.75,20.65,20.7,6831602
2018-07-24,20.85,20.85,20.85,20.7,20.7,9564147
2018-07-25,20.8,20.8,20.9,20.75,20.9,12975457
2018-07-26,20.9,20.9,20.9,20.8,20.85,16540136
2018-07-27,21.0,21.0,21.0,20.85,20.85,22909726
2018-07-30,21.0,21.0,21.05,20.95,21.0,16821734
2018-07-31,21.05,21.05,21.05,20.95,21.0,20589701
2018-08-01,21.05,21.05,21.05,21.0,21.05,13764007
2018-08-02,20.95,20.95,21.1,20.95,21.05,14719836
2018-08-03,21.05,21.05,21.05,20.9,21.0,13666284
2018-08-06,21.2,21.2,21.2,21.05,21.1,22068330
2018-08-07,21.25,21.25,21.3,21.15,21.2,21796646
2018-08-08,21.3,21.3,21.3,21.2,21.3,26381957
2018-08-09,21.35,21.35,21.4,21.25,21.25,49369251
2018-08-10,20.5,20.5,20.55,20.35,20.4,53957574
2018-08-13,20.4,20.4,20.55,20.3,20.5,19050426
2018-08-14,20.35,20.35,20.4,20.3,20.4,13232847
2018-08-15,20.2,20.2,20.4,20.2,20.35,15259838
2018-08-16,20.15,20.15,20.2,20.05,20.15,12899128
2018-08-17,20.25,20.25,20.35,20.2,20.2,6644439
2018-08-20,20.35,20.35,20.35,20.2,20.3,11058292
2018-08-21,20.45,20.45,20.45,20.35,20.4,9573825
2018-08-22,20.5,20.5,20.65,20.4,20.45,14941476
2018-08-23,20.55,20.55,20.6,20.4,20.55,11963248
2018-08-24,20.5,20.5,20.55,20.4,20.5,7180284
2018-08-27,20.35,20.35,20.5,20.35,20.45,10074561
2018-08-28,20.45,20.45,20.45,20.4,20.45,8262136
2018-08-29,20.5,20.5,20.5,20.4,20.45,10331590
2018-08-30,20.4,20.4,20.5,20.4,20.45,9079946
2018-08-31,20.55,20.55,20.55,20.35,20.4,15988144
2018-09-03,20.5,20.5,20.55,20.4,20.5,7968294
2018-09-04,20.45,20.45,20.5,20.4,20.5,9091195
2018-09-05,20.35,20.35,20.45,20.35,20.4,12842050
2018-09-06,20.5,20.5,20.5,20.3,20.35,8358692
2018-09-07,20.4,20.4,20.5,20.35,20.35,9608413
2018-09-10,20.35,20.35,20.45,20.3,20.4,10946337
2018-09-11,20.4,20.4,20.4,20.3,20.35,10177835
2018-09-12,20.4,20.4,20.45,20.35,20.4,10283935
2018-09-13,20.55,20.55,20.55,20.35,20.4,11796024
2018-09-14,20.45,20.45,20.55,20.45,20.55,13355814
2018-09-17,20.4,20.4,20.5,20.4,20.45,4015812
2018-09-18,20.4,20.4,20.5,20.4,20.4,10267332
2018-09-19,20.55,20.55,20.55,20.45,20.45,7952263
2018-09-20,20.6,20.6,20.65,20.55,20.6,9065244
2018-09-21,20.7,20.7,20.75,20.6,20.7,23574152
2018-09-25,20.8,20.8,20.8,20.65,20.75,14147465
2018-09-26,20.8,20.8,20.85,20.75,20.85,11129345
2018-09-27,20.95,20.95,21.0,20.7,20.7,15723650
2018-09-28,20.8,20.8,20.95,20.7,20.85,15878711
2018-10-01,20.85,20.85,20.9,20.75,20.8,9479019
2018-10-02,20.6,20.6,20.85,20.6,20.85,16207511
2018-10-03,20.55,20.55,20.65,20.55,20.6,10521243
2018-10-04,20.5,20.5,20.6,20.45,20.55,15280551
2018-10-05,20.4,20.4,20.5,20.35,20.45,20671115
2018-10-08,20.5,20.5,20.65,20.35,20.4,17754163
2018-10-09,20.6,20.6,20.7,20.45,20.5,14665816
2018-10-11,19.95,19.95,20.3,19.95,20.25,62589127
2018-10-12,20.1,20.1,20.1,19.7,19.85,35508501
2018-10-15,19.8,19.8,20.0,19.8,20.0,19909258
2018-10-16,19.8,19.8,19.85,19.75,19.8,17791749
2018-10-17,19.75,19.75,19.95,19.75,19.9,15950212
2018-10-18,19.8,19.8,19.85,19.7,19.8,7838163
2018-10-19,19.85,19.85,19.85,19.65,19.7,14502826
2018-10-22,19.9,19.9,19.9,19.65,19.7,8822225
2018-10-23,19.6,19.6,19.8,19.6,19.8,16211768
2018-10-24,19.5,19.5,19.7,19.3,19.5,19801433
2018-10-25,19.4,19.4,19.4,19.2,19.25,26775721
2018-10-26,19.5,19.5,19.5,19.3,19.4,14359272
2018-10-29,19.4,19.4,19.55,19.3,19.5,7739136
2018-10-30,19.4,19.4,19.45,19.25,19.4,15778422
2018-10-31,19.55,19.55,19.55,19.4,19.45,18387653
2018-11-01,19.4,19.4,19.6,19.4,19.55,10330974
2018-11-02,19.65,19.65,19.65,19.45,19.5,7602372
2018-11-05,19.75,19.75,19.75,19.5,19.6,9134958
2018-11-06,19.85,19.85,19.85,19.75,19.8,8464977
2018-11-07,20.0,20.0,20.05,19.85,19.85,15261947
2018-11-08,20.3,20.3,20.3,20.05,20.1,20742875
2018-11-09,20.25,20.25,20.3,20.1,20.2,11694569
2018-11-12,20.2,20.2,20.25,20.05,20.1,7315831
2018-11-13,20.0,20.0,20.2,19.65,19.65,13774619
2018-11-14,20.4,20.4,20.4,20.0,20.0,10591804
2018-11-15,20.3,20.3,20.35,20.1,20.3,6345357
2018-11-16,20.4,20.4,20.45,20.25,20.45,12749699
2018-11-19,20.45,20.45,20.45,20.35,20.4,9439612
2018-11-20,20.4,20.4,20.45,20.35,20.4,9652120
2018-11-21,20.35,20.35,20.4,20.2,20.3,10626493
2018-11-22,20.35,20.35,20.4,20.25,20.3,8985885
2018-11-23,20.3,20.3,20.35,20.2,20.3,10417860
2018-11-26,20.2,20.2,20.5,20.2,20.35,13850141
2018-11-27,20.35,20.35,20.35,20.1,20.2,13115585
2018-11-28,20.25,20.25,20.3,20.1,20.15,13468357
2018-11-29,20.2,20.2,20.35,20.15,20.25,9433943
2018-11-30,19.95,19.95,20.5,19.95,20.25,85844900
2018-12-03,20.05,20.05,20.15,20.0,20.15,23373526
2018-12-04,20.0,20.0,20.1,19.95,20.0,15121883
2018-12-05,19.95,19.95,20.0,19.9,19.95,12664832
2018-12-06,19.9,19.9,20.0,19.85,19.95,16763587
2018-12-07,19.85,19.85,19.9,19.8,19.85,9717030
2018-12-10,19.75,19.75,19.85,19.75,19.85,10270980
2018-12-11,19.75,19.75,19.85,19.7,19.75,12001409
2018-12-12,19.75,19.75,19.85,19.75,19.85,13184739
2018-12-13,19.9,19.9,20.0,19.75,19.8,10739661
2018-12-14,19.95,19.95,19.95,19.75,19.85,10221597
2018-12-17,19.85,19.85,20.0,19.75,19.9,13792165
2018-12-18,19.8,19.8,19.9,19.7,19.9,13223459
2018-12-19,19.9,19.9,19.9,19.65,19.75,19141904
2018-12-20,19.9,19.9,19.95,19.75,19.8,8733645
2018-12-21,19.75,19.75,19.9,19.75,19.9,12112746
2018-12-24,19.8,19.8,19.8,19.65,19.7,10574031
2018-12-25,19.65,19.65,19.7,19.55,19.55,5641494
2018-12-26,19.7,19.7,19.75,19.65,19.65,5396256
2018-12-27,19.85,19.85,19.95,19.75,19.9,10050848
2018-12-28,20.0,20.0,20.0,19.8,19.85,12457018
2019-01-02,19.8,19.8,20.0,19.7,20.0,8998928
2019-01-03,19.9,19.9,19.9,19.8,19.8,6231173
2019-01-04,19.85,19.85,19.9,19.7,19.8,9337956
2019-01-07,20.0,20.0,20.0,19.9,19.95,10666470
2019-01-08,19.95,19.95,20.05,19.9,20.05,9216580
2019-01-09,20.2,20.2,20.25,20.05,20.05,20303226
2019-01-10,20.2,20.2,20.25,20.1,20.2,11487894
2019-01-11,20.2,20.2,20.2,20.1,20.2,9750168
2019-01-14,20.2,20.2,20.2,19.95,20.2,8782647
2019-01-15,20.15,20.15,20.2,19.95,20.2,27656330
2019-01-16,20.0,20.0,20.1,20.0,20.05,11445069
2019-01-17,20.05,20.05,20.05,19.95,20.0,13553582
2019-01-18,20.2,20.2,20.2,19.95,20.0,12977099
2019-01-21,20.15,20.15,20.25,20.1,20.2,11617929
2019-01-22,20.25,20.25,20.25,20.05,20.15,13393831
2019-01-23,20.1,20.1,20.2,20.05,20.1,6466413
2019-01-24,20.2,20.2,20.25,20.1,20.1,8200776
2019-01-25,20.25,20.25,20.3,20.15,20.2,15949116
2019-01-28,20.3,20.3,20.4,20.25,20.25,9570424
2019-01-29,20.35,20.35,20.35,20.2,20.25,12799996
2019-01-30,20.4,20.4,20.45,20.3,20.35,15095929
2019-02-11,20.4,20.4,20.5,20.4,20.4,21063023
2019-02-12,20.6,20.6,20.65,20.4,20.4,19087367
2019-02-13,20.6,20.6,20.7,20.6,20.6,21060258
2019-02-14,20.6,20.6,20.75,20.6,20.6,15632695
2019-02-15,20.5,20.5,20.65,20.5,20.6,14053630
2019-02-18,20.6,20.6,20.7,20.55,20.6,10154602
2019-02-19,20.55,20.55,20.65,20.55,20.6,8627119
2019-02-20,20.6,20.6,20.65,20.55,20.6,15749953
2019-02-21,20.7,20.7,20.7,20.55,20.55,12209269
2019-02-22,20.8,20.8,20.8,20.6,20.65,12475269
2019-02-25,20.8,20.8,20.8,20.7,20.8,11730945
2019-02-26,20.8,20.8,20.8,20.7,20.75,12911675
2019-02-27,20.8,20.8,20.85,20.7,20.8,16758941
2019-03-04,20.95,20.95,21.0,20.65,20.8,24141449
2019-03-05,20.8,20.8,20.85,20.8,20.8,10769707
2019-03-06,20.9,20.9,20.95,20.8,20.8,10385935
2019-03-07,20.95,20.95,20.95,20.8,20.9,9181319
2019-03-08,20.85,20.85,20.9,20.8,20.9,8036497
2019-03-11,20.8,20.8,20.95,20.8,20.85,10879505
2019-03-12,21.0,21.0,21.0,20.85,20.9,11703633
2019-03-13,21.0,21.0,21.0,20.85,20.95,8656678
2019-03-14,20.95,20.95,21.05,20.9,21.0,10083658
2019-03-15,20.85,20.85,21.0,20.85,20.95,20804101
2019-03-18,21.0,21.0,21.0,20.85,20.85,11531001
2019-03-19,21.0,21.0,21.1,21.0,21.0,14100203
2019-03-20,21.1,21.1,21.1,20.95,21.0,17591231
2019-03-21,21.1,21.1,21.15,21.0,21.1,11806635
2019-03-22,21.1,21.1,21.15,21.05,21.1,12096724
2019-03-25,20.9,20.9,21.0,20.9,21.0,14400693
2019-03-26,21.1,21.1,21.1,20.9,20.9,13479586
2019-03-27,21.1,21.1,21.1,21.0,21.1,11346880
2019-03-28,21.05,21.05,21.05,20.95,21.05,16032757
2019-03-29,21.1,21.1,21.1,20.95,21.05,22804912
2019-04-01,21.1,21.1,21.15,21.0,21.1,15916069
2019-04-02,21.1,21.1,21.15,21.05,21.1,6987037
2019-04-03,21.2,21.2,21.2,21.05,21.1,12646470
2019-04-08,21.15,21.15,21.2,21.1,21.2,14331195
2019-04-09,21.25,21.25,21.25,21.1,21.15,15138314
2019-04-10,21.3,21.3,21.3,21.2,21.2,12304392
2019-04-11,21.3,21.3,21.35,21.25,21.3,11062671
2019-04-12,21.3,21.3,21.3,21.2,21.3,11422744
2019-04-15,21.3,21.3,21.35,21.3,21.3,11281663
2019-04-16,21.3,21.3,21.35,21.25,21.3,9697818
2019-04-17,21.35,21.35,21.35,21.25,21.3,13073745
2019-04-18,21.35,21.35,21.35,21.2,21.35,16126326
2019-04-19,21.55,21.55,21.55,21.25,21.35,17159245
2019-04-22,21.35,21.35,21.55,21.35,21.55,5444194
2019-04-23,21.4,21.4,21.4,21.3,21.4,6280907
2019-04-24,21.5,21.5,21.5,21.4,21.4,10372017
2019-04-25,21.6,21.6,21.6,21.45,21.5,8939699
2019-04-26,21.6,21.6,21.6,21.45,21.5,13464768
2019-04-29,21.9,21.9,21.9,21.6,21.6,14213448
2019-04-30,22.05,22.05,22.1,21.85,21.9,22619802
2019-05-02,22.0,22.0,22.15,22.0,22.0,24821154
2019-05-03,22.0,22.0,22.1,21.95,22.0,16911308
2019-05-06,21.8,21.8,21.95,21.7,21.9,13334149
2019-05-07,21.95,21.95,22.0,21.8,21.8,10552903
2019-05-08,21.9,21.9,21.95,21.75,21.8,9487756
2019-05-09,21.7,21.7,21.85,21.7,21.8,16227662
2019-05-10,21.6,21.6,21.85,21.6,21.75,15990487
2019-05-13,21.5,21.5,21.7,21.5,21.6,11936850
2019-05-14,21.4,21.4,21.45,21.25,21.35,18940673
2019-05-15,21.5,21.5,21.75,21.35,21.4,13891625
2019-05-16,21.5,21.5,21.55,21.4,21.5,11667476
2019-05-17,21.55,21.55,21.9,21.5,21.5,11760568
2019-05-20,21.85,21.85,22.0,21.6,21.6,17732703
2019-05-21,22.2,22.2,22.2,21.9,22.0,22624538
2019-05-22,21.95,21.95,22.05,21.8,22.0,15146651
2019-05-23,21.9,21.9,22.0,21.85,21.95,13250396
2019-05-24,22.1,22.1,22.1,21.95,22.0,10822495
2019-05-27,22.15,22.15,22.25,22.05,22.15,6805180
2019-05-28,22.2,22.2,22.2,22.05,22.15,30295352
2019-05-29,22.3,22.3,22.3,22.05,22.1,14226470
2019-05-30,22.45,22.45,22.45,22.3,22.3,14753127
2019-05-31,22.6,22.6,22.6,22.15,22.25,28607947
2019-06-03,22.35,22.35,22.45,22.2,22.35,14751719
2019-06-04,22.6,22.6,22.6,22.3,22.35,14646945
2019-06-05,22.5,22.5,22.7,22.5,22.55,13431508
2019-06-06,22.7,22.7,22.7,22.5,22.5,18355630
2019-06-10,22.75,22.75,22.8,22.6,22.65,19320686
2019-06-11,22.25,22.25,22.75,22.25,22.75,16097033
2019-06-12,21.95,21.95,22.2,21.75,22.2,26464488
2019-06-13,22.15,22.15,22.2,21.9,21.9,10003844
2019-06-14,22.2,22.2,22.3,22.1,22.15,8882663
2019-06-17,22.2,22.2,22.45,22.2,22.35,9178252
2019-06-18,22.3,22.3,22.4,22.2,22.3,8804450
2019-06-19,22.7,22.7,22.7,22.35,22.4,26434304
2019-06-20,22.7,22.7,22.75,22.5,22.75,11915168
2019-06-21,22.5,22.5,22.75,22.5,22.7,22186155
2019-06-24,22.7,22.7,22.7,22.5,22.55,10450370
2019-06-25,22.7,22.7,22.75,22.55,22.7,11524538
2019-06-26,22.7,22.7,22.8,22.65,22.7,7864832
2019-06-27,22.75,22.75,22.8,22.7,22.7,17389378
2019-06-28,22.8,22.8,22.85,22.7,22.8,12528319
2019-07-01,22.75,22.75,22.85,22.7,22.8,7737762
2019-07-02,22.8,22.8,22.8,22.6,22.75,11879989
2019-07-03,22.75,22.75,22.8,22.65,22.75,10254023
2019-07-04,22.8,22.8,22.8,22.7,22.75,7588201
2019-07-05,22.85,22.85,22.85,22.7,22.8,7618044
2019-07-08,22.75,22.75,22.8,22.7,22.75,5883512
2019-07-09,22.7,22.7,22.8,22.7,22.75,9350575
2019-07-10,22.85,22.85,22.85,22.75,22.75,10811993
2019-07-11,22.9,22.9,22.95,22.8,22.85,10067065
2019-07-12,22.85,22.85,22.9,22.8,22.85,5723627
2019-07-15,22.9,22.9,23.0,22.8,22.85,9745090
2019-07-16,23.0,23.0,23.0,22.9,23.0,10918780
2019-07-17,23.1,23.1,23.1,22.85,22.95,14292140
2019-07-18,23.05,23.05,23.1,23.0,23.0,5735389
2019-07-19,23.1,23.1,23.1,23.0,23.05,9028594
2019-07-22,23.1,23.1,23.15,23.0,23.05,7539127
2019-07-23,23.1,23.1,23.15,23.05,23.05,9489635
2019-07-24,23.1,23.1,23.1,23.0,23.1,9063969
2019-07-25,23.15,23.15,23.15,23.0,23.05,11269623
2019-07-26,23.1,23.1,23.15,23.05,23.1,7859100
2019-07-29,23.1,23.1,23.2,23.05,23.1,12629264
2019-07-30,23.25,23.25,23.25,23.1,23.1,15027953
2019-07-31,23.4,23.4,23.4,23.1,23.2,23140836
2019-08-01,23.1,23.1,23.25,23.05,23.2,15634475
2019-08-02,22.95,22.95,22.95,22.8,22.8,21686372
2019-08-05,23.0,23.0,23.0,22.85,22.95,25442468
2019-08-06,22.8,22.8,22.95,22.5,22.75,17922105
2019-08-07,22.7,22.7,22.8,22.7,22.75,27814593
2019-08-08,22.8,22.8,22.8,22.6,22.6,34899006
2019-08-12,21.55,21.55,21.6,21.3,21.6,45727400
2019-08-13,21.15,21.15,21.5,21.1,21.5,29710755
2019-08-14,21.2,21.2,21.3,21.2,21.2,14018601
2019-08-15,21.15,21.15,21.2,21.0,21.1,13434291
2019-08-16,21.25,21.25,21.45,21.0,21.05,14986315
2019-08-19,21.35,21.35,21.45,21.25,21.3,13030319
2019-08-20,21.3,21.3,21.4,21.3,21.35,9940241
2019-08-21,21.15,21.15,21.3,21.1,21.3,9569369
2019-08-22,21.35,21.35,21.35,21.2,21.2,11955690
2019-08-23,21.45,21.45,21.5,21.35,21.4,13777467
2019-08-26,21.2,21.2,21.35,21.15,21.35,10696333
2019-08-27,21.25,21.25,21.25,21.05,21.25,24082490
2019-08-28,21.2,21.2,21.35,21.2,21.3,10169553
2019-08-29,21.2,21.2,21.3,21.1,21.2,9333279
2019-08-30,21.5,21.5,21.5,21.25,21.35,18989473
2019-09-02,21.5,21.5,21.5,21.4,21.5,6395937
2019-09-03,21.35,21.35,21.5,21.35,21.5,7077681
2019-09-04,21.45,21.45,21.45,21.25,21.35,12975615
2019-09-05,21.5,21.5,21.5,21.4,21.4,11451940
2019-09-06,21.55,21.55,21.55,21.4,21.45,10459615
2019-09-09,21.65,21.65,21.65,21.5,21.5,16352199
2019-09-10,22.0,22.0,22.0,21.8,21.85,23158729
2019-09-11,22.0,22.0,22.05,21.9,22.0,17310154
2019-09-12,22.0,22.0,22.15,22.0,22.1,10795817
2019-09-16,22.1,22.1,22.2,22.0,22.1,12060503
2019-09-17,22.2,22.2,22.2,22.0,22.15,10447510
2019-09-18,22.25,22.25,22.25,22.1,22.2,11680938
2019-09-19,22.25,22.25,22.25,22.2,22.2,7217374
2019-09-20,22.4,22.4,22.4,22.2,22.25,20236766
2019-09-23,22.2,22.2,22.5,22.1,22.4,11605914
2019-09-24,22.15,22.15,22.25,22.0,22.2,18581568
2019-09-25,22.1,22.1,22.15,21.85,22.15,22789192
2019-09-26,21.95,21.95,22.15,21.95,22.15,12259039
2019-09-27,21.8,21.8,22.1,21.8,21.95,15621266
2019-10-01,22.05,22.05,22.25,21.8,22.15,19636606
2019-10-02,21.95,21.95,22.15,21.95,22.0,7918164
2019-10-03,21.8,21.8,21.9,21.75,21.8,6248422
2019-10-04,22.0,22.0,22.0,21.8,21.8,5506834
2019-10-07,21.9,21.9,22.0,21.9,22.0,3801331
2019-10-08,22.1,22.1,22.1,21.9,21.95,7833466
2019-10-09,21.85,21.85,22.0,21.85,21.95,8321467
2019-10-14,22.05,22.05,22.05,21.95,22.0,7826305
2019-10-15,22.05,22.05,22.05,21.95,22.05,5016475
2019-10-16,22.1,22.1,22.15,22.0,22.05,7046695
2019-10-17,22.1,22.1,22.2,22.1,22.1,7574200
2019-10-18,22.05,22.05,22.15,22.0,22.1,5597462
2019-10-21,22.2,22.2,22.2,22.05,22.05,5358393
2019-10-22,22.25,22.25,22.25,22.05,22.2,11115038
2019-10-23,22.0,22.0,22.25,21.95,22.25,15861531
2019-10-24,22.2,22.2,22.2,22.0,22.05,9609684
2019-10-25,22.3,22.3,22.3,22.1,22.2,4822591
2019-10-28,22.3,22.3,22.3,22.25,22.3,5667953
2019-10-29,22.3,22.3,22.35,22.2,22.3,7995526
2019-10-30,22.35,22.35,22.35,22.2,22.2,12816963
2019-10-31,22.35,22.35,22.45,22.3,22.35,18065982
2019-11-01,22.5,22.5,22.5,22.35,22.35,9743550
2019-11-04,22.7,22.7,22.7,22.5,22.5,15586603
2019-11-05,22.75,22.75,22.75,22.6,22.7,12687137
2019-11-06,22.75,22.75,22.9,22.65,22.75,19732757
2019-11-07,22.75,22.75,22.8,22.65,22.7,11291891
2019-11-08,22.8,22.8,22.8,22.65,22.75,8792965
2019-11-11,22.8,22.8,22.8,22.6,22.8,15243290
2019-11-12,22.8,22.8,22.85,22.7,22.85,9261208
2019-11-13,22.6,22.6,22.75,22.6,22.75,14135149
2019-11-14,22.6,22.6,22.7,22.5,22.6,8932540
2019-11-20,22.9,22.9,22.9,22.75,22.8,7804319
2019-11-21,22.65,22.65,22.75,22.65,22.7,10136099
2019-11-22,22.9,22.9,22.9,22.65,22.7,7684429
2019-11-25,22.8,22.8,22.9,22.8,22.85,9226433
2019-11-26,23.0,23.0,23.0,22.6,22.9,56324757
2019-11-27,23.0,23.0,23.05,22.9,23.0,9041367
2019-11-28,23.0,23.0,23.05,22.9,23.0,7567660
2019-11-29,22.95,22.95,23.05,22.9,23.0,7441063
2019-12-02,22.9,22.9,23.0,22.85,22.9,7295371
2019-12-03,23.0,23.0,23.0,22.9,22.95,10809610
2019-12-04,23.0,23.0,23.0,22.85,23.0,10448031
2019-12-05,22.9,22.9,23.0,22.9,22.9,8325767
2019-12-06,22.95,22.95,22.95,22.8,22.95,6433777
2019-12-09,23.0,23.0,23.0,22.9,22.95,6302946
2019-12-10,23.0,23.0,23.0,22.9,23.0,6642557
2019-12-11,22.95,22.95,23.0,22.9,23.0,8690998
2019-12-12,23.1,23.1,23.15,22.95,22.95,15723142
2019-12-13,23.3,23.3,23.3,23.1,23.15,17159015
2019-12-16,23.2,23.2,23.3,23.15,23.3,11006466
2019-12-17,23.6,23.6,23.6,23.15,23.2,21864343
2019-12-18,23.9,23.9,24.0,23.5,23.6,22737608
2019-12-19,24.0,24.0,24.0,23.8,23.85,20524270
2019-12-20,23.9,23.9,24.1,23.9,24.0,21201021
2019-12-23,23.95,23.95,23.95,23.75,23.9,7009615
2019-12-24,23.85,23.85,23.9,23.8,23.85,4554550
2019-12-25,23.85,23.85,23.85,23.75,23.85,3368475
2019-12-26,23.85,23.85,23.85,23.75,23.85,3762372
2019-12-27,23.95,23.95,23.95,23.8,23.85,6170815
2019-12-30,23.95,23.95,23.95,23.8,23.9,7326474
2019-12-31,23.7,23.7,23.9,23.7,23.9,7851717
2020-01-02,23.7,23.7,23.8,23.65,23.75,9634190
2020-01-03,23.85,23.85,23.85,23.7,23.7,7503419
2020-01-06,23.7,23.7,23.75,23.65,23.7,9371957
2020-01-07,23.55,23.55,23.7,23.5,23.65,9613200
2020-01-08,23.25,23.25,23.5,23.15,23.45,25167775
2020-01-09,23.5,23.5,23.55,23.3,23.35,12025879
2020-01-10,23.6,23.6,23.6,23.5,23.55,13692111
2020-01-13,23.9,23.9,23.9,23.65,23.7,13424203
2020-01-14,24.0,24.0,24.0,23.9,23.9,16129708
2020-01-15,24.0,24.0,24.0,23.9,24.0,11347381
2020-01-16,24.0,24.0,24.0,23.95,24.0,11402474
2020-01-17,24.35,24.35,24.35,24.0,24.05,13356789
2020-01-20,24.55,24.55,24.6,24.3,24.35,17265993
2020-01-30,23.5,23.5,23.85,23.45,23.75,66277634
2020-01-31,23.6,23.6,23.8,23.45,23.45,25702478
2020-02-03,23.45,23.45,23.45,22.9,23.0,24431631
2020-02-04,23.55,23.55,23.65,23.25,23.4,16421056
2020-02-05,23.8,23.8,23.95,23.5,23.6,18605944
2020-02-06,24.15,24.15,24.15,23.95,23.95,15034025
2020-02-07,24.1,24.1,24.1,23.95,24.0,10279487
2020-02-10,24.05,24.05,24.05,23.8,23.8,14540252
2020-02-11,24.1,24.1,24.15,24.0,24.05,10748351
2020-02-12,24.0,24.0,24.15,24.0,24.0,13952022
2020-02-13,24.1,24.1,24.15,24.0,24.0,12244797
2020-02-14,24.1,24.1,24.15,24.0,24.05,8907940
2020-02-17,24.2,24.2,24.2,24.0,24.05,14165787
2020-02-18,24.4,24.4,24.4,24.1,24.1,14041404
2020-02-19,24.6,24.6,24.6,24.4,24.4,15742347
2020-02-20,24.5,24.5,24.8,24.5,24.6,17984434
2020-02-21,24.4,24.4,24.65,24.4,24.5,13631679
2020-02-24,24.1,24.1,24.2,24.0,24.15,14277445
2020-02-25,24.0,24.0,24.0,23.8,23.8,18990314
2020-02-26,23.9,23.9,24.0,23.7,23.75,21984427
2020-02-27,23.7,23.7,23.85,23.6,23.8,23325287
2020-03-02,23.2,23.2,23.4,23.15,23.2,38607141
2020-03-03,23.5,23.5,23.5,23.3,23.35,22493338
2020-03-04,23.5,23.5,23.5,23.25,23.4,19039534
2020-03-05,23.55,23.55,23.6,23.5,23.5,10817624
2020-03-06,23.25,23.25,23.5,23.2,23.5,26069225
2020-03-09,22.7,22.7,23.0,22.45,23.0,47154720
2020-03-10,22.6,22.6,22.8,22.25,22.25,42146815
2020-03-11,22.65,22.65,22.85,22.55,22.6,20955990
2020-03-12,21.8,21.8,22.5,21.5,22.5,52201000
2020-03-13,21.15,21.15,21.25,20.0,20.45,79174409
2020-03-16,20.1,20.1,21.05,20.1,21.05,42932804
2020-03-17,19.45,19.45,19.75,19.25,19.4,63950365
2020-03-18,19.05,19.05,19.45,19.0,19.4,66975750
2020-03-19,17.25,17.25,18.35,17.2,18.3,106765706
2020-03-20,18.65,18.65,18.75,17.5,17.5,69213528
2020-03-23,17.95,17.95,18.35,17.3,17.9,32067169
2020-03-24,18.6,18.6,18.9,18.5,18.5,38363346
2020-03-25,19.5,19.5,19.75,19.05,19.1,37647167
2020-03-26,19.45,19.45,19.6,19.15,19.5,24463362
2020-03-27,19.85,19.85,20.0,19.65,19.8,34061710
2020-03-30,19.6,19.6,19.85,19.15,19.45,25282720
2020-03-31,19.65,19.65,20.0,19.4,19.9,28005250
2020-04-01,19.5,19.5,19.65,19.4,19.6,16188497
2020-04-07,19.75,19.75,19.9,19.7,19.85,21117291
2020-04-08,19.95,19.95,20.05,19.7,19.7,20070292
2020-04-09,20.15,20.15,20.2,19.9,19.95,15312892
2020-04-10,20.6,20.6,20.65,20.2,20.2,20079610
2020-04-13,20.35,20.35,20.5,20.15,20.35,16885497
2020-04-14,21.0,21.0,21.0,20.35,20.4,30277397
2020-04-15,21.2,21.2,21.2,21.0,21.0,26018031
2020-04-16,21.1,21.1,21.1,20.8,21.0,21344007
2020-04-17,21.0,21.0,21.45,21.0,21.15,26234055
2020-04-20,20.85,20.85,21.0,20.8,21.0,11987271
2020-04-21,20.1,20.1,20.7,20.05,20.65,28202835
2020-04-22,19.95,19.95,20.0,19.85,19.95,24698723
2020-04-23,19.95,19.95,20.25,19.85,20.0,24495689
2020-04-24,20.6,20.6,20.75,20.35,20.4,41601824
2020-04-27,21.0,21.0,21.1,20.8,21.0,34024982
2020-04-28,21.3,21.3,21.3,21.15,21.2,22160857
2020-04-29,21.65,21.65,21.75,21.25,21.3,29298349
2020-05-04,21.65,21.65,21.85,21.3,21.4,29484248
2020-05-05,21.8,21.8,22.0,21.7,21.85,15548469
2020-05-06,21.65,21.65,21.8,21.5,21.8,21040985
2020-05-07,21.75,21.75,21.9,21.6,21.65,15381430
2020-05-08,21.75,21.75,22.1,21.75,21.95,15512974
2020-05-11,22.0,22.0,22.1,21.95,22.0,16247213
2020-05-12,21.95,21.95,22.05,21.8,21.9,21300246
2020-05-13,21.95,21.95,22.05,21.9,21.9,15002883
2020-05-14,21.9,21.9,21.9,21.8,21.85,15677651
2020-05-15,21.8,21.8,22.0,21.8,21.95,15661761
2020-05-18,21.8,21.8,21.9,21.7,21.8,11633218
2020-05-19,22.1,22.1,22.25,22.0,22.15,18832702
2020-05-20,22.1,22.1,22.15,22.0,22.15,11827171
2020-05-21,22.2,22.2,22.25,22.0,22.1,14590263
2020-05-22,21.95,21.95,22.2,21.95,22.2,17046486
2020-05-25,22.1,22.1,22.1,21.75,21.95,11754508
2020-05-26,22.3,22.3,22.4,22.15,22.25,17727217
2020-05-27,22.6,22.6,22.6,22.3,22.4,18134675
2020-05-28,22.5,22.5,22.75,22.4,22.7,18741566
2020-05-29,22.85,22.85,22.85,22.3,22.35,54406181
2020-06-01,22.95,22.95,23.1,22.85,22.9,21029768
2020-06-02,23.1,23.1,23.1,22.95,22.95,15096474
2020-06-03,23.2,23.2,23.4,23.05,23.3,28694966
2020-06-04,23.15,23.15,23.35,23.0,23.3,27656141
2020-06-05,23.15,23.15,23.25,23.0,23.1,16339747
2020-06-08,23.2,23.2,23.3,23.05,23.15,20925342
2020-06-09,23.1,23.1,23.2,23.05,23.2,17423451
2020-06-10,23.5,23.5,23.5,23.1,23.15,22866638
2020-06-11,23.0,23.0,23.65,23.0,23.45,30400613
2020-06-12,22.85,22.85,22.95,22.35,22.45,28176477
2020-06-15,22.6,22.6,22.9,22.6,22.85,22471260
2020-06-16,22.75,22.75,23.0,22.65,22.75,21431947
2020-06-17,22.8,22.8,22.85,22.65,22.8,18465051
2020-06-18,22.6,22.6,22.85,22.6,22.8,22873121
2020-06-19,22.5,22.5,22.7,22.5,22.65,26132718
2020-06-22,22.65,22.65,22.65,22.5,22.5,9933617
2020-06-23,22.75,22.75,22.8,22.55,22.7,17136592
2020-06-24,22.7,22.7,22.9,22.7,22.75,13431332
2020-06-29,22.65,22.65,22.7,22.5,22.55,15567250
2020-06-30,22.65,22.65,22.8,22.6,22.7,16174916
2020-07-01,22.75,22.75,22.95,22.7,22.75,18209255
2020-07-02,22.9,22.9,22.95,22.75,22.8,16741127
2020-07-03,22.95,22.95,23.1,22.9,23.0,18501511
2020-07-06,23.25,23.25,23.25,23.0,23.0,24146258
2020-07-07,23.2,23.2,23.45,23.1,23.35,18269927
2020-07-08,23.15,23.15,23.25,23.15,23.2,17147351
2020-07-09,23.1,23.1,23.3,23.1,23.2,14850139
2020-07-10,23.0,23.0,23.1,22.85,23.1,23027089
2020-07-13,23.0,23.0,23.1,22.95,23.05,19483998
2020-07-14,22.95,22.95,23.1,22.95,23.0,13127303
2020-07-15,23.1,23.1,23.1,22.95,23.05,15795850
2020-07-16,23.0,23.0,23.15,23.0,23.15,16853244
2020-07-17,23.1,23.1,23.2,23.05,23.2,19137056
2020-07-20,23.1,23.1,23.25,23.0,23.1,19265621
2020-07-21,23.2,23.2,23.35,23.2,23.2,23536498
2020-07-22,23.5,23.5,23.5,23.2,23.2,24126513
2020-07-23,23.4,23.4,23.5,23.35,23.45,16384259
2020-07-24,23.25,23.25,23.4,23.25,23.3,17411406
2020-07-27,23.0,23.0,23.4,23.0,23.25,22797128
2020-07-28,23.15,23.15,23.25,22.9,23.0,28094399
2020-07-29,23.55,23.55,23.65,23.1,23.1,36477579
2020-07-30,23.8,23.8,23.8,23.55,23.7,34522036
2020-07-31,23.6,23.6,23.75,23.6,23.7,23483233
2020-08-03,23.35,23.35,23.6,23.35,23.6,30908324
2020-08-04,23.45,23.45,23.55,23.35,23.35,24478484
2020-08-05,23.7,23.7,23.75,23.5,23.6,36166778
2020-08-06,23.9,23.9,23.9,23.7,23.7,51142524
2020-08-07,22.05,22.05,22.1,22.0,22.05,97580571
2020-08-10,22.05,22.05,22.2,22.05,22.1,23908453
2020-08-11,21.9,21.9,22.1,21.9,22.05,24377180
2020-08-12,21.8,21.8,21.9,21.7,21.9,23053364
2020-08-13,21.85,21.85,21.9,21.75,21.75,21879711
2020-08-14,21.65,21.65,21.8,21.65,21.75,24347578
2020-08-17,21.85,21.85,21.85,21.5,21.65,15411262
2020-08-18,21.85,21.85,21.85,21.7,21.8,19059527
2020-08-19,21.8,21.8,22.0,21.8,21.9,17850846
2020-08-20,21.35,21.35,21.75,21.3,21.7,36317840
2020-08-21,21.55,21.55,21.55,21.4,21.5,14621543
2020-08-24,21.35,21.35,21.55,21.35,21.55,11481700
2020-08-25,21.4,21.4,21.45,21.35,21.35,12266900
2020-08-26,21.4,21.4,21.45,21.3,21.4,13965183
2020-08-27,21.25,21.25,21.45,21.25,21.45,14287027
2020-08-28,21.4,21.4,21.4,21.25,21.3,12017284
2020-08-31,21.25,21.25,21.55,21.25,21.4,30167169
2020-09-01,21.15,21.15,21.3,21.1,21.25,23451028
2020-09-02,20.95,20.95,21.2,20.85,21.15,34192849
2020-09-03,20.9,20.9,21.05,20.75,20.95,18249999
2020-09-04,20.7,20.7,20.85,20.7,20.8,23484324
2020-09-07,20.85,20.85,21.0,20.6,20.7,15465522
2020-09-08,20.95,20.95,20.95,20.8,20.9,12170663
2020-09-09,20.9,20.9,20.9,20.65,20.8,16542054
2020-09-10,20.9,20.9,20.95,20.7,20.95,10514718
2020-09-11,20.9,20.9,20.9,20.75,20.85,8716032
2020-09-14,20.9,20.9,20.95,20.8,20.9,7451370
2020-09-15,21.0,21.0,21.0,20.9,21.0,8319949
2020-09-16,21.05,21.05,21.05,20.9,21.0,11990467
2020-09-17,20.85,20.85,21.05,20.8,21.05,13853396
2020-09-18,20.9,20.9,20.9,20.8,20.85,16982310
2020-09-21,20.7,20.7,20.85,20.7,20.8,13331671
2020-09-22,20.45,20.45,20.65,20.45,20.6,20825354
2020-09-23,20.2,20.2,20.45,20.2,20.4,22884688
2020-09-24,19.9,19.9,20.05,19.9,20.0,33259659
2020-09-25,20.15,20.15,20.35,19.95,19.95,17579664
2020-09-28,20.6,20.6,20.6,20.2,20.25,19143826
2020-09-29,20.6,20.6,20.75,20.55,20.65,15638502
2020-09-30,20.55,20.55,20.7,20.55,20.65,11213709
2020-10-05,20.65,20.65,20.7,20.55,20.7,7423241
2020-10-06,20.85,20.85,20.85,20.65,20.7,13379312
2020-10-07,20.7,20.7,20.85,20.7,20.8,9009431
2020-10-08,20.8,20.8,20.8,20.7,20.75,9870415
2020-10-12,20.75,20.75,20.8,20.65,20.8,12892300
2020-10-13,20.65,20.65,20.75,20.55,20.7,8925624
2020-10-14,20.6,20.6,20.7,20.55,20.55,13489024
2020-10-15,20.45,20.45,20.6,20.4,20.55,14242668
2020-10-16,20.3,20.3,20.6,20.3,20.5,12624638
2020-10-19,20.35,20.35,20.5,20.3,20.3,12270828
2020-10-20,20.25,20.25,20.35,20.2,20.35,12251693
2020-10-21,20.2,20.2,20.3,20.15,20.3,14087343
2020-10-22,20.4,20.4,20.4,20.15,20.2,14819489
2020-10-23,20.3,20.3,20.45,20.2,20.4,10649079
2020-10-26,20.4,20.4,20.45,20.25,20.3,11898086
2020-10-27,20.4,20.4,20.4,20.2,20.25,12779226
2020-10-28,20.3,20.3,20.4,20.2,20.35,13108830
2020-10-29,20.15,20.15,20.25,20.1,20.2,15302286
2020-10-30,20.05,20.05,20.15,20.0,20.1,23034001
2020-11-02,20.45,20.45,20.45,20.05,20.1,13273524
2020-11-03,20.6,20.6,20.6,20.4,20.45,11577324
2020-11-04,20.5,20.5,20.55,20.45,20.5,9724323
2020-11-05,20.8,20.8,20.8,20.55,20.6,13159066
2020-11-06,20.9,20.9,20.9,20.7,20.7,13696722
2020-11-09,21.05,21.05,21.2,20.9,21.0,16651817
2020-11-10,21.45,21.45,21.45,21.1,21.3,27339005
2020-11-11,21.75,21.75,21.75,21.45,21.45,30618853
2020-11-12,21.4,21.4,21.8,21.25,21.8,21080597
2020-11-13,21.5,21.5,21.5,21.25,21.35,12423719
2020-11-16,21.65,21.65,21.65,21.45,21.55,19556582
2020-11-17,21.65,21.65,21.65,21.5,21.65,18539186
2020-11-18,21.8,21.8,21.8,21.6,21.65,23273543
2020-11-19,21.7,21.7,21.75,21.6,21.75,16802516
2020-11-20,21.6,21.6,21.75,21.5,21.75,13300781
2020-11-23,21.6,21.6,21.7,21.5,21.7,15649359
2020-11-24,21.5,21.5,21.6,21.45,21.55,10529579
2020-11-25,21.5,21.5,21.6,21.45,21.6,16909644
2020-11-26,21.5,21.5,21.5,21.35,21.45,11372964
2020-11-27,21.4,21.4,21.5,21.35,21.45,13853401
2020-11-30,21.3,21.3,21.45,21.2,21.4,57892120
2020-12-01,21.4,21.4,21.4,21.2,21.35,10475611
2020-12-02,21.35,21.35,21.35,21.2,21.25,16329360
2020-12-04,21.35,21.35,21.4,21.25,21.3,15119953
2020-12-07,21.3,21.3,21.45,21.15,21.4,22832291
2020-12-08,20.85,20.85,21.0,20.7,21.0,34984574
2020-12-09,20.6,20.6,20.65,20.45,20.55,39500016
2020-12-10,20.6,20.6,20.65,20.45,20.55,23864743
2020-12-11,20.85,20.85,20.95,20.6,20.6,18900640
2020-12-14,20.65,20.65,20.9,20.65,20.85,14324932
2020-12-15,20.6,20.6,20.65,20.5,20.6,15122911
2020-12-16,20.75,20.75,20.8,20.65,20.65,16040764
2020-12-17,20.7,20.7,20.75,20.65,20.75,11336141
2020-12-18,20.75,20.75,20.75,20.65,20.7,16852119
2020-12-21,20.8,20.8,20.85,20.65,20.75,9679591
2020-12-22,20.7,20.7,20.85,20.7,20.75,10375651
2020-12-23,20.7,20.7,20.75,20.6,20.65,6504699
2020-12-24,20.7,20.7,20.75,20.65,20.7,9450418
2020-12-25,20.8,20.8,20.8,20.7,20.75,7236899
2020-12-28,20.8,20.8,20.8,20.7,20.8,8555588
2020-12-29,20.9,20.9,20.9,20.8,20.8,12018073
2020-12-30,21.35,21.35,21.35,20.85,20.9,24470490
2020-12-31,21.35,21.35,21.4,21.2,21.35,14734049
2021-01-04,21.1,21.1,21.3,21.1,21.25,16825924
2021-01-05,21.25,21.25,21.25,21.05,21.1,11583857
2021-01-06,21.0,21.0,21.2,21.0,21.15,16223033
2021-01-07,21.25,21.25,21.25,21.0,21.0,13894006
2021-01-08,21.5,21.5,21.5,21.15,21.25,26914103
2021-01-11,21.5,21.5,21.5,21.35,21.5,14977789
2021-01-12,21.3,21.3,21.45,21.2,21.45,9652065
2021-01-13,21.25,21.25,21.4,21.2,21.2,14687245
2021-01-14,21.3,21.3,21.35,21.2,21.25,11620815
2021-01-15,21.05,21.05,21.35,21.05,21.3,15277822
2021-01-18,20.95,20.95,21.05,20.85,21.05,17159976
2021-01-19,20.9,20.9,21.0,20.9,20.9,11981246
2021-01-20,20.5,20.5,20.85,20.5,20.85,29436652
2021-01-21,20.5,20.5,20.75,20.5,20.55,14942765
2021-01-22,20.4,20.4,20.55,20.4,20.5,22306652
2021-01-25,20.7,20.7,20.75,20.4,20.4,12404234
2021-01-26,20.45,20.45,20.7,20.45,20.6,14965595
2021-01-27,20.4,20.4,20.65,20.4,20.5,14966579
2021-01-28,20.35,20.35,20.45,20.3,20.4,16563541
2021-01-29,20.2,20.2,20.5,20.2,20.3,27351943
2021-02-01,20.3,20.3,20.5,20.25,20.25,11757435
2021-02-02,20.4,20.4,20.5,20.25,20.3,11341421
2021-02-03,20.4,20.4,20.5,20.4,20.45,13086570
2021-02-04,20.4,20.4,20.5,20.3,20.35,8390045
2021-02-05,20.6,20.6,20.65,20.4,20.45,11778338
2021-02-17,20.8,20.8,20.85,20.65,20.7,29965701
2021-02-18,20.85,20.85,20.95,20.8,20.8,13268157
2021-02-19,20.9,20.9,20.9,20.75,20.85,14282121
2021-02-22,20.8,20.8,21.0,20.8,20.9,17378704
2021-02-23,21.1,21.1,21.15,20.8,20.85,24919128
2021-02-24,21.1,21.1,21.3,21.05,21.2,19094784
2021-02-25,21.35,21.35,21.35,21.1,21.25,21178612
2021-02-26,20.85,20.85,21.2,20.85,21.2,41490182
2021-03-02,21.15,21.15,21.4,21.1,21.1,32453925
2021-03-03,21.25,21.25,21.4,21.15,21.2,23795624
2021-03-04,21.05,21.05,21.3,21.0,21.3,21077434
2021-03-05,21.1,21.1,21.2,20.9,20.9,16057305
2021-03-08,21.1,21.1,21.3,21.05,21.1,21459931
2021-03-09,21.5,21.5,21.55,21.15,21.15,34778919
2021-03-10,21.6,21.6,21.65,21.45,21.5,18695574
2021-03-11,21.6,21.6,21.85,21.6,21.7,23054329
2021-03-12,21.75,21.75,21.75,21.4,21.6,13008842
2021-03-15,21.95,21.95,21.95,21.75,21.8,17643651
2021-03-16,22.15,22.15,22.15,22.0,22.0,22968389
2021-03-17,21.9,21.9,22.2,21.8,22.15,27480990
2021-03-18,21.95,21.95,22.0,21.85,21.95,16343823
2021-03-19,21.5,21.5,21.95,21.5,21.9,37158265
2021-03-22,21.85,21.85,21.85,21.5,21.55,12518038
2021-03-23,21.85,21.85,21.95,21.75,21.85,10520572
2021-03-24,21.9,21.9,22.0,21.75,21.85,13525190
2021-03-25,22.05,22.05,22.05,21.85,21.9,14118403
2021-03-26,22.05,22.05,22.1,22.0,22.05,16456097
2021-03-29,22.2,22.2,22.2,22.1,22.1,17342118
2021-03-30,22.25,22.25,22.3,22.1,22.2,13958343
2021-03-31,22.2,22.2,22.3,22.15,22.2,18453257
2021-04-01,22.05,22.05,22.3,22.05,22.2,13733762
2021-04-06,22.1,22.1,22.15,22.05,22.1,12865731
2021-04-07,22.2,22.2,22.2,22.1,22.15,12600349
2021-04-08,22.1,22.1,22.2,22.1,22.15,11163369
2021-04-09,22.1,22.1,22.15,22.05,22.1,11601796
2021-04-12,22.15,22.15,22.15,22.05,22.1,12501374
2021-04-13,22.25,22.25,22.3,22.15,22.2,11642974
2021-04-14,22.25,22.25,22.35,22.2,22.25,13167178
2021-04-15,22.5,22.5,22.5,22.25,22.3,16434286
2021-04-16,22.7,22.7,22.7,22.5,22.5,14083473
2021-04-19,23.0,23.0,23.0,22.7,22.7,20865527
2021-04-20,22.9,22.9,23.0,22.85,23.0,13238791
2021-04-21,22.9,22.9,23.0,22.9,22.9,17527910
2021-04-22,22.9,22.9,23.0,22.85,22.9,19504197
2021-04-23,22.75,22.75,22.9,22.7,22.9,11608787
2021-04-26,23.0,23.0,23.0,22.75,22.85,20659735
2021-04-27,22.95,22.95,23.0,22.85,23.0,10661289
2021-04-28,23.0,23.0,23.0,22.85,22.95,13404953
2021-04-29,22.9,22.9,23.0,22.85,22.9,13751011
2021-05-03,22.4,22.4,22.6,22.1,22.5,37568795
2021-05-04,22.25,22.25,22.6,22.05,22.4,31120420
2021-05-05,22.2,22.2,22.35,22.1,22.25,12613647
2021-05-06,22.35,22.35,22.5,22.2,22.2,18216411
2021-05-07,22.5,22.5,22.5,22.35,22.35,11749106
2021-05-10,22.8,22.8,22.8,22.5,22.65,18468002
2021-05-11,22.4,22.4,22.8,22.25,22.8,22431547
2021-05-12,21.5,21.5,22.6,20.6,22.2,65220181
2021-05-13,21.45,21.45,21.7,21.05,21.3,32379419
2021-05-14,21.7,21.7,21.75,21.4,21.45,21203622
2021-05-17,21.1,21.1,21.4,20.95,21.0,32144804
2021-05-18,21.65,21.65,21.85,21.2,21.2,15351292
2021-05-19,21.65,21.65,21.7,21.4,21.55,13239801
2021-05-20,21.55,21.55,21.65,21.4,21.5,15953584
2021-05-21,21.65,21.65,22.0,21.6,21.7,11747277
2021-05-24,21.5,21.5,21.6,21.35,21.4,9977003
2021-05-25,21.75,21.75,21.8,21.45,21.45,12455549
2021-05-26,21.8,21.8,21.9,21.7,21.75,10151292
2021-05-27,21.7,21.7,21.75,21.55,21.65,36208704
2021-05-28,21.85,21.85,21.85,21.7,21.8,12403894
2021-05-31,22.0,22.0,22.1,21.85,21.9,12569081
2021-06-01,22.2,22.2,22.2,22.0,22.0,6295948
2021-06-02,22.3,22.3,22.3,22.15,22.15,12736792
2021-06-03,22.25,22.25,22.35,22.2,22.35,6479836
2021-06-04,22.25,22.25,22.25,22.1,22.1,6153458
2021-06-07,22.1,22.1,22.2,21.9,22.15,9778487
2021-06-08,22.15,22.15,22.2,22.05,22.2,8421689
2021-06-09,22.1,22.1,22.15,22.05,22.15,5832108
2021-06-10,22.1,22.1,22.2,22.0,22.1,11195626
2021-06-11,22.2,22.2,22.2,22.0,22.05,8496902
2021-06-15,22.3,22.3,22.35,22.05,22.2,12196715
2021-06-16,22.3,22.3,22.3,22.15,22.15,14377419
2021-06-17,22.3,22.3,22.3,22.1,22.15,12843857
2021-06-18,22.1,22.1,22.35,22.1,22.2,28545652
2021-06-21,22.35,22.35,22.35,22.0,22.0,15650018
2021-06-22,22.25,22.25,22.35,22.25,22.3,11705131
2021-06-23,22.4,22.4,22.5,22.25,22.35,18619041
2021-06-24,22.35,22.35,22.5,22.3,22.5,9191596
2021-06-25,22.45,22.45,22.5,22.35,22.4,9641526
2021-06-28,22.6,22.6,22.6,22.45,22.45,9939270
2021-06-29,22.55,22.55,22.6,22.5,22.55,10997859
2021-06-30,22.7,22.7,22.7,22.5,22.5,11486151
2021-07-01,22.5,22.5,22.65,22.5,22.6,8491930
2021-07-02,22.45,22.45,22.55,22.45,22.5,7324576
2021-07-05,22.6,22.6,22.6,22.45,22.45,9023216
2021-07-06,22.6,22.6,22.65,22.5,22.55,7575830
2021-07-07,22.5,22.5,22.55,22.4,22.55,8389284
2021-07-08,22.55,22.55,22.65,22.5,22.55,8589335
2021-07-09,22.65,22.65,22.65,22.45,22.55,12274945
2021-07-12,22.7,22.7,22.85,22.65,22.7,11509163
2021-07-13,22.8,22.8,22.8,22.75,22.8,11322886
2021-07-14,22.9,22.9,22.9,22.8,22.8,10684457
2021-07-15,22.85,22.85,22.9,22.85,22.85,7938245
2021-07-16,22.95,22.95,22.95,22.75,22.85,11038859
2021-07-19,23.0,23.0,23.0,22.75,22.8,13063616
2021-07-20,22.75,22.75,22.95,22.75,22.8,10527878
2021-07-21,22.85,22.85,22.9,22.7,22.75,12290685
2021-07-22,22.95,22.95,22.95,22.75,22.85,11641969
2021-07-23,23.0,23.0,23.1,22.95,23.0,16025423
2021-07-26,22.85,22.85,23.15,22.8,23.1,14072661
2021-07-27,22.9,22.9,22.95,22.8,22.9,9056909
2021-07-28,22.8,22.8,22.9,22.7,22.9,12633322
2021-07-29,22.9,22.9,22.9,22.75,22.85,8310436
2021-07-30,22.75,22.75,22.9,22.75,22.85,16070479
2021-08-02,22.95,22.95,22.95,22.75,22.75,9061849
2021-08-03,23.0,23.0,23.0,22.9,23.0,10202578
2021-08-04,23.0,23.0,23.05,22.9,23.0,11107390
2021-08-05,23.1,23.1,23.1,22.95,23.0,15810405
2021-08-06,23.0,23.0,23.1,22.9,23.1,11241045
2021-08-09,23.05,23.05,23.05,22.85,23.0,13734467
2021-08-10,23.0,23.0,23.1,22.95,23.0,8590095
2021-08-11,23.1,23.1,23.1,23.0,23.0,12619058
2021-08-12,23.1,23.1,23.15,23.0,23.1,9929310
2021-08-13,23.1,23.1,23.1,23.0,23.0,12005614
2021-08-16,23.0,23.0,23.05,22.9,23.0,16195167
2021-08-17,23.15,23.15,23.15,22.95,23.0,23738521
2021-08-18,23.15,23.15,23.15,23.0,23.1,14577100
2021-08-19,23.0,23.0,23.1,23.0,23.05,19364152
2021-08-20,23.0,23.0,23.1,22.95,23.05,21696872
2021-08-23,23.05,23.05,23.1,22.95,23.05,16605411
2021-08-24,23.1,23.1,23.1,23.0,23.05,33795409
2021-08-25,23.05,23.05,23.1,23.0,23.1,37472556
2021-08-26,22.1,22.1,22.1,21.95,21.95,42748386
2021-08-27,22.45,22.45,22.5,22.0,22.1,17732359
2021-08-30,22.8,22.8,22.8,22.5,22.5,15978876
2021-08-31,22.9,22.9,22.9,22.55,22.8,24017436
2021-09-01,22.85,22.85,22.85,22.75,22.75,11168079
2021-09-02,22.6,22.6,22.85,22.5,22.8,11339028
2021-09-03,22.8,22.8,22.8,22.6,22.7,10879349
2021-09-06,22.65,22.65,22.85,22.6,22.8,7737828
2021-09-07,22.55,22.55,22.7,22.5,22.65,10344822
2021-09-08,22.55,22.55,22.6,22.35,22.6,17000135
2021-09-09,22.35,22.35,22.55,22.35,22.5,12855881
2021-09-10,22.5,22.5,22.5,22.35,22.4,8813677
2021-09-13,22.6,22.6,22.6,22.4,22.5,8721029
2021-09-14,22.7,22.7,22.75,22.5,22.5,11190732
2021-09-15,22.65,22.65,22.7,22.55,22.7,11833286
2021-09-16,22.75,22.75,22.75,22.6,22.65,9052879
2021-09-17,22.5,22.5,22.8,22.5,22.65,30864334
2021-09-22,22.25,22.25,22.4,22.1,22.3,29392952
2021-09-23,22.5,22.5,22.6,22.35,22.4,8329654
2021-09-24,22.6,22.6,22.65,22.45,22.6,8247279
2021-09-27,22.6,22.6,22.65,22.5,22.6,8781042
2021-09-28,22.55,22.55,22.6,22.35,22.55,8002304
2021-09-29,22.55,22.55,22.55,22.3,22.45,15386086
2021-09-30,22.55,22.55,22.55,22.35,22.4,12813364
2021-10-01,22.4,22.4,22.5,22.3,22.45,18112560
2021-10-04,22.45,22.45,22.5,22.3,22.4,9353229
2021-10-05,22.35,22.35,22.45,22.3,22.45,13722730
2021-10-06,22.4,22.4,22.5,22.3,22.35,14006595
2021-10-07,22.55,22.55,22.6,22.45,22.55,11059010
2021-10-08,22.4,22.4,22.5,22.4,22.5,6674626
2021-10-12,22.5,22.5,22.5,22.1,22.3,17600832
2021-10-13,22.45,22.45,22.5,22.35,22.45,5625400
2021-10-14,22.4,22.4,22.55,22.4,22.5,6380233
2021-10-15,22.6,22.6,22.6,22.4,22.45,13939093
2021-10-18,22.7,22.7,22.75,22.6,22.65,11362340
2021-10-19,22.8,22.8,22.8,22.7,22.8,13187879
2021-10-20,22.8,22.8,22.8,22.65,22.8,8713398
2021-10-21,22.8,22.8,22.85,22.7,22.85,14525509
2021-10-22,22.8,22.8,22.85,22.65,22.85,6251380
2021-10-25,22.8,22.8,22.8,22.7,22.8,6260685
2021-10-26,22.9,22.9,22.95,22.7,22.8,15523151
2021-10-27,22.9,22.9,22.95,22.85,22.9,7584973
2021-10-28,22.9,22.9,22.95,22.8,22.9,7687997
2021-10-29,22.9,22.9,22.95,22.75,22.8,16777032
2021-11-01,22.85,22.85,22.95,22.8,22.9,10310589
2021-11-02,22.95,22.95,22.95,22.8,22.85,12340601
2021-11-03,22.95,22.95,22.95,22.8,22.85,5758717
2021-11-04,22.95,22.95,23.0,22.85,23.0,8173330
2021-11-05,23.0,23.0,23.0,22.85,22.9,11514494
2021-11-08,23.0,23.0,23.0,22.9,23.0,10120245
2021-11-09,23.05,23.05,23.05,22.9,22.95,14343473
2021-11-10,23.1,23.1,23.1,23.0,23.05,9333723
2021-11-11,23.15,23.15,23.15,23.05,23.05,8627762
2021-11-12,23.4,23.4,23.4,23.1,23.15,12607835
2021-11-15,23.5,23.5,23.7,23.35,23.4,17549952
2021-11-16,23.6,23.6,23.6,23.4,23.5,12809478
2021-11-17,23.85,23.85,23.85,23.45,23.55,17062918
2021-11-18,24.0,24.0,24.0,23.8,23.85,18862136
2021-11-19,23.75,23.75,24.05,23.7,24.0,11583019
2021-11-22,23.7,23.7,23.8,23.55,23.75,9984320
2021-11-23,23.6,23.6,23.75,23.55,23.7,9290960
2021-11-24,23.7,23.7,23.95,23.6,23.6,8984547
2021-11-25,23.8,23.8,23.8,23.6,23.7,8238030
2021-11-26,23.5,23.5,23.7,23.4,23.65,13894762
2021-11-29,23.3,23.3,23.45,23.15,23.2,13678438
2021-11-30,23.1,23.1,23.4,23.1,23.25,51613909
2021-12-01,23.6,23.6,23.6,23.1,23.1,14361668
2021-12-02,23.7,23.7,23.7,23.35,23.5,10233646
2021-12-03,23.75,23.75,23.8,23.6,23.8,10486677
2021-12-06,23.8,23.8,23.8,23.55,23.6,11027045
2021-12-07,24.0,24.0,24.0,23.65,23.75,13435528
2021-12-08,24.0,24.0,24.05,23.9,24.0,12764305
2021-12-09,24.0,24.0,24.1,23.9,24.0,10640892
2021-12-10,24.1,24.1,24.15,24.0,24.0,12585144
2021-12-13,24.1,24.1,24.4,24.1,24.2,14068693
2021-12-14,23.9,23.9,24.05,23.8,24.0,11991463
2021-12-15,23.9,23.9,24.0,23.8,23.9,10744844
2021-12-16,23.95,23.95,24.0,23.85,23.9,8547388
2021-12-17,24.15,24.15,24.15,23.95,24.0,14934032
2021-12-20,23.95,23.95,24.15,23.85,24.0,12130193
2021-12-21,24.1,24.1,24.15,23.9,23.95,8347920
2021-12-22,24.1,24.1,24.15,24.0,24.1,6757808
2021-12-23,24.15,24.15,24.2,24.05,24.1,7174065
2021-12-24,24.2,24.2,24.2,24.1,24.15,5372751
2021-12-27,24.25,24.25,24.3,24.15,24.3,5397773
2021-12-28,24.35,24.35,24.4,24.25,24.3,11713898
2021-12-29,24.55,24.55,24.55,24.4,24.45,13685334
2021-12-30,24.5,24.5,24.6,24.45,24.55,9688674
2022-01-03,24.4,24.4,24.75,24.35,24.5,14719895
2022-01-04,24.5,24.5,24.5,24.35,24.45,6694323
2022-01-05,24.65,24.65,24.65,24.4,24.4,10226101
2022-01-06,24.8,24.8,24.8,24.6,24.65,13919244
2022-01-07,25.0,25.0,25.1,24.85,24.85,17370167
2022-01-10,25.1,25.1,25.1,24.8,25.0,11894324
2022-01-11,25.45,25.45,25.45,25.0,25.1,21281838
2022-01-12,25.55,25.55,25.6,25.3,25.55,15192138
2022-01-13,25.8,25.8,25.8,25.45,25.45,21008134
2022-01-14,25.5,25.5,25.8,25.4,25.75,18871688
2022-01-17,25.35,25.35,25.55,25.25,25.4,13906855
2022-01-18,25.35,25.35,25.45,25.15,25.3,12034226
2022-01-19,25.35,25.35,25.35,25.15,25.3,14151531
2022-01-20,25.5,25.5,25.6,25.15,25.3,14931485
2022-01-21,25.2,25.2,25.35,25.0,25.3,19938221
2022-01-24,25.15,25.15,25.15,24.8,25.0,14939356
2022-01-25,25.1,25.1,25.1,24.7,24.9,25525992
2022-01-26,25.15,25.15,25.15,24.85,24.9,14290761
2022-02-07,25.75,25.75,25.75,25.0,25.0,27498597
2022-02-08,26.2,26.2,26.25,25.7,25.75,22620774
2022-02-09,26.55,26.55,26.6,26.15,26.3,20188804
2022-02-10,26.6,26.6,26.6,26.3,26.55,11769319
2022-02-11,26.55,26.55,26.6,26.35,26.45,10035705
2022-02-14,26.4,26.4,26.4,26.05,26.3,19089171
2022-02-15,26.2,26.2,26.4,26.2,26.35,9282544
2022-02-16,26.35,26.35,26.45,26.3,26.3,10759293
2022-02-17,26.6,26.6,26.6,26.4,26.45,16789278
2022-02-18,26.35,26.35,26.5,26.3,26.4,10508774
2022-02-21,26.35,26.35,26.35,26.15,26.2,10364559
2022-02-22,26.2,26.2,26.25,25.9,26.2,20281272
2022-02-23,26.25,26.25,26.3,26.05,26.1,10978704
2022-02-24,25.85,25.85,26.1,25.7,26.05,25871833
2022-02-25,25.7,25.7,25.8,25.35,25.8,36879782
2022-03-01,26.1,26.1,26.15,25.35,25.35,20301203
2022-03-02,26.25,26.25,26.25,25.9,26.1,11798560
2022-03-03,26.25,26.25,26.35,26.1,26.2,9122500
2022-03-04,26.0,26.0,26.0,25.6,25.85,11398308
2022-03-07,25.5,25.5,25.65,25.2,25.6,33537622
2022-03-08,25.05,25.05,25.3,24.9,24.9,27977121
2022-03-09,25.1,25.1,25.5,25.1,25.1,17789960
2022-03-10,25.75,25.75,25.8,25.25,25.25,16037904
2022-03-11,25.6,25.6,25.7,25.5,25.6,10292944
2022-03-14,25.95,25.95,25.95,25.5,25.55,12593314
2022-03-15,25.9,25.9,25.9,25.7,25.85,13712792
2022-03-16,26.3,26.3,26.3,25.9,26.0,20448773
2022-03-17,26.55,26.55,26.85,26.35,26.6,24878245
2022-03-18,27.0,27.0,27.2,26.6,26.65,40321998
2022-03-21,27.0,27.0,27.2,26.9,27.05,14911159
2022-03-22,27.2,27.2,27.2,26.75,26.95,16063151
2022-03-23,27.5,27.5,27.5,27.25,27.25,18669887
2022-03-24,27.6,27.6,27.6,27.35,27.4,13152952
2022-03-25,27.75,27.75,27.75,27.55,27.6,17633322
2022-03-28,27.8,27.8,27.8,27.45,27.5,12862551
2022-03-29,27.65,27.65,27.9,27.6,27.7,8934924
2022-03-30,28.0,28.0,28.0,27.65,27.75,20836464
2022-03-31,28.45,28.45,28.6,27.95,28.0,25459957
2022-04-01,28.5,28.5,28.6,28.1,28.3,14232898
2022-04-06,29.75,29.75,29.75,28.45,28.5,37625846
2022-04-07,29.1,29.1,29.9,29.1,29.75,37198891
2022-04-08,29.5,29.5,29.5,29.0,29.15,17336695
2022-04-11,29.65,29.65,30.0,29.35,29.5,24748008
2022-04-12,29.6,29.6,29.65,29.25,29.35,16144756
2022-04-13,29.55,29.55,29.75,29.25,29.5,18215088
2022-04-14,28.6,28.6,29.5,28.6,29.5,28115459
2022-04-15,28.4,28.4,28.8,28.1,28.3,18243271
2022-04-18,27.8,27.8,28.2,27.25,28.2,26869512
2022-04-19,27.75,27.75,28.2,27.75,27.9,13418879
2022-04-20,28.1,28.1,28.1,27.45,27.75,17298734
2022-04-21,27.7,27.7,28.15,27.6,28.1,14212425
2022-04-22,27.95,27.95,28.0,27.35,27.4,16788813
2022-04-25,27.6,27.6,27.75,27.4,27.5,18675938
2022-04-26,28.0,28.0,28.35,27.6,27.65,17937859
2022-04-27,27.65,27.65,27.95,27.6,27.75,14891211
2022-04-28,27.6,27.6,27.75,27.25,27.65,20407282
2022-04-29,27.8,27.8,27.95,27.55,27.6,10059268
2022-05-03,27.5,27.5,27.7,27.5,27.7,7268268
2022-05-04,27.4,27.4,27.6,27.35,27.5,9948011
2022-05-05,27.1,27.1,27.6,27.05,27.6,16439498
2022-05-06,26.85,26.85,27.0,26.5,26.75,19983978
2022-05-09,26.1,26.1,26.55,26.0,26.45,22506056
2022-05-10,26.35,26.35,26.5,25.65,25.85,23678304
2022-05-11,26.35,26.35,26.4,26.1,26.2,17344595
2022-05-12,25.5,25.5,26.1,25.45,26.05,25105506
2022-05-13,25.6,25.6,25.95,25.35,25.65,17192391
2022-05-16,25.7,25.7,25.9,25.3,25.8,18748593
2022-05-17,25.5,25.5,25.8,25.4,25.8,13263735
2022-05-18,26.35,26.35,26.45,25.45,25.5,31135859
2022-05-19,25.8,25.8,25.95,25.5,25.65,25175493
2022-05-20,26.2,26.2,26.25,25.7,26.0,25053236
2022-05-23,26.25,26.25,26.6,25.85,26.25,36788220
2022-05-24,26.5,26.5,26.6,26.15,26.15,25517252
2022-05-25,26.35,26.35,26.45,26.1,26.45,18159808
2022-05-26,26.25,26.25,26.5,26.15,26.5,21429511
2022-05-27,26.55,26.55,26.55,26.25,26.4,22108627
2022-05-30,26.95,26.95,26.95,26.45,26.55,28861280
2022-05-31,27.35,27.35,27.35,26.45,26.8,82475268
2022-06-01,26.5,26.5,27.15,26.5,27.15,28557905
2022-06-02,26.4,26.4,26.55,26.2,26.35,13070828
2022-06-06,26.35,26.35,26.45,26.05,26.45,14316729
2022-06-07,26.45,26.45,26.5,26.15,26.3,14112921
2022-06-08,26.45,26.45,26.55,26.4,26.5,12689772
2022-06-09,26.4,26.4,26.55,26.3,26.45,9873867
2022-06-10,26.2,26.2,26.5,26.05,26.1,13300769
2022-06-13,26.2,26.2,26.4,25.8,25.95,20864107
2022-06-14,26.5,26.5,26.55,26.05,26.2,22013262
2022-06-15,26.4,26.4,26.6,26.2,26.3,23315455
2022-06-16,26.4,26.4,26.95,26.3,26.55,33402472
2022-06-17,25.85,25.85,26.35,25.8,26.3,38132253
2022-06-20,25.8,25.8,26.5,25.6,26.0,35568508
2022-06-21,26.4,26.4,26.6,26.15,26.15,42980805
2022-06-22,26.3,26.3,26.5,26.05,26.4,19980374
2022-06-23,26.25,26.25,26.6,26.0,26.5,31237816
2022-06-24,26.4,26.4,26.55,26.2,26.5,27588793
2022-06-27,26.45,26.45,26.55,26.35,26.5,19930577
2022-06-28,26.45,26.45,26.7,26.3,26.5,19826212
2022-06-29,26.35,26.35,26.5,26.2,26.3,22225689
2022-06-30,26.2,26.2,26.4,26.0,26.35,23587142
2022-07-01,25.8,25.8,26.2,25.65,26.15,24079918
2022-07-04,25.9,25.9,26.2,25.6,25.95,21136980
2022-07-05,25.95,25.95,26.25,25.9,26.15,12799898
2022-07-06,25.6,25.6,26.2,25.6,26.15,14195002
2022-07-07,25.55,25.55,25.75,25.2,25.6,20027933
2022-07-08,25.5,25.5,25.85,25.5,25.6,15428455
2022-07-11,25.3,25.3,25.6,25.2,25.55,10229638
2022-07-12,24.5,24.5,25.1,24.4,25.05,18140204
2022-07-13,25.3,25.3,25.55,24.85,25.0,23326735
2022-07-14,25.2,25.2,25.3,25.0,25.1,10283983
2022-07-15,24.7,24.7,25.1,24.7,25.1,13180228
2022-07-18,25.05,25.05,25.1,24.7,24.8,14189498
2022-07-19,25.05,25.05,25.2,24.85,24.95,7847406
2022-07-20,25.0,25.0,25.5,24.8,25.2,16942904
2022-07-21,25.5,25.5,25.5,24.95,25.0,13481549
2022-07-22,25.75,25.75,25.85,25.25,25.45,16745686
2022-07-25,26.0,26.0,26.05,25.55,25.75,14210459
2022-07-26,25.9,25.9,26.15,25.8,25.95,14420299
2022-07-27,26.35,26.35,26.45,25.9,25.9,14509204
2022-07-28,26.75,26.75,26.9,26.45,26.45,18223157
2022-07-29,27.0,27.0,27.05,26.65,26.9,30867526
2022-08-01,27.0,27.0,27.2,26.85,27.0,16357378
2022-08-02,26.95,26.95,27.0,26.7,27.0,23114855
2022-08-03,26.95,26.95,26.95,26.75,26.95,22370389
2022-08-04,25.55,25.55,25.65,25.3,25.55,23946875
2022-08-05,25.65,25.65,25.75,25.55,25.55,11902000
2022-08-08,25.45,25.45,25.6,25.25,25.45,21030395
2022-08-09,25.9,25.9,26.0,25.5,25.55,9478370
2022-08-10,26.3,26.3,26.45,25.85,25.9,11744796
2022-08-11,26.8,26.8,26.8,26.45,26.8,15283449
2022-08-12,26.65,26.65,26.8,26.5,26.75,8544946
2022-08-15,26.6,26.6,26.8,26.5,26.75,8112048
2022-08-16,26.55,26.55,26.65,26.4,26.55,11782275
2022-08-17,26.8,26.8,26.8,26.5,26.7,12274185
2022-08-18,26.8,26.8,26.8,26.6,26.7,6240061
2022-08-19,26.8,26.8,26.85,26.55,26.6,8737701
2022-08-22,26.6,26.6,26.65,26.45,26.5,8574862
2022-08-23,26.15,26.15,26.4,26.1,26.4,11959797
2022-08-24,26.25,26.25,26.35,26.05,26.15,8310889
2022-08-25,26.55,26.55,26.6,26.3,26.35,6994540
2022-08-26,26.65,26.65,26.7,26.55,26.7,5520382
2022-08-29,26.35,26.35,26.5,26.05,26.05,12184689
2022-08-30,26.35,26.35,26.55,26.1,26.25,12011413
2022-08-31,26.55,26.55,26.6,26.2,26.2,11337071
2022-09-01,26.3,26.3,26.45,26.1,26.2,16049848
2022-09-02,26.15,26.15,26.4,26.1,26.4,7008416
2022-09-05,26.45,26.45,26.7,26.35,26.4,11072498
2022-09-06,26.6,26.6,26.8,26.45,26.55,12958506
2022-09-07,26.2,26.2,26.6,26.15,26.3,16026182
2022-09-08,26.45,26.45,26.5,26.2,26.45,10652282
2022-09-12,26.8,26.8,26.95,26.55,26.75,13349784
2022-09-13,26.75,26.75,26.9,26.7,26.85,12555100
2022-09-14,26.4,26.4,26.6,26.3,26.45,11373965
2022-09-15,26.45,26.45,26.65,26.3,26.3,8780004
2022-09-16,26.9,26.9,27.05,26.35,26.35,37426227
2022-09-19,26.6,26.6,27.0,26.6,26.9,10743941
2022-09-20,26.5,26.5,26.75,26.5,26.65,11891203
2022-09-21,26.75,26.75,26.9,26.6,26.65,17388870
2022-09-22,26.5,26.5,26.7,26.3,26.5,15314241
2022-09-23,26.65,26.65,26.8,26.5,26.55,8597770
2022-09-26,26.25,26.25,26.5,26.25,26.5,17488874
2022-09-27,26.6,26.6,26.6,26.2,26.2,19911413
2022-09-28,26.35,26.35,26.6,26.1,26.45,23620951
2022-09-29,26.35,26.35,26.45,26.15,26.35,18932077
2022-09-30,26.0,26.0,26.3,26.0,26.3,20700161
2022-10-03,25.65,25.65,25.85,25.4,25.8,20295187
2022-10-04,25.55,25.55,25.85,25.2,25.75,21101083
2022-10-05,25.45,25.45,25.7,25.45,25.55,17264699
2022-10-06,25.8,25.8,25.8,25.45,25.5,18495433
2022-10-07,25.5,25.5,25.6,25.4,25.55,12818483
2022-10-11,25.0,25.0,25.25,24.85,25.25,29883850
2022-10-12,25.15,25.15,25.3,24.9,25.0,11561917
2022-10-13,24.55,24.55,25.15,24.25,25.05,26008677
2022-10-14,24.45,24.45,24.75,24.3,24.7,19463472
2022-10-17,24.0,24.0,24.25,23.9,24.25,17175358
2022-10-18,24.05,24.05,24.3,23.9,24.2,13057803
2022-10-19,23.75,23.75,24.2,23.7,24.05,15600396
2022-10-20,23.75,23.75,23.95,23.1,23.35,30700590
2022-10-21,24.15,24.15,24.35,23.65,23.8,12896607
2022-10-24,24.5,24.5,24.6,24.2,24.45,18142070
2022-10-25,24.75,24.75,24.75,24.25,24.75,19912554
2022-10-26,24.85,24.85,25.0,24.6,24.9,13508767
2022-10-27,24.6,24.6,25.1,24.55,25.0,18158610
2022-10-28,24.55,24.55,24.85,24.45,24.8,10411449
2022-10-31,24.75,24.75,24.9,24.65,24.8,10502808
2022-11-01,24.9,24.9,24.95,24.55,24.7,10215185
2022-11-02,24.75,24.75,24.95,24.65,24.9,8774192
2022-11-03,24.55,24.55,24.6,24.3,24.45,12228153
2022-11-04,24.95,24.95,24.95,24.25,24.35,14446029
2022-11-07,24.95,24.95,25.0,24.75,24.95,12083074
2022-11-08,25.1,25.1,25.1,24.9,25.0,10692220
2022-11-09,25.3,25.3,25.3,25.0,25.15,11779298
2022-11-10,25.15,25.15,25.35,25.0,25.2,10605760
2022-11-11,25.9,25.9,25.9,25.35,25.4,22545350
2022-11-14,25.8,25.8,26.0,25.7,25.95,20656800
2022-11-15,25.9,25.9,25.95,25.4,25.55,14353846
2022-11-16,25.7,25.7,25.9,25.5,25.75,19188703
2022-11-17,25.55,25.55,25.65,25.35,25.6,10194985
2022-11-18,25.3,25.3,25.65,25.1,25.4,14621156
2022-11-21,25.35,25.35,25.4,25.1,25.4,9818177
2022-11-22,25.3,25.3,25.45,25.1,25.45,10559945
2022-11-23,25.45,25.45,25.55,25.3,25.4,14094908
2022-11-24,25.6,25.6,25.7,25.35,25.65,17490097
2022-11-25,25.9,25.9,25.9,25.5,25.55,17659442
2022-11-28,25.85,25.85,25.95,25.4,25.5,19198767
2022-11-29,26.2,26.2,26.2,25.7,25.85,15512581
2022-11-30,26.2,26.2,26.5,26.0,26.2,55256780
2022-12-01,26.2,26.2,26.55,26.05,26.55,14523376
2022-12-02,25.85,25.85,26.1,25.8,26.0,13065283
2022-12-05,25.9,25.9,26.0,25.7,25.8,11393392
2022-12-06,25.9,25.9,26.2,25.8,25.8,23646146
2022-12-07,26.15,26.15,26.45,25.9,26.0,18313019
2022-12-08,26.3,26.3,26.3,26.0,26.3,9759367
2022-12-09,26.2,26.2,26.45,26.15,26.2,12734623
2022-12-12,26.4,26.4,26.4,26.1,26.3,12979559
2022-12-13,26.0,26.0,26.45,25.95,26.4,21738389
2022-12-14,26.35,26.35,26.45,26.15,26.35,12229064
2022-12-15,26.4,26.4,26.45,26.15,26.2,7662916
2022-12-16,26.2,26.2,26.45,26.1,26.1,17951432
2022-12-19,26.3,26.3,26.35,26.05,26.05,10886368
2022-12-20,26.3,26.3,26.45,26.1,26.1,10850690
2022-12-21,26.3,26.3,26.35,26.15,26.3,8700972
2022-12-22,26.4,26.4,26.4,26.2,26.25,6799393
2022-12-23,26.3,26.3,26.35,26.15,26.2,6392387
2022-12-26,26.4,26.4,26.4,26.2,26.25,5395529
2022-12-27,26.5,26.5,26.6,26.35,26.4,6156886
2022-12-28,26.25,26.25,26.45,26.2,26.45,6439713
2022-12-29,26.1,26.1,26.3,25.9,26.15,15335254
2022-12-30,26.5,26.5,26.6,26.2,26.25,14249034
2023-01-03,26.3,26.3,26.45,26.0,26.4,17051046
2023-01-04,26.25,26.25,26.3,26.15,26.15,8491759
2023-01-05,26.5,26.5,26.5,26.2,26.25,13536102
2023-01-06,26.5,26.5,26.55,26.4,26.5,9305379
2023-01-09,27.0,27.0,27.0,26.7,26.8,24147606
2023-01-10,27.1,27.1,27.15,26.8,26.95,15588347
2023-01-11,26.8,26.8,27.15,26.6,27.05,22996863
2023-01-12,26.45,26.45,26.8,26.35,26.8,22057983
2023-01-13,26.45,26.45,26.7,26.35,26.6,12464628
2023-01-16,26.7,26.7,26.8,26.5,26.55,14565650
2023-01-17,26.75,26.75,26.85,26.6,26.75,15803583
2023-01-30,26.9,26.9,27.2,26.4,27.05,55330369
2023-01-31,26.1,26.1,26.85,26.1,26.85,53849286
2023-02-01,26.3,26.3,26.3,26.0,26.2,22462403
2023-02-02,26.15,26.15,26.3,26.05,26.3,23427468
2023-02-03,26.2,26.2,26.25,26.05,26.1,16439024
2023-02-06,26.05,26.05,26.2,26.0,26.1,17491343
2023-02-07,26.1,26.1,26.2,26.05,26.05,11271256
2023-02-08,26.1,26.1,26.25,26.1,26.15,8455659
2023-02-09,26.15,26.15,26.2,26.05,26.1,11657185
2023-02-10,26.35,26.35,26.4,26.1,26.1,14052849
2023-02-13,26.6,26.6,26.6,26.2,26.35,14303667
2023-02-14,26.7,26.7,26.7,26.5,26.65,15949805
2023-02-15,26.45,26.45,26.6,26.35,26.6,14057049
2023-02-16,26.55,26.55,26.7,26.45,26.5,14777211
2023-02-17,26.5,26.5,26.7,26.4,26.5,16805947
2023-02-20,26.75,26.75,26.9,26.5,26.55,15594346
2023-02-21,26.7,26.7,26.8,26.6,26.7,10215989
2023-02-22,26.95,26.95,26.95,26.5,26.6,20473707
2023-02-23,27.05,27.05,27.1,26.85,26.95,18408715
2023-02-24,26.8,26.8,27.05,26.8,27.0,58138477
2023-03-01,26.6,26.6,26.65,26.45,26.45,33872947
2023-03-02,26.3,26.3,26.65,26.25,26.65,22543114
2023-03-03,26.35,26.35,26.45,26.25,26.35,17618925
2023-03-06,26.45,26.45,26.65,26.35,26.5,18334278
2023-03-07,26.7,26.7,26.75,26.5,26.6,7673198
2023-03-08,26.75,26.75,26.8,26.55,26.7,10707966
2023-03-09,26.65,26.65,26.75,26.5,26.7,14995099
2023-03-10,26.35,26.35,26.45,26.35,26.4,15601528
2023-03-13,26.25,26.25,26.35,26.1,26.25,22768475
2023-03-14,26.0,26.0,26.2,26.0,26.15,23614573
2023-03-15,25.9,25.9,26.2,25.9,26.15,17869415
2023-03-16,25.8,25.8,25.9,25.5,25.7,20380668
2023-03-17,25.8,25.8,25.95,25.75,25.9,18033879
2023-03-20,25.65,25.65,25.75,25.45,25.7,14337222
2023-03-21,25.85,25.85,26.15,25.65,25.65,7131482
2023-03-22,26.2,26.2,26.25,26.0,26.05,8014078
2023-03-23,26.4,26.4,26.4,26.05,26.25,11415859
2023-03-24,26.35,26.35,26.4,26.15,26.4,8345549
2023-03-27,26.35,26.35,26.4,26.25,26.3,7411705
2023-03-28,26.25,26.25,26.45,26.25,26.35,7107549
2023-03-29,26.45,26.45,26.5,26.25,26.3,10245192
2023-03-30,26.4,26.4,26.55,26.3,26.5,8210017
2023-03-31,26.45,26.45,26.55,26.35,26.4,10989269
2023-04-06,26.6,26.6,26.6,26.35,26.55,10676658
2023-04-07,26.5,26.5,26.65,26.5,26.65,3738897
2023-04-10,26.55,26.55,26.6,26.45,26.5,5511159
2023-04-11,26.65,26.65,26.7,26.5,26.5,9478492
2023-04-12,26.7,26.7,26.7,26.6,26.65,7809071
2023-04-13,26.75,26.75,26.75,26.65,26.7,8600985
2023-04-14,26.85,26.85,26.85,26.65,26.75,10686160
2023-04-17,26.75,26.75,26.95,26.7,26.85,8159693
2023-04-18,26.9,26.9,26.9,26.7,26.75,7696546
2023-04-19,26.85,26.85,26.95,26.8,26.9,7118342
2023-04-20,26.8,26.8,26.85,26.75,26.8,6393129
2023-04-21,26.9,26.9,26.9,26.75,26.8,7421742
2023-04-24,26.95,26.95,26.95,26.7,26.85,6014477
2023-04-25,26.9,26.9,27.1,26.85,26.95,18287903
2023-04-26,27.05,27.05,27.05,26.8,26.9,15678667
2023-04-27,27.0,27.0,27.05,26.9,26.95,9328286
2023-04-28,27.1,27.1,27.1,26.9,27.0,11944589
2023-05-02,27.2,27.2,27.25,27.05,27.1,17130705
2023-05-03,26.95,26.95,27.2,26.85,27.15,17612613
2023-05-04,27.05,27.05,27.05,26.85,26.9,16333412
2023-05-05,27.1,27.1,27.15,26.95,27.05,10870265
2023-05-08,27.4,27.4,27.45,27.15,27.2,13625283
2023-05-09,27.55,27.55,27.6,27.35,27.4,11687316
2023-05-10,27.5,27.5,27.6,27.45,27.6,7951291
2023-05-11,27.5,27.5,27.55,27.35,27.55,7280498
2023-05-12,27.25,27.25,27.45,27.2,27.45,10965038
2023-05-15,27.4,27.4,27.5,27.1,27.15,9154480
2023-05-16,27.55,27.55,27.6,27.4,27.45,11977034
2023-05-17,27.9,27.9,28.0,27.5,27.55,20942265
2023-05-18,28.05,28.05,28.05,27.9,27.95,15531133
2023-05-19,28.1,28.1,28.1,27.9,28.05,13577725
2023-05-22,28.0,28.0,28.15,27.95,28.0,13106402
2023-05-23,28.15,28.15,28.15,27.95,28.1,13426121
2023-05-24,28.0,28.0,28.0,27.75,28.0,15118536
2023-05-25,27.75,27.75,28.0,27.7,27.8,14938175
2023-05-26,27.75,27.75,27.85,27.55,27.65,12624550
2023-05-29,28.0,28.0,28.0,27.75,27.85,11798177
2023-05-30,28.1,28.1,28.15,27.9,28.0,17301372
2023-05-31,28.1,28.1,28.1,27.9,28.1,47693741
2023-06-01,27.65,27.65,27.8,27.55,27.8,29353007
2023-06-02,27.6,27.6,27.75,27.55,27.75,20725322
2023-06-05,27.75,27.75,27.95,27.65,27.65,14139961
2023-06-06,27.75,27.75,27.95,27.7,27.75,10282658
2023-06-07,27.9,27.9,27.9,27.75,27.75,11965442
2023-06-08,27.95,27.95,28.0,27.85,27.95,8913316
2023-06-09,27.95,27.95,28.0,27.9,28.0,9350164
2023-06-12,27.9,27.9,28.1,27.9,27.95,11937828
2023-06-13,27.9,27.9,28.05,27.8,27.9,11446487
2023-06-14,27.85,27.85,28.0,27.85,27.9,8493587
2023-06-15,27.7,27.7,27.95,27.6,27.85,15666780
2023-06-16,27.6,27.6,27.85,27.6,27.7,20453052
2023-06-19,27.8,27.8,27.8,27.55,27.6,6603804
2023-06-20,27.8,27.8,27.85,27.7,27.8,10608496
2023-06-21,27.9,27.9,28.0,27.7,27.75,12451240
2023-06-26,27.75,27.75,27.9,27.55,27.8,13389722
2023-06-27,27.7,27.7,27.9,27.65,27.65,6578503
2023-06-28,27.65,27.65,27.8,27.55,27.8,20874484
2023-06-29,27.7,27.7,27.8,27.55,27.8,10815725
2023-06-30,27.65,27.65,27.75,27.55,27.55,11634898
2023-07-03,27.7,27.7,27.8,27.65,27.8,7180249
2023-07-04,27.8,27.8,27.8,27.65,27.7,8094012
2023-07-05,27.8,27.8,27.85,27.7,27.7,7387330
2023-07-06,27.4,27.4,27.8,27.4,27.8,23002043
2023-07-07,27.2,27.2,27.35,27.05,27.25,14977780
2023-07-10,27.3,27.3,27.55,27.15,27.2,12388570
2023-07-11,27.8,27.8,27.8,27.45,27.45,10967092
2023-07-12,27.9,27.9,27.9,27.5,27.5,11802725
2023-07-13,27.9,27.9,28.0,27.9,27.9,9960366
2023-07-14,28.15,28.15,28.15,27.85,27.9,14323998
2023-07-17,28.25,28.25,28.3,28.1,28.15,17659906
2023-07-18,28.3,28.3,28.5,28.25,28.3,16129973
2023-07-19,28.15,28.15,28.5,28.0,28.4,12197521
2023-07-20,28.3,28.3,28.3,28.1,28.3,9283132
2023-07-21,28.2,28.2,28.4,28.1,28.2,12077262
2023-07-24,28.05,28.05,28.2,28.0,28.2,9681388
2023-07-25,28.35,28.35,28.35,28.1,28.2,11435451
2023-07-26,28.7,28.7,28.7,28.25,28.35,20064352
2023-07-27,28.7,28.7,28.8,28.55,28.7,18734327
2023-07-28,28.8,28.8,28.9,28.7,28.85,10591036
2023-07-31,29.05,29.05,29.3,28.9,28.95,17221585
2023-08-01,29.25,29.25,29.25,29.0,29.1,14054622
2023-08-02,28.9,28.9,29.2,28.8,29.1,26569308
2023-08-04,28.75,28.75,29.0,28.7,28.9,26250243
2023-08-07,28.95,28.95,29.1,28.7,28.75,20328478
2023-08-08,28.85,28.85,29.05,28.8,28.95,17509266
2023-08-09,29.15,29.15,29.2,28.9,28.9,26600401
2023-08-10,29.25,29.25,29.3,29.05,29.2,37050909
2023-08-11,27.2,27.2,27.85,27.2,27.8,51157199
2023-08-14,26.85,26.85,27.2,26.7,27.2,23684553
2023-08-15,26.5,26.5,26.9,26.5,26.85,19800630
2023-08-16,26.1,26.1,26.35,26.0,26.3,21374285
2023-08-17,26.1,26.1,26.25,25.8,26.0,21979609
2023-08-18,26.2,26.2,26.55,26.1,26.15,19002522
2023-08-21,26.25,26.25,26.4,26.2,26.3,14679976
2023-08-22,26.25,26.25,26.35,26.15,26.35,8752940
2023-08-23,26.3,26.3,26.4,26.25,26.3,12501353
2023-08-24,26.45,26.45,26.6,26.35,26.4,16033064
2023-08-25,26.25,26.25,26.6,26.25,26.5,17546035
2023-08-28,26.55,26.55,26.7,26.35,26.35,8132192
2023-08-29,26.7,26.7,26.7,26.5,26.6,8082295
2023-08-30,26.7,26.7,26.8,26.6,26.8,12361546
2023-08-31,26.3,26.3,26.8,26.3,26.8,36253283
2023-09-01,26.45,26.45,26.65,26.3,26.3,8815530
2023-09-04,26.6,26.6,26.65,26.45,26.45,6728961
2023-09-05,26.6,26.6,26.65,26.5,26.55,6567097
2023-09-06,26.4,26.4,26.6,26.4,26.5,13139224
2023-09-07,26.45,26.45,26.5,26.35,26.4,8242988
2023-09-08,26.55,26.55,26.6,26.45,26.45,5149504
2023-09-11,26.6,26.6,26.6,26.45,26.55,8304756
2023-09-12,26.75,26.75,26.75,26.55,26.6,13301814
2023-09-13,26.75,26.75,26.75,26.6,26.7,7522741
2023-09-14,27.1,27.1,27.1,26.7,26.8,12661852
2023-09-15,26.9,26.9,27.15,26.75,27.15,25508786
2023-09-18,27.0,27.0,27.05,26.9,26.9,5179989
2023-09-19,27.1,27.1,27.1,26.9,27.0,7018592
2023-09-20,27.0,27.0,27.0,26.85,27.0,10370603
2023-09-21,26.55,26.55,26.95,26.5,26.95,15925072
2023-09-22,26.65,26.65,26.65,26.45,26.45,9772215
2023-09-25,26.9,26.9,26.9,26.6,26.65,8218503
2023-09-26,26.55,26.55,26.85,26.5,26.8,14527820
2023-09-27,26.5,26.5,26.55,26.4,26.5,11410462
2023-09-28,26.55,26.55,26.6,26.45,26.5,7410379
2023-10-02,26.55,26.55,26.6,26.5,26.55,9530150
2023-10-03,26.4,26.4,26.5,26.35,26.45,7772895
2023-10-04,26.0,26.0,26.3,26.0,26.2,25726771
2023-10-05,26.2,26.2,26.35,26.0,26.05,12077523
2023-10-06,26.55,26.55,26.6,26.2,26.2,10129682
2023-10-11,26.85,26.85,26.9,26.45,26.7,20044984
2023-10-12,27.0,27.0,27.0,26.75,26.95,13062760
2023-10-13,26.7,26.7,26.85,26.6,26.8,8973727
2023-10-16,26.75,26.75,26.8,26.55,26.6,10051807
2023-10-17,26.65,26.65,26.8,26.5,26.8,10582080
2023-10-18,26.7,26.7,26.75,26.55,26.75,8814765
2023-10-19,26.4,26.4,26.6,26.35,26.55,11126303
2023-10-20,26.2,26.2,26.35,25.9,26.2,20453194
2023-10-23,26.0,26.0,26.3,26.0,26.15,10279852
2023-10-24,26.0,26.0,26.15,25.95,26.05,12030855
2023-10-25,25.95,25.95,26.2,25.95,26.1,10216396
2023-10-26,25.85,25.85,26.0,25.8,25.85,14976924
2023-10-27,26.0,26.0,26.15,25.9,25.95,7542646
2023-10-30,25.9,25.9,26.1,25.9,26.0,10706467
2023-10-31,25.9,25.9,26.0,25.85,25.9,8702049
2023-11-01,26.15,26.15,26.3,25.95,26.0,5795566
2023-11-02,26.35,26.35,26.5,26.25,26.3,7037266
2023-11-03,26.7,26.7,26.75,26.35,26.5,10235956
2023-11-06,26.9,26.9,27.0,26.7,26.8,15448832
2023-11-07,26.85,26.85,26.9,26.75,26.9,7763066
2023-11-08,26.85,26.85,26.95,26.75,26.95,9163147
2023-11-09,26.8,26.8,26.95,26.75,26.9,9171607
2023-11-10,26.85,26.85,26.95,26.7,26.75,6793465
2023-11-13,26.9,26.9,26.9,26.7,26.85,9086568
2023-11-14,26.95,26.95,27.0,26.8,26.95,9248667
2023-11-15,27.15,27.15,27.2,27.0,27.1,18676110
2023-11-16,27.5,27.5,27.5,27.2,27.25,22170764
2023-11-17,27.55,27.55,27.65,27.35,27.5,16137343
2023-11-20,27.45,27.45,27.5,27.25,27.5,9174127
2023-11-21,27.85,27.85,27.85,27.45,27.5,22899517
2023-11-22,27.7,27.7,27.85,27.65,27.75,10036735
2023-11-23,27.65,27.65,27.8,27.5,27.65,10787060
2023-11-24,27.65,27.65,27.9,27.55,27.7,13967049
2023-11-27,27.45,27.45,27.95,27.45,27.7,16922696
2023-11-28,27.6,27.6,27.95,27.55,27.65,21595381
2023-11-29,27.5,27.5,27.85,27.5,27.75,16308984
2023-11-30,27.7,27.7,27.8,27.55,27.55,32427625
2023-12-01,27.35,27.35,27.7,27.3,27.6,16139705
2023-12-04,27.35,27.35,27.55,27.25,27.35,15784853
2023-12-05,27.35,27.35,27.35,27.2,27.25,9386470
2023-12-06,27.6,27.6,27.75,27.35,27.35,11437139
2023-12-07,27.45,27.45,27.6,27.4,27.5,7298536
2023-12-08,27.6,27.6,27.65,27.45,27.65,7037081
2023-12-11,27.55,27.55,27.65,27.4,27.6,6666473
2023-12-12,27.5,27.5,27.65,27.4,27.65,8473601
2023-12-13,27.4,27.4,27.5,27.25,27.5,8718770
2023-12-14,27.6,27.6,27.7,27.35,27.4,11402468
2023-12-15,27.35,27.35,27.7,27.35,27.7,20577080
2023-12-18,27.5,27.5,27.5,27.35,27.35,5642212
2023-12-19,27.2,27.2,27.35,27.15,27.3,10891423
2023-12-20,26.9,26.9,27.3,26.8,27.2,19267119
2023-12-21,26.8,26.8,26.85,26.65,26.7,9143104
2023-12-22,26.75,26.75,26.9,26.7,26.8,7153448
2023-12-25,26.85,26.85,26.9,26.65,26.75,4050446
2023-12-26,27.0,27.0,27.0,26.8,26.85,5431680
2023-12-27,27.2,27.2,27.2,26.95,27.0,9772544
2023-12-28,27.45,27.45,27.45,27.1,27.1,9560786
2023-12-29,27.4,27.4,27.45,27.25,27.4,8734683
2024-01-02,27.25,27.25,27.45,27.2,27.3,11431563
2024-01-03,27.0,27.0,27.15,26.8,27.1,13309178
2024-01-04,27.0,27.0,27.2,26.9,27.0,7782857
2024-01-05,27.0,27.0,27.25,27.0,27.0,8624084
2024-01-08,27.25,27.25,27.4,27.0,27.0,9248145
2024-01-09,27.05,27.05,27.35,27.0,27.3,9216003
2024-01-10,26.9,26.9,27.15,26.9,27.15,8788238
2024-01-11,27.05,27.05,27.2,26.9,26.9,8749282
2024-01-12,26.9,26.9,27.05,26.85,26.9,8407252
2024-01-15,26.8,26.8,27.0,26.8,26.9,11660774
2024-01-16,26.5,26.5,26.8,26.45,26.7,22522597
2024-01-17,26.1,26.1,26.45,26.1,26.3,29965641
2024-01-18,26.2,26.2,26.4,26.15,26.15,10780725
2024-01-19,26.45,26.45,26.5,26.1,26.15,12561434
2024-01-22,26.4,26.4,26.55,26.4,26.5,9161262
2024-01-23,26.5,26.5,26.6,26.35,26.4,9184398
2024-01-24,26.6,26.6,26.65,26.45,26.45,7625314
2024-01-25,26.65,26.65,26.75,26.55,26.6,6507820
2024-01-26,26.85,26.85,26.95,26.55,26.55,9357333
2024-01-29,26.8,26.8,26.95,26.75,26.8,7441990
2024-01-30,26.5,26.5,26.9,26.5,26.8,11939064
2024-01-31,26.6,26.6,26.7,26.45,26.5,11936787
2024-02-01,26.9,26.9,26.9,26.65,26.75,15832173
2024-02-02,27.0,27.0,27.05,26.8,26.9,8605469
2024-02-05,26.8,26.8,26.95,26.65,26.7,11087988
2024-02-15,26.75,26.75,27.1,26.7,26.75,19999651
2024-02-16,26.85,26.85,27.15,26.75,26.8,11380959
2024-02-19,27.2,27.2,27.25,26.9,27.05,15353265
2024-02-20,27.4,27.4,27.5,27.05,27.05,12933529
2024-02-21,27.2,27.2,27.4,27.15,27.4,15159328
2024-02-22,27.25,27.25,27.3,27.15,27.2,10025091
2024-02-23,27.15,27.15,27.25,27.15,27.2,6221644
2024-02-26,26.9,26.9,27.05,26.9,27.05,16249855
2024-02-27,26.9,26.9,27.1,26.9,26.9,13172155
2024-02-29,27.1,27.1,27.25,26.9,26.9,26947842
2024-03-01,27.05,27.05,27.1,27.0,27.0,8779962
2024-03-04,26.95,26.95,27.05,26.85,26.95,20411443
2024-03-05,26.9,26.9,27.0,26.9,26.95,16236722
2024-03-06,27.1,27.1,27.1,26.9,27.0,9768129
2024-03-07,27.0,27.0,27.1,26.9,26.9,12113776
2024-03-08,27.1,27.1,27.2,26.95,26.95,14422518
2024-03-11,27.05,27.05,27.2,27.0,27.05,12958148
2024-03-12,27.05,27.05,27.2,27.0,27.1,15088700
2024-03-13,27.25,27.25,27.3,27.0,27.0,17732588
2024-03-14,27.65,27.65,27.65,27.25,27.25,27217245
2024-03-15,27.6,27.6,27.65,27.35,27.65,38259011
2024-03-18,27.45,27.45,27.6,27.35,27.55,12872472
2024-03-19,27.35,27.35,27.45,27.3,27.3,11127278
2024-03-20,27.2,27.2,27.4,27.2,27.3,17301109
2024-03-21,27.55,27.55,27.6,27.3,27.35,15616062
2024-03-22,27.6,27.6,27.6,27.45,27.55,13596409
2024-03-25,27.7,27.7,27.7,27.5,27.6,9565025
2024-03-26,27.8,27.8,27.85,27.6,27.6,12765500
2024-03-27,27.7,27.7,27.85,27.7,27.8,7294138
2024-03-28,27.6,27.6,27.75,27.5,27.7,13887678
2024-03-29,27.7,27.7,27.8,27.5,27.65,14324165
2024-04-01,27.75,27.75,27.95,27.7,27.8,8181500
2024-04-02,27.75,27.75,27.75,27.6,27.65,8301509
2024-04-03,27.15,27.15,27.65,27.15,27.65,21208400
2024-04-08,27.45,27.45,27.5,27.2,27.2,8854638
2024-04-09,27.55,27.55,27.6,27.4,27.45,9295965
2024-04-10,27.5,27.5,27.65,27.45,27.6,11114003
2024-04-11,27.45,27.45,27.55,27.35,27.4,8301793
2024-04-12,27.35,27.35,27.4,27.2,27.3,11858281
2024-04-15,27.2,27.2,27.4,27.15,27.25,8665414
2024-04-16,26.75,26.75,27.2,26.75,27.1,30154432
2024-04-17,26.9,26.9,27.0,26.75,26.8,11708120
2024-04-18,26.9,26.9,27.05,26.75,26.8,12518762
2024-04-19,26.65,26.65,26.95,26.4,26.85,27663667
2024-04-22,27.1,27.1,27.2,26.8,26.8,13186036
2024-04-23,27.15,27.15,27.2,26.95,27.0,13367478
2024-04-24,27.2,27.2,27.3,27.05,27.25,8459777
2024-04-25,26.9,26.9,27.1,26.9,27.1,14535074
2024-04-26,26.95,26.95,27.1,26.85,26.95,10416831
2024-04-29,27.5,27.5,27.55,27.0,27.0,24870769
2024-04-30,27.35,27.35,27.5,27.3,27.3,12950201
2024-05-02,27.35,27.35,27.6,27.3,27.35,14190360
2024-05-03,27.4,27.4,27.55,27.4,27.45,8622943
2024-05-06,27.9,27.9,28.0,27.4,27.45,28764543
2024-05-07,27.8,27.8,28.0,27.7,28.0,12001342
2024-05-08,28.0,28.0,28.0,27.7,27.8,17985333
2024-05-09,27.75,27.75,28.0,27.65,28.0,12731484
2024-05-10,27.9,27.9,28.0,27.75,27.8,21567602
2024-05-13,27.8,27.8,28.0,27.65,28.0,14351123
2024-05-14,27.4,27.4,27.8,27.35,27.8,16663257
2024-05-15,27.6,27.6,27.8,27.45,27.6,14614052
2024-05-16,27.75,27.75,27.85,27.65,27.8,18019267
2024-05-17,28.05,28.05,28.15,27.6,27.65,41306046
2024-05-20,28.9,28.9,28.9,28.2,28.35,66487587
2024-05-21,28.35,28.35,28.65,28.1,28.65,44868660
2024-05-22,28.5,28.5,28.6,28.1,28.4,30864653
2024-05-23,28.95,28.95,28.95,28.1,28.2,40273838
2024-05-24,28.2,28.2,28.55,28.2,28.5,27259284
2024-05-27,28.3,28.3,28.3,27.95,28.15,27512052
2024-05-28,28.05,28.05,28.3,28.05,28.2,11221173
2024-05-29,27.6,27.6,28.0,27.6,27.9,31330277
2024-05-30,27.3,27.3,27.6,27.3,27.4,24716965
2024-05-31,27.5,27.5,27.7,27.3,27.3,62256529
2024-06-03,27.55,27.55,27.65,27.5,27.6,11795606
2024-06-04,27.45,27.45,27.65,27.35,27.35,14079391
2024-06-05,27.45,27.45,27.65,27.4,27.4,13516580
2024-06-06,27.5,27.5,27.65,27.45,27.45,14885480
2024-06-07,27.8,27.8,27.9,27.55,27.55,14318347
2024-06-11,27.8,27.8,28.0,27.6,27.65,16115772
2024-06-12,27.7,27.7,27.85,27.7,27.7,9904394
2024-06-13,27.8,27.8,27.95,27.75,27.75,10532519
2024-06-14,27.95,27.95,28.0,27.7,27.8,9487686
2024-06-17,27.95,27.95,28.05,27.9,27.9,9887303
2024-06-18,28.1,28.1,28.1,27.9,28.0,10220707
2024-06-19,28.1,28.1,28.2,28.0,28.1,12350547
2024-06-20,28.1,28.1,28.2,27.95,28.2,12826996
2024-06-21,28.0,28.0,28.1,27.95,28.05,23699398
2024-06-24,28.15,28.15,28.15,27.85,28.0,14968842
2024-06-25,28.2,28.2,28.45,28.1,28.25,10218487
2024-06-26,28.0,28.0,28.15,27.9,28.1,13378183
2024-06-27,28.0,28.0,28.0,27.8,27.8,11094099
2024-06-28,28.1,28.1,28.2,27.95,28.0,12625454
2024-07-01,28.0,28.0,28.2,28.0,28.2,6586211
2024-07-02,28.0,28.0,28.1,27.85,27.9,9325810
2024-07-03,28.45,28.45,28.45,27.95,28.0,18283595
2024-07-04,28.6,28.6,28.65,28.4,28.45,15625858
2024-07-05,28.6,28.6,28.65,28.5,28.55,6146975
2024-07-08,28.65,28.65,28.7,28.55,28.6,9349322
2024-07-09,28.65,28.65,28.8,28.6,28.65,16133920
2024-07-10,28.75,28.75,28.9,28.6,28.7,14080253
2024-07-11,28.85,28.85,28.95,28.65,28.75,16275978
2024-07-12,28.9,28.9,28.95,28.75,28.75,15464449
2024-07-15,29.0,29.0,29.0,28.85,28.95,14792770
2024-07-16,29.0,29.0,29.1,28.9,29.0,14328164
2024-07-17,29.0,29.0,29.05,28.85,29.0,13873469
2024-07-18,29.4,29.4,29.4,28.8,29.0,31138415
2024-07-19,29.15,29.15,29.4,28.75,29.3,19288192
2024-07-22,29.0,29.0,29.05,28.7,29.0,17004806
2024-07-23,29.3,29.3,29.35,29.05,29.15,13556910
2024-07-26,29.3,29.3,29.4,28.95,29.2,23549875
2024-07-29,29.5,29.5,29.5,29.35,29.4,24345244
2024-07-30,29.35,29.35,29.4,29.05,29.4,17198604
2024-07-31,29.35,29.35,29.5,29.2,29.3,19806477
2024-08-01,29.45,29.45,29.45,29.3,29.35,20013014
2024-08-02,29.1,29.1,29.25,28.85,29.2,22688869
2024-08-05,28.05,28.05,28.35,27.5,28.35,45979515
2024-08-06,28.2,28.2,28.55,27.7,28.2,37727072
2024-08-07,28.25,28.25,28.45,28.05,28.2,42139005
2024-08-08,26.4,26.4,26.75,26.4,26.5,44838766
2024-08-09,26.85,26.85,27.2,26.6,26.6,38071362
2024-08-12,27.0,27.0,27.35,26.95,26.95,18323569
2024-08-13,26.8,26.8,27.2,26.75,27.2,17358416
2024-08-14,27.0,27.0,27.2,26.85,27.0,16132427
2024-08-15,26.55,26.55,27.3,26.55,27.3,24384910
2024-08-16,26.85,26.85,27.15,26.8,26.95,19435207
2024-08-19,26.85,26.85,27.0,26.75,26.95,13850440
2024-08-20,27.15,27.15,27.15,26.85,27.05,12078145
2024-08-21,27.2,27.2,27.2,27.0,27.2,11889061
2024-08-22,27.25,27.25,27.25,27.05,27.2,11332513
2024-08-23,27.1,27.1,27.3,27.05,27.25,7712450
2024-08-26,27.45,27.45,27.5,27.15,27.15,11224397
2024-08-27,27.15,27.15,27.45,27.1,27.2,10711507
2024-08-28,27.2,27.2,27.25,27.05,27.15,8992705
2024-08-29,27.05,27.05,27.2,27.05,27.2,9207269
2024-08-30,27.25,27.25,27.25,27.05,27.1,20959799
2024-09-02,27.2,27.2,27.3,27.15,27.25,7012723
2024-09-03,26.95,26.95,27.3,26.9,27.2,11229862
2024-09-04,26.7,26.7,26.85,26.5,26.5,26104883
2024-09-05,26.85,26.85,27.0,26.75,26.8,12684584
2024-09-06,27.05,27.05,27.05,26.65,26.85,9693196
2024-09-09,26.95,26.95,27.05,26.65,26.65,14562571
2024-09-10,27.3,27.3,27.4,26.9,26.95,21599397
2024-09-11,27.0,27.0,27.3,27.0,27.25,13650321
2024-09-12,27.4,27.4,27.4,27.0,27.4,15799400
2024-09-13,27.25,27.25,27.35,27.15,27.2,5809350
2024-09-16,27.35,27.35,27.35,27.15,27.25,7913988
2024-09-18,27.15,27.15,27.3,27.15,27.2,8661558
2024-09-19,27.2,27.2,27.3,27.05,27.15,12919757
2024-09-20,27.3,27.3,27.5,27.25,27.3,28472136
2024-09-23,27.35,27.35,27.4,27.2,27.4,12848183
2024-09-24,27.55,27.55,27.55,27.25,27.35,10456268
2024-09-25,27.7,27.7,27.7,27.45,27.7,13904336
2024-09-26,27.8,27.8,27.8,27.65,27.75,11778883
2024-09-27,27.8,27.8,27.85,27.65,27.85,10608498
2024-09-30,27.4,27.4,27.8,27.4,27.75,16448075
2024-10-01,27.25,27.25,27.5,27.2,27.4,10854350
2024-10-04,27.2,27.2,27.2,27.0,27.05,19792393
2024-10-07,27.05,27.05,27.2,27.0,27.2,17585367
2024-10-08,26.95,26.95,27.05,26.8,27.0,24048373
2024-10-09,26.8,26.8,27.0,26.8,26.95,18346950
2024-10-11,26.85,26.85,27.05,26.8,26.8,7909766
2024-10-14,26.9,26.9,27.0,26.85,26.95,9577793
2024-10-15,27.35,27.35,27.35,26.95,26.95,20305567
2024-10-16,27.05,27.05,27.3,27.0,27.1,16864938
2024-10-17,27.15,27.15,27.2,27.0,27.05,11096228
2024-10-18,27.6,27.6,27.6,27.2,27.25,25197651
2024-10-21,27.25,27.25,27.65,27.2,27.65,14789646
2024-10-22,27.5,27.5,27.5,27.1,27.25,15825514
2024-10-23,27.15,27.15,27.4,27.1,27.35,10761488
2024-10-24,27.25,27.25,27.25,27.0,27.1,13044842
2024-10-25,27.35,27.35,27.35,27.1,27.1,10665717
2024-10-28,27.35,27.35,27.35,27.05,27.3,10023116
2024-10-29,27.1,27.1,27.2,26.9,27.15,15121372
2024-10-30,27.15,27.15,27.2,26.9,27.2,15093195
2024-11-01,27.0,27.0,27.1,26.65,26.65,26692701
2024-11-04,27.1,27.1,27.15,26.9,26.95,8006362
2024-11-05,27.1,27.1,27.15,26.95,27.05,9056502
2024-11-06,26.9,26.9,27.1,26.9,27.05,13740480
2024-11-07,26.8,26.8,27.0,26.8,26.85,21395866
2024-11-08,26.8,26.8,26.95,26.8,26.9,20324576
2024-11-11,26.75,26.75,26.85,26.7,26.8,12781285
2024-11-12,26.5,26.5,26.75,26.4,26.7,39348010
2024-11-13,26.6,26.6,26.8,26.4,26.5,33822720
2024-11-14,26.2,26.2,26.6,26.2,26.5,33662022
2024-11-15,27.3,27.3,27.45,26.9,26.95,58405810
2024-11-18,27.65,27.65,27.65,27.2,27.3,51647522
2024-11-19,27.95,27.95,28.0,27.55,27.75,63835610
2024-11-20,27.6,27.6,27.9,27.6,27.7,31375448
2024-11-21,27.6,27.6,27.7,27.25,27.4,21267815
2024-11-22,27.65,27.65,27.75,27.5,27.55,12681924
2024-11-25,27.85,27.85,27.85,27.45,27.8,46239929
2024-11-26,27.65,27.65,27.8,27.5,27.65,12473614
2024-11-27,27.5,27.5,27.9,27.5,27.65,17277134
2024-11-28,27.45,27.45,27.7,27.35,27.55,14408556
2024-11-29,27.2,27.2,27.5,27.1,27.15,20610276
2024-12-02,27.3,27.3,27.5,27.25,27.25,18291119
2024-12-03,27.75,27.75,27.75,27.5,27.5,17733398
2024-12-04,27.85,27.85,27.85,27.65,27.75,11537031
2024-12-05,28.0,28.0,28.0,27.75,27.9,15916170
2024-12-06,28.0,28.0,28.0,27.85,28.0,10153424
2024-12-09,28.1,28.1,28.1,27.9,28.0,11920435
2024-12-10,28.1,28.1,28.1,27.9,28.0,12629502
2024-12-11,27.7,27.7,28.0,27.7,27.85,10232833
2024-12-12,27.95,27.95,28.0,27.65,27.7,14047576
2024-12-13,27.75,27.75,27.9,27.7,27.75,14055341
2024-12-16,27.9,27.9,28.0,27.75,27.8,17018982
2024-12-17,27.75,27.75,27.8,27.5,27.8,19513392
2024-12-18,27.4,27.4,27.8,27.4,27.7,15760290
2024-12-19,27.25,27.25,27.4,27.2,27.25,18712767
2024-12-20,27.0,27.0,27.25,26.95,27.1,49194686
2024-12-23,27.45,27.45,27.45,27.1,27.2,9331677
2024-12-24,27.5,27.5,27.6,27.4,27.5,8065516
2024-12-25,27.25,27.25,27.6,27.2,27.6,8339855
2024-12-26,27.45,27.45,27.5,27.3,27.45,2286666
2024-12-27,27.3,27.3,27.45,27.2,27.45,4371651
2024-12-30,27.25,27.25,27.45,27.2,27.3,8099287
2024-12-31,27.1,27.1,27.2,27.05,27.15,11242726
2025-01-02,27.3,27.3,27.3,27.0,27.05,11391946
2025-01-03,27.35,27.35,27.45,27.2,27.25,9270538
2025-01-06,27.75,27.75,27.75,27.35,27.45,16106388
2025-01-07,27.55,27.55,27.7,27.55,27.65,7334692
2025-01-08,27.7,27.7,27.75,27.55,27.65,11573985
2025-01-09,27.6,27.6,27.85,27.55,27.7,12062239
2025-01-10,27.5,27.5,27.6,27.35,27.4,12979882
2025-01-13,27.35,27.35,27.5,27.1,27.3,19569970
2025-01-14,27.6,27.6,27.7,27.3,27.5,10415953
2025-01-15,27.6,27.6,27.85,27.55,27.6,10887879
2025-01-16,27.85,27.85,27.9,27.65,27.75,12630761
2025-01-17,27.65,27.65,27.85,27.6,27.7,12692580
2025-01-20,27.6,27.6,27.75,27.55,27.75,6612657
2025-01-21,27.85,27.85,27.9,27.55,27.6,10737461
2025-01-22,27.75,27.75,27.95,27.7,27.8,17169794
2025-02-03,27.95,27.95,28.0,27.65,27.65,26340239
2025-02-04,27.65,27.65,28.05,27.65,27.95,16429858
2025-02-05,27.8,27.8,28.0,27.65,27.85,14539045
2025-02-06,28.0,28.0,28.0,27.7,27.8,13517911
2025-02-07,27.7,27.7,27.95,27.65,27.9,13343436
2025-02-10,27.7,27.7,27.8,27.6,27.65,12230549
2025-02-11,27.65,27.65,27.85,27.6,27.8,8926404
2025-02-12,27.8,27.8,27.85,27.65,27.7,9335334
2025-02-13,27.85,27.85,28.0,27.8,27.9,8487868
2025-02-14,27.85,27.85,27.9,27.75,27.85,7998844
2025-02-17,27.8,27.8,28.05,27.8,28.0,11339450
2025-02-18,27.95,27.95,27.95,27.75,27.8,9017749
2025-02-19,27.65,27.65,28.0,27.65,28.0,20133696
2025-02-20,27.5,27.5,27.8,27.5,27.7,22735030
2025-02-21,27.65,27.65,27.75,27.6,27.6,7849598
2025-02-24,27.6,27.6,27.7,27.55,27.6,9876149
2025-02-25,27.5,27.5,27.6,27.5,27.5,10593739
2025-02-26,27.85,27.85,27.85,27.45,27.5,12960400
2025-02-27,27.65,27.65,27.8,27.6,27.75,20155355
2025-03-03,27.8,27.8,27.9,27.65,27.65,15352405
2025-03-04,27.7,27.7,27.85,27.6,27.65,20879181
2025-03-05,27.6,27.6,27.85,27.6,27.7,18729575
2025-03-06,27.7,27.7,27.85,27.65,27.65,9358277
2025-03-07,27.55,27.55,27.75,27.55,27.7,13242461
2025-03-10,27.55,27.55,27.7,27.5,27.6,17249998
2025-03-11,27.45,27.45,27.7,27.25,27.45,21640372
2025-03-12,27.5,27.5,27.65,27.45,27.45,15227913
2025-03-13,27.75,27.75,27.95,27.65,27.7,15310370
2025-03-14,27.6,27.6,27.95,27.6,27.8,19823318
2025-03-17,27.55,27.55,27.75,27.55,27.6,15318015
2025-03-18,27.75,27.75,27.9,27.7,27.7,11725094
2025-03-19,27.55,27.55,27.85,27.55,27.8,18981422
2025-03-20,27.7,27.7,27.75,27.6,27.65,8925707
2025-03-21,27.5,27.5,27.7,27.5,27.6,27483329
2025-03-24,27.5,27.5,27.75,27.5,27.6,12155580
2025-03-25,27.5,27.5,27.8,27.5,27.6,14465601
2025-03-26,27.55,27.55,27.7,27.5,27.5,8100130
2025-03-27,27.75,27.75,27.75,27.45,27.5,12843759
2025-03-28,27.45,27.45,27.65,27.4,27.55,18115360
2025-03-31,27.05,27.05,27.3,26.95,27.2,31168237
2025-04-01,27.25,27.25,27.4,27.1,27.1,14682894
2025-04-02,27.1,27.1,27.3,27.1,27.2,15688166
2025-04-07,24.4,24.4,25.2,24.4,24.4,62455726
2025-04-08,25.75,25.75,25.95,24.8,25.0,53142621
2025-04-09,24.4,24.4,25.7,24.4,25.7,42706752
2025-04-10,26.25,26.25,26.65,25.95,26.5,51060960
2025-04-11,25.8,25.8,26.05,25.5,25.8,37534418
2025-04-14,25.35,25.35,25.8,25.3,25.6,43340045
2025-04-15,25.55,25.55,25.65,25.4,25.4,24519651
2025-04-16,25.25,25.25,25.4,25.05,25.35,29950468
2025-04-17,25.1,25.1,25.35,25.05,25.35,19755184
2025-04-18,25.05,25.05,25.2,25.0,25.1,19709966
2025-04-21,24.95,24.95,25.1,24.9,25.1,16222827
2025-04-22,24.65,24.65,24.85,24.6,24.85,26832413
2025-04-23,24.85,24.85,25.05,24.75,24.9,19266373
2025-04-24,24.8,24.8,25.1,24.8,25.05,24041173
2025-04-25,24.95,24.95,25.1,24.9,25.0,19559623
2025-04-28,24.95,24.95,25.15,24.95,25.05,14630188
2025-04-29,25.2,25.2,25.25,25.05,25.05,23527823
2025-04-30,25.4,25.4,25.5,25.15,25.2,25067230
2025-05-02,25.25,25.25,25.45,25.2,25.4,20485094
2025-05-05,25.05,25.05,25.4,25.05,25.3,26586760
2025-05-06,25.4,25.4,25.45,25.1,25.3,30743751
2025-05-07,25.5,25.5,25.6,25.25,25.45,24676711
2025-05-08,25.45,25.45,25.6,25.4,25.5,17969305
2025-05-09,25.95,25.95,25.95,25.4,25.55,23755376
2025-05-12,26.3,26.3,26.35,26.1,26.15,17793201
2025-05-13,26.35,26.35,26.5,26.2,26.35,22243838
2025-05-14,26.5,26.5,26.6,26.35,26.55,20119711
2025-05-15,26.45,26.45,26.5,26.35,26.5,13518305
2025-05-16,26.65,26.65,26.65,26.4,26.5,27937981
2025-05-19,27.0,27.0,27.0,26.5,26.5,26658996
2025-05-20,27.15,27.15,27.15,26.8,27.0,23709435
2025-05-21,27.45,27.45,27.45,26.85,27.15,31507804
2025-05-22,27.25,27.25,27.35,26.95,27.25,36459194
2025-05-23,27.2,27.2,27.2,26.85,27.2,40533724
2025-05-26,27.5,27.5,27.5,26.9,27.2,57151825
2025-05-27,27.25,27.25,27.45,27.05,27.3,65730859
2025-05-28,26.9,26.9,27.3,26.85,27.25,73607336
2025-05-29,27.05,27.05,27.25,26.7,27.05,165352142
2025-06-02,26.7,26.7,27.0,26.35,26.9,103880863
2025-06-03,26.65,26.65,27.0,26.3,26.9,97942976
2025-06-04,26.8,26.8,26.95,26.35,26.7,106249344
2025-06-05,27.2,27.2,27.2,26.75,26.8,78700685
2025-06-06,27.5,27.5,27.5,27.05,27.15,22112644
2025-06-09,27.65,27.65,27.8,27.5,27.6,21818872
2025-06-10,27.85,27.85,28.1,27.65,27.65,31753393
2025-06-11,27.95,27.95,27.95,27.7,27.8,19713735
2025-06-12,28.0,28.0,28.0,27.8,27.8,10783228
2025-06-13,27.95,27.95,28.05,27.75,27.75,23811042
2025-06-16,28.0,28.0,28.1,27.7,27.7,18651028
2025-06-17,28.35,28.35,28.35,27.95,28.0,53632765
2025-06-18,28.55,28.55,28.55,28.25,28.3,63506052
2025-06-19,28.6,28.6,28.7,28.3,28.35,56546564
2025-06-20,28.45,28.45,28.6,28.0,28.5,61731673
2025-06-23,28.1,28.1,28.3,27.95,28.05,43097165
2025-06-24,28.35,28.35,28.35,28.1,28.3,43441000
2025-06-25,28.6,28.6,28.75,28.35,28.45,45158023
2025-06-26,28.6,28.6,28.85,28.4,28.6,37111217
2025-06-27,28.9,28.9,28.9,28.4,28.4,44280080
2025-06-30,29.05,29.05,29.1,28.7,28.7,41577151
2025-07-01,29.2,29.2,29.2,28.9,28.95,43680154
2025-07-02,29.2,29.2,29.2,28.9,29.0,26375928
2025-07-03,29.3,29.3,29.3,29.05,29.05,24295868
2025-07-04,29.55,29.55,29.75,29.3,29.3,33170223
2025-07-07,29.6,29.6,29.75,29.45,29.55,13806267
2025-07-08,29.45,29.45,29.7,29.2,29.6,15976004
2025-07-09,29.4,29.4,29.45,29.15,29.2,11816923
2025-07-10,29.65,29.65,29.7,29.2,29.2,15340633
2025-07-11,29.8,29.8,29.8,29.6,29.65,13117587
2025-07-14,29.8,29.8,29.85,29.6,29.75,12045739
2025-07-15,29.75,29.75,29.85,29.5,29.65,10460884
2025-07-16,29.8,29.8,29.85,29.4,29.5,15487496
2025-07-17,29.9,29.9,29.9,29.7,29.75,17037718
2025-07-18,29.8,29.8,29.95,29.65,29.9,10041203
2025-07-21,29.7,29.7,29.9,29.55,29.8,11480164
2025-07-22,29.65,29.65,29.85,29.55,29.65,17385102
2025-07-23,29.65,29.65,29.85,29.55,29.8,10028264
2025-07-24,29.75,29.75,29.75,29.4,29.65,23221364
2025-07-25,29.8,29.8,29.8,29.5,29.5,16304173
2025-07-28,29.65,29.65,29.85,29.65,29.7,20012756
2025-07-29,29.8,29.8,29.8,29.4,29.65,26884129
2025-07-30,29.8,29.8,29.85,29.7,29.8,19218497
2025-07-31,29.6,29.6,29.8,29.6,29.65,26649534
2025-08-01,30.0,30.0,30.15,29.45,29.5,40398688
2025-08-04,30.2,30.2,30.2,29.9,29.95,32004084
2025-08-05,30.5,30.5,30.8,30.2,30.3,46156498
2025-08-06,30.75,30.75,30.8,30.5,30.5,34479818
2025-08-07,28.35,28.35,29.1,28.2,29.05,76230176
2025-08-08,28.2,28.2,28.5,27.95,28.35,40171038
2025-08-11,28.2,28.2,28.3,28.1,28.2,12439405
2025-08-12,28.5,28.5,28.6,28.2,28.2,20023413
2025-08-13,28.8,28.8,28.9,28.45,28.6,22485421
2025-08-14,29.4,29.4,29.4,28.8,28.85,18629678
2025-08-15,29.1,29.1,29.45,29.1,29.4,14642377
2025-08-18,29.15,29.15,29.15,28.9,29.05,10470008
2025-08-19,29.25,29.25,29.3,29.1,29.15,8415742
2025-08-20,29.15,29.15,29.4,29.0,29.4,11024666
2025-08-21,29.15,29.15,29.25,29.05,29.2,7990780
2025-08-22,28.75,28.75,29.2,28.7,29.1,10177933
2025-08-25,28.5,28.5,28.95,28.5,28.95,12929308
2025-08-26,28.2,28.2,28.45,28.15,28.4,39085942
2025-08-27,28.2,28.2,28.45,28.2,28.2,7477845
2025-08-28,28.3,28.3,28.55,28.15,28.2,11183546
2025-08-29,28.35,28.35,28.45,28.2,28.35,19070765
2025-09-01,28.5,28.5,28.6,28.3,28.35,8848318
2025-09-02,28.75,28.75,28.75,28.45,28.5,7397655
2025-09-03,28.95,28.95,29.0,28.75,28.8,8832916
2025-09-04,29.35,29.35,29.35,28.95,28.95,13723665
2025-09-05,29.2,29.2,29.4,29.05,29.35,8357037
2025-09-08,29.4,29.4,29.4,29.2,29.2,8571357
2025-09-09,29.75,29.75,29.75,29.4,29.4,16938755
2025-09-10,30.0,30.0,30.0,29.7,29.7,13073194
2025-09-11,29.7,29.7,30.1,29.55,29.9,13783989
2025-09-12,29.9,29.9,30.0,29.7,29.75,12145535
2025-09-15,29.6,29.6,29.95,29.5,29.9,12122531
2025-09-16,29.6,29.6,29.75,29.5,29.6,9607748
2025-09-17,29.4,29.4,29.6,29.4,29.6,9879271
2025-09-18,29.6,29.6,29.65,29.4,29.55,11047115
2025-09-19,29.7,29.7,29.7,29.4,29.6,21758576
2025-09-22,29.8,29.8,29.8,29.65,29.7,8082269
2025-09-23,29.8,29.8,29.85,29.55,29.8,9461124
2025-09-24,29.85,29.85,30.0,29.7,29.8,9211481
2025-09-25,29.6,29.6,30.0,29.5,30.0,10637012
2025-09-26,29.35,29.35,29.5,29.2,29.5,12603305
2025-09-30,29.85,29.85,29.85,29.35,29.7,21953343
2025-10-01,29.9,29.9,29.9,29.7,29.85,13543637
2025-10-02,29.5,29.5,29.85,29.5,29.8,9943258
2025-10-03,29.45,29.45,29.65,29.3,29.5,8820702
2025-10-07,29.0,29.0,29.35,28.95,29.2,20259355
2025-10-08,29.25,29.25,29.4,29.15,29.15,10820551
2025-10-09,28.95,28.95,29.4,28.95,29.3,19020997
2025-10-13,29.05,29.05,29.05,28.5,28.95,20479956
2025-10-14,29.35,29.35,29.5,29.0,29.0,16594977
2025-10-15,29.3,29.3,29.3,29.1,29.3,9374257
2025-10-16,29.4,29.4,29.45,29.25,29.35,10128218
2025-10-17,29.1,29.1,29.45,29.1,29.4,7717744
2025-10-20,28.9,28.9,29.2,28.8,29.2,13626257
2025-10-21,29.0,29.0,29.1,28.85,29.05,9611472
2025-10-22,29.2,29.2,29.2,28.95,29.05,12704247
2025-10-23,29.05,29.05,29.1,28.85,29.0,11008803
2025-10-27,29.0,29.0,29.15,28.75,29.15,17722470
2025-10-28,28.6,28.6,29.0,28.6,28.95,20274783
2025-10-29,28.65,28.65,28.85,28.6,28.65,12042743
2025-10-30,28.65,28.65,28.8,28.5,28.6,15303871
2025-10-31,28.55,28.55,28.9,28.55,28.85,14534074
2025-11-03,28.45,28.45,28.6,28.2,28.35,17662058
2025-11-04,28.5,28.5,28.75,28.45,28.45,11388276
2025-11-05,28.65,28.65,28.65,28.2,28.45,13120340
2025-11-06,28.65,28.65,28.85,28.6,28.8,11064664
2025-11-07,28.45,28.45,28.85,28.45,28.6,11648987
2025-11-10,28.4,28.4,28.65,28.4,28.5,9946991
2025-11-11,28.45,28.45,28.55,28.4,28.4,11137156
2025-11-12,28.4,28.4,28.85,28.4,28.6,12442337
2025-11-13,28.3,28.3,28.6,28.3,28.45,10407284
2025-11-14,28.05,28.05,28.35,28.0,28.2,15733322
2025-11-17,28.15,28.15,28.25,27.9,28.1,16783650
2025-11-18,27.85,27.85,28.15,27.8,28.0,17412772
2025-11-19,27.85,27.85,28.0,27.8,28.0,12550367
2025-11-20,28.3,28.3,28.4,27.85,28.0,12311507
2025-11-21,28.3,28.3,28.6,28.1,28.3,17644451
2025-11-24,28.65,28.65,28.7,28.35,28.35,51227950
2025-11-25,28.2,28.2,28.6,28.2,28.6,11927469
2025-11-26,28.1,28.1,28.4,28.1,28.4,11626630
2025-11-27,27.85,27.85,28.05,27.85,28.0,28157992
2025-11-28,27.6,27.6,27.9,27.6,27.85,30290551
2025-12-01,27.4,27.4,27.7,27.4,27.5,31895774
2025-12-02,27.7,27.7,27.7,27.3,27.3,31275775
2025-12-03,27.55,27.55,27.85,27.45,27.6,21010559
2025-12-04,27.75,27.75,27.9,27.7,27.8,21433382
2025-12-05,27.95,27.95,28.05,27.8,27.8,19371616
2025-12-08,28.05,28.05,28.2,27.8,27.95,23403707
2025-12-09,27.95,27.95,28.35,27.9,28.05,30104789
2025-12-10,27.95,27.95,28.2,27.95,28.0,24485289
2025-12-11,28.2,28.2,28.3,28.05,28.2,32111588
2025-12-12,28.35,28.35,28.55,28.25,28.35,29417106
2025-12-15,28.5,28.5,28.95,28.2,28.35,38192669
2025-12-16,28.9,28.9,29.2,28.45,28.5,58936508
2025-12-17,29.25,29.25,29.8,29.0,29.0,84327797
2025-12-18,29.4,29.4,29.95,29.2,29.5,129846421
2025-12-19,29.95,29.95,29.95,29.4,29.4,111768493
2025-12-22,30.1,30.1,30.5,29.85,30.0,108438163
2025-12-23,29.65,29.65,30.2,29.6,30.1,99303618
2025-12-24,29.3,29.3,30.05,29.25,29.75,85511344
2025-12-26,29.5,29.5,29.7,29.2,29.45,68769012
2025-12-29,29.5,29.5,29.75,29.4,29.5,24482049
2025-12-30,29.75,29.75,29.85,29.45,29.5,21293743
2025-12-31,29.4,29.4,29.9,29.2,29.9,17052894
2026-01-02,29.55,29.55,29.55,29.2,29.55,13839472
2026-01-05,29.85,29.85,29.9,29.3,29.5,22372407
2026-01-06,30.05,30.05,30.05,29.8,29.9,21701092
2026-01-07,29.75,29.75,30.05,29.55,30.05,19259300
2026-01-08,29.65,29.65,29.75,29.45,29.75,16961430
2026-01-09,29.7,29.7,29.8,29.45,29.6,12936860
2026-01-12,29.4,29.4,29.6,29.3,29.55,16974964
2026-01-13,29.4,29.4,29.6,29.2,29.5,22567778
2026-01-14,29.4,29.4,29.65,29.3,29.5,11331717
2026-01-15,29.8,29.8,29.85,29.4,29.5,23443260
2026-01-16,29.8,29.8,29.85,29.6,29.8,13632273
2026-01-19,29.75,29.75,30.1,29.5,29.6,17155448
2026-01-20,29.45,29.45,29.8,29.45,29.65,16192689
2026-01-21,29.25,29.25,29.45,29.2,29.3,19584715
2026-01-22,29.2,29.2,29.5,29.2,29.35,20379295
2026-01-23,29.2,29.2,29.45,29.1,29.45,16986038
2026-01-26,29.05,29.05,29.3,29.0,29.25,15982900
2026-01-27,29.05,29.05,29.4,29.05,29.15,17375404
2026-01-28,29.05,29.05,29.2,28.9,29.2,19047432
2026-01-29,29.15,29.15,29.3,28.95,29.2,17052532
2026-01-30,28.8,28.8,29.2,28.6,29.2,34122590
2026-02-02,28.65,28.65,29.0,28.4,29.0,18315219
2026-02-03,28.95,28.95,29.1,28.7,28.7,11001746
2026-02-04,28.9,28.9,29.2,28.85,28.95,15426598
2026-02-05,29.2,29.2,29.3,28.9,29.0,15281209
2026-02-06,29.15,29.15,29.2,28.9,29.0,12149390
2026-02-09,29.0,29.0,29.35,29.0,29.15,18567675
2026-02-10,29.25,29.25,29.25,28.95,29.05,16973669
2026-02-11,29.45,29.45,29.5,29.25,29.4,22719245
2026-02-23,29.9,29.9,30.0,29.45,29.6,44325481
2026-02-24,30.0,30.0,30.0,29.7,29.95,34846791
2026-02-25,29.9,29.9,30.0,29.75,30.0,29032907
2026-02-26,29.9,29.9,30.0,29.7,29.85,69539880
2026-03-02,29.6,29.6,29.85,29.45,29.75,20734640
2026-03-03,29.7,29.7,29.8,29.45,29.5,21999932
2026-03-04,28.6,28.6,29.45,28.5,29.4,38328746
2026-03-05,29.05,29.05,29.15,28.85,29.05,17768753
2026-03-06,29.4,29.4,29.4,28.7,28.8,22214889
2026-03-09,29.1,29.1,29.1,28.0,28.05,29543352
2026-03-10,29.0,29.0,29.4,28.8,29.35,17468534
2026-03-11,29.15,29.15,29.4,28.9,28.9,15441114
2026-03-12,28.85,28.85,29.0,28.7,28.9,17755876
2026-03-13,28.9,28.9,29.0,28.65,28.8,19913159
2026-03-16,28.85,28.85,29.05,28.75,28.85,15465164
2026-03-17,29.1,29.1,29.1,28.85,29.1,18782042
2026-03-18,28.95,28.95,29.35,28.8,29.35,28003921
2026-03-19,28.6,28.6,28.95,28.4,28.95,28725574
2026-03-20,28.75,28.75,28.75,28.45,28.5,27126115
2026-03-23,28.1,28.1,28.3,28.0,28.3,24512911
2026-03-24,28.55,28.55,28.7,28.2,28.35,20341113
2026-03-25,28.7,28.7,29.0,28.4,29.0,25829109
2026-03-26,28.65,28.65,28.85,28.5,28.85,15913729
2026-03-27,28.45,28.45,28.65,28.2,28.5,16953026
2026-03-30,28.15,28.15,28.4,28.0,28.0,22359351
2026-03-31,28.2,28.2,28.4,28.1,28.15,24422552
2026-04-01,28.45,28.45,28.65,28.25,28.45,21110318
2026-04-02,28.4,28.4,28.6,28.3,28.45,17820415
2026-04-07,28.6,28.6,28.65,28.35,28.4,8517260
2026-04-08,28.8,28.8,28.9,28.6,28.9,16267109
2026-04-09,29.1,29.1,29.1,28.65,28.8,20405757
2026-04-10,28.6,28.6,29.1,28.6,28.9,24307679
2026-04-13,28.45,28.45,28.65,28.4,28.6,13296840
2026-04-14,28.6,28.6,28.7,28.5,28.6,13342580
2026-04-15,28.85,28.85,28.95,28.7,28.75,20594673
2026-04-16,28.8,28.8,29.0,28.8,28.95,12387426
2026-04-17,28.8,28.8,28.95,28.6,28.95,13533681
2026-04-20,28.9,28.9,29.0,28.65,28.85,20030293
2026-04-21,28.8,28.8,29.05,28.75,29.0,15385094
2026-04-22,28.65,28.65,28.85,28.6,28.75,18075643
2026-04-23,28.15,28.15,28.6,28.05,28.55,41433014
2026-04-24,28.3,28.3,28.45,28.2,28.25,19188944
2026-04-27,28.35,28.35,28.6,28.1,28.15,31897901
2026-04-28,28.3,28.3,28.6,28.25,28.4,19088638
2026-04-29,28.55,28.55,28.55,28.3,28.5,19363961
2026-04-30,28.85,28.85,28.9,28.25,28.3,79928025
2026-05-04,28.25,28.25,28.9,28.25,28.85,46215880
2026-05-05,28.4,28.4,28.5,28.15,28.3,20645017
2026-05-06,28.8,28.8,29.0,28.45,28.6,46380669
2026-05-07,29.15,29.15,29.4,28.75,28.8,54247141
2026-05-08,29.5,29.5,29.6,29.05,29.4,39860395
2026-05-11,29.55,29.55,29.75,29.25,29.5,38170656
2026-05-12,29.4,29.4,29.7,29.15,29.55,41174263
2026-05-13,29.5,29.5,29.7,29.25,29.35,34367618
2026-05-14,29.5,29.5,29.65,29.3,29.3,24610949
2026-05-15,29.3,29.3,29.8,29.3,29.55,23894669
2026-05-18,28.75,28.75,29.35,28.7,29.3,28921423
2026-05-19,29.0,29.0,29.45,28.7,28.75,28479556
2026-05-20,27.75,27.75,28.4,27.55,28.1,175496650
2026-05-21,27.7,27.7,28.05,27.55,28.0,85780100
2026-05-22,27.55,27.55,27.8,27.4,27.8,84956255
2026-05-25,27.6,27.6,27.6,27.2,27.6,79808642
2026-05-26,27.7,27.7,27.8,27.5,27.55,47398325
2026-05-27,27.6,27.6,27.8,27.55,27.7,33694772
2026-05-28,27.25,27.25,27.65,27.25,27.6,47996477
2026-05-29,27.45,27.45,27.5,27.2,27.3,109953818
2026-06-01,27.75,27.75,27.85,27.3,27.45,52244946
2026-06-02,28.15,28.15,28.2,27.7,27.75,57901717
2026-06-03,29.0,29.0,29.3,28.1,28.4,81559026
2026-06-04,29.55,29.55,29.65,28.85,29.0,89347433
2026-06-05,29.3,29.3,29.55,28.95,29.5,57303236
2026-06-08,29.1,29.1,29.15,28.45,28.7,50961160
2026-06-09,30.5,30.5,30.55,29.1,29.1,99331453
2026-06-10,30.55,30.55,30.95,30.2,30.4,68192460
2026-06-11,30.65,30.65,30.75,29.95,30.55,46641122
2026-06-12,31.0,31.0,31.35,30.65,30.7,48818443
2026-06-15,31.3,31.3,31.65,31.05,31.35,39236972
2026-06-16,31.8,31.8,31.8,31.25,31.3,50858769
2026-06-17,32.5,32.5,32.75,31.7,31.8,65779573
2026-06-18,32.6,32.6,32.8,32.25,32.5,75198702
2026-06-22,32.3,32.3,32.75,32.15,32.6,46847145
2026-06-23,32.45,32.45,32.7,32.0,32.3,54543745
2026-06-24,32.05,32.05,32.65,32.0,32.25,38735886
2026-06-25,32.85,32.85,33.25,32.1,32.15,59094749
2026-06-26,32.65,32.65,32.95,32.45,32.6,40645728
2026-06-29,33.0,33.0,33.2,32.55,32.8,41996773
2026-06-30,32.75,32.75,33.05,32.3,32.95,53949829
2026-07-01,33.2,33.2,33.35,32.15,32.7,137250550
2026-07-02,32.1,32.1,33.0,32.05,33.0,50326615
2026-07-03,32.4,32.4,32.95,32.0,32.0,25664750
2026-07-06,33.05,33.05,33.1,32.35,32.35,28641252
2026-07-07,33.3,33.3,33.65,33.05,33.05,41274232
2026-07-08,34.1,34.1,34.1,33.2,33.25,32599330
2026-07-09,33.6,33.6,34.15,33.4,34.1,13920609
2026-07-13,33.65,33.65,34.05,33.35,34.0,19179499
2026-07-14,33.55,33.55,33.85,33.1,33.85,24985789
2026-07-15,33.1,33.1,33.8,33.1,33.4,54871514
2026-07-16,33.95,33.95,34.15,33.1,33.1,37194127
2026-07-17,34.1,34.1,34.3,33.55,33.8,45041190
2026-07-20,33.95,33.95,34.25,33.5,34.15,38105765
2026-07-21,34.45,34.45,34.5,33.75,33.9,40357898
2026-07-22,34.4,34.4,34.75,34.05,34.05,31044488
2026-07-23,34.15,34.15,34.4,33.7,34.4,35275097
2026-07-24,34.3,34.3,34.45,33.4,33.4,30998922
2026-07-27,34.8,34.8,35.1,34.1,34.6,38731144
2026-07-28,34.8,34.8,35.1,34.5,34.6,42613912
2026-07-29,34.8,34.8,35.1,34.15,34.8,49837213
2026-07-30,35.5,35.5,35.65,34.45,34.85,63262743
2026-07-31,36.75,36.75,36.9,35.4,35.55,65838905
2026-08-03,35.95,35.95,36.45,35.65,36.3,48317536
2026-08-04,35.3,35.3,36.25,35.15,35.4,54577296
2026-08-05,35.9,35.9,36.1,35.2,35.3,50836332
2026-08-06,35.5,35.5,36.3,35.5,35.8,50732746
2026-08-07,35.55,35.55,35.85,35.3,35.85,32436418
2026-08-10,34.95,34.95,35.7,34.9,35.7,51369106
2026-08-11,32.7,32.7,33.7,32.6,33.55,85137348
2026-08-12,33.15,33.15,33.15,32.45,32.7,42976191
2026-08-13,33.15,33.15,33.35,32.65,33.35,28066711
2026-08-14,33.35,33.35,33.7,32.75,33.15,39847913
2026-08-17,33.4,33.4,33.55,32.55,33.1,45847450
2026-08-18,33.7,33.7,34.25,33.25,33.4,40530045
2026-08-19,33.6,33.6,33.8,33.3,33.65,16299693
2026-08-20,33.3,33.3,33.75,33.2,33.7,27060212
2026-08-21,33.65,33.65,33.8,33.2,33.25,32059690
2026-08-24,33.55,33.55,33.8,33.25,33.55,23922167
2026-08-25,33.8,33.8,34.1,33.45,33.5,28506825
2026-08-26,33.4,33.4,34.0,33.25,33.5,38426399
2026-08-27,33.35,33.35,33.75,33.3,33.5,27111710
2026-08-28,34.4,34.4,34.75,33.45,33.5,68304232
2026-08-31,35.3,35.3,35.3,34.3,34.3,89869003
2026-09-01,35.9,35.9,35.9,35.0,35.05,37065473
2026-09-02,36.25,36.25,36.35,35.4,35.55,37045311
2026-09-03,36.85,36.85,37.1,36.1,36.25,38579002
2026-09-04,37.3,37.3,37.3,36.4,36.95,30570826
2026-09-07,37.3,37.3,38.0,36.85,38.0,38993734
2026-09-08,37.85,37.85,37.9,36.85,37.2,28543044
2026-09-09,37.8,37.8,38.1,37.15,37.95,30638819
