Date,Adj Close,Close,High,Low,Open,Volume
2016-08-12,36.9,36.9,37.5,36.35,37.0,706882
2016-08-15,36.9,36.9,37.5,36.35,37.0,706882
2016-08-16,36.9,36.9,37.5,36.35,37.0,706882
2016-08-17,36.9,36.9,37.5,36.35,37.0,706882
2016-08-18,36.9,36.9,37.5,36.35,37.0,706882
2016-08-19,36.9,36.9,37.5,36.35,37.0,706882
2016-08-22,36.9,36.9,37.5,36.35,37.0,706882
2016-08-23,36.9,36.9,37.5,36.35,37.0,706882
2016-08-24,36.9,36.9,37.5,36.35,37.0,706882
2016-08-25,36.9,36.9,37.5,36.35,37.0,706882
2016-08-26,36.9,36.9,37.5,36.35,37.0,706882
2016-08-29,36.9,36.9,37.5,36.35,37.0,706882
2016-08-30,36.9,36.9,37.5,36.35,37.0,706882
2016-08-31,36.9,36.9,37.5,36.35,37.0,706882
2016-09-01,36.9,36.9,37.5,36.35,37.0,706882
2016-09-02,36.9,36.9,37.5,36.35,37.0,706882
2016-09-05,36.9,36.9,37.5,36.35,37.0,706882
2016-09-06,36.9,36.9,37.5,36.35,37.0,706882
2016-09-07,36.9,36.9,37.5,36.35,37.0,706882
2016-09-08,36.9,36.9,37.5,36.35,37.0,706882
2016-09-09,36.9,36.9,37.5,36.35,37.0,706882
2016-09-12,36.9,36.9,37.5,36.35,37.0,706882
2016-09-13,36.9,36.9,37.5,36.35,37.0,706882
2016-09-14,36.9,36.9,37.5,36.35,37.0,706882
2016-09-19,36.9,36.9,37.5,36.35,37.0,706882
2016-09-20,36.9,36.9,37.5,36.35,37.0,706882
2016-09-21,36.9,36.9,37.5,36.35,37.0,706882
2016-09-22,36.9,36.9,37.5,36.35,37.0,706882
2016-09-23,36.9,36.9,37.5,36.35,37.0,706882
2016-09-26,36.9,36.9,37.5,36.35,37.0,706882
2016-09-29,36.9,36.9,37.5,36.35,37.0,706882
2016-09-30,36.9,36.9,37.5,36.35,37.0,706882
2016-10-03,36.9,36.9,37.5,36.35,37.0,706882
2016-10-04,36.9,36.9,37.5,36.35,37.0,706882
2016-10-05,36.9,36.9,37.5,36.35,37.0,706882
2016-10-06,36.9,36.9,37.5,36.35,37.0,706882
2016-10-07,36.9,36.9,37.5,36.35,37.0,706882
2016-10-11,36.9,36.9,37.5,36.35,37.0,706882
2016-10-12,36.9,36.9,37.5,36.35,37.0,706882
2016-10-13,36.9,36.9,37.5,36.35,37.0,706882
2016-10-14,36.9,36.9,37.5,36.35,37.0,706882
2016-10-17,36.9,36.9,37.5,36.35,37.0,706882
2016-10-18,36.9,36.9,37.5,36.35,37.0,706882
2016-10-19,36.9,36.9,37.5,36.35,37.0,706882
2016-10-20,36.9,36.9,37.5,36.35,37.0,706882
2016-10-21,36.9,36.9,37.5,36.35,37.0,706882
2016-10-24,36.9,36.9,37.5,36.35,37.0,706882
2016-10-25,36.9,36.9,37.5,36.35,37.0,706882
2016-10-26,36.9,36.9,37.5,36.35,37.0,706882
2016-10-27,36.9,36.9,37.5,36.35,37.0,706882
2016-10-28,36.9,36.9,37.5,36.35,37.0,706882
2016-10-31,36.9,36.9,37.5,36.35,37.0,706882
2016-11-01,36.9,36.9,37.5,36.35,37.0,706882
2016-11-02,36.9,36.9,37.5,36.35,37.0,706882
2016-11-03,36.9,36.9,37.5,36.35,37.0,706882
2016-11-04,36.9,36.9,37.5,36.35,37.0,706882
2016-11-07,36.9,36.9,37.5,36.35,37.0,706882
2016-11-08,36.9,36.9,37.5,36.35,37.0,706882
2016-11-09,36.9,36.9,37.5,36.35,37.0,706882
2016-11-10,36.9,36.9,37.5,36.35,37.0,706882
2016-11-11,36.9,36.9,37.5,36.35,37.0,706882
2016-11-14,36.9,36.9,37.5,36.35,37.0,706882
2016-11-15,36.9,36.9,37.5,36.35,37.0,706882
2016-11-16,36.9,36.9,37.5,36.35,37.0,706882
2016-11-17,36.9,36.9,37.5,36.35,37.0,706882
2016-11-18,36.9,36.9,37.5,36.35,37.0,706882
2016-11-21,36.9,36.9,37.5,36.35,37.0,706882
2016-11-22,36.9,36.9,37.5,36.35,37.0,706882
2016-11-23,36.9,36.9,37.5,36.35,37.0,706882
2016-11-24,36.9,36.9,37.5,36.35,37.0,706882
2016-11-25,36.9,36.9,37.5,36.35,37.0,706882
2016-11-28,36.9,36.9,37.5,36.35,37.0,706882
2016-11-29,36.9,36.9,37.5,36.35,37.0,706882
2016-11-30,36.9,36.9,37.5,36.35,37.0,706882
2016-12-01,36.9,36.9,37.5,36.35,37.0,706882
2016-12-02,36.9,36.9,37.5,36.35,37.0,706882
2016-12-05,36.9,36.9,37.5,36.35,37.0,706882
2016-12-06,36.9,36.9,37.5,36.35,37.0,706882
2016-12-07,36.9,36.9,37.5,36.35,37.0,706882
2016-12-08,36.9,36.9,37.5,36.35,37.0,706882
2016-12-09,36.9,36.9,37.5,36.35,37.0,706882
2016-12-12,36.9,36.9,37.5,36.35,37.0,706882
2016-12-13,36.9,36.9,37.5,36.35,37.0,706882
2016-12-14,36.9,36.9,37.5,36.35,37.0,706882
2016-12-15,36.9,36.9,37.5,36.35,37.0,706882
2016-12-16,36.9,36.9,37.5,36.35,37.0,706882
2016-12-19,36.9,36.9,37.5,36.35,37.0,706882
2016-12-20,36.9,36.9,37.5,36.35,37.0,706882
2016-12-21,36.9,36.9,37.5,36.35,37.0,706882
2016-12-22,36.9,36.9,37.5,36.35,37.0,706882
2016-12-23,36.9,36.9,37.5,36.35,37.0,706882
2016-12-26,36.9,36.9,37.5,36.35,37.0,706882
2016-12-27,36.9,36.9,37.5,36.35,37.0,706882
2016-12-28,36.9,36.9,37.5,36.35,37.0,706882
2016-12-29,36.9,36.9,37.5,36.35,37.0,706882
2016-12-30,36.9,36.9,37.5,36.35,37.0,706882
2017-01-03,36.9,36.9,37.5,36.35,37.0,706882
2017-01-04,36.9,36.9,37.5,36.35,37.0,706882
2017-01-05,36.9,36.9,37.5,36.35,37.0,706882
2017-01-06,36.9,36.9,37.5,36.35,37.0,706882
2017-01-09,36.9,36.9,37.5,36.35,37.0,706882
2017-01-10,36.9,36.9,37.5,36.35,37.0,706882
2017-01-11,36.9,36.9,37.5,36.35,37.0,706882
2017-01-12,36.9,36.9,37.5,36.35,37.0,706882
2017-01-13,36.9,36.9,37.5,36.35,37.0,706882
2017-01-16,36.9,36.9,37.5,36.35,37.0,706882
2017-01-17,36.9,36.9,37.5,36.35,37.0,706882
2017-01-18,36.9,36.9,37.5,36.35,37.0,706882
2017-01-19,36.9,36.9,37.5,36.35,37.0,706882
2017-01-20,36.9,36.9,37.5,36.35,37.0,706882
2017-01-23,36.9,36.9,37.5,36.35,37.0,706882
2017-01-24,36.9,36.9,37.5,36.35,37.0,706882
2017-02-02,36.9,36.9,37.5,36.35,37.0,706882
2017-02-03,36.9,36.9,37.5,36.35,37.0,706882
2017-02-06,36.9,36.9,37.5,36.35,37.0,706882
2017-02-07,36.9,36.9,37.5,36.35,37.0,706882
2017-02-08,36.9,36.9,37.5,36.35,37.0,706882
2017-02-09,36.9,36.9,37.5,36.35,37.0,706882
2017-02-10,36.9,36.9,37.5,36.35,37.0,706882
2017-02-13,36.9,36.9,37.5,36.35,37.0,706882
2017-02-14,36.9,36.9,37.5,36.35,37.0,706882
2017-02-15,36.9,36.9,37.5,36.35,37.0,706882
2017-02-16,36.9,36.9,37.5,36.35,37.0,706882
2017-02-17,36.9,36.9,37.5,36.35,37.0,706882
2017-02-20,36.9,36.9,37.5,36.35,37.0,706882
2017-02-21,36.9,36.9,37.5,36.35,37.0,706882
2017-02-22,36.9,36.9,37.5,36.35,37.0,706882
2017-02-23,36.9,36.9,37.5,36.35,37.0,706882
2017-02-24,36.9,36.9,37.5,36.35,37.0,706882
2017-03-01,36.9,36.9,37.5,36.35,37.0,706882
2017-03-02,36.9,36.9,37.5,36.35,37.0,706882
2017-03-03,36.9,36.9,37.5,36.35,37.0,706882
2017-03-06,36.9,36.9,37.5,36.35,37.0,706882
2017-03-07,36.9,36.9,37.5,36.35,37.0,706882
2017-03-08,36.9,36.9,37.5,36.35,37.0,706882
2017-03-09,36.9,36.9,37.5,36.35,37.0,706882
2017-03-10,36.9,36.9,37.5,36.35,37.0,706882
2017-03-13,36.9,36.9,37.5,36.35,37.0,706882
2017-03-14,36.9,36.9,37.5,36.35,37.0,706882
2017-03-15,36.9,36.9,37.5,36.35,37.0,706882
2017-03-16,36.9,36.9,37.5,36.35,37.0,706882
2017-03-17,36.9,36.9,37.5,36.35,37.0,706882
2017-03-20,36.9,36.9,37.5,36.35,37.0,706882
2017-03-21,36.9,36.9,37.5,36.35,37.0,706882
2017-03-22,36.9,36.9,37.5,36.35,37.0,706882
2017-03-23,36.9,36.9,37.5,36.35,37.0,706882
2017-03-24,36.9,36.9,37.5,36.35,37.0,706882
2017-03-27,36.9,36.9,37.5,36.35,37.0,706882
2017-03-28,36.9,36.9,37.5,36.35,37.0,706882
2017-03-29,36.9,36.9,37.5,36.35,37.0,706882
2017-03-30,36.9,36.9,37.5,36.35,37.0,706882
2017-03-31,36.9,36.9,37.5,36.35,37.0,706882
2017-04-05,36.9,36.9,37.5,36.35,37.0,706882
2017-04-06,36.9,36.9,37.5,36.35,37.0,706882
2017-04-07,36.9,36.9,37.5,36.35,37.0,706882
2017-04-10,36.9,36.9,37.5,36.35,37.0,706882
2017-04-11,36.9,36.9,37.5,36.35,37.0,706882
2017-04-12,36.9,36.9,37.5,36.35,37.0,706882
2017-04-13,36.9,36.9,37.5,36.35,37.0,706882
2017-04-14,36.9,36.9,37.5,36.35,37.0,706882
2017-04-17,36.9,36.9,37.5,36.35,37.0,706882
2017-04-18,36.9,36.9,37.5,36.35,37.0,706882
2017-04-19,36.9,36.9,37.5,36.35,37.0,706882
2017-04-21,36.9,36.9,37.5,36.35,37.0,706882
2017-04-24,36.9,36.9,37.5,36.35,37.0,706882
2017-04-25,36.9,36.9,37.5,36.35,37.0,706882
2017-04-26,36.9,36.9,37.5,36.35,37.0,706882
2017-04-27,36.9,36.9,37.5,36.35,37.0,706882
2017-04-28,36.9,36.9,37.5,36.35,37.0,706882
2017-05-02,36.9,36.9,37.5,36.35,37.0,706882
2017-05-03,36.9,36.9,37.5,36.35,37.0,706882
2017-05-04,36.9,36.9,37.5,36.35,37.0,706882
2017-05-05,36.9,36.9,37.5,36.35,37.0,706882
2017-05-08,36.9,36.9,37.5,36.35,37.0,706882
2017-05-09,36.9,36.9,37.5,36.35,37.0,706882
2017-05-10,36.9,36.9,37.5,36.35,37.0,706882
2017-05-11,36.9,36.9,37.5,36.35,37.0,706882
2017-05-12,36.9,36.9,37.5,36.35,37.0,706882
2017-05-15,36.9,36.9,37.5,36.35,37.0,706882
2017-05-16,36.9,36.9,37.5,36.35,37.0,706882
2017-05-17,36.9,36.9,37.5,36.35,37.0,706882
2017-05-18,36.9,36.9,37.5,36.35,37.0,706882
2017-05-19,36.9,36.9,37.5,36.35,37.0,706882
2017-05-22,36.9,36.9,37.5,36.35,37.0,706882
2017-05-23,36.9,36.9,37.5,36.35,37.0,706882
2017-05-24,36.9,36.9,37.5,36.35,37.0,706882
2017-05-25,36.9,36.9,37.5,36.35,37.0,706882
2017-05-26,36.9,36.9,37.5,36.35,37.0,706882
2017-05-31,36.9,36.9,37.5,36.35,37.0,706882
2017-06-01,36.9,36.9,37.5,36.35,37.0,706882
2017-06-02,36.9,36.9,37.5,36.35,37.0,706882
2017-06-05,36.9,36.9,37.5,36.35,37.0,706882
2017-06-06,36.9,36.9,37.5,36.35,37.0,706882
2017-06-07,36.9,36.9,37.5,36.35,37.0,706882
2017-06-08,36.9,36.9,37.5,36.35,37.0,706882
2017-06-09,36.9,36.9,37.5,36.35,37.0,706882
2017-06-12,36.9,36.9,37.5,36.35,37.0,706882
2017-06-13,36.9,36.9,37.5,36.35,37.0,706882
2017-06-14,36.9,36.9,37.5,36.35,37.0,706882
2017-06-15,36.9,36.9,37.5,36.35,37.0,706882
2017-06-16,36.9,36.9,37.5,36.35,37.0,706882
2017-06-19,36.9,36.9,37.5,36.35,37.0,706882
2017-06-20,36.9,36.9,37.5,36.35,37.0,706882
2017-06-21,36.9,36.9,37.5,36.35,37.0,706882
2017-06-22,36.9,36.9,37.5,36.35,37.0,706882
2017-06-23,36.9,36.9,37.5,36.35,37.0,706882
2017-06-26,36.9,36.9,37.5,36.35,37.0,706882
2017-06-27,36.9,36.9,37.5,36.35,37.0,706882
2017-06-28,36.9,36.9,37.5,36.35,37.0,706882
2017-06-29,36.9,36.9,37.5,36.35,37.0,706882
2017-06-30,36.9,36.9,37.5,36.35,37.0,706882
2017-07-03,36.9,36.9,37.5,36.35,37.0,706882
2017-07-04,36.9,36.9,37.5,36.35,37.0,706882
2017-07-05,36.9,36.9,37.5,36.35,37.0,706882
2017-07-06,36.9,36.9,37.5,36.35,37.0,706882
2017-07-07,36.9,36.9,37.5,36.35,37.0,706882
2017-07-10,36.9,36.9,37.5,36.35,37.0,706882
2017-07-11,36.9,36.9,37.5,36.35,37.0,706882
2017-07-12,36.9,36.9,37.5,36.35,37.0,706882
2017-07-13,36.9,36.9,37.5,36.35,37.0,706882
2017-07-14,36.9,36.9,37.5,36.35,37.0,706882
2017-07-17,36.9,36.9,37.5,36.35,37.0,706882
2017-07-18,36.9,36.9,37.5,36.35,37.0,706882
2017-07-19,36.9,36.9,37.5,36.35,37.0,706882
2017-07-20,36.9,36.9,37.5,36.35,37.0,706882
2017-07-21,36.9,36.9,37.5,36.35,37.0,706882
2017-07-24,36.9,36.9,37.5,36.35,37.0,706882
2017-07-25,36.9,36.9,37.5,36.35,37.0,706882
2017-07-26,36.9,36.9,37.5,36.35,37.0,706882
2017-07-27,36.9,36.9,37.5,36.35,37.0,706882
2017-07-28,36.9,36.9,37.5,36.35,37.0,706882
2017-07-31,36.9,36.9,37.5,36.35,37.0,706882
2017-08-01,36.9,36.9,37.5,36.35,37.0,706882
2017-08-02,36.9,36.9,37.5,36.35,37.0,706882
2017-08-03,36.9,36.9,37.5,36.35,37.0,706882
2017-08-04,36.9,36.9,37.5,36.35,37.0,706882
2017-08-07,36.9,36.9,37.5,36.35,37.0,706882
2017-08-08,36.9,36.9,37.5,36.35,37.0,706882
2017-08-09,36.9,36.9,37.5,36.35,37.0,706882
2017-08-10,36.9,36.9,37.5,36.35,37.0,706882
2017-08-11,36.9,36.9,37.5,36.35,37.0,706882
2017-08-14,36.9,36.9,37.5,36.35,37.0,706882
2017-08-15,36.9,36.9,37.5,36.35,37.0,706882
2017-08-16,36.9,36.9,37.5,36.35,37.0,706882
2017-08-17,36.9,36.9,37.5,36.35,37.0,706882
2017-08-18,36.9,36.9,37.5,36.35,37.0,706882
2017-08-21,36.9,36.9,37.5,36.35,37.0,706882
2017-08-22,36.9,36.9,37.5,36.35,37.0,706882
2017-08-23,36.9,36.9,37.5,36.35,37.0,706882
2017-08-24,36.9,36.9,37.5,36.35,37.0,706882
2017-08-25,36.9,36.9,37.5,36.35,37.0,706882
2017-08-28,36.9,36.9,37.5,36.35,37.0,706882
2017-08-29,36.9,36.9,37.5,36.35,37.0,706882
2017-08-30,36.9,36.9,37.5,36.35,37.0,706882
2017-08-31,36.9,36.9,37.5,36.35,37.0,706882
2017-09-01,36.9,36.9,37.5,36.35,37.0,706882
2017-09-04,36.9,36.9,37.5,36.35,37.0,706882
2017-09-05,36.9,36.9,37.5,36.35,37.0,706882
2017-09-06,36.9,36.9,37.5,36.35,37.0,706882
2017-09-07,36.9,36.9,37.5,36.35,37.0,706882
2017-09-08,36.9,36.9,37.5,36.35,37.0,706882
2017-09-11,36.9,36.9,37.5,36.35,37.0,706882
2017-09-12,36.9,36.9,37.5,36.35,37.0,706882
2017-09-13,36.9,36.9,37.5,36.35,37.0,706882
2017-09-14,36.9,36.9,37.5,36.35,37.0,706882
2017-09-15,36.9,36.9,37.5,36.35,37.0,706882
2017-09-18,36.9,36.9,37.5,36.35,37.0,706882
2017-09-19,36.9,36.9,37.5,36.35,37.0,706882
2017-09-20,36.9,36.9,37.5,36.35,37.0,706882
2017-09-21,36.9,36.9,37.5,36.35,37.0,706882
2017-09-22,36.9,36.9,37.5,36.35,37.0,706882
2017-09-25,36.9,36.9,37.5,36.35,37.0,706882
2017-09-26,36.9,36.9,37.5,36.35,37.0,706882
2017-09-27,36.9,36.9,37.5,36.35,37.0,706882
2017-09-28,36.9,36.9,37.5,36.35,37.0,706882
2017-09-29,36.9,36.9,37.5,36.35,37.0,706882
2017-10-02,36.9,36.9,37.5,36.35,37.0,706882
2017-10-03,36.9,36.9,37.5,36.35,37.0,706882
2017-10-05,36.9,36.9,37.5,36.35,37.0,706882
2017-10-06,36.9,36.9,37.5,36.35,37.0,706882
2017-10-11,36.9,36.9,37.5,36.35,37.0,706882
2017-10-12,36.9,36.9,37.5,36.35,37.0,706882
2017-10-13,36.9,36.9,37.5,36.35,37.0,706882
2017-10-16,36.9,36.9,37.5,36.35,37.0,706882
2017-10-17,36.9,36.9,37.5,36.35,37.0,706882
2017-10-18,36.9,36.9,37.5,36.35,37.0,706882
2017-10-19,36.9,36.9,37.5,36.35,37.0,706882
2017-10-20,36.9,36.9,37.5,36.35,37.0,706882
2017-10-23,36.9,36.9,37.5,36.35,37.0,706882
2017-10-24,36.9,36.9,37.5,36.35,37.0,706882
2017-10-25,36.9,36.9,37.5,36.35,37.0,706882
2017-10-26,36.9,36.9,37.5,36.35,37.0,706882
2017-10-27,36.9,36.9,37.5,36.35,37.0,706882
2017-10-30,36.9,36.9,37.5,36.35,37.0,706882
2017-10-31,36.9,36.9,37.5,36.35,37.0,706882
2017-11-01,36.9,36.9,37.5,36.35,37.0,706882
2017-11-02,36.9,36.9,37.5,36.35,37.0,706882
2017-11-03,36.9,36.9,37.5,36.35,37.0,706882
2017-11-06,36.9,36.9,37.5,36.35,37.0,706882
2017-11-07,36.9,36.9,37.5,36.35,37.0,706882
2017-11-08,36.9,36.9,37.5,36.35,37.0,706882
2017-11-09,36.9,36.9,37.5,36.35,37.0,706882
2017-11-10,36.9,36.9,37.5,36.35,37.0,706882
2017-11-13,36.9,36.9,37.5,36.35,37.0,706882
2017-11-14,36.9,36.9,37.5,36.35,37.0,706882
2017-11-15,36.9,36.9,37.5,36.35,37.0,706882
2017-11-16,36.9,36.9,37.5,36.35,37.0,706882
2017-11-17,36.9,36.9,37.5,36.35,37.0,706882
2017-11-20,36.9,36.9,37.5,36.35,37.0,706882
2017-11-21,36.9,36.9,37.5,36.35,37.0,706882
2017-11-22,36.9,36.9,37.5,36.35,37.0,706882
2017-11-23,36.9,36.9,37.5,36.35,37.0,706882
2017-11-24,36.9,36.9,37.5,36.35,37.0,706882
2017-11-27,36.9,36.9,37.5,36.35,37.0,706882
2017-11-28,36.9,36.9,37.5,36.35,37.0,706882
2017-11-29,36.9,36.9,37.5,36.35,37.0,706882
2017-11-30,36.9,36.9,37.5,36.35,37.0,706882
2017-12-01,36.9,36.9,37.5,36.35,37.0,706882
2017-12-04,36.9,36.9,37.5,36.35,37.0,706882
2017-12-05,36.9,36.9,37.5,36.35,37.0,706882
2017-12-06,36.9,36.9,37.5,36.35,37.0,706882
2017-12-07,36.9,36.9,37.5,36.35,37.0,706882
2017-12-08,36.9,36.9,37.5,36.35,37.0,706882
2017-12-11,36.9,36.9,37.5,36.35,37.0,706882
2017-12-12,36.9,36.9,37.5,36.35,37.0,706882
2017-12-13,36.9,36.9,37.5,36.35,37.0,706882
2017-12-14,36.9,36.9,37.5,36.35,37.0,706882
2017-12-15,36.9,36.9,37.5,36.35,37.0,706882
2017-12-18,36.9,36.9,37.5,36.35,37.0,706882
2017-12-19,36.9,36.9,37.5,36.35,37.0,706882
2017-12-20,36.9,36.9,37.5,36.35,37.0,706882
2017-12-21,36.9,36.9,37.5,36.35,37.0,706882
2017-12-22,36.9,36.9,37.5,36.35,37.0,706882
2017-12-25,36.9,36.9,37.5,36.35,37.0,706882
2017-12-26,36.9,36.9,37.5,36.35,37.0,706882
2017-12-27,36.9,36.9,37.5,36.35,37.0,706882
2017-12-28,36.9,36.9,37.5,36.35,37.0,706882
2017-12-29,36.9,36.9,37.5,36.35,37.0,706882
2018-01-02,36.9,36.9,37.5,36.35,37.0,706882
2018-01-03,36.9,36.9,37.5,36.35,37.0,706882
2018-01-04,36.9,36.9,37.5,36.35,37.0,706882
2018-01-05,36.9,36.9,37.5,36.35,37.0,706882
2018-01-08,36.9,36.9,37.5,36.35,37.0,706882
2018-01-09,36.9,36.9,37.5,36.35,37.0,706882
2018-01-10,36.9,36.9,37.5,36.35,37.0,706882
2018-01-11,36.9,36.9,37.5,36.35,37.0,706882
2018-01-12,36.9,36.9,37.5,36.35,37.0,706882
2018-01-15,36.9,36.9,37.5,36.35,37.0,706882
2018-01-16,36.9,36.9,37.5,36.35,37.0,706882
2018-01-17,36.9,36.9,37.5,36.35,37.0,706882
2018-01-18,36.9,36.9,37.5,36.35,37.0,706882
2018-01-19,36.9,36.9,37.5,36.35,37.0,706882
2018-01-22,36.9,36.9,37.5,36.35,37.0,706882
2018-01-23,36.9,36.9,37.5,36.35,37.0,706882
2018-01-24,36.9,36.9,37.5,36.35,37.0,706882
2018-01-25,36.9,36.9,37.5,36.35,37.0,706882
2018-01-26,36.9,36.9,37.5,36.35,37.0,706882
2018-01-29,36.9,36.9,37.5,36.35,37.0,706882
2018-01-30,36.9,36.9,37.5,36.35,37.0,706882
2018-01-31,36.9,36.9,37.5,36.35,37.0,706882
2018-02-01,36.9,36.9,37.5,36.35,37.0,706882
2018-02-02,36.9,36.9,37.5,36.35,37.0,706882
2018-02-05,36.9,36.9,37.5,36.35,37.0,706882
2018-02-06,36.9,36.9,37.5,36.35,37.0,706882
2018-02-07,36.9,36.9,37.5,36.35,37.0,706882
2018-02-08,36.9,36.9,37.5,36.35,37.0,706882
2018-02-09,36.9,36.9,37.5,36.35,37.0,706882
2018-02-12,36.9,36.9,37.5,36.35,37.0,706882
2018-02-21,36.9,36.9,37.5,36.35,37.0,706882
2018-02-22,36.9,36.9,37.5,36.35,37.0,706882
2018-02-23,36.9,36.9,37.5,36.35,37.0,706882
2018-02-26,36.9,36.9,37.5,36.35,37.0,706882
2018-02-27,36.9,36.9,37.5,36.35,37.0,706882
2018-03-01,36.9,36.9,37.5,36.35,37.0,706882
2018-03-02,36.9,36.9,37.5,36.35,37.0,706882
2018-03-05,36.9,36.9,37.5,36.35,37.0,706882
2018-03-06,36.9,36.9,37.5,36.35,37.0,706882
2018-03-07,36.9,36.9,37.5,36.35,37.0,706882
2018-03-08,36.9,36.9,37.5,36.35,37.0,706882
2018-03-09,36.9,36.9,37.5,36.35,37.0,706882
2018-03-12,36.9,36.9,37.5,36.35,37.0,706882
2018-03-13,36.9,36.9,37.5,36.35,37.0,706882
2018-03-14,36.9,36.9,37.5,36.35,37.0,706882
2018-03-15,36.9,36.9,37.5,36.35,37.0,706882
2018-03-16,36.9,36.9,37.5,36.35,37.0,706882
2018-03-19,36.9,36.9,37.5,36.35,37.0,706882
2018-03-20,36.9,36.9,37.5,36.35,37.0,706882
2018-03-21,36.9,36.9,37.5,36.35,37.0,706882
2018-03-22,36.9,36.9,37.5,36.35,37.0,706882
2018-03-23,36.9,36.9,37.5,36.35,37.0,706882
2018-03-26,36.9,36.9,37.5,36.35,37.0,706882
2018-03-27,36.9,36.9,37.5,36.35,37.0,706882
2018-03-28,36.9,36.9,37.5,36.35,37.0,706882
2018-03-29,36.9,36.9,37.5,36.35,37.0,706882
2018-03-30,36.9,36.9,37.5,36.35,37.0,706882
2018-04-02,36.9,36.9,37.5,36.35,37.0,706882
2018-04-03,36.9,36.9,37.5,36.35,37.0,706882
2018-04-09,36.9,36.9,37.5,36.35,37.0,706882
2018-04-10,36.9,36.9,37.5,36.35,37.0,706882
2018-04-11,36.9,36.9,37.5,36.35,37.0,706882
2018-04-12,36.9,36.9,37.5,36.35,37.0,706882
2018-04-13,36.9,36.9,37.5,36.35,37.0,706882
2018-04-16,36.9,36.9,37.5,36.35,37.0,706882
2018-04-17,36.9,36.9,37.5,36.35,37.0,706882
2018-04-18,36.9,36.9,37.5,36.35,37.0,706882
2018-04-19,36.9,36.9,37.5,36.35,37.0,706882
2018-04-20,36.9,36.9,37.5,36.35,37.0,706882
2018-04-23,36.9,36.9,37.5,36.35,37.0,706882
2018-04-24,36.9,36.9,37.5,36.35,37.0,706882
2018-04-25,36.9,36.9,37.5,36.35,37.0,706882
2018-04-26,36.9,36.9,37.5,36.35,37.0,706882
2018-04-27,36.9,36.9,37.5,36.35,37.0,706882
2018-04-30,36.9,36.9,37.5,36.35,37.0,706882
2018-05-02,36.9,36.9,37.5,36.35,37.0,706882
2018-05-03,36.9,36.9,37.5,36.35,37.0,706882
2018-05-04,36.9,36.9,37.5,36.35,37.0,706882
2018-05-07,36.9,36.9,37.5,36.35,37.0,706882
2018-05-08,36.9,36.9,37.5,36.35,37.0,706882
2018-05-09,36.9,36.9,37.5,36.35,37.0,706882
2018-05-10,36.9,36.9,37.5,36.35,37.0,706882
2018-05-11,36.9,36.9,37.5,36.35,37.0,706882
2018-05-14,36.9,36.9,37.5,36.35,37.0,706882
2018-05-15,36.9,36.9,37.5,36.35,37.0,706882
2018-05-16,36.9,36.9,37.5,36.35,37.0,706882
2018-05-17,36.9,36.9,37.5,36.35,37.0,706882
2018-05-18,36.9,36.9,37.5,36.35,37.0,706882
2018-05-21,36.9,36.9,37.5,36.35,37.0,706882
2018-05-22,36.9,36.9,37.5,36.35,37.0,706882
2018-05-23,36.9,36.9,37.5,36.35,37.0,706882
2018-05-24,36.9,36.9,37.5,36.35,37.0,706882
2018-05-25,36.9,36.9,37.5,36.35,37.0,706882
2018-05-28,36.9,36.9,37.5,36.35,37.0,706882
2018-05-29,36.9,36.9,37.5,36.35,37.0,706882
2018-05-30,36.9,36.9,37.5,36.35,37.0,706882
2018-05-31,36.9,36.9,37.5,36.35,37.0,706882
2018-06-01,36.9,36.9,37.5,36.35,37.0,706882
2018-06-04,36.9,36.9,37.5,36.35,37.0,706882
2018-06-05,36.9,36.9,37.5,36.35,37.0,706882
2018-06-06,36.9,36.9,37.5,36.35,37.0,706882
2018-06-07,36.9,36.9,37.5,36.35,37.0,706882
2018-06-08,36.9,36.9,37.5,36.35,37.0,706882
2018-06-11,36.9,36.9,37.5,36.35,37.0,706882
2018-06-12,36.9,36.9,37.5,36.35,37.0,706882
2018-06-13,36.9,36.9,37.5,36.35,37.0,706882
2018-06-14,36.9,36.9,37.5,36.35,37.0,706882
2018-06-15,36.9,36.9,37.5,36.35,37.0,706882
2018-06-19,36.9,36.9,37.5,36.35,37.0,706882
2018-06-20,36.9,36.9,37.5,36.35,37.0,706882
2018-06-21,36.9,36.9,37.5,36.35,37.0,706882
2018-06-22,36.9,36.9,37.5,36.35,37.0,706882
2018-06-25,36.9,36.9,37.5,36.35,37.0,706882
2018-06-26,36.9,36.9,37.5,36.35,37.0,706882
2018-06-27,36.9,36.9,37.5,36.35,37.0,706882
2018-06-28,36.9,36.9,37.5,36.35,37.0,706882
2018-06-29,36.9,36.9,37.5,36.35,37.0,706882
2018-07-02,36.9,36.9,37.5,36.35,37.0,706882
2018-07-03,36.9,36.9,37.5,36.35,37.0,706882
2018-07-04,36.9,36.9,37.5,36.35,37.0,706882
2018-07-05,36.9,36.9,37.5,36.35,37.0,706882
2018-07-06,36.9,36.9,37.5,36.35,37.0,706882
2018-07-09,36.9,36.9,37.5,36.35,37.0,706882
2018-07-10,36.9,36.9,37.5,36.35,37.0,706882
2018-07-11,36.9,36.9,37.5,36.35,37.0,706882
2018-07-12,36.9,36.9,37.5,36.35,37.0,706882
2018-07-13,36.9,36.9,37.5,36.35,37.0,706882
2018-07-16,36.9,36.9,37.5,36.35,37.0,706882
2018-07-17,36.9,36.9,37.5,36.35,37.0,706882
2018-07-18,36.9,36.9,37.5,36.35,37.0,706882
2018-07-19,36.9,36.9,37.5,36.35,37.0,706882
2018-07-20,36.9,36.9,37.5,36.35,37.0,706882
2018-07-23,36.9,36.9,37.5,36.35,37.0,706882
2018-07-24,36.9,36.9,37.5,36.35,37.0,706882
2018-07-25,36.9,36.9,37.5,36.35,37.0,706882
2018-07-26,36.9,36.9,37.5,36.35,37.0,706882
2018-07-27,36.9,36.9,37.5,36.35,37.0,706882
2018-07-30,36.9,36.9,37.5,36.35,37.0,706882
2018-07-31,36.9,36.9,37.5,36.35,37.0,706882
2018-08-01,36.9,36.9,37.5,36.35,37.0,706882
2018-08-02,36.9,36.9,37.5,36.35,37.0,706882
2018-08-03,36.9,36.9,37.5,36.35,37.0,706882
2018-08-06,36.9,36.9,37.5,36.35,37.0,706882
2018-08-07,36.9,36.9,37.5,36.35,37.0,706882
2018-08-08,36.9,36.9,37.5,36.35,37.0,706882
2018-08-09,36.9,36.9,37.5,36.35,37.0,706882
2018-08-10,36.9,36.9,37.5,36.35,37.0,706882
2018-08-13,36.9,36.9,37.5,36.35,37.0,706882
2018-08-14,36.9,36.9,37.5,36.35,37.0,706882
2018-08-15,36.9,36.9,37.5,36.35,37.0,706882
2018-08-16,36.9,36.9,37.5,36.35,37.0,706882
2018-08-17,36.9,36.9,37.5,36.35,37.0,706882
2018-08-20,36.9,36.9,37.5,36.35,37.0,706882
2018-08-21,36.9,36.9,37.5,36.35,37.0,706882
2018-08-22,36.9,36.9,37.5,36.35,37.0,706882
2018-08-23,36.9,36.9,37.5,36.35,37.0,706882
2018-08-24,36.9,36.9,37.5,36.35,37.0,706882
2018-08-27,36.9,36.9,37.5,36.35,37.0,706882
2018-08-28,36.9,36.9,37.5,36.35,37.0,706882
2018-08-29,36.9,36.9,37.5,36.35,37.0,706882
2018-08-30,36.9,36.9,37.5,36.35,37.0,706882
2018-08-31,36.9,36.9,37.5,36.35,37.0,706882
2018-09-03,36.9,36.9,37.5,36.35,37.0,706882
2018-09-04,36.9,36.9,37.5,36.35,37.0,706882
2018-09-05,36.9,36.9,37.5,36.35,37.0,706882
2018-09-06,36.9,36.9,37.5,36.35,37.0,706882
2018-09-07,36.9,36.9,37.5,36.35,37.0,706882
2018-09-10,36.9,36.9,37.5,36.35,37.0,706882
2018-09-11,36.9,36.9,37.5,36.35,37.0,706882
2018-09-12,36.9,36.9,37.5,36.35,37.0,706882
2018-09-13,36.9,36.9,37.5,36.35,37.0,706882
2018-09-14,36.9,36.9,37.5,36.35,37.0,706882
2018-09-17,36.9,36.9,37.5,36.35,37.0,706882
2018-09-18,36.9,36.9,37.5,36.35,37.0,706882
2018-09-19,36.9,36.9,37.5,36.35,37.0,706882
2018-09-20,36.9,36.9,37.5,36.35,37.0,706882
2018-09-21,36.9,36.9,37.5,36.35,37.0,706882
2018-09-25,36.9,36.9,37.5,36.35,37.0,706882
2018-09-26,36.9,36.9,37.5,36.35,37.0,706882
2018-09-27,36.9,36.9,37.5,36.35,37.0,706882
2018-09-28,36.9,36.9,37.5,36.35,37.0,706882
2018-10-01,36.9,36.9,37.5,36.35,37.0,706882
2018-10-02,36.9,36.9,37.5,36.35,37.0,706882
2018-10-03,36.9,36.9,37.5,36.35,37.0,706882
2018-10-04,36.9,36.9,37.5,36.35,37.0,706882
2018-10-05,36.9,36.9,37.5,36.35,37.0,706882
2018-10-08,36.9,36.9,37.5,36.35,37.0,706882
2018-10-09,36.9,36.9,37.5,36.35,37.0,706882
2018-10-11,36.9,36.9,37.5,36.35,37.0,706882
2018-10-12,36.9,36.9,37.5,36.35,37.0,706882
2018-10-15,36.9,36.9,37.5,36.35,37.0,706882
2018-10-16,36.9,36.9,37.5,36.35,37.0,706882
2018-10-17,36.9,36.9,37.5,36.35,37.0,706882
2018-10-18,36.9,36.9,37.5,36.35,37.0,706882
2018-10-19,36.9,36.9,37.5,36.35,37.0,706882
2018-10-22,36.9,36.9,37.5,36.35,37.0,706882
2018-10-23,36.9,36.9,37.5,36.35,37.0,706882
2018-10-24,36.9,36.9,37.5,36.35,37.0,706882
2018-10-25,36.9,36.9,37.5,36.35,37.0,706882
2018-10-26,36.9,36.9,37.5,36.35,37.0,706882
2018-10-29,36.9,36.9,37.5,36.35,37.0,706882
2018-10-30,36.9,36.9,37.5,36.35,37.0,706882
2018-10-31,36.9,36.9,37.5,36.35,37.0,706882
2018-11-01,36.9,36.9,37.5,36.35,37.0,706882
2018-11-02,36.9,36.9,37.5,36.35,37.0,706882
2018-11-05,36.9,36.9,37.5,36.35,37.0,706882
2018-11-06,36.9,36.9,37.5,36.35,37.0,706882
2018-11-07,36.9,36.9,37.5,36.35,37.0,706882
2018-11-08,36.9,36.9,37.5,36.35,37.0,706882
2018-11-09,36.9,36.9,37.5,36.35,37.0,706882
2018-11-12,36.9,36.9,37.5,36.35,37.0,706882
2018-11-13,36.9,36.9,37.5,36.35,37.0,706882
2018-11-14,36.9,36.9,37.5,36.35,37.0,706882
2018-11-15,36.9,36.9,37.5,36.35,37.0,706882
2018-11-16,36.9,36.9,37.5,36.35,37.0,706882
2018-11-19,36.9,36.9,37.5,36.35,37.0,706882
2018-11-20,36.9,36.9,37.5,36.35,37.0,706882
2018-11-21,36.9,36.9,37.5,36.35,37.0,706882
2018-11-22,36.9,36.9,37.5,36.35,37.0,706882
2018-11-23,36.9,36.9,37.5,36.35,37.0,706882
2018-11-26,36.9,36.9,37.5,36.35,37.0,706882
2018-11-27,36.9,36.9,37.5,36.35,37.0,706882
2018-11-28,36.9,36.9,37.5,36.35,37.0,706882
2018-11-29,36.9,36.9,37.5,36.35,37.0,706882
2018-11-30,36.9,36.9,37.5,36.35,37.0,706882
2018-12-03,36.9,36.9,37.5,36.35,37.0,706882
2018-12-04,36.9,36.9,37.5,36.35,37.0,706882
2018-12-05,36.9,36.9,37.5,36.35,37.0,706882
2018-12-06,36.9,36.9,37.5,36.35,37.0,706882
2018-12-07,36.9,36.9,37.5,36.35,37.0,706882
2018-12-10,36.9,36.9,37.5,36.35,37.0,706882
2018-12-11,36.9,36.9,37.5,36.35,37.0,706882
2018-12-12,36.9,36.9,37.5,36.35,37.0,706882
2018-12-13,36.9,36.9,37.5,36.35,37.0,706882
2018-12-14,36.9,36.9,37.5,36.35,37.0,706882
2018-12-17,36.9,36.9,37.5,36.35,37.0,706882
2018-12-18,36.9,36.9,37.5,36.35,37.0,706882
2018-12-19,36.9,36.9,37.5,36.35,37.0,706882
2018-12-20,36.9,36.9,37.5,36.35,37.0,706882
2018-12-21,36.9,36.9,37.5,36.35,37.0,706882
2018-12-24,36.9,36.9,37.5,36.35,37.0,706882
2018-12-25,36.9,36.9,37.5,36.35,37.0,706882
2018-12-26,36.9,36.9,37.5,36.35,37.0,706882
2018-12-27,36.9,36.9,37.5,36.35,37.0,706882
2018-12-28,36.9,36.9,37.5,36.35,37.0,706882
2019-01-02,36.9,36.9,37.5,36.35,37.0,706882
2019-01-03,36.9,36.9,37.5,36.35,37.0,706882
2019-01-04,36.9,36.9,37.5,36.35,37.0,706882
2019-01-07,36.9,36.9,37.5,36.35,37.0,706882
2019-01-08,36.9,36.9,37.5,36.35,37.0,706882
2019-01-09,36.9,36.9,37.5,36.35,37.0,706882
2019-01-10,36.9,36.9,37.5,36.35,37.0,706882
2019-01-11,36.9,36.9,37.5,36.35,37.0,706882
2019-01-14,36.9,36.9,37.5,36.35,37.0,706882
2019-01-15,36.9,36.9,37.5,36.35,37.0,706882
2019-01-16,36.9,36.9,37.5,36.35,37.0,706882
2019-01-17,36.9,36.9,37.5,36.35,37.0,706882
2019-01-18,36.9,36.9,37.5,36.35,37.0,706882
2019-01-21,36.9,36.9,37.5,36.35,37.0,706882
2019-01-22,36.9,36.9,37.5,36.35,37.0,706882
2019-01-23,36.9,36.9,37.5,36.35,37.0,706882
2019-01-24,36.9,36.9,37.5,36.35,37.0,706882
2019-01-25,36.9,36.9,37.5,36.35,37.0,706882
2019-01-28,36.9,36.9,37.5,36.35,37.0,706882
2019-01-29,36.9,36.9,37.5,36.35,37.0,706882
2019-01-30,36.9,36.9,37.5,36.35,37.0,706882
2019-02-11,36.9,36.9,37.5,36.35,37.0,706882
2019-02-12,36.9,36.9,37.5,36.35,37.0,706882
2019-02-13,36.9,36.9,37.5,36.35,37.0,706882
2019-02-14,36.9,36.9,37.5,36.35,37.0,706882
2019-02-15,36.9,36.9,37.5,36.35,37.0,706882
2019-02-18,36.9,36.9,37.5,36.35,37.0,706882
2019-02-19,36.9,36.9,37.5,36.35,37.0,706882
2019-02-20,36.9,36.9,37.5,36.35,37.0,706882
2019-02-21,36.9,36.9,37.5,36.35,37.0,706882
2019-02-22,36.9,36.9,37.5,36.35,37.0,706882
2019-02-25,36.9,36.9,37.5,36.35,37.0,706882
2019-02-26,36.9,36.9,37.5,36.35,37.0,706882
2019-02-27,36.9,36.9,37.5,36.35,37.0,706882
2019-03-04,36.9,36.9,37.5,36.35,37.0,706882
2019-03-05,36.9,36.9,37.5,36.35,37.0,706882
2019-03-06,36.9,36.9,37.5,36.35,37.0,706882
2019-03-07,36.9,36.9,37.5,36.35,37.0,706882
2019-03-08,36.9,36.9,37.5,36.35,37.0,706882
2019-03-11,36.9,36.9,37.5,36.35,37.0,706882
2019-03-12,36.9,36.9,37.5,36.35,37.0,706882
2019-03-13,36.9,36.9,37.5,36.35,37.0,706882
2019-03-14,36.9,36.9,37.5,36.35,37.0,706882
2019-03-15,36.9,36.9,37.5,36.35,37.0,706882
2019-03-18,36.9,36.9,37.5,36.35,37.0,706882
2019-03-19,36.9,36.9,37.5,36.35,37.0,706882
2019-03-20,36.9,36.9,37.5,36.35,37.0,706882
2019-03-21,36.9,36.9,37.5,36.35,37.0,706882
2019-03-22,36.9,36.9,37.5,36.35,37.0,706882
2019-03-25,36.9,36.9,37.5,36.35,37.0,706882
2019-03-26,36.9,36.9,37.5,36.35,37.0,706882
2019-03-27,36.9,36.9,37.5,36.35,37.0,706882
2019-03-28,36.9,36.9,37.5,36.35,37.0,706882
2019-03-29,36.9,36.9,37.5,36.35,37.0,706882
2019-04-01,36.9,36.9,37.5,36.35,37.0,706882
2019-04-02,36.9,36.9,37.5,36.35,37.0,706882
2019-04-03,36.9,36.9,37.5,36.35,37.0,706882
2019-04-08,36.9,36.9,37.5,36.35,37.0,706882
2019-04-09,36.9,36.9,37.5,36.35,37.0,706882
2019-04-10,36.9,36.9,37.5,36.35,37.0,706882
2019-04-11,36.9,36.9,37.5,36.35,37.0,706882
2019-04-12,36.9,36.9,37.5,36.35,37.0,706882
2019-04-15,36.9,36.9,37.5,36.35,37.0,706882
2019-04-16,36.9,36.9,37.5,36.35,37.0,706882
2019-04-17,36.9,36.9,37.5,36.35,37.0,706882
2019-04-18,36.9,36.9,37.5,36.35,37.0,706882
2019-04-19,36.9,36.9,37.5,36.35,37.0,706882
2019-04-22,36.9,36.9,37.5,36.35,37.0,706882
2019-04-23,36.9,36.9,37.5,36.35,37.0,706882
2019-04-24,36.9,36.9,37.5,36.35,37.0,706882
2019-04-25,36.9,36.9,37.5,36.35,37.0,706882
2019-04-26,36.9,36.9,37.5,36.35,37.0,706882
2019-04-29,36.9,36.9,37.5,36.35,37.0,706882
2019-04-30,36.9,36.9,37.5,36.35,37.0,706882
2019-05-02,36.9,36.9,37.5,36.35,37.0,706882
2019-05-03,36.9,36.9,37.5,36.35,37.0,706882
2019-05-06,36.9,36.9,37.5,36.35,37.0,706882
2019-05-07,36.9,36.9,37.5,36.35,37.0,706882
2019-05-08,36.9,36.9,37.5,36.35,37.0,706882
2019-05-09,36.9,36.9,37.5,36.35,37.0,706882
2019-05-10,36.9,36.9,37.5,36.35,37.0,706882
2019-05-13,36.9,36.9,37.5,36.35,37.0,706882
2019-05-14,36.9,36.9,37.5,36.35,37.0,706882
2019-05-15,36.9,36.9,37.5,36.35,37.0,706882
2019-05-16,36.9,36.9,37.5,36.35,37.0,706882
2019-05-17,36.9,36.9,37.5,36.35,37.0,706882
2019-05-20,36.9,36.9,37.5,36.35,37.0,706882
2019-05-21,36.9,36.9,37.5,36.35,37.0,706882
2019-05-22,36.9,36.9,37.5,36.35,37.0,706882
2019-05-23,36.9,36.9,37.5,36.35,37.0,706882
2019-05-24,36.9,36.9,37.5,36.35,37.0,706882
2019-05-27,36.9,36.9,37.5,36.35,37.0,706882
2019-05-28,36.9,36.9,37.5,36.35,37.0,706882
2019-05-29,36.9,36.9,37.5,36.35,37.0,706882
2019-05-30,36.9,36.9,37.5,36.35,37.0,706882
2019-05-31,36.9,36.9,37.5,36.35,37.0,706882
2019-06-03,36.9,36.9,37.5,36.35,37.0,706882
2019-06-04,36.9,36.9,37.5,36.35,37.0,706882
2019-06-05,36.9,36.9,37.5,36.35,37.0,706882
2019-06-06,36.9,36.9,37.5,36.35,37.0,706882
2019-06-10,36.9,36.9,37.5,36.35,37.0,706882
2019-06-11,36.9,36.9,37.5,36.35,37.0,706882
2019-06-12,36.9,36.9,37.5,36.35,37.0,706882
2019-06-13,36.9,36.9,37.5,36.35,37.0,706882
2019-06-14,36.9,36.9,37.5,36.35,37.0,706882
2019-06-17,36.9,36.9,37.5,36.35,37.0,706882
2019-06-18,36.9,36.9,37.5,36.35,37.0,706882
2019-06-19,36.9,36.9,37.5,36.35,37.0,706882
2019-06-20,36.9,36.9,37.5,36.35,37.0,706882
2019-06-21,36.9,36.9,37.5,36.35,37.0,706882
2019-06-24,36.9,36.9,37.5,36.35,37.0,706882
2019-06-25,36.9,36.9,37.5,36.35,37.0,706882
2019-06-26,36.9,36.9,37.5,36.35,37.0,706882
2019-06-27,36.9,36.9,37.5,36.35,37.0,706882
2019-06-28,36.9,36.9,37.5,36.35,37.0,706882
2019-07-01,36.9,36.9,37.5,36.35,37.0,706882
2019-07-02,36.9,36.9,37.5,36.35,37.0,706882
2019-07-03,36.9,36.9,37.5,36.35,37.0,706882
2019-07-04,36.9,36.9,37.5,36.35,37.0,706882
2019-07-05,36.9,36.9,37.5,36.35,37.0,706882
2019-07-08,36.9,36.9,37.5,36.35,37.0,706882
2019-07-09,36.9,36.9,37.5,36.35,37.0,706882
2019-07-10,36.9,36.9,37.5,36.35,37.0,706882
2019-07-11,36.9,36.9,37.5,36.35,37.0,706882
2019-07-12,36.9,36.9,37.5,36.35,37.0,706882
2019-07-15,36.9,36.9,37.5,36.35,37.0,706882
2019-07-16,36.9,36.9,37.5,36.35,37.0,706882
2019-07-17,36.9,36.9,37.5,36.35,37.0,706882
2019-07-18,36.9,36.9,37.5,36.35,37.0,706882
2019-07-19,36.9,36.9,37.5,36.35,37.0,706882
2019-07-22,36.9,36.9,37.5,36.35,37.0,706882
2019-07-23,36.9,36.9,37.5,36.35,37.0,706882
2019-07-24,36.9,36.9,37.5,36.35,37.0,706882
2019-07-25,36.9,36.9,37.5,36.35,37.0,706882
2019-07-26,36.9,36.9,37.5,36.35,37.0,706882
2019-07-29,36.9,36.9,37.5,36.35,37.0,706882
2019-07-30,36.9,36.9,37.5,36.35,37.0,706882
2019-07-31,36.9,36.9,37.5,36.35,37.0,706882
2019-08-01,36.9,36.9,37.5,36.35,37.0,706882
2019-08-02,36.9,36.9,37.5,36.35,37.0,706882
2019-08-05,36.9,36.9,37.5,36.35,37.0,706882
2019-08-06,36.9,36.9,37.5,36.35,37.0,706882
2019-08-07,36.9,36.9,37.5,36.35,37.0,706882
2019-08-08,36.9,36.9,37.5,36.35,37.0,706882
2019-08-12,36.9,36.9,37.5,36.35,37.0,706882
2019-08-13,36.9,36.9,37.5,36.35,37.0,706882
2019-08-14,36.9,36.9,37.5,36.35,37.0,706882
2019-08-15,36.9,36.9,37.5,36.35,37.0,706882
2019-08-16,36.9,36.9,37.5,36.35,37.0,706882
2019-08-19,36.9,36.9,37.5,36.35,37.0,706882
2019-08-20,36.9,36.9,37.5,36.35,37.0,706882
2019-08-21,36.9,36.9,37.5,36.35,37.0,706882
2019-08-22,36.9,36.9,37.5,36.35,37.0,706882
2019-08-23,36.9,36.9,37.5,36.35,37.0,706882
2019-08-26,36.9,36.9,37.5,36.35,37.0,706882
2019-08-27,36.9,36.9,37.5,36.35,37.0,706882
2019-08-28,36.9,36.9,37.5,36.35,37.0,706882
2019-08-29,36.9,36.9,37.5,36.35,37.0,706882
2019-08-30,36.9,36.9,37.5,36.35,37.0,706882
2019-09-02,36.9,36.9,37.5,36.35,37.0,706882
2019-09-03,36.9,36.9,37.5,36.35,37.0,706882
2019-09-04,36.9,36.9,37.5,36.35,37.0,706882
2019-09-05,36.9,36.9,37.5,36.35,37.0,706882
2019-09-06,36.9,36.9,37.5,36.35,37.0,706882
2019-09-09,36.9,36.9,37.5,36.35,37.0,706882
2019-09-10,36.9,36.9,37.5,36.35,37.0,706882
2019-09-11,36.9,36.9,37.5,36.35,37.0,706882
2019-09-12,36.9,36.9,37.5,36.35,37.0,706882
2019-09-16,36.9,36.9,37.5,36.35,37.0,706882
2019-09-17,36.9,36.9,37.5,36.35,37.0,706882
2019-09-18,36.9,36.9,37.5,36.35,37.0,706882
2019-09-19,36.9,36.9,37.5,36.35,37.0,706882
2019-09-20,36.9,36.9,37.5,36.35,37.0,706882
2019-09-23,36.9,36.9,37.5,36.35,37.0,706882
2019-09-24,36.9,36.9,37.5,36.35,37.0,706882
2019-09-25,36.9,36.9,37.5,36.35,37.0,706882
2019-09-26,36.9,36.9,37.5,36.35,37.0,706882
2019-09-27,36.9,36.9,37.5,36.35,37.0,706882
2019-10-01,36.9,36.9,37.5,36.35,37.0,706882
2019-10-02,36.9,36.9,37.5,36.35,37.0,706882
2019-10-03,36.9,36.9,37.5,36.35,37.0,706882
2019-10-04,36.9,36.9,37.5,36.35,37.0,706882
2019-10-07,36.9,36.9,37.5,36.35,37.0,706882
2019-10-08,36.9,36.9,37.5,36.35,37.0,706882
2019-10-09,36.9,36.9,37.5,36.35,37.0,706882
2019-10-14,36.9,36.9,37.5,36.35,37.0,706882
2019-10-15,36.9,36.9,37.5,36.35,37.0,706882
2019-10-16,36.9,36.9,37.5,36.35,37.0,706882
2019-10-17,36.9,36.9,37.5,36.35,37.0,706882
2019-10-18,36.9,36.9,37.5,36.35,37.0,706882
2019-10-21,36.9,36.9,37.5,36.35,37.0,706882
2019-10-22,36.9,36.9,37.5,36.35,37.0,706882
2019-10-23,36.9,36.9,37.5,36.35,37.0,706882
2019-10-24,36.9,36.9,37.5,36.35,37.0,706882
2019-10-25,36.9,36.9,37.5,36.35,37.0,706882
2019-10-28,36.9,36.9,37.5,36.35,37.0,706882
2019-10-29,36.9,36.9,37.5,36.35,37.0,706882
2019-10-30,36.9,36.9,37.5,36.35,37.0,706882
2019-10-31,36.9,36.9,37.5,36.35,37.0,706882
2019-11-01,36.9,36.9,37.5,36.35,37.0,706882
2019-11-04,36.9,36.9,37.5,36.35,37.0,706882
2019-11-05,36.9,36.9,37.5,36.35,37.0,706882
2019-11-06,36.9,36.9,37.5,36.35,37.0,706882
2019-11-07,36.9,36.9,37.5,36.35,37.0,706882
2019-11-08,36.9,36.9,37.5,36.35,37.0,706882
2019-11-11,36.9,36.9,37.5,36.35,37.0,706882
2019-11-12,36.9,36.9,37.5,36.35,37.0,706882
2019-11-13,36.9,36.9,37.5,36.35,37.0,706882
2019-11-14,36.9,36.9,37.5,36.35,37.0,706882
2019-11-20,36.9,36.9,37.5,36.35,37.0,706882
2019-11-21,36.9,36.9,37.5,36.35,37.0,706882
2019-11-22,36.9,36.9,37.5,36.35,37.0,706882
2019-11-25,36.9,36.9,37.5,36.35,37.0,706882
2019-11-26,36.9,36.9,37.5,36.35,37.0,706882
2019-11-27,36.9,36.9,37.5,36.35,37.0,706882
2019-11-28,36.9,36.9,37.5,36.35,37.0,706882
2019-11-29,36.9,36.9,37.5,36.35,37.0,706882
2019-12-02,36.9,36.9,37.5,36.35,37.0,706882
2019-12-03,36.9,36.9,37.5,36.35,37.0,706882
2019-12-04,36.9,36.9,37.5,36.35,37.0,706882
2019-12-05,36.9,36.9,37.5,36.35,37.0,706882
2019-12-06,36.9,36.9,37.5,36.35,37.0,706882
2019-12-09,36.9,36.9,37.5,36.35,37.0,706882
2019-12-10,36.9,36.9,37.5,36.35,37.0,706882
2019-12-11,36.9,36.9,37.5,36.35,37.0,706882
2019-12-12,36.9,36.9,37.5,36.35,37.0,706882
2019-12-13,36.9,36.9,37.5,36.35,37.0,706882
2019-12-16,36.9,36.9,37.5,36.35,37.0,706882
2019-12-17,36.9,36.9,37.5,36.35,37.0,706882
2019-12-18,36.9,36.9,37.5,36.35,37.0,706882
2019-12-19,36.9,36.9,37.5,36.35,37.0,706882
2019-12-20,36.9,36.9,37.5,36.35,37.0,706882
2019-12-23,36.9,36.9,37.5,36.35,37.0,706882
2019-12-24,36.9,36.9,37.5,36.35,37.0,706882
2019-12-25,36.9,36.9,37.5,36.35,37.0,706882
2019-12-26,36.9,36.9,37.5,36.35,37.0,706882
2019-12-27,36.9,36.9,37.5,36.35,37.0,706882
2019-12-30,36.9,36.9,37.5,36.35,37.0,706882
2019-12-31,36.9,36.9,37.5,36.35,37.0,706882
2020-01-02,36.9,36.9,37.5,36.35,37.0,706882
2020-01-03,36.9,36.9,37.5,36.35,37.0,706882
2020-01-06,36.9,36.9,37.5,36.35,37.0,706882
2020-01-07,36.9,36.9,37.5,36.35,37.0,706882
2020-01-08,36.9,36.9,37.5,36.35,37.0,706882
2020-01-09,36.9,36.9,37.5,36.35,37.0,706882
2020-01-10,36.9,36.9,37.5,36.35,37.0,706882
2020-01-13,36.9,36.9,37.5,36.35,37.0,706882
2020-01-14,36.9,36.9,37.5,36.35,37.0,706882
2020-01-15,36.9,36.9,37.5,36.35,37.0,706882
2020-01-16,36.9,36.9,37.5,36.35,37.0,706882
2020-01-17,36.9,36.9,37.5,36.35,37.0,706882
2020-01-20,36.9,36.9,37.5,36.35,37.0,706882
2020-01-30,36.9,36.9,37.5,36.35,37.0,706882
2020-01-31,36.9,36.9,37.5,36.35,37.0,706882
2020-02-03,36.9,36.9,37.5,36.35,37.0,706882
2020-02-04,36.9,36.9,37.5,36.35,37.0,706882
2020-02-05,36.9,36.9,37.5,36.35,37.0,706882
2020-02-06,36.9,36.9,37.5,36.35,37.0,706882
2020-02-07,36.9,36.9,37.5,36.35,37.0,706882
2020-02-10,36.9,36.9,37.5,36.35,37.0,706882
2020-02-11,36.9,36.9,37.5,36.35,37.0,706882
2020-02-12,36.9,36.9,37.5,36.35,37.0,706882
2020-02-13,36.9,36.9,37.5,36.35,37.0,706882
2020-02-14,36.9,36.9,37.5,36.35,37.0,706882
2020-02-17,36.9,36.9,37.5,36.35,37.0,706882
2020-02-18,36.9,36.9,37.5,36.35,37.0,706882
2020-02-19,36.9,36.9,37.5,36.35,37.0,706882
2020-02-20,36.9,36.9,37.5,36.35,37.0,706882
2020-02-21,36.9,36.9,37.5,36.35,37.0,706882
2020-02-24,36.9,36.9,37.5,36.35,37.0,706882
2020-02-25,36.9,36.9,37.5,36.35,37.0,706882
2020-02-26,36.9,36.9,37.5,36.35,37.0,706882
2020-02-27,36.9,36.9,37.5,36.35,37.0,706882
2020-03-02,36.9,36.9,37.5,36.35,37.0,706882
2020-03-03,36.9,36.9,37.5,36.35,37.0,706882
2020-03-04,36.9,36.9,37.5,36.35,37.0,706882
2020-03-05,36.9,36.9,37.5,36.35,37.0,706882
2020-03-06,36.9,36.9,37.5,36.35,37.0,706882
2020-03-09,36.9,36.9,37.5,36.35,37.0,706882
2020-03-10,36.9,36.9,37.5,36.35,37.0,706882
2020-03-11,36.9,36.9,37.5,36.35,37.0,706882
2020-03-12,36.9,36.9,37.5,36.35,37.0,706882
2020-03-13,36.9,36.9,37.5,36.35,37.0,706882
2020-03-16,36.9,36.9,37.5,36.35,37.0,706882
2020-03-17,36.9,36.9,37.5,36.35,37.0,706882
2020-03-18,36.9,36.9,37.5,36.35,37.0,706882
2020-03-19,36.9,36.9,37.5,36.35,37.0,706882
2020-03-20,36.9,36.9,37.5,36.35,37.0,706882
2020-03-23,36.9,36.9,37.5,36.35,37.0,706882
2020-03-24,36.9,36.9,37.5,36.35,37.0,706882
2020-03-25,36.9,36.9,37.5,36.35,37.0,706882
2020-03-26,36.9,36.9,37.5,36.35,37.0,706882
2020-03-27,36.9,36.9,37.5,36.35,37.0,706882
2020-03-30,36.9,36.9,37.5,36.35,37.0,706882
2020-03-31,36.9,36.9,37.5,36.35,37.0,706882
2020-04-01,36.9,36.9,37.5,36.35,37.0,706882
2020-04-07,36.9,36.9,37.5,36.35,37.0,706882
2020-04-08,36.9,36.9,37.5,36.35,37.0,706882
2020-04-09,36.9,36.9,37.5,36.35,37.0,706882
2020-04-10,36.9,36.9,37.5,36.35,37.0,706882
2020-04-13,36.9,36.9,37.5,36.35,37.0,706882
2020-04-14,36.9,36.9,37.5,36.35,37.0,706882
2020-04-15,36.9,36.9,37.5,36.35,37.0,706882
2020-04-16,36.9,36.9,37.5,36.35,37.0,706882
2020-04-17,36.9,36.9,37.5,36.35,37.0,706882
2020-04-20,36.9,36.9,37.5,36.35,37.0,706882
2020-04-21,36.9,36.9,37.5,36.35,37.0,706882
2020-04-22,36.9,36.9,37.5,36.35,37.0,706882
2020-04-23,36.9,36.9,37.5,36.35,37.0,706882
2020-04-24,36.9,36.9,37.5,36.35,37.0,706882
2020-04-27,36.9,36.9,37.5,36.35,37.0,706882
2020-04-28,36.9,36.9,37.5,36.35,37.0,706882
2020-04-29,36.9,36.9,37.5,36.35,37.0,706882
2020-05-04,36.9,36.9,37.5,36.35,37.0,706882
2020-05-05,36.9,36.9,37.5,36.35,37.0,706882
2020-05-06,36.9,36.9,37.5,36.35,37.0,706882
2020-05-07,36.9,36.9,37.5,36.35,37.0,706882
2020-05-08,36.9,36.9,37.5,36.35,37.0,706882
2020-05-11,36.9,36.9,37.5,36.35,37.0,706882
2020-05-12,36.9,36.9,37.5,36.35,37.0,706882
2020-05-13,36.9,36.9,37.5,36.35,37.0,706882
2020-05-14,36.9,36.9,37.5,36.35,37.0,706882
2020-05-15,36.9,36.9,37.5,36.35,37.0,706882
2020-05-18,36.9,36.9,37.5,36.35,37.0,706882
2020-05-19,36.9,36.9,37.5,36.35,37.0,706882
2020-05-20,36.9,36.9,37.5,36.35,37.0,706882
2020-05-21,36.9,36.9,37.5,36.35,37.0,706882
2020-05-22,36.9,36.9,37.5,36.35,37.0,706882
2020-05-25,36.9,36.9,37.5,36.35,37.0,706882
2020-05-26,36.9,36.9,37.5,36.35,37.0,706882
2020-05-27,36.9,36.9,37.5,36.35,37.0,706882
2020-05-28,36.9,36.9,37.5,36.35,37.0,706882
2020-05-29,36.9,36.9,37.5,36.35,37.0,706882
2020-06-01,36.9,36.9,37.5,36.35,37.0,706882
2020-06-02,36.9,36.9,37.5,36.35,37.0,706882
2020-06-03,36.9,36.9,37.5,36.35,37.0,706882
2020-06-04,36.9,36.9,37.5,36.35,37.0,706882
2020-06-05,36.9,36.9,37.5,36.35,37.0,706882
2020-06-08,36.9,36.9,37.5,36.35,37.0,706882
2020-06-09,36.9,36.9,37.5,36.35,37.0,706882
2020-06-10,36.9,36.9,37.5,36.35,37.0,706882
2020-06-11,36.9,36.9,37.5,36.35,37.0,706882
2020-06-12,36.9,36.9,37.5,36.35,37.0,706882
2020-06-15,36.9,36.9,37.5,36.35,37.0,706882
2020-06-16,36.9,36.9,37.5,36.35,37.0,706882
2020-06-17,36.9,36.9,37.5,36.35,37.0,706882
2020-06-18,36.9,36.9,37.5,36.35,37.0,706882
2020-06-19,36.9,36.9,37.5,36.35,37.0,706882
2020-06-22,36.9,36.9,37.5,36.35,37.0,706882
2020-06-23,36.9,36.9,37.5,36.35,37.0,706882
2020-06-24,36.9,36.9,37.5,36.35,37.0,706882
2020-06-29,36.9,36.9,37.5,36.35,37.0,706882
2020-06-30,36.9,36.9,37.5,36.35,37.0,706882
2020-07-01,36.9,36.9,37.5,36.35,37.0,706882
2020-07-02,36.9,36.9,37.5,36.35,37.0,706882
2020-07-03,36.9,36.9,37.5,36.35,37.0,706882
2020-07-06,36.9,36.9,37.5,36.35,37.0,706882
2020-07-07,36.9,36.9,37.5,36.35,37.0,706882
2020-07-08,36.9,36.9,37.5,36.35,37.0,706882
2020-07-09,36.9,36.9,37.5,36.35,37.0,706882
2020-07-10,36.9,36.9,37.5,36.35,37.0,706882
2020-07-13,36.9,36.9,37.5,36.35,37.0,706882
2020-07-14,36.9,36.9,37.5,36.35,37.0,706882
2020-07-15,36.9,36.9,37.5,36.35,37.0,706882
2020-07-16,36.9,36.9,37.5,36.35,37.0,706882
2020-07-17,36.9,36.9,37.5,36.35,37.0,706882
2020-07-20,36.9,36.9,37.5,36.35,37.0,706882
2020-07-21,36.9,36.9,37.5,36.35,37.0,706882
2020-07-22,36.9,36.9,37.5,36.35,37.0,706882
2020-07-23,36.9,36.9,37.5,36.35,37.0,706882
2020-07-24,36.9,36.9,37.5,36.35,37.0,706882
2020-07-27,36.9,36.9,37.5,36.35,37.0,706882
2020-07-28,36.9,36.9,37.5,36.35,37.0,706882
2020-07-29,36.9,36.9,37.5,36.35,37.0,706882
2020-07-30,36.9,36.9,37.5,36.35,37.0,706882
2020-07-31,36.9,36.9,37.5,36.35,37.0,706882
2020-08-03,36.9,36.9,37.5,36.35,37.0,706882
2020-08-04,36.9,36.9,37.5,36.35,37.0,706882
2020-08-05,36.9,36.9,37.5,36.35,37.0,706882
2020-08-06,36.9,36.9,37.5,36.35,37.0,706882
2020-08-07,36.9,36.9,37.5,36.35,37.0,706882
2020-08-10,36.9,36.9,37.5,36.35,37.0,706882
2020-08-11,36.9,36.9,37.5,36.35,37.0,706882
2020-08-12,36.9,36.9,37.5,36.35,37.0,706882
2020-08-13,36.9,36.9,37.5,36.35,37.0,706882
2020-08-14,36.9,36.9,37.5,36.35,37.0,706882
2020-08-17,36.9,36.9,37.5,36.35,37.0,706882
2020-08-18,36.9,36.9,37.5,36.35,37.0,706882
2020-08-19,36.9,36.9,37.5,36.35,37.0,706882
2020-08-20,36.9,36.9,37.5,36.35,37.0,706882
2020-08-21,36.9,36.9,37.5,36.35,37.0,706882
2020-08-24,36.9,36.9,37.5,36.35,37.0,706882
2020-08-25,36.9,36.9,37.5,36.35,37.0,706882
2020-08-26,36.9,36.9,37.5,36.35,37.0,706882
2020-08-27,36.9,36.9,37.5,36.35,37.0,706882
2020-08-28,36.9,36.9,37.5,36.35,37.0,706882
2020-08-31,36.9,36.9,37.5,36.35,37.0,706882
2020-09-01,36.9,36.9,37.5,36.35,37.0,706882
2020-09-02,36.9,36.9,37.5,36.35,37.0,706882
2020-09-03,36.9,36.9,37.5,36.35,37.0,706882
2020-09-04,36.9,36.9,37.5,36.35,37.0,706882
2020-09-07,36.9,36.9,37.5,36.35,37.0,706882
2020-09-08,36.9,36.9,37.5,36.35,37.0,706882
2020-09-09,36.9,36.9,37.5,36.35,37.0,706882
2020-09-10,36.9,36.9,37.5,36.35,37.0,706882
2020-09-11,36.9,36.9,37.5,36.35,37.0,706882
2020-09-14,36.9,36.9,37.5,36.35,37.0,706882
2020-09-15,36.9,36.9,37.5,36.35,37.0,706882
2020-09-16,36.9,36.9,37.5,36.35,37.0,706882
2020-09-17,36.9,36.9,37.5,36.35,37.0,706882
2020-09-18,36.9,36.9,37.5,36.35,37.0,706882
2020-09-21,36.9,36.9,37.5,36.35,37.0,706882
2020-09-22,36.9,36.9,37.5,36.35,37.0,706882
2020-09-23,36.9,36.9,37.5,36.35,37.0,706882
2020-09-24,36.9,36.9,37.5,36.35,37.0,706882
2020-09-25,36.9,36.9,37.5,36.35,37.0,706882
2020-09-28,36.9,36.9,37.5,36.35,37.0,706882
2020-09-29,36.9,36.9,37.5,36.35,37.0,706882
2020-09-30,36.9,36.9,37.5,36.35,37.0,706882
2020-10-05,36.9,36.9,37.5,36.35,37.0,706882
2020-10-06,36.9,36.9,37.5,36.35,37.0,706882
2020-10-07,36.9,36.9,37.5,36.35,37.0,706882
2020-10-08,36.9,36.9,37.5,36.35,37.0,706882
2020-10-12,36.9,36.9,37.5,36.35,37.0,706882
2020-10-13,36.9,36.9,37.5,36.35,37.0,706882
2020-10-14,36.9,36.9,37.5,36.35,37.0,706882
2020-10-15,36.9,36.9,37.5,36.35,37.0,706882
2020-10-16,36.9,36.9,37.5,36.35,37.0,706882
2020-10-19,36.9,36.9,37.5,36.35,37.0,706882
2020-10-20,36.9,36.9,37.5,36.35,37.0,706882
2020-10-21,36.9,36.9,37.5,36.35,37.0,706882
2020-10-22,36.9,36.9,37.5,36.35,37.0,706882
2020-10-23,36.9,36.9,37.5,36.35,37.0,706882
2020-10-26,36.9,36.9,37.5,36.35,37.0,706882
2020-10-27,36.9,36.9,37.5,36.35,37.0,706882
2020-10-28,36.9,36.9,37.5,36.35,37.0,706882
2020-10-29,36.9,36.9,37.5,36.35,37.0,706882
2020-10-30,36.9,36.9,37.5,36.35,37.0,706882
2020-11-02,36.9,36.9,37.5,36.35,37.0,706882
2020-11-03,36.9,36.9,37.5,36.35,37.0,706882
2020-11-04,36.9,36.9,37.5,36.35,37.0,706882
2020-11-05,36.9,36.9,37.5,36.35,37.0,706882
2020-11-06,36.9,36.9,37.5,36.35,37.0,706882
2020-11-09,36.9,36.9,37.5,36.35,37.0,706882
2020-11-10,36.9,36.9,37.5,36.35,37.0,706882
2020-11-11,36.9,36.9,37.5,36.35,37.0,706882
2020-11-12,36.9,36.9,37.5,36.35,37.0,706882
2020-11-13,36.9,36.9,37.5,36.35,37.0,706882
2020-11-16,36.9,36.9,37.5,36.35,37.0,706882
2020-11-17,36.9,36.9,37.5,36.35,37.0,706882
2020-11-18,36.9,36.9,37.5,36.35,37.0,706882
2020-11-19,36.9,36.9,37.5,36.35,37.0,706882
2020-11-20,36.9,36.9,37.5,36.35,37.0,706882
2020-11-23,36.9,36.9,37.5,36.35,37.0,706882
2020-11-24,36.9,36.9,37.5,36.35,37.0,706882
2020-11-25,36.9,36.9,37.5,36.35,37.0,706882
2020-11-26,36.9,36.9,37.5,36.35,37.0,706882
2020-11-27,36.9,36.9,37.5,36.35,37.0,706882
2020-11-30,36.9,36.9,37.5,36.35,37.0,706882
2020-12-01,36.9,36.9,37.5,36.35,37.0,706882
2020-12-02,36.9,36.9,37.5,36.35,37.0,706882
2020-12-04,36.9,36.9,37.5,36.35,37.0,706882
2020-12-07,36.9,36.9,37.5,36.35,37.0,706882
2020-12-08,36.9,36.9,37.5,36.35,37.0,706882
2020-12-09,36.9,36.9,37.5,36.35,37.0,706882
2020-12-10,36.9,36.9,37.5,36.35,37.0,706882
2020-12-11,36.9,36.9,37.5,36.35,37.0,706882
2020-12-14,36.9,36.9,37.5,36.35,37.0,706882
2020-12-15,36.9,36.9,37.5,36.35,37.0,706882
2020-12-16,36.9,36.9,37.5,36.35,37.0,706882
2020-12-17,36.9,36.9,37.5,36.35,37.0,706882
2020-12-18,36.9,36.9,37.5,36.35,37.0,706882
2020-12-21,36.9,36.9,37.5,36.35,37.0,706882
2020-12-22,36.9,36.9,37.5,36.35,37.0,706882
2020-12-23,36.9,36.9,37.5,36.35,37.0,706882
2020-12-24,36.9,36.9,37.5,36.35,37.0,706882
2020-12-25,36.9,36.9,37.5,36.35,37.0,706882
2020-12-28,36.9,36.9,37.5,36.35,37.0,706882
2020-12-29,36.9,36.9,37.5,36.35,37.0,706882
2020-12-30,36.9,36.9,37.5,36.35,37.0,706882
2020-12-31,36.9,36.9,37.5,36.35,37.0,706882
2021-01-04,36.9,36.9,37.5,36.35,37.0,706882
2021-01-05,36.9,36.9,37.5,36.35,37.0,706882
2021-01-06,36.9,36.9,37.5,36.35,37.0,706882
2021-01-07,36.9,36.9,37.5,36.35,37.0,706882
2021-01-08,36.9,36.9,37.5,36.35,37.0,706882
2021-01-11,36.9,36.9,37.5,36.35,37.0,706882
2021-01-12,36.9,36.9,37.5,36.35,37.0,706882
2021-01-13,36.9,36.9,37.5,36.35,37.0,706882
2021-01-14,36.9,36.9,37.5,36.35,37.0,706882
2021-01-15,36.9,36.9,37.5,36.35,37.0,706882
2021-01-18,36.9,36.9,37.5,36.35,37.0,706882
2021-01-19,36.9,36.9,37.5,36.35,37.0,706882
2021-01-20,36.9,36.9,37.5,36.35,37.0,706882
2021-01-21,36.9,36.9,37.5,36.35,37.0,706882
2021-01-22,36.9,36.9,37.5,36.35,37.0,706882
2021-01-25,36.9,36.9,37.5,36.35,37.0,706882
2021-01-26,36.9,36.9,37.5,36.35,37.0,706882
2021-01-27,36.9,36.9,37.5,36.35,37.0,706882
2021-01-28,36.9,36.9,37.5,36.35,37.0,706882
2021-01-29,36.9,36.9,37.5,36.35,37.0,706882
2021-02-01,36.9,36.9,37.5,36.35,37.0,706882
2021-02-02,36.9,36.9,37.5,36.35,37.0,706882
2021-02-03,36.9,36.9,37.5,36.35,37.0,706882
2021-02-04,36.9,36.9,37.5,36.35,37.0,706882
2021-02-05,36.9,36.9,37.5,36.35,37.0,706882
2021-02-17,36.9,36.9,37.5,36.35,37.0,706882
2021-02-18,36.9,36.9,37.5,36.35,37.0,706882
2021-02-19,36.9,36.9,37.5,36.35,37.0,706882
2021-02-22,36.9,36.9,37.5,36.35,37.0,706882
2021-02-23,36.9,36.9,37.5,36.35,37.0,706882
2021-02-24,36.9,36.9,37.5,36.35,37.0,706882
2021-02-25,36.9,36.9,37.5,36.35,37.0,706882
2021-02-26,36.9,36.9,37.5,36.35,37.0,706882
2021-03-02,36.9,36.9,37.5,36.35,37.0,706882
2021-03-03,36.9,36.9,37.5,36.35,37.0,706882
2021-03-04,36.9,36.9,37.5,36.35,37.0,706882
2021-03-05,36.9,36.9,37.5,36.35,37.0,706882
2021-03-08,36.9,36.9,37.5,36.35,37.0,706882
2021-03-09,36.9,36.9,37.5,36.35,37.0,706882
2021-03-10,36.9,36.9,37.5,36.35,37.0,706882
2021-03-11,36.9,36.9,37.5,36.35,37.0,706882
2021-03-12,36.9,36.9,37.5,36.35,37.0,706882
2021-03-15,36.9,36.9,37.5,36.35,37.0,706882
2021-03-16,36.9,36.9,37.5,36.35,37.0,706882
2021-03-17,36.9,36.9,37.5,36.35,37.0,706882
2021-03-18,36.9,36.9,37.5,36.35,37.0,706882
2021-03-19,36.9,36.9,37.5,36.35,37.0,706882
2021-03-22,36.9,36.9,37.5,36.35,37.0,706882
2021-03-23,36.9,36.9,37.5,36.35,37.0,706882
2021-03-24,36.9,36.9,37.5,36.35,37.0,706882
2021-03-25,36.9,36.9,37.5,36.35,37.0,706882
2021-03-26,36.9,36.9,37.5,36.35,37.0,706882
2021-03-29,36.9,36.9,37.5,36.35,37.0,706882
2021-03-30,36.9,36.9,37.5,36.35,37.0,706882
2021-03-31,36.9,36.9,37.5,36.35,37.0,706882
2021-04-01,36.9,36.9,37.5,36.35,37.0,706882
2021-04-06,36.9,36.9,37.5,36.35,37.0,706882
2021-04-07,36.9,36.9,37.5,36.35,37.0,706882
2021-04-08,36.9,36.9,37.5,36.35,37.0,706882
2021-04-09,36.9,36.9,37.5,36.35,37.0,706882
2021-04-12,36.9,36.9,37.5,36.35,37.0,706882
2021-04-13,36.9,36.9,37.5,36.35,37.0,706882
2021-04-14,36.9,36.9,37.5,36.35,37.0,706882
2021-04-15,36.9,36.9,37.5,36.35,37.0,706882
2021-04-16,36.9,36.9,37.5,36.35,37.0,706882
2021-04-19,36.9,36.9,37.5,36.35,37.0,706882
2021-04-20,36.9,36.9,37.5,36.35,37.0,706882
2021-04-21,36.9,36.9,37.5,36.35,37.0,706882
2021-04-22,36.9,36.9,37.5,36.35,37.0,706882
2021-04-23,36.9,36.9,37.5,36.35,37.0,706882
2021-04-26,36.9,36.9,37.5,36.35,37.0,706882
2021-04-27,36.9,36.9,37.5,36.35,37.0,706882
2021-04-28,36.9,36.9,37.5,36.35,37.0,706882
2021-04-29,36.9,36.9,37.5,36.35,37.0,706882
2021-05-03,36.9,36.9,37.5,36.35,37.0,706882
2021-05-04,36.9,36.9,37.5,36.35,37.0,706882
2021-05-05,36.9,36.9,37.5,36.35,37.0,706882
2021-05-06,36.9,36.9,37.5,36.35,37.0,706882
2021-05-07,36.9,36.9,37.5,36.35,37.0,706882
2021-05-10,36.9,36.9,37.5,36.35,37.0,706882
2021-05-11,36.9,36.9,37.5,36.35,37.0,706882
2021-05-12,36.9,36.9,37.5,36.35,37.0,706882
2021-05-13,36.9,36.9,37.5,36.35,37.0,706882
2021-05-14,36.9,36.9,37.5,36.35,37.0,706882
2021-05-17,36.9,36.9,37.5,36.35,37.0,706882
2021-05-18,36.9,36.9,37.5,36.35,37.0,706882
2021-05-19,36.9,36.9,37.5,36.35,37.0,706882
2021-05-20,36.9,36.9,37.5,36.35,37.0,706882
2021-05-21,36.9,36.9,37.5,36.35,37.0,706882
2021-05-24,36.9,36.9,37.5,36.35,37.0,706882
2021-05-25,36.9,36.9,37.5,36.35,37.0,706882
2021-05-26,36.9,36.9,37.5,36.35,37.0,706882
2021-05-27,36.9,36.9,37.5,36.35,37.0,706882
2021-05-28,36.9,36.9,37.5,36.35,37.0,706882
2021-05-31,36.9,36.9,37.5,36.35,37.0,706882
2021-06-01,36.9,36.9,37.5,36.35,37.0,706882
2021-06-02,36.9,36.9,37.5,36.35,37.0,706882
2021-06-03,36.9,36.9,37.5,36.35,37.0,706882
2021-06-04,36.9,36.9,37.5,36.35,37.0,706882
2021-06-07,36.9,36.9,37.5,36.35,37.0,706882
2021-06-08,36.9,36.9,37.5,36.35,37.0,706882
2021-06-09,36.9,36.9,37.5,36.35,37.0,706882
2021-06-10,36.9,36.9,37.5,36.35,37.0,706882
2021-06-11,36.9,36.9,37.5,36.35,37.0,706882
2021-06-15,36.9,36.9,37.5,36.35,37.0,706882
2021-06-16,36.9,36.9,37.5,36.35,37.0,706882
2021-06-17,36.9,36.9,37.5,36.35,37.0,706882
2021-06-18,36.9,36.9,37.5,36.35,37.0,706882
2021-06-21,36.9,36.9,37.5,36.35,37.0,706882
2021-06-22,36.9,36.9,37.5,36.35,37.0,706882
2021-06-23,36.9,36.9,37.5,36.35,37.0,706882
2021-06-24,36.9,36.9,37.5,36.35,37.0,706882
2021-06-25,36.9,36.9,37.5,36.35,37.0,706882
2021-06-28,36.9,36.9,37.5,36.35,37.0,706882
2021-06-29,36.9,36.9,37.5,36.35,37.0,706882
2021-06-30,36.9,36.9,37.5,36.35,37.0,706882
2021-07-01,36.9,36.9,37.5,36.35,37.0,706882
2021-07-02,36.9,36.9,37.5,36.35,37.0,706882
2021-07-05,36.9,36.9,37.5,36.35,37.0,706882
2021-07-06,36.9,36.9,37.5,36.35,37.0,706882
2021-07-07,36.9,36.9,37.5,36.35,37.0,706882
2021-07-08,36.9,36.9,37.5,36.35,37.0,706882
2021-07-09,36.9,36.9,37.5,36.35,37.0,706882
2021-07-12,36.9,36.9,37.5,36.35,37.0,706882
2021-07-13,36.9,36.9,37.5,36.35,37.0,706882
2021-07-14,36.9,36.9,37.5,36.35,37.0,706882
2021-07-15,36.9,36.9,37.5,36.35,37.0,706882
2021-07-16,36.9,36.9,37.5,36.35,37.0,706882
2021-07-19,36.9,36.9,37.5,36.35,37.0,706882
2021-07-20,36.9,36.9,37.5,36.35,37.0,706882
2021-07-21,36.9,36.9,37.5,36.35,37.0,706882
2021-07-22,36.9,36.9,37.5,36.35,37.0,706882
2021-07-23,36.9,36.9,37.5,36.35,37.0,706882
2021-07-26,36.9,36.9,37.5,36.35,37.0,706882
2021-07-27,36.9,36.9,37.5,36.35,37.0,706882
2021-07-28,36.9,36.9,37.5,36.35,37.0,706882
2021-07-29,36.9,36.9,37.5,36.35,37.0,706882
2021-07-30,36.9,36.9,37.5,36.35,37.0,706882
2021-08-02,36.9,36.9,37.5,36.35,37.0,706882
2021-08-03,36.9,36.9,37.5,36.35,37.0,706882
2021-08-04,36.9,36.9,37.5,36.35,37.0,706882
2021-08-05,36.9,36.9,37.5,36.35,37.0,706882
2021-08-06,36.9,36.9,37.5,36.35,37.0,706882
2021-08-09,63.6,63.6,64.9,63.5,64.8,467000
2021-08-10,63.6,63.6,64.9,63.6,63.7,267000
2021-08-11,62.2,62.2,63.6,62.0,63.4,400000
2021-08-12,63.0,63.0,64.7,62.8,63.1,323000
2021-08-13,64.6,64.6,66.0,63.4,63.9,1357000
2021-08-16,68.0,68.0,68.9,65.2,65.9,3169000
2021-08-17,66.5,66.5,70.1,66.1,67.2,3419000
2021-08-18,63.6,63.6,65.7,62.2,64.5,1977000
2021-08-19,62.4,62.4,64.3,62.4,62.8,866000
2021-08-20,63.1,63.1,63.8,62.6,63.3,840000
2021-08-23,62.5,62.5,64.5,62.5,64.5,835000
2021-08-24,60.9,60.9,63.5,60.6,63.5,1025000
2021-08-25,60.5,60.5,62.0,59.0,60.7,892000
2021-08-26,60.2,60.2,61.1,59.1,59.1,690000
2021-08-27,60.5,60.5,60.9,60.0,60.2,403000
2021-08-30,60.2,60.2,61.5,60.2,61.5,395000
2021-08-31,60.3,60.3,60.9,60.0,60.5,388000
2021-09-01,59.5,59.5,60.6,59.2,60.6,511000
2021-09-02,59.0,59.0,59.6,58.8,58.8,568000
2021-09-03,58.7,58.7,60.2,58.7,60.2,461000
2021-09-06,58.3,58.3,59.1,58.2,58.2,364000
2021-09-07,59.5,59.5,60.1,58.0,58.5,433000
2021-09-08,58.9,58.9,60.3,58.8,60.1,413000
2021-09-09,58.2,58.2,59.5,58.2,59.5,291000
2021-09-10,58.6,58.6,58.8,58.2,58.6,221000
2021-09-13,60.0,60.0,61.5,59.9,61.5,631000
2021-09-14,59.2,59.2,60.6,59.2,60.2,277000
2021-09-15,59.3,59.3,60.0,59.3,60.0,273000
2021-09-16,59.3,59.3,59.8,58.8,59.5,172000
2021-09-17,58.9,58.9,59.3,58.8,59.3,185000
2021-09-22,57.7,57.7,58.5,57.6,58.5,316000
2021-09-23,58.3,58.3,58.8,57.8,58.8,208000
2021-09-24,58.8,58.8,59.6,58.5,59.6,230000
2021-09-27,58.8,58.8,59.5,58.5,58.8,187000
2021-09-28,58.5,58.5,58.8,58.2,58.5,190000
2021-09-29,57.1,57.1,58.0,56.5,58.0,426000
2021-09-30,57.2,57.2,57.6,56.5,57.1,287000
2021-10-01,56.7,56.7,58.8,56.6,57.2,413000
2021-10-04,52.2,52.2,56.0,51.5,56.0,940000
2021-10-05,51.1,51.1,51.9,47.05,51.7,1260000
2021-10-06,50.5,50.5,51.9,50.3,50.9,357000
2021-10-07,51.2,51.2,51.4,49.3,49.95,379000
2021-10-08,51.1,51.1,51.6,50.8,51.6,228000
2021-10-12,50.6,50.6,51.5,50.5,51.5,314000
2021-10-13,49.3,49.3,50.6,49.1,50.1,353000
2021-10-14,52.9,52.9,53.5,49.55,50.1,604000
2021-10-15,52.4,52.4,53.9,52.2,53.9,358000
2021-10-18,51.1,51.1,52.0,51.1,52.0,215000
2021-10-19,51.4,51.4,51.6,51.0,51.1,167000
2021-10-20,51.1,51.1,51.8,50.6,50.8,235000
2021-10-21,51.2,51.2,52.2,50.9,51.8,191000
2021-10-22,50.3,50.3,51.6,50.1,51.3,211000
2021-10-25,50.1,50.1,50.6,49.6,50.2,159000
2021-10-26,49.9,49.9,50.3,49.55,49.85,359000
2021-10-27,54.8,54.8,54.8,51.0,51.3,1490000
2021-10-28,56.9,56.9,59.0,55.3,55.3,1802000
2021-10-29,54.5,54.5,57.6,54.1,57.0,902000
2021-11-01,52.8,52.8,54.3,52.5,54.3,439000
2021-11-02,52.2,52.2,53.6,52.2,53.6,267000
2021-11-03,52.8,52.8,53.4,52.3,53.4,309000
2021-11-04,52.5,52.5,53.4,52.4,52.9,178000
2021-11-05,52.9,52.9,53.4,52.5,53.1,195000
2021-11-08,52.3,52.3,53.5,52.3,53.0,285000
2021-11-09,52.1,52.1,52.5,52.0,52.4,208000
2021-11-10,51.6,51.6,52.5,51.5,52.5,277000
2021-11-11,52.1,52.1,53.0,51.7,51.7,369000
2021-11-12,51.7,51.7,52.7,51.6,52.7,263000
2021-11-15,50.8,50.8,51.3,50.5,51.3,464000
2021-11-16,51.0,51.0,51.0,50.5,50.5,221000
2021-11-17,50.7,50.7,51.3,50.6,51.1,238000
2021-11-18,51.8,51.8,52.1,50.5,51.2,527000
2021-11-19,51.1,51.1,52.1,51.0,52.0,360000
2021-11-22,53.3,53.3,54.0,51.2,51.3,578000
2021-11-23,52.0,52.0,54.2,52.0,54.0,561000
2021-11-24,52.7,52.7,52.7,52.0,52.3,204000
2021-11-25,52.3,52.3,52.9,52.1,52.7,238000
2021-11-26,52.6,52.6,54.6,51.9,52.3,568000
2021-11-29,53.3,53.3,54.4,53.1,53.5,846000
2021-11-30,52.0,52.0,53.2,51.2,52.9,464000
2021-12-01,51.8,51.8,52.5,51.7,52.2,283000
2021-12-02,51.8,51.8,52.5,51.8,52.0,195000
2021-12-03,52.7,52.7,53.3,52.3,52.6,310000
2021-12-06,52.9,52.9,53.5,52.6,53.0,295000
2021-12-07,53.1,53.1,53.7,52.4,53.1,397000
2021-12-08,58.4,58.4,58.4,53.6,54.0,2826000
2021-12-09,55.0,55.0,59.7,54.6,59.7,2777000
2021-12-10,55.5,55.5,56.5,55.0,55.6,667000
2021-12-13,56.0,56.0,57.9,55.8,57.9,687000
2021-12-14,55.2,55.2,57.1,55.2,56.8,534000
2021-12-15,55.3,55.3,55.9,54.6,55.2,345000
2021-12-16,56.5,56.5,56.6,55.4,55.9,531000
2021-12-17,56.8,56.8,57.4,56.2,56.9,642000
2021-12-20,57.5,57.5,58.5,56.8,57.4,627000
2021-12-21,57.3,57.3,58.3,56.9,58.0,550000
2021-12-22,57.2,57.2,57.7,57.2,57.4,315000
2021-12-23,56.7,56.7,57.8,56.3,57.5,327000
2021-12-24,56.5,56.5,57.2,56.5,56.8,217000
2021-12-27,56.2,56.2,57.3,56.1,57.0,291000
2021-12-28,56.5,56.5,57.5,56.2,56.4,311000
2021-12-29,56.6,56.6,57.1,56.3,56.5,198000
2021-12-30,57.4,57.4,57.9,57.1,57.5,638000
2022-01-03,56.1,56.1,57.4,55.6,57.4,639000
2022-01-04,55.8,55.8,56.3,55.6,56.3,261000
2022-01-05,55.8,55.8,56.4,55.7,55.8,275000
2022-01-06,55.6,55.6,57.3,55.5,56.0,360000
2022-01-07,55.6,55.6,56.2,55.5,56.0,324000
2022-01-10,57.7,57.7,58.0,56.4,56.5,863000
2022-01-11,55.2,55.2,58.0,55.2,57.4,826000
2022-01-12,55.3,55.3,56.4,54.9,55.7,270000
2022-01-13,55.3,55.3,55.8,54.9,54.9,281000
2022-01-14,54.2,54.2,55.7,54.1,55.7,348000
2022-01-17,57.2,57.2,58.4,54.4,54.6,1595000
2022-01-18,56.4,56.4,58.0,56.1,57.2,988000
2022-01-19,55.5,55.5,56.3,55.4,56.3,254000
2022-01-20,55.2,55.2,55.4,54.6,55.4,291000
2022-01-21,54.5,54.5,55.6,54.4,55.2,384000
2022-01-24,54.3,54.3,56.7,54.1,54.8,865000
2022-01-25,52.7,52.7,55.0,52.6,54.9,408000
2022-01-26,52.6,52.6,53.6,52.3,53.1,274000
2022-02-07,53.1,53.1,53.9,52.6,52.6,165000
2022-02-08,53.3,53.3,53.4,52.8,53.4,280000
2022-02-09,53.5,53.5,53.7,52.8,53.5,364000
2022-02-10,53.0,53.0,53.5,52.8,53.2,238000
2022-02-11,52.9,52.9,53.9,52.9,53.9,251000
2022-02-14,51.7,51.7,52.9,51.6,52.9,353000
2022-02-15,54.3,54.3,56.8,54.0,55.6,3012000
2022-02-16,53.8,53.8,55.8,53.7,55.6,1317000
2022-02-17,52.9,52.9,53.6,52.6,53.6,480000
2022-02-18,52.9,52.9,53.0,52.5,52.9,239000
2022-02-21,53.5,53.5,53.7,53.0,53.1,276000
2022-02-22,52.2,52.2,53.5,51.8,53.5,360000
2022-02-23,52.5,52.5,53.1,52.0,52.5,233000
2022-02-24,50.9,50.9,52.5,50.8,52.5,526000
2022-02-25,51.1,51.1,51.9,50.6,50.9,256000
2022-03-01,51.4,51.4,52.0,51.0,51.2,212000
2022-03-02,52.1,52.1,54.2,52.0,53.5,647000
2022-03-03,52.0,52.0,52.3,51.9,52.3,186000
2022-03-04,52.1,52.1,52.6,51.9,52.6,139000
2022-03-07,50.7,50.7,52.0,50.4,51.5,431000
2022-03-08,49.2,49.2,50.7,49.1,49.8,394000
2022-03-09,49.85,49.85,50.4,49.35,49.35,287000
2022-03-10,50.3,50.3,50.4,50.1,50.1,205000
2022-03-11,50.0,50.0,50.2,49.65,49.65,190000
2022-03-14,49.85,49.85,51.0,49.8,50.6,292000
2022-03-15,49.5,49.5,50.5,49.35,49.9,337000
2022-03-16,49.4,49.4,49.9,49.25,49.5,149000
2022-03-17,50.3,50.3,50.5,49.9,50.2,219000
2022-03-18,51.5,51.5,51.7,50.0,50.0,500000
2022-03-21,52.4,52.4,53.2,51.5,51.5,601000
2022-03-22,52.6,52.6,52.9,52.2,52.9,275000
2022-03-23,52.9,52.9,53.5,52.6,53.0,344000
2022-03-24,52.9,52.9,53.0,52.5,53.0,153000
2022-03-25,52.3,52.3,53.3,52.1,53.0,225000
2022-03-28,52.1,52.1,53.1,52.0,53.0,279000
2022-03-29,52.1,52.1,52.5,52.0,52.5,123000
2022-03-30,52.7,52.7,52.8,52.2,52.7,211000
2022-03-31,52.3,52.3,53.1,52.2,52.9,226000
2022-04-01,52.7,52.7,52.9,52.3,52.3,316000
2022-04-06,53.7,53.7,54.8,53.1,54.0,1074000
2022-04-07,53.3,53.3,54.6,53.2,53.6,722000
2022-04-08,53.4,53.4,53.9,53.0,53.0,313000
2022-04-11,53.4,53.4,55.1,53.3,53.9,1321000
2022-04-12,53.0,53.0,55.4,53.0,53.9,1178000
2022-04-13,54.5,54.5,54.7,53.1,53.2,1064000
2022-04-14,55.6,55.6,56.0,54.6,55.0,1346000
2022-04-15,56.0,56.0,57.5,55.3,56.2,2059000
2022-04-18,55.0,55.0,57.5,54.8,56.5,1845000
2022-04-19,53.9,53.9,55.4,53.6,55.1,801000
2022-04-20,56.8,56.8,57.3,52.9,54.0,2053000
2022-04-21,56.1,56.1,60.9,56.1,58.9,4087000
2022-04-22,56.8,56.8,58.5,56.1,56.6,1836000
2022-04-25,55.3,55.3,58.3,55.3,56.3,1573000
2022-04-26,54.2,54.2,56.1,53.7,56.0,745000
2022-04-27,53.6,53.6,54.5,53.2,53.4,560000
2022-04-28,53.6,53.6,54.4,53.4,53.8,231000
2022-04-29,53.4,53.4,54.2,53.2,53.8,295000
2022-05-03,53.8,53.8,57.3,53.8,57.3,1075000
2022-05-04,53.2,53.2,55.3,53.0,55.3,506000
2022-05-05,52.9,52.9,53.8,52.8,53.5,426000
2022-05-06,51.8,51.8,52.2,51.4,52.0,417000
2022-05-09,49.6,49.6,52.1,49.5,51.6,731000
2022-05-10,48.5,48.5,49.1,48.0,49.1,711000
2022-05-11,48.0,48.0,49.2,47.9,48.5,411000
2022-05-12,44.8,44.8,47.95,44.4,47.95,1353000
2022-05-13,49.25,49.25,49.25,45.4,45.4,1760000
2022-05-16,48.7,48.7,51.5,47.95,49.85,2775000
2022-05-17,47.75,47.75,48.55,47.7,48.5,339000
2022-05-18,48.25,48.25,48.8,48.05,48.05,289000
2022-05-19,47.2,47.2,47.6,46.6,47.35,351000
2022-05-20,47.5,47.5,47.95,46.9,47.6,185000
2022-05-23,47.3,47.3,47.9,47.1,47.9,123000
2022-05-24,46.7,46.7,47.9,46.6,47.9,120000
2022-05-25,46.75,46.75,47.25,46.6,47.0,105000
2022-05-26,46.6,46.6,47.55,46.55,46.65,136000
2022-05-27,46.35,46.35,47.4,46.35,47.4,178000
2022-05-30,46.8,46.8,47.25,46.3,47.25,217000
2022-05-31,47.0,47.0,47.5,46.6,46.8,107000
2022-06-01,46.9,46.9,47.25,46.7,47.25,170000
2022-06-02,46.75,46.75,46.9,46.65,46.9,136000
2022-06-06,46.7,46.7,47.5,46.7,47.25,173000
2022-06-07,47.25,47.25,47.35,46.6,46.9,246000
2022-06-08,47.0,47.0,47.8,46.85,47.8,208000
2022-06-09,47.2,47.2,47.3,47.0,47.0,103000
2022-06-10,47.7,47.7,48.0,47.0,47.0,216000
2022-06-13,46.1,46.1,47.15,45.8,47.15,325000
2022-06-14,46.3,46.3,46.7,45.5,46.3,144000
2022-06-15,45.95,45.95,46.5,45.85,46.1,149000
2022-06-16,45.8,45.8,47.1,45.8,46.7,209000
2022-06-17,45.1,45.1,46.0,45.0,46.0,214000
2022-06-20,44.1,44.1,46.85,44.0,45.2,260000
2022-06-21,45.45,45.45,45.5,44.3,44.3,126000
2022-06-22,43.9,43.9,45.75,43.9,45.4,249000
2022-06-23,44.45,44.45,46.25,44.0,44.3,650000
2022-06-24,44.3,44.3,44.7,44.1,44.35,316000
2022-06-27,44.35,44.35,44.7,43.95,44.5,259000
2022-06-28,43.9,43.9,44.65,43.9,44.35,190000
2022-06-29,44.05,44.05,44.5,43.85,43.9,136000
2022-06-30,42.9,42.9,44.2,42.9,44.2,258000
2022-07-01,40.05,40.05,43.0,40.05,42.9,275000
2022-07-04,38.15,38.15,40.15,37.5,40.05,472000
2022-07-05,39.0,39.0,39.1,38.0,38.8,313000
2022-07-06,39.15,39.15,40.7,39.1,39.1,253000
2022-07-07,39.5,39.5,40.3,38.1,40.3,239000
2022-07-08,39.8,39.8,40.85,39.8,40.85,263000
2022-07-11,40.15,40.15,40.4,39.25,40.4,123000
2022-07-12,38.7,38.7,40.3,38.7,40.3,156000
2022-07-13,39.5,39.5,39.95,39.0,39.8,204000
2022-07-14,40.0,40.0,40.1,39.0,39.55,159000
2022-07-15,40.3,40.3,40.75,39.6,40.0,158000
2022-07-18,40.4,40.4,40.9,40.25,40.6,192000
2022-07-19,40.45,40.45,40.65,40.05,40.65,116000
2022-07-20,40.3,40.3,40.95,40.3,40.95,100000
2022-07-21,41.0,41.0,41.0,40.2,40.3,187000
2022-07-22,41.45,41.45,41.9,40.8,41.1,236000
2022-07-25,42.15,42.15,42.35,41.6,41.7,267000
2022-07-26,41.2,41.2,42.4,41.2,42.15,188000
2022-07-27,41.3,41.3,41.45,40.7,41.15,190000
2022-07-28,40.95,40.95,41.7,40.9,41.7,126000
2022-07-29,41.25,41.25,41.3,40.8,41.3,74000
2022-08-01,41.1,41.1,41.5,40.2,41.25,132000
2022-08-02,39.25,39.25,40.5,39.15,40.5,316000
2022-08-03,39.65,39.65,41.35,39.65,39.85,218000
2022-08-04,39.2,39.2,40.25,38.9,39.9,185000
2022-08-05,39.6,39.6,39.9,39.5,39.5,92000
2022-08-08,39.9,39.9,39.9,39.35,39.65,47000
2022-08-09,40.0,40.0,40.2,39.7,40.0,92000
2022-08-10,39.95,39.95,40.35,39.6,39.6,92000
2022-08-11,39.9,39.9,40.25,39.75,40.25,74000
2022-08-12,39.95,39.95,39.95,39.7,39.8,81000
2022-08-15,40.05,40.05,40.3,39.5,39.95,149000
2022-08-16,40.55,40.55,41.15,40.0,40.0,216000
2022-08-17,40.85,40.85,40.85,40.2,40.3,191000
2022-08-18,40.85,40.85,41.0,40.35,41.0,258000
2022-08-19,40.85,40.85,41.2,40.3,40.55,189000
2022-08-22,41.75,41.75,42.0,40.5,40.5,473000
2022-08-23,40.9,40.9,41.7,40.8,41.7,252000
2022-08-24,42.75,42.75,43.35,40.9,41.1,722000
2022-08-25,42.25,42.25,42.6,42.0,42.6,343000
2022-08-26,42.05,42.05,42.6,41.8,41.8,413000
2022-08-29,41.65,41.65,41.65,40.75,41.2,185000
2022-08-30,42.5,42.5,42.5,41.45,41.65,308000
2022-08-31,46.75,46.75,46.75,42.5,42.5,956000
2022-09-01,46.2,46.2,48.95,46.1,47.3,2257000
2022-09-02,45.2,45.2,46.6,45.2,46.6,745000
2022-09-05,46.4,46.4,48.15,44.3,45.3,852000
2022-09-06,43.85,43.85,46.7,43.55,46.5,596000
2022-09-07,42.8,42.8,44.0,42.65,43.55,214000
2022-09-08,43.45,43.45,43.65,42.85,43.0,118000
2022-09-12,42.85,42.85,43.8,42.8,43.55,290000
2022-09-13,41.65,41.65,42.85,41.6,42.7,396000
2022-09-14,41.25,41.25,41.6,40.35,40.5,255000
2022-09-15,41.45,41.45,42.2,41.3,41.4,229000
2022-09-16,40.7,40.7,41.45,40.5,41.45,285000
2022-09-19,40.0,40.0,41.25,39.8,40.75,245000
2022-09-20,39.85,39.85,40.5,39.7,40.5,145000
2022-09-21,39.0,39.0,39.85,38.6,39.85,342000
2022-09-22,39.2,39.2,39.6,38.05,38.9,260000
2022-09-23,38.5,38.5,40.25,38.25,40.25,236000
2022-09-26,35.5,35.5,37.7,35.5,37.7,522000
2022-09-27,35.85,35.85,36.0,34.1,35.55,213000
2022-09-28,33.15,33.15,35.65,33.1,35.65,313000
2022-09-29,33.6,33.6,34.35,33.25,33.95,195000
2022-09-30,33.7,33.7,33.7,32.45,32.95,218000
2022-10-03,33.95,33.95,34.65,33.0,33.0,163000
2022-10-04,34.7,34.7,35.05,34.2,34.2,144000
2022-10-05,34.3,34.3,35.25,34.3,35.25,158000
2022-10-06,34.0,34.0,34.45,33.8,34.3,90000
2022-10-07,34.0,34.0,34.7,34.0,34.1,82000
2022-10-11,32.1,32.1,33.5,32.1,33.5,182000
2022-10-12,33.05,33.05,34.05,31.85,32.1,264000
2022-10-13,32.0,32.0,32.85,31.15,32.55,241000
2022-10-14,32.75,32.75,33.0,32.3,32.6,159000
2022-10-17,32.3,32.3,32.6,31.45,32.6,158000
2022-10-18,32.55,32.55,32.7,32.15,32.7,95000
2022-10-19,32.1,32.1,32.95,32.0,32.5,120000
2022-10-20,30.95,30.95,31.6,30.5,31.5,209000
2022-10-21,30.0,30.0,30.5,30.0,30.5,287000
2022-10-24,30.1,30.1,31.25,30.1,30.1,244000
2022-10-25,29.6,29.6,30.45,29.6,30.45,159000
2022-10-26,28.8,28.8,29.6,28.5,29.5,241000
2022-10-27,29.65,29.65,30.0,28.8,28.8,178000
2022-10-28,29.3,29.3,30.15,29.2,29.65,71000
2022-10-31,29.75,29.75,30.0,29.45,29.5,75000
2022-11-01,30.1,30.1,30.4,30.05,30.05,124000
2022-11-02,30.35,30.35,30.65,30.1,30.1,100000
2022-11-03,30.6,30.6,30.8,30.4,30.4,186000
2022-11-04,33.65,33.65,33.65,31.35,32.0,543000
2022-11-07,32.95,32.95,33.7,32.0,33.65,775000
2022-11-08,32.9,32.9,34.0,32.7,32.7,320000
2022-11-09,33.1,33.1,33.8,32.95,33.2,213000
2022-11-10,32.4,32.4,33.25,32.4,33.1,118000
2022-11-11,32.4,32.4,33.1,32.4,32.7,293000
2022-11-14,33.1,33.1,33.5,32.75,32.85,191000
2022-11-15,33.1,33.1,33.25,32.6,33.25,71000
2022-11-16,36.4,36.4,36.4,32.75,32.75,830000
2022-11-17,35.5,35.5,35.55,34.8,35.15,727000
2022-11-18,35.55,35.55,35.8,35.3,35.8,349000
2022-11-21,36.2,36.2,36.4,35.25,35.55,303000
2022-11-22,35.4,35.4,36.2,35.3,36.0,262000
2022-11-23,35.8,35.8,36.2,35.2,35.4,165000
2022-11-24,35.7,35.7,36.05,35.35,35.6,116000
2022-11-25,34.8,34.8,36.0,34.8,35.7,164000
2022-11-28,34.3,34.3,34.5,33.25,33.25,166000
2022-11-29,35.25,35.25,35.9,34.4,34.95,234000
2022-11-30,35.0,35.0,35.7,34.0,35.0,261000
2022-12-01,35.45,35.45,35.6,35.1,35.25,151000
2022-12-02,35.35,35.35,35.85,35.35,35.85,134000
2022-12-05,35.85,35.85,36.05,35.25,35.45,186000
2022-12-06,39.4,39.4,39.4,39.2,39.35,1827000
2022-12-07,37.6,37.6,39.1,37.2,38.95,1725000
2022-12-08,37.9,37.9,41.3,37.7,41.3,952000
2022-12-09,37.15,37.15,38.0,37.1,37.9,526000
2022-12-12,36.3,36.3,37.15,36.0,37.15,213000
2022-12-13,36.85,36.85,37.55,36.5,36.5,297000
2022-12-14,36.7,36.7,37.6,36.1,37.6,192000
2022-12-15,36.55,36.55,37.0,36.5,36.8,104000
2022-12-16,36.05,36.05,36.95,36.0,36.55,191000
2022-12-19,36.1,36.1,36.8,35.95,36.05,184000
2022-12-20,34.65,34.65,36.8,34.65,36.1,240000
2022-12-21,34.6,34.6,35.3,34.3,35.0,172000
2022-12-22,35.35,35.35,35.45,34.6,35.4,141000
2022-12-23,35.5,35.5,36.0,34.75,34.75,109000
2022-12-26,36.7,36.7,37.9,35.8,35.95,356000
2022-12-27,36.25,36.25,37.2,36.15,37.0,220000
2022-12-28,35.65,35.65,36.95,35.6,36.25,156000
2022-12-29,35.75,35.75,35.75,34.8,34.8,154000
2022-12-30,33.6,33.6,34.0,32.4,32.4,990000
2023-01-03,32.0,32.0,33.1,31.75,32.25,467000
2023-01-04,32.25,32.25,32.7,32.0,32.0,184000
2023-01-05,32.4,32.4,32.7,32.3,32.6,130000
2023-01-06,32.6,32.6,32.75,32.3,32.6,111000
2023-01-09,32.7,32.7,32.7,32.35,32.5,119000
2023-01-10,32.4,32.4,32.8,32.25,32.8,93000
2023-01-11,32.3,32.3,32.4,32.0,32.4,121000
2023-01-12,31.8,31.8,32.3,31.8,32.3,134000
2023-01-13,31.35,31.35,32.0,31.2,31.95,107000
2023-01-16,31.7,31.7,31.9,31.35,31.35,100000
2023-01-17,31.5,31.5,31.9,31.4,31.7,106000
2023-01-30,31.85,31.85,32.4,31.8,32.05,118000
2023-01-31,32.4,32.4,32.4,31.85,32.0,258000
2023-02-01,32.2,32.2,32.8,32.15,32.5,185000
2023-02-02,32.45,32.45,32.7,32.1,32.25,339000
2023-02-03,32.4,32.4,32.6,32.1,32.6,105000
2023-02-06,32.6,32.6,32.6,32.3,32.4,134000
2023-02-07,33.25,33.25,33.9,32.45,32.95,301000
2023-02-08,32.9,32.9,33.25,32.75,33.2,194000
2023-02-09,32.65,32.65,33.0,32.55,32.9,135000
2023-02-10,32.1,32.1,32.65,32.1,32.65,191000
2023-02-13,31.65,31.65,32.2,31.5,32.2,181000
2023-02-14,31.7,31.7,31.95,31.5,31.65,129000
2023-02-15,31.8,31.8,31.95,31.5,31.7,90000
2023-02-16,32.35,32.35,32.6,32.15,32.5,184000
2023-02-17,32.2,32.2,32.5,31.7,32.15,272000
2023-02-20,32.6,32.6,32.8,32.2,32.5,258000
2023-02-21,32.55,32.55,32.7,32.2,32.6,183000
2023-02-22,32.4,32.4,32.5,32.1,32.3,152000
2023-02-23,32.5,32.5,32.8,32.4,32.4,274000
2023-02-24,32.6,32.6,33.0,32.5,32.8,205000
2023-03-01,32.9,32.9,32.9,31.8,32.5,353000
2023-03-02,32.25,32.25,32.6,32.0,32.5,185000
2023-03-03,32.6,32.6,32.65,32.4,32.65,147000
2023-03-06,32.75,32.75,32.8,32.4,32.6,161000
2023-03-07,32.75,32.75,33.2,32.6,32.8,105000
2023-03-08,32.4,32.4,32.8,32.35,32.8,161000
2023-03-09,34.9,34.9,35.6,32.75,32.9,1495000
2023-03-10,32.85,32.85,34.05,32.75,34.05,818000
2023-03-13,32.35,32.35,32.85,31.9,32.85,277000
2023-03-14,32.6,32.6,32.65,32.3,32.3,183000
2023-03-15,32.65,32.65,33.3,32.6,32.6,180000
2023-03-16,32.05,32.05,32.5,31.85,32.5,186000
2023-03-17,32.25,32.25,32.5,32.0,32.05,103000
2023-03-20,32.25,32.25,32.35,32.0,32.2,91000
2023-03-21,32.25,32.25,32.5,32.05,32.35,153000
2023-03-22,32.25,32.25,32.7,32.15,32.7,122000
2023-03-23,32.35,32.35,32.6,32.25,32.25,141000
2023-03-24,32.5,32.5,32.6,32.25,32.25,138000
2023-03-27,32.8,32.8,32.8,32.2,32.75,205000
2023-03-28,32.8,32.8,33.55,32.75,32.95,205000
2023-03-29,32.45,32.45,32.8,32.4,32.8,117000
2023-03-30,32.4,32.4,32.5,32.3,32.5,96000
2023-03-31,32.55,32.55,32.6,32.3,32.3,119000
2023-04-06,32.45,32.45,32.55,32.1,32.55,172000
2023-04-07,32.95,32.95,33.45,32.4,32.5,258000
2023-04-10,33.15,33.15,33.7,33.0,33.7,189000
2023-04-11,33.1,33.1,33.15,33.0,33.15,138000
2023-04-12,33.55,33.55,33.8,33.0,33.0,248000
2023-04-13,35.05,35.05,35.95,34.5,34.75,936000
2023-04-14,35.25,35.25,35.6,34.5,34.8,759000
2023-04-17,35.05,35.05,35.45,34.6,35.4,382000
2023-04-18,34.2,34.2,35.05,34.1,35.05,305000
2023-04-19,34.5,34.5,34.7,34.15,34.25,176000
2023-04-20,33.9,33.9,35.0,33.85,34.6,211000
2023-04-21,33.05,33.05,33.95,33.0,33.95,236000
2023-04-24,34.25,34.25,35.1,33.4,33.45,429000
2023-04-25,33.95,33.95,34.95,33.8,34.25,230000
2023-04-26,33.9,33.9,34.25,33.35,34.1,110000
2023-04-27,33.7,33.7,33.9,33.45,33.8,70000
2023-04-28,34.35,34.35,34.35,33.8,34.1,203000
2023-05-02,34.55,34.55,34.85,34.1,34.65,197000
2023-05-03,34.5,34.5,34.9,34.4,34.55,229000
2023-05-04,34.9,34.9,35.0,34.3,34.5,196000
2023-05-05,35.0,35.0,35.2,34.85,35.0,189000
2023-05-08,34.1,34.1,35.15,34.05,35.15,264000
2023-05-09,33.5,33.5,34.15,33.5,34.15,175000
2023-05-10,34.05,34.05,34.15,33.45,33.5,99000
2023-05-11,33.15,33.15,33.85,33.1,33.75,147000
2023-05-12,33.1,33.1,33.35,32.8,33.05,93000
2023-05-15,33.1,33.1,33.55,32.95,32.95,107000
2023-05-16,33.1,33.1,33.45,33.0,33.0,118000
2023-05-17,33.3,33.3,33.3,32.8,33.0,119000
2023-05-18,33.2,33.2,33.3,33.2,33.3,72000
2023-05-19,32.95,32.95,33.35,32.95,33.15,94000
2023-05-22,33.0,33.0,33.4,32.95,32.95,109000
2023-05-23,33.7,33.7,34.0,33.05,33.05,135000
2023-05-24,33.8,33.8,33.8,33.2,33.5,55000
2023-05-25,33.35,33.35,33.85,33.3,33.8,125000
2023-05-26,33.0,33.0,33.55,33.0,33.25,99000
2023-05-29,33.25,33.25,33.3,33.0,33.1,83000
2023-05-30,33.35,33.35,33.5,33.0,33.5,106000
2023-05-31,33.2,33.2,33.25,33.05,33.05,95000
2023-06-01,33.25,33.25,33.6,32.2,33.6,183000
2023-06-02,33.25,33.25,33.25,33.0,33.25,76000
2023-06-05,33.4,33.4,33.5,33.2,33.3,84000
2023-06-06,33.4,33.4,33.5,33.15,33.5,83000
2023-06-07,34.0,34.0,34.7,33.5,33.5,287000
2023-06-08,33.9,33.9,34.3,33.75,34.05,219000
2023-06-09,33.9,33.9,33.95,33.6,33.9,132000
2023-06-12,34.0,34.0,34.3,33.9,34.0,133000
2023-06-13,34.0,34.0,34.45,33.8,34.1,211000
2023-06-14,33.6,33.6,34.05,33.6,33.95,130000
2023-06-15,33.7,33.7,34.2,33.35,34.0,146000
2023-06-16,33.7,33.7,34.0,33.45,34.0,231000
2023-06-19,33.6,33.6,33.8,33.5,33.7,106000
2023-06-20,32.9,32.9,33.65,32.8,33.6,463000
2023-06-21,32.85,32.85,33.1,32.8,33.1,133000
2023-06-26,33.0,33.0,33.0,32.35,32.75,131000
2023-06-27,33.0,33.0,33.2,32.9,33.0,110000
2023-06-28,33.05,33.05,33.15,32.9,33.0,95000
2023-06-29,33.4,33.4,33.45,33.25,33.25,151000
2023-06-30,33.2,33.2,33.5,33.2,33.25,100000
2023-07-03,33.15,33.15,33.4,32.95,33.25,127000
2023-07-04,33.15,33.15,33.3,33.0,33.3,192000
2023-07-05,33.1,33.1,33.25,32.95,33.15,195000
2023-07-06,33.1,33.1,33.15,32.95,33.05,156000
2023-07-07,33.15,33.15,33.35,32.65,33.35,126000
2023-07-10,32.9,32.9,33.15,32.7,32.9,103000
2023-07-11,32.8,32.8,33.2,32.8,32.95,139000
2023-07-12,32.35,32.35,32.9,32.2,32.8,293000
2023-07-13,32.1,32.1,32.65,32.0,32.35,241000
2023-07-14,32.9,32.9,33.2,31.85,32.05,216000
2023-07-17,33.45,33.45,33.75,33.0,33.6,410000
2023-07-18,32.85,32.85,33.8,32.65,33.8,250000
2023-07-19,33.35,33.35,33.5,33.05,33.3,246000
2023-07-20,33.25,33.25,33.4,33.05,33.35,136000
2023-07-21,33.2,33.2,33.45,32.9,33.3,124000
2023-07-24,32.55,32.55,33.15,32.5,33.0,150000
2023-07-25,32.55,32.55,32.7,32.25,32.6,152000
2023-07-26,32.2,32.2,32.4,32.05,32.2,151000
2023-07-27,32.45,32.45,32.55,32.2,32.2,74000
2023-07-28,32.2,32.2,32.35,31.85,32.2,304000
2023-07-31,32.1,32.1,32.6,32.05,32.2,128000
2023-08-01,32.2,32.2,32.35,32.05,32.2,65000
2023-08-02,31.85,31.85,32.4,31.55,32.3,185000
2023-08-04,31.8,31.8,31.85,31.55,31.8,141000
2023-08-07,31.95,31.95,32.4,31.65,32.25,111000
2023-08-08,31.9,31.9,32.3,31.75,32.0,105000
2023-08-09,32.0,32.0,32.35,31.85,31.9,65000
2023-08-10,31.55,31.55,32.0,31.55,32.0,121000
2023-08-11,32.5,32.5,33.0,31.75,32.1,291000
2023-08-14,31.5,31.5,32.4,31.35,32.4,259000
2023-08-15,31.5,31.5,31.95,31.5,31.7,63000
2023-08-16,31.2,31.2,31.5,31.2,31.5,79000
2023-08-17,31.05,31.05,31.45,30.7,31.1,94000
2023-08-18,31.0,31.0,31.05,30.7,30.7,77000
2023-08-21,31.1,31.1,31.45,31.0,31.0,56000
2023-08-22,30.65,30.65,31.05,30.5,30.7,135000
2023-08-23,30.5,30.5,31.0,30.4,30.5,84000
2023-08-24,30.5,30.5,30.9,30.3,30.9,135000
2023-08-25,30.5,30.5,30.6,30.3,30.5,64000
2023-08-28,30.55,30.55,30.65,30.5,30.5,45000
2023-08-29,30.8,30.8,30.85,30.6,30.85,47000
2023-08-30,33.85,33.85,33.85,32.8,33.0,1720000
2023-08-31,35.4,35.4,36.3,33.8,33.85,2349000
2023-09-01,33.55,33.55,35.35,33.2,35.35,1000000
2023-09-04,33.0,33.0,33.9,32.7,33.9,512000
2023-09-05,33.5,33.5,33.95,32.65,33.0,328000
2023-09-06,33.45,33.45,33.5,33.25,33.25,273000
2023-09-07,33.95,33.95,34.2,33.15,33.15,325000
2023-09-08,33.45,33.45,33.9,33.4,33.45,118000
2023-09-11,33.7,33.7,34.85,33.7,34.85,274000
2023-09-12,33.35,33.35,34.0,33.2,33.7,183000
2023-09-13,34.05,34.05,34.05,33.15,33.3,218000
2023-09-14,33.7,33.7,34.05,33.6,34.0,113000
2023-09-15,33.7,33.7,34.05,33.55,34.05,115000
2023-09-18,33.5,33.5,34.0,33.5,34.0,111000
2023-09-19,33.9,33.9,34.0,33.3,33.7,198000
2023-09-20,33.65,33.65,33.9,33.65,33.9,78000
2023-09-21,33.05,33.05,33.55,32.9,33.5,94000
2023-09-22,33.2,33.2,33.4,32.85,33.05,56000
2023-09-25,33.2,33.2,33.5,33.05,33.1,52000
2023-09-26,33.65,33.65,33.7,33.3,33.3,128000
2023-09-27,33.9,33.9,33.9,33.2,33.55,69000
2023-09-28,33.85,33.85,34.1,33.75,33.9,99000
2023-10-02,33.5,33.5,33.95,33.5,33.95,74000
2023-10-03,34.0,34.0,34.9,33.6,33.8,201000
2023-10-04,33.75,33.75,34.0,33.4,34.0,81000
2023-10-05,33.5,33.5,33.95,33.5,33.75,89000
2023-10-06,33.9,33.9,33.95,33.4,33.4,74000
2023-10-11,33.65,33.65,34.6,33.65,34.35,258000
2023-10-12,33.5,33.5,33.85,33.4,33.7,73000
2023-10-13,33.0,33.0,33.5,33.0,33.45,208000
2023-10-16,36.3,36.3,36.3,34.3,34.95,2581000
2023-10-17,35.7,35.7,36.2,34.5,35.35,1550000
2023-10-18,35.1,35.1,35.8,34.75,35.4,464000
2023-10-19,38.6,38.6,38.6,35.1,35.5,2337000
2023-10-20,42.45,42.45,42.45,38.6,39.0,3561000
2023-10-23,43.05,43.05,43.6,41.0,42.45,2613000
2023-10-24,40.9,40.9,42.7,40.8,42.1,1497000
2023-10-25,42.0,42.0,42.65,41.5,41.75,1015000
2023-10-26,39.95,39.95,41.8,39.85,41.8,1352000
2023-10-27,43.9,43.9,43.9,39.9,39.9,1763000
2023-10-30,48.25,48.25,48.25,44.5,44.9,5454000
2023-10-31,52.2,52.2,52.3,46.1,46.6,4155000
2023-11-01,51.5,51.5,55.6,50.5,53.1,3767000
2023-11-02,52.3,52.3,53.0,51.0,52.0,2064000
2023-11-03,55.6,55.6,57.0,51.8,53.1,3669000
2023-11-06,61.0,61.0,61.0,56.1,56.8,4559000
2023-11-07,61.0,61.0,62.4,58.8,60.9,3623000
2023-11-08,56.8,56.8,60.9,55.1,60.0,4302000
2023-11-09,59.9,59.9,61.6,57.5,58.7,3893000
2023-11-10,54.4,54.4,59.1,54.0,59.0,4039000
2023-11-13,51.5,51.5,53.5,50.3,53.2,2736000
2023-11-14,52.8,52.8,54.3,52.0,53.0,2043000
2023-11-15,55.5,55.5,56.6,52.4,52.7,2404000
2023-11-16,54.0,54.0,56.6,53.6,55.6,1527000
2023-11-17,52.2,52.2,54.6,51.6,54.6,1494000
2023-11-20,53.2,53.2,54.6,51.2,51.7,1987000
2023-11-21,51.8,51.8,53.2,51.0,52.6,1275000
2023-11-22,52.0,52.0,52.6,51.5,52.0,730000
2023-11-23,56.5,56.5,56.9,52.0,52.1,3592000
2023-11-24,54.3,54.3,57.4,54.1,56.7,2317000
2023-11-27,54.2,54.2,56.3,54.2,55.5,1470000
2023-11-28,52.8,52.8,55.4,52.5,55.4,1217000
2023-11-29,52.8,52.8,54.0,52.5,52.8,808000
2023-11-30,52.0,52.0,53.4,51.8,53.0,854000
2023-12-01,51.3,51.3,52.8,51.2,51.2,1128000
2023-12-04,52.2,52.2,53.2,51.1,51.7,781000
2023-12-05,50.0,50.0,52.2,48.9,52.2,1282000
2023-12-06,48.3,48.3,50.2,47.2,50.2,1624000
2023-12-07,48.45,48.45,49.2,47.85,49.15,577000
2023-12-08,48.6,48.6,49.2,48.0,48.6,339000
2023-12-11,47.35,47.35,49.15,47.05,49.15,670000
2023-12-12,46.8,46.8,47.6,46.15,47.35,904000
2023-12-13,47.2,47.2,48.0,46.5,46.8,396000
2023-12-14,46.5,46.5,47.75,46.2,47.45,414000
2023-12-15,46.05,46.05,47.2,46.0,46.4,583000
2023-12-18,47.1,47.1,47.5,46.1,46.1,340000
2023-12-19,46.7,46.7,47.3,46.2,47.3,328000
2023-12-20,48.2,48.2,49.95,47.0,47.0,809000
2023-12-21,46.75,46.75,49.15,46.55,47.95,795000
2023-12-22,45.6,45.6,47.35,45.55,47.35,589000
2023-12-25,43.35,43.35,45.15,42.1,45.1,1291000
2023-12-26,44.45,44.45,44.55,43.1,43.1,379000
2023-12-27,44.2,44.2,44.45,43.65,44.45,349000
2023-12-28,44.5,44.5,45.35,44.3,44.3,408000
2023-12-29,44.8,44.8,46.0,44.3,44.5,413000
2024-01-02,43.8,43.8,44.9,43.3,44.8,484000
2024-01-03,43.55,43.55,44.3,43.35,43.8,256000
2024-01-04,42.8,42.8,43.6,42.5,43.6,436000
2024-01-05,43.6,43.6,43.9,43.1,43.45,243000
2024-01-08,43.1,43.1,43.85,43.1,43.7,184000
2024-01-09,42.05,42.05,43.4,41.6,43.15,358000
2024-01-10,42.55,42.55,42.7,41.9,42.05,274000
2024-01-11,42.2,42.2,43.4,41.9,42.75,268000
2024-01-12,42.2,42.2,42.5,41.85,42.0,167000
2024-01-15,43.1,43.1,43.35,42.3,42.3,262000
2024-01-16,43.5,43.5,45.6,43.25,43.5,932000
2024-01-17,42.05,42.05,43.7,42.05,43.7,502000
2024-01-18,41.3,41.3,43.2,41.1,42.05,337000
2024-01-19,41.3,41.3,41.5,40.1,41.5,737000
2024-01-22,41.75,41.75,42.0,41.15,41.5,244000
2024-01-23,41.2,41.2,42.35,41.0,41.75,279000
2024-01-24,40.85,40.85,41.4,40.75,41.2,281000
2024-01-25,40.3,40.3,40.85,40.1,40.65,357000
2024-01-26,40.2,40.2,41.0,39.5,40.2,210000
2024-01-29,40.75,40.75,40.8,39.7,40.2,250000
2024-01-30,40.1,40.1,40.6,39.85,40.3,225000
2024-01-31,40.4,40.4,40.75,40.05,40.5,242000
2024-02-01,42.2,42.2,44.05,40.4,40.4,761000
2024-02-02,40.4,40.4,42.1,40.4,42.1,574000
2024-02-05,41.65,41.65,42.2,41.0,41.4,648000
2024-02-15,41.3,41.3,42.6,40.7,42.6,397000
2024-02-16,42.2,42.2,42.5,41.3,41.3,427000
2024-02-19,42.9,42.9,43.3,42.25,42.3,391000
2024-02-20,42.5,42.5,43.4,42.35,43.4,249000
2024-02-21,42.0,42.0,43.0,41.9,42.6,252000
2024-02-22,41.4,41.4,42.1,41.35,42.1,302000
2024-02-23,40.9,40.9,41.5,40.85,41.45,213000
2024-02-26,42.55,42.55,43.0,40.95,41.0,608000
2024-02-27,42.35,42.35,42.8,41.1,42.8,428000
2024-02-29,41.6,41.6,42.5,41.55,41.65,276000
2024-03-01,41.25,41.25,41.7,41.15,41.7,165000
2024-03-04,40.75,40.75,41.4,40.6,41.4,363000
2024-03-05,40.85,40.85,41.6,40.8,41.0,239000
2024-03-06,41.35,41.35,42.2,40.8,40.85,369000
2024-03-07,41.1,41.1,41.4,40.0,41.4,591000
2024-03-08,39.55,39.55,41.0,39.5,41.0,634000
2024-03-11,39.55,39.55,39.85,39.0,39.0,174000
2024-03-12,39.65,39.65,40.15,39.55,39.55,203000
2024-03-13,38.4,38.4,39.9,37.8,39.7,549000
2024-03-14,38.7,38.7,38.8,37.6,38.3,386000
2024-03-15,37.9,37.9,38.65,37.8,38.3,263000
2024-03-18,38.3,38.3,38.3,37.55,37.9,206000
2024-03-19,37.85,37.85,38.4,37.8,38.3,191000
2024-03-20,37.8,37.8,38.3,37.8,37.95,175000
2024-03-21,38.1,38.1,38.4,37.8,38.25,152000
2024-03-22,37.4,37.4,37.9,37.2,37.85,312000
2024-03-25,40.5,40.5,40.95,37.35,37.35,895000
2024-03-26,38.6,38.6,40.6,38.6,40.6,495000
2024-03-27,38.95,38.95,39.5,38.35,38.7,254000
2024-03-28,39.1,39.1,40.3,38.85,38.95,344000
2024-03-29,38.95,38.95,39.2,38.65,39.15,153000
2024-04-01,39.7,39.7,40.2,38.95,38.95,370000
2024-04-02,39.05,39.05,39.55,39.0,39.55,185000
2024-04-03,38.95,38.95,39.55,38.75,39.05,106000
2024-04-08,39.5,39.5,40.15,38.85,38.85,249000
2024-04-09,39.3,39.3,39.6,39.05,39.3,141000
2024-04-10,39.6,39.6,40.3,39.3,39.3,259000
2024-04-11,42.0,42.0,42.45,40.0,40.0,1287000
2024-04-12,40.65,40.65,42.5,40.5,42.5,885000
2024-04-15,39.9,39.9,40.25,39.55,39.7,318000
2024-04-16,38.4,38.4,39.9,38.35,39.9,416000
2024-04-17,39.05,39.05,39.8,39.0,39.55,225000
2024-04-18,38.8,38.8,39.1,38.5,39.0,256000
2024-04-19,37.95,37.95,38.8,37.0,38.5,532000
2024-04-22,38.0,38.0,38.8,37.8,37.8,222000
2024-04-23,38.6,38.6,38.85,38.1,38.1,156000
2024-04-24,38.75,38.75,38.85,38.55,38.6,160000
2024-04-25,38.75,38.75,39.2,38.6,39.2,156000
2024-04-26,38.65,38.65,40.2,38.65,40.2,243000
2024-04-29,38.95,38.95,39.2,38.65,39.2,172000
2024-04-30,38.7,38.7,39.25,38.5,39.25,132000
2024-05-02,39.1,39.1,39.35,38.6,38.8,182000
2024-05-03,39.2,39.2,39.2,38.85,38.85,163000
2024-05-06,40.5,40.5,40.7,39.0,39.25,424000
2024-05-07,39.3,39.3,40.6,39.15,40.6,402000
2024-05-08,39.4,39.4,39.8,39.3,39.3,120000
2024-05-09,39.05,39.05,39.5,39.05,39.4,145000
2024-05-10,39.0,39.0,39.2,38.6,39.1,126000
2024-05-13,38.65,38.65,39.4,38.6,39.0,185000
2024-05-14,39.5,39.5,39.5,38.65,38.65,169000
2024-05-15,39.75,39.75,40.35,39.6,39.9,419000
2024-05-16,39.7,39.7,40.0,39.15,39.9,196000
2024-05-17,42.0,42.0,42.35,39.4,39.7,1202000
2024-05-20,41.0,41.0,42.1,40.4,42.1,554000
2024-05-21,41.75,41.75,42.3,40.9,41.0,468000
2024-05-22,45.2,45.2,45.9,41.5,42.0,1699000
2024-05-23,42.65,42.65,44.5,42.65,44.5,1059000
2024-05-24,42.9,42.9,44.15,42.15,42.25,642000
2024-05-27,42.15,42.15,43.0,41.7,43.0,422000
2024-05-28,43.3,43.3,43.3,41.9,42.55,310000
2024-05-29,43.9,43.9,44.3,43.2,43.8,926000
2024-05-30,42.1,42.1,44.0,42.1,44.0,575000
2024-05-31,43.1,43.1,43.7,42.0,42.0,457000
2024-06-03,43.25,43.25,44.5,43.25,43.5,542000
2024-06-04,43.35,43.35,44.5,43.3,43.3,401000
2024-06-05,43.7,43.7,43.9,42.5,43.9,466000
2024-06-06,42.9,42.9,43.9,42.4,43.9,605000
2024-06-07,44.4,44.4,44.45,42.75,42.9,735000
2024-06-11,45.7,45.7,48.2,44.5,45.0,1813000
2024-06-12,46.65,46.65,46.7,44.15,45.8,1296000
2024-06-13,45.15,45.15,47.0,45.15,47.0,746000
2024-06-14,44.4,44.4,45.55,44.3,45.1,585000
2024-06-17,45.7,45.7,46.0,44.4,44.4,530000
2024-06-18,44.85,44.85,46.4,44.75,45.9,491000
2024-06-19,44.6,44.6,45.5,44.25,45.2,426000
2024-06-20,44.2,44.2,44.95,44.0,44.7,447000
2024-06-21,43.3,43.3,45.4,43.3,44.4,452000
2024-06-24,43.15,43.15,43.7,42.7,43.05,281000
2024-06-25,43.1,43.1,43.2,42.65,43.2,216000
2024-06-26,44.3,44.3,44.75,43.1,43.1,449000
2024-06-27,44.3,44.3,45.5,44.2,44.65,468000
2024-06-28,45.65,45.65,46.6,44.45,44.45,859000
2024-07-01,46.6,46.6,46.85,45.35,45.9,866000
2024-07-02,45.7,45.7,46.75,45.6,46.6,449000
2024-07-03,44.95,44.95,46.45,44.8,45.8,365000
2024-07-04,44.35,44.35,45.3,44.2,45.1,435000
2024-07-05,44.8,44.8,45.25,44.4,44.4,220000
2024-07-08,46.25,46.25,46.6,44.9,45.0,768000
2024-07-09,44.4,44.4,46.3,43.8,46.3,746000
2024-07-10,44.25,44.25,44.95,44.2,44.2,242000
2024-07-11,43.5,43.5,44.25,43.0,44.05,707000
2024-07-12,43.3,43.3,44.05,43.25,43.6,260000
2024-07-15,43.25,43.25,43.9,42.8,43.3,273000
2024-07-16,42.95,42.95,43.65,42.85,43.65,223000
2024-07-17,43.6,43.6,43.9,43.0,43.05,228000
2024-07-18,43.55,43.55,43.9,43.25,43.4,185000
2024-07-19,42.1,42.1,43.8,42.0,43.8,456000
2024-07-22,41.6,41.6,42.85,41.35,42.1,409000
2024-07-23,42.35,42.35,43.0,41.65,41.65,243000
2024-07-26,41.7,41.7,42.3,41.65,41.65,123000
2024-07-29,40.5,40.5,42.35,40.3,42.35,238000
2024-07-30,40.85,40.85,40.85,39.75,39.75,179000
2024-07-31,40.6,40.6,40.95,40.0,40.4,141000
2024-08-01,40.9,40.9,41.1,40.6,40.6,120000
2024-08-02,39.35,39.35,40.6,39.35,40.55,253000
2024-08-05,35.45,35.45,39.0,35.45,39.0,514000
2024-08-06,34.8,34.8,36.75,33.6,35.6,240000
2024-08-07,36.8,36.8,37.25,35.5,35.8,311000
2024-08-08,36.95,36.95,37.45,36.25,37.4,118000
2024-08-09,36.9,36.9,37.8,36.9,37.2,175000
2024-08-12,37.4,37.4,38.0,36.7,37.0,114000
2024-08-13,37.4,37.4,37.9,36.95,37.9,183000
2024-08-14,37.2,37.2,38.2,37.15,37.55,109000
2024-08-15,37.85,37.85,37.9,37.25,37.5,188000
2024-08-16,38.5,38.5,38.5,37.6,38.35,179000
2024-08-19,38.8,38.8,38.8,38.5,38.5,83000
2024-08-20,38.8,38.8,39.4,38.5,39.4,176000
2024-08-21,38.45,38.45,38.85,38.1,38.1,86000
2024-08-22,38.6,38.6,39.0,38.35,39.0,94000
2024-08-23,38.15,38.15,38.5,37.7,38.15,108000
2024-08-26,38.65,38.65,39.35,38.15,38.4,95000
2024-08-27,38.4,38.4,38.75,38.1,38.55,96000
2024-08-28,38.7,38.7,38.8,38.2,38.25,105000
2024-08-29,38.5,38.5,38.55,38.1,38.5,150000
2024-08-30,38.6,38.6,38.8,38.4,38.5,59000
2024-09-02,38.5,38.5,38.9,38.2,38.8,87000
2024-09-03,37.75,37.75,38.65,37.7,38.55,123000
2024-09-04,36.35,36.35,36.9,35.3,36.3,151000
2024-09-05,36.25,36.25,36.8,36.0,36.5,68000
2024-09-06,36.45,36.45,37.0,36.05,36.25,76000
2024-09-09,36.1,36.1,36.4,35.85,36.4,57000
2024-09-10,35.7,35.7,37.2,35.65,36.1,85000
2024-09-11,35.6,35.6,35.95,35.6,35.7,70000
2024-09-12,35.85,35.85,36.4,35.5,35.85,68000
2024-09-13,35.3,35.3,35.85,35.3,35.85,153000
2024-09-16,35.1,35.1,35.4,34.8,35.4,115000
2024-09-18,38.6,38.6,38.6,35.7,35.7,441000
2024-09-19,39.55,39.55,40.45,38.8,39.0,1320000
2024-09-20,39.2,39.2,39.9,39.0,39.9,545000
2024-09-23,38.55,38.55,39.2,38.4,39.1,236000
2024-09-24,37.9,37.9,38.3,37.6,38.3,265000
2024-09-25,37.85,37.85,38.3,37.5,38.05,212000
2024-09-26,38.2,38.2,38.2,37.45,37.85,229000
2024-09-27,38.2,38.2,38.35,37.85,38.2,187000
2024-09-30,38.5,38.5,38.9,38.0,38.2,185000
2024-10-01,38.5,38.5,38.5,37.85,38.5,114000
2024-10-04,37.8,37.8,39.0,37.6,38.05,147000
2024-10-07,37.65,37.65,38.0,37.4,37.65,124000
2024-10-08,37.35,37.35,38.0,37.3,37.65,97000
2024-10-09,36.8,36.8,37.6,36.6,37.45,180000
2024-10-11,37.85,37.85,39.4,37.15,37.15,350000
2024-10-14,37.5,37.5,38.5,37.1,38.5,128000
2024-10-15,37.55,37.55,38.0,37.5,38.0,137000
2024-10-16,37.7,37.7,37.7,37.35,37.4,91000
2024-10-17,37.7,37.7,38.0,37.65,37.75,82000
2024-10-18,37.15,37.15,38.05,37.05,38.05,162000
2024-10-21,37.3,37.3,37.45,37.15,37.15,109000
2024-10-22,37.25,37.25,37.65,37.0,37.3,105000
2024-10-23,36.95,36.95,37.3,36.9,37.2,160000
2024-10-24,36.8,36.8,37.35,36.7,37.35,130000
2024-10-25,36.85,36.85,37.1,36.65,37.1,69000
2024-10-28,36.3,36.3,36.85,36.15,36.7,81000
2024-10-29,36.95,36.95,36.95,35.95,36.7,146000
2024-10-30,36.6,36.6,36.95,36.2,36.95,107000
2024-11-01,37.1,37.1,37.1,36.0,36.0,112000
2024-11-04,36.9,36.9,37.1,36.6,37.1,69000
2024-11-05,37.25,37.25,37.5,36.7,37.5,73000
2024-11-06,36.95,36.95,37.2,36.5,37.0,164000
2024-11-07,36.8,36.8,37.4,36.8,37.4,141000
2024-11-08,36.7,36.7,36.95,36.4,36.9,111000
2024-11-11,36.2,36.2,36.85,35.95,36.5,168000
2024-11-12,35.25,35.25,36.2,35.05,36.2,228000
2024-11-13,35.2,35.2,35.7,35.0,35.7,145000
2024-11-14,34.4,34.4,35.2,34.05,35.2,319000
2024-11-15,34.6,34.6,34.7,34.3,34.3,126000
2024-11-18,33.75,33.75,34.6,33.75,34.6,168000
2024-11-19,34.35,34.35,34.7,33.9,34.0,94000
2024-11-20,34.25,34.25,34.7,34.0,34.7,145000
2024-11-21,34.5,34.5,34.5,34.15,34.25,56000
2024-11-22,34.5,34.5,35.0,34.25,34.25,75000
2024-11-25,34.95,34.95,35.05,34.65,34.95,83000
2024-11-26,34.95,34.95,35.3,34.5,34.65,62000
2024-11-27,34.9,34.9,36.75,34.75,34.95,127000
2024-11-28,34.15,34.15,34.8,34.1,34.8,116000
2024-11-29,35.05,35.05,35.2,34.2,34.85,154000
2024-12-02,35.2,35.2,35.25,34.65,35.25,71000
2024-12-03,34.75,34.75,35.15,34.5,35.15,143000
2024-12-04,34.6,34.6,34.8,34.3,34.75,65000
2024-12-05,34.4,34.4,34.75,34.25,34.75,57000
2024-12-06,34.45,34.45,34.7,34.3,34.5,73000
2024-12-09,34.4,34.4,34.4,33.85,33.85,98000
2024-12-10,34.6,34.6,34.6,33.95,34.3,94000
2024-12-11,33.25,33.25,34.1,33.2,34.05,184000
2024-12-12,33.2,33.2,33.6,33.1,33.4,135000
2024-12-13,31.75,31.75,33.1,31.75,33.1,357000
2024-12-16,31.0,31.0,32.5,29.5,32.0,267000
2024-12-17,32.0,32.0,32.3,30.5,31.0,97000
2024-12-18,32.0,32.0,32.0,31.5,31.5,55000
2024-12-19,31.7,31.7,31.7,31.5,31.6,44000
2024-12-20,31.5,31.5,32.15,31.0,32.15,80000
2024-12-23,31.8,31.8,32.3,31.0,32.0,65000
2024-12-24,31.7,31.7,32.1,31.55,31.8,37000
2024-12-25,31.8,31.8,31.8,31.3,31.3,58000
2024-12-26,32.9,32.9,33.5,31.8,31.8,195000
2024-12-27,32.8,32.8,32.9,32.15,32.9,106000
2024-12-30,32.4,32.4,32.8,32.35,32.8,35000
2024-12-31,32.4,32.4,32.4,31.0,32.3,235000
2025-01-02,32.5,32.5,32.5,31.8,31.95,67000
2025-01-03,32.5,32.5,33.0,32.0,33.0,85000
2025-01-06,32.4,32.4,32.5,32.15,32.2,70000
2025-01-07,32.5,32.5,32.5,31.85,32.4,108000
2025-01-08,32.7,32.7,33.0,32.3,32.5,114000
2025-01-09,33.2,33.2,33.75,31.9,32.7,307000
2025-01-10,34.3,34.3,36.2,33.65,34.0,699000
2025-01-13,34.2,34.2,36.5,33.7,35.35,641000
2025-01-14,33.4,33.4,34.1,32.3,34.1,318000
2025-01-15,33.0,33.0,33.6,32.25,33.45,162000
2025-01-16,32.6,32.6,33.0,32.5,32.65,85000
2025-01-17,32.6,32.6,32.6,32.1,32.5,109000
2025-01-20,32.6,32.6,32.7,32.0,32.6,132000
2025-01-21,32.55,32.55,32.8,32.0,32.8,85000
2025-01-22,32.75,32.75,33.0,32.3,32.6,95000
2025-02-03,36.0,36.0,36.0,34.5,35.0,427000
2025-02-04,38.1,38.1,39.6,37.9,39.6,1961000
2025-02-05,36.15,36.15,36.45,34.65,34.65,982000
2025-02-06,36.0,36.0,36.15,35.0,36.0,452000
2025-02-07,36.2,36.2,36.45,36.0,36.25,207000
2025-02-10,35.25,35.25,36.25,35.1,36.2,188000
2025-02-11,34.8,34.8,35.4,34.4,35.35,215000
2025-02-12,34.8,34.8,35.2,34.6,34.75,140000
2025-02-13,35.65,35.65,35.65,34.7,35.0,155000
2025-02-14,35.7,35.7,35.9,35.15,35.65,120000
2025-02-17,35.5,35.5,35.75,35.35,35.6,102000
2025-02-18,35.5,35.5,35.65,35.2,35.5,103000
2025-02-19,35.4,35.4,35.6,35.05,35.35,104000
2025-02-20,35.6,35.6,35.6,35.2,35.3,99000
2025-02-21,35.7,35.7,36.15,35.5,35.6,167000
2025-02-24,37.0,37.0,38.0,36.0,36.0,678000
2025-02-25,36.15,36.15,37.2,36.15,37.1,276000
2025-02-26,36.0,36.0,36.15,35.75,36.15,90000
2025-02-27,35.4,35.4,36.05,35.3,36.0,138000
2025-03-03,35.5,35.5,36.55,34.7,35.4,155000
2025-03-04,35.55,35.55,35.55,34.55,35.0,75000
2025-03-05,36.2,36.2,36.2,35.05,35.05,102000
2025-03-06,35.4,35.4,35.75,35.4,35.6,70000
2025-03-07,35.0,35.0,35.6,35.0,35.6,103000
2025-03-10,34.95,34.95,35.05,34.65,35.05,69000
2025-03-11,34.4,34.4,34.95,33.85,34.4,185000
2025-03-12,34.95,34.95,35.0,34.4,34.45,75000
2025-03-13,34.55,34.55,35.45,34.45,34.95,89000
2025-03-14,34.95,34.95,35.05,34.45,34.6,78000
2025-03-17,35.1,35.1,35.65,34.9,35.0,94000
2025-03-18,35.45,35.45,35.8,35.1,35.1,123000
2025-03-19,35.4,35.4,36.0,35.25,35.45,153000
2025-03-20,35.4,35.4,35.75,35.3,35.4,70000
2025-03-21,35.5,35.5,35.85,35.2,35.2,86000
2025-03-24,34.6,34.6,35.45,34.6,35.4,111000
2025-03-25,34.3,34.3,34.8,34.25,34.65,82000
2025-03-26,34.5,34.5,34.6,33.95,34.3,100000
2025-03-27,34.85,34.85,35.65,34.5,35.4,272000
2025-03-28,33.4,33.4,34.35,33.4,34.35,209000
2025-03-31,31.75,31.75,33.2,31.3,33.2,335000
2025-04-01,31.85,31.85,32.4,31.65,31.75,256000
2025-04-02,31.9,31.9,32.15,31.65,31.8,64000
2025-04-07,28.75,28.75,28.75,28.75,28.75,119000
2025-04-08,26.25,26.25,28.5,25.95,26.2,424000
2025-04-09,23.65,23.65,26.3,23.65,26.3,525000
2025-04-10,25.95,25.95,26.0,25.1,26.0,482000
2025-04-11,27.0,27.0,27.2,25.5,26.3,376000
2025-04-14,27.8,27.8,28.2,27.35,27.8,202000
2025-04-15,29.3,29.3,29.5,27.8,27.8,146000
2025-04-16,30.2,30.2,30.8,28.5,29.3,274000
2025-04-17,29.85,29.85,30.7,29.1,30.2,169000
2025-04-18,29.4,29.4,29.95,29.15,29.5,71000
2025-04-21,28.3,28.3,29.25,28.3,29.25,96000
2025-04-22,28.35,28.35,28.35,26.55,26.55,119000
2025-04-23,28.7,28.7,29.2,28.5,28.95,66000
2025-04-24,28.9,28.9,29.15,28.4,29.15,40000
2025-04-25,29.0,29.0,29.25,28.5,29.0,126000
2025-04-28,29.1,29.1,29.5,28.5,28.5,107000
2025-04-29,29.55,29.55,29.6,29.3,29.3,51000
2025-04-30,31.45,31.45,32.3,29.6,29.6,319000
2025-05-02,30.45,30.45,31.5,30.3,31.45,219000
2025-05-05,29.2,29.2,30.75,29.15,30.75,118000
2025-05-06,29.7,29.7,29.95,28.9,28.9,66000
2025-05-07,29.35,29.35,29.7,29.1,29.3,99000
2025-05-08,30.2,30.2,30.75,29.4,29.4,143000
2025-05-09,29.85,29.85,30.0,29.55,29.85,117000
2025-05-12,30.15,30.15,30.15,29.2,29.2,137000
2025-05-13,30.5,30.5,31.1,30.05,31.05,193000
2025-05-14,30.4,30.4,30.9,30.3,30.9,177000
2025-05-15,31.15,31.15,31.2,30.1,30.6,331000
2025-05-16,31.85,31.85,32.4,31.2,31.5,249000
2025-05-19,33.45,33.45,34.5,32.45,32.45,542000
2025-05-20,31.8,31.8,33.2,31.7,33.2,429000
2025-05-21,31.9,31.9,32.5,31.6,31.6,71000
2025-05-22,31.3,31.3,31.65,31.2,31.35,127000
2025-05-23,31.6,31.6,31.6,31.2,31.6,97000
2025-05-26,31.35,31.35,31.9,31.35,31.7,102000
2025-05-27,30.9,30.9,31.8,30.9,31.35,85000
2025-05-28,31.55,31.55,31.7,31.0,31.4,71000
2025-05-29,31.0,31.0,31.9,31.0,31.6,76000
2025-06-02,30.7,30.7,31.05,30.6,31.0,108000
2025-06-03,30.5,30.5,31.5,30.5,30.9,69000
2025-06-04,31.35,31.35,32.4,30.8,31.0,150000
2025-06-05,31.0,31.0,31.8,30.95,31.2,118000
2025-06-06,31.0,31.0,31.05,30.7,31.05,47000
2025-06-09,30.8,30.8,31.1,30.6,31.1,78000
2025-06-10,31.0,31.0,31.0,30.75,30.8,74000
2025-06-11,31.0,31.0,31.3,30.7,31.3,52000
2025-06-12,31.05,31.05,31.25,30.6,30.6,57000
2025-06-13,30.75,30.75,31.3,30.75,30.85,99000
2025-06-16,30.2,30.2,31.0,29.8,31.0,150000
2025-06-17,30.4,30.4,30.5,29.7,30.2,93000
2025-06-18,31.35,31.35,31.8,29.8,30.4,111000
2025-06-19,30.35,30.35,31.35,29.95,31.35,172000
2025-06-20,30.3,30.3,30.7,29.7,30.35,75000
2025-06-23,29.95,29.95,30.0,29.2,29.8,124000
2025-06-24,30.25,30.25,30.7,29.85,30.0,91000
2025-06-25,30.55,30.55,31.25,30.5,31.25,93000
2025-06-26,30.55,30.55,30.55,30.15,30.4,34000
2025-06-27,30.7,30.7,30.9,30.15,30.6,100000
2025-06-30,30.2,30.2,30.8,30.15,30.8,55000
2025-07-01,30.4,30.4,30.45,29.9,30.0,82000
2025-07-02,30.7,30.7,30.75,29.8,30.35,104000
2025-07-03,30.7,30.7,30.75,30.25,30.7,65000
2025-07-04,30.65,30.65,30.95,30.3,30.95,90000
2025-07-07,30.15,30.15,30.2,29.8,30.1,70000
2025-07-08,30.0,30.0,30.4,29.6,30.4,63000
2025-07-09,29.95,29.95,30.1,29.7,30.0,51000
2025-07-10,29.95,29.95,30.35,29.5,29.95,79000
2025-07-11,30.25,30.25,30.25,29.8,29.95,86000
2025-07-14,30.35,30.35,30.4,29.75,30.35,78000
2025-07-15,30.3,30.3,30.3,29.8,30.0,56000
2025-07-16,30.25,30.25,30.3,29.9,29.95,53000
2025-07-17,30.7,30.7,30.75,30.1,30.15,83000
2025-07-18,30.8,30.8,30.95,30.6,30.8,52000
2025-07-21,30.95,30.95,31.6,30.8,30.95,91000
2025-07-22,30.4,30.4,30.8,30.0,30.8,70000
2025-07-23,30.6,30.6,30.85,30.4,30.8,47000
2025-07-24,30.6,30.6,30.6,30.3,30.6,83000
2025-07-25,31.15,31.15,31.15,30.5,30.6,116000
2025-07-28,31.3,31.3,31.3,30.6,31.15,104000
2025-07-29,31.25,31.25,31.55,30.8,31.25,80000
2025-07-30,31.0,31.0,31.1,30.65,30.65,46000
2025-07-31,30.7,30.7,30.95,30.4,30.8,77000
2025-08-01,30.95,30.95,31.0,30.2,30.2,74000
2025-08-04,31.0,31.0,31.05,30.7,30.7,93000
2025-08-05,31.1,31.1,31.3,30.95,31.0,130000
2025-08-06,31.1,31.1,31.15,30.8,31.1,63000
2025-08-07,31.0,31.0,31.25,30.7,31.25,106000
2025-08-08,31.0,31.0,31.0,30.5,30.7,67000
2025-08-11,30.9,30.9,31.0,30.3,31.0,125000
2025-08-12,30.45,30.45,30.7,29.9,30.7,314000
2025-08-13,30.4,30.4,30.45,30.0,30.45,147000
2025-08-14,30.5,30.5,30.5,30.1,30.1,97000
2025-08-15,30.4,30.4,30.4,30.05,30.15,160000
2025-08-18,30.15,30.15,30.35,30.05,30.2,159000
2025-08-19,29.85,29.85,30.15,29.85,30.1,164000
2025-08-20,29.85,29.85,30.15,29.1,29.85,246000
2025-08-21,30.25,30.25,30.35,29.55,30.15,156000
2025-08-22,30.2,30.2,30.3,29.8,30.25,69000
2025-08-25,30.15,30.15,30.4,30.0,30.1,107000
2025-08-26,29.9,29.9,30.1,29.85,30.1,90000
2025-08-27,30.1,30.1,30.25,29.75,30.25,188000
2025-08-28,30.1,30.1,30.2,29.95,30.1,84000
2025-08-29,30.05,30.05,30.1,29.7,30.1,148000
2025-09-01,29.2,29.2,29.9,29.1,29.9,173000
2025-09-02,29.45,29.45,29.6,29.25,29.5,99000
2025-09-03,29.45,29.45,29.7,29.25,29.5,81000
2025-09-04,29.75,29.75,29.9,29.5,29.9,89000
2025-09-05,29.9,29.9,30.1,29.4,29.5,110000
2025-09-08,29.9,29.9,30.1,29.4,29.8,114000
2025-09-09,29.75,29.75,29.75,29.55,29.55,21000
2025-09-10,29.65,29.65,29.75,29.35,29.75,86000
2025-09-11,29.0,29.0,29.65,28.95,29.65,236000
2025-09-12,29.0,29.0,29.0,28.7,28.7,84000
2025-09-15,28.6,28.6,29.0,28.4,29.0,110000
2025-09-16,28.55,28.55,28.6,28.2,28.6,122000
2025-09-17,28.75,28.75,28.9,28.4,28.85,55000
2025-09-18,29.2,29.2,29.2,28.75,28.8,169000
2025-09-19,29.25,29.25,29.45,28.55,29.45,107000
2025-09-22,28.95,28.95,29.15,28.65,29.15,37000
2025-09-23,28.6,28.6,28.85,28.6,28.75,83000
2025-09-24,29.1,29.1,29.3,28.6,28.6,134000
2025-09-25,29.05,29.05,29.1,28.75,28.9,72000
2025-09-26,28.95,28.95,29.25,28.4,29.25,125000
2025-09-30,29.0,29.0,29.0,28.5,28.9,73000
2025-10-01,29.0,29.0,29.0,28.75,28.75,61000
2025-10-02,29.0,29.0,29.15,28.5,29.15,122000
2025-10-03,28.85,28.85,28.85,28.55,28.65,61000
2025-10-07,28.35,28.35,28.85,28.25,28.85,296000
2025-10-08,28.6,28.6,28.6,28.0,28.35,234000
2025-10-09,28.8,28.8,28.8,28.15,28.2,122000
2025-10-13,28.4,28.4,28.4,28.1,28.1,100000
2025-10-14,28.4,28.4,28.6,28.0,28.3,186000
2025-10-15,29.2,29.2,29.7,28.6,28.6,310000
2025-10-16,29.25,29.25,29.3,28.85,29.0,150000
2025-10-17,29.7,29.7,29.7,29.0,29.25,481000
2025-10-20,29.15,29.15,29.5,28.95,29.2,268000
2025-10-21,29.4,29.4,29.4,29.15,29.15,138000
2025-10-22,30.1,30.1,30.5,29.4,29.4,279000
2025-10-23,29.9,29.9,30.1,29.65,30.05,76000
2025-10-27,29.95,29.95,30.0,29.5,30.0,120000
2025-10-28,29.7,29.7,29.8,29.45,29.65,84000
2025-10-29,29.55,29.55,29.7,29.2,29.2,111000
2025-10-30,29.3,29.3,29.55,29.1,29.55,69000
2025-10-31,29.45,29.45,29.6,29.15,29.35,88000
2025-11-03,29.4,29.4,29.4,29.15,29.3,86000
2025-11-04,28.8,28.8,29.5,28.8,29.5,101000
2025-11-05,28.6,28.6,28.9,28.2,28.9,135000
2025-11-06,28.75,28.75,28.75,28.2,28.2,61000
2025-11-07,31.0,31.0,31.3,28.75,28.75,870000
2025-11-10,29.95,29.95,30.95,29.55,30.5,284000
2025-11-11,29.75,29.75,29.9,29.25,29.65,184000
2025-11-12,29.8,29.8,29.8,29.25,29.45,173000
2025-11-13,29.9,29.9,29.9,29.5,29.75,100000
2025-11-14,29.95,29.95,30.5,29.45,29.45,143000
2025-11-17,29.7,29.7,30.15,29.3,30.15,149000
2025-11-18,28.8,28.8,29.5,28.8,29.5,166000
2025-11-19,28.85,28.85,28.95,28.5,28.95,82000
2025-11-20,29.0,29.0,29.25,28.7,29.2,167000
2025-11-21,29.8,29.8,30.55,28.9,29.3,378000
2025-11-24,30.2,30.2,30.5,29.8,30.15,239000
2025-11-25,30.15,30.15,30.35,29.6,30.35,168000
2025-11-26,30.05,30.05,30.2,30.0,30.1,169000
2025-11-27,30.2,30.2,30.2,29.75,29.9,99000
2025-11-28,30.3,30.3,30.65,29.85,30.4,284000
2025-12-01,31.3,31.3,33.0,30.45,30.45,981000
2025-12-02,31.35,31.35,31.7,31.0,31.3,257000
2025-12-03,30.95,30.95,31.55,30.7,31.5,305000
2025-12-04,30.9,30.9,31.3,30.8,31.1,147000
2025-12-05,31.05,31.05,31.35,30.55,31.0,184000
2025-12-08,30.5,30.5,31.05,30.5,31.05,287000
2025-12-09,30.75,30.75,30.85,30.25,30.4,151000
2025-12-10,30.9,30.9,31.1,30.45,30.5,88000
2025-12-11,30.1,30.1,30.85,30.1,30.85,248000
2025-12-12,30.75,30.75,30.8,30.15,30.4,201000
2025-12-15,31.8,31.8,32.5,31.2,32.3,647000
2025-12-16,32.35,32.35,33.45,31.9,32.8,716000
2025-12-17,32.0,32.0,32.8,31.65,32.8,323000
2025-12-18,31.95,31.95,32.15,31.55,31.8,149000
2025-12-19,31.55,31.55,32.05,31.5,31.9,212000
2025-12-22,31.7,31.7,31.75,31.2,31.55,238000
2025-12-23,31.8,31.8,32.5,31.75,31.85,264000
2025-12-24,31.8,31.8,32.2,31.5,31.75,263000
2025-12-26,32.45,32.45,32.5,31.65,31.8,280000
2025-12-29,32.7,32.7,33.2,32.7,32.85,288000
2025-12-30,32.9,32.9,33.0,32.0,32.7,298000
2025-12-31,32.4,32.4,33.1,32.35,33.1,205000
2026-01-02,32.7,32.7,33.0,32.2,32.4,178000
2026-01-05,31.8,31.8,33.75,31.55,32.85,368000
2026-01-06,31.85,31.85,32.25,31.8,31.8,192000
2026-01-07,31.65,31.65,32.15,31.65,31.85,233000
2026-01-08,32.2,32.2,32.35,31.3,31.95,310000
2026-01-09,32.25,32.25,32.3,31.55,32.2,236000
2026-01-12,31.9,31.9,32.35,31.85,32.25,124000
2026-01-13,31.9,31.9,32.2,31.4,32.2,264000
2026-01-14,32.65,32.65,33.25,31.9,32.1,449000
2026-01-15,32.75,32.75,33.15,32.2,32.65,215000
2026-01-16,32.8,32.8,33.75,32.7,33.05,296000
2026-01-19,33.2,33.2,33.5,32.9,33.45,326000
2026-01-20,32.5,32.5,33.3,32.5,33.2,243000
2026-01-21,31.7,31.7,32.5,31.7,32.15,266000
2026-01-22,31.85,31.85,31.95,31.6,31.75,163000
2026-01-23,32.8,32.8,32.95,31.75,31.85,287000
2026-01-26,32.6,32.6,33.5,32.55,32.8,225000
2026-01-27,33.75,33.75,34.35,32.65,32.65,574000
2026-01-28,32.85,32.85,35.05,32.6,33.9,723000
2026-01-29,32.75,32.75,34.15,32.75,34.15,449000
2026-01-30,32.75,32.75,33.05,32.0,32.75,244000
2026-02-02,31.95,31.95,32.9,31.95,32.75,242000
2026-02-03,32.1,32.1,32.4,31.6,32.05,224000
2026-02-04,32.1,32.1,32.15,31.85,32.05,116000
2026-02-05,32.05,32.05,32.5,31.7,32.35,148000
2026-02-06,31.6,31.6,32.3,31.1,32.3,280000
2026-02-09,31.6,31.6,32.15,31.55,32.0,147000
2026-02-10,32.15,32.15,32.3,31.7,31.95,163000
2026-02-11,31.7,31.7,32.25,31.35,32.2,585000
2026-02-23,31.1,31.1,31.75,31.05,31.7,272000
2026-02-24,30.35,30.35,31.25,30.2,31.2,336000
2026-02-25,30.05,30.05,30.8,30.05,30.8,279000
2026-02-26,30.15,30.15,30.65,29.8,30.6,462000
2026-03-02,30.2,30.2,30.6,29.8,30.15,290000
2026-03-03,30.25,30.25,30.5,29.75,30.5,234000
2026-03-04,29.35,29.35,30.2,29.0,30.2,341000
2026-03-05,29.9,29.9,30.15,29.6,29.6,219000
2026-03-06,30.15,30.15,30.2,29.8,29.9,173000
2026-03-09,29.8,29.8,30.0,28.95,30.0,394000
2026-03-10,30.3,30.3,30.55,29.65,30.0,251000
2026-03-11,29.85,29.85,30.4,29.85,30.05,167000
2026-03-12,29.5,29.5,29.95,29.4,29.95,147000
2026-03-13,29.5,29.5,30.1,29.3,29.4,281000
2026-03-16,29.4,29.4,29.55,29.2,29.2,142000
2026-03-17,29.8,29.8,29.85,29.3,29.4,223000
2026-03-18,32.75,32.75,32.75,32.75,32.75,377000
2026-03-19,35.0,35.0,35.95,34.0,35.25,2431000
2026-03-20,32.5,32.5,35.9,32.35,35.65,1347000
2026-03-23,33.25,33.25,34.2,31.1,31.55,731000
2026-03-24,32.6,32.6,33.9,32.0,33.6,540000
2026-03-25,32.8,32.8,33.2,32.25,32.7,259000
2026-03-26,31.75,31.75,32.9,31.5,32.8,425000
2026-03-27,32.2,32.2,32.3,31.7,31.7,187000
2026-03-30,32.1,32.1,32.45,31.65,32.1,283000
2026-03-31,31.6,31.6,32.55,31.4,32.45,422000
2026-04-01,31.95,31.95,32.0,31.6,31.9,161000
2026-04-02,32.1,32.1,32.6,31.9,32.25,372000
2026-04-07,32.95,32.95,33.9,32.25,33.4,311000
2026-04-08,33.0,33.0,33.25,32.35,32.95,234000
2026-04-09,32.9,32.9,33.25,32.2,33.25,236000
2026-04-10,32.0,32.0,32.9,31.75,32.75,362000
2026-04-13,31.7,31.7,31.8,31.35,31.5,160000
2026-04-14,31.45,31.45,31.7,31.15,31.6,272000
2026-04-15,31.25,31.25,31.7,31.15,31.55,179000
2026-04-16,31.4,31.4,31.4,30.95,31.3,243000
2026-04-17,30.5,30.5,31.4,30.4,31.4,392000
2026-04-20,30.8,30.8,31.05,30.05,30.25,400000
2026-04-21,30.6,30.6,30.8,30.05,30.8,288000
2026-04-22,30.25,30.25,30.6,30.15,30.6,118000
2026-04-23,29.85,29.85,30.4,29.3,30.25,307000
2026-04-24,31.9,31.9,32.8,30.05,30.05,1556000
2026-04-27,35.05,35.05,35.05,31.8,31.95,2314000
2026-04-28,33.15,33.15,35.9,33.15,34.9,2087000
2026-04-29,33.65,33.65,34.7,33.15,33.35,665000
2026-04-30,32.95,32.95,34.25,32.5,33.65,653000
2026-05-04,33.15,33.15,33.15,32.35,33.0,327000
2026-05-05,33.3,33.3,33.3,32.7,32.95,350000
2026-05-06,33.15,33.15,33.4,32.7,33.0,367000
2026-05-07,33.1,33.1,33.2,32.45,33.15,320000
2026-05-08,33.05,33.05,34.6,32.7,33.45,404000
2026-05-11,32.6,32.6,33.0,32.5,32.85,264000
2026-05-12,31.8,31.8,32.6,31.6,32.6,330000
2026-05-13,31.15,31.15,31.8,31.05,31.8,160000
2026-05-14,31.2,31.2,31.7,31.05,31.2,271000
2026-05-15,33.6,33.6,34.3,32.95,32.95,1927000
2026-05-18,36.95,36.95,36.95,33.05,33.85,3277000
2026-05-19,35.5,35.5,37.3,35.0,35.95,1719000
2026-05-20,37.25,37.25,37.7,35.8,35.8,1328000
2026-05-21,39.7,39.7,40.95,36.2,36.2,1738000
2026-05-22,37.25,37.25,43.6,37.25,43.6,3735000
2026-05-25,35.9,35.9,38.0,35.35,38.0,1409000
2026-05-26,36.15,36.15,36.6,35.35,36.5,681000
2026-05-27,34.65,34.65,36.3,34.25,36.15,1189000
2026-05-28,33.1,33.1,35.0,32.85,34.35,668000
2026-05-29,32.7,32.7,33.6,32.7,33.4,713000
2026-06-01,32.45,32.45,33.0,32.1,32.85,623000
2026-06-02,32.6,32.6,33.15,32.25,32.45,554000
2026-06-03,32.0,32.0,32.95,31.95,32.7,872000
2026-06-04,33.3,33.3,33.75,32.3,33.65,1168000
2026-06-05,32.05,32.05,33.55,31.95,33.55,734000
2026-06-08,30.95,30.95,31.4,30.35,30.4,528000
2026-06-09,34.0,34.0,34.0,32.0,32.5,683000
2026-06-10,33.15,33.15,35.5,32.95,35.5,1925000
2026-06-11,32.85,32.85,33.5,32.6,33.15,628000
2026-06-12,33.45,33.45,34.25,33.05,33.25,707000
2026-06-15,33.35,33.35,33.95,32.95,33.95,464000
2026-06-16,33.3,33.3,34.0,32.9,33.8,523000
2026-06-17,33.4,33.4,33.5,33.0,33.3,253000
2026-06-18,33.55,33.55,34.4,33.4,33.65,646000
2026-06-22,33.2,33.2,33.8,32.9,33.6,435000
2026-06-23,33.15,33.15,33.35,32.8,32.8,348000
2026-06-24,33.4,33.4,33.65,32.85,33.5,461000
2026-06-25,33.3,33.3,33.7,33.15,33.55,318000
2026-06-26,32.55,32.55,33.55,32.15,33.5,427000
2026-06-29,33.1,33.1,33.35,32.55,32.55,341000
2026-06-30,33.6,33.6,34.25,33.3,34.0,588000
2026-07-01,34.0,34.0,34.45,33.7,34.45,635000
2026-07-02,33.95,33.95,34.25,33.65,34.0,485000
2026-07-03,35.35,35.35,35.5,34.05,34.2,1236000
2026-07-06,37.05,37.05,38.2,35.6,36.0,2042000
2026-07-07,38.25,38.25,39.25,36.5,36.85,1948000
2026-07-08,37.6,37.6,38.85,37.1,38.25,1512000
2026-07-09,38.2,38.2,38.25,37.0,37.6,737000
2026-07-13,36.0,36.0,38.65,35.4,38.65,1103000
2026-07-14,34.6,34.6,36.0,34.5,36.0,627000
2026-07-15,35.4,35.4,35.45,34.75,35.0,384000
2026-07-16,35.75,35.75,36.0,35.05,35.4,332000
2026-07-17,33.55,33.55,35.55,33.4,35.55,611000
2026-07-20,33.8,33.8,34.35,33.5,33.9,318000
2026-07-21,33.75,33.75,34.1,33.55,34.0,263000
2026-07-22,34.15,34.15,34.15,33.75,33.8,225000
2026-07-23,33.6,33.6,34.2,33.25,34.1,231000
2026-07-24,33.0,33.0,33.6,33.0,33.35,224000
2026-07-27,33.4,33.4,33.4,32.75,32.85,232000
2026-07-28,32.35,32.35,33.35,32.35,33.35,297000
2026-07-29,32.05,32.05,32.8,31.7,32.75,399000
2026-07-30,31.1,31.1,32.05,31.1,32.05,227000
2026-07-31,31.15,31.15,31.75,31.15,31.7,226000
2026-08-03,31.65,31.65,31.9,31.0,31.0,149000
2026-08-04,31.65,31.65,31.95,31.45,31.45,628000
2026-08-05,33.5,33.5,34.0,32.65,32.8,1221000
2026-08-06,32.45,32.45,34.35,32.3,33.8,965000
2026-08-07,33.7,33.7,33.75,32.2,32.5,309000
2026-08-10,33.9,33.9,34.4,33.3,34.2,310000
2026-08-11,33.45,33.45,34.05,33.1,33.9,383000
2026-08-12,33.7,33.7,33.9,33.05,33.9,221000
2026-08-13,34.15,34.15,34.6,33.7,33.9,422000
2026-08-14,33.75,33.75,34.65,33.55,34.2,448000
2026-08-17,34.15,34.15,34.45,33.8,33.95,493000
2026-08-18,34.95,34.95,35.5,34.05,34.15,532000
2026-08-19,34.0,34.0,34.8,34.0,34.6,310000
2026-08-20,35.55,35.55,36.9,34.95,34.95,870000
2026-08-21,37.2,37.2,37.75,35.75,36.0,1835000
2026-08-24,36.9,36.9,37.5,36.35,37.0,706882
2026-08-25,37.7,37.7,38.1,36.85,37.25,663687
2026-08-26,39.8,39.8,40.15,38.05,38.05,2504891
2026-08-27,38.1,38.1,40.55,37.25,39.75,2069325
2026-08-28,38.9,38.9,39.5,38.15,38.4,1171751
2026-08-31,37.5,37.5,38.9,36.75,38.9,1116742
2026-09-01,35.15,35.15,37.4,35.15,37.15,1131766
2026-09-02,35.1,35.1,35.55,34.7,35.4,481058
2026-09-03,35.0,35.0,35.4,34.95,35.35,333796
