Date,Adj Close,Close,High,Low,Open,Volume
2017-12-05,34.9,34.9,35.4,30.7,34.5,4784000
2017-12-06,35.5,35.5,36.0,33.0,34.5,1946120
2017-12-07,33.4,33.4,35.5,33.4,35.0,1260000
2017-12-08,32.0,32.0,33.95,31.7,32.95,1038277
2017-12-11,31.55,31.55,32.3,31.5,32.0,646400
2017-12-12,31.1,31.1,31.5,30.05,31.4,904004
2017-12-13,31.0,31.0,31.2,30.65,30.9,275485
2017-12-14,31.05,31.05,31.3,30.7,31.0,321188
2017-12-15,34.15,34.15,34.15,31.35,31.4,1439168
2017-12-18,33.4,33.4,34.5,32.8,33.7,962613
2017-12-19,32.65,32.65,33.55,32.6,33.5,282004
2017-12-20,32.9,32.9,33.9,32.55,32.55,309000
2017-12-21,32.6,32.6,33.3,32.6,33.1,262000
2017-12-22,32.35,32.35,32.9,32.3,32.6,169363
2017-12-25,32.05,32.05,32.55,32.05,32.5,139000
2017-12-26,31.1,31.1,31.8,31.1,31.6,237002
2017-12-27,31.0,31.0,31.6,31.0,31.3,178000
2017-12-28,30.95,30.95,31.5,30.75,31.1,270022
2017-12-29,31.3,31.3,31.3,30.95,30.95,109117
2018-01-02,31.0,31.0,31.5,31.0,31.4,131103
2018-01-03,30.9,30.9,31.3,30.8,31.0,129104
2018-01-04,30.85,30.85,31.3,30.85,31.0,244105
2018-01-05,31.6,31.6,32.75,31.0,31.0,363071
2018-01-08,31.5,31.5,31.95,30.9,31.5,274014
2018-01-09,31.05,31.05,31.6,31.0,31.5,140000
2018-01-10,30.9,30.9,31.2,30.6,31.1,127500
2018-01-11,30.3,30.3,30.95,30.2,30.75,234003
2018-01-12,30.3,30.3,30.7,30.25,30.4,71000
2018-01-15,30.3,30.3,31.0,29.8,30.1,310001
2018-01-16,30.5,30.5,31.15,30.25,30.25,240204
2018-01-17,30.4,30.4,30.7,30.15,30.6,158265
2018-01-18,30.1,30.1,30.65,30.05,30.65,190000
2018-01-19,30.0,30.0,30.15,30.0,30.1,165000
2018-01-22,30.1,30.1,30.3,30.0,30.05,133126
2018-01-23,30.15,30.15,30.6,30.05,30.3,155126
2018-01-24,30.25,30.25,30.25,30.0,30.15,89000
2018-01-25,30.35,30.35,30.45,30.05,30.1,103000
2018-01-26,30.4,30.4,30.45,30.0,30.4,127596
2018-01-29,30.2,30.2,30.55,30.2,30.4,102202
2018-01-30,30.1,30.1,30.25,30.0,30.25,198001
2018-01-31,29.95,29.95,30.1,29.9,30.1,70104
2018-02-01,29.9,29.9,30.1,29.9,29.95,185000
2018-02-02,29.3,29.3,29.8,29.3,29.8,178094
2018-02-05,28.75,28.75,29.25,28.6,29.25,118053
2018-02-06,26.7,26.7,28.45,26.2,28.45,269214
2018-02-07,27.6,27.6,27.8,26.95,26.95,143100
2018-02-08,27.5,27.5,27.6,27.2,27.6,73060
2018-02-09,26.7,26.7,27.2,25.55,27.2,169051
2018-02-12,26.95,26.95,26.95,26.55,26.55,59100
2018-02-21,27.3,27.3,27.9,27.1,27.1,114000
2018-02-22,27.75,27.75,27.8,27.3,27.3,77373
2018-02-23,28.0,28.0,28.0,27.8,27.8,42245
2018-02-26,27.9,27.9,28.5,27.8,28.0,64003
2018-02-27,27.5,27.5,28.1,27.5,27.9,69000
2018-03-01,27.2,27.2,27.5,27.15,27.5,34012
2018-03-02,26.95,26.95,27.1,26.9,27.0,40000
2018-03-05,26.9,26.9,27.05,26.85,27.0,71000
2018-03-06,26.85,26.85,26.95,26.65,26.9,58100
2018-03-07,29.5,29.5,29.5,26.85,26.85,594330
2018-03-08,28.75,28.75,29.3,28.5,28.7,378000
2018-03-09,29.05,29.05,29.15,28.75,28.75,100002
2018-03-12,28.55,28.55,29.2,28.5,29.1,113201
2018-03-13,28.8,28.8,28.95,28.55,28.55,88202
2018-03-14,29.3,29.3,29.3,28.5,28.5,65037
2018-03-15,32.0,32.0,32.0,29.3,29.6,795751
2018-03-16,31.4,31.4,31.95,31.05,31.3,417224
2018-03-19,31.7,31.7,32.2,31.5,31.5,342000
2018-03-20,32.6,32.6,32.7,31.0,31.1,363155
2018-03-21,32.5,32.5,34.0,32.35,32.55,609070
2018-03-22,31.5,31.5,32.5,31.4,32.15,443762
2018-03-23,30.95,30.95,31.3,30.6,30.6,290040
2018-03-26,31.95,31.95,31.95,31.0,31.4,189449
2018-03-27,32.0,32.0,32.9,32.0,32.55,250075
2018-03-28,31.7,31.7,32.0,31.6,32.0,96115
2018-03-29,32.7,32.7,33.7,31.75,31.75,675530
2018-03-30,32.3,32.3,32.7,32.05,32.7,293150
2018-04-02,32.4,32.4,33.25,32.2,32.25,209061
2018-04-03,32.8,32.8,32.95,32.0,32.15,288811
2018-04-09,34.6,34.6,35.5,33.0,33.45,1178211
2018-04-10,32.6,32.6,34.55,32.5,34.35,734002
2018-04-11,32.25,32.25,32.9,31.25,32.6,447080
2018-04-12,31.55,31.55,32.5,31.55,32.25,297060
2018-04-13,31.55,31.55,31.9,31.5,31.5,119330
2018-04-16,30.95,30.95,31.55,30.9,31.55,180000
2018-04-17,29.95,29.95,30.8,29.95,30.8,289404
2018-04-18,30.75,30.75,31.2,30.0,30.0,108360
2018-04-19,31.1,31.1,31.45,30.75,30.75,171000
2018-04-20,31.05,31.05,31.35,31.0,31.2,78002
2018-04-23,30.95,30.95,31.05,30.4,31.0,81120
2018-04-24,30.2,30.2,30.65,30.1,30.65,177201
2018-04-25,30.1,30.1,30.4,29.9,30.2,73163
2018-04-26,30.1,30.1,30.7,30.0,30.2,90066
2018-04-27,30.2,30.2,30.3,30.0,30.3,83000
2018-04-30,30.7,30.7,30.95,30.25,30.25,80486
2018-05-02,30.65,30.65,30.8,30.5,30.75,48000
2018-05-03,30.35,30.35,30.75,30.3,30.45,70000
2018-05-04,30.0,30.0,30.2,30.0,30.2,124096
2018-05-07,30.15,30.15,30.15,29.9,30.1,37000
2018-05-08,30.25,30.25,30.3,29.9,30.0,44000
2018-05-09,30.2,30.2,30.3,30.0,30.25,55690
2018-05-10,30.25,30.25,30.3,30.1,30.2,44000
2018-05-11,29.5,29.5,30.0,29.3,30.0,406500
2018-05-14,29.7,29.7,29.8,29.25,29.5,90000
2018-05-15,29.4,29.4,29.6,29.4,29.6,68150
2018-05-16,29.8,29.8,30.0,29.4,29.4,62210
2018-05-17,30.5,30.5,30.6,30.0,30.05,105508
2018-05-18,30.35,30.35,30.35,30.1,30.3,33000
2018-05-21,30.3,30.3,30.4,30.2,30.4,27000
2018-05-22,30.2,30.2,30.3,30.1,30.3,37000
2018-05-23,30.05,30.05,30.3,29.95,30.15,48200
2018-05-24,29.95,29.95,30.2,29.95,30.1,46000
2018-05-25,30.0,30.0,30.2,29.95,30.0,69000
2018-05-28,29.85,29.85,30.1,29.85,30.05,45005
2018-05-29,29.55,29.55,29.8,29.3,29.7,186163
2018-05-30,29.4,29.4,29.55,29.3,29.55,30200
2018-05-31,30.0,30.0,30.05,29.4,29.7,112000
2018-06-01,30.0,30.0,30.05,29.6,30.0,83000
2018-06-04,29.85,29.85,30.4,29.85,30.05,93202
2018-06-05,29.9,29.9,30.0,29.5,29.85,143007
2018-06-06,30.0,30.0,30.0,29.9,30.0,74000
2018-06-07,29.95,29.95,30.05,29.85,30.0,87000
2018-06-08,29.75,29.75,29.95,29.7,29.95,76000
2018-06-11,28.9,28.9,29.0,28.6,29.0,336200
2018-06-12,29.0,29.0,29.25,28.8,29.05,100000
2018-06-13,28.75,28.75,29.0,28.75,28.8,116000
2018-06-14,28.55,28.55,28.8,28.55,28.7,70224
2018-06-15,28.7,28.7,28.8,28.55,28.55,132100
2018-06-19,28.7,28.7,28.85,28.2,28.2,46000
2018-06-20,28.65,28.65,28.95,28.65,28.8,130973
2018-06-21,29.55,29.55,29.95,28.7,28.7,147111
2018-06-22,29.6,29.6,29.75,29.5,29.55,82100
2018-06-25,29.8,29.8,29.85,29.3,29.85,31000
2018-06-26,29.35,29.35,29.7,29.2,29.7,84526
2018-06-27,29.0,29.0,29.4,29.0,29.25,94000
2018-06-28,29.05,29.05,29.4,28.9,29.0,85216
2018-06-29,29.4,29.4,29.5,29.0,29.05,147699
2018-07-02,27.3,27.3,27.4,27.15,27.15,130100
2018-07-03,27.0,27.0,27.55,27.0,27.3,67300
2018-07-04,26.85,26.85,26.9,26.7,26.9,106001
2018-07-05,26.6,26.6,26.9,26.6,26.9,48001
2018-07-06,26.4,26.4,26.6,26.0,26.6,45100
2018-07-09,26.4,26.4,26.6,26.35,26.6,68003
2018-07-10,26.85,26.85,26.9,26.75,26.8,44000
2018-07-11,26.75,26.75,26.95,26.3,26.5,23000
2018-07-12,27.5,27.5,27.6,26.85,26.85,57060
2018-07-13,27.5,27.5,27.5,27.45,27.5,17000
2018-07-16,27.55,27.55,27.65,27.5,27.5,30004
2018-07-17,27.2,27.2,27.5,27.2,27.5,44000
2018-07-18,27.2,27.2,27.5,27.0,27.2,50001
2018-07-19,26.85,26.85,27.2,26.85,27.2,46000
2018-07-20,26.6,26.6,26.95,26.5,26.95,54075
2018-07-23,26.6,26.6,26.6,26.5,26.6,24234
2018-07-24,26.5,26.5,26.55,26.4,26.5,27000
2018-07-25,26.85,26.85,26.85,26.5,26.7,37100
2018-07-26,26.65,26.65,26.8,26.5,26.8,38100
2018-07-27,26.7,26.7,26.9,26.65,26.7,40002
2018-07-30,26.5,26.5,26.8,26.25,26.8,25100
2018-07-31,26.5,26.5,26.55,26.4,26.4,30000
2018-08-01,26.5,26.5,26.6,26.4,26.4,61508
2018-08-02,26.45,26.45,26.55,26.45,26.55,51000
2018-08-03,26.5,26.5,26.9,26.45,26.9,49070
2018-08-06,26.5,26.5,26.5,26.25,26.5,49000
2018-08-07,26.35,26.35,26.55,26.35,26.55,46444
2018-08-08,26.25,26.25,26.35,26.25,26.35,45308
2018-08-09,26.35,26.35,26.4,26.0,26.25,37500
2018-08-10,26.6,26.6,26.9,26.4,26.45,65534
2018-08-13,26.1,26.1,26.65,26.1,26.25,109963
2018-08-14,26.15,26.15,26.5,26.15,26.15,31980
2018-08-15,25.9,25.9,26.15,25.9,26.15,74055
2018-08-16,25.9,25.9,26.0,25.8,25.9,30120
2018-08-17,26.0,26.0,26.2,25.8,25.9,33000
2018-08-20,26.05,26.05,26.25,26.0,26.0,17800
2018-08-21,25.85,25.85,26.05,25.7,26.05,46571
2018-08-22,25.7,25.7,25.85,25.7,25.8,85030
2018-08-23,25.7,25.7,25.95,25.65,25.95,18613
2018-08-24,25.5,25.5,25.65,25.5,25.65,47390
2018-08-27,25.4,25.4,25.4,25.2,25.4,50240
2018-08-28,25.35,25.35,25.4,25.1,25.4,39765
2018-08-29,25.25,25.25,25.4,25.15,25.4,38530
2018-08-30,25.15,25.15,25.2,25.0,25.2,79510
2018-08-31,25.1,25.1,25.15,25.0,25.15,29470
2018-09-03,25.15,25.15,25.55,25.0,25.55,76210
2018-09-04,25.15,25.15,25.15,24.95,25.05,68900
2018-09-05,25.15,25.15,25.2,25.0,25.05,37270
2018-09-06,25.0,25.0,25.3,25.0,25.3,16000
2018-09-07,24.5,24.5,25.0,24.5,24.9,95090
2018-09-10,24.1,24.1,24.5,24.0,24.5,78000
2018-09-11,23.0,23.0,23.6,22.8,23.6,186300
2018-09-12,24.8,24.8,25.1,22.8,23.3,1767469
2018-09-13,24.85,24.85,25.4,24.55,25.0,138488
2018-09-14,24.65,24.65,25.2,24.55,25.0,37000
2018-09-17,24.25,24.25,24.55,24.15,24.5,41759
2018-09-18,24.15,24.15,24.25,23.9,24.25,35600
2018-09-19,24.3,24.3,24.55,24.15,24.15,32390
2018-09-20,24.7,24.7,24.8,24.3,24.3,55130
2018-09-21,25.2,25.2,25.35,24.95,24.95,105090
2018-09-25,25.35,25.35,25.55,25.2,25.55,94630
2018-09-26,25.5,25.5,25.55,25.1,25.1,60960
2018-09-27,25.7,25.7,25.7,25.45,25.5,64000
2018-09-28,25.75,25.75,25.95,25.4,25.7,76729
2018-10-01,25.75,25.75,26.2,25.7,26.2,42800
2018-10-02,25.85,25.85,26.2,25.7,25.75,56600
2018-10-03,26.0,26.0,26.6,26.0,26.15,616585
2018-10-04,25.8,25.8,26.0,25.75,26.0,30180
2018-10-05,25.3,25.3,26.2,25.25,25.6,73462
2018-10-08,25.6,25.6,27.6,25.0,25.0,429678
2018-10-09,25.4,25.4,26.5,25.4,25.7,305240
2018-10-11,23.9,23.9,24.9,23.1,23.1,112022
2018-10-12,24.4,24.4,24.55,23.55,23.55,59030
2018-10-15,24.55,24.55,25.2,24.15,24.5,63580
2018-10-16,25.3,25.3,26.0,24.9,24.9,80000
2018-10-17,25.55,25.55,26.0,25.3,25.3,51020
2018-10-18,25.6,25.6,25.85,25.2,25.45,34330
2018-10-19,25.8,25.8,26.25,25.2,25.2,179540
2018-10-22,26.0,26.0,26.05,25.75,26.05,62330
2018-10-23,25.55,25.55,25.6,25.55,25.6,14120
2018-10-24,26.75,26.75,27.3,25.3,25.55,411722
2018-10-25,26.35,26.35,27.35,26.2,26.4,321700
2018-10-26,25.9,25.9,26.6,25.8,26.4,118000
2018-10-29,25.4,25.4,26.0,25.3,25.8,50465
2018-10-30,25.3,25.3,26.2,25.1,25.75,72100
2018-10-31,25.4,25.4,25.75,25.3,25.65,35160
2018-11-01,25.45,25.45,25.45,25.4,25.4,5030
2018-11-02,25.25,25.25,25.5,25.25,25.3,25714
2018-11-05,24.6,24.6,25.25,24.6,25.25,49453
2018-11-06,24.9,24.9,25.7,24.2,24.5,79241
2018-11-07,24.85,24.85,24.9,24.8,24.9,17030
2018-11-08,24.8,24.8,25.15,24.5,24.85,41000
2018-11-09,24.7,24.7,25.0,24.5,25.0,11641
2018-11-12,25.2,25.2,25.65,24.7,25.0,105124
2018-11-13,26.65,26.65,26.65,25.2,25.45,303240
2018-11-14,26.2,26.2,28.2,26.2,26.6,767410
2018-11-15,25.8,25.8,26.0,25.6,26.0,90169
2018-11-16,25.45,25.45,25.85,25.3,25.85,60700
2018-11-19,25.6,25.6,25.7,25.45,25.45,45000
2018-11-20,25.75,25.75,25.8,25.6,25.8,15038
2018-11-21,25.65,25.65,25.7,25.65,25.65,19000
2018-11-22,25.55,25.55,25.7,25.35,25.7,22000
2018-11-23,25.2,25.2,25.45,25.05,25.45,47340
2018-11-26,25.5,25.5,25.55,25.1,25.1,20060
2018-11-27,25.7,25.7,26.15,25.4,25.75,52030
2018-11-28,25.5,25.5,25.9,25.5,25.6,42172
2018-11-29,25.5,25.5,25.85,25.4,25.85,58330
2018-11-30,25.45,25.45,25.7,25.4,25.45,50360
2018-12-03,25.9,25.9,25.95,25.6,25.7,87409
2018-12-04,25.9,25.9,26.05,25.85,26.0,81090
2018-12-05,25.75,25.75,25.75,25.5,25.6,36800
2018-12-06,25.3,25.3,25.9,25.15,25.9,80590
2018-12-07,25.4,25.4,25.4,25.25,25.25,13310
2018-12-10,25.2,25.2,25.4,25.2,25.3,14000
2018-12-11,24.6,24.6,25.1,24.5,25.1,83000
2018-12-12,24.85,24.85,24.9,24.7,24.8,24509
2018-12-13,25.35,25.35,25.55,25.2,25.2,130000
2018-12-14,25.3,25.3,25.35,25.25,25.25,12580
2018-12-17,25.1,25.1,25.1,24.95,24.95,4060
2018-12-18,25.0,25.0,25.0,24.8,24.8,13030
2018-12-19,25.15,25.15,25.15,24.85,25.0,22355
2018-12-20,25.0,25.0,25.1,25.0,25.0,15060
2018-12-21,25.1,25.1,25.1,24.8,24.95,33090
2018-12-24,24.85,24.85,24.85,24.65,24.8,48180
2018-12-25,24.85,24.85,24.85,24.85,24.85,8000
2018-12-26,24.8,24.8,25.1,24.65,24.85,21000
2018-12-27,24.8,24.8,24.9,24.6,24.9,21000
2018-12-28,24.85,24.85,24.85,24.65,24.65,18391
2019-01-02,24.8,24.8,24.8,24.6,24.6,6101
2019-01-03,24.7,24.7,24.9,24.5,24.8,15101
2019-01-04,24.65,24.65,24.65,24.45,24.55,43000
2019-01-07,24.9,24.9,24.9,24.65,24.65,37090
2019-01-08,25.1,25.1,25.25,24.9,24.9,81060
2019-01-09,25.25,25.25,25.45,25.15,25.15,63543
2019-01-10,25.1,25.1,25.35,25.0,25.25,24150
2019-01-11,25.85,25.85,26.7,25.35,25.35,430380
2019-01-14,25.9,25.9,26.15,25.8,26.1,127208
2019-01-15,25.75,25.75,26.05,25.7,25.75,52320
2019-01-16,26.45,26.45,26.5,25.5,25.5,175270
2019-01-17,26.2,26.2,26.45,26.1,26.45,55979
2019-01-18,26.65,26.65,26.75,26.2,26.2,151210
2019-01-21,26.65,26.65,26.75,26.55,26.7,37090
2019-01-22,26.4,26.4,26.5,26.25,26.5,41090
2019-01-23,26.25,26.25,26.4,26.05,26.4,13101
2019-01-24,26.15,26.15,26.15,25.95,25.95,23000
2019-01-25,25.95,25.95,26.25,25.7,26.1,40180
2019-01-28,26.15,26.15,26.3,26.0,26.0,17100
2019-01-29,26.2,26.2,26.25,25.9,26.25,8000
2019-01-30,26.3,26.3,26.35,26.2,26.2,19237
2019-02-11,26.4,26.4,26.75,26.05,26.75,20375
2019-02-12,26.65,26.65,26.65,26.25,26.35,68153
2019-02-13,26.4,26.4,26.6,26.2,26.6,18185
2019-02-14,26.4,26.4,26.4,26.25,26.4,20582
2019-02-15,26.6,26.6,26.6,26.25,26.25,43300
2019-02-18,25.9,25.9,26.2,25.8,26.0,193155
2019-02-19,25.85,25.85,26.05,25.8,25.9,50400
2019-02-20,26.0,26.0,26.3,25.8,25.85,561300
2019-02-21,25.95,25.95,26.0,25.85,26.0,75080
2019-02-22,26.25,26.25,26.45,26.1,26.2,104131
2019-02-25,26.45,26.45,26.55,26.1,26.55,87249
2019-02-26,26.3,26.3,26.6,26.3,26.45,58238
2019-02-27,26.4,26.4,26.65,26.35,26.4,68600
2019-03-04,26.35,26.35,26.5,26.35,26.5,34003
2019-03-05,26.15,26.15,26.35,26.1,26.3,23000
2019-03-06,26.15,26.15,26.2,26.05,26.2,43100
2019-03-07,26.1,26.1,26.3,26.1,26.3,38420
2019-03-08,26.1,26.1,26.1,25.9,26.1,42760
2019-03-11,26.0,26.0,26.0,25.95,25.95,17343
2019-03-12,26.55,26.55,26.6,26.0,26.25,64240
2019-03-13,27.65,27.65,28.25,27.2,27.2,779647
2019-03-14,28.0,28.0,28.7,27.9,28.0,534056
2019-03-15,27.8,27.8,28.05,27.7,27.9,214389
2019-03-18,28.05,28.05,28.4,27.8,27.8,149396
2019-03-19,28.0,28.0,28.25,27.8,28.05,577945
2019-03-20,28.2,28.2,28.25,28.0,28.2,103999
2019-03-21,28.0,28.0,28.3,28.0,28.2,105330
2019-03-22,27.9,27.9,28.2,27.9,28.2,82584
2019-03-25,27.55,27.55,27.75,27.4,27.75,193300
2019-03-26,27.6,27.6,27.9,27.6,27.65,61120
2019-03-27,27.8,27.8,27.85,27.7,27.7,58090
2019-03-28,28.1,28.1,28.1,27.8,27.85,63095
2019-03-29,28.6,28.6,28.8,28.1,28.1,1458804
2019-04-01,28.65,28.65,28.75,28.25,28.7,202743
2019-04-02,28.8,28.8,28.8,28.35,28.65,187970
2019-04-03,29.0,29.0,29.0,28.65,28.8,93147
2019-04-08,30.0,30.0,30.25,29.4,29.5,679555
2019-04-09,29.7,29.7,29.95,29.6,29.95,207381
2019-04-10,29.65,29.65,29.7,29.5,29.7,107940
2019-04-11,29.7,29.7,29.9,29.65,29.7,147700
2019-04-12,30.25,30.25,30.25,29.7,29.7,430279
2019-04-15,30.35,30.35,30.65,30.15,30.4,313318
2019-04-16,30.15,30.15,30.35,30.05,30.35,140999
2019-04-17,30.15,30.15,30.2,29.9,30.15,102929
2019-04-18,29.45,29.45,30.15,29.4,30.1,197436
2019-04-19,29.6,29.6,29.7,29.5,29.65,106154
2019-04-22,29.55,29.55,29.85,29.55,29.7,59425
2019-04-23,29.4,29.4,29.5,29.35,29.5,95560
2019-04-24,29.45,29.45,29.7,29.3,29.7,46859
2019-04-25,29.45,29.45,29.55,29.45,29.5,40710
2019-04-26,29.3,29.3,29.45,29.25,29.45,91000
2019-04-29,29.3,29.3,29.4,29.25,29.3,63999
2019-04-30,29.8,29.8,29.85,29.3,29.3,134139
2019-05-02,29.95,29.95,30.05,29.7,29.8,94320
2019-05-03,29.8,29.8,29.95,29.7,29.95,72414
2019-05-06,29.45,29.45,29.8,29.3,29.8,167100
2019-05-07,29.15,29.15,29.6,29.1,29.25,137200
2019-05-08,29.1,29.1,29.1,28.8,29.0,92730
2019-05-09,28.55,28.55,29.1,28.5,29.1,101000
2019-05-10,28.45,28.45,28.75,28.35,28.75,127600
2019-05-13,27.7,27.7,28.35,27.5,28.35,139690
2019-05-14,27.55,27.55,27.55,27.0,27.0,94627
2019-05-15,27.85,27.85,27.95,27.35,27.7,93285
2019-05-16,28.5,28.5,28.5,27.85,27.85,68300
2019-05-17,28.05,28.05,28.7,28.0,28.7,35060
2019-05-20,28.2,28.2,28.2,27.9,28.0,48255
2019-05-21,28.4,28.4,28.4,28.2,28.25,27000
2019-05-22,28.5,28.5,28.55,28.1,28.55,22200
2019-05-23,28.3,28.3,28.45,28.05,28.45,38029
2019-05-24,28.25,28.25,28.4,28.0,28.2,51300
2019-05-27,28.0,28.0,28.35,27.95,28.1,79070
2019-05-28,28.1,28.1,28.1,27.95,28.0,102070
2019-05-29,28.0,28.0,28.15,27.95,28.0,50000
2019-05-30,28.1,28.1,28.1,28.0,28.1,75450
2019-05-31,28.15,28.15,28.25,28.0,28.0,108000
2019-06-03,28.1,28.1,28.1,27.95,28.0,80000
2019-06-04,28.1,28.1,28.25,27.9,28.15,65000
2019-06-05,28.1,28.1,28.25,27.95,28.2,137541
2019-06-06,28.15,28.15,28.15,27.95,28.05,82000
2019-06-10,28.1,28.1,28.25,28.0,28.2,73000
2019-06-11,28.3,28.3,28.4,28.15,28.2,121150
2019-06-12,28.7,28.7,28.8,28.2,28.3,124628
2019-06-13,29.65,29.65,29.95,28.7,28.75,466907
2019-06-14,29.9,29.9,30.05,29.75,29.75,347648
2019-06-17,29.8,29.8,30.05,29.7,29.9,182150
2019-06-18,29.7,29.7,29.95,29.6,29.8,82002
2019-06-19,29.0,29.0,29.95,29.0,29.8,474273
2019-06-20,28.4,28.4,29.2,28.1,28.85,762585
2019-06-21,28.05,28.05,28.5,27.45,28.45,953001
2019-06-24,28.35,28.35,28.35,28.05,28.2,421604
2019-06-25,28.6,28.6,28.7,28.35,28.35,210490
2019-06-26,28.9,28.9,29.0,28.6,28.6,483851
2019-06-27,26.9,26.9,27.05,26.75,26.8,430840
2019-06-28,26.7,26.7,26.95,26.7,26.9,121180
2019-07-01,27.05,27.05,27.1,26.75,26.75,160120
2019-07-02,27.45,27.45,27.85,26.9,27.05,166030
2019-07-03,27.2,27.2,27.5,27.1,27.5,73200
2019-07-04,27.15,27.15,27.15,27.1,27.1,115060
2019-07-05,27.45,27.45,27.45,27.15,27.15,79140
2019-07-08,27.5,27.5,27.7,27.4,27.45,204200
2019-07-09,28.05,28.05,28.1,27.6,27.6,221280
2019-07-10,28.75,28.75,29.15,28.15,28.15,649670
2019-07-11,28.55,28.55,28.9,28.55,28.75,434870
2019-07-12,28.9,28.9,29.15,28.7,28.7,292082
2019-07-15,28.9,28.9,28.9,28.7,28.9,164641
2019-07-16,29.3,29.3,29.5,28.9,28.9,629239
2019-07-17,29.35,29.35,29.6,29.3,29.5,385099
2019-07-18,29.15,29.15,29.5,29.05,29.5,234480
2019-07-19,29.6,29.6,30.15,29.3,29.35,628231
2019-07-22,29.8,29.8,30.25,29.75,29.75,478695
2019-07-23,29.85,29.85,30.15,29.8,29.8,301240
2019-07-24,29.8,29.8,30.0,29.65,30.0,320146
2019-07-25,29.9,29.9,30.1,29.7,29.9,313010
2019-07-26,29.95,29.95,30.0,29.5,29.8,440930
2019-07-29,30.6,30.6,32.25,30.05,30.05,1047500
2019-07-30,30.0,30.0,31.5,29.5,30.6,550821
2019-07-31,30.0,30.0,30.1,29.9,30.1,104060
2019-08-01,29.85,29.85,30.0,29.8,30.0,134059
2019-08-02,29.6,29.6,30.2,29.6,30.0,269360
2019-08-05,28.9,28.9,29.6,28.7,29.6,236600
2019-08-06,28.95,28.95,29.0,27.6,27.6,196101
2019-08-07,28.9,28.9,29.1,28.85,28.85,46100
2019-08-08,28.9,28.9,29.0,28.85,29.0,65400
2019-08-12,28.3,28.3,28.9,27.9,28.9,261700
2019-08-13,28.8,28.8,28.9,28.05,28.15,129030
2019-08-14,28.8,28.8,28.85,28.6,28.7,67100
2019-08-15,28.3,28.3,28.65,28.3,28.55,105060
2019-08-16,28.9,28.9,29.0,28.2,28.2,89248
2019-08-19,29.3,29.3,29.35,29.0,29.0,117589
2019-08-20,29.15,29.15,29.4,29.0,29.3,104600
2019-08-21,29.05,29.05,29.2,28.9,29.2,135000
2019-08-22,28.8,28.8,29.1,28.8,29.1,88060
2019-08-23,29.1,29.1,29.15,28.7,28.8,99690
2019-08-26,28.7,28.7,28.75,28.1,28.15,196000
2019-08-27,29.2,29.2,29.5,28.7,28.7,128326
2019-08-28,29.8,29.8,29.8,29.2,29.2,315625
2019-08-29,30.2,30.2,30.85,29.7,29.9,2652075
2019-08-30,33.2,33.2,33.2,31.2,31.7,8595987
2019-09-02,33.7,33.7,34.6,32.8,33.2,4864521
2019-09-03,33.3,33.3,34.1,32.95,33.85,2166261
2019-09-04,33.3,33.3,34.7,33.0,33.9,2179809
2019-09-05,32.6,32.6,33.5,32.45,33.5,1433872
2019-09-06,33.0,33.0,33.15,32.55,32.55,799055
2019-09-09,33.05,33.05,33.3,32.65,33.3,627600
2019-09-10,33.0,33.0,34.2,32.8,33.0,2030600
2019-09-11,33.15,33.15,33.6,32.8,33.3,819510
2019-09-12,33.15,33.15,33.35,32.6,33.2,653870
2019-09-16,33.1,33.1,33.45,32.7,33.3,487460
2019-09-17,32.85,32.85,33.3,32.85,32.95,315800
2019-09-18,33.9,33.9,34.25,32.9,32.95,1575410
2019-09-19,34.0,34.0,34.3,33.3,34.3,1042122
2019-09-20,33.5,33.5,34.5,33.5,34.1,809720
2019-09-23,33.1,33.1,33.45,33.1,33.3,441225
2019-09-24,34.0,34.0,34.2,33.25,33.4,1022460
2019-09-25,34.95,34.95,37.4,34.9,34.9,6933316
2019-09-26,34.25,34.25,35.25,34.15,35.0,1536267
2019-09-27,33.55,33.55,34.45,33.3,34.25,1012131
2019-10-01,35.9,35.9,36.2,33.4,33.65,2882530
2019-10-02,38.45,38.45,39.1,36.2,36.4,11773319
2019-10-03,38.2,38.2,38.6,37.35,38.3,3680677
2019-10-04,38.8,38.8,39.45,37.8,38.7,3728054
2019-10-07,37.6,37.6,39.6,37.4,38.8,3296222
2019-10-08,38.4,38.4,38.4,36.7,37.55,1641529
2019-10-09,38.65,38.65,38.65,37.8,38.4,1623072
2019-10-14,38.2,38.2,39.5,38.05,39.5,1594725
2019-10-15,36.75,36.75,38.45,36.4,38.35,2423419
2019-10-16,37.65,37.65,37.8,36.45,36.7,875840
2019-10-17,37.1,37.1,37.85,37.1,37.65,582920
2019-10-18,36.65,36.65,37.45,36.65,37.35,529260
2019-10-21,37.35,37.35,37.7,36.65,36.75,583240
2019-10-22,37.25,37.25,37.8,37.05,37.8,430842
2019-10-23,36.8,36.8,37.6,36.8,37.3,605180
2019-10-24,37.2,37.2,37.5,36.7,36.8,421340
2019-10-25,37.75,37.75,37.75,37.15,37.75,992315
2019-10-28,41.3,41.3,41.3,37.9,38.2,8727934
2019-10-29,38.5,38.5,41.2,37.9,40.9,5656587
2019-10-30,39.5,39.5,40.2,38.95,39.0,3073880
2019-10-31,39.6,39.6,40.8,39.5,39.5,2045328
2019-11-01,39.05,39.05,39.7,38.85,39.6,831735
2019-11-04,38.4,38.4,39.7,38.2,39.3,1416374
2019-11-05,36.1,36.1,38.85,35.0,38.6,3804720
2019-11-06,35.65,35.65,36.85,35.45,36.2,1405430
2019-11-07,35.5,35.5,36.35,35.4,35.65,839581
2019-11-08,35.4,35.4,35.8,34.8,35.5,773179
2019-11-11,35.45,35.45,36.15,34.75,35.3,772451
2019-11-12,35.85,35.85,36.0,35.5,35.5,281679
2019-11-13,35.9,35.9,36.35,35.8,36.2,604612
2019-11-14,34.85,34.85,35.95,34.85,35.9,546480
2019-11-20,35.5,35.5,36.15,35.1,35.1,1631583
2019-11-21,35.55,35.55,36.2,35.3,35.8,835880
2019-11-22,36.05,36.05,36.35,35.7,35.85,879424
2019-11-25,35.05,35.05,36.5,35.05,36.5,650377
2019-11-26,35.05,35.05,35.5,35.0,35.1,266105
2019-11-27,34.2,34.2,35.1,34.15,35.1,907479
2019-11-28,33.95,33.95,34.2,33.15,34.2,812680
2019-11-29,33.3,33.3,34.2,33.2,33.95,426780
2019-12-02,32.6,32.6,33.4,32.6,33.3,422449
2019-12-03,33.45,33.45,33.7,32.5,32.5,407427
2019-12-04,33.7,33.7,33.75,33.3,33.7,228100
2019-12-05,33.9,33.9,34.05,33.5,33.7,273628
2019-12-06,33.8,33.8,33.95,33.4,33.7,302145
2019-12-09,34.0,34.0,34.6,33.9,34.6,604060
2019-12-10,33.5,33.5,34.0,33.5,34.0,379524
2019-12-11,34.0,34.0,34.35,33.7,33.75,387120
2019-12-12,33.55,33.55,34.2,33.55,34.0,319891
2019-12-13,33.0,33.0,33.65,33.0,33.6,407500
2019-12-16,33.1,33.1,33.25,33.0,33.25,141060
2019-12-17,33.2,33.2,33.45,33.05,33.3,175600
2019-12-18,33.2,33.2,33.2,32.85,33.2,223100
2019-12-19,32.9,32.9,33.3,32.9,33.2,199016
2019-12-20,33.15,33.15,33.3,32.9,33.0,163030
2019-12-23,33.1,33.1,33.2,32.9,33.2,222470
2019-12-24,33.0,33.0,33.25,32.9,33.2,157140
2019-12-25,34.2,34.2,34.45,33.25,33.5,834661
2019-12-26,34.35,34.35,34.8,34.35,34.4,557425
2019-12-27,34.05,34.05,34.75,34.0,34.75,325104
2019-12-30,33.5,33.5,34.05,33.35,34.05,311240
2019-12-31,33.45,33.45,33.8,33.35,33.75,131000
2020-01-02,33.35,33.35,33.75,33.1,33.75,299760
2020-01-03,32.9,32.9,33.4,32.9,33.4,324000
2020-01-06,32.55,32.55,32.95,32.5,32.9,353150
2020-01-07,31.55,31.55,32.95,31.55,32.75,392622
2020-01-08,31.5,31.5,32.15,31.2,31.6,330351
2020-01-09,31.6,31.6,31.85,31.45,31.65,249422
2020-01-10,32.4,32.4,32.45,31.9,32.15,224060
2020-01-13,32.4,32.4,33.0,32.25,33.0,263480
2020-01-14,32.25,32.25,32.55,32.2,32.55,202183
2020-01-15,32.55,32.55,32.55,32.3,32.5,99200
2020-01-16,32.55,32.55,32.8,32.45,32.8,151078
2020-01-17,32.25,32.25,32.75,32.15,32.75,217896
2020-01-20,32.35,32.35,32.6,32.25,32.55,128060
2020-01-30,30.25,30.25,32.0,30.15,31.6,619029
2020-01-31,30.6,30.6,31.0,29.85,30.1,554889
2020-02-03,29.6,29.6,30.6,28.75,30.6,349030
2020-02-04,30.7,30.7,30.8,29.75,29.75,276100
2020-02-05,31.65,31.65,31.7,30.8,31.7,280200
2020-02-06,32.3,32.3,32.45,31.65,31.65,362468
2020-02-07,32.6,32.6,33.0,32.05,33.0,563720
2020-02-10,31.7,31.7,32.7,31.7,32.65,257000
2020-02-11,33.25,33.25,34.15,33.1,33.45,1903600
2020-02-12,33.75,33.75,34.35,33.45,34.0,955550
2020-02-13,33.1,33.1,33.8,33.1,33.8,551659
2020-02-14,33.45,33.45,33.45,33.15,33.35,225679
2020-02-17,33.7,33.7,33.9,33.25,33.4,391284
2020-02-18,33.7,33.7,33.9,33.45,33.75,349000
2020-02-19,34.25,34.25,34.4,33.65,33.65,992246
2020-02-20,34.9,34.9,34.95,34.5,34.6,1091057
2020-02-21,34.65,34.65,35.3,34.55,34.9,987854
2020-02-24,34.8,34.8,35.3,34.35,34.85,965800
2020-02-25,34.0,34.0,34.85,33.6,34.85,830379
2020-02-26,34.5,34.5,34.5,33.4,33.8,478817
2020-02-27,34.6,34.6,35.6,34.0,35.1,1636534
2020-03-02,34.6,34.6,34.85,33.95,34.45,705669
2020-03-03,36.05,36.05,36.9,34.8,35.05,4481830
2020-03-04,36.15,36.15,36.45,35.5,36.05,2260609
2020-03-05,35.5,35.5,37.3,35.5,36.6,3769975
2020-03-06,35.25,35.25,35.75,34.75,35.25,1766415
2020-03-09,35.35,35.35,37.3,34.8,35.65,4305225
2020-03-10,33.25,33.25,35.05,32.5,35.05,3431627
2020-03-11,32.3,32.3,33.45,32.15,32.9,1644833
2020-03-12,29.1,29.1,31.8,29.1,31.8,2640080
2020-03-13,27.0,27.0,27.85,26.2,26.3,2098655
2020-03-16,26.45,26.45,27.8,25.85,27.8,989530
2020-03-17,25.6,25.6,26.15,25.0,26.0,847001
2020-03-18,25.0,25.0,26.15,25.0,25.8,667752
2020-03-19,22.5,22.5,25.4,22.5,25.4,1464550
2020-03-20,24.75,24.75,24.75,22.9,22.9,880530
2020-03-23,24.8,24.8,24.9,23.3,24.05,358091
2020-03-24,25.2,25.2,26.9,25.1,25.1,671001
2020-03-25,25.45,25.45,26.1,25.3,26.0,456500
2020-03-26,25.9,25.9,26.1,25.1,25.2,477000
2020-03-27,25.5,25.5,26.5,25.5,26.35,611101
2020-03-30,26.15,26.15,26.35,24.7,24.7,196001
2020-03-31,26.0,26.0,26.7,25.85,26.25,271000
2020-04-01,25.95,25.95,26.5,25.65,26.0,166100
2020-04-07,25.9,25.9,26.75,25.8,26.5,523000
2020-04-08,26.3,26.3,26.45,25.95,26.1,457604
2020-04-09,28.7,28.7,28.7,26.3,26.6,1547250
2020-04-10,27.7,27.7,28.8,27.15,28.8,1155030
2020-04-13,26.9,26.9,27.85,26.75,27.7,634010
2020-04-14,27.1,27.1,27.5,26.9,26.95,681002
2020-04-15,27.7,27.7,28.35,27.15,27.2,614120
2020-04-16,27.65,27.65,28.1,27.25,27.55,526071
2020-04-17,27.4,27.4,28.0,27.35,28.0,477752
2020-04-20,27.95,27.95,28.2,27.4,27.45,445030
2020-04-21,27.0,27.0,28.0,26.9,27.8,623005
2020-04-22,26.9,26.9,27.25,26.25,26.9,197481
2020-04-23,27.2,27.2,27.55,26.9,27.25,272060
2020-04-24,26.75,26.75,27.8,26.65,27.2,689060
2020-04-27,27.9,27.9,27.95,27.1,27.2,704232
2020-04-28,28.2,28.2,28.75,28.0,28.3,760321
2020-04-29,28.1,28.1,28.35,27.95,28.35,536231
2020-05-04,28.55,28.55,29.15,27.55,28.0,732301
2020-05-05,28.75,28.75,29.5,28.6,29.0,681485
2020-05-06,29.45,29.45,30.6,28.9,28.95,1905080
2020-05-07,29.45,29.45,29.7,29.05,29.45,511457
2020-05-08,28.65,28.65,29.65,28.65,29.6,571180
2020-05-11,29.05,29.05,29.15,28.6,28.6,338379
2020-05-12,28.95,28.95,29.45,28.75,29.05,290210
2020-05-13,29.85,29.85,29.9,28.9,29.0,582900
2020-05-14,29.7,29.7,31.65,29.55,30.7,2007458
2020-05-15,29.6,29.6,30.35,29.0,30.2,661259
2020-05-18,30.05,30.05,30.8,29.95,30.4,862120
2020-05-19,30.4,30.4,30.65,29.9,30.65,526113
2020-05-20,30.1,30.1,30.85,30.0,30.75,582500
2020-05-21,30.2,30.2,30.7,30.1,30.3,510238
2020-05-22,30.6,30.6,30.9,30.2,30.2,829617
2020-05-25,31.7,31.7,31.9,30.25,30.65,2555569
2020-05-26,30.95,30.95,31.95,30.8,31.9,1229933
2020-05-27,30.6,30.6,31.3,30.4,31.05,591252
2020-05-28,30.15,30.15,30.85,30.15,30.6,374000
2020-05-29,30.2,30.2,30.55,30.15,30.15,189000
2020-06-01,30.25,30.25,30.45,30.2,30.2,263060
2020-06-02,30.3,30.3,30.6,30.2,30.25,273016
2020-06-03,30.85,30.85,30.85,30.3,30.5,297060
2020-06-04,30.7,30.7,31.1,30.65,30.9,232182
2020-06-05,30.85,30.85,31.3,30.55,30.7,502119
2020-06-08,30.9,30.9,31.4,30.9,31.3,422300
2020-06-09,30.7,30.7,30.9,30.5,30.9,352600
2020-06-10,30.35,30.35,30.8,30.1,30.5,369820
2020-06-11,29.5,29.5,30.6,29.35,30.35,815221
2020-06-12,29.2,29.2,29.35,28.65,29.1,454623
2020-06-15,30.65,30.65,31.1,29.25,29.25,972050
2020-06-16,30.6,30.6,30.95,30.3,30.95,481463
2020-06-17,30.9,30.9,31.1,30.35,30.55,1000040
2020-06-18,31.7,31.7,31.9,31.1,31.2,1581901
2020-06-19,31.75,31.75,32.7,31.45,32.0,1392608
2020-06-22,30.2,30.2,30.2,29.5,30.0,1041193
2020-06-23,29.7,29.7,30.2,29.6,30.2,503160
2020-06-24,29.3,29.3,30.0,29.15,30.0,531120
2020-06-29,28.9,28.9,29.2,28.7,28.8,508704
2020-06-30,29.05,29.05,29.2,28.9,29.0,230102
2020-07-01,29.2,29.2,29.6,29.1,29.2,245306
2020-07-02,29.6,29.6,30.1,29.25,29.25,718686
2020-07-03,29.2,29.2,29.6,29.2,29.6,503957
2020-07-06,29.25,29.25,29.45,29.2,29.2,496624
2020-07-07,28.5,28.5,29.15,28.35,29.15,944630
2020-07-08,28.95,28.95,29.4,28.45,28.6,830965
2020-07-09,29.6,29.6,30.45,28.6,29.0,1560793
2020-07-10,28.85,28.85,29.7,28.65,29.3,757530
2020-07-13,29.0,29.0,29.35,28.85,28.9,326366
2020-07-14,28.5,28.5,29.0,28.45,29.0,412360
2020-07-15,28.4,28.4,28.9,28.3,28.7,275060
2020-07-16,28.7,28.7,28.8,28.4,28.5,321224
2020-07-17,28.05,28.05,28.65,27.95,28.6,394848
2020-07-20,27.8,27.8,28.1,27.4,28.05,288043
2020-07-21,28.0,28.0,28.55,27.8,27.8,367822
2020-07-22,28.1,28.1,28.4,28.0,28.0,111090
2020-07-23,27.4,27.4,28.05,27.15,28.05,849804
2020-07-24,27.3,27.3,27.5,26.65,27.35,654900
2020-07-27,27.3,27.3,28.55,27.0,27.9,954300
2020-07-28,27.1,27.1,27.6,27.05,27.3,384624
2020-07-29,27.25,27.25,27.65,27.1,27.1,322994
2020-07-30,27.1,27.1,27.5,27.05,27.35,431056
2020-07-31,27.25,27.25,27.65,27.15,27.15,407030
2020-08-03,27.15,27.15,27.45,27.1,27.45,357509
2020-08-04,27.45,27.45,27.6,27.2,27.4,296025
2020-08-05,28.1,28.1,28.15,27.55,27.55,473067
2020-08-06,27.85,27.85,28.4,27.75,28.4,493060
2020-08-07,27.75,27.75,27.9,27.65,27.9,138025
2020-08-10,27.2,27.2,27.75,27.2,27.75,357308
2020-08-11,27.1,27.1,27.9,26.85,27.0,760519
2020-08-12,27.0,27.0,27.15,26.9,27.0,394481
2020-08-13,26.95,26.95,27.15,26.9,27.05,293972
2020-08-14,27.0,27.0,27.0,26.85,26.95,263302
2020-08-17,26.75,26.75,27.0,26.7,26.95,447061
2020-08-18,26.85,26.85,26.9,26.7,26.8,201434
2020-08-19,26.9,26.9,27.05,26.8,26.95,288698
2020-08-20,26.05,26.05,27.0,25.25,26.85,825158
2020-08-21,26.15,26.15,26.4,26.0,26.4,245743
2020-08-24,26.65,26.65,26.9,26.25,26.4,219418
2020-08-25,26.45,26.45,26.8,26.45,26.7,242007
2020-08-26,26.9,26.9,27.05,26.45,26.45,298477
2020-08-27,27.15,27.15,27.4,27.0,27.1,412798
2020-08-28,27.2,27.2,27.4,27.05,27.3,298793
2020-08-31,27.2,27.2,27.35,26.95,27.2,226758
2020-09-01,27.25,27.25,27.35,27.05,27.25,265474
2020-09-02,27.4,27.4,27.8,27.3,27.35,355614
2020-09-03,27.45,27.45,27.7,27.35,27.7,248262
2020-09-04,28.4,28.4,29.15,27.0,27.3,1828005
2020-09-07,28.9,28.9,29.85,28.7,28.7,1810230
2020-09-08,28.4,28.4,29.35,28.4,28.9,1128929
2020-09-09,29.1,29.1,29.5,28.1,28.3,1461450
2020-09-10,29.05,29.05,29.75,29.05,29.15,1146613
2020-09-11,29.3,29.3,30.2,29.25,29.45,2642033
2020-09-14,30.3,30.3,30.45,29.25,29.3,2054783
2020-09-15,31.5,31.5,31.85,30.5,30.5,4854345
2020-09-16,31.5,31.5,31.5,30.5,31.3,2270343
2020-09-17,31.45,31.45,32.2,31.15,31.7,2984465
2020-09-18,30.8,30.8,31.8,30.45,31.45,3397278
2020-09-21,30.35,30.35,31.0,30.2,30.8,1560729
2020-09-22,29.65,29.65,30.8,29.5,30.5,1150313
2020-09-23,30.1,30.1,30.25,29.0,29.8,845742
2020-09-24,29.0,29.0,29.7,28.4,29.3,1120270
2020-09-25,27.95,27.95,29.65,27.15,29.1,1169784
2020-09-28,28.05,28.05,28.5,27.8,28.5,447601
2020-09-29,29.0,29.0,29.1,27.75,28.05,656366
2020-09-30,29.05,29.05,29.25,28.6,29.1,340543
2020-10-05,29.5,29.5,29.55,28.65,29.0,543209
2020-10-06,29.85,29.85,29.9,29.6,29.8,413435
2020-10-07,29.95,29.95,30.15,29.6,29.8,618844
2020-10-08,29.45,29.45,29.95,29.35,29.9,578123
2020-10-12,28.7,28.7,29.55,28.6,29.45,579315
2020-10-13,29.0,29.0,29.05,28.8,28.8,101100
2020-10-14,28.9,28.9,29.2,28.85,29.0,244601
2020-10-15,28.7,28.7,29.4,28.7,29.4,248703
2020-10-16,28.45,28.45,28.85,28.4,28.8,202713
2020-10-19,28.8,28.8,28.85,28.4,28.5,190050
2020-10-20,28.8,28.8,29.0,28.6,28.65,132178
2020-10-21,29.85,29.85,29.85,28.8,28.8,833459
2020-10-22,30.85,30.85,31.5,30.2,30.5,3967853
2020-10-23,30.5,30.5,30.9,29.9,30.5,1697684
2020-10-26,30.15,30.15,30.75,29.9,30.5,706680
2020-10-27,30.75,30.75,30.85,29.75,30.0,1557953
2020-10-28,30.55,30.55,31.15,30.4,30.7,997448
2020-10-29,31.0,31.0,31.05,29.85,30.0,1517119
2020-10-30,30.05,30.05,31.4,30.05,31.0,1072578
2020-11-02,30.9,30.9,31.2,30.0,30.0,1419196
2020-11-03,30.85,30.85,31.2,30.7,30.85,525606
2020-11-04,31.15,31.15,31.4,30.25,30.85,1117251
2020-11-05,30.8,30.8,31.4,30.8,31.3,992615
2020-11-06,31.5,31.5,32.35,30.8,30.8,4066244
2020-11-09,31.7,31.7,32.1,31.3,31.55,1786917
2020-11-10,29.4,29.4,31.1,28.95,31.1,5704908
2020-11-11,30.1,30.1,30.25,29.45,29.85,1967196
2020-11-12,29.95,29.95,30.1,29.55,30.1,1014600
2020-11-13,29.75,29.75,30.1,29.75,29.95,608034
2020-11-16,29.1,29.1,29.85,29.0,29.75,1855446
2020-11-17,29.0,29.0,29.3,28.75,29.1,1000848
2020-11-18,29.0,29.0,29.55,28.85,29.0,760246
2020-11-19,28.45,28.45,29.0,28.05,29.0,1864029
2020-11-20,28.85,28.85,28.85,28.35,28.8,516104
2020-11-23,28.6,28.6,28.95,28.5,28.85,685027
2020-11-24,28.65,28.65,28.8,28.5,28.65,474094
2020-11-25,28.4,28.4,28.85,28.3,28.85,644238
2020-11-26,28.25,28.25,28.5,28.1,28.45,797755
2020-11-27,28.35,28.35,28.7,28.1,28.25,449517
2020-11-30,28.5,28.5,28.6,28.4,28.4,337392
2020-12-01,28.25,28.25,28.8,28.15,28.5,873306
2020-12-02,28.2,28.2,28.45,28.15,28.3,444854
2020-12-04,28.3,28.3,28.45,28.25,28.4,345000
2020-12-07,28.25,28.25,28.45,28.15,28.45,427000
2020-12-08,28.6,28.6,28.75,28.25,28.3,501709
2020-12-09,28.4,28.4,28.7,28.35,28.65,493701
2020-12-10,27.85,27.85,28.45,27.8,28.4,894625
2020-12-11,27.15,27.15,27.65,26.7,27.65,1829807
2020-12-14,27.25,27.25,27.45,27.05,27.15,275980
2020-12-15,27.0,27.0,27.35,26.9,27.35,336817
2020-12-16,27.15,27.15,27.3,26.85,27.05,398000
2020-12-17,27.15,27.15,27.45,27.15,27.4,160329
2020-12-18,27.05,27.05,27.4,26.95,27.35,291030
2020-12-21,27.15,27.15,27.3,27.0,27.3,224514
2020-12-22,27.1,27.1,27.25,27.0,27.2,299260
2020-12-23,27.15,27.15,27.35,27.05,27.15,273313
2020-12-24,27.1,27.1,27.25,27.0,27.15,260135
2020-12-25,27.05,27.05,27.15,27.0,27.1,271646
2020-12-28,26.55,26.55,27.0,26.4,27.0,1388439
2020-12-29,26.95,26.95,27.15,26.55,26.65,1041870
2020-12-30,26.8,26.8,27.15,26.65,27.0,683996
2020-12-31,26.95,26.95,27.05,26.85,26.9,209303
2021-01-04,26.95,26.95,27.05,26.7,27.0,309380
2021-01-05,26.85,26.85,26.95,26.7,26.85,329286
2021-01-06,26.65,26.65,26.85,26.5,26.8,477208
2021-01-07,26.55,26.55,26.65,26.45,26.65,332935
2021-01-08,26.9,26.9,26.9,26.4,26.5,1240734
2021-01-11,26.5,26.5,26.9,26.4,26.9,407662
2021-01-12,26.5,26.5,26.8,26.45,26.8,294476
2021-01-13,26.5,26.5,26.75,26.5,26.7,250243
2021-01-14,26.45,26.45,26.55,26.35,26.55,266501
2021-01-15,26.25,26.25,26.45,26.15,26.45,364843
2021-01-18,26.05,26.05,26.45,25.95,26.45,279987
2021-01-19,26.0,26.0,26.1,25.95,26.0,332200
2021-01-20,25.6,25.6,26.05,25.6,26.05,489447
2021-01-21,25.5,25.5,25.65,25.45,25.6,408876
2021-01-22,25.25,25.25,25.7,25.2,25.7,233651
2021-01-25,26.05,26.05,26.2,25.2,25.2,386779
2021-01-26,25.7,25.7,26.05,25.7,26.0,159228
2021-01-27,25.7,25.7,25.75,25.6,25.6,172554
2021-01-28,25.35,25.35,25.6,25.25,25.4,228990
2021-01-29,25.1,25.1,25.4,25.1,25.35,238072
2021-02-01,25.2,25.2,25.4,25.0,25.1,278718
2021-02-02,25.35,25.35,25.5,25.2,25.2,277526
2021-02-03,25.4,25.4,25.65,25.4,25.4,220248
2021-02-04,25.55,25.55,25.8,25.35,25.35,152338
2021-02-05,25.7,25.7,25.85,25.6,25.6,218235
2021-02-17,25.9,25.9,25.95,25.7,25.7,340357
2021-02-18,26.25,26.25,26.35,25.9,25.9,277596
2021-02-19,26.25,26.25,26.4,26.0,26.15,213026
2021-02-22,26.45,26.45,26.5,26.2,26.25,340934
2021-02-23,26.05,26.05,26.45,25.9,26.45,360701
2021-02-24,25.85,25.85,26.15,25.75,26.05,308777
2021-02-25,26.1,26.1,26.1,25.7,25.85,238882
2021-02-26,25.85,25.85,26.1,25.8,26.1,223055
2021-03-02,25.85,25.85,26.05,25.85,25.9,220970
2021-03-03,26.0,26.0,26.1,25.85,25.9,165210
2021-03-04,26.05,26.05,26.15,25.9,26.0,203148
2021-03-05,26.15,26.15,26.2,25.9,25.9,173200
2021-03-08,27.0,27.0,27.8,26.15,26.15,1508652
2021-03-09,26.95,26.95,27.4,26.7,27.0,432296
2021-03-10,26.7,26.7,26.95,26.65,26.95,176279
2021-03-11,26.5,26.5,26.85,26.3,26.8,444176
2021-03-12,26.7,26.7,26.7,26.4,26.6,312986
2021-03-15,27.05,27.05,27.7,26.55,26.7,833759
2021-03-16,27.0,27.0,27.35,26.95,27.0,357879
2021-03-17,26.75,26.75,27.05,26.75,27.05,227066
2021-03-18,26.85,26.85,26.95,26.75,26.85,151073
2021-03-19,27.0,27.0,27.3,26.55,26.75,802278
2021-03-22,26.95,26.95,27.15,26.85,27.15,207099
2021-03-23,26.9,26.9,27.3,26.9,27.1,316846
2021-03-24,26.95,26.95,27.0,26.8,26.9,183111
2021-03-25,26.7,26.7,26.95,26.65,26.9,270085
2021-03-26,26.75,26.75,26.85,26.7,26.7,153149
2021-03-29,26.75,26.75,26.9,26.7,26.75,122939
2021-03-30,26.7,26.7,26.9,26.7,26.8,182044
2021-03-31,26.55,26.55,26.7,26.5,26.65,293212
2021-04-01,26.7,26.7,26.9,26.55,26.85,225770
2021-04-06,26.6,26.6,26.8,26.5,26.75,408531
2021-04-07,26.7,26.7,26.75,26.6,26.6,192318
2021-04-08,26.7,26.7,26.9,26.7,26.75,428669
2021-04-09,26.9,26.9,27.1,26.85,26.9,530878
2021-04-12,26.55,26.55,26.85,26.5,26.85,588583
2021-04-13,26.35,26.35,26.8,26.3,26.75,446961
2021-04-14,25.9,25.9,26.5,25.65,26.5,560621
2021-04-15,25.85,25.85,26.05,25.85,26.0,305187
2021-04-16,26.3,26.3,26.45,25.85,25.95,338508
2021-04-19,26.5,26.5,26.55,26.2,26.45,530359
2021-04-20,26.5,26.5,26.7,26.4,26.55,359350
2021-04-21,26.5,26.5,26.55,26.4,26.5,250433
2021-04-22,26.15,26.15,26.65,25.95,26.6,403612
2021-04-23,26.2,26.2,26.25,25.95,26.0,152305
2021-04-26,26.45,26.45,26.7,26.15,26.2,326797
2021-04-27,26.7,26.7,27.0,26.55,26.6,605023
2021-04-28,26.75,26.75,26.95,26.65,26.9,276768
2021-04-29,26.6,26.6,26.85,26.6,26.8,283129
2021-05-03,26.2,26.2,26.75,26.2,26.6,272007
2021-05-04,25.7,25.7,26.25,25.4,26.25,479782
2021-05-05,25.65,25.65,25.85,25.5,25.6,288003
2021-05-06,25.3,25.3,25.75,25.25,25.65,390383
2021-05-07,25.65,25.65,25.8,25.35,25.45,211864
2021-05-10,25.65,25.65,25.75,25.6,25.75,108125
2021-05-11,25.0,25.0,25.5,25.0,25.5,478382
2021-05-12,24.35,24.35,25.45,23.8,25.05,592539
2021-05-13,24.45,24.45,24.7,23.5,24.1,409394
2021-05-14,24.5,24.5,24.7,24.45,24.65,213464
2021-05-17,23.1,23.1,24.5,22.7,23.5,381965
2021-05-18,23.8,23.8,23.8,23.15,23.15,345190
2021-05-19,23.6,23.6,23.8,23.5,23.8,215337
2021-05-20,23.5,23.5,24.25,23.5,23.5,212416
2021-05-21,23.6,23.6,23.8,23.55,23.7,114400
2021-05-24,24.0,24.0,24.6,23.65,23.65,454006
2021-05-25,23.65,23.65,24.55,23.65,24.3,278815
2021-05-26,23.9,23.9,24.3,23.9,23.9,390732
2021-05-27,24.35,24.35,24.45,23.9,23.9,224077
2021-05-28,24.9,24.9,25.25,24.55,24.55,454190
2021-05-31,24.95,24.95,25.2,24.9,24.9,243001
2021-06-01,25.0,25.0,25.0,24.8,25.0,177191
2021-06-02,25.0,25.0,25.1,24.85,25.0,139370
2021-06-03,25.1,25.1,25.3,24.95,25.2,163038
2021-06-04,25.0,25.0,25.2,24.95,25.2,73050
2021-06-07,25.0,25.0,25.15,24.75,25.0,214050
2021-06-08,25.1,25.1,25.15,24.85,25.05,84412
2021-06-09,25.2,25.2,25.45,25.15,25.15,313377
2021-06-10,25.75,25.75,25.8,25.5,25.5,444548
2021-06-11,25.7,25.7,25.8,25.3,25.8,416416
2021-06-15,25.75,25.75,25.9,25.6,25.85,148777
2021-06-16,25.7,25.7,25.85,25.6,25.8,173052
2021-06-17,25.65,25.65,25.75,25.5,25.7,110562
2021-06-18,25.65,25.65,25.7,25.45,25.7,129406
2021-06-21,25.25,25.25,25.6,25.25,25.5,156220
2021-06-22,25.3,25.3,25.5,25.2,25.35,128651
2021-06-23,25.5,25.5,25.65,25.3,25.65,95495
2021-06-24,25.6,25.6,25.65,25.45,25.55,99203
2021-06-25,25.65,25.65,25.8,25.55,25.7,131963
2021-06-28,25.8,25.8,25.85,25.7,25.7,136338
2021-06-29,25.6,25.6,25.85,25.6,25.85,100058
2021-06-30,25.8,25.8,25.85,25.6,25.6,139141
2021-07-01,25.7,25.7,25.95,25.65,25.9,135408
2021-07-02,25.85,25.85,25.95,25.7,25.85,265298
2021-07-05,26.05,26.05,26.1,25.9,25.95,230779
2021-07-06,26.05,26.05,26.15,26.0,26.1,196900
2021-07-07,25.8,25.8,26.0,25.8,26.0,112587
2021-07-08,26.05,26.05,26.15,25.75,25.8,251308
2021-07-09,25.95,25.95,26.05,25.9,26.0,393994
2021-07-12,24.4,24.4,24.7,24.35,24.6,366810
2021-07-13,23.95,23.95,24.4,23.9,24.4,334820
2021-07-14,23.85,23.85,23.95,23.85,23.95,125108
2021-07-15,23.9,23.9,23.95,23.85,23.85,155568
2021-07-16,24.0,24.0,24.05,23.7,23.9,102240
2021-07-19,23.75,23.75,24.35,23.6,24.0,265272
2021-07-20,23.6,23.6,23.9,23.5,23.75,276306
2021-07-21,23.6,23.6,23.7,23.5,23.6,149422
2021-07-22,23.55,23.55,23.9,23.55,23.75,111150
2021-07-23,23.8,23.8,23.8,23.55,23.6,134304
2021-07-26,23.9,23.9,23.95,23.8,23.8,110300
2021-07-27,23.55,23.55,23.9,23.5,23.9,148105
2021-07-28,23.45,23.45,23.6,23.25,23.55,177451
2021-07-29,23.65,23.65,23.65,23.45,23.45,85569
2021-07-30,23.7,23.7,23.75,23.6,23.65,65107
2021-08-02,24.0,24.0,24.0,23.7,23.7,117101
2021-08-03,24.25,24.25,24.3,24.0,24.0,108368
2021-08-04,24.0,24.0,24.15,23.8,24.15,42307
2021-08-05,24.1,24.1,24.1,23.9,24.0,58258
2021-08-06,24.0,24.0,24.1,23.9,24.1,43755
2021-08-09,23.7,23.7,23.95,23.7,23.95,65309
2021-08-10,23.6,23.6,23.75,23.6,23.7,89230
2021-08-11,23.4,23.4,23.75,23.3,23.6,145406
2021-08-12,23.45,23.45,23.6,23.4,23.4,51708
2021-08-13,23.1,23.1,23.35,23.0,23.35,184800
2021-08-16,22.85,22.85,23.1,22.5,23.1,245176
2021-08-17,22.55,22.55,22.8,22.55,22.65,117369
2021-08-18,22.25,22.25,22.35,21.95,22.3,310196
2021-08-19,22.1,22.1,22.25,22.05,22.25,120572
2021-08-20,22.05,22.05,22.1,21.9,22.05,95708
2021-08-23,22.3,22.3,22.45,22.0,22.0,129334
2021-08-24,22.95,22.95,23.15,22.35,22.35,273643
2021-08-25,22.95,22.95,22.95,22.75,22.95,57427
2021-08-26,22.75,22.75,23.0,22.65,22.95,92220
2021-08-27,22.85,22.85,22.85,22.7,22.75,85060
2021-08-30,22.55,22.55,22.85,22.55,22.8,78551
2021-08-31,22.7,22.7,22.75,22.5,22.55,123356
2021-09-01,22.6,22.6,22.7,22.4,22.7,90007
2021-09-02,22.5,22.5,22.65,22.4,22.6,69012
2021-09-03,22.55,22.55,22.7,22.4,22.5,147930
2021-09-06,22.55,22.55,22.8,22.5,22.55,105276
2021-09-07,22.6,22.6,22.75,22.45,22.5,113100
2021-09-08,22.4,22.4,22.6,22.3,22.6,98610
2021-09-09,22.3,22.3,22.4,22.25,22.35,84000
2021-09-10,22.15,22.15,22.3,22.1,22.3,121199
2021-09-13,22.1,22.1,22.4,22.1,22.15,125682
2021-09-14,22.1,22.1,22.2,22.1,22.1,92140
2021-09-15,22.1,22.1,22.2,22.1,22.1,73458
2021-09-16,22.05,22.05,22.25,22.05,22.15,105748
2021-09-17,22.05,22.05,22.15,22.05,22.15,32627
2021-09-22,22.7,22.7,23.0,22.05,22.05,610165
2021-09-23,22.8,22.8,23.0,22.7,23.0,388349
2021-09-24,23.0,23.0,23.1,22.95,22.95,276014
2021-09-27,24.15,24.15,24.2,23.1,23.15,695616
2021-09-28,24.05,24.05,24.2,23.8,24.2,432033
2021-09-29,23.7,23.7,24.05,23.7,24.05,311197
2021-09-30,23.9,23.9,24.0,23.7,23.7,156437
2021-10-01,23.4,23.4,23.9,23.3,23.9,221072
2021-10-04,23.2,23.2,23.55,23.1,23.4,182048
2021-10-05,23.05,23.05,23.2,22.9,23.2,207333
2021-10-06,22.95,22.95,23.15,22.95,23.15,122519
2021-10-07,23.55,23.55,23.65,23.05,23.05,149103
2021-10-08,23.35,23.35,23.55,23.35,23.55,74598
2021-10-12,23.2,23.2,23.3,23.0,23.3,180453
2021-10-13,23.0,23.0,23.3,22.85,23.3,146073
2021-10-14,22.85,22.85,23.0,22.85,23.0,134643
2021-10-15,22.85,22.85,22.95,22.85,22.85,84249
2021-10-18,23.0,23.0,23.0,22.9,22.9,94750
2021-10-19,23.0,23.0,23.1,23.0,23.05,180070
2021-10-20,23.15,23.15,23.25,23.0,23.0,114031
2021-10-21,23.1,23.1,23.15,23.0,23.15,137034
2021-10-22,23.0,23.0,23.1,22.95,23.1,71800
2021-10-25,23.2,23.2,23.25,23.0,23.05,193844
2021-10-26,23.1,23.1,23.2,23.05,23.2,145729
2021-10-27,23.2,23.2,23.2,23.0,23.15,142207
2021-10-28,23.2,23.2,23.25,23.1,23.2,114298
2021-10-29,23.15,23.15,23.2,23.1,23.15,131255
2021-11-01,23.95,23.95,24.15,23.2,23.2,599336
2021-11-02,23.85,23.85,24.1,23.85,24.0,410764
2021-11-03,23.95,23.95,24.05,23.8,24.05,136242
2021-11-04,23.8,23.8,23.9,23.8,23.85,188387
2021-11-05,23.75,23.75,23.95,23.75,23.95,118435
2021-11-08,23.8,23.8,23.9,23.7,23.75,206582
2021-11-09,23.7,23.7,23.8,23.7,23.8,101510
2021-11-10,23.35,23.35,23.75,23.15,23.7,253888
2021-11-11,23.35,23.35,23.35,23.25,23.35,209640
2021-11-12,23.45,23.45,23.8,23.3,23.45,111816
2021-11-15,23.55,23.55,23.65,23.45,23.45,153538
2021-11-16,23.4,23.4,23.55,23.1,23.55,290751
2021-11-17,23.2,23.2,23.4,23.2,23.4,194234
2021-11-18,23.25,23.25,23.25,23.05,23.2,129166
2021-11-19,23.2,23.2,23.35,23.2,23.3,130431
2021-11-22,23.3,23.3,23.4,23.2,23.2,117875
2021-11-23,23.3,23.3,23.4,23.25,23.35,90151
2021-11-24,23.4,23.4,23.45,23.3,23.3,87207
2021-11-25,23.15,23.15,23.45,23.15,23.4,184689
2021-11-26,23.0,23.0,23.2,22.95,23.15,196864
2021-11-29,22.9,22.9,23.05,22.75,22.75,131317
2021-11-30,23.2,23.2,23.5,22.95,22.95,121050
2021-12-01,23.15,23.15,23.2,23.05,23.05,71117
2021-12-02,23.0,23.0,23.1,23.0,23.1,72088
2021-12-03,23.0,23.0,23.05,22.95,23.0,94082
2021-12-06,23.05,23.05,23.1,23.0,23.05,58442
2021-12-07,22.95,22.95,23.05,22.95,23.05,93843
2021-12-08,23.0,23.0,23.1,22.95,23.0,110340
2021-12-09,23.0,23.0,23.1,23.0,23.1,61361
2021-12-10,23.2,23.2,23.4,23.05,23.1,163591
2021-12-13,23.2,23.2,23.4,23.2,23.2,205548
2021-12-14,23.15,23.15,23.4,23.1,23.25,253000
2021-12-15,23.3,23.3,23.4,23.15,23.15,109502
2021-12-16,23.5,23.5,23.75,23.4,23.4,323606
2021-12-17,23.4,23.4,23.7,23.4,23.7,81999
2021-12-20,23.2,23.2,23.5,23.2,23.35,113071
2021-12-21,23.25,23.25,23.3,23.15,23.25,50196
2021-12-22,23.4,23.4,23.5,23.25,23.4,84179
2021-12-23,23.25,23.25,23.45,23.25,23.4,86266
2021-12-24,23.35,23.35,23.4,23.25,23.3,84142
2021-12-27,23.3,23.3,23.4,23.25,23.4,131090
2021-12-28,23.25,23.25,23.3,23.2,23.3,75844
2021-12-29,23.3,23.3,23.35,23.25,23.35,130688
2021-12-30,23.35,23.35,23.45,23.3,23.35,86543
2022-01-03,23.3,23.3,23.5,23.25,23.35,101218
2022-01-04,23.2,23.2,23.45,23.15,23.45,96555
2022-01-05,23.15,23.15,23.25,22.95,23.25,198684
2022-01-06,23.15,23.15,23.15,23.0,23.15,85345
2022-01-07,22.95,22.95,23.15,22.85,23.15,255111
2022-01-10,23.0,23.0,23.05,22.9,22.95,112528
2022-01-11,22.85,22.85,23.0,22.85,23.0,111424
2022-01-12,22.8,22.8,22.9,22.8,22.85,196339
2022-01-13,22.9,22.9,22.9,22.8,22.85,94219
2022-01-14,22.8,22.8,22.9,22.75,22.9,103852
2022-01-17,22.85,22.85,22.9,22.75,22.85,100401
2022-01-18,23.35,23.35,23.4,22.75,22.85,661938
2022-01-19,23.35,23.35,23.4,23.3,23.4,340125
2022-01-20,23.3,23.3,23.4,23.3,23.35,135034
2022-01-21,23.1,23.1,23.25,23.05,23.25,207051
2022-01-24,22.9,22.9,23.1,22.85,23.1,148004
2022-01-25,22.9,22.9,22.95,22.8,22.9,139459
2022-01-26,22.95,22.95,23.0,22.85,23.0,122581
2022-02-07,23.2,23.2,23.2,23.0,23.0,108479
2022-02-08,23.1,23.1,23.25,23.1,23.2,87323
2022-02-09,23.15,23.15,23.2,23.0,23.1,119061
2022-02-10,23.15,23.15,23.15,23.05,23.1,48489
2022-02-11,23.15,23.15,23.25,23.15,23.25,74159
2022-02-14,23.1,23.1,23.2,23.05,23.2,105777
2022-02-15,23.1,23.1,23.1,23.05,23.1,84491
2022-02-16,23.15,23.15,23.15,23.05,23.15,105421
2022-02-17,23.1,23.1,23.2,23.05,23.2,80842
2022-02-18,23.2,23.2,23.2,23.1,23.1,135338
2022-02-21,23.05,23.05,23.15,23.05,23.1,168254
2022-02-22,22.95,22.95,23.05,22.95,23.05,195129
2022-02-23,23.0,23.0,23.05,22.95,23.0,68406
2022-02-24,22.9,22.9,23.05,22.8,23.05,220187
2022-02-25,22.85,22.85,22.9,22.75,22.9,231932
2022-03-01,22.8,22.8,23.0,22.75,22.85,257686
2022-03-02,22.9,22.9,23.0,22.85,22.95,110189
2022-03-03,22.95,22.95,23.0,22.85,22.95,111752
2022-03-04,22.9,22.9,22.95,22.8,22.95,104673
2022-03-07,22.55,22.55,22.9,22.5,22.9,310777
2022-03-08,22.4,22.4,22.7,22.4,22.55,326875
2022-03-09,22.45,22.45,22.5,22.4,22.45,143478
2022-03-10,22.7,22.7,22.85,22.55,22.55,86946
2022-03-11,22.65,22.65,22.7,22.6,22.6,27288
2022-03-14,22.5,22.5,22.65,22.5,22.65,85779
2022-03-15,22.3,22.3,22.5,22.25,22.5,198125
2022-03-16,22.3,22.3,22.5,22.2,22.3,104750
2022-03-17,22.45,22.45,22.5,22.3,22.4,108516
2022-03-18,22.5,22.5,22.55,22.4,22.5,72778
2022-03-21,22.65,22.65,22.75,22.55,22.55,48811
2022-03-22,22.6,22.6,22.7,22.5,22.7,102849
2022-03-23,22.65,22.65,22.7,22.6,22.7,87511
2022-03-24,22.6,22.6,22.65,22.55,22.65,66642
2022-03-25,22.6,22.6,22.6,22.5,22.55,132891
2022-03-28,22.55,22.55,22.65,22.5,22.65,81436
2022-03-29,22.6,22.6,22.65,22.55,22.55,125944
2022-03-30,22.7,22.7,22.7,22.55,22.65,69834
2022-03-31,22.9,22.9,23.25,22.65,22.65,443222
2022-04-01,22.9,22.9,23.15,22.85,23.0,83555
2022-04-06,22.95,22.95,23.0,22.85,22.9,91548
2022-04-07,22.9,22.9,22.95,22.8,22.9,98487
2022-04-08,22.9,22.9,22.9,22.75,22.8,76223
2022-04-11,22.85,22.85,23.15,22.8,23.1,250011
2022-04-12,22.85,22.85,22.85,22.75,22.85,60927
2022-04-13,23.0,23.0,23.0,22.85,22.95,126556
2022-04-14,23.0,23.0,23.0,22.9,23.0,66304
2022-04-15,23.5,23.5,23.7,23.05,23.05,779485
2022-04-18,25.75,25.75,25.85,23.5,23.6,5743520
2022-04-19,24.1,24.1,25.1,23.65,25.1,1932291
2022-04-20,24.6,24.6,24.75,23.6,24.3,1280638
2022-04-21,24.7,24.7,25.2,24.3,24.55,1362915
2022-04-22,25.4,25.4,26.35,24.75,24.75,3618851
2022-04-25,24.0,24.0,26.0,24.0,25.8,3241789
2022-04-26,23.65,23.65,24.5,23.55,24.2,922704
2022-04-27,23.75,23.75,24.65,23.0,23.2,764770
2022-04-28,23.75,23.75,24.2,23.6,23.9,327202
2022-04-29,23.55,23.55,24.2,23.55,23.75,427118
2022-05-03,23.35,23.35,23.6,23.35,23.55,293639
2022-05-04,23.3,23.3,24.0,23.3,23.4,255259
2022-05-05,23.05,23.05,23.5,23.0,23.45,648860
2022-05-06,22.75,22.75,23.0,22.5,22.95,645358
2022-05-09,22.6,22.6,22.8,22.5,22.75,302310
2022-05-10,23.0,23.0,23.0,22.5,22.6,241091
2022-05-11,22.8,22.8,23.05,22.7,22.95,242194
2022-05-12,22.55,22.55,22.8,22.4,22.8,343580
2022-05-13,22.8,22.8,22.95,22.55,22.7,166432
2022-05-16,23.0,23.0,23.15,22.95,23.0,205577
2022-05-17,23.1,23.1,23.2,23.0,23.15,253488
2022-05-18,23.15,23.15,23.25,23.0,23.1,390077
2022-05-19,23.25,23.25,23.55,22.95,23.05,287921
2022-05-20,23.3,23.3,23.4,23.2,23.3,202925
2022-05-23,23.1,23.1,23.35,22.9,23.35,139681
2022-05-24,23.05,23.05,23.25,23.05,23.2,53479
2022-05-25,23.05,23.05,23.1,23.0,23.05,73973
2022-05-26,22.9,22.9,23.2,22.9,23.2,144448
2022-05-27,23.05,23.05,23.1,22.9,23.1,69317
2022-05-30,23.2,23.2,23.2,23.05,23.1,155909
2022-05-31,23.1,23.1,23.2,23.0,23.2,83827
2022-06-01,23.2,23.2,23.25,23.1,23.15,69857
2022-06-02,23.3,23.3,23.4,23.1,23.15,137029
2022-06-06,23.35,23.35,23.4,23.25,23.3,111954
2022-06-07,23.2,23.2,23.4,23.15,23.35,106371
2022-06-08,23.3,23.3,23.35,23.25,23.3,82568
2022-06-09,23.9,23.9,24.45,23.45,23.45,1237267
2022-06-10,23.95,23.95,24.1,23.7,23.9,264583
2022-06-13,23.7,23.7,23.95,23.7,23.75,185923
2022-06-14,23.5,23.5,23.7,23.25,23.7,229822
2022-06-15,23.7,23.7,23.75,23.5,23.55,120115
2022-06-16,23.65,23.65,24.0,23.6,23.9,247113
2022-06-17,23.4,23.4,23.55,23.25,23.5,144137
2022-06-20,23.15,23.15,23.7,23.0,23.45,196712
2022-06-21,23.4,23.4,23.45,23.05,23.1,139053
2022-06-22,23.2,23.2,23.5,23.2,23.5,116881
2022-06-23,23.4,23.4,23.6,23.2,23.3,162311
2022-06-24,23.7,23.7,23.75,23.45,23.55,246463
2022-06-27,24.0,24.0,24.25,23.9,23.95,433937
2022-06-28,24.05,24.05,24.2,23.85,24.0,126224
2022-06-29,23.85,23.85,24.1,23.75,24.0,142217
2022-06-30,23.55,23.55,24.0,23.5,23.95,314374
2022-07-01,22.95,22.95,23.55,22.95,23.55,276867
2022-07-04,23.1,23.1,23.25,23.05,23.05,113377
2022-07-05,23.25,23.25,23.25,23.05,23.1,283097
2022-07-06,22.35,22.35,22.55,22.3,22.5,435039
2022-07-07,22.45,22.45,22.8,22.15,22.35,229528
2022-07-08,22.75,22.75,22.9,22.65,22.7,222501
2022-07-11,22.65,22.65,22.95,22.6,22.95,110234
2022-07-12,22.1,22.1,22.55,22.1,22.55,248379
2022-07-13,22.3,22.3,22.45,22.1,22.3,271427
2022-07-14,22.2,22.2,22.25,22.1,22.15,260144
2022-07-15,22.4,22.4,22.55,22.3,22.3,123808
2022-07-18,22.4,22.4,22.55,22.35,22.4,113781
2022-07-19,22.45,22.45,22.6,22.4,22.4,100745
2022-07-20,22.5,22.5,22.65,22.45,22.5,254981
2022-07-21,22.75,22.75,23.0,22.5,22.5,118524
2022-07-22,22.8,22.8,22.85,22.6,22.85,96323
2022-07-25,23.05,23.05,23.1,22.75,22.8,140804
2022-07-26,22.9,22.9,23.05,22.55,23.05,64427
2022-07-27,22.9,22.9,23.0,22.75,23.0,66740
2022-07-28,22.75,22.75,23.05,22.75,23.05,139308
2022-07-29,22.75,22.75,22.9,22.75,22.9,118768
2022-08-01,22.95,22.95,23.0,22.8,22.9,80070
2022-08-02,22.75,22.75,22.9,22.7,22.9,120931
2022-08-03,22.65,22.65,22.8,22.6,22.65,184923
2022-08-04,22.4,22.4,22.75,22.4,22.65,232792
2022-08-05,22.7,22.7,23.0,22.7,22.75,107545
2022-08-08,22.8,22.8,22.9,22.6,22.8,117261
2022-08-09,22.85,22.85,22.95,22.8,22.8,66055
2022-08-10,22.5,22.5,22.75,22.3,22.75,289802
2022-08-11,22.6,22.6,22.75,22.5,22.75,111702
2022-08-12,22.95,22.95,23.2,22.7,22.7,274631
2022-08-15,23.1,23.1,23.3,22.9,23.1,227225
2022-08-16,23.05,23.05,23.4,23.05,23.15,191240
2022-08-17,23.15,23.15,23.3,23.05,23.05,153900
2022-08-18,23.05,23.05,23.25,22.9,23.2,154358
2022-08-19,23.0,23.0,23.1,22.9,23.05,214534
2022-08-22,23.1,23.1,23.55,23.0,23.0,451567
2022-08-23,23.25,23.25,23.4,23.1,23.15,307009
2022-08-24,23.8,23.8,24.2,23.45,23.45,899985
2022-08-25,24.0,24.0,24.05,23.8,24.0,406953
2022-08-26,23.9,23.9,24.3,23.9,24.1,370461
2022-08-29,23.9,23.9,23.9,23.5,23.5,305094
2022-08-30,24.45,24.45,24.5,24.0,24.0,587737
2022-08-31,24.85,24.85,25.4,24.45,24.45,1494713
2022-09-01,24.75,24.75,25.4,24.7,24.9,924997
2022-09-02,24.3,24.3,25.1,24.2,25.1,564580
2022-09-05,24.45,24.45,24.65,24.3,24.35,332754
2022-09-06,23.65,23.65,24.55,23.4,24.55,565803
2022-09-07,23.85,23.85,24.05,23.55,23.65,156693
2022-09-08,24.3,24.3,24.45,24.05,24.1,274579
2022-09-12,24.4,24.4,24.6,24.4,24.5,272594
2022-09-13,25.15,25.15,25.15,24.6,24.7,959416
2022-09-14,25.3,25.3,25.9,24.85,25.2,1953772
2022-09-15,25.35,25.35,25.9,25.3,25.45,1332524
2022-09-16,25.85,25.85,26.0,25.35,25.4,1400641
2022-09-19,25.9,25.9,26.35,25.55,26.0,1530127
2022-09-20,26.5,26.5,26.8,26.2,26.5,3460247
2022-09-21,25.95,25.95,26.95,25.7,26.7,2705461
2022-09-22,26.4,26.4,26.6,25.45,26.1,2340491
2022-09-23,26.15,26.15,26.7,25.9,26.4,1688234
2022-09-26,26.2,26.2,26.45,25.6,25.9,1787600
2022-09-27,24.7,24.7,26.2,23.8,26.2,2735174
2022-09-28,23.9,23.9,24.95,23.9,24.85,1190258
2022-09-29,24.75,24.75,24.95,24.0,24.5,906366
2022-09-30,25.4,25.4,25.45,24.25,24.65,1167145
2022-10-03,24.65,24.65,25.6,24.6,25.3,914120
2022-10-04,24.95,24.95,25.35,24.75,25.05,839348
2022-10-05,26.6,26.6,27.0,25.2,25.3,5540962
2022-10-06,26.7,26.7,26.8,26.1,26.8,3080816
2022-10-07,25.1,25.1,26.25,24.6,26.25,3193235
2022-10-11,24.0,24.0,24.85,23.25,24.85,2319392
2022-10-12,23.95,23.95,24.35,23.6,23.85,867380
2022-10-13,22.7,22.7,23.95,22.5,23.75,1930266
2022-10-14,22.8,22.8,23.35,22.7,23.1,603419
2022-10-17,23.05,23.05,23.1,22.25,22.75,785885
2022-10-18,23.45,23.45,23.6,22.85,23.15,580204
2022-10-19,22.95,22.95,23.5,22.9,23.3,359814
2022-10-20,23.05,23.05,23.1,22.6,22.9,505974
2022-10-21,22.75,22.75,23.0,22.6,22.95,545738
2022-10-24,22.7,22.7,23.1,22.7,23.1,200042
2022-10-25,22.5,22.5,22.75,22.4,22.7,482244
2022-10-26,22.5,22.5,22.8,22.45,22.5,193004
2022-10-27,22.8,22.8,22.85,22.55,22.6,320669
2022-10-28,22.45,22.45,22.85,22.45,22.8,339594
2022-10-31,22.35,22.35,22.65,22.35,22.55,403400
2022-11-01,22.65,22.65,22.75,22.35,22.35,329293
2022-11-02,23.3,23.3,23.55,22.55,22.55,612723
2022-11-03,24.9,24.9,25.6,23.5,23.5,6538849
2022-11-04,25.6,25.6,25.6,24.5,24.9,2403821
2022-11-07,26.1,26.1,26.2,25.35,25.6,1700802
2022-11-08,25.55,25.55,26.45,25.55,26.1,1614489
2022-11-09,25.85,25.85,26.05,25.35,25.35,1078619
2022-11-10,25.7,25.7,26.05,25.55,25.85,470105
2022-11-11,25.4,25.4,26.35,25.35,25.9,1058614
2022-11-14,25.4,25.4,25.7,25.4,25.65,523228
2022-11-15,25.7,25.7,25.95,25.4,25.4,617426
2022-11-16,25.1,25.1,25.8,25.05,25.7,650906
2022-11-17,25.5,25.5,25.6,25.1,25.1,530612
2022-11-18,25.55,25.55,25.75,25.4,25.4,233986
2022-11-21,25.95,25.95,26.15,25.55,25.55,625713
2022-11-22,26.0,26.0,26.2,25.9,26.0,475512
2022-11-23,26.35,26.35,26.6,26.05,26.15,1120660
2022-11-24,26.3,26.3,26.8,26.25,26.5,959179
2022-11-25,26.1,26.1,26.4,26.1,26.35,764930
2022-11-28,26.05,26.05,26.25,25.8,26.0,431618
2022-11-29,25.95,25.95,26.1,25.6,26.05,824774
2022-11-30,25.85,25.85,26.05,25.75,25.95,464631
2022-12-01,25.7,25.7,26.05,25.6,26.05,894795
2022-12-02,25.7,25.7,25.85,25.55,25.7,422118
2022-12-05,25.75,25.75,25.85,25.7,25.7,495119
2022-12-06,25.5,25.5,25.95,25.5,25.95,632756
2022-12-07,25.55,25.55,25.8,25.35,25.55,615073
2022-12-08,25.7,25.7,25.8,25.55,25.6,135711
2022-12-09,26.0,26.0,26.6,25.85,26.5,1171131
2022-12-12,27.7,27.7,27.9,25.8,26.1,5917556
2022-12-13,27.55,27.55,28.35,27.1,27.75,6584583
2022-12-14,27.5,27.5,28.0,26.8,27.85,3364850
2022-12-15,27.6,27.6,27.95,27.35,27.7,2421655
2022-12-16,27.2,27.2,27.95,26.35,26.4,2852182
2022-12-19,28.0,28.0,29.45,27.2,27.2,11826810
2022-12-20,26.6,26.6,27.55,26.55,27.45,3591853
2022-12-21,28.05,28.05,28.45,26.65,26.65,6642688
2022-12-22,28.05,28.05,28.5,26.85,28.5,4115518
2022-12-23,28.55,28.55,28.6,27.3,27.95,4553992
2022-12-26,27.9,27.9,28.8,27.85,28.55,3869703
2022-12-27,27.5,27.5,28.15,27.3,28.1,1620762
2022-12-28,27.5,27.5,28.2,27.2,27.6,2127448
2022-12-29,27.7,27.7,28.15,27.2,27.55,2166135
2022-12-30,27.55,27.55,28.0,27.5,28.0,639063
2023-01-03,27.35,27.35,27.75,26.8,27.55,983336
2023-01-04,27.5,27.5,28.95,27.5,27.5,3889439
2023-01-05,27.9,27.9,27.9,27.35,27.65,1082713
2023-01-06,27.5,27.5,28.15,27.5,27.75,687934
2023-01-09,27.95,27.95,28.2,27.65,27.75,1453140
2023-01-10,27.9,27.9,28.3,27.85,28.15,1399590
2023-01-11,27.25,27.25,27.5,26.6,26.95,2822331
2023-01-12,27.5,27.5,27.75,27.2,27.5,1269144
2023-01-13,27.8,27.8,28.3,27.55,27.55,1823459
2023-01-16,28.1,28.1,28.35,27.75,27.85,2650920
2023-01-17,28.1,28.1,28.25,28.0,28.2,1002592
2023-01-30,29.0,29.0,29.05,28.25,28.35,3107094
2023-01-31,29.7,29.7,30.2,28.7,29.05,3913130
2023-02-01,30.85,30.85,31.55,29.55,29.7,6409317
2023-02-02,31.4,31.4,31.8,31.0,31.15,3847520
2023-02-03,31.45,31.45,32.4,31.45,31.65,3531030
2023-02-06,32.35,32.35,32.5,31.6,31.7,2607440
2023-02-07,33.4,33.4,33.5,32.05,32.35,3168444
2023-02-08,33.7,33.7,34.0,33.25,33.4,2622638
2023-02-09,34.35,34.35,34.35,33.6,33.7,2028490
2023-02-10,33.45,33.45,34.8,32.6,34.4,5954332
2023-02-13,33.4,33.4,34.25,33.25,33.85,2164324
2023-02-14,33.5,33.5,33.7,32.9,33.4,2298880
2023-02-15,33.65,33.65,34.0,33.4,33.8,1390456
2023-02-16,33.5,33.5,33.65,32.65,33.65,2458342
2023-02-17,32.85,32.85,33.4,32.8,33.35,2187666
2023-02-20,32.15,32.15,33.15,32.1,33.0,2870393
2023-02-21,32.35,32.35,32.6,32.1,32.2,2069857
2023-02-22,33.1,33.1,33.2,32.15,32.15,1656277
2023-02-23,33.05,33.05,33.85,33.05,33.35,2263265
2023-02-24,33.05,33.05,33.35,32.7,33.35,1011546
2023-03-01,33.15,33.15,33.35,32.8,32.8,1982902
2023-03-02,33.45,33.45,34.1,33.35,33.55,3005379
2023-03-03,33.25,33.25,33.65,33.15,33.5,1256184
2023-03-06,33.0,33.0,33.5,33.0,33.2,2005776
2023-03-07,33.55,33.55,33.55,32.9,33.05,1466320
2023-03-08,33.35,33.35,33.4,32.2,33.15,2779640
2023-03-09,33.15,33.15,33.5,32.8,33.1,1467018
2023-03-10,33.45,33.45,33.5,32.95,32.95,1624344
2023-03-13,35.65,35.65,35.65,33.2,33.25,6534112
2023-03-14,35.05,35.05,36.3,34.4,35.5,4849733
2023-03-15,35.55,35.55,36.2,35.15,35.15,2616898
2023-03-16,36.05,36.05,36.45,35.5,35.55,3847225
2023-03-17,36.85,36.85,37.2,36.05,36.05,5317562
2023-03-20,37.85,37.85,37.95,37.05,37.15,3584841
2023-03-21,37.9,37.9,39.25,37.85,37.85,4687841
2023-03-22,38.1,38.1,38.9,37.2,38.15,2501175
2023-03-23,36.75,36.75,38.35,36.7,38.1,2650706
2023-03-24,36.45,36.45,36.8,35.65,36.8,2298728
2023-03-27,37.65,37.65,38.45,36.65,36.65,2506720
2023-03-28,36.9,36.9,37.7,36.3,37.65,2148073
2023-03-29,36.5,36.5,37.45,36.3,37.3,1428495
2023-03-30,36.85,36.85,36.85,35.9,36.65,1376703
2023-03-31,37.05,37.05,37.2,36.75,37.0,1174198
2023-04-06,37.0,37.0,37.3,36.85,37.05,1225221
2023-04-07,37.6,37.6,37.85,37.0,37.25,1156370
2023-04-10,37.1,37.1,37.95,37.0,37.6,1233236
2023-04-11,37.25,37.25,37.5,36.95,37.4,1155132
2023-04-12,34.05,34.05,37.05,33.9,37.05,7654772
2023-04-13,34.65,34.65,35.15,33.5,33.95,2182781
2023-04-14,33.95,33.95,34.85,33.95,34.7,1799801
2023-04-17,33.95,33.95,34.65,33.85,34.05,1214449
2023-04-18,33.7,33.7,33.95,33.35,33.75,811226
2023-04-19,33.3,33.3,33.95,33.2,33.6,765274
2023-04-20,32.45,32.45,33.55,32.35,33.3,1375244
2023-04-21,31.75,31.75,32.7,31.7,32.25,1532844
2023-04-24,32.9,32.9,32.95,31.8,31.8,929064
2023-04-25,32.25,32.25,33.35,31.9,32.95,1030894
2023-04-26,33.65,33.65,33.8,32.2,32.2,1364714
2023-04-27,33.85,33.85,34.35,33.35,33.65,1011932
2023-04-28,33.95,33.95,34.2,33.8,34.05,804010
2023-05-02,33.6,33.6,34.2,33.4,34.2,1046599
2023-05-03,33.75,33.75,33.85,33.15,33.55,663651
2023-05-04,33.9,33.9,34.3,33.7,34.0,781306
2023-05-05,33.9,33.9,34.15,33.55,34.1,747207
2023-05-08,34.65,34.65,34.9,33.75,33.9,1014476
2023-05-09,34.15,34.15,34.65,33.8,34.65,866764
2023-05-10,34.4,34.4,34.6,33.7,34.15,436852
2023-05-11,33.85,33.85,34.45,33.6,34.45,747508
2023-05-12,34.25,34.25,34.45,33.55,33.85,425285
2023-05-15,34.5,34.5,35.1,34.3,34.5,1157922
2023-05-16,35.3,35.3,35.45,34.5,34.5,1353929
2023-05-17,35.6,35.6,36.2,35.6,35.7,1506184
2023-05-18,36.0,36.0,36.2,35.6,35.95,1013885
2023-05-19,35.95,35.95,36.1,35.65,36.0,767914
2023-05-22,36.6,36.6,36.8,35.95,36.0,1640138
2023-05-23,37.1,37.1,37.2,36.45,36.6,1625240
2023-05-24,37.2,37.2,37.45,36.8,37.45,1811752
2023-05-25,37.0,37.0,37.3,36.8,37.2,1051626
2023-05-26,36.7,36.7,37.0,36.7,37.0,1132475
2023-05-29,36.7,36.7,36.95,36.65,36.7,842814
2023-05-30,36.75,36.75,36.85,36.55,36.7,854793
2023-05-31,35.65,35.65,36.85,35.65,36.75,2812934
2023-06-01,35.8,35.8,36.05,35.5,35.65,1150081
2023-06-02,35.95,35.95,36.0,35.7,35.8,578736
2023-06-05,35.65,35.65,35.95,35.6,35.95,930087
2023-06-06,36.0,36.0,36.3,35.5,35.7,1185813
2023-06-07,36.65,36.65,37.1,35.85,36.0,1632954
2023-06-08,36.95,36.95,37.0,36.2,36.5,987966
2023-06-09,35.3,35.3,36.45,34.6,36.0,4447376
2023-06-12,35.2,35.2,35.4,34.55,35.15,967791
2023-06-13,34.65,34.65,35.45,34.5,35.1,1327326
2023-06-14,34.65,34.65,35.0,34.55,34.85,556434
2023-06-15,35.25,35.25,35.7,34.45,34.65,990618
2023-06-16,34.95,34.95,35.5,34.9,35.5,650698
2023-06-19,34.95,34.95,35.05,34.6,35.05,902649
2023-06-20,36.0,36.0,36.3,35.0,35.0,2327675
2023-06-21,36.3,36.3,36.7,35.85,36.0,1021873
2023-06-26,36.3,36.3,37.7,35.65,36.25,2704216
2023-06-27,36.45,36.45,37.05,36.2,36.4,1211589
2023-06-28,37.1,37.1,38.6,36.6,36.8,10469892
2023-06-29,40.8,40.8,40.8,37.15,37.5,14265561
2023-06-30,39.85,39.85,40.65,38.4,40.0,14309955
2023-07-03,43.0,43.0,43.0,38.9,39.9,13031631
2023-07-04,44.2,44.2,44.5,42.0,43.0,13827433
2023-07-05,39.8,39.8,45.6,39.8,44.4,26336861
2023-07-06,37.2,37.2,38.65,36.7,38.5,15156279
2023-07-07,35.0,35.0,36.1,34.5,35.1,14055084
2023-07-10,36.1,36.1,36.6,34.6,35.15,6948555
2023-07-11,36.0,36.0,36.8,35.45,36.1,4045519
2023-07-12,35.5,35.5,36.3,35.3,36.0,1690598
2023-07-13,35.25,35.25,35.9,35.25,35.75,1758887
2023-07-14,35.4,35.4,35.7,35.1,35.4,953179
2023-07-17,35.7,35.7,36.0,35.0,35.4,1352571
2023-07-18,34.8,34.8,36.1,34.7,36.1,2201159
2023-07-19,34.7,34.7,35.35,34.6,34.85,1199025
2023-07-20,34.85,34.85,35.1,34.2,34.7,1266386
2023-07-21,34.4,34.4,35.1,34.2,34.65,1198548
2023-07-24,33.15,33.15,34.4,32.65,34.4,3237100
2023-07-25,33.4,33.4,33.65,32.6,33.35,873605
2023-07-26,32.8,32.8,33.5,32.7,33.5,1220368
2023-07-27,32.85,32.85,33.25,32.8,33.0,1078256
2023-07-28,32.7,32.7,33.1,32.5,33.1,658994
2023-07-31,32.8,32.8,33.75,32.5,33.75,1095218
2023-08-01,32.5,32.5,33.0,32.35,33.0,1013941
2023-08-02,31.65,31.65,32.75,31.25,32.75,1424225
2023-08-04,32.45,32.45,32.5,31.1,31.65,983076
2023-08-07,32.05,32.05,32.8,31.85,32.8,546969
2023-08-08,31.8,31.8,32.05,31.7,31.95,608739
2023-08-09,31.8,31.8,32.3,31.6,31.65,410237
2023-08-10,31.3,31.3,31.9,31.1,31.9,790029
2023-08-11,32.75,32.75,33.65,31.6,31.6,3340617
2023-08-14,32.95,32.95,33.8,32.55,33.0,2823716
2023-08-15,33.0,33.0,33.2,32.85,33.2,470651
2023-08-16,33.1,33.1,33.2,32.6,33.05,575364
2023-08-17,32.95,32.95,33.15,32.75,33.1,405666
2023-08-18,32.75,32.75,33.55,32.65,33.0,1126261
2023-08-21,32.95,32.95,33.2,32.6,32.75,288585
2023-08-22,32.85,32.85,33.2,32.8,33.05,322602
2023-08-23,32.9,32.9,33.3,32.85,32.85,359896
2023-08-24,32.85,32.85,33.2,32.8,33.15,413885
2023-08-25,33.0,33.0,33.3,32.85,32.85,666139
2023-08-28,32.15,32.15,33.05,32.05,33.05,663013
2023-08-29,33.1,33.1,33.35,32.3,32.5,2198505
2023-08-30,32.85,32.85,33.45,32.8,33.45,472183
2023-08-31,32.9,32.9,33.2,32.7,32.8,591235
2023-09-01,33.2,33.2,33.25,32.85,33.0,656738
2023-09-04,33.35,33.35,33.7,33.1,33.45,793959
2023-09-05,33.05,33.05,33.7,33.0,33.4,2182995
2023-09-06,28.55,28.55,28.85,27.9,28.85,1911029
2023-09-07,28.6,28.6,28.8,28.4,28.6,510076
2023-09-08,28.65,28.65,28.75,28.45,28.5,243021
2023-09-11,28.3,28.3,28.7,28.3,28.7,409481
2023-09-12,28.1,28.1,28.35,28.05,28.35,308847
2023-09-13,28.05,28.05,28.2,28.0,28.1,310754
2023-09-14,28.25,28.25,28.3,28.05,28.05,405297
2023-09-15,30.0,30.0,30.0,28.3,28.5,442185
2023-09-18,28.95,28.95,29.35,28.9,29.15,648717
2023-09-19,28.25,28.25,28.75,28.2,28.65,501470
2023-09-20,28.25,28.25,28.4,28.2,28.4,347110
2023-09-21,28.3,28.3,28.35,28.05,28.1,311428
2023-09-22,28.15,28.15,28.25,28.1,28.25,219992
2023-09-25,27.9,27.9,28.2,27.85,28.2,567233
2023-09-26,26.95,26.95,27.9,26.95,27.9,808294
2023-09-27,26.0,26.0,27.05,25.9,27.0,1077858
2023-09-28,25.8,25.8,26.15,25.3,25.8,953000
2023-10-02,25.9,25.9,26.5,25.75,26.0,307140
2023-10-03,25.3,25.3,25.9,25.3,25.9,573440
2023-10-04,25.35,25.35,25.35,24.7,24.9,475512
2023-10-05,25.15,25.15,25.6,25.1,25.35,447106
2023-10-06,25.95,25.95,26.2,24.85,25.0,2083144
2023-10-11,25.1,25.1,25.9,25.05,25.85,575240
2023-10-12,24.95,24.95,25.1,24.9,25.0,377293
2023-10-13,24.8,24.8,24.95,24.7,24.95,397875
2023-10-16,25.0,25.0,25.15,24.7,24.8,374915
2023-10-17,24.5,24.5,25.1,24.5,25.05,601267
2023-10-18,24.25,24.25,24.5,23.65,24.5,936079
2023-10-19,24.3,24.3,24.6,24.0,24.2,519811
2023-10-20,24.0,24.0,24.3,23.75,24.3,504172
2023-10-23,23.85,23.85,24.35,23.7,23.85,310697
2023-10-24,24.1,24.1,24.15,23.75,24.0,291217
2023-10-25,24.3,24.3,24.55,24.2,24.3,314044
2023-10-26,24.05,24.05,24.2,24.0,24.05,225913
2023-10-27,24.2,24.2,24.5,23.9,24.05,779476
2023-10-30,24.05,24.05,24.15,23.9,24.1,263025
2023-10-31,23.7,23.7,24.35,23.7,24.1,493644
2023-11-01,23.9,23.9,24.2,23.8,23.8,213443
2023-11-02,24.15,24.15,24.35,24.0,24.0,311467
2023-11-03,24.15,24.15,24.35,24.15,24.3,313532
2023-11-06,24.7,24.7,25.3,24.3,24.3,872426
2023-11-07,24.95,24.95,25.05,24.55,24.8,403109
2023-11-08,24.7,24.7,25.05,24.65,25.0,294521
2023-11-09,24.55,24.55,24.95,24.55,24.95,235207
2023-11-10,24.45,24.45,24.6,24.45,24.5,154940
2023-11-13,24.3,24.3,24.5,24.3,24.45,195697
2023-11-14,24.55,24.55,24.9,24.3,24.3,193705
2023-11-15,24.65,24.65,24.95,24.65,24.65,254972
2023-11-16,24.75,24.75,24.75,24.6,24.65,161235
2023-11-17,24.9,24.9,25.1,24.7,24.7,322584
2023-11-20,25.05,25.05,25.05,24.8,24.95,267165
2023-11-21,25.25,25.25,26.0,25.1,25.15,898780
2023-11-22,25.35,25.35,25.8,25.25,25.3,397096
2023-11-23,25.5,25.5,25.8,25.35,25.4,456276
2023-11-24,25.55,25.55,25.75,25.5,25.6,296752
2023-11-27,26.05,26.05,26.3,25.7,25.7,876606
2023-11-28,26.05,26.05,26.6,25.8,26.25,867013
2023-11-29,26.35,26.35,26.4,26.1,26.2,627378
2023-11-30,26.2,26.2,26.5,26.2,26.5,366211
2023-12-01,26.3,26.3,26.6,26.2,26.2,346532
2023-12-04,26.55,26.55,26.7,26.3,26.35,502253
2023-12-05,25.85,25.85,26.7,25.85,26.7,549342
2023-12-06,25.85,25.85,26.0,25.8,25.95,236308
2023-12-07,25.7,25.7,26.15,25.7,25.9,293007
2023-12-08,25.65,25.65,25.8,25.65,25.7,136612
2023-12-11,25.7,25.7,25.85,25.65,25.7,159664
2023-12-12,25.55,25.55,25.85,25.5,25.7,304659
2023-12-13,25.15,25.15,25.65,25.15,25.55,409729
2023-12-14,25.2,25.2,25.35,25.1,25.2,443781
2023-12-15,25.35,25.35,25.4,25.15,25.25,229886
2023-12-18,25.1,25.1,25.45,25.0,25.3,370091
2023-12-19,24.9,24.9,25.1,24.8,25.1,411006
2023-12-20,25.15,25.15,25.2,24.9,24.9,174123
2023-12-21,25.15,25.15,25.35,25.05,25.1,157168
2023-12-22,25.05,25.05,25.3,25.05,25.15,168244
2023-12-25,24.9,24.9,25.2,24.9,25.15,242866
2023-12-26,25.25,25.25,25.25,24.9,24.9,227508
2023-12-27,25.5,25.5,25.95,25.25,25.3,416323
2023-12-28,25.3,25.3,25.5,25.2,25.5,240914
2023-12-29,25.1,25.1,25.3,25.05,25.25,250323
2024-01-02,25.1,25.1,25.15,24.95,25.1,168941
2024-01-03,25.15,25.15,25.65,25.1,25.1,264216
2024-01-04,24.85,24.85,25.2,24.85,25.2,307496
2024-01-05,24.95,24.95,25.05,24.85,24.85,282128
2024-01-08,25.0,25.0,25.2,24.95,24.95,203795
2024-01-09,24.85,24.85,25.05,24.8,25.05,237890
2024-01-10,24.9,24.9,24.95,24.8,24.9,109449
2024-01-11,25.15,25.15,25.4,24.95,24.95,219290
2024-01-12,25.25,25.25,25.35,25.15,25.2,155634
2024-01-15,25.4,25.4,25.75,25.2,25.3,299332
2024-01-16,25.15,25.15,25.45,25.1,25.45,145323
2024-01-17,24.75,24.75,25.05,24.7,25.05,424562
2024-01-18,24.7,24.7,24.95,24.6,24.8,337576
2024-01-19,25.05,25.05,25.1,24.6,24.7,262178
2024-01-22,24.95,24.95,25.15,24.9,25.1,182869
2024-01-23,24.95,24.95,25.0,24.8,25.0,139823
2024-01-24,24.75,24.75,25.1,24.65,24.9,618421
2024-01-25,24.85,24.85,24.9,24.75,24.85,163419
2024-01-26,24.8,24.8,24.85,24.75,24.8,111493
2024-01-29,24.75,24.75,24.9,24.7,24.85,183293
2024-01-30,24.9,24.9,24.95,24.75,24.75,136629
2024-01-31,24.75,24.75,24.95,24.7,24.9,297925
2024-02-01,25.1,25.1,25.2,24.9,24.9,261877
2024-02-02,25.1,25.1,25.15,24.95,25.1,222758
2024-02-05,25.0,25.0,25.15,24.9,25.15,260747
2024-02-15,24.95,24.95,25.05,24.65,25.05,322085
2024-02-16,24.95,24.95,25.15,24.8,24.95,262966
2024-02-19,25.0,25.0,25.15,24.95,25.0,343575
2024-02-20,25.25,25.25,25.6,24.9,25.1,611042
2024-02-21,25.05,25.05,25.45,25.0,25.45,280876
2024-02-22,25.0,25.0,25.3,24.95,25.3,317945
2024-02-23,24.95,24.95,25.0,24.95,25.0,249709
2024-02-26,24.95,24.95,25.0,24.8,25.0,374012
2024-02-27,24.75,24.75,25.0,24.7,25.0,298944
2024-02-29,25.0,25.0,25.1,24.8,24.8,320785
2024-03-01,24.85,24.85,25.05,24.85,25.0,352655
2024-03-04,24.6,24.6,24.9,24.5,24.85,1150740
2024-03-05,24.6,24.6,24.7,24.55,24.6,253607
2024-03-06,24.55,24.55,24.75,24.55,24.6,298772
2024-03-07,24.4,24.4,24.65,24.35,24.6,852527
2024-03-08,24.05,24.05,24.45,23.8,24.4,899668
2024-03-11,24.6,24.6,24.6,24.15,24.15,443488
2024-03-12,24.85,24.85,25.15,24.7,24.7,335965
2024-03-13,24.35,24.35,24.75,24.25,24.75,551005
2024-03-14,24.1,24.1,24.45,24.0,24.3,588239
2024-03-15,24.15,24.15,24.2,24.0,24.1,316998
2024-03-18,24.25,24.25,24.4,24.0,24.2,459737
2024-03-19,24.2,24.2,24.95,23.9,24.15,547324
2024-03-20,24.1,24.1,24.15,24.05,24.15,241394
2024-03-21,24.0,24.0,24.15,23.95,24.1,334011
2024-03-22,24.0,24.0,24.1,23.95,24.0,264497
2024-03-25,24.15,24.15,24.35,24.05,24.05,164388
2024-03-26,24.0,24.0,24.2,24.0,24.15,258050
2024-03-27,24.15,24.15,24.25,24.0,24.0,273137
2024-03-28,24.05,24.05,24.2,24.0,24.15,427461
2024-03-29,24.6,24.6,24.75,24.0,24.1,615085
2024-04-01,24.6,24.6,24.8,24.35,24.6,411297
2024-04-02,24.5,24.5,24.6,24.2,24.6,325054
2024-04-03,24.35,24.35,24.5,24.2,24.5,358276
2024-04-08,24.4,24.4,24.4,24.2,24.4,486275
2024-04-09,24.25,24.25,24.45,24.2,24.4,316977
2024-04-10,24.4,24.4,24.5,24.3,24.35,168771
2024-04-11,24.95,24.95,25.35,24.6,24.6,1522349
2024-04-12,24.85,24.85,24.95,24.6,24.95,445484
2024-04-15,24.25,24.25,24.95,24.25,24.95,709448
2024-04-16,23.7,23.7,24.15,23.65,24.15,890052
2024-04-17,24.0,24.0,24.2,23.65,23.65,275416
2024-04-18,24.0,24.0,24.1,23.75,23.75,110443
2024-04-19,23.85,23.85,23.9,23.75,23.9,364077
2024-04-22,23.9,23.9,23.95,23.8,23.85,239680
2024-04-23,23.85,23.85,24.0,23.75,24.0,286722
2024-04-24,23.8,23.8,23.95,23.75,23.85,219468
2024-04-25,24.4,24.4,24.6,23.75,23.8,1155711
2024-04-26,25.95,25.95,26.25,24.55,24.7,3154184
2024-04-29,27.55,27.55,28.2,26.05,26.5,10463045
2024-04-30,26.8,26.8,28.15,26.8,27.75,3154475
2024-05-02,27.25,27.25,27.35,26.35,26.8,1016014
2024-05-03,25.95,25.95,27.25,25.8,27.25,1907279
2024-05-06,25.6,25.6,25.85,25.5,25.7,787994
2024-05-07,24.95,24.95,25.75,24.85,25.65,705262
2024-05-08,25.4,25.4,25.65,25.0,25.0,496439
2024-05-09,25.2,25.2,25.5,25.0,25.25,495182
2024-05-10,25.3,25.3,25.6,25.25,25.3,333507
2024-05-13,25.7,25.7,25.95,25.3,25.55,446461
2024-05-14,25.35,25.35,25.75,25.3,25.7,432635
2024-05-15,25.45,25.45,25.45,25.1,25.4,310312
2024-05-16,26.1,26.1,26.2,25.65,25.65,976209
2024-05-17,26.0,26.0,26.1,25.7,26.1,450177
2024-05-20,25.95,25.95,26.15,25.75,26.1,371644
2024-05-21,26.2,26.2,26.6,25.9,26.0,3420417
2024-05-22,26.25,26.25,26.95,26.2,26.35,772519
2024-05-23,25.55,25.55,26.25,25.55,26.25,483322
2024-05-24,25.55,25.55,25.65,25.25,25.3,213621
2024-05-27,25.45,25.45,25.65,25.3,25.5,324740
2024-05-28,25.8,25.8,25.8,25.3,25.5,426546
2024-05-29,25.65,25.65,25.9,25.65,25.8,200296
2024-05-30,25.4,25.4,25.8,25.4,25.75,246644
2024-05-31,26.1,26.1,26.1,25.4,25.4,461428
2024-06-03,26.05,26.05,26.35,25.95,26.2,509697
2024-06-04,26.25,26.25,26.45,26.1,26.3,504686
2024-06-05,26.15,26.15,26.4,25.9,26.3,400198
2024-06-06,25.8,25.8,26.25,25.8,26.2,688742
2024-06-07,26.25,26.25,26.3,25.7,25.8,840546
2024-06-11,26.4,26.4,26.75,26.0,26.25,1331391
2024-06-12,25.7,25.7,26.3,25.6,26.15,589727
2024-06-13,25.65,25.65,26.05,25.55,25.8,294955
2024-06-14,25.45,25.45,25.75,25.4,25.75,350813
2024-06-17,25.55,25.55,25.65,25.35,25.45,229654
2024-06-18,26.0,26.0,26.0,25.45,25.65,468335
2024-06-19,25.55,25.55,26.15,25.55,26.05,267918
2024-06-20,25.6,25.6,25.85,25.6,25.85,173962
2024-06-21,25.5,25.5,25.65,25.45,25.65,232545
2024-06-24,25.3,25.3,25.55,25.3,25.5,253377
2024-06-25,25.15,25.15,25.5,25.05,25.5,272561
2024-06-26,25.5,25.5,25.75,25.15,25.15,312401
2024-06-27,25.15,25.15,25.55,25.15,25.55,224086
2024-06-28,25.3,25.3,25.4,25.15,25.15,108746
2024-07-01,25.7,25.7,25.9,25.3,25.35,322797
2024-07-02,25.6,25.6,25.7,25.5,25.7,185556
2024-07-03,25.5,25.5,25.65,25.35,25.65,315214
2024-07-04,25.45,25.45,25.7,25.4,25.5,379426
2024-07-05,25.55,25.55,25.65,25.3,25.5,336829
2024-07-08,25.7,25.7,26.0,25.6,25.6,387686
2024-07-09,25.1,25.1,25.9,24.95,25.9,518983
2024-07-10,25.05,25.05,25.3,25.05,25.05,273044
2024-07-11,25.9,25.9,25.95,25.3,25.3,811102
2024-07-12,26.0,26.0,26.1,25.6,25.85,768857
2024-07-15,26.6,26.6,27.5,26.2,26.2,2248493
2024-07-16,26.45,26.45,26.85,26.3,26.6,931969
2024-07-17,26.95,26.95,27.05,26.6,26.6,799638
2024-07-18,26.35,26.35,26.95,26.3,26.95,763492
2024-07-19,25.7,25.7,26.55,25.6,26.45,651771
2024-07-22,25.75,25.75,25.9,25.3,25.85,516782
2024-07-23,26.7,26.7,26.95,26.2,26.2,1366174
2024-07-26,26.2,26.2,26.75,26.05,26.7,568147
2024-07-29,26.05,26.05,26.45,25.75,26.45,493504
2024-07-30,26.2,26.2,26.2,25.6,26.05,414877
2024-07-31,26.05,26.05,26.4,25.95,26.1,232011
2024-08-01,26.35,26.35,26.7,26.25,26.7,398938
2024-08-02,25.6,25.6,26.2,25.6,26.2,464598
2024-08-05,23.05,23.05,25.4,23.05,25.4,1991327
2024-08-06,23.0,23.0,23.45,21.75,23.15,1009118
2024-08-07,23.85,23.85,23.95,23.15,23.15,402584
2024-08-08,23.65,23.65,23.85,23.3,23.75,309795
2024-08-09,23.7,23.7,24.6,23.5,24.05,415235
2024-08-12,23.95,23.95,24.25,23.8,23.8,372204
2024-08-13,24.1,24.1,24.2,23.8,23.9,380256
2024-08-14,23.85,23.85,24.35,23.8,24.1,372908
2024-08-15,23.45,23.45,24.05,23.4,23.95,475887
2024-08-16,23.6,23.6,23.9,23.55,23.55,399395
2024-08-19,23.65,23.65,23.8,23.6,23.75,178251
2024-08-20,24.25,24.25,25.0,23.55,23.75,716042
2024-08-21,24.35,24.35,24.5,24.0,24.45,291178
2024-08-22,24.35,24.35,24.45,23.95,24.1,277489
2024-08-23,24.4,24.4,24.4,24.0,24.3,236966
2024-08-26,25.35,25.35,25.7,24.4,24.4,1512466
2024-08-27,26.3,26.3,26.5,24.95,25.6,2224849
2024-08-28,25.7,25.7,26.1,25.6,26.1,837029
2024-08-29,25.55,25.55,25.8,25.5,25.8,234672
2024-08-30,25.35,25.35,25.8,25.25,25.5,463980
2024-09-02,25.2,25.2,25.4,25.1,25.35,160770
2024-09-03,25.1,25.1,26.0,25.05,25.25,1160672
2024-09-04,24.25,24.25,24.55,23.2,24.0,547264
2024-09-05,24.05,24.05,24.6,24.0,24.25,322760
2024-09-06,24.35,24.35,24.6,23.95,24.05,202218
2024-09-09,24.55,24.55,24.65,24.0,24.2,264187
2024-09-10,24.2,24.2,24.9,24.15,24.55,255490
2024-09-11,24.15,24.15,24.65,24.15,24.15,371040
2024-09-12,24.55,24.55,24.65,24.3,24.3,201003
2024-09-13,24.4,24.4,24.7,24.3,24.6,238969
2024-09-16,24.55,24.55,24.6,24.3,24.5,259358
2024-09-18,24.8,24.8,25.05,24.55,24.6,270810
2024-09-19,25.4,25.4,25.4,24.8,24.8,315470
2024-09-20,25.25,25.25,25.65,25.0,25.5,623375
2024-09-23,24.8,24.8,25.3,24.5,25.25,684537
2024-09-24,24.75,24.75,24.8,24.55,24.8,215159
2024-09-25,24.65,24.65,25.1,24.5,24.75,655425
2024-09-26,24.25,24.25,24.75,24.2,24.75,401874
2024-09-27,24.5,24.5,24.65,24.3,24.4,213943
2024-09-30,24.45,24.45,24.65,24.3,24.45,158938
2024-10-01,24.55,24.55,24.65,24.15,24.55,409924
2024-10-04,24.35,24.35,24.55,24.0,24.5,515721
2024-10-07,24.1,24.1,24.55,24.05,24.55,448186
2024-10-08,23.95,23.95,24.25,23.85,24.25,289290
2024-10-09,23.75,23.75,24.0,23.7,24.0,355885
2024-10-11,24.65,24.65,25.05,24.55,24.7,658759
2024-10-14,25.1,25.1,25.1,24.65,25.05,812902
2024-10-15,25.2,25.2,25.35,24.95,25.1,502388
2024-10-16,24.85,24.85,25.25,24.7,25.0,386943
2024-10-17,24.8,24.8,24.95,24.6,24.95,327845
2024-10-18,24.8,24.8,24.95,24.65,24.9,153292
2024-10-21,24.65,24.65,24.8,24.2,24.8,133875
2024-10-22,24.55,24.55,24.7,24.55,24.65,178310
2024-10-23,24.45,24.45,24.8,24.4,24.6,239407
2024-10-24,24.4,24.4,24.6,24.35,24.45,122902
2024-10-25,24.25,24.25,24.45,24.2,24.35,136957
2024-10-28,24.15,24.15,24.35,24.1,24.35,188002
2024-10-29,24.1,24.1,24.2,23.95,24.2,159512
2024-10-30,24.1,24.1,24.2,24.05,24.2,91566
2024-11-01,24.1,24.1,24.2,23.9,24.0,174774
2024-11-04,24.0,24.0,24.2,24.0,24.1,83659
2024-11-05,24.0,24.0,24.15,23.95,24.1,154474
2024-11-06,23.85,23.85,24.0,23.85,24.0,227058
2024-11-07,23.95,23.95,24.2,23.9,23.9,272894
2024-11-08,23.85,23.85,24.15,23.85,24.05,133348
2024-11-11,24.05,24.05,24.1,23.7,23.7,219891
2024-11-12,23.35,23.35,24.0,23.25,24.0,837981
2024-11-13,22.5,22.5,22.9,22.15,22.85,1415611
2024-11-14,22.2,22.2,22.65,22.15,22.5,490747
2024-11-15,22.15,22.15,22.5,22.0,22.4,478666
2024-11-18,22.25,22.25,22.3,22.15,22.2,130937
2024-11-19,22.35,22.35,22.45,22.25,22.3,129008
2024-11-20,22.4,22.4,22.4,22.1,22.3,222251
2024-11-21,22.2,22.2,22.45,22.2,22.25,171577
2024-11-22,22.35,22.35,22.35,22.2,22.35,147853
2024-11-25,22.35,22.35,22.5,22.25,22.3,205721
2024-11-26,22.4,22.4,22.45,22.25,22.4,112267
2024-11-27,22.3,22.3,22.4,22.15,22.4,219256
2024-11-28,21.8,21.8,22.3,21.75,22.3,625792
2024-11-29,22.05,22.05,22.1,21.7,21.9,185255
2024-12-02,22.1,22.1,22.2,22.05,22.05,60867
2024-12-03,22.2,22.2,22.25,22.05,22.15,140269
2024-12-04,22.25,22.25,22.4,22.2,22.3,71853
2024-12-05,22.1,22.1,22.25,22.0,22.25,285516
2024-12-06,21.95,21.95,22.2,21.95,22.05,207232
2024-12-09,21.9,21.9,22.0,21.75,21.95,315657
2024-12-10,21.85,21.85,22.0,21.75,22.0,264861
2024-12-11,21.8,21.8,21.9,21.8,21.85,101659
2024-12-12,21.65,21.65,21.9,21.65,21.8,475026
2024-12-13,20.75,20.75,21.65,20.7,21.65,1067927
2024-12-16,20.85,20.85,21.05,20.5,20.75,333567
2024-12-17,21.2,21.2,21.2,20.85,20.85,146695
2024-12-18,21.05,21.05,21.3,21.0,21.15,117215
2024-12-19,20.9,20.9,21.0,20.85,21.0,172938
2024-12-20,20.8,20.8,21.0,20.8,20.9,118334
2024-12-23,20.95,20.95,21.15,20.8,20.9,156067
2024-12-24,20.9,20.9,21.05,20.85,20.95,105559
2024-12-25,20.8,20.8,21.0,20.75,21.0,180077
2024-12-26,21.05,21.05,21.3,20.75,20.8,202054
2024-12-27,20.95,20.95,21.25,20.95,21.25,249210
2024-12-30,20.7,20.7,21.1,20.7,21.1,148566
2024-12-31,20.45,20.45,20.7,20.35,20.7,202715
2025-01-02,20.1,20.1,20.5,19.9,20.45,515353
2025-01-03,19.9,19.9,20.2,19.85,20.1,368972
2025-01-06,19.95,19.95,20.05,19.85,20.0,334945
2025-01-07,19.9,19.9,20.2,19.8,20.0,522961
2025-01-08,20.2,20.2,20.25,19.75,19.75,159064
2025-01-09,19.75,19.75,20.25,19.75,20.2,478604
2025-01-10,19.75,19.75,19.85,19.5,19.55,375820
2025-01-13,19.35,19.35,19.95,19.25,19.9,449045
2025-01-14,19.55,19.55,19.55,19.05,19.05,140237
2025-01-15,19.6,19.6,19.6,19.45,19.55,138941
2025-01-16,19.7,19.7,19.85,19.65,19.65,134296
2025-01-17,19.8,19.8,19.8,19.7,19.75,59606
2025-01-20,20.0,20.0,20.05,19.8,19.85,104364
2025-01-21,19.95,19.95,20.0,19.85,19.95,140294
2025-01-22,20.05,20.05,20.05,19.9,19.95,124640
2025-02-03,20.6,20.6,20.7,20.0,20.0,243422
2025-02-04,20.5,20.5,20.7,20.45,20.55,178835
2025-02-05,20.6,20.6,20.7,20.45,20.45,100053
2025-02-06,20.75,20.75,20.9,20.6,20.6,90632
2025-02-07,20.75,20.75,20.9,20.55,20.7,106045
2025-02-10,20.8,20.8,20.85,20.65,20.75,82168
2025-02-11,20.9,20.9,20.9,20.8,20.8,117228
2025-02-12,20.9,20.9,21.3,20.9,20.95,140207
2025-02-13,20.95,20.95,21.1,20.9,21.1,97188
2025-02-14,21.1,21.1,21.2,20.95,20.95,124605
2025-02-17,21.3,21.3,21.3,21.15,21.2,107315
2025-02-18,21.25,21.25,21.35,21.25,21.3,97886
2025-02-19,21.3,21.3,21.45,21.15,21.25,129202
2025-02-20,21.35,21.35,21.45,21.2,21.4,131925
2025-02-21,21.25,21.25,21.35,21.2,21.3,86008
2025-02-24,21.15,21.15,21.25,21.15,21.2,96516
2025-02-25,21.35,21.35,21.65,21.15,21.15,208853
2025-02-26,21.7,21.7,21.75,21.45,21.45,175045
2025-02-27,22.2,22.2,22.3,21.8,21.8,328005
2025-03-03,21.95,21.95,22.25,21.65,22.2,214711
2025-03-04,21.7,21.7,21.85,21.45,21.55,121470
2025-03-05,21.55,21.55,21.85,21.55,21.55,113512
2025-03-06,21.55,21.55,21.7,21.55,21.55,119682
2025-03-07,21.45,21.45,21.55,21.45,21.55,54149
2025-03-10,21.45,21.45,21.5,21.3,21.4,70004
2025-03-11,21.2,21.2,21.4,21.0,21.35,228719
2025-03-12,21.0,21.0,21.45,21.0,21.2,102969
2025-03-13,20.8,20.8,21.25,20.8,21.0,145795
2025-03-14,20.75,20.75,20.85,20.6,20.8,112978
2025-03-17,20.65,20.65,20.9,20.65,20.75,108206
2025-03-18,21.0,21.0,21.15,20.85,20.9,117313
2025-03-19,20.8,20.8,21.05,20.75,21.0,70171
2025-03-20,20.9,20.9,20.95,20.8,20.8,62288
2025-03-21,20.85,20.85,21.1,20.8,21.05,44121
2025-03-24,20.75,20.75,20.85,20.75,20.85,29314
2025-03-25,20.15,20.15,20.7,20.1,20.7,295109
2025-03-26,20.15,20.15,20.4,20.1,20.35,146648
2025-03-27,20.0,20.0,20.15,19.7,20.1,259945
2025-03-28,19.15,19.15,19.9,18.6,19.9,620599
2025-03-31,19.05,19.05,19.05,18.85,18.9,233395
2025-04-01,19.05,19.05,19.3,18.95,19.1,173185
2025-04-02,19.0,19.0,19.05,18.85,19.0,163869
2025-04-07,17.1,17.1,17.1,17.1,17.1,303308
2025-04-08,15.4,15.4,16.8,15.4,16.7,971167
2025-04-09,14.2,14.2,15.55,13.9,15.55,944804
2025-04-10,15.6,15.6,15.6,14.75,14.75,310206
2025-04-11,17.05,17.05,17.15,15.6,15.8,493013
2025-04-14,17.2,17.2,17.95,17.05,17.3,421189
2025-04-15,17.5,17.5,17.85,17.15,17.2,227890
2025-04-16,17.35,17.35,17.5,17.3,17.45,123935
2025-04-17,17.5,17.5,17.6,17.15,17.3,153305
2025-04-18,18.0,18.0,18.05,17.5,17.5,235471
2025-04-21,17.7,17.7,18.0,17.65,17.8,102462
2025-04-22,17.65,17.65,17.95,17.5,17.6,43706
2025-04-23,18.0,18.0,18.9,17.65,17.65,140616
2025-04-24,17.95,17.95,18.5,17.95,18.35,129420
2025-04-25,18.0,18.0,18.4,17.95,18.15,61476
2025-04-28,17.75,17.75,18.0,17.6,18.0,217617
2025-04-29,17.9,17.9,18.3,17.75,17.75,103065
2025-04-30,18.1,18.1,18.15,17.65,17.8,105434
2025-05-02,18.3,18.3,18.3,18.0,18.1,58820
2025-05-05,18.1,18.1,18.35,17.8,18.35,91614
2025-05-06,17.95,17.95,18.05,17.8,17.8,32575
2025-05-07,18.0,18.0,18.0,17.8,17.9,229856
2025-05-08,18.15,18.15,18.15,17.8,18.0,126521
2025-05-09,17.95,17.95,18.05,17.8,18.0,38443
2025-05-12,18.0,18.0,18.1,17.8,17.95,59200
2025-05-13,17.9,17.9,18.05,17.6,18.0,111473
2025-05-14,17.95,17.95,18.0,17.7,18.0,100292
2025-05-15,17.65,17.65,17.95,17.65,17.95,95848
2025-05-16,17.85,17.85,18.0,17.5,17.55,112645
2025-05-19,17.7,17.7,17.95,17.7,17.95,70519
2025-05-20,17.7,17.7,17.85,17.6,17.85,58290
2025-05-21,17.7,17.7,17.7,17.6,17.65,39181
2025-05-22,17.7,17.7,17.7,17.55,17.55,39229
2025-05-23,17.6,17.6,17.85,17.6,17.85,35997
2025-05-26,17.65,17.65,17.7,17.55,17.65,40621
2025-05-27,17.5,17.5,17.7,17.45,17.55,54066
2025-05-28,17.35,17.35,17.65,17.3,17.5,65270
2025-05-29,17.45,17.45,17.65,17.15,17.3,110064
2025-06-02,16.85,16.85,17.5,16.75,17.45,280131
2025-06-03,17.3,17.3,17.8,16.9,16.9,155042
2025-06-04,17.45,17.45,17.6,17.4,17.4,52611
2025-06-05,17.7,17.7,18.0,17.15,17.45,200931
2025-06-06,17.6,17.6,18.0,17.45,17.7,71269
2025-06-09,17.6,17.6,17.85,17.4,17.6,89430
2025-06-10,17.55,17.55,17.6,17.45,17.6,40811
2025-06-11,17.45,17.45,17.5,17.35,17.5,95439
2025-06-12,17.4,17.4,17.45,17.35,17.45,32597
2025-06-13,17.0,17.0,17.35,17.0,17.35,87864
2025-06-16,17.05,17.05,17.05,16.8,17.0,64343
2025-06-17,17.05,17.05,17.1,16.9,17.1,36708
2025-06-18,17.0,17.0,17.05,16.85,17.05,42190
2025-06-19,16.85,16.85,16.95,16.8,16.95,27057
2025-06-20,16.45,16.45,16.85,16.4,16.8,122182
2025-06-23,16.25,16.25,16.45,16.0,16.45,47670
2025-06-24,16.4,16.4,16.55,16.3,16.35,62098
2025-06-25,16.3,16.3,16.4,16.25,16.3,32096
2025-06-26,16.7,16.7,16.8,16.25,16.3,108022
2025-06-27,16.7,16.7,16.8,16.5,16.8,61225
2025-06-30,16.5,16.5,16.7,16.3,16.7,111773
2025-07-01,16.55,16.55,16.65,16.5,16.6,65717
2025-07-02,16.35,16.35,16.55,16.3,16.55,77508
2025-07-03,16.85,16.85,16.9,16.3,16.5,232880
2025-07-04,16.2,16.2,16.7,16.2,16.55,130573
2025-07-07,16.0,16.0,16.25,15.95,16.1,73025
2025-07-08,15.85,15.85,15.9,15.65,15.9,117648
2025-07-09,15.75,15.75,15.8,15.6,15.8,63962
2025-07-10,15.75,15.75,15.75,15.55,15.7,63139
2025-07-11,15.95,15.95,16.05,15.7,15.8,59928
2025-07-14,15.95,15.95,16.05,15.8,15.95,43673
2025-07-15,15.9,15.9,15.95,15.75,15.85,50425
2025-07-16,16.2,16.2,16.4,15.8,15.85,124768
2025-07-17,16.3,16.3,16.45,16.2,16.25,77925
2025-07-18,16.15,16.15,16.3,16.0,16.3,57217
2025-07-21,16.0,16.0,16.05,15.95,16.0,37361
2025-07-22,15.8,15.8,16.2,15.75,16.0,67228
2025-07-23,15.95,15.95,16.0,15.75,15.8,43946
2025-07-24,16.05,16.05,16.1,15.95,15.95,49970
2025-07-25,15.95,15.95,16.15,15.9,16.05,39021
2025-07-28,16.0,16.0,16.0,15.85,15.95,58163
2025-07-29,15.9,15.9,16.0,15.85,16.0,36065
2025-07-30,15.9,15.9,16.0,15.7,15.9,82861
2025-07-31,15.8,15.8,15.95,15.7,15.8,79683
2025-08-01,15.8,15.8,15.8,15.7,15.8,84293
2025-08-04,16.1,16.1,16.15,15.75,15.8,137726
2025-08-05,16.0,16.0,16.15,15.95,16.15,174076
2025-08-06,16.0,16.0,16.15,16.0,16.0,87724
2025-08-07,15.95,15.95,16.1,15.9,16.05,61735
2025-08-08,15.85,15.85,16.0,15.8,15.95,96136
2025-08-11,15.5,15.5,15.85,15.5,15.85,162443
2025-08-12,15.0,15.0,15.4,14.9,15.4,505427
2025-08-13,14.45,14.45,15.0,14.05,15.0,1482624
2025-08-14,14.35,14.35,14.65,14.3,14.55,563502
2025-08-15,14.5,14.5,14.5,14.3,14.35,178178
2025-08-18,15.0,15.0,15.1,14.6,14.6,347095
2025-08-19,16.5,16.5,16.5,15.0,15.0,1295868
2025-08-20,16.1,16.1,17.25,16.0,16.6,1614270
2025-08-21,16.35,16.35,16.7,16.15,16.15,447759
2025-08-22,16.25,16.25,16.65,16.1,16.55,291579
2025-08-25,16.3,16.3,16.55,16.1,16.35,363548
2025-08-26,16.0,16.0,16.45,15.95,16.3,188634
2025-08-27,15.85,15.85,16.45,15.85,16.0,129832
2025-08-28,15.8,15.8,15.95,15.6,15.85,303931
2025-08-29,15.75,15.75,15.9,15.65,15.9,135507
2025-09-01,15.95,15.95,16.25,15.55,15.75,260534
2025-09-02,15.95,15.95,16.0,15.6,16.0,151804
2025-09-03,16.05,16.05,16.45,15.85,15.9,166090
2025-09-04,16.3,16.3,16.4,15.85,16.1,355626
2025-09-05,16.3,16.3,16.4,16.05,16.3,147503
2025-09-08,16.3,16.3,16.3,15.9,16.3,145978
2025-09-09,15.95,15.95,16.3,15.85,16.3,177950
2025-09-10,16.0,16.0,16.0,15.85,15.9,144829
2025-09-11,15.5,15.5,16.0,15.5,16.0,157218
2025-09-12,16.0,16.0,16.0,15.5,15.6,141928
2025-09-15,15.45,15.45,16.0,15.4,15.8,411124
2025-09-16,15.35,15.35,15.6,15.3,15.4,157678
2025-09-17,15.4,15.4,15.6,15.35,15.4,268466
2025-09-18,15.35,15.35,15.5,15.3,15.45,121062
2025-09-19,15.1,15.1,15.35,14.95,15.35,317839
2025-09-22,14.95,14.95,15.1,14.8,15.1,237827
2025-09-23,14.95,14.95,14.95,14.7,14.95,136142
2025-09-24,14.95,14.95,15.05,14.85,14.85,104199
2025-09-25,15.0,15.0,15.2,14.9,15.05,111837
2025-09-26,15.1,15.1,15.1,14.75,15.0,149678
2025-09-30,14.85,14.85,15.2,14.75,15.0,116264
2025-10-01,14.8,14.8,15.0,14.8,14.9,144323
2025-10-02,14.75,14.75,15.0,14.65,14.95,128864
2025-10-03,14.75,14.75,14.8,14.6,14.7,176442
2025-10-07,14.75,14.75,15.05,14.6,14.65,154954
2025-10-08,14.75,14.75,14.75,14.65,14.65,79164
2025-10-09,14.75,14.75,14.85,14.7,14.85,111501
2025-10-13,14.65,14.65,14.8,14.6,14.8,174284
2025-10-14,14.7,14.7,14.75,14.45,14.7,352517
2025-10-15,14.55,14.55,14.75,14.55,14.7,103443
2025-10-16,14.55,14.55,14.7,14.5,14.7,119943
2025-10-17,14.35,14.35,14.6,14.25,14.5,372800
2025-10-20,14.45,14.45,14.85,14.2,14.45,192667
2025-10-21,14.35,14.35,14.75,14.35,14.5,159844
2025-10-22,14.5,14.5,14.55,14.35,14.35,141899
2025-10-23,14.5,14.5,14.7,14.45,14.5,127701
2025-10-27,14.5,14.5,14.65,14.35,14.6,238254
2025-10-28,14.25,14.25,14.5,14.25,14.5,152714
2025-10-29,14.3,14.3,14.3,14.1,14.15,196977
2025-10-30,14.25,14.25,14.3,14.1,14.3,122228
2025-10-31,14.1,14.1,14.25,14.0,14.25,215034
2025-11-03,14.05,14.05,14.25,14.05,14.1,100210
2025-11-04,13.95,13.95,14.1,13.95,14.05,121245
2025-11-05,13.95,13.95,13.95,13.8,13.95,235681
2025-11-06,14.0,14.0,14.0,13.85,13.95,144571
2025-11-07,14.0,14.0,14.1,13.9,14.0,168456
2025-11-10,15.05,15.05,15.25,14.3,14.3,815204
2025-11-11,14.9,14.9,15.1,14.7,15.1,256918
2025-11-12,15.0,15.0,15.15,14.85,14.95,142648
2025-11-13,15.15,15.15,15.15,14.75,15.0,249980
2025-11-14,15.3,15.3,15.85,15.1,15.1,338871
2025-11-17,15.1,15.1,15.4,15.05,15.4,83581
2025-11-18,14.9,14.9,15.05,14.75,15.05,111625
2025-11-19,14.8,14.8,14.95,14.7,14.9,71969
2025-11-20,15.0,15.0,15.05,14.8,14.85,56974
2025-11-21,14.8,14.8,15.0,14.6,15.0,108452
2025-11-24,14.8,14.8,14.85,14.7,14.85,90766
2025-11-25,14.8,14.8,14.85,14.7,14.85,66832
2025-11-26,14.85,14.85,14.85,14.7,14.85,145883
2025-11-27,15.1,15.1,15.1,14.85,14.95,124780
2025-11-28,15.1,15.1,15.25,14.95,15.2,163635
2025-12-01,15.0,15.0,15.15,14.95,15.1,77317
2025-12-02,15.25,15.25,15.25,14.95,15.0,141093
2025-12-03,15.3,15.3,15.35,15.2,15.2,103254
2025-12-04,15.1,15.1,15.3,14.75,15.3,154268
2025-12-05,15.1,15.1,15.3,15.05,15.15,129140
2025-12-08,15.4,15.4,15.5,15.15,15.15,262279
2025-12-09,15.15,15.15,15.4,15.0,15.4,265135
2025-12-10,15.1,15.1,15.2,15.0,15.1,152559
2025-12-11,15.0,15.0,15.1,14.8,15.1,87557
2025-12-12,15.0,15.0,15.1,14.9,15.05,69335
2025-12-15,14.9,14.9,15.1,14.9,15.0,104512
2025-12-16,14.9,14.9,15.05,14.8,15.05,62424
2025-12-17,14.95,14.95,15.05,14.95,15.05,44206
2025-12-18,15.0,15.0,15.0,14.85,14.85,27900
2025-12-19,15.0,15.0,15.0,14.9,15.0,43704
2025-12-22,15.05,15.05,15.35,14.95,15.35,59289
2025-12-23,14.9,14.9,15.1,14.85,15.1,121933
2025-12-24,14.8,14.8,14.95,14.8,14.9,51332
2025-12-26,14.55,14.55,14.85,14.45,14.8,236005
2025-12-29,14.7,14.7,14.7,14.45,14.6,244226
2025-12-30,14.55,14.55,14.6,14.5,14.6,47555
2025-12-31,14.5,14.5,14.6,14.35,14.6,145117
2026-01-02,14.55,14.55,14.55,14.4,14.45,115613
2026-01-05,14.2,14.2,14.55,14.1,14.55,314653
2026-01-06,14.3,14.3,14.35,14.15,14.15,176440
2026-01-07,14.4,14.4,14.4,14.3,14.3,146000
2026-01-08,14.45,14.45,14.5,14.35,14.4,103262
2026-01-09,14.65,14.65,14.7,14.3,14.4,236984
2026-01-12,14.55,14.55,14.65,14.45,14.6,190222
2026-01-13,14.5,14.5,14.5,14.35,14.45,147660
2026-01-14,14.75,14.75,14.8,14.5,14.5,140295
2026-01-15,14.85,14.85,15.15,14.8,15.05,146326
2026-01-16,14.8,14.8,15.0,14.7,14.95,265783
2026-01-19,14.85,14.85,15.0,14.8,14.8,138186
2026-01-20,14.85,14.85,14.9,14.8,14.9,143099
2026-01-21,14.65,14.65,14.8,14.65,14.75,141013
2026-01-22,14.65,14.65,14.7,14.55,14.7,185260
2026-01-23,14.65,14.65,14.65,14.5,14.65,94674
2026-01-26,14.65,14.65,14.65,14.55,14.65,189086
2026-01-27,14.75,14.75,14.8,14.65,14.65,218694
2026-01-28,14.8,14.8,15.0,14.7,14.85,218651
2026-01-29,14.7,14.7,14.9,14.55,14.8,148794
2026-01-30,14.6,14.6,14.7,14.5,14.65,188233
2026-02-02,14.45,14.45,14.6,14.35,14.6,191098
2026-02-03,14.4,14.4,14.5,14.35,14.45,86137
2026-02-04,14.55,14.55,14.55,14.4,14.5,104918
2026-02-05,14.4,14.4,14.55,14.35,14.4,105880
2026-02-06,14.3,14.3,14.4,14.2,14.35,72894
2026-02-09,14.15,14.15,14.5,14.15,14.4,178403
2026-02-10,14.15,14.15,14.25,14.15,14.2,79579
2026-02-11,14.15,14.15,14.2,14.05,14.2,175269
2026-02-23,14.35,14.35,14.45,14.05,14.05,209474
2026-02-24,14.3,14.3,14.45,14.2,14.45,221994
2026-02-25,14.3,14.3,14.3,14.1,14.3,155767
2026-02-26,14.45,14.45,14.5,14.3,14.3,140008
2026-03-02,14.45,14.45,14.6,14.3,14.6,70467
2026-03-03,14.2,14.2,14.4,14.15,14.4,111023
2026-03-04,13.95,13.95,14.25,13.9,14.25,182456
2026-03-05,13.95,13.95,14.05,13.9,14.0,144220
2026-03-06,14.0,14.0,14.05,13.85,13.85,202995
2026-03-09,13.75,13.75,13.85,13.45,13.85,374669
2026-03-10,13.85,13.85,14.0,13.75,13.85,102024
2026-03-11,13.9,13.9,14.0,13.8,13.95,176535
2026-03-12,13.55,13.55,14.0,13.3,14.0,738162
2026-03-13,13.35,13.35,13.45,13.2,13.4,438520
2026-03-16,13.35,13.35,13.45,13.2,13.35,266998
2026-03-17,13.6,13.6,13.65,13.4,13.4,207080
2026-03-18,13.6,13.6,13.75,13.5,13.7,324167
2026-03-19,13.45,13.45,13.55,13.4,13.5,209669
2026-03-20,13.45,13.45,13.55,13.35,13.35,185050
2026-03-23,13.2,13.2,13.45,13.2,13.45,275624
2026-03-24,13.4,13.4,13.5,13.1,13.3,304551
2026-03-25,13.45,13.45,13.45,13.3,13.45,214044
2026-03-26,13.3,13.3,13.45,13.2,13.45,175534
2026-03-27,13.35,13.35,13.4,13.1,13.3,128305
2026-03-30,13.25,13.25,13.35,13.15,13.15,124164
2026-03-31,13.1,13.1,13.3,13.1,13.25,115082
2026-04-01,13.25,13.25,13.55,13.05,13.2,215324
2026-04-02,13.35,13.35,13.4,13.25,13.25,41941
2026-04-07,13.2,13.2,13.3,13.2,13.3,82942
2026-04-08,13.15,13.15,13.3,13.1,13.3,139225
2026-04-09,13.05,13.05,13.2,13.0,13.2,240594
2026-04-10,13.05,13.05,13.55,13.05,13.2,582055
2026-04-13,13.15,13.15,13.2,13.05,13.2,169264
2026-04-14,13.15,13.15,13.35,13.05,13.35,143483
2026-04-15,13.15,13.15,13.2,13.05,13.2,179177
2026-04-16,13.15,13.15,13.35,13.1,13.15,312964
2026-04-17,13.4,13.4,13.6,13.15,13.2,374624
2026-04-20,13.65,13.65,13.95,13.45,13.75,514717
2026-04-21,13.5,13.5,13.6,13.35,13.55,193245
2026-04-22,13.35,13.35,13.5,13.25,13.5,167180
2026-04-23,13.0,13.0,13.4,12.95,13.4,345537
2026-04-24,13.1,13.1,13.1,12.9,13.0,147697
2026-04-27,12.9,12.9,13.05,12.85,13.05,247241
2026-04-28,12.9,12.9,13.0,12.85,12.85,88714
2026-04-29,12.95,12.95,13.0,12.85,13.0,171709
2026-04-30,13.0,13.0,13.1,12.95,13.1,320867
2026-05-04,13.15,13.15,13.45,13.0,13.0,380070
2026-05-05,13.2,13.2,13.35,13.1,13.15,216821
2026-05-06,13.2,13.2,13.3,13.1,13.3,201600
2026-05-07,13.2,13.2,13.25,13.15,13.2,123965
2026-05-08,13.05,13.05,13.25,13.0,13.2,251631
2026-05-11,12.95,12.95,13.05,12.9,13.0,220346
2026-05-12,12.95,12.95,13.0,12.9,12.95,149797
2026-05-13,14.2,14.2,14.2,13.7,14.15,2351098
2026-05-14,14.0,14.0,14.5,13.75,14.5,1751976
2026-05-15,14.3,14.3,14.45,14.1,14.2,755993
2026-05-18,14.45,14.45,14.85,14.3,14.35,619304
2026-05-19,14.7,14.7,14.8,14.15,14.4,605528
2026-05-20,14.8,14.8,14.8,14.45,14.7,472541
2026-05-21,15.3,15.3,15.3,14.8,14.8,629363
2026-05-22,15.2,15.2,15.5,15.2,15.5,547323
2026-05-25,14.75,14.75,15.35,14.75,15.2,598245
2026-05-26,14.9,14.9,14.95,14.7,14.95,342281
2026-05-27,14.8,14.8,15.0,14.35,14.95,846403
2026-05-28,14.85,14.85,15.0,14.65,14.8,383276
2026-05-29,14.8,14.8,15.0,14.7,14.85,413719
2026-06-01,14.65,14.65,14.9,14.4,14.8,622625
2026-06-02,14.35,14.35,14.85,14.3,14.65,634087
2026-06-03,14.45,14.45,14.5,14.35,14.5,520782
2026-06-04,15.1,15.1,15.15,14.3,14.35,873889
2026-06-05,15.45,15.45,15.6,14.9,15.15,1262099
2026-06-08,15.0,15.0,15.2,14.55,15.0,420972
2026-06-09,14.9,14.9,15.5,14.9,15.0,557746
2026-06-10,15.65,15.65,15.75,14.75,14.9,1119882
2026-06-11,15.35,15.35,15.85,15.15,15.75,701216
2026-06-12,15.05,15.05,15.65,15.0,15.35,398773
2026-06-15,15.0,15.0,15.5,14.95,15.05,314858
2026-06-16,15.0,15.0,15.15,14.75,15.1,247384
2026-06-17,15.3,15.3,15.3,14.85,14.95,398440
2026-06-18,15.3,15.3,15.55,15.05,15.3,421532
2026-06-22,15.0,15.0,15.55,15.0,15.3,282850
2026-06-23,14.95,14.95,15.2,14.85,14.95,230234
2026-06-24,15.0,15.0,15.2,14.8,14.85,280921
2026-06-25,15.0,15.0,15.1,14.9,15.0,154273
2026-06-26,14.45,14.45,15.1,14.45,14.8,476700
2026-06-29,14.8,14.8,15.05,14.4,14.4,177031
2026-06-30,15.05,15.05,15.15,14.8,14.8,519273
2026-07-01,15.3,15.3,15.35,15.1,15.1,405098
2026-07-02,15.3,15.3,15.6,15.3,15.3,377860
2026-07-03,15.5,15.5,15.6,15.3,15.35,437891
2026-07-06,15.7,15.7,15.85,15.45,15.55,505600
2026-07-07,15.55,15.55,16.0,15.35,15.7,616448
2026-07-08,15.7,15.7,15.85,15.4,15.5,438759
2026-07-09,15.6,15.6,15.9,15.3,15.7,387232
2026-07-13,15.65,15.65,15.7,15.4,15.7,513609
2026-07-14,15.6,15.6,15.75,15.2,15.75,268075
2026-07-15,16.15,16.15,16.3,15.5,15.6,630368
2026-07-16,16.15,16.15,16.5,15.85,16.5,646199
2026-07-17,16.05,16.05,16.35,15.7,15.85,530277
2026-07-20,15.9,15.9,16.45,15.9,16.3,412188
2026-07-21,15.8,15.8,16.1,15.75,15.95,320452
2026-07-22,15.85,15.85,15.9,15.7,15.8,265876
2026-07-23,15.55,15.55,15.9,15.4,15.9,249585
2026-07-24,15.35,15.35,15.55,15.1,15.55,204515
2026-07-27,15.4,15.4,15.45,15.2,15.35,214346
2026-07-28,14.95,14.95,15.35,14.95,15.35,226909
2026-07-29,14.6,14.6,15.1,14.5,14.9,261329
2026-07-30,14.4,14.4,14.6,14.3,14.45,135013
2026-07-31,14.4,14.4,14.75,14.4,14.75,157445
2026-08-03,14.4,14.4,14.45,14.15,14.35,83364
2026-08-04,14.3,14.3,14.35,14.25,14.35,134046
2026-08-05,14.4,14.4,14.6,14.4,14.45,144778
2026-08-06,14.4,14.4,14.4,14.2,14.4,142779
2026-08-07,14.5,14.5,14.7,14.3,14.4,238719
2026-08-10,14.65,14.65,14.9,14.55,14.65,275396
2026-08-11,14.65,14.65,14.65,14.2,14.3,331225
2026-08-12,14.8,14.8,15.05,14.6,14.65,534073
2026-08-13,15.1,15.1,15.3,14.9,14.9,452067
2026-08-14,14.8,14.8,15.1,14.65,15.1,616944
2026-08-17,14.8,14.8,14.85,14.7,14.8,198927
2026-08-18,14.7,14.7,14.8,14.55,14.8,164218
2026-08-19,14.65,14.65,14.8,14.65,14.7,157569
2026-08-20,14.85,14.85,14.85,14.6,14.6,134037
2026-08-21,14.75,14.75,14.8,14.65,14.75,163278
2026-08-24,14.45,14.45,14.8,14.4,14.8,274872
2026-08-25,14.5,14.5,14.5,14.35,14.45,78384
2026-08-26,14.55,14.55,14.6,14.4,14.5,129809
2026-08-27,14.5,14.5,14.55,14.35,14.5,168885
2026-08-28,14.45,14.45,14.55,14.4,14.5,94462
2026-08-31,14.55,14.55,14.6,14.4,14.4,120740
2026-09-01,14.5,14.5,14.65,14.45,14.55,114889
2026-09-02,14.4,14.4,14.5,14.15,14.5,278778
2026-09-03,14.3,14.3,14.45,14.25,14.45,138853
2026-09-04,14.45,14.45,14.45,14.2,14.3,230639
2026-09-07,14.3,14.3,14.55,14.2,14.35,228723
2026-09-08,14.15,14.15,14.3,14.15,14.3,80397
2026-09-09,14.1,14.1,14.2,14.0,14.2,208712
2026-09-10,14.8,14.8,15.4,14.5,14.5,1104466
2026-09-11,15.15,15.15,15.15,14.65,14.75,351331
2026-09-14,14.7,14.7,15.1,14.5,15.1,380964
2026-09-15,14.7,14.7,14.75,14.6,14.65,72600
2026-09-16,14.85,14.85,14.95,14.6,14.75,135914
2026-09-17,14.85,14.85,14.9,14.7,14.8,154314
2026-09-18,15.15,15.15,15.15,14.85,14.85,352705
2026-09-21,14.9,14.9,15.2,14.9,15.15,153830
