,Adj Close,Close,High,Low,Open,Volume,Dividends,Stock Splits
2020-01-02,11.667201042175293,32.45000076293945,32.5,32.29999923706055,32.5,27000,,
2020-01-03,11.667201042175293,32.45000076293945,32.45000076293945,32.25,32.45000076293945,17000,,
2020-01-06,11.595290184020996,32.25,32.25,31.850000381469727,32.20000076293945,44000,,
2020-01-07,11.505406379699707,32.0,32.20000076293945,31.149999618530273,32.20000076293945,102000,,
2020-01-08,11.379566192626953,31.649999618530273,31.799999237060547,31.399999618530273,31.600000381469727,57000,,
2020-01-09,11.307656288146973,31.450000762939453,31.649999618530273,31.299999237060547,31.649999618530273,58000,,
2020-01-10,11.343611717224121,31.549999237060547,31.600000381469727,31.399999618530273,31.600000381469727,15000,,
2020-01-13,11.757085800170898,32.70000076293945,32.900001525878906,31.700000762939453,31.700000762939453,125000,,
2020-01-14,11.864949226379395,33.0,33.25,32.75,32.79999923706055,102000,,
2020-01-15,11.775062561035156,32.75,33.0,32.099998474121094,33.0,104000,,
2020-01-16,11.505406379699707,32.0,32.599998474121094,31.799999237060547,32.349998474121094,217000,,
2020-01-17,11.577316284179688,32.20000076293945,32.20000076293945,31.600000381469727,32.0,58017,,
2020-01-20,11.595290184020996,32.25,32.349998474121094,31.799999237060547,31.899999618530273,100310,,
2020-01-30,11.002045631408691,30.600000381469727,31.049999237060547,29.399999618530273,31.049999237060547,194000,,
2020-01-31,11.217771530151367,31.200000762939453,31.200000762939453,29.950000762939453,30.600000381469727,120149,,
2020-02-03,11.487427711486816,31.950000762939453,31.950000762939453,30.450000762939453,30.549999237060547,138000,,
2020-02-04,11.433496475219727,31.799999237060547,31.799999237060547,31.5,31.600000381469727,146000,,
2020-02-05,11.199792861938477,31.149999618530273,32.0,30.899999618530273,32.0,213000,,
2020-02-06,11.073953628540039,30.799999237060547,31.299999237060547,30.5,31.299999237060547,240000,,
2020-02-07,10.96608829498291,30.5,30.549999237060547,30.399999618530273,30.399999618530273,58000,,
2020-02-10,10.894179344177246,30.299999237060547,30.450000762939453,30.0,30.299999237060547,91208,,
2020-02-11,10.858227729797363,30.200000762939453,30.399999618530273,29.899999618530273,30.350000381469727,126000,,
2020-02-12,10.768341064453125,29.950000762939453,30.200000762939453,29.899999618530273,30.200000762939453,114000,,
2020-02-13,10.786317825317383,30.0,30.149999618530273,29.950000762939453,30.100000381469727,88000,,
2020-02-14,10.804295539855957,30.049999237060547,30.149999618530273,29.799999237060547,30.149999618530273,67103,,
2020-02-17,10.822272300720215,30.100000381469727,30.200000762939453,29.799999237060547,30.100000381469727,138000,,
2020-02-18,10.678454399108887,29.700000762939453,30.149999618530273,29.700000762939453,29.899999618530273,166000,,
2020-02-19,10.912158966064453,30.350000381469727,30.350000381469727,29.600000381469727,29.700000762939453,95000,,
2020-02-20,10.96608829498291,30.5,30.600000381469727,30.25,30.450000762939453,96000,,
2020-02-21,10.930136680603027,30.399999618530273,30.700000762939453,30.350000381469727,30.5,85493,,
2020-02-24,10.696433067321777,29.75,30.450000762939453,29.649999618530273,30.450000762939453,110000,,
2020-02-25,10.642500877380371,29.600000381469727,29.649999618530273,29.350000381469727,29.5,40000,,
2020-02-26,10.588569641113281,29.450000762939453,29.600000381469727,29.299999237060547,29.399999618530273,45000,,
2020-02-27,10.426773071289062,29.0,29.450000762939453,28.799999237060547,29.450000762939453,110000,,
2020-03-02,10.157115936279297,28.25,28.799999237060547,28.0,28.799999237060547,110000,,
2020-03-03,10.175092697143555,28.299999237060547,28.5,28.25,28.5,61000,,
2020-03-04,9.851502418518066,27.399999618530273,28.100000381469727,27.200000762939453,28.100000381469727,173000,,
2020-03-05,9.851502418518066,27.399999618530273,28.600000381469727,27.399999618530273,28.600000381469727,470000,,
2020-03-06,9.725663185119629,27.049999237060547,27.649999618530273,27.049999237060547,27.600000381469727,162000,,
2020-03-09,9.384096145629883,26.100000381469727,26.799999237060547,26.100000381469727,26.799999237060547,161000,,
2020-03-10,9.348142623901367,26.0,26.0,25.100000381469727,25.799999237060547,138000,,
2020-03-11,9.420050621032715,26.200000762939453,26.549999237060547,25.600000381469727,25.600000381469727,112000,,
2020-03-12,8.970622062683105,24.950000762939453,25.799999237060547,24.549999237060547,25.799999237060547,147000,,
2020-03-13,8.970622062683105,24.950000762939453,24.950000762939453,24.950000762939453,24.950000762939453,0,,
2020-03-16,8.269510269165039,23.0,24.799999237060547,23.0,24.799999237060547,125000,,
2020-03-17,7.640307903289795,21.25,21.799999237060547,20.700000762939453,20.850000381469727,232000,,
2020-03-18,7.658285617828369,21.299999237060547,21.649999618530273,21.200000762939453,21.299999237060547,114000,,
2020-03-19,6.903243064880371,19.200000762939453,21.049999237060547,19.200000762939453,20.799999237060547,307000,,
2020-03-20,7.262787818908691,20.200000762939453,20.600000381469727,19.299999237060547,19.299999237060547,114000,,
2020-03-23,7.065038681030273,19.649999618530273,19.950000762939453,19.600000381469727,19.600000381469727,90000,,
2020-03-24,7.1729021072387695,19.950000762939453,19.950000762939453,19.299999237060547,19.299999237060547,161000,,
2020-03-25,7.406604290008545,20.600000381469727,21.100000381469727,20.399999618530273,20.399999618530273,76000,,
2020-03-26,7.478512287139893,20.799999237060547,20.899999618530273,20.549999237060547,20.899999618530273,45000,,
2020-03-27,7.658285617828369,21.299999237060547,21.450000762939453,21.0,21.25,43000,,
2020-03-30,7.532444477081299,20.950000762939453,20.950000762939453,20.700000762939453,20.850000381469727,34000,,
2020-03-31,7.586376667022705,21.100000381469727,21.200000762939453,20.700000762939453,21.200000762939453,40000,,
2020-04-01,7.478512287139893,20.799999237060547,20.950000762939453,20.700000762939453,20.950000762939453,42000,,
2020-04-06,7.316718578338623,20.350000381469727,21.049999237060547,20.200000762939453,21.0,82000,,
2020-04-07,7.370649814605713,20.5,20.600000381469727,20.299999237060547,20.5,54000,,
2020-04-08,7.8200812339782715,21.75,21.75,20.649999618530273,20.649999618530273,94000,,
2020-04-09,7.802102565765381,21.700000762939453,22.25,21.399999618530273,21.75,41000,,
2020-04-10,7.838056564331055,21.799999237060547,22.100000381469727,21.600000381469727,22.100000381469727,53000,,
2020-04-13,7.802102565765381,21.700000762939453,21.899999618530273,21.600000381469727,21.799999237060547,28000,,
2020-04-14,7.909965991973877,22.0,22.25,21.899999618530273,21.950000762939453,157000,,
2020-04-15,8.161646842956543,22.700000762939453,22.700000762939453,22.049999237060547,22.100000381469727,65000,,
2020-04-16,8.089738845825195,22.5,22.700000762939453,22.299999237060547,22.700000762939453,31000,,
2020-04-17,7.981874942779541,22.200000762939453,22.600000381469727,22.149999618530273,22.549999237060547,50000,,
2020-04-20,8.107715606689453,22.549999237060547,22.549999237060547,22.049999237060547,22.200000762939453,29000,,
2020-04-21,7.838056564331055,21.799999237060547,22.5,21.600000381469727,22.5,51000,,
2020-04-22,7.8200812339782715,21.75,21.75,21.399999618530273,21.5,21000,,
2020-04-23,7.8200812339782715,21.75,21.75,21.75,21.75,0,,
2020-04-24,7.8200812339782715,21.75,21.799999237060547,21.600000381469727,21.649999618530273,12000,,
2020-04-27,7.909965991973877,22.0,22.200000762939453,21.850000381469727,21.850000381469727,44000,,
2020-04-28,7.999852657318115,22.25,22.399999618530273,22.149999618530273,22.399999618530273,71000,,
2020-04-29,8.071762084960938,22.450000762939453,22.600000381469727,22.25,22.25,105000,,
2020-04-30,8.305463790893555,23.100000381469727,23.299999237060547,22.549999237060547,22.799999237060547,126000,,
2020-05-04,8.215578079223633,22.850000381469727,23.0,22.649999618530273,23.0,68000,,
2020-05-05,8.485237121582031,23.600000381469727,23.649999618530273,23.0,23.0,115000,,
2020-05-06,8.718940734863281,24.25,24.799999237060547,23.75,23.799999237060547,132000,,
2020-05-07,8.718940734863281,24.25,24.600000381469727,24.100000381469727,24.600000381469727,66000,,
2020-05-08,8.736917495727539,24.299999237060547,24.600000381469727,24.299999237060547,24.600000381469727,66000,,
2020-05-11,8.736917495727539,24.299999237060547,24.350000381469727,24.100000381469727,24.200000762939453,76000,,
2020-05-12,8.593098640441895,23.899999618530273,24.200000762939453,23.649999618530273,24.200000762939453,78000,,
2020-05-13,8.629053115844727,24.0,24.100000381469727,23.799999237060547,23.899999618530273,45000,,
2020-05-14,8.539167404174805,23.75,24.0,23.75,23.799999237060547,84000,,
2020-05-15,8.539167404174805,23.75,23.899999618530273,23.399999618530273,23.799999237060547,167000,,
2020-05-18,8.557145118713379,23.799999237060547,23.950000762939453,23.799999237060547,23.899999618530273,8000,,
2020-05-19,8.557145118713379,23.799999237060547,23.899999618530273,23.75,23.799999237060547,48000,,
2020-05-20,8.629053115844727,24.0,24.0,23.899999618530273,23.899999618530273,27000,,
2020-05-21,8.808826446533203,24.5,25.0,24.299999237060547,24.350000381469727,183000,,
2020-05-22,8.934666633605957,24.850000381469727,25.0,24.5,24.5,91000,,
2020-05-25,9.114439010620117,25.350000381469727,25.350000381469727,24.950000762939453,25.100000381469727,70000,,
2020-05-26,8.898712158203125,24.75,25.549999237060547,24.75,25.299999237060547,189000,,
2020-05-27,8.970622062683105,24.950000762939453,25.149999618530273,24.75,24.799999237060547,127000,,
2020-05-28,8.952643394470215,24.899999618530273,25.350000381469727,24.899999618530273,25.350000381469727,23000,,
2020-05-29,8.952643394470215,24.899999618530273,25.200000762939453,24.75,24.899999618530273,38000,,
2020-06-01,8.988597869873047,25.0,25.100000381469727,24.799999237060547,25.0,46000,,
2020-06-02,8.970622062683105,24.950000762939453,25.0,24.899999618530273,25.0,36000,,
2020-06-03,8.988597869873047,25.0,25.149999618530273,24.950000762939453,25.149999618530273,96000,,
2020-06-04,8.952643394470215,24.899999618530273,25.049999237060547,24.899999618530273,25.0,89000,,
2020-06-05,8.988597869873047,25.0,25.049999237060547,24.799999237060547,24.850000381469727,168000,,
2020-06-08,9.007325172424316,24.049999237060547,24.149999618530273,23.899999618530273,23.950000762939453,89000,,
2020-06-09,8.932419776916504,23.850000381469727,24.0,23.799999237060547,24.0,61000,,
2020-06-10,8.838788986206055,23.600000381469727,23.850000381469727,23.600000381469727,23.799999237060547,99000,,
2020-06-11,8.801335334777832,23.5,23.649999618530273,23.450000762939453,23.649999618530273,45000,,
2020-06-12,8.726430892944336,23.299999237060547,23.450000762939453,22.299999237060547,23.0,95000,,
2020-06-15,8.576621055603027,22.899999618530273,23.100000381469727,22.899999618530273,23.100000381469727,58000,,
2020-06-16,8.670252799987793,23.149999618530273,23.399999618530273,22.799999237060547,22.899999618530273,33000,,
2020-06-17,8.838788986206055,23.600000381469727,23.899999618530273,23.299999237060547,23.299999237060547,64000,,
2020-06-18,8.894967079162598,23.75,24.0,23.700000762939453,23.850000381469727,45000,,
2020-06-19,8.969873428344727,23.950000762939453,24.049999237060547,23.899999618530273,24.0,49000,,
2020-06-22,8.838788986206055,23.600000381469727,23.799999237060547,23.600000381469727,23.75,24000,,
2020-06-23,8.820061683654785,23.549999237060547,23.600000381469727,23.299999237060547,23.600000381469727,14000,,
2020-06-24,8.894967079162598,23.75,23.950000762939453,23.5,23.5,57000,,
2020-06-29,8.98859691619873,24.0,24.0,23.700000762939453,23.700000762939453,21000,,
2020-06-30,8.969873428344727,23.950000762939453,23.950000762939453,23.950000762939453,23.950000762939453,1000,,
2020-07-01,8.95114517211914,23.899999618530273,23.899999618530273,23.700000762939453,23.700000762939453,27000,,
2020-07-02,8.857515335083008,23.649999618530273,23.799999237060547,23.549999237060547,23.75,45000,,
2020-07-03,8.857515335083008,23.649999618530273,23.700000762939453,23.649999618530273,23.649999618530273,20000,,
2020-07-06,8.838788986206055,23.600000381469727,23.649999618530273,23.549999237060547,23.549999237060547,22000,,
2020-07-07,8.838788986206055,23.600000381469727,23.850000381469727,23.5,23.850000381469727,34000,,
2020-07-08,8.745158195495605,23.350000381469727,23.5,23.350000381469727,23.5,78000,,
2020-07-09,8.745158195495605,23.350000381469727,23.5,23.350000381469727,23.350000381469727,51000,,
2020-07-10,8.614073753356934,23.0,23.200000762939453,22.850000381469727,23.200000762939453,35000,,
2020-07-13,8.745158195495605,23.350000381469727,23.350000381469727,23.0,23.0,22000,,
2020-07-14,8.7077054977417,23.25,23.299999237060547,23.0,23.299999237060547,13000,,
2020-07-15,8.614073753356934,23.0,23.399999618530273,23.0,23.399999618530273,5000,,
2020-07-16,8.632800102233887,23.049999237060547,23.299999237060547,23.0,23.0,19000,,
2020-07-17,8.614073753356934,23.0,23.399999618530273,23.0,23.100000381469727,29000,,
2020-07-20,8.614073753356934,23.0,23.399999618530273,22.850000381469727,22.899999618530273,24000,,
2020-07-21,8.688977241516113,23.200000762939453,23.200000762939453,23.0,23.049999237060547,47000,,
2020-07-22,8.614073753356934,23.0,23.600000381469727,23.0,23.5,41000,,
2020-07-23,8.688977241516113,23.200000762939453,23.0,23.0,23.0,13000,,
2020-07-24,8.614073753356934,23.0,23.0,23.0,23.0,25000,,
2020-07-27,8.59534740447998,22.950000762939453,23.149999618530273,22.75,22.899999618530273,13000,,
2020-07-28,8.539167404174805,22.799999237060547,23.100000381469727,22.799999237060547,23.100000381469727,12000,,
2020-07-29,8.59534740447998,22.950000762939453,23.049999237060547,22.850000381469727,23.049999237060547,8000,,
2020-07-30,8.576621055603027,22.899999618530273,22.899999618530273,22.850000381469727,22.850000381469727,17000,,
2020-07-31,8.632800102233887,23.049999237060547,23.049999237060547,23.049999237060547,23.049999237060547,5000,,
2020-08-03,8.632800102233887,23.049999237060547,23.049999237060547,23.049999237060547,23.049999237060547,0,,
2020-08-04,8.651525497436523,23.100000381469727,23.100000381469727,23.100000381469727,23.100000381469727,16000,,
2020-08-05,8.576621055603027,22.899999618530273,22.899999618530273,22.899999618530273,22.899999618530273,12000,,
2020-08-06,8.59534740447998,22.950000762939453,23.200000762939453,22.899999618530273,22.899999618530273,21000,,
2020-08-07,8.632800102233887,23.049999237060547,23.049999237060547,23.0,23.0,35000,,
2020-08-10,9.026050567626953,24.100000381469727,25.350000381469727,23.200000762939453,23.200000762939453,375000,,
2020-08-11,9.044776916503906,24.149999618530273,24.149999618530273,23.950000762939453,24.100000381469727,28000,,
2020-08-12,8.98859691619873,24.0,24.049999237060547,24.0,24.049999237060547,24000,,
2020-08-13,9.026050567626953,24.100000381469727,23.950000762939453,23.850000381469727,23.950000762939453,8000,,
2020-08-14,8.876241683959961,23.700000762939453,23.950000762939453,23.700000762939453,23.950000762939453,15000,,
2020-08-17,8.801335334777832,23.5,23.700000762939453,23.399999618530273,23.649999618530273,20000,,
2020-08-18,8.801335334777832,23.5,23.549999237060547,23.5,23.549999237060547,8000,,
2020-08-19,8.670252799987793,23.149999618530273,23.649999618530273,23.0,23.450000762939453,41000,,
2020-08-20,8.614073753356934,23.0,23.75,23.0,23.700000762939453,51000,,
2020-08-21,8.726430892944336,23.299999237060547,23.450000762939453,23.0,23.200000762939453,42000,,
2020-08-24,8.688977241516113,23.200000762939453,23.549999237060547,23.100000381469727,23.299999237060547,40000,,
2020-08-25,8.726430892944336,23.299999237060547,23.299999237060547,23.0,23.200000762939453,48000,,
2020-08-26,8.838788986206055,23.600000381469727,23.649999618530273,23.299999237060547,23.299999237060547,19000,,
2020-08-27,8.838788986206055,23.600000381469727,23.600000381469727,23.600000381469727,23.600000381469727,1000,,
2020-08-28,8.932419776916504,23.850000381469727,23.950000762939453,23.399999618530273,23.399999618530273,20000,,
2020-08-31,8.932419776916504,23.850000381469727,24.049999237060547,23.75,23.850000381469727,29000,,
2020-09-01,9.007325172424316,24.049999237060547,24.25,23.799999237060547,23.850000381469727,102000,,
2020-09-02,9.026863098144531,23.100000381469727,23.450000762939453,23.100000381469727,23.100000381469727,40000,,
2020-09-03,9.026863098144531,23.100000381469727,23.399999618530273,23.100000381469727,23.149999618530273,38000,,
2020-09-04,9.026863098144531,23.100000381469727,23.25,22.899999618530273,23.0,24000,,
2020-09-07,9.065939903259277,23.200000762939453,23.200000762939453,23.0,23.0,21000,,
2020-09-08,9.026863098144531,23.100000381469727,23.25,23.100000381469727,23.200000762939453,18000,,
2020-09-09,9.026863098144531,23.100000381469727,23.399999618530273,23.100000381469727,23.100000381469727,17000,,
2020-09-10,9.065939903259277,23.200000762939453,23.350000381469727,23.100000381469727,23.100000381469727,13000,,
2020-09-11,9.065939903259277,23.200000762939453,23.450000762939453,23.200000762939453,23.200000762939453,18000,,
2020-09-14,9.10501766204834,23.299999237060547,23.350000381469727,23.200000762939453,23.25,38000,,
2020-09-15,9.085479736328125,23.25,23.299999237060547,23.200000762939453,23.25,48000,,
2020-09-16,9.065939903259277,23.200000762939453,23.25,23.200000762939453,23.25,27000,,
2020-09-17,9.065939903259277,23.200000762939453,23.299999237060547,23.200000762939453,23.200000762939453,16000,,
2020-09-18,9.144094467163086,23.399999618530273,23.450000762939453,23.200000762939453,23.200000762939453,23000,,
2020-09-21,9.183172225952148,23.5,23.5,23.450000762939453,23.450000762939453,39000,,
2020-09-22,9.144094467163086,23.399999618530273,23.399999618530273,23.299999237060547,23.299999237060547,11000,,
2020-09-23,9.359021186828613,23.950000762939453,24.149999618530273,23.399999618530273,23.399999618530273,75000,,
2020-09-24,9.280865669250488,23.75,23.75,23.700000762939453,23.75,19000,,
2020-09-25,9.280865669250488,23.75,24.100000381469727,23.75,23.75,19000,,
2020-09-28,9.300403594970703,23.799999237060547,23.799999237060547,23.75,23.75,41000,,
2020-09-29,9.339481353759766,23.899999618530273,24.100000381469727,23.899999618530273,24.100000381469727,15000,,
2020-09-30,9.339481353759766,23.899999618530273,24.0,23.75,23.75,10000,,
2020-10-05,9.378558158874512,24.0,24.0,23.899999618530273,23.899999618530273,9000,,
2020-10-06,9.573945999145508,24.5,25.049999237060547,24.049999237060547,24.100000381469727,31000,,
2020-10-07,9.749794960021973,24.950000762939453,25.0,24.450000762939453,25.0,47000,,
2020-10-08,9.827947616577148,25.149999618530273,25.549999237060547,25.0,25.0,80000,,
2020-10-12,9.808409690856934,25.100000381469727,25.299999237060547,24.799999237060547,25.299999237060547,33000,,
2020-10-13,9.808409690856934,25.100000381469727,25.350000381469727,24.700000762939453,24.850000381469727,27000,,
2020-10-14,9.788870811462402,25.049999237060547,25.200000762939453,24.950000762939453,25.149999618530273,80000,,
2020-10-15,9.61302375793457,24.600000381469727,25.100000381469727,24.600000381469727,24.950000762939453,35000,,
2020-10-16,9.671639442443848,24.75,24.75,24.5,24.549999237060547,12000,,
2020-10-19,9.769331932067871,25.0,25.549999237060547,24.899999618530273,24.899999618530273,16000,,
2020-10-20,9.749794960021973,24.950000762939453,24.950000762939453,24.649999618530273,24.75,10000,,
2020-10-21,9.691176414489746,24.799999237060547,24.799999237060547,24.799999237060547,24.799999237060547,2000,,
2020-10-22,9.691176414489746,24.799999237060547,25.5,24.799999237060547,24.799999237060547,7000,,
2020-10-23,9.652100563049316,24.700000762939453,24.899999618530273,24.700000762939453,24.899999618530273,12000,,
2020-10-26,9.691176414489746,24.799999237060547,24.850000381469727,24.75,24.850000381469727,7000,,
2020-10-27,9.554408073425293,24.450000762939453,24.700000762939453,24.450000762939453,24.700000762939453,89000,,
2020-10-28,9.495790481567383,24.299999237060547,24.549999237060547,24.299999237060547,24.549999237060547,21000,,
2020-10-29,9.359021186828613,23.950000762939453,23.950000762939453,23.799999237060547,23.799999237060547,10000,,
2020-10-30,9.378558158874512,24.0,24.200000762939453,24.0,24.0,4000,,
2020-11-02,9.61302375793457,24.600000381469727,24.600000381469727,24.600000381469727,24.600000381469727,1000,,
2020-11-03,9.632562637329102,24.649999618530273,24.950000762939453,24.649999618530273,24.950000762939453,6000,,
2020-11-04,9.632562637329102,24.649999618530273,24.649999618530273,24.649999618530273,24.649999618530273,27000,,
2020-11-05,9.51533031463623,24.350000381469727,24.350000381469727,24.200000762939453,24.200000762939453,11000,,
2020-11-06,9.437175750732422,24.149999618530273,24.25,24.149999618530273,24.25,4000,,
2020-11-09,9.378558158874512,24.0,24.100000381469727,24.0,24.100000381469727,13000,,
2020-11-10,9.241787910461426,23.649999618530273,24.0,23.649999618530273,24.0,25000,,
2020-11-11,9.437175750732422,24.149999618530273,24.200000762939453,24.149999618530273,24.200000762939453,5000,,
2020-11-12,9.280865669250488,23.75,23.799999237060547,23.75,23.799999237060547,15000,,
2020-11-13,9.280865669250488,23.75,23.75,23.75,23.75,0,,
2020-11-16,9.261326789855957,23.700000762939453,23.75,23.700000762939453,23.700000762939453,6000,,
2020-11-17,9.359021186828613,23.950000762939453,23.950000762939453,23.950000762939453,23.950000762939453,3000,,
2020-11-18,9.300403594970703,23.799999237060547,24.0,23.799999237060547,23.799999237060547,6000,,
2020-11-19,9.339481353759766,23.899999618530273,23.899999618530273,23.75,23.799999237060547,14000,,
2020-11-20,9.378558158874512,24.0,24.0,23.950000762939453,23.950000762939453,7000,,
2020-11-23,9.378558158874512,24.0,24.399999618530273,23.799999237060547,24.0,7000,,
2020-11-24,9.378558158874512,24.0,24.0,24.0,24.0,5000,,
2020-11-25,9.378558158874512,24.0,24.0,24.0,24.0,16000,,
2020-11-26,9.378558158874512,24.0,24.049999237060547,23.850000381469727,23.850000381469727,27000,,
2020-11-27,9.359021186828613,23.950000762939453,24.0,23.950000762939453,24.0,24000,,
2020-11-30,9.378558158874512,24.0,24.049999237060547,24.0,24.0,48000,,
2020-12-01,9.359021186828613,23.950000762939453,24.0,23.950000762939453,24.0,9000,,
2020-12-02,9.378558158874512,24.0,24.0,24.0,24.0,79000,,
2020-12-03,9.378558158874512,24.0,24.0,24.0,24.0,15000,,
2020-12-04,9.39809799194336,24.049999237060547,24.049999237060547,23.950000762939453,24.0,65000,,
2020-12-07,9.691176414489746,24.799999237060547,24.950000762939453,23.850000381469727,24.049999237060547,81000,,
2020-12-08,9.769331932067871,25.0,25.0,24.700000762939453,24.799999237060547,86000,,
2020-12-09,9.652100563049316,24.700000762939453,25.100000381469727,24.5,25.100000381469727,66000,,
2020-12-10,9.61302375793457,24.600000381469727,24.75,24.5,24.700000762939453,85000,,
2020-12-11,9.554408073425293,24.450000762939453,24.700000762939453,24.200000762939453,24.700000762939453,50000,,
2020-12-14,9.61302375793457,24.600000381469727,24.75,24.5,24.549999237060547,26000,,
2020-12-15,9.554408073425293,24.450000762939453,24.5,24.450000762939453,24.450000762939453,27000,,
2020-12-16,9.652100563049316,24.700000762939453,24.700000762939453,24.450000762939453,24.5,9000,,
2020-12-17,9.769331932067871,25.0,24.899999618530273,24.75,24.899999618530273,9000,,
2020-12-18,9.652100563049316,24.700000762939453,24.799999237060547,24.700000762939453,24.799999237060547,5000,,
2020-12-21,9.652100563049316,24.700000762939453,24.950000762939453,24.549999237060547,24.950000762939453,8000,,
2020-12-22,9.632562637329102,24.649999618530273,24.799999237060547,24.649999618530273,24.649999618530273,12000,,
2020-12-23,9.769331932067871,25.0,25.0,25.0,25.0,1000,,
2020-12-24,9.827947616577148,25.149999618530273,25.200000762939453,24.649999618530273,24.950000762939453,42000,,
2020-12-25,9.808409690856934,25.100000381469727,25.100000381469727,24.899999618530273,25.0,41000,,
2020-12-28,9.808409690856934,25.100000381469727,25.200000762939453,25.100000381469727,25.100000381469727,19000,,
2020-12-29,9.827947616577148,25.149999618530273,25.25,25.100000381469727,25.149999618530273,31000,,
2020-12-30,9.827947616577148,25.149999618530273,25.149999618530273,25.149999618530273,25.149999618530273,9000,,
2020-12-31,9.808409690856934,25.100000381469727,25.299999237060547,25.100000381469727,25.299999237060547,35000,,
2021-01-04,9.730255126953125,24.899999618530273,25.25,24.899999618530273,25.100000381469727,114000,,
2021-01-05,9.730255126953125,24.899999618530273,25.049999237060547,24.899999618530273,24.899999618530273,30000,,
2021-01-06,9.769331932067871,25.0,25.100000381469727,24.899999618530273,25.0,78000,,
2021-01-07,9.378558158874512,24.0,25.100000381469727,25.0,25.0,68000,,
2021-01-08,9.788870811462402,25.049999237060547,25.049999237060547,24.950000762939453,25.049999237060547,34000,,
2021-01-11,9.788870811462402,25.049999237060547,25.049999237060547,24.899999618530273,24.899999618530273,5000,,
2021-01-12,9.769331932067871,25.0,25.0,24.799999237060547,24.899999618530273,34000,,
2021-01-13,9.769331932067871,25.0,25.0,25.0,25.0,0,,
2021-01-14,9.730255126953125,24.899999618530273,25.0,24.899999618530273,25.0,2000,,
2021-01-15,9.671639442443848,24.75,24.899999618530273,24.5,24.899999618530273,6000,,
2021-01-18,9.671639442443848,24.75,24.75,24.75,24.75,1000,,
2021-01-19,9.652100563049316,24.700000762939453,25.200000762939453,24.700000762939453,25.0,33000,,
2021-01-20,9.749794960021973,24.950000762939453,24.950000762939453,24.600000381469727,24.649999618530273,4000,,
2021-01-21,9.652100563049316,24.700000762939453,24.950000762939453,24.649999618530273,24.950000762939453,4000,,
2021-01-22,9.652100563049316,24.700000762939453,24.700000762939453,24.700000762939453,24.700000762939453,17000,,
2021-01-25,9.749794960021973,24.950000762939453,24.950000762939453,24.850000381469727,24.850000381469727,13000,,
2021-01-26,9.573945999145508,24.5,24.5,24.399999618530273,24.399999618530273,3000,,
2021-01-27,9.573945999145508,24.5,24.5,24.5,24.5,2000,,
2021-01-28,9.573945999145508,24.5,24.5,24.5,24.5,7000,,
2021-01-29,9.554408073425293,24.450000762939453,24.5,24.450000762939453,24.5,15000,,
2021-02-01,9.51533031463623,24.350000381469727,24.350000381469727,24.299999237060547,24.350000381469727,27000,,
2021-02-02,9.51533031463623,24.350000381469727,24.350000381469727,24.350000381469727,24.350000381469727,10000,,
2021-02-03,9.41763687133789,24.100000381469727,24.350000381469727,24.0,24.350000381469727,29000,,
2021-02-04,9.31994342803955,23.850000381469727,24.0,23.799999237060547,24.0,44000,,
2021-02-05,9.300403594970703,23.799999237060547,23.899999618530273,23.799999237060547,23.850000381469727,12000,,
2021-02-17,9.378558158874512,24.0,24.0,23.799999237060547,23.799999237060547,8000,,
2021-02-18,9.573945999145508,24.5,24.5,24.200000762939453,24.200000762939453,14000,,
2021-02-19,9.39809799194336,24.049999237060547,24.75,23.799999237060547,24.75,38000,,
2021-02-22,9.476252555847168,24.25,24.350000381469727,24.149999618530273,24.149999618530273,13000,,
2021-02-23,9.378558158874512,24.0,24.350000381469727,24.0,24.200000762939453,31000,,
2021-02-24,9.61302375793457,24.600000381469727,24.600000381469727,24.399999618530273,24.450000762939453,20000,,
2021-02-25,9.652100563049316,24.700000762939453,24.799999237060547,24.600000381469727,24.600000381469727,14000,,
2021-02-26,9.593484878540039,24.549999237060547,24.700000762939453,23.950000762939453,24.700000762939453,58000,,
2021-03-02,9.652100563049316,24.700000762939453,24.700000762939453,24.700000762939453,24.700000762939453,2000,,
2021-03-03,9.652100563049316,24.700000762939453,24.700000762939453,24.700000762939453,24.700000762939453,4000,,
2021-03-04,9.691176414489746,24.799999237060547,24.799999237060547,24.799999237060547,24.799999237060547,7000,,
2021-03-05,9.710716247558594,24.850000381469727,24.899999618530273,24.700000762939453,24.700000762939453,53000,,
2021-03-08,9.808409690856934,25.100000381469727,25.25,25.0,25.0,40000,,
2021-03-09,9.827947616577148,25.149999618530273,25.200000762939453,25.149999618530273,25.149999618530273,16000,,
2021-03-10,9.769331932067871,25.0,25.100000381469727,25.0,25.100000381469727,4000,,
2021-03-11,9.769331932067871,25.0,25.149999618530273,24.899999618530273,24.899999618530273,11000,,
2021-03-12,9.730255126953125,24.899999618530273,24.950000762939453,24.899999618530273,24.899999618530273,3000,,
2021-03-15,9.769331932067871,25.0,25.200000762939453,24.899999618530273,24.950000762939453,39000,,
2021-03-16,9.906102180480957,25.350000381469727,25.950000762939453,24.950000762939453,24.950000762939453,60000,,
2021-03-17,10.062413215637207,25.75,26.0,25.5,25.75,17000,,
2021-03-18,10.375030517578125,26.549999237060547,26.649999618530273,25.600000381469727,25.75,92000,,
2021-03-19,10.55087947845459,27.0,27.200000762939453,26.450000762939453,26.450000762939453,247000,,
2021-03-22,10.863496780395508,27.799999237060547,28.0,27.5,28.0,208000,,
2021-03-23,10.90257453918457,27.899999618530273,28.100000381469727,27.799999237060547,27.799999237060547,156000,,
2021-03-24,11.137039184570312,28.5,28.700000762939453,27.950000762939453,27.950000762939453,169000,,
2021-03-25,11.19565486907959,28.649999618530273,29.049999237060547,28.600000381469727,28.899999618530273,116000,,
2021-03-26,11.09796142578125,28.399999618530273,29.149999618530273,28.399999618530273,28.899999618530273,125000,,
2021-03-29,11.254270553588867,28.799999237060547,28.850000381469727,28.399999618530273,28.399999618530273,85000,,
2021-03-30,11.508275032043457,29.450000762939453,29.450000762939453,28.950000762939453,29.0,165000,,
2021-03-31,11.527812957763672,29.5,29.649999618530273,29.299999237060547,29.649999618530273,218000,,
2021-04-01,11.469197273254395,29.350000381469727,29.5,29.299999237060547,29.5,66000,,
2021-04-07,11.70366096496582,29.950000762939453,30.0,29.549999237060547,29.75,223000,,
2021-04-08,11.723197937011719,30.0,30.100000381469727,29.899999618530273,30.049999237060547,184000,,
2021-04-09,11.938124656677246,30.549999237060547,31.25,30.149999618530273,31.25,308000,,
2021-04-12,11.977201461791992,30.649999618530273,30.700000762939453,30.549999237060547,30.600000381469727,193000,,
2021-04-13,11.723197937011719,30.0,30.799999237060547,30.0,30.700000762939453,325000,,
2021-04-14,11.625507354736328,29.75,30.399999618530273,29.399999618530273,30.049999237060547,167000,,
2021-04-15,11.664583206176758,29.850000381469727,30.049999237060547,29.799999237060547,30.0,146000,,
2021-04-16,11.723197937011719,30.0,30.299999237060547,29.899999618530273,30.299999237060547,197000,,
2021-04-19,11.879508972167969,30.399999618530273,30.5,30.25,30.399999618530273,453000,,
2021-04-20,12.016278266906738,30.75,30.799999237060547,30.399999618530273,30.399999618530273,453000,,
2021-04-21,12.078972816467285,28.899999618530273,29.649999618530273,28.450000762939453,29.649999618530273,317000,,
2021-04-22,11.932686805725098,28.549999237060547,29.049999237060547,28.5,29.0,201000,,
2021-04-23,11.911788940429688,28.5,28.799999237060547,28.5,28.799999237060547,89000,,
2021-04-26,11.869994163513184,28.399999618530273,28.600000381469727,28.399999618530273,28.5,68000,,
2021-04-27,11.76550579071045,28.149999618530273,28.399999618530273,28.100000381469727,28.399999618530273,62000,,
2021-04-28,11.786402702331543,28.200000762939453,28.25,27.799999237060547,28.0,99000,,
2021-04-29,11.723709106445312,28.049999237060547,28.200000762939453,28.049999237060547,28.200000762939453,53000,,
2021-05-03,11.514729499816895,27.549999237060547,28.100000381469727,27.399999618530273,28.100000381469727,71000,,
2021-05-04,11.222159385681152,26.850000381469727,27.899999618530273,26.799999237060547,27.549999237060547,112000,,
2021-05-05,11.222159385681152,26.850000381469727,27.049999237060547,26.700000762939453,26.799999237060547,129000,,
2021-05-06,11.305750846862793,27.049999237060547,27.299999237060547,27.049999237060547,27.049999237060547,40000,,
2021-05-07,11.702812194824219,28.0,28.0,27.049999237060547,27.700000762939453,47000,,
2021-05-10,11.974483489990234,28.649999618530273,28.799999237060547,28.100000381469727,28.100000381469727,94000,,
2021-05-11,11.640117645263672,27.850000381469727,28.649999618530273,27.350000381469727,28.0,85000,,
2021-05-12,11.159466743469238,26.700000762939453,28.950000762939453,26.600000381469727,28.950000762939453,160000,,
2021-05-13,11.117669105529785,26.600000381469727,26.899999618530273,24.549999237060547,26.5,34000,,
2021-05-14,11.138567924499512,26.649999618530273,27.350000381469727,26.649999618530273,27.299999237060547,114000,,
2021-05-17,11.138567924499512,26.649999618530273,26.700000762939453,24.149999618530273,24.149999618530273,119000,,
2021-05-18,11.32664966583252,27.100000381469727,27.549999237060547,26.649999618530273,26.649999618530273,72000,,
2021-05-19,11.32664966583252,27.100000381469727,27.25,26.5,27.200000762939453,53000,,
2021-05-20,11.2848539352417,27.0,27.100000381469727,27.0,27.100000381469727,23000,,
2021-05-21,11.43113899230957,27.350000381469727,27.549999237060547,27.049999237060547,27.549999237060547,25000,,
2021-05-24,11.849096298217773,28.350000381469727,28.700000762939453,27.25,27.350000381469727,108000,,
2021-05-25,11.723709106445312,28.049999237060547,29.25,27.850000381469727,29.25,69000,,
2021-05-26,11.577424049377441,27.700000762939453,27.700000762939453,27.450000762939453,27.5,23000,,
2021-05-27,11.681913375854492,27.950000762939453,28.200000762939453,27.950000762939453,28.200000762939453,8000,,
2021-05-28,11.702812194824219,28.0,28.25,27.950000762939453,28.25,52000,,
2021-05-31,11.535627365112305,27.600000381469727,28.200000762939453,27.549999237060547,28.200000762939453,13000,,
2021-06-01,11.681913375854492,27.950000762939453,28.100000381469727,27.600000381469727,28.100000381469727,12000,,
2021-06-02,11.681913375854492,27.950000762939453,27.950000762939453,27.5,27.5,11000,,
2021-06-03,11.744606018066406,28.100000381469727,28.350000381469727,27.899999618530273,28.0,117000,,
2021-06-04,11.869994163513184,28.399999618530273,28.75,28.25,28.399999618530273,203000,,
2021-06-07,12.078972816467285,28.899999618530273,29.0,28.399999618530273,28.649999618530273,170000,,
2021-06-08,11.932686805725098,28.549999237060547,29.100000381469727,28.5,29.0,93000,,
2021-06-09,11.661015510559082,27.899999618530273,28.399999618530273,27.700000762939453,28.399999618530273,61000,,
2021-06-10,11.807299613952637,28.25,28.649999618530273,28.100000381469727,28.649999618530273,12000,,
2021-06-11,11.702812194824219,28.0,28.25,27.549999237060547,28.25,24000,,
2021-06-15,11.661015510559082,27.899999618530273,28.0,27.5,28.0,18000,,
2021-06-16,11.744606018066406,28.100000381469727,28.100000381469727,27.799999237060547,27.799999237060547,32000,,
2021-06-17,11.744606018066406,28.100000381469727,28.100000381469727,27.600000381469727,28.100000381469727,13000,,
2021-06-18,11.744606018066406,28.100000381469727,28.100000381469727,27.700000762939453,27.850000381469727,14000,,
2021-06-21,11.953584671020508,28.600000381469727,28.799999237060547,27.899999618530273,28.0,164000,,
2021-06-22,11.723709106445312,28.049999237060547,28.600000381469727,28.0,28.600000381469727,72000,,
2021-06-23,11.702812194824219,28.0,28.049999237060547,27.75,28.049999237060547,39000,,
2021-06-24,11.598320960998535,27.75,28.0,27.5,27.899999618530273,118000,,
2021-06-25,11.702812194824219,28.0,28.5,27.799999237060547,28.5,47000,,
2021-06-28,11.619218826293945,27.799999237060547,27.850000381469727,27.549999237060547,27.549999237060547,34000,,
2021-06-29,11.577424049377441,27.700000762939453,28.049999237060547,27.700000762939453,28.0,16000,,
2021-06-30,11.76550579071045,28.149999618530273,28.149999618530273,27.700000762939453,27.700000762939453,47000,,
2021-07-01,11.786402702331543,28.200000762939453,28.549999237060547,28.100000381469727,28.149999618530273,71000,,
2021-07-02,11.869994163513184,28.399999618530273,28.450000762939453,28.200000762939453,28.200000762939453,117000,,
2021-07-05,11.869994163513184,28.399999618530273,28.450000762939453,28.350000381469727,28.399999618530273,51000,,
2021-07-06,11.828197479248047,28.299999237060547,28.600000381469727,28.149999618530273,28.600000381469727,42000,,
2021-07-07,11.869994163513184,28.399999618530273,28.5,28.299999237060547,28.299999237060547,41000,,
2021-07-08,11.869994163513184,28.399999618530273,28.450000762939453,28.299999237060547,28.399999618530273,42000,,
2021-07-09,11.828197479248047,28.299999237060547,28.399999618530273,28.149999618530273,28.399999618530273,13000,,
2021-07-12,11.76550579071045,28.149999618530273,28.5,28.049999237060547,28.5,42000,,
2021-07-13,11.723709106445312,28.049999237060547,28.149999618530273,28.0,28.149999618530273,43000,,
2021-07-14,11.702812194824219,28.0,28.100000381469727,28.0,28.0,10000,,
2021-07-15,11.723709106445312,28.049999237060547,28.049999237060547,28.049999237060547,28.049999237060547,6000,,
2021-07-16,11.786402702331543,28.200000762939453,28.200000762939453,28.100000381469727,28.100000381469727,17000,,
2021-07-19,11.807299613952637,28.25,28.25,28.049999237060547,28.049999237060547,13000,,
2021-07-20,11.807299613952637,28.25,28.350000381469727,28.0,28.0,21000,,
2021-07-21,11.723709106445312,28.049999237060547,28.25,28.049999237060547,28.25,15000,,
2021-07-22,11.744606018066406,28.100000381469727,28.100000381469727,28.0,28.100000381469727,34000,,
2021-07-23,11.911788940429688,28.5,28.5,28.350000381469727,28.399999618530273,51000,,
2021-07-26,12.078972816467285,28.899999618530273,29.149999618530273,28.600000381469727,28.600000381469727,115000,,
2021-07-27,12.287951469421387,29.399999618530273,29.399999618530273,29.0,29.299999237060547,149000,,
2021-07-28,12.183463096618652,29.149999618530273,29.399999618530273,28.5,29.399999618530273,108000,,
2021-07-29,12.037177085876465,28.799999237060547,29.100000381469727,28.799999237060547,29.100000381469727,37000,,
2021-07-30,12.037177085876465,28.799999237060547,28.799999237060547,28.600000381469727,28.600000381469727,21000,,
2021-08-02,12.037177085876465,28.799999237060547,28.899999618530273,28.799999237060547,28.899999618530273,5000,,
2021-08-03,12.037177085876465,28.799999237060547,28.850000381469727,28.75,28.799999237060547,74000,,
2021-08-04,12.267053604125977,29.350000381469727,29.350000381469727,28.799999237060547,28.799999237060547,49000,,
2021-08-05,12.141666412353516,29.049999237060547,29.399999618530273,29.049999237060547,29.399999618530273,52000,,
2021-08-06,12.120767593383789,29.0,29.100000381469727,28.950000762939453,29.100000381469727,33000,,
2021-08-09,12.078972816467285,28.899999618530273,29.049999237060547,28.899999618530273,29.0,51000,,
2021-08-10,12.037177085876465,28.799999237060547,28.899999618530273,28.799999237060547,28.899999618530273,43000,,
2021-08-11,11.995381355285645,28.700000762939453,28.799999237060547,28.649999618530273,28.75,47000,,
2021-08-12,12.016278266906738,28.75,28.950000762939453,28.75,28.799999237060547,58000,,
2021-08-13,11.995381355285645,28.700000762939453,29.0,28.700000762939453,28.799999237060547,9000,,
2021-08-16,12.058074951171875,28.850000381469727,28.850000381469727,28.5,28.700000762939453,17000,,
2021-08-17,12.058074951171875,28.850000381469727,28.850000381469727,28.850000381469727,28.850000381469727,0,,
2021-08-18,11.974483489990234,28.649999618530273,28.700000762939453,28.399999618530273,28.700000762939453,11000,,
2021-08-19,11.932686805725098,28.549999237060547,28.799999237060547,28.5,28.799999237060547,44000,,
2021-08-20,11.932686805725098,28.549999237060547,28.549999237060547,28.549999237060547,28.549999237060547,5000,,
2021-08-23,11.953584671020508,28.600000381469727,29.0,28.600000381469727,29.0,33000,,
2021-08-24,12.099870681762695,28.950000762939453,29.0,28.799999237060547,29.0,12000,,
2021-08-25,12.099870681762695,28.950000762939453,28.950000762939453,28.450000762939453,28.450000762939453,13000,,
2021-08-26,12.078972816467285,28.899999618530273,28.950000762939453,28.899999618530273,28.899999618530273,13000,,
2021-08-27,12.099870681762695,28.950000762939453,28.950000762939453,28.899999618530273,28.899999618530273,14000,,
2021-08-30,11.995381355285645,28.700000762939453,28.899999618530273,28.700000762939453,28.899999618530273,26000,,
2021-08-31,12.016278266906738,28.75,28.75,28.600000381469727,28.75,29000,,
2021-09-01,11.995381355285645,28.700000762939453,28.850000381469727,28.600000381469727,28.850000381469727,31000,,
2021-09-02,11.995381355285645,28.700000762939453,28.899999618530273,28.600000381469727,28.649999618530273,12000,,
2021-09-03,11.953584671020508,28.600000381469727,28.799999237060547,28.600000381469727,28.799999237060547,19000,,
2021-09-06,12.329747200012207,29.5,29.5,28.75,28.75,193000,,
2021-09-07,12.287951469421387,29.399999618530273,29.600000381469727,29.149999618530273,29.600000381469727,36000,,
2021-09-08,12.16256332397461,29.100000381469727,29.600000381469727,29.049999237060547,29.600000381469727,56000,,
2021-09-09,12.141666412353516,29.049999237060547,29.149999618530273,28.5,29.149999618530273,58000,,
2021-09-10,12.120767593383789,29.0,29.100000381469727,28.799999237060547,29.100000381469727,31000,,
2021-09-13,12.22525691986084,29.25,29.350000381469727,29.0,29.0,19000,,
2021-09-14,12.22525691986084,29.25,29.299999237060547,29.200000762939453,29.200000762939453,23000,,
2021-09-15,12.956684112548828,31.0,32.0,29.25,29.299999237060547,338000,,
2021-09-16,12.66411304473877,30.299999237060547,32.54999923706055,29.799999237060547,31.850000381469727,397000,,
2021-09-17,12.413339614868164,29.700000762939453,30.799999237060547,29.5,29.899999618530273,79000,,
2021-09-22,12.22525691986084,29.25,29.5,29.200000762939453,29.5,37000,,
2021-09-23,12.30884838104248,29.450000762939453,29.549999237060547,29.25,29.25,78000,,
2021-09-24,12.413339614868164,29.700000762939453,29.950000762939453,29.600000381469727,29.850000381469727,39000,,
2021-09-27,12.580520629882812,30.100000381469727,30.100000381469727,29.5,29.549999237060547,47000,,
2021-09-28,12.66411304473877,30.299999237060547,30.299999237060547,29.950000762939453,30.100000381469727,93000,,
2021-09-29,12.455132484436035,29.799999237060547,30.299999237060547,29.799999237060547,30.299999237060547,102000,,
2021-09-30,12.998477935791016,31.100000381469727,31.950000762939453,29.850000381469727,29.850000381469727,201000,,
2021-10-01,12.517827987670898,29.950000762939453,31.399999618530273,29.950000762939453,31.399999618530273,164000,,
2021-10-04,12.538725852966309,30.0,30.149999618530273,30.0,30.100000381469727,74000,,
2021-10-05,12.517827987670898,29.950000762939453,30.149999618530273,29.899999618530273,30.049999237060547,70000,,
2021-10-06,12.496928215026855,29.899999618530273,30.049999237060547,29.899999618530273,29.950000762939453,39000,,
2021-10-07,12.371541976928711,29.600000381469727,29.950000762939453,29.399999618530273,29.899999618530273,74000,,
2021-10-08,12.496928215026855,29.899999618530273,29.899999618530273,29.799999237060547,29.850000381469727,14000,,
2021-10-12,12.30884838104248,29.450000762939453,29.950000762939453,29.399999618530273,29.899999618530273,25000,,
2021-10-13,12.329747200012207,29.5,29.549999237060547,29.399999618530273,29.549999237060547,35000,,
2021-10-14,12.329747200012207,29.5,30.0,29.5,29.950000762939453,53000,,
2021-10-15,12.434235572814941,29.75,29.75,29.600000381469727,29.600000381469727,4000,,
2021-10-18,12.455132484436035,29.799999237060547,29.850000381469727,29.649999618530273,29.850000381469727,34000,,
2021-10-19,12.538725852966309,30.0,30.299999237060547,29.799999237060547,30.299999237060547,28000,,
2021-10-20,12.538725852966309,30.0,30.100000381469727,29.600000381469727,30.100000381469727,29000,,
2021-10-21,12.517827987670898,29.950000762939453,30.0,29.899999618530273,29.899999618530273,8000,,
2021-10-22,12.538725852966309,30.0,30.299999237060547,29.799999237060547,30.299999237060547,22000,,
2021-10-25,12.517827987670898,29.950000762939453,30.049999237060547,29.700000762939453,30.049999237060547,44000,,
2021-10-26,12.538725852966309,30.0,30.049999237060547,29.75,29.950000762939453,25000,,
2021-10-27,12.517827987670898,29.950000762939453,30.0,29.649999618530273,30.0,31000,,
2021-10-28,12.434235572814941,29.75,29.799999237060547,29.600000381469727,29.799999237060547,22000,,
2021-10-29,12.496928215026855,29.899999618530273,30.200000762939453,29.600000381469727,29.600000381469727,35000,,
2021-11-01,12.371541976928711,29.600000381469727,29.950000762939453,29.600000381469727,29.899999618530273,45000,,
2021-11-02,12.517827987670898,29.950000762939453,29.950000762939453,29.600000381469727,29.649999618530273,37000,,
2021-11-03,12.70590877532959,30.399999618530273,30.600000381469727,30.0,30.200000762939453,93000,,
2021-11-04,12.601420402526855,30.149999618530273,30.75,30.149999618530273,30.600000381469727,47000,,
2021-11-05,12.70590877532959,30.399999618530273,30.950000762939453,30.149999618530273,30.149999618530273,18000,,
2021-11-08,12.810399055480957,30.649999618530273,30.799999237060547,30.350000381469727,30.5,53000,,
2021-11-09,12.726805686950684,30.450000762939453,30.799999237060547,29.899999618530273,30.799999237060547,34000,,
2021-11-10,12.789499282836914,30.600000381469727,30.600000381469727,30.100000381469727,30.450000762939453,27000,,
2021-11-11,12.83129596710205,30.700000762939453,30.899999618530273,30.450000762939453,30.600000381469727,24000,,
2021-11-12,12.74770450592041,30.5,30.700000762939453,30.450000762939453,30.700000762939453,13000,,
2021-11-15,12.70590877532959,30.399999618530273,30.950000762939453,30.399999618530273,30.950000762939453,18000,,
2021-11-16,12.74770450592041,30.5,30.700000762939453,30.100000381469727,30.450000762939453,45000,,
2021-11-17,12.74770450592041,30.5,30.5,30.149999618530273,30.399999618530273,15000,,
2021-11-18,12.74770450592041,30.5,30.649999618530273,30.5,30.5,34000,,
2021-11-19,12.74770450592041,30.5,30.799999237060547,30.299999237060547,30.799999237060547,16000,,
2021-11-22,12.66411304473877,30.299999237060547,30.649999618530273,30.149999618530273,30.649999618530273,8000,,
2021-11-23,12.70590877532959,30.399999618530273,30.399999618530273,30.350000381469727,30.350000381469727,3000,,
2021-11-24,12.559623718261719,30.049999237060547,30.200000762939453,30.0,30.200000762939453,8000,,
2021-11-25,12.580520629882812,30.100000381469727,30.399999618530273,30.0,30.049999237060547,32000,,
2021-11-26,12.559623718261719,30.049999237060547,30.100000381469727,30.0,30.100000381469727,16000,,
2021-11-29,12.66411304473877,30.299999237060547,30.299999237060547,30.0,30.0,19000,,
2021-11-30,12.685011863708496,30.350000381469727,30.5,29.950000762939453,30.299999237060547,31000,,
2021-12-01,12.66411304473877,30.299999237060547,30.299999237060547,30.200000762939453,30.200000762939453,13000,,
2021-12-02,12.685011863708496,30.350000381469727,30.350000381469727,30.25,30.299999237060547,27000,,
2021-12-03,12.66411304473877,30.299999237060547,30.299999237060547,30.149999618530273,30.200000762939453,5000,,
2021-12-06,12.66411304473877,30.299999237060547,30.399999618530273,30.25,30.25,16000,,
2021-12-07,12.685011863708496,30.350000381469727,30.450000762939453,30.0,30.200000762939453,34000,,
2021-12-08,12.66411304473877,30.299999237060547,30.899999618530273,30.299999237060547,30.899999618530273,8000,,
2021-12-09,12.977580070495605,31.049999237060547,31.600000381469727,30.600000381469727,30.600000381469727,416000,,
2021-12-10,13.102970123291016,31.350000381469727,31.450000762939453,30.75,31.450000762939453,66000,,
2021-12-13,13.332843780517578,31.899999618530273,31.899999618530273,30.75,31.399999618530273,117000,,
2021-12-14,12.998477935791016,31.100000381469727,31.799999237060547,31.0,31.5,64000,,
2021-12-15,13.917984962463379,33.29999923706055,33.400001525878906,31.149999618530273,31.399999618530273,182000,,
2021-12-16,13.520925521850586,32.349998474121094,33.79999923706055,31.899999618530273,33.79999923706055,93000,,
2021-12-17,13.959781646728516,33.400001525878906,33.650001525878906,32.04999923706055,32.04999923706055,179000,,
2021-12-20,13.959781646728516,33.400001525878906,33.400001525878906,32.599998474121094,32.599998474121094,66000,,
2021-12-21,13.897086143493652,33.25,33.5,32.849998474121094,33.0,93000,,
2021-12-22,14.043373107910156,33.599998474121094,33.79999923706055,33.099998474121094,33.099998474121094,46000,,
2021-12-23,14.126965522766113,33.79999923706055,34.0,33.349998474121094,33.599998474121094,83000,,
2021-12-24,14.168758392333984,33.900001525878906,34.150001525878906,33.650001525878906,33.79999923706055,60000,,
2021-12-27,13.876189231872559,33.20000076293945,34.29999923706055,33.20000076293945,34.29999923706055,95000,,
2021-12-28,13.834394454956055,33.099998474121094,33.95000076293945,33.099998474121094,33.5,77000,,
2021-12-29,13.855292320251465,33.150001525878906,33.150001525878906,33.0,33.0,23000,,
2021-12-30,13.980680465698242,33.45000076293945,34.29999923706055,33.20000076293945,33.5,103000,,
2022-01-03,14.273250579833984,34.150001525878906,34.75,33.400001525878906,33.5,135000,,
2022-01-04,14.58671760559082,34.900001525878906,36.0,34.099998474121094,34.29999923706055,261000,,
2022-01-05,14.816596031188965,35.45000076293945,35.5,34.5,34.900001525878906,45000,,
2022-01-06,14.837491989135742,35.5,35.79999923706055,35.0,35.79999923706055,29000,,
2022-01-07,14.628512382507324,35.0,35.5,34.5,35.0,148000,,
2022-01-10,14.147860527038574,33.849998474121094,35.20000076293945,33.849998474121094,34.95000076293945,45000,,
2022-01-11,13.834394454956055,33.099998474121094,35.0,33.0,33.849998474121094,263000,,
2022-01-12,14.001577377319336,33.5,34.45000076293945,33.5,34.45000076293945,9000,,
2022-01-13,13.855292320251465,33.150001525878906,33.79999923706055,33.150001525878906,33.79999923706055,9000,,
2022-01-14,13.729904174804688,32.849998474121094,33.150001525878906,32.900001525878906,33.04999923706055,20000,,
2022-01-17,13.68810749053955,32.75,32.75,32.5,32.599998474121094,21000,,
2022-01-18,13.771700859069824,32.95000076293945,34.70000076293945,32.95000076293945,34.70000076293945,23000,,
2022-01-19,13.729904174804688,32.849998474121094,32.95000076293945,32.599998474121094,32.70000076293945,11000,,
2022-01-20,13.917984962463379,33.29999923706055,33.5,32.849998474121094,32.849998474121094,10000,,
2022-01-21,13.70900821685791,32.79999923706055,32.849998474121094,32.5,32.70000076293945,18000,,
2022-01-24,13.750802993774414,32.900001525878906,32.900001525878906,32.20000076293945,32.79999923706055,12000,,
2022-01-25,13.604517936706543,32.54999923706055,32.54999923706055,32.20000076293945,32.5,11000,,
2022-01-26,13.541823387145996,32.400001525878906,32.79999923706055,32.0,32.5,18000,,
2022-02-07,13.792598724365234,33.0,33.0,32.70000076293945,33.0,25000,,
2022-02-08,13.813495635986328,33.04999923706055,33.099998474121094,32.79999923706055,33.0,16000,,
2022-02-09,13.68810749053955,32.75,33.0,32.5,33.0,7000,,
2022-02-10,13.855292320251465,33.150001525878906,33.95000076293945,32.5,33.5,32000,,
2022-02-11,13.604517936706543,32.54999923706055,33.099998474121094,32.45000076293945,33.099998474121094,25000,,
2022-02-14,13.437335014343262,32.150001525878906,32.20000076293945,31.5,31.5,36000,,
2022-02-15,13.583620071411133,32.5,33.0,32.0,32.0,23000,,
2022-02-16,13.625414848327637,32.599998474121094,32.599998474121094,32.5,32.5,27000,,
2022-02-17,13.479127883911133,32.25,32.79999923706055,32.25,32.79999923706055,2000,,
2022-02-18,13.625414848327637,32.599998474121094,32.70000076293945,32.5,32.5,27000,,
2022-02-21,13.667210578918457,32.70000076293945,32.70000076293945,32.54999923706055,32.54999923706055,7000,,
2022-02-22,13.625414848327637,32.599998474121094,32.70000076293945,32.5,32.70000076293945,15000,,
2022-02-23,13.70900821685791,32.79999923706055,32.79999923706055,32.650001525878906,32.650001525878906,2000,,
2022-02-24,13.834394454956055,33.099998474121094,33.099998474121094,32.0,32.5,20000,,
2022-02-25,13.646313667297363,32.650001525878906,33.400001525878906,32.650001525878906,33.400001525878906,11000,,
2022-03-01,13.604517936706543,32.54999923706055,32.54999923706055,32.54999923706055,32.54999923706055,1000,,
2022-03-02,13.583620071411133,32.5,32.599998474121094,32.45000076293945,32.54999923706055,13000,,
2022-03-03,13.562722206115723,32.45000076293945,32.54999923706055,32.45000076293945,32.45000076293945,16000,,
2022-03-04,13.70900821685791,32.79999923706055,32.849998474121094,32.45000076293945,32.5,11000,,
2022-03-07,13.395537376403809,32.04999923706055,32.79999923706055,32.04999923706055,32.79999923706055,23000,,
2022-03-08,13.625414848327637,32.599998474121094,32.599998474121094,32.0,32.04999923706055,25000,,
2022-03-09,13.541823387145996,32.400001525878906,32.599998474121094,32.400001525878906,32.599998474121094,17000,,
2022-03-10,13.583620071411133,32.5,32.70000076293945,32.349998474121094,32.349998474121094,8000,,
2022-03-11,13.583620071411133,32.5,32.79999923706055,32.70000076293945,32.70000076293945,6000,,
2022-03-14,13.750802993774414,32.900001525878906,32.900001525878906,32.79999923706055,32.79999923706055,4000,,
2022-03-15,13.750802993774414,32.900001525878906,32.900001525878906,32.20000076293945,32.20000076293945,4000,,
2022-03-16,13.70900821685791,32.79999923706055,33.04999923706055,32.599998474121094,32.70000076293945,20000,,
2022-03-17,13.771700859069824,32.95000076293945,33.5,32.95000076293945,32.95000076293945,31000,,
2022-03-18,13.917984962463379,33.29999923706055,33.5,33.0,33.0,13000,,
2022-03-21,13.938882827758789,33.349998474121094,33.5,33.29999923706055,33.29999923706055,16000,,
2022-03-22,13.959781646728516,33.400001525878906,33.5,33.20000076293945,33.349998474121094,12000,,
2022-03-23,13.876189231872559,33.20000076293945,33.400001525878906,33.20000076293945,33.400001525878906,11000,,
2022-03-24,13.897086143493652,33.25,33.349998474121094,33.25,33.349998474121094,6000,,
2022-03-25,14.147860527038574,33.849998474121094,33.900001525878906,33.849998474121094,33.900001525878906,6000,,
2022-03-28,14.043373107910156,33.599998474121094,33.599998474121094,33.29999923706055,33.5,15000,,
2022-03-29,14.001577377319336,33.5,33.599998474121094,33.5,33.599998474121094,9000,,
2022-03-30,13.938882827758789,33.349998474121094,33.349998474121094,33.20000076293945,33.20000076293945,5000,,
2022-03-31,14.043373107910156,33.599998474121094,33.849998474121094,33.400001525878906,33.79999923706055,27000,,
2022-04-01,14.064270973205566,33.650001525878906,34.0,33.599998474121094,34.0,25000,,
2022-04-06,14.252351760864258,34.099998474121094,34.150001525878906,33.70000076293945,33.70000076293945,62000,,
2022-04-07,14.294145584106445,34.20000076293945,35.0,34.0,35.0,22000,,
2022-04-08,14.189658164978027,33.95000076293945,34.04999923706055,33.95000076293945,34.04999923706055,12000,,
2022-04-11,13.625414848327637,32.599998474121094,33.95000076293945,32.599998474121094,33.95000076293945,33000,,
2022-04-12,14.085169792175293,33.70000076293945,33.70000076293945,32.400001525878906,32.400001525878906,16000,,
2022-04-13,14.210555076599121,34.0,34.150001525878906,33.650001525878906,33.75,24000,,
2022-04-14,14.210555076599121,34.0,34.0,34.0,34.0,13000,,
2022-04-15,14.126965522766113,33.79999923706055,34.0,33.79999923706055,34.0,17000,,
2022-04-18,14.419534683227539,34.5,34.5,33.79999923706055,34.5,36000,,
2022-04-19,14.398638725280762,34.45000076293945,34.5,34.29999923706055,34.400001525878906,15000,,
2022-04-20,14.252351760864258,34.099998474121094,34.5,34.099998474121094,34.45000076293945,52000,,
2022-04-21,14.585350036621094,32.849998474121094,33.95000076293945,32.150001525878906,32.5,114000,,
2022-04-22,14.607550621032715,32.900001525878906,33.5,32.599998474121094,32.849998474121094,13000,,
2022-04-25,14.607550621032715,32.900001525878906,33.79999923706055,32.599998474121094,32.900001525878906,44000,,
2022-04-26,14.629752159118652,32.95000076293945,32.95000076293945,32.0,32.70000076293945,15000,,
2022-04-27,14.45215129852295,32.54999923706055,32.95000076293945,32.20000076293945,32.95000076293945,7000,,
2022-04-28,15.007148742675781,33.79999923706055,33.900001525878906,32.5,32.54999923706055,37000,,
2022-04-29,14.585350036621094,32.849998474121094,33.5,32.849998474121094,33.5,2000,,
2022-05-03,14.341150283813477,32.29999923706055,33.20000076293945,32.29999923706055,33.20000076293945,16000,,
2022-05-04,14.696349143981934,33.099998474121094,33.099998474121094,32.29999923706055,32.29999923706055,20000,,
2022-05-05,14.696349143981934,33.099998474121094,33.099998474121094,33.099998474121094,33.099998474121094,0,,
2022-05-06,14.318950653076172,32.25,32.75,31.899999618530273,32.25,10000,,
2022-05-09,14.318950653076172,32.25,32.5,32.0,32.20000076293945,14000,,
2022-05-10,14.385551452636719,32.400001525878906,32.400001525878906,32.400001525878906,32.400001525878906,2000,,
2022-05-11,13.963753700256348,31.450000762939453,31.950000762939453,31.100000381469727,31.950000762939453,29000,,
2022-05-12,13.319953918457031,30.0,32.400001525878906,30.0,32.400001525878906,16000,,
2022-05-13,14.141352653503418,31.850000381469727,31.850000381469727,30.899999618530273,30.899999618530273,15000,,
2022-05-16,14.074752807617188,31.700000762939453,31.850000381469727,31.450000762939453,31.450000762939453,28000,,
2022-05-17,13.94155216217041,31.399999618530273,32.95000076293945,31.399999618530273,31.700000762939453,12000,,
2022-05-18,14.119152069091797,31.799999237060547,31.799999237060547,31.200000762939453,31.299999237060547,3000,,
2022-05-19,13.76395320892334,31.0,31.0,31.0,31.0,3000,,
2022-05-20,14.119152069091797,31.799999237060547,31.799999237060547,31.0,31.049999237060547,15000,,
2022-05-23,14.2079496383667,32.0,32.0,31.700000762939453,31.700000762939453,7000,,
2022-05-24,13.852753639221191,31.200000762939453,31.950000762939453,31.149999618530273,31.200000762939453,5000,,
2022-05-25,14.05255126953125,31.649999618530273,31.649999618530273,31.649999618530273,31.649999618530273,1000,,
2022-05-26,14.05255126953125,31.649999618530273,31.649999618530273,31.649999618530273,31.649999618530273,2000,,
2022-05-27,14.05255126953125,31.649999618530273,31.799999237060547,31.649999618530273,31.649999618530273,5000,,
2022-05-30,14.096952438354492,31.75,31.75,31.75,31.75,1000,,
2022-05-31,14.030351638793945,31.600000381469727,31.75,31.350000381469727,31.5,4000,,
2022-06-01,13.94155216217041,31.399999618530273,31.399999618530273,31.049999237060547,31.350000381469727,20000,,
2022-06-02,13.919354438781738,31.350000381469727,31.399999618530273,30.649999618530273,31.399999618530273,224000,,
2022-06-06,13.919354438781738,31.350000381469727,31.350000381469727,31.350000381469727,31.350000381469727,0,,
2022-06-07,14.119152069091797,31.799999237060547,31.799999237060547,31.799999237060547,31.799999237060547,1000,,
2022-06-08,14.05255126953125,31.649999618530273,31.649999618530273,30.850000381469727,30.899999618530273,4000,,
2022-06-09,14.030351638793945,31.600000381469727,31.600000381469727,31.600000381469727,31.600000381469727,2000,,
2022-06-10,14.185751914978027,31.950000762939453,31.950000762939453,31.950000762939453,31.950000762939453,1000,,
2022-06-13,14.008152961730957,31.549999237060547,31.799999237060547,31.100000381469727,31.5,316000,,
2022-06-14,14.2079496383667,32.0,32.0,31.399999618530273,31.399999618530273,2000,,
2022-06-15,14.385551452636719,32.400001525878906,32.400001525878906,32.400001525878906,32.400001525878906,1000,,
2022-06-16,13.985953330993652,31.5,31.5,31.5,31.5,1000,,
2022-06-17,13.808353424072266,31.100000381469727,31.899999618530273,31.100000381469727,31.899999618530273,4000,,
2022-06-20,13.319953918457031,30.0,31.100000381469727,30.0,31.100000381469727,10000,,
2022-06-21,13.852753639221191,31.200000762939453,31.200000762939453,30.100000381469727,30.100000381469727,7000,,
2022-06-22,13.76395320892334,31.0,31.0,31.0,31.0,1000,,
2022-06-23,13.76395320892334,31.0,31.200000762939453,30.899999618530273,31.200000762939453,5000,,
2022-06-24,13.76395320892334,31.0,31.0,31.0,31.0,1000,,
2022-06-27,14.074752807617188,31.700000762939453,31.700000762939453,31.0,31.0,13000,,
2022-06-28,13.719552040100098,30.899999618530273,31.700000762939453,30.899999618530273,31.700000762939453,5000,,
2022-06-29,13.586355209350586,30.600000381469727,30.899999618530273,30.600000381469727,30.899999618530273,10000,,
2022-06-30,13.453152656555176,30.299999237060547,30.5,30.299999237060547,30.350000381469727,7000,,
2022-07-01,13.453152656555176,30.299999237060547,31.350000381469727,30.0,31.350000381469727,12000,,
2022-07-04,13.519754409790039,30.450000762939453,30.450000762939453,29.799999237060547,30.299999237060547,8000,,
2022-07-05,13.719552040100098,30.899999618530273,30.899999618530273,30.899999618530273,30.899999618530273,3000,,
2022-07-06,13.4087553024292,30.200000762939453,30.549999237060547,29.799999237060547,30.0,43000,,
2022-07-07,13.164554595947266,29.649999618530273,30.200000762939453,29.649999618530273,30.200000762939453,11000,,
2022-07-08,13.741754531860352,30.950000762939453,30.549999237060547,29.5,30.350000381469727,17000,,
2022-07-11,13.097956657409668,29.5,29.75,29.5,29.75,2000,,
2022-07-12,13.097956657409668,29.5,29.5,29.5,29.5,3000,,
2022-07-13,12.875956535339355,29.0,29.600000381469727,29.0,29.299999237060547,28000,,
2022-07-14,13.453152656555176,30.299999237060547,30.299999237060547,30.299999237060547,30.299999237060547,2000,,
2022-07-15,13.297754287719727,29.950000762939453,30.299999237060547,29.5,30.299999237060547,26000,,
2022-07-18,13.319953918457031,30.0,30.5,29.350000381469727,30.5,41000,,
2022-07-19,13.142354965209961,29.600000381469727,30.049999237060547,29.600000381469727,30.0,10000,,
2022-07-20,13.275553703308105,29.899999618530273,29.899999618530273,29.399999618530273,29.450000762939453,6000,,
2022-07-21,13.541954040527344,30.5,30.5,30.5,30.5,1000,,
2022-07-22,13.541954040527344,30.5,30.5,30.5,30.5,0,,
2022-07-25,13.541954040527344,30.5,30.5,30.5,30.5,0,,
2022-07-26,13.364355087280273,30.100000381469727,30.100000381469727,29.299999237060547,29.299999237060547,7000,,
2022-07-27,13.120155334472656,29.549999237060547,29.549999237060547,29.149999618530273,29.149999618530273,2000,,
2022-07-28,13.386554718017578,30.149999618530273,30.399999618530273,30.149999618530273,30.399999618530273,2000,,
2022-07-29,13.386554718017578,30.149999618530273,30.149999618530273,30.149999618530273,30.149999618530273,7000,,
2022-08-01,13.586355209350586,30.600000381469727,30.600000381469727,30.600000381469727,30.600000381469727,1000,,
2022-08-02,13.497553825378418,30.399999618530273,30.5,29.600000381469727,29.600000381469727,5000,,
2022-08-03,13.342153549194336,30.049999237060547,30.5,29.5,29.600000381469727,9000,,
2022-08-04,13.253355979919434,29.850000381469727,29.850000381469727,29.350000381469727,29.399999618530273,20000,,
2022-08-05,13.297754287719727,29.950000762939453,29.950000762939453,29.149999618530273,29.350000381469727,8000,,
2022-08-08,13.630754470825195,30.700000762939453,30.850000381469727,30.649999618530273,30.850000381469727,8000,,
2022-08-09,13.608552932739258,30.649999618530273,30.649999618530273,30.649999618530273,30.649999618530273,7000,,
2022-08-10,13.564153671264648,30.549999237060547,30.600000381469727,30.5,30.600000381469727,6000,,
2022-08-11,13.453152656555176,30.299999237060547,30.549999237060547,30.299999237060547,30.549999237060547,8000,,
2022-08-12,13.564153671264648,30.549999237060547,30.549999237060547,30.399999618530273,30.450000762939453,6000,,
2022-08-15,13.564153671264648,30.549999237060547,30.649999618530273,30.549999237060547,30.600000381469727,3000,,
2022-08-16,13.564153671264648,30.549999237060547,30.549999237060547,30.549999237060547,30.549999237060547,0,,
2022-08-17,13.497553825378418,30.399999618530273,30.399999618530273,30.399999618530273,30.399999618530273,2000,,
2022-08-18,13.4087553024292,30.200000762939453,30.399999618530273,29.5,30.399999618530273,12000,,
2022-08-19,13.453152656555176,30.299999237060547,30.700000762939453,29.899999618530273,29.899999618530273,3000,,
2022-08-22,13.430954933166504,30.25,30.25,29.649999618530273,29.649999618530273,2000,,
2022-08-23,13.4087553024292,30.200000762939453,30.200000762939453,30.200000762939453,30.200000762939453,1000,,
2022-08-24,13.4087553024292,30.200000762939453,30.200000762939453,30.200000762939453,30.200000762939453,1000,,
2022-08-25,13.319953918457031,30.0,30.200000762939453,30.0,30.200000762939453,2000,,
2022-08-26,13.319953918457031,30.0,30.0,30.0,30.0,6000,,
2022-08-29,13.075756072998047,29.450000762939453,29.950000762939453,29.0,29.950000762939453,42000,,
2022-08-30,13.319953918457031,30.0,30.0,29.450000762939453,29.450000762939453,8000,,
2022-08-31,13.253355979919434,29.850000381469727,29.850000381469727,29.850000381469727,29.850000381469727,1000,,
2022-09-01,13.097956657409668,29.5,29.5,29.25,29.5,11000,,
2022-09-02,13.186755180358887,29.700000762939453,29.950000762939453,29.299999237060547,29.950000762939453,10000,,
2022-09-05,13.297754287719727,29.950000762939453,29.950000762939453,29.950000762939453,29.950000762939453,1000,,
2022-09-06,13.097956657409668,29.5,29.5,29.399999618530273,29.399999618530273,3000,,
2022-09-07,13.164554595947266,29.649999618530273,29.649999618530273,29.649999618530273,29.649999618530273,1000,,
2022-09-08,13.297754287719727,29.950000762939453,29.950000762939453,29.899999618530273,29.899999618530273,4000,,
2022-09-12,13.186755180358887,29.700000762939453,29.899999618530273,29.700000762939453,29.899999618530273,2000,,
2022-09-13,13.164554595947266,29.649999618530273,30.25,29.5,30.25,17000,,
2022-09-14,13.564153671264648,30.549999237060547,30.600000381469727,29.450000762939453,29.5,61000,,
2022-09-15,13.430954933166504,30.25,30.299999237060547,30.25,30.299999237060547,4000,,
2022-09-16,13.231154441833496,29.799999237060547,29.799999237060547,29.799999237060547,29.799999237060547,1000,,
2022-09-19,13.231154441833496,29.799999237060547,29.799999237060547,29.799999237060547,29.799999237060547,0,,
2022-09-20,13.564153671264648,30.549999237060547,30.549999237060547,30.549999237060547,30.549999237060547,1000,,
2022-09-21,13.097956657409668,29.5,29.600000381469727,29.399999618530273,29.5,24000,,
2022-09-22,13.097956657409668,29.5,29.5,29.5,29.5,0,,
2022-09-23,13.253355979919434,29.850000381469727,30.5,29.399999618530273,30.5,62000,,
2022-09-26,13.453152656555176,30.299999237060547,30.299999237060547,30.299999237060547,30.299999237060547,1000,,
2022-09-27,13.053556442260742,29.399999618530273,29.399999618530273,29.0,29.399999618530273,14000,,
2022-09-28,12.875956535339355,29.0,29.350000381469727,29.0,29.0,27000,,
2022-09-29,13.4087553024292,30.200000762939453,29.0,29.0,29.0,1000,,
2022-09-30,12.89815616607666,29.049999237060547,29.100000381469727,29.049999237060547,29.100000381469727,3000,,
2022-10-03,12.875956535339355,29.0,29.0,29.0,29.0,1000,,
2022-10-04,13.564153671264648,30.549999237060547,30.549999237060547,29.0,29.0,84000,,
2022-10-05,13.564153671264648,30.549999237060547,30.549999237060547,30.549999237060547,30.549999237060547,1000,,
2022-10-06,12.89815616607666,29.049999237060547,30.850000381469727,29.0,30.850000381469727,128000,,
2022-10-07,13.097956657409668,29.5,29.5,29.200000762939453,29.350000381469727,94000,,
2022-10-11,12.920357704162598,29.100000381469727,29.100000381469727,29.0,29.0,7000,,
2022-10-12,12.920357704162598,29.100000381469727,30.25,29.100000381469727,29.5,12000,,
2022-10-13,12.920357704162598,29.100000381469727,29.700000762939453,29.100000381469727,29.700000762939453,12000,,
2022-10-14,13.541954040527344,30.5,30.100000381469727,29.899999618530273,29.899999618530273,4000,,
2022-10-17,12.94255542755127,29.149999618530273,30.649999618530273,29.149999618530273,30.649999618530273,2000,,
2022-10-18,13.142354965209961,29.600000381469727,29.600000381469727,29.600000381469727,29.600000381469727,1000,,
2022-10-19,13.231154441833496,29.799999237060547,30.049999237060547,30.049999237060547,30.049999237060547,3000,,
2022-10-20,13.453152656555176,30.299999237060547,30.5,30.299999237060547,30.5,4000,,
2022-10-21,13.386554718017578,30.149999618530273,30.149999618530273,30.149999618530273,30.149999618530273,2000,,
2022-10-24,13.275553703308105,29.899999618530273,29.899999618530273,29.899999618530273,29.899999618530273,1000,,
2022-10-25,13.386554718017578,30.149999618530273,30.149999618530273,30.149999618530273,30.149999618530273,12000,,
2022-10-26,13.275553703308105,29.899999618530273,29.899999618530273,29.899999618530273,29.899999618530273,17000,,
2022-10-27,13.275553703308105,29.899999618530273,29.950000762939453,29.899999618530273,29.950000762939453,10000,,
2022-10-28,13.342153549194336,30.049999237060547,30.100000381469727,30.049999237060547,30.100000381469727,4000,,
2022-10-31,13.319953918457031,30.0,30.0,29.399999618530273,29.899999618530273,12000,,
2022-11-01,13.319953918457031,30.0,30.149999618530273,30.0,30.0,33000,,
2022-11-02,13.430954933166504,30.25,30.25,29.799999237060547,29.799999237060547,11000,,
2022-11-03,13.497553825378418,30.399999618530273,30.399999618530273,30.25,30.25,6000,,
2022-11-04,13.430954933166504,30.25,30.399999618530273,30.0,30.399999618530273,4000,,
2022-11-07,13.120155334472656,29.549999237060547,30.549999237060547,29.549999237060547,30.549999237060547,15000,,
2022-11-08,13.319953918457031,30.0,30.149999618530273,29.950000762939453,30.149999618530273,4000,,
2022-11-09,13.253355979919434,29.850000381469727,30.149999618530273,29.850000381469727,30.149999618530273,2000,,
2022-11-10,13.319953918457031,30.0,30.0,30.0,30.0,1000,,
2022-11-11,13.253355979919434,29.850000381469727,30.399999618530273,29.299999237060547,30.399999618530273,4000,,
2022-11-14,13.275553703308105,29.899999618530273,30.0,29.899999618530273,30.0,2000,,
2022-11-15,13.297754287719727,29.950000762939453,29.950000762939453,29.899999618530273,29.899999618530273,2000,,
2022-11-16,13.297754287719727,29.950000762939453,29.950000762939453,29.950000762939453,29.950000762939453,1000,,
2022-11-17,13.297754287719727,29.950000762939453,30.0,29.950000762939453,30.0,2000,,
2022-11-18,13.519754409790039,30.450000762939453,30.450000762939453,30.450000762939453,30.450000762939453,1000,,
2022-11-21,13.519754409790039,30.450000762939453,30.549999237060547,30.450000762939453,30.549999237060547,2000,,
2022-11-22,13.4087553024292,30.200000762939453,30.200000762939453,30.200000762939453,30.200000762939453,2000,,
2022-11-23,13.386554718017578,30.149999618530273,30.149999618530273,29.600000381469727,29.600000381469727,5000,,
2022-11-24,13.364355087280273,30.100000381469727,30.149999618530273,29.850000381469727,30.149999618530273,6000,,
2022-11-25,13.386554718017578,30.149999618530273,30.350000381469727,29.799999237060547,30.350000381469727,3000,,
2022-11-28,13.142354965209961,29.600000381469727,30.149999618530273,29.600000381469727,30.0,7000,,
2022-11-29,13.231154441833496,29.799999237060547,30.299999237060547,28.649999618530273,30.299999237060547,35000,,
2022-11-30,13.319953918457031,30.0,30.0,29.950000762939453,29.950000762939453,2000,,
2022-12-01,13.4087553024292,30.200000762939453,30.200000762939453,30.200000762939453,30.200000762939453,1000,,
2022-12-02,13.430954933166504,30.25,30.399999618530273,30.0,30.399999618530273,7000,,
2022-12-05,13.4087553024292,30.200000762939453,30.450000762939453,30.200000762939453,30.450000762939453,8000,,
2022-12-06,13.475354194641113,30.350000381469727,30.350000381469727,30.350000381469727,30.350000381469727,1000,,
2022-12-07,13.4087553024292,30.200000762939453,30.399999618530273,30.200000762939453,30.350000381469727,101000,,
2022-12-08,13.475354194641113,30.350000381469727,30.549999237060547,30.200000762939453,30.549999237060547,9000,,
2022-12-09,13.430954933166504,30.25,30.450000762939453,29.75,30.450000762939453,7000,,
2022-12-12,13.386554718017578,30.149999618530273,30.149999618530273,30.149999618530273,30.149999618530273,1000,,
2022-12-13,13.319953918457031,30.0,30.25,29.5,30.200000762939453,11000,,
2022-12-14,13.364355087280273,30.100000381469727,30.100000381469727,29.899999618530273,29.950000762939453,6000,,
2022-12-15,13.208954811096191,29.75,30.200000762939453,29.5,30.149999618530273,8000,,
2022-12-16,13.275553703308105,29.899999618530273,29.899999618530273,29.899999618530273,29.899999618530273,1000,,
2022-12-19,13.386554718017578,30.149999618530273,30.299999237060547,29.299999237060547,30.299999237060547,3000,,
2022-12-20,13.253355979919434,29.850000381469727,30.100000381469727,29.600000381469727,30.100000381469727,4000,,
2022-12-21,13.142354965209961,29.600000381469727,30.200000762939453,29.600000381469727,29.950000762939453,10000,,
2022-12-22,13.319953918457031,30.0,30.0,29.5,30.0,5000,,
2022-12-23,13.453152656555176,30.299999237060547,30.299999237060547,30.299999237060547,30.299999237060547,1000,,
2022-12-26,13.386554718017578,30.149999618530273,30.149999618530273,30.149999618530273,30.149999618530273,3000,,
2022-12-27,13.342153549194336,30.049999237060547,30.049999237060547,29.600000381469727,29.600000381469727,11000,,
2022-12-28,13.364355087280273,30.100000381469727,30.100000381469727,30.0,30.0,2000,,
2022-12-29,13.319953918457031,30.0,30.25,29.649999618530273,30.25,6000,,
2022-12-30,13.386554718017578,30.149999618530273,30.299999237060547,29.600000381469727,30.299999237060547,3000,,
2023-01-03,13.297754287719727,29.950000762939453,30.149999618530273,29.950000762939453,30.149999618530273,3000,,
2023-01-04,13.297754287719727,29.950000762939453,30.0,29.399999618530273,29.950000762939453,17000,,
2023-01-05,13.142354965209961,29.600000381469727,30.149999618530273,29.5,30.149999618530273,6000,,
2023-01-06,13.4087553024292,30.200000762939453,30.200000762939453,30.200000762939453,30.200000762939453,1000,,
2023-01-09,13.386554718017578,30.149999618530273,30.149999618530273,30.149999618530273,30.149999618530273,1000,,
2023-01-10,13.253355979919434,29.850000381469727,30.299999237060547,29.799999237060547,30.0,8000,,
2023-01-11,13.186755180358887,29.700000762939453,30.299999237060547,29.649999618530273,30.299999237060547,4000,,
2023-01-12,13.186755180358887,29.700000762939453,29.899999618530273,29.700000762939453,29.700000762939453,9000,,
2023-01-13,13.297754287719727,29.950000762939453,29.950000762939453,29.950000762939453,29.950000762939453,1000,,
2023-01-16,13.386554718017578,30.149999618530273,30.149999618530273,30.100000381469727,30.149999618530273,7000,,
2023-01-17,13.297754287719727,29.950000762939453,30.100000381469727,29.75,30.100000381469727,8000,,
2023-01-30,13.275553703308105,29.899999618530273,29.950000762939453,29.899999618530273,29.950000762939453,5000,,
2023-01-31,13.253355979919434,29.850000381469727,29.850000381469727,29.549999237060547,29.549999237060547,16000,,
2023-02-01,13.297754287719727,29.950000762939453,30.0,29.950000762939453,29.950000762939453,17000,,
2023-02-02,13.342153549194336,30.049999237060547,30.299999237060547,29.799999237060547,30.299999237060547,29000,,
2023-02-03,13.386554718017578,30.149999618530273,30.200000762939453,30.149999618530273,30.200000762939453,2000,,
2023-02-06,13.275553703308105,29.899999618530273,30.149999618530273,29.549999237060547,30.149999618530273,21000,,
2023-02-07,13.364355087280273,30.100000381469727,30.100000381469727,30.100000381469727,30.100000381469727,2000,,
2023-02-08,13.319953918457031,30.0,30.0,30.0,30.0,15000,,
2023-02-09,13.319953918457031,30.0,30.049999237060547,29.75,30.0,7000,,
2023-02-10,13.275553703308105,29.899999618530273,30.0,29.799999237060547,29.799999237060547,9000,,
2023-02-13,13.297754287719727,29.950000762939453,29.950000762939453,29.799999237060547,29.799999237060547,6000,,
2023-02-14,13.319953918457031,30.0,30.0,29.899999618530273,29.899999618530273,8000,,
2023-02-15,13.319953918457031,30.0,30.0,30.0,30.0,6000,,
2023-02-16,13.342153549194336,30.049999237060547,30.049999237060547,30.0,30.0,2000,,
2023-02-17,13.253355979919434,29.850000381469727,30.0,29.799999237060547,29.799999237060547,18000,,
2023-02-20,13.275553703308105,29.899999618530273,30.0,29.799999237060547,30.0,16000,,
2023-02-21,13.231154441833496,29.799999237060547,30.0,29.799999237060547,30.0,24000,,
2023-02-22,13.253355979919434,29.850000381469727,29.850000381469727,29.799999237060547,29.850000381469727,19000,,
2023-02-23,13.275553703308105,29.899999618530273,30.5,29.799999237060547,30.399999618530273,15000,,
2023-02-24,13.275553703308105,29.899999618530273,30.0,29.899999618530273,29.899999618530273,4000,,
2023-03-01,13.319953918457031,30.0,30.399999618530273,30.0,30.0,7000,,
2023-03-02,13.4087553024292,30.200000762939453,30.299999237060547,29.899999618530273,30.299999237060547,9000,,
2023-03-03,13.4087553024292,30.200000762939453,30.25,29.950000762939453,30.049999237060547,38000,,
2023-03-06,13.430954933166504,30.25,30.25,30.200000762939453,30.200000762939453,2000,,
2023-03-07,13.475354194641113,30.350000381469727,30.350000381469727,30.299999237060547,30.299999237060547,5000,,
2023-03-08,13.475354194641113,30.350000381469727,30.350000381469727,30.0,30.0,6000,,
2023-03-09,13.364355087280273,30.100000381469727,30.299999237060547,30.100000381469727,30.299999237060547,3000,,
2023-03-10,13.475354194641113,30.350000381469727,30.350000381469727,30.100000381469727,30.100000381469727,19000,,
2023-03-13,13.453152656555176,30.299999237060547,30.5,30.200000762939453,30.5,11000,,
2023-03-14,13.386554718017578,30.149999618530273,30.399999618530273,30.0,30.25,16000,,
2023-03-15,13.453152656555176,30.299999237060547,30.399999618530273,30.049999237060547,30.049999237060547,10000,,
2023-03-16,13.453152656555176,30.299999237060547,30.399999618530273,30.299999237060547,30.399999618530273,7000,,
2023-03-17,13.497553825378418,30.399999618530273,30.5,30.299999237060547,30.299999237060547,32000,,
2023-03-20,13.497553825378418,30.399999618530273,30.700000762939453,30.200000762939453,30.200000762939453,7000,,
2023-03-21,13.541954040527344,30.5,31.0,30.399999618530273,30.399999618530273,34000,,
2023-03-22,13.630754470825195,30.700000762939453,30.700000762939453,30.600000381469727,30.600000381469727,13000,,
2023-03-23,13.675152778625488,30.799999237060547,30.799999237060547,30.799999237060547,30.799999237060547,2000,,
2023-03-24,13.719552040100098,30.899999618530273,30.899999618530273,30.649999618530273,30.799999237060547,18000,,
2023-03-27,13.652953147888184,30.75,30.899999618530273,30.549999237060547,30.850000381469727,23000,,
2023-03-28,13.564153671264648,30.549999237060547,30.75,30.549999237060547,30.75,39000,,
2023-03-29,14.015501976013184,29.5,29.600000381469727,28.700000762939453,28.700000762939453,49000,,
2023-03-30,13.920479774475098,29.299999237060547,29.5,29.25,29.5,21000,,
2023-03-31,14.03925609588623,29.549999237060547,29.549999237060547,29.5,29.549999237060547,17000,,
2023-04-06,13.872970581054688,29.200000762939453,29.600000381469727,29.200000762939453,29.600000381469727,14000,,
2023-04-07,13.944235801696777,29.350000381469727,29.350000381469727,29.350000381469727,29.350000381469727,1000,,
2023-04-10,13.872970581054688,29.200000762939453,29.399999618530273,29.100000381469727,29.399999618530273,5000,,
2023-04-11,13.872970581054688,29.200000762939453,29.200000762939453,29.200000762939453,29.200000762939453,4000,,
2023-04-12,13.96799087524414,29.399999618530273,29.399999618530273,29.25,29.25,3000,,
2023-04-13,13.849215507507324,29.149999618530273,29.25,29.100000381469727,29.200000762939453,13000,,
2023-04-14,14.015501976013184,29.5,29.5,29.149999618530273,29.149999618530273,5000,,
2023-04-17,14.015501976013184,29.5,29.5,29.5,29.5,4000,,
2023-04-18,14.11052131652832,29.700000762939453,29.799999237060547,29.5,29.5,11000,,
2023-04-19,14.300561904907227,30.100000381469727,30.100000381469727,29.399999618530273,29.700000762939453,20000,,
2023-04-20,14.300561904907227,30.100000381469727,30.100000381469727,30.100000381469727,30.100000381469727,0,,
2023-04-21,14.2530517578125,30.0,30.0,29.350000381469727,29.75,10000,,
2023-04-24,14.2530517578125,30.0,30.0,30.0,30.0,0,,
2023-04-25,14.063011169433594,29.600000381469727,29.600000381469727,29.350000381469727,29.350000381469727,5000,,
2023-04-26,14.229296684265137,29.950000762939453,29.950000762939453,29.399999618530273,29.5,7000,,
2023-04-27,14.015501976013184,29.5,29.5,29.5,29.5,11000,,
2023-04-28,14.015501976013184,29.5,29.600000381469727,29.5,29.549999237060547,4000,,
2023-05-02,14.015501976013184,29.5,29.5,29.5,29.5,0,,
2023-05-03,14.015501976013184,29.5,29.75,29.5,29.75,2000,,
2023-05-04,14.158031463623047,29.799999237060547,29.799999237060547,29.799999237060547,29.799999237060547,5000,,
2023-05-05,14.158031463623047,29.799999237060547,29.799999237060547,29.799999237060547,29.799999237060547,0,,
2023-05-08,14.158031463623047,29.799999237060547,29.799999237060547,29.799999237060547,29.799999237060547,1000,,
2023-05-09,14.181785583496094,29.850000381469727,29.850000381469727,28.899999618530273,28.899999618530273,9000,,
2023-05-10,14.181785583496094,29.850000381469727,29.950000762939453,29.149999618530273,29.149999618530273,7000,,
2023-05-11,14.205540657043457,29.899999618530273,29.899999618530273,29.899999618530273,29.899999618530273,1000,,
2023-05-12,14.205540657043457,29.899999618530273,29.899999618530273,29.899999618530273,29.899999618530273,2000,,
2023-05-15,14.205540657043457,29.899999618530273,29.899999618530273,29.899999618530273,29.899999618530273,0,,
2023-05-16,14.158031463623047,29.799999237060547,29.899999618530273,29.799999237060547,29.899999618530273,4000,,
2023-05-17,14.2530517578125,30.0,30.600000381469727,29.950000762939453,29.950000762939453,8000,,
2023-05-18,14.063011169433594,29.600000381469727,29.799999237060547,29.600000381469727,29.799999237060547,3000,,
2023-05-19,14.205540657043457,29.899999618530273,29.899999618530273,29.899999618530273,29.899999618530273,1000,,
2023-05-22,14.134276390075684,29.75,29.899999618530273,29.75,29.899999618530273,3000,,
2023-05-23,14.11052131652832,29.700000762939453,29.75,29.700000762939453,29.75,6000,,
2023-05-24,14.229296684265137,29.950000762939453,29.950000762939453,29.950000762939453,29.950000762939453,1000,,
2023-05-25,14.229296684265137,29.950000762939453,29.950000762939453,29.950000762939453,29.950000762939453,0,,
2023-05-26,14.134276390075684,29.75,30.450000762939453,29.75,30.450000762939453,4000,,
2023-05-29,14.134276390075684,29.75,29.75,29.75,29.75,2000,,
2023-05-30,14.134276390075684,29.75,29.75,29.75,29.75,0,,
2023-05-31,14.134276390075684,29.75,29.75,29.75,29.75,1000,,
2023-06-01,14.134276390075684,29.75,29.75,29.75,29.75,2000,,
2023-06-02,14.03925609588623,29.549999237060547,29.549999237060547,29.350000381469727,29.350000381469727,29000,,
2023-06-05,14.015501976013184,29.5,29.549999237060547,29.299999237060547,29.549999237060547,16000,,
2023-06-06,13.96799087524414,29.399999618530273,29.450000762939453,29.350000381469727,29.450000762939453,10000,,
2023-06-07,13.96799087524414,29.399999618530273,29.399999618530273,29.399999618530273,29.399999618530273,4000,,
2023-06-08,13.96799087524414,29.399999618530273,29.5,29.25,29.399999618530273,10000,,
2023-06-09,14.03925609588623,29.549999237060547,29.549999237060547,29.399999618530273,29.399999618530273,9000,,
2023-06-12,13.96799087524414,29.399999618530273,29.5,29.399999618530273,29.450000762939453,5000,,
2023-06-13,13.96799087524414,29.399999618530273,29.399999618530273,29.399999618530273,29.399999618530273,3000,,
2023-06-14,13.96799087524414,29.399999618530273,29.399999618530273,29.399999618530273,29.399999618530273,6000,,
2023-06-15,13.96799087524414,29.399999618530273,29.399999618530273,29.399999618530273,29.399999618530273,18000,,
2023-06-16,13.96799087524414,29.399999618530273,29.5,29.299999237060547,29.399999618530273,12000,,
2023-06-19,14.181785583496094,29.850000381469727,29.850000381469727,29.399999618530273,29.399999618530273,12000,,
2023-06-20,14.181785583496094,29.850000381469727,29.850000381469727,29.799999237060547,29.850000381469727,22000,,
2023-06-21,14.181785583496094,29.850000381469727,29.899999618530273,29.850000381469727,29.850000381469727,13000,,
2023-06-26,13.96799087524414,29.399999618530273,29.399999618530273,29.399999618530273,29.399999618530273,6000,,
2023-06-27,14.11052131652832,29.700000762939453,29.700000762939453,29.649999618530273,29.649999618530273,3000,,
2023-06-28,14.134276390075684,29.75,29.75,29.75,29.75,6000,,
2023-06-29,14.395581245422363,30.299999237060547,30.350000381469727,29.75,29.75,59000,,
2023-06-30,14.371826171875,30.25,30.25,30.25,30.25,6000,,
2023-07-03,14.514357566833496,30.549999237060547,31.0,30.0,30.5,20000,,
2023-07-04,14.300561904907227,30.100000381469727,30.649999618530273,29.799999237060547,30.649999618530273,15000,,
2023-07-05,14.34807300567627,30.200000762939453,30.200000762939453,29.799999237060547,30.100000381469727,17000,,
2023-07-06,14.205540657043457,29.899999618530273,30.0,29.850000381469727,29.850000381469727,3000,,
2023-07-07,14.181785583496094,29.850000381469727,29.850000381469727,29.850000381469727,29.850000381469727,1000,,
2023-07-10,14.2530517578125,30.0,30.0,30.0,30.0,43000,,
2023-07-11,14.276805877685547,30.049999237060547,30.049999237060547,30.0,30.0,9000,,
2023-07-12,14.2530517578125,30.0,30.049999237060547,30.0,30.049999237060547,4000,,
2023-07-13,14.2530517578125,30.0,30.049999237060547,30.0,30.049999237060547,3000,,
2023-07-14,14.276805877685547,30.049999237060547,30.450000762939453,30.0,30.0,6000,,
2023-07-17,14.34807300567627,30.200000762939453,30.200000762939453,30.0,30.049999237060547,15000,,
2023-07-18,14.34807300567627,30.200000762939453,31.600000381469727,30.200000762939453,31.600000381469727,7000,,
2023-07-19,14.2530517578125,30.0,30.049999237060547,30.0,30.049999237060547,5000,,
2023-07-20,14.2530517578125,30.0,30.0,30.0,30.0,0,,
2023-07-21,14.680643081665039,30.899999618530273,30.899999618530273,30.049999237060547,30.049999237060547,2000,,
2023-07-24,14.2530517578125,30.0,30.049999237060547,30.0,30.049999237060547,11000,,
2023-07-25,14.34807300567627,30.200000762939453,30.850000381469727,30.0,30.850000381469727,19000,,
2023-07-26,14.2530517578125,30.0,30.0,29.149999618530273,29.149999618530273,25000,,
2023-07-27,14.371826171875,30.25,30.350000381469727,30.25,30.350000381469727,2000,,
2023-07-28,14.2530517578125,30.0,30.200000762939453,30.0,30.200000762939453,8000,,
2023-07-31,14.2530517578125,30.0,30.0,30.0,30.0,0,,
2023-08-01,14.2530517578125,30.0,30.0,30.0,30.0,0,,
2023-08-02,14.514357566833496,30.549999237060547,30.549999237060547,30.0,30.5,54000,,
2023-08-04,14.490602493286133,30.5,30.549999237060547,30.5,30.549999237060547,10000,,
2023-08-07,14.514357566833496,30.549999237060547,30.549999237060547,30.5,30.5,9000,,
2023-08-08,14.561866760253906,30.649999618530273,30.649999618530273,30.5,30.5,13000,,
2023-08-09,14.704399108886719,30.950000762939453,30.75,30.5,30.5,15000,,
2023-08-10,14.490602493286133,30.5,30.549999237060547,30.5,30.5,23000,,
2023-08-11,14.538113594055176,30.600000381469727,30.649999618530273,30.600000381469727,30.649999618530273,4000,,
2023-08-14,14.490602493286133,30.5,30.700000762939453,30.5,30.549999237060547,9000,,
2023-08-15,14.490602493286133,30.5,30.5,30.5,30.5,25000,,
2023-08-16,14.32431697845459,30.149999618530273,30.200000762939453,30.049999237060547,30.049999237060547,5000,,
2023-08-17,14.32431697845459,30.149999618530273,30.149999618530273,30.149999618530273,30.149999618530273,0,,
2023-08-18,14.46684741973877,30.450000762939453,30.450000762939453,30.0,30.0,3000,,
2023-08-21,14.229296684265137,29.950000762939453,30.0,29.950000762939453,30.0,3000,,
2023-08-22,14.46684741973877,30.450000762939453,30.450000762939453,30.450000762939453,30.450000762939453,1000,,
2023-08-23,14.2530517578125,30.0,30.450000762939453,30.0,30.450000762939453,9000,,
2023-08-24,14.2530517578125,30.0,30.0,30.0,30.0,1000,,
2023-08-25,14.538113594055176,30.600000381469727,33.0,30.549999237060547,30.549999237060547,93000,,
2023-08-28,14.300561904907227,30.100000381469727,30.600000381469727,30.0,30.0,8000,,
2023-08-29,14.704399108886719,30.950000762939453,30.950000762939453,30.100000381469727,30.100000381469727,9000,,
2023-08-30,14.656888008117676,30.850000381469727,30.950000762939453,30.149999618530273,30.950000762939453,8000,,
2023-08-31,14.633133888244629,30.799999237060547,30.799999237060547,30.399999618530273,30.5,7000,,
2023-09-01,14.395581245422363,30.299999237060547,30.799999237060547,30.299999237060547,30.799999237060547,6000,,
2023-09-04,14.395581245422363,30.299999237060547,30.799999237060547,30.049999237060547,30.049999237060547,19000,,
2023-09-05,14.300561904907227,30.100000381469727,30.299999237060547,30.100000381469727,30.299999237060547,3000,,
2023-09-06,14.2530517578125,30.0,30.5,30.0,30.100000381469727,133000,,
2023-09-07,14.490602493286133,30.5,30.5,30.0,30.0,2000,,
2023-09-08,14.490602493286133,30.5,30.5,30.5,30.5,0,,
2023-09-11,14.300561904907227,30.100000381469727,30.100000381469727,30.100000381469727,30.100000381469727,1000,,
2023-09-12,14.514357566833496,30.549999237060547,30.950000762939453,30.149999618530273,30.149999618530273,11000,,
2023-09-13,14.34807300567627,30.200000762939453,30.200000762939453,30.200000762939453,30.200000762939453,1000,,
2023-09-14,14.34807300567627,30.200000762939453,30.200000762939453,30.100000381469727,30.100000381469727,6000,,
2023-09-15,14.32431697845459,30.149999618530273,30.299999237060547,30.149999618530273,30.299999237060547,4000,,
2023-09-18,14.2530517578125,30.0,30.100000381469727,30.0,30.100000381469727,15000,,
2023-09-19,14.2530517578125,30.0,30.0,30.0,30.0,0,,
2023-09-20,14.2530517578125,30.0,30.0,30.0,30.0,0,,
2023-09-21,14.2530517578125,30.0,30.0,30.0,30.0,0,,
2023-09-22,14.300561904907227,30.100000381469727,30.25,30.0,30.100000381469727,56000,,
2023-09-25,14.2530517578125,30.0,30.450000762939453,30.0,30.450000762939453,17000,,
2023-09-26,14.2530517578125,30.0,30.100000381469727,30.0,30.049999237060547,13000,,
2023-09-27,14.32431697845459,30.149999618530273,30.149999618530273,30.0,30.0,2000,,
2023-09-28,14.2530517578125,30.0,30.299999237060547,30.0,30.100000381469727,4000,,
2023-10-02,14.490602493286133,30.5,30.5,29.899999618530273,30.450000762939453,4000,,
2023-10-03,14.46684741973877,30.450000762939453,30.450000762939453,30.0,30.0,21000,,
2023-10-04,14.34807300567627,30.200000762939453,30.200000762939453,30.200000762939453,30.200000762939453,1000,,
2023-10-05,14.34807300567627,30.200000762939453,30.200000762939453,30.200000762939453,30.200000762939453,0,,
2023-10-06,14.2530517578125,30.0,30.0,30.0,30.0,2000,,
2023-10-11,14.276805877685547,30.049999237060547,30.549999237060547,30.049999237060547,30.5,14000,,
2023-10-12,14.46684741973877,30.450000762939453,30.450000762939453,30.450000762939453,30.450000762939453,1000,,
2023-10-13,14.728153228759766,31.0,31.0,30.450000762939453,30.450000762939453,23000,,
2023-10-16,14.870683670043945,31.299999237060547,31.299999237060547,30.75,31.049999237060547,21000,,
2023-10-17,14.680643081665039,30.899999618530273,31.5,31.200000762939453,31.299999237060547,15000,,
2023-10-18,14.656888008117676,30.850000381469727,31.0,30.600000381469727,30.950000762939453,115000,,
2023-10-19,14.656888008117676,30.850000381469727,30.850000381469727,30.850000381469727,30.850000381469727,1000,,
2023-10-20,14.633133888244629,30.799999237060547,31.0,30.799999237060547,31.0,11000,,
2023-10-23,14.680643081665039,30.899999618530273,31.049999237060547,30.799999237060547,30.799999237060547,39000,,
2023-10-24,14.823175430297852,31.200000762939453,31.200000762939453,31.049999237060547,31.049999237060547,13000,,
2023-10-25,14.894439697265625,31.350000381469727,31.399999618530273,31.200000762939453,31.200000762939453,21000,,
2023-10-26,14.775663375854492,31.100000381469727,31.399999618530273,31.100000381469727,31.100000381469727,221000,,
2023-10-27,14.965704917907715,31.5,31.5,31.399999618530273,31.399999618530273,18000,,
2023-10-30,15.417051315307617,32.45000076293945,32.599998474121094,31.549999237060547,31.850000381469727,39000,,
2023-10-31,15.013214111328125,31.600000381469727,32.900001525878906,32.150001525878906,32.599998474121094,17000,,
2023-11-01,15.583334922790527,32.79999923706055,32.849998474121094,32.75,32.75,19000,,
2023-11-02,14.965704917907715,31.5,32.5,31.5,32.0,258000,,
2023-11-03,15.179499626159668,31.950000762939453,32.150001525878906,31.950000762939453,32.0,9000,,
2023-11-06,15.274519920349121,32.150001525878906,32.150001525878906,32.150001525878906,32.150001525878906,1000,,
2023-11-07,15.131990432739258,31.850000381469727,31.950000762939453,31.549999237060547,31.600000381469727,17000,,
2023-11-08,15.203254699707031,32.0,32.0,31.799999237060547,31.799999237060547,3000,,
2023-11-09,15.417051315307617,32.45000076293945,32.45000076293945,31.0,31.049999237060547,14000,,
2023-11-10,16.391010284423828,34.5,32.45000076293945,32.400001525878906,32.400001525878906,11000,,
2023-11-13,15.322031021118164,32.25,32.400001525878906,32.25,32.400001525878906,21000,,
2023-11-14,15.2982759475708,32.20000076293945,32.20000076293945,32.20000076293945,32.20000076293945,3000,,
2023-11-15,15.2982759475708,32.20000076293945,32.20000076293945,31.299999237060547,31.299999237060547,13000,,
2023-11-16,15.2982759475708,32.20000076293945,32.20000076293945,32.20000076293945,32.20000076293945,0,,
2023-11-17,15.2982759475708,32.20000076293945,32.20000076293945,32.20000076293945,32.20000076293945,3000,,
2023-11-20,15.55958080291748,32.75,32.75,32.349998474121094,32.349998474121094,7000,,
2023-11-21,15.55958080291748,32.75,33.150001525878906,32.70000076293945,32.849998474121094,37000,,
2023-11-22,16.034683227539062,33.75,34.79999923706055,33.099998474121094,34.79999923706055,25000,,
2023-11-23,16.034683227539062,33.75,33.900001525878906,33.70000076293945,33.75,44000,,
2023-11-24,16.581050872802734,34.900001525878906,35.0,34.29999923706055,34.650001525878906,161000,,
2023-11-27,16.581050872802734,34.900001525878906,34.900001525878906,34.900001525878906,34.900001525878906,0,,
2023-11-28,18.22014808654785,38.349998474121094,38.349998474121094,38.349998474121094,38.349998474121094,174000,,
2023-11-29,20.025537490844727,42.150001525878906,42.150001525878906,42.150001525878906,42.150001525878906,620000,,
2023-11-30,22.020965576171875,46.349998474121094,46.349998474121094,46.349998474121094,46.349998474121094,605000,,
2023-12-01,23.089941024780273,48.599998474121094,50.900001525878906,47.150001525878906,50.900001525878906,2815000,,
2023-12-04,23.089941024780273,48.599998474121094,50.20000076293945,47.0,50.20000076293945,1039000,,
2023-12-05,22.329782485961914,47.0,48.29999923706055,46.849998474121094,48.29999923706055,218000,,
2023-12-06,22.80488395690918,48.0,50.0,47.0,47.0,288000,,
2023-12-07,22.80488395690918,48.0,48.95000076293945,47.25,48.20000076293945,169000,,
2023-12-08,22.47231101989746,47.29999923706055,48.29999923706055,47.099998474121094,48.29999923706055,124000,,
2023-12-11,22.63859748840332,47.650001525878906,47.849998474121094,47.04999923706055,47.04999923706055,143000,,
2023-12-12,22.80488395690918,48.0,48.04999923706055,47.20000076293945,47.20000076293945,104000,,
2023-12-13,23.137453079223633,48.70000076293945,49.900001525878906,47.849998474121094,47.849998474121094,278000,,
2023-12-14,23.089941024780273,48.599998474121094,49.849998474121094,48.349998474121094,48.349998474121094,173000,,
2023-12-15,22.994924545288086,48.400001525878906,49.150001525878906,48.0,49.0,104000,,
2023-12-18,23.32749366760254,49.099998474121094,49.5,48.0,48.400001525878906,131000,,
2023-12-19,21.070762634277344,44.349998474121094,49.79999923706055,44.20000076293945,48.29999923706055,1065000,,
2023-12-20,21.593372344970703,45.45000076293945,45.5,43.349998474121094,43.400001525878906,477000,,
2023-12-21,21.11827278137207,44.45000076293945,44.900001525878906,44.20000076293945,44.29999923706055,237000,,
2023-12-22,21.807170867919922,45.900001525878906,46.400001525878906,44.45000076293945,44.599998474121094,336000,,
2023-12-25,21.854679107666016,46.0,46.79999923706055,45.79999923706055,45.79999923706055,110000,,
2023-12-26,21.474597930908203,45.20000076293945,45.70000076293945,45.0,45.5,81000,,
2023-12-27,21.569618225097656,45.400001525878906,45.650001525878906,45.20000076293945,45.20000076293945,71000,,
2023-12-28,21.070762634277344,44.349998474121094,45.5,44.0,45.5,64000,,
2023-12-29,21.09451675415039,44.400001525878906,45.25,44.29999923706055,44.29999923706055,181000,,
2024-01-02,21.165781021118164,44.54999923706055,44.75,44.25,44.400001525878906,62000,,
2024-01-03,21.04700469970703,44.29999923706055,45.099998474121094,44.29999923706055,44.95000076293945,78000,,
2024-01-04,21.09451675415039,44.400001525878906,44.400001525878906,44.29999923706055,44.400001525878906,40000,,
2024-01-05,21.189537048339844,44.599998474121094,44.70000076293945,44.400001525878906,44.45000076293945,52000,,
2024-01-08,22.139741897583008,46.599998474121094,46.79999923706055,44.650001525878906,44.650001525878906,201000,,
2024-01-09,22.163496017456055,46.650001525878906,49.5,46.29999923706055,47.0,664000,,
2024-01-10,22.282270431518555,46.900001525878906,47.0,45.54999923706055,46.70000076293945,181000,,
2024-01-11,23.161209106445312,48.75,49.5,47.25,47.25,584000,,
2024-01-12,23.47002601623535,49.400001525878906,49.400001525878906,48.0,48.20000076293945,293000,,
2024-01-15,23.018680572509766,48.45000076293945,50.79999923706055,48.45000076293945,49.45000076293945,232000,,
2024-01-16,23.47002601623535,49.400001525878906,50.099998474121094,48.150001525878906,48.45000076293945,420000,,
2024-01-17,23.3750057220459,49.20000076293945,49.25,48.5,49.099998474121094,166000,,
2024-01-18,23.256229400634766,48.95000076293945,49.79999923706055,47.79999923706055,49.79999923706055,109000,,
2024-01-19,23.279985427856445,49.0,49.5,48.400001525878906,49.5,73000,,
2024-01-22,24.99034881591797,52.599998474121094,53.900001525878906,48.849998474121094,49.0,415000,,
2024-01-23,25.655494689941406,54.0,54.0,50.599998474121094,52.0,604000,,
2024-01-24,24.230186462402344,51.0,54.0,51.0,53.099998474121094,529000,,
2024-01-25,24.087656021118164,50.70000076293945,51.29999923706055,49.95000076293945,51.20000076293945,224000,,
2024-01-26,24.515249252319336,51.599998474121094,51.70000076293945,50.5,50.70000076293945,85000,,
2024-01-29,24.372716903686523,51.29999923706055,52.400001525878906,51.0,52.0,120000,,
2024-01-30,24.420228958129883,51.400001525878906,51.599998474121094,51.099998474121094,51.29999923706055,153000,,
2024-01-31,23.99263572692871,50.5,51.70000076293945,49.95000076293945,51.70000076293945,226000,,
2024-02-01,23.75508689880371,50.0,50.599998474121094,49.599998474121094,50.599998474121094,142000,,
2024-02-02,23.660066604614258,49.79999923706055,50.5,49.79999923706055,49.79999923706055,46000,,
2024-02-05,24.32520866394043,51.20000076293945,51.599998474121094,50.0,50.0,203000,,
2024-02-15,24.610267639160156,51.79999923706055,52.099998474121094,51.0,51.5,135000,,
2024-02-16,25.79802131652832,54.29999923706055,54.79999923706055,52.099998474121094,52.900001525878906,376000,,
2024-02-19,27.270841598510742,57.400001525878906,59.70000076293945,54.70000076293945,54.70000076293945,897000,,
2024-02-20,27.31835174560547,57.5,58.79999923706055,55.79999923706055,58.79999923706055,275000,,
2024-02-21,26.890758514404297,56.599998474121094,58.099998474121094,56.099998474121094,57.099998474121094,151000,,
2024-02-22,26.890758514404297,56.599998474121094,57.900001525878906,55.79999923706055,56.5,156000,,
2024-02-23,26.985776901245117,56.79999923706055,57.599998474121094,56.20000076293945,57.0,96000,,
2024-02-26,24.562759399414062,51.70000076293945,55.099998474121094,51.5,54.099998474121094,936000,,
2024-02-27,24.705289840698242,52.0,52.400001525878906,51.29999923706055,51.900001525878906,113000,,
2024-02-29,25.655494689941406,54.0,54.79999923706055,51.20000076293945,51.79999923706055,152000,,
2024-03-01,26.748226165771484,56.29999923706055,56.79999923706055,53.79999923706055,54.0,361000,,
2024-03-04,26.55818748474121,55.900001525878906,57.400001525878906,54.900001525878906,57.400001525878906,202000,,
2024-03-05,26.890758514404297,56.599998474121094,57.29999923706055,55.0,55.900001525878906,156000,,
2024-03-06,26.985776901245117,56.79999923706055,57.0,55.5,56.099998474121094,170000,,
2024-03-07,27.36585807800293,57.599998474121094,59.79999923706055,56.400001525878906,58.0,498000,,
2024-03-08,28.458593368530273,59.900001525878906,60.5,57.5,58.400001525878906,558000,,
2024-03-11,31.261695861816406,65.80000305175781,65.80000305175781,65.80000305175781,65.80000305175781,1791000,,
2024-03-12,30.929121017456055,65.0999984741211,71.80000305175781,62.400001525878906,71.80000305175781,5120000,,
2024-03-13,30.929121017456055,65.0999984741211,65.0999984741211,65.0999984741211,65.0999984741211,0,,
2024-03-14,31.831815719604492,67.0,68.80000305175781,66.4000015258789,67.0,1581000,,
2024-03-15,32.9245491027832,69.30000305175781,69.5,67.0,67.30000305175781,1944000,,
2024-03-18,34.20732498168945,72.0,74.4000015258789,70.0999984741211,70.19999694824219,2993000,,
2024-03-19,33.637203216552734,70.80000305175781,71.9000015258789,70.5,71.9000015258789,1078000,,
2024-03-20,33.637203216552734,70.80000305175781,70.80000305175781,70.80000305175781,70.80000305175781,0,,
2024-03-21,34.25483322143555,72.0999984741211,72.5,71.5,72.19999694824219,1145000,,
2024-03-22,33.874755859375,71.30000305175781,72.5999984741211,71.0999984741211,72.5999984741211,1144000,,
2024-03-25,33.874755859375,71.30000305175781,71.30000305175781,71.30000305175781,71.30000305175781,0,,
2024-03-26,31.831815719604492,67.0,68.19999694824219,66.5999984741211,67.9000015258789,1292000,,
2024-03-27,33.58968734741211,70.69999694824219,71.0,67.5,67.5999984741211,2167000,,
2024-03-28,32.86091995239258,49.599998474121094,50.70000076293945,48.0,48.0,1290000,,
2024-03-29,31.63526153564453,47.75,49.599998474121094,47.400001525878906,49.599998474121094,645000,,
2024-04-01,31.005868911743164,46.79999923706055,48.5,46.5,48.0,538000,,
2024-04-02,29.94584083557129,45.20000076293945,46.95000076293945,44.79999923706055,46.849998474121094,610000,,
2024-04-03,30.409605026245117,45.900001525878906,46.04999923706055,44.29999923706055,45.20000076293945,364000,,
2024-04-08,31.46963119506836,47.5,48.20000076293945,46.099998474121094,46.099998474121094,395000,,
2024-04-09,31.63526153564453,47.75,49.099998474121094,47.70000076293945,48.099998474121094,268000,,
2024-04-10,32.13215255737305,48.5,48.900001525878906,47.599998474121094,47.79999923706055,343000,,
2024-04-11,31.668386459350586,47.79999923706055,48.900001525878906,47.29999923706055,48.70000076293945,222000,,
2024-04-12,31.270875930786133,47.20000076293945,48.04999923706055,47.0,47.0,204000,,
2024-04-15,30.840240478515625,46.54999923706055,47.25,46.54999923706055,47.25,134000,,
2024-04-16,30.277099609375,45.70000076293945,46.29999923706055,45.04999923706055,46.29999923706055,248000,,
2024-04-17,30.87336540222168,46.599998474121094,46.70000076293945,45.54999923706055,45.54999923706055,120000,,
2024-04-18,31.304000854492188,47.25,47.79999923706055,46.150001525878906,46.400001525878906,208000,,
2024-04-19,30.144596099853516,45.5,47.349998474121094,45.25,47.349998474121094,280000,,
2024-04-22,30.50897979736328,46.04999923706055,47.0,45.45000076293945,45.5,265000,,
2024-04-23,31.105249404907227,46.95000076293945,46.95000076293945,46.150001525878906,46.150001525878906,140000,,
2024-04-24,31.668386459350586,47.79999923706055,48.29999923706055,47.0,47.54999923706055,278000,,
2024-04-25,32.198402404785156,48.599998474121094,48.95000076293945,47.79999923706055,47.79999923706055,393000,,
2024-04-26,32.86091995239258,49.599998474121094,49.95000076293945,48.599998474121094,48.79999923706055,356000,,
2024-04-29,33.12592697143555,50.0,50.29999923706055,49.70000076293945,50.29999923706055,382000,,
2024-04-30,32.36403274536133,48.849998474121094,50.29999923706055,48.5,50.29999923706055,303000,,
2024-05-02,32.397159576416016,48.900001525878906,49.75,48.79999923706055,48.900001525878906,229000,,
2024-05-03,31.867143630981445,48.099998474121094,49.29999923706055,48.04999923706055,49.20000076293945,206000,,
2024-05-06,31.535884857177734,47.599998474121094,48.400001525878906,47.29999923706055,48.099998474121094,188000,,
2024-05-07,31.40338134765625,47.400001525878906,49.54999923706055,46.45000076293945,47.349998474121094,375000,,
2024-05-08,31.70151138305664,47.849998474121094,49.400001525878906,47.29999923706055,47.29999923706055,123000,,
2024-05-09,33.05967712402344,49.900001525878906,50.5,47.79999923706055,47.79999923706055,851000,,
2024-05-10,33.05967712402344,49.900001525878906,50.599998474121094,49.25,49.900001525878906,448000,,
2024-05-13,32.76154708862305,49.45000076293945,50.5,49.29999923706055,49.900001525878906,292000,,
2024-05-14,32.59591293334961,49.20000076293945,49.900001525878906,49.0,49.5,274000,,
2024-05-15,32.264652252197266,48.70000076293945,49.29999923706055,48.70000076293945,49.20000076293945,188000,,
2024-05-16,31.800893783569336,48.0,49.349998474121094,46.29999923706055,48.900001525878906,491000,,
2024-05-17,32.198402404785156,48.599998474121094,50.599998474121094,48.0,48.099998474121094,323000,,
2024-05-20,32.463409423828125,49.0,50.20000076293945,48.900001525878906,49.400001525878906,161000,,
2024-05-21,31.966520309448242,48.25,50.0,48.0,49.0,91000,,
2024-05-22,32.264652252197266,48.70000076293945,49.0,48.25,48.29999923706055,150000,,
2024-05-23,32.5296630859375,49.099998474121094,49.20000076293945,48.75,48.75,244000,,
2024-05-24,32.894046783447266,49.650001525878906,49.79999923706055,48.20000076293945,48.95000076293945,156000,,
2024-05-27,34.450965881347656,52.0,52.5,49.70000076293945,49.70000076293945,856000,,
2024-05-28,33.788448333740234,51.0,53.099998474121094,51.0,52.0,615000,,
2024-05-29,36.041011810302734,54.400001525878906,54.5,51.599998474121094,51.79999923706055,830000,,
2024-05-30,37.10103988647461,56.0,56.0,54.400001525878906,54.400001525878906,1177000,,
2024-05-31,39.88362121582031,60.20000076293945,61.599998474121094,56.29999923706055,56.29999923706055,2711000,,
2024-06-03,38.49232864379883,58.099998474121094,61.0,57.20000076293945,60.29999923706055,1007000,,
2024-06-04,38.5585823059082,58.20000076293945,60.099998474121094,57.099998474121094,57.5,396000,,
2024-06-05,38.69108581542969,58.400001525878906,59.599998474121094,57.599998474121094,58.79999923706055,233000,,
2024-06-06,39.15484619140625,59.099998474121094,61.0,58.5,58.5,331000,,
2024-06-07,39.419857025146484,59.5,61.0,59.20000076293945,59.20000076293945,254000,,
2024-06-11,38.823585510253906,58.599998474121094,61.0,58.5,60.900001525878906,381000,,
2024-06-12,38.69108581542969,58.400001525878906,59.099998474121094,57.20000076293945,59.099998474121094,283000,,
2024-06-13,38.22732162475586,57.70000076293945,61.900001525878906,57.70000076293945,60.0,409000,,
2024-06-14,37.233543395996094,56.20000076293945,59.0,56.099998474121094,57.79999923706055,312000,,
2024-06-17,36.83603286743164,55.599998474121094,57.400001525878906,55.20000076293945,56.099998474121094,297000,,
2024-06-18,37.36604690551758,56.400001525878906,56.900001525878906,55.29999923706055,56.900001525878906,116000,,
2024-06-19,37.16728973388672,56.099998474121094,57.099998474121094,56.099998474121094,57.0,108000,,
2024-06-20,37.233543395996094,56.20000076293945,57.0,56.0,57.0,132000,,
2024-06-21,37.7635612487793,57.0,58.5,56.20000076293945,56.20000076293945,159000,,
2024-06-24,37.896060943603516,57.20000076293945,57.900001525878906,56.79999923706055,57.900001525878906,120000,,
2024-06-25,38.094818115234375,57.5,57.70000076293945,56.0,57.29999923706055,125000,,
2024-06-26,37.96231460571289,57.29999923706055,57.900001525878906,56.79999923706055,57.900001525878906,68000,,
2024-06-27,38.42607879638672,58.0,58.20000076293945,56.70000076293945,56.79999923706055,141000,,
2024-06-28,38.42607879638672,58.0,58.900001525878906,57.70000076293945,58.900001525878906,74000,,
2024-07-01,38.161067962646484,57.599998474121094,58.900001525878906,57.599998474121094,58.900001525878906,143000,,
2024-07-02,38.094818115234375,57.5,58.400001525878906,57.20000076293945,58.400001525878906,85000,,
2024-07-03,38.161067962646484,57.599998474121094,58.29999923706055,57.0,58.29999923706055,107000,,
2024-07-04,38.359825134277344,57.900001525878906,58.29999923706055,57.099998474121094,57.099998474121094,91000,,
2024-07-05,39.353607177734375,59.400001525878906,60.5,57.5,57.5,321000,,
2024-07-08,39.353607177734375,59.400001525878906,61.0,59.29999923706055,60.20000076293945,229000,,
2024-07-09,39.221099853515625,59.20000076293945,60.0,58.79999923706055,59.099998474121094,87000,,
2024-07-10,39.61861038208008,59.79999923706055,60.0,59.099998474121094,59.599998474121094,135000,,
2024-07-11,39.287349700927734,59.29999923706055,60.0,59.099998474121094,59.79999923706055,95000,,
2024-07-12,39.419857025146484,59.5,59.900001525878906,59.099998474121094,59.099998474121094,69000,,
2024-07-15,39.75111389160156,60.0,60.599998474121094,59.099998474121094,59.900001525878906,160000,,
2024-07-16,39.353607177734375,59.400001525878906,60.099998474121094,59.29999923706055,60.099998474121094,88000,,
2024-07-17,39.5523567199707,59.70000076293945,59.900001525878906,59.400001525878906,59.900001525878906,81000,,
2024-07-18,39.287349700927734,59.29999923706055,59.79999923706055,59.099998474121094,59.70000076293945,81000,,
2024-07-19,39.15484619140625,59.099998474121094,59.400001525878906,58.70000076293945,59.099998474121094,112000,,
2024-07-22,38.29357147216797,57.79999923706055,59.599998474121094,56.0,59.099998474121094,244000,,
2024-07-23,38.88984298706055,58.70000076293945,59.5,58.0,58.0,44000,,
2024-07-26,39.353607177734375,59.400001525878906,59.599998474121094,57.599998474121094,57.599998474121094,58000,,
2024-07-29,39.353607177734375,59.400001525878906,59.70000076293945,59.29999923706055,59.400001525878906,104000,,
2024-07-30,40.67864227294922,61.400001525878906,61.400001525878906,59.5,59.599998474121094,327000,,
2024-07-31,42.401187896728516,64.0,64.19999694824219,61.400001525878906,61.400001525878906,408000,,
2024-08-01,41.208656311035156,62.20000076293945,64.19999694824219,61.5,64.19999694824219,282000,,
2024-08-02,41.672420501708984,62.900001525878906,63.5,62.0,62.20000076293945,118000,,
2024-08-05,39.61861038208008,59.79999923706055,66.19999694824219,59.599998474121094,64.5,1054000,,
2024-08-06,39.221099853515625,59.20000076293945,62.5,56.79999923706055,62.0,287000,,
2024-08-07,42.00368118286133,63.400001525878906,63.79999923706055,59.20000076293945,59.20000076293945,368000,,
2024-08-08,40.8111457824707,61.599998474121094,63.400001525878906,61.5,63.0,143000,,
2024-08-09,41.0098991394043,61.900001525878906,63.0,61.70000076293945,62.0,109000,,
2024-08-12,41.40740966796875,62.5,65.0,61.900001525878906,62.5,309000,,
2024-08-13,41.5399169921875,62.70000076293945,64.4000015258789,62.20000076293945,62.599998474121094,202000,,
2024-08-14,41.87117385864258,63.20000076293945,64.9000015258789,63.099998474121094,64.0,231000,,
2024-08-15,40.87739562988281,61.70000076293945,64.0,61.599998474121094,63.400001525878906,182000,,
2024-08-16,41.34115982055664,62.400001525878906,63.400001525878906,62.20000076293945,62.20000076293945,168000,,
2024-08-19,41.93742370605469,63.29999923706055,64.9000015258789,63.0,63.5,396000,,
2024-08-20,40.94364547729492,61.79999923706055,63.400001525878906,61.599998474121094,63.400001525878906,277000,,
2024-08-21,41.40740966796875,62.5,63.0,61.29999923706055,61.70000076293945,128000,,
2024-08-22,41.93742370605469,63.29999923706055,63.5,62.29999923706055,62.900001525878906,229000,,
2024-08-23,40.94364547729492,61.79999923706055,63.5,61.599998474121094,63.400001525878906,277000,,
2024-08-26,40.87739562988281,61.70000076293945,62.599998474121094,61.70000076293945,62.599998474121094,118000,,
2024-08-27,40.74489212036133,61.5,62.29999923706055,61.5,61.599998474121094,110000,,
2024-08-28,41.672420501708984,62.900001525878906,63.29999923706055,62.0,62.5,272000,,
2024-08-29,41.14240264892578,62.099998474121094,62.79999923706055,61.900001525878906,62.79999923706055,105000,,
2024-08-30,44.7862548828125,67.5999984741211,68.0,62.70000076293945,62.70000076293945,2876000,,
2024-09-02,46.111289978027344,69.5999984741211,71.0,68.5999984741211,69.9000015258789,3558000,,
2024-09-03,46.57505798339844,70.30000305175781,70.4000015258789,69.0999984741211,69.80000305175781,1385000,,
2024-09-04,46.5088005065918,70.19999694824219,70.30000305175781,67.19999694824219,69.80000305175781,798000,,
2024-09-05,46.37630081176758,70.0,72.5,69.5999984741211,70.19999694824219,1381000,,
2024-09-06,46.57505798339844,70.30000305175781,71.4000015258789,69.69999694824219,70.5,769000,,
2024-09-09,46.243797302246094,69.80000305175781,70.5999984741211,69.0999984741211,69.80000305175781,879000,,
2024-09-10,44.7862548828125,67.5999984741211,70.0999984741211,67.5,70.0,1254000,,
2024-09-11,45.18376541137695,68.19999694824219,68.5999984741211,67.69999694824219,67.80000305175781,725000,,
2024-09-12,45.713783264160156,69.0,69.4000015258789,68.0999984741211,68.5,1107000,,
2024-09-13,45.780033111572266,69.0999984741211,69.9000015258789,68.69999694824219,69.30000305175781,1793000,,
2024-09-16,47.590545654296875,55.20000076293945,58.0,53.099998474121094,53.099998474121094,1235000,,
2024-09-18,47.6767578125,55.29999923706055,56.400001525878906,54.599998474121094,55.29999923706055,590000,,
2024-09-19,47.418113708496094,55.0,55.400001525878906,54.400001525878906,55.099998474121094,345000,,
2024-09-20,46.81460952758789,54.29999923706055,55.20000076293945,54.20000076293945,55.20000076293945,301000,,
2024-09-23,45.00410079956055,52.20000076293945,53.900001525878906,52.099998474121094,53.70000076293945,399000,,
2024-09-24,45.09031677246094,52.29999923706055,52.900001525878906,52.099998474121094,52.29999923706055,245000,,
2024-09-25,45.60760498046875,52.900001525878906,53.400001525878906,52.5,53.0,211000,,
2024-09-26,45.00410079956055,52.20000076293945,52.900001525878906,52.20000076293945,52.70000076293945,125000,,
2024-09-27,46.21110534667969,53.599998474121094,53.79999923706055,52.20000076293945,52.29999923706055,285000,,
2024-09-30,46.12489318847656,53.5,53.79999923706055,53.0,53.29999923706055,117000,,
2024-10-01,45.17653274536133,52.400001525878906,53.099998474121094,52.400001525878906,52.5,231000,,
2024-10-04,44.65924072265625,51.79999923706055,52.70000076293945,51.79999923706055,52.20000076293945,196000,,
2024-10-07,44.573028564453125,51.70000076293945,52.5,51.5,52.5,116000,,
2024-10-08,44.486812591552734,51.599998474121094,52.0,51.29999923706055,51.599998474121094,113000,,
2024-10-09,45.00410079956055,52.20000076293945,52.79999923706055,51.599998474121094,51.900001525878906,258000,,
2024-10-11,45.26274490356445,52.5,53.0,52.20000076293945,52.29999923706055,96000,,
2024-10-14,44.22816848754883,51.29999923706055,52.0,50.900001525878906,51.79999923706055,193000,,
2024-10-15,44.486812591552734,51.599998474121094,52.29999923706055,51.29999923706055,52.29999923706055,80000,,
2024-10-16,44.22816848754883,51.29999923706055,52.0,51.29999923706055,51.599998474121094,78000,,
2024-10-17,44.573028564453125,51.70000076293945,52.400001525878906,51.599998474121094,52.400001525878906,75000,,
2024-10-18,44.573028564453125,51.70000076293945,51.900001525878906,51.099998474121094,51.70000076293945,127000,,
2024-10-21,44.65924072265625,51.79999923706055,52.0,51.400001525878906,51.599998474121094,82000,,
2024-10-22,44.83167266845703,52.0,52.20000076293945,51.79999923706055,52.0,118000,,
2024-10-23,45.00410079956055,52.20000076293945,52.70000076293945,52.20000076293945,52.29999923706055,145000,,
2024-10-24,44.65924072265625,51.79999923706055,52.5,51.70000076293945,52.400001525878906,68000,,
2024-10-25,44.65924072265625,51.79999923706055,52.0,51.5,51.79999923706055,92000,,
2024-10-28,44.486812591552734,51.599998474121094,52.0,51.599998474121094,51.79999923706055,73000,,
2024-10-29,44.22816848754883,51.29999923706055,52.400001525878906,50.900001525878906,52.400001525878906,98000,,
2024-10-30,44.05573654174805,51.099998474121094,51.5,50.79999923706055,51.099998474121094,77000,,
2024-11-01,44.400596618652344,51.5,51.5,50.79999923706055,50.900001525878906,121000,,
2024-11-04,44.65924072265625,51.79999923706055,51.79999923706055,51.0,51.5,153000,,
2024-11-05,45.34895706176758,52.599998474121094,52.599998474121094,51.599998474121094,51.599998474121094,124000,,
2024-11-06,44.917884826660156,52.099998474121094,53.20000076293945,52.099998474121094,52.900001525878906,103000,,
2024-11-07,45.60760498046875,52.900001525878906,53.20000076293945,51.900001525878906,51.900001525878906,125000,,
2024-11-08,46.12489318847656,53.5,54.79999923706055,53.0,53.0,294000,,
2024-11-11,44.83167266845703,52.0,53.20000076293945,51.0,53.20000076293945,238000,,
2024-11-12,44.917884826660156,52.099998474121094,53.29999923706055,51.599998474121094,53.29999923706055,125000,,
2024-11-13,45.866249084472656,53.20000076293945,54.0,52.0,52.5,224000,,
2024-11-14,45.60760498046875,52.900001525878906,54.29999923706055,52.900001525878906,54.29999923706055,129000,,
2024-11-15,45.866249084472656,53.20000076293945,54.20000076293945,52.79999923706055,52.79999923706055,191000,,
2024-11-18,45.26274490356445,52.5,53.0,52.5,53.0,62000,,
2024-11-19,45.435176849365234,52.70000076293945,53.20000076293945,52.5,53.20000076293945,41000,,
2024-11-20,45.00410079956055,52.20000076293945,53.400001525878906,52.20000076293945,53.20000076293945,76900,,
2024-11-21,44.917884826660156,52.099998474121094,52.5,52.0,52.5,28000,,
2024-11-22,45.09031677246094,52.29999923706055,52.70000076293945,52.099998474121094,52.099998474121094,33000,,
2024-11-25,46.12489318847656,53.5,53.70000076293945,52.400001525878906,52.400001525878906,77000,,
2024-11-26,45.95246124267578,53.29999923706055,54.099998474121094,53.099998474121094,54.099998474121094,31000,,
2024-11-27,45.17653274536133,52.400001525878906,53.20000076293945,52.400001525878906,53.20000076293945,50000,,
2024-11-28,44.917884826660156,52.099998474121094,53.099998474121094,52.0,52.400001525878906,107000,,
2024-11-29,46.38353729248047,53.79999923706055,54.20000076293945,52.20000076293945,52.20000076293945,237000,,
2024-12-02,47.24568557739258,54.79999923706055,55.099998474121094,54.20000076293945,54.5,177000,,
2024-12-03,48.19404983520508,55.900001525878906,57.20000076293945,54.79999923706055,55.0,252000,,
2024-12-04,51.728851318359375,60.0,60.400001525878906,56.0,56.0,783000,,
2024-12-05,51.38399124145508,59.599998474121094,61.099998474121094,59.099998474121094,61.0,434000,,
2024-12-06,52.50478744506836,60.900001525878906,61.20000076293945,59.79999923706055,59.79999923706055,466000,,
2024-12-09,50.52184295654297,58.599998474121094,60.900001525878906,58.599998474121094,60.900001525878906,343000,,
2024-12-10,49.14241027832031,57.0,59.79999923706055,57.0,58.599998474121094,260000,,
2024-12-11,48.19404983520508,55.900001525878906,58.70000076293945,55.70000076293945,58.70000076293945,223000,,
2024-12-12,48.711334228515625,56.5,57.900001525878906,56.099998474121094,56.099998474121094,80000,,
2024-12-13,47.84918975830078,55.5,56.20000076293945,55.099998474121094,56.0,89000,,
2024-12-16,48.10783004760742,55.79999923706055,56.79999923706055,55.5,56.0,166000,,
2024-12-17,48.2802619934082,56.0,56.599998474121094,55.29999923706055,55.79999923706055,132000,,
2024-12-18,48.2802619934082,56.0,56.20000076293945,55.5,56.0,61000,,
2024-12-19,47.6767578125,55.29999923706055,56.0,55.099998474121094,55.900001525878906,113000,,
2024-12-20,46.90082550048828,54.400001525878906,55.29999923706055,54.0,55.29999923706055,122000,,
2024-12-23,46.81460952758789,54.29999923706055,54.599998474121094,53.79999923706055,54.400001525878906,50000,,
2024-12-24,46.90082550048828,54.400001525878906,54.900001525878906,54.0,54.400001525878906,79000,,
2024-12-25,47.15946960449219,54.70000076293945,54.900001525878906,54.400001525878906,54.400001525878906,27000,,
2024-12-26,46.98704147338867,54.5,54.70000076293945,54.20000076293945,54.70000076293945,65000,,
2024-12-27,46.81460952758789,54.29999923706055,54.599998474121094,54.0,54.0,27000,,
2024-12-30,46.81460952758789,54.29999923706055,55.099998474121094,53.79999923706055,53.79999923706055,27000,,
2024-12-31,46.46975326538086,53.900001525878906,54.099998474121094,53.400001525878906,54.0,51000,,
2025-01-02,46.21110534667969,53.599998474121094,54.5,53.29999923706055,53.900001525878906,51000,,
2025-01-03,45.95246124267578,53.29999923706055,53.900001525878906,53.29999923706055,53.29999923706055,86000,,
2025-01-06,46.12489318847656,53.5,53.900001525878906,53.099998474121094,53.900001525878906,74000,,
2025-01-07,46.03868103027344,53.400001525878906,53.79999923706055,53.29999923706055,53.70000076293945,36000,,
2025-01-08,46.12489318847656,53.5,54.099998474121094,53.400001525878906,54.099998474121094,40000,,
2025-01-09,45.69382095336914,53.0,54.29999923706055,52.5,53.5,66000,,
2025-01-10,45.52138900756836,52.79999923706055,53.5,52.599998474121094,52.900001525878906,95000,,
2025-01-13,45.17653274536133,52.400001525878906,52.79999923706055,51.20000076293945,52.79999923706055,152000,,
2025-01-14,44.74545669555664,51.900001525878906,52.400001525878906,51.79999923706055,52.400001525878906,61000,,
2025-01-15,44.83167266845703,52.0,52.0,51.79999923706055,52.0,20000,,
2025-01-16,45.26274490356445,52.5,54.5,52.099998474121094,54.5,52000,,
2025-01-17,45.60760498046875,52.900001525878906,53.400001525878906,52.79999923706055,53.099998474121094,14000,,
2025-01-20,45.60760498046875,52.900001525878906,53.20000076293945,52.5,53.0,85000,,
2025-01-21,45.69382095336914,53.0,53.099998474121094,52.900001525878906,52.900001525878906,23000,,
2025-01-22,45.60760498046875,52.900001525878906,53.099998474121094,52.0,52.0,20000,,
2025-02-03,46.03868103027344,53.400001525878906,54.29999923706055,52.599998474121094,52.900001525878906,61001,,
2025-02-04,46.297325134277344,53.70000076293945,53.900001525878906,53.29999923706055,53.900001525878906,32000,,
2025-02-05,46.98704147338867,54.5,54.70000076293945,54.0,54.0,64000,,
2025-02-06,47.6767578125,55.29999923706055,55.5,54.5,54.5,83105,,
2025-02-07,48.883766174316406,56.70000076293945,56.900001525878906,55.0,55.79999923706055,125130,,
2025-02-10,48.53890609741211,56.29999923706055,57.0,56.0,57.0,132213,,
2025-02-11,48.6251220703125,56.400001525878906,58.70000076293945,55.400001525878906,55.599998474121094,218133,,
2025-02-12,48.797550201416016,56.599998474121094,57.70000076293945,56.5,56.79999923706055,81080,,
2025-02-13,48.96997833251953,56.79999923706055,56.79999923706055,56.400001525878906,56.79999923706055,41080,,
2025-02-14,48.797550201416016,56.599998474121094,56.70000076293945,56.20000076293945,56.70000076293945,49065,,
2025-02-17,48.6251220703125,56.400001525878906,57.099998474121094,56.400001525878906,56.900001525878906,107000,,
2025-02-18,49.83212661743164,57.79999923706055,58.0,56.79999923706055,56.900001525878906,103008,,
2025-02-19,49.91834259033203,57.900001525878906,58.29999923706055,57.5,58.20000076293945,98000,,
2025-02-20,48.711334228515625,56.5,57.5,56.5,57.5,118066,,
2025-02-21,48.53890609741211,56.29999923706055,57.400001525878906,55.70000076293945,56.5,169422,,
2025-02-24,48.883766174316406,56.70000076293945,56.70000076293945,56.099998474121094,56.29999923706055,51000,,
2025-02-25,49.14241027832031,57.0,57.20000076293945,56.70000076293945,56.79999923706055,68250,,
2025-02-26,49.65969467163086,57.599998474121094,58.099998474121094,57.0,57.0,114100,,
2025-02-27,49.91834259033203,57.900001525878906,60.0,57.29999923706055,58.0,330050,,
2025-03-03,50.26319885253906,58.29999923706055,58.79999923706055,57.79999923706055,58.20000076293945,142070,,
2025-03-04,50.09077072143555,58.099998474121094,58.70000076293945,57.70000076293945,57.70000076293945,108000,,
2025-03-05,50.78049087524414,58.900001525878906,59.29999923706055,58.20000076293945,58.20000076293945,119093,,
2025-03-06,50.608062744140625,58.70000076293945,58.900001525878906,58.29999923706055,58.29999923706055,98050,,
2025-03-07,50.866703033447266,59.0,59.400001525878906,58.79999923706055,58.900001525878906,123050,,
2025-03-10,50.435630798339844,58.5,59.0,57.5,59.0,108020,,
2025-03-11,50.608062744140625,58.70000076293945,59.70000076293945,56.099998474121094,58.29999923706055,647316,,
2025-03-12,52.763427734375,61.20000076293945,61.29999923706055,59.0,59.0,623310,,
2025-03-13,53.97043228149414,62.599998474121094,63.0,61.400001525878906,61.5,679209,,
2025-03-14,53.62557601928711,62.20000076293945,63.29999923706055,61.20000076293945,62.900001525878906,646208,,
2025-03-17,54.746368408203125,63.5,63.5,62.400001525878906,62.79999923706055,526229,,
2025-03-18,54.48772430419922,63.20000076293945,64.30000305175781,63.099998474121094,63.79999923706055,367025,,
2025-03-19,53.79800796508789,62.400001525878906,63.5,62.0,63.5,427258,,
2025-03-20,53.884220123291016,62.5,63.0,62.0,62.900001525878906,283072,,
2025-03-21,55.43608856201172,64.30000305175781,64.30000305175781,63.099998474121094,63.20000076293945,868236,,
2025-03-24,58.97089385986328,68.4000015258789,70.5,66.0999984741211,66.69999694824219,2430228,,
2025-03-25,57.677669525146484,66.9000015258789,70.0,66.80000305175781,68.69999694824219,1412071,,
2025-03-26,58.626033782958984,68.0,68.0,66.80000305175781,67.0,1348261,,
2025-03-27,55.43677520751953,59.099998474121094,62.29999923706055,59.0,62.29999923706055,998902,,
2025-03-28,50.84049606323242,54.20000076293945,58.099998474121094,53.900001525878906,57.599998474121094,833167,,
2025-03-31,47.93264389038086,51.099998474121094,53.20000076293945,50.400001525878906,52.0,624095,,
2025-04-01,48.68305969238281,51.900001525878906,52.5,50.5,52.099998474121094,408093,,
2025-04-02,48.49545669555664,51.70000076293945,52.20000076293945,50.70000076293945,51.599998474121094,382100,,
2025-04-07,43.664669036865234,46.54999923706055,46.54999923706055,46.54999923706055,46.54999923706055,146177,,
2025-04-08,40.94442367553711,43.650001525878906,44.349998474121094,42.0,44.04999923706055,690500,,
2025-04-09,38.45867919921875,41.0,43.79999923706055,41.0,43.79999923706055,431370,,
2025-04-10,42.304542541503906,45.099998474121094,45.099998474121094,45.0,45.0,208201,,
2025-04-11,46.52561950683594,49.599998474121094,49.599998474121094,44.5,45.150001525878906,496126,,
2025-04-14,48.49545669555664,51.70000076293945,54.0,50.0,50.0,522300,,
2025-04-15,48.96446228027344,52.20000076293945,53.099998474121094,51.70000076293945,52.400001525878906,260182,,
2025-04-16,48.02644729614258,51.20000076293945,52.099998474121094,51.0,52.0,141069,,
2025-04-17,48.589256286621094,51.79999923706055,52.0,50.29999923706055,51.599998474121094,130125,,
2025-04-18,48.3078498840332,51.5,53.79999923706055,51.5,53.79999923706055,128105,,
2025-04-21,47.557437896728516,50.70000076293945,51.5,50.70000076293945,51.5,79150,,
2025-04-22,46.80702590942383,49.900001525878906,51.0,49.900001525878906,50.0,152296,,
2025-04-23,47.27603530883789,50.400001525878906,51.29999923706055,50.400001525878906,50.900001525878906,81000,,
2025-04-24,47.4636344909668,50.599998474121094,50.900001525878906,50.5,50.900001525878906,34015,,
2025-04-25,47.65123748779297,50.79999923706055,52.099998474121094,50.599998474121094,51.099998474121094,88020,,
2025-04-28,48.87065887451172,52.099998474121094,52.099998474121094,50.5,51.900001525878906,142008,,
2025-04-29,49.52727127075195,52.79999923706055,53.5,52.0,52.5,260020,,
2025-04-30,49.62107467651367,52.900001525878906,53.400001525878906,52.79999923706055,52.900001525878906,90200,,
2025-05-02,50.46529006958008,53.79999923706055,54.20000076293945,53.0,53.400001525878906,176034,,
2025-05-05,49.996280670166016,53.29999923706055,53.79999923706055,52.099998474121094,53.20000076293945,114255,,
2025-05-06,49.4334716796875,52.70000076293945,53.20000076293945,52.400001525878906,52.70000076293945,75100,,
2025-05-07,49.058265686035156,52.29999923706055,52.79999923706055,52.29999923706055,52.29999923706055,64048,,
2025-05-08,49.33966827392578,52.599998474121094,53.29999923706055,52.5,52.900001525878906,65145,,
2025-05-09,49.62107467651367,52.900001525878906,53.29999923706055,52.400001525878906,53.29999923706055,61000,,
2025-05-12,49.90248107910156,53.20000076293945,53.79999923706055,52.900001525878906,52.900001525878906,107447,,
2025-05-13,50.65289306640625,54.0,56.0,53.5,56.0,290005,,
2025-05-14,51.872314453125,55.29999923706055,55.900001525878906,53.5,54.0,315250,,
2025-05-15,52.99793243408203,56.5,57.0,55.400001525878906,55.900001525878906,316045,,
2025-05-16,55.155372619628906,58.79999923706055,59.099998474121094,56.5,56.5,505493,,
2025-05-19,55.43677520751953,59.099998474121094,61.599998474121094,59.099998474121094,59.70000076293945,470000,,
2025-05-20,54.02975082397461,57.599998474121094,60.0,57.599998474121094,59.20000076293945,279100,,
2025-05-21,54.40496063232422,58.0,59.0,58.0,58.099998474121094,178052,,
2025-05-22,54.21735382080078,57.79999923706055,58.5,57.099998474121094,58.0,165300,,
2025-05-23,54.78016662597656,58.400001525878906,58.599998474121094,57.900001525878906,57.900001525878906,74000,,
2025-05-26,54.3111572265625,57.900001525878906,58.70000076293945,57.599998474121094,58.29999923706055,63005,,
2025-05-27,53.8421516418457,57.400001525878906,58.70000076293945,56.79999923706055,58.099998474121094,101005,,
2025-05-28,52.99793243408203,56.5,58.29999923706055,56.400001525878906,58.20000076293945,136000,,
2025-05-29,52.528926849365234,56.0,57.400001525878906,56.0,56.5,77040,,
2025-06-02,52.62272644042969,56.099998474121094,57.20000076293945,56.0,57.20000076293945,141061,,
2025-06-03,54.02975082397461,57.599998474121094,58.599998474121094,56.29999923706055,56.900001525878906,179007,,
2025-06-04,54.686363220214844,58.29999923706055,59.0,57.900001525878906,58.0,172005,,
2025-06-05,53.27933883666992,56.79999923706055,58.20000076293945,56.400001525878906,58.0,152000,,
2025-06-06,52.528926849365234,56.0,56.79999923706055,56.0,56.79999923706055,133000,,
2025-06-09,51.12190246582031,54.5,56.0,54.20000076293945,56.0,234200,,
2025-06-10,51.40330505371094,54.79999923706055,55.29999923706055,54.79999923706055,54.900001525878906,86005,,
2025-06-11,51.77851486206055,55.20000076293945,55.900001525878906,54.900001525878906,55.900001525878906,100000,,
2025-06-12,51.68471145629883,55.099998474121094,55.599998474121094,54.70000076293945,54.79999923706055,83035,,
2025-06-13,51.12190246582031,54.5,55.29999923706055,54.29999923706055,54.900001525878906,104000,,
2025-06-16,50.090084075927734,53.400001525878906,54.20000076293945,53.099998474121094,54.0,96220,,
2025-06-17,49.808677673339844,53.099998474121094,53.70000076293945,52.29999923706055,52.400001525878906,112005,,
2025-06-18,50.7466926574707,54.099998474121094,54.5,53.20000076293945,53.20000076293945,210048,,
2025-06-19,49.996280670166016,53.29999923706055,54.599998474121094,53.29999923706055,54.599998474121094,106056,,
2025-06-20,49.52727127075195,52.79999923706055,53.0,52.099998474121094,52.79999923706055,90600,,
2025-06-23,49.152069091796875,52.400001525878906,52.79999923706055,51.900001525878906,52.70000076293945,86000,,
2025-06-24,50.46529006958008,53.79999923706055,54.5,52.70000076293945,52.900001525878906,84007,,
2025-06-25,50.46529006958008,53.79999923706055,54.70000076293945,53.599998474121094,54.5,54055,,
2025-06-26,50.84049606323242,54.20000076293945,54.599998474121094,53.79999923706055,53.79999923706055,46005,,
2025-06-27,50.934295654296875,54.29999923706055,54.29999923706055,53.5,53.5,52005,,
2025-06-30,50.46529006958008,53.79999923706055,54.70000076293945,53.79999923706055,54.0,57133,,
2025-07-01,50.27768325805664,53.599998474121094,54.599998474121094,53.5,54.599998474121094,55005,,
2025-07-02,50.371490478515625,53.70000076293945,53.79999923706055,53.5,53.5,36010,,
2025-07-03,51.68471145629883,55.099998474121094,55.20000076293945,53.70000076293945,53.70000076293945,151520,,
2025-07-04,52.3413200378418,55.79999923706055,56.400001525878906,55.0,56.400001525878906,177200,,
2025-07-07,51.215702056884766,54.599998474121094,55.900001525878906,54.400001525878906,55.900001525878906,66004,,
2025-07-08,50.84049606323242,54.20000076293945,55.29999923706055,54.099998474121094,54.599998474121094,54000,,
2025-07-09,51.309505462646484,54.70000076293945,54.79999923706055,54.0,54.0,34033,,
2025-07-10,51.309505462646484,54.70000076293945,55.20000076293945,54.599998474121094,55.099998474121094,69050,,
2025-07-11,51.215702056884766,54.599998474121094,55.0,54.0,54.0,68010,,
2025-07-14,51.309505462646484,54.70000076293945,54.79999923706055,54.5,54.599998474121094,17000,,
2025-07-15,51.309505462646484,54.70000076293945,54.79999923706055,54.099998474121094,54.70000076293945,47510,,
2025-07-16,52.05991744995117,55.5,55.70000076293945,54.70000076293945,54.70000076293945,89210,,
2025-07-17,52.247520446777344,55.70000076293945,55.79999923706055,55.20000076293945,55.5,69132,,
2025-07-18,51.77851486206055,55.20000076293945,55.70000076293945,55.099998474121094,55.5,49025,,
2025-07-21,51.872314453125,55.29999923706055,55.70000076293945,55.20000076293945,55.20000076293945,45100,,
2025-07-22,51.12190246582031,54.5,55.599998474121094,54.20000076293945,55.29999923706055,107006,,
2025-07-23,51.96611785888672,55.400001525878906,55.5,54.599998474121094,54.599998474121094,49080,,
2025-07-24,52.247520446777344,55.70000076293945,56.099998474121094,55.29999923706055,55.29999923706055,74200,,
2025-07-25,51.96611785888672,55.400001525878906,56.0,55.29999923706055,56.0,17433,,
2025-07-28,51.59090805053711,55.0,55.900001525878906,55.0,55.400001525878906,62000,,
2025-07-29,50.7466926574707,54.099998474121094,55.0,53.599998474121094,55.0,91034,,
2025-07-30,51.12190246582031,54.5,54.79999923706055,54.29999923706055,54.400001525878906,54005,,
2025-07-31,51.68471145629883,55.099998474121094,55.099998474121094,54.5,54.5,39255,,
2025-08-04,51.215702056884766,54.599998474121094,54.900001525878906,54.099998474121094,54.900001525878906,55396,,
2025-08-05,51.497108459472656,54.900001525878906,55.099998474121094,54.29999923706055,54.599998474121094,69000,,
2025-08-06,51.68471145629883,55.099998474121094,55.5,54.79999923706055,54.79999923706055,101200,,
2025-08-07,51.68471145629883,55.099998474121094,55.400001525878906,54.79999923706055,55.400001525878906,50065,,
2025-08-08,50.371490478515625,53.70000076293945,54.599998474121094,53.099998474121094,54.599998474121094,189004,,
2025-08-11,49.24586868286133,52.5,53.900001525878906,52.5,53.900001525878906,280000,,
2025-08-12,48.21405029296875,51.400001525878906,52.5,51.0,52.5,317020,,
2025-08-13,48.21405029296875,51.400001525878906,51.900001525878906,51.20000076293945,51.79999923706055,124000,,
2025-08-14,48.40165328979492,51.599998474121094,51.70000076293945,51.0,51.29999923706055,105200,,
2025-08-15,49.33966827392578,52.599998474121094,56.5,52.5,56.5,263005,,
2025-08-18,49.152069091796875,52.400001525878906,53.400001525878906,52.400001525878906,52.70000076293945,151050,,
2025-08-19,49.058265686035156,52.29999923706055,52.79999923706055,52.20000076293945,52.5,69005,,
2025-08-20,48.49545669555664,51.70000076293945,52.5,51.5,52.5,70000,,
2025-08-21,50.18388366699219,53.5,53.599998474121094,52.20000076293945,52.20000076293945,196043,,
2025-08-22,49.71487808227539,53.0,53.79999923706055,52.79999923706055,53.599998474121094,74006,,
2025-08-25,50.27768325805664,53.599998474121094,54.0,53.20000076293945,53.400001525878906,160020,,
2025-08-26,49.996280670166016,53.29999923706055,53.5,53.0,53.5,40012,,
2025-08-27,50.5590934753418,53.900001525878906,56.20000076293945,53.29999923706055,53.29999923706055,159005,,
2025-08-28,50.934295654296875,54.29999923706055,55.0,53.900001525878906,53.900001525878906,80205,,
2025-08-29,50.5590934753418,53.900001525878906,54.599998474121094,53.79999923706055,54.29999923706055,87040,,
2025-09-01,49.90248107910156,53.20000076293945,54.400001525878906,53.0,54.400001525878906,96005,,
2025-09-02,50.27768325805664,53.599998474121094,53.79999923706055,53.099998474121094,53.20000076293945,39322,,
2025-09-03,49.996280670166016,53.29999923706055,53.900001525878906,53.20000076293945,53.599998474121094,77054,,
2025-09-04,49.996280670166016,53.29999923706055,53.900001525878906,53.20000076293945,53.900001525878906,57010,,
2025-09-05,49.808677673339844,53.099998474121094,53.5,53.099998474121094,53.400001525878906,52200,,
2025-09-08,49.4334716796875,52.70000076293945,53.20000076293945,52.5,53.099998474121094,55099,,
2025-09-09,49.52727127075195,52.79999923706055,53.0,52.70000076293945,52.70000076293945,41005,,
2025-09-10,49.4334716796875,52.70000076293945,52.79999923706055,52.29999923706055,52.5,36000,,
2025-09-11,48.68305969238281,51.900001525878906,55.099998474121094,51.79999923706055,52.5,169110,,
2025-09-12,48.68305969238281,51.900001525878906,52.400001525878906,51.79999923706055,52.20000076293945,93009,,
2025-09-15,48.40165328979492,51.599998474121094,52.099998474121094,51.5,52.0,118100,,
2025-09-16,48.3078498840332,51.5,51.900001525878906,51.29999923706055,51.599998474121094,85039,,
2025-09-17,48.87065887451172,52.099998474121094,52.79999923706055,51.5,51.599998474121094,66020,,
2025-09-18,48.49545669555664,51.70000076293945,52.0,51.20000076293945,51.20000076293945,88021,,
2025-09-19,48.589256286621094,51.79999923706055,51.79999923706055,51.5,51.70000076293945,54500,,
2025-09-22,48.40165328979492,51.599998474121094,51.70000076293945,51.5,51.599998474121094,45361,,
2025-09-23,47.74504470825195,50.900001525878906,51.599998474121094,50.79999923706055,51.599998474121094,153050,,
2025-09-24,47.74504470825195,50.900001525878906,51.29999923706055,50.79999923706055,50.900001525878906,41255,,
2025-09-25,47.838844299316406,51.0,51.099998474121094,50.79999923706055,51.0,66005,,
2025-09-26,47.08843231201172,50.20000076293945,51.0,50.0,51.0,95012,,
2025-09-30,47.18223190307617,50.29999923706055,50.5,50.099998474121094,50.099998474121094,63030,,
2025-10-01,47.08843231201172,50.20000076293945,51.099998474121094,50.20000076293945,50.29999923706055,60001,,
2025-10-02,47.08843231201172,50.20000076293945,50.5,50.20000076293945,50.5,24000,,
2025-10-03,47.27603530883789,50.400001525878906,50.5,50.20000076293945,50.20000076293945,35005,,
2025-10-07,47.27603530883789,50.400001525878906,50.5,50.099998474121094,50.400001525878906,65015,,
2025-10-08,47.4636344909668,50.599998474121094,50.599998474121094,50.400001525878906,50.400001525878906,51046,,
2025-10-09,47.557437896728516,50.70000076293945,51.0,50.599998474121094,50.70000076293945,39000,,
2025-10-13,47.4636344909668,50.599998474121094,50.70000076293945,50.400001525878906,50.70000076293945,38000,,
2025-10-14,47.65123748779297,50.79999923706055,51.29999923706055,50.599998474121094,50.70000076293945,60000,,
2025-10-15,47.74504470825195,50.900001525878906,51.099998474121094,50.900001525878906,51.0,36010,,
2025-10-16,47.838844299316406,51.0,51.0,50.70000076293945,51.0,24000,,
2025-10-17,47.93264389038086,51.099998474121094,51.099998474121094,51.0,51.0,27000,,
2025-10-20,47.4636344909668,50.599998474121094,51.099998474121094,50.400001525878906,51.099998474121094,19000,,
2025-10-21,47.65123748779297,50.79999923706055,50.79999923706055,50.5,50.599998474121094,45001,,
2025-10-22,47.557437896728516,50.70000076293945,51.0,50.5,51.0,41301,,
2025-10-23,47.74504470825195,50.900001525878906,51.20000076293945,50.29999923706055,50.70000076293945,47005,,
2025-10-27,47.74504470825195,50.900001525878906,51.0,50.599998474121094,51.0,29000,,
2025-10-28,47.65123748779297,50.79999923706055,50.900001525878906,50.599998474121094,50.900001525878906,25000,,
2025-10-29,47.18223190307617,50.29999923706055,50.79999923706055,50.29999923706055,50.79999923706055,45201,,
2025-10-30,46.80702590942383,49.900001525878906,50.5,49.900001525878906,50.29999923706055,150010,,
2025-10-31,46.994625091552734,50.099998474121094,50.20000076293945,49.900001525878906,49.900001525878906,31005,,
2025-11-03,47.18223190307617,50.29999923706055,50.29999923706055,50.099998474121094,50.099998474121094,25005,,
2025-11-04,46.994625091552734,50.099998474121094,50.400001525878906,50.099998474121094,50.400001525878906,16000,,
2025-11-05,47.27603530883789,50.400001525878906,50.400001525878906,49.95000076293945,50.0,42046,,
2025-11-06,47.65123748779297,50.79999923706055,51.099998474121094,50.599998474121094,50.599998474121094,29100,,
2025-11-07,47.838844299316406,51.0,51.400001525878906,50.599998474121094,50.79999923706055,36000,,
2025-11-10,47.65123748779297,50.79999923706055,51.400001525878906,50.5,51.29999923706055,57150,,
2025-11-11,47.65123748779297,50.79999923706055,51.20000076293945,50.5,50.5,20010,,
2025-11-12,47.93264389038086,51.099998474121094,51.29999923706055,50.29999923706055,50.79999923706055,69000,,
2025-11-13,47.4636344909668,50.599998474121094,51.29999923706055,50.5,51.29999923706055,28024,,
2025-11-14,47.557437896728516,50.70000076293945,50.79999923706055,50.5,50.599998474121094,32010,,
2025-11-17,47.08843231201172,50.20000076293945,50.599998474121094,50.0,50.5,64019,,
2025-11-18,47.18223190307617,50.29999923706055,50.400001525878906,49.70000076293945,50.0,97005,,
2025-11-19,46.71322250366211,49.79999923706055,50.29999923706055,49.5,50.29999923706055,60102,,
2025-11-20,46.76012420654297,49.849998474121094,50.099998474121094,49.79999923706055,50.0,25115,,
2025-11-21,46.619422912597656,49.70000076293945,50.0,49.70000076293945,49.70000076293945,25020,,
2025-11-24,46.66632080078125,49.75,50.5,49.75,50.0,17055,,
2025-11-25,46.85392761230469,49.95000076293945,50.0,49.75,49.75,9000,,
2025-11-26,47.18223190307617,50.29999923706055,50.5,50.0,50.5,27005,,
2025-11-27,47.838844299316406,51.0,51.0,50.5,50.5,41005,,
2025-11-28,47.557437896728516,50.70000076293945,51.0,50.5,51.0,17111,,
2025-12-01,47.4636344909668,50.599998474121094,51.20000076293945,50.400001525878906,50.70000076293945,18005,,
2025-12-02,47.557437896728516,50.70000076293945,50.79999923706055,50.0,50.599998474121094,23005,,
2025-12-03,47.838844299316406,51.0,51.0,50.5,50.70000076293945,35020,,
2025-12-04,47.838844299316406,51.0,51.0,50.5,51.0,9020,,
2025-12-05,47.74504470825195,50.900001525878906,51.0,50.79999923706055,51.0,28100,,
2025-12-08,48.02644729614258,51.20000076293945,51.29999923706055,50.900001525878906,51.099998474121094,70745,,
2025-12-09,48.02644729614258,51.20000076293945,51.20000076293945,51.099998474121094,51.20000076293945,7000,,
2025-12-10,48.02644729614258,51.20000076293945,51.400001525878906,50.900001525878906,51.099998474121094,17005,,
2025-12-11,47.557437896728516,50.70000076293945,51.099998474121094,50.599998474121094,50.900001525878906,34000,,
2025-12-12,47.4636344909668,50.599998474121094,51.099998474121094,50.29999923706055,50.5,25000,,
2025-12-15,47.18223190307617,50.29999923706055,50.70000076293945,50.29999923706055,50.29999923706055,13110,,
2025-12-16,47.18223190307617,50.29999923706055,50.79999923706055,50.099998474121094,50.29999923706055,21000,,
2025-12-17,47.18223190307617,50.29999923706055,50.79999923706055,50.20000076293945,50.29999923706055,19000,,
2025-12-18,47.27603530883789,50.400001525878906,50.70000076293945,50.20000076293945,50.29999923706055,22203,,
2025-12-19,47.4636344909668,50.599998474121094,50.70000076293945,50.400001525878906,50.400001525878906,13005,,
2025-12-22,47.557437896728516,50.70000076293945,50.900001525878906,50.599998474121094,50.599998474121094,40005,,
2025-12-23,47.65123748779297,50.79999923706055,50.900001525878906,50.70000076293945,50.70000076293945,23005,,
2025-12-24,47.557437896728516,50.70000076293945,51.29999923706055,50.70000076293945,50.900001525878906,19020,,
2025-12-26,47.4636344909668,50.599998474121094,50.900001525878906,50.5,50.70000076293945,27005,,
2025-12-29,47.4636344909668,50.599998474121094,50.70000076293945,50.599998474121094,50.70000076293945,31010,,
2025-12-30,47.08843231201172,50.20000076293945,50.5,50.099998474121094,50.5,47005,,
2025-12-31,47.18223190307617,50.29999923706055,50.5,50.20000076293945,50.5,17044,,
2026-01-02,47.08843231201172,50.20000076293945,50.5,50.0,50.099998474121094,92005,,
2026-01-05,46.66632080078125,49.75,50.20000076293945,49.400001525878906,50.20000076293945,163006,,
2026-01-06,46.5725212097168,49.650001525878906,49.900001525878906,49.29999923706055,49.900001525878906,54200,,
2026-01-07,46.76012420654297,49.849998474121094,50.0,48.79999923706055,48.79999923706055,61005,,
2026-01-08,46.90082550048828,50.0,50.0,49.650001525878906,49.849998474121094,33001,,
2026-01-09,46.90082550048828,50.0,50.20000076293945,49.95000076293945,50.0,29020,,
2026-01-12,47.27603530883789,50.400001525878906,50.400001525878906,50.20000076293945,50.29999923706055,68005,,
2026-01-13,47.27603530883789,50.400001525878906,50.400001525878906,49.900001525878906,50.400001525878906,62005,,
2026-01-14,47.4636344909668,50.599998474121094,50.70000076293945,50.400001525878906,50.599998474121094,67020,,
2026-01-15,47.369834899902344,50.5,50.599998474121094,50.20000076293945,50.599998474121094,19005,,
2026-01-16,47.27603530883789,50.400001525878906,50.400001525878906,50.0,50.099998474121094,46305,,
2026-01-19,46.994625091552734,50.099998474121094,50.29999923706055,49.900001525878906,50.099998474121094,87005,,
2026-01-20,47.18223190307617,50.29999923706055,50.29999923706055,49.95000076293945,50.099998474121094,40005,,
2026-01-21,47.93264389038086,51.099998474121094,51.29999923706055,50.0,50.0,179058,,
2026-01-22,47.65123748779297,50.79999923706055,51.5,50.79999923706055,51.400001525878906,61000,,
2026-01-23,47.74504470825195,50.900001525878906,51.099998474121094,50.599998474121094,50.599998474121094,49500,,
2026-01-26,47.557437896728516,50.70000076293945,51.0,50.400001525878906,51.0,50103,,
2026-01-27,47.65123748779297,50.79999923706055,51.0,50.5,50.5,50000,,
2026-01-28,47.557437896728516,50.70000076293945,51.0,50.599998474121094,50.900001525878906,43005,,
2026-01-29,47.4636344909668,50.599998474121094,50.70000076293945,50.400001525878906,50.70000076293945,36124,,
2026-01-30,47.27603530883789,50.400001525878906,50.79999923706055,50.400001525878906,50.599998474121094,32100,,
2026-02-02,47.27603530883789,50.400001525878906,50.70000076293945,50.29999923706055,50.70000076293945,33000,,
2026-02-03,47.27603530883789,50.400001525878906,50.599998474121094,50.29999923706055,50.400001525878906,27000,,
2026-02-04,47.27603530883789,50.400001525878906,50.599998474121094,50.29999923706055,50.29999923706055,19051,,
2026-02-05,47.838844299316406,51.0,51.099998474121094,50.400001525878906,50.5,24005,,
2026-02-06,47.74504470825195,50.900001525878906,51.0,50.5,51.0,31000,,
2026-02-09,47.27603530883789,50.400001525878906,51.0,50.400001525878906,51.0,37020,,
2026-02-10,47.4636344909668,50.599998474121094,50.599998474121094,50.5,50.5,12120,,
2026-02-11,47.18223190307617,50.29999923706055,50.599998474121094,50.29999923706055,50.599998474121094,46029,,
2026-02-23,47.65123748779297,50.79999923706055,50.79999923706055,50.5,50.5,49005,,
2026-02-24,47.74504470825195,50.900001525878906,51.0,50.29999923706055,50.29999923706055,75122,,
2026-02-25,47.74504470825195,50.900001525878906,51.099998474121094,50.79999923706055,51.0,78180,,
2026-02-26,48.21405029296875,51.400001525878906,51.5,50.900001525878906,51.5,99220,,
2026-03-02,48.40165328979492,51.599998474121094,51.599998474121094,50.599998474121094,51.400001525878906,51000,,
2026-03-03,48.02644729614258,51.20000076293945,51.599998474121094,51.0,51.599998474121094,57020,,
2026-03-04,47.18223190307617,50.29999923706055,51.0,50.0,51.0,72010,,
2026-03-05,48.12024688720703,51.29999923706055,51.5,50.29999923706055,50.29999923706055,76005,,
2026-03-06,47.74504470825195,50.900001525878906,51.599998474121094,50.70000076293945,51.5,49013,,
2026-03-09,46.90082550048828,50.0,50.900001525878906,50.0,50.900001525878906,98000,,
2026-03-10,47.08843231201172,50.20000076293945,50.599998474121094,50.099998474121094,50.099998474121094,32000,,
2026-03-11,47.4636344909668,50.599998474121094,50.79999923706055,50.400001525878906,50.5,26005,,
2026-03-12,47.18223190307617,50.29999923706055,50.599998474121094,50.0,50.0,70207,,
2026-03-13,46.994625091552734,50.099998474121094,50.5,49.900001525878906,50.5,81000,,
2026-03-16,46.994625091552734,50.099998474121094,50.5,49.95000076293945,50.20000076293945,106005,,
2026-03-17,47.08843231201172,50.20000076293945,50.29999923706055,50.099998474121094,50.099998474121094,31000,,
2026-03-18,46.80702590942383,49.900001525878906,50.400001525878906,49.70000076293945,50.400001525878906,106001,,
2026-03-19,46.85392761230469,49.95000076293945,50.0,49.900001525878906,49.900001525878906,54010,,
2026-03-20,46.66632080078125,49.75,50.0,49.75,50.0,74010,,
2026-03-23,46.619422912597656,49.70000076293945,50.0,49.650001525878906,49.75,80000,,
2026-03-24,46.103515625,49.150001525878906,50.0,48.5,49.70000076293945,65000,,
2026-03-25,45.400001525878906,48.400001525878906,49.5,48.400001525878906,49.150001525878906,163030,,
2026-03-26,46.5,46.5,47.0,45.5,47.0,79010,,
2026-03-27,46.0,46.0,46.79999923706055,46.0,46.79999923706055,19000,,
2026-03-30,45.5,45.5,46.0,45.04999923706055,46.0,55000,,
2026-03-31,44.0,44.0,45.599998474121094,44.0,45.599998474121094,66020,,
2026-04-01,44.04999923706055,44.04999923706055,44.5,44.0,44.5,29000,,
2026-04-02,43.04999923706055,43.04999923706055,44.04999923706055,43.0,44.04999923706055,68000,,
2026-04-07,41.150001525878906,41.150001525878906,43.0,41.0,43.0,75059,,
2026-04-08,41.04999923706055,41.04999923706055,41.29999923706055,40.5,41.150001525878906,77000,,
2026-04-09,41.54999923706055,41.54999923706055,42.0,41.099998474121094,41.099998474121094,46050,,
2026-04-10,41.75,41.75,42.599998474121094,41.54999923706055,41.650001525878906,43009,,
2026-04-13,45.5,45.5,45.849998474121094,41.75,41.75,178110,,
2026-04-14,45.79999923706055,45.79999923706055,47.95000076293945,45.5,47.95000076293945,103050,,
2026-04-15,45.099998474121094,45.099998474121094,46.849998474121094,45.099998474121094,46.849998474121094,62002,,
2026-04-16,44.79999923706055,44.79999923706055,45.20000076293945,44.599998474121094,45.099998474121094,50020,,
2026-04-17,44.20000076293945,44.20000076293945,44.70000076293945,44.0,44.70000076293945,44000,,
2026-04-20,43.099998474121094,43.099998474121094,43.900001525878906,42.95000076293945,43.099998474121094,100000,,
2026-04-21,43.29999923706055,43.29999923706055,43.5,43.20000076293945,43.20000076293945,46050,,
2026-04-22,43.79999923706055,43.79999923706055,45.79999923706055,43.400001525878906,45.79999923706055,78000,,
2026-04-23,43.0,43.0,43.5,43.0,43.5,34000,,
2026-04-24,42.5,42.5,43.650001525878906,42.5,43.650001525878906,22020,,
2026-04-27,41.25,41.25,42.5,40.54999923706055,42.5,61000,,
2026-04-28,41.099998474121094,41.099998474121094,41.25,40.599998474121094,40.599998474121094,47025,,
2026-04-29,41.099998474121094,41.099998474121094,41.20000076293945,41.099998474121094,41.20000076293945,34000,,
2026-04-30,40.849998474121094,40.849998474121094,41.20000076293945,40.79999923706055,41.20000076293945,34021,,
2026-05-04,41.099998474121094,41.099998474121094,41.099998474121094,40.650001525878906,40.849998474121094,66000,,
2026-05-05,41.20000076293945,41.20000076293945,41.5,41.099998474121094,41.099998474121094,50041,,
2026-05-06,41.5,41.5,42.900001525878906,41.29999923706055,42.900001525878906,52000,,
2026-05-07,41.5,41.5,41.5,40.900001525878906,41.5,64005,,
2026-05-08,41.599998474121094,41.599998474121094,41.75,41.5,41.5,63283,,
2026-05-11,42.400001525878906,42.400001525878906,42.599998474121094,41.650001525878906,41.650001525878906,41064,,
2026-05-12,41.75,41.75,42.400001525878906,41.650001525878906,42.400001525878906,33370,,
2026-05-13,40.849998474121094,40.849998474121094,41.5,40.5,41.5,99423,,
2026-05-14,40.5,40.5,41.0,40.5,40.849998474121094,92200,,
2026-05-15,40.45000076293945,40.45000076293945,41.0,40.45000076293945,41.0,75001,,
2026-05-18,39.95000076293945,39.95000076293945,40.45000076293945,39.900001525878906,40.45000076293945,48000,,
2026-05-19,39.900001525878906,39.900001525878906,40.0,39.900001525878906,39.95000076293945,73000,,
2026-05-20,40.0,40.0,40.0,39.79999923706055,39.900001525878906,47001,,
2026-05-21,39.599998474121094,39.599998474121094,40.0,39.349998474121094,39.95000076293945,87213,,
2026-05-22,39.349998474121094,39.349998474121094,39.349998474121094,39.04999923706055,39.099998474121094,95013,,
2026-05-25,38.75,38.75,39.25,38.650001525878906,39.25,176076,,
2026-05-26,38.79999923706055,38.79999923706055,39.099998474121094,38.599998474121094,39.0,90000,,
2026-05-27,38.150001525878906,38.150001525878906,38.79999923706055,38.0,38.79999923706055,121316,,
2026-05-28,37.95000076293945,37.95000076293945,38.099998474121094,37.849998474121094,38.099998474121094,88100,,
2026-05-29,38.20000076293945,38.20000076293945,38.5,38.0,38.5,45018,,
2026-06-01,38.20000076293945,38.20000076293945,38.45000076293945,38.0,38.20000076293945,61010,,
2026-06-02,38.54999923706055,38.54999923706055,38.599998474121094,38.20000076293945,38.20000076293945,55000,,
2026-06-03,39.45000076293945,39.45000076293945,39.5,38.95000076293945,39.0,96010,,
2026-06-04,38.900001525878906,38.900001525878906,39.5,38.79999923706055,39.5,40114,,
2026-06-05,38.75,38.75,39.150001525878906,38.150001525878906,38.900001525878906,32044,,
2026-06-08,38.70000076293945,38.70000076293945,38.70000076293945,38.0,38.54999923706055,51180,,
2026-06-09,38.29999923706055,38.29999923706055,38.70000076293945,38.20000076293945,38.70000076293945,31230,,
2026-06-10,38.0,38.0,38.650001525878906,37.70000076293945,38.29999923706055,79030,,
2026-06-11,37.79999923706055,37.79999923706055,38.04999923706055,37.5,38.0,62080,,
2026-06-12,38.0,38.0,38.0,37.79999923706055,37.79999923706055,38052,,
2026-06-15,38.099998474121094,38.099998474121094,38.20000076293945,37.849998474121094,38.0,57000,,
2026-06-16,38.0,38.0,38.099998474121094,37.95000076293945,38.099998474121094,51103,,
2026-06-17,38.0,38.0,38.0,37.599998474121094,38.0,63001,,
2026-06-18,37.599998474121094,37.599998474121094,38.0,37.20000076293945,38.0,102000,,
2026-06-22,36.650001525878906,36.650001525878906,37.650001525878906,36.54999923706055,37.650001525878906,164200,,
2026-06-23,36.25,36.25,36.599998474121094,36.25,36.599998474121094,62000,,
2026-06-24,36.45000076293945,36.45000076293945,36.5,36.0,36.25,43001,,
2026-06-25,36.400001525878906,36.400001525878906,36.400001525878906,36.150001525878906,36.349998474121094,40138,,
2026-06-26,35.95000076293945,35.95000076293945,36.45000076293945,35.95000076293945,36.400001525878906,50000,,
2026-06-29,35.70000076293945,35.70000076293945,35.849998474121094,35.599998474121094,35.849998474121094,34041,,
2026-06-30,35.25,35.25,35.5,35.0,35.5,50051,,
2026-07-01,36.79999923706055,36.79999923706055,37.0,34.04999923706055,35.0,138000,,
2026-07-02,38.20000076293945,38.20000076293945,38.20000076293945,35.599998474121094,35.599998474121094,47100,,
2026-07-03,37.5,37.5,38.20000076293945,37.400001525878906,38.20000076293945,25176,,
2026-07-06,37.0,37.0,38.04999923706055,36.79999923706055,38.04999923706055,42020,,
2026-07-07,37.400001525878906,37.400001525878906,37.400001525878906,36.70000076293945,36.70000076293945,34005,,
2026-07-08,36.599998474121094,36.599998474121094,37.0,36.400001525878906,37.0,7129,,
2026-07-09,36.95000076293945,36.95000076293945,37.29999923706055,36.650001525878906,37.29999923706055,10000,,
2026-07-10,36.95000076293945,36.95000076293945,36.95000076293945,36.95000076293945,36.95000076293945,0,,
2026-07-13,36.25,36.25,37.0,36.25,37.0,20064,,
2026-07-14,35.70000076293945,35.70000076293945,37.400001525878906,35.349998474121094,37.400001525878906,39085,,
2026-07-15,35.599998474121094,35.599998474121094,36.0,34.79999923706055,35.5,22270,,
2026-07-16,36.0,36.0,36.0,35.599998474121094,35.599998474121094,10031,,
2026-07-17,35.599998474121094,35.599998474121094,36.0,35.5,36.0,29000,,
2026-07-20,35.45000076293945,35.45000076293945,35.650001525878906,35.400001525878906,35.5,17000,,
2026-07-21,35.0,35.0,35.5,34.900001525878906,35.0,24028,,
2026-07-22,35.099998474121094,35.099998474121094,35.150001525878906,35.0,35.099998474121094,18000,,
2026-07-23,35.25,35.25,37.54999923706055,35.0,35.099998474121094,65000,,
2026-07-24,35.20000076293945,35.20000076293945,35.45000076293945,35.150001525878906,35.45000076293945,10040,,
2026-07-27,35.25,35.25,36.29999923706055,35.099998474121094,36.29999923706055,32000,,
2026-07-28,34.75,34.75,35.599998474121094,34.75,35.150001525878906,30000,,
2026-07-29,34.20000076293945,34.20000076293945,34.75,34.0,34.75,36000,,
2026-07-30,34.099998474121094,34.099998474121094,35.349998474121094,34.099998474121094,35.349998474121094,42000,,
2026-07-31,34.900001525878906,34.900001525878906,35.04999923706055,34.70000076293945,35.0,29000,,
2026-08-03,35.0,35.0,35.04999923706055,34.20000076293945,34.20000076293945,49000,,
2026-08-04,34.849998474121094,34.849998474121094,35.0,34.849998474121094,35.0,22070,,
2026-08-05,35.45000076293945,35.45000076293945,35.5,34.79999923706055,35.5,9000,,
2026-08-06,35.599998474121094,35.599998474121094,35.79999923706055,35.150001525878906,35.45000076293945,34000,,
2026-08-07,35.45000076293945,35.45000076293945,36.70000076293945,35.45000076293945,35.79999923706055,20011,,
2026-08-10,35.4,35.4,35.95,35.15,35.95,24238,,
2026-08-11,35.3,35.3,35.65,35.1,35.65,6979,,
2026-08-12,36.15,36.15,36.15,35.35,35.35,28165,,
2026-08-13,36.8,36.8,36.9,36.0,36.0,27082,,
2026-08-14,36.79999923706055,36.79999923706055,37.0,36.599998474121094,37.0,7113,0.0,0.0
2026-08-17,36.75,36.75,36.79999923706055,36.70000076293945,36.79999923706055,9000,0.0,0.0
2026-08-18,36.29999923706055,36.29999923706055,36.70000076293945,36.25,36.599998474121094,25000,0.0,0.0
2026-08-19,36.25,36.25,36.75,36.0,36.0,14000,0.0,0.0
2026-08-20,36.25,36.25,36.25,36.25,36.25,3202,0.0,0.0
