Date,Adj Close,Close,High,Low,Open,Volume
2016-08-12,15.65,15.65,15.65,15.65,15.65,2010
2016-08-15,15.65,15.65,15.65,15.65,15.65,2010
2016-08-16,15.65,15.65,15.65,15.65,15.65,2010
2016-08-17,15.65,15.65,15.65,15.65,15.65,2010
2016-08-18,15.65,15.65,15.65,15.65,15.65,2010
2016-08-19,15.65,15.65,15.65,15.65,15.65,2010
2016-08-22,15.65,15.65,15.65,15.65,15.65,2010
2016-08-23,15.65,15.65,15.65,15.65,15.65,2010
2016-08-24,15.65,15.65,15.65,15.65,15.65,2010
2016-08-25,15.65,15.65,15.65,15.65,15.65,2010
2016-08-26,15.65,15.65,15.65,15.65,15.65,2010
2016-08-29,15.65,15.65,15.65,15.65,15.65,2010
2016-08-30,15.65,15.65,15.65,15.65,15.65,2010
2016-08-31,15.65,15.65,15.65,15.65,15.65,2010
2016-09-01,15.65,15.65,15.65,15.65,15.65,2010
2016-09-02,15.65,15.65,15.65,15.65,15.65,2010
2016-09-05,15.65,15.65,15.65,15.65,15.65,2010
2016-09-06,15.65,15.65,15.65,15.65,15.65,2010
2016-09-07,15.65,15.65,15.65,15.65,15.65,2010
2016-09-08,15.65,15.65,15.65,15.65,15.65,2010
2016-09-09,15.65,15.65,15.65,15.65,15.65,2010
2016-09-12,15.65,15.65,15.65,15.65,15.65,2010
2016-09-13,15.65,15.65,15.65,15.65,15.65,2010
2016-09-14,15.65,15.65,15.65,15.65,15.65,2010
2016-09-19,15.65,15.65,15.65,15.65,15.65,2010
2016-09-20,15.65,15.65,15.65,15.65,15.65,2010
2016-09-21,15.65,15.65,15.65,15.65,15.65,2010
2016-09-22,15.65,15.65,15.65,15.65,15.65,2010
2016-09-23,15.65,15.65,15.65,15.65,15.65,2010
2016-09-26,15.65,15.65,15.65,15.65,15.65,2010
2016-09-29,15.65,15.65,15.65,15.65,15.65,2010
2016-09-30,15.65,15.65,15.65,15.65,15.65,2010
2016-10-03,15.65,15.65,15.65,15.65,15.65,2010
2016-10-04,15.65,15.65,15.65,15.65,15.65,2010
2016-10-05,15.65,15.65,15.65,15.65,15.65,2010
2016-10-06,15.65,15.65,15.65,15.65,15.65,2010
2016-10-07,15.65,15.65,15.65,15.65,15.65,2010
2016-10-11,15.65,15.65,15.65,15.65,15.65,2010
2016-10-12,15.65,15.65,15.65,15.65,15.65,2010
2016-10-13,15.65,15.65,15.65,15.65,15.65,2010
2016-10-14,15.65,15.65,15.65,15.65,15.65,2010
2016-10-17,15.65,15.65,15.65,15.65,15.65,2010
2016-10-18,15.65,15.65,15.65,15.65,15.65,2010
2016-10-19,15.65,15.65,15.65,15.65,15.65,2010
2016-10-20,15.65,15.65,15.65,15.65,15.65,2010
2016-10-21,15.65,15.65,15.65,15.65,15.65,2010
2016-10-24,15.65,15.65,15.65,15.65,15.65,2010
2016-10-25,15.65,15.65,15.65,15.65,15.65,2010
2016-10-26,15.65,15.65,15.65,15.65,15.65,2010
2016-10-27,15.65,15.65,15.65,15.65,15.65,2010
2016-10-28,15.65,15.65,15.65,15.65,15.65,2010
2016-10-31,15.65,15.65,15.65,15.65,15.65,2010
2016-11-01,15.65,15.65,15.65,15.65,15.65,2010
2016-11-02,15.65,15.65,15.65,15.65,15.65,2010
2016-11-03,15.65,15.65,15.65,15.65,15.65,2010
2016-11-04,15.65,15.65,15.65,15.65,15.65,2010
2016-11-07,15.65,15.65,15.65,15.65,15.65,2010
2016-11-08,15.65,15.65,15.65,15.65,15.65,2010
2016-11-09,15.65,15.65,15.65,15.65,15.65,2010
2016-11-10,15.65,15.65,15.65,15.65,15.65,2010
2016-11-11,15.65,15.65,15.65,15.65,15.65,2010
2016-11-14,15.65,15.65,15.65,15.65,15.65,2010
2016-11-15,15.65,15.65,15.65,15.65,15.65,2010
2016-11-16,15.65,15.65,15.65,15.65,15.65,2010
2016-11-17,15.65,15.65,15.65,15.65,15.65,2010
2016-11-18,15.65,15.65,15.65,15.65,15.65,2010
2016-11-21,15.65,15.65,15.65,15.65,15.65,2010
2016-11-22,15.65,15.65,15.65,15.65,15.65,2010
2016-11-23,15.65,15.65,15.65,15.65,15.65,2010
2016-11-24,15.65,15.65,15.65,15.65,15.65,2010
2016-11-25,15.65,15.65,15.65,15.65,15.65,2010
2016-11-28,15.65,15.65,15.65,15.65,15.65,2010
2016-11-29,15.65,15.65,15.65,15.65,15.65,2010
2016-11-30,15.65,15.65,15.65,15.65,15.65,2010
2016-12-01,15.65,15.65,15.65,15.65,15.65,2010
2016-12-02,15.65,15.65,15.65,15.65,15.65,2010
2016-12-05,15.65,15.65,15.65,15.65,15.65,2010
2016-12-06,15.65,15.65,15.65,15.65,15.65,2010
2016-12-07,15.65,15.65,15.65,15.65,15.65,2010
2016-12-08,15.65,15.65,15.65,15.65,15.65,2010
2016-12-09,15.65,15.65,15.65,15.65,15.65,2010
2016-12-12,15.65,15.65,15.65,15.65,15.65,2010
2016-12-13,15.65,15.65,15.65,15.65,15.65,2010
2016-12-14,15.65,15.65,15.65,15.65,15.65,2010
2016-12-15,15.65,15.65,15.65,15.65,15.65,2010
2016-12-16,15.65,15.65,15.65,15.65,15.65,2010
2016-12-19,15.65,15.65,15.65,15.65,15.65,2010
2016-12-20,15.65,15.65,15.65,15.65,15.65,2010
2016-12-21,15.65,15.65,15.65,15.65,15.65,2010
2016-12-22,15.65,15.65,15.65,15.65,15.65,2010
2016-12-23,15.65,15.65,15.65,15.65,15.65,2010
2016-12-26,15.65,15.65,15.65,15.65,15.65,2010
2016-12-27,15.65,15.65,15.65,15.65,15.65,2010
2016-12-28,15.65,15.65,15.65,15.65,15.65,2010
2016-12-29,15.65,15.65,15.65,15.65,15.65,2010
2016-12-30,15.65,15.65,15.65,15.65,15.65,2010
2017-01-03,15.65,15.65,15.65,15.65,15.65,2010
2017-01-04,15.65,15.65,15.65,15.65,15.65,2010
2017-01-05,15.65,15.65,15.65,15.65,15.65,2010
2017-01-06,15.65,15.65,15.65,15.65,15.65,2010
2017-01-09,15.65,15.65,15.65,15.65,15.65,2010
2017-01-10,15.65,15.65,15.65,15.65,15.65,2010
2017-01-11,15.65,15.65,15.65,15.65,15.65,2010
2017-01-12,15.65,15.65,15.65,15.65,15.65,2010
2017-01-13,15.65,15.65,15.65,15.65,15.65,2010
2017-01-16,15.65,15.65,15.65,15.65,15.65,2010
2017-01-17,15.65,15.65,15.65,15.65,15.65,2010
2017-01-18,15.65,15.65,15.65,15.65,15.65,2010
2017-01-19,15.65,15.65,15.65,15.65,15.65,2010
2017-01-20,15.65,15.65,15.65,15.65,15.65,2010
2017-01-23,15.65,15.65,15.65,15.65,15.65,2010
2017-01-24,15.65,15.65,15.65,15.65,15.65,2010
2017-02-02,15.65,15.65,15.65,15.65,15.65,2010
2017-02-03,15.65,15.65,15.65,15.65,15.65,2010
2017-02-06,15.65,15.65,15.65,15.65,15.65,2010
2017-02-07,15.65,15.65,15.65,15.65,15.65,2010
2017-02-08,15.65,15.65,15.65,15.65,15.65,2010
2017-02-09,15.65,15.65,15.65,15.65,15.65,2010
2017-02-10,15.65,15.65,15.65,15.65,15.65,2010
2017-02-13,15.65,15.65,15.65,15.65,15.65,2010
2017-02-14,15.65,15.65,15.65,15.65,15.65,2010
2017-02-15,15.65,15.65,15.65,15.65,15.65,2010
2017-02-16,15.65,15.65,15.65,15.65,15.65,2010
2017-02-17,15.65,15.65,15.65,15.65,15.65,2010
2017-02-20,15.65,15.65,15.65,15.65,15.65,2010
2017-02-21,15.65,15.65,15.65,15.65,15.65,2010
2017-02-22,15.65,15.65,15.65,15.65,15.65,2010
2017-02-23,15.65,15.65,15.65,15.65,15.65,2010
2017-02-24,15.65,15.65,15.65,15.65,15.65,2010
2017-03-01,15.65,15.65,15.65,15.65,15.65,2010
2017-03-02,15.65,15.65,15.65,15.65,15.65,2010
2017-03-03,15.65,15.65,15.65,15.65,15.65,2010
2017-03-06,15.65,15.65,15.65,15.65,15.65,2010
2017-03-07,15.65,15.65,15.65,15.65,15.65,2010
2017-03-08,15.65,15.65,15.65,15.65,15.65,2010
2017-03-09,15.65,15.65,15.65,15.65,15.65,2010
2017-03-10,15.65,15.65,15.65,15.65,15.65,2010
2017-03-13,15.65,15.65,15.65,15.65,15.65,2010
2017-03-14,15.65,15.65,15.65,15.65,15.65,2010
2017-03-15,15.65,15.65,15.65,15.65,15.65,2010
2017-03-16,15.65,15.65,15.65,15.65,15.65,2010
2017-03-17,15.65,15.65,15.65,15.65,15.65,2010
2017-03-20,15.65,15.65,15.65,15.65,15.65,2010
2017-03-21,15.65,15.65,15.65,15.65,15.65,2010
2017-03-22,15.65,15.65,15.65,15.65,15.65,2010
2017-03-23,15.65,15.65,15.65,15.65,15.65,2010
2017-03-24,15.65,15.65,15.65,15.65,15.65,2010
2017-03-27,15.65,15.65,15.65,15.65,15.65,2010
2017-03-28,15.65,15.65,15.65,15.65,15.65,2010
2017-03-29,15.65,15.65,15.65,15.65,15.65,2010
2017-03-30,15.65,15.65,15.65,15.65,15.65,2010
2017-03-31,15.65,15.65,15.65,15.65,15.65,2010
2017-04-05,15.65,15.65,15.65,15.65,15.65,2010
2017-04-06,15.65,15.65,15.65,15.65,15.65,2010
2017-04-07,15.65,15.65,15.65,15.65,15.65,2010
2017-04-10,15.65,15.65,15.65,15.65,15.65,2010
2017-04-11,15.65,15.65,15.65,15.65,15.65,2010
2017-04-12,15.65,15.65,15.65,15.65,15.65,2010
2017-04-13,15.65,15.65,15.65,15.65,15.65,2010
2017-04-14,15.65,15.65,15.65,15.65,15.65,2010
2017-04-17,15.65,15.65,15.65,15.65,15.65,2010
2017-04-18,15.65,15.65,15.65,15.65,15.65,2010
2017-04-19,15.65,15.65,15.65,15.65,15.65,2010
2017-04-21,15.65,15.65,15.65,15.65,15.65,2010
2017-04-24,15.65,15.65,15.65,15.65,15.65,2010
2017-04-25,15.65,15.65,15.65,15.65,15.65,2010
2017-04-26,15.65,15.65,15.65,15.65,15.65,2010
2017-04-27,15.65,15.65,15.65,15.65,15.65,2010
2017-04-28,15.65,15.65,15.65,15.65,15.65,2010
2017-05-02,15.65,15.65,15.65,15.65,15.65,2010
2017-05-03,15.65,15.65,15.65,15.65,15.65,2010
2017-05-04,15.65,15.65,15.65,15.65,15.65,2010
2017-05-05,15.65,15.65,15.65,15.65,15.65,2010
2017-05-08,15.65,15.65,15.65,15.65,15.65,2010
2017-05-09,15.65,15.65,15.65,15.65,15.65,2010
2017-05-10,15.65,15.65,15.65,15.65,15.65,2010
2017-05-11,15.65,15.65,15.65,15.65,15.65,2010
2017-05-12,15.65,15.65,15.65,15.65,15.65,2010
2017-05-15,15.65,15.65,15.65,15.65,15.65,2010
2017-05-16,15.65,15.65,15.65,15.65,15.65,2010
2017-05-17,15.65,15.65,15.65,15.65,15.65,2010
2017-05-18,15.65,15.65,15.65,15.65,15.65,2010
2017-05-19,15.65,15.65,15.65,15.65,15.65,2010
2017-05-22,15.65,15.65,15.65,15.65,15.65,2010
2017-05-23,15.65,15.65,15.65,15.65,15.65,2010
2017-05-24,15.65,15.65,15.65,15.65,15.65,2010
2017-05-25,15.65,15.65,15.65,15.65,15.65,2010
2017-05-26,15.65,15.65,15.65,15.65,15.65,2010
2017-05-31,15.65,15.65,15.65,15.65,15.65,2010
2017-06-01,15.65,15.65,15.65,15.65,15.65,2010
2017-06-02,15.65,15.65,15.65,15.65,15.65,2010
2017-06-05,15.65,15.65,15.65,15.65,15.65,2010
2017-06-06,15.65,15.65,15.65,15.65,15.65,2010
2017-06-07,15.65,15.65,15.65,15.65,15.65,2010
2017-06-08,15.65,15.65,15.65,15.65,15.65,2010
2017-06-09,15.65,15.65,15.65,15.65,15.65,2010
2017-06-12,15.65,15.65,15.65,15.65,15.65,2010
2017-06-13,15.65,15.65,15.65,15.65,15.65,2010
2017-06-14,15.65,15.65,15.65,15.65,15.65,2010
2017-06-15,15.65,15.65,15.65,15.65,15.65,2010
2017-06-16,15.65,15.65,15.65,15.65,15.65,2010
2017-06-19,15.65,15.65,15.65,15.65,15.65,2010
2017-06-20,15.65,15.65,15.65,15.65,15.65,2010
2017-06-21,15.65,15.65,15.65,15.65,15.65,2010
2017-06-22,15.65,15.65,15.65,15.65,15.65,2010
2017-06-23,15.65,15.65,15.65,15.65,15.65,2010
2017-06-26,15.65,15.65,15.65,15.65,15.65,2010
2017-06-27,15.65,15.65,15.65,15.65,15.65,2010
2017-06-28,15.65,15.65,15.65,15.65,15.65,2010
2017-06-29,15.65,15.65,15.65,15.65,15.65,2010
2017-06-30,15.65,15.65,15.65,15.65,15.65,2010
2017-07-03,15.65,15.65,15.65,15.65,15.65,2010
2017-07-04,15.65,15.65,15.65,15.65,15.65,2010
2017-07-05,15.65,15.65,15.65,15.65,15.65,2010
2017-07-06,15.65,15.65,15.65,15.65,15.65,2010
2017-07-07,15.65,15.65,15.65,15.65,15.65,2010
2017-07-10,15.65,15.65,15.65,15.65,15.65,2010
2017-07-11,15.65,15.65,15.65,15.65,15.65,2010
2017-07-12,15.65,15.65,15.65,15.65,15.65,2010
2017-07-13,15.65,15.65,15.65,15.65,15.65,2010
2017-07-14,15.65,15.65,15.65,15.65,15.65,2010
2017-07-17,15.65,15.65,15.65,15.65,15.65,2010
2017-07-18,15.65,15.65,15.65,15.65,15.65,2010
2017-07-19,15.65,15.65,15.65,15.65,15.65,2010
2017-07-20,15.65,15.65,15.65,15.65,15.65,2010
2017-07-21,15.65,15.65,15.65,15.65,15.65,2010
2017-07-24,15.65,15.65,15.65,15.65,15.65,2010
2017-07-25,15.65,15.65,15.65,15.65,15.65,2010
2017-07-26,15.65,15.65,15.65,15.65,15.65,2010
2017-07-27,15.65,15.65,15.65,15.65,15.65,2010
2017-07-28,15.65,15.65,15.65,15.65,15.65,2010
2017-07-31,15.65,15.65,15.65,15.65,15.65,2010
2017-08-01,15.65,15.65,15.65,15.65,15.65,2010
2017-08-02,15.65,15.65,15.65,15.65,15.65,2010
2017-08-03,15.65,15.65,15.65,15.65,15.65,2010
2017-08-04,15.65,15.65,15.65,15.65,15.65,2010
2017-08-07,15.65,15.65,15.65,15.65,15.65,2010
2017-08-08,15.65,15.65,15.65,15.65,15.65,2010
2017-08-09,15.65,15.65,15.65,15.65,15.65,2010
2017-08-10,15.65,15.65,15.65,15.65,15.65,2010
2017-08-11,15.65,15.65,15.65,15.65,15.65,2010
2017-08-14,15.65,15.65,15.65,15.65,15.65,2010
2017-08-15,15.65,15.65,15.65,15.65,15.65,2010
2017-08-16,15.65,15.65,15.65,15.65,15.65,2010
2017-08-17,15.65,15.65,15.65,15.65,15.65,2010
2017-08-18,15.65,15.65,15.65,15.65,15.65,2010
2017-08-21,15.65,15.65,15.65,15.65,15.65,2010
2017-08-22,15.65,15.65,15.65,15.65,15.65,2010
2017-08-23,15.65,15.65,15.65,15.65,15.65,2010
2017-08-24,15.65,15.65,15.65,15.65,15.65,2010
2017-08-25,15.65,15.65,15.65,15.65,15.65,2010
2017-08-28,15.65,15.65,15.65,15.65,15.65,2010
2017-08-29,15.65,15.65,15.65,15.65,15.65,2010
2017-08-30,15.65,15.65,15.65,15.65,15.65,2010
2017-08-31,15.65,15.65,15.65,15.65,15.65,2010
2017-09-01,15.65,15.65,15.65,15.65,15.65,2010
2017-09-04,15.65,15.65,15.65,15.65,15.65,2010
2017-09-05,15.65,15.65,15.65,15.65,15.65,2010
2017-09-06,15.65,15.65,15.65,15.65,15.65,2010
2017-09-07,15.65,15.65,15.65,15.65,15.65,2010
2017-09-08,15.65,15.65,15.65,15.65,15.65,2010
2017-09-11,15.65,15.65,15.65,15.65,15.65,2010
2017-09-12,15.65,15.65,15.65,15.65,15.65,2010
2017-09-13,15.65,15.65,15.65,15.65,15.65,2010
2017-09-14,15.65,15.65,15.65,15.65,15.65,2010
2017-09-15,15.65,15.65,15.65,15.65,15.65,2010
2017-09-18,15.65,15.65,15.65,15.65,15.65,2010
2017-09-19,15.65,15.65,15.65,15.65,15.65,2010
2017-09-20,15.65,15.65,15.65,15.65,15.65,2010
2017-09-21,15.65,15.65,15.65,15.65,15.65,2010
2017-09-22,15.65,15.65,15.65,15.65,15.65,2010
2017-09-25,15.65,15.65,15.65,15.65,15.65,2010
2017-09-26,15.65,15.65,15.65,15.65,15.65,2010
2017-09-27,15.65,15.65,15.65,15.65,15.65,2010
2017-09-28,15.65,15.65,15.65,15.65,15.65,2010
2017-09-29,15.65,15.65,15.65,15.65,15.65,2010
2017-10-02,15.65,15.65,15.65,15.65,15.65,2010
2017-10-03,15.65,15.65,15.65,15.65,15.65,2010
2017-10-05,15.65,15.65,15.65,15.65,15.65,2010
2017-10-06,15.65,15.65,15.65,15.65,15.65,2010
2017-10-11,15.65,15.65,15.65,15.65,15.65,2010
2017-10-12,15.65,15.65,15.65,15.65,15.65,2010
2017-10-13,15.65,15.65,15.65,15.65,15.65,2010
2017-10-16,15.65,15.65,15.65,15.65,15.65,2010
2017-10-17,15.65,15.65,15.65,15.65,15.65,2010
2017-10-18,15.65,15.65,15.65,15.65,15.65,2010
2017-10-19,15.65,15.65,15.65,15.65,15.65,2010
2017-10-20,15.65,15.65,15.65,15.65,15.65,2010
2017-10-23,15.65,15.65,15.65,15.65,15.65,2010
2017-10-24,15.65,15.65,15.65,15.65,15.65,2010
2017-10-25,15.65,15.65,15.65,15.65,15.65,2010
2017-10-26,15.65,15.65,15.65,15.65,15.65,2010
2017-10-27,15.65,15.65,15.65,15.65,15.65,2010
2017-10-30,15.65,15.65,15.65,15.65,15.65,2010
2017-10-31,15.65,15.65,15.65,15.65,15.65,2010
2017-11-01,15.65,15.65,15.65,15.65,15.65,2010
2017-11-02,15.65,15.65,15.65,15.65,15.65,2010
2017-11-03,15.65,15.65,15.65,15.65,15.65,2010
2017-11-06,15.65,15.65,15.65,15.65,15.65,2010
2017-11-07,15.65,15.65,15.65,15.65,15.65,2010
2017-11-08,15.65,15.65,15.65,15.65,15.65,2010
2017-11-09,15.65,15.65,15.65,15.65,15.65,2010
2017-11-10,15.65,15.65,15.65,15.65,15.65,2010
2017-11-13,15.65,15.65,15.65,15.65,15.65,2010
2017-11-14,15.65,15.65,15.65,15.65,15.65,2010
2017-11-15,15.65,15.65,15.65,15.65,15.65,2010
2017-11-16,15.65,15.65,15.65,15.65,15.65,2010
2017-11-17,15.65,15.65,15.65,15.65,15.65,2010
2017-11-20,15.65,15.65,15.65,15.65,15.65,2010
2017-11-21,15.65,15.65,15.65,15.65,15.65,2010
2017-11-22,15.65,15.65,15.65,15.65,15.65,2010
2017-11-23,15.65,15.65,15.65,15.65,15.65,2010
2017-11-24,15.65,15.65,15.65,15.65,15.65,2010
2017-11-27,15.65,15.65,15.65,15.65,15.65,2010
2017-11-28,15.65,15.65,15.65,15.65,15.65,2010
2017-11-29,15.65,15.65,15.65,15.65,15.65,2010
2017-11-30,15.65,15.65,15.65,15.65,15.65,2010
2017-12-01,15.65,15.65,15.65,15.65,15.65,2010
2017-12-04,15.65,15.65,15.65,15.65,15.65,2010
2017-12-05,15.65,15.65,15.65,15.65,15.65,2010
2017-12-06,15.65,15.65,15.65,15.65,15.65,2010
2017-12-07,15.65,15.65,15.65,15.65,15.65,2010
2017-12-08,15.65,15.65,15.65,15.65,15.65,2010
2017-12-11,15.65,15.65,15.65,15.65,15.65,2010
2017-12-12,15.65,15.65,15.65,15.65,15.65,2010
2017-12-13,15.65,15.65,15.65,15.65,15.65,2010
2017-12-14,15.65,15.65,15.65,15.65,15.65,2010
2017-12-15,15.65,15.65,15.65,15.65,15.65,2010
2017-12-18,15.65,15.65,15.65,15.65,15.65,2010
2017-12-19,15.65,15.65,15.65,15.65,15.65,2010
2017-12-20,15.65,15.65,15.65,15.65,15.65,2010
2017-12-21,15.65,15.65,15.65,15.65,15.65,2010
2017-12-22,15.65,15.65,15.65,15.65,15.65,2010
2017-12-25,15.65,15.65,15.65,15.65,15.65,2010
2017-12-26,15.65,15.65,15.65,15.65,15.65,2010
2017-12-27,15.65,15.65,15.65,15.65,15.65,2010
2017-12-28,15.65,15.65,15.65,15.65,15.65,2010
2017-12-29,15.65,15.65,15.65,15.65,15.65,2010
2018-01-02,15.65,15.65,15.65,15.65,15.65,2010
2018-01-03,15.65,15.65,15.65,15.65,15.65,2010
2018-01-04,15.65,15.65,15.65,15.65,15.65,2010
2018-01-05,15.65,15.65,15.65,15.65,15.65,2010
2018-01-08,15.65,15.65,15.65,15.65,15.65,2010
2018-01-09,15.65,15.65,15.65,15.65,15.65,2010
2018-01-10,15.65,15.65,15.65,15.65,15.65,2010
2018-01-11,15.65,15.65,15.65,15.65,15.65,2010
2018-01-12,15.65,15.65,15.65,15.65,15.65,2010
2018-01-15,15.65,15.65,15.65,15.65,15.65,2010
2018-01-16,15.65,15.65,15.65,15.65,15.65,2010
2018-01-17,15.65,15.65,15.65,15.65,15.65,2010
2018-01-18,15.65,15.65,15.65,15.65,15.65,2010
2018-01-19,15.65,15.65,15.65,15.65,15.65,2010
2018-01-22,15.65,15.65,15.65,15.65,15.65,2010
2018-01-23,15.65,15.65,15.65,15.65,15.65,2010
2018-01-24,15.65,15.65,15.65,15.65,15.65,2010
2018-01-25,15.65,15.65,15.65,15.65,15.65,2010
2018-01-26,15.65,15.65,15.65,15.65,15.65,2010
2018-01-29,15.65,15.65,15.65,15.65,15.65,2010
2018-01-30,15.65,15.65,15.65,15.65,15.65,2010
2018-01-31,15.65,15.65,15.65,15.65,15.65,2010
2018-02-01,15.65,15.65,15.65,15.65,15.65,2010
2018-02-02,15.65,15.65,15.65,15.65,15.65,2010
2018-02-05,15.65,15.65,15.65,15.65,15.65,2010
2018-02-06,15.65,15.65,15.65,15.65,15.65,2010
2018-02-07,15.65,15.65,15.65,15.65,15.65,2010
2018-02-08,15.65,15.65,15.65,15.65,15.65,2010
2018-02-09,15.65,15.65,15.65,15.65,15.65,2010
2018-02-12,15.65,15.65,15.65,15.65,15.65,2010
2018-02-21,15.65,15.65,15.65,15.65,15.65,2010
2018-02-22,15.65,15.65,15.65,15.65,15.65,2010
2018-02-23,15.65,15.65,15.65,15.65,15.65,2010
2018-02-26,15.65,15.65,15.65,15.65,15.65,2010
2018-02-27,15.65,15.65,15.65,15.65,15.65,2010
2018-03-01,15.65,15.65,15.65,15.65,15.65,2010
2018-03-02,15.65,15.65,15.65,15.65,15.65,2010
2018-03-05,15.65,15.65,15.65,15.65,15.65,2010
2018-03-06,15.65,15.65,15.65,15.65,15.65,2010
2018-03-07,15.65,15.65,15.65,15.65,15.65,2010
2018-03-08,15.65,15.65,15.65,15.65,15.65,2010
2018-03-09,15.65,15.65,15.65,15.65,15.65,2010
2018-03-12,15.65,15.65,15.65,15.65,15.65,2010
2018-03-13,15.65,15.65,15.65,15.65,15.65,2010
2018-03-14,15.65,15.65,15.65,15.65,15.65,2010
2018-03-15,15.65,15.65,15.65,15.65,15.65,2010
2018-03-16,15.65,15.65,15.65,15.65,15.65,2010
2018-03-19,15.65,15.65,15.65,15.65,15.65,2010
2018-03-20,15.65,15.65,15.65,15.65,15.65,2010
2018-03-21,15.65,15.65,15.65,15.65,15.65,2010
2018-03-22,15.65,15.65,15.65,15.65,15.65,2010
2018-03-23,15.65,15.65,15.65,15.65,15.65,2010
2018-03-26,15.65,15.65,15.65,15.65,15.65,2010
2018-03-27,15.65,15.65,15.65,15.65,15.65,2010
2018-03-28,15.65,15.65,15.65,15.65,15.65,2010
2018-03-29,15.65,15.65,15.65,15.65,15.65,2010
2018-03-30,15.65,15.65,15.65,15.65,15.65,2010
2018-04-02,15.65,15.65,15.65,15.65,15.65,2010
2018-04-03,15.65,15.65,15.65,15.65,15.65,2010
2018-04-09,15.65,15.65,15.65,15.65,15.65,2010
2018-04-10,15.65,15.65,15.65,15.65,15.65,2010
2018-04-11,15.65,15.65,15.65,15.65,15.65,2010
2018-04-12,15.65,15.65,15.65,15.65,15.65,2010
2018-04-13,15.65,15.65,15.65,15.65,15.65,2010
2018-04-16,15.65,15.65,15.65,15.65,15.65,2010
2018-04-17,15.65,15.65,15.65,15.65,15.65,2010
2018-04-18,15.65,15.65,15.65,15.65,15.65,2010
2018-04-19,15.65,15.65,15.65,15.65,15.65,2010
2018-04-20,15.65,15.65,15.65,15.65,15.65,2010
2018-04-23,15.65,15.65,15.65,15.65,15.65,2010
2018-04-24,15.65,15.65,15.65,15.65,15.65,2010
2018-04-25,15.65,15.65,15.65,15.65,15.65,2010
2018-04-26,15.65,15.65,15.65,15.65,15.65,2010
2018-04-27,15.65,15.65,15.65,15.65,15.65,2010
2018-04-30,15.65,15.65,15.65,15.65,15.65,2010
2018-05-02,15.65,15.65,15.65,15.65,15.65,2010
2018-05-03,15.65,15.65,15.65,15.65,15.65,2010
2018-05-04,15.65,15.65,15.65,15.65,15.65,2010
2018-05-07,15.65,15.65,15.65,15.65,15.65,2010
2018-05-08,15.65,15.65,15.65,15.65,15.65,2010
2018-05-09,15.65,15.65,15.65,15.65,15.65,2010
2018-05-10,15.65,15.65,15.65,15.65,15.65,2010
2018-05-11,15.65,15.65,15.65,15.65,15.65,2010
2018-05-14,15.65,15.65,15.65,15.65,15.65,2010
2018-05-15,15.65,15.65,15.65,15.65,15.65,2010
2018-05-16,15.65,15.65,15.65,15.65,15.65,2010
2018-05-17,15.65,15.65,15.65,15.65,15.65,2010
2018-05-18,15.65,15.65,15.65,15.65,15.65,2010
2018-05-21,15.65,15.65,15.65,15.65,15.65,2010
2018-05-22,15.65,15.65,15.65,15.65,15.65,2010
2018-05-23,15.65,15.65,15.65,15.65,15.65,2010
2018-05-24,15.65,15.65,15.65,15.65,15.65,2010
2018-05-25,15.65,15.65,15.65,15.65,15.65,2010
2018-05-28,15.65,15.65,15.65,15.65,15.65,2010
2018-05-29,15.65,15.65,15.65,15.65,15.65,2010
2018-05-30,15.65,15.65,15.65,15.65,15.65,2010
2018-05-31,15.65,15.65,15.65,15.65,15.65,2010
2018-06-01,15.65,15.65,15.65,15.65,15.65,2010
2018-06-04,15.65,15.65,15.65,15.65,15.65,2010
2018-06-05,15.65,15.65,15.65,15.65,15.65,2010
2018-06-06,15.65,15.65,15.65,15.65,15.65,2010
2018-06-07,15.65,15.65,15.65,15.65,15.65,2010
2018-06-08,15.65,15.65,15.65,15.65,15.65,2010
2018-06-11,15.65,15.65,15.65,15.65,15.65,2010
2018-06-12,15.65,15.65,15.65,15.65,15.65,2010
2018-06-13,15.65,15.65,15.65,15.65,15.65,2010
2018-06-14,15.65,15.65,15.65,15.65,15.65,2010
2018-06-15,15.65,15.65,15.65,15.65,15.65,2010
2018-06-19,15.65,15.65,15.65,15.65,15.65,2010
2018-06-20,15.65,15.65,15.65,15.65,15.65,2010
2018-06-21,15.65,15.65,15.65,15.65,15.65,2010
2018-06-22,15.65,15.65,15.65,15.65,15.65,2010
2018-06-25,15.65,15.65,15.65,15.65,15.65,2010
2018-06-26,15.65,15.65,15.65,15.65,15.65,2010
2018-06-27,15.65,15.65,15.65,15.65,15.65,2010
2018-06-28,15.65,15.65,15.65,15.65,15.65,2010
2018-06-29,15.65,15.65,15.65,15.65,15.65,2010
2018-07-02,15.65,15.65,15.65,15.65,15.65,2010
2018-07-03,15.65,15.65,15.65,15.65,15.65,2010
2018-07-04,15.65,15.65,15.65,15.65,15.65,2010
2018-07-05,15.65,15.65,15.65,15.65,15.65,2010
2018-07-06,15.65,15.65,15.65,15.65,15.65,2010
2018-07-09,15.65,15.65,15.65,15.65,15.65,2010
2018-07-10,15.65,15.65,15.65,15.65,15.65,2010
2018-07-11,15.65,15.65,15.65,15.65,15.65,2010
2018-07-12,15.65,15.65,15.65,15.65,15.65,2010
2018-07-13,15.65,15.65,15.65,15.65,15.65,2010
2018-07-16,15.65,15.65,15.65,15.65,15.65,2010
2018-07-17,15.65,15.65,15.65,15.65,15.65,2010
2018-07-18,15.65,15.65,15.65,15.65,15.65,2010
2018-07-19,15.65,15.65,15.65,15.65,15.65,2010
2018-07-20,15.65,15.65,15.65,15.65,15.65,2010
2018-07-23,15.65,15.65,15.65,15.65,15.65,2010
2018-07-24,15.65,15.65,15.65,15.65,15.65,2010
2018-07-25,15.65,15.65,15.65,15.65,15.65,2010
2018-07-26,15.65,15.65,15.65,15.65,15.65,2010
2018-07-27,15.65,15.65,15.65,15.65,15.65,2010
2018-07-30,15.65,15.65,15.65,15.65,15.65,2010
2018-07-31,15.65,15.65,15.65,15.65,15.65,2010
2018-08-01,15.65,15.65,15.65,15.65,15.65,2010
2018-08-02,15.65,15.65,15.65,15.65,15.65,2010
2018-08-03,15.65,15.65,15.65,15.65,15.65,2010
2018-08-06,15.65,15.65,15.65,15.65,15.65,2010
2018-08-07,15.65,15.65,15.65,15.65,15.65,2010
2018-08-08,15.65,15.65,15.65,15.65,15.65,2010
2018-08-09,15.65,15.65,15.65,15.65,15.65,2010
2018-08-10,15.65,15.65,15.65,15.65,15.65,2010
2018-08-13,15.65,15.65,15.65,15.65,15.65,2010
2018-08-14,15.65,15.65,15.65,15.65,15.65,2010
2018-08-15,15.65,15.65,15.65,15.65,15.65,2010
2018-08-16,15.65,15.65,15.65,15.65,15.65,2010
2018-08-17,15.65,15.65,15.65,15.65,15.65,2010
2018-08-20,15.65,15.65,15.65,15.65,15.65,2010
2018-08-21,15.65,15.65,15.65,15.65,15.65,2010
2018-08-22,15.65,15.65,15.65,15.65,15.65,2010
2018-08-23,15.65,15.65,15.65,15.65,15.65,2010
2018-08-24,15.65,15.65,15.65,15.65,15.65,2010
2018-08-27,15.65,15.65,15.65,15.65,15.65,2010
2018-08-28,15.65,15.65,15.65,15.65,15.65,2010
2018-08-29,15.65,15.65,15.65,15.65,15.65,2010
2018-08-30,15.65,15.65,15.65,15.65,15.65,2010
2018-08-31,15.65,15.65,15.65,15.65,15.65,2010
2018-09-03,15.65,15.65,15.65,15.65,15.65,2010
2018-09-04,15.65,15.65,15.65,15.65,15.65,2010
2018-09-05,15.65,15.65,15.65,15.65,15.65,2010
2018-09-06,15.65,15.65,15.65,15.65,15.65,2010
2018-09-07,15.65,15.65,15.65,15.65,15.65,2010
2018-09-10,15.65,15.65,15.65,15.65,15.65,2010
2018-09-11,15.65,15.65,15.65,15.65,15.65,2010
2018-09-12,15.65,15.65,15.65,15.65,15.65,2010
2018-09-13,15.65,15.65,15.65,15.65,15.65,2010
2018-09-14,15.65,15.65,15.65,15.65,15.65,2010
2018-09-17,15.65,15.65,15.65,15.65,15.65,2010
2018-09-18,15.65,15.65,15.65,15.65,15.65,2010
2018-09-19,15.65,15.65,15.65,15.65,15.65,2010
2018-09-20,15.65,15.65,15.65,15.65,15.65,2010
2018-09-21,15.65,15.65,15.65,15.65,15.65,2010
2018-09-25,15.65,15.65,15.65,15.65,15.65,2010
2018-09-26,15.65,15.65,15.65,15.65,15.65,2010
2018-09-27,15.65,15.65,15.65,15.65,15.65,2010
2018-09-28,15.65,15.65,15.65,15.65,15.65,2010
2018-10-01,15.65,15.65,15.65,15.65,15.65,2010
2018-10-02,15.65,15.65,15.65,15.65,15.65,2010
2018-10-03,15.65,15.65,15.65,15.65,15.65,2010
2018-10-04,15.65,15.65,15.65,15.65,15.65,2010
2018-10-05,15.65,15.65,15.65,15.65,15.65,2010
2018-10-08,15.65,15.65,15.65,15.65,15.65,2010
2018-10-09,15.65,15.65,15.65,15.65,15.65,2010
2018-10-11,15.65,15.65,15.65,15.65,15.65,2010
2018-10-12,15.65,15.65,15.65,15.65,15.65,2010
2018-10-15,15.65,15.65,15.65,15.65,15.65,2010
2018-10-16,15.65,15.65,15.65,15.65,15.65,2010
2018-10-17,15.65,15.65,15.65,15.65,15.65,2010
2018-10-18,15.65,15.65,15.65,15.65,15.65,2010
2018-10-19,15.65,15.65,15.65,15.65,15.65,2010
2018-10-22,15.65,15.65,15.65,15.65,15.65,2010
2018-10-23,15.65,15.65,15.65,15.65,15.65,2010
2018-10-24,15.65,15.65,15.65,15.65,15.65,2010
2018-10-25,15.65,15.65,15.65,15.65,15.65,2010
2018-10-26,15.65,15.65,15.65,15.65,15.65,2010
2018-10-29,15.65,15.65,15.65,15.65,15.65,2010
2018-10-30,15.65,15.65,15.65,15.65,15.65,2010
2018-10-31,15.65,15.65,15.65,15.65,15.65,2010
2018-11-01,15.65,15.65,15.65,15.65,15.65,2010
2018-11-02,15.65,15.65,15.65,15.65,15.65,2010
2018-11-05,15.65,15.65,15.65,15.65,15.65,2010
2018-11-06,15.65,15.65,15.65,15.65,15.65,2010
2018-11-07,15.65,15.65,15.65,15.65,15.65,2010
2018-11-08,15.65,15.65,15.65,15.65,15.65,2010
2018-11-09,15.65,15.65,15.65,15.65,15.65,2010
2018-11-12,15.65,15.65,15.65,15.65,15.65,2010
2018-11-13,15.65,15.65,15.65,15.65,15.65,2010
2018-11-14,15.65,15.65,15.65,15.65,15.65,2010
2018-11-15,15.65,15.65,15.65,15.65,15.65,2010
2018-11-16,15.65,15.65,15.65,15.65,15.65,2010
2018-11-19,15.65,15.65,15.65,15.65,15.65,2010
2018-11-20,15.65,15.65,15.65,15.65,15.65,2010
2018-11-21,15.65,15.65,15.65,15.65,15.65,2010
2018-11-22,15.65,15.65,15.65,15.65,15.65,2010
2018-11-23,15.65,15.65,15.65,15.65,15.65,2010
2018-11-26,15.65,15.65,15.65,15.65,15.65,2010
2018-11-27,15.65,15.65,15.65,15.65,15.65,2010
2018-11-28,15.65,15.65,15.65,15.65,15.65,2010
2018-11-29,15.65,15.65,15.65,15.65,15.65,2010
2018-11-30,15.65,15.65,15.65,15.65,15.65,2010
2018-12-03,15.65,15.65,15.65,15.65,15.65,2010
2018-12-04,15.65,15.65,15.65,15.65,15.65,2010
2018-12-05,15.65,15.65,15.65,15.65,15.65,2010
2018-12-06,15.65,15.65,15.65,15.65,15.65,2010
2018-12-07,15.65,15.65,15.65,15.65,15.65,2010
2018-12-10,15.65,15.65,15.65,15.65,15.65,2010
2018-12-11,15.65,15.65,15.65,15.65,15.65,2010
2018-12-12,15.65,15.65,15.65,15.65,15.65,2010
2018-12-13,15.65,15.65,15.65,15.65,15.65,2010
2018-12-14,15.65,15.65,15.65,15.65,15.65,2010
2018-12-17,15.65,15.65,15.65,15.65,15.65,2010
2018-12-18,15.65,15.65,15.65,15.65,15.65,2010
2018-12-19,15.65,15.65,15.65,15.65,15.65,2010
2018-12-20,15.65,15.65,15.65,15.65,15.65,2010
2018-12-21,15.65,15.65,15.65,15.65,15.65,2010
2018-12-24,15.65,15.65,15.65,15.65,15.65,2010
2018-12-25,15.65,15.65,15.65,15.65,15.65,2010
2018-12-26,15.65,15.65,15.65,15.65,15.65,2010
2018-12-27,15.65,15.65,15.65,15.65,15.65,2010
2018-12-28,15.65,15.65,15.65,15.65,15.65,2010
2019-01-02,15.65,15.65,15.65,15.65,15.65,2010
2019-01-03,15.65,15.65,15.65,15.65,15.65,2010
2019-01-04,15.65,15.65,15.65,15.65,15.65,2010
2019-01-07,15.65,15.65,15.65,15.65,15.65,2010
2019-01-08,15.65,15.65,15.65,15.65,15.65,2010
2019-01-09,15.65,15.65,15.65,15.65,15.65,2010
2019-01-10,15.65,15.65,15.65,15.65,15.65,2010
2019-01-11,15.65,15.65,15.65,15.65,15.65,2010
2019-01-14,15.65,15.65,15.65,15.65,15.65,2010
2019-01-15,15.65,15.65,15.65,15.65,15.65,2010
2019-01-16,15.65,15.65,15.65,15.65,15.65,2010
2019-01-17,15.65,15.65,15.65,15.65,15.65,2010
2019-01-18,15.65,15.65,15.65,15.65,15.65,2010
2019-01-21,15.65,15.65,15.65,15.65,15.65,2010
2019-01-22,15.65,15.65,15.65,15.65,15.65,2010
2019-01-23,15.65,15.65,15.65,15.65,15.65,2010
2019-01-24,15.65,15.65,15.65,15.65,15.65,2010
2019-01-25,15.65,15.65,15.65,15.65,15.65,2010
2019-01-28,15.65,15.65,15.65,15.65,15.65,2010
2019-01-29,15.65,15.65,15.65,15.65,15.65,2010
2019-01-30,15.65,15.65,15.65,15.65,15.65,2010
2019-02-11,15.65,15.65,15.65,15.65,15.65,2010
2019-02-12,15.65,15.65,15.65,15.65,15.65,2010
2019-02-13,15.65,15.65,15.65,15.65,15.65,2010
2019-02-14,15.65,15.65,15.65,15.65,15.65,2010
2019-02-15,15.65,15.65,15.65,15.65,15.65,2010
2019-02-18,15.65,15.65,15.65,15.65,15.65,2010
2019-02-19,15.65,15.65,15.65,15.65,15.65,2010
2019-02-20,15.65,15.65,15.65,15.65,15.65,2010
2019-02-21,15.65,15.65,15.65,15.65,15.65,2010
2019-02-22,15.65,15.65,15.65,15.65,15.65,2010
2019-02-25,15.65,15.65,15.65,15.65,15.65,2010
2019-02-26,15.65,15.65,15.65,15.65,15.65,2010
2019-02-27,15.65,15.65,15.65,15.65,15.65,2010
2019-03-04,15.65,15.65,15.65,15.65,15.65,2010
2019-03-05,15.65,15.65,15.65,15.65,15.65,2010
2019-03-06,15.65,15.65,15.65,15.65,15.65,2010
2019-03-07,15.65,15.65,15.65,15.65,15.65,2010
2019-03-08,15.65,15.65,15.65,15.65,15.65,2010
2019-03-11,15.65,15.65,15.65,15.65,15.65,2010
2019-03-12,15.65,15.65,15.65,15.65,15.65,2010
2019-03-13,15.65,15.65,15.65,15.65,15.65,2010
2019-03-14,15.65,15.65,15.65,15.65,15.65,2010
2019-03-15,15.65,15.65,15.65,15.65,15.65,2010
2019-03-18,15.65,15.65,15.65,15.65,15.65,2010
2019-03-19,15.65,15.65,15.65,15.65,15.65,2010
2019-03-20,15.65,15.65,15.65,15.65,15.65,2010
2019-03-21,15.65,15.65,15.65,15.65,15.65,2010
2019-03-22,15.65,15.65,15.65,15.65,15.65,2010
2019-03-25,15.65,15.65,15.65,15.65,15.65,2010
2019-03-26,15.65,15.65,15.65,15.65,15.65,2010
2019-03-27,15.65,15.65,15.65,15.65,15.65,2010
2019-03-28,15.65,15.65,15.65,15.65,15.65,2010
2019-03-29,15.65,15.65,15.65,15.65,15.65,2010
2019-04-01,15.65,15.65,15.65,15.65,15.65,2010
2019-04-02,15.65,15.65,15.65,15.65,15.65,2010
2019-04-03,15.65,15.65,15.65,15.65,15.65,2010
2019-04-08,15.65,15.65,15.65,15.65,15.65,2010
2019-04-09,15.65,15.65,15.65,15.65,15.65,2010
2019-04-10,15.65,15.65,15.65,15.65,15.65,2010
2019-04-11,15.65,15.65,15.65,15.65,15.65,2010
2019-04-12,15.65,15.65,15.65,15.65,15.65,2010
2019-04-15,15.65,15.65,15.65,15.65,15.65,2010
2019-04-16,15.65,15.65,15.65,15.65,15.65,2010
2019-04-17,15.65,15.65,15.65,15.65,15.65,2010
2019-04-18,15.65,15.65,15.65,15.65,15.65,2010
2019-04-19,15.65,15.65,15.65,15.65,15.65,2010
2019-04-22,15.65,15.65,15.65,15.65,15.65,2010
2019-04-23,15.65,15.65,15.65,15.65,15.65,2010
2019-04-24,15.65,15.65,15.65,15.65,15.65,2010
2019-04-25,15.65,15.65,15.65,15.65,15.65,2010
2019-04-26,15.65,15.65,15.65,15.65,15.65,2010
2019-04-29,15.65,15.65,15.65,15.65,15.65,2010
2019-04-30,15.65,15.65,15.65,15.65,15.65,2010
2019-05-02,15.65,15.65,15.65,15.65,15.65,2010
2019-05-03,15.65,15.65,15.65,15.65,15.65,2010
2019-05-06,15.65,15.65,15.65,15.65,15.65,2010
2019-05-07,15.65,15.65,15.65,15.65,15.65,2010
2019-05-08,15.65,15.65,15.65,15.65,15.65,2010
2019-05-09,15.65,15.65,15.65,15.65,15.65,2010
2019-05-10,15.65,15.65,15.65,15.65,15.65,2010
2019-05-13,15.65,15.65,15.65,15.65,15.65,2010
2019-05-14,15.65,15.65,15.65,15.65,15.65,2010
2019-05-15,15.65,15.65,15.65,15.65,15.65,2010
2019-05-16,15.65,15.65,15.65,15.65,15.65,2010
2019-05-17,15.65,15.65,15.65,15.65,15.65,2010
2019-05-20,15.65,15.65,15.65,15.65,15.65,2010
2019-05-21,15.65,15.65,15.65,15.65,15.65,2010
2019-05-22,15.65,15.65,15.65,15.65,15.65,2010
2019-05-23,15.65,15.65,15.65,15.65,15.65,2010
2019-05-24,15.65,15.65,15.65,15.65,15.65,2010
2019-05-27,15.65,15.65,15.65,15.65,15.65,2010
2019-05-28,15.65,15.65,15.65,15.65,15.65,2010
2019-05-29,15.65,15.65,15.65,15.65,15.65,2010
2019-05-30,15.65,15.65,15.65,15.65,15.65,2010
2019-05-31,15.65,15.65,15.65,15.65,15.65,2010
2019-06-03,15.65,15.65,15.65,15.65,15.65,2010
2019-06-04,15.65,15.65,15.65,15.65,15.65,2010
2019-06-05,15.65,15.65,15.65,15.65,15.65,2010
2019-06-06,15.65,15.65,15.65,15.65,15.65,2010
2019-06-10,15.65,15.65,15.65,15.65,15.65,2010
2019-06-11,15.65,15.65,15.65,15.65,15.65,2010
2019-06-12,15.65,15.65,15.65,15.65,15.65,2010
2019-06-13,15.65,15.65,15.65,15.65,15.65,2010
2019-06-14,15.65,15.65,15.65,15.65,15.65,2010
2019-06-17,15.65,15.65,15.65,15.65,15.65,2010
2019-06-18,15.65,15.65,15.65,15.65,15.65,2010
2019-06-19,15.65,15.65,15.65,15.65,15.65,2010
2019-06-20,15.65,15.65,15.65,15.65,15.65,2010
2019-06-21,15.65,15.65,15.65,15.65,15.65,2010
2019-06-24,15.65,15.65,15.65,15.65,15.65,2010
2019-06-25,15.65,15.65,15.65,15.65,15.65,2010
2019-06-26,15.65,15.65,15.65,15.65,15.65,2010
2019-06-27,15.65,15.65,15.65,15.65,15.65,2010
2019-06-28,15.65,15.65,15.65,15.65,15.65,2010
2019-07-01,15.65,15.65,15.65,15.65,15.65,2010
2019-07-02,15.65,15.65,15.65,15.65,15.65,2010
2019-07-03,15.65,15.65,15.65,15.65,15.65,2010
2019-07-04,15.65,15.65,15.65,15.65,15.65,2010
2019-07-05,15.65,15.65,15.65,15.65,15.65,2010
2019-07-08,15.65,15.65,15.65,15.65,15.65,2010
2019-07-09,15.65,15.65,15.65,15.65,15.65,2010
2019-07-10,15.65,15.65,15.65,15.65,15.65,2010
2019-07-11,15.65,15.65,15.65,15.65,15.65,2010
2019-07-12,15.65,15.65,15.65,15.65,15.65,2010
2019-07-15,15.65,15.65,15.65,15.65,15.65,2010
2019-07-16,15.65,15.65,15.65,15.65,15.65,2010
2019-07-17,15.65,15.65,15.65,15.65,15.65,2010
2019-07-18,15.65,15.65,15.65,15.65,15.65,2010
2019-07-19,15.65,15.65,15.65,15.65,15.65,2010
2019-07-22,15.65,15.65,15.65,15.65,15.65,2010
2019-07-23,15.65,15.65,15.65,15.65,15.65,2010
2019-07-24,15.65,15.65,15.65,15.65,15.65,2010
2019-07-25,15.65,15.65,15.65,15.65,15.65,2010
2019-07-26,15.65,15.65,15.65,15.65,15.65,2010
2019-07-29,15.65,15.65,15.65,15.65,15.65,2010
2019-07-30,15.65,15.65,15.65,15.65,15.65,2010
2019-07-31,15.65,15.65,15.65,15.65,15.65,2010
2019-08-01,15.65,15.65,15.65,15.65,15.65,2010
2019-08-02,15.65,15.65,15.65,15.65,15.65,2010
2019-08-05,15.65,15.65,15.65,15.65,15.65,2010
2019-08-06,15.65,15.65,15.65,15.65,15.65,2010
2019-08-07,15.65,15.65,15.65,15.65,15.65,2010
2019-08-08,15.65,15.65,15.65,15.65,15.65,2010
2019-08-12,15.65,15.65,15.65,15.65,15.65,2010
2019-08-13,15.65,15.65,15.65,15.65,15.65,2010
2019-08-14,15.65,15.65,15.65,15.65,15.65,2010
2019-08-15,15.65,15.65,15.65,15.65,15.65,2010
2019-08-16,15.65,15.65,15.65,15.65,15.65,2010
2019-08-19,15.65,15.65,15.65,15.65,15.65,2010
2019-08-20,15.65,15.65,15.65,15.65,15.65,2010
2019-08-21,15.65,15.65,15.65,15.65,15.65,2010
2019-08-22,15.65,15.65,15.65,15.65,15.65,2010
2019-08-23,15.65,15.65,15.65,15.65,15.65,2010
2019-08-26,15.65,15.65,15.65,15.65,15.65,2010
2019-08-27,15.65,15.65,15.65,15.65,15.65,2010
2019-08-28,15.65,15.65,15.65,15.65,15.65,2010
2019-08-29,15.65,15.65,15.65,15.65,15.65,2010
2019-08-30,15.65,15.65,15.65,15.65,15.65,2010
2019-09-02,15.65,15.65,15.65,15.65,15.65,2010
2019-09-03,15.65,15.65,15.65,15.65,15.65,2010
2019-09-04,15.65,15.65,15.65,15.65,15.65,2010
2019-09-05,15.65,15.65,15.65,15.65,15.65,2010
2019-09-06,15.65,15.65,15.65,15.65,15.65,2010
2019-09-09,15.65,15.65,15.65,15.65,15.65,2010
2019-09-10,15.65,15.65,15.65,15.65,15.65,2010
2019-09-11,15.65,15.65,15.65,15.65,15.65,2010
2019-09-12,15.65,15.65,15.65,15.65,15.65,2010
2019-09-16,15.65,15.65,15.65,15.65,15.65,2010
2019-09-17,15.65,15.65,15.65,15.65,15.65,2010
2019-09-18,15.65,15.65,15.65,15.65,15.65,2010
2019-09-19,15.65,15.65,15.65,15.65,15.65,2010
2019-09-20,15.65,15.65,15.65,15.65,15.65,2010
2019-09-23,15.65,15.65,15.65,15.65,15.65,2010
2019-09-24,15.65,15.65,15.65,15.65,15.65,2010
2019-09-25,15.65,15.65,15.65,15.65,15.65,2010
2019-09-26,15.65,15.65,15.65,15.65,15.65,2010
2019-09-27,15.65,15.65,15.65,15.65,15.65,2010
2019-10-01,15.65,15.65,15.65,15.65,15.65,2010
2019-10-02,15.65,15.65,15.65,15.65,15.65,2010
2019-10-03,15.65,15.65,15.65,15.65,15.65,2010
2019-10-04,15.65,15.65,15.65,15.65,15.65,2010
2019-10-07,15.65,15.65,15.65,15.65,15.65,2010
2019-10-08,15.65,15.65,15.65,15.65,15.65,2010
2019-10-09,15.65,15.65,15.65,15.65,15.65,2010
2019-10-14,15.65,15.65,15.65,15.65,15.65,2010
2019-10-15,15.65,15.65,15.65,15.65,15.65,2010
2019-10-16,15.65,15.65,15.65,15.65,15.65,2010
2019-10-17,15.65,15.65,15.65,15.65,15.65,2010
2019-10-18,15.65,15.65,15.65,15.65,15.65,2010
2019-10-21,15.65,15.65,15.65,15.65,15.65,2010
2019-10-22,15.65,15.65,15.65,15.65,15.65,2010
2019-10-23,15.65,15.65,15.65,15.65,15.65,2010
2019-10-24,15.65,15.65,15.65,15.65,15.65,2010
2019-10-25,15.65,15.65,15.65,15.65,15.65,2010
2019-10-28,15.65,15.65,15.65,15.65,15.65,2010
2019-10-29,15.65,15.65,15.65,15.65,15.65,2010
2019-10-30,15.65,15.65,15.65,15.65,15.65,2010
2019-10-31,15.65,15.65,15.65,15.65,15.65,2010
2019-11-01,15.65,15.65,15.65,15.65,15.65,2010
2019-11-04,15.65,15.65,15.65,15.65,15.65,2010
2019-11-05,15.65,15.65,15.65,15.65,15.65,2010
2019-11-06,15.65,15.65,15.65,15.65,15.65,2010
2019-11-07,15.65,15.65,15.65,15.65,15.65,2010
2019-11-08,15.65,15.65,15.65,15.65,15.65,2010
2019-11-11,15.65,15.65,15.65,15.65,15.65,2010
2019-11-12,15.65,15.65,15.65,15.65,15.65,2010
2019-11-13,15.65,15.65,15.65,15.65,15.65,2010
2019-11-14,15.65,15.65,15.65,15.65,15.65,2010
2019-11-20,15.65,15.65,15.65,15.65,15.65,2010
2019-11-21,15.65,15.65,15.65,15.65,15.65,2010
2019-11-22,15.65,15.65,15.65,15.65,15.65,2010
2019-11-25,15.65,15.65,15.65,15.65,15.65,2010
2019-11-26,15.65,15.65,15.65,15.65,15.65,2010
2019-11-27,15.65,15.65,15.65,15.65,15.65,2010
2019-11-28,15.65,15.65,15.65,15.65,15.65,2010
2019-11-29,15.65,15.65,15.65,15.65,15.65,2010
2019-12-02,15.65,15.65,15.65,15.65,15.65,2010
2019-12-03,15.65,15.65,15.65,15.65,15.65,2010
2019-12-04,15.65,15.65,15.65,15.65,15.65,2010
2019-12-05,15.65,15.65,15.65,15.65,15.65,2010
2019-12-06,15.65,15.65,15.65,15.65,15.65,2010
2019-12-09,15.65,15.65,15.65,15.65,15.65,2010
2019-12-10,15.65,15.65,15.65,15.65,15.65,2010
2019-12-11,15.65,15.65,15.65,15.65,15.65,2010
2019-12-12,15.65,15.65,15.65,15.65,15.65,2010
2019-12-13,15.65,15.65,15.65,15.65,15.65,2010
2019-12-16,15.65,15.65,15.65,15.65,15.65,2010
2019-12-17,15.65,15.65,15.65,15.65,15.65,2010
2019-12-18,15.65,15.65,15.65,15.65,15.65,2010
2019-12-19,15.65,15.65,15.65,15.65,15.65,2010
2019-12-20,15.65,15.65,15.65,15.65,15.65,2010
2019-12-23,15.65,15.65,15.65,15.65,15.65,2010
2019-12-24,15.65,15.65,15.65,15.65,15.65,2010
2019-12-25,15.65,15.65,15.65,15.65,15.65,2010
2019-12-26,15.65,15.65,15.65,15.65,15.65,2010
2019-12-27,15.65,15.65,15.65,15.65,15.65,2010
2019-12-30,15.65,15.65,15.65,15.65,15.65,2010
2019-12-31,15.65,15.65,15.65,15.65,15.65,2010
2020-01-02,15.65,15.65,15.65,15.65,15.65,2010
2020-01-03,15.65,15.65,15.65,15.65,15.65,2010
2020-01-06,15.65,15.65,15.65,15.65,15.65,2010
2020-01-07,15.65,15.65,15.65,15.65,15.65,2010
2020-01-08,15.65,15.65,15.65,15.65,15.65,2010
2020-01-09,15.65,15.65,15.65,15.65,15.65,2010
2020-01-10,15.65,15.65,15.65,15.65,15.65,2010
2020-01-13,15.65,15.65,15.65,15.65,15.65,2010
2020-01-14,15.65,15.65,15.65,15.65,15.65,2010
2020-01-15,15.65,15.65,15.65,15.65,15.65,2010
2020-01-16,15.65,15.65,15.65,15.65,15.65,2010
2020-01-17,15.65,15.65,15.65,15.65,15.65,2010
2020-01-20,15.65,15.65,15.65,15.65,15.65,2010
2020-01-30,15.65,15.65,15.65,15.65,15.65,2010
2020-01-31,15.65,15.65,15.65,15.65,15.65,2010
2020-02-03,15.65,15.65,15.65,15.65,15.65,2010
2020-02-04,15.65,15.65,15.65,15.65,15.65,2010
2020-02-05,15.65,15.65,15.65,15.65,15.65,2010
2020-02-06,15.65,15.65,15.65,15.65,15.65,2010
2020-02-07,15.65,15.65,15.65,15.65,15.65,2010
2020-02-10,15.65,15.65,15.65,15.65,15.65,2010
2020-02-11,15.65,15.65,15.65,15.65,15.65,2010
2020-02-12,15.65,15.65,15.65,15.65,15.65,2010
2020-02-13,15.65,15.65,15.65,15.65,15.65,2010
2020-02-14,15.65,15.65,15.65,15.65,15.65,2010
2020-02-17,15.65,15.65,15.65,15.65,15.65,2010
2020-02-18,15.65,15.65,15.65,15.65,15.65,2010
2020-02-19,15.65,15.65,15.65,15.65,15.65,2010
2020-02-20,15.65,15.65,15.65,15.65,15.65,2010
2020-02-21,15.65,15.65,15.65,15.65,15.65,2010
2020-02-24,15.65,15.65,15.65,15.65,15.65,2010
2020-02-25,15.65,15.65,15.65,15.65,15.65,2010
2020-02-26,15.65,15.65,15.65,15.65,15.65,2010
2020-02-27,15.65,15.65,15.65,15.65,15.65,2010
2020-03-02,15.65,15.65,15.65,15.65,15.65,2010
2020-03-03,15.65,15.65,15.65,15.65,15.65,2010
2020-03-04,15.65,15.65,15.65,15.65,15.65,2010
2020-03-05,15.65,15.65,15.65,15.65,15.65,2010
2020-03-06,15.65,15.65,15.65,15.65,15.65,2010
2020-03-09,15.65,15.65,15.65,15.65,15.65,2010
2020-03-10,15.65,15.65,15.65,15.65,15.65,2010
2020-03-11,15.65,15.65,15.65,15.65,15.65,2010
2020-03-12,15.65,15.65,15.65,15.65,15.65,2010
2020-03-13,15.65,15.65,15.65,15.65,15.65,2010
2020-03-16,15.65,15.65,15.65,15.65,15.65,2010
2020-03-17,15.65,15.65,15.65,15.65,15.65,2010
2020-03-18,15.65,15.65,15.65,15.65,15.65,2010
2020-03-19,15.65,15.65,15.65,15.65,15.65,2010
2020-03-20,15.65,15.65,15.65,15.65,15.65,2010
2020-03-23,15.65,15.65,15.65,15.65,15.65,2010
2020-03-24,15.65,15.65,15.65,15.65,15.65,2010
2020-03-25,15.65,15.65,15.65,15.65,15.65,2010
2020-03-26,15.65,15.65,15.65,15.65,15.65,2010
2020-03-27,15.65,15.65,15.65,15.65,15.65,2010
2020-03-30,15.65,15.65,15.65,15.65,15.65,2010
2020-03-31,15.65,15.65,15.65,15.65,15.65,2010
2020-04-01,15.65,15.65,15.65,15.65,15.65,2010
2020-04-07,15.65,15.65,15.65,15.65,15.65,2010
2020-04-08,15.65,15.65,15.65,15.65,15.65,2010
2020-04-09,15.65,15.65,15.65,15.65,15.65,2010
2020-04-10,15.65,15.65,15.65,15.65,15.65,2010
2020-04-13,15.65,15.65,15.65,15.65,15.65,2010
2020-04-14,15.65,15.65,15.65,15.65,15.65,2010
2020-04-15,15.65,15.65,15.65,15.65,15.65,2010
2020-04-16,15.65,15.65,15.65,15.65,15.65,2010
2020-04-17,15.65,15.65,15.65,15.65,15.65,2010
2020-04-20,15.65,15.65,15.65,15.65,15.65,2010
2020-04-21,15.65,15.65,15.65,15.65,15.65,2010
2020-04-22,15.65,15.65,15.65,15.65,15.65,2010
2020-04-23,15.65,15.65,15.65,15.65,15.65,2010
2020-04-24,15.65,15.65,15.65,15.65,15.65,2010
2020-04-27,15.65,15.65,15.65,15.65,15.65,2010
2020-04-28,15.65,15.65,15.65,15.65,15.65,2010
2020-04-29,15.65,15.65,15.65,15.65,15.65,2010
2020-05-04,15.65,15.65,15.65,15.65,15.65,2010
2020-05-05,15.65,15.65,15.65,15.65,15.65,2010
2020-05-06,15.65,15.65,15.65,15.65,15.65,2010
2020-05-07,15.65,15.65,15.65,15.65,15.65,2010
2020-05-08,15.65,15.65,15.65,15.65,15.65,2010
2020-05-11,15.65,15.65,15.65,15.65,15.65,2010
2020-05-12,15.65,15.65,15.65,15.65,15.65,2010
2020-05-13,15.65,15.65,15.65,15.65,15.65,2010
2020-05-14,15.65,15.65,15.65,15.65,15.65,2010
2020-05-15,15.65,15.65,15.65,15.65,15.65,2010
2020-05-18,15.65,15.65,15.65,15.65,15.65,2010
2020-05-19,15.65,15.65,15.65,15.65,15.65,2010
2020-05-20,15.65,15.65,15.65,15.65,15.65,2010
2020-05-21,15.65,15.65,15.65,15.65,15.65,2010
2020-05-22,15.65,15.65,15.65,15.65,15.65,2010
2020-05-25,15.65,15.65,15.65,15.65,15.65,2010
2020-05-26,15.65,15.65,15.65,15.65,15.65,2010
2020-05-27,15.65,15.65,15.65,15.65,15.65,2010
2020-05-28,15.65,15.65,15.65,15.65,15.65,2010
2020-05-29,15.65,15.65,15.65,15.65,15.65,2010
2020-06-01,15.65,15.65,15.65,15.65,15.65,2010
2020-06-02,15.65,15.65,15.65,15.65,15.65,2010
2020-06-03,15.65,15.65,15.65,15.65,15.65,2010
2020-06-04,15.65,15.65,15.65,15.65,15.65,2010
2020-06-05,15.65,15.65,15.65,15.65,15.65,2010
2020-06-08,15.65,15.65,15.65,15.65,15.65,2010
2020-06-09,15.65,15.65,15.65,15.65,15.65,2010
2020-06-10,15.65,15.65,15.65,15.65,15.65,2010
2020-06-11,15.65,15.65,15.65,15.65,15.65,2010
2020-06-12,15.65,15.65,15.65,15.65,15.65,2010
2020-06-15,15.65,15.65,15.65,15.65,15.65,2010
2020-06-16,15.65,15.65,15.65,15.65,15.65,2010
2020-06-17,15.65,15.65,15.65,15.65,15.65,2010
2020-06-18,15.65,15.65,15.65,15.65,15.65,2010
2020-06-19,15.65,15.65,15.65,15.65,15.65,2010
2020-06-22,15.65,15.65,15.65,15.65,15.65,2010
2020-06-23,15.65,15.65,15.65,15.65,15.65,2010
2020-06-24,15.65,15.65,15.65,15.65,15.65,2010
2020-06-29,15.65,15.65,15.65,15.65,15.65,2010
2020-06-30,15.65,15.65,15.65,15.65,15.65,2010
2020-07-01,15.65,15.65,15.65,15.65,15.65,2010
2020-07-02,15.65,15.65,15.65,15.65,15.65,2010
2020-07-03,15.65,15.65,15.65,15.65,15.65,2010
2020-07-06,15.65,15.65,15.65,15.65,15.65,2010
2020-07-07,15.65,15.65,15.65,15.65,15.65,2010
2020-07-08,15.65,15.65,15.65,15.65,15.65,2010
2020-07-09,15.65,15.65,15.65,15.65,15.65,2010
2020-07-10,15.65,15.65,15.65,15.65,15.65,2010
2020-07-13,15.65,15.65,15.65,15.65,15.65,2010
2020-07-14,15.65,15.65,15.65,15.65,15.65,2010
2020-07-15,15.65,15.65,15.65,15.65,15.65,2010
2020-07-16,15.65,15.65,15.65,15.65,15.65,2010
2020-07-17,15.65,15.65,15.65,15.65,15.65,2010
2020-07-20,15.65,15.65,15.65,15.65,15.65,2010
2020-07-21,15.65,15.65,15.65,15.65,15.65,2010
2020-07-22,15.65,15.65,15.65,15.65,15.65,2010
2020-07-23,15.65,15.65,15.65,15.65,15.65,2010
2020-07-24,15.65,15.65,15.65,15.65,15.65,2010
2020-07-27,15.65,15.65,15.65,15.65,15.65,2010
2020-07-28,15.65,15.65,15.65,15.65,15.65,2010
2020-07-29,15.65,15.65,15.65,15.65,15.65,2010
2020-07-30,15.65,15.65,15.65,15.65,15.65,2010
2020-07-31,15.65,15.65,15.65,15.65,15.65,2010
2020-08-03,15.65,15.65,15.65,15.65,15.65,2010
2020-08-04,15.65,15.65,15.65,15.65,15.65,2010
2020-08-05,15.65,15.65,15.65,15.65,15.65,2010
2020-08-06,15.65,15.65,15.65,15.65,15.65,2010
2020-08-07,15.65,15.65,15.65,15.65,15.65,2010
2020-08-10,15.65,15.65,15.65,15.65,15.65,2010
2020-08-11,15.65,15.65,15.65,15.65,15.65,2010
2020-08-12,15.65,15.65,15.65,15.65,15.65,2010
2020-08-13,15.65,15.65,15.65,15.65,15.65,2010
2020-08-14,15.65,15.65,15.65,15.65,15.65,2010
2020-08-17,15.65,15.65,15.65,15.65,15.65,2010
2020-08-18,15.65,15.65,15.65,15.65,15.65,2010
2020-08-19,15.65,15.65,15.65,15.65,15.65,2010
2020-08-20,15.65,15.65,15.65,15.65,15.65,2010
2020-08-21,15.65,15.65,15.65,15.65,15.65,2010
2020-08-24,15.65,15.65,15.65,15.65,15.65,2010
2020-08-25,15.65,15.65,15.65,15.65,15.65,2010
2020-08-26,15.65,15.65,15.65,15.65,15.65,2010
2020-08-27,15.65,15.65,15.65,15.65,15.65,2010
2020-08-28,15.65,15.65,15.65,15.65,15.65,2010
2020-08-31,15.65,15.65,15.65,15.65,15.65,2010
2020-09-01,15.65,15.65,15.65,15.65,15.65,2010
2020-09-02,15.65,15.65,15.65,15.65,15.65,2010
2020-09-03,15.65,15.65,15.65,15.65,15.65,2010
2020-09-04,15.65,15.65,15.65,15.65,15.65,2010
2020-09-07,15.65,15.65,15.65,15.65,15.65,2010
2020-09-08,15.65,15.65,15.65,15.65,15.65,2010
2020-09-09,15.65,15.65,15.65,15.65,15.65,2010
2020-09-10,15.65,15.65,15.65,15.65,15.65,2010
2020-09-11,15.65,15.65,15.65,15.65,15.65,2010
2020-09-14,15.65,15.65,15.65,15.65,15.65,2010
2020-09-15,15.65,15.65,15.65,15.65,15.65,2010
2020-09-16,15.65,15.65,15.65,15.65,15.65,2010
2020-09-17,15.65,15.65,15.65,15.65,15.65,2010
2020-09-18,15.65,15.65,15.65,15.65,15.65,2010
2020-09-21,15.65,15.65,15.65,15.65,15.65,2010
2020-09-22,15.65,15.65,15.65,15.65,15.65,2010
2020-09-23,15.65,15.65,15.65,15.65,15.65,2010
2020-09-24,15.65,15.65,15.65,15.65,15.65,2010
2020-09-25,15.65,15.65,15.65,15.65,15.65,2010
2020-09-28,15.65,15.65,15.65,15.65,15.65,2010
2020-09-29,15.65,15.65,15.65,15.65,15.65,2010
2020-09-30,15.65,15.65,15.65,15.65,15.65,2010
2020-10-05,15.65,15.65,15.65,15.65,15.65,2010
2020-10-06,15.65,15.65,15.65,15.65,15.65,2010
2020-10-07,15.65,15.65,15.65,15.65,15.65,2010
2020-10-08,15.65,15.65,15.65,15.65,15.65,2010
2020-10-12,15.65,15.65,15.65,15.65,15.65,2010
2020-10-13,15.65,15.65,15.65,15.65,15.65,2010
2020-10-14,15.65,15.65,15.65,15.65,15.65,2010
2020-10-15,15.65,15.65,15.65,15.65,15.65,2010
2020-10-16,15.65,15.65,15.65,15.65,15.65,2010
2020-10-19,15.65,15.65,15.65,15.65,15.65,2010
2020-10-20,15.65,15.65,15.65,15.65,15.65,2010
2020-10-21,15.65,15.65,15.65,15.65,15.65,2010
2020-10-22,15.65,15.65,15.65,15.65,15.65,2010
2020-10-23,15.65,15.65,15.65,15.65,15.65,2010
2020-10-26,15.65,15.65,15.65,15.65,15.65,2010
2020-10-27,15.65,15.65,15.65,15.65,15.65,2010
2020-10-28,15.65,15.65,15.65,15.65,15.65,2010
2020-10-29,15.65,15.65,15.65,15.65,15.65,2010
2020-10-30,15.65,15.65,15.65,15.65,15.65,2010
2020-11-02,15.65,15.65,15.65,15.65,15.65,2010
2020-11-03,15.65,15.65,15.65,15.65,15.65,2010
2020-11-04,15.65,15.65,15.65,15.65,15.65,2010
2020-11-05,15.65,15.65,15.65,15.65,15.65,2010
2020-11-06,15.65,15.65,15.65,15.65,15.65,2010
2020-11-09,15.65,15.65,15.65,15.65,15.65,2010
2020-11-10,15.65,15.65,15.65,15.65,15.65,2010
2020-11-11,15.65,15.65,15.65,15.65,15.65,2010
2020-11-12,15.65,15.65,15.65,15.65,15.65,2010
2020-11-13,15.65,15.65,15.65,15.65,15.65,2010
2020-11-16,15.65,15.65,15.65,15.65,15.65,2010
2020-11-17,15.65,15.65,15.65,15.65,15.65,2010
2020-11-18,15.65,15.65,15.65,15.65,15.65,2010
2020-11-19,15.65,15.65,15.65,15.65,15.65,2010
2020-11-20,15.65,15.65,15.65,15.65,15.65,2010
2020-11-23,15.65,15.65,15.65,15.65,15.65,2010
2020-11-24,15.65,15.65,15.65,15.65,15.65,2010
2020-11-25,15.65,15.65,15.65,15.65,15.65,2010
2020-11-26,15.65,15.65,15.65,15.65,15.65,2010
2020-11-27,15.65,15.65,15.65,15.65,15.65,2010
2020-11-30,15.65,15.65,15.65,15.65,15.65,2010
2020-12-01,15.65,15.65,15.65,15.65,15.65,2010
2020-12-02,15.65,15.65,15.65,15.65,15.65,2010
2020-12-04,15.65,15.65,15.65,15.65,15.65,2010
2020-12-07,15.65,15.65,15.65,15.65,15.65,2010
2020-12-08,15.65,15.65,15.65,15.65,15.65,2010
2020-12-09,15.65,15.65,15.65,15.65,15.65,2010
2020-12-10,15.65,15.65,15.65,15.65,15.65,2010
2020-12-11,15.65,15.65,15.65,15.65,15.65,2010
2020-12-14,15.65,15.65,15.65,15.65,15.65,2010
2020-12-15,15.65,15.65,15.65,15.65,15.65,2010
2020-12-16,15.65,15.65,15.65,15.65,15.65,2010
2020-12-17,15.65,15.65,15.65,15.65,15.65,2010
2020-12-18,15.65,15.65,15.65,15.65,15.65,2010
2020-12-21,15.65,15.65,15.65,15.65,15.65,2010
2020-12-22,15.65,15.65,15.65,15.65,15.65,2010
2020-12-23,15.65,15.65,15.65,15.65,15.65,2010
2020-12-24,15.65,15.65,15.65,15.65,15.65,2010
2020-12-25,15.65,15.65,15.65,15.65,15.65,2010
2020-12-28,15.65,15.65,15.65,15.65,15.65,2010
2020-12-29,15.65,15.65,15.65,15.65,15.65,2010
2020-12-30,15.65,15.65,15.65,15.65,15.65,2010
2020-12-31,15.65,15.65,15.65,15.65,15.65,2010
2021-01-04,15.65,15.65,15.65,15.65,15.65,2010
2021-01-05,15.65,15.65,15.65,15.65,15.65,2010
2021-01-06,15.65,15.65,15.65,15.65,15.65,2010
2021-01-07,15.65,15.65,15.65,15.65,15.65,2010
2021-01-08,15.65,15.65,15.65,15.65,15.65,2010
2021-01-11,15.65,15.65,15.65,15.65,15.65,2010
2021-01-12,15.65,15.65,15.65,15.65,15.65,2010
2021-01-13,15.65,15.65,15.65,15.65,15.65,2010
2021-01-14,15.65,15.65,15.65,15.65,15.65,2010
2021-01-15,15.65,15.65,15.65,15.65,15.65,2010
2021-01-18,15.65,15.65,15.65,15.65,15.65,2010
2021-01-19,15.65,15.65,15.65,15.65,15.65,2010
2021-01-20,15.65,15.65,15.65,15.65,15.65,2010
2021-01-21,15.65,15.65,15.65,15.65,15.65,2010
2021-01-22,15.65,15.65,15.65,15.65,15.65,2010
2021-01-25,15.65,15.65,15.65,15.65,15.65,2010
2021-01-26,15.65,15.65,15.65,15.65,15.65,2010
2021-01-27,15.65,15.65,15.65,15.65,15.65,2010
2021-01-28,15.65,15.65,15.65,15.65,15.65,2010
2021-01-29,15.65,15.65,15.65,15.65,15.65,2010
2021-02-01,15.65,15.65,15.65,15.65,15.65,2010
2021-02-02,15.65,15.65,15.65,15.65,15.65,2010
2021-02-03,15.65,15.65,15.65,15.65,15.65,2010
2021-02-04,15.65,15.65,15.65,15.65,15.65,2010
2021-02-05,15.65,15.65,15.65,15.65,15.65,2010
2021-02-17,15.65,15.65,15.65,15.65,15.65,2010
2021-02-18,15.65,15.65,15.65,15.65,15.65,2010
2021-02-19,15.65,15.65,15.65,15.65,15.65,2010
2021-02-22,15.65,15.65,15.65,15.65,15.65,2010
2021-02-23,15.65,15.65,15.65,15.65,15.65,2010
2021-02-24,15.65,15.65,15.65,15.65,15.65,2010
2021-02-25,15.65,15.65,15.65,15.65,15.65,2010
2021-02-26,15.65,15.65,15.65,15.65,15.65,2010
2021-03-02,15.65,15.65,15.65,15.65,15.65,2010
2021-03-03,15.65,15.65,15.65,15.65,15.65,2010
2021-03-04,15.65,15.65,15.65,15.65,15.65,2010
2021-03-05,15.65,15.65,15.65,15.65,15.65,2010
2021-03-08,15.65,15.65,15.65,15.65,15.65,2010
2021-03-09,15.65,15.65,15.65,15.65,15.65,2010
2021-03-10,15.65,15.65,15.65,15.65,15.65,2010
2021-03-11,15.65,15.65,15.65,15.65,15.65,2010
2021-03-12,15.65,15.65,15.65,15.65,15.65,2010
2021-03-15,15.65,15.65,15.65,15.65,15.65,2010
2021-03-16,15.65,15.65,15.65,15.65,15.65,2010
2021-03-17,15.65,15.65,15.65,15.65,15.65,2010
2021-03-18,15.65,15.65,15.65,15.65,15.65,2010
2021-03-19,15.65,15.65,15.65,15.65,15.65,2010
2021-03-22,15.65,15.65,15.65,15.65,15.65,2010
2021-03-23,15.65,15.65,15.65,15.65,15.65,2010
2021-03-24,15.65,15.65,15.65,15.65,15.65,2010
2021-03-25,15.65,15.65,15.65,15.65,15.65,2010
2021-03-26,15.65,15.65,15.65,15.65,15.65,2010
2021-03-29,15.65,15.65,15.65,15.65,15.65,2010
2021-03-30,15.65,15.65,15.65,15.65,15.65,2010
2021-03-31,15.65,15.65,15.65,15.65,15.65,2010
2021-04-01,15.65,15.65,15.65,15.65,15.65,2010
2021-04-06,15.65,15.65,15.65,15.65,15.65,2010
2021-04-07,15.65,15.65,15.65,15.65,15.65,2010
2021-04-08,15.65,15.65,15.65,15.65,15.65,2010
2021-04-09,15.65,15.65,15.65,15.65,15.65,2010
2021-04-12,15.65,15.65,15.65,15.65,15.65,2010
2021-04-13,15.65,15.65,15.65,15.65,15.65,2010
2021-04-14,15.65,15.65,15.65,15.65,15.65,2010
2021-04-15,15.65,15.65,15.65,15.65,15.65,2010
2021-04-16,15.65,15.65,15.65,15.65,15.65,2010
2021-04-19,15.65,15.65,15.65,15.65,15.65,2010
2021-04-20,15.65,15.65,15.65,15.65,15.65,2010
2021-04-21,15.65,15.65,15.65,15.65,15.65,2010
2021-04-22,15.65,15.65,15.65,15.65,15.65,2010
2021-04-23,15.65,15.65,15.65,15.65,15.65,2010
2021-04-26,15.65,15.65,15.65,15.65,15.65,2010
2021-04-27,15.65,15.65,15.65,15.65,15.65,2010
2021-04-28,15.65,15.65,15.65,15.65,15.65,2010
2021-04-29,15.65,15.65,15.65,15.65,15.65,2010
2021-05-03,15.65,15.65,15.65,15.65,15.65,2010
2021-05-04,15.65,15.65,15.65,15.65,15.65,2010
2021-05-05,15.65,15.65,15.65,15.65,15.65,2010
2021-05-06,15.65,15.65,15.65,15.65,15.65,2010
2021-05-07,15.65,15.65,15.65,15.65,15.65,2010
2021-05-10,15.65,15.65,15.65,15.65,15.65,2010
2021-05-11,15.65,15.65,15.65,15.65,15.65,2010
2021-05-12,15.65,15.65,15.65,15.65,15.65,2010
2021-05-13,15.65,15.65,15.65,15.65,15.65,2010
2021-05-14,15.65,15.65,15.65,15.65,15.65,2010
2021-05-17,15.65,15.65,15.65,15.65,15.65,2010
2021-05-18,15.65,15.65,15.65,15.65,15.65,2010
2021-05-19,15.65,15.65,15.65,15.65,15.65,2010
2021-05-20,15.65,15.65,15.65,15.65,15.65,2010
2021-05-21,15.65,15.65,15.65,15.65,15.65,2010
2021-05-24,15.65,15.65,15.65,15.65,15.65,2010
2021-05-25,15.65,15.65,15.65,15.65,15.65,2010
2021-05-26,15.65,15.65,15.65,15.65,15.65,2010
2021-05-27,15.65,15.65,15.65,15.65,15.65,2010
2021-05-28,15.65,15.65,15.65,15.65,15.65,2010
2021-05-31,15.65,15.65,15.65,15.65,15.65,2010
2021-06-01,15.65,15.65,15.65,15.65,15.65,2010
2021-06-02,15.65,15.65,15.65,15.65,15.65,2010
2021-06-03,15.65,15.65,15.65,15.65,15.65,2010
2021-06-04,15.65,15.65,15.65,15.65,15.65,2010
2021-06-07,15.65,15.65,15.65,15.65,15.65,2010
2021-06-08,15.65,15.65,15.65,15.65,15.65,2010
2021-06-09,15.65,15.65,15.65,15.65,15.65,2010
2021-06-10,15.65,15.65,15.65,15.65,15.65,2010
2021-06-11,15.65,15.65,15.65,15.65,15.65,2010
2021-06-15,15.65,15.65,15.65,15.65,15.65,2010
2021-06-16,15.65,15.65,15.65,15.65,15.65,2010
2021-06-17,15.65,15.65,15.65,15.65,15.65,2010
2021-06-18,15.65,15.65,15.65,15.65,15.65,2010
2021-06-21,15.65,15.65,15.65,15.65,15.65,2010
2021-06-22,15.65,15.65,15.65,15.65,15.65,2010
2021-06-23,15.65,15.65,15.65,15.65,15.65,2010
2021-06-24,15.65,15.65,15.65,15.65,15.65,2010
2021-06-25,15.65,15.65,15.65,15.65,15.65,2010
2021-06-28,15.65,15.65,15.65,15.65,15.65,2010
2021-06-29,15.65,15.65,15.65,15.65,15.65,2010
2021-06-30,15.65,15.65,15.65,15.65,15.65,2010
2021-07-01,15.65,15.65,15.65,15.65,15.65,2010
2021-07-02,15.65,15.65,15.65,15.65,15.65,2010
2021-07-05,15.65,15.65,15.65,15.65,15.65,2010
2021-07-06,15.65,15.65,15.65,15.65,15.65,2010
2021-07-07,15.65,15.65,15.65,15.65,15.65,2010
2021-07-08,15.65,15.65,15.65,15.65,15.65,2010
2021-07-09,15.65,15.65,15.65,15.65,15.65,2010
2021-07-12,15.65,15.65,15.65,15.65,15.65,2010
2021-07-13,15.65,15.65,15.65,15.65,15.65,2010
2021-07-14,15.65,15.65,15.65,15.65,15.65,2010
2021-07-15,15.65,15.65,15.65,15.65,15.65,2010
2021-07-16,15.65,15.65,15.65,15.65,15.65,2010
2021-07-19,15.65,15.65,15.65,15.65,15.65,2010
2021-07-20,15.65,15.65,15.65,15.65,15.65,2010
2021-07-21,15.65,15.65,15.65,15.65,15.65,2010
2021-07-22,15.65,15.65,15.65,15.65,15.65,2010
2021-07-23,15.65,15.65,15.65,15.65,15.65,2010
2021-07-26,15.65,15.65,15.65,15.65,15.65,2010
2021-07-27,15.65,15.65,15.65,15.65,15.65,2010
2021-07-28,15.65,15.65,15.65,15.65,15.65,2010
2021-07-29,15.65,15.65,15.65,15.65,15.65,2010
2021-07-30,15.65,15.65,15.65,15.65,15.65,2010
2021-08-02,15.65,15.65,15.65,15.65,15.65,2010
2021-08-03,15.65,15.65,15.65,15.65,15.65,2010
2021-08-04,15.65,15.65,15.65,15.65,15.65,2010
2021-08-05,15.65,15.65,15.65,15.65,15.65,2010
2021-08-06,15.65,15.65,15.65,15.65,15.65,2010
2021-08-09,39.8,39.8,40.7,39.5,39.9,56000
2021-08-10,40.35,40.35,42.1,40.0,42.1,110000
2021-08-11,39.95,39.95,41.3,39.85,40.8,44000
2021-08-12,40.2,40.2,40.5,39.8,40.2,36000
2021-08-13,40.1,40.1,40.2,39.5,40.2,27000
2021-08-16,39.35,39.35,40.5,38.7,40.5,15000
2021-08-17,39.85,39.85,40.7,39.1,40.7,11000
2021-08-18,39.9,39.9,40.0,39.0,39.3,17000
2021-08-19,39.7,39.7,39.85,39.25,39.85,16000
2021-08-20,39.0,39.0,40.3,39.0,40.3,25000
2021-08-23,39.45,39.45,39.8,39.1,39.4,15000
2021-08-24,39.7,39.7,39.7,39.3,39.45,3000
2021-08-25,40.0,40.0,40.2,40.0,40.2,2000
2021-08-26,39.75,39.75,39.75,39.5,39.5,3000
2021-08-27,39.6,39.6,39.65,39.1,39.5,23000
2021-08-30,39.6,39.6,39.6,39.05,39.1,9000
2021-08-31,39.05,39.05,39.5,38.7,38.7,44000
2021-09-01,39.2,39.2,39.2,38.95,39.05,23000
2021-09-02,38.8,38.8,38.85,38.8,38.85,4000
2021-09-03,39.2,39.2,39.5,38.6,39.5,16000
2021-09-06,39.0,39.0,39.5,38.5,39.5,26000
2021-09-07,38.95,38.95,39.0,38.3,39.0,31000
2021-09-08,38.6,38.6,38.7,38.2,38.6,29000
2021-09-09,38.85,38.85,39.4,38.3,39.4,8000
2021-09-10,38.85,38.85,38.95,38.35,38.95,9000
2021-09-13,38.65,38.65,38.65,38.15,38.15,6000
2021-09-14,38.2,38.2,38.4,38.2,38.25,15000
2021-09-15,38.2,38.2,38.2,37.95,38.1,17000
2021-09-16,38.7,38.7,38.7,38.05,38.35,33000
2021-09-17,39.0,39.0,39.3,38.6,39.0,28000
2021-09-22,39.0,39.0,39.0,38.3,38.5,10000
2021-09-23,39.0,39.0,39.0,38.3,38.35,5000
2021-09-24,39.9,39.9,39.9,39.0,39.0,12000
2021-09-27,39.8,39.8,40.0,39.0,39.5,8000
2021-09-28,39.5,39.5,39.7,38.4,38.5,24000
2021-09-29,39.1,39.1,39.1,38.15,38.5,15000
2021-09-30,39.2,39.2,39.2,39.15,39.15,3000
2021-10-01,38.8,38.8,38.8,38.1,38.3,11000
2021-10-04,38.45,38.45,38.45,38.15,38.2,7000
2021-10-05,38.5,38.5,38.5,38.4,38.4,12000
2021-10-06,39.2,39.2,39.4,38.5,38.6,16000
2021-10-07,39.35,39.35,39.5,39.2,39.2,8000
2021-10-08,39.75,39.75,40.1,39.35,40.1,6000
2021-10-12,39.5,39.5,39.9,39.0,39.9,6000
2021-10-13,39.85,39.85,39.9,38.45,39.9,3000
2021-10-14,39.8,39.8,40.0,39.75,39.8,23000
2021-10-15,39.9,39.9,40.2,39.15,40.2,20000
2021-10-18,39.55,39.55,40.7,39.55,40.0,48000
2021-10-19,41.1,41.1,41.1,40.0,40.0,68000
2021-10-20,41.7,41.7,42.35,40.0,41.9,43000
2021-10-21,41.8,41.8,42.2,41.0,41.6,40000
2021-10-22,42.2,42.2,42.5,41.7,42.1,57000
2021-10-25,42.7,42.7,43.2,41.35,42.2,43000
2021-10-26,42.35,42.35,42.35,41.6,42.1,72000
2021-10-27,42.75,42.75,42.8,42.0,42.35,31000
2021-10-28,43.0,43.0,43.8,41.7,43.75,72000
2021-10-29,42.95,42.95,43.1,41.6,42.95,79000
2021-11-01,42.1,42.1,42.7,41.9,42.05,16000
2021-11-02,40.8,40.8,41.5,40.8,41.15,32000
2021-11-03,40.8,40.8,40.85,40.8,40.8,4000
2021-11-04,40.05,40.05,40.8,40.05,40.7,24000
2021-11-05,39.7,39.7,39.7,39.25,39.3,6000
2021-11-08,40.0,40.0,40.0,39.4,39.4,8000
2021-11-09,40.0,40.0,40.0,39.5,39.5,4000
2021-11-10,39.5,39.5,39.5,39.4,39.5,5000
2021-11-11,40.0,40.0,40.5,40.0,40.0,26000
2021-11-12,44.0,44.0,44.0,41.1,41.1,294000
2021-11-15,43.35,43.35,45.95,43.35,45.1,227000
2021-11-16,43.0,43.0,44.0,43.0,44.0,41000
2021-11-17,43.2,43.2,43.75,42.55,43.5,35000
2021-11-18,42.75,42.75,43.65,42.75,43.2,58000
2021-11-19,41.7,41.7,42.55,41.7,42.55,61000
2021-11-22,41.3,41.3,41.7,41.05,41.7,12000
2021-11-23,40.6,40.6,41.0,40.5,40.7,21000
2021-11-24,40.3,40.3,40.3,40.0,40.1,11000
2021-11-25,40.15,40.15,40.65,40.15,40.65,22000
2021-11-26,40.7,40.7,40.7,40.15,40.15,12000
2021-11-29,40.9,40.9,40.9,39.6,39.6,13000
2021-11-30,41.45,41.45,41.45,41.0,41.0,9000
2021-12-01,40.5,40.5,40.8,40.35,40.8,8000
2021-12-02,40.3,40.3,40.3,40.2,40.2,4000
2021-12-03,40.5,40.5,40.5,40.3,40.3,9000
2021-12-06,40.0,40.0,40.55,40.0,40.5,14000
2021-12-07,40.4,40.4,40.4,39.85,39.85,11000
2021-12-08,40.5,40.5,40.5,39.95,40.0,6000
2021-12-09,40.0,40.0,40.25,39.65,40.05,11000
2021-12-10,40.0,40.0,40.15,39.4,39.4,18000
2021-12-13,40.0,40.0,40.0,39.25,39.25,20000
2021-12-14,39.7,39.7,40.0,39.5,39.6,27000
2021-12-15,39.8,39.8,39.9,39.6,39.9,9000
2021-12-16,39.65,39.65,40.0,39.65,39.7,10000
2021-12-17,39.7,39.7,39.8,39.25,39.75,15000
2021-12-20,39.8,39.8,39.8,39.05,39.6,14000
2021-12-21,39.8,39.8,39.8,39.5,39.5,19000
2021-12-22,39.8,39.8,39.8,39.7,39.8,5000
2021-12-23,39.6,39.6,39.8,39.55,39.8,9000
2021-12-24,39.8,39.8,39.8,39.2,39.3,10000
2021-12-27,39.4,39.4,39.8,39.4,39.8,21000
2021-12-28,39.8,39.8,39.8,39.2,39.2,10000
2021-12-29,39.9,39.9,40.0,39.35,39.5,6000
2021-12-30,40.0,40.0,40.0,39.3,39.85,16000
2022-01-03,39.5,39.5,40.0,39.3,39.8,18000
2022-01-04,40.5,40.5,40.5,39.3,39.3,12000
2022-01-05,40.05,40.05,40.45,39.3,40.45,10000
2022-01-06,40.0,40.0,40.2,40.0,40.2,5000
2022-01-07,39.2,39.2,39.9,39.2,39.5,14000
2022-01-10,39.8,39.8,39.85,39.6,39.6,3000
2022-01-11,39.75,39.75,39.8,39.5,39.5,8000
2022-01-12,39.55,39.55,39.6,39.3,39.3,8000
2022-01-13,39.6,39.6,39.6,39.05,39.6,7000
2022-01-14,38.6,38.6,40.0,38.6,40.0,28000
2022-01-17,39.15,39.15,39.25,38.7,39.25,21000
2022-01-18,39.25,39.25,39.35,38.8,38.8,8000
2022-01-19,39.25,39.25,39.45,39.25,39.25,3000
2022-01-20,39.4,39.4,39.4,39.25,39.25,6000
2022-01-21,38.0,38.0,39.4,38.0,39.2,28000
2022-01-24,38.1,38.1,38.8,37.55,38.8,31000
2022-01-25,38.0,38.0,38.3,37.5,37.5,12000
2022-01-26,38.6,38.6,38.6,37.5,38.6,13000
2022-02-07,38.8,38.8,39.5,37.8,38.8,12000
2022-02-08,38.8,38.8,38.85,38.8,38.8,3000
2022-02-09,39.3,39.3,39.4,37.75,38.5,7000
2022-02-10,39.4,39.4,39.4,38.75,38.75,7000
2022-02-11,39.2,39.2,39.35,38.25,38.3,6000
2022-02-15,39.2,39.2,39.2,37.65,39.1,13000
2022-02-16,38.0,38.0,39.2,38.0,38.1,29000
2022-02-17,38.9,38.9,38.9,38.05,38.75,21000
2022-02-18,39.2,39.2,39.5,38.3,39.1,10000
2022-02-21,39.3,39.3,39.3,38.4,38.4,5000
2022-02-22,39.0,39.0,39.5,38.5,39.3,6000
2022-02-23,38.8,38.8,39.0,38.0,38.2,11000
2022-02-24,38.05,38.05,39.1,38.0,39.1,21000
2022-02-25,38.7,38.7,38.85,38.0,38.55,24000
2022-03-01,38.9,38.9,38.9,38.3,38.35,7000
2022-03-02,38.9,38.9,39.0,38.1,38.1,9000
2022-03-03,38.9,38.9,38.95,38.2,38.95,9000
2022-03-04,38.75,38.75,38.9,38.25,38.85,17000
2022-03-07,37.9,37.9,38.75,37.6,38.75,17000
2022-03-08,38.4,38.4,38.4,37.05,37.9,36000
2022-03-09,38.45,38.45,38.6,37.85,38.0,12000
2022-03-10,38.45,38.45,38.5,37.85,38.5,7000
2022-03-11,38.4,38.4,38.4,37.8,37.8,2000
2022-03-14,38.05,38.05,38.15,37.45,37.5,11000
2022-03-15,37.95,37.95,38.4,36.1,38.4,15000
2022-03-16,37.5,37.5,37.75,37.05,37.5,10000
2022-03-17,37.85,37.85,37.95,36.85,37.5,11000
2022-03-18,37.85,37.85,37.85,37.85,37.85,2000
2022-03-21,37.2,37.2,38.1,35.9,38.1,71000
2022-03-22,37.4,37.4,37.4,36.15,36.15,40000
2022-03-23,37.6,37.6,37.9,36.8,37.35,16000
2022-03-24,37.1,37.1,37.45,36.4,36.65,10000
2022-03-25,37.25,37.25,37.45,36.8,37.05,7000
2022-03-28,37.6,37.6,37.7,36.7,36.8,8000
2022-03-29,37.2,37.2,37.6,36.65,37.6,16000
2022-03-30,37.05,37.05,37.4,36.25,36.95,38000
2022-03-31,37.15,37.15,37.15,36.95,36.95,3000
2022-04-01,37.0,37.0,37.0,36.1,36.7,13000
2022-04-06,37.05,37.05,37.3,36.95,36.95,3000
2022-04-07,37.1,37.1,37.15,36.8,36.8,24000
2022-04-08,37.25,37.25,37.3,37.1,37.3,16000
2022-04-11,37.4,37.4,37.4,37.0,37.4,17000
2022-04-12,37.4,37.4,37.4,37.0,37.1,7000
2022-04-13,37.5,37.5,37.6,37.05,37.6,18000
2022-04-14,37.5,37.5,37.5,37.0,37.1,17000
2022-04-15,37.05,37.05,37.4,36.6,36.8,26000
2022-04-18,37.3,37.3,37.3,37.2,37.2,3000
2022-04-19,37.3,37.3,37.5,37.0,37.0,11000
2022-04-20,37.5,37.5,37.5,37.0,37.5,12000
2022-04-21,37.55,37.55,38.0,37.55,37.55,24000
2022-04-22,37.6,37.6,38.3,37.6,37.6,10000
2022-04-25,37.95,37.95,37.95,37.0,37.0,3000
2022-04-26,37.85,37.85,38.0,37.3,37.5,13000
2022-04-27,37.5,37.5,37.8,37.0,37.0,13000
2022-04-28,37.5,37.5,37.5,37.05,37.05,5000
2022-04-29,37.5,37.5,37.9,37.1,37.8,6000
2022-05-03,37.2,37.2,37.85,37.0,37.85,15000
2022-05-04,37.4,37.4,37.55,37.0,37.2,16000
2022-05-05,37.4,37.4,37.45,37.1,37.1,4000
2022-05-09,37.15,37.15,37.6,36.8,37.4,19000
2022-05-10,37.0,37.0,37.15,36.5,36.8,28000
2022-05-11,36.9,36.9,37.0,36.4,36.45,10000
2022-05-12,36.65,36.65,36.75,36.4,36.7,13000
2022-05-13,36.6,36.6,37.1,36.0,37.1,23000
2022-05-16,37.0,37.0,37.15,36.7,36.8,16000
2022-05-17,37.1,37.1,37.3,36.6,37.3,15000
2022-05-18,37.5,37.5,37.5,37.1,37.3,14000
2022-05-19,37.5,37.5,37.5,37.0,37.2,9000
2022-05-20,37.9,37.9,38.0,37.1,37.5,17000
2022-05-23,37.95,37.95,38.1,37.6,38.1,6000
2022-05-24,37.85,37.85,38.3,37.4,37.95,15000
2022-05-25,38.0,38.0,38.0,37.55,37.7,9000
2022-05-26,37.7,37.7,37.95,37.7,37.7,3000
2022-05-27,37.9,37.9,38.1,37.5,38.1,5000
2022-05-30,37.95,37.95,38.1,37.8,37.9,7000
2022-05-31,37.7,37.7,38.0,37.6,37.7,17000
2022-06-01,37.85,37.85,37.9,37.7,37.9,3000
2022-06-02,37.75,37.75,38.0,37.7,37.85,8000
2022-06-06,37.75,37.75,37.9,37.75,37.85,5000
2022-06-07,37.8,37.8,37.9,37.5,37.9,13000
2022-06-08,37.95,37.95,38.1,37.8,37.9,14000
2022-06-09,38.0,38.0,38.0,37.5,37.7,31000
2022-06-10,37.9,37.9,37.95,37.75,37.95,23000
2022-06-13,37.75,37.75,37.8,37.5,37.8,9000
2022-06-14,38.15,38.15,38.3,37.75,38.0,21000
2022-06-15,41.95,41.95,41.95,37.95,38.15,167000
2022-06-16,41.7,41.7,45.95,40.7,45.7,266000
2022-06-17,38.8,38.8,40.9,38.8,40.9,67000
2022-06-20,37.95,37.95,39.5,37.3,38.9,86000
2022-06-21,38.5,38.5,38.5,37.3,37.95,35000
2022-06-22,38.3,38.3,39.1,38.3,38.5,14000
2022-06-23,38.0,38.0,38.5,37.75,38.3,12000
2022-06-24,38.3,38.3,38.5,37.5,38.3,23000
2022-06-27,38.0,38.0,38.7,37.9,38.3,298000
2022-06-28,38.15,38.15,38.3,37.9,38.3,6000
2022-06-29,37.95,37.95,38.3,37.7,38.15,10000
2022-06-30,37.95,37.95,38.3,37.7,38.0,9000
2022-07-01,37.65,37.65,38.5,37.2,37.7,23000
2022-07-04,37.7,37.7,37.8,37.0,37.8,13000
2022-07-05,37.85,37.85,38.3,37.65,38.0,9000
2022-07-06,37.3,37.3,38.0,37.1,37.3,18000
2022-07-07,37.3,37.3,37.4,37.15,37.15,7000
2022-07-08,37.35,37.35,37.6,37.15,37.6,11000
2022-07-11,37.2,37.2,37.45,37.2,37.3,5000
2022-07-12,37.0,37.0,37.2,36.6,37.2,11000
2022-07-13,37.6,37.6,37.8,37.4,37.5,4000
2022-07-14,37.85,37.85,37.85,37.85,37.85,1000
2022-07-15,37.3,37.3,37.7,37.0,37.15,19000
2022-07-18,37.25,37.25,37.35,36.85,37.0,9000
2022-07-19,37.15,37.15,37.3,36.7,36.7,17000
2022-07-20,37.25,37.25,37.3,36.65,36.9,13000
2022-07-21,36.9,36.9,37.65,36.5,37.65,32000
2022-07-22,37.2,37.2,37.6,36.9,36.9,12000
2022-07-25,37.15,37.15,37.6,37.0,37.2,12000
2022-07-26,37.35,37.35,37.6,37.0,37.2,16000
2022-07-27,37.5,37.5,37.65,37.35,37.35,9000
2022-07-28,37.3,37.3,37.6,37.3,37.6,12000
2022-07-29,37.4,37.4,37.7,37.25,37.7,10000
2022-08-01,38.2,38.2,38.2,37.5,37.5,16000
2022-08-02,40.2,40.2,40.95,38.25,38.45,52000
2022-08-03,39.75,39.75,42.45,39.45,40.2,203000
2022-08-04,39.0,39.0,39.8,38.25,39.8,30000
2022-08-05,39.3,39.3,39.5,38.5,39.5,23000
2022-08-08,39.95,39.95,40.0,39.8,39.8,19000
2022-08-09,40.3,40.3,40.5,40.0,40.0,12000
2022-08-10,40.1,40.1,40.35,40.0,40.35,6000
2022-08-11,39.8,39.8,40.9,39.55,40.5,17000
2022-08-12,39.3,39.3,40.0,39.1,40.0,16000
2022-08-15,39.3,39.3,39.4,39.15,39.4,7000
2022-08-16,39.25,39.25,39.5,39.15,39.2,12000
2022-08-17,39.3,39.3,39.6,39.0,39.3,26000
2022-08-18,39.5,39.5,39.5,39.35,39.5,5000
2022-08-19,39.3,39.3,39.7,39.3,39.7,3000
2022-08-22,39.2,39.2,39.3,39.2,39.3,2000
2022-08-23,39.3,39.3,39.5,39.1,39.3,5000
2022-08-24,39.5,39.5,39.7,39.3,39.7,7000
2022-08-25,39.7,39.7,39.8,39.4,39.5,17000
2022-08-26,39.8,39.8,40.2,39.75,39.75,5000
2022-08-29,39.8,39.8,39.8,39.0,39.5,11000
2022-08-30,39.5,39.5,39.85,39.5,39.8,4000
2022-08-31,39.5,39.5,39.5,39.0,39.1,39000
2022-09-01,39.4,39.4,39.5,38.85,39.5,13000
2022-09-02,40.4,40.4,41.2,39.5,39.6,43000
2022-09-05,40.2,40.2,40.8,39.5,40.0,15000
2022-09-06,39.65,39.65,40.3,39.6,40.2,14000
2022-09-07,39.65,39.65,39.65,39.0,39.3,15000
2022-09-08,39.4,39.4,39.8,39.4,39.7,11000
2022-09-12,39.5,39.5,39.9,39.5,39.9,6000
2022-09-13,39.15,39.15,39.9,39.05,39.9,13000
2022-09-14,39.15,39.15,39.35,39.05,39.35,9000
2022-09-15,39.05,39.05,39.25,39.05,39.2,8000
2022-09-16,39.3,39.3,39.7,39.0,39.7,14000
2022-09-19,39.4,39.4,39.9,39.0,39.1,9000
2022-09-20,39.5,39.5,39.5,39.05,39.05,3000
2022-09-21,39.7,39.7,39.9,39.0,39.5,14000
2022-09-22,39.75,39.75,39.9,39.15,39.7,17000
2022-09-23,39.8,39.8,39.8,39.65,39.8,16000
2022-09-26,39.5,39.5,39.7,38.6,39.6,18000
2022-09-28,38.0,38.0,39.2,38.0,38.7,26000
2022-09-29,38.7,38.7,38.7,38.0,38.0,6000
2022-09-30,38.7,38.7,38.7,37.6,38.0,3000
2022-10-03,38.8,38.8,38.8,37.6,37.6,7000
2022-10-04,38.6,38.6,38.9,38.0,38.9,23000
2022-10-05,38.4,38.4,38.95,38.15,38.95,8000
2022-10-06,38.35,38.35,38.35,38.0,38.0,3000
2022-10-07,37.15,37.15,38.3,37.0,37.5,7000
2022-10-11,38.0,38.0,38.05,36.9,37.2,37000
2022-10-12,38.8,38.8,39.9,37.95,37.95,25000
2022-10-13,37.9,37.9,38.65,37.8,37.8,7000
2022-10-14,38.0,38.0,38.0,37.9,37.9,2000
2022-10-17,37.25,37.25,38.0,37.0,37.05,17000
2022-10-18,38.0,38.0,38.0,37.95,38.0,4000
2022-10-19,37.6,37.6,38.0,37.6,38.0,2000
2022-10-20,37.6,37.6,37.6,37.0,37.15,5000
2022-10-21,38.0,38.0,38.0,37.6,37.6,4000
2022-10-24,38.0,38.0,38.3,38.0,38.3,2000
2022-10-25,38.5,38.5,38.5,38.0,38.0,2000
2022-10-27,37.95,37.95,38.0,37.95,38.0,16000
2022-10-28,37.9,37.9,37.9,37.6,37.6,22000
2022-10-31,37.8,37.8,38.45,37.2,38.45,44000
2022-11-01,37.35,37.35,37.75,37.1,37.75,24000
2022-11-02,37.65,37.65,38.0,37.05,37.7,30000
2022-11-03,37.85,37.85,38.0,37.75,37.95,64000
2022-11-04,38.0,38.0,38.1,37.25,37.25,16000
2022-11-07,37.9,37.9,37.9,37.6,37.6,3000
2022-11-08,38.1,38.1,38.1,37.05,37.05,12000
2022-11-09,38.0,38.0,38.2,37.3,38.2,7000
2022-11-10,37.95,37.95,37.95,37.95,37.95,1000
2022-11-11,37.55,37.55,38.0,37.55,38.0,11000
2022-11-14,37.1,37.1,37.5,37.1,37.3,14000
2022-11-15,37.45,37.45,38.0,37.3,37.35,5000
2022-11-16,37.2,37.2,37.5,37.2,37.45,18000
2022-11-17,37.5,37.5,37.5,37.5,37.5,2000
2022-11-18,37.5,37.5,37.5,37.0,37.2,30000
2022-11-21,37.15,37.15,37.3,37.0,37.25,16000
2022-11-22,37.15,37.15,37.2,36.6,37.0,52000
2022-11-23,37.0,37.0,37.15,37.0,37.15,4000
2022-11-24,37.0,37.0,37.65,37.0,37.5,16000
2022-11-25,37.5,37.5,37.5,37.0,37.0,6000
2022-11-28,37.1,37.1,37.1,37.1,37.1,1000
2022-11-29,37.0,37.0,37.0,37.0,37.0,4000
2022-11-30,37.35,37.35,37.35,37.0,37.05,11000
2022-12-02,37.45,37.45,37.45,37.2,37.2,2000
2022-12-05,37.25,37.25,37.45,36.65,37.45,26000
2022-12-06,37.0,37.0,37.55,36.5,36.8,21000
2022-12-07,37.0,37.0,37.1,37.0,37.1,4000
2022-12-08,37.2,37.2,37.2,36.65,37.2,17000
2022-12-09,37.5,37.5,37.5,36.8,36.8,19000
2022-12-13,37.25,37.25,37.25,36.9,36.9,2000
2022-12-14,37.05,37.05,37.2,37.0,37.0,10000
2022-12-15,37.0,37.0,37.05,37.0,37.05,7000
2022-12-16,37.0,37.0,37.0,36.5,37.0,10000
2022-12-19,37.05,37.05,37.05,37.0,37.0,4000
2022-12-21,37.05,37.05,37.05,37.0,37.0,10000
2022-12-22,37.0,37.0,37.0,36.9,36.9,4000
2022-12-23,37.0,37.0,37.0,36.65,37.0,6000
2022-12-26,36.9,36.9,37.0,36.9,37.0,5000
2022-12-27,37.0,37.0,37.0,36.95,37.0,7000
2022-12-28,37.0,37.0,37.0,36.4,36.4,10000
2022-12-29,37.5,37.5,37.8,37.0,37.8,5000
2022-12-30,37.25,37.25,37.85,37.0,37.85,8000
2023-01-03,37.1,37.1,37.2,37.0,37.2,7000
2023-01-04,37.5,37.5,37.5,37.0,37.0,4000
2023-01-05,37.05,37.05,37.55,36.75,37.5,17000
2023-01-06,36.8,36.8,36.8,36.8,36.8,3000
2023-01-09,37.1,37.1,37.45,36.85,37.0,8000
2023-01-10,37.1,37.1,37.1,36.6,36.9,9000
2023-01-11,37.1,37.1,37.1,36.8,36.8,8000
2023-01-12,37.15,37.15,37.15,36.75,36.75,3000
2023-01-13,37.0,37.0,37.05,36.8,36.8,4000
2023-01-16,37.0,37.0,37.0,36.7,36.7,7000
2023-01-17,37.25,37.25,37.5,36.45,37.5,23000
2023-01-30,37.45,37.45,37.5,37.1,37.5,10000
2023-01-31,37.2,37.2,37.2,37.1,37.15,9000
2023-02-01,37.45,37.45,37.45,37.2,37.25,8000
2023-02-02,37.15,37.15,38.0,37.15,37.5,8000
2023-02-03,37.35,37.35,37.35,37.35,37.35,1000
2023-02-06,37.2,37.2,37.2,37.2,37.2,1000
2023-02-07,37.1,37.1,37.55,37.0,37.05,12000
2023-02-08,37.5,37.5,37.5,37.0,37.05,10000
2023-02-09,37.1,37.1,37.2,37.0,37.05,10000
2023-02-10,37.0,37.0,37.0,36.7,37.0,16000
2023-02-13,37.0,37.0,37.0,35.9,37.0,49000
2023-02-14,37.0,37.0,37.3,36.8,37.15,22000
2023-02-15,36.95,36.95,37.0,36.8,36.8,17000
2023-02-16,37.3,37.3,37.8,36.95,36.95,23000
2023-02-17,37.15,37.15,37.15,36.85,36.95,31000
2023-02-20,37.15,37.15,37.45,36.85,36.85,13000
2023-02-21,37.05,37.05,37.15,36.85,37.1,29000
2023-02-22,37.0,37.0,37.0,36.8,36.85,15000
2023-02-23,37.0,37.0,37.0,36.8,36.95,15000
2023-02-24,37.0,37.0,37.0,36.8,37.0,9000
2023-03-01,37.0,37.0,37.0,36.75,36.95,12000
2023-03-02,37.0,37.0,37.0,36.85,36.85,5000
2023-03-03,37.0,37.0,37.0,36.8,36.95,15000
2023-03-06,36.9,36.9,37.3,36.85,36.85,18000
2023-03-07,37.0,37.0,37.0,36.8,37.0,23000
2023-03-08,36.95,36.95,37.0,36.8,36.9,28000
2023-03-09,36.95,36.95,37.0,36.75,37.0,12000
2023-03-10,37.0,37.0,37.0,36.75,36.75,21000
2023-03-13,37.05,37.05,37.8,36.95,37.1,29000
2023-03-14,37.15,37.15,37.3,36.75,36.8,9000
2023-03-15,36.95,36.95,37.0,36.85,37.0,14000
2023-03-16,36.95,36.95,37.0,36.6,36.85,16000
2023-03-17,37.0,37.0,37.0,36.65,36.65,14000
2023-03-20,36.9,36.9,37.0,36.75,36.75,8000
2023-03-21,37.0,37.0,37.0,36.8,36.9,12000
2023-03-22,37.0,37.0,37.1,36.8,37.0,24000
2023-03-23,36.85,36.85,37.0,36.75,37.0,22000
2023-03-24,37.1,37.1,37.1,36.7,36.8,23000
2023-03-27,37.05,37.05,37.25,36.8,37.25,10000
2023-03-28,36.95,36.95,37.0,36.7,36.95,20000
2023-03-29,37.0,37.0,37.0,36.85,36.9,10000
2023-03-30,37.0,37.0,37.5,36.85,37.05,21000
2023-03-31,37.0,37.0,37.0,36.8,37.0,7000
2023-04-06,37.1,37.1,37.1,36.75,36.9,10000
2023-04-07,36.9,36.9,37.0,36.8,36.85,18000
2023-04-10,37.1,37.1,37.1,36.75,36.75,9000
2023-04-11,37.0,37.0,37.0,36.8,36.8,11000
2023-04-12,37.1,37.1,37.1,36.8,36.8,10000
2023-04-13,37.0,37.0,37.15,36.85,37.15,10000
2023-04-14,37.0,37.0,37.1,36.9,37.0,8000
2023-04-17,37.0,37.0,37.0,36.8,36.9,15000
2023-04-18,37.0,37.0,37.0,36.75,36.9,38000
2023-04-19,37.0,37.0,37.1,36.95,37.0,22000
2023-04-20,37.0,37.0,37.0,36.85,36.9,19000
2023-04-21,37.0,37.0,37.0,36.8,36.9,28000
2023-04-24,37.0,37.0,37.0,36.8,36.85,22000
2023-04-25,37.0,37.0,37.0,36.85,36.85,10000
2023-04-26,37.0,37.0,37.0,36.85,37.0,9000
2023-04-27,37.0,37.0,37.0,36.85,36.85,9000
2023-04-28,37.0,37.0,37.0,36.85,37.0,13000
2023-05-02,36.95,36.95,37.0,36.8,36.8,15000
2023-05-03,37.0,37.0,37.0,36.9,36.9,15000
2023-05-04,37.0,37.0,37.0,36.8,37.0,16000
2023-05-05,37.0,37.0,37.0,36.95,36.95,4000
2023-05-08,36.95,36.95,36.95,36.85,36.9,5000
2023-05-09,37.0,37.0,37.0,36.8,36.9,23000
2023-05-10,37.0,37.0,37.0,36.8,37.0,22000
2023-05-11,37.0,37.0,37.0,36.8,36.8,8000
2023-05-12,37.0,37.0,37.0,36.8,36.95,22000
2023-05-15,36.95,36.95,36.95,36.8,36.8,21000
2023-05-16,36.95,36.95,36.95,36.8,36.8,23000
2023-05-17,36.95,36.95,37.0,36.8,37.0,32000
2023-05-18,37.0,37.0,37.0,36.9,37.0,16000
2023-05-19,36.95,36.95,36.95,36.85,36.9,15000
2023-05-22,36.95,36.95,37.0,36.7,36.7,23000
2023-05-23,36.95,36.95,37.0,36.8,36.95,16000
2023-05-24,36.95,36.95,36.95,36.85,36.85,8000
2023-05-25,37.0,37.0,37.0,36.9,36.95,8000
2023-05-26,37.0,37.0,37.0,36.75,36.8,55000
2023-05-29,36.95,36.95,36.95,36.8,36.8,26000
2023-05-30,36.95,36.95,36.95,36.8,36.95,12000
2023-05-31,36.95,36.95,36.95,36.85,36.9,17000
2023-06-01,36.95,36.95,36.95,36.8,36.95,11000
2023-06-02,36.95,36.95,36.95,36.75,36.8,13000
2023-06-05,36.95,36.95,36.95,36.9,36.95,13000
2023-06-06,36.95,36.95,36.95,36.8,36.95,41000
2023-06-07,37.05,37.05,37.05,36.8,36.9,37000
2023-06-08,37.15,37.15,37.65,37.0,37.0,41000
2023-06-09,37.1,37.1,37.25,37.1,37.15,7000
2023-06-12,37.1,37.1,37.1,36.8,37.0,17000
2023-06-13,36.95,36.95,37.05,36.85,36.9,12000
2023-06-14,37.0,37.0,37.0,36.8,36.8,25000
2023-06-15,37.0,37.0,37.0,36.85,37.0,14000
2023-06-16,37.0,37.0,37.05,36.9,37.0,21000
2023-06-19,37.0,37.0,37.0,36.8,36.8,26000
2023-06-20,37.0,37.0,37.0,36.95,36.95,3000
2023-06-21,37.0,37.0,37.0,37.0,37.0,1000
2023-06-27,36.95,36.95,37.05,36.8,36.9,20000
2023-06-28,36.95,36.95,36.95,36.8,36.85,17000
2023-06-29,36.85,36.85,37.0,36.05,36.75,32000
2023-06-30,37.0,37.0,37.0,36.75,36.95,5000
2023-07-03,36.9,36.9,39.0,36.8,37.0,25000
2023-07-04,36.95,36.95,37.25,36.55,36.75,9000
2023-07-05,36.85,36.85,36.95,36.75,36.95,10000
2023-07-06,37.0,37.0,37.0,36.65,36.95,12000
2023-07-07,37.0,37.0,37.0,36.7,36.75,24000
2023-07-10,36.95,36.95,36.95,36.75,36.75,23000
2023-07-11,36.95,36.95,36.95,36.8,36.95,19000
2023-07-12,37.0,37.0,37.0,36.75,36.8,20000
2023-07-13,36.95,36.95,37.1,36.75,36.8,42000
2023-07-14,36.9,36.9,37.0,36.85,36.85,9000
2023-07-17,36.95,36.95,37.0,36.8,37.0,13000
2023-07-18,37.0,37.0,37.0,36.8,36.85,11000
2023-07-19,36.9,36.9,37.0,36.9,36.9,5000
2023-07-20,36.95,36.95,36.95,36.8,36.8,11000
2023-07-21,36.95,36.95,36.95,36.7,36.7,9000
2023-07-24,37.0,37.0,37.0,36.95,36.95,4000
2023-07-25,36.95,36.95,36.95,36.75,36.8,9000
2023-07-26,36.95,36.95,36.95,36.7,36.95,25000
2023-07-27,36.95,36.95,36.95,36.8,36.8,7000
2023-07-28,37.0,37.0,37.0,36.9,36.9,4000
2023-07-31,37.0,37.0,37.0,36.95,37.0,4000
2023-08-01,36.9,36.9,36.9,36.75,36.85,11000
2023-08-02,36.9,36.9,36.95,36.7,36.95,24000
2023-08-04,36.9,36.9,36.9,36.8,36.8,10000
2023-08-07,36.85,36.85,36.85,36.6,36.8,46000
2023-08-08,36.95,36.95,36.95,36.6,36.7,47000
2023-08-09,36.9,36.9,36.9,36.7,36.7,19000
2023-08-10,36.9,36.9,36.9,36.8,36.9,12000
2023-08-11,36.9,36.9,36.9,36.75,36.9,9000
2023-08-14,36.85,36.85,36.9,36.5,36.75,43000
2023-08-15,36.85,36.85,36.9,36.0,36.9,30000
2023-08-16,36.85,36.85,36.9,36.5,36.9,7000
2023-08-17,36.85,36.85,36.85,36.85,36.85,4000
2023-08-18,36.9,36.9,36.9,36.6,36.6,19000
2023-08-21,36.85,36.85,36.85,36.65,36.7,12000
2023-08-22,36.9,36.9,36.9,36.6,36.7,26000
2023-08-23,36.85,36.85,36.9,36.85,36.9,2000
2023-08-24,36.9,36.9,36.9,36.6,36.65,30000
2023-08-25,36.9,36.9,36.9,36.6,36.65,15000
2023-08-28,36.9,36.9,36.9,36.65,36.65,6000
2023-08-29,36.85,36.85,36.85,36.65,36.7,13000
2023-08-30,36.9,36.9,36.9,36.65,36.65,8000
2023-08-31,36.9,36.9,36.9,36.8,36.85,20000
2023-09-04,36.85,36.85,36.85,36.8,36.8,7000
2023-09-05,36.9,36.9,36.9,36.65,36.7,9000
2023-09-06,36.85,36.85,36.85,36.7,36.7,9000
2023-09-07,36.85,36.85,37.0,36.65,36.9,23000
2023-09-08,36.95,36.95,36.95,36.9,36.9,3000
2023-09-11,36.8,36.8,36.9,36.6,36.75,24000
2023-09-12,36.85,36.85,36.85,36.6,36.65,22000
2023-09-13,36.9,36.9,36.9,36.85,36.85,11000
2023-09-14,36.85,36.85,36.85,36.7,36.7,5000
2023-09-15,36.85,36.85,36.85,36.6,36.7,20000
2023-09-18,36.85,36.85,36.85,36.6,36.6,10000
2023-09-19,36.8,36.8,36.8,36.6,36.7,13000
2023-09-20,36.8,36.8,36.8,36.0,36.6,21000
2023-09-21,36.8,36.8,36.8,36.8,36.8,1000
2023-09-22,36.8,36.8,36.8,36.5,36.6,30000
2023-09-25,36.8,36.8,36.8,36.8,36.8,3000
2023-09-26,36.8,36.8,36.8,36.55,36.8,24000
2023-09-27,36.8,36.8,36.8,36.6,36.7,8000
2023-09-28,36.8,36.8,36.8,36.6,36.7,8000
2023-10-02,36.8,36.8,36.8,36.5,36.65,23000
2023-10-03,36.8,36.8,36.8,36.55,36.6,18000
2023-10-04,36.8,36.8,36.8,36.6,36.6,5000
2023-10-05,36.8,36.8,36.8,36.6,36.8,26000
2023-10-06,36.8,36.8,36.8,36.65,36.65,3000
2023-10-11,36.8,36.8,36.8,36.7,36.8,15000
2023-10-12,36.8,36.8,36.95,36.7,36.8,11000
2023-10-13,36.8,36.8,36.8,36.7,36.8,14000
2023-10-16,36.8,36.8,36.8,36.7,36.8,12000
2023-10-17,36.8,36.8,36.8,36.75,36.75,8000
2023-10-18,36.8,36.8,36.8,36.6,36.65,19000
2023-10-19,36.8,36.8,36.8,36.6,36.6,25000
2023-10-20,36.8,36.8,36.8,36.6,36.6,23000
2023-10-23,36.8,36.8,36.8,36.6,36.75,11000
2023-10-24,36.8,36.8,36.8,36.6,36.6,8000
2023-10-25,36.8,36.8,36.8,36.6,36.65,8000
2023-10-26,36.8,36.8,36.8,36.8,36.8,1000
2023-10-27,36.8,36.8,36.8,36.8,36.8,3000
2023-10-31,36.8,36.8,36.8,36.6,36.6,10000
2023-11-02,36.8,36.8,36.8,36.7,36.7,9000
2023-11-06,36.8,36.8,36.8,36.6,36.6,6000
2023-11-08,36.8,36.8,36.8,36.1,36.8,14000
2023-11-09,36.85,36.85,36.85,36.7,36.8,6000
2023-11-10,36.8,36.8,36.8,36.65,36.7,7000
2023-11-13,36.8,36.8,36.8,36.65,36.65,3000
2023-11-14,36.8,36.8,36.8,36.65,36.7,11000
2023-11-15,36.8,36.8,36.8,36.8,36.8,5000
2023-11-16,36.8,36.8,36.8,36.65,36.7,15000
2023-11-17,36.8,36.8,36.8,36.7,36.7,2000
2023-11-20,36.8,36.8,36.8,36.75,36.8,5000
2023-11-21,36.8,36.8,36.8,36.6,36.75,29000
2023-11-22,36.75,36.75,36.8,36.65,36.65,38000
2023-11-23,36.8,36.8,36.8,36.65,36.75,13000
2023-11-24,36.8,36.8,36.8,36.65,36.65,5000
2023-11-27,36.8,36.8,36.8,36.55,36.65,59000
2023-11-28,36.8,36.8,36.8,36.65,36.7,16000
2023-11-29,36.7,36.7,36.8,36.6,36.75,25000
2023-11-30,36.8,36.8,36.8,36.65,36.7,17000
2023-12-01,36.75,36.75,36.75,36.65,36.65,10000
2023-12-04,36.75,36.75,36.75,36.65,36.65,27000
2023-12-05,36.75,36.75,36.75,36.65,36.65,15000
2023-12-06,36.8,36.8,36.8,36.65,36.65,21000
2023-12-07,36.85,36.85,36.9,36.75,36.75,50000
2023-12-08,37.0,37.0,39.05,36.85,36.85,222000
2023-12-11,38.2,38.2,38.75,37.65,38.7,49000
2023-12-12,37.4,37.4,38.0,37.1,38.0,11000
2023-12-13,37.7,37.7,37.9,37.4,37.4,42000
2023-12-14,37.0,37.0,37.7,36.85,37.4,27000
2023-12-15,36.9,36.9,37.0,36.85,37.0,12000
2023-12-18,36.8,36.8,36.85,36.7,36.85,13000
2023-12-19,37.0,37.0,37.1,36.3,36.65,109000
2023-12-20,36.8,36.8,36.8,36.7,36.7,10000
2023-12-21,36.7,36.7,36.75,36.65,36.65,4000
2023-12-22,36.75,36.75,36.8,36.6,36.65,17000
2023-12-25,36.8,36.8,36.8,36.6,36.6,19000
2023-12-26,36.8,36.8,37.0,36.65,37.0,11000
2023-12-27,36.7,36.7,36.8,36.7,36.7,7000
2023-12-28,36.9,36.9,36.9,36.6,36.75,292000
2023-12-29,37.1,37.1,37.5,36.8,36.9,32000
2024-01-02,36.85,36.85,36.95,36.6,36.8,5000
2024-01-03,36.85,36.85,36.85,36.65,36.65,9000
2024-01-04,36.8,36.8,36.85,36.65,36.65,10000
2024-01-05,36.7,36.7,36.75,36.65,36.65,8000
2024-01-08,36.7,36.7,36.7,36.6,36.7,7000
2024-01-09,36.8,36.8,36.8,36.5,36.5,16000
2024-01-10,36.7,36.7,36.7,36.55,36.55,13000
2024-01-11,36.7,36.7,37.5,36.7,36.8,43000
2024-01-12,36.7,36.7,36.7,36.55,36.55,6000
2024-01-15,36.7,36.7,36.8,36.7,36.7,6000
2024-01-16,36.7,36.7,36.7,36.5,36.5,7000
2024-01-17,36.7,36.7,36.7,36.5,36.5,13000
2024-01-18,36.7,36.7,36.7,36.5,36.5,15000
2024-01-19,36.7,36.7,36.7,36.0,36.5,22000
2024-01-22,36.75,36.75,37.1,36.75,36.8,29000
2024-01-23,36.6,36.6,36.75,36.5,36.7,29000
2024-01-24,36.6,36.6,36.6,36.5,36.5,29000
2024-01-25,36.7,36.7,36.7,36.25,36.25,13000
2024-01-26,36.6,36.6,36.6,36.4,36.5,17000
2024-01-29,36.6,36.6,36.6,36.4,36.4,17000
2024-01-30,36.6,36.6,36.65,36.35,36.5,48000
2024-01-31,36.6,36.6,36.6,36.35,36.4,24000
2024-02-01,36.6,36.6,36.6,36.4,36.4,10000
2024-02-02,36.6,36.6,36.6,36.4,36.4,19000
2024-02-05,36.7,36.7,36.7,36.5,36.5,20000
2024-02-15,36.6,36.6,36.6,36.35,36.6,19000
2024-02-16,36.6,36.6,36.6,36.35,36.6,28000
2024-02-19,36.6,36.6,36.6,36.15,36.4,58000
2024-02-20,36.6,36.6,36.6,36.35,36.45,33000
2024-02-21,36.6,36.6,36.6,36.35,36.35,22000
2024-02-22,36.6,36.6,36.7,36.5,36.6,13000
2024-02-23,36.55,36.55,36.55,36.45,36.5,34000
2024-02-26,36.6,36.6,36.6,36.5,36.6,51000
2024-02-27,36.6,36.6,36.6,36.45,36.5,30000
2024-02-29,36.6,36.6,36.6,36.45,36.45,32000
2024-03-01,36.4,36.4,36.55,36.4,36.55,27000
2024-03-04,36.9,36.9,38.0,36.6,36.6,144000
2024-03-05,36.75,36.75,37.5,36.75,37.5,38000
2024-03-06,36.65,36.65,36.75,36.6,36.75,12000
2024-03-07,36.6,36.6,36.6,36.35,36.6,90000
2024-03-08,36.55,36.55,36.55,36.4,36.45,14000
2024-03-11,36.5,36.5,36.5,36.15,36.45,31000
2024-03-12,36.55,36.55,36.55,36.4,36.45,7000
2024-03-13,36.55,36.55,36.55,36.35,36.4,18000
2024-03-14,36.5,36.5,36.5,36.35,36.45,19000
2024-03-15,36.5,36.5,36.5,36.05,36.35,75000
2024-03-18,36.4,36.4,36.4,36.25,36.3,23000
2024-03-19,36.4,36.4,36.4,36.0,36.2,52000
2024-03-20,36.45,36.45,36.45,36.15,36.2,28000
2024-03-21,36.45,36.45,36.45,36.15,36.2,29000
2024-03-22,36.5,36.5,36.5,36.2,36.25,14000
2024-03-25,36.5,36.5,36.5,36.3,36.4,13000
2024-03-26,36.5,36.5,36.6,36.4,36.6,8000
2024-03-27,36.6,36.6,36.6,36.4,36.4,13000
2024-03-28,36.45,36.45,36.45,36.35,36.4,16000
2024-03-29,36.45,36.45,36.45,36.45,36.45,5000
2024-04-01,36.4,36.4,36.4,36.25,36.35,29000
2024-04-02,36.4,36.4,36.4,36.15,36.4,28000
2024-04-03,36.4,36.4,36.4,36.2,36.2,3000
2024-04-08,36.35,36.35,36.35,36.1,36.2,40000
2024-04-09,36.3,36.3,36.3,36.1,36.25,34000
2024-04-10,36.3,36.3,36.3,36.15,36.15,17000
2024-04-11,36.3,36.3,36.3,36.0,36.15,53000
2024-04-12,36.4,36.4,36.4,36.05,36.3,57000
2024-04-15,36.1,36.1,36.3,36.05,36.2,80000
2024-04-16,36.2,36.2,36.3,36.05,36.05,11000
2024-04-17,36.2,36.2,36.2,36.0,36.2,11000
2024-04-18,36.2,36.2,36.2,36.05,36.05,7000
2024-04-19,36.1,36.1,36.1,35.8,36.05,23000
2024-04-22,36.15,36.15,36.3,36.15,36.3,3000
2024-04-23,36.1,36.1,36.15,35.95,36.0,18000
2024-04-24,35.6,35.6,36.2,35.2,36.2,57000
2024-04-25,34.45,34.45,35.3,34.3,35.25,53000
2024-04-26,35.0,35.0,35.0,31.75,34.4,245000
2024-04-29,34.1,34.1,35.05,33.7,35.0,33000
2024-04-30,33.4,33.4,34.0,33.35,34.0,24000
2024-05-02,32.1,32.1,33.2,32.0,33.2,66000
2024-05-03,32.0,32.0,32.3,32.0,32.2,29000
2024-05-06,32.05,32.05,32.35,32.0,32.0,16000
2024-05-07,32.75,32.75,32.95,32.4,32.95,9000
2024-05-08,32.35,32.35,32.75,32.2,32.75,10000
2024-05-09,32.15,32.15,32.15,32.0,32.0,8000
2024-05-10,31.9,31.9,32.2,31.9,32.1,12000
2024-05-13,31.9,31.9,32.0,31.9,31.95,6000
2024-05-14,31.45,31.45,31.85,31.25,31.85,23000
2024-05-15,31.3,31.3,32.0,31.15,31.3,68000
2024-05-16,31.1,31.1,31.4,31.1,31.4,13000
2024-05-17,30.4,30.4,31.15,30.3,31.1,57000
2024-05-20,29.7,29.7,30.1,29.4,30.1,46000
2024-05-21,29.95,29.95,29.95,29.7,29.7,22000
2024-05-22,29.7,29.7,30.15,29.7,30.15,22000
2024-05-23,29.75,29.75,30.3,29.75,29.9,23000
2024-05-24,29.8,29.8,29.95,29.45,29.45,4000
2024-05-27,29.75,29.75,30.4,29.75,30.4,22000
2024-05-28,29.45,29.45,29.5,29.4,29.5,24000
2024-05-29,29.45,29.45,30.0,29.2,29.4,35000
2024-05-30,29.45,29.45,29.8,29.25,29.25,31000
2024-05-31,29.35,29.35,29.45,29.3,29.35,24000
2024-06-03,29.7,29.7,29.7,29.5,29.5,14000
2024-06-04,29.3,29.3,29.5,29.25,29.5,19000
2024-06-05,29.15,29.15,29.35,29.1,29.35,23000
2024-06-06,28.9,28.9,29.45,28.45,29.2,26000
2024-06-07,28.55,28.55,28.7,28.4,28.7,35000
2024-06-11,27.2,27.2,28.1,27.0,28.1,90000
2024-06-12,26.65,26.65,27.25,26.5,27.2,76000
2024-06-13,29.3,29.3,29.3,26.0,26.15,110000
2024-06-14,32.2,32.2,32.2,31.5,31.85,180000
2024-06-17,35.4,35.4,35.4,35.4,35.4,151000
2024-06-18,33.2,33.2,36.55,33.05,36.5,650000
2024-06-19,32.65,32.65,34.15,31.8,33.0,208000
2024-06-20,33.0,33.0,33.9,32.65,33.9,90000
2024-06-21,32.4,32.4,33.7,32.2,32.85,54000
2024-06-24,31.5,31.5,32.4,31.5,32.4,38000
2024-06-25,31.15,31.15,32.6,30.3,30.35,77000
2024-06-26,30.5,30.5,31.2,30.5,31.2,45000
2024-06-27,31.15,31.15,31.15,30.05,30.45,45000
2024-06-28,30.9,30.9,31.2,30.7,31.2,17000
2024-07-01,30.6,30.6,30.6,30.55,30.55,16000
2024-07-02,30.0,30.0,31.4,29.5,30.15,124000
2024-07-03,30.1,30.1,30.2,30.0,30.05,10000
2024-07-04,29.45,29.45,30.1,29.4,30.1,81000
2024-07-05,30.45,30.45,30.5,29.15,29.15,66000
2024-07-08,29.7,29.7,30.25,29.7,30.1,40000
2024-07-09,29.0,29.0,29.6,28.55,29.5,57000
2024-07-10,29.35,29.35,29.55,29.05,29.1,21000
2024-07-11,29.35,29.35,29.4,29.05,29.4,21000
2024-07-12,29.5,29.5,29.55,29.2,29.55,15000
2024-07-15,29.5,29.5,29.55,29.5,29.55,5000
2024-07-16,29.5,29.5,29.55,29.05,29.55,20000
2024-07-17,29.4,29.4,30.65,29.3,30.65,21000
2024-07-18,29.1,29.1,29.5,28.75,29.2,47000
2024-07-19,28.75,28.75,29.2,28.65,28.7,27000
2024-07-22,27.85,27.85,27.9,27.8,27.8,22000
2024-07-23,28.15,28.15,28.15,28.0,28.0,13000
2024-07-26,27.6,27.6,28.15,27.5,28.15,11000
2024-07-29,27.15,27.15,27.65,27.05,27.6,9000
2024-07-30,27.25,27.25,27.25,26.5,27.15,18000
2024-07-31,27.1,27.1,27.1,26.75,26.8,30000
2024-08-01,27.45,27.45,27.8,27.2,27.25,21000
2024-08-02,27.25,27.25,27.3,26.75,27.3,12000
2024-08-05,26.1,26.1,26.85,25.0,26.1,39000
2024-08-06,25.7,25.7,25.8,25.2,25.8,16000
2024-08-07,26.7,26.7,27.0,25.7,25.7,35000
2024-08-08,25.4,25.4,25.45,25.3,25.4,29000
2024-08-09,25.8,25.8,26.2,25.35,25.65,24000
2024-08-12,25.8,25.8,26.0,25.8,25.8,8000
2024-08-13,26.8,26.8,26.8,25.2,25.2,31000
2024-08-14,26.3,26.3,26.3,26.1,26.2,5000
2024-08-16,25.95,25.95,25.95,25.95,25.95,5000
2024-08-19,25.95,25.95,25.95,25.5,25.7,5000
2024-08-20,26.1,26.1,26.35,25.55,25.55,44000
2024-08-21,28.7,28.7,28.7,26.0,26.1,101000
2024-08-22,31.55,31.55,31.55,31.0,31.45,181000
2024-08-23,29.1,29.1,32.0,29.0,32.0,466000
2024-08-26,28.85,28.85,30.75,28.5,29.65,169000
2024-08-27,28.2,28.2,29.15,28.05,28.9,118000
2024-08-28,27.7,27.7,28.15,27.7,28.15,45000
2024-08-29,27.55,27.55,27.6,27.3,27.3,42000
2024-08-30,28.4,28.4,28.4,27.55,27.55,16000
2024-09-02,27.35,27.35,28.05,27.3,28.0,75000
2024-09-03,27.0,27.0,27.6,27.0,27.5,65000
2024-09-04,26.3,26.3,26.85,26.15,26.15,9000
2024-09-05,27.0,27.0,27.35,26.5,26.8,29000
2024-09-06,26.8,26.8,26.8,26.4,26.6,18000
2024-09-09,25.65,25.65,26.3,25.55,25.75,106000
2024-09-10,25.0,25.0,25.65,25.0,25.65,20000
2024-09-11,25.25,25.25,25.25,24.7,24.7,11000
2024-09-12,25.1,25.1,25.6,25.0,25.55,24000
2024-09-13,25.35,25.35,25.45,25.0,25.2,48000
2024-09-16,25.55,25.55,25.55,25.4,25.4,18000
2024-09-18,25.5,25.5,25.85,25.5,25.5,8000
2024-09-19,25.3,25.3,25.5,25.25,25.25,11000
2024-09-20,25.5,25.5,25.6,25.4,25.5,23000
2024-09-23,25.5,25.5,25.5,25.5,25.5,5000
2024-09-24,28.05,28.05,28.05,25.95,26.2,154000
2024-09-25,26.8,26.8,30.5,26.8,28.5,632000
2024-09-26,26.3,26.3,26.85,26.15,26.85,77000
2024-09-27,26.15,26.15,26.3,25.95,26.3,33000
2024-09-30,26.2,26.2,26.2,25.8,26.0,36000
2024-10-01,25.35,25.35,26.15,25.35,26.15,50000
2024-10-04,26.05,26.05,26.95,25.15,25.35,57000
2024-10-07,26.2,26.2,26.5,26.0,26.15,68000
2024-10-08,26.05,26.05,26.25,26.05,26.05,62000
2024-10-09,25.6,25.6,26.25,25.35,26.2,54000
2024-10-11,25.5,25.5,25.6,25.2,25.6,40000
2024-10-14,25.3,25.3,25.45,25.2,25.2,13000
2024-10-15,25.2,25.2,25.35,25.15,25.15,19000
2024-10-16,25.5,25.5,25.5,25.25,25.35,26000
2024-10-17,25.6,25.6,28.05,25.55,26.0,685000
2024-10-18,25.6,25.6,25.8,25.6,25.7,43000
2024-10-21,25.3,25.3,25.65,25.05,25.65,338000
2024-10-22,25.8,25.8,26.0,25.3,25.65,55000
2024-10-23,25.55,25.55,25.75,25.5,25.75,48000
2024-10-24,25.4,25.4,25.65,25.4,25.55,49000
2024-10-25,25.3,25.3,25.55,25.3,25.55,14000
2024-10-28,25.2,25.2,25.5,25.15,25.2,77000
2024-10-29,25.3,25.3,25.7,25.2,25.25,94000
2024-10-30,25.5,25.5,25.7,25.3,25.7,22000
2024-11-01,25.4,25.4,25.6,25.3,25.45,41000
2024-11-04,25.2,25.2,25.45,25.2,25.4,26000
2024-11-05,25.3,25.3,26.5,25.2,25.75,121000
2024-11-06,25.3,25.3,25.7,25.3,25.7,11000
2024-11-07,25.2,25.2,25.3,25.1,25.3,47000
2024-11-08,25.05,25.05,25.35,25.05,25.3,35000
2024-11-11,24.7,24.7,25.05,24.35,25.05,52000
2024-11-12,25.0,25.0,26.2,24.3,25.1,97000
2024-11-13,25.05,25.05,25.8,25.05,25.55,36000
2024-11-14,25.8,25.8,27.25,25.25,25.6,327000
2024-11-15,25.65,25.65,27.25,25.3,25.9,245000
2024-11-18,25.3,25.3,25.65,25.3,25.65,23000
2024-11-19,25.3,25.3,25.5,25.3,25.35,12000
2024-11-20,24.85,24.85,25.35,24.85,25.3,51000
2024-11-21,24.75,24.75,25.05,24.5,24.65,35000
2024-11-22,24.55,24.55,24.9,24.2,24.6,39000
2024-11-25,24.45,24.45,24.75,24.2,24.55,47000
2024-11-26,24.4,24.4,24.55,24.1,24.1,34000
2024-11-27,24.15,24.15,24.45,24.15,24.45,16000
2024-11-28,24.25,24.25,24.35,24.15,24.35,30000
2024-11-29,24.2,24.2,24.3,24.2,24.25,28000
2024-12-02,24.1,24.1,24.5,24.1,24.3,13000
2024-12-03,24.1,24.1,25.0,24.1,24.2,44000
2024-12-04,24.0,24.0,24.5,24.0,24.5,23000
2024-12-05,23.7,23.7,24.3,23.7,24.3,42000
2024-12-06,21.6,21.6,23.75,21.35,23.7,422000
2024-12-09,21.3,21.3,22.3,20.75,21.65,150000
2024-12-10,20.95,20.95,21.5,20.9,21.5,45000
2024-12-11,20.45,20.45,21.2,20.45,20.75,64000
2024-12-12,20.05,20.05,20.8,19.7,20.75,129000
2024-12-13,19.9,19.9,20.4,19.9,19.9,78000
2024-12-16,19.3,19.3,20.3,19.0,19.9,225000
2024-12-17,19.3,19.3,19.7,19.3,19.7,28000
2024-12-18,19.7,19.7,20.2,19.4,19.4,113000
2024-12-19,19.5,19.5,19.7,19.45,19.7,22000
2024-12-20,20.0,20.0,20.2,19.35,19.35,61000
2024-12-23,20.05,20.05,20.05,19.8,19.85,24000
2024-12-24,20.15,20.15,20.15,20.0,20.1,15000
2024-12-25,20.05,20.05,20.2,20.05,20.1,7000
2024-12-26,19.75,19.75,20.1,19.65,20.1,37000
2024-12-27,19.55,19.55,19.85,19.4,19.75,83000
2024-12-30,19.6,19.6,19.9,19.45,19.9,30000
2024-12-31,19.5,19.5,19.65,19.45,19.5,34000
2025-01-02,19.35,19.35,19.45,19.35,19.35,28000
2025-01-03,18.95,18.95,19.4,18.95,19.15,31000
2025-01-06,18.85,18.85,19.0,18.8,19.0,16000
2025-01-07,19.0,19.0,19.0,18.85,18.85,12000
2025-01-08,19.0,19.0,19.0,18.95,19.0,3000
2025-01-09,18.9,18.9,19.0,18.35,19.0,34000
2025-01-10,19.0,19.0,19.2,18.6,19.2,6000
2025-01-13,18.4,18.4,18.85,18.4,18.85,41000
2025-01-14,18.65,18.65,18.65,18.65,18.65,1000
2025-01-15,19.05,19.05,19.05,18.65,18.65,3000
2025-01-16,18.6,18.6,19.5,18.6,19.15,31000
2025-01-17,18.8,18.8,18.8,18.55,18.55,4000
2025-01-20,18.25,18.25,18.6,18.0,18.6,34000
2025-01-21,18.25,18.25,18.35,18.1,18.1,17000
2025-01-22,18.6,18.6,18.6,18.0,18.2,49000
2025-02-03,18.15,18.15,18.5,18.1,18.1,4000
2025-02-04,18.2,18.2,18.3,18.2,18.3,10000
2025-02-05,18.2,18.2,18.2,18.1,18.2,15000
2025-02-06,20.0,20.0,20.0,18.8,18.8,239000
2025-02-07,19.1,19.1,21.3,19.1,20.4,611000
2025-02-10,19.0,19.0,19.05,18.7,18.95,83000
2025-02-11,18.7,18.7,18.85,18.55,18.8,46000
2025-02-12,18.35,18.35,18.7,18.35,18.55,54000
2025-02-13,18.7,18.7,18.7,18.35,18.35,73000
2025-02-14,18.95,18.95,19.9,18.65,18.65,162000
2025-02-17,20.0,20.0,20.35,19.3,19.3,222000
2025-02-18,19.75,19.75,20.05,19.75,20.0,27000
2025-02-19,19.8,19.8,19.8,19.65,19.8,28000
2025-02-20,21.75,21.75,21.75,20.3,20.3,366000
2025-02-21,20.7,20.7,21.25,20.4,20.95,472000
2025-02-24,20.3,20.3,21.0,20.2,20.75,116000
2025-02-25,19.9,19.9,20.4,19.9,20.4,41000
2025-02-26,20.2,20.2,20.2,20.0,20.0,25000
2025-02-27,20.45,20.45,21.8,20.4,20.4,291000
2025-03-03,20.0,20.0,20.55,19.95,19.95,162000
2025-03-04,20.6,20.6,20.6,19.6,20.2,54000
2025-03-05,20.8,20.8,21.3,20.45,20.8,60000
2025-03-06,20.75,20.75,21.3,20.65,20.95,17000
2025-03-07,20.3,20.3,20.85,20.2,20.85,26000
2025-03-10,20.15,20.15,20.75,20.05,20.75,35000
2025-03-11,19.6,19.6,20.35,19.6,19.8,66000
2025-03-12,19.45,19.45,20.4,19.4,19.85,70000
2025-03-13,20.05,20.05,21.35,19.9,20.05,699000
2025-03-14,19.9,19.9,20.55,19.8,20.05,88000
2025-03-17,19.9,19.9,20.05,19.85,19.9,30000
2025-03-18,19.85,19.85,19.95,19.8,19.9,72000
2025-03-19,19.65,19.65,19.95,19.65,19.85,31000
2025-03-20,20.1,20.1,20.25,19.8,20.1,45000
2025-03-21,19.7,19.7,19.8,19.35,19.8,59000
2025-03-24,19.7,19.7,19.85,19.5,19.8,21000
2025-03-25,19.65,19.65,19.7,19.5,19.7,53000
2025-03-26,19.55,19.55,19.65,19.5,19.55,11000
2025-03-27,19.5,19.5,19.5,19.45,19.45,6000
2025-03-28,18.75,18.75,20.15,18.75,20.05,115000
2025-03-31,18.0,18.0,19.45,17.7,19.45,77000
2025-04-01,17.9,17.9,18.3,17.65,17.95,77000
2025-04-02,17.95,17.95,18.0,17.65,18.0,77000
2025-04-07,17.95,17.95,17.95,16.2,16.2,63000
2025-04-08,16.9,16.9,17.85,16.2,17.85,122000
2025-04-09,17.0,17.0,17.0,15.25,15.6,193000
2025-04-10,17.95,17.95,18.7,17.55,18.6,216000
2025-04-11,17.25,17.25,18.05,17.2,17.95,45000
2025-04-14,16.55,16.55,17.65,16.55,17.65,93000
2025-04-15,17.05,17.05,17.35,16.35,16.35,56000
2025-04-16,17.05,17.05,17.2,16.5,16.85,71000
2025-04-17,17.1,17.1,17.7,16.9,17.55,104000
2025-04-18,17.25,17.25,17.35,16.9,17.35,36000
2025-04-21,16.95,16.95,17.0,16.7,17.0,23000
2025-04-22,16.95,16.95,17.4,16.8,17.4,38000
2025-04-23,17.05,17.05,17.7,16.95,17.4,48000
2025-04-24,16.9,16.9,17.35,16.9,17.35,30000
2025-04-25,17.0,17.0,17.8,16.9,17.0,56000
2025-04-28,16.95,16.95,17.25,16.9,17.25,23000
2025-04-29,17.15,17.15,17.3,17.0,17.1,45000
2025-04-30,16.5,16.5,18.85,16.5,17.5,826000
2025-05-02,16.6,16.6,17.05,16.6,16.85,84000
2025-05-05,16.7,16.7,16.85,16.25,16.6,97000
2025-05-06,16.75,16.75,16.95,16.65,16.75,18000
2025-05-07,17.05,17.05,17.1,16.65,16.8,31000
2025-05-08,16.9,16.9,17.15,16.9,17.15,21000
2025-05-09,17.25,17.25,17.25,16.8,16.8,23000
2025-05-12,17.35,17.35,17.4,16.9,16.9,49000
2025-05-13,17.2,17.2,17.45,17.0,17.45,74000
2025-05-14,17.2,17.2,17.4,17.15,17.4,19000
2025-05-15,17.15,17.15,17.35,17.15,17.35,14000
2025-05-16,17.55,17.55,17.6,17.05,17.05,30000
2025-05-19,17.4,17.4,17.95,17.4,17.95,12000
2025-05-20,17.3,17.3,17.6,17.3,17.6,9000
2025-05-21,17.3,17.3,17.55,17.25,17.55,15000
2025-05-22,17.25,17.25,17.9,17.1,17.5,48000
2025-05-23,17.25,17.25,17.4,17.2,17.4,7000
2025-05-26,17.25,17.25,17.35,17.2,17.35,21000
2025-05-27,17.05,17.05,18.95,17.05,18.0,999000
2025-05-28,16.9,16.9,17.3,16.9,17.2,53000
2025-05-29,17.0,17.0,17.15,16.95,17.05,18000
2025-06-02,16.85,16.85,16.9,16.65,16.7,48000
2025-06-03,17.0,17.0,17.2,16.9,16.9,42000
2025-06-04,17.2,17.2,17.55,16.9,17.55,81000
2025-06-05,17.25,17.25,17.25,17.25,17.25,6000
2025-06-06,18.1,18.1,18.2,17.2,17.45,96000
2025-06-09,18.3,18.3,18.6,17.95,18.1,97000
2025-06-10,18.0,18.0,18.4,17.95,18.4,25000
2025-06-11,17.5,17.5,18.0,17.5,17.75,28000
2025-06-12,17.5,17.5,17.7,17.45,17.7,5000
2025-06-13,17.25,17.25,17.95,16.8,17.95,68000
2025-06-16,17.3,17.3,17.3,16.85,17.1,25000
2025-06-17,16.7,16.7,17.25,16.7,17.25,28000
2025-06-18,16.9,16.9,16.9,16.65,16.65,29000
2025-06-19,16.65,16.65,16.85,16.6,16.8,24000
2025-06-20,16.6,16.6,16.7,16.4,16.7,23000
2025-06-23,16.6,16.6,16.85,16.5,16.6,51000
2025-06-24,17.0,17.0,17.0,16.7,16.7,18000
2025-06-25,17.0,17.0,17.15,17.0,17.1,5000
2025-06-26,17.0,17.0,17.0,17.0,17.0,1000
2025-06-27,17.15,17.15,17.25,17.15,17.25,5000
2025-06-30,17.2,17.2,17.2,16.65,16.8,288000
2025-07-01,17.0,17.0,17.3,16.9,17.3,16000
2025-07-02,16.8,16.8,16.85,16.75,16.75,14000
2025-07-03,17.0,17.0,17.0,17.0,17.0,2000
2025-07-04,16.8,16.8,17.0,16.8,16.9,9000
2025-07-07,17.4,17.4,17.7,16.9,17.6,158000
2025-07-08,17.4,17.4,17.8,17.1,17.75,47000
2025-07-09,17.55,17.55,17.7,17.3,17.45,58000
2025-07-10,17.3,17.3,17.6,17.3,17.6,31000
2025-07-11,17.4,17.4,17.55,17.4,17.55,19000
2025-07-14,17.0,17.0,17.45,16.95,17.45,67000
2025-07-15,18.3,18.3,18.6,16.8,17.1,234000
2025-07-16,18.55,18.55,19.3,18.1,19.3,213000
2025-07-17,18.6,18.6,18.65,18.5,18.55,71000
2025-07-18,18.6,18.6,18.6,18.4,18.6,46000
2025-07-21,18.6,18.6,18.7,18.4,18.6,36000
2025-07-22,18.5,18.5,18.75,18.5,18.6,21000
2025-07-23,18.7,18.7,18.75,18.7,18.75,4000
2025-07-24,18.6,18.6,18.9,18.45,18.9,14000
2025-07-25,18.5,18.5,18.55,18.5,18.55,18000
2025-07-28,18.0,18.0,18.8,18.0,18.8,67000
2025-07-29,17.55,17.55,18.1,17.55,18.0,8000
2025-07-30,17.75,17.75,18.0,17.75,18.0,3000
2025-07-31,17.75,17.75,18.0,17.5,17.5,20000
2025-08-01,18.2,18.2,18.2,17.75,17.75,17000
2025-08-04,18.3,18.3,18.5,18.0,18.2,12000
2025-08-05,18.5,18.5,18.5,18.2,18.2,3000
2025-08-06,17.8,17.8,18.35,17.8,18.35,7000
2025-08-07,18.0,18.0,18.2,17.8,18.0,7000
2025-08-08,18.25,18.25,18.25,18.25,18.25,2000
2025-08-11,18.3,18.3,18.3,17.9,18.2,12000
2025-08-12,18.8,18.8,18.8,18.05,18.3,10000
2025-08-13,18.2,18.2,18.75,18.1,18.75,29000
2025-08-14,18.05,18.05,18.2,18.05,18.2,19000
2025-08-15,18.35,18.35,18.35,17.9,17.9,7000
2025-08-18,18.0,18.0,18.1,17.9,18.0,42000
2025-08-19,18.05,18.05,18.4,17.9,18.4,15000
2025-08-20,18.15,18.15,18.15,17.85,17.9,9000
2025-08-21,18.3,18.3,18.5,18.2,18.3,38000
2025-08-22,18.25,18.25,18.3,18.0,18.3,7000
2025-08-25,18.0,18.0,18.55,18.0,18.55,14000
2025-08-26,18.0,18.0,18.2,17.8,18.2,28000
2025-08-28,18.1,18.1,18.35,18.1,18.35,28000
2025-08-29,18.15,18.15,18.3,18.1,18.1,8000
2025-09-01,17.9,17.9,18.15,17.9,18.1,24000
2025-09-02,17.9,17.9,18.3,17.9,18.3,12000
2025-09-03,18.05,18.05,18.15,17.95,18.15,7000
2025-09-04,18.2,18.2,18.3,18.0,18.3,34000
2025-09-05,18.05,18.05,18.5,18.0,18.5,38000
2025-09-08,17.9,17.9,18.0,17.9,18.0,4000
2025-09-09,17.95,17.95,17.95,17.75,17.75,27000
2025-09-10,18.1,18.1,18.1,17.75,17.75,7000
2025-09-11,17.5,17.5,18.0,17.5,17.95,10000
2025-09-12,17.55,17.55,17.8,17.5,17.55,27000
2025-09-15,17.65,17.65,17.7,17.5,17.5,35000
2025-09-16,17.65,17.65,17.8,17.6,17.8,9000
2025-09-17,18.0,18.0,18.0,17.65,17.8,46000
2025-09-18,17.85,17.85,18.05,17.75,18.05,11000
2025-09-19,17.85,17.85,17.9,17.65,17.85,26000
2025-09-22,18.0,18.0,19.6,17.95,18.95,1515000
2025-09-23,17.05,17.05,18.15,16.95,18.1,231000
2025-09-24,17.05,17.05,17.15,16.9,17.15,22000
2025-09-25,17.05,17.05,17.1,16.9,17.05,24000
2025-09-26,17.05,17.05,17.05,16.85,17.05,17000
2025-09-30,16.85,16.85,17.15,16.7,17.15,43000
2025-10-01,16.8,16.8,16.8,16.65,16.75,19000
2025-10-02,16.8,16.8,16.8,16.8,16.8,1000
2025-10-03,16.65,16.65,16.9,16.65,16.8,17000
2025-10-07,16.65,16.65,16.7,16.0,16.5,41000
2025-10-08,16.7,16.7,16.7,16.7,16.7,2000
2025-10-09,16.6,16.6,16.7,16.5,16.5,6000
2025-10-13,16.6,16.6,16.9,16.6,16.6,6000
2025-10-14,16.8,16.8,16.8,16.8,16.8,1000
2025-10-15,16.8,16.8,16.9,16.4,16.6,44000
2025-10-16,16.8,16.8,16.8,16.0,16.5,39000
2025-10-17,16.7,16.7,16.8,16.45,16.55,13000
2025-10-20,16.7,16.7,16.7,16.5,16.5,17000
2025-10-21,16.6,16.6,16.7,16.4,16.7,20000
2025-10-22,16.5,16.5,16.65,16.4,16.5,30000
2025-10-23,16.65,16.65,16.65,16.4,16.4,18000
2025-10-27,16.5,16.5,16.65,16.25,16.6,26000
2025-10-28,16.4,16.4,16.45,16.2,16.2,17000
2025-10-29,16.35,16.35,16.4,16.1,16.4,29000
2025-10-30,16.5,16.5,16.55,16.15,16.15,8000
2025-10-31,16.45,16.45,16.5,16.2,16.5,18000
2025-11-03,16.6,16.6,16.6,16.25,16.3,19000
2025-11-04,16.5,16.5,16.55,16.2,16.55,28000
2025-11-05,16.5,16.5,16.5,16.3,16.3,10000
2025-11-06,16.5,16.5,16.5,16.2,16.25,30000
2025-11-07,16.5,16.5,16.5,16.3,16.3,10000
2025-11-10,16.4,16.4,16.4,16.2,16.35,20000
2025-11-11,16.25,16.25,16.3,16.15,16.2,28000
2025-11-12,16.15,16.15,16.2,16.0,16.2,28000
2025-11-13,16.15,16.15,16.35,16.15,16.35,6000
2025-11-14,16.15,16.15,16.25,15.9,15.9,11000
2025-11-17,16.0,16.0,16.15,15.9,16.15,30000
2025-11-18,15.95,15.95,15.95,15.85,15.95,7000
2025-11-19,16.0,16.0,16.2,15.9,16.2,51000
2025-11-20,15.95,15.95,16.05,15.75,16.05,34000
2025-11-21,15.95,15.95,16.2,15.75,15.95,35000
2025-11-24,15.95,15.95,15.95,15.8,15.8,12000
2025-11-25,16.0,16.0,16.0,15.65,15.85,46000
2025-11-26,16.0,16.0,16.0,15.9,15.9,11000
2025-11-27,15.85,15.85,15.95,15.75,15.9,24000
2025-11-28,15.95,15.95,16.2,15.85,16.0,20000
2025-12-01,15.95,15.95,15.95,15.9,15.95,8000
2025-12-02,15.95,15.95,16.0,15.9,16.0,18000
2025-12-03,16.0,16.0,16.0,15.6,15.85,28000
2025-12-04,16.0,16.0,16.0,15.75,15.75,44000
2025-12-05,15.9,15.9,16.0,15.75,16.0,26000
2025-12-08,15.9,15.9,15.95,15.75,15.95,46000
2025-12-09,15.9,15.9,15.9,15.7,15.7,26000
2025-12-10,15.9,15.9,15.95,15.7,15.85,128000
2025-12-11,15.75,15.75,17.45,15.75,17.45,203000
2025-12-12,15.75,15.75,15.8,15.75,15.8,24000
2025-12-15,15.85,15.85,15.85,15.6,15.8,60000
2025-12-16,15.9,15.9,15.9,15.7,15.85,10000
2025-12-17,15.7,15.7,15.8,15.65,15.8,34000
2025-12-18,15.7,15.7,15.75,15.65,15.75,26000
2025-12-19,15.7,15.7,15.8,15.7,15.8,6000
2025-12-22,15.85,15.85,15.85,15.7,15.75,22000
2025-12-23,15.85,15.85,15.85,15.75,15.8,28000
2025-12-24,15.85,15.85,15.9,15.8,15.9,35000
2025-12-26,15.8,15.8,15.85,15.75,15.8,73000
2025-12-29,15.75,15.75,15.8,15.75,15.8,12000
2025-12-30,16.0,16.0,16.25,15.75,15.8,36000
2025-12-31,15.8,15.8,16.0,15.8,16.0,19000
2026-01-02,15.95,15.95,15.95,15.85,15.85,7000
2026-01-05,16.2,16.2,16.5,15.8,15.95,94000
2026-01-06,16.2,16.2,16.2,15.9,15.9,8000
2026-01-07,16.3,16.3,16.45,16.25,16.35,40000
2026-01-08,15.85,15.85,16.4,15.85,16.4,44000
2026-01-09,15.8,15.8,15.95,15.75,15.9,24000
2026-01-12,15.9,15.9,16.05,15.8,16.05,25000
2026-01-13,15.8,15.8,16.0,15.6,15.65,49000
2026-01-14,15.85,15.85,15.9,15.7,15.9,26000
2026-01-15,16.15,16.15,16.15,15.85,15.85,5000
2026-01-16,15.95,15.95,15.95,15.8,15.9,10000
2026-01-19,16.2,16.2,16.45,15.95,15.95,69000
2026-01-20,16.0,16.0,16.35,15.95,16.35,65000
2026-01-21,17.35,17.35,17.6,16.2,16.2,557000
2026-01-22,16.45,16.45,18.05,16.35,17.5,243000
2026-01-23,16.05,16.05,17.25,16.0,16.7,140000
2026-01-26,16.05,16.05,16.4,16.0,16.4,69000
2026-01-27,16.1,16.1,16.15,16.0,16.15,40000
2026-01-28,15.8,15.8,16.2,15.8,16.15,81000
2026-01-29,15.9,15.9,15.95,15.8,15.85,20000
2026-01-30,15.8,15.8,16.35,15.8,15.95,39000
2026-02-02,15.8,15.8,15.95,15.8,15.95,18000
2026-02-03,15.8,15.8,15.85,15.8,15.8,13000
2026-02-04,15.8,15.8,15.85,15.75,15.85,17000
2026-02-05,15.9,15.9,15.95,15.8,15.8,15000
2026-02-06,15.9,15.9,15.9,15.5,15.8,21000
2026-02-09,15.85,15.85,15.9,15.7,15.8,32000
2026-02-10,15.8,15.8,15.9,15.75,15.9,18000
2026-02-11,15.8,15.8,15.9,15.65,15.9,52000
2026-02-23,15.75,15.75,15.75,15.65,15.7,7000
2026-02-24,15.75,15.75,15.8,15.5,15.6,51000
2026-02-25,15.75,15.75,15.75,15.65,15.75,38000
2026-02-26,15.8,15.8,15.85,15.7,15.75,10000
2026-03-02,15.8,15.8,15.8,15.75,15.8,23000
2026-03-03,15.75,15.75,15.8,15.65,15.65,36000
2026-03-04,15.7,15.7,15.75,15.6,15.75,32000
2026-03-05,15.75,15.75,15.75,15.6,15.75,29000
2026-03-06,15.85,15.85,15.85,15.65,15.7,13000
2026-03-09,15.75,15.75,15.8,15.2,15.75,56000
2026-03-10,15.8,15.8,15.8,15.4,15.65,40000
2026-03-11,15.8,15.8,16.25,15.4,16.25,53000
2026-03-12,15.8,15.8,16.0,15.8,16.0,57000
2026-03-13,15.8,15.8,16.0,15.7,15.85,15000
2026-03-16,15.8,15.8,15.8,15.55,15.8,52000
2026-03-17,15.85,15.85,15.85,15.55,15.8,64000
2026-03-18,15.8,15.8,16.05,15.7,15.95,66000
2026-03-19,15.75,15.75,15.8,15.7,15.8,15000
2026-03-20,15.75,15.75,15.75,15.75,15.75,5000
2026-03-23,15.75,15.75,15.75,15.3,15.75,39000
2026-03-24,15.8,15.8,15.85,15.8,15.85,2000
2026-03-25,15.75,15.75,15.75,15.5,15.7,56000
2026-03-26,15.7,15.7,15.75,15.6,15.7,12000
2026-03-27,15.75,15.75,15.75,15.6,15.65,11000
2026-03-30,15.75,15.75,16.9,15.7,16.35,131000
2026-03-31,15.65,15.65,16.2,15.55,16.2,124000
2026-04-01,15.65,15.65,15.8,15.65,15.8,17000
2026-04-02,15.85,15.85,15.85,15.55,15.85,40000
2026-04-07,16.0,16.0,16.0,15.8,15.85,11000
2026-04-08,15.75,15.75,15.85,15.7,15.8,28000
2026-04-09,15.85,15.85,15.95,15.65,15.7,40000
2026-04-10,15.85,15.85,15.95,15.75,15.95,5000
2026-04-13,15.85,15.85,15.9,15.75,15.85,11000
2026-04-14,15.9,15.9,16.2,15.85,16.0,33000
2026-04-15,15.9,15.9,16.15,15.7,16.15,45000
2026-04-16,15.9,15.9,16.05,15.8,16.05,34000
2026-04-17,15.95,15.95,16.25,15.75,15.75,40000
2026-04-20,15.7,15.7,15.85,15.6,15.85,78000
2026-04-21,15.75,15.75,15.8,15.3,15.3,25000
2026-04-22,15.75,15.75,15.85,15.65,15.7,16000
2026-04-23,15.75,15.75,15.8,15.55,15.8,60000
2026-04-24,15.75,15.75,15.8,15.65,15.8,11000
2026-04-27,15.75,15.75,15.8,15.65,15.75,28000
2026-04-28,15.8,15.8,15.85,15.65,15.85,16000
2026-04-29,15.9,15.9,15.9,15.7,15.8,37000
2026-04-30,15.85,15.85,15.85,15.75,15.8,25000
2026-05-04,15.9,15.9,16.0,15.7,15.75,28000
2026-05-05,16.0,16.0,16.0,15.85,15.9,57000
2026-05-06,16.05,16.05,16.05,15.7,16.0,61000
2026-05-07,16.2,16.2,16.3,15.8,15.9,96000
2026-05-08,16.45,16.45,16.6,15.8,15.8,66000
2026-05-11,15.65,15.65,16.1,15.4,16.0,57000
2026-05-12,15.9,15.9,15.95,15.7,15.95,7000
2026-05-13,15.95,15.95,16.35,15.95,16.35,16000
2026-05-14,15.75,15.75,16.0,15.75,15.95,38000
2026-05-15,16.1,16.1,16.1,15.3,15.8,57000
2026-05-18,15.9,15.9,16.0,15.65,15.95,14000
2026-05-19,15.65,15.65,15.8,15.25,15.65,63000
2026-05-20,15.75,15.75,15.75,15.6,15.6,20000
2026-05-21,15.75,15.75,16.15,15.5,15.8,31000
2026-05-22,15.7,15.7,15.8,15.5,15.75,31000
2026-05-25,16.0,16.0,16.0,15.7,15.7,6000
2026-05-26,15.8,15.8,16.05,15.55,15.7,44000
2026-05-27,15.85,15.85,15.9,15.5,15.7,47000
2026-05-28,15.7,15.7,15.75,15.35,15.7,44000
2026-05-29,15.85,15.85,15.85,15.3,15.7,89000
2026-06-01,15.7,15.7,15.95,15.6,15.75,46000
2026-06-02,15.8,15.8,15.8,15.65,15.7,14000
2026-06-03,15.9,15.9,16.0,15.4,15.8,42000
2026-06-04,15.9,15.9,16.0,15.85,15.9,47000
2026-06-05,15.95,15.95,16.0,15.55,15.75,17000
2026-06-08,15.9,15.9,15.95,15.6,15.95,29000
2026-06-09,15.8,15.8,15.8,15.6,15.65,5000
2026-06-10,15.8,15.8,15.9,15.65,15.65,15000
2026-06-11,15.7,15.7,15.8,15.7,15.8,2000
2026-06-12,15.8,15.8,15.95,15.5,15.65,29000
2026-06-15,15.75,15.75,15.8,15.55,15.8,50000
2026-06-16,15.85,15.85,15.85,15.4,15.65,66000
2026-06-17,15.75,15.75,15.75,15.6,15.65,32000
2026-06-18,15.8,15.8,15.85,15.65,15.75,34000
2026-06-22,15.75,15.75,15.9,15.75,15.8,13000
2026-06-23,15.85,15.85,15.85,15.7,15.75,9000
2026-06-24,15.8,15.8,15.85,15.55,15.85,25000
2026-06-25,15.75,15.75,15.85,15.75,15.75,16000
2026-06-26,15.75,15.75,15.8,15.55,15.7,21000
2026-06-29,15.75,15.75,15.75,15.7,15.7,4000
2026-06-30,15.75,15.75,15.75,15.6,15.75,8000
2026-07-01,15.75,15.75,15.75,15.65,15.75,4000
2026-07-02,15.85,15.85,15.9,15.5,15.75,43000
2026-07-03,15.75,15.75,15.75,15.7,15.7,8000
2026-07-06,15.75,15.75,15.75,15.7,15.75,7000
2026-07-07,15.75,15.75,15.75,15.65,15.7,17000
2026-07-09,15.75,15.75,15.75,15.65,15.65,5000
2026-07-13,15.65,15.65,15.75,15.5,15.75,33000
2026-07-14,15.65,15.65,15.65,15.5,15.65,18000
2026-07-15,15.7,15.7,15.7,15.55,15.6,23000
2026-07-16,15.7,15.7,15.7,15.6,15.6,16000
2026-07-17,15.7,15.7,15.7,15.35,15.6,34000
2026-07-20,15.75,15.75,15.75,15.55,15.65,24000
2026-07-21,15.75,15.75,15.75,15.75,15.75,6000
2026-07-22,15.75,15.75,15.85,15.4,15.65,35000
2026-07-23,15.75,15.75,15.75,15.65,15.7,10000
2026-07-24,15.75,15.75,15.75,15.65,15.7,12000
2026-07-27,15.8,15.8,15.8,15.65,15.7,13000
2026-07-28,15.65,15.65,15.65,15.4,15.65,40000
2026-07-29,15.65,15.65,15.7,15.05,15.7,125000
2026-07-30,15.6,15.6,15.65,15.5,15.65,29000
2026-07-31,15.75,15.75,15.8,15.6,15.8,16000
2026-08-03,15.75,15.75,15.75,15.6,15.65,19000
2026-08-04,15.7,15.7,15.75,15.5,15.75,20000
2026-08-05,15.7,15.7,15.7,15.6,15.65,9000
2026-08-06,15.7,15.7,15.7,15.65,15.65,14000
2026-08-07,15.7,15.7,15.75,15.65,15.65,4000
2026-08-10,15.7,15.7,15.7,15.6,15.65,12000
2026-08-11,15.7,15.7,15.7,15.7,15.7,1000
2026-08-12,15.7,15.7,15.7,15.65,15.65,8000
2026-08-13,15.7,15.7,15.75,15.65,15.7,31000
2026-08-14,15.7,15.7,15.7,15.65,15.65,4000
2026-08-17,15.7,15.7,15.7,15.6,15.7,7000
2026-08-18,15.7,15.7,15.7,15.65,15.7,10000
2026-08-19,15.7,15.7,15.7,15.65,15.65,2000
2026-08-20,15.75,15.75,15.75,15.55,15.65,32000
2026-08-21,15.7,15.7,15.75,15.45,15.75,40000
2026-08-24,15.65,15.65,15.65,15.65,15.65,2010
2026-08-25,15.7,15.7,15.7,15.55,15.65,17033
2026-08-26,15.7,15.7,15.75,15.55,15.7,15001
2026-08-27,15.7,15.7,15.7,15.4,15.65,45006
2026-08-28,15.65,15.65,15.65,15.4,15.65,29008
2026-08-31,15.7,15.7,15.7,15.5,15.6,19056
2026-09-01,15.65,15.65,15.65,15.4,15.65,28203
2026-09-02,15.65,15.65,15.7,15.55,15.6,29000
2026-09-03,15.65,15.65,15.7,15.6,15.65,24000
2026-09-04,15.7,15.7,16.55,15.65,15.65,13117
2026-09-07,15.65,15.65,15.65,15.5,15.65,17160
2026-09-08,15.75,15.75,15.75,15.65,15.65,10000
2026-09-09,15.75,15.75,16.65,15.75,16.65,27774
2026-09-10,15.8,15.8,15.8,15.75,15.8,9100
2026-09-11,15.75,15.75,15.8,15.5,15.75,101031
2026-09-14,15.65,15.65,15.75,15.5,15.65,87000
2026-09-15,15.7,15.7,15.7,15.5,15.65,20060
2026-09-16,15.7,15.7,15.7,15.5,15.7,28000
2026-09-17,15.7,15.7,15.7,15.5,15.65,20000
2026-09-18,15.75,15.75,15.75,15.6,15.65,43100
2026-09-21,15.75,15.75,15.75,15.7,15.75,5559
2026-09-22,15.75,15.75,15.75,15.7,15.75,5559
2026-09-23,15.7,15.7,15.7,15.65,15.65,9000
2026-09-24,15.7,15.7,15.7,15.55,15.55,9000
2026-09-25,15.7,15.7,15.7,15.55,15.55,9000
2026-09-28,15.7,15.7,15.7,15.55,15.55,9000
2026-09-29,15.7,15.7,15.75,15.65,15.65,5190
2026-09-30,15.9,15.9,15.9,15.45,15.75,47492
2026-10-01,15.8,15.8,15.8,15.6,15.7,11036
2026-10-02,15.85,15.85,15.85,15.65,15.65,4832
2026-10-05,15.75,15.75,15.75,15.4,15.65,44848
2026-10-06,15.7,15.7,15.7,15.65,15.65,3402
2026-10-07,15.7,15.7,15.7,15.65,15.65,3402
2026-10-08,15.7,15.7,15.7,15.65,15.65,3402
