Date,Adj Close,Close,High,Low,Open,Volume
2016-08-12,41.65,41.65,41.7,41.05,41.05,48799
2016-08-15,41.65,41.65,41.7,41.05,41.05,48799
2016-08-16,41.65,41.65,41.7,41.05,41.05,48799
2016-08-17,41.65,41.65,41.7,41.05,41.05,48799
2016-08-18,41.65,41.65,41.7,41.05,41.05,48799
2016-08-19,41.65,41.65,41.7,41.05,41.05,48799
2016-08-22,41.65,41.65,41.7,41.05,41.05,48799
2016-08-23,41.65,41.65,41.7,41.05,41.05,48799
2016-08-24,41.65,41.65,41.7,41.05,41.05,48799
2016-08-25,41.65,41.65,41.7,41.05,41.05,48799
2016-08-26,41.65,41.65,41.7,41.05,41.05,48799
2016-08-29,41.65,41.65,41.7,41.05,41.05,48799
2016-08-30,41.65,41.65,41.7,41.05,41.05,48799
2016-08-31,41.65,41.65,41.7,41.05,41.05,48799
2016-09-01,41.65,41.65,41.7,41.05,41.05,48799
2016-09-02,41.65,41.65,41.7,41.05,41.05,48799
2016-09-05,41.65,41.65,41.7,41.05,41.05,48799
2016-09-06,41.65,41.65,41.7,41.05,41.05,48799
2016-09-07,41.65,41.65,41.7,41.05,41.05,48799
2016-09-08,41.65,41.65,41.7,41.05,41.05,48799
2016-09-09,41.65,41.65,41.7,41.05,41.05,48799
2016-09-12,41.65,41.65,41.7,41.05,41.05,48799
2016-09-13,41.65,41.65,41.7,41.05,41.05,48799
2016-09-14,41.65,41.65,41.7,41.05,41.05,48799
2016-09-19,41.65,41.65,41.7,41.05,41.05,48799
2016-09-20,41.65,41.65,41.7,41.05,41.05,48799
2016-09-21,41.65,41.65,41.7,41.05,41.05,48799
2016-09-22,41.65,41.65,41.7,41.05,41.05,48799
2016-09-23,41.65,41.65,41.7,41.05,41.05,48799
2016-09-26,41.65,41.65,41.7,41.05,41.05,48799
2016-09-29,41.65,41.65,41.7,41.05,41.05,48799
2016-09-30,41.65,41.65,41.7,41.05,41.05,48799
2016-10-03,41.65,41.65,41.7,41.05,41.05,48799
2016-10-04,41.65,41.65,41.7,41.05,41.05,48799
2016-10-05,41.65,41.65,41.7,41.05,41.05,48799
2016-10-06,41.65,41.65,41.7,41.05,41.05,48799
2016-10-07,41.65,41.65,41.7,41.05,41.05,48799
2016-10-11,41.65,41.65,41.7,41.05,41.05,48799
2016-10-12,41.65,41.65,41.7,41.05,41.05,48799
2016-10-13,41.65,41.65,41.7,41.05,41.05,48799
2016-10-14,41.65,41.65,41.7,41.05,41.05,48799
2016-10-17,41.65,41.65,41.7,41.05,41.05,48799
2016-10-18,41.65,41.65,41.7,41.05,41.05,48799
2016-10-19,41.65,41.65,41.7,41.05,41.05,48799
2016-10-20,41.65,41.65,41.7,41.05,41.05,48799
2016-10-21,41.65,41.65,41.7,41.05,41.05,48799
2016-10-24,41.65,41.65,41.7,41.05,41.05,48799
2016-10-25,41.65,41.65,41.7,41.05,41.05,48799
2016-10-26,41.65,41.65,41.7,41.05,41.05,48799
2016-10-27,41.65,41.65,41.7,41.05,41.05,48799
2016-10-28,41.65,41.65,41.7,41.05,41.05,48799
2016-10-31,41.65,41.65,41.7,41.05,41.05,48799
2016-11-01,41.65,41.65,41.7,41.05,41.05,48799
2016-11-02,41.65,41.65,41.7,41.05,41.05,48799
2016-11-03,41.65,41.65,41.7,41.05,41.05,48799
2016-11-04,41.65,41.65,41.7,41.05,41.05,48799
2016-11-07,41.65,41.65,41.7,41.05,41.05,48799
2016-11-08,41.65,41.65,41.7,41.05,41.05,48799
2016-11-09,41.65,41.65,41.7,41.05,41.05,48799
2016-11-10,41.65,41.65,41.7,41.05,41.05,48799
2016-11-11,41.65,41.65,41.7,41.05,41.05,48799
2016-11-14,41.65,41.65,41.7,41.05,41.05,48799
2016-11-15,41.65,41.65,41.7,41.05,41.05,48799
2016-11-16,41.65,41.65,41.7,41.05,41.05,48799
2016-11-17,41.65,41.65,41.7,41.05,41.05,48799
2016-11-18,41.65,41.65,41.7,41.05,41.05,48799
2016-11-21,41.65,41.65,41.7,41.05,41.05,48799
2016-11-22,41.65,41.65,41.7,41.05,41.05,48799
2016-11-23,41.65,41.65,41.7,41.05,41.05,48799
2016-11-24,41.65,41.65,41.7,41.05,41.05,48799
2016-11-25,41.65,41.65,41.7,41.05,41.05,48799
2016-11-28,41.65,41.65,41.7,41.05,41.05,48799
2016-11-29,41.65,41.65,41.7,41.05,41.05,48799
2016-11-30,41.65,41.65,41.7,41.05,41.05,48799
2016-12-01,41.65,41.65,41.7,41.05,41.05,48799
2016-12-02,41.65,41.65,41.7,41.05,41.05,48799
2016-12-05,41.65,41.65,41.7,41.05,41.05,48799
2016-12-06,41.65,41.65,41.7,41.05,41.05,48799
2016-12-07,41.65,41.65,41.7,41.05,41.05,48799
2016-12-08,41.65,41.65,41.7,41.05,41.05,48799
2016-12-09,41.65,41.65,41.7,41.05,41.05,48799
2016-12-12,41.65,41.65,41.7,41.05,41.05,48799
2016-12-13,41.65,41.65,41.7,41.05,41.05,48799
2016-12-14,41.65,41.65,41.7,41.05,41.05,48799
2016-12-15,41.65,41.65,41.7,41.05,41.05,48799
2016-12-16,41.65,41.65,41.7,41.05,41.05,48799
2016-12-19,41.65,41.65,41.7,41.05,41.05,48799
2016-12-20,41.65,41.65,41.7,41.05,41.05,48799
2016-12-21,41.65,41.65,41.7,41.05,41.05,48799
2016-12-22,41.65,41.65,41.7,41.05,41.05,48799
2016-12-23,41.65,41.65,41.7,41.05,41.05,48799
2016-12-26,41.65,41.65,41.7,41.05,41.05,48799
2016-12-27,41.65,41.65,41.7,41.05,41.05,48799
2016-12-28,41.65,41.65,41.7,41.05,41.05,48799
2016-12-29,41.65,41.65,41.7,41.05,41.05,48799
2016-12-30,41.65,41.65,41.7,41.05,41.05,48799
2017-01-03,41.65,41.65,41.7,41.05,41.05,48799
2017-01-04,41.65,41.65,41.7,41.05,41.05,48799
2017-01-05,41.65,41.65,41.7,41.05,41.05,48799
2017-01-06,41.65,41.65,41.7,41.05,41.05,48799
2017-01-09,41.65,41.65,41.7,41.05,41.05,48799
2017-01-10,41.65,41.65,41.7,41.05,41.05,48799
2017-01-11,41.65,41.65,41.7,41.05,41.05,48799
2017-01-12,41.65,41.65,41.7,41.05,41.05,48799
2017-01-13,41.65,41.65,41.7,41.05,41.05,48799
2017-01-16,41.65,41.65,41.7,41.05,41.05,48799
2017-01-17,41.65,41.65,41.7,41.05,41.05,48799
2017-01-18,41.65,41.65,41.7,41.05,41.05,48799
2017-01-19,41.65,41.65,41.7,41.05,41.05,48799
2017-01-20,41.65,41.65,41.7,41.05,41.05,48799
2017-01-23,41.65,41.65,41.7,41.05,41.05,48799
2017-01-24,41.65,41.65,41.7,41.05,41.05,48799
2017-02-02,41.65,41.65,41.7,41.05,41.05,48799
2017-02-03,41.65,41.65,41.7,41.05,41.05,48799
2017-02-06,41.65,41.65,41.7,41.05,41.05,48799
2017-02-07,41.65,41.65,41.7,41.05,41.05,48799
2017-02-08,41.65,41.65,41.7,41.05,41.05,48799
2017-02-09,41.65,41.65,41.7,41.05,41.05,48799
2017-02-10,41.65,41.65,41.7,41.05,41.05,48799
2017-02-13,41.65,41.65,41.7,41.05,41.05,48799
2017-02-14,41.65,41.65,41.7,41.05,41.05,48799
2017-02-15,41.65,41.65,41.7,41.05,41.05,48799
2017-02-16,41.65,41.65,41.7,41.05,41.05,48799
2017-02-17,41.65,41.65,41.7,41.05,41.05,48799
2017-02-20,41.65,41.65,41.7,41.05,41.05,48799
2017-02-21,41.65,41.65,41.7,41.05,41.05,48799
2017-02-22,41.65,41.65,41.7,41.05,41.05,48799
2017-02-23,41.65,41.65,41.7,41.05,41.05,48799
2017-02-24,41.65,41.65,41.7,41.05,41.05,48799
2017-03-01,41.65,41.65,41.7,41.05,41.05,48799
2017-03-02,41.65,41.65,41.7,41.05,41.05,48799
2017-03-03,41.65,41.65,41.7,41.05,41.05,48799
2017-03-06,41.65,41.65,41.7,41.05,41.05,48799
2017-03-07,41.65,41.65,41.7,41.05,41.05,48799
2017-03-08,41.65,41.65,41.7,41.05,41.05,48799
2017-03-09,41.65,41.65,41.7,41.05,41.05,48799
2017-03-10,41.65,41.65,41.7,41.05,41.05,48799
2017-03-13,41.65,41.65,41.7,41.05,41.05,48799
2017-03-14,41.65,41.65,41.7,41.05,41.05,48799
2017-03-15,41.65,41.65,41.7,41.05,41.05,48799
2017-03-16,41.65,41.65,41.7,41.05,41.05,48799
2017-03-17,41.65,41.65,41.7,41.05,41.05,48799
2017-03-20,41.65,41.65,41.7,41.05,41.05,48799
2017-03-21,41.65,41.65,41.7,41.05,41.05,48799
2017-03-22,41.65,41.65,41.7,41.05,41.05,48799
2017-03-23,41.65,41.65,41.7,41.05,41.05,48799
2017-03-24,41.65,41.65,41.7,41.05,41.05,48799
2017-03-27,41.65,41.65,41.7,41.05,41.05,48799
2017-03-28,41.65,41.65,41.7,41.05,41.05,48799
2017-03-29,41.65,41.65,41.7,41.05,41.05,48799
2017-03-30,41.65,41.65,41.7,41.05,41.05,48799
2017-03-31,41.65,41.65,41.7,41.05,41.05,48799
2017-04-05,41.65,41.65,41.7,41.05,41.05,48799
2017-04-06,41.65,41.65,41.7,41.05,41.05,48799
2017-04-07,41.65,41.65,41.7,41.05,41.05,48799
2017-04-10,41.65,41.65,41.7,41.05,41.05,48799
2017-04-11,41.65,41.65,41.7,41.05,41.05,48799
2017-04-12,41.65,41.65,41.7,41.05,41.05,48799
2017-04-13,41.65,41.65,41.7,41.05,41.05,48799
2017-04-14,41.65,41.65,41.7,41.05,41.05,48799
2017-04-17,41.65,41.65,41.7,41.05,41.05,48799
2017-04-18,41.65,41.65,41.7,41.05,41.05,48799
2017-04-19,41.65,41.65,41.7,41.05,41.05,48799
2017-04-21,41.65,41.65,41.7,41.05,41.05,48799
2017-04-24,41.65,41.65,41.7,41.05,41.05,48799
2017-04-25,41.65,41.65,41.7,41.05,41.05,48799
2017-04-26,41.65,41.65,41.7,41.05,41.05,48799
2017-04-27,41.65,41.65,41.7,41.05,41.05,48799
2017-04-28,41.65,41.65,41.7,41.05,41.05,48799
2017-05-02,41.65,41.65,41.7,41.05,41.05,48799
2017-05-03,41.65,41.65,41.7,41.05,41.05,48799
2017-05-04,41.65,41.65,41.7,41.05,41.05,48799
2017-05-05,41.65,41.65,41.7,41.05,41.05,48799
2017-05-08,41.65,41.65,41.7,41.05,41.05,48799
2017-05-09,41.65,41.65,41.7,41.05,41.05,48799
2017-05-10,41.65,41.65,41.7,41.05,41.05,48799
2017-05-11,41.65,41.65,41.7,41.05,41.05,48799
2017-05-12,41.65,41.65,41.7,41.05,41.05,48799
2017-05-15,41.65,41.65,41.7,41.05,41.05,48799
2017-05-16,41.65,41.65,41.7,41.05,41.05,48799
2017-05-17,41.65,41.65,41.7,41.05,41.05,48799
2017-05-18,41.65,41.65,41.7,41.05,41.05,48799
2017-05-19,41.65,41.65,41.7,41.05,41.05,48799
2017-05-22,41.65,41.65,41.7,41.05,41.05,48799
2017-05-23,41.65,41.65,41.7,41.05,41.05,48799
2017-05-24,41.65,41.65,41.7,41.05,41.05,48799
2017-05-25,41.65,41.65,41.7,41.05,41.05,48799
2017-05-26,41.65,41.65,41.7,41.05,41.05,48799
2017-05-31,41.65,41.65,41.7,41.05,41.05,48799
2017-06-01,41.65,41.65,41.7,41.05,41.05,48799
2017-06-02,41.65,41.65,41.7,41.05,41.05,48799
2017-06-05,41.65,41.65,41.7,41.05,41.05,48799
2017-06-06,41.65,41.65,41.7,41.05,41.05,48799
2017-06-07,41.65,41.65,41.7,41.05,41.05,48799
2017-06-08,41.65,41.65,41.7,41.05,41.05,48799
2017-06-09,41.65,41.65,41.7,41.05,41.05,48799
2017-06-12,41.65,41.65,41.7,41.05,41.05,48799
2017-06-13,41.65,41.65,41.7,41.05,41.05,48799
2017-06-14,41.65,41.65,41.7,41.05,41.05,48799
2017-06-15,41.65,41.65,41.7,41.05,41.05,48799
2017-06-16,41.65,41.65,41.7,41.05,41.05,48799
2017-06-19,41.65,41.65,41.7,41.05,41.05,48799
2017-06-20,41.65,41.65,41.7,41.05,41.05,48799
2017-06-21,41.65,41.65,41.7,41.05,41.05,48799
2017-06-22,41.65,41.65,41.7,41.05,41.05,48799
2017-06-23,41.65,41.65,41.7,41.05,41.05,48799
2017-06-26,41.65,41.65,41.7,41.05,41.05,48799
2017-06-27,41.65,41.65,41.7,41.05,41.05,48799
2017-06-28,41.65,41.65,41.7,41.05,41.05,48799
2017-06-29,41.65,41.65,41.7,41.05,41.05,48799
2017-06-30,41.65,41.65,41.7,41.05,41.05,48799
2017-07-03,41.65,41.65,41.7,41.05,41.05,48799
2017-07-04,41.65,41.65,41.7,41.05,41.05,48799
2017-07-05,41.65,41.65,41.7,41.05,41.05,48799
2017-07-06,41.65,41.65,41.7,41.05,41.05,48799
2017-07-07,41.65,41.65,41.7,41.05,41.05,48799
2017-07-10,41.65,41.65,41.7,41.05,41.05,48799
2017-07-11,41.65,41.65,41.7,41.05,41.05,48799
2017-07-12,41.65,41.65,41.7,41.05,41.05,48799
2017-07-13,41.65,41.65,41.7,41.05,41.05,48799
2017-07-14,41.65,41.65,41.7,41.05,41.05,48799
2017-07-17,41.65,41.65,41.7,41.05,41.05,48799
2017-07-18,41.65,41.65,41.7,41.05,41.05,48799
2017-07-19,41.65,41.65,41.7,41.05,41.05,48799
2017-07-20,41.65,41.65,41.7,41.05,41.05,48799
2017-07-21,41.65,41.65,41.7,41.05,41.05,48799
2017-07-24,41.65,41.65,41.7,41.05,41.05,48799
2017-07-25,41.65,41.65,41.7,41.05,41.05,48799
2017-07-26,41.65,41.65,41.7,41.05,41.05,48799
2017-07-27,41.65,41.65,41.7,41.05,41.05,48799
2017-07-28,41.65,41.65,41.7,41.05,41.05,48799
2017-07-31,41.65,41.65,41.7,41.05,41.05,48799
2017-08-01,41.65,41.65,41.7,41.05,41.05,48799
2017-08-02,41.65,41.65,41.7,41.05,41.05,48799
2017-08-03,41.65,41.65,41.7,41.05,41.05,48799
2017-08-04,41.65,41.65,41.7,41.05,41.05,48799
2017-08-07,41.65,41.65,41.7,41.05,41.05,48799
2017-08-08,41.65,41.65,41.7,41.05,41.05,48799
2017-08-09,41.65,41.65,41.7,41.05,41.05,48799
2017-08-10,41.65,41.65,41.7,41.05,41.05,48799
2017-08-11,41.65,41.65,41.7,41.05,41.05,48799
2017-08-14,41.65,41.65,41.7,41.05,41.05,48799
2017-08-15,41.65,41.65,41.7,41.05,41.05,48799
2017-08-16,41.65,41.65,41.7,41.05,41.05,48799
2017-08-17,41.65,41.65,41.7,41.05,41.05,48799
2017-08-18,41.65,41.65,41.7,41.05,41.05,48799
2017-08-21,41.65,41.65,41.7,41.05,41.05,48799
2017-08-22,41.65,41.65,41.7,41.05,41.05,48799
2017-08-23,41.65,41.65,41.7,41.05,41.05,48799
2017-08-24,41.65,41.65,41.7,41.05,41.05,48799
2017-08-25,41.65,41.65,41.7,41.05,41.05,48799
2017-08-28,41.65,41.65,41.7,41.05,41.05,48799
2017-08-29,41.65,41.65,41.7,41.05,41.05,48799
2017-08-30,41.65,41.65,41.7,41.05,41.05,48799
2017-08-31,41.65,41.65,41.7,41.05,41.05,48799
2017-09-01,41.65,41.65,41.7,41.05,41.05,48799
2017-09-04,41.65,41.65,41.7,41.05,41.05,48799
2017-09-05,41.65,41.65,41.7,41.05,41.05,48799
2017-09-06,41.65,41.65,41.7,41.05,41.05,48799
2017-09-07,41.65,41.65,41.7,41.05,41.05,48799
2017-09-08,41.65,41.65,41.7,41.05,41.05,48799
2017-09-11,41.65,41.65,41.7,41.05,41.05,48799
2017-09-12,41.65,41.65,41.7,41.05,41.05,48799
2017-09-13,41.65,41.65,41.7,41.05,41.05,48799
2017-09-14,41.65,41.65,41.7,41.05,41.05,48799
2017-09-15,41.65,41.65,41.7,41.05,41.05,48799
2017-09-18,41.65,41.65,41.7,41.05,41.05,48799
2017-09-19,41.65,41.65,41.7,41.05,41.05,48799
2017-09-20,41.65,41.65,41.7,41.05,41.05,48799
2017-09-21,41.65,41.65,41.7,41.05,41.05,48799
2017-09-22,41.65,41.65,41.7,41.05,41.05,48799
2017-09-25,41.65,41.65,41.7,41.05,41.05,48799
2017-09-26,41.65,41.65,41.7,41.05,41.05,48799
2017-09-27,41.65,41.65,41.7,41.05,41.05,48799
2017-09-28,41.65,41.65,41.7,41.05,41.05,48799
2017-09-29,41.65,41.65,41.7,41.05,41.05,48799
2017-10-02,41.65,41.65,41.7,41.05,41.05,48799
2017-10-03,41.65,41.65,41.7,41.05,41.05,48799
2017-10-05,41.65,41.65,41.7,41.05,41.05,48799
2017-10-06,41.65,41.65,41.7,41.05,41.05,48799
2017-10-11,41.65,41.65,41.7,41.05,41.05,48799
2017-10-12,41.65,41.65,41.7,41.05,41.05,48799
2017-10-13,41.65,41.65,41.7,41.05,41.05,48799
2017-10-16,41.65,41.65,41.7,41.05,41.05,48799
2017-10-17,41.65,41.65,41.7,41.05,41.05,48799
2017-10-18,41.65,41.65,41.7,41.05,41.05,48799
2017-10-19,41.65,41.65,41.7,41.05,41.05,48799
2017-10-20,41.65,41.65,41.7,41.05,41.05,48799
2017-10-23,41.65,41.65,41.7,41.05,41.05,48799
2017-10-24,41.65,41.65,41.7,41.05,41.05,48799
2017-10-25,41.65,41.65,41.7,41.05,41.05,48799
2017-10-26,41.65,41.65,41.7,41.05,41.05,48799
2017-10-27,41.65,41.65,41.7,41.05,41.05,48799
2017-10-30,41.65,41.65,41.7,41.05,41.05,48799
2017-10-31,41.65,41.65,41.7,41.05,41.05,48799
2017-11-01,41.65,41.65,41.7,41.05,41.05,48799
2017-11-02,41.65,41.65,41.7,41.05,41.05,48799
2017-11-03,41.65,41.65,41.7,41.05,41.05,48799
2017-11-06,41.65,41.65,41.7,41.05,41.05,48799
2017-11-07,41.65,41.65,41.7,41.05,41.05,48799
2017-11-08,41.65,41.65,41.7,41.05,41.05,48799
2017-11-09,41.65,41.65,41.7,41.05,41.05,48799
2017-11-10,41.65,41.65,41.7,41.05,41.05,48799
2017-11-13,41.65,41.65,41.7,41.05,41.05,48799
2017-11-14,41.65,41.65,41.7,41.05,41.05,48799
2017-11-15,41.65,41.65,41.7,41.05,41.05,48799
2017-11-16,41.65,41.65,41.7,41.05,41.05,48799
2017-11-17,41.65,41.65,41.7,41.05,41.05,48799
2017-11-20,41.65,41.65,41.7,41.05,41.05,48799
2017-11-21,41.65,41.65,41.7,41.05,41.05,48799
2017-11-22,41.65,41.65,41.7,41.05,41.05,48799
2017-11-23,41.65,41.65,41.7,41.05,41.05,48799
2017-11-24,41.65,41.65,41.7,41.05,41.05,48799
2017-11-27,41.65,41.65,41.7,41.05,41.05,48799
2017-11-28,41.65,41.65,41.7,41.05,41.05,48799
2017-11-29,41.65,41.65,41.7,41.05,41.05,48799
2017-11-30,41.65,41.65,41.7,41.05,41.05,48799
2017-12-01,41.65,41.65,41.7,41.05,41.05,48799
2017-12-04,41.65,41.65,41.7,41.05,41.05,48799
2017-12-05,41.65,41.65,41.7,41.05,41.05,48799
2017-12-06,41.65,41.65,41.7,41.05,41.05,48799
2017-12-07,41.65,41.65,41.7,41.05,41.05,48799
2017-12-08,41.65,41.65,41.7,41.05,41.05,48799
2017-12-11,41.65,41.65,41.7,41.05,41.05,48799
2017-12-12,41.65,41.65,41.7,41.05,41.05,48799
2017-12-13,41.65,41.65,41.7,41.05,41.05,48799
2017-12-14,41.65,41.65,41.7,41.05,41.05,48799
2017-12-15,41.65,41.65,41.7,41.05,41.05,48799
2017-12-18,41.65,41.65,41.7,41.05,41.05,48799
2017-12-19,41.65,41.65,41.7,41.05,41.05,48799
2017-12-20,41.65,41.65,41.7,41.05,41.05,48799
2017-12-21,41.65,41.65,41.7,41.05,41.05,48799
2017-12-22,41.65,41.65,41.7,41.05,41.05,48799
2017-12-25,41.65,41.65,41.7,41.05,41.05,48799
2017-12-26,41.65,41.65,41.7,41.05,41.05,48799
2017-12-27,41.65,41.65,41.7,41.05,41.05,48799
2017-12-28,41.65,41.65,41.7,41.05,41.05,48799
2017-12-29,41.65,41.65,41.7,41.05,41.05,48799
2018-01-02,41.65,41.65,41.7,41.05,41.05,48799
2018-01-03,41.65,41.65,41.7,41.05,41.05,48799
2018-01-04,41.65,41.65,41.7,41.05,41.05,48799
2018-01-05,41.65,41.65,41.7,41.05,41.05,48799
2018-01-08,41.65,41.65,41.7,41.05,41.05,48799
2018-01-09,41.65,41.65,41.7,41.05,41.05,48799
2018-01-10,41.65,41.65,41.7,41.05,41.05,48799
2018-01-11,41.65,41.65,41.7,41.05,41.05,48799
2018-01-12,41.65,41.65,41.7,41.05,41.05,48799
2018-01-15,41.65,41.65,41.7,41.05,41.05,48799
2018-01-16,41.65,41.65,41.7,41.05,41.05,48799
2018-01-17,41.65,41.65,41.7,41.05,41.05,48799
2018-01-18,41.65,41.65,41.7,41.05,41.05,48799
2018-01-19,41.65,41.65,41.7,41.05,41.05,48799
2018-01-22,41.65,41.65,41.7,41.05,41.05,48799
2018-01-23,41.65,41.65,41.7,41.05,41.05,48799
2018-01-24,41.65,41.65,41.7,41.05,41.05,48799
2018-01-25,41.65,41.65,41.7,41.05,41.05,48799
2018-01-26,41.65,41.65,41.7,41.05,41.05,48799
2018-01-29,41.65,41.65,41.7,41.05,41.05,48799
2018-01-30,41.65,41.65,41.7,41.05,41.05,48799
2018-01-31,41.65,41.65,41.7,41.05,41.05,48799
2018-02-01,41.65,41.65,41.7,41.05,41.05,48799
2018-02-02,41.65,41.65,41.7,41.05,41.05,48799
2018-02-05,41.65,41.65,41.7,41.05,41.05,48799
2018-02-06,41.65,41.65,41.7,41.05,41.05,48799
2018-02-07,41.65,41.65,41.7,41.05,41.05,48799
2018-02-08,41.65,41.65,41.7,41.05,41.05,48799
2018-02-09,41.65,41.65,41.7,41.05,41.05,48799
2018-02-12,41.65,41.65,41.7,41.05,41.05,48799
2018-02-21,41.65,41.65,41.7,41.05,41.05,48799
2018-02-22,41.65,41.65,41.7,41.05,41.05,48799
2018-02-23,41.65,41.65,41.7,41.05,41.05,48799
2018-02-26,41.65,41.65,41.7,41.05,41.05,48799
2018-02-27,41.65,41.65,41.7,41.05,41.05,48799
2018-03-01,41.65,41.65,41.7,41.05,41.05,48799
2018-03-02,41.65,41.65,41.7,41.05,41.05,48799
2018-03-05,41.65,41.65,41.7,41.05,41.05,48799
2018-03-06,41.65,41.65,41.7,41.05,41.05,48799
2018-03-07,41.65,41.65,41.7,41.05,41.05,48799
2018-03-08,41.65,41.65,41.7,41.05,41.05,48799
2018-03-09,41.65,41.65,41.7,41.05,41.05,48799
2018-03-12,41.65,41.65,41.7,41.05,41.05,48799
2018-03-13,41.65,41.65,41.7,41.05,41.05,48799
2018-03-14,41.65,41.65,41.7,41.05,41.05,48799
2018-03-15,41.65,41.65,41.7,41.05,41.05,48799
2018-03-16,41.65,41.65,41.7,41.05,41.05,48799
2018-03-19,41.65,41.65,41.7,41.05,41.05,48799
2018-03-20,41.65,41.65,41.7,41.05,41.05,48799
2018-03-21,41.65,41.65,41.7,41.05,41.05,48799
2018-03-22,41.65,41.65,41.7,41.05,41.05,48799
2018-03-23,41.65,41.65,41.7,41.05,41.05,48799
2018-03-26,41.65,41.65,41.7,41.05,41.05,48799
2018-03-27,41.65,41.65,41.7,41.05,41.05,48799
2018-03-28,41.65,41.65,41.7,41.05,41.05,48799
2018-03-29,41.65,41.65,41.7,41.05,41.05,48799
2018-03-30,41.65,41.65,41.7,41.05,41.05,48799
2018-04-02,41.65,41.65,41.7,41.05,41.05,48799
2018-04-03,41.65,41.65,41.7,41.05,41.05,48799
2018-04-09,41.65,41.65,41.7,41.05,41.05,48799
2018-04-10,41.65,41.65,41.7,41.05,41.05,48799
2018-04-11,41.65,41.65,41.7,41.05,41.05,48799
2018-04-12,41.65,41.65,41.7,41.05,41.05,48799
2018-04-13,41.65,41.65,41.7,41.05,41.05,48799
2018-04-16,41.65,41.65,41.7,41.05,41.05,48799
2018-04-17,41.65,41.65,41.7,41.05,41.05,48799
2018-04-18,41.65,41.65,41.7,41.05,41.05,48799
2018-04-19,41.65,41.65,41.7,41.05,41.05,48799
2018-04-20,41.65,41.65,41.7,41.05,41.05,48799
2018-04-23,41.65,41.65,41.7,41.05,41.05,48799
2018-04-24,41.65,41.65,41.7,41.05,41.05,48799
2018-04-25,41.65,41.65,41.7,41.05,41.05,48799
2018-04-26,41.65,41.65,41.7,41.05,41.05,48799
2018-04-27,41.65,41.65,41.7,41.05,41.05,48799
2018-04-30,41.65,41.65,41.7,41.05,41.05,48799
2018-05-02,41.65,41.65,41.7,41.05,41.05,48799
2018-05-03,41.65,41.65,41.7,41.05,41.05,48799
2018-05-04,41.65,41.65,41.7,41.05,41.05,48799
2018-05-07,41.65,41.65,41.7,41.05,41.05,48799
2018-05-08,41.65,41.65,41.7,41.05,41.05,48799
2018-05-09,41.65,41.65,41.7,41.05,41.05,48799
2018-05-10,41.65,41.65,41.7,41.05,41.05,48799
2018-05-11,41.65,41.65,41.7,41.05,41.05,48799
2018-05-14,41.65,41.65,41.7,41.05,41.05,48799
2018-05-15,41.65,41.65,41.7,41.05,41.05,48799
2018-05-16,41.65,41.65,41.7,41.05,41.05,48799
2018-05-17,41.65,41.65,41.7,41.05,41.05,48799
2018-05-18,41.65,41.65,41.7,41.05,41.05,48799
2018-05-21,41.65,41.65,41.7,41.05,41.05,48799
2018-05-22,41.65,41.65,41.7,41.05,41.05,48799
2018-05-23,41.65,41.65,41.7,41.05,41.05,48799
2018-05-24,41.65,41.65,41.7,41.05,41.05,48799
2018-05-25,41.65,41.65,41.7,41.05,41.05,48799
2018-05-28,41.65,41.65,41.7,41.05,41.05,48799
2018-05-29,41.65,41.65,41.7,41.05,41.05,48799
2018-05-30,41.65,41.65,41.7,41.05,41.05,48799
2018-05-31,41.65,41.65,41.7,41.05,41.05,48799
2018-06-01,41.65,41.65,41.7,41.05,41.05,48799
2018-06-04,41.65,41.65,41.7,41.05,41.05,48799
2018-06-05,41.65,41.65,41.7,41.05,41.05,48799
2018-06-06,41.65,41.65,41.7,41.05,41.05,48799
2018-06-07,41.65,41.65,41.7,41.05,41.05,48799
2018-06-08,41.65,41.65,41.7,41.05,41.05,48799
2018-06-11,41.65,41.65,41.7,41.05,41.05,48799
2018-06-12,41.65,41.65,41.7,41.05,41.05,48799
2018-06-13,41.65,41.65,41.7,41.05,41.05,48799
2018-06-14,41.65,41.65,41.7,41.05,41.05,48799
2018-06-15,41.65,41.65,41.7,41.05,41.05,48799
2018-06-19,41.65,41.65,41.7,41.05,41.05,48799
2018-06-20,41.65,41.65,41.7,41.05,41.05,48799
2018-06-21,41.65,41.65,41.7,41.05,41.05,48799
2018-06-22,41.65,41.65,41.7,41.05,41.05,48799
2018-06-25,41.65,41.65,41.7,41.05,41.05,48799
2018-06-26,41.65,41.65,41.7,41.05,41.05,48799
2018-06-27,41.65,41.65,41.7,41.05,41.05,48799
2018-06-28,41.65,41.65,41.7,41.05,41.05,48799
2018-06-29,41.65,41.65,41.7,41.05,41.05,48799
2018-07-02,41.65,41.65,41.7,41.05,41.05,48799
2018-07-03,41.65,41.65,41.7,41.05,41.05,48799
2018-07-04,41.65,41.65,41.7,41.05,41.05,48799
2018-07-05,41.65,41.65,41.7,41.05,41.05,48799
2018-07-06,41.65,41.65,41.7,41.05,41.05,48799
2018-07-09,41.65,41.65,41.7,41.05,41.05,48799
2018-07-10,41.65,41.65,41.7,41.05,41.05,48799
2018-07-11,41.65,41.65,41.7,41.05,41.05,48799
2018-07-12,41.65,41.65,41.7,41.05,41.05,48799
2018-07-13,41.65,41.65,41.7,41.05,41.05,48799
2018-07-16,41.65,41.65,41.7,41.05,41.05,48799
2018-07-17,41.65,41.65,41.7,41.05,41.05,48799
2018-07-18,41.65,41.65,41.7,41.05,41.05,48799
2018-07-19,41.65,41.65,41.7,41.05,41.05,48799
2018-07-20,41.65,41.65,41.7,41.05,41.05,48799
2018-07-23,41.65,41.65,41.7,41.05,41.05,48799
2018-07-24,41.65,41.65,41.7,41.05,41.05,48799
2018-07-25,41.65,41.65,41.7,41.05,41.05,48799
2018-07-26,41.65,41.65,41.7,41.05,41.05,48799
2018-07-27,41.65,41.65,41.7,41.05,41.05,48799
2018-07-30,41.65,41.65,41.7,41.05,41.05,48799
2018-07-31,41.65,41.65,41.7,41.05,41.05,48799
2018-08-01,41.65,41.65,41.7,41.05,41.05,48799
2018-08-02,41.65,41.65,41.7,41.05,41.05,48799
2018-08-03,41.65,41.65,41.7,41.05,41.05,48799
2018-08-06,41.65,41.65,41.7,41.05,41.05,48799
2018-08-07,41.65,41.65,41.7,41.05,41.05,48799
2018-08-08,41.65,41.65,41.7,41.05,41.05,48799
2018-08-09,41.65,41.65,41.7,41.05,41.05,48799
2018-08-10,41.65,41.65,41.7,41.05,41.05,48799
2018-08-13,41.65,41.65,41.7,41.05,41.05,48799
2018-08-14,41.65,41.65,41.7,41.05,41.05,48799
2018-08-15,41.65,41.65,41.7,41.05,41.05,48799
2018-08-16,41.65,41.65,41.7,41.05,41.05,48799
2018-08-17,41.65,41.65,41.7,41.05,41.05,48799
2018-08-20,41.65,41.65,41.7,41.05,41.05,48799
2018-08-21,41.65,41.65,41.7,41.05,41.05,48799
2018-08-22,41.65,41.65,41.7,41.05,41.05,48799
2018-08-23,41.65,41.65,41.7,41.05,41.05,48799
2018-08-24,41.65,41.65,41.7,41.05,41.05,48799
2018-08-27,41.65,41.65,41.7,41.05,41.05,48799
2018-08-28,41.65,41.65,41.7,41.05,41.05,48799
2018-08-29,41.65,41.65,41.7,41.05,41.05,48799
2018-08-30,41.65,41.65,41.7,41.05,41.05,48799
2018-08-31,41.65,41.65,41.7,41.05,41.05,48799
2018-09-03,41.65,41.65,41.7,41.05,41.05,48799
2018-09-04,41.65,41.65,41.7,41.05,41.05,48799
2018-09-05,41.65,41.65,41.7,41.05,41.05,48799
2018-09-06,41.65,41.65,41.7,41.05,41.05,48799
2018-09-07,41.65,41.65,41.7,41.05,41.05,48799
2018-09-10,41.65,41.65,41.7,41.05,41.05,48799
2018-09-11,41.65,41.65,41.7,41.05,41.05,48799
2018-09-12,41.65,41.65,41.7,41.05,41.05,48799
2018-09-13,41.65,41.65,41.7,41.05,41.05,48799
2018-09-14,41.65,41.65,41.7,41.05,41.05,48799
2018-09-17,41.65,41.65,41.7,41.05,41.05,48799
2018-09-18,41.65,41.65,41.7,41.05,41.05,48799
2018-09-19,41.65,41.65,41.7,41.05,41.05,48799
2018-09-20,41.65,41.65,41.7,41.05,41.05,48799
2018-09-21,41.65,41.65,41.7,41.05,41.05,48799
2018-09-25,41.65,41.65,41.7,41.05,41.05,48799
2018-09-26,41.65,41.65,41.7,41.05,41.05,48799
2018-09-27,41.65,41.65,41.7,41.05,41.05,48799
2018-09-28,41.65,41.65,41.7,41.05,41.05,48799
2018-10-01,41.65,41.65,41.7,41.05,41.05,48799
2018-10-02,41.65,41.65,41.7,41.05,41.05,48799
2018-10-03,41.65,41.65,41.7,41.05,41.05,48799
2018-10-04,41.65,41.65,41.7,41.05,41.05,48799
2018-10-05,41.65,41.65,41.7,41.05,41.05,48799
2018-10-08,41.65,41.65,41.7,41.05,41.05,48799
2018-10-09,41.65,41.65,41.7,41.05,41.05,48799
2018-10-11,41.65,41.65,41.7,41.05,41.05,48799
2018-10-12,41.65,41.65,41.7,41.05,41.05,48799
2018-10-15,41.65,41.65,41.7,41.05,41.05,48799
2018-10-16,41.65,41.65,41.7,41.05,41.05,48799
2018-10-17,41.65,41.65,41.7,41.05,41.05,48799
2018-10-18,41.65,41.65,41.7,41.05,41.05,48799
2018-10-19,41.65,41.65,41.7,41.05,41.05,48799
2018-10-22,41.65,41.65,41.7,41.05,41.05,48799
2018-10-23,41.65,41.65,41.7,41.05,41.05,48799
2018-10-24,41.65,41.65,41.7,41.05,41.05,48799
2018-10-25,41.65,41.65,41.7,41.05,41.05,48799
2018-10-26,41.65,41.65,41.7,41.05,41.05,48799
2018-10-29,41.65,41.65,41.7,41.05,41.05,48799
2018-10-30,41.65,41.65,41.7,41.05,41.05,48799
2018-10-31,41.65,41.65,41.7,41.05,41.05,48799
2018-11-01,41.65,41.65,41.7,41.05,41.05,48799
2018-11-02,41.65,41.65,41.7,41.05,41.05,48799
2018-11-05,41.65,41.65,41.7,41.05,41.05,48799
2018-11-06,41.65,41.65,41.7,41.05,41.05,48799
2018-11-07,41.65,41.65,41.7,41.05,41.05,48799
2018-11-08,41.65,41.65,41.7,41.05,41.05,48799
2018-11-09,41.65,41.65,41.7,41.05,41.05,48799
2018-11-12,41.65,41.65,41.7,41.05,41.05,48799
2018-11-13,41.65,41.65,41.7,41.05,41.05,48799
2018-11-14,41.65,41.65,41.7,41.05,41.05,48799
2018-11-15,41.65,41.65,41.7,41.05,41.05,48799
2018-11-16,41.65,41.65,41.7,41.05,41.05,48799
2018-11-19,41.65,41.65,41.7,41.05,41.05,48799
2018-11-20,41.65,41.65,41.7,41.05,41.05,48799
2018-11-21,41.65,41.65,41.7,41.05,41.05,48799
2018-11-22,41.65,41.65,41.7,41.05,41.05,48799
2018-11-23,41.65,41.65,41.7,41.05,41.05,48799
2018-11-26,41.65,41.65,41.7,41.05,41.05,48799
2018-11-27,41.65,41.65,41.7,41.05,41.05,48799
2018-11-28,41.65,41.65,41.7,41.05,41.05,48799
2018-11-29,41.65,41.65,41.7,41.05,41.05,48799
2018-11-30,41.65,41.65,41.7,41.05,41.05,48799
2018-12-03,41.65,41.65,41.7,41.05,41.05,48799
2018-12-04,41.65,41.65,41.7,41.05,41.05,48799
2018-12-05,41.65,41.65,41.7,41.05,41.05,48799
2018-12-06,41.65,41.65,41.7,41.05,41.05,48799
2018-12-07,41.65,41.65,41.7,41.05,41.05,48799
2018-12-10,41.65,41.65,41.7,41.05,41.05,48799
2018-12-11,41.65,41.65,41.7,41.05,41.05,48799
2018-12-12,41.65,41.65,41.7,41.05,41.05,48799
2018-12-13,41.65,41.65,41.7,41.05,41.05,48799
2018-12-14,41.65,41.65,41.7,41.05,41.05,48799
2018-12-17,41.65,41.65,41.7,41.05,41.05,48799
2018-12-18,41.65,41.65,41.7,41.05,41.05,48799
2018-12-19,41.65,41.65,41.7,41.05,41.05,48799
2018-12-20,41.65,41.65,41.7,41.05,41.05,48799
2018-12-21,41.65,41.65,41.7,41.05,41.05,48799
2018-12-24,41.65,41.65,41.7,41.05,41.05,48799
2018-12-25,41.65,41.65,41.7,41.05,41.05,48799
2018-12-26,41.65,41.65,41.7,41.05,41.05,48799
2018-12-27,41.65,41.65,41.7,41.05,41.05,48799
2018-12-28,41.65,41.65,41.7,41.05,41.05,48799
2019-01-02,41.65,41.65,41.7,41.05,41.05,48799
2019-01-03,41.65,41.65,41.7,41.05,41.05,48799
2019-01-04,41.65,41.65,41.7,41.05,41.05,48799
2019-01-07,41.65,41.65,41.7,41.05,41.05,48799
2019-01-08,41.65,41.65,41.7,41.05,41.05,48799
2019-01-09,41.65,41.65,41.7,41.05,41.05,48799
2019-01-10,41.65,41.65,41.7,41.05,41.05,48799
2019-01-11,41.65,41.65,41.7,41.05,41.05,48799
2019-01-14,41.65,41.65,41.7,41.05,41.05,48799
2019-01-15,41.65,41.65,41.7,41.05,41.05,48799
2019-01-16,41.65,41.65,41.7,41.05,41.05,48799
2019-01-17,41.65,41.65,41.7,41.05,41.05,48799
2019-01-18,41.65,41.65,41.7,41.05,41.05,48799
2019-01-21,41.65,41.65,41.7,41.05,41.05,48799
2019-01-22,41.65,41.65,41.7,41.05,41.05,48799
2019-01-23,41.65,41.65,41.7,41.05,41.05,48799
2019-01-24,41.65,41.65,41.7,41.05,41.05,48799
2019-01-25,41.65,41.65,41.7,41.05,41.05,48799
2019-01-28,41.65,41.65,41.7,41.05,41.05,48799
2019-01-29,41.65,41.65,41.7,41.05,41.05,48799
2019-01-30,41.65,41.65,41.7,41.05,41.05,48799
2019-02-11,41.65,41.65,41.7,41.05,41.05,48799
2019-02-12,41.65,41.65,41.7,41.05,41.05,48799
2019-02-13,41.65,41.65,41.7,41.05,41.05,48799
2019-02-14,41.65,41.65,41.7,41.05,41.05,48799
2019-02-15,41.65,41.65,41.7,41.05,41.05,48799
2019-02-18,41.65,41.65,41.7,41.05,41.05,48799
2019-02-19,41.65,41.65,41.7,41.05,41.05,48799
2019-02-20,41.65,41.65,41.7,41.05,41.05,48799
2019-02-21,41.65,41.65,41.7,41.05,41.05,48799
2019-02-22,41.65,41.65,41.7,41.05,41.05,48799
2019-02-25,41.65,41.65,41.7,41.05,41.05,48799
2019-02-26,41.65,41.65,41.7,41.05,41.05,48799
2019-02-27,41.65,41.65,41.7,41.05,41.05,48799
2019-03-04,41.65,41.65,41.7,41.05,41.05,48799
2019-03-05,41.65,41.65,41.7,41.05,41.05,48799
2019-03-06,41.65,41.65,41.7,41.05,41.05,48799
2019-03-07,41.65,41.65,41.7,41.05,41.05,48799
2019-03-08,41.65,41.65,41.7,41.05,41.05,48799
2019-03-11,41.65,41.65,41.7,41.05,41.05,48799
2019-03-12,41.65,41.65,41.7,41.05,41.05,48799
2019-03-13,41.65,41.65,41.7,41.05,41.05,48799
2019-03-14,41.65,41.65,41.7,41.05,41.05,48799
2019-03-15,41.65,41.65,41.7,41.05,41.05,48799
2019-03-18,41.65,41.65,41.7,41.05,41.05,48799
2019-03-19,41.65,41.65,41.7,41.05,41.05,48799
2019-03-20,41.65,41.65,41.7,41.05,41.05,48799
2019-03-21,41.65,41.65,41.7,41.05,41.05,48799
2019-03-22,41.65,41.65,41.7,41.05,41.05,48799
2019-03-25,41.65,41.65,41.7,41.05,41.05,48799
2019-03-26,41.65,41.65,41.7,41.05,41.05,48799
2019-03-27,41.65,41.65,41.7,41.05,41.05,48799
2019-03-28,41.65,41.65,41.7,41.05,41.05,48799
2019-03-29,41.65,41.65,41.7,41.05,41.05,48799
2019-04-01,41.65,41.65,41.7,41.05,41.05,48799
2019-04-02,41.65,41.65,41.7,41.05,41.05,48799
2019-04-03,41.65,41.65,41.7,41.05,41.05,48799
2019-04-08,41.65,41.65,41.7,41.05,41.05,48799
2019-04-09,41.65,41.65,41.7,41.05,41.05,48799
2019-04-10,41.65,41.65,41.7,41.05,41.05,48799
2019-04-11,41.65,41.65,41.7,41.05,41.05,48799
2019-04-12,41.65,41.65,41.7,41.05,41.05,48799
2019-04-15,41.65,41.65,41.7,41.05,41.05,48799
2019-04-16,41.65,41.65,41.7,41.05,41.05,48799
2019-04-17,41.65,41.65,41.7,41.05,41.05,48799
2019-04-18,41.65,41.65,41.7,41.05,41.05,48799
2019-04-19,41.65,41.65,41.7,41.05,41.05,48799
2019-04-22,41.65,41.65,41.7,41.05,41.05,48799
2019-04-23,41.65,41.65,41.7,41.05,41.05,48799
2019-04-24,41.65,41.65,41.7,41.05,41.05,48799
2019-04-25,41.65,41.65,41.7,41.05,41.05,48799
2019-04-26,41.65,41.65,41.7,41.05,41.05,48799
2019-04-29,41.65,41.65,41.7,41.05,41.05,48799
2019-04-30,41.65,41.65,41.7,41.05,41.05,48799
2019-05-02,41.65,41.65,41.7,41.05,41.05,48799
2019-05-03,41.65,41.65,41.7,41.05,41.05,48799
2019-05-06,41.65,41.65,41.7,41.05,41.05,48799
2019-05-07,41.65,41.65,41.7,41.05,41.05,48799
2019-05-08,41.65,41.65,41.7,41.05,41.05,48799
2019-05-09,41.65,41.65,41.7,41.05,41.05,48799
2019-05-10,41.65,41.65,41.7,41.05,41.05,48799
2019-05-13,41.65,41.65,41.7,41.05,41.05,48799
2019-05-14,41.65,41.65,41.7,41.05,41.05,48799
2019-05-15,41.65,41.65,41.7,41.05,41.05,48799
2019-05-16,41.65,41.65,41.7,41.05,41.05,48799
2019-05-17,41.65,41.65,41.7,41.05,41.05,48799
2019-05-20,41.65,41.65,41.7,41.05,41.05,48799
2019-05-21,41.65,41.65,41.7,41.05,41.05,48799
2019-05-22,41.65,41.65,41.7,41.05,41.05,48799
2019-05-23,41.65,41.65,41.7,41.05,41.05,48799
2019-05-24,41.65,41.65,41.7,41.05,41.05,48799
2019-05-27,41.65,41.65,41.7,41.05,41.05,48799
2019-05-28,41.65,41.65,41.7,41.05,41.05,48799
2019-05-29,41.65,41.65,41.7,41.05,41.05,48799
2019-05-30,41.65,41.65,41.7,41.05,41.05,48799
2019-05-31,41.65,41.65,41.7,41.05,41.05,48799
2019-06-03,41.65,41.65,41.7,41.05,41.05,48799
2019-06-04,41.65,41.65,41.7,41.05,41.05,48799
2019-06-05,41.65,41.65,41.7,41.05,41.05,48799
2019-06-06,41.65,41.65,41.7,41.05,41.05,48799
2019-06-10,41.65,41.65,41.7,41.05,41.05,48799
2019-06-11,41.65,41.65,41.7,41.05,41.05,48799
2019-06-12,41.65,41.65,41.7,41.05,41.05,48799
2019-06-13,41.65,41.65,41.7,41.05,41.05,48799
2019-06-14,41.65,41.65,41.7,41.05,41.05,48799
2019-06-17,41.65,41.65,41.7,41.05,41.05,48799
2019-06-18,41.65,41.65,41.7,41.05,41.05,48799
2019-06-19,41.65,41.65,41.7,41.05,41.05,48799
2019-06-20,41.65,41.65,41.7,41.05,41.05,48799
2019-06-21,41.65,41.65,41.7,41.05,41.05,48799
2019-06-24,41.65,41.65,41.7,41.05,41.05,48799
2019-06-25,41.65,41.65,41.7,41.05,41.05,48799
2019-06-26,41.65,41.65,41.7,41.05,41.05,48799
2019-06-27,41.65,41.65,41.7,41.05,41.05,48799
2019-06-28,41.65,41.65,41.7,41.05,41.05,48799
2019-07-01,41.65,41.65,41.7,41.05,41.05,48799
2019-07-02,41.65,41.65,41.7,41.05,41.05,48799
2019-07-03,41.65,41.65,41.7,41.05,41.05,48799
2019-07-04,41.65,41.65,41.7,41.05,41.05,48799
2019-07-05,41.65,41.65,41.7,41.05,41.05,48799
2019-07-08,41.65,41.65,41.7,41.05,41.05,48799
2019-07-09,41.65,41.65,41.7,41.05,41.05,48799
2019-07-10,41.65,41.65,41.7,41.05,41.05,48799
2019-07-11,41.65,41.65,41.7,41.05,41.05,48799
2019-07-12,41.65,41.65,41.7,41.05,41.05,48799
2019-07-15,41.65,41.65,41.7,41.05,41.05,48799
2019-07-16,41.65,41.65,41.7,41.05,41.05,48799
2019-07-17,41.65,41.65,41.7,41.05,41.05,48799
2019-07-18,41.65,41.65,41.7,41.05,41.05,48799
2019-07-19,41.65,41.65,41.7,41.05,41.05,48799
2019-07-22,41.65,41.65,41.7,41.05,41.05,48799
2019-07-23,41.65,41.65,41.7,41.05,41.05,48799
2019-07-24,41.65,41.65,41.7,41.05,41.05,48799
2019-07-25,41.65,41.65,41.7,41.05,41.05,48799
2019-07-26,41.65,41.65,41.7,41.05,41.05,48799
2019-07-29,41.65,41.65,41.7,41.05,41.05,48799
2019-07-30,41.65,41.65,41.7,41.05,41.05,48799
2019-07-31,41.65,41.65,41.7,41.05,41.05,48799
2019-08-01,41.65,41.65,41.7,41.05,41.05,48799
2019-08-02,41.65,41.65,41.7,41.05,41.05,48799
2019-08-05,41.65,41.65,41.7,41.05,41.05,48799
2019-08-06,41.65,41.65,41.7,41.05,41.05,48799
2019-08-07,41.65,41.65,41.7,41.05,41.05,48799
2019-08-08,41.65,41.65,41.7,41.05,41.05,48799
2019-08-12,41.65,41.65,41.7,41.05,41.05,48799
2019-08-13,41.65,41.65,41.7,41.05,41.05,48799
2019-08-14,41.65,41.65,41.7,41.05,41.05,48799
2019-08-15,41.65,41.65,41.7,41.05,41.05,48799
2019-08-16,41.65,41.65,41.7,41.05,41.05,48799
2019-08-19,41.65,41.65,41.7,41.05,41.05,48799
2019-08-20,41.65,41.65,41.7,41.05,41.05,48799
2019-08-21,41.65,41.65,41.7,41.05,41.05,48799
2019-08-22,41.65,41.65,41.7,41.05,41.05,48799
2019-08-23,41.65,41.65,41.7,41.05,41.05,48799
2019-08-26,41.65,41.65,41.7,41.05,41.05,48799
2019-08-27,41.65,41.65,41.7,41.05,41.05,48799
2019-08-28,41.65,41.65,41.7,41.05,41.05,48799
2019-08-29,41.65,41.65,41.7,41.05,41.05,48799
2019-08-30,41.65,41.65,41.7,41.05,41.05,48799
2019-09-02,41.65,41.65,41.7,41.05,41.05,48799
2019-09-03,41.65,41.65,41.7,41.05,41.05,48799
2019-09-04,41.65,41.65,41.7,41.05,41.05,48799
2019-09-05,41.65,41.65,41.7,41.05,41.05,48799
2019-09-06,41.65,41.65,41.7,41.05,41.05,48799
2019-09-09,41.65,41.65,41.7,41.05,41.05,48799
2019-09-10,41.65,41.65,41.7,41.05,41.05,48799
2019-09-11,41.65,41.65,41.7,41.05,41.05,48799
2019-09-12,41.65,41.65,41.7,41.05,41.05,48799
2019-09-16,41.65,41.65,41.7,41.05,41.05,48799
2019-09-17,41.65,41.65,41.7,41.05,41.05,48799
2019-09-18,41.65,41.65,41.7,41.05,41.05,48799
2019-09-19,41.65,41.65,41.7,41.05,41.05,48799
2019-09-20,41.65,41.65,41.7,41.05,41.05,48799
2019-09-23,41.65,41.65,41.7,41.05,41.05,48799
2019-09-24,41.65,41.65,41.7,41.05,41.05,48799
2019-09-25,41.65,41.65,41.7,41.05,41.05,48799
2019-09-26,41.65,41.65,41.7,41.05,41.05,48799
2019-09-27,41.65,41.65,41.7,41.05,41.05,48799
2019-10-01,41.65,41.65,41.7,41.05,41.05,48799
2019-10-02,41.65,41.65,41.7,41.05,41.05,48799
2019-10-03,41.65,41.65,41.7,41.05,41.05,48799
2019-10-04,41.65,41.65,41.7,41.05,41.05,48799
2019-10-07,41.65,41.65,41.7,41.05,41.05,48799
2019-10-08,41.65,41.65,41.7,41.05,41.05,48799
2019-10-09,41.65,41.65,41.7,41.05,41.05,48799
2019-10-14,41.65,41.65,41.7,41.05,41.05,48799
2019-10-15,41.65,41.65,41.7,41.05,41.05,48799
2019-10-16,41.65,41.65,41.7,41.05,41.05,48799
2019-10-17,41.65,41.65,41.7,41.05,41.05,48799
2019-10-18,41.65,41.65,41.7,41.05,41.05,48799
2019-10-21,41.65,41.65,41.7,41.05,41.05,48799
2019-10-22,41.65,41.65,41.7,41.05,41.05,48799
2019-10-23,41.65,41.65,41.7,41.05,41.05,48799
2019-10-24,41.65,41.65,41.7,41.05,41.05,48799
2019-10-25,41.65,41.65,41.7,41.05,41.05,48799
2019-10-28,41.65,41.65,41.7,41.05,41.05,48799
2019-10-29,41.65,41.65,41.7,41.05,41.05,48799
2019-10-30,41.65,41.65,41.7,41.05,41.05,48799
2019-10-31,41.65,41.65,41.7,41.05,41.05,48799
2019-11-01,41.65,41.65,41.7,41.05,41.05,48799
2019-11-04,41.65,41.65,41.7,41.05,41.05,48799
2019-11-05,41.65,41.65,41.7,41.05,41.05,48799
2019-11-06,41.65,41.65,41.7,41.05,41.05,48799
2019-11-07,41.65,41.65,41.7,41.05,41.05,48799
2019-11-08,41.65,41.65,41.7,41.05,41.05,48799
2019-11-11,41.65,41.65,41.7,41.05,41.05,48799
2019-11-12,41.65,41.65,41.7,41.05,41.05,48799
2019-11-13,41.65,41.65,41.7,41.05,41.05,48799
2019-11-14,41.65,41.65,41.7,41.05,41.05,48799
2019-11-20,41.65,41.65,41.7,41.05,41.05,48799
2019-11-21,41.65,41.65,41.7,41.05,41.05,48799
2019-11-22,41.65,41.65,41.7,41.05,41.05,48799
2019-11-25,41.65,41.65,41.7,41.05,41.05,48799
2019-11-26,41.65,41.65,41.7,41.05,41.05,48799
2019-11-27,41.65,41.65,41.7,41.05,41.05,48799
2019-11-28,41.65,41.65,41.7,41.05,41.05,48799
2019-11-29,41.65,41.65,41.7,41.05,41.05,48799
2019-12-02,41.65,41.65,41.7,41.05,41.05,48799
2019-12-03,41.65,41.65,41.7,41.05,41.05,48799
2019-12-04,41.65,41.65,41.7,41.05,41.05,48799
2019-12-05,41.65,41.65,41.7,41.05,41.05,48799
2019-12-06,41.65,41.65,41.7,41.05,41.05,48799
2019-12-09,41.65,41.65,41.7,41.05,41.05,48799
2019-12-10,41.65,41.65,41.7,41.05,41.05,48799
2019-12-11,41.65,41.65,41.7,41.05,41.05,48799
2019-12-12,41.65,41.65,41.7,41.05,41.05,48799
2019-12-13,41.65,41.65,41.7,41.05,41.05,48799
2019-12-16,41.65,41.65,41.7,41.05,41.05,48799
2019-12-17,41.65,41.65,41.7,41.05,41.05,48799
2019-12-18,41.65,41.65,41.7,41.05,41.05,48799
2019-12-19,41.65,41.65,41.7,41.05,41.05,48799
2019-12-20,41.65,41.65,41.7,41.05,41.05,48799
2019-12-23,41.65,41.65,41.7,41.05,41.05,48799
2019-12-24,41.65,41.65,41.7,41.05,41.05,48799
2019-12-25,41.65,41.65,41.7,41.05,41.05,48799
2019-12-26,41.65,41.65,41.7,41.05,41.05,48799
2019-12-27,41.65,41.65,41.7,41.05,41.05,48799
2019-12-30,41.65,41.65,41.7,41.05,41.05,48799
2019-12-31,41.65,41.65,41.7,41.05,41.05,48799
2020-01-02,41.65,41.65,41.7,41.05,41.05,48799
2020-01-03,41.65,41.65,41.7,41.05,41.05,48799
2020-01-06,41.65,41.65,41.7,41.05,41.05,48799
2020-01-07,41.65,41.65,41.7,41.05,41.05,48799
2020-01-08,41.65,41.65,41.7,41.05,41.05,48799
2020-01-09,41.65,41.65,41.7,41.05,41.05,48799
2020-01-10,41.65,41.65,41.7,41.05,41.05,48799
2020-01-13,41.65,41.65,41.7,41.05,41.05,48799
2020-01-14,41.65,41.65,41.7,41.05,41.05,48799
2020-01-15,41.65,41.65,41.7,41.05,41.05,48799
2020-01-16,41.65,41.65,41.7,41.05,41.05,48799
2020-01-17,41.65,41.65,41.7,41.05,41.05,48799
2020-01-20,41.65,41.65,41.7,41.05,41.05,48799
2020-01-30,41.65,41.65,41.7,41.05,41.05,48799
2020-01-31,41.65,41.65,41.7,41.05,41.05,48799
2020-02-03,41.65,41.65,41.7,41.05,41.05,48799
2020-02-04,41.65,41.65,41.7,41.05,41.05,48799
2020-02-05,41.65,41.65,41.7,41.05,41.05,48799
2020-02-06,41.65,41.65,41.7,41.05,41.05,48799
2020-02-07,41.65,41.65,41.7,41.05,41.05,48799
2020-02-10,41.65,41.65,41.7,41.05,41.05,48799
2020-02-11,41.65,41.65,41.7,41.05,41.05,48799
2020-02-12,41.65,41.65,41.7,41.05,41.05,48799
2020-02-13,41.65,41.65,41.7,41.05,41.05,48799
2020-02-14,41.65,41.65,41.7,41.05,41.05,48799
2020-02-17,41.65,41.65,41.7,41.05,41.05,48799
2020-02-18,41.65,41.65,41.7,41.05,41.05,48799
2020-02-19,41.65,41.65,41.7,41.05,41.05,48799
2020-02-20,41.65,41.65,41.7,41.05,41.05,48799
2020-02-21,41.65,41.65,41.7,41.05,41.05,48799
2020-02-24,41.65,41.65,41.7,41.05,41.05,48799
2020-02-25,41.65,41.65,41.7,41.05,41.05,48799
2020-02-26,41.65,41.65,41.7,41.05,41.05,48799
2020-02-27,41.65,41.65,41.7,41.05,41.05,48799
2020-03-02,41.65,41.65,41.7,41.05,41.05,48799
2020-03-03,41.65,41.65,41.7,41.05,41.05,48799
2020-03-04,41.65,41.65,41.7,41.05,41.05,48799
2020-03-05,41.65,41.65,41.7,41.05,41.05,48799
2020-03-06,41.65,41.65,41.7,41.05,41.05,48799
2020-03-09,41.65,41.65,41.7,41.05,41.05,48799
2020-03-10,41.65,41.65,41.7,41.05,41.05,48799
2020-03-11,41.65,41.65,41.7,41.05,41.05,48799
2020-03-12,41.65,41.65,41.7,41.05,41.05,48799
2020-03-13,41.65,41.65,41.7,41.05,41.05,48799
2020-03-16,41.65,41.65,41.7,41.05,41.05,48799
2020-03-17,41.65,41.65,41.7,41.05,41.05,48799
2020-03-18,41.65,41.65,41.7,41.05,41.05,48799
2020-03-19,41.65,41.65,41.7,41.05,41.05,48799
2020-03-20,41.65,41.65,41.7,41.05,41.05,48799
2020-03-23,41.65,41.65,41.7,41.05,41.05,48799
2020-03-24,41.65,41.65,41.7,41.05,41.05,48799
2020-03-25,41.65,41.65,41.7,41.05,41.05,48799
2020-03-26,41.65,41.65,41.7,41.05,41.05,48799
2020-03-27,41.65,41.65,41.7,41.05,41.05,48799
2020-03-30,41.65,41.65,41.7,41.05,41.05,48799
2020-03-31,41.65,41.65,41.7,41.05,41.05,48799
2020-04-01,41.65,41.65,41.7,41.05,41.05,48799
2020-04-07,41.65,41.65,41.7,41.05,41.05,48799
2020-04-08,41.65,41.65,41.7,41.05,41.05,48799
2020-04-09,41.65,41.65,41.7,41.05,41.05,48799
2020-04-10,41.65,41.65,41.7,41.05,41.05,48799
2020-04-13,41.65,41.65,41.7,41.05,41.05,48799
2020-04-14,41.65,41.65,41.7,41.05,41.05,48799
2020-04-15,41.65,41.65,41.7,41.05,41.05,48799
2020-04-16,41.65,41.65,41.7,41.05,41.05,48799
2020-04-17,41.65,41.65,41.7,41.05,41.05,48799
2020-04-20,41.65,41.65,41.7,41.05,41.05,48799
2020-04-21,41.65,41.65,41.7,41.05,41.05,48799
2020-04-22,41.65,41.65,41.7,41.05,41.05,48799
2020-04-23,41.65,41.65,41.7,41.05,41.05,48799
2020-04-24,41.65,41.65,41.7,41.05,41.05,48799
2020-04-27,41.65,41.65,41.7,41.05,41.05,48799
2020-04-28,41.65,41.65,41.7,41.05,41.05,48799
2020-04-29,41.65,41.65,41.7,41.05,41.05,48799
2020-05-04,41.65,41.65,41.7,41.05,41.05,48799
2020-05-05,41.65,41.65,41.7,41.05,41.05,48799
2020-05-06,41.65,41.65,41.7,41.05,41.05,48799
2020-05-07,41.65,41.65,41.7,41.05,41.05,48799
2020-05-08,41.65,41.65,41.7,41.05,41.05,48799
2020-05-11,41.65,41.65,41.7,41.05,41.05,48799
2020-05-12,41.65,41.65,41.7,41.05,41.05,48799
2020-05-13,41.65,41.65,41.7,41.05,41.05,48799
2020-05-14,41.65,41.65,41.7,41.05,41.05,48799
2020-05-15,41.65,41.65,41.7,41.05,41.05,48799
2020-05-18,41.65,41.65,41.7,41.05,41.05,48799
2020-05-19,41.65,41.65,41.7,41.05,41.05,48799
2020-05-20,41.65,41.65,41.7,41.05,41.05,48799
2020-05-21,41.65,41.65,41.7,41.05,41.05,48799
2020-05-22,41.65,41.65,41.7,41.05,41.05,48799
2020-05-25,41.65,41.65,41.7,41.05,41.05,48799
2020-05-26,41.65,41.65,41.7,41.05,41.05,48799
2020-05-27,41.65,41.65,41.7,41.05,41.05,48799
2020-05-28,41.65,41.65,41.7,41.05,41.05,48799
2020-05-29,41.65,41.65,41.7,41.05,41.05,48799
2020-06-01,41.65,41.65,41.7,41.05,41.05,48799
2020-06-02,41.65,41.65,41.7,41.05,41.05,48799
2020-06-03,41.65,41.65,41.7,41.05,41.05,48799
2020-06-04,41.65,41.65,41.7,41.05,41.05,48799
2020-06-05,41.65,41.65,41.7,41.05,41.05,48799
2020-06-08,41.65,41.65,41.7,41.05,41.05,48799
2020-06-09,41.65,41.65,41.7,41.05,41.05,48799
2020-06-10,41.65,41.65,41.7,41.05,41.05,48799
2020-06-11,41.65,41.65,41.7,41.05,41.05,48799
2020-06-12,41.65,41.65,41.7,41.05,41.05,48799
2020-06-15,41.65,41.65,41.7,41.05,41.05,48799
2020-06-16,41.65,41.65,41.7,41.05,41.05,48799
2020-06-17,41.65,41.65,41.7,41.05,41.05,48799
2020-06-18,41.65,41.65,41.7,41.05,41.05,48799
2020-06-19,41.65,41.65,41.7,41.05,41.05,48799
2020-06-22,41.65,41.65,41.7,41.05,41.05,48799
2020-06-23,41.65,41.65,41.7,41.05,41.05,48799
2020-06-24,41.65,41.65,41.7,41.05,41.05,48799
2020-06-29,41.65,41.65,41.7,41.05,41.05,48799
2020-06-30,41.65,41.65,41.7,41.05,41.05,48799
2020-07-01,41.65,41.65,41.7,41.05,41.05,48799
2020-07-02,41.65,41.65,41.7,41.05,41.05,48799
2020-07-03,41.65,41.65,41.7,41.05,41.05,48799
2020-07-06,41.65,41.65,41.7,41.05,41.05,48799
2020-07-07,41.65,41.65,41.7,41.05,41.05,48799
2020-07-08,41.65,41.65,41.7,41.05,41.05,48799
2020-07-09,41.65,41.65,41.7,41.05,41.05,48799
2020-07-10,41.65,41.65,41.7,41.05,41.05,48799
2020-07-13,41.65,41.65,41.7,41.05,41.05,48799
2020-07-14,41.65,41.65,41.7,41.05,41.05,48799
2020-07-15,41.65,41.65,41.7,41.05,41.05,48799
2020-07-16,41.65,41.65,41.7,41.05,41.05,48799
2020-07-17,41.65,41.65,41.7,41.05,41.05,48799
2020-07-20,41.65,41.65,41.7,41.05,41.05,48799
2020-07-21,41.65,41.65,41.7,41.05,41.05,48799
2020-07-22,41.65,41.65,41.7,41.05,41.05,48799
2020-07-23,41.65,41.65,41.7,41.05,41.05,48799
2020-07-24,41.65,41.65,41.7,41.05,41.05,48799
2020-07-27,41.65,41.65,41.7,41.05,41.05,48799
2020-07-28,41.65,41.65,41.7,41.05,41.05,48799
2020-07-29,41.65,41.65,41.7,41.05,41.05,48799
2020-07-30,41.65,41.65,41.7,41.05,41.05,48799
2020-07-31,41.65,41.65,41.7,41.05,41.05,48799
2020-08-03,41.65,41.65,41.7,41.05,41.05,48799
2020-08-04,41.65,41.65,41.7,41.05,41.05,48799
2020-08-05,41.65,41.65,41.7,41.05,41.05,48799
2020-08-06,41.65,41.65,41.7,41.05,41.05,48799
2020-08-07,41.65,41.65,41.7,41.05,41.05,48799
2020-08-10,41.65,41.65,41.7,41.05,41.05,48799
2020-08-11,41.65,41.65,41.7,41.05,41.05,48799
2020-08-12,41.65,41.65,41.7,41.05,41.05,48799
2020-08-13,41.65,41.65,41.7,41.05,41.05,48799
2020-08-14,41.65,41.65,41.7,41.05,41.05,48799
2020-08-17,41.65,41.65,41.7,41.05,41.05,48799
2020-08-18,41.65,41.65,41.7,41.05,41.05,48799
2020-08-19,41.65,41.65,41.7,41.05,41.05,48799
2020-08-20,41.65,41.65,41.7,41.05,41.05,48799
2020-08-21,41.65,41.65,41.7,41.05,41.05,48799
2020-08-24,41.65,41.65,41.7,41.05,41.05,48799
2020-08-25,41.65,41.65,41.7,41.05,41.05,48799
2020-08-26,41.65,41.65,41.7,41.05,41.05,48799
2020-08-27,41.65,41.65,41.7,41.05,41.05,48799
2020-08-28,41.65,41.65,41.7,41.05,41.05,48799
2020-08-31,41.65,41.65,41.7,41.05,41.05,48799
2020-09-01,41.65,41.65,41.7,41.05,41.05,48799
2020-09-02,41.65,41.65,41.7,41.05,41.05,48799
2020-09-03,41.65,41.65,41.7,41.05,41.05,48799
2020-09-04,41.65,41.65,41.7,41.05,41.05,48799
2020-09-07,41.65,41.65,41.7,41.05,41.05,48799
2020-09-08,41.65,41.65,41.7,41.05,41.05,48799
2020-09-09,41.65,41.65,41.7,41.05,41.05,48799
2020-09-10,41.65,41.65,41.7,41.05,41.05,48799
2020-09-11,41.65,41.65,41.7,41.05,41.05,48799
2020-09-14,41.65,41.65,41.7,41.05,41.05,48799
2020-09-15,41.65,41.65,41.7,41.05,41.05,48799
2020-09-16,41.65,41.65,41.7,41.05,41.05,48799
2020-09-17,41.65,41.65,41.7,41.05,41.05,48799
2020-09-18,41.65,41.65,41.7,41.05,41.05,48799
2020-09-21,41.65,41.65,41.7,41.05,41.05,48799
2020-09-22,41.65,41.65,41.7,41.05,41.05,48799
2020-09-23,41.65,41.65,41.7,41.05,41.05,48799
2020-09-24,41.65,41.65,41.7,41.05,41.05,48799
2020-09-25,41.65,41.65,41.7,41.05,41.05,48799
2020-09-28,41.65,41.65,41.7,41.05,41.05,48799
2020-09-29,41.65,41.65,41.7,41.05,41.05,48799
2020-09-30,41.65,41.65,41.7,41.05,41.05,48799
2020-10-05,41.65,41.65,41.7,41.05,41.05,48799
2020-10-06,41.65,41.65,41.7,41.05,41.05,48799
2020-10-07,41.65,41.65,41.7,41.05,41.05,48799
2020-10-08,41.65,41.65,41.7,41.05,41.05,48799
2020-10-12,41.65,41.65,41.7,41.05,41.05,48799
2020-10-13,41.65,41.65,41.7,41.05,41.05,48799
2020-10-14,41.65,41.65,41.7,41.05,41.05,48799
2020-10-15,41.65,41.65,41.7,41.05,41.05,48799
2020-10-16,41.65,41.65,41.7,41.05,41.05,48799
2020-10-19,41.65,41.65,41.7,41.05,41.05,48799
2020-10-20,41.65,41.65,41.7,41.05,41.05,48799
2020-10-21,41.65,41.65,41.7,41.05,41.05,48799
2020-10-22,41.65,41.65,41.7,41.05,41.05,48799
2020-10-23,41.65,41.65,41.7,41.05,41.05,48799
2020-10-26,41.65,41.65,41.7,41.05,41.05,48799
2020-10-27,41.65,41.65,41.7,41.05,41.05,48799
2020-10-28,41.65,41.65,41.7,41.05,41.05,48799
2020-10-29,41.65,41.65,41.7,41.05,41.05,48799
2020-10-30,41.65,41.65,41.7,41.05,41.05,48799
2020-11-02,41.65,41.65,41.7,41.05,41.05,48799
2020-11-03,41.65,41.65,41.7,41.05,41.05,48799
2020-11-04,41.65,41.65,41.7,41.05,41.05,48799
2020-11-05,41.65,41.65,41.7,41.05,41.05,48799
2020-11-06,41.65,41.65,41.7,41.05,41.05,48799
2020-11-09,41.65,41.65,41.7,41.05,41.05,48799
2020-11-10,41.65,41.65,41.7,41.05,41.05,48799
2020-11-11,41.65,41.65,41.7,41.05,41.05,48799
2020-11-12,41.65,41.65,41.7,41.05,41.05,48799
2020-11-13,41.65,41.65,41.7,41.05,41.05,48799
2020-11-16,41.65,41.65,41.7,41.05,41.05,48799
2020-11-17,41.65,41.65,41.7,41.05,41.05,48799
2020-11-18,41.65,41.65,41.7,41.05,41.05,48799
2020-11-19,41.65,41.65,41.7,41.05,41.05,48799
2020-11-20,41.65,41.65,41.7,41.05,41.05,48799
2020-11-23,41.65,41.65,41.7,41.05,41.05,48799
2020-11-24,41.65,41.65,41.7,41.05,41.05,48799
2020-11-25,41.65,41.65,41.7,41.05,41.05,48799
2020-11-26,41.65,41.65,41.7,41.05,41.05,48799
2020-11-27,41.65,41.65,41.7,41.05,41.05,48799
2020-11-30,41.65,41.65,41.7,41.05,41.05,48799
2020-12-01,41.65,41.65,41.7,41.05,41.05,48799
2020-12-02,41.65,41.65,41.7,41.05,41.05,48799
2020-12-04,41.65,41.65,41.7,41.05,41.05,48799
2020-12-07,41.65,41.65,41.7,41.05,41.05,48799
2020-12-08,41.65,41.65,41.7,41.05,41.05,48799
2020-12-09,41.65,41.65,41.7,41.05,41.05,48799
2020-12-10,41.65,41.65,41.7,41.05,41.05,48799
2020-12-11,41.65,41.65,41.7,41.05,41.05,48799
2020-12-14,41.65,41.65,41.7,41.05,41.05,48799
2020-12-15,41.65,41.65,41.7,41.05,41.05,48799
2020-12-16,41.65,41.65,41.7,41.05,41.05,48799
2020-12-17,41.65,41.65,41.7,41.05,41.05,48799
2020-12-18,41.65,41.65,41.7,41.05,41.05,48799
2020-12-21,41.65,41.65,41.7,41.05,41.05,48799
2020-12-22,41.65,41.65,41.7,41.05,41.05,48799
2020-12-23,41.65,41.65,41.7,41.05,41.05,48799
2020-12-24,41.65,41.65,41.7,41.05,41.05,48799
2020-12-25,41.65,41.65,41.7,41.05,41.05,48799
2020-12-28,41.65,41.65,41.7,41.05,41.05,48799
2020-12-29,41.65,41.65,41.7,41.05,41.05,48799
2020-12-30,41.65,41.65,41.7,41.05,41.05,48799
2020-12-31,41.65,41.65,41.7,41.05,41.05,48799
2021-01-04,41.65,41.65,41.7,41.05,41.05,48799
2021-01-05,41.65,41.65,41.7,41.05,41.05,48799
2021-01-06,41.65,41.65,41.7,41.05,41.05,48799
2021-01-07,41.65,41.65,41.7,41.05,41.05,48799
2021-01-08,41.65,41.65,41.7,41.05,41.05,48799
2021-01-11,41.65,41.65,41.7,41.05,41.05,48799
2021-01-12,41.65,41.65,41.7,41.05,41.05,48799
2021-01-13,41.65,41.65,41.7,41.05,41.05,48799
2021-01-14,41.65,41.65,41.7,41.05,41.05,48799
2021-01-15,41.65,41.65,41.7,41.05,41.05,48799
2021-01-18,41.65,41.65,41.7,41.05,41.05,48799
2021-01-19,41.65,41.65,41.7,41.05,41.05,48799
2021-01-20,41.65,41.65,41.7,41.05,41.05,48799
2021-01-21,41.65,41.65,41.7,41.05,41.05,48799
2021-01-22,41.65,41.65,41.7,41.05,41.05,48799
2021-01-25,41.65,41.65,41.7,41.05,41.05,48799
2021-01-26,41.65,41.65,41.7,41.05,41.05,48799
2021-01-27,41.65,41.65,41.7,41.05,41.05,48799
2021-01-28,41.65,41.65,41.7,41.05,41.05,48799
2021-01-29,41.65,41.65,41.7,41.05,41.05,48799
2021-02-01,41.65,41.65,41.7,41.05,41.05,48799
2021-02-02,41.65,41.65,41.7,41.05,41.05,48799
2021-02-03,41.65,41.65,41.7,41.05,41.05,48799
2021-02-04,41.65,41.65,41.7,41.05,41.05,48799
2021-02-05,41.65,41.65,41.7,41.05,41.05,48799
2021-02-17,41.65,41.65,41.7,41.05,41.05,48799
2021-02-18,41.65,41.65,41.7,41.05,41.05,48799
2021-02-19,41.65,41.65,41.7,41.05,41.05,48799
2021-02-22,41.65,41.65,41.7,41.05,41.05,48799
2021-02-23,41.65,41.65,41.7,41.05,41.05,48799
2021-02-24,41.65,41.65,41.7,41.05,41.05,48799
2021-02-25,41.65,41.65,41.7,41.05,41.05,48799
2021-02-26,41.65,41.65,41.7,41.05,41.05,48799
2021-03-02,41.65,41.65,41.7,41.05,41.05,48799
2021-03-03,41.65,41.65,41.7,41.05,41.05,48799
2021-03-04,41.65,41.65,41.7,41.05,41.05,48799
2021-03-05,41.65,41.65,41.7,41.05,41.05,48799
2021-03-08,41.65,41.65,41.7,41.05,41.05,48799
2021-03-09,41.65,41.65,41.7,41.05,41.05,48799
2021-03-10,41.65,41.65,41.7,41.05,41.05,48799
2021-03-11,41.65,41.65,41.7,41.05,41.05,48799
2021-03-12,41.65,41.65,41.7,41.05,41.05,48799
2021-03-15,41.65,41.65,41.7,41.05,41.05,48799
2021-03-16,41.65,41.65,41.7,41.05,41.05,48799
2021-03-17,41.65,41.65,41.7,41.05,41.05,48799
2021-03-18,41.65,41.65,41.7,41.05,41.05,48799
2021-03-19,41.65,41.65,41.7,41.05,41.05,48799
2021-03-22,41.65,41.65,41.7,41.05,41.05,48799
2021-03-23,41.65,41.65,41.7,41.05,41.05,48799
2021-03-24,41.65,41.65,41.7,41.05,41.05,48799
2021-03-25,41.65,41.65,41.7,41.05,41.05,48799
2021-03-26,41.65,41.65,41.7,41.05,41.05,48799
2021-03-29,41.65,41.65,41.7,41.05,41.05,48799
2021-03-30,41.65,41.65,41.7,41.05,41.05,48799
2021-03-31,41.65,41.65,41.7,41.05,41.05,48799
2021-04-01,41.65,41.65,41.7,41.05,41.05,48799
2021-04-06,41.65,41.65,41.7,41.05,41.05,48799
2021-04-07,41.65,41.65,41.7,41.05,41.05,48799
2021-04-08,41.65,41.65,41.7,41.05,41.05,48799
2021-04-09,41.65,41.65,41.7,41.05,41.05,48799
2021-04-12,41.65,41.65,41.7,41.05,41.05,48799
2021-04-13,41.65,41.65,41.7,41.05,41.05,48799
2021-04-14,41.65,41.65,41.7,41.05,41.05,48799
2021-04-15,41.65,41.65,41.7,41.05,41.05,48799
2021-04-16,41.65,41.65,41.7,41.05,41.05,48799
2021-04-19,41.65,41.65,41.7,41.05,41.05,48799
2021-04-20,41.65,41.65,41.7,41.05,41.05,48799
2021-04-21,41.65,41.65,41.7,41.05,41.05,48799
2021-04-22,41.65,41.65,41.7,41.05,41.05,48799
2021-04-23,41.65,41.65,41.7,41.05,41.05,48799
2021-04-26,41.65,41.65,41.7,41.05,41.05,48799
2021-04-27,41.65,41.65,41.7,41.05,41.05,48799
2021-04-28,41.65,41.65,41.7,41.05,41.05,48799
2021-04-29,41.65,41.65,41.7,41.05,41.05,48799
2021-05-03,41.65,41.65,41.7,41.05,41.05,48799
2021-05-04,41.65,41.65,41.7,41.05,41.05,48799
2021-05-05,41.65,41.65,41.7,41.05,41.05,48799
2021-05-06,41.65,41.65,41.7,41.05,41.05,48799
2021-05-07,41.65,41.65,41.7,41.05,41.05,48799
2021-05-10,41.65,41.65,41.7,41.05,41.05,48799
2021-05-11,41.65,41.65,41.7,41.05,41.05,48799
2021-05-12,41.65,41.65,41.7,41.05,41.05,48799
2021-05-13,41.65,41.65,41.7,41.05,41.05,48799
2021-05-14,41.65,41.65,41.7,41.05,41.05,48799
2021-05-17,41.65,41.65,41.7,41.05,41.05,48799
2021-05-18,41.65,41.65,41.7,41.05,41.05,48799
2021-05-19,41.65,41.65,41.7,41.05,41.05,48799
2021-05-20,41.65,41.65,41.7,41.05,41.05,48799
2021-05-21,41.65,41.65,41.7,41.05,41.05,48799
2021-05-24,41.65,41.65,41.7,41.05,41.05,48799
2021-05-25,41.65,41.65,41.7,41.05,41.05,48799
2021-05-26,41.65,41.65,41.7,41.05,41.05,48799
2021-05-27,41.65,41.65,41.7,41.05,41.05,48799
2021-05-28,41.65,41.65,41.7,41.05,41.05,48799
2021-05-31,41.65,41.65,41.7,41.05,41.05,48799
2021-06-01,41.65,41.65,41.7,41.05,41.05,48799
2021-06-02,41.65,41.65,41.7,41.05,41.05,48799
2021-06-03,41.65,41.65,41.7,41.05,41.05,48799
2021-06-04,41.65,41.65,41.7,41.05,41.05,48799
2021-06-07,41.65,41.65,41.7,41.05,41.05,48799
2021-06-08,41.65,41.65,41.7,41.05,41.05,48799
2021-06-09,41.65,41.65,41.7,41.05,41.05,48799
2021-06-10,41.65,41.65,41.7,41.05,41.05,48799
2021-06-11,41.65,41.65,41.7,41.05,41.05,48799
2021-06-15,41.65,41.65,41.7,41.05,41.05,48799
2021-06-16,41.65,41.65,41.7,41.05,41.05,48799
2021-06-17,41.65,41.65,41.7,41.05,41.05,48799
2021-06-18,41.65,41.65,41.7,41.05,41.05,48799
2021-06-21,41.65,41.65,41.7,41.05,41.05,48799
2021-06-22,41.65,41.65,41.7,41.05,41.05,48799
2021-06-23,41.65,41.65,41.7,41.05,41.05,48799
2021-06-24,41.65,41.65,41.7,41.05,41.05,48799
2021-06-25,41.65,41.65,41.7,41.05,41.05,48799
2021-06-28,41.65,41.65,41.7,41.05,41.05,48799
2021-06-29,41.65,41.65,41.7,41.05,41.05,48799
2021-06-30,41.65,41.65,41.7,41.05,41.05,48799
2021-07-01,41.65,41.65,41.7,41.05,41.05,48799
2021-07-02,41.65,41.65,41.7,41.05,41.05,48799
2021-07-05,41.65,41.65,41.7,41.05,41.05,48799
2021-07-06,41.65,41.65,41.7,41.05,41.05,48799
2021-07-07,41.65,41.65,41.7,41.05,41.05,48799
2021-07-08,41.65,41.65,41.7,41.05,41.05,48799
2021-07-09,41.65,41.65,41.7,41.05,41.05,48799
2021-07-12,41.65,41.65,41.7,41.05,41.05,48799
2021-07-13,41.65,41.65,41.7,41.05,41.05,48799
2021-07-14,41.65,41.65,41.7,41.05,41.05,48799
2021-07-15,41.65,41.65,41.7,41.05,41.05,48799
2021-07-16,41.65,41.65,41.7,41.05,41.05,48799
2021-07-19,41.65,41.65,41.7,41.05,41.05,48799
2021-07-20,41.65,41.65,41.7,41.05,41.05,48799
2021-07-21,41.65,41.65,41.7,41.05,41.05,48799
2021-07-22,41.65,41.65,41.7,41.05,41.05,48799
2021-07-23,41.65,41.65,41.7,41.05,41.05,48799
2021-07-26,41.65,41.65,41.7,41.05,41.05,48799
2021-07-27,41.65,41.65,41.7,41.05,41.05,48799
2021-07-28,41.65,41.65,41.7,41.05,41.05,48799
2021-07-29,41.65,41.65,41.7,41.05,41.05,48799
2021-07-30,41.65,41.65,41.7,41.05,41.05,48799
2021-08-02,41.65,41.65,41.7,41.05,41.05,48799
2021-08-03,41.65,41.65,41.7,41.05,41.05,48799
2021-08-04,41.65,41.65,41.7,41.05,41.05,48799
2021-08-05,41.65,41.65,41.7,41.05,41.05,48799
2021-08-06,41.65,41.65,41.7,41.05,41.05,48799
2021-08-09,24.55,24.55,24.75,24.55,24.75,10000
2021-08-10,24.5,24.5,24.5,24.5,24.5,10000
2021-08-11,23.95,23.95,24.7,23.95,24.7,2000
2021-08-12,24.2,24.2,24.6,23.9,24.6,16000
2021-08-13,23.5,23.5,24.1,23.5,24.1,41000
2021-08-16,23.5,23.5,23.6,23.5,23.6,4000
2021-08-17,23.75,23.75,24.3,23.5,24.3,15000
2021-08-18,23.75,23.75,24.0,23.5,24.0,15000
2021-08-19,23.4,23.4,23.55,23.4,23.55,8000
2021-08-20,24.0,24.0,24.0,23.45,23.75,29000
2021-08-23,23.9,23.9,24.45,23.7,24.15,18000
2021-08-25,24.0,24.0,24.25,24.0,24.25,3000
2021-08-27,23.8,23.8,24.0,23.55,24.0,18000
2021-08-30,23.4,23.4,23.6,23.2,23.6,26000
2021-08-31,23.5,23.5,23.55,23.5,23.55,7000
2021-09-01,23.5,23.5,23.5,23.35,23.45,9000
2021-09-02,23.5,23.5,23.7,23.5,23.65,23000
2021-09-03,23.9,23.9,23.9,23.5,23.5,33000
2021-09-06,23.8,23.8,23.95,23.8,23.9,21000
2021-09-08,23.6,23.6,23.85,23.6,23.8,24000
2021-09-09,24.0,24.0,24.0,23.9,23.95,37000
2021-09-10,24.0,24.0,24.05,23.9,24.05,14000
2021-09-13,24.25,24.25,24.25,24.0,24.0,8000
2021-09-14,24.25,24.25,24.25,24.0,24.0,4000
2021-09-15,24.2,24.2,24.25,23.95,24.25,11000
2021-09-16,24.25,24.25,24.4,24.2,24.4,6000
2021-09-17,24.3,24.3,24.35,24.0,24.1,13000
2021-09-22,24.2,24.2,24.2,23.7,23.7,3000
2021-09-23,24.2,24.2,24.35,23.9,24.35,6000
2021-09-24,24.2,24.2,24.45,24.05,24.45,27000
2021-09-27,24.3,24.3,24.45,24.15,24.45,15000
2021-09-28,24.45,24.45,24.45,24.35,24.4,24000
2021-09-29,24.4,24.4,24.55,24.3,24.3,9000
2021-09-30,24.45,24.45,24.45,24.4,24.4,12000
2021-10-01,24.35,24.35,24.45,24.35,24.45,26000
2021-10-04,24.15,24.15,24.35,24.15,24.35,33000
2021-10-05,24.3,24.3,24.3,24.15,24.15,11000
2021-10-06,24.35,24.35,24.4,24.3,24.3,16000
2021-10-07,24.5,24.5,24.6,24.4,24.4,26000
2021-10-08,24.85,24.85,25.2,24.7,24.7,18000
2021-10-12,24.8,24.8,24.85,24.65,24.65,7000
2021-10-13,25.2,25.2,25.35,25.2,25.35,9000
2021-10-14,25.15,25.15,25.2,24.85,25.2,20000
2021-10-15,24.85,24.85,25.1,24.8,25.0,30000
2021-10-18,25.5,25.5,26.1,24.85,24.85,59000
2021-10-19,25.55,25.55,25.7,25.45,25.7,45000
2021-10-20,25.55,25.55,25.75,25.4,25.6,80000
2021-10-21,26.1,26.1,26.15,25.6,25.6,70000
2021-10-22,26.05,26.05,26.3,26.05,26.3,8000
2021-10-25,25.7,25.7,25.85,25.4,25.55,29000
2021-10-26,25.85,25.85,26.25,25.7,26.25,22000
2021-10-27,25.95,25.95,25.95,25.85,25.85,15000
2021-10-28,26.15,26.15,26.55,26.0,26.0,38000
2021-10-29,26.05,26.05,26.15,26.0,26.15,9000
2021-11-01,26.05,26.05,26.9,25.95,26.9,65000
2021-11-02,26.0,26.0,26.0,25.95,26.0,18000
2021-11-03,26.05,26.05,26.2,26.0,26.0,8000
2021-11-04,26.4,26.4,26.4,26.05,26.15,22000
2021-11-05,26.5,26.5,26.5,26.3,26.3,34000
2021-11-08,26.6,26.6,26.75,26.5,26.55,9000
2021-11-09,26.5,26.5,26.5,26.3,26.5,23000
2021-11-10,26.55,26.55,26.9,26.55,26.8,14000
2021-11-11,26.7,26.7,26.7,26.5,26.5,8000
2021-11-12,26.5,26.5,26.5,26.4,26.5,24000
2021-11-15,26.65,26.65,26.65,26.25,26.5,31000
2021-11-16,26.85,26.85,27.3,26.8,26.8,15000
2021-11-17,26.7,26.7,27.1,26.6,27.0,18000
2021-11-18,26.6,26.6,26.6,26.6,26.6,25000
2021-11-19,26.7,26.7,27.25,26.65,27.0,19000
2021-11-22,27.0,27.0,27.25,26.9,27.0,52000
2021-11-23,27.3,27.3,27.5,27.2,27.45,59000
2021-11-24,27.1,27.1,27.55,26.95,27.4,28000
2021-11-25,27.0,27.0,27.3,27.0,27.05,25000
2021-11-26,26.9,26.9,27.05,26.7,27.0,68000
2021-11-29,26.9,26.9,27.6,26.8,26.9,39000
2021-11-30,27.1,27.1,27.1,27.0,27.0,14000
2021-12-01,26.95,26.95,27.3,26.95,27.3,9000
2021-12-02,26.85,26.85,27.0,26.85,26.95,33000
2021-12-03,26.9,26.9,27.0,26.75,26.85,43000
2021-12-06,27.0,27.0,27.0,27.0,27.0,4000
2021-12-07,27.1,27.1,27.1,27.0,27.1,14000
2021-12-08,26.85,26.85,27.0,26.5,27.0,83000
2021-12-09,27.05,27.05,27.9,26.95,26.95,29000
2021-12-10,27.0,27.0,27.0,26.9,26.9,4000
2021-12-13,27.0,27.0,27.1,27.0,27.05,16000
2021-12-14,26.75,26.75,26.9,26.75,26.9,11000
2021-12-15,26.75,26.75,26.75,26.75,26.75,4000
2021-12-16,27.0,27.0,27.0,26.75,26.75,13000
2021-12-17,26.55,26.55,26.65,26.5,26.65,64000
2021-12-20,26.85,26.85,26.85,26.6,26.6,2000
2021-12-21,26.65,26.65,26.85,26.5,26.55,8000
2021-12-22,26.9,26.9,26.9,26.8,26.8,8000
2021-12-23,26.55,26.55,26.65,26.5,26.55,72000
2021-12-24,26.6,26.6,26.6,26.5,26.5,11000
2021-12-27,26.5,26.5,26.5,26.35,26.5,10000
2021-12-28,26.6,26.6,26.6,26.55,26.6,18000
2021-12-29,26.4,26.4,26.4,26.3,26.3,8000
2021-12-30,26.6,26.6,26.6,26.45,26.45,15000
2022-01-03,25.7,25.7,26.0,25.7,26.0,10000
2022-01-04,26.35,26.35,26.45,25.55,25.7,8000
2022-01-05,26.7,26.7,26.7,26.7,26.7,1000
2022-01-06,26.5,26.5,26.65,26.5,26.65,6000
2022-01-07,26.5,26.5,26.55,26.2,26.5,16000
2022-01-10,26.95,26.95,27.4,26.5,27.4,7000
2022-01-11,26.8,26.8,26.95,26.8,26.95,18000
2022-01-12,26.45,26.45,26.45,26.0,26.0,3000
2022-01-13,26.5,26.5,26.95,26.2,26.95,14000
2022-01-14,26.6,26.6,26.6,26.5,26.6,15000
2022-01-17,26.65,26.65,26.65,26.45,26.45,2000
2022-01-18,26.65,26.65,26.85,26.65,26.85,5000
2022-01-19,26.75,26.75,26.75,26.3,26.3,3000
2022-01-20,26.4,26.4,26.75,26.05,26.75,7000
2022-01-21,26.6,26.6,26.6,26.6,26.6,1000
2022-01-24,25.9,25.9,26.9,25.9,26.9,5000
2022-01-25,26.6,26.6,26.6,26.6,26.6,2000
2022-01-26,26.45,26.45,26.45,25.55,25.55,3000
2022-02-07,26.3,26.3,26.7,25.75,26.7,3000
2022-02-08,26.7,26.7,26.8,26.7,26.7,7000
2022-02-11,26.6,26.6,26.65,26.6,26.65,2000
2022-02-14,26.8,26.8,26.8,26.8,26.8,1000
2022-02-15,26.1,26.1,26.1,26.1,26.1,3000
2022-02-16,26.75,26.75,26.8,26.45,26.75,10000
2022-02-17,26.75,26.75,26.75,26.5,26.75,3000
2022-02-21,26.65,26.65,26.65,26.5,26.5,6000
2022-02-22,26.65,26.65,26.8,26.5,26.8,3000
2022-02-24,26.15,26.15,26.65,26.0,26.65,9000
2022-02-25,26.1,26.1,26.1,26.0,26.0,3000
2022-03-01,26.4,26.4,26.6,26.4,26.6,2000
2022-03-02,26.65,26.65,26.65,26.65,26.65,1000
2022-03-04,26.6,26.6,26.6,26.6,26.6,4000
2022-03-07,26.25,26.25,26.7,26.05,26.7,6000
2022-03-08,25.5,25.5,26.15,24.8,24.8,47000
2022-03-09,26.5,26.5,26.5,26.3,26.3,2000
2022-03-10,26.15,26.15,26.2,25.25,26.2,19000
2022-03-11,26.4,26.4,26.55,26.15,26.55,6000
2022-03-14,26.45,26.45,26.65,25.3,26.65,14000
2022-03-15,26.6,26.6,26.6,26.3,26.45,12000
2022-03-16,26.7,26.7,26.95,26.55,26.95,4000
2022-03-17,26.95,26.95,27.05,26.1,26.7,113000
2022-03-18,26.7,26.7,26.7,26.15,26.2,3000
2022-03-21,26.7,26.7,27.0,26.15,27.0,10000
2022-03-22,26.85,26.85,26.9,26.6,26.9,4000
2022-03-24,26.8,26.8,26.8,26.8,26.8,1000
2022-03-25,26.7,26.7,26.7,26.0,26.0,3000
2022-03-28,26.4,26.4,26.7,25.8,26.2,12000
2022-03-29,26.3,26.3,26.4,26.2,26.4,6000
2022-03-30,25.75,25.75,26.45,25.75,26.45,47000
2022-03-31,25.85,25.85,26.4,25.55,26.4,6000
2022-04-01,25.6,25.6,25.95,25.25,25.95,23000
2022-04-06,25.5,25.5,25.5,25.5,25.5,5000
2022-04-07,25.4,25.4,26.3,25.4,26.3,8000
2022-04-08,25.85,25.85,25.9,25.4,25.9,6000
2022-04-11,25.6,25.6,25.6,25.25,25.25,2000
2022-04-12,25.2,25.2,25.95,25.2,25.95,12000
2022-04-13,25.35,25.35,25.35,25.1,25.1,4000
2022-04-14,25.3,25.3,25.7,25.2,25.7,6000
2022-04-15,25.6,25.6,25.9,25.4,25.9,8000
2022-04-18,25.9,25.9,25.9,25.85,25.9,23000
2022-04-19,25.7,25.7,26.1,25.45,25.5,17000
2022-04-20,26.1,26.1,26.1,25.65,25.65,9000
2022-04-21,26.05,26.05,26.05,25.55,25.55,2000
2022-04-22,25.4,25.4,25.4,25.4,25.4,1000
2022-04-25,25.65,25.65,25.9,25.05,25.9,10000
2022-04-26,26.2,26.2,26.2,26.2,26.2,1000
2022-04-28,25.45,25.45,25.8,25.25,25.8,4000
2022-04-29,25.6,25.6,25.9,25.1,25.9,4000
2022-05-03,25.15,25.15,25.15,24.75,24.75,2000
2022-05-04,25.75,25.75,25.75,25.75,25.75,1000
2022-05-05,25.6,25.6,25.8,25.0,25.8,11000
2022-05-09,26.0,26.0,26.0,26.0,26.0,1000
2022-05-10,25.05,25.05,25.05,25.05,25.05,1000
2022-05-11,24.8,24.8,25.75,24.8,25.75,4000
2022-05-12,25.55,25.55,25.55,25.55,25.55,1000
2022-05-13,25.5,25.5,25.5,25.1,25.1,9000
2022-05-18,25.75,25.75,25.75,25.55,25.55,2000
2022-05-20,26.05,26.05,26.05,26.05,26.05,1000
2022-05-23,25.8,25.8,25.8,25.15,25.4,11000
2022-05-25,25.6,25.6,25.9,25.3,25.75,33000
2022-05-26,25.7,25.7,26.15,25.65,26.15,3000
2022-05-27,25.0,25.0,25.7,24.65,25.7,36000
2022-05-30,25.4,25.4,25.4,25.25,25.25,9000
2022-05-31,25.5,25.5,25.5,25.3,25.3,3000
2022-06-02,25.4,25.4,25.4,25.4,25.4,2000
2022-06-07,25.7,25.7,25.7,25.7,25.7,1000
2022-06-09,25.4,25.4,25.6,25.1,25.6,3000
2022-06-10,25.4,25.4,25.4,25.25,25.25,6000
2022-06-14,25.1,25.1,25.15,24.55,24.55,7000
2022-06-15,25.35,25.35,25.75,24.85,25.1,4000
2022-06-16,25.45,25.45,25.5,25.45,25.5,2000
2022-06-20,24.75,24.75,25.65,24.75,25.65,16000
2022-06-21,24.55,24.55,25.3,24.45,25.3,43000
2022-06-22,24.6,24.6,24.9,24.1,24.9,51000
2022-06-23,24.35,24.35,24.9,24.1,24.9,14000
2022-06-24,24.4,24.4,24.4,24.1,24.15,17000
2022-06-27,24.4,24.4,24.8,24.4,24.4,7000
2022-06-28,24.3,24.3,24.6,24.3,24.6,3000
2022-06-29,24.4,24.4,24.45,24.2,24.45,416000
2022-06-30,24.0,24.0,24.4,24.0,24.4,10000
2022-07-01,23.65,23.65,24.15,23.55,24.15,11000
2022-07-04,23.6,23.6,23.8,23.6,23.8,2000
2022-07-05,23.8,23.8,24.2,23.6,23.6,275000
2022-07-06,23.45,23.45,23.45,23.1,23.1,2000
2022-07-07,23.9,23.9,23.95,23.4,23.45,21000
2022-07-08,23.2,23.2,23.5,23.1,23.1,7000
2022-07-11,23.5,23.5,23.7,23.3,23.7,12000
2022-07-12,23.65,23.65,23.65,23.65,23.65,2000
2022-07-13,23.85,23.85,23.85,23.8,23.8,2000
2022-07-14,24.15,24.15,24.3,23.55,24.3,11000
2022-07-15,23.7,23.7,24.35,23.7,24.35,6000
2022-07-18,24.4,24.4,24.5,24.0,24.5,9000
2022-07-19,24.95,24.95,25.1,24.2,25.1,4000
2022-07-20,24.25,24.25,25.05,24.05,25.05,23000
2022-07-21,24.8,24.8,24.8,24.3,24.3,2000
2022-07-22,24.9,24.9,25.1,24.25,25.1,10000
2022-07-25,24.65,24.65,25.05,24.65,25.05,8000
2022-07-26,25.15,25.15,25.15,25.15,25.15,1000
2022-07-28,25.1,25.1,25.1,25.1,25.1,1000
2022-08-01,24.95,24.95,25.1,24.95,25.1,2000
2022-08-02,25.15,25.15,25.15,25.0,25.0,4000
2022-08-03,24.95,24.95,24.95,24.4,24.4,3000
2022-08-04,24.55,24.55,25.05,24.55,25.05,5000
2022-08-05,25.05,25.05,25.05,25.05,25.05,1000
2022-08-08,25.35,25.35,25.35,25.0,25.3,33000
2022-08-09,25.8,25.8,25.85,25.3,25.4,52000
2022-08-10,26.0,26.0,26.45,26.0,26.2,26000
2022-08-11,25.85,25.85,26.45,25.6,25.9,21000
2022-08-12,25.65,25.65,25.65,25.4,25.4,3000
2022-08-15,25.5,25.5,25.5,25.5,25.5,1000
2022-08-16,25.9,25.9,26.0,25.8,26.0,7000
2022-08-18,25.8,25.8,26.2,25.55,26.2,22000
2022-08-19,26.0,26.0,26.25,25.3,26.25,6000
2022-08-22,25.85,25.85,26.0,25.45,26.0,6000
2022-08-24,25.8,25.8,26.0,25.8,26.0,2000
2022-08-25,25.8,25.8,26.45,25.8,25.95,36000
2022-08-26,26.1,26.1,26.35,25.8,26.35,11000
2022-08-29,25.8,25.8,26.1,25.8,26.1,8000
2022-08-30,26.2,26.2,26.25,26.2,26.25,4000
2022-09-01,25.95,25.95,26.55,25.95,26.55,11000
2022-09-02,26.1,26.1,26.3,25.7,26.3,13000
2022-09-05,25.6,25.6,26.2,25.6,26.2,9000
2022-09-06,25.5,25.5,25.5,25.5,25.5,1000
2022-09-07,25.7,25.7,25.8,25.15,25.8,18000
2022-09-08,25.85,25.85,26.0,25.0,25.95,31000
2022-09-12,26.1,26.1,26.2,25.9,26.2,3000
2022-09-13,25.55,25.55,26.1,25.4,25.5,26000
2022-09-14,26.45,26.45,27.1,25.95,26.15,46000
2022-09-15,26.35,26.35,27.0,25.8,27.0,23000
2022-09-16,26.55,26.55,26.75,25.8,25.9,9000
2022-09-19,26.35,26.35,26.7,26.0,26.6,12000
2022-09-20,25.8,25.8,26.4,25.8,26.4,9000
2022-09-21,26.25,26.25,26.45,25.7,26.45,4000
2022-09-22,26.1,26.1,26.4,26.1,26.4,9000
2022-09-23,26.05,26.05,26.3,26.05,26.2,15000
2022-09-26,25.65,25.65,26.45,25.65,26.45,4000
2022-09-27,25.9,25.9,26.25,25.4,26.25,3000
2022-09-28,25.8,25.8,25.9,25.35,25.9,7000
2022-09-29,25.6,25.6,25.95,25.25,25.25,4000
2022-09-30,26.15,26.15,26.15,26.15,26.15,1000
2022-10-03,26.15,26.15,26.15,26.15,26.15,3000
2022-10-04,25.5,25.5,25.75,25.45,25.7,12000
2022-10-05,25.95,25.95,26.05,25.35,26.05,5000
2022-10-07,25.8,25.8,25.9,25.4,25.9,3000
2022-10-11,25.35,25.35,26.6,24.8,26.6,15000
2022-10-12,25.5,25.5,25.75,25.2,25.75,5000
2022-10-13,24.95,24.95,25.7,24.95,25.7,4000
2022-10-14,24.75,24.75,25.45,24.75,25.45,12000
2022-10-17,24.35,24.35,25.4,24.35,25.4,7000
2022-10-18,24.45,24.45,25.2,24.45,25.2,8000
2022-10-19,24.65,24.65,24.8,23.85,24.8,10000
2022-10-21,25.0,25.0,25.25,24.75,24.75,4000
2022-10-24,24.4,24.4,24.75,24.3,24.3,3000
2022-10-25,24.6,24.6,24.95,24.2,24.95,12000
2022-10-26,24.6,24.6,24.8,24.5,24.6,10000
2022-10-27,25.05,25.05,25.2,24.35,25.2,12000
2022-10-28,24.35,24.35,24.35,24.25,24.25,7000
2022-10-31,24.85,24.85,24.95,24.5,24.5,7000
2022-11-01,24.7,24.7,24.7,24.6,24.6,2000
2022-11-02,25.15,25.15,25.25,25.15,25.25,2000
2022-11-04,24.65,24.65,25.05,24.25,25.05,21000
2022-11-07,25.0,25.0,25.0,24.7,24.7,2000
2022-11-09,27.5,27.5,27.5,24.7,25.0,292000
2022-11-10,27.3,27.3,27.8,26.4,27.5,123000
2022-11-11,26.6,26.6,27.45,26.6,27.45,41000
2022-11-14,26.4,26.4,26.6,26.3,26.6,5000
2022-11-15,26.15,26.15,26.55,25.85,26.5,20000
2022-11-16,26.2,26.2,26.35,26.15,26.15,4000
2022-11-17,26.35,26.35,26.45,26.05,26.3,9000
2022-11-18,25.95,25.95,26.2,25.95,26.1,5000
2022-11-21,25.85,25.85,25.9,25.8,25.9,5000
2022-11-22,25.9,25.9,26.15,25.6,25.85,21000
2022-11-23,25.85,25.85,25.9,25.6,25.9,14000
2022-11-24,25.95,25.95,25.95,25.8,25.9,12000
2022-11-25,26.4,26.4,26.4,25.7,26.05,36000
2022-11-28,25.6,25.6,25.95,25.6,25.8,16000
2022-11-29,25.8,25.8,26.0,25.8,25.9,22000
2022-11-30,25.9,25.9,26.05,25.9,25.95,17000
2022-12-01,26.0,26.0,26.1,26.0,26.1,11000
2022-12-02,26.7,26.7,26.8,26.65,26.8,3000
2022-12-05,26.25,26.25,26.25,26.0,26.15,25000
2022-12-06,26.4,26.4,26.85,26.15,26.85,18000
2022-12-07,26.25,26.25,26.95,26.25,26.95,9000
2022-12-08,25.4,25.4,25.75,25.1,25.6,66000
2022-12-09,25.5,25.5,25.55,25.4,25.4,6000
2022-12-12,25.65,25.65,25.7,25.65,25.7,3000
2022-12-13,25.9,25.9,25.9,25.65,25.65,2000
2022-12-15,25.65,25.65,25.7,25.45,25.45,4000
2022-12-16,25.8,25.8,26.3,25.3,26.3,7000
2022-12-19,25.45,25.45,25.7,25.3,25.3,5000
2022-12-20,25.5,25.5,25.5,25.1,25.2,5000
2022-12-22,25.3,25.3,25.45,24.6,25.45,14000
2022-12-23,25.2,25.2,25.2,24.8,24.8,6000
2022-12-26,25.3,25.3,25.4,24.9,25.4,10000
2022-12-27,25.1,25.1,25.1,25.1,25.1,4000
2022-12-28,25.0,25.0,25.0,24.9,25.0,6000
2022-12-29,24.85,24.85,25.2,24.8,25.2,12000
2022-12-30,25.15,25.15,25.3,24.95,25.3,3000
2023-01-03,25.25,25.25,25.3,25.1,25.1,10000
2023-01-04,26.0,26.0,26.2,25.25,25.25,10000
2023-01-05,25.75,25.75,26.25,25.45,26.25,18000
2023-01-06,26.1,26.1,26.1,25.8,25.8,6000
2023-01-09,26.05,26.05,26.3,25.95,26.25,28000
2023-01-10,26.2,26.2,26.25,26.0,26.25,18000
2023-01-11,26.3,26.3,26.3,26.0,26.0,7000
2023-01-12,25.9,25.9,26.15,25.85,26.0,5000
2023-01-13,26.1,26.1,26.25,26.1,26.25,5000
2023-01-16,26.2,26.2,26.2,26.2,26.2,2000
2023-01-30,26.1,26.1,26.1,25.8,25.8,5000
2023-01-31,26.1,26.1,26.1,26.1,26.1,4000
2023-02-01,26.2,26.2,26.2,25.5,26.1,18000
2023-02-02,26.0,26.0,26.2,26.0,26.2,7000
2023-02-03,26.0,26.0,26.2,26.0,26.0,21000
2023-02-06,25.8,25.8,26.0,25.8,26.0,4000
2023-02-08,25.85,25.85,25.9,25.85,25.85,6000
2023-02-10,26.05,26.05,26.05,25.55,25.85,8000
2023-02-13,26.15,26.15,26.15,26.1,26.1,6000
2023-02-14,26.15,26.15,26.15,26.0,26.0,5000
2023-02-15,26.05,26.05,26.15,25.9,26.15,3000
2023-02-16,26.1,26.1,26.1,26.0,26.0,9000
2023-02-17,26.1,26.1,26.1,26.1,26.1,2000
2023-02-20,26.1,26.1,26.25,26.0,26.2,14000
2023-02-21,26.2,26.2,26.2,26.0,26.1,9000
2023-02-22,26.55,26.55,26.55,25.85,26.0,26000
2023-02-23,26.45,26.45,26.5,26.2,26.5,6000
2023-02-24,26.3,26.3,26.45,26.3,26.45,8000
2023-03-01,26.6,26.6,26.6,26.1,26.5,12000
2023-03-02,26.7,26.7,26.7,26.35,26.35,4000
2023-03-03,26.95,26.95,27.3,26.7,26.75,50000
2023-03-06,27.1,27.1,27.95,27.0,27.0,67000
2023-03-07,27.5,27.5,27.65,27.25,27.3,30000
2023-03-08,27.0,27.0,27.4,27.0,27.4,30000
2023-03-09,27.2,27.2,27.2,26.95,27.0,14000
2023-03-10,26.85,26.85,27.2,26.85,27.2,18000
2023-03-13,27.2,27.2,27.2,26.8,26.85,35000
2023-03-14,27.15,27.15,27.3,27.15,27.25,13000
2023-03-15,26.85,26.85,27.15,26.85,27.15,8000
2023-03-16,26.8,26.8,26.85,26.4,26.85,24000
2023-03-17,27.1,27.1,27.2,26.8,26.8,21000
2023-03-20,27.05,27.05,27.5,27.05,27.3,29000
2023-03-21,27.15,27.15,27.2,27.15,27.2,3000
2023-03-22,27.6,27.6,27.6,27.25,27.25,32000
2023-03-23,27.55,27.55,27.75,27.5,27.55,20000
2023-03-24,27.7,27.7,28.05,27.65,27.65,23000
2023-03-27,27.55,27.55,27.85,27.55,27.7,10000
2023-03-28,27.35,27.35,27.45,27.35,27.45,7000
2023-03-29,27.15,27.15,27.3,27.15,27.3,10000
2023-03-30,27.3,27.3,27.4,27.1,27.35,10000
2023-03-31,27.15,27.15,27.5,27.1,27.45,7000
2023-04-06,27.5,27.5,27.6,27.2,27.2,88000
2023-04-07,27.7,27.7,27.95,27.6,27.9,25000
2023-04-10,27.55,27.55,27.75,27.3,27.3,14000
2023-04-11,27.7,27.7,27.8,27.55,27.6,19000
2023-04-12,27.3,27.3,27.65,27.2,27.65,23000
2023-04-13,27.2,27.2,27.2,27.0,27.0,13000
2023-04-14,27.3,27.3,27.3,27.3,27.3,2000
2023-04-17,27.05,27.05,27.2,27.0,27.2,24000
2023-04-18,27.25,27.25,27.35,27.05,27.05,15000
2023-04-19,27.3,27.3,27.9,27.2,27.5,110000
2023-04-20,30.0,30.0,30.0,27.65,27.65,799000
2023-04-21,33.0,33.0,33.0,31.0,31.0,1582000
2023-04-24,35.2,35.2,36.3,33.95,35.05,2999000
2023-04-25,38.7,38.7,38.7,35.1,35.5,2728000
2023-04-26,39.75,39.75,41.45,36.6,38.65,2946000
2023-04-27,38.55,38.55,41.0,38.15,40.0,1622000
2023-04-28,39.25,39.25,40.0,38.55,38.55,448000
2023-05-02,41.15,41.15,42.5,40.45,40.45,474000
2023-05-03,40.0,40.0,40.95,40.0,40.55,202000
2023-05-04,38.5,38.5,40.0,38.25,40.0,648000
2023-05-05,38.55,38.55,39.05,37.5,38.7,401000
2023-05-08,38.55,38.55,39.4,38.45,38.85,288000
2023-05-09,37.4,37.4,39.0,37.4,38.55,269000
2023-05-10,37.0,37.0,37.5,36.7,36.7,167000
2023-05-11,34.5,34.5,37.2,34.0,37.2,381000
2023-05-12,33.3,33.3,33.7,32.0,32.8,454000
2023-05-15,32.5,32.5,36.5,32.2,33.3,1456000
2023-05-16,32.35,32.35,33.4,32.35,32.5,338000
2023-05-17,31.7,31.7,32.35,31.35,32.35,328000
2023-05-18,32.9,32.9,34.15,31.8,31.8,634000
2023-05-19,33.3,33.3,33.7,31.8,33.0,505000
2023-05-22,33.1,33.1,34.75,33.05,34.75,310000
2023-05-23,33.3,33.3,33.95,33.15,33.5,281000
2023-05-24,33.5,33.5,34.1,33.35,33.45,225000
2023-05-25,32.5,32.5,33.55,32.2,33.55,243000
2023-05-26,32.2,32.2,32.8,32.2,32.6,106000
2023-05-29,32.45,32.45,33.2,32.3,32.4,96000
2023-05-30,32.1,32.1,33.05,32.1,32.6,59000
2023-05-31,31.85,31.85,32.35,31.4,32.1,130000
2023-06-01,33.3,33.3,33.6,31.85,31.85,204000
2023-06-02,32.75,32.75,33.4,32.7,33.35,142000
2023-06-05,33.05,33.05,33.75,32.75,33.0,181000
2023-06-06,32.6,32.6,33.45,32.6,33.45,107000
2023-06-07,33.9,33.9,34.6,32.3,33.0,361000
2023-06-08,34.9,34.9,37.0,33.75,34.0,983000
2023-06-09,35.55,35.55,36.25,34.75,34.75,459000
2023-06-12,37.2,37.2,37.8,35.6,36.4,568000
2023-06-13,36.35,36.35,37.8,36.2,37.8,354000
2023-06-14,35.35,35.35,36.3,35.2,36.25,336000
2023-06-15,35.95,35.95,37.0,35.25,35.35,289000
2023-06-16,35.8,35.8,36.8,35.4,36.8,139000
2023-06-19,39.05,39.05,39.25,35.2,35.8,1652000
2023-06-20,37.55,37.55,39.05,37.05,39.05,511000
2023-06-21,37.4,37.4,37.9,37.1,37.8,182000
2023-06-26,36.0,36.0,37.4,36.0,37.4,178000
2023-06-27,35.5,35.5,36.1,35.4,36.1,101000
2023-06-28,35.9,35.9,36.1,35.0,35.7,92000
2023-06-29,36.3,36.3,36.5,35.7,35.9,81000
2023-06-30,36.4,36.4,36.95,36.1,36.1,91000
2023-07-03,36.35,36.35,36.9,35.9,36.15,86000
2023-07-04,36.1,36.1,36.4,35.75,36.05,86000
2023-07-05,37.35,37.35,37.8,36.0,36.2,265000
2023-07-06,39.6,39.6,40.0,37.0,37.35,832000
2023-07-07,39.95,39.95,43.0,38.2,40.1,1937000
2023-07-10,37.5,37.5,39.95,37.35,39.95,318000
2023-07-11,37.65,37.65,38.35,37.3,37.4,113000
2023-07-12,36.3,36.3,37.85,35.8,37.5,221000
2023-07-13,36.8,36.8,37.15,36.05,36.3,293000
2023-07-14,37.25,37.25,37.7,35.6,35.85,190000
2023-07-17,39.0,39.0,39.75,37.0,37.0,305000
2023-07-18,39.05,39.05,39.7,38.2,39.0,242000
2023-07-19,38.65,38.65,40.2,38.25,39.05,243000
2023-07-20,39.7,39.7,40.6,38.25,38.25,359000
2023-07-21,41.25,41.25,42.0,39.15,40.0,576000
2023-07-24,40.05,40.05,43.1,39.2,43.1,411000
2023-07-25,42.8,42.8,44.05,39.3,40.05,768000
2023-07-26,42.65,42.65,44.35,40.6,42.0,496000
2023-07-27,41.7,41.7,43.0,41.6,42.5,289000
2023-07-28,44.9,44.9,44.9,42.0,42.0,544000
2023-07-31,41.4,41.4,45.85,41.3,44.95,636000
2023-08-01,41.0,41.0,42.6,40.6,41.4,539000
2023-08-02,39.75,39.75,41.55,39.5,41.0,245000
2023-08-04,40.3,40.3,41.15,38.7,38.8,75000
2023-08-07,39.7,39.7,40.25,38.9,40.25,134000
2023-08-08,39.65,39.65,39.85,39.05,39.4,58000
2023-08-09,38.5,38.5,40.1,38.5,39.7,147000
2023-08-10,36.9,36.9,38.3,36.75,37.85,162000
2023-08-11,36.1,36.1,37.0,36.0,36.9,97000
2023-08-14,36.1,36.1,36.75,35.3,35.55,69000
2023-08-15,35.2,35.2,36.2,35.15,36.1,132000
2023-08-16,35.0,35.0,35.55,34.0,35.2,75000
2023-08-17,35.25,35.25,35.75,35.0,35.0,27000
2023-08-18,34.45,34.45,35.7,34.3,35.25,87000
2023-08-21,33.7,33.7,35.6,33.55,34.6,147000
2023-08-22,33.85,33.85,34.1,33.5,33.7,59000
2023-08-23,33.25,33.25,34.15,33.1,33.3,183000
2023-08-24,32.8,32.8,34.45,32.5,33.5,144000
2023-08-25,32.8,32.8,33.1,32.05,32.35,70000
2023-08-28,32.4,32.4,32.85,32.2,32.8,90000
2023-08-29,32.55,32.55,32.65,32.1,32.4,20000
2023-08-30,33.1,33.1,33.3,32.55,32.55,45000
2023-08-31,33.2,33.2,33.2,32.6,32.75,35000
2023-09-01,33.2,33.2,33.4,32.8,32.8,45000
2023-09-04,34.45,34.45,34.6,33.2,33.5,95000
2023-09-05,34.65,34.65,35.0,34.0,34.45,40000
2023-09-06,34.7,34.7,34.95,34.5,34.75,43000
2023-09-07,34.65,34.65,35.15,34.55,34.6,40000
2023-09-08,35.0,35.0,35.0,34.65,34.8,27000
2023-09-11,34.5,34.5,34.9,34.3,34.9,33000
2023-09-12,34.75,34.75,34.75,34.3,34.5,48000
2023-09-13,35.75,35.75,35.85,34.7,34.7,32000
2023-09-14,38.35,38.35,39.0,35.85,35.85,129000
2023-09-15,38.25,38.25,38.35,37.8,38.0,37000
2023-09-18,38.5,38.5,38.9,38.25,38.25,27000
2023-09-19,38.6,38.6,38.95,38.35,38.75,44000
2023-09-20,38.8,38.8,39.8,38.6,38.6,83000
2023-09-21,38.4,38.4,38.5,38.0,38.5,43000
2023-09-22,38.4,38.4,38.6,38.2,38.5,51000
2023-09-25,38.75,38.75,39.2,38.75,39.0,26000
2023-09-26,37.95,37.95,38.6,37.95,38.6,5000
2023-09-27,37.25,37.25,38.0,37.15,38.0,68000
2023-09-28,37.0,37.0,37.0,36.7,37.0,28000
2023-10-02,38.2,38.2,38.25,37.6,37.6,31000
2023-10-03,38.0,38.0,38.1,38.0,38.0,14000
2023-10-04,37.95,37.95,38.0,37.95,38.0,8000
2023-10-05,38.4,38.4,38.5,38.4,38.5,21000
2023-10-06,37.95,37.95,37.95,37.95,37.95,1000
2023-10-11,37.15,37.15,37.95,37.05,37.95,52000
2023-10-12,37.4,37.4,37.4,37.15,37.15,7000
2023-10-13,37.2,37.2,37.25,37.2,37.2,16000
2023-10-16,36.8,36.8,37.05,35.45,35.45,15000
2023-10-17,36.8,36.8,37.15,36.7,37.05,12000
2023-10-18,37.7,37.7,37.9,37.7,37.9,2000
2023-10-19,37.3,37.3,37.3,37.3,37.3,1000
2023-10-20,36.5,36.5,38.5,36.0,38.5,36000
2023-10-23,36.5,36.5,36.6,36.5,36.6,2000
2023-10-24,36.4,36.4,36.9,36.4,36.5,21000
2023-10-25,36.35,36.35,36.6,36.3,36.4,22000
2023-10-26,36.35,36.35,37.2,36.15,36.3,422000
2023-10-27,36.25,36.25,37.0,36.0,37.0,27000
2023-10-30,36.0,36.0,36.1,35.0,36.05,37000
2023-10-31,35.5,35.5,36.0,35.5,36.0,4000
2023-11-01,34.8,34.8,35.55,34.8,35.55,22000
2023-11-02,34.8,34.8,35.0,34.7,34.75,20000
2023-11-03,34.75,34.75,34.9,34.75,34.85,11000
2023-11-06,34.8,34.8,34.8,34.75,34.8,6000
2023-11-07,34.55,34.55,35.0,34.55,35.0,20000
2023-11-08,34.6,34.6,34.6,34.5,34.5,9000
2023-11-09,34.45,34.45,34.6,34.3,34.6,11000
2023-11-10,35.0,35.0,35.95,34.35,34.35,112000
2023-11-13,34.45,34.45,35.0,34.05,35.0,22000
2023-11-14,34.4,34.4,34.85,34.35,34.5,14000
2023-11-15,34.45,34.45,34.8,34.4,34.8,20000
2023-11-16,34.65,34.65,35.4,34.5,35.4,12000
2023-11-17,34.75,34.75,35.0,34.6,34.95,209000
2023-11-20,35.85,35.85,36.3,35.1,35.3,19000
2023-11-21,35.75,35.75,35.95,35.7,35.85,16000
2023-11-22,35.8,35.8,35.8,35.8,35.8,3000
2023-11-23,35.8,35.8,35.85,35.8,35.8,11000
2023-11-24,35.85,35.85,36.2,35.75,35.85,13000
2023-11-28,35.95,35.95,35.95,35.95,35.95,2000
2023-11-29,35.75,35.75,37.0,35.7,36.05,16000
2023-11-30,35.65,35.65,36.0,35.65,36.0,13000
2023-12-01,35.55,35.55,36.1,35.0,36.1,14000
2023-12-04,35.55,35.55,35.8,35.5,35.55,23000
2023-12-05,35.35,35.35,35.7,35.0,35.05,15000
2023-12-06,35.35,35.35,35.95,35.35,35.95,18000
2023-12-07,35.55,35.55,35.55,35.3,35.35,18000
2023-12-08,35.55,35.55,35.6,35.55,35.6,4000
2023-12-11,35.6,35.6,36.2,35.55,35.7,22000
2023-12-12,35.5,35.5,36.65,35.3,36.65,42000
2023-12-13,35.7,35.7,36.05,35.5,35.5,9000
2023-12-14,35.6,35.6,35.8,35.5,35.8,10000
2023-12-15,35.6,35.6,35.9,35.6,35.65,12000
2023-12-18,35.6,35.6,35.7,35.6,35.7,14000
2023-12-19,35.6,35.6,36.0,35.6,36.0,7000
2023-12-20,35.6,35.6,35.6,35.5,35.6,12000
2023-12-22,35.8,35.8,36.1,35.6,35.6,7000
2023-12-25,35.7,35.7,35.7,35.7,35.7,6000
2023-12-26,35.75,35.75,36.35,35.75,36.3,10000
2023-12-27,35.75,35.75,35.85,35.7,35.85,12000
2023-12-28,35.65,35.65,35.65,35.65,35.65,3000
2023-12-29,35.9,35.9,35.9,35.7,35.7,6000
2024-01-02,36.6,36.6,36.6,36.0,36.05,19000
2024-01-03,36.4,36.4,36.5,36.4,36.45,10000
2024-01-04,36.05,36.05,36.5,36.05,36.5,43000
2024-01-05,35.9,35.9,36.05,35.9,36.05,4000
2024-01-08,35.45,35.45,35.9,35.45,35.9,10000
2024-01-09,35.15,35.15,35.7,35.0,35.5,51000
2024-01-10,35.35,35.35,35.5,35.3,35.5,4000
2024-01-11,35.4,35.4,35.45,35.35,35.35,13000
2024-01-12,35.45,35.45,35.45,35.45,35.45,1000
2024-01-15,35.5,35.5,35.5,35.15,35.2,9000
2024-01-16,35.45,35.45,35.45,35.05,35.25,10000
2024-01-17,36.0,36.0,36.0,35.5,35.55,13000
2024-01-18,35.95,35.95,36.0,35.85,35.85,12000
2024-01-19,35.7,35.7,36.7,35.7,35.95,40000
2024-01-22,36.3,36.3,36.75,36.0,36.0,20000
2024-01-23,36.0,36.0,36.15,36.0,36.05,14000
2024-01-24,36.15,36.15,36.15,36.0,36.0,9000
2024-01-25,36.1,36.1,36.3,36.1,36.3,6000
2024-01-26,36.3,36.3,36.3,36.3,36.3,5000
2024-01-29,36.35,36.35,36.5,36.35,36.5,7000
2024-01-30,37.4,37.4,37.45,36.2,36.5,31000
2024-01-31,36.7,36.7,37.25,36.7,36.95,28000
2024-02-01,36.75,36.75,36.8,36.7,36.75,7000
2024-02-02,36.6,36.6,36.95,36.6,36.8,26000
2024-02-05,36.45,36.45,36.45,35.95,36.0,15000
2024-02-15,36.5,36.5,36.5,36.5,36.5,1000
2024-02-16,36.45,36.45,36.75,36.0,36.0,30000
2024-02-19,36.8,36.8,37.0,36.5,36.8,35000
2024-02-20,36.35,36.35,37.65,36.35,36.6,42000
2024-02-21,36.25,36.25,36.55,36.0,36.35,16000
2024-02-22,36.25,36.25,36.6,36.0,36.25,19000
2024-02-23,36.3,36.3,36.8,36.25,36.3,15000
2024-02-26,36.45,36.45,36.45,36.45,36.45,1000
2024-02-27,36.6,36.6,36.6,36.45,36.5,14000
2024-02-29,36.0,36.0,36.5,35.95,36.45,44000
2024-03-01,35.8,35.8,36.0,35.8,35.95,21000
2024-03-04,36.0,36.0,36.0,35.8,35.95,33000
2024-03-05,36.0,36.0,36.05,36.0,36.0,26000
2024-03-06,36.25,36.25,36.85,36.05,36.5,72000
2024-03-07,36.3,36.3,36.65,36.25,36.35,78000
2024-03-08,36.0,36.0,36.3,35.65,36.3,32000
2024-03-11,35.9,35.9,37.0,35.8,35.95,21000
2024-03-12,35.65,35.65,35.7,35.65,35.65,16000
2024-03-13,35.8,35.8,36.0,35.65,36.0,14000
2024-03-14,35.9,35.9,36.3,35.75,35.8,48000
2024-03-15,35.3,35.3,36.1,35.3,36.0,39000
2024-03-18,36.0,36.0,36.0,35.15,35.15,32000
2024-03-19,36.0,36.0,36.0,35.7,36.0,41000
2024-03-20,35.65,35.65,36.0,35.6,36.0,15000
2024-03-21,35.95,35.95,36.2,35.7,35.95,15000
2024-03-22,35.75,35.75,35.9,35.65,35.8,13000
2024-03-25,35.8,35.8,36.0,35.45,35.7,21000
2024-03-26,35.8,35.8,36.9,35.8,36.0,34000
2024-03-27,36.5,36.5,36.8,36.0,36.0,40000
2024-03-28,36.5,36.5,36.5,35.9,36.2,22000
2024-03-29,36.95,36.95,37.0,36.5,36.7,46000
2024-04-01,37.7,37.7,39.5,36.95,36.95,133000
2024-04-02,37.75,37.75,38.8,37.6,38.8,67000
2024-04-03,38.1,38.1,38.35,37.9,38.15,41000
2024-04-08,39.2,39.2,39.4,38.1,38.1,75000
2024-04-09,41.1,41.1,43.1,39.2,39.5,413000
2024-04-10,41.35,41.35,41.8,41.1,41.15,112000
2024-04-11,40.6,40.6,41.8,40.5,41.8,84000
2024-04-12,40.6,40.6,41.0,40.1,40.1,63000
2024-04-15,40.5,40.5,41.15,40.15,40.65,43000
2024-04-16,39.1,39.1,39.85,39.0,39.3,79000
2024-04-17,39.7,39.7,40.0,39.4,39.4,61000
2024-04-18,40.2,40.2,40.5,39.7,39.7,16000
2024-04-19,39.45,39.45,40.4,38.5,40.2,26000
2024-04-22,39.0,39.0,39.45,39.0,39.45,59000
2024-04-23,39.15,39.15,39.2,39.0,39.15,18000
2024-04-24,39.8,39.8,40.4,39.8,39.95,37000
2024-04-25,39.9,39.9,40.4,39.55,40.4,20000
2024-04-26,40.0,40.0,41.1,39.9,40.05,73000
2024-04-29,40.2,40.2,40.6,39.6,40.2,95000
2024-04-30,40.4,40.4,40.6,39.9,40.35,49000
2024-05-02,42.15,42.15,42.75,40.5,40.5,152000
2024-05-03,41.25,41.25,43.0,41.25,43.0,101000
2024-05-06,41.8,41.8,42.8,41.15,42.8,39000
2024-05-07,40.15,40.15,41.7,40.15,41.7,99000
2024-05-08,40.5,40.5,40.5,39.8,40.2,58000
2024-05-09,40.75,40.75,40.75,40.7,40.75,6000
2024-05-10,40.9,40.9,41.8,39.5,40.0,55000
2024-05-13,40.9,40.9,40.95,40.8,40.95,26000
2024-05-14,40.55,40.55,41.1,40.4,41.1,28000
2024-05-15,40.4,40.4,40.6,39.9,39.95,47000
2024-05-16,40.45,40.45,40.5,40.45,40.45,7000
2024-05-17,40.45,40.45,40.55,40.4,40.45,8000
2024-05-20,40.2,40.2,40.55,40.15,40.45,44000
2024-05-21,40.5,40.5,40.5,40.0,40.15,28000
2024-05-22,40.35,40.35,40.6,40.25,40.6,57000
2024-05-23,40.05,40.05,40.25,40.0,40.25,45000
2024-05-24,39.5,39.5,39.9,39.5,39.9,61000
2024-05-27,39.3,39.3,39.55,39.2,39.2,32000
2024-05-28,39.3,39.3,39.5,39.05,39.2,44000
2024-05-29,39.4,39.4,39.4,39.4,39.4,1000
2024-05-30,39.15,39.15,39.35,39.0,39.35,63000
2024-05-31,39.35,39.35,39.5,39.35,39.5,2000
2024-06-03,39.6,39.6,39.65,39.3,39.4,17000
2024-06-04,39.9,39.9,39.9,39.55,39.6,5000
2024-06-05,39.8,39.8,40.05,39.8,40.05,22000
2024-06-06,39.9,39.9,40.35,39.85,39.85,34000
2024-06-07,39.5,39.5,39.9,39.5,39.9,18000
2024-06-11,38.95,38.95,39.1,38.9,38.95,25000
2024-06-12,38.85,38.85,39.15,38.85,38.95,11000
2024-06-13,38.85,38.85,38.85,38.65,38.8,18000
2024-06-14,38.95,38.95,39.25,38.9,38.95,21000
2024-06-17,39.0,39.0,39.0,38.95,39.0,9000
2024-06-18,39.2,39.2,39.5,39.2,39.45,9000
2024-06-19,39.6,39.6,39.6,39.35,39.45,18000
2024-06-20,39.05,39.05,39.9,38.85,39.6,12000
2024-06-21,39.0,39.0,39.2,38.85,38.9,21000
2024-06-24,39.3,39.3,39.3,38.95,39.0,16000
2024-06-25,38.9,38.9,39.3,38.9,39.3,33000
2024-06-26,39.2,39.2,39.8,39.0,39.5,27000
2024-06-27,38.9,38.9,39.4,38.9,39.4,12000
2024-06-28,39.0,39.0,39.0,38.8,38.9,9000
2024-07-01,39.1,39.1,39.35,39.0,39.0,16000
2024-07-02,38.85,38.85,39.2,38.85,39.2,21000
2024-07-03,38.9,38.9,39.0,38.85,39.0,13000
2024-07-04,39.2,39.2,39.2,38.9,38.9,7000
2024-07-05,39.6,39.6,39.8,39.0,39.0,11000
2024-07-08,39.6,39.6,40.05,39.2,40.05,14000
2024-07-09,39.6,39.6,39.85,39.45,39.6,11000
2024-07-10,39.7,39.7,40.15,39.65,39.65,54000
2024-07-11,40.05,40.05,40.5,39.7,39.7,42000
2024-07-12,40.05,40.05,40.1,38.85,40.1,31000
2024-07-15,39.75,39.75,40.1,39.6,40.05,46000
2024-07-16,38.6,38.6,39.3,38.1,38.85,32000
2024-07-17,38.7,38.7,39.6,38.7,38.8,69000
2024-07-18,38.8,38.8,39.85,38.05,38.65,71000
2024-07-19,38.75,38.75,39.25,38.4,39.1,15000
2024-07-22,38.8,38.8,39.05,38.5,39.05,35000
2024-07-23,38.8,38.8,38.8,38.3,38.3,3000
2024-07-26,38.25,38.25,38.8,38.25,38.8,2000
2024-07-29,38.3,38.3,38.4,37.6,38.35,22000
2024-07-30,38.15,38.15,38.3,37.9,38.3,17000
2024-07-31,38.2,38.2,38.2,37.7,37.7,3000
2024-08-01,38.3,38.3,38.3,38.25,38.25,4000
2024-08-05,36.85,36.85,37.0,35.35,37.0,9000
2024-08-06,37.0,37.0,37.0,35.65,35.8,13000
2024-08-07,38.5,38.5,39.4,37.0,37.0,16000
2024-08-08,38.25,38.25,38.25,37.3,38.25,13000
2024-08-09,38.35,38.35,38.6,37.75,37.75,5000
2024-08-12,38.3,38.3,38.75,38.3,38.35,24000
2024-08-13,37.9,37.9,38.3,37.8,38.3,23000
2024-08-14,37.8,37.8,37.9,37.6,37.9,12000
2024-08-15,37.55,37.55,37.8,37.5,37.75,12000
2024-08-16,37.85,37.85,37.85,36.95,37.5,13000
2024-08-19,38.1,38.1,38.1,36.7,36.7,7000
2024-08-20,38.25,38.25,38.4,37.8,37.8,224000
2024-08-21,40.0,40.0,40.45,38.1,38.1,221000
2024-08-22,44.0,44.0,44.0,39.95,40.05,460000
2024-08-23,48.4,48.4,48.4,45.2,47.0,499000
2024-08-26,50.6,50.6,53.2,50.0,53.2,1141000
2024-08-27,53.0,53.0,53.2,49.0,50.6,862000
2024-08-28,54.0,54.0,54.0,51.6,53.5,457000
2024-08-29,59.4,59.4,59.4,53.8,53.9,605000
2024-08-30,56.2,56.2,59.9,56.0,59.0,373000
2024-09-02,57.2,57.2,59.8,56.8,56.8,206000
2024-09-03,60.3,60.3,62.9,58.1,58.1,379000
2024-09-04,61.0,61.0,62.0,56.8,56.8,236000
2024-09-05,61.9,61.9,64.9,61.1,61.6,449000
2024-09-06,62.5,62.5,63.8,61.8,62.0,228000
2024-09-09,56.3,56.3,58.7,56.3,58.0,295000
2024-09-10,51.7,51.7,56.0,50.7,56.0,377000
2024-09-11,48.5,48.5,51.5,48.5,50.7,418000
2024-09-12,45.85,45.85,51.2,45.55,48.5,956000
2024-09-13,47.3,47.3,48.15,44.5,46.3,721000
2024-09-16,46.5,46.5,47.5,46.3,47.35,210000
2024-09-18,46.55,46.55,48.45,46.35,47.0,355000
2024-09-19,48.6,48.6,49.3,46.65,47.15,317000
2024-09-20,50.8,50.8,51.9,47.65,49.05,650000
2024-09-23,49.15,49.15,51.8,49.15,50.8,268000
2024-09-24,47.75,47.75,49.15,47.0,49.15,188000
2024-09-25,46.8,46.8,48.6,46.8,48.6,88000
2024-09-26,46.4,46.4,47.8,46.4,46.95,67000
2024-09-27,46.8,46.8,48.0,46.6,46.6,63000
2024-09-30,48.0,48.0,48.55,46.4,46.8,114000
2024-10-01,47.2,47.2,48.45,47.1,48.25,98000
2024-10-04,45.8,45.8,47.2,45.3,47.2,103000
2024-10-07,46.0,46.0,46.45,44.9,45.6,117000
2024-10-08,47.0,47.0,47.9,46.0,46.0,48000
2024-10-09,46.0,46.0,46.65,45.7,46.45,88000
2024-10-11,41.4,41.4,45.0,41.4,45.0,246000
2024-10-14,42.95,42.95,43.2,40.0,40.7,132000
2024-10-15,42.5,42.5,43.0,42.15,42.95,11000
2024-10-16,42.45,42.45,42.5,42.2,42.5,9000
2024-10-17,41.2,41.2,42.45,40.05,42.45,53000
2024-10-18,41.6,41.6,42.3,41.35,41.7,18000
2024-10-21,41.9,41.9,42.25,40.85,42.25,23000
2024-10-22,42.2,42.2,42.5,41.0,41.2,42000
2024-10-23,42.9,42.9,45.2,42.6,42.6,175000
2024-10-24,44.1,44.1,45.2,43.5,43.7,125000
2024-10-25,44.0,44.0,45.4,44.0,44.25,134000
2024-10-28,42.1,42.1,44.15,42.05,44.15,76000
2024-10-29,41.6,41.6,42.0,41.2,42.0,59000
2024-10-30,45.75,45.75,45.75,41.35,41.35,71000
2024-11-01,43.8,43.8,47.7,43.65,47.7,298000
2024-11-04,42.55,42.55,43.9,42.5,43.9,93000
2024-11-05,41.65,41.65,42.6,41.5,42.6,29000
2024-11-06,41.7,41.7,42.0,41.7,41.8,20000
2024-11-07,42.4,42.4,42.85,41.9,42.0,20000
2024-11-08,41.75,41.75,43.0,41.6,43.0,11000
2024-11-11,41.3,41.3,41.9,41.3,41.75,20000
2024-11-12,40.1,40.1,41.1,39.9,41.1,33000
2024-11-13,40.0,40.0,40.85,40.0,40.1,15000
2024-11-14,39.5,39.5,41.55,39.5,41.55,11000
2024-11-15,39.45,39.45,39.45,38.85,38.85,6000
2024-11-18,38.6,38.6,39.45,38.6,39.45,23000
2024-11-19,39.6,39.6,39.9,39.0,39.0,9000
2024-11-20,39.8,39.8,40.0,39.8,39.95,9000
2024-11-21,39.1,39.1,39.8,38.75,39.15,22000
2024-11-22,39.8,39.8,41.1,39.8,39.8,8000
2024-11-25,40.45,40.45,41.6,39.9,41.6,18000
2024-11-26,41.6,41.6,41.6,41.1,41.1,12000
2024-11-27,39.65,39.65,40.8,39.3,40.8,22000
2024-11-28,39.55,39.55,39.65,39.55,39.65,9000
2024-11-29,39.5,39.5,39.55,39.5,39.55,7000
2024-12-02,39.25,39.25,40.0,39.0,39.5,20000
2024-12-03,39.3,39.3,40.3,39.25,40.0,20000
2024-12-04,39.1,39.1,39.6,39.0,39.25,29000
2024-12-05,39.1,39.1,39.6,39.1,39.2,25000
2024-12-06,39.3,39.3,39.8,39.0,39.55,18000
2024-12-09,39.3,39.3,39.5,39.1,39.5,10000
2024-12-10,38.85,38.85,40.4,38.8,40.4,17000
2024-12-11,38.95,38.95,39.15,38.05,38.75,26000
2024-12-12,38.25,38.25,38.9,37.05,38.8,57000
2024-12-13,36.85,36.85,38.6,36.4,37.1,76000
2024-12-16,36.8,36.8,37.75,36.75,37.75,47000
2024-12-17,35.8,35.8,37.05,35.8,35.95,46000
2024-12-18,33.5,33.5,35.8,33.1,35.8,166000
2024-12-19,33.95,33.95,34.0,33.3,34.0,23000
2024-12-20,33.7,33.7,34.15,33.7,34.15,18000
2024-12-23,34.0,34.0,34.0,33.7,33.7,14000
2024-12-24,33.6,33.6,34.2,33.6,33.9,24000
2024-12-25,34.0,34.0,34.0,33.5,33.55,11000
2024-12-26,34.65,34.65,34.9,34.4,34.9,14000
2024-12-27,34.65,34.65,34.75,34.1,34.6,17000
2024-12-30,34.65,34.65,35.0,34.6,35.0,15000
2024-12-31,34.85,34.85,35.6,34.7,35.6,17000
2025-01-02,34.85,34.85,35.4,34.85,35.4,2000
2025-01-03,34.3,34.3,34.55,34.3,34.5,9000
2025-01-06,34.4,34.4,34.7,33.9,34.0,12000
2025-01-07,34.55,34.55,35.6,34.35,34.4,27000
2025-01-08,34.6,34.6,35.5,34.6,35.5,6000
2025-01-09,34.1,34.1,34.7,34.1,34.25,15000
2025-01-10,32.65,32.65,35.0,30.9,35.0,121000
2025-01-13,32.9,32.9,33.8,32.5,33.3,11000
2025-01-14,32.9,32.9,34.0,32.05,34.0,12000
2025-01-15,32.95,32.95,33.4,32.4,33.1,12000
2025-01-16,33.5,33.5,33.75,33.0,33.7,9000
2025-01-17,34.5,34.5,34.9,33.0,33.5,13000
2025-01-20,34.7,34.7,35.35,34.1,35.3,15000
2025-01-21,34.9,34.9,35.5,34.1,35.5,5000
2025-01-22,34.95,34.95,35.0,34.45,34.5,15000
2025-02-03,34.5,34.5,35.7,34.5,35.7,11000
2025-02-04,35.0,35.0,35.3,34.3,35.3,7000
2025-02-05,35.0,35.0,35.3,35.0,35.2,8000
2025-02-06,35.6,35.6,35.9,35.6,35.9,2000
2025-02-07,35.4,35.4,35.5,34.9,34.9,4000
2025-02-10,38.0,38.0,38.6,36.0,36.0,743000
2025-02-11,37.85,37.85,38.2,37.85,37.9,41000
2025-02-12,37.7,37.7,38.9,37.6,38.9,100000
2025-02-13,37.9,37.9,40.8,37.1,39.0,443000
2025-02-14,38.2,38.2,38.35,37.9,38.0,32000
2025-02-17,38.05,38.05,38.4,38.05,38.2,31000
2025-02-18,37.6,37.6,38.05,37.4,38.05,21000
2025-02-19,37.8,37.8,37.8,37.0,37.6,46000
2025-02-20,37.3,37.3,37.5,37.3,37.5,29000
2025-02-21,37.1,37.1,37.3,36.9,37.3,15000
2025-02-24,37.1,37.1,37.1,37.1,37.1,3000
2025-02-25,37.0,37.0,37.1,36.8,37.1,9000
2025-02-26,36.5,36.5,36.9,36.5,36.6,17000
2025-02-27,36.5,36.5,36.65,36.1,36.5,14000
2025-03-03,37.25,37.25,37.5,36.2,36.5,26000
2025-03-04,38.55,38.55,40.45,37.25,37.25,459000
2025-03-05,37.5,37.5,38.55,37.45,38.55,50000
2025-03-06,37.3,37.3,37.6,37.0,37.55,29000
2025-03-07,37.05,37.05,37.3,37.05,37.1,7000
2025-03-10,35.9,35.9,36.9,35.9,36.9,85000
2025-03-11,35.4,35.4,35.6,35.0,35.6,20000
2025-03-12,36.75,36.75,36.85,35.0,35.4,11000
2025-03-13,35.45,35.45,35.95,35.2,35.95,10000
2025-03-17,35.5,35.5,35.7,35.05,35.4,16000
2025-03-18,36.0,36.0,36.3,36.0,36.3,2000
2025-03-19,36.0,36.0,36.35,36.0,36.0,27000
2025-03-20,36.65,36.65,37.0,36.4,36.4,14000
2025-03-21,36.8,36.8,37.2,36.05,36.45,19000
2025-03-24,36.6,36.6,37.8,36.6,37.8,5000
2025-03-25,36.7,36.7,36.7,36.6,36.6,3000
2025-03-27,36.5,36.5,37.55,36.35,37.55,3000
2025-03-28,35.35,35.35,36.1,35.15,36.1,9000
2025-03-31,34.65,34.65,36.4,34.15,35.35,11000
2025-04-01,35.3,35.3,35.7,34.6,35.7,3000
2025-04-02,35.8,35.8,35.8,35.8,35.8,1000
2025-04-07,32.25,32.25,32.25,32.25,32.25,7000
2025-04-08,29.05,29.05,29.1,29.05,29.05,60000
2025-04-09,26.15,26.15,30.0,26.15,30.0,997000
2025-04-10,25.7,25.7,28.7,24.7,28.7,2780000
2025-04-11,23.3,23.3,25.05,23.15,25.05,2912000
2025-04-14,24.7,24.7,24.8,23.6,23.6,813000
2025-04-15,26.3,26.3,26.35,25.2,25.25,716000
2025-04-16,26.1,26.1,26.9,25.75,26.3,287000
2025-04-17,26.35,26.35,26.8,25.6,25.9,442000
2025-04-18,26.2,26.2,26.55,26.0,26.15,113000
2025-04-21,25.6,25.6,27.1,25.5,27.05,322000
2025-04-22,24.7,24.7,25.9,24.7,25.2,234000
2025-04-23,25.3,25.3,26.0,25.2,25.45,184000
2025-04-24,25.4,25.4,25.7,25.35,25.6,85000
2025-04-25,25.55,25.55,26.05,25.4,26.05,113000
2025-04-28,26.1,26.1,26.2,25.55,25.6,119000
2025-04-29,26.45,26.45,26.45,26.05,26.25,152000
2025-04-30,27.1,27.1,28.35,26.5,26.5,346000
2025-05-02,27.25,27.25,27.8,27.15,27.55,221000
2025-05-05,26.15,26.15,27.4,25.8,27.4,296000
2025-05-06,26.2,26.2,26.4,26.1,26.1,57000
2025-05-07,25.9,25.9,26.1,25.5,26.05,161000
2025-05-08,26.2,26.2,26.35,26.0,26.0,110000
2025-05-09,26.3,26.3,26.45,26.15,26.4,29000
2025-05-12,26.8,26.8,27.0,26.35,26.5,164000
2025-05-13,26.85,26.85,27.3,26.5,27.25,206000
2025-05-14,26.95,26.95,27.1,26.8,26.85,136000
2025-05-15,27.0,27.0,27.1,26.8,27.0,133000
2025-05-16,26.95,26.95,27.4,26.9,27.0,126000
2025-05-19,26.4,26.4,26.95,26.4,26.95,190000
2025-05-20,26.25,26.25,26.6,26.25,26.45,28000
2025-05-21,26.3,26.3,26.35,26.05,26.25,66000
2025-05-22,26.2,26.2,26.35,26.1,26.3,36000
2025-05-23,26.2,26.2,26.65,26.2,26.4,44000
2025-05-26,25.9,25.9,26.2,25.8,26.2,135000
2025-05-27,26.5,26.5,27.8,26.3,26.35,256000
2025-05-28,26.85,26.85,28.05,26.75,27.2,289000
2025-05-29,27.0,27.0,27.45,26.85,27.05,93000
2025-06-02,26.1,26.1,26.95,26.0,26.95,153000
2025-06-03,26.7,26.7,26.8,26.15,26.15,61000
2025-06-04,27.1,27.1,27.25,26.55,26.55,84000
2025-06-05,27.7,27.7,27.8,27.15,27.15,127000
2025-06-06,27.3,27.3,27.95,27.3,27.7,104000
2025-06-09,26.35,26.35,27.9,26.3,27.7,275000
2025-06-10,26.45,26.45,26.6,26.05,26.35,43000
2025-06-11,26.8,26.8,26.8,26.45,26.55,53000
2025-06-12,26.8,26.8,27.0,26.8,26.8,9000
2025-06-13,26.35,26.35,26.6,26.35,26.6,47000
2025-06-16,26.3,26.3,26.6,26.2,26.25,21000
2025-06-17,25.8,25.8,26.7,25.8,26.7,63000
2025-06-18,25.85,25.85,26.15,25.8,26.1,54000
2025-06-19,25.5,25.5,25.85,25.25,25.85,77000
2025-06-20,25.2,25.2,25.55,25.0,25.5,143000
2025-06-23,25.15,25.15,25.45,24.5,24.95,38000
2025-06-24,25.8,25.8,25.85,25.4,25.4,23000
2025-06-25,25.95,25.95,25.95,25.45,25.75,66000
2025-06-26,26.1,26.1,26.15,25.8,26.0,35000
2025-06-27,26.5,26.5,26.5,25.85,26.1,35000
2025-06-30,25.65,25.65,26.5,25.65,26.5,32000
2025-07-01,25.7,25.7,26.35,25.7,26.35,26000
2025-07-02,26.25,26.25,26.3,25.7,25.8,27000
2025-07-03,26.65,26.65,26.95,26.25,26.95,26000
2025-07-04,26.95,26.95,26.95,26.0,26.4,59000
2025-07-07,26.15,26.15,27.0,26.15,26.95,233000
2025-07-08,26.15,26.15,26.3,26.05,26.15,63000
2025-07-09,26.3,26.3,26.7,26.0,26.7,24000
2025-07-10,26.1,26.1,26.5,26.05,26.4,40000
2025-07-11,26.0,26.0,26.25,26.0,26.1,49000
2025-07-14,25.65,25.65,26.05,25.5,26.05,202000
2025-07-15,25.65,25.65,26.0,25.65,25.9,61000
2025-07-16,25.9,25.9,26.25,25.65,25.65,110000
2025-07-17,26.05,26.05,26.3,25.9,25.95,28000
2025-07-18,25.85,25.85,26.1,25.85,26.1,45000
2025-07-21,25.75,25.75,26.0,25.75,26.0,25000
2025-07-22,25.55,25.55,25.8,25.55,25.7,53000
2025-07-23,25.75,25.75,25.9,25.6,25.85,26000
2025-07-24,25.85,25.85,25.85,25.7,25.75,26000
2025-07-25,25.7,25.7,25.9,25.7,25.85,29000
2025-07-28,26.05,26.05,26.15,25.8,25.8,132000
2025-07-29,25.9,25.9,26.1,25.9,26.1,34000
2025-07-30,25.8,25.8,25.95,25.65,25.8,58000
2025-07-31,25.55,25.55,25.85,25.5,25.7,96000
2025-08-01,25.55,25.55,25.7,25.1,25.1,55000
2025-08-04,25.7,25.7,26.0,25.6,25.95,25000
2025-08-05,25.65,25.65,25.75,25.65,25.7,36000
2025-08-06,25.9,25.9,26.2,25.65,25.9,62000
2025-08-07,26.0,26.0,26.3,25.9,26.05,74000
2025-08-08,26.05,26.05,26.3,26.0,26.3,66000
2025-08-11,25.9,25.9,26.05,25.55,26.05,43000
2025-08-12,25.7,25.7,25.9,25.5,25.9,74000
2025-08-13,25.7,25.7,26.4,25.1,25.75,138000
2025-08-14,25.85,25.85,25.95,25.75,25.85,71000
2025-08-15,25.8,25.8,25.9,25.7,25.8,68000
2025-08-18,26.1,26.1,26.2,25.8,25.8,77000
2025-08-19,25.95,25.95,26.05,25.9,26.05,75000
2025-08-20,25.8,25.8,26.05,25.75,25.95,49000
2025-08-21,26.1,26.1,26.25,25.8,25.8,77000
2025-08-22,26.05,26.05,26.35,26.05,26.3,90000
2025-08-25,26.65,26.65,26.65,26.1,26.4,241000
2025-08-26,24.05,24.05,24.2,24.0,24.1,107000
2025-08-27,24.05,24.05,24.1,24.0,24.0,44000
2025-08-28,24.05,24.05,24.15,23.8,23.95,66000
2025-08-29,23.75,23.75,24.05,23.65,24.05,83000
2025-09-01,22.95,22.95,23.65,22.95,23.55,114000
2025-09-02,22.85,22.85,23.25,22.8,23.0,54000
2025-09-03,23.3,23.3,23.8,23.25,23.25,77000
2025-09-04,23.1,23.1,23.4,23.1,23.35,78000
2025-09-05,22.95,22.95,23.1,22.9,23.1,40000
2025-09-08,22.85,22.85,23.0,22.8,22.85,77000
2025-09-09,22.8,22.8,23.6,22.75,23.6,37000
2025-09-10,22.35,22.35,22.9,22.3,22.6,79000
2025-09-11,22.15,22.15,22.7,22.1,22.35,46000
2025-09-12,22.2,22.2,22.5,22.1,22.15,29000
2025-09-15,22.0,22.0,22.2,22.0,22.2,24000
2025-09-16,22.15,22.15,22.15,21.9,21.95,45000
2025-09-17,22.0,22.0,22.35,21.85,22.35,40000
2025-09-18,22.0,22.0,22.15,21.85,21.9,55000
2025-09-19,22.0,22.0,22.1,21.85,21.9,33000
2025-09-22,22.0,22.0,22.25,21.95,22.0,64000
2025-09-23,21.75,21.75,22.0,21.5,22.0,56000
2025-09-24,22.0,22.0,22.0,21.55,21.6,29000
2025-09-25,22.2,22.2,22.25,21.85,22.05,22000
2025-09-26,21.85,21.85,22.25,21.85,22.25,44000
2025-09-30,22.0,22.0,22.05,21.8,21.8,32000
2025-10-01,22.4,22.4,22.4,21.85,22.0,22000
2025-10-02,22.4,22.4,22.6,22.2,22.4,42000
2025-10-03,22.35,22.35,22.6,21.95,22.6,65000
2025-10-07,21.95,21.95,22.35,21.85,22.35,72000
2025-10-08,21.85,21.85,21.95,21.6,21.95,108000
2025-10-09,21.7,21.7,21.85,21.5,21.7,205000
2025-10-13,21.8,21.8,21.8,21.3,21.7,45000
2025-10-14,21.95,21.95,22.75,21.8,22.75,111000
2025-10-15,21.9,21.9,22.0,21.7,22.0,22000
2025-10-16,21.9,21.9,21.9,21.75,21.9,18000
2025-10-17,21.9,21.9,22.15,21.9,21.9,36000
2025-10-20,21.9,21.9,21.9,21.85,21.9,35000
2025-10-21,21.9,21.9,23.0,21.9,22.0,981000
2025-10-22,21.95,21.95,22.1,21.85,22.0,239000
2025-10-23,21.7,21.7,22.0,21.7,21.9,106000
2025-10-27,21.95,21.95,22.2,21.75,21.8,188000
2025-10-28,24.1,24.1,24.1,22.05,22.05,1954000
2025-10-29,26.5,26.5,26.5,25.15,25.9,3712000
2025-10-30,24.95,24.95,26.35,24.75,26.3,1578000
2025-10-31,24.1,24.1,24.95,24.05,24.95,437000
2025-11-03,23.7,23.7,25.5,23.4,24.3,516000
2025-11-04,22.85,22.85,23.65,22.8,23.55,254000
2025-11-05,23.0,23.0,23.65,22.3,22.6,169000
2025-11-06,22.5,22.5,23.0,22.0,23.0,507000
2025-11-07,22.2,22.2,22.8,22.15,22.3,135000
2025-11-10,21.65,21.65,22.25,21.5,22.25,238000
2025-11-11,21.65,21.65,22.25,21.4,21.5,220000
2025-11-12,21.85,21.85,22.0,21.65,21.75,95000
2025-11-13,21.75,21.75,22.65,21.65,22.05,158000
2025-11-14,21.65,21.65,21.95,21.65,21.75,80000
2025-11-17,21.35,21.35,21.75,21.15,21.6,222000
2025-11-18,21.25,21.25,21.5,21.2,21.4,97000
2025-11-19,20.95,20.95,21.15,20.9,21.1,155000
2025-11-20,21.0,21.0,21.2,20.6,21.15,132000
2025-11-21,20.65,20.65,21.25,20.65,20.95,88000
2025-11-24,20.8,20.8,21.35,20.4,20.65,81000
2025-11-25,21.2,21.2,21.3,20.85,20.9,43000
2025-11-26,21.35,21.35,21.5,21.2,21.2,56000
2025-11-27,21.05,21.05,21.3,21.0,21.0,27000
2025-11-28,21.2,21.2,21.5,21.15,21.5,68000
2025-12-01,20.95,20.95,21.2,20.95,21.2,40000
2025-12-02,21.2,21.2,21.6,20.9,20.9,44000
2025-12-03,20.8,20.8,21.05,20.8,20.8,115000
2025-12-04,20.8,20.8,20.85,20.7,20.8,84000
2025-12-05,20.9,20.9,21.05,20.9,21.0,60000
2025-12-08,20.85,20.85,20.95,20.8,20.9,27000
2025-12-09,20.5,20.5,21.35,20.5,21.0,128000
2025-12-10,20.7,20.7,20.8,20.7,20.75,50000
2025-12-11,20.85,20.85,21.05,20.7,20.7,38000
2025-12-12,20.85,20.85,21.25,20.7,20.7,40000
2025-12-15,20.9,20.9,21.15,20.9,21.15,20000
2025-12-16,20.8,20.8,21.0,20.7,20.75,23000
2025-12-17,20.9,20.9,21.15,20.7,20.7,23000
2025-12-18,21.3,21.3,21.5,21.1,21.4,72000
2025-12-19,20.8,20.8,21.65,20.8,21.6,68000
2025-12-22,21.15,21.15,21.2,20.95,21.2,25000
2025-12-23,21.0,21.0,21.15,20.95,21.1,61000
2025-12-24,20.95,20.95,21.0,20.8,21.0,37000
2025-12-26,20.95,20.95,21.1,20.9,20.95,51000
2025-12-29,20.95,20.95,21.0,20.95,21.0,33000
2025-12-30,21.0,21.0,21.0,20.7,20.95,30000
2025-12-31,21.0,21.0,21.0,20.85,20.9,18000
2026-01-02,20.95,20.95,21.5,20.9,21.5,53000
2026-01-05,21.95,21.95,23.0,21.5,21.6,1090000
2026-01-06,23.25,23.25,23.5,22.15,22.15,985000
2026-01-07,23.35,23.35,24.0,23.0,23.65,510000
2026-01-08,22.75,22.75,23.35,22.6,23.35,173000
2026-01-09,22.65,22.65,23.15,22.4,22.75,131000
2026-01-12,22.55,22.55,23.5,22.55,23.0,319000
2026-01-13,22.5,22.5,22.9,21.9,22.9,105000
2026-01-14,22.65,22.65,22.85,22.4,22.5,149000
2026-01-15,22.6,22.6,23.0,22.55,22.65,78000
2026-01-16,22.6,22.6,22.65,22.5,22.65,81000
2026-01-19,22.45,22.45,22.9,22.45,22.9,117000
2026-01-20,22.5,22.5,22.6,22.35,22.45,108000
2026-01-21,22.5,22.5,22.7,22.2,22.2,241000
2026-01-22,22.6,22.6,23.15,22.6,22.8,92000
2026-01-23,22.55,22.55,22.8,22.55,22.7,56000
2026-01-26,22.45,22.45,22.55,22.35,22.35,81000
2026-01-27,22.35,22.35,22.5,22.3,22.4,94000
2026-01-28,22.25,22.25,22.35,22.2,22.35,129000
2026-01-29,22.2,22.2,22.4,22.15,22.2,74000
2026-01-30,21.85,21.85,22.55,21.85,22.5,122000
2026-02-02,21.25,21.25,21.8,21.25,21.8,160000
2026-02-03,21.0,21.0,21.45,20.85,21.45,256000
2026-02-04,21.9,21.9,21.9,21.4,21.45,49000
2026-02-05,21.5,21.5,22.05,21.4,21.85,41000
2026-02-06,21.75,21.75,21.75,21.1,21.2,27000
2026-02-09,21.6,21.6,21.85,21.5,21.75,46000
2026-02-10,21.6,21.6,21.75,21.55,21.6,22000
2026-02-11,21.65,21.65,21.95,21.5,21.6,32000
2026-02-23,21.8,21.8,22.0,21.65,21.7,20000
2026-02-24,22.25,22.25,22.4,22.1,22.25,98000
2026-02-25,22.3,22.3,22.35,22.15,22.35,88000
2026-02-26,22.4,22.4,22.4,22.2,22.3,78000
2026-03-02,23.45,23.45,23.55,22.4,22.45,173000
2026-03-03,23.25,23.25,24.2,23.25,24.0,209000
2026-03-04,22.85,22.85,23.5,22.55,22.75,87000
2026-03-05,23.1,23.1,23.2,22.7,23.0,137000
2026-03-06,23.0,23.0,23.1,22.85,23.1,63000
2026-03-09,21.85,21.85,22.75,21.8,22.75,122000
2026-03-10,22.5,22.5,22.55,22.0,22.05,33000
2026-03-11,22.55,22.55,23.2,22.35,23.2,57000
2026-03-12,22.7,22.7,23.0,22.25,23.0,63000
2026-03-13,22.4,22.4,22.9,22.35,22.35,52000
2026-03-16,22.3,22.3,22.6,22.15,22.15,30000
2026-03-17,24.5,24.5,24.5,22.3,22.3,618000
2026-03-18,26.95,26.95,26.95,25.15,25.5,1885000
2026-03-19,27.35,27.35,29.15,27.05,27.15,2710000
2026-03-20,26.15,26.15,27.55,25.65,27.55,927000
2026-03-23,25.3,25.3,25.55,24.05,25.5,447000
2026-03-24,24.95,24.95,26.4,24.3,26.4,447000
2026-03-25,27.4,27.4,27.4,26.0,26.0,434000
2026-03-26,29.25,29.25,30.1,28.2,29.7,2513000
2026-03-27,32.15,32.15,32.15,28.45,28.8,2719000
2026-03-30,35.35,35.35,35.35,31.45,31.65,3793000
2026-03-31,37.4,37.4,38.85,36.3,36.4,4938000
2026-04-01,37.0,37.0,41.05,36.75,38.5,5564000
2026-04-02,40.7,40.7,40.7,37.1,37.1,1702000
2026-04-07,44.75,44.75,44.75,42.75,44.4,1138000
2026-04-08,45.85,45.85,47.0,43.05,44.5,1263000
2026-04-09,46.85,46.85,46.95,44.7,44.7,455000
2026-04-10,51.5,51.5,51.5,48.0,50.0,457000
2026-04-13,55.0,55.0,56.6,51.0,51.0,720000
2026-04-14,54.2,54.2,58.0,52.6,55.6,520000
2026-04-15,52.1,52.1,55.5,51.8,55.5,366000
2026-04-16,57.0,57.0,57.3,52.4,52.8,304000
2026-04-17,58.3,58.3,59.9,56.5,58.4,244000
2026-04-20,55.5,55.5,57.0,54.6,57.0,331000
2026-04-21,58.2,58.2,58.2,55.0,58.2,215000
2026-04-22,59.0,59.0,63.0,58.4,58.4,405000
2026-04-23,61.5,61.5,64.9,55.0,60.0,5128000
2026-04-24,55.4,55.4,67.5,55.4,67.5,3623000
2026-04-27,49.9,49.9,51.7,49.9,51.2,1150000
2026-04-28,54.8,54.8,54.8,48.65,48.65,2798000
2026-04-29,54.5,54.5,57.2,53.1,54.8,1890000
2026-04-30,52.6,52.6,55.3,52.6,53.8,942000
2026-05-04,52.3,52.3,54.5,49.25,53.4,1352000
2026-05-05,57.5,57.5,57.5,53.3,53.3,2000000
2026-05-06,63.2,63.2,63.2,56.3,59.0,4445000
2026-05-07,62.4,62.4,67.8,61.5,63.5,3918000
2026-05-08,61.6,61.6,64.6,56.6,62.8,1751000
2026-05-11,61.6,61.6,63.9,60.9,62.2,1704000
2026-05-12,65.2,65.2,67.0,59.2,61.4,2604000
2026-05-13,64.4,64.4,68.9,63.2,65.4,2813000
2026-05-14,64.4,64.4,66.0,63.1,65.0,1311000
2026-05-15,58.2,58.2,65.0,58.1,64.4,1852000
2026-05-18,58.6,58.6,59.0,55.5,58.0,762000
2026-05-19,55.1,55.1,59.3,54.4,57.7,688000
2026-05-20,53.5,53.5,55.9,52.0,55.2,837000
2026-05-21,58.8,58.8,58.8,53.9,54.5,958000
2026-05-22,62.8,62.8,63.3,59.6,60.3,1849000
2026-05-25,63.7,63.7,66.6,63.0,63.5,2437000
2026-05-26,63.5,63.5,64.7,61.8,63.7,1165000
2026-05-27,62.6,62.6,63.5,61.0,63.5,899000
2026-05-28,61.9,61.9,64.4,61.2,62.6,931000
2026-05-29,60.0,60.0,63.4,59.4,62.7,909000
2026-06-01,59.3,59.3,61.9,59.3,60.8,436000
2026-06-02,58.9,58.9,59.4,55.7,59.4,1047000
2026-06-03,58.0,58.0,59.2,56.7,58.9,598000
2026-06-04,63.8,63.8,63.8,57.9,59.8,2415000
2026-06-05,62.9,62.9,68.3,61.6,63.6,3632000
2026-06-08,69.1,69.1,69.1,56.8,56.9,2544000
2026-06-09,76.0,76.0,76.0,73.0,73.0,1944000
2026-06-10,80.9,80.9,83.6,77.0,80.7,5287000
2026-06-11,81.0,81.0,86.6,77.1,86.6,3515000
2026-06-12,78.0,78.0,85.0,78.0,81.1,1402000
2026-06-15,74.5,74.5,82.8,74.2,79.6,1219000
2026-06-16,72.5,72.5,75.3,71.3,74.6,905000
2026-06-17,71.7,71.7,74.4,71.3,71.3,485000
2026-06-18,64.6,64.6,71.7,64.6,71.5,4093000
2026-06-22,63.1,63.1,65.9,62.9,65.4,1088000
2026-06-23,61.4,61.4,64.3,59.4,63.5,908000
2026-06-24,61.7,61.7,62.2,59.6,60.4,723000
2026-06-25,59.8,59.8,63.1,59.4,62.0,665000
2026-06-26,56.4,56.4,60.1,56.4,59.2,494000
2026-06-29,55.9,55.9,58.2,55.7,57.0,492000
2026-06-30,56.0,56.0,56.6,55.5,56.6,323000
2026-07-01,56.1,56.1,58.2,55.2,57.0,474000
2026-07-02,61.7,61.7,61.7,54.4,56.2,957000
2026-07-03,59.0,59.0,62.4,58.2,61.3,1069000
2026-07-06,57.5,57.5,60.1,57.5,59.2,481000
2026-07-07,52.7,52.7,57.7,51.8,57.5,662000
2026-07-08,52.0,52.0,53.3,50.5,53.3,337000
2026-07-09,51.8,51.8,53.8,51.8,52.2,137000
2026-07-13,52.0,52.0,53.9,51.5,51.9,347000
2026-07-14,50.4,50.4,50.9,48.55,50.4,550000
2026-07-15,50.7,50.7,51.5,49.85,51.5,220000
2026-07-16,49.5,49.5,50.3,49.2,49.95,196000
2026-07-17,45.9,45.9,48.95,45.8,48.95,669000
2026-07-20,45.55,45.55,46.3,43.0,45.65,361000
2026-07-21,45.65,45.65,46.75,45.0,46.05,157000
2026-07-22,46.45,46.45,46.85,45.95,46.5,217000
2026-07-23,47.2,47.2,48.1,46.4,46.8,123000
2026-07-24,46.0,46.0,48.1,45.75,47.5,140000
2026-07-27,45.7,45.7,45.9,44.6,45.55,81000
2026-07-28,43.3,43.3,45.6,42.0,44.3,316000
2026-07-29,39.0,39.0,44.45,39.0,44.45,494000
2026-07-30,38.45,38.45,39.85,35.75,36.5,407000
2026-07-31,41.95,41.95,42.25,39.25,40.05,366000
2026-08-03,41.75,41.75,42.75,40.6,40.6,101000
2026-08-04,42.75,42.75,43.5,41.0,42.75,160000
2026-08-05,45.6,45.6,47.0,43.45,44.9,346000
2026-08-06,44.35,44.35,46.0,43.95,45.5,159000
2026-08-07,44.15,44.15,45.7,43.1,45.15,117000
2026-08-10,44.5,44.5,45.05,44.2,45.0,72000
2026-08-11,42.9,42.9,45.0,42.35,45.0,132000
2026-08-12,44.1,44.1,44.5,43.45,43.55,76000
2026-08-13,43.8,43.8,44.8,42.6,44.55,98000
2026-08-14,43.0,43.0,44.2,42.95,44.2,84000
2026-08-17,43.55,43.55,43.9,42.95,43.15,53000
2026-08-18,43.5,43.5,43.75,42.55,43.75,52000
2026-08-19,41.55,41.55,42.85,41.55,42.35,42000
2026-08-20,41.65,41.65,42.55,40.9,42.55,53000
2026-08-21,40.9,40.9,42.0,40.85,41.75,50000
2026-08-24,41.65,41.65,41.7,41.05,41.05,48799
2026-08-25,40.9,40.9,42.1,40.05,41.65,72011
2026-08-26,42.65,42.65,43.25,40.5,41.8,96769
2026-08-27,42.0,42.0,43.5,42.0,43.45,65428
2026-08-28,42.4,42.4,43.5,41.95,42.1,142687
2026-08-31,43.15,43.15,44.0,42.3,42.4,118761
2026-09-01,42.85,42.85,44.15,42.8,43.2,126005
2026-09-02,42.1,42.1,43.0,41.55,43.0,75735
2026-09-03,40.4,40.4,42.6,40.4,42.1,138391
2026-09-04,40.35,40.35,40.8,40.05,40.7,71632
2026-09-07,40.9,40.9,41.65,40.0,40.35,178909
2026-09-08,40.1,40.1,40.9,40.1,40.3,54557
2026-09-09,40.2,40.2,41.1,40.15,40.15,50646
2026-09-10,38.0,38.0,38.8,37.75,38.1,209571
2026-09-11,37.35,37.35,37.85,36.7,37.75,114525
