Date,Adj Close,Close,High,Low,Open,Volume
2016-08-12,256.0,256.0,267.5,256.0,261.5,265515
2016-08-15,256.0,256.0,267.5,256.0,261.5,265515
2016-08-16,256.0,256.0,267.5,256.0,261.5,265515
2016-08-17,256.0,256.0,267.5,256.0,261.5,265515
2016-08-18,256.0,256.0,267.5,256.0,261.5,265515
2016-08-19,256.0,256.0,267.5,256.0,261.5,265515
2016-08-22,256.0,256.0,267.5,256.0,261.5,265515
2016-08-23,256.0,256.0,267.5,256.0,261.5,265515
2016-08-24,256.0,256.0,267.5,256.0,261.5,265515
2016-08-25,256.0,256.0,267.5,256.0,261.5,265515
2016-08-26,256.0,256.0,267.5,256.0,261.5,265515
2016-08-29,256.0,256.0,267.5,256.0,261.5,265515
2016-08-30,256.0,256.0,267.5,256.0,261.5,265515
2016-08-31,256.0,256.0,267.5,256.0,261.5,265515
2016-09-01,256.0,256.0,267.5,256.0,261.5,265515
2016-09-02,256.0,256.0,267.5,256.0,261.5,265515
2016-09-05,256.0,256.0,267.5,256.0,261.5,265515
2016-09-06,256.0,256.0,267.5,256.0,261.5,265515
2016-09-07,256.0,256.0,267.5,256.0,261.5,265515
2016-09-08,256.0,256.0,267.5,256.0,261.5,265515
2016-09-09,256.0,256.0,267.5,256.0,261.5,265515
2016-09-12,256.0,256.0,267.5,256.0,261.5,265515
2016-09-13,256.0,256.0,267.5,256.0,261.5,265515
2016-09-14,256.0,256.0,267.5,256.0,261.5,265515
2016-09-19,256.0,256.0,267.5,256.0,261.5,265515
2016-09-20,256.0,256.0,267.5,256.0,261.5,265515
2016-09-21,256.0,256.0,267.5,256.0,261.5,265515
2016-09-22,256.0,256.0,267.5,256.0,261.5,265515
2016-09-23,256.0,256.0,267.5,256.0,261.5,265515
2016-09-26,256.0,256.0,267.5,256.0,261.5,265515
2016-09-29,256.0,256.0,267.5,256.0,261.5,265515
2016-09-30,256.0,256.0,267.5,256.0,261.5,265515
2016-10-03,256.0,256.0,267.5,256.0,261.5,265515
2016-10-04,256.0,256.0,267.5,256.0,261.5,265515
2016-10-05,256.0,256.0,267.5,256.0,261.5,265515
2016-10-06,256.0,256.0,267.5,256.0,261.5,265515
2016-10-07,256.0,256.0,267.5,256.0,261.5,265515
2016-10-11,256.0,256.0,267.5,256.0,261.5,265515
2016-10-12,256.0,256.0,267.5,256.0,261.5,265515
2016-10-13,256.0,256.0,267.5,256.0,261.5,265515
2016-10-14,256.0,256.0,267.5,256.0,261.5,265515
2016-10-17,256.0,256.0,267.5,256.0,261.5,265515
2016-10-18,256.0,256.0,267.5,256.0,261.5,265515
2016-10-19,256.0,256.0,267.5,256.0,261.5,265515
2016-10-20,256.0,256.0,267.5,256.0,261.5,265515
2016-10-21,256.0,256.0,267.5,256.0,261.5,265515
2016-10-24,256.0,256.0,267.5,256.0,261.5,265515
2016-10-25,256.0,256.0,267.5,256.0,261.5,265515
2016-10-26,256.0,256.0,267.5,256.0,261.5,265515
2016-10-27,256.0,256.0,267.5,256.0,261.5,265515
2016-10-28,256.0,256.0,267.5,256.0,261.5,265515
2016-10-31,256.0,256.0,267.5,256.0,261.5,265515
2016-11-01,256.0,256.0,267.5,256.0,261.5,265515
2016-11-02,256.0,256.0,267.5,256.0,261.5,265515
2016-11-03,256.0,256.0,267.5,256.0,261.5,265515
2016-11-04,256.0,256.0,267.5,256.0,261.5,265515
2016-11-07,256.0,256.0,267.5,256.0,261.5,265515
2016-11-08,256.0,256.0,267.5,256.0,261.5,265515
2016-11-09,256.0,256.0,267.5,256.0,261.5,265515
2016-11-10,256.0,256.0,267.5,256.0,261.5,265515
2016-11-11,256.0,256.0,267.5,256.0,261.5,265515
2016-11-14,256.0,256.0,267.5,256.0,261.5,265515
2016-11-15,256.0,256.0,267.5,256.0,261.5,265515
2016-11-16,256.0,256.0,267.5,256.0,261.5,265515
2016-11-17,256.0,256.0,267.5,256.0,261.5,265515
2016-11-18,256.0,256.0,267.5,256.0,261.5,265515
2016-11-21,256.0,256.0,267.5,256.0,261.5,265515
2016-11-22,256.0,256.0,267.5,256.0,261.5,265515
2016-11-23,256.0,256.0,267.5,256.0,261.5,265515
2016-11-24,256.0,256.0,267.5,256.0,261.5,265515
2016-11-25,256.0,256.0,267.5,256.0,261.5,265515
2016-11-28,256.0,256.0,267.5,256.0,261.5,265515
2016-11-29,256.0,256.0,267.5,256.0,261.5,265515
2016-11-30,256.0,256.0,267.5,256.0,261.5,265515
2016-12-01,256.0,256.0,267.5,256.0,261.5,265515
2016-12-02,256.0,256.0,267.5,256.0,261.5,265515
2016-12-05,256.0,256.0,267.5,256.0,261.5,265515
2016-12-06,256.0,256.0,267.5,256.0,261.5,265515
2016-12-07,256.0,256.0,267.5,256.0,261.5,265515
2016-12-08,256.0,256.0,267.5,256.0,261.5,265515
2016-12-09,256.0,256.0,267.5,256.0,261.5,265515
2016-12-12,256.0,256.0,267.5,256.0,261.5,265515
2016-12-13,256.0,256.0,267.5,256.0,261.5,265515
2016-12-14,256.0,256.0,267.5,256.0,261.5,265515
2016-12-15,256.0,256.0,267.5,256.0,261.5,265515
2016-12-16,256.0,256.0,267.5,256.0,261.5,265515
2016-12-19,256.0,256.0,267.5,256.0,261.5,265515
2016-12-20,256.0,256.0,267.5,256.0,261.5,265515
2016-12-21,256.0,256.0,267.5,256.0,261.5,265515
2016-12-22,256.0,256.0,267.5,256.0,261.5,265515
2016-12-23,256.0,256.0,267.5,256.0,261.5,265515
2016-12-26,256.0,256.0,267.5,256.0,261.5,265515
2016-12-27,256.0,256.0,267.5,256.0,261.5,265515
2016-12-28,256.0,256.0,267.5,256.0,261.5,265515
2016-12-29,256.0,256.0,267.5,256.0,261.5,265515
2016-12-30,256.0,256.0,267.5,256.0,261.5,265515
2017-01-03,256.0,256.0,267.5,256.0,261.5,265515
2017-01-04,256.0,256.0,267.5,256.0,261.5,265515
2017-01-05,256.0,256.0,267.5,256.0,261.5,265515
2017-01-06,256.0,256.0,267.5,256.0,261.5,265515
2017-01-09,256.0,256.0,267.5,256.0,261.5,265515
2017-01-10,256.0,256.0,267.5,256.0,261.5,265515
2017-01-11,256.0,256.0,267.5,256.0,261.5,265515
2017-01-12,256.0,256.0,267.5,256.0,261.5,265515
2017-01-13,256.0,256.0,267.5,256.0,261.5,265515
2017-01-16,256.0,256.0,267.5,256.0,261.5,265515
2017-01-17,256.0,256.0,267.5,256.0,261.5,265515
2017-01-18,256.0,256.0,267.5,256.0,261.5,265515
2017-01-19,256.0,256.0,267.5,256.0,261.5,265515
2017-01-20,256.0,256.0,267.5,256.0,261.5,265515
2017-01-23,256.0,256.0,267.5,256.0,261.5,265515
2017-01-24,256.0,256.0,267.5,256.0,261.5,265515
2017-02-02,256.0,256.0,267.5,256.0,261.5,265515
2017-02-03,256.0,256.0,267.5,256.0,261.5,265515
2017-02-06,256.0,256.0,267.5,256.0,261.5,265515
2017-02-07,256.0,256.0,267.5,256.0,261.5,265515
2017-02-08,256.0,256.0,267.5,256.0,261.5,265515
2017-02-09,256.0,256.0,267.5,256.0,261.5,265515
2017-02-10,256.0,256.0,267.5,256.0,261.5,265515
2017-02-13,256.0,256.0,267.5,256.0,261.5,265515
2017-02-14,256.0,256.0,267.5,256.0,261.5,265515
2017-02-15,256.0,256.0,267.5,256.0,261.5,265515
2017-02-16,256.0,256.0,267.5,256.0,261.5,265515
2017-02-17,256.0,256.0,267.5,256.0,261.5,265515
2017-02-20,256.0,256.0,267.5,256.0,261.5,265515
2017-02-21,256.0,256.0,267.5,256.0,261.5,265515
2017-02-22,256.0,256.0,267.5,256.0,261.5,265515
2017-02-23,256.0,256.0,267.5,256.0,261.5,265515
2017-02-24,256.0,256.0,267.5,256.0,261.5,265515
2017-03-01,256.0,256.0,267.5,256.0,261.5,265515
2017-03-02,256.0,256.0,267.5,256.0,261.5,265515
2017-03-03,256.0,256.0,267.5,256.0,261.5,265515
2017-03-06,256.0,256.0,267.5,256.0,261.5,265515
2017-03-07,256.0,256.0,267.5,256.0,261.5,265515
2017-03-08,256.0,256.0,267.5,256.0,261.5,265515
2017-03-09,256.0,256.0,267.5,256.0,261.5,265515
2017-03-10,256.0,256.0,267.5,256.0,261.5,265515
2017-03-13,256.0,256.0,267.5,256.0,261.5,265515
2017-03-14,256.0,256.0,267.5,256.0,261.5,265515
2017-03-15,256.0,256.0,267.5,256.0,261.5,265515
2017-03-16,256.0,256.0,267.5,256.0,261.5,265515
2017-03-17,256.0,256.0,267.5,256.0,261.5,265515
2017-03-20,256.0,256.0,267.5,256.0,261.5,265515
2017-03-21,256.0,256.0,267.5,256.0,261.5,265515
2017-03-22,256.0,256.0,267.5,256.0,261.5,265515
2017-03-23,256.0,256.0,267.5,256.0,261.5,265515
2017-03-24,256.0,256.0,267.5,256.0,261.5,265515
2017-03-27,256.0,256.0,267.5,256.0,261.5,265515
2017-03-28,256.0,256.0,267.5,256.0,261.5,265515
2017-03-29,256.0,256.0,267.5,256.0,261.5,265515
2017-03-30,256.0,256.0,267.5,256.0,261.5,265515
2017-03-31,256.0,256.0,267.5,256.0,261.5,265515
2017-04-05,256.0,256.0,267.5,256.0,261.5,265515
2017-04-06,256.0,256.0,267.5,256.0,261.5,265515
2017-04-07,256.0,256.0,267.5,256.0,261.5,265515
2017-04-10,256.0,256.0,267.5,256.0,261.5,265515
2017-04-11,256.0,256.0,267.5,256.0,261.5,265515
2017-04-12,256.0,256.0,267.5,256.0,261.5,265515
2017-04-13,256.0,256.0,267.5,256.0,261.5,265515
2017-04-14,256.0,256.0,267.5,256.0,261.5,265515
2017-04-17,256.0,256.0,267.5,256.0,261.5,265515
2017-04-18,256.0,256.0,267.5,256.0,261.5,265515
2017-04-19,256.0,256.0,267.5,256.0,261.5,265515
2017-04-21,256.0,256.0,267.5,256.0,261.5,265515
2017-04-24,256.0,256.0,267.5,256.0,261.5,265515
2017-04-25,256.0,256.0,267.5,256.0,261.5,265515
2017-04-26,256.0,256.0,267.5,256.0,261.5,265515
2017-04-27,256.0,256.0,267.5,256.0,261.5,265515
2017-04-28,256.0,256.0,267.5,256.0,261.5,265515
2017-05-02,256.0,256.0,267.5,256.0,261.5,265515
2017-05-03,256.0,256.0,267.5,256.0,261.5,265515
2017-05-04,256.0,256.0,267.5,256.0,261.5,265515
2017-05-05,256.0,256.0,267.5,256.0,261.5,265515
2017-05-08,256.0,256.0,267.5,256.0,261.5,265515
2017-05-09,256.0,256.0,267.5,256.0,261.5,265515
2017-05-10,256.0,256.0,267.5,256.0,261.5,265515
2017-05-11,256.0,256.0,267.5,256.0,261.5,265515
2017-05-12,256.0,256.0,267.5,256.0,261.5,265515
2017-05-15,256.0,256.0,267.5,256.0,261.5,265515
2017-05-16,256.0,256.0,267.5,256.0,261.5,265515
2017-05-17,256.0,256.0,267.5,256.0,261.5,265515
2017-05-18,256.0,256.0,267.5,256.0,261.5,265515
2017-05-19,256.0,256.0,267.5,256.0,261.5,265515
2017-05-22,256.0,256.0,267.5,256.0,261.5,265515
2017-05-23,256.0,256.0,267.5,256.0,261.5,265515
2017-05-24,256.0,256.0,267.5,256.0,261.5,265515
2017-05-25,256.0,256.0,267.5,256.0,261.5,265515
2017-05-26,256.0,256.0,267.5,256.0,261.5,265515
2017-05-31,256.0,256.0,267.5,256.0,261.5,265515
2017-06-01,256.0,256.0,267.5,256.0,261.5,265515
2017-06-02,256.0,256.0,267.5,256.0,261.5,265515
2017-06-05,256.0,256.0,267.5,256.0,261.5,265515
2017-06-06,256.0,256.0,267.5,256.0,261.5,265515
2017-06-07,256.0,256.0,267.5,256.0,261.5,265515
2017-06-08,256.0,256.0,267.5,256.0,261.5,265515
2017-06-09,256.0,256.0,267.5,256.0,261.5,265515
2017-06-12,256.0,256.0,267.5,256.0,261.5,265515
2017-06-13,256.0,256.0,267.5,256.0,261.5,265515
2017-06-14,256.0,256.0,267.5,256.0,261.5,265515
2017-06-15,256.0,256.0,267.5,256.0,261.5,265515
2017-06-16,256.0,256.0,267.5,256.0,261.5,265515
2017-06-19,256.0,256.0,267.5,256.0,261.5,265515
2017-06-20,256.0,256.0,267.5,256.0,261.5,265515
2017-06-21,256.0,256.0,267.5,256.0,261.5,265515
2017-06-22,256.0,256.0,267.5,256.0,261.5,265515
2017-06-23,256.0,256.0,267.5,256.0,261.5,265515
2017-06-26,256.0,256.0,267.5,256.0,261.5,265515
2017-06-27,256.0,256.0,267.5,256.0,261.5,265515
2017-06-28,256.0,256.0,267.5,256.0,261.5,265515
2017-06-29,256.0,256.0,267.5,256.0,261.5,265515
2017-06-30,256.0,256.0,267.5,256.0,261.5,265515
2017-07-03,256.0,256.0,267.5,256.0,261.5,265515
2017-07-04,256.0,256.0,267.5,256.0,261.5,265515
2017-07-05,256.0,256.0,267.5,256.0,261.5,265515
2017-07-06,256.0,256.0,267.5,256.0,261.5,265515
2017-07-07,256.0,256.0,267.5,256.0,261.5,265515
2017-07-10,256.0,256.0,267.5,256.0,261.5,265515
2017-07-11,256.0,256.0,267.5,256.0,261.5,265515
2017-07-12,256.0,256.0,267.5,256.0,261.5,265515
2017-07-13,256.0,256.0,267.5,256.0,261.5,265515
2017-07-14,256.0,256.0,267.5,256.0,261.5,265515
2017-07-17,256.0,256.0,267.5,256.0,261.5,265515
2017-07-18,256.0,256.0,267.5,256.0,261.5,265515
2017-07-19,256.0,256.0,267.5,256.0,261.5,265515
2017-07-20,256.0,256.0,267.5,256.0,261.5,265515
2017-07-21,256.0,256.0,267.5,256.0,261.5,265515
2017-07-24,256.0,256.0,267.5,256.0,261.5,265515
2017-07-25,256.0,256.0,267.5,256.0,261.5,265515
2017-07-26,256.0,256.0,267.5,256.0,261.5,265515
2017-07-27,256.0,256.0,267.5,256.0,261.5,265515
2017-07-28,256.0,256.0,267.5,256.0,261.5,265515
2017-07-31,256.0,256.0,267.5,256.0,261.5,265515
2017-08-01,256.0,256.0,267.5,256.0,261.5,265515
2017-08-02,256.0,256.0,267.5,256.0,261.5,265515
2017-08-03,256.0,256.0,267.5,256.0,261.5,265515
2017-08-04,256.0,256.0,267.5,256.0,261.5,265515
2017-08-07,256.0,256.0,267.5,256.0,261.5,265515
2017-08-08,256.0,256.0,267.5,256.0,261.5,265515
2017-08-09,256.0,256.0,267.5,256.0,261.5,265515
2017-08-10,256.0,256.0,267.5,256.0,261.5,265515
2017-08-11,256.0,256.0,267.5,256.0,261.5,265515
2017-08-14,256.0,256.0,267.5,256.0,261.5,265515
2017-08-15,256.0,256.0,267.5,256.0,261.5,265515
2017-08-16,256.0,256.0,267.5,256.0,261.5,265515
2017-08-17,256.0,256.0,267.5,256.0,261.5,265515
2017-08-18,256.0,256.0,267.5,256.0,261.5,265515
2017-08-21,256.0,256.0,267.5,256.0,261.5,265515
2017-08-22,256.0,256.0,267.5,256.0,261.5,265515
2017-08-23,256.0,256.0,267.5,256.0,261.5,265515
2017-08-24,256.0,256.0,267.5,256.0,261.5,265515
2017-08-25,256.0,256.0,267.5,256.0,261.5,265515
2017-08-28,256.0,256.0,267.5,256.0,261.5,265515
2017-08-29,256.0,256.0,267.5,256.0,261.5,265515
2017-08-30,256.0,256.0,267.5,256.0,261.5,265515
2017-08-31,256.0,256.0,267.5,256.0,261.5,265515
2017-09-01,256.0,256.0,267.5,256.0,261.5,265515
2017-09-04,256.0,256.0,267.5,256.0,261.5,265515
2017-09-05,256.0,256.0,267.5,256.0,261.5,265515
2017-09-06,256.0,256.0,267.5,256.0,261.5,265515
2017-09-07,256.0,256.0,267.5,256.0,261.5,265515
2017-09-08,256.0,256.0,267.5,256.0,261.5,265515
2017-09-11,256.0,256.0,267.5,256.0,261.5,265515
2017-09-12,256.0,256.0,267.5,256.0,261.5,265515
2017-09-13,256.0,256.0,267.5,256.0,261.5,265515
2017-09-14,256.0,256.0,267.5,256.0,261.5,265515
2017-09-15,256.0,256.0,267.5,256.0,261.5,265515
2017-09-18,256.0,256.0,267.5,256.0,261.5,265515
2017-09-19,256.0,256.0,267.5,256.0,261.5,265515
2017-09-20,256.0,256.0,267.5,256.0,261.5,265515
2017-09-21,256.0,256.0,267.5,256.0,261.5,265515
2017-09-22,256.0,256.0,267.5,256.0,261.5,265515
2017-09-25,256.0,256.0,267.5,256.0,261.5,265515
2017-09-26,256.0,256.0,267.5,256.0,261.5,265515
2017-09-27,256.0,256.0,267.5,256.0,261.5,265515
2017-09-28,256.0,256.0,267.5,256.0,261.5,265515
2017-09-29,256.0,256.0,267.5,256.0,261.5,265515
2017-10-02,256.0,256.0,267.5,256.0,261.5,265515
2017-10-03,256.0,256.0,267.5,256.0,261.5,265515
2017-10-05,256.0,256.0,267.5,256.0,261.5,265515
2017-10-06,256.0,256.0,267.5,256.0,261.5,265515
2017-10-11,256.0,256.0,267.5,256.0,261.5,265515
2017-10-12,256.0,256.0,267.5,256.0,261.5,265515
2017-10-13,256.0,256.0,267.5,256.0,261.5,265515
2017-10-16,256.0,256.0,267.5,256.0,261.5,265515
2017-10-17,256.0,256.0,267.5,256.0,261.5,265515
2017-10-18,256.0,256.0,267.5,256.0,261.5,265515
2017-10-19,256.0,256.0,267.5,256.0,261.5,265515
2017-10-20,256.0,256.0,267.5,256.0,261.5,265515
2017-10-23,256.0,256.0,267.5,256.0,261.5,265515
2017-10-24,256.0,256.0,267.5,256.0,261.5,265515
2017-10-25,256.0,256.0,267.5,256.0,261.5,265515
2017-10-26,256.0,256.0,267.5,256.0,261.5,265515
2017-10-27,256.0,256.0,267.5,256.0,261.5,265515
2017-10-30,256.0,256.0,267.5,256.0,261.5,265515
2017-10-31,256.0,256.0,267.5,256.0,261.5,265515
2017-11-01,256.0,256.0,267.5,256.0,261.5,265515
2017-11-02,256.0,256.0,267.5,256.0,261.5,265515
2017-11-03,256.0,256.0,267.5,256.0,261.5,265515
2017-11-06,256.0,256.0,267.5,256.0,261.5,265515
2017-11-07,256.0,256.0,267.5,256.0,261.5,265515
2017-11-08,256.0,256.0,267.5,256.0,261.5,265515
2017-11-09,256.0,256.0,267.5,256.0,261.5,265515
2017-11-10,256.0,256.0,267.5,256.0,261.5,265515
2017-11-13,256.0,256.0,267.5,256.0,261.5,265515
2017-11-14,256.0,256.0,267.5,256.0,261.5,265515
2017-11-15,256.0,256.0,267.5,256.0,261.5,265515
2017-11-16,256.0,256.0,267.5,256.0,261.5,265515
2017-11-17,256.0,256.0,267.5,256.0,261.5,265515
2017-11-20,256.0,256.0,267.5,256.0,261.5,265515
2017-11-21,256.0,256.0,267.5,256.0,261.5,265515
2017-11-22,256.0,256.0,267.5,256.0,261.5,265515
2017-11-23,256.0,256.0,267.5,256.0,261.5,265515
2017-11-24,256.0,256.0,267.5,256.0,261.5,265515
2017-11-27,256.0,256.0,267.5,256.0,261.5,265515
2017-11-28,256.0,256.0,267.5,256.0,261.5,265515
2017-11-29,256.0,256.0,267.5,256.0,261.5,265515
2017-11-30,256.0,256.0,267.5,256.0,261.5,265515
2017-12-01,256.0,256.0,267.5,256.0,261.5,265515
2017-12-04,256.0,256.0,267.5,256.0,261.5,265515
2017-12-05,256.0,256.0,267.5,256.0,261.5,265515
2017-12-06,256.0,256.0,267.5,256.0,261.5,265515
2017-12-07,256.0,256.0,267.5,256.0,261.5,265515
2017-12-08,256.0,256.0,267.5,256.0,261.5,265515
2017-12-11,256.0,256.0,267.5,256.0,261.5,265515
2017-12-12,256.0,256.0,267.5,256.0,261.5,265515
2017-12-13,256.0,256.0,267.5,256.0,261.5,265515
2017-12-14,256.0,256.0,267.5,256.0,261.5,265515
2017-12-15,256.0,256.0,267.5,256.0,261.5,265515
2017-12-18,256.0,256.0,267.5,256.0,261.5,265515
2017-12-19,256.0,256.0,267.5,256.0,261.5,265515
2017-12-20,256.0,256.0,267.5,256.0,261.5,265515
2017-12-21,256.0,256.0,267.5,256.0,261.5,265515
2017-12-22,256.0,256.0,267.5,256.0,261.5,265515
2017-12-25,256.0,256.0,267.5,256.0,261.5,265515
2017-12-26,256.0,256.0,267.5,256.0,261.5,265515
2017-12-27,256.0,256.0,267.5,256.0,261.5,265515
2017-12-28,256.0,256.0,267.5,256.0,261.5,265515
2017-12-29,256.0,256.0,267.5,256.0,261.5,265515
2018-01-02,256.0,256.0,267.5,256.0,261.5,265515
2018-01-03,256.0,256.0,267.5,256.0,261.5,265515
2018-01-04,256.0,256.0,267.5,256.0,261.5,265515
2018-01-05,256.0,256.0,267.5,256.0,261.5,265515
2018-01-08,256.0,256.0,267.5,256.0,261.5,265515
2018-01-09,256.0,256.0,267.5,256.0,261.5,265515
2018-01-10,256.0,256.0,267.5,256.0,261.5,265515
2018-01-11,256.0,256.0,267.5,256.0,261.5,265515
2018-01-12,256.0,256.0,267.5,256.0,261.5,265515
2018-01-15,256.0,256.0,267.5,256.0,261.5,265515
2018-01-16,256.0,256.0,267.5,256.0,261.5,265515
2018-01-17,256.0,256.0,267.5,256.0,261.5,265515
2018-01-18,256.0,256.0,267.5,256.0,261.5,265515
2018-01-19,256.0,256.0,267.5,256.0,261.5,265515
2018-01-22,256.0,256.0,267.5,256.0,261.5,265515
2018-01-23,256.0,256.0,267.5,256.0,261.5,265515
2018-01-24,256.0,256.0,267.5,256.0,261.5,265515
2018-01-25,256.0,256.0,267.5,256.0,261.5,265515
2018-01-26,256.0,256.0,267.5,256.0,261.5,265515
2018-01-29,256.0,256.0,267.5,256.0,261.5,265515
2018-01-30,256.0,256.0,267.5,256.0,261.5,265515
2018-01-31,256.0,256.0,267.5,256.0,261.5,265515
2018-02-01,256.0,256.0,267.5,256.0,261.5,265515
2018-02-02,256.0,256.0,267.5,256.0,261.5,265515
2018-02-05,256.0,256.0,267.5,256.0,261.5,265515
2018-02-06,256.0,256.0,267.5,256.0,261.5,265515
2018-02-07,256.0,256.0,267.5,256.0,261.5,265515
2018-02-08,256.0,256.0,267.5,256.0,261.5,265515
2018-02-09,256.0,256.0,267.5,256.0,261.5,265515
2018-02-12,256.0,256.0,267.5,256.0,261.5,265515
2018-02-21,256.0,256.0,267.5,256.0,261.5,265515
2018-02-22,256.0,256.0,267.5,256.0,261.5,265515
2018-02-23,256.0,256.0,267.5,256.0,261.5,265515
2018-02-26,256.0,256.0,267.5,256.0,261.5,265515
2018-02-27,256.0,256.0,267.5,256.0,261.5,265515
2018-03-01,256.0,256.0,267.5,256.0,261.5,265515
2018-03-02,256.0,256.0,267.5,256.0,261.5,265515
2018-03-05,256.0,256.0,267.5,256.0,261.5,265515
2018-03-06,256.0,256.0,267.5,256.0,261.5,265515
2018-03-07,256.0,256.0,267.5,256.0,261.5,265515
2018-03-08,256.0,256.0,267.5,256.0,261.5,265515
2018-03-09,256.0,256.0,267.5,256.0,261.5,265515
2018-03-12,256.0,256.0,267.5,256.0,261.5,265515
2018-03-13,256.0,256.0,267.5,256.0,261.5,265515
2018-03-14,256.0,256.0,267.5,256.0,261.5,265515
2018-03-15,256.0,256.0,267.5,256.0,261.5,265515
2018-03-16,256.0,256.0,267.5,256.0,261.5,265515
2018-03-19,256.0,256.0,267.5,256.0,261.5,265515
2018-03-20,256.0,256.0,267.5,256.0,261.5,265515
2018-03-21,256.0,256.0,267.5,256.0,261.5,265515
2018-03-22,256.0,256.0,267.5,256.0,261.5,265515
2018-03-23,256.0,256.0,267.5,256.0,261.5,265515
2018-03-26,256.0,256.0,267.5,256.0,261.5,265515
2018-03-27,256.0,256.0,267.5,256.0,261.5,265515
2018-03-28,256.0,256.0,267.5,256.0,261.5,265515
2018-03-29,256.0,256.0,267.5,256.0,261.5,265515
2018-03-30,256.0,256.0,267.5,256.0,261.5,265515
2018-04-02,256.0,256.0,267.5,256.0,261.5,265515
2018-04-03,256.0,256.0,267.5,256.0,261.5,265515
2018-04-09,256.0,256.0,267.5,256.0,261.5,265515
2018-04-10,256.0,256.0,267.5,256.0,261.5,265515
2018-04-11,256.0,256.0,267.5,256.0,261.5,265515
2018-04-12,256.0,256.0,267.5,256.0,261.5,265515
2018-04-13,256.0,256.0,267.5,256.0,261.5,265515
2018-04-16,256.0,256.0,267.5,256.0,261.5,265515
2018-04-17,256.0,256.0,267.5,256.0,261.5,265515
2018-04-18,256.0,256.0,267.5,256.0,261.5,265515
2018-04-19,256.0,256.0,267.5,256.0,261.5,265515
2018-04-20,256.0,256.0,267.5,256.0,261.5,265515
2018-04-23,256.0,256.0,267.5,256.0,261.5,265515
2018-04-24,256.0,256.0,267.5,256.0,261.5,265515
2018-04-25,256.0,256.0,267.5,256.0,261.5,265515
2018-04-26,256.0,256.0,267.5,256.0,261.5,265515
2018-04-27,256.0,256.0,267.5,256.0,261.5,265515
2018-04-30,256.0,256.0,267.5,256.0,261.5,265515
2018-05-02,256.0,256.0,267.5,256.0,261.5,265515
2018-05-03,256.0,256.0,267.5,256.0,261.5,265515
2018-05-04,256.0,256.0,267.5,256.0,261.5,265515
2018-05-07,256.0,256.0,267.5,256.0,261.5,265515
2018-05-08,256.0,256.0,267.5,256.0,261.5,265515
2018-05-09,256.0,256.0,267.5,256.0,261.5,265515
2018-05-10,256.0,256.0,267.5,256.0,261.5,265515
2018-05-11,256.0,256.0,267.5,256.0,261.5,265515
2018-05-14,256.0,256.0,267.5,256.0,261.5,265515
2018-05-15,256.0,256.0,267.5,256.0,261.5,265515
2018-05-16,256.0,256.0,267.5,256.0,261.5,265515
2018-05-17,256.0,256.0,267.5,256.0,261.5,265515
2018-05-18,256.0,256.0,267.5,256.0,261.5,265515
2018-05-21,256.0,256.0,267.5,256.0,261.5,265515
2018-05-22,256.0,256.0,267.5,256.0,261.5,265515
2018-05-23,256.0,256.0,267.5,256.0,261.5,265515
2018-05-24,256.0,256.0,267.5,256.0,261.5,265515
2018-05-25,256.0,256.0,267.5,256.0,261.5,265515
2018-05-28,256.0,256.0,267.5,256.0,261.5,265515
2018-05-29,256.0,256.0,267.5,256.0,261.5,265515
2018-05-30,256.0,256.0,267.5,256.0,261.5,265515
2018-05-31,256.0,256.0,267.5,256.0,261.5,265515
2018-06-01,256.0,256.0,267.5,256.0,261.5,265515
2018-06-04,256.0,256.0,267.5,256.0,261.5,265515
2018-06-05,256.0,256.0,267.5,256.0,261.5,265515
2018-06-06,256.0,256.0,267.5,256.0,261.5,265515
2018-06-07,256.0,256.0,267.5,256.0,261.5,265515
2018-06-08,256.0,256.0,267.5,256.0,261.5,265515
2018-06-11,256.0,256.0,267.5,256.0,261.5,265515
2018-06-12,256.0,256.0,267.5,256.0,261.5,265515
2018-06-13,256.0,256.0,267.5,256.0,261.5,265515
2018-06-14,256.0,256.0,267.5,256.0,261.5,265515
2018-06-15,256.0,256.0,267.5,256.0,261.5,265515
2018-06-19,256.0,256.0,267.5,256.0,261.5,265515
2018-06-20,256.0,256.0,267.5,256.0,261.5,265515
2018-06-21,256.0,256.0,267.5,256.0,261.5,265515
2018-06-22,256.0,256.0,267.5,256.0,261.5,265515
2018-06-25,256.0,256.0,267.5,256.0,261.5,265515
2018-06-26,256.0,256.0,267.5,256.0,261.5,265515
2018-06-27,256.0,256.0,267.5,256.0,261.5,265515
2018-06-28,256.0,256.0,267.5,256.0,261.5,265515
2018-06-29,256.0,256.0,267.5,256.0,261.5,265515
2018-07-02,256.0,256.0,267.5,256.0,261.5,265515
2018-07-03,256.0,256.0,267.5,256.0,261.5,265515
2018-07-04,256.0,256.0,267.5,256.0,261.5,265515
2018-07-05,256.0,256.0,267.5,256.0,261.5,265515
2018-07-06,256.0,256.0,267.5,256.0,261.5,265515
2018-07-09,256.0,256.0,267.5,256.0,261.5,265515
2018-07-10,256.0,256.0,267.5,256.0,261.5,265515
2018-07-11,256.0,256.0,267.5,256.0,261.5,265515
2018-07-12,256.0,256.0,267.5,256.0,261.5,265515
2018-07-13,256.0,256.0,267.5,256.0,261.5,265515
2018-07-16,256.0,256.0,267.5,256.0,261.5,265515
2018-07-17,256.0,256.0,267.5,256.0,261.5,265515
2018-07-18,256.0,256.0,267.5,256.0,261.5,265515
2018-07-19,256.0,256.0,267.5,256.0,261.5,265515
2018-07-20,256.0,256.0,267.5,256.0,261.5,265515
2018-07-23,256.0,256.0,267.5,256.0,261.5,265515
2018-07-24,256.0,256.0,267.5,256.0,261.5,265515
2018-07-25,256.0,256.0,267.5,256.0,261.5,265515
2018-07-26,256.0,256.0,267.5,256.0,261.5,265515
2018-07-27,256.0,256.0,267.5,256.0,261.5,265515
2018-07-30,256.0,256.0,267.5,256.0,261.5,265515
2018-07-31,256.0,256.0,267.5,256.0,261.5,265515
2018-08-01,256.0,256.0,267.5,256.0,261.5,265515
2018-08-02,256.0,256.0,267.5,256.0,261.5,265515
2018-08-03,256.0,256.0,267.5,256.0,261.5,265515
2018-08-06,256.0,256.0,267.5,256.0,261.5,265515
2018-08-07,256.0,256.0,267.5,256.0,261.5,265515
2018-08-08,256.0,256.0,267.5,256.0,261.5,265515
2018-08-09,256.0,256.0,267.5,256.0,261.5,265515
2018-08-10,256.0,256.0,267.5,256.0,261.5,265515
2018-08-13,256.0,256.0,267.5,256.0,261.5,265515
2018-08-14,256.0,256.0,267.5,256.0,261.5,265515
2018-08-15,256.0,256.0,267.5,256.0,261.5,265515
2018-08-16,256.0,256.0,267.5,256.0,261.5,265515
2018-08-17,256.0,256.0,267.5,256.0,261.5,265515
2018-08-20,256.0,256.0,267.5,256.0,261.5,265515
2018-08-21,256.0,256.0,267.5,256.0,261.5,265515
2018-08-22,256.0,256.0,267.5,256.0,261.5,265515
2018-08-23,256.0,256.0,267.5,256.0,261.5,265515
2018-08-24,256.0,256.0,267.5,256.0,261.5,265515
2018-08-27,256.0,256.0,267.5,256.0,261.5,265515
2018-08-28,256.0,256.0,267.5,256.0,261.5,265515
2018-08-29,256.0,256.0,267.5,256.0,261.5,265515
2018-08-30,256.0,256.0,267.5,256.0,261.5,265515
2018-08-31,256.0,256.0,267.5,256.0,261.5,265515
2018-09-03,256.0,256.0,267.5,256.0,261.5,265515
2018-09-04,256.0,256.0,267.5,256.0,261.5,265515
2018-09-05,256.0,256.0,267.5,256.0,261.5,265515
2018-09-06,256.0,256.0,267.5,256.0,261.5,265515
2018-09-07,256.0,256.0,267.5,256.0,261.5,265515
2018-09-10,256.0,256.0,267.5,256.0,261.5,265515
2018-09-11,256.0,256.0,267.5,256.0,261.5,265515
2018-09-12,256.0,256.0,267.5,256.0,261.5,265515
2018-09-13,256.0,256.0,267.5,256.0,261.5,265515
2018-09-14,256.0,256.0,267.5,256.0,261.5,265515
2018-09-17,256.0,256.0,267.5,256.0,261.5,265515
2018-09-18,256.0,256.0,267.5,256.0,261.5,265515
2018-09-19,256.0,256.0,267.5,256.0,261.5,265515
2018-09-20,256.0,256.0,267.5,256.0,261.5,265515
2018-09-21,256.0,256.0,267.5,256.0,261.5,265515
2018-09-25,256.0,256.0,267.5,256.0,261.5,265515
2018-09-26,256.0,256.0,267.5,256.0,261.5,265515
2018-09-27,256.0,256.0,267.5,256.0,261.5,265515
2018-09-28,256.0,256.0,267.5,256.0,261.5,265515
2018-10-01,256.0,256.0,267.5,256.0,261.5,265515
2018-10-02,256.0,256.0,267.5,256.0,261.5,265515
2018-10-03,256.0,256.0,267.5,256.0,261.5,265515
2018-10-04,256.0,256.0,267.5,256.0,261.5,265515
2018-10-05,256.0,256.0,267.5,256.0,261.5,265515
2018-10-08,256.0,256.0,267.5,256.0,261.5,265515
2018-10-09,256.0,256.0,267.5,256.0,261.5,265515
2018-10-11,256.0,256.0,267.5,256.0,261.5,265515
2018-10-12,256.0,256.0,267.5,256.0,261.5,265515
2018-10-15,256.0,256.0,267.5,256.0,261.5,265515
2018-10-16,256.0,256.0,267.5,256.0,261.5,265515
2018-10-17,256.0,256.0,267.5,256.0,261.5,265515
2018-10-18,256.0,256.0,267.5,256.0,261.5,265515
2018-10-19,256.0,256.0,267.5,256.0,261.5,265515
2018-10-22,256.0,256.0,267.5,256.0,261.5,265515
2018-10-23,256.0,256.0,267.5,256.0,261.5,265515
2018-10-24,256.0,256.0,267.5,256.0,261.5,265515
2018-10-25,256.0,256.0,267.5,256.0,261.5,265515
2018-10-26,256.0,256.0,267.5,256.0,261.5,265515
2018-10-29,256.0,256.0,267.5,256.0,261.5,265515
2018-10-30,256.0,256.0,267.5,256.0,261.5,265515
2018-10-31,256.0,256.0,267.5,256.0,261.5,265515
2018-11-01,256.0,256.0,267.5,256.0,261.5,265515
2018-11-02,256.0,256.0,267.5,256.0,261.5,265515
2018-11-05,256.0,256.0,267.5,256.0,261.5,265515
2018-11-06,256.0,256.0,267.5,256.0,261.5,265515
2018-11-07,256.0,256.0,267.5,256.0,261.5,265515
2018-11-08,256.0,256.0,267.5,256.0,261.5,265515
2018-11-09,256.0,256.0,267.5,256.0,261.5,265515
2018-11-12,256.0,256.0,267.5,256.0,261.5,265515
2018-11-13,256.0,256.0,267.5,256.0,261.5,265515
2018-11-14,256.0,256.0,267.5,256.0,261.5,265515
2018-11-15,256.0,256.0,267.5,256.0,261.5,265515
2018-11-16,256.0,256.0,267.5,256.0,261.5,265515
2018-11-19,256.0,256.0,267.5,256.0,261.5,265515
2018-11-20,256.0,256.0,267.5,256.0,261.5,265515
2018-11-21,256.0,256.0,267.5,256.0,261.5,265515
2018-11-22,256.0,256.0,267.5,256.0,261.5,265515
2018-11-23,256.0,256.0,267.5,256.0,261.5,265515
2018-11-26,256.0,256.0,267.5,256.0,261.5,265515
2018-11-27,256.0,256.0,267.5,256.0,261.5,265515
2018-11-28,256.0,256.0,267.5,256.0,261.5,265515
2018-11-29,256.0,256.0,267.5,256.0,261.5,265515
2018-11-30,256.0,256.0,267.5,256.0,261.5,265515
2018-12-03,256.0,256.0,267.5,256.0,261.5,265515
2018-12-04,256.0,256.0,267.5,256.0,261.5,265515
2018-12-05,256.0,256.0,267.5,256.0,261.5,265515
2018-12-06,256.0,256.0,267.5,256.0,261.5,265515
2018-12-07,256.0,256.0,267.5,256.0,261.5,265515
2018-12-10,256.0,256.0,267.5,256.0,261.5,265515
2018-12-11,256.0,256.0,267.5,256.0,261.5,265515
2018-12-12,256.0,256.0,267.5,256.0,261.5,265515
2018-12-13,256.0,256.0,267.5,256.0,261.5,265515
2018-12-14,256.0,256.0,267.5,256.0,261.5,265515
2018-12-17,256.0,256.0,267.5,256.0,261.5,265515
2018-12-18,256.0,256.0,267.5,256.0,261.5,265515
2018-12-19,256.0,256.0,267.5,256.0,261.5,265515
2018-12-20,256.0,256.0,267.5,256.0,261.5,265515
2018-12-21,256.0,256.0,267.5,256.0,261.5,265515
2018-12-24,256.0,256.0,267.5,256.0,261.5,265515
2018-12-25,256.0,256.0,267.5,256.0,261.5,265515
2018-12-26,256.0,256.0,267.5,256.0,261.5,265515
2018-12-27,256.0,256.0,267.5,256.0,261.5,265515
2018-12-28,256.0,256.0,267.5,256.0,261.5,265515
2019-01-02,256.0,256.0,267.5,256.0,261.5,265515
2019-01-03,256.0,256.0,267.5,256.0,261.5,265515
2019-01-04,256.0,256.0,267.5,256.0,261.5,265515
2019-01-07,256.0,256.0,267.5,256.0,261.5,265515
2019-01-08,256.0,256.0,267.5,256.0,261.5,265515
2019-01-09,256.0,256.0,267.5,256.0,261.5,265515
2019-01-10,256.0,256.0,267.5,256.0,261.5,265515
2019-01-11,256.0,256.0,267.5,256.0,261.5,265515
2019-01-14,256.0,256.0,267.5,256.0,261.5,265515
2019-01-15,256.0,256.0,267.5,256.0,261.5,265515
2019-01-16,256.0,256.0,267.5,256.0,261.5,265515
2019-01-17,256.0,256.0,267.5,256.0,261.5,265515
2019-01-18,256.0,256.0,267.5,256.0,261.5,265515
2019-01-21,256.0,256.0,267.5,256.0,261.5,265515
2019-01-22,256.0,256.0,267.5,256.0,261.5,265515
2019-01-23,256.0,256.0,267.5,256.0,261.5,265515
2019-01-24,256.0,256.0,267.5,256.0,261.5,265515
2019-01-25,256.0,256.0,267.5,256.0,261.5,265515
2019-01-28,256.0,256.0,267.5,256.0,261.5,265515
2019-01-29,256.0,256.0,267.5,256.0,261.5,265515
2019-01-30,256.0,256.0,267.5,256.0,261.5,265515
2019-02-11,256.0,256.0,267.5,256.0,261.5,265515
2019-02-12,256.0,256.0,267.5,256.0,261.5,265515
2019-02-13,256.0,256.0,267.5,256.0,261.5,265515
2019-02-14,256.0,256.0,267.5,256.0,261.5,265515
2019-02-15,256.0,256.0,267.5,256.0,261.5,265515
2019-02-18,256.0,256.0,267.5,256.0,261.5,265515
2019-02-19,256.0,256.0,267.5,256.0,261.5,265515
2019-02-20,256.0,256.0,267.5,256.0,261.5,265515
2019-02-21,256.0,256.0,267.5,256.0,261.5,265515
2019-02-22,256.0,256.0,267.5,256.0,261.5,265515
2019-02-25,256.0,256.0,267.5,256.0,261.5,265515
2019-02-26,256.0,256.0,267.5,256.0,261.5,265515
2019-02-27,256.0,256.0,267.5,256.0,261.5,265515
2019-03-04,256.0,256.0,267.5,256.0,261.5,265515
2019-03-05,256.0,256.0,267.5,256.0,261.5,265515
2019-03-06,256.0,256.0,267.5,256.0,261.5,265515
2019-03-07,256.0,256.0,267.5,256.0,261.5,265515
2019-03-08,256.0,256.0,267.5,256.0,261.5,265515
2019-03-11,256.0,256.0,267.5,256.0,261.5,265515
2019-03-12,256.0,256.0,267.5,256.0,261.5,265515
2019-03-13,256.0,256.0,267.5,256.0,261.5,265515
2019-03-14,256.0,256.0,267.5,256.0,261.5,265515
2019-03-15,256.0,256.0,267.5,256.0,261.5,265515
2019-03-18,256.0,256.0,267.5,256.0,261.5,265515
2019-03-19,256.0,256.0,267.5,256.0,261.5,265515
2019-03-20,256.0,256.0,267.5,256.0,261.5,265515
2019-03-21,256.0,256.0,267.5,256.0,261.5,265515
2019-03-22,256.0,256.0,267.5,256.0,261.5,265515
2019-03-25,256.0,256.0,267.5,256.0,261.5,265515
2019-03-26,256.0,256.0,267.5,256.0,261.5,265515
2019-03-27,256.0,256.0,267.5,256.0,261.5,265515
2019-03-28,256.0,256.0,267.5,256.0,261.5,265515
2019-03-29,256.0,256.0,267.5,256.0,261.5,265515
2019-04-01,256.0,256.0,267.5,256.0,261.5,265515
2019-04-02,256.0,256.0,267.5,256.0,261.5,265515
2019-04-03,256.0,256.0,267.5,256.0,261.5,265515
2019-04-08,256.0,256.0,267.5,256.0,261.5,265515
2019-04-09,256.0,256.0,267.5,256.0,261.5,265515
2019-04-10,256.0,256.0,267.5,256.0,261.5,265515
2019-04-11,256.0,256.0,267.5,256.0,261.5,265515
2019-04-12,256.0,256.0,267.5,256.0,261.5,265515
2019-04-15,256.0,256.0,267.5,256.0,261.5,265515
2019-04-16,256.0,256.0,267.5,256.0,261.5,265515
2019-04-17,256.0,256.0,267.5,256.0,261.5,265515
2019-04-18,256.0,256.0,267.5,256.0,261.5,265515
2019-04-19,256.0,256.0,267.5,256.0,261.5,265515
2019-04-22,256.0,256.0,267.5,256.0,261.5,265515
2019-04-23,256.0,256.0,267.5,256.0,261.5,265515
2019-04-24,256.0,256.0,267.5,256.0,261.5,265515
2019-04-25,256.0,256.0,267.5,256.0,261.5,265515
2019-04-26,256.0,256.0,267.5,256.0,261.5,265515
2019-04-29,256.0,256.0,267.5,256.0,261.5,265515
2019-04-30,256.0,256.0,267.5,256.0,261.5,265515
2019-05-02,256.0,256.0,267.5,256.0,261.5,265515
2019-05-03,256.0,256.0,267.5,256.0,261.5,265515
2019-05-06,256.0,256.0,267.5,256.0,261.5,265515
2019-05-07,256.0,256.0,267.5,256.0,261.5,265515
2019-05-08,256.0,256.0,267.5,256.0,261.5,265515
2019-05-09,256.0,256.0,267.5,256.0,261.5,265515
2019-05-10,256.0,256.0,267.5,256.0,261.5,265515
2019-05-13,256.0,256.0,267.5,256.0,261.5,265515
2019-05-14,256.0,256.0,267.5,256.0,261.5,265515
2019-05-15,256.0,256.0,267.5,256.0,261.5,265515
2019-05-16,256.0,256.0,267.5,256.0,261.5,265515
2019-05-17,256.0,256.0,267.5,256.0,261.5,265515
2019-05-20,256.0,256.0,267.5,256.0,261.5,265515
2019-05-21,256.0,256.0,267.5,256.0,261.5,265515
2019-05-22,256.0,256.0,267.5,256.0,261.5,265515
2019-05-23,256.0,256.0,267.5,256.0,261.5,265515
2019-05-24,256.0,256.0,267.5,256.0,261.5,265515
2019-05-27,256.0,256.0,267.5,256.0,261.5,265515
2019-05-28,256.0,256.0,267.5,256.0,261.5,265515
2019-05-29,256.0,256.0,267.5,256.0,261.5,265515
2019-05-30,256.0,256.0,267.5,256.0,261.5,265515
2019-05-31,256.0,256.0,267.5,256.0,261.5,265515
2019-06-03,256.0,256.0,267.5,256.0,261.5,265515
2019-06-04,256.0,256.0,267.5,256.0,261.5,265515
2019-06-05,256.0,256.0,267.5,256.0,261.5,265515
2019-06-06,256.0,256.0,267.5,256.0,261.5,265515
2019-06-10,256.0,256.0,267.5,256.0,261.5,265515
2019-06-11,256.0,256.0,267.5,256.0,261.5,265515
2019-06-12,256.0,256.0,267.5,256.0,261.5,265515
2019-06-13,256.0,256.0,267.5,256.0,261.5,265515
2019-06-14,256.0,256.0,267.5,256.0,261.5,265515
2019-06-17,256.0,256.0,267.5,256.0,261.5,265515
2019-06-18,256.0,256.0,267.5,256.0,261.5,265515
2019-06-19,256.0,256.0,267.5,256.0,261.5,265515
2019-06-20,256.0,256.0,267.5,256.0,261.5,265515
2019-06-21,256.0,256.0,267.5,256.0,261.5,265515
2019-06-24,256.0,256.0,267.5,256.0,261.5,265515
2019-06-25,256.0,256.0,267.5,256.0,261.5,265515
2019-06-26,256.0,256.0,267.5,256.0,261.5,265515
2019-06-27,256.0,256.0,267.5,256.0,261.5,265515
2019-06-28,256.0,256.0,267.5,256.0,261.5,265515
2019-07-01,256.0,256.0,267.5,256.0,261.5,265515
2019-07-02,256.0,256.0,267.5,256.0,261.5,265515
2019-07-03,256.0,256.0,267.5,256.0,261.5,265515
2019-07-04,256.0,256.0,267.5,256.0,261.5,265515
2019-07-05,256.0,256.0,267.5,256.0,261.5,265515
2019-07-08,256.0,256.0,267.5,256.0,261.5,265515
2019-07-09,256.0,256.0,267.5,256.0,261.5,265515
2019-07-10,256.0,256.0,267.5,256.0,261.5,265515
2019-07-11,256.0,256.0,267.5,256.0,261.5,265515
2019-07-12,256.0,256.0,267.5,256.0,261.5,265515
2019-07-15,256.0,256.0,267.5,256.0,261.5,265515
2019-07-16,256.0,256.0,267.5,256.0,261.5,265515
2019-07-17,256.0,256.0,267.5,256.0,261.5,265515
2019-07-18,256.0,256.0,267.5,256.0,261.5,265515
2019-07-19,256.0,256.0,267.5,256.0,261.5,265515
2019-07-22,256.0,256.0,267.5,256.0,261.5,265515
2019-07-23,256.0,256.0,267.5,256.0,261.5,265515
2019-07-24,256.0,256.0,267.5,256.0,261.5,265515
2019-07-25,256.0,256.0,267.5,256.0,261.5,265515
2019-07-26,256.0,256.0,267.5,256.0,261.5,265515
2019-07-29,256.0,256.0,267.5,256.0,261.5,265515
2019-07-30,256.0,256.0,267.5,256.0,261.5,265515
2019-07-31,256.0,256.0,267.5,256.0,261.5,265515
2019-08-01,256.0,256.0,267.5,256.0,261.5,265515
2019-08-02,256.0,256.0,267.5,256.0,261.5,265515
2019-08-05,256.0,256.0,267.5,256.0,261.5,265515
2019-08-06,256.0,256.0,267.5,256.0,261.5,265515
2019-08-07,256.0,256.0,267.5,256.0,261.5,265515
2019-08-08,256.0,256.0,267.5,256.0,261.5,265515
2019-08-12,256.0,256.0,267.5,256.0,261.5,265515
2019-08-13,256.0,256.0,267.5,256.0,261.5,265515
2019-08-14,256.0,256.0,267.5,256.0,261.5,265515
2019-08-15,256.0,256.0,267.5,256.0,261.5,265515
2019-08-16,256.0,256.0,267.5,256.0,261.5,265515
2019-08-19,256.0,256.0,267.5,256.0,261.5,265515
2019-08-20,256.0,256.0,267.5,256.0,261.5,265515
2019-08-21,256.0,256.0,267.5,256.0,261.5,265515
2019-08-22,256.0,256.0,267.5,256.0,261.5,265515
2019-08-23,256.0,256.0,267.5,256.0,261.5,265515
2019-08-26,256.0,256.0,267.5,256.0,261.5,265515
2019-08-27,256.0,256.0,267.5,256.0,261.5,265515
2019-08-28,256.0,256.0,267.5,256.0,261.5,265515
2019-08-29,256.0,256.0,267.5,256.0,261.5,265515
2019-08-30,256.0,256.0,267.5,256.0,261.5,265515
2019-09-02,256.0,256.0,267.5,256.0,261.5,265515
2019-09-03,256.0,256.0,267.5,256.0,261.5,265515
2019-09-04,256.0,256.0,267.5,256.0,261.5,265515
2019-09-05,256.0,256.0,267.5,256.0,261.5,265515
2019-09-06,256.0,256.0,267.5,256.0,261.5,265515
2019-09-09,256.0,256.0,267.5,256.0,261.5,265515
2019-09-10,256.0,256.0,267.5,256.0,261.5,265515
2019-09-11,256.0,256.0,267.5,256.0,261.5,265515
2019-09-12,256.0,256.0,267.5,256.0,261.5,265515
2019-09-16,256.0,256.0,267.5,256.0,261.5,265515
2019-09-17,256.0,256.0,267.5,256.0,261.5,265515
2019-09-18,256.0,256.0,267.5,256.0,261.5,265515
2019-09-19,256.0,256.0,267.5,256.0,261.5,265515
2019-09-20,256.0,256.0,267.5,256.0,261.5,265515
2019-09-23,256.0,256.0,267.5,256.0,261.5,265515
2019-09-24,256.0,256.0,267.5,256.0,261.5,265515
2019-09-25,256.0,256.0,267.5,256.0,261.5,265515
2019-09-26,256.0,256.0,267.5,256.0,261.5,265515
2019-09-27,256.0,256.0,267.5,256.0,261.5,265515
2019-10-01,256.0,256.0,267.5,256.0,261.5,265515
2019-10-02,256.0,256.0,267.5,256.0,261.5,265515
2019-10-03,256.0,256.0,267.5,256.0,261.5,265515
2019-10-04,256.0,256.0,267.5,256.0,261.5,265515
2019-10-07,256.0,256.0,267.5,256.0,261.5,265515
2019-10-08,256.0,256.0,267.5,256.0,261.5,265515
2019-10-09,256.0,256.0,267.5,256.0,261.5,265515
2019-10-14,256.0,256.0,267.5,256.0,261.5,265515
2019-10-15,256.0,256.0,267.5,256.0,261.5,265515
2019-10-16,256.0,256.0,267.5,256.0,261.5,265515
2019-10-17,256.0,256.0,267.5,256.0,261.5,265515
2019-10-18,256.0,256.0,267.5,256.0,261.5,265515
2019-10-21,256.0,256.0,267.5,256.0,261.5,265515
2019-10-22,256.0,256.0,267.5,256.0,261.5,265515
2019-10-23,256.0,256.0,267.5,256.0,261.5,265515
2019-10-24,256.0,256.0,267.5,256.0,261.5,265515
2019-10-25,256.0,256.0,267.5,256.0,261.5,265515
2019-10-28,256.0,256.0,267.5,256.0,261.5,265515
2019-10-29,256.0,256.0,267.5,256.0,261.5,265515
2019-10-30,256.0,256.0,267.5,256.0,261.5,265515
2019-10-31,256.0,256.0,267.5,256.0,261.5,265515
2019-11-01,256.0,256.0,267.5,256.0,261.5,265515
2019-11-04,256.0,256.0,267.5,256.0,261.5,265515
2019-11-05,256.0,256.0,267.5,256.0,261.5,265515
2019-11-06,256.0,256.0,267.5,256.0,261.5,265515
2019-11-07,256.0,256.0,267.5,256.0,261.5,265515
2019-11-08,256.0,256.0,267.5,256.0,261.5,265515
2019-11-11,256.0,256.0,267.5,256.0,261.5,265515
2019-11-12,256.0,256.0,267.5,256.0,261.5,265515
2019-11-13,256.0,256.0,267.5,256.0,261.5,265515
2019-11-14,256.0,256.0,267.5,256.0,261.5,265515
2019-11-20,256.0,256.0,267.5,256.0,261.5,265515
2019-11-21,256.0,256.0,267.5,256.0,261.5,265515
2019-11-22,256.0,256.0,267.5,256.0,261.5,265515
2019-11-25,256.0,256.0,267.5,256.0,261.5,265515
2019-11-26,256.0,256.0,267.5,256.0,261.5,265515
2019-11-27,256.0,256.0,267.5,256.0,261.5,265515
2019-11-28,256.0,256.0,267.5,256.0,261.5,265515
2019-11-29,256.0,256.0,267.5,256.0,261.5,265515
2019-12-02,256.0,256.0,267.5,256.0,261.5,265515
2019-12-03,256.0,256.0,267.5,256.0,261.5,265515
2019-12-04,256.0,256.0,267.5,256.0,261.5,265515
2019-12-05,256.0,256.0,267.5,256.0,261.5,265515
2019-12-06,256.0,256.0,267.5,256.0,261.5,265515
2019-12-09,256.0,256.0,267.5,256.0,261.5,265515
2019-12-10,256.0,256.0,267.5,256.0,261.5,265515
2019-12-11,256.0,256.0,267.5,256.0,261.5,265515
2019-12-12,256.0,256.0,267.5,256.0,261.5,265515
2019-12-13,256.0,256.0,267.5,256.0,261.5,265515
2019-12-16,256.0,256.0,267.5,256.0,261.5,265515
2019-12-17,256.0,256.0,267.5,256.0,261.5,265515
2019-12-18,256.0,256.0,267.5,256.0,261.5,265515
2019-12-19,256.0,256.0,267.5,256.0,261.5,265515
2019-12-20,256.0,256.0,267.5,256.0,261.5,265515
2019-12-23,256.0,256.0,267.5,256.0,261.5,265515
2019-12-24,256.0,256.0,267.5,256.0,261.5,265515
2019-12-25,256.0,256.0,267.5,256.0,261.5,265515
2019-12-26,256.0,256.0,267.5,256.0,261.5,265515
2019-12-27,256.0,256.0,267.5,256.0,261.5,265515
2019-12-30,256.0,256.0,267.5,256.0,261.5,265515
2019-12-31,256.0,256.0,267.5,256.0,261.5,265515
2020-01-02,256.0,256.0,267.5,256.0,261.5,265515
2020-01-03,256.0,256.0,267.5,256.0,261.5,265515
2020-01-06,256.0,256.0,267.5,256.0,261.5,265515
2020-01-07,256.0,256.0,267.5,256.0,261.5,265515
2020-01-08,256.0,256.0,267.5,256.0,261.5,265515
2020-01-09,256.0,256.0,267.5,256.0,261.5,265515
2020-01-10,256.0,256.0,267.5,256.0,261.5,265515
2020-01-13,256.0,256.0,267.5,256.0,261.5,265515
2020-01-14,256.0,256.0,267.5,256.0,261.5,265515
2020-01-15,256.0,256.0,267.5,256.0,261.5,265515
2020-01-16,256.0,256.0,267.5,256.0,261.5,265515
2020-01-17,256.0,256.0,267.5,256.0,261.5,265515
2020-01-20,256.0,256.0,267.5,256.0,261.5,265515
2020-01-30,256.0,256.0,267.5,256.0,261.5,265515
2020-01-31,256.0,256.0,267.5,256.0,261.5,265515
2020-02-03,256.0,256.0,267.5,256.0,261.5,265515
2020-02-04,256.0,256.0,267.5,256.0,261.5,265515
2020-02-05,256.0,256.0,267.5,256.0,261.5,265515
2020-02-06,256.0,256.0,267.5,256.0,261.5,265515
2020-02-07,256.0,256.0,267.5,256.0,261.5,265515
2020-02-10,256.0,256.0,267.5,256.0,261.5,265515
2020-02-11,256.0,256.0,267.5,256.0,261.5,265515
2020-02-12,256.0,256.0,267.5,256.0,261.5,265515
2020-02-13,256.0,256.0,267.5,256.0,261.5,265515
2020-02-14,256.0,256.0,267.5,256.0,261.5,265515
2020-02-17,256.0,256.0,267.5,256.0,261.5,265515
2020-02-18,256.0,256.0,267.5,256.0,261.5,265515
2020-02-19,256.0,256.0,267.5,256.0,261.5,265515
2020-02-20,256.0,256.0,267.5,256.0,261.5,265515
2020-02-21,256.0,256.0,267.5,256.0,261.5,265515
2020-02-24,256.0,256.0,267.5,256.0,261.5,265515
2020-02-25,256.0,256.0,267.5,256.0,261.5,265515
2020-02-26,256.0,256.0,267.5,256.0,261.5,265515
2020-02-27,256.0,256.0,267.5,256.0,261.5,265515
2020-03-02,256.0,256.0,267.5,256.0,261.5,265515
2020-03-03,256.0,256.0,267.5,256.0,261.5,265515
2020-03-04,256.0,256.0,267.5,256.0,261.5,265515
2020-03-05,256.0,256.0,267.5,256.0,261.5,265515
2020-03-06,256.0,256.0,267.5,256.0,261.5,265515
2020-03-09,256.0,256.0,267.5,256.0,261.5,265515
2020-03-10,256.0,256.0,267.5,256.0,261.5,265515
2020-03-11,256.0,256.0,267.5,256.0,261.5,265515
2020-03-12,256.0,256.0,267.5,256.0,261.5,265515
2020-03-13,256.0,256.0,267.5,256.0,261.5,265515
2020-03-16,256.0,256.0,267.5,256.0,261.5,265515
2020-03-17,256.0,256.0,267.5,256.0,261.5,265515
2020-03-18,256.0,256.0,267.5,256.0,261.5,265515
2020-03-19,256.0,256.0,267.5,256.0,261.5,265515
2020-03-20,256.0,256.0,267.5,256.0,261.5,265515
2020-03-23,256.0,256.0,267.5,256.0,261.5,265515
2020-03-24,256.0,256.0,267.5,256.0,261.5,265515
2020-03-25,256.0,256.0,267.5,256.0,261.5,265515
2020-03-26,256.0,256.0,267.5,256.0,261.5,265515
2020-03-27,256.0,256.0,267.5,256.0,261.5,265515
2020-03-30,256.0,256.0,267.5,256.0,261.5,265515
2020-03-31,256.0,256.0,267.5,256.0,261.5,265515
2020-04-01,256.0,256.0,267.5,256.0,261.5,265515
2020-04-07,256.0,256.0,267.5,256.0,261.5,265515
2020-04-08,256.0,256.0,267.5,256.0,261.5,265515
2020-04-09,256.0,256.0,267.5,256.0,261.5,265515
2020-04-10,256.0,256.0,267.5,256.0,261.5,265515
2020-04-13,256.0,256.0,267.5,256.0,261.5,265515
2020-04-14,256.0,256.0,267.5,256.0,261.5,265515
2020-04-15,256.0,256.0,267.5,256.0,261.5,265515
2020-04-16,256.0,256.0,267.5,256.0,261.5,265515
2020-04-17,256.0,256.0,267.5,256.0,261.5,265515
2020-04-20,256.0,256.0,267.5,256.0,261.5,265515
2020-04-21,256.0,256.0,267.5,256.0,261.5,265515
2020-04-22,256.0,256.0,267.5,256.0,261.5,265515
2020-04-23,256.0,256.0,267.5,256.0,261.5,265515
2020-04-24,256.0,256.0,267.5,256.0,261.5,265515
2020-04-27,256.0,256.0,267.5,256.0,261.5,265515
2020-04-28,256.0,256.0,267.5,256.0,261.5,265515
2020-04-29,256.0,256.0,267.5,256.0,261.5,265515
2020-05-04,256.0,256.0,267.5,256.0,261.5,265515
2020-05-05,256.0,256.0,267.5,256.0,261.5,265515
2020-05-06,256.0,256.0,267.5,256.0,261.5,265515
2020-05-07,256.0,256.0,267.5,256.0,261.5,265515
2020-05-08,256.0,256.0,267.5,256.0,261.5,265515
2020-05-11,256.0,256.0,267.5,256.0,261.5,265515
2020-05-12,256.0,256.0,267.5,256.0,261.5,265515
2020-05-13,256.0,256.0,267.5,256.0,261.5,265515
2020-05-14,256.0,256.0,267.5,256.0,261.5,265515
2020-05-15,256.0,256.0,267.5,256.0,261.5,265515
2020-05-18,256.0,256.0,267.5,256.0,261.5,265515
2020-05-19,256.0,256.0,267.5,256.0,261.5,265515
2020-05-20,256.0,256.0,267.5,256.0,261.5,265515
2020-05-21,256.0,256.0,267.5,256.0,261.5,265515
2020-05-22,256.0,256.0,267.5,256.0,261.5,265515
2020-05-25,256.0,256.0,267.5,256.0,261.5,265515
2020-05-26,256.0,256.0,267.5,256.0,261.5,265515
2020-05-27,256.0,256.0,267.5,256.0,261.5,265515
2020-05-28,256.0,256.0,267.5,256.0,261.5,265515
2020-05-29,256.0,256.0,267.5,256.0,261.5,265515
2020-06-01,256.0,256.0,267.5,256.0,261.5,265515
2020-06-02,256.0,256.0,267.5,256.0,261.5,265515
2020-06-03,256.0,256.0,267.5,256.0,261.5,265515
2020-06-04,256.0,256.0,267.5,256.0,261.5,265515
2020-06-05,256.0,256.0,267.5,256.0,261.5,265515
2020-06-08,256.0,256.0,267.5,256.0,261.5,265515
2020-06-09,256.0,256.0,267.5,256.0,261.5,265515
2020-06-10,256.0,256.0,267.5,256.0,261.5,265515
2020-06-11,256.0,256.0,267.5,256.0,261.5,265515
2020-06-12,256.0,256.0,267.5,256.0,261.5,265515
2020-06-15,256.0,256.0,267.5,256.0,261.5,265515
2020-06-16,256.0,256.0,267.5,256.0,261.5,265515
2020-06-17,256.0,256.0,267.5,256.0,261.5,265515
2020-06-18,256.0,256.0,267.5,256.0,261.5,265515
2020-06-19,256.0,256.0,267.5,256.0,261.5,265515
2020-06-22,256.0,256.0,267.5,256.0,261.5,265515
2020-06-23,256.0,256.0,267.5,256.0,261.5,265515
2020-06-24,256.0,256.0,267.5,256.0,261.5,265515
2020-06-29,256.0,256.0,267.5,256.0,261.5,265515
2020-06-30,256.0,256.0,267.5,256.0,261.5,265515
2020-07-01,256.0,256.0,267.5,256.0,261.5,265515
2020-07-02,256.0,256.0,267.5,256.0,261.5,265515
2020-07-03,256.0,256.0,267.5,256.0,261.5,265515
2020-07-06,256.0,256.0,267.5,256.0,261.5,265515
2020-07-07,256.0,256.0,267.5,256.0,261.5,265515
2020-07-08,256.0,256.0,267.5,256.0,261.5,265515
2020-07-09,256.0,256.0,267.5,256.0,261.5,265515
2020-07-10,256.0,256.0,267.5,256.0,261.5,265515
2020-07-13,256.0,256.0,267.5,256.0,261.5,265515
2020-07-14,256.0,256.0,267.5,256.0,261.5,265515
2020-07-15,256.0,256.0,267.5,256.0,261.5,265515
2020-07-16,256.0,256.0,267.5,256.0,261.5,265515
2020-07-17,256.0,256.0,267.5,256.0,261.5,265515
2020-07-20,256.0,256.0,267.5,256.0,261.5,265515
2020-07-21,256.0,256.0,267.5,256.0,261.5,265515
2020-07-22,256.0,256.0,267.5,256.0,261.5,265515
2020-07-23,256.0,256.0,267.5,256.0,261.5,265515
2020-07-24,256.0,256.0,267.5,256.0,261.5,265515
2020-07-27,256.0,256.0,267.5,256.0,261.5,265515
2020-07-28,256.0,256.0,267.5,256.0,261.5,265515
2020-07-29,256.0,256.0,267.5,256.0,261.5,265515
2020-07-30,256.0,256.0,267.5,256.0,261.5,265515
2020-07-31,256.0,256.0,267.5,256.0,261.5,265515
2020-08-03,256.0,256.0,267.5,256.0,261.5,265515
2020-08-04,256.0,256.0,267.5,256.0,261.5,265515
2020-08-05,256.0,256.0,267.5,256.0,261.5,265515
2020-08-06,256.0,256.0,267.5,256.0,261.5,265515
2020-08-07,256.0,256.0,267.5,256.0,261.5,265515
2020-08-10,256.0,256.0,267.5,256.0,261.5,265515
2020-08-11,256.0,256.0,267.5,256.0,261.5,265515
2020-08-12,256.0,256.0,267.5,256.0,261.5,265515
2020-08-13,256.0,256.0,267.5,256.0,261.5,265515
2020-08-14,256.0,256.0,267.5,256.0,261.5,265515
2020-08-17,256.0,256.0,267.5,256.0,261.5,265515
2020-08-18,256.0,256.0,267.5,256.0,261.5,265515
2020-08-19,256.0,256.0,267.5,256.0,261.5,265515
2020-08-20,256.0,256.0,267.5,256.0,261.5,265515
2020-08-21,256.0,256.0,267.5,256.0,261.5,265515
2020-08-24,256.0,256.0,267.5,256.0,261.5,265515
2020-08-25,256.0,256.0,267.5,256.0,261.5,265515
2020-08-26,256.0,256.0,267.5,256.0,261.5,265515
2020-08-27,256.0,256.0,267.5,256.0,261.5,265515
2020-08-28,256.0,256.0,267.5,256.0,261.5,265515
2020-08-31,256.0,256.0,267.5,256.0,261.5,265515
2020-09-01,256.0,256.0,267.5,256.0,261.5,265515
2020-09-02,256.0,256.0,267.5,256.0,261.5,265515
2020-09-03,256.0,256.0,267.5,256.0,261.5,265515
2020-09-04,256.0,256.0,267.5,256.0,261.5,265515
2020-09-07,256.0,256.0,267.5,256.0,261.5,265515
2020-09-08,256.0,256.0,267.5,256.0,261.5,265515
2020-09-09,256.0,256.0,267.5,256.0,261.5,265515
2020-09-10,256.0,256.0,267.5,256.0,261.5,265515
2020-09-11,256.0,256.0,267.5,256.0,261.5,265515
2020-09-14,256.0,256.0,267.5,256.0,261.5,265515
2020-09-15,256.0,256.0,267.5,256.0,261.5,265515
2020-09-16,256.0,256.0,267.5,256.0,261.5,265515
2020-09-17,256.0,256.0,267.5,256.0,261.5,265515
2020-09-18,256.0,256.0,267.5,256.0,261.5,265515
2020-09-21,256.0,256.0,267.5,256.0,261.5,265515
2020-09-22,256.0,256.0,267.5,256.0,261.5,265515
2020-09-23,256.0,256.0,267.5,256.0,261.5,265515
2020-09-24,256.0,256.0,267.5,256.0,261.5,265515
2020-09-25,256.0,256.0,267.5,256.0,261.5,265515
2020-09-28,256.0,256.0,267.5,256.0,261.5,265515
2020-09-29,256.0,256.0,267.5,256.0,261.5,265515
2020-09-30,256.0,256.0,267.5,256.0,261.5,265515
2020-10-05,256.0,256.0,267.5,256.0,261.5,265515
2020-10-06,256.0,256.0,267.5,256.0,261.5,265515
2020-10-07,256.0,256.0,267.5,256.0,261.5,265515
2020-10-08,256.0,256.0,267.5,256.0,261.5,265515
2020-10-12,256.0,256.0,267.5,256.0,261.5,265515
2020-10-13,256.0,256.0,267.5,256.0,261.5,265515
2020-10-14,256.0,256.0,267.5,256.0,261.5,265515
2020-10-15,256.0,256.0,267.5,256.0,261.5,265515
2020-10-16,256.0,256.0,267.5,256.0,261.5,265515
2020-10-19,256.0,256.0,267.5,256.0,261.5,265515
2020-10-20,256.0,256.0,267.5,256.0,261.5,265515
2020-10-21,256.0,256.0,267.5,256.0,261.5,265515
2020-10-22,256.0,256.0,267.5,256.0,261.5,265515
2020-10-23,256.0,256.0,267.5,256.0,261.5,265515
2020-10-26,256.0,256.0,267.5,256.0,261.5,265515
2020-10-27,256.0,256.0,267.5,256.0,261.5,265515
2020-10-28,256.0,256.0,267.5,256.0,261.5,265515
2020-10-29,256.0,256.0,267.5,256.0,261.5,265515
2020-10-30,256.0,256.0,267.5,256.0,261.5,265515
2020-11-02,256.0,256.0,267.5,256.0,261.5,265515
2020-11-03,256.0,256.0,267.5,256.0,261.5,265515
2020-11-04,256.0,256.0,267.5,256.0,261.5,265515
2020-11-05,256.0,256.0,267.5,256.0,261.5,265515
2020-11-06,256.0,256.0,267.5,256.0,261.5,265515
2020-11-09,256.0,256.0,267.5,256.0,261.5,265515
2020-11-10,256.0,256.0,267.5,256.0,261.5,265515
2020-11-11,256.0,256.0,267.5,256.0,261.5,265515
2020-11-12,256.0,256.0,267.5,256.0,261.5,265515
2020-11-13,256.0,256.0,267.5,256.0,261.5,265515
2020-11-16,256.0,256.0,267.5,256.0,261.5,265515
2020-11-17,256.0,256.0,267.5,256.0,261.5,265515
2020-11-18,256.0,256.0,267.5,256.0,261.5,265515
2020-11-19,256.0,256.0,267.5,256.0,261.5,265515
2020-11-20,256.0,256.0,267.5,256.0,261.5,265515
2020-11-23,256.0,256.0,267.5,256.0,261.5,265515
2020-11-24,256.0,256.0,267.5,256.0,261.5,265515
2020-11-25,256.0,256.0,267.5,256.0,261.5,265515
2020-11-26,256.0,256.0,267.5,256.0,261.5,265515
2020-11-27,256.0,256.0,267.5,256.0,261.5,265515
2020-11-30,256.0,256.0,267.5,256.0,261.5,265515
2020-12-01,256.0,256.0,267.5,256.0,261.5,265515
2020-12-02,256.0,256.0,267.5,256.0,261.5,265515
2020-12-04,256.0,256.0,267.5,256.0,261.5,265515
2020-12-07,256.0,256.0,267.5,256.0,261.5,265515
2020-12-08,256.0,256.0,267.5,256.0,261.5,265515
2020-12-09,256.0,256.0,267.5,256.0,261.5,265515
2020-12-10,256.0,256.0,267.5,256.0,261.5,265515
2020-12-11,256.0,256.0,267.5,256.0,261.5,265515
2020-12-14,256.0,256.0,267.5,256.0,261.5,265515
2020-12-15,256.0,256.0,267.5,256.0,261.5,265515
2020-12-16,256.0,256.0,267.5,256.0,261.5,265515
2020-12-17,256.0,256.0,267.5,256.0,261.5,265515
2020-12-18,256.0,256.0,267.5,256.0,261.5,265515
2020-12-21,256.0,256.0,267.5,256.0,261.5,265515
2020-12-22,256.0,256.0,267.5,256.0,261.5,265515
2020-12-23,256.0,256.0,267.5,256.0,261.5,265515
2020-12-24,256.0,256.0,267.5,256.0,261.5,265515
2020-12-25,256.0,256.0,267.5,256.0,261.5,265515
2020-12-28,256.0,256.0,267.5,256.0,261.5,265515
2020-12-29,256.0,256.0,267.5,256.0,261.5,265515
2020-12-30,256.0,256.0,267.5,256.0,261.5,265515
2020-12-31,256.0,256.0,267.5,256.0,261.5,265515
2021-01-04,256.0,256.0,267.5,256.0,261.5,265515
2021-01-05,256.0,256.0,267.5,256.0,261.5,265515
2021-01-06,256.0,256.0,267.5,256.0,261.5,265515
2021-01-07,256.0,256.0,267.5,256.0,261.5,265515
2021-01-08,256.0,256.0,267.5,256.0,261.5,265515
2021-01-11,256.0,256.0,267.5,256.0,261.5,265515
2021-01-12,256.0,256.0,267.5,256.0,261.5,265515
2021-01-13,256.0,256.0,267.5,256.0,261.5,265515
2021-01-14,256.0,256.0,267.5,256.0,261.5,265515
2021-01-15,256.0,256.0,267.5,256.0,261.5,265515
2021-01-18,256.0,256.0,267.5,256.0,261.5,265515
2021-01-19,256.0,256.0,267.5,256.0,261.5,265515
2021-01-20,256.0,256.0,267.5,256.0,261.5,265515
2021-01-21,256.0,256.0,267.5,256.0,261.5,265515
2021-01-22,256.0,256.0,267.5,256.0,261.5,265515
2021-01-25,256.0,256.0,267.5,256.0,261.5,265515
2021-01-26,256.0,256.0,267.5,256.0,261.5,265515
2021-01-27,256.0,256.0,267.5,256.0,261.5,265515
2021-01-28,256.0,256.0,267.5,256.0,261.5,265515
2021-01-29,256.0,256.0,267.5,256.0,261.5,265515
2021-02-01,256.0,256.0,267.5,256.0,261.5,265515
2021-02-02,256.0,256.0,267.5,256.0,261.5,265515
2021-02-03,256.0,256.0,267.5,256.0,261.5,265515
2021-02-04,256.0,256.0,267.5,256.0,261.5,265515
2021-02-05,256.0,256.0,267.5,256.0,261.5,265515
2021-02-17,256.0,256.0,267.5,256.0,261.5,265515
2021-02-18,256.0,256.0,267.5,256.0,261.5,265515
2021-02-19,256.0,256.0,267.5,256.0,261.5,265515
2021-02-22,256.0,256.0,267.5,256.0,261.5,265515
2021-02-23,256.0,256.0,267.5,256.0,261.5,265515
2021-02-24,256.0,256.0,267.5,256.0,261.5,265515
2021-02-25,256.0,256.0,267.5,256.0,261.5,265515
2021-02-26,256.0,256.0,267.5,256.0,261.5,265515
2021-03-02,256.0,256.0,267.5,256.0,261.5,265515
2021-03-03,256.0,256.0,267.5,256.0,261.5,265515
2021-03-04,256.0,256.0,267.5,256.0,261.5,265515
2021-03-05,256.0,256.0,267.5,256.0,261.5,265515
2021-03-08,256.0,256.0,267.5,256.0,261.5,265515
2021-03-09,256.0,256.0,267.5,256.0,261.5,265515
2021-03-10,256.0,256.0,267.5,256.0,261.5,265515
2021-03-11,256.0,256.0,267.5,256.0,261.5,265515
2021-03-12,256.0,256.0,267.5,256.0,261.5,265515
2021-03-15,256.0,256.0,267.5,256.0,261.5,265515
2021-03-16,256.0,256.0,267.5,256.0,261.5,265515
2021-03-17,256.0,256.0,267.5,256.0,261.5,265515
2021-03-18,256.0,256.0,267.5,256.0,261.5,265515
2021-03-19,256.0,256.0,267.5,256.0,261.5,265515
2021-03-22,256.0,256.0,267.5,256.0,261.5,265515
2021-03-23,256.0,256.0,267.5,256.0,261.5,265515
2021-03-24,256.0,256.0,267.5,256.0,261.5,265515
2021-03-25,256.0,256.0,267.5,256.0,261.5,265515
2021-03-26,256.0,256.0,267.5,256.0,261.5,265515
2021-03-29,256.0,256.0,267.5,256.0,261.5,265515
2021-03-30,256.0,256.0,267.5,256.0,261.5,265515
2021-03-31,256.0,256.0,267.5,256.0,261.5,265515
2021-04-01,256.0,256.0,267.5,256.0,261.5,265515
2021-04-06,256.0,256.0,267.5,256.0,261.5,265515
2021-04-07,256.0,256.0,267.5,256.0,261.5,265515
2021-04-08,256.0,256.0,267.5,256.0,261.5,265515
2021-04-09,256.0,256.0,267.5,256.0,261.5,265515
2021-04-12,256.0,256.0,267.5,256.0,261.5,265515
2021-04-13,256.0,256.0,267.5,256.0,261.5,265515
2021-04-14,256.0,256.0,267.5,256.0,261.5,265515
2021-04-15,256.0,256.0,267.5,256.0,261.5,265515
2021-04-16,256.0,256.0,267.5,256.0,261.5,265515
2021-04-19,256.0,256.0,267.5,256.0,261.5,265515
2021-04-20,256.0,256.0,267.5,256.0,261.5,265515
2021-04-21,256.0,256.0,267.5,256.0,261.5,265515
2021-04-22,256.0,256.0,267.5,256.0,261.5,265515
2021-04-23,256.0,256.0,267.5,256.0,261.5,265515
2021-04-26,256.0,256.0,267.5,256.0,261.5,265515
2021-04-27,256.0,256.0,267.5,256.0,261.5,265515
2021-04-28,256.0,256.0,267.5,256.0,261.5,265515
2021-04-29,256.0,256.0,267.5,256.0,261.5,265515
2021-05-03,256.0,256.0,267.5,256.0,261.5,265515
2021-05-04,256.0,256.0,267.5,256.0,261.5,265515
2021-05-05,256.0,256.0,267.5,256.0,261.5,265515
2021-05-06,256.0,256.0,267.5,256.0,261.5,265515
2021-05-07,256.0,256.0,267.5,256.0,261.5,265515
2021-05-10,256.0,256.0,267.5,256.0,261.5,265515
2021-05-11,256.0,256.0,267.5,256.0,261.5,265515
2021-05-12,256.0,256.0,267.5,256.0,261.5,265515
2021-05-13,256.0,256.0,267.5,256.0,261.5,265515
2021-05-14,256.0,256.0,267.5,256.0,261.5,265515
2021-05-17,256.0,256.0,267.5,256.0,261.5,265515
2021-05-18,256.0,256.0,267.5,256.0,261.5,265515
2021-05-19,256.0,256.0,267.5,256.0,261.5,265515
2021-05-20,256.0,256.0,267.5,256.0,261.5,265515
2021-05-21,256.0,256.0,267.5,256.0,261.5,265515
2021-05-24,256.0,256.0,267.5,256.0,261.5,265515
2021-05-25,256.0,256.0,267.5,256.0,261.5,265515
2021-05-26,256.0,256.0,267.5,256.0,261.5,265515
2021-05-27,256.0,256.0,267.5,256.0,261.5,265515
2021-05-28,256.0,256.0,267.5,256.0,261.5,265515
2021-05-31,256.0,256.0,267.5,256.0,261.5,265515
2021-06-01,256.0,256.0,267.5,256.0,261.5,265515
2021-06-02,256.0,256.0,267.5,256.0,261.5,265515
2021-06-03,256.0,256.0,267.5,256.0,261.5,265515
2021-06-04,256.0,256.0,267.5,256.0,261.5,265515
2021-06-07,256.0,256.0,267.5,256.0,261.5,265515
2021-06-08,256.0,256.0,267.5,256.0,261.5,265515
2021-06-09,256.0,256.0,267.5,256.0,261.5,265515
2021-06-10,256.0,256.0,267.5,256.0,261.5,265515
2021-06-11,256.0,256.0,267.5,256.0,261.5,265515
2021-06-15,256.0,256.0,267.5,256.0,261.5,265515
2021-06-16,256.0,256.0,267.5,256.0,261.5,265515
2021-06-17,256.0,256.0,267.5,256.0,261.5,265515
2021-06-18,256.0,256.0,267.5,256.0,261.5,265515
2021-06-21,256.0,256.0,267.5,256.0,261.5,265515
2021-06-22,256.0,256.0,267.5,256.0,261.5,265515
2021-06-23,256.0,256.0,267.5,256.0,261.5,265515
2021-06-24,256.0,256.0,267.5,256.0,261.5,265515
2021-06-25,256.0,256.0,267.5,256.0,261.5,265515
2021-06-28,256.0,256.0,267.5,256.0,261.5,265515
2021-06-29,256.0,256.0,267.5,256.0,261.5,265515
2021-06-30,256.0,256.0,267.5,256.0,261.5,265515
2021-07-01,256.0,256.0,267.5,256.0,261.5,265515
2021-07-02,256.0,256.0,267.5,256.0,261.5,265515
2021-07-05,256.0,256.0,267.5,256.0,261.5,265515
2021-07-06,256.0,256.0,267.5,256.0,261.5,265515
2021-07-07,256.0,256.0,267.5,256.0,261.5,265515
2021-07-08,256.0,256.0,267.5,256.0,261.5,265515
2021-07-09,256.0,256.0,267.5,256.0,261.5,265515
2021-07-12,256.0,256.0,267.5,256.0,261.5,265515
2021-07-13,256.0,256.0,267.5,256.0,261.5,265515
2021-07-14,256.0,256.0,267.5,256.0,261.5,265515
2021-07-15,256.0,256.0,267.5,256.0,261.5,265515
2021-07-16,256.0,256.0,267.5,256.0,261.5,265515
2021-07-19,256.0,256.0,267.5,256.0,261.5,265515
2021-07-20,256.0,256.0,267.5,256.0,261.5,265515
2021-07-21,256.0,256.0,267.5,256.0,261.5,265515
2021-07-22,256.0,256.0,267.5,256.0,261.5,265515
2021-07-23,256.0,256.0,267.5,256.0,261.5,265515
2021-07-26,256.0,256.0,267.5,256.0,261.5,265515
2021-07-27,256.0,256.0,267.5,256.0,261.5,265515
2021-07-28,256.0,256.0,267.5,256.0,261.5,265515
2021-07-29,256.0,256.0,267.5,256.0,261.5,265515
2021-07-30,256.0,256.0,267.5,256.0,261.5,265515
2021-08-02,256.0,256.0,267.5,256.0,261.5,265515
2021-08-03,256.0,256.0,267.5,256.0,261.5,265515
2021-08-04,256.0,256.0,267.5,256.0,261.5,265515
2021-08-05,256.0,256.0,267.5,256.0,261.5,265515
2021-08-06,256.0,256.0,267.5,256.0,261.5,265515
2021-08-09,124.0,124.0,129.5,124.0,128.0,708000
2021-08-10,118.0,118.0,126.0,118.0,124.0,1043000
2021-08-11,116.0,116.0,120.0,114.0,117.0,983000
2021-08-12,118.5,118.5,119.5,116.0,117.0,409000
2021-08-13,114.0,114.0,121.0,113.0,121.0,546000
2021-08-16,108.0,108.0,114.0,104.0,114.0,2059000
2021-08-17,104.0,104.0,111.0,104.0,111.0,662000
2021-08-18,112.0,112.0,112.0,100.0,101.5,875000
2021-08-19,104.0,104.0,111.0,104.0,111.0,825000
2021-08-20,104.5,104.5,107.0,102.0,105.0,487000
2021-08-23,114.5,114.5,114.5,106.0,106.0,1019000
2021-08-24,112.0,112.0,116.5,112.0,115.0,853000
2021-08-25,114.5,114.5,118.0,113.0,113.0,540000
2021-08-26,112.0,112.0,116.0,111.0,115.0,302000
2021-08-27,113.0,113.0,114.0,111.0,112.0,191000
2021-08-30,117.5,117.5,122.0,114.5,115.0,824000
2021-08-31,118.0,118.0,119.0,116.0,117.5,198000
2021-09-01,120.0,120.0,120.5,117.0,117.0,328000
2021-09-02,118.5,118.5,124.0,118.5,120.0,629000
2021-09-03,118.5,118.5,122.5,118.0,119.5,208000
2021-09-06,114.0,114.0,120.0,113.5,118.5,500000
2021-09-07,110.5,110.5,114.5,110.5,114.0,269000
2021-09-08,106.0,106.0,110.5,104.5,109.5,600000
2021-09-09,110.0,110.0,110.0,103.5,103.5,217000
2021-09-10,111.0,111.0,111.0,109.0,110.5,124000
2021-09-13,107.5,107.5,110.5,107.5,109.5,180000
2021-09-14,107.5,107.5,112.0,107.5,108.5,182000
2021-09-15,107.0,107.0,108.0,105.0,108.0,198000
2021-09-16,105.0,105.0,108.0,103.0,108.0,318000
2021-09-17,106.5,106.5,107.5,104.5,104.5,90000
2021-09-22,106.5,106.5,106.5,103.0,103.5,127000
2021-09-23,106.5,106.5,109.0,105.0,107.0,239000
2021-09-24,107.5,107.5,108.5,107.0,108.5,81000
2021-09-27,108.5,108.5,109.0,107.5,108.0,77000
2021-09-28,106.0,106.0,109.5,106.0,109.5,130000
2021-09-29,103.5,103.5,105.5,102.5,102.5,300000
2021-09-30,104.0,104.0,105.0,103.0,104.5,111000
2021-10-01,104.5,104.5,109.5,103.0,104.0,603000
2021-10-04,101.0,101.0,107.0,100.5,105.5,288000
2021-10-05,102.0,102.0,102.0,98.0,98.0,255000
2021-10-06,99.6,99.6,102.5,99.6,102.5,209000
2021-10-07,101.0,101.0,102.0,100.0,100.5,278000
2021-10-08,99.8,99.8,102.5,99.7,102.0,150000
2021-10-12,96.0,96.0,98.9,95.0,97.0,300000
2021-10-13,94.6,94.6,97.8,94.2,96.2,228000
2021-10-14,94.6,94.6,96.4,93.6,95.4,227000
2021-10-15,97.2,97.2,97.5,95.0,95.5,1057000
2021-10-18,97.4,97.4,98.4,96.8,97.2,241000
2021-10-19,99.8,99.8,101.0,98.3,98.4,152000
2021-10-20,99.0,99.0,100.0,99.0,100.0,98000
2021-10-21,98.3,98.3,101.0,98.3,100.0,345000
2021-10-22,101.0,101.0,101.0,97.8,99.2,196000
2021-10-25,99.8,99.8,101.0,99.2,101.0,50000
2021-10-26,98.8,98.8,101.0,98.8,100.5,163000
2021-10-27,101.0,101.0,101.0,98.0,99.0,170000
2021-10-28,101.0,101.0,102.0,100.0,101.5,118000
2021-10-29,100.0,100.0,101.5,99.6,101.5,116000
2021-11-01,104.0,104.0,109.0,101.5,101.5,558000
2021-11-02,100.0,100.0,105.0,100.0,104.0,296000
2021-11-03,101.5,101.5,102.5,100.5,101.5,165000
2021-11-04,101.0,101.0,102.0,100.5,102.0,137000
2021-11-05,102.0,102.0,102.5,100.0,101.5,101000
2021-11-08,97.9,97.9,100.0,97.0,99.0,842000
2021-11-09,97.8,97.8,98.5,97.2,97.9,290000
2021-11-10,98.1,98.1,100.5,98.0,98.0,272000
2021-11-11,101.0,101.0,102.5,98.9,98.9,397000
2021-11-12,100.0,100.0,103.0,99.5,103.0,318000
2021-11-15,101.5,101.5,102.5,99.5,99.5,293000
2021-11-16,100.0,100.0,102.5,99.5,102.5,200000
2021-11-17,101.0,101.0,102.0,99.8,100.0,272000
2021-11-18,100.0,100.0,101.5,99.9,101.5,177000
2021-11-19,100.0,100.0,101.0,99.9,100.0,146000
2021-11-22,99.9,99.9,101.0,99.7,101.0,161000
2021-11-23,97.9,97.9,99.7,97.9,99.7,370000
2021-11-24,98.5,98.5,99.0,97.3,98.0,101000
2021-11-25,99.6,99.6,100.5,98.9,99.0,125000
2021-11-26,98.1,98.1,99.5,98.0,98.8,102000
2021-11-29,98.5,98.5,99.5,96.5,97.5,152000
2021-11-30,99.4,99.4,100.0,99.0,99.5,119000
2021-12-01,99.7,99.7,99.8,99.0,99.8,129000
2021-12-02,99.0,99.0,101.5,99.0,99.1,223000
2021-12-03,98.9,98.9,100.5,98.5,100.5,142000
2021-12-06,97.4,97.4,98.9,97.0,98.8,279000
2021-12-07,94.3,94.3,97.5,94.3,97.3,732000
2021-12-08,95.0,95.0,95.7,94.4,95.0,187000
2021-12-09,94.2,94.2,96.1,93.5,95.0,294000
2021-12-10,94.6,94.6,95.4,93.9,95.4,98000
2021-12-13,94.0,94.0,95.4,94.0,95.4,103000
2021-12-14,91.8,91.8,93.8,91.3,93.4,232000
2021-12-15,93.6,93.6,95.0,91.8,92.2,257000
2021-12-16,94.2,94.2,95.4,93.7,95.4,35000
2021-12-17,92.1,92.1,94.2,92.0,93.7,214000
2021-12-20,92.0,92.0,92.8,91.3,92.8,119000
2021-12-21,92.5,92.5,92.5,91.5,92.0,49000
2021-12-22,92.5,92.5,93.0,92.1,93.0,74000
2021-12-23,93.1,93.1,93.5,92.6,92.6,42000
2021-12-24,93.2,93.2,94.1,93.2,93.4,98000
2021-12-27,93.5,93.5,93.9,93.1,93.9,32000
2021-12-28,93.3,93.3,94.0,93.3,93.6,41000
2021-12-29,92.7,92.7,93.5,92.5,93.5,66000
2021-12-30,93.9,93.9,94.2,92.9,93.4,72000
2022-01-03,95.3,95.3,95.5,93.5,95.0,122000
2022-01-04,94.6,94.6,96.0,94.6,95.9,111000
2022-01-05,94.4,94.4,94.6,93.0,94.6,115000
2022-01-06,92.4,92.4,93.9,92.4,93.5,107000
2022-01-07,91.2,91.2,92.7,91.2,92.4,169000
2022-01-10,90.8,90.8,91.2,90.5,91.2,85000
2022-01-11,89.7,89.7,91.4,89.5,91.4,134000
2022-01-12,88.1,88.1,89.9,88.0,89.9,154000
2022-01-13,88.7,88.7,89.0,87.5,88.1,113000
2022-01-14,88.1,88.1,88.5,87.0,88.1,80000
2022-01-17,89.3,89.3,89.3,88.0,88.3,40000
2022-01-18,92.2,92.2,95.0,89.3,89.3,206000
2022-01-19,92.5,92.5,93.5,92.1,92.2,56000
2022-01-20,92.2,92.2,93.2,92.2,93.0,24000
2022-01-21,90.7,90.7,91.5,90.7,91.5,17000
2022-01-24,89.8,89.8,90.7,89.2,90.7,31000
2022-01-25,89.3,89.3,89.8,88.8,89.8,28000
2022-01-26,89.0,89.0,90.0,88.8,88.8,35000
2022-02-07,90.0,90.0,90.0,89.0,89.6,29000
2022-02-08,89.2,89.2,89.9,89.0,89.9,52000
2022-02-09,89.2,89.2,89.4,88.5,89.4,49000
2022-02-10,89.2,89.2,89.4,89.0,89.3,52000
2022-02-11,89.0,89.0,89.3,88.8,88.8,28000
2022-02-14,87.8,87.8,89.0,87.7,89.0,54000
2022-02-15,87.6,87.6,88.0,87.5,87.5,32000
2022-02-16,87.7,87.7,88.0,87.4,87.7,65000
2022-02-17,87.0,87.0,87.9,85.4,87.8,77000
2022-02-18,86.5,86.5,87.0,86.1,86.2,50000
2022-02-21,86.5,86.5,87.0,85.9,86.1,55000
2022-02-22,83.6,83.6,86.5,83.0,85.6,236000
2022-02-23,83.3,83.3,83.7,83.0,83.3,60000
2022-02-24,79.9,79.9,82.9,79.0,82.9,314000
2022-02-25,78.3,78.3,81.0,78.3,81.0,125000
2022-03-01,78.4,78.4,80.7,77.9,80.7,232000
2022-03-02,76.4,76.4,77.9,75.8,77.5,241000
2022-03-03,84.0,84.0,84.0,76.5,76.5,356000
2022-03-04,82.8,82.8,85.6,81.9,84.0,307000
2022-03-07,79.4,79.4,82.8,79.1,82.8,107000
2022-03-08,77.1,77.1,78.9,76.7,78.5,124000
2022-03-09,78.3,78.3,78.4,77.7,78.4,87000
2022-03-10,80.1,80.1,81.5,79.2,79.2,86000
2022-03-11,78.6,78.6,79.2,78.1,79.2,34000
2022-03-14,78.7,78.7,79.6,78.1,79.6,68000
2022-03-15,76.5,76.5,79.1,76.5,79.1,51000
2022-03-16,78.0,78.0,78.3,76.1,77.0,62000
2022-03-17,78.8,78.8,80.0,78.5,78.5,77000
2022-03-18,79.2,79.2,79.6,78.6,78.6,57000
2022-03-21,80.0,80.0,80.5,79.7,79.7,59000
2022-03-22,79.7,79.7,81.3,79.7,80.7,68000
2022-03-23,79.8,79.8,80.8,79.7,79.7,45000
2022-03-24,79.8,79.8,80.1,79.3,79.3,33000
2022-03-25,79.8,79.8,80.1,79.5,79.5,32000
2022-03-28,80.1,80.1,80.2,79.5,80.1,23000
2022-03-29,79.7,79.7,80.1,79.5,79.6,41000
2022-03-30,80.2,80.2,81.1,79.7,79.7,71000
2022-03-31,80.7,80.7,81.4,80.2,80.2,69000
2022-04-01,81.9,81.9,82.0,80.1,80.2,65000
2022-04-06,81.1,81.1,81.9,81.0,81.0,37000
2022-04-07,78.8,78.8,81.3,78.8,81.0,60000
2022-04-08,79.4,79.4,79.6,78.9,79.6,33000
2022-04-11,77.0,77.0,79.9,76.3,79.9,72000
2022-04-12,77.0,77.0,78.0,76.2,76.8,72000
2022-04-13,77.2,77.2,77.6,76.8,77.6,27000
2022-04-14,77.0,77.0,77.3,76.5,77.2,28000
2022-04-15,75.8,75.8,77.0,75.7,77.0,50000
2022-04-18,76.1,76.1,76.8,75.6,75.6,16000
2022-04-19,76.4,76.4,76.6,76.0,76.3,18000
2022-04-20,76.3,76.3,76.8,76.3,76.5,26000
2022-04-21,75.6,75.6,76.5,75.6,76.1,24000
2022-04-22,75.4,75.4,76.0,75.0,75.6,32000
2022-04-25,71.6,71.6,74.8,71.3,74.8,109000
2022-04-26,69.7,69.7,72.6,69.0,71.6,133000
2022-04-27,65.4,65.4,69.0,64.0,69.0,255000
2022-04-28,66.0,66.0,67.6,65.5,66.7,132000
2022-04-29,66.3,66.3,67.1,65.3,67.0,170000
2022-05-03,69.5,69.5,70.0,67.0,67.6,142000
2022-05-04,71.4,71.4,72.6,71.0,72.5,122000
2022-05-05,71.5,71.5,72.4,71.0,71.9,91000
2022-05-06,70.3,70.3,71.3,68.8,70.0,58000
2022-05-09,69.3,69.3,71.0,68.2,69.0,59000
2022-05-10,69.5,69.5,69.7,68.3,68.3,51000
2022-05-11,69.9,69.9,70.0,69.2,69.7,39000
2022-05-12,68.8,68.8,70.7,67.0,70.7,54000
2022-05-13,70.0,70.0,70.8,67.8,67.8,104000
2022-05-16,70.9,70.9,72.8,70.2,72.8,41000
2022-05-17,71.6,71.6,71.6,70.8,71.0,44000
2022-05-18,71.8,71.8,72.5,71.3,72.5,62000
2022-05-19,71.9,71.9,72.0,70.5,70.7,51000
2022-05-20,71.9,71.9,72.7,71.5,72.7,38000
2022-05-23,71.9,71.9,73.7,71.5,73.7,73000
2022-05-24,71.8,71.8,72.8,71.4,72.8,32000
2022-05-25,71.8,71.8,71.8,71.0,71.8,37000
2022-05-26,71.4,71.4,72.4,71.2,71.8,26000
2022-05-27,71.9,71.9,72.6,71.4,72.1,22000
2022-05-30,72.2,72.2,72.3,71.2,71.2,42000
2022-05-31,72.4,72.4,72.7,71.7,72.7,31000
2022-06-01,72.8,72.8,73.0,72.4,72.5,30000
2022-06-02,73.1,73.1,73.2,72.8,72.8,15000
2022-06-06,72.8,72.8,72.8,72.2,72.4,16000
2022-06-07,72.0,72.0,72.8,71.7,72.8,30000
2022-06-08,71.9,71.9,72.6,71.0,72.6,68000
2022-06-09,72.0,72.0,72.9,71.4,72.0,38000
2022-06-10,70.0,70.0,72.0,70.0,72.0,43000
2022-06-13,70.8,70.8,71.0,67.7,69.6,100000
2022-06-14,71.0,71.0,71.6,70.0,70.8,22000
2022-06-15,71.4,71.4,71.5,70.5,71.0,52000
2022-06-16,71.1,71.1,73.0,70.4,71.5,110000
2022-06-17,70.3,70.3,71.1,68.5,68.5,76000
2022-06-20,67.3,67.3,69.5,67.0,69.4,157000
2022-06-21,67.2,67.2,68.0,66.5,68.0,79000
2022-06-22,66.4,66.4,67.7,64.0,67.7,148000
2022-06-23,65.9,65.9,66.9,64.6,65.0,66000
2022-06-24,65.0,65.0,67.0,65.0,67.0,37000
2022-06-27,65.2,65.2,65.9,63.3,65.8,135000
2022-06-28,65.8,65.8,68.8,65.2,66.6,141000
2022-06-29,64.5,64.5,65.7,64.5,65.7,40000
2022-06-30,62.8,62.8,64.6,62.1,63.6,77000
2022-07-01,56.6,56.6,62.1,56.6,62.1,150000
2022-07-04,56.6,56.6,56.6,55.1,56.0,128000
2022-07-05,56.8,56.8,56.9,56.0,56.6,36000
2022-07-06,56.8,56.8,57.5,56.7,57.0,191000
2022-07-07,52.4,52.4,52.9,51.9,52.8,54000
2022-07-08,52.7,52.7,53.9,52.4,52.6,60000
2022-07-11,51.5,51.5,52.5,51.4,52.2,43000
2022-07-12,50.1,50.1,51.3,50.0,50.6,93000
2022-07-13,50.3,50.3,50.7,50.0,50.6,48000
2022-07-14,51.8,51.8,52.1,50.0,50.3,104000
2022-07-15,51.6,51.6,52.4,51.0,52.1,38000
2022-07-18,52.0,52.0,52.0,51.6,51.7,13000
2022-07-19,51.8,51.8,52.1,50.7,50.7,27000
2022-07-20,54.6,54.6,55.5,51.9,52.4,116000
2022-07-21,57.0,57.0,57.0,52.8,54.6,161000
2022-07-22,56.7,56.7,57.4,56.3,56.8,101000
2022-07-25,55.1,55.1,56.5,55.0,56.5,67000
2022-07-26,53.9,53.9,55.1,53.5,55.1,30000
2022-07-27,54.1,54.1,55.5,53.9,54.9,41000
2022-07-28,54.3,54.3,55.6,53.7,55.6,21000
2022-07-29,54.1,54.1,54.8,53.8,54.7,25000
2022-08-01,53.6,53.6,54.1,53.5,54.1,19000
2022-08-02,53.1,53.1,53.3,52.7,53.2,31000
2022-08-03,53.5,53.5,54.1,52.9,53.1,51000
2022-08-04,53.6,53.6,53.6,53.1,53.5,6000
2022-08-05,54.8,54.8,55.0,54.0,54.0,33000
2022-08-08,53.7,53.7,54.5,52.7,54.5,37000
2022-08-09,52.8,52.8,54.3,52.8,53.5,44000
2022-08-10,52.9,52.9,53.0,52.0,52.2,21000
2022-08-11,52.8,52.8,53.1,52.8,52.8,16000
2022-08-12,53.6,53.6,53.6,52.8,52.8,31000
2022-08-15,54.1,54.1,54.5,53.2,53.2,34000
2022-08-16,54.1,54.1,54.4,53.7,53.9,32000
2022-08-17,54.3,54.3,54.3,54.0,54.1,33000
2022-08-18,54.1,54.1,54.2,53.7,54.1,19000
2022-08-19,55.4,55.4,55.6,54.0,54.1,114000
2022-08-22,56.3,56.3,57.0,54.8,54.8,81000
2022-08-23,56.0,56.0,56.2,55.7,56.0,49000
2022-08-24,55.7,55.7,56.0,54.1,56.0,34000
2022-08-25,56.4,56.4,57.0,55.5,55.5,48000
2022-08-26,56.9,56.9,57.3,56.4,56.5,74000
2022-08-29,56.1,56.1,56.3,55.1,55.1,31000
2022-08-30,56.9,56.9,57.2,56.8,56.9,24000
2022-08-31,57.0,57.0,57.2,57.0,57.0,35000
2022-09-01,56.7,56.7,57.1,56.1,57.0,15000
2022-09-02,57.0,57.0,57.2,56.2,56.7,26000
2022-09-05,57.1,57.1,58.0,57.1,58.0,20000
2022-09-06,56.3,56.3,57.2,56.3,57.0,28000
2022-09-07,53.5,53.5,54.2,53.0,54.0,161000
2022-09-08,53.7,53.7,54.3,53.1,53.1,31000
2022-09-12,51.9,51.9,53.5,51.9,52.7,111000
2022-09-13,51.5,51.5,52.3,51.1,51.9,34000
2022-09-14,51.2,51.2,51.4,50.0,50.0,22000
2022-09-15,51.3,51.3,51.9,50.6,50.6,11000
2022-09-16,51.3,51.3,51.8,51.3,51.8,7000
2022-09-19,50.5,50.5,51.1,50.1,51.1,70000
2022-09-20,50.7,50.7,50.8,50.1,50.6,23000
2022-09-21,50.6,50.6,50.6,50.0,50.6,25000
2022-09-22,50.2,50.2,50.3,50.0,50.1,22000
2022-09-23,49.95,49.95,50.0,49.4,50.0,27000
2022-09-26,47.2,47.2,49.8,46.0,49.1,74000
2022-09-27,47.5,47.5,47.85,46.05,47.0,18000
2022-09-28,46.4,46.4,46.65,44.5,46.4,38000
2022-09-29,47.1,47.1,47.45,44.6,46.0,29000
2022-09-30,46.0,46.0,46.9,45.5,45.5,15000
2022-10-03,45.9,45.9,46.0,44.3,44.4,22000
2022-10-04,47.6,47.6,47.8,45.85,45.85,16000
2022-10-05,47.9,47.9,49.0,46.8,48.5,43000
2022-10-06,47.9,47.9,48.9,47.0,48.9,12000
2022-10-07,46.8,46.8,46.9,45.25,45.25,24000
2022-10-11,45.95,45.95,46.8,44.0,46.8,41000
2022-10-12,45.4,45.4,45.75,44.0,44.05,24000
2022-10-13,44.7,44.7,46.25,43.55,46.25,54000
2022-10-14,44.85,44.85,45.4,44.7,45.0,30000
2022-10-17,44.9,44.9,45.7,44.2,45.7,10000
2022-10-18,44.4,44.4,45.6,44.05,44.1,50000
2022-10-19,44.6,44.6,44.9,44.0,44.1,7000
2022-10-20,44.7,44.7,45.15,43.65,43.7,11000
2022-10-21,44.8,44.8,44.8,44.25,44.7,10000
2022-10-24,45.0,45.0,45.45,44.55,44.55,16000
2022-10-25,44.7,44.7,45.4,44.55,44.6,14000
2022-10-26,44.1,44.1,44.6,43.85,43.85,22000
2022-10-27,44.35,44.35,44.4,43.8,43.8,12000
2022-10-28,44.05,44.05,44.35,43.5,43.6,19000
2022-10-31,44.45,44.45,44.95,44.05,44.1,83000
2022-11-01,44.55,44.55,46.1,44.4,46.1,14000
2022-11-02,44.8,44.8,44.8,44.3,44.5,17000
2022-11-03,44.8,44.8,44.8,44.15,44.15,14000
2022-11-04,44.7,44.7,45.0,44.2,44.8,16000
2022-11-07,45.0,45.0,45.0,44.6,44.7,12000
2022-11-08,45.0,45.0,45.4,44.9,45.4,21000
2022-11-09,45.35,45.35,45.45,44.9,45.0,56000
2022-11-10,44.95,44.95,45.3,44.8,45.25,14000
2022-11-11,47.15,47.15,47.35,45.35,46.0,186000
2022-11-14,47.25,47.25,47.3,46.5,46.95,43000
2022-11-15,47.15,47.15,47.25,46.8,47.25,30000
2022-11-16,46.8,46.8,47.25,46.55,47.25,29000
2022-11-17,46.65,46.65,46.8,45.8,45.8,38000
2022-11-18,45.85,45.85,46.25,45.8,46.25,33000
2022-11-21,45.9,45.9,45.9,45.55,45.85,11000
2022-11-22,46.1,46.1,46.5,45.2,46.5,16000
2022-11-23,46.1,46.1,46.1,46.1,46.1,1000
2022-11-24,46.3,46.3,46.3,45.65,46.05,18000
2022-11-25,46.05,46.05,46.3,45.8,45.8,11000
2022-11-28,46.2,46.2,46.2,45.5,46.2,21000
2022-11-29,47.0,47.0,47.0,46.0,46.1,17000
2022-11-30,47.95,47.95,48.3,47.15,47.3,94000
2022-12-01,48.1,48.1,48.5,47.85,48.25,71000
2022-12-02,48.75,48.75,48.85,48.0,48.6,64000
2022-12-05,49.85,49.85,51.0,48.85,48.85,95000
2022-12-06,49.9,49.9,50.0,49.2,49.9,72000
2022-12-07,49.0,49.0,50.0,48.85,49.6,52000
2022-12-08,49.0,49.0,49.0,49.0,49.0,4000
2022-12-09,49.3,49.3,49.5,49.0,49.15,18000
2022-12-12,49.2,49.2,49.3,49.0,49.0,6000
2022-12-13,48.55,48.55,49.1,48.5,49.1,16000
2022-12-14,49.45,49.45,49.45,48.4,48.45,16000
2022-12-15,49.5,49.5,49.55,49.25,49.5,34000
2022-12-16,48.9,48.9,49.8,48.4,49.8,26000
2022-12-19,48.4,48.4,48.9,48.25,48.9,16000
2022-12-20,48.4,48.4,48.4,47.0,48.35,20000
2022-12-21,47.45,47.45,48.3,47.0,47.35,26000
2022-12-22,47.6,47.6,48.5,47.0,48.5,7000
2022-12-23,47.2,47.2,47.55,46.55,46.6,22000
2022-12-26,47.3,47.3,48.1,47.1,47.55,50000
2022-12-27,47.55,47.55,47.55,47.05,47.5,10000
2022-12-28,47.5,47.5,47.6,47.0,47.1,15000
2022-12-29,46.9,46.9,47.5,46.5,47.5,18000
2022-12-30,46.9,46.9,47.1,46.9,47.1,3000
2023-01-03,47.65,47.65,48.0,46.6,46.65,20000
2023-01-04,47.05,47.05,47.5,46.75,47.1,24000
2023-01-05,47.1,47.1,47.45,47.1,47.45,7000
2023-01-06,47.45,47.45,47.5,47.2,47.4,17000
2023-01-09,48.3,48.3,49.0,47.45,47.5,33000
2023-01-10,47.9,47.9,48.5,47.9,48.5,15000
2023-01-11,47.8,47.8,48.2,47.3,47.3,20000
2023-01-12,48.0,48.0,48.0,47.6,48.0,33000
2023-01-13,48.0,48.0,48.1,47.6,48.1,16000
2023-01-16,48.0,48.0,48.15,47.6,48.0,23000
2023-01-17,48.7,48.7,48.8,48.0,48.0,71000
2023-01-30,49.85,49.85,49.85,48.7,48.7,85000
2023-01-31,51.0,51.0,51.2,49.9,49.9,62000
2023-02-01,53.8,53.8,53.8,51.2,51.7,140000
2023-02-02,53.8,53.8,55.4,53.2,54.7,144000
2023-02-03,54.5,54.5,54.7,53.5,53.8,95000
2023-02-06,53.0,53.0,54.0,53.0,54.0,58000
2023-02-07,53.2,53.2,54.7,52.9,53.0,41000
2023-02-08,53.4,53.4,54.0,52.0,54.0,48000
2023-02-09,52.9,52.9,53.3,52.4,53.3,25000
2023-02-10,52.9,52.9,53.3,52.2,53.3,19000
2023-02-13,52.9,52.9,52.9,52.4,52.4,8000
2023-02-14,53.7,53.7,53.7,52.9,52.9,36000
2023-02-15,53.5,53.5,53.7,53.2,53.2,9000
2023-02-16,54.5,54.5,55.9,53.5,53.5,130000
2023-02-17,54.9,54.9,55.0,54.3,54.3,42000
2023-02-20,54.9,54.9,55.3,54.9,55.3,45000
2023-02-21,54.7,54.7,55.0,54.3,55.0,29000
2023-02-22,54.4,54.4,55.1,54.2,54.7,33000
2023-02-23,53.9,53.9,54.3,53.5,54.3,45000
2023-02-24,52.7,52.7,53.6,52.7,53.6,92000
2023-03-01,52.1,52.1,52.7,51.5,52.0,32000
2023-03-02,52.9,52.9,53.0,52.7,52.8,30000
2023-03-03,52.9,52.9,53.2,52.2,52.3,34000
2023-03-06,53.9,53.9,53.9,53.1,53.1,30000
2023-03-07,59.2,59.2,59.2,55.0,55.0,217000
2023-03-08,63.2,63.2,65.1,58.7,58.7,1189000
2023-03-09,62.8,62.8,64.6,62.6,62.6,253000
2023-03-10,60.0,60.0,62.0,59.6,61.7,156000
2023-03-13,57.9,57.9,59.6,56.1,59.5,118000
2023-03-14,57.3,57.3,57.4,56.1,56.6,86000
2023-03-15,59.4,59.4,61.5,57.4,57.4,112000
2023-03-16,56.7,56.7,59.2,56.1,59.2,68000
2023-03-17,58.5,58.5,59.0,57.1,57.5,30000
2023-03-20,63.3,63.3,64.1,58.3,58.7,196000
2023-03-21,61.6,61.6,64.3,61.3,64.3,104000
2023-03-22,61.5,61.5,62.4,61.5,62.0,76000
2023-03-23,60.7,60.7,61.6,60.7,61.6,44000
2023-03-24,62.4,62.4,64.4,61.5,61.5,208000
2023-03-27,62.3,62.3,62.9,61.2,62.3,76000
2023-03-28,61.2,61.2,62.3,61.0,62.3,44000
2023-03-29,61.2,61.2,61.8,60.7,61.8,24000
2023-03-30,60.8,60.8,61.1,60.4,61.0,29000
2023-03-31,60.8,60.8,61.7,60.3,61.5,50000
2023-04-06,62.1,62.1,62.3,60.7,60.8,34000
2023-04-07,63.1,63.1,63.9,62.7,62.8,83000
2023-04-10,63.0,63.0,63.7,63.0,63.1,58000
2023-04-11,61.9,61.9,63.5,61.9,63.0,38000
2023-04-12,64.0,64.0,68.0,62.0,62.0,553000
2023-04-13,64.4,64.4,65.4,64.0,64.5,125000
2023-04-14,65.0,65.0,67.0,64.7,65.2,129000
2023-04-17,65.5,65.5,65.5,64.9,65.0,61000
2023-04-18,69.0,69.0,70.0,67.0,67.1,430000
2023-04-19,67.5,67.5,71.7,67.5,71.7,220000
2023-04-20,65.3,65.3,67.6,65.3,67.6,105000
2023-04-21,64.5,64.5,65.8,64.4,64.4,77000
2023-04-24,66.2,66.2,66.5,64.2,64.8,38000
2023-04-25,65.9,65.9,68.2,65.9,67.0,290000
2023-04-26,66.6,66.6,67.0,65.0,65.5,75000
2023-04-27,69.8,69.8,70.9,66.2,66.2,272000
2023-04-28,74.2,74.2,76.3,71.0,71.0,665000
2023-05-02,78.1,78.1,79.3,74.2,74.2,391000
2023-05-03,80.9,80.9,82.0,76.7,76.7,357000
2023-05-04,80.3,80.3,81.9,80.2,81.8,192000
2023-05-05,81.0,81.0,81.0,80.1,80.3,181000
2023-05-08,82.9,82.9,83.2,80.9,81.0,239000
2023-05-09,78.5,78.5,84.9,76.9,84.9,469000
2023-05-10,80.1,80.1,82.0,79.0,80.5,164000
2023-05-11,79.2,79.2,80.1,76.6,80.1,69000
2023-05-12,79.3,79.3,79.9,77.0,78.5,50000
2023-05-15,76.5,76.5,80.0,76.5,80.0,120000
2023-05-16,77.2,77.2,78.3,77.0,77.4,47000
2023-05-17,77.6,77.6,78.3,77.6,78.0,42000
2023-05-18,77.6,77.6,78.5,77.4,78.5,36000
2023-05-19,76.5,76.5,77.6,76.5,77.5,80000
2023-05-22,76.7,76.7,78.2,76.5,76.7,81000
2023-05-23,77.3,77.3,77.5,76.5,77.0,87000
2023-05-24,79.6,79.6,81.6,77.3,77.3,239000
2023-05-25,78.4,78.4,80.3,78.0,80.0,94000
2023-05-26,77.7,77.7,78.5,76.0,78.5,123000
2023-05-29,78.0,78.0,78.1,77.0,77.1,53000
2023-05-30,76.5,76.5,77.9,76.2,77.9,100000
2023-05-31,76.7,76.7,77.0,76.0,77.0,29000
2023-06-01,76.8,76.8,77.6,75.6,76.0,76000
2023-06-02,80.5,80.5,82.6,77.5,77.5,378000
2023-06-05,80.1,80.1,82.0,79.2,82.0,137000
2023-06-06,80.8,80.8,81.1,80.2,81.0,51000
2023-06-07,80.8,80.8,82.9,80.3,80.8,214000
2023-06-08,80.2,80.2,81.0,80.0,81.0,66000
2023-06-09,79.4,79.4,80.6,79.0,80.6,68000
2023-06-12,79.2,79.2,80.2,79.0,80.2,33000
2023-06-13,79.1,79.1,79.4,78.5,79.2,96000
2023-06-14,77.4,77.4,77.8,76.0,77.0,121000
2023-06-15,78.8,78.8,79.5,77.9,78.0,92000
2023-06-16,78.4,78.4,79.0,78.4,79.0,21000
2023-06-19,77.1,77.1,78.4,77.1,78.4,27000
2023-06-20,76.7,76.7,77.3,76.5,77.1,26000
2023-06-21,76.9,76.9,77.3,76.3,76.4,11000
2023-06-26,75.1,75.1,76.7,75.0,76.7,59000
2023-06-27,73.0,73.0,75.1,72.9,75.1,87000
2023-06-28,73.1,73.1,73.3,73.0,73.1,24000
2023-06-29,73.3,73.3,73.4,73.3,73.3,16000
2023-06-30,73.5,73.5,74.0,73.0,73.3,20000
2023-07-03,74.5,74.5,75.0,72.8,73.7,74000
2023-07-04,74.4,74.4,74.7,73.1,73.2,53000
2023-07-05,75.3,75.3,76.8,75.0,75.0,117000
2023-07-06,74.3,74.3,74.8,74.3,74.4,33000
2023-07-07,74.7,74.7,74.7,73.0,74.3,30000
2023-07-10,75.1,75.1,76.4,74.5,74.5,66000
2023-07-11,74.5,74.5,75.3,74.2,75.3,32000
2023-07-12,72.4,72.4,74.7,72.4,73.8,39000
2023-07-13,72.6,72.6,74.0,72.6,74.0,30000
2023-07-14,72.8,72.8,73.8,72.1,72.3,40000
2023-07-17,71.8,71.8,72.8,71.6,72.8,59000
2023-07-18,71.2,71.2,72.5,70.8,72.0,37000
2023-07-19,70.9,70.9,71.5,70.6,71.2,19000
2023-07-20,71.3,71.3,72.8,71.3,71.5,18000
2023-07-21,71.5,71.5,71.5,70.0,70.3,50000
2023-07-24,71.0,71.0,71.4,69.7,70.2,43000
2023-07-25,71.1,71.1,71.2,70.0,70.3,51000
2023-07-26,70.1,70.1,71.2,70.0,71.1,29000
2023-07-27,70.7,70.7,71.6,70.1,70.3,14000
2023-07-28,70.5,70.5,71.0,70.4,70.4,19000
2023-07-31,70.7,70.7,72.4,70.5,72.4,41000
2023-08-01,70.5,70.5,70.8,70.3,70.7,51000
2023-08-02,70.2,70.2,70.8,70.0,70.8,58000
2023-08-04,70.2,70.2,70.9,69.6,70.0,19000
2023-08-07,69.9,69.9,70.5,69.8,70.5,41000
2023-08-08,71.0,71.0,74.5,70.7,72.6,143000
2023-08-09,70.6,70.6,72.3,70.6,72.3,65000
2023-08-10,69.1,69.1,70.7,69.1,70.7,114000
2023-08-11,69.2,69.2,69.6,69.0,69.2,61000
2023-08-14,68.3,68.3,69.2,68.3,69.2,48000
2023-08-15,68.3,68.3,68.4,67.9,68.1,39000
2023-08-16,67.4,67.4,67.8,66.1,67.8,89000
2023-08-17,68.7,68.7,68.7,66.6,66.6,29000
2023-08-18,68.9,68.9,69.1,68.0,68.7,23000
2023-08-21,68.7,68.7,69.1,68.5,68.7,19000
2023-08-22,68.4,68.4,69.3,67.9,68.0,32000
2023-08-23,69.1,69.1,69.1,67.7,67.7,22000
2023-08-24,69.3,69.3,69.6,68.8,69.6,13000
2023-08-25,69.4,69.4,70.3,69.3,69.3,20000
2023-08-28,68.9,68.9,69.5,68.4,69.5,16000
2023-08-29,69.5,69.5,69.9,68.9,68.9,10000
2023-08-30,69.0,69.0,70.0,69.0,69.0,20000
2023-08-31,69.0,69.0,69.5,69.0,69.2,25000
2023-09-01,71.7,71.7,73.0,69.0,69.0,66000
2023-09-04,74.6,74.6,75.2,71.7,71.7,152000
2023-09-05,74.3,74.3,75.2,74.3,74.9,48000
2023-09-06,74.0,74.0,74.9,73.4,74.0,49000
2023-09-07,81.4,81.4,81.4,78.0,78.0,1330000
2023-09-08,77.9,77.9,83.7,76.5,83.7,1370000
2023-09-11,80.3,80.3,82.7,77.9,78.2,440000
2023-09-12,80.6,80.6,83.0,80.4,83.0,235000
2023-09-13,80.8,80.8,82.5,80.6,81.0,182000
2023-09-14,81.3,81.3,83.3,81.3,81.6,171000
2023-09-15,79.0,79.0,82.7,78.6,82.7,148000
2023-09-18,78.2,78.2,79.4,77.7,78.6,101000
2023-09-19,75.8,75.8,78.1,75.8,78.0,120000
2023-09-20,76.2,76.2,78.3,75.7,76.4,125000
2023-09-21,76.9,76.9,77.4,76.0,76.0,76000
2023-09-22,78.3,78.3,78.3,77.0,77.9,68000
2023-09-25,77.3,77.3,79.2,77.3,78.6,63000
2023-09-26,76.1,76.1,77.7,76.1,77.3,36000
2023-09-27,76.2,76.2,77.1,76.0,76.0,33000
2023-09-28,77.2,77.2,78.9,76.6,76.8,37000
2023-10-02,75.8,75.8,77.5,75.5,77.0,89000
2023-10-03,74.8,74.8,75.8,74.5,75.6,72000
2023-10-04,74.5,74.5,75.0,72.5,74.5,31000
2023-10-05,74.9,74.9,75.0,73.2,73.2,67000
2023-10-06,75.1,75.1,75.5,74.9,74.9,42000
2023-10-11,70.7,70.7,74.8,70.0,74.0,307000
2023-10-12,71.9,71.9,72.0,70.0,70.3,48000
2023-10-13,70.8,70.8,71.9,70.8,71.9,55000
2023-10-16,68.5,68.5,70.3,68.0,70.1,137000
2023-10-17,68.1,68.1,69.7,67.6,68.6,66000
2023-10-18,67.0,67.0,68.0,66.8,67.8,40000
2023-10-19,67.9,67.9,67.9,66.9,67.7,17000
2023-10-20,66.9,66.9,67.5,66.6,67.5,35000
2023-10-23,68.3,68.3,69.1,67.0,67.1,58000
2023-10-24,68.5,68.5,68.5,67.5,68.2,33000
2023-10-25,68.9,68.9,69.3,68.3,69.3,45000
2023-10-26,67.8,67.8,68.7,67.1,67.1,16000
2023-10-27,67.8,67.8,68.7,67.8,68.0,19000
2023-10-30,67.8,67.8,68.4,67.8,67.9,9000
2023-10-31,67.4,67.4,68.4,66.6,67.8,36000
2023-11-01,67.9,67.9,68.5,66.5,66.5,26000
2023-11-02,68.5,68.5,68.8,67.2,67.2,35000
2023-11-03,68.1,68.1,68.6,68.0,68.5,43000
2023-11-06,68.1,68.1,68.4,68.0,68.3,56000
2023-11-07,68.0,68.0,68.1,67.8,68.1,23000
2023-11-08,66.6,66.6,68.0,66.5,67.1,196000
2023-11-09,67.0,67.0,67.3,66.8,66.8,32000
2023-11-10,66.8,66.8,67.0,66.7,67.0,24000
2023-11-13,66.3,66.3,67.0,66.1,66.9,78000
2023-11-14,66.4,66.4,66.5,66.1,66.2,22000
2023-11-15,67.7,67.7,67.9,67.5,67.6,50000
2023-11-16,67.2,67.2,67.5,67.2,67.5,18000
2023-11-17,67.4,67.4,67.8,67.3,67.4,34000
2023-11-20,67.9,67.9,68.4,67.4,67.4,59000
2023-11-21,68.7,68.7,69.0,68.0,68.0,75000
2023-11-22,68.4,68.4,68.6,68.4,68.5,32000
2023-11-23,68.1,68.1,68.6,68.1,68.2,35000
2023-11-24,70.0,70.0,70.2,69.3,69.3,125000
2023-11-27,69.0,69.0,70.4,69.0,70.0,43000
2023-11-28,69.4,69.4,69.9,68.9,69.0,40000
2023-11-29,70.1,70.1,70.6,69.5,69.9,63000
2023-11-30,70.4,70.4,70.6,70.0,70.1,54000
2023-12-01,69.8,69.8,70.0,69.4,70.0,36000
2023-12-04,68.9,68.9,69.8,68.7,69.8,48000
2023-12-05,68.5,68.5,69.0,68.5,69.0,6000
2023-12-06,68.2,68.2,69.0,68.0,68.5,55000
2023-12-07,67.5,67.5,68.0,67.4,67.9,92000
2023-12-08,67.7,67.7,68.2,67.6,67.6,26000
2023-12-11,68.0,68.0,68.0,67.7,67.7,7000
2023-12-12,67.8,67.8,68.5,67.5,68.0,17000
2023-12-13,67.8,67.8,68.3,67.7,68.3,16000
2023-12-14,67.7,67.7,68.6,67.7,68.1,37000
2023-12-15,67.7,67.7,68.4,67.6,67.8,32000
2023-12-18,67.5,67.5,67.8,67.5,67.6,20000
2023-12-19,67.0,67.0,67.2,66.7,67.2,23000
2023-12-20,67.3,67.3,67.5,66.8,67.5,13000
2023-12-21,67.8,67.8,67.9,66.9,67.0,10000
2023-12-22,67.1,67.1,67.7,67.1,67.7,14000
2023-12-25,67.2,67.2,67.7,66.8,67.5,11000
2023-12-26,67.0,67.0,67.3,67.0,67.1,25000
2023-12-27,67.7,67.7,67.7,67.1,67.1,19000
2023-12-28,67.8,67.8,67.8,67.1,67.7,12000
2023-12-29,68.4,68.4,68.4,67.1,67.1,6000
2024-01-02,68.0,68.0,68.2,67.8,67.8,23000
2024-01-03,67.5,67.5,67.7,67.2,67.2,12000
2024-01-04,67.1,67.1,67.3,67.1,67.2,12000
2024-01-05,66.9,66.9,67.5,66.9,67.5,5000
2024-01-08,67.0,67.0,67.5,67.0,67.0,13000
2024-01-09,66.8,66.8,67.5,66.8,67.5,16000
2024-01-10,66.6,66.6,66.8,66.5,66.5,21000
2024-01-11,66.9,66.9,67.2,66.7,67.1,20000
2024-01-12,66.8,66.8,67.7,66.7,67.7,11000
2024-01-15,67.3,67.3,67.5,67.0,67.5,8000
2024-01-16,67.7,67.7,67.8,66.7,67.1,19000
2024-01-17,69.2,69.2,69.6,67.3,67.6,127000
2024-01-18,68.5,68.5,69.2,68.0,68.9,98000
2024-01-19,68.2,68.2,69.2,67.2,69.2,62000
2024-01-22,67.3,67.3,68.3,67.0,68.2,37000
2024-01-23,68.0,68.0,68.3,67.1,67.1,41000
2024-01-24,67.8,67.8,68.5,67.6,68.2,18000
2024-01-25,68.0,68.0,68.0,67.8,67.8,22000
2024-01-26,67.8,67.8,67.9,67.6,67.8,18000
2024-01-29,67.7,67.7,68.1,67.7,68.0,57000
2024-01-30,68.0,68.0,68.5,67.5,67.8,24000
2024-01-31,68.0,68.0,68.1,67.8,68.0,13000
2024-02-01,68.4,68.4,68.4,67.9,68.0,47000
2024-02-02,68.0,68.0,68.5,67.8,68.5,41000
2024-02-05,67.9,67.9,68.2,67.7,68.1,44000
2024-02-15,69.3,69.3,69.5,68.5,68.7,115000
2024-02-16,70.2,70.2,70.2,69.3,69.5,78000
2024-02-19,70.9,70.9,71.4,70.5,71.0,58000
2024-02-20,69.9,69.9,70.8,69.9,70.8,59000
2024-02-21,70.8,70.8,71.1,70.5,71.1,26000
2024-02-22,70.3,70.3,70.5,70.0,70.5,17000
2024-02-23,70.3,70.3,70.7,70.1,70.3,41000
2024-02-26,70.8,70.8,71.0,70.5,71.0,30000
2024-02-27,71.1,71.1,71.2,70.4,70.8,78000
2024-02-29,72.8,72.8,73.3,70.9,70.9,97000
2024-03-01,72.6,72.6,74.2,72.6,73.5,72000
2024-03-04,71.9,71.9,72.8,71.8,72.2,98000
2024-03-05,71.4,71.4,72.1,71.4,71.8,45000
2024-03-06,72.1,72.1,72.3,71.5,71.5,33000
2024-03-07,71.7,71.7,73.2,71.7,72.4,54000
2024-03-08,69.7,69.7,71.5,68.2,71.5,67000
2024-03-11,69.9,69.9,70.7,69.7,69.8,37000
2024-03-12,69.8,69.8,69.8,69.4,69.5,54000
2024-03-13,69.8,69.8,70.4,69.6,70.1,61000
2024-03-14,70.3,70.3,70.6,70.1,70.2,48000
2024-03-15,69.8,69.8,69.9,69.6,69.8,42000
2024-03-18,70.0,70.0,70.8,69.3,69.3,16000
2024-03-19,69.8,69.8,70.0,69.3,70.0,31000
2024-03-20,69.6,69.6,69.7,69.4,69.6,24000
2024-03-21,69.8,69.8,70.2,69.5,69.6,42000
2024-03-22,69.6,69.6,70.0,69.5,69.9,39000
2024-03-25,69.7,69.7,69.9,69.4,69.8,84000
2024-03-26,69.2,69.2,70.0,69.2,69.8,75000
2024-03-27,69.4,69.4,70.3,69.2,69.2,74000
2024-03-28,70.0,70.0,70.2,69.0,69.0,103000
2024-03-29,70.1,70.1,70.6,70.0,70.4,64000
2024-04-01,73.1,73.1,73.6,70.3,70.3,191000
2024-04-02,72.5,72.5,73.5,72.3,73.2,72000
2024-04-03,72.4,72.4,72.7,71.7,71.7,22000
2024-04-08,74.3,74.3,75.4,73.3,73.3,162000
2024-04-09,78.3,78.3,80.7,76.4,76.4,523000
2024-04-10,78.2,78.2,79.9,78.2,79.0,212000
2024-04-11,76.1,76.1,79.2,76.0,78.2,166000
2024-04-12,75.6,75.6,77.0,74.5,77.0,125000
2024-04-15,83.1,83.1,83.1,74.9,75.2,803000
2024-04-16,91.0,91.0,91.4,81.7,83.1,2518000
2024-04-17,91.1,91.1,95.0,91.1,93.8,1818000
2024-04-18,90.2,90.2,94.2,89.9,91.1,673000
2024-04-19,87.5,87.5,91.5,81.7,88.5,1170000
2024-04-22,92.0,92.0,92.7,85.0,88.4,668000
2024-04-23,91.4,91.4,95.7,88.7,92.2,982000
2024-04-24,92.2,92.2,94.0,90.5,93.9,542000
2024-04-25,93.9,93.9,96.8,92.5,93.0,1011000
2024-04-26,103.0,103.0,103.0,94.3,95.1,2373000
2024-04-29,107.0,107.0,113.0,103.5,110.0,3041000
2024-04-30,115.5,115.5,117.5,105.5,110.0,2188000
2024-05-02,114.0,114.0,121.5,113.0,114.0,1828000
2024-05-03,114.5,114.5,122.5,112.5,114.5,2064000
2024-05-06,108.0,108.0,116.0,106.5,114.5,1417000
2024-05-07,116.5,116.5,118.0,107.5,112.0,1717000
2024-05-08,117.5,117.5,122.5,111.0,116.0,1699000
2024-05-09,114.0,114.0,119.0,113.0,119.0,590000
2024-05-10,111.0,111.0,117.5,109.5,114.0,692000
2024-05-13,111.5,111.5,114.5,109.0,111.0,401000
2024-05-14,115.5,115.5,116.5,109.0,109.5,607000
2024-05-15,116.0,116.0,123.0,114.5,114.5,1265000
2024-05-16,117.5,117.5,121.0,117.0,117.0,607000
2024-05-17,129.0,129.0,129.0,119.0,119.0,1653000
2024-05-20,134.5,134.5,135.0,127.0,127.0,3619000
2024-05-21,134.0,134.0,136.5,132.0,135.5,1221000
2024-05-22,142.0,142.0,147.0,134.0,134.0,2071000
2024-05-23,133.5,133.5,143.5,131.5,142.0,1806000
2024-05-24,143.5,143.5,146.5,130.5,133.0,1572000
2024-05-27,149.5,149.5,154.5,144.0,146.0,2064000
2024-05-28,158.0,158.0,159.5,152.0,154.5,2017000
2024-05-29,156.5,156.5,159.5,152.5,157.5,1382000
2024-05-30,146.0,146.0,165.0,144.0,154.5,2620000
2024-05-31,146.0,146.0,153.5,146.0,148.0,1287000
2024-06-03,148.5,148.5,148.5,139.0,146.5,914000
2024-06-04,137.5,137.5,147.0,134.0,146.0,2308000
2024-06-05,137.0,137.0,139.5,133.5,137.5,941000
2024-06-06,146.0,146.0,146.5,134.0,141.0,1153000
2024-06-07,143.5,143.5,147.5,140.5,145.0,857000
2024-06-11,138.0,138.0,144.0,136.5,141.5,503000
2024-06-12,137.5,137.5,140.0,135.0,138.0,484000
2024-06-13,136.5,136.5,140.0,135.0,138.5,410000
2024-06-14,138.5,138.5,145.5,137.0,138.0,940000
2024-06-17,128.0,128.0,139.5,128.0,138.0,918000
2024-06-18,126.0,126.0,131.5,122.5,131.5,751000
2024-06-19,125.0,125.0,129.0,122.5,127.5,555000
2024-06-20,129.0,129.0,130.5,124.5,124.5,424000
2024-06-21,131.0,131.0,132.5,127.0,128.5,335000
2024-06-24,141.5,141.5,144.0,130.5,134.5,1963000
2024-06-25,139.0,139.0,142.5,137.5,140.5,1888000
2024-06-26,138.5,138.5,143.5,138.5,141.0,876000
2024-06-27,130.0,130.0,136.5,127.0,136.5,1705000
2024-06-28,132.5,132.5,133.5,130.0,131.0,281000
2024-07-01,132.0,132.0,135.0,131.5,132.5,337000
2024-07-02,142.5,142.5,143.0,132.0,132.0,1451000
2024-07-03,141.0,141.0,148.0,140.5,147.0,1342000
2024-07-04,138.5,138.5,142.0,138.5,141.0,843000
2024-07-05,142.0,142.0,143.0,139.0,139.0,489000
2024-07-08,144.5,144.5,148.0,140.0,143.5,990000
2024-07-09,137.5,137.5,146.0,137.0,144.5,781000
2024-07-10,138.5,138.5,142.5,138.5,141.0,395000
2024-07-11,139.0,139.0,142.5,136.5,140.0,401000
2024-07-12,142.5,142.5,142.5,137.5,139.5,804000
2024-07-15,136.0,136.0,144.0,135.5,144.0,628000
2024-07-16,139.0,139.0,141.5,138.0,139.0,480000
2024-07-17,145.0,145.0,152.5,141.5,142.5,4365000
2024-07-18,147.0,147.0,152.5,142.5,145.0,2683000
2024-07-19,133.0,133.0,145.5,132.5,145.0,3040000
2024-07-22,120.0,120.0,131.0,120.0,128.0,1672000
2024-07-23,118.0,118.0,122.0,114.0,121.5,1098000
2024-07-26,115.5,115.5,115.5,111.0,112.0,312000
2024-07-29,111.5,111.5,119.5,111.5,119.5,478000
2024-07-30,115.5,115.5,116.5,109.0,111.5,310000
2024-07-31,122.0,122.0,126.0,116.0,116.5,881000
2024-08-01,124.5,124.5,125.5,121.5,122.5,518000
2024-08-02,117.5,117.5,122.5,116.0,122.5,315000
2024-08-05,106.0,106.0,108.5,106.0,108.0,513000
2024-08-06,101.5,101.5,106.5,95.4,106.0,1002000
2024-08-07,111.5,111.5,111.5,106.0,106.0,814000
2024-08-08,110.0,110.0,114.5,109.5,111.0,822000
2024-08-09,112.5,112.5,115.5,112.0,114.5,332000
2024-08-12,112.0,112.0,114.5,111.5,114.5,159000
2024-08-13,110.5,110.5,113.0,110.0,112.0,177000
2024-08-14,112.0,112.0,114.5,111.5,113.0,175000
2024-08-15,114.0,114.0,115.0,111.5,112.0,140000
2024-08-16,119.5,119.5,120.5,115.0,117.0,597000
2024-08-19,115.5,115.5,122.5,115.0,122.5,273000
2024-08-20,124.5,124.5,127.0,115.5,117.0,1269000
2024-08-21,129.5,129.5,133.0,122.5,123.5,1576000
2024-08-22,130.0,130.0,131.0,124.0,128.0,802000
2024-08-23,123.0,123.0,128.5,120.5,128.5,1334000
2024-08-26,119.5,119.5,124.5,119.5,124.5,279000
2024-08-27,123.0,123.0,125.0,120.0,121.0,349000
2024-08-28,127.5,127.5,129.0,124.5,125.0,599000
2024-08-29,127.0,127.0,129.0,124.5,127.5,243000
2024-08-30,124.5,124.5,128.5,124.0,128.5,219000
2024-09-02,125.0,125.0,126.5,124.0,124.5,202000
2024-09-03,127.5,127.5,130.0,125.0,125.5,653000
2024-09-04,121.5,121.5,124.5,116.0,120.0,590000
2024-09-05,122.5,122.5,125.5,122.5,123.5,144000
2024-09-06,122.5,122.5,127.0,122.5,127.0,233000
2024-09-09,124.0,124.0,124.5,119.5,120.0,170000
2024-09-10,120.5,120.5,125.0,119.0,125.0,379000
2024-09-11,119.5,119.5,121.5,118.5,121.0,133000
2024-09-12,125.0,125.0,128.0,121.0,121.0,626000
2024-09-13,124.5,124.5,126.5,123.5,126.0,220000
2024-09-16,126.0,126.0,129.5,125.5,125.5,350000
2024-09-18,120.5,120.5,126.0,120.5,125.5,289000
2024-09-19,125.5,125.5,126.0,121.0,121.5,197000
2024-09-20,124.0,124.0,130.5,124.0,127.5,510000
2024-09-23,136.0,136.0,136.0,124.5,124.5,1772000
2024-09-24,133.5,133.5,143.0,133.5,134.0,2831000
2024-09-25,137.5,137.5,144.0,133.5,133.5,1201000
2024-09-26,135.5,135.5,140.5,135.0,138.0,583000
2024-09-27,147.0,147.0,149.0,139.5,139.5,5058000
2024-09-30,144.5,144.5,146.5,140.0,145.5,1476000
2024-10-01,143.0,143.0,151.0,138.5,151.0,1077000
2024-10-04,147.0,147.0,150.0,137.5,143.5,1715000
2024-10-07,157.0,157.0,160.5,145.5,150.0,2337000
2024-10-08,141.5,141.5,155.0,141.5,153.5,2957000
2024-10-09,138.0,138.0,144.5,137.5,142.0,1039000
2024-10-11,135.5,135.5,140.5,135.0,138.5,411000
2024-10-14,137.0,137.0,137.5,135.0,137.0,233000
2024-10-15,138.5,138.5,143.5,137.0,137.0,535000
2024-10-16,138.5,138.5,140.0,136.5,136.5,266000
2024-10-17,144.0,144.0,146.5,138.0,138.0,872000
2024-10-18,138.0,138.0,146.5,137.5,143.5,635000
2024-10-21,137.5,137.5,141.0,137.5,140.0,377000
2024-10-22,130.0,130.0,139.0,130.0,139.0,893000
2024-10-23,130.5,130.5,133.0,129.0,129.0,308000
2024-10-24,129.0,129.0,134.0,129.0,132.0,373000
2024-10-25,130.5,130.5,131.0,129.5,130.5,125000
2024-10-28,128.5,128.5,131.5,128.5,131.5,211000
2024-10-29,126.0,126.0,128.5,123.5,128.5,509000
2024-10-30,124.0,124.0,126.0,123.0,126.0,237000
2024-11-01,123.5,123.5,126.0,119.0,121.0,328000
2024-11-04,125.0,125.0,125.5,122.0,124.0,238000
2024-11-05,127.0,127.0,128.0,125.0,125.0,228000
2024-11-06,120.5,120.5,125.5,119.0,125.0,957000
2024-11-07,126.0,126.0,128.0,122.0,122.5,513000
2024-11-08,122.0,122.0,127.0,121.0,126.0,208000
2024-11-11,120.5,120.5,124.0,120.0,124.0,131000
2024-11-12,118.5,118.5,122.0,117.5,119.0,249000
2024-11-13,122.0,122.0,123.0,117.0,118.5,216000
2024-11-14,117.5,117.5,122.5,117.5,122.5,260000
2024-11-15,118.0,118.0,122.0,117.5,119.0,160000
2024-11-18,115.0,115.0,119.0,115.0,118.0,156000
2024-11-19,116.5,116.5,118.5,116.5,117.5,106000
2024-11-20,115.0,115.0,118.0,115.0,118.0,113000
2024-11-21,116.0,116.0,116.5,115.5,116.0,76000
2024-11-22,116.5,116.5,119.5,116.0,116.0,123000
2024-11-25,117.5,117.5,118.5,116.5,116.5,101000
2024-11-26,117.0,117.0,120.5,117.0,117.5,139000
2024-11-27,113.5,113.5,118.5,113.0,118.5,164000
2024-11-28,112.5,112.5,114.0,109.5,113.5,210000
2024-11-29,113.5,113.5,116.0,112.5,114.0,98000
2024-12-02,114.0,114.0,116.0,114.0,116.0,40000
2024-12-03,115.0,115.0,117.0,115.0,116.0,70000
2024-12-04,120.5,120.5,121.0,116.0,116.5,205000
2024-12-05,119.5,119.5,124.0,119.5,123.5,206000
2024-12-06,119.0,119.0,120.0,118.5,119.0,47000
2024-12-09,117.5,117.5,119.0,116.5,119.0,115000
2024-12-10,116.0,116.0,117.5,115.0,117.5,47000
2024-12-11,115.0,115.0,118.5,114.0,116.0,134000
2024-12-12,113.5,113.5,116.5,113.5,116.5,62000
2024-12-13,111.5,111.5,113.0,111.0,112.5,100000
2024-12-16,107.5,107.5,112.5,106.0,112.5,151000
2024-12-17,110.0,110.0,110.0,108.0,108.5,55000
2024-12-18,109.5,109.5,110.5,108.0,110.5,75000
2024-12-19,110.0,110.0,111.5,106.5,106.5,70000
2024-12-20,107.5,107.5,110.0,107.5,110.0,93000
2024-12-23,108.5,108.5,109.5,108.0,109.5,50000
2024-12-24,108.0,108.0,112.0,108.0,109.0,108000
2024-12-25,110.0,110.0,110.0,109.0,110.0,77000
2024-12-26,110.0,110.0,111.5,110.0,111.0,26000
2024-12-27,108.0,108.0,110.5,108.0,110.5,38000
2024-12-30,103.5,103.5,108.0,103.0,108.0,151000
2024-12-31,104.0,104.0,107.0,102.5,103.0,171000
2025-01-02,104.5,104.5,106.5,104.0,104.0,57000
2025-01-03,103.5,103.5,107.0,103.5,104.0,83000
2025-01-06,104.0,104.0,105.0,103.0,104.0,83000
2025-01-07,105.0,105.0,106.5,104.0,105.0,93000
2025-01-08,105.5,105.5,106.0,104.5,104.5,46000
2025-01-09,103.5,103.5,106.0,103.0,106.0,58000
2025-01-10,102.0,102.0,105.0,100.0,103.5,116000
2025-01-13,99.5,99.5,104.0,99.0,103.5,224000
2025-01-14,105.5,105.5,107.0,100.0,101.5,237000
2025-01-15,107.0,107.0,109.5,103.5,107.0,197000
2025-01-16,105.5,105.5,108.0,105.0,107.0,182000
2025-01-17,104.5,104.5,105.5,103.5,104.5,48000
2025-01-20,104.0,104.0,105.0,103.0,104.0,46000
2025-01-21,104.5,104.5,108.5,104.5,104.5,66000
2025-01-22,105.5,105.5,107.0,105.0,105.0,74000
2025-02-03,111.0,111.0,113.0,103.0,106.5,340000
2025-02-04,110.5,110.5,115.0,110.5,111.0,191000
2025-02-05,115.5,115.5,116.5,111.5,112.5,236000
2025-02-06,116.5,116.5,117.5,114.0,116.0,152000
2025-02-07,116.5,116.5,121.0,116.5,118.0,276000
2025-02-10,117.5,117.5,121.0,116.0,116.0,273000
2025-02-11,116.0,116.0,119.5,116.0,118.5,134000
2025-02-12,115.0,115.0,117.0,115.0,117.0,119000
2025-02-13,116.5,116.5,117.5,114.5,114.5,85000
2025-02-14,114.5,114.5,118.0,114.5,117.0,136000
2025-02-17,115.0,115.0,116.5,114.5,114.5,130000
2025-02-18,116.0,116.0,118.5,116.0,116.0,139000
2025-02-19,115.5,115.5,117.0,115.5,116.0,55000
2025-02-20,116.0,116.0,117.5,116.0,116.0,70000
2025-02-21,119.5,119.5,121.5,116.0,117.0,383000
2025-02-24,119.5,119.5,122.0,118.0,119.0,235000
2025-02-25,117.0,117.0,119.5,117.0,119.5,91000
2025-02-26,117.5,117.5,118.0,116.5,118.0,55000
2025-02-27,118.0,118.0,120.0,117.0,117.5,203000
2025-03-03,116.5,116.5,118.0,115.5,118.0,112000
2025-03-04,117.5,117.5,118.5,114.5,115.0,130000
2025-03-05,123.5,123.5,128.0,122.5,124.5,667000
2025-03-06,121.0,121.0,126.0,121.0,124.5,275000
2025-03-07,118.0,118.0,123.0,118.0,121.0,173000
2025-03-10,116.0,116.0,119.5,116.0,119.5,134000
2025-03-11,114.0,114.0,115.5,112.0,114.0,161000
2025-03-12,114.5,114.5,116.0,114.5,115.5,81000
2025-03-13,114.0,114.0,116.0,114.0,115.5,75000
2025-03-14,111.0,111.0,113.5,110.0,113.5,170000
2025-03-17,111.5,111.5,112.5,111.0,112.5,67000
2025-03-18,113.0,113.0,113.5,111.5,111.5,85000
2025-03-19,112.0,112.0,113.0,111.0,113.0,69000
2025-03-20,114.5,114.5,115.0,112.0,112.0,110000
2025-03-21,113.0,113.0,114.5,113.0,114.5,30000
2025-03-24,113.5,113.5,114.5,112.5,113.5,56000
2025-03-25,112.5,112.5,113.5,111.5,112.5,47000
2025-03-26,113.0,113.0,113.5,113.0,113.5,37000
2025-03-27,111.5,111.5,112.5,111.5,111.5,49000
2025-03-28,105.5,105.5,111.0,105.0,111.0,319000
2025-03-31,102.0,102.0,103.0,101.0,102.0,325000
2025-04-01,105.5,105.5,106.5,102.5,102.5,72000
2025-04-02,105.5,105.5,105.5,104.0,104.5,46000
2025-04-07,95.0,95.0,95.0,95.0,95.0,69000
2025-04-08,85.6,85.6,87.7,85.5,86.6,609000
2025-04-09,77.2,77.2,86.5,77.1,85.6,548000
2025-04-10,84.9,84.9,84.9,84.9,84.9,29000
2025-04-11,87.9,87.9,87.9,81.0,84.9,268000
2025-04-14,90.2,90.2,93.7,89.2,89.2,167000
2025-04-15,95.0,95.0,96.0,91.1,91.1,91000
2025-04-16,93.3,93.3,95.5,93.2,93.2,73000
2025-04-17,94.5,94.5,95.0,92.0,92.0,60000
2025-04-18,96.5,96.5,96.5,94.1,95.5,96000
2025-04-21,93.9,93.9,96.5,92.7,96.5,145000
2025-04-22,91.9,91.9,93.9,91.9,92.3,111000
2025-04-23,95.1,95.1,96.9,92.9,92.9,69000
2025-04-24,95.5,95.5,98.5,95.5,95.9,111000
2025-04-25,98.4,98.4,99.2,97.1,97.9,75000
2025-04-28,98.6,98.6,99.7,98.4,98.5,55000
2025-04-29,102.0,102.0,104.0,98.5,98.5,141000
2025-04-30,99.5,99.5,103.0,99.5,103.0,54000
2025-05-02,104.5,104.5,104.5,100.0,100.0,129000
2025-05-05,98.5,98.5,104.5,96.9,104.5,212000
2025-05-06,102.0,102.0,103.0,98.0,98.0,71000
2025-05-07,101.0,101.0,105.5,101.0,104.0,123000
2025-05-08,101.5,101.5,103.5,101.5,103.0,84000
2025-05-09,100.0,100.0,102.5,100.0,102.5,104000
2025-05-12,101.0,101.0,102.0,100.5,100.5,69000
2025-05-13,101.5,101.5,104.0,101.5,103.0,70000
2025-05-14,102.5,102.5,103.5,102.0,102.5,92000
2025-05-15,107.5,107.5,107.5,103.0,103.0,177000
2025-05-16,107.5,107.5,109.5,106.5,108.5,124000
2025-05-19,104.0,104.0,107.0,103.5,107.0,121000
2025-05-20,108.5,108.5,114.0,105.0,105.0,380000
2025-05-21,110.0,110.0,112.5,108.5,108.5,160000
2025-05-22,107.5,107.5,110.0,107.0,110.0,88000
2025-05-23,105.5,105.5,108.5,105.5,108.0,71000
2025-05-26,105.0,105.0,107.5,105.0,107.5,27000
2025-05-27,105.0,105.0,107.0,104.5,106.0,75000
2025-05-28,104.0,104.0,107.0,103.5,105.5,89000
2025-05-29,106.5,106.5,107.0,104.0,104.5,110000
2025-06-02,103.0,103.0,106.0,103.0,105.0,57000
2025-06-03,103.5,103.5,106.0,103.0,104.5,56000
2025-06-04,104.5,104.5,108.0,104.5,105.5,116000
2025-06-05,105.0,105.0,106.0,104.5,105.5,42000
2025-06-06,105.5,105.5,105.5,104.5,105.0,33000
2025-06-09,104.5,104.5,108.5,104.5,106.0,133000
2025-06-10,104.5,104.5,106.0,104.0,105.5,87000
2025-06-11,104.0,104.0,105.5,103.0,105.5,108000
2025-06-12,105.0,105.0,107.5,103.5,104.5,233000
2025-06-13,99.6,99.6,101.0,99.0,101.0,187000
2025-06-16,99.8,99.8,100.0,98.8,99.2,30000
2025-06-17,100.0,100.0,102.0,99.9,100.0,33000
2025-06-18,102.5,102.5,103.5,99.6,99.6,86000
2025-06-19,100.0,100.0,104.0,100.0,104.0,41000
2025-06-20,99.8,99.8,99.8,97.5,99.6,103000
2025-06-23,98.9,98.9,100.0,94.5,97.0,153000
2025-06-24,100.0,100.0,102.0,99.5,99.5,188000
2025-06-25,100.5,100.5,101.5,99.9,101.5,67000
2025-06-26,100.5,100.5,101.0,100.0,101.0,26000
2025-06-27,101.0,101.0,101.0,99.5,100.5,31000
2025-06-30,99.2,99.2,100.0,99.0,100.0,48000
2025-07-01,104.5,104.5,106.0,100.5,101.0,218000
2025-07-02,104.0,104.0,105.0,103.0,105.0,42000
2025-07-03,104.5,104.5,106.5,102.0,104.0,103000
2025-07-04,104.5,104.5,105.5,103.0,105.5,35000
2025-07-07,103.5,103.5,103.5,102.0,102.5,38000
2025-07-08,104.5,104.5,106.0,101.5,104.5,142000
2025-07-09,111.0,111.0,114.5,108.5,114.5,1300000
2025-07-10,116.0,116.0,121.5,112.0,112.5,1899000
2025-07-11,121.0,121.0,123.0,115.0,116.5,1283000
2025-07-14,121.0,121.0,121.5,118.5,120.0,325000
2025-07-15,120.0,120.0,122.0,119.5,122.0,194000
2025-07-16,117.5,117.5,125.5,117.5,121.0,624000
2025-07-17,124.5,124.5,124.5,117.0,117.5,521000
2025-07-18,136.5,136.5,136.5,126.0,127.5,3241000
2025-07-21,150.0,150.0,150.0,139.0,140.5,6430000
2025-07-22,140.0,140.0,150.0,139.5,150.0,4422000
2025-07-23,143.5,143.5,153.5,143.5,145.0,4763000
2025-07-24,145.5,145.5,146.0,137.0,143.0,1949000
2025-07-25,141.0,141.0,145.5,140.0,145.5,901000
2025-07-28,137.0,137.0,142.0,137.0,141.5,952000
2025-07-29,138.5,138.5,141.0,133.0,138.5,1361000
2025-07-30,140.0,140.0,150.0,138.0,145.0,3931000
2025-07-31,138.5,138.5,142.0,136.5,141.5,1041000
2025-08-01,138.5,138.5,141.0,134.5,135.0,615000
2025-08-04,133.0,133.0,137.0,133.0,137.0,647000
2025-08-05,142.0,142.0,142.0,135.0,135.0,978000
2025-08-06,129.5,129.5,134.5,128.5,131.0,2022000
2025-08-07,133.0,133.0,135.5,126.0,132.0,1183000
2025-08-08,135.0,135.0,135.5,132.0,133.0,531000
2025-08-11,134.0,134.0,136.0,132.5,135.0,241000
2025-08-12,136.0,136.0,136.5,132.5,133.0,359000
2025-08-13,136.0,136.0,138.0,133.5,138.0,549000
2025-08-14,135.0,135.0,140.0,135.0,136.0,474000
2025-08-15,138.0,138.0,138.0,134.5,136.0,390000
2025-08-18,145.5,145.5,148.5,137.5,138.0,1353000
2025-08-19,147.5,147.5,151.5,143.5,147.0,1402000
2025-08-20,133.0,133.0,145.0,133.0,142.0,1201000
2025-08-21,133.5,133.5,137.5,133.0,134.0,443000
2025-08-22,140.0,140.0,142.5,132.0,135.5,618000
2025-08-25,154.0,154.0,154.0,141.5,142.5,2516000
2025-08-26,161.5,161.5,169.0,159.0,161.0,3487000
2025-08-27,177.5,177.5,177.5,163.0,163.0,3495000
2025-08-28,195.0,195.0,195.0,178.0,180.0,4317000
2025-08-29,193.0,193.0,214.5,187.5,214.5,5329000
2025-09-01,178.0,178.0,191.0,174.0,191.0,1841000
2025-09-02,174.5,174.5,181.5,171.0,181.5,899000
2025-09-03,178.0,178.0,179.0,173.0,174.5,335000
2025-09-04,172.5,172.5,180.5,172.0,178.0,430000
2025-09-05,173.5,173.5,175.0,173.0,174.0,206000
2025-09-08,172.5,172.5,176.0,172.0,176.0,258000
2025-09-09,179.0,179.0,180.0,175.5,178.0,402000
2025-09-10,189.0,189.0,192.0,181.0,181.0,679000
2025-09-11,179.0,179.0,191.0,178.5,191.0,543000
2025-09-12,177.0,177.0,180.0,176.5,180.0,298000
2025-09-15,159.5,159.5,171.5,159.5,170.0,1376000
2025-09-16,157.5,157.5,161.0,149.5,161.0,1254000
2025-09-17,156.0,156.0,159.5,152.0,154.5,604000
2025-09-18,155.0,155.0,159.0,152.0,158.5,423000
2025-09-19,156.0,156.0,162.0,155.0,157.0,501000
2025-09-22,155.0,155.0,162.0,152.0,157.0,577000
2025-09-23,159.5,159.5,160.5,152.5,156.0,599000
2025-09-24,171.0,171.0,174.5,155.5,161.0,1994000
2025-09-25,173.5,173.5,188.0,170.0,170.0,3290000
2025-09-26,180.0,180.0,182.0,169.0,175.0,2425000
2025-09-30,173.0,173.0,178.0,172.5,176.5,821000
2025-10-01,168.0,168.0,178.0,168.0,173.0,1069000
2025-10-02,169.5,169.5,170.5,166.0,169.0,461000
2025-10-03,169.0,169.0,171.5,168.5,169.0,305000
2025-10-07,173.5,173.5,173.5,168.0,170.0,621000
2025-10-08,169.0,169.0,177.5,169.0,173.0,746000
2025-10-09,159.5,159.5,170.0,159.0,169.5,784000
2025-10-13,156.0,156.0,157.5,149.0,149.0,403000
2025-10-14,155.5,155.5,163.5,153.5,159.5,388000
2025-10-15,155.5,155.5,157.0,154.0,156.0,150000
2025-10-16,158.0,158.0,161.5,156.5,156.5,324000
2025-10-17,158.0,158.0,163.0,157.0,157.5,495000
2025-10-20,173.5,173.5,173.5,160.5,160.5,1478000
2025-10-21,170.0,170.0,176.0,170.0,172.5,1897000
2025-10-22,171.5,171.5,174.5,167.5,169.5,632000
2025-10-23,175.0,175.0,181.0,168.0,168.0,2292000
2025-10-27,182.5,182.5,183.0,174.0,177.5,1854000
2025-10-28,184.0,184.0,189.5,177.0,185.0,2787000
2025-10-29,178.0,178.0,186.0,177.0,183.0,1435000
2025-10-30,172.0,172.0,179.0,169.5,176.5,594000
2025-10-31,171.5,171.5,173.0,170.5,170.5,179000
2025-11-03,171.5,171.5,172.5,168.0,170.0,313000
2025-11-04,168.5,168.5,177.0,168.0,171.5,429000
2025-11-05,169.0,169.0,172.5,163.0,164.0,522000
2025-11-06,176.0,176.0,177.5,169.0,170.5,645000
2025-11-07,166.0,166.0,173.5,165.5,173.0,894000
2025-11-10,164.0,164.0,167.0,160.0,167.0,474000
2025-11-11,170.5,170.5,176.0,166.0,166.0,1088000
2025-11-12,176.0,176.0,178.0,170.5,172.5,912000
2025-11-13,182.5,182.5,183.5,176.0,179.0,2121000
2025-11-14,174.0,174.0,179.5,172.5,175.0,943000
2025-11-17,179.0,179.0,180.0,170.0,176.0,737000
2025-11-18,182.5,182.5,184.0,175.5,177.5,1768000
2025-11-19,188.0,188.0,200.0,186.0,187.0,6293000
2025-11-20,184.5,184.5,198.5,183.5,192.5,4006000
2025-11-21,172.0,172.0,186.0,170.5,181.0,1864000
2025-11-24,171.0,171.0,179.0,171.0,175.0,1162000
2025-11-25,172.0,172.0,176.5,169.5,173.0,936000
2025-11-26,174.5,174.5,181.0,171.5,173.0,979000
2025-11-27,178.0,178.0,184.5,176.5,178.5,1189000
2025-11-28,184.0,184.0,188.0,180.0,180.0,1640000
2025-12-01,180.0,180.0,185.5,179.0,185.5,708000
2025-12-02,190.0,190.0,193.0,181.0,183.5,1726000
2025-12-03,198.5,198.5,198.5,186.5,192.5,3539000
2025-12-04,190.0,190.0,212.5,188.0,196.5,6404000
2025-12-05,189.5,189.5,194.0,186.5,192.0,1717000
2025-12-08,191.0,191.0,194.0,188.0,188.5,886000
2025-12-09,187.5,187.5,192.0,187.0,189.5,1250000
2025-12-10,192.0,192.0,194.0,185.0,188.0,1378000
2025-12-11,189.0,189.0,194.5,185.0,194.5,1272000
2025-12-12,185.0,185.0,189.5,185.0,188.5,629000
2025-12-15,178.5,178.5,183.0,178.5,180.5,504000
2025-12-16,177.0,177.0,178.5,172.5,177.0,581000
2025-12-17,176.0,176.0,180.5,176.0,179.0,309000
2025-12-18,174.5,174.5,179.0,174.5,176.0,408000
2025-12-19,175.0,175.0,177.5,172.0,176.5,444000
2025-12-22,181.0,181.0,181.0,174.5,176.0,419000
2025-12-23,183.0,183.0,183.5,178.5,180.5,480000
2025-12-24,180.5,180.5,187.5,180.5,182.0,425000
2025-12-26,176.0,176.0,182.5,176.0,182.0,423000
2025-12-29,177.0,177.0,184.0,176.0,179.0,628000
2025-12-30,173.0,173.0,176.0,173.0,176.0,381000
2025-12-31,170.0,170.0,174.0,168.5,174.0,558000
2026-01-02,186.0,186.0,187.0,171.0,171.0,1507000
2026-01-05,184.0,184.0,195.0,183.5,190.0,1933000
2026-01-06,190.0,190.0,192.0,183.0,184.0,1185000
2026-01-07,180.5,180.5,189.5,178.5,188.5,1656000
2026-01-08,172.0,172.0,179.0,172.0,178.5,723000
2026-01-09,173.5,173.5,175.0,170.5,172.5,326000
2026-01-12,174.5,174.5,178.0,173.5,173.5,352000
2026-01-13,172.0,172.0,175.5,170.0,175.5,452000
2026-01-14,177.0,177.0,181.0,174.0,174.0,949000
2026-01-15,181.5,181.5,185.0,178.0,179.0,1348000
2026-01-16,187.0,187.0,193.0,179.5,183.5,2080000
2026-01-19,189.5,189.5,196.5,187.5,191.5,2363000
2026-01-20,198.5,198.5,199.5,187.0,189.5,2415000
2026-01-21,194.0,194.0,204.5,191.5,198.0,1872000
2026-01-22,198.0,198.0,207.0,191.5,200.0,1949000
2026-01-23,186.0,186.0,198.0,186.0,197.5,1174000
2026-01-26,199.0,199.0,201.5,189.0,191.0,2103000
2026-01-27,197.5,197.5,201.0,194.0,201.0,1008000
2026-01-28,192.5,192.5,199.0,191.5,199.0,937000
2026-01-29,186.5,186.5,194.5,186.0,192.0,820000
2026-01-30,179.0,179.0,194.5,177.0,188.0,1253000
2026-02-02,177.0,177.0,180.5,169.0,176.0,1103000
2026-02-03,181.0,181.0,187.5,179.5,185.5,940000
2026-02-04,181.0,181.0,184.5,180.0,182.5,476000
2026-02-05,174.0,174.0,179.5,172.5,178.5,536000
2026-02-06,168.5,168.5,172.0,165.5,172.0,551000
2026-02-09,170.5,170.5,178.0,170.5,173.0,424000
2026-02-10,171.0,171.0,172.5,170.5,172.0,273000
2026-02-11,174.0,174.0,174.5,169.5,171.5,517000
2026-02-23,180.5,180.5,184.0,175.5,175.5,708000
2026-02-24,192.0,192.0,195.0,180.0,180.0,1649000
2026-02-25,200.5,200.5,203.0,188.5,193.0,1616000
2026-02-26,197.5,197.5,201.5,193.0,200.5,1020000
2026-03-02,191.0,191.0,194.5,187.5,189.0,598000
2026-03-03,189.0,189.0,195.0,185.5,190.0,804000
2026-03-04,173.5,173.5,184.5,172.0,182.5,818000
2026-03-05,179.0,179.0,181.0,178.0,179.0,393000
2026-03-06,179.0,179.0,182.5,177.5,179.0,193000
2026-03-09,163.0,163.0,169.5,161.5,169.5,837000
2026-03-10,173.0,173.0,173.5,167.0,169.0,349000
2026-03-11,178.0,178.0,179.0,175.0,175.0,237000
2026-03-12,176.0,176.0,181.0,174.5,178.0,176000
2026-03-13,179.0,179.0,183.0,172.5,173.0,251000
2026-03-16,182.0,182.0,183.5,176.5,183.5,231000
2026-03-17,193.0,193.0,195.5,183.5,183.5,998000
2026-03-18,197.0,197.0,201.0,193.0,196.0,981000
2026-03-19,188.5,188.5,196.0,188.5,193.0,485000
2026-03-20,186.0,186.0,195.0,185.0,191.0,414000
2026-03-23,181.5,181.5,185.5,177.5,179.5,305000
2026-03-24,178.5,178.5,186.5,178.5,185.0,311000
2026-03-25,191.0,191.0,192.0,183.0,184.5,402000
2026-03-26,194.0,194.0,203.0,192.0,192.0,1084000
2026-03-27,206.0,206.0,206.0,192.0,193.0,1151000
2026-03-30,204.0,204.0,207.5,193.0,198.0,1363000
2026-03-31,196.5,196.5,209.0,195.0,203.0,1215000
2026-04-01,205.0,205.0,207.0,195.5,199.5,1139000
2026-04-02,188.5,188.5,206.5,187.5,205.0,1093000
2026-04-07,207.0,207.0,207.0,191.5,193.0,1690000
2026-04-08,227.5,227.5,227.5,222.0,222.0,1495000
2026-04-09,244.0,244.0,248.5,232.0,236.0,2490000
2026-04-10,253.0,253.0,265.0,244.0,245.0,1688000
2026-04-13,270.0,270.0,278.0,257.0,266.0,2557000
2026-04-14,268.0,268.0,273.0,262.0,270.5,1259000
2026-04-15,266.0,266.0,282.5,262.5,269.5,1676000
2026-04-16,266.0,266.0,273.5,263.5,268.0,665000
2026-04-17,267.0,267.0,268.5,258.0,265.0,707000
2026-04-20,261.0,261.0,283.5,261.0,269.0,1220000
2026-04-21,262.5,262.5,266.0,258.5,260.0,586000
2026-04-22,261.0,261.0,265.5,258.0,260.0,505000
2026-04-23,244.0,244.0,265.5,235.5,264.0,1220000
2026-04-24,227.5,227.5,249.5,221.0,243.5,1120000
2026-04-27,223.0,223.0,232.0,216.5,232.0,632000
2026-04-28,234.5,234.5,245.0,223.0,225.0,1426000
2026-04-29,238.0,238.0,241.5,228.0,230.5,611000
2026-04-30,241.0,241.0,255.0,233.5,237.5,733000
2026-05-04,252.0,252.0,254.5,239.5,247.0,722000
2026-05-05,244.0,244.0,256.5,242.5,255.0,634000
2026-05-06,243.0,243.0,245.0,221.0,240.0,2118000
2026-05-07,267.0,267.0,267.0,236.5,245.5,1921000
2026-05-08,287.5,287.5,293.5,272.5,282.5,5086000
2026-05-11,279.5,279.5,288.5,269.0,282.5,2013000
2026-05-12,301.0,301.0,307.0,273.0,281.5,3056000
2026-05-13,308.5,308.5,322.0,293.0,296.0,2837000
2026-05-14,321.5,321.5,339.0,315.0,328.0,2368000
2026-05-15,299.0,299.0,320.0,289.5,317.0,2355000
2026-05-18,304.0,304.0,314.5,293.5,293.5,1731000
2026-05-19,303.5,303.5,319.0,295.0,304.0,1391000
2026-05-20,282.0,282.0,324.0,281.0,304.0,2652000
2026-05-21,310.0,310.0,310.0,310.0,310.0,675000
2026-05-22,341.0,341.0,341.0,328.0,329.0,1707000
2026-05-25,375.0,375.0,375.0,367.0,370.0,804000
2026-05-26,395.5,395.5,412.5,350.0,412.5,4044000
2026-05-27,387.0,387.0,414.0,376.0,400.0,1812000
2026-05-28,425.5,425.5,425.5,390.5,390.5,2860000
2026-05-29,468.0,468.0,468.0,468.0,468.0,411000
2026-06-01,429.0,429.0,510.0,426.0,478.0,4509000
2026-06-02,402.0,402.0,428.5,386.5,428.5,2215000
2026-06-03,420.5,420.5,425.0,396.5,406.0,1750000
2026-06-04,405.0,405.0,419.0,405.0,415.5,589000
2026-06-05,411.0,411.0,437.5,383.5,400.0,2133000
2026-06-08,400.0,400.0,407.0,370.0,370.0,1722000
2026-06-09,392.5,392.5,415.0,392.5,407.5,1419000
2026-06-10,373.5,373.5,428.5,373.0,387.5,3058000
2026-06-11,364.5,364.5,382.0,351.0,366.0,1513000
2026-06-12,376.5,376.5,389.0,367.5,380.0,1217000
2026-06-15,401.5,401.5,412.0,389.5,393.5,1544000
2026-06-16,390.0,390.0,414.0,390.0,410.0,1359000
2026-06-17,368.0,368.0,392.0,364.0,381.0,1366000
2026-06-18,375.0,375.0,383.0,370.0,370.0,956000
2026-06-22,382.0,382.0,388.0,358.5,376.0,1503000
2026-06-23,349.5,349.5,382.0,346.0,382.0,1603000
2026-06-24,346.5,346.5,354.5,337.0,341.0,528000
2026-06-25,340.5,340.5,352.0,332.5,350.0,1057000
2026-06-26,315.0,315.0,340.5,312.5,340.5,940000
2026-06-29,322.0,322.0,330.5,312.5,318.0,456000
2026-06-30,344.0,344.0,349.5,322.5,325.0,679000
2026-07-01,335.0,335.0,356.0,333.0,354.0,678000
2026-07-02,325.5,325.5,335.5,323.5,331.0,367000
2026-07-03,346.5,346.5,357.0,320.5,324.5,1130000
2026-07-06,332.0,332.0,353.0,331.5,350.0,632000
2026-07-07,314.0,314.0,356.0,311.0,351.0,1332000
2026-07-08,331.5,331.5,335.5,320.5,325.0,1005000
2026-07-09,320.0,320.0,335.5,320.0,333.5,722000
2026-07-13,300.5,300.5,320.0,294.0,320.0,680000
2026-07-14,286.0,286.0,303.0,270.5,300.5,1277000
2026-07-15,284.5,284.5,288.5,280.0,288.5,548000
2026-07-16,275.5,275.5,284.0,274.0,281.0,338000
2026-07-17,250.0,250.0,270.0,248.0,270.0,1327000
2026-07-20,234.0,234.0,253.5,229.0,253.5,1042000
2026-07-21,246.5,246.5,250.0,235.5,237.5,534000
2026-07-22,255.0,255.0,265.0,249.5,260.0,598000
2026-07-23,249.0,249.0,259.5,246.5,255.0,302000
2026-07-24,238.0,238.0,249.0,237.0,248.5,304000
2026-07-27,241.0,241.0,245.5,232.0,241.0,353000
2026-07-28,217.0,217.0,233.5,217.0,231.0,415000
2026-07-29,205.0,205.0,222.0,196.0,217.5,938000
2026-07-30,197.5,197.5,211.0,195.0,202.0,531000
2026-07-31,213.0,213.0,216.0,211.0,214.0,355000
2026-08-03,220.0,220.0,223.5,208.0,210.0,434000
2026-08-04,237.5,237.5,238.0,220.0,226.0,375000
2026-08-05,246.0,246.0,260.5,243.0,260.5,682000
2026-08-06,249.5,249.5,253.0,236.0,244.5,393000
2026-08-07,236.5,236.5,254.5,236.0,254.5,372000
2026-08-10,245.0,245.0,247.0,236.0,236.0,225000
2026-08-11,256.0,256.0,260.0,245.0,245.0,487000
2026-08-12,257.5,257.5,263.5,252.0,253.5,348000
2026-08-13,283.0,283.0,283.0,265.0,265.0,441000
2026-08-14,261.0,261.0,289.5,260.0,283.5,1660000
2026-08-17,251.5,251.5,261.0,250.0,261.0,331000
2026-08-18,246.0,246.0,257.0,245.0,252.0,264000
2026-08-19,250.0,250.0,257.0,240.5,246.5,546000
2026-08-20,254.5,254.5,258.5,247.0,254.0,234000
2026-08-21,255.0,255.0,259.0,250.5,255.5,220000
2026-08-24,256.0,256.0,267.5,256.0,261.5,265515
2026-08-25,251.5,251.5,253.5,240.0,253.0,280932
2026-08-26,255.5,255.5,257.5,248.5,248.5,217823
2026-08-27,260.5,260.5,267.0,256.0,258.0,354766
2026-08-28,262.0,262.0,272.5,260.0,262.5,534806
2026-08-31,261.0,261.0,265.0,248.0,262.0,413296
2026-09-01,268.0,268.0,275.0,258.0,258.0,468862
2026-09-02,272.5,272.5,282.0,264.0,264.0,436455
2026-09-03,258.0,258.0,275.5,258.0,273.0,479866
2026-09-04,264.0,264.0,270.0,258.0,261.5,434391
2026-09-07,272.5,272.5,280.5,264.5,268.0,570543
2026-09-08,272.5,272.5,284.0,269.0,282.0,847943
2026-09-09,266.5,266.5,278.0,266.5,276.5,512339
2026-09-10,268.0,268.0,271.5,262.0,266.5,240016
2026-09-11,259.5,259.5,270.0,259.5,261.0,256343
2026-09-14,255.5,255.5,259.5,246.5,255.0,316288
2026-09-15,257.0,257.0,269.5,257.0,262.0,361781
2026-09-16,260.0,260.0,262.0,256.0,262.0,153506
2026-09-17,256.5,256.5,264.5,256.0,261.0,230282
