Price,Adj Close,Close,High,Low,Open,Volume
Ticker,4905.TWO,4905.TWO,4905.TWO,4905.TWO,4905.TWO,4905.TWO
Date,,,,,,
2020-01-02,60.62326431274414,71.4861831665039,71.4861831665039,71.4861831665039,71.4861831665039,826
2020-01-03,60.62326431274414,71.4861831665039,71.4861831665039,71.4861831665039,71.4861831665039,827
2020-01-06,59.80263900756836,70.51852416992188,70.51852416992188,70.51852416992188,70.51852416992188,2480
2020-01-07,59.80263900756836,70.51852416992188,70.51852416992188,70.51852416992188,70.51852416992188,2480
2020-01-08,59.084598541259766,69.67181396484375,69.67181396484375,69.67181396484375,69.67181396484375,826
2020-01-09,59.084598541259766,69.67181396484375,71.00234985351562,69.67181396484375,70.15564727783203,28108
2020-01-10,59.084598541259766,69.67181396484375,71.00234985351562,69.67181396484375,70.15564727783203,28108
2020-01-13,59.084598541259766,69.67181396484375,69.67181396484375,69.67181396484375,69.67181396484375,0
2020-01-14,59.084598541259766,69.67181396484375,69.67181396484375,69.67181396484375,69.67181396484375,0
2020-01-15,59.392330169677734,70.0346908569336,71.00234985351562,68.9460678100586,69.67181396484375,38029
2020-01-16,58.879451751708984,69.42990112304688,69.55085754394531,69.42990112304688,69.55085754394531,1654
2020-01-17,58.879451751708984,69.42990112304688,69.42990112304688,69.42990112304688,69.42990112304688,0
2020-01-20,58.879451751708984,69.42990112304688,69.42990112304688,68.9460678100586,68.9460678100586,4960
2020-01-30,57.853675842285156,68.22032165527344,68.22032165527344,66.88977813720703,67.73648834228516,4960
2020-01-31,57.853675842285156,68.22032165527344,68.22032165527344,68.22032165527344,68.22032165527344,0
2020-02-03,57.340789794921875,67.61553192138672,67.61553192138672,66.28498840332031,66.52690887451172,14881
2020-02-04,56.622745513916016,66.7688217163086,67.25265502929688,66.7688217163086,67.25265502929688,4133
2020-02-05,57.75108337402344,68.09935760498047,68.58319091796875,66.88977813720703,66.88977813720703,20668
2020-02-06,57.54594039916992,67.8574447631836,68.9460678100586,67.01073455810547,67.97840118408203,28935
2020-02-07,57.54594039916992,67.8574447631836,68.9460678100586,67.01073455810547,67.97840118408203,28935
2020-02-10,57.54594039916992,67.8574447631836,67.8574447631836,67.8574447631836,67.8574447631836,0
2020-02-11,57.033058166503906,67.25265502929688,67.25265502929688,67.25265502929688,67.25265502929688,826
2020-02-12,57.033058166503906,67.25265502929688,67.25265502929688,67.25265502929688,67.25265502929688,826
2020-02-13,57.033058166503906,67.25265502929688,67.25265502929688,67.25265502929688,67.25265502929688,0
2020-02-14,57.853675842285156,68.22032165527344,68.22032165527344,67.25265502929688,67.25265502929688,4962
2020-02-17,55.39181900024414,65.31732940673828,66.64786529541016,64.83349609375,64.83349609375,33069
2020-02-18,55.39181900024414,65.31732940673828,66.64786529541016,64.83349609375,64.83349609375,33069
2020-02-19,55.39181900024414,65.31732940673828,66.88977813720703,65.31732940673828,65.31732940673828,22321
2020-02-20,55.39181900024414,65.31732940673828,66.88977813720703,65.31732940673828,65.31732940673828,22321
2020-02-21,56.10985565185547,66.16403198242188,66.16403198242188,65.31732940673828,65.31732940673828,3385
2020-02-24,56.10985565185547,66.16403198242188,66.16403198242188,66.16403198242188,66.16403198242188,0
2020-02-25,56.10985565185547,66.16403198242188,66.16403198242188,66.16403198242188,66.16403198242188,0
2020-02-26,55.084083557128906,64.95445251464844,66.16403198242188,64.95445251464844,64.95445251464844,18188
2020-02-27,55.084083557128906,64.95445251464844,64.95445251464844,64.71253967285156,64.95445251464844,6613
2020-03-02,54.98150634765625,64.83349609375,64.83349609375,64.10774230957031,64.10774230957031,13227
2020-03-03,55.1866569519043,65.07540893554688,65.07540893554688,64.83349609375,64.83349609375,14054
2020-03-04,55.39181900024414,65.31732940673828,66.28498840332031,64.83349609375,64.83349609375,27282
2020-03-05,56.10985565185547,66.16403198242188,66.16403198242188,65.43828582763672,65.43828582763672,9920
2020-03-06,56.31501007080078,66.40594482421875,66.52690887451172,65.07540893554688,65.07540893554688,18188
2020-03-09,55.59696578979492,65.55924224853516,65.55924224853516,64.71253967285156,65.31732940673828,6613
2020-03-10,54.36603546142578,64.10774230957031,64.10774230957031,63.6239128112793,64.10774230957031,9094
2020-03-11,54.571197509765625,64.34966278076172,66.40594482421875,63.98678970336914,64.22870635986328,30589
2020-03-12,50.570674896240234,59.632301330566406,63.14008331298828,59.632301330566406,63.14008331298828,8267
2020-03-13,50.570674896240234,59.632301330566406,59.632301330566406,59.632301330566406,59.632301330566406,0
2020-03-16,45.595664978027344,53.76583480834961,56.668827056884766,53.76583480834961,56.668827056884766,19841
2020-03-17,44.51860427856445,52.49577713012695,54.18918991088867,50.197574615478516,53.70535659790039,39683
2020-03-18,44.467323303222656,52.435298919677734,55.15685272216797,52.435298919677734,55.15685272216797,15707
2020-03-19,40.210350036621094,47.4155387878418,53.10056686401367,47.4155387878418,53.10056686401367,47123
2020-03-20,43.08251953125,50.802364349365234,50.802364349365234,49.5927848815918,49.5927848815918,4133
2020-03-23,46.672733306884766,55.03589630126953,55.64068603515625,51.890987396240234,51.890987396240234,33069
2020-03-24,50.519386291503906,59.57181930541992,59.57181930541992,55.21733093261719,55.39876937866211,35549
2020-03-25,50.570674896240234,59.632301330566406,60.479007720947266,59.632301330566406,60.479007720947266,21495
2020-03-26,49.80134582519531,58.72511672973633,60.841880798339844,58.120323181152344,58.120323181152344,44643
2020-03-27,50.262939453125,59.26942443847656,60.479007720947266,58.78559494018555,59.26942443847656,21495
2020-03-30,50.72453689575195,59.81373596191406,59.87421417236328,59.632301330566406,59.632301330566406,5787
2020-03-31,50.827117919921875,59.934696197509766,60.41852569580078,58.9670295715332,60.237091064453125,24801
2020-04-01,50.980987548828125,60.11613082885742,60.11613082885742,59.208946228027344,59.32990646362305,23148
2020-04-06,51.18613815307617,60.35804748535156,60.96283721923828,59.26942443847656,60.41852569580078,48777
2020-04-07,51.18613815307617,60.35804748535156,60.72092056274414,59.934696197509766,60.72092056274414,23148
2020-04-08,51.18613815307617,60.35804748535156,60.35804748535156,60.237091064453125,60.35804748535156,4133
2020-04-09,50.41680908203125,59.450862884521484,60.5999641418457,59.450862884521484,60.35804748535156,25628
2020-04-10,51.18613815307617,60.35804748535156,61.20475387573242,59.390384674072266,61.20475387573242,46297
2020-04-13,51.237422943115234,60.41852569580078,60.41852569580078,60.35804748535156,60.35804748535156,1653
2020-04-14,51.28871536254883,60.479007720947266,60.479007720947266,60.35804748535156,60.35804748535156,11574
2020-04-15,50.77583312988281,59.87421417236328,60.479007720947266,59.87421417236328,59.995174407958984,9920
2020-04-16,51.28871536254883,60.479007720947266,60.479007720947266,60.237091064453125,60.237091064453125,6613
2020-04-17,50.77583312988281,59.87421417236328,60.41852569580078,59.87421417236328,60.35804748535156,11574
2020-04-20,50.62196731567383,59.692779541015625,59.87421417236328,59.692779541015625,59.87421417236328,9094
2020-04-21,50.77583312988281,59.87421417236328,60.176612854003906,59.87421417236328,60.176612854003906,37202
2020-04-22,50.77583312988281,59.87421417236328,59.87421417236328,59.87421417236328,59.87421417236328,20668
2020-04-23,50.827117919921875,59.934696197509766,59.995174407958984,59.87421417236328,59.995174407958984,4133
2020-04-24,50.77583312988281,59.87421417236328,59.934696197509766,59.87421417236328,59.934696197509766,5787
2020-04-27,50.77583312988281,59.87421417236328,62.29337692260742,59.87421417236328,59.934696197509766,48777
2020-04-28,50.77583312988281,59.87421417236328,59.934696197509766,59.87421417236328,59.934696197509766,9920
2020-04-29,50.77583312988281,59.87421417236328,59.87421417236328,59.87421417236328,59.87421417236328,3306
2020-04-30,50.87840270996094,59.995174407958984,60.237091064453125,59.995174407958984,59.995174407958984,12400
2020-05-04,50.980987548828125,60.11613082885742,60.237091064453125,59.32990646362305,59.87421417236328,38029
2020-05-05,50.77583312988281,59.87421417236328,59.87421417236328,59.87421417236328,59.87421417236328,6613
2020-05-06,50.87840270996094,59.995174407958984,60.11613082885742,59.632301330566406,59.632301330566406,13227
2020-05-07,50.77583312988281,59.87421417236328,59.995174407958984,59.87421417236328,59.995174407958984,4133
2020-05-08,50.87840270996094,59.995174407958984,59.995174407958984,59.87421417236328,59.87421417236328,13227
2020-05-11,50.77583312988281,59.87421417236328,59.87421417236328,59.87421417236328,59.87421417236328,9920
2020-05-12,50.77583312988281,59.87421417236328,59.87421417236328,59.87421417236328,59.87421417236328,33069
2020-05-13,50.570674896240234,59.632301330566406,59.87421417236328,59.632301330566406,59.87421417236328,19841
2020-05-14,50.77583312988281,59.87421417236328,59.87421417236328,59.81373596191406,59.81373596191406,22321
2020-05-15,50.77583312988281,59.87421417236328,59.87421417236328,59.87421417236328,59.87421417236328,20668
2020-05-18,50.77583312988281,59.87421417236328,59.87421417236328,59.87421417236328,59.87421417236328,36376
2020-05-19,50.77583312988281,59.87421417236328,59.87421417236328,59.87421417236328,59.87421417236328,32242
2020-05-20,50.77583312988281,59.87421417236328,59.87421417236328,59.87421417236328,59.87421417236328,27282
2020-05-21,50.77583312988281,59.87421417236328,59.87421417236328,59.87421417236328,59.87421417236328,28108
2020-05-22,50.365516662597656,59.390384674072266,59.87421417236328,59.390384674072266,59.87421417236328,2480
2020-05-25,50.262939453125,59.26942443847656,59.26942443847656,59.26942443847656,59.26942443847656,1653
2020-05-26,50.262939453125,59.26942443847656,59.26942443847656,59.26942443847656,59.26942443847656,0
2020-05-27,50.262939453125,59.26942443847656,59.26942443847656,59.26942443847656,59.26942443847656,0
2020-05-28,50.262939453125,59.26942443847656,59.26942443847656,59.26942443847656,59.26942443847656,0
2020-05-29,49.339744567871094,58.18080520629883,58.18080520629883,58.059844970703125,58.059844970703125,4960
2020-06-01,49.75006103515625,58.664634704589844,58.664634704589844,58.664634704589844,58.664634704589844,4960
2020-06-02,49.75006103515625,58.664634704589844,58.664634704589844,58.664634704589844,58.664634704589844,0
2020-06-03,50.05778884887695,59.02751159667969,59.02751159667969,58.24128341674805,59.02751159667969,13227
2020-06-04,49.90391540527344,58.846073150634766,59.5113410949707,58.24128341674805,58.906551361083984,20668
2020-06-05,49.64748001098633,58.543678283691406,58.664634704589844,58.543678283691406,58.664634704589844,18188
2020-06-08,49.95520782470703,58.906551361083984,58.906551361083984,58.906551361083984,58.906551361083984,1653
2020-06-09,50.05778884887695,59.02751159667969,59.87421417236328,58.906551361083984,58.906551361083984,22321
2020-06-10,50.16036605834961,59.148468017578125,59.81373596191406,58.846073150634766,59.753257751464844,14054
2020-06-11,49.80134582519531,58.72511672973633,59.148468017578125,58.72511672973633,59.148468017578125,4133
2020-06-12,49.59619140625,58.48320007324219,58.72511672973633,58.42272186279297,58.42272186279297,12400
2020-06-15,49.339744567871094,58.18080520629883,58.543678283691406,58.18080520629883,58.543678283691406,18188
2020-06-16,50.41680908203125,59.450862884521484,59.450862884521484,58.42272186279297,58.42272186279297,7440
2020-06-17,49.95520782470703,58.906551361083984,58.906551361083984,58.906551361083984,58.906551361083984,4133
2020-06-18,49.852630615234375,58.78559494018555,59.02751159667969,58.78559494018555,59.02751159667969,4960
2020-06-19,49.59619140625,58.48320007324219,58.48320007324219,58.48320007324219,58.48320007324219,2480
2020-06-22,49.59619140625,58.48320007324219,58.664634704589844,58.48320007324219,58.664634704589844,7440
2020-06-23,49.59619140625,58.48320007324219,58.664634704589844,58.48320007324219,58.664634704589844,6613
2020-06-24,49.75006103515625,58.664634704589844,58.664634704589844,58.664634704589844,58.664634704589844,4133
2020-06-29,49.75006103515625,58.664634704589844,58.72511672973633,57.93888854980469,57.93888854980469,8267
2020-06-30,49.95520782470703,58.906551361083984,58.906551361083984,58.664634704589844,58.664634704589844,9920
2020-07-01,49.95520782470703,58.906551361083984,58.906551361083984,58.906551361083984,58.906551361083984,4960
2020-07-02,49.80134582519531,58.72511672973633,58.72511672973633,58.664634704589844,58.664634704589844,5787
2020-07-03,49.852630615234375,58.78559494018555,58.78559494018555,58.72511672973633,58.72511672973633,7440
2020-07-06,50.10908126831055,59.087989807128906,59.87421417236328,59.02751159667969,59.632301330566406,14054
2020-07-07,50.16036605834961,59.148468017578125,59.208946228027344,59.148468017578125,59.208946228027344,9094
2020-07-08,50.16036605834961,59.148468017578125,59.26942443847656,59.148468017578125,59.148468017578125,6613
2020-07-09,50.16036605834961,59.148468017578125,59.208946228027344,59.148468017578125,59.208946228027344,14054
2020-07-10,50.262939453125,59.26942443847656,59.26942443847656,59.208946228027344,59.208946228027344,7440
2020-07-13,50.46809768676758,59.5113410949707,59.5113410949707,59.26942443847656,59.26942443847656,6613
2020-07-14,50.16036605834961,59.148468017578125,59.390384674072266,59.148468017578125,59.390384674072266,12400
2020-07-15,50.16036605834961,59.148468017578125,59.26942443847656,59.148468017578125,59.148468017578125,5787
2020-07-16,50.262939453125,59.26942443847656,59.26942443847656,59.148468017578125,59.26942443847656,5787
2020-07-17,50.262939453125,59.26942443847656,59.390384674072266,59.148468017578125,59.26942443847656,14881
2020-07-20,50.21165084838867,59.208946228027344,59.26942443847656,59.208946228027344,59.26942443847656,5787
2020-07-21,50.46809768676758,59.5113410949707,59.5113410949707,59.26942443847656,59.26942443847656,4960
2020-07-22,50.570674896240234,59.632301330566406,59.632301330566406,59.5113410949707,59.5113410949707,9094
2020-07-23,50.262939453125,59.26942443847656,59.450862884521484,59.26942443847656,59.450862884521484,4133
2020-07-24,50.262939453125,59.26942443847656,59.26942443847656,58.78559494018555,58.78559494018555,11574
2020-07-27,49.95520782470703,58.906551361083984,59.148468017578125,58.78559494018555,58.78559494018555,13227
2020-07-28,49.75006103515625,58.664634704589844,58.906551361083984,58.664634704589844,58.906551361083984,6613
2020-07-29,49.75006103515625,58.664634704589844,58.664634704589844,58.664634704589844,58.664634704589844,0
2020-07-30,50.006500244140625,58.9670295715332,59.632301330566406,58.906551361083984,59.632301330566406,6613
2020-07-31,49.81660079956055,56.910743713378906,57.39457702636719,56.85026550292969,57.15266036987305,8267
2020-08-03,49.7636604309082,56.85026550292969,57.15266036987305,56.85026550292969,57.15266036987305,6613
2020-08-04,49.922481536865234,57.031700134277344,57.09218215942383,56.85026550292969,56.85026550292969,11574
2020-08-05,49.922481536865234,57.031700134277344,57.09218215942383,56.971221923828125,56.971221923828125,11574
2020-08-06,50.293060302734375,57.455055236816406,57.455055236816406,57.031700134277344,57.031700134277344,4960
2020-08-07,49.657779693603516,56.729305267333984,57.031700134277344,56.729305267333984,57.031700134277344,3306
2020-08-10,49.657779693603516,56.729305267333984,56.729305267333984,56.729305267333984,56.729305267333984,0
2020-08-11,49.97542190551758,57.09218215942383,57.39457702636719,57.09218215942383,57.33409881591797,7440
2020-08-12,49.7636604309082,56.85026550292969,56.85026550292969,56.85026550292969,56.85026550292969,9094
2020-08-13,49.446022033691406,56.48739242553711,56.85026550292969,56.48739242553711,56.85026550292969,10747
2020-08-14,49.23426055908203,56.24547576904297,56.24547576904297,56.24547576904297,56.24547576904297,826
2020-08-17,49.7636604309082,56.85026550292969,56.910743713378906,56.24547576904297,56.24547576904297,20668
2020-08-18,49.446022033691406,56.48739242553711,56.85026550292969,56.48739242553711,56.48739242553711,3306
2020-08-19,49.71072006225586,56.78978729248047,56.78978729248047,56.668827056884766,56.668827056884766,2480
2020-08-20,49.657779693603516,56.729305267333984,56.78978729248047,56.30595397949219,56.78978729248047,17361
2020-08-21,49.55189514160156,56.60834884643555,56.30595397949219,56.24547576904297,56.30595397949219,10747
2020-08-24,49.34013748168945,56.366432189941406,56.54787063598633,56.124515533447266,56.54787063598633,56217
2020-08-25,49.3930778503418,56.426910400390625,56.60834884643555,56.24547576904297,56.48739242553711,53737
2020-08-26,49.34013748168945,56.366432189941406,57.213138580322266,56.24547576904297,57.213138580322266,7440
2020-08-27,49.34013748168945,56.366432189941406,56.54787063598633,55.88260269165039,56.48739242553711,19841
2020-08-28,49.287200927734375,56.30595397949219,56.30595397949219,56.00355911254883,56.00355911254883,2480
2020-08-31,49.34013748168945,56.366432189941406,56.366432189941406,56.366432189941406,56.366432189941406,826
2020-09-01,49.18131637573242,56.18499755859375,56.18499755859375,56.18499755859375,56.18499755859375,1653
2020-09-02,49.3930778503418,56.426910400390625,56.426910400390625,56.30595397949219,56.30595397949219,11574
2020-09-03,49.075439453125,56.06403732299805,56.85026550292969,55.88260269165039,56.85026550292969,16534
2020-09-04,49.18131637573242,56.18499755859375,56.18499755859375,55.64068603515625,55.88260269165039,12400
2020-09-07,49.075439453125,56.06403732299805,56.06403732299805,56.06403732299805,56.06403732299805,4133
2020-09-08,49.02249526977539,56.00355911254883,56.18499755859375,55.88260269165039,56.124515533447266,5787
2020-09-09,49.02249526977539,56.00355911254883,56.00355911254883,56.00355911254883,56.00355911254883,1653
2020-09-10,49.18131637573242,56.18499755859375,56.18499755859375,55.64068603515625,55.64068603515625,1653
2020-09-11,49.02249526977539,56.00355911254883,56.06403732299805,56.00355911254883,56.00355911254883,2480
2020-09-14,49.12837600708008,56.124515533447266,56.124515533447266,56.00355911254883,56.00355911254883,4133
2020-09-15,49.446022033691406,56.48739242553711,56.48739242553711,56.124515533447266,56.124515533447266,66965
2020-09-16,49.12837600708008,56.124515533447266,56.24547576904297,55.822120666503906,56.24547576904297,33069
2020-09-17,49.23426055908203,56.24547576904297,56.24547576904297,56.18499755859375,56.18499755859375,15707
2020-09-18,49.55189514160156,56.60834884643555,56.60834884643555,56.60834884643555,56.60834884643555,826
2020-09-21,49.55189514160156,56.60834884643555,56.60834884643555,56.60834884643555,56.60834884643555,0
2020-09-22,49.97542190551758,57.09218215942383,57.09218215942383,57.09218215942383,57.09218215942383,826
2020-09-23,49.97542190551758,57.09218215942383,57.09218215942383,57.09218215942383,57.09218215942383,0
2020-09-24,49.02249526977539,56.00355911254883,56.06403732299805,55.822120666503906,55.822120666503906,9094
2020-09-25,48.863677978515625,55.822120666503906,56.00355911254883,55.03589630126953,56.00355911254883,4960
2020-09-28,48.969566345214844,55.94308090209961,55.94308090209961,55.76164245605469,55.76164245605469,9094
2020-09-29,48.969566345214844,55.94308090209961,55.94308090209961,55.94308090209961,55.94308090209961,0
2020-09-30,48.969566345214844,55.94308090209961,55.94308090209961,55.94308090209961,55.94308090209961,0
2020-10-05,49.498958587646484,56.54787063598633,56.54787063598633,55.03589630126953,55.03589630126953,7440
2020-10-06,49.446022033691406,56.48739242553711,56.48739242553711,56.48739242553711,56.48739242553711,1653
2020-10-07,49.23426055908203,56.24547576904297,56.24547576904297,56.00355911254883,56.00355911254883,1653
2020-10-08,49.23426055908203,56.24547576904297,56.24547576904297,56.24547576904297,56.24547576904297,4133
2020-10-12,49.23426055908203,56.24547576904297,56.24547576904297,56.24547576904297,56.24547576904297,5787
2020-10-13,49.23426055908203,56.24547576904297,56.24547576904297,56.00355911254883,56.24547576904297,7440
2020-10-14,49.446022033691406,56.48739242553711,56.54787063598633,56.48739242553711,56.54787063598633,1653
2020-10-15,49.34013748168945,56.366432189941406,56.366432189941406,55.64068603515625,55.64068603515625,1653
2020-10-16,49.498958587646484,56.54787063598633,56.54787063598633,55.03589630126953,55.88260269165039,5787
2020-10-19,49.498958587646484,56.54787063598633,56.54787063598633,56.54787063598633,56.54787063598633,0
2020-10-20,49.498958587646484,56.54787063598633,56.54787063598633,56.54787063598633,56.54787063598633,0
2020-10-21,49.3930778503418,56.426910400390625,56.426910400390625,56.00355911254883,56.00355911254883,7440
2020-10-22,50.37681579589844,56.4268798828125,56.4268798828125,56.4268798828125,56.4268798828125,0
2020-10-23,50.37681579589844,56.4268798828125,56.4268798828125,56.4268798828125,56.4268798828125,0
2020-10-26,50.37681579589844,56.4268798828125,56.4268798828125,56.4268798828125,56.4268798828125,0
2020-10-27,50.37681579589844,56.4268798828125,56.4268798828125,56.4268798828125,56.4268798828125,0
2020-10-28,50.37681579589844,56.4268798828125,56.4268798828125,56.4268798828125,56.4268798828125,0
2020-10-29,50.37681579589844,56.4268798828125,56.4268798828125,56.4268798828125,56.4268798828125,0
2020-10-30,50.37681579589844,56.4268798828125,56.4268798828125,56.4268798828125,56.4268798828125,0
2020-11-02,48.52067947387695,54.34782409667969,54.34782409667969,54.34782409667969,54.34782409667969,627440
2020-11-03,49.297019958496094,55.21739196777344,55.21739196777344,54.456520080566406,54.565216064453125,4600
2020-11-04,49.19997787475586,55.10869598388672,55.10869598388672,54.34782409667969,54.78260803222656,59800
2020-11-05,49.39405059814453,55.32608413696289,55.32608413696289,55.32608413696289,55.32608413696289,920
2020-11-06,49.102928161621094,55.0,55.0,53.80434799194336,53.80434799194336,10120
2020-11-09,49.102928161621094,55.0,55.21739196777344,54.673912048339844,54.673912048339844,4600
2020-11-10,49.102928161621094,55.0,55.0,55.0,55.0,0
2020-11-11,49.491092681884766,55.43478012084961,55.43478012084961,55.43478012084961,55.43478012084961,1840
2020-11-12,49.87925720214844,55.869564056396484,55.869564056396484,55.0,55.0,9200
2020-11-13,49.87925720214844,55.869564056396484,55.869564056396484,55.869564056396484,55.869564056396484,0
2020-11-16,49.6851806640625,55.65217208862305,55.65217208862305,55.65217208862305,55.65217208862305,1840
2020-11-17,49.6851806640625,55.65217208862305,55.65217208862305,55.65217208862305,55.65217208862305,0
2020-11-18,49.6851806640625,55.65217208862305,55.65217208862305,54.89130401611328,55.65217208862305,11960
2020-11-19,49.6851806640625,55.65217208862305,55.760868072509766,55.65217208862305,55.65217208862305,15640
2020-11-20,49.6851806640625,55.65217208862305,55.65217208862305,55.65217208862305,55.65217208862305,6440
2020-11-23,49.6851806640625,55.65217208862305,55.65217208862305,54.89130401611328,54.89130401611328,5520
2020-11-24,49.78221893310547,55.760868072509766,55.760868072509766,55.65217208862305,55.65217208862305,2760
2020-11-25,49.6851806640625,55.65217208862305,55.65217208862305,55.0,55.0,1840
2020-11-26,50.26742935180664,56.30434799194336,56.41304397583008,55.760868072509766,55.760868072509766,7360
2020-11-27,50.26742935180664,56.30434799194336,56.30434799194336,56.30434799194336,56.30434799194336,0
2020-11-30,50.26742935180664,56.30434799194336,56.30434799194336,56.30434799194336,56.30434799194336,920
2020-12-01,50.36446762084961,56.41304397583008,56.41304397583008,55.869564056396484,55.869564056396484,11960
2020-12-02,50.26742935180664,56.30434799194336,56.41304397583008,56.30434799194336,56.41304397583008,3680
2020-12-03,50.36446762084961,56.41304397583008,56.41304397583008,56.41304397583008,56.41304397583008,1840
2020-12-04,50.26742935180664,56.30434799194336,56.5217399597168,56.08695602416992,56.30434799194336,9200
2020-12-07,50.36446762084961,56.41304397583008,56.63043212890625,56.30434799194336,56.30434799194336,2760
2020-12-08,50.36446762084961,56.41304397583008,56.41304397583008,56.41304397583008,56.41304397583008,1840
2020-12-09,50.36446762084961,56.41304397583008,56.5217399597168,55.65217208862305,56.5217399597168,6440
2020-12-10,49.97630310058594,55.9782600402832,55.9782600402832,55.54347610473633,55.65217208862305,11040
2020-12-11,49.97630310058594,55.9782600402832,56.30434799194336,55.54347610473633,56.19565200805664,10120
2020-12-14,50.07334518432617,56.08695602416992,56.08695602416992,55.9782600402832,55.9782600402832,11040
2020-12-15,50.07334518432617,56.08695602416992,56.08695602416992,56.08695602416992,56.08695602416992,0
2020-12-16,50.07334518432617,56.08695602416992,56.08695602416992,56.08695602416992,56.08695602416992,7360
2020-12-17,50.07334518432617,56.08695602416992,56.08695602416992,56.08695602416992,56.08695602416992,0
2020-12-18,50.36446762084961,56.41304397583008,56.41304397583008,56.08695602416992,56.30434799194336,12880
2020-12-21,49.588134765625,55.54347610473633,55.9782600402832,55.54347610473633,55.9782600402832,1840
2020-12-22,49.97630310058594,55.9782600402832,55.9782600402832,55.54347610473633,55.54347610473633,10120
2020-12-23,49.97630310058594,55.9782600402832,55.9782600402832,55.9782600402832,55.9782600402832,20240
2020-12-24,50.36446762084961,56.41304397583008,56.41304397583008,55.869564056396484,55.869564056396484,20240
2020-12-25,50.26742935180664,56.30434799194336,56.30434799194336,55.9782600402832,55.9782600402832,24840
2020-12-28,50.17038345336914,56.19565200805664,56.19565200805664,55.54347610473633,56.19565200805664,2760
2020-12-29,50.07334518432617,56.08695602416992,56.08695602416992,55.9782600402832,55.9782600402832,1840
2020-12-30,50.07334518432617,56.08695602416992,56.30434799194336,55.760868072509766,55.760868072509766,10120
2020-12-31,50.07334518432617,56.08695602416992,56.08695602416992,56.08695602416992,56.08695602416992,12880
2021-01-04,49.97630310058594,55.9782600402832,56.08695602416992,55.760868072509766,55.760868072509766,5520
2021-01-05,50.17038345336914,56.19565200805664,56.19565200805664,55.9782600402832,55.9782600402832,1840
2021-01-06,50.07334518432617,56.08695602416992,56.08695602416992,55.65217208862305,55.65217208862305,12880
2021-01-07,49.97630310058594,55.9782600402832,55.9782600402832,55.9782600402832,55.9782600402832,5520
2021-01-08,49.97630310058594,55.9782600402832,55.9782600402832,55.9782600402832,55.9782600402832,4600
2021-01-11,50.36446762084961,56.41304397583008,56.41304397583008,55.9782600402832,55.9782600402832,2760
2021-01-12,50.17038345336914,56.19565200805664,56.19565200805664,55.65217208862305,55.760868072509766,3680
2021-01-13,49.6851806640625,55.65217208862305,55.760868072509766,55.65217208862305,55.760868072509766,4600
2021-01-14,49.78221893310547,55.760868072509766,55.760868072509766,55.43478012084961,55.65217208862305,7360
2021-01-15,49.39405059814453,55.32608413696289,55.32608413696289,54.34782409667969,55.10869598388672,6440
2021-01-18,49.19997787475586,55.10869598388672,55.10869598388672,54.456520080566406,54.565216064453125,2760
2021-01-19,48.61772155761719,54.456520080566406,54.565216064453125,54.456520080566406,54.565216064453125,12880
2021-01-20,48.42363739013672,54.23912811279297,54.456520080566406,53.85869598388672,54.456520080566406,5520
2021-01-21,48.375118255615234,54.18478012084961,54.18478012084961,53.91304397583008,53.91304397583008,6440
2021-01-22,48.13251876831055,53.91304397583008,53.91304397583008,53.91304397583008,53.91304397583008,2760
2021-01-25,48.47216033935547,54.29347610473633,54.29347610473633,54.29347610473633,54.29347610473633,920
2021-01-26,48.61772155761719,54.456520080566406,54.456520080566406,54.29347610473633,54.29347610473633,1840
2021-01-27,48.42363739013672,54.23912811279297,54.23912811279297,53.80434799194336,53.80434799194336,1840
2021-01-28,48.375118255615234,54.18478012084961,54.18478012084961,54.18478012084961,54.18478012084961,920
2021-01-29,48.47216033935547,54.29347610473633,54.673912048339844,53.423912048339844,54.673912048339844,9200
2021-02-01,48.375118255615234,54.18478012084961,54.18478012084961,53.260868072509766,53.260868072509766,4600
2021-02-02,48.08399963378906,53.85869598388672,54.13043212890625,53.260868072509766,53.260868072509766,6440
2021-02-03,48.52067947387695,54.34782409667969,54.34782409667969,53.369564056396484,54.29347610473633,2760
2021-02-04,48.52067947387695,54.34782409667969,54.78260803222656,53.80434799194336,54.34782409667969,14720
2021-02-05,48.47216033935547,54.29347610473633,54.78260803222656,53.85869598388672,54.78260803222656,9200
2021-02-17,48.90884780883789,54.78260803222656,54.78260803222656,53.80434799194336,53.80434799194336,8280
2021-02-18,48.811805725097656,54.673912048339844,54.673912048339844,54.34782409667969,54.34782409667969,1840
2021-02-19,48.52067947387695,54.34782409667969,54.34782409667969,53.64130401611328,53.80434799194336,8280
2021-02-22,48.61772155761719,54.456520080566406,54.456520080566406,54.23912811279297,54.34782409667969,3680
2021-02-23,48.52067947387695,54.34782409667969,54.34782409667969,54.23912811279297,54.23912811279297,3680
2021-02-24,48.90884780883789,54.78260803222656,54.78260803222656,54.34782409667969,54.34782409667969,5520
2021-02-25,49.00588607788086,54.89130401611328,54.89130401611328,54.78260803222656,54.78260803222656,1840
2021-02-26,48.90884780883789,54.78260803222656,54.78260803222656,53.80434799194336,53.80434799194336,5520
2021-03-02,48.90884780883789,54.78260803222656,54.78260803222656,54.78260803222656,54.78260803222656,920
2021-03-03,48.811805725097656,54.673912048339844,54.673912048339844,54.0217399597168,54.0217399597168,2760
2021-03-04,48.811805725097656,54.673912048339844,54.673912048339844,54.34782409667969,54.34782409667969,6440
2021-03-05,48.811805725097656,54.673912048339844,54.673912048339844,54.34782409667969,54.34782409667969,6440
2021-03-08,48.811805725097656,54.673912048339844,54.78260803222656,54.07608413696289,54.07608413696289,3680
2021-03-09,48.52067947387695,54.34782409667969,54.89130401611328,53.80434799194336,54.89130401611328,5520
2021-03-10,49.97630310058594,55.9782600402832,56.41304397583008,54.34782409667969,54.34782409667969,42320
2021-03-11,48.52067947387695,54.34782409667969,54.89130401611328,54.34782409667969,54.565216064453125,13800
2021-03-12,49.297019958496094,55.21739196777344,55.32608413696289,55.21739196777344,55.32608413696289,1840
2021-03-15,49.78221893310547,55.760868072509766,55.9782600402832,54.89130401611328,55.9782600402832,13800
2021-03-16,49.491092681884766,55.43478012084961,55.43478012084961,54.673912048339844,54.673912048339844,8280
2021-03-17,49.491092681884766,55.43478012084961,55.760868072509766,55.0,55.0,13800
2021-03-18,49.491092681884766,55.43478012084961,55.760868072509766,55.43478012084961,55.43478012084961,6440
2021-03-19,49.87925720214844,55.869564056396484,55.869564056396484,54.78260803222656,54.78260803222656,14720
2021-03-22,49.491092681884766,55.43478012084961,55.9782600402832,55.43478012084961,55.9782600402832,3680
2021-03-23,49.6851806640625,55.65217208862305,55.65217208862305,55.10869598388672,55.10869598388672,2760
2021-03-24,49.78221893310547,55.760868072509766,55.760868072509766,55.65217208862305,55.65217208862305,6440
2021-03-25,49.491092681884766,55.43478012084961,55.65217208862305,55.0,55.21739196777344,31280
2021-03-26,49.491092681884766,55.43478012084961,55.65217208862305,55.43478012084961,55.65217208862305,32200
2021-03-29,50.26742935180664,56.30434799194336,56.30434799194336,55.760868072509766,55.760868072509766,20240
2021-03-30,50.26742935180664,56.30434799194336,56.30434799194336,55.760868072509766,55.760868072509766,27600
2021-03-31,49.97630310058594,55.9782600402832,56.19565200805664,55.869564056396484,56.19565200805664,35880
2021-04-01,50.36446762084961,56.41304397583008,56.84782409667969,55.43478012084961,56.08695602416992,19320
2021-04-07,49.97630310058594,55.9782600402832,56.63043212890625,55.9782600402832,55.9782600402832,7360
2021-04-08,50.17038345336914,56.19565200805664,56.956520080566406,55.9782600402832,55.9782600402832,7360
2021-04-09,50.461509704589844,56.5217399597168,56.84782409667969,56.5217399597168,56.63043212890625,23000
2021-04-12,50.55854797363281,56.63043212890625,56.63043212890625,56.5217399597168,56.5217399597168,4600
2021-04-13,50.65558624267578,56.73912811279297,56.73912811279297,56.5217399597168,56.5217399597168,7360
2021-04-14,50.65558624267578,56.73912811279297,58.4782600402832,56.5217399597168,57.065216064453125,14720
2021-04-15,51.14080047607422,57.28260803222656,58.260868072509766,56.73912811279297,56.73912811279297,8280
2021-04-16,51.626007080078125,57.82608413696289,58.58695602416992,57.28260803222656,57.28260803222656,92920
2021-04-19,51.43191909790039,57.60869598388672,58.58695602416992,57.065216064453125,58.58695602416992,3680
2021-04-20,51.43191909790039,57.60869598388672,57.60869598388672,56.84782409667969,57.065216064453125,22080
2021-04-21,51.43191909790039,57.60869598388672,57.60869598388672,57.60869598388672,57.60869598388672,2760
2021-04-22,51.43191909790039,57.60869598388672,57.60869598388672,57.60869598388672,57.60869598388672,2760
2021-04-23,51.43191909790039,57.60869598388672,57.60869598388672,56.84782409667969,56.84782409667969,15640
2021-04-26,51.43191909790039,57.60869598388672,57.93478012084961,57.60869598388672,57.60869598388672,9200
2021-04-27,51.43191909790039,57.60869598388672,60.21739196777344,57.60869598388672,57.60869598388672,30360
2021-04-28,52.40233612060547,58.69565200805664,58.69565200805664,58.15217208862305,58.15217208862305,9200
2021-04-29,51.9171257019043,58.15217208862305,59.23912811279297,57.60869598388672,58.69565200805664,9200
2021-05-03,52.59642028808594,58.91304397583008,58.91304397583008,57.71739196777344,58.15217208862305,8280
2021-05-04,51.82008743286133,58.04347610473633,59.23912811279297,58.04347610473633,59.13043212890625,10120
2021-05-05,52.208255767822266,58.4782600402832,58.58695602416992,58.04347610473633,58.04347610473633,2760
2021-05-06,51.9171257019043,58.15217208862305,58.260868072509766,58.15217208862305,58.260868072509766,2760
2021-05-07,52.0141716003418,58.260868072509766,58.260868072509766,57.82608413696289,57.82608413696289,2760
2021-05-10,52.59642028808594,58.91304397583008,59.78260803222656,58.91304397583008,59.0217399597168,14720
2021-05-11,52.790504455566406,59.13043212890625,59.565216064453125,58.80434799194336,59.565216064453125,8280
2021-05-12,52.208255767822266,58.4782600402832,59.13043212890625,56.5217399597168,59.13043212890625,15640
2021-05-13,51.43191909790039,57.60869598388672,57.60869598388672,57.60869598388672,57.60869598388672,2760
2021-05-14,52.111209869384766,58.369564056396484,58.369564056396484,57.5,57.5,1840
2021-05-17,52.111209869384766,58.369564056396484,58.4782600402832,58.04347610473633,58.4782600402832,14720
2021-05-18,52.208255767822266,58.4782600402832,58.4782600402832,58.15217208862305,58.369564056396484,10120
2021-05-19,52.208255767822266,58.4782600402832,58.4782600402832,58.4782600402832,58.4782600402832,0
2021-05-20,52.208255767822266,58.4782600402832,58.4782600402832,58.4782600402832,58.4782600402832,0
2021-05-21,52.208255767822266,58.4782600402832,58.4782600402832,58.4782600402832,58.4782600402832,0
2021-05-24,52.0141716003418,58.260868072509766,58.260868072509766,58.260868072509766,58.260868072509766,920
2021-05-25,52.0141716003418,58.260868072509766,58.260868072509766,57.60869598388672,58.260868072509766,7360
2021-05-26,51.72304916381836,57.93478012084961,57.93478012084961,57.28260803222656,57.28260803222656,1840
2021-05-27,51.72304916381836,57.93478012084961,57.93478012084961,57.93478012084961,57.93478012084961,0
2021-05-28,51.43191909790039,57.60869598388672,57.71739196777344,56.63043212890625,56.63043212890625,11960
2021-05-31,51.9171257019043,58.15217208862305,58.15217208862305,57.5,57.5,62560
2021-06-01,52.40233612060547,58.69565200805664,58.69565200805664,58.15217208862305,58.15217208862305,7360
2021-06-02,52.40233612060547,58.69565200805664,58.69565200805664,58.69565200805664,58.69565200805664,0
2021-06-03,52.40233612060547,58.69565200805664,58.69565200805664,58.69565200805664,58.69565200805664,920
2021-06-04,51.43191909790039,57.60869598388672,58.369564056396484,57.60869598388672,58.369564056396484,5520
2021-06-07,51.43191909790039,57.60869598388672,57.60869598388672,57.60869598388672,57.60869598388672,17480
2021-06-08,51.43191909790039,57.60869598388672,57.60869598388672,57.60869598388672,57.60869598388672,13800
2021-06-09,51.43191909790039,57.60869598388672,57.60869598388672,57.60869598388672,57.60869598388672,19320
2021-06-10,52.0141716003418,58.260868072509766,58.260868072509766,57.60869598388672,57.60869598388672,11040
2021-06-11,52.0141716003418,58.260868072509766,58.369564056396484,58.260868072509766,58.369564056396484,10120
2021-06-15,55.604705810546875,62.28260803222656,62.5,58.15217208862305,58.15217208862305,24840
2021-06-16,54.53724670410156,61.08695602416992,62.28260803222656,60.32608413696289,62.28260803222656,8280
2021-06-17,51.43191909790039,57.60869598388672,59.89130401611328,57.065216064453125,59.89130401611328,20240
2021-06-18,51.626007080078125,57.82608413696289,58.58695602416992,57.60869598388672,57.60869598388672,13800
2021-06-21,52.0141716003418,58.260868072509766,58.260868072509766,57.71739196777344,57.71739196777344,3680
2021-06-22,51.528961181640625,57.71739196777344,58.260868072509766,57.71739196777344,58.260868072509766,14720
2021-06-23,51.626007080078125,57.82608413696289,57.82608413696289,57.71739196777344,57.71739196777344,6440
2021-06-24,52.208255767822266,58.4782600402832,58.4782600402832,57.93478012084961,57.93478012084961,8280
2021-06-25,52.208255767822266,58.4782600402832,58.4782600402832,58.4782600402832,58.4782600402832,2760
2021-06-28,51.82008743286133,58.04347610473633,58.04347610473633,57.173912048339844,58.04347610473633,2760
2021-06-29,51.334877014160156,57.5,58.58695602416992,57.39130401611328,58.58695602416992,8280
2021-06-30,51.528961181640625,57.71739196777344,57.71739196777344,57.39130401611328,57.5,14720
2021-07-01,51.528961181640625,57.71739196777344,57.71739196777344,57.60869598388672,57.60869598388672,7360
2021-07-02,51.43191909790039,57.60869598388672,58.04347610473633,57.60869598388672,57.60869598388672,4600
2021-07-05,51.72304916381836,57.93478012084961,57.93478012084961,56.5217399597168,57.173912048339844,17480
2021-07-06,52.111209869384766,58.369564056396484,58.369564056396484,57.93478012084961,57.93478012084961,10120
2021-07-07,52.0141716003418,58.260868072509766,58.260868072509766,57.93478012084961,57.93478012084961,3680
2021-07-08,52.111209869384766,58.369564056396484,58.369564056396484,57.93478012084961,58.04347610473633,22080
2021-07-09,51.82008743286133,58.04347610473633,58.15217208862305,58.04347610473633,58.15217208862305,3680
2021-07-12,51.72304916381836,57.93478012084961,58.260868072509766,57.93478012084961,58.15217208862305,13800
2021-07-13,51.72304916381836,57.93478012084961,58.15217208862305,57.93478012084961,58.15217208862305,25760
2021-07-14,51.72304916381836,57.93478012084961,57.93478012084961,57.93478012084961,57.93478012084961,11040
2021-07-15,51.72304916381836,57.93478012084961,58.15217208862305,57.93478012084961,58.15217208862305,20240
2021-07-16,51.9171257019043,58.15217208862305,58.15217208862305,57.93478012084961,57.93478012084961,13800
2021-07-19,51.9171257019043,58.15217208862305,58.15217208862305,57.93478012084961,57.93478012084961,20240
2021-07-20,51.82008743286133,58.04347610473633,58.04347610473633,57.71739196777344,57.71739196777344,14720
2021-07-21,51.72304916381836,57.93478012084961,58.04347610473633,57.93478012084961,58.04347610473633,23000
2021-07-22,51.82008743286133,58.04347610473633,58.04347610473633,57.93478012084961,57.93478012084961,15640
2021-07-23,51.9171257019043,58.15217208862305,58.15217208862305,57.93478012084961,57.93478012084961,22080
2021-07-26,51.72304916381836,57.93478012084961,58.04347610473633,57.93478012084961,58.04347610473633,12880
2021-07-27,51.82008743286133,58.04347610473633,58.69565200805664,57.93478012084961,58.69565200805664,19320
2021-07-28,51.9171257019043,58.15217208862305,58.260868072509766,57.93478012084961,58.260868072509766,30360
2021-07-29,51.9171257019043,58.15217208862305,58.15217208862305,58.04347610473633,58.15217208862305,20240
2021-07-30,51.82008743286133,58.04347610473633,58.15217208862305,58.04347610473633,58.15217208862305,20240
2021-08-02,52.59642028808594,58.91304397583008,59.13043212890625,58.15217208862305,58.15217208862305,5520
2021-08-03,52.0141716003418,58.260868072509766,59.13043212890625,57.60869598388672,59.13043212890625,35880
2021-08-04,52.0141716003418,58.260868072509766,58.4782600402832,58.15217208862305,58.15217208862305,32200
2021-08-05,52.111209869384766,58.369564056396484,58.369564056396484,58.15217208862305,58.15217208862305,15640
2021-08-06,51.9171257019043,58.15217208862305,58.15217208862305,58.04347610473633,58.15217208862305,22080
2021-08-09,51.72304916381836,57.93478012084961,58.15217208862305,57.71739196777344,58.15217208862305,25760
2021-08-10,52.0141716003418,58.260868072509766,58.260868072509766,57.93478012084961,57.93478012084961,21160
2021-08-11,51.72304916381836,57.93478012084961,57.93478012084961,57.93478012084961,57.93478012084961,23000
2021-08-12,51.528961181640625,57.71739196777344,57.93478012084961,56.5217399597168,57.065216064453125,31280
2021-08-13,51.72304916381836,57.93478012084961,57.93478012084961,57.173912048339844,57.173912048339844,25760
2021-08-16,51.528961181640625,57.71739196777344,57.71739196777344,57.60869598388672,57.60869598388672,30360
2021-08-17,51.528961181640625,57.71739196777344,57.71739196777344,57.71739196777344,57.71739196777344,0
2021-08-18,51.72304916381836,57.93478012084961,57.93478012084961,57.71739196777344,57.71739196777344,23920
2021-08-19,51.23783874511719,57.39130401611328,57.93478012084961,57.173912048339844,57.173912048339844,52440
2021-08-20,51.528961181640625,57.71739196777344,57.71739196777344,57.065216064453125,57.065216064453125,22080
2021-08-23,51.9171257019043,58.15217208862305,58.15217208862305,58.15217208862305,58.15217208862305,4600
2021-08-24,51.528961181640625,57.71739196777344,57.71739196777344,57.71739196777344,57.71739196777344,5520
2021-08-25,51.626007080078125,57.82608413696289,57.93478012084961,57.71739196777344,57.71739196777344,14720
2021-08-26,52.417205810546875,57.60869598388672,57.60869598388672,57.60869598388672,57.60869598388672,920
2021-08-27,52.417205810546875,57.60869598388672,57.60869598388672,57.60869598388672,57.60869598388672,0
2021-08-30,52.61500930786133,57.82608413696289,57.82608413696289,57.065216064453125,57.065216064453125,6440
2021-08-31,51.62600326538086,56.73912811279297,56.73912811279297,56.5217399597168,56.5217399597168,2760
2021-09-01,50.9337043762207,55.9782600402832,57.5,55.9782600402832,56.08695602416992,18400
2021-09-02,51.62600326538086,56.73912811279297,56.956520080566406,55.54347610473633,55.54347610473633,11040
2021-09-03,51.82380676269531,56.956520080566406,56.956520080566406,56.84782409667969,56.84782409667969,6440
2021-09-06,51.32930374145508,56.41304397583008,56.41304397583008,56.30434799194336,56.30434799194336,1840
2021-09-07,51.82380676269531,56.956520080566406,56.956520080566406,56.19565200805664,56.19565200805664,5520
2021-09-08,51.72490310668945,56.84782409667969,56.84782409667969,56.41304397583008,56.5217399597168,2760
2021-09-09,51.32930374145508,56.41304397583008,56.84782409667969,56.41304397583008,56.84782409667969,3680
2021-09-10,51.23040008544922,56.30434799194336,56.30434799194336,55.43478012084961,55.43478012084961,2760
2021-09-13,51.23040008544922,56.30434799194336,56.30434799194336,56.19565200805664,56.30434799194336,2760
2021-09-14,51.131500244140625,56.19565200805664,56.19565200805664,56.19565200805664,56.19565200805664,8280
2021-09-15,50.9337043762207,55.9782600402832,55.9782600402832,55.9782600402832,55.9782600402832,5520
2021-09-16,50.9337043762207,55.9782600402832,55.9782600402832,55.9782600402832,55.9782600402832,1840
2021-09-17,50.9337043762207,55.9782600402832,55.9782600402832,55.9782600402832,55.9782600402832,920
2021-09-22,50.73590087890625,55.760868072509766,55.760868072509766,55.760868072509766,55.760868072509766,2760
2021-09-23,50.834800720214844,55.869564056396484,55.869564056396484,55.760868072509766,55.760868072509766,5520
2021-09-24,50.834800720214844,55.869564056396484,55.869564056396484,54.34782409667969,55.760868072509766,20240
2021-09-27,50.5380973815918,55.54347610473633,55.54347610473633,55.54347610473633,55.54347610473633,920
2021-09-28,50.637001037597656,55.65217208862305,55.65217208862305,55.65217208862305,55.65217208862305,920
2021-09-29,50.340293884277344,55.32608413696289,55.32608413696289,54.89130401611328,54.89130401611328,3680
2021-09-30,50.340293884277344,55.32608413696289,55.32608413696289,54.565216064453125,54.565216064453125,1840
2021-10-01,50.73590087890625,55.760868072509766,55.9782600402832,54.565216064453125,54.565216064453125,21160
2021-10-04,50.5380973815918,55.54347610473633,55.54347610473633,55.10869598388672,55.10869598388672,2760
2021-10-05,51.42820739746094,56.5217399597168,56.5217399597168,55.21739196777344,55.54347610473633,28520
2021-10-06,51.23040008544922,56.30434799194336,56.30434799194336,55.54347610473633,55.869564056396484,3680
2021-10-07,51.42820739746094,56.5217399597168,56.5217399597168,56.19565200805664,56.5217399597168,42320
2021-10-08,50.834800720214844,55.869564056396484,56.41304397583008,55.869564056396484,56.41304397583008,4600
2021-10-12,50.340293884277344,55.32608413696289,55.65217208862305,55.32608413696289,55.65217208862305,5520
2021-10-13,50.834800720214844,55.869564056396484,55.869564056396484,55.10869598388672,55.32608413696289,7360
2021-10-14,50.73590087890625,55.760868072509766,55.760868072509766,55.21739196777344,55.43478012084961,3680
2021-10-15,50.24140548706055,55.21739196777344,55.32608413696289,55.21739196777344,55.32608413696289,11960
2021-10-18,50.834800720214844,55.869564056396484,55.869564056396484,55.43478012084961,55.43478012084961,5520
2021-10-19,50.9337043762207,55.9782600402832,55.9782600402832,55.9782600402832,55.9782600402832,920
2021-10-20,50.4391975402832,55.43478012084961,57.065216064453125,55.43478012084961,56.5217399597168,4600
2021-10-21,50.4391975402832,55.43478012084961,55.43478012084961,55.43478012084961,55.43478012084961,0
2021-10-22,50.340293884277344,55.32608413696289,55.43478012084961,54.89130401611328,54.89130401611328,5520
2021-10-25,50.340293884277344,55.32608413696289,55.32608413696289,55.32608413696289,55.32608413696289,0
2021-10-26,50.340293884277344,55.32608413696289,55.43478012084961,54.565216064453125,54.565216064453125,8280
2021-10-27,50.834800720214844,55.869564056396484,55.869564056396484,55.32608413696289,55.32608413696289,3680
2021-10-28,50.340293884277344,55.32608413696289,55.869564056396484,55.32608413696289,55.43478012084961,5520
2021-10-29,50.24140548706055,55.21739196777344,55.21739196777344,54.89130401611328,54.89130401611328,1840
2021-11-01,50.043601989746094,55.0,55.0,54.565216064453125,54.565216064453125,3680
2021-11-02,50.043601989746094,55.0,55.0,55.0,55.0,1840
2021-11-03,50.043601989746094,55.0,55.10869598388672,55.0,55.10869598388672,4600
2021-11-04,50.043601989746094,55.0,55.0,55.0,55.0,7360
2021-11-05,50.043601989746094,55.0,55.10869598388672,55.0,55.0,5520
2021-11-08,50.043601989746094,55.0,55.0,55.0,55.0,17480
2021-11-09,50.340293884277344,55.32608413696289,55.32608413696289,55.0,55.0,2760
2021-11-10,50.043601989746094,55.0,55.0,55.0,55.0,4600
2021-11-11,50.043601989746094,55.0,55.10869598388672,55.0,55.0,4600
2021-11-12,50.340293884277344,55.32608413696289,55.32608413696289,55.0,55.0,1840
2021-11-15,50.043601989746094,55.0,55.32608413696289,54.673912048339844,54.673912048339844,14720
2021-11-16,50.14250183105469,55.10869598388672,55.32608413696289,55.0,55.0,5520
2021-11-17,50.24140548706055,55.21739196777344,55.21739196777344,55.0,55.10869598388672,2760
2021-11-18,50.24140548706055,55.21739196777344,55.21739196777344,55.21739196777344,55.21739196777344,920
2021-11-19,50.340293884277344,55.32608413696289,55.32608413696289,54.673912048339844,55.21739196777344,3680
2021-11-22,50.834800720214844,55.869564056396484,55.869564056396484,55.32608413696289,55.32608413696289,2760
2021-11-23,50.24140548706055,55.21739196777344,55.21739196777344,55.21739196777344,55.21739196777344,920
2021-11-24,50.73590087890625,55.760868072509766,55.760868072509766,55.0,55.21739196777344,5078
2021-11-25,51.474403381347656,55.76087188720703,55.76087188720703,55.76087188720703,55.76087188720703,0
2021-11-26,51.474403381347656,55.76087188720703,55.76087188720703,55.76087188720703,55.76087188720703,0
2021-11-29,51.474403381347656,55.76087188720703,55.76087188720703,55.76087188720703,55.76087188720703,0
2021-11-30,51.474403381347656,55.76087188720703,55.76087188720703,55.76087188720703,55.76087188720703,0
2021-12-01,51.474403381347656,55.76087188720703,55.76087188720703,55.76087188720703,55.76087188720703,0
2021-12-02,51.474403381347656,55.76087188720703,55.76087188720703,55.76087188720703,55.76087188720703,0
2021-12-03,51.474403381347656,55.76087188720703,55.76087188720703,55.76087188720703,55.76087188720703,0
2021-12-06,50.31045913696289,54.5,54.5,50.599998474121094,50.599998474121094,3000
2021-12-07,50.125831604003906,54.29999923706055,54.29999923706055,53.29999923706055,53.29999923706055,2000
2021-12-08,49.571956634521484,53.70000076293945,53.79999923706055,53.20000076293945,53.79999923706055,3000
2021-12-09,49.571956634521484,53.70000076293945,53.70000076293945,53.5,53.70000076293945,4000
2021-12-10,49.20270538330078,53.29999923706055,53.5,52.5,53.5,11000
2021-12-13,49.0180778503418,53.099998474121094,53.5,53.099998474121094,53.29999923706055,12000
2021-12-14,49.66427230834961,53.79999923706055,53.79999923706055,53.5,53.5,3000
2021-12-15,48.9257698059082,53.0,53.70000076293945,53.0,53.70000076293945,2000
2021-12-16,49.7565803527832,53.900001525878906,53.900001525878906,52.599998474121094,52.599998474121094,7000
2021-12-17,49.7565803527832,53.900001525878906,53.900001525878906,53.900001525878906,53.900001525878906,1000
2021-12-20,49.571956634521484,53.70000076293945,53.70000076293945,53.29999923706055,53.29999923706055,3000
2021-12-21,49.571956634521484,53.70000076293945,53.70000076293945,53.70000076293945,53.70000076293945,0
2021-12-22,49.3873291015625,53.5,54.5,53.0,53.79999923706055,13000
2021-12-23,49.3873291015625,53.5,53.5,53.5,53.5,2000
2021-12-24,49.3873291015625,53.5,53.5,53.5,53.5,2000
2021-12-27,49.3873291015625,53.5,53.5,53.5,53.5,2000
2021-12-28,49.3873291015625,53.5,53.5,53.5,53.5,2000
2021-12-29,49.84889602661133,54.0,54.0,53.79999923706055,54.0,3000
2021-12-30,49.84889602661133,54.0,54.0,54.0,54.0,0
2022-01-03,49.66427230834961,53.79999923706055,53.79999923706055,53.5,53.5,3000
2022-01-04,49.479644775390625,53.599998474121094,53.79999923706055,53.599998474121094,53.79999923706055,2000
2022-01-05,50.31045913696289,54.5,54.5,54.5,54.5,1000
2022-01-06,49.3873291015625,53.5,53.5,53.5,53.5,1000
2022-01-07,49.3873291015625,53.5,53.5,53.5,53.5,5000
2022-01-10,49.3873291015625,53.5,53.5,53.5,53.5,1000
2022-01-11,49.3873291015625,53.5,53.5,53.5,53.5,0
2022-01-12,49.3873291015625,53.5,53.5,53.5,53.5,2000
2022-01-13,50.2181510925293,54.400001525878906,54.400001525878906,53.099998474121094,53.79999923706055,3000
2022-01-14,49.3873291015625,53.5,54.400001525878906,53.5,54.0,14000
2022-01-17,49.3873291015625,53.5,53.70000076293945,53.0,53.099998474121094,8000
2022-01-18,49.3873291015625,53.5,53.5,53.5,53.5,2000
2022-01-19,49.3873291015625,53.5,53.5,53.5,53.5,16000
2022-01-20,49.3873291015625,53.5,53.5,53.0,53.5,11000
2022-01-21,49.3873291015625,53.5,53.5,53.5,53.5,5000
2022-01-24,49.3873291015625,53.5,53.5,52.0,52.5,9000
2022-01-25,49.20270538330078,53.29999923706055,53.29999923706055,53.29999923706055,53.29999923706055,4000
2022-01-26,49.20270538330078,53.29999923706055,53.29999923706055,53.29999923706055,53.29999923706055,0
2022-02-07,49.7565803527832,53.900001525878906,53.900001525878906,53.5,53.5,2000
2022-02-08,49.7565803527832,53.900001525878906,53.900001525878906,53.900001525878906,53.900001525878906,1000
2022-02-09,49.479644775390625,53.599998474121094,53.599998474121094,53.599998474121094,53.599998474121094,1000
2022-02-10,49.479644775390625,53.599998474121094,53.599998474121094,53.599998474121094,53.599998474121094,0
2022-02-11,49.3873291015625,53.5,53.5,53.5,53.5,15000
2022-02-14,49.0180778503418,53.099998474121094,53.099998474121094,53.099998474121094,53.099998474121094,4000
2022-02-15,49.20270538330078,53.29999923706055,53.29999923706055,53.29999923706055,53.29999923706055,6000
2022-02-16,49.20270538330078,53.29999923706055,53.29999923706055,53.29999923706055,53.29999923706055,0
2022-02-17,49.20270538330078,53.29999923706055,53.29999923706055,53.29999923706055,53.29999923706055,0
2022-02-18,49.295021057128906,53.400001525878906,53.400001525878906,53.400001525878906,53.400001525878906,1000
2022-02-21,49.295021057128906,53.400001525878906,53.400001525878906,53.400001525878906,53.400001525878906,0
2022-02-22,49.20270538330078,53.29999923706055,53.29999923706055,53.29999923706055,53.29999923706055,6000
2022-02-23,49.84889602661133,54.0,54.0,54.0,54.0,1000
2022-02-24,49.479644775390625,53.599998474121094,53.599998474121094,52.599998474121094,53.29999923706055,13000
2022-02-25,49.479644775390625,53.599998474121094,53.599998474121094,53.599998474121094,53.599998474121094,0
2022-03-01,49.479644775390625,53.599998474121094,53.599998474121094,53.599998474121094,53.599998474121094,0
2022-03-02,49.3873291015625,53.5,53.5,53.5,53.5,10000
2022-03-03,49.7565803527832,53.900001525878906,53.900001525878906,53.900001525878906,53.900001525878906,2000
2022-03-04,49.7565803527832,53.900001525878906,53.900001525878906,53.900001525878906,53.900001525878906,2000
2022-03-07,48.46420669555664,52.5,52.5,52.5,52.5,1000
2022-03-08,49.66427230834961,53.79999923706055,53.79999923706055,52.599998474121094,53.29999923706055,5000
2022-03-09,49.66427230834961,53.79999923706055,53.79999923706055,53.79999923706055,53.79999923706055,0
2022-03-10,49.66427230834961,53.79999923706055,53.79999923706055,53.79999923706055,53.79999923706055,0
2022-03-11,49.66427230834961,53.79999923706055,53.79999923706055,53.79999923706055,53.79999923706055,4000
2022-03-14,49.66427230834961,53.79999923706055,53.79999923706055,53.79999923706055,53.79999923706055,0
2022-03-15,49.66427230834961,53.79999923706055,53.79999923706055,53.79999923706055,53.79999923706055,0
2022-03-16,49.20270538330078,53.29999923706055,53.29999923706055,52.5,52.5,2000
2022-03-17,49.3873291015625,53.5,53.5,53.5,53.5,1000
2022-03-18,49.3873291015625,53.5,53.5,52.599998474121094,53.5,6000
2022-03-21,48.9257698059082,53.0,53.0,52.099998474121094,52.599998474121094,9000
2022-03-22,48.9257698059082,53.0,53.0,53.0,53.0,0
2022-03-23,48.83345413208008,52.900001525878906,52.900001525878906,52.5,52.5,2000
2022-03-24,49.295021057128906,53.400001525878906,53.400001525878906,52.79999923706055,52.79999923706055,5000
2022-03-25,48.00263977050781,52.0,58.099998474121094,52.0,58.099998474121094,24000
2022-03-28,48.556514739990234,52.599998474121094,52.900001525878906,52.599998474121094,52.900001525878906,2000
2022-03-29,48.83345413208008,52.900001525878906,52.900001525878906,52.5,52.5,6000
2022-03-30,49.20270538330078,53.29999923706055,53.29999923706055,52.29999923706055,53.0,3000
2022-03-31,49.20270538330078,53.29999923706055,53.29999923706055,53.29999923706055,53.29999923706055,0
2022-04-01,49.20270538330078,53.29999923706055,53.29999923706055,53.29999923706055,53.29999923706055,0
2022-04-06,48.83345413208008,52.900001525878906,52.900001525878906,51.70000076293945,52.5,11000
2022-04-07,48.27957534790039,52.29999923706055,52.70000076293945,52.20000076293945,52.70000076293945,11000
2022-04-08,48.18726348876953,52.20000076293945,52.29999923706055,52.20000076293945,52.29999923706055,6000
2022-04-11,48.09495162963867,52.099998474121094,52.099998474121094,52.099998474121094,52.099998474121094,2000
2022-04-12,48.09495162963867,52.099998474121094,52.099998474121094,52.099998474121094,52.099998474121094,0
2022-04-13,48.64883041381836,52.70000076293945,52.70000076293945,52.70000076293945,52.70000076293945,1000
2022-04-14,48.64883041381836,52.70000076293945,52.70000076293945,52.70000076293945,52.70000076293945,0
2022-04-15,48.64883041381836,52.70000076293945,52.70000076293945,52.70000076293945,52.70000076293945,0
2022-04-18,48.64883041381836,52.70000076293945,52.70000076293945,51.599998474121094,51.599998474121094,4000
2022-04-19,48.64883041381836,52.70000076293945,52.70000076293945,52.70000076293945,52.70000076293945,0
2022-04-20,48.64883041381836,52.70000076293945,52.70000076293945,52.099998474121094,52.099998474121094,2000
2022-04-21,48.64883041381836,52.70000076293945,52.70000076293945,52.599998474121094,52.599998474121094,2000
2022-04-22,48.83345413208008,52.900001525878906,52.900001525878906,51.900001525878906,52.900001525878906,5000
2022-04-25,48.64883041381836,52.70000076293945,52.70000076293945,51.599998474121094,51.599998474121094,4000
2022-04-26,47.81801223754883,51.79999923706055,51.79999923706055,51.79999923706055,51.79999923706055,2000
2022-04-27,48.371891021728516,52.400001525878906,52.400001525878906,51.5,51.5,2000
2022-04-28,48.00263977050781,52.0,52.0,51.599998474121094,51.599998474121094,3000
2022-04-29,48.46420669555664,52.5,52.5,52.400001525878906,52.400001525878906,2000
2022-05-03,48.46420669555664,52.5,52.5,51.599998474121094,51.599998474121094,4000
2022-05-04,48.46420669555664,52.5,52.5,52.5,52.5,0
2022-05-05,48.00263977050781,52.0,52.5,52.0,52.5,16000
2022-05-06,48.00263977050781,52.0,52.0,52.0,52.0,83000
2022-05-09,48.00263977050781,52.0,52.0,51.900001525878906,52.0,90000
2022-05-10,47.91033172607422,51.900001525878906,51.900001525878906,51.0,51.0,5000
2022-05-11,48.00263977050781,52.0,52.0,51.29999923706055,51.79999923706055,17000
2022-05-12,47.725704193115234,51.70000076293945,52.0,51.0,52.0,21000
2022-05-13,47.91033172607422,51.900001525878906,51.900001525878906,51.79999923706055,51.79999923706055,15000
2022-05-16,48.00263977050781,52.0,52.0,51.900001525878906,51.900001525878906,15000
2022-05-17,48.00263977050781,52.0,52.0,51.900001525878906,51.900001525878906,25000
2022-05-18,48.00263977050781,52.0,52.0,52.0,52.0,2000
2022-05-19,47.81801223754883,51.79999923706055,51.79999923706055,51.70000076293945,51.79999923706055,4000
2022-05-20,47.91033172607422,51.900001525878906,52.0,51.900001525878906,52.0,11000
2022-05-23,48.46420669555664,52.5,52.5,52.0,52.0,20000
2022-05-24,48.46420669555664,52.5,52.5,52.5,52.5,0
2022-05-25,48.46420669555664,52.5,52.5,52.5,52.5,0
2022-05-26,48.46420669555664,52.5,52.5,52.5,52.5,0
2022-05-27,48.46420669555664,52.5,52.5,52.5,52.5,0
2022-05-30,48.46420669555664,52.5,52.5,52.5,52.5,0
2022-05-31,48.46420669555664,52.5,52.5,52.5,52.5,0
2022-06-01,47.91033172607422,51.900001525878906,52.400001525878906,51.599998474121094,52.400001525878906,3000
2022-06-02,47.91033172607422,51.900001525878906,51.900001525878906,51.900001525878906,51.900001525878906,0
2022-06-06,48.00263977050781,52.0,52.0,51.70000076293945,51.70000076293945,3000
2022-06-07,48.18726348876953,52.20000076293945,52.79999923706055,52.0,52.0,3000
2022-06-08,48.18726348876953,52.20000076293945,52.20000076293945,52.20000076293945,52.20000076293945,0
2022-06-09,48.18726348876953,52.20000076293945,52.20000076293945,52.20000076293945,52.20000076293945,1000
2022-06-10,48.00263977050781,52.0,52.0,52.0,52.0,20000
2022-06-13,47.633384704589844,51.599998474121094,52.0,51.599998474121094,52.0,11000
2022-06-14,48.00263977050781,52.0,52.0,51.79999923706055,51.79999923706055,25000
2022-06-15,48.00263977050781,52.0,52.0,52.0,52.0,0
2022-06-16,47.725704193115234,51.70000076293945,52.0,51.599998474121094,51.599998474121094,12000
2022-06-17,48.00263977050781,52.0,52.0,52.0,52.0,10000
2022-06-20,48.00263977050781,52.0,52.0,52.0,52.0,35000
2022-06-21,48.00263977050781,52.0,52.0,52.0,52.0,41000
2022-06-22,47.54107666015625,51.5,52.0,51.5,52.0,74000
2022-06-23,48.00263977050781,52.0,52.0,51.900001525878906,51.900001525878906,22000
2022-06-24,48.00263977050781,52.0,52.0,50.20000076293945,50.20000076293945,23000
2022-06-27,48.00263977050781,52.0,52.0,52.0,52.0,0
2022-06-28,48.00263977050781,52.0,52.0,52.0,52.0,10000
2022-06-29,48.00263977050781,52.0,52.29999923706055,51.29999923706055,51.29999923706055,12000
2022-06-30,47.264137268066406,51.20000076293945,52.0,51.20000076293945,51.900001525878906,17000
2022-07-01,47.54107666015625,51.5,51.5,51.5,51.5,22000
2022-07-04,48.00263977050781,52.0,52.0,51.0,51.0,28000
2022-07-05,47.633384704589844,51.599998474121094,51.70000076293945,51.599998474121094,51.70000076293945,2000
2022-07-06,47.725704193115234,51.70000076293945,51.70000076293945,51.70000076293945,51.70000076293945,1000
2022-07-07,48.00263977050781,52.0,52.0,51.70000076293945,51.70000076293945,16000
2022-07-08,48.00263977050781,52.0,52.0,51.79999923706055,52.0,20000
2022-07-11,48.00263977050781,52.0,52.0,52.0,52.0,0
2022-07-12,47.17182159423828,51.099998474121094,51.099998474121094,51.099998474121094,51.099998474121094,2000
2022-07-13,47.17182159423828,51.099998474121094,51.099998474121094,51.099998474121094,51.099998474121094,0
2022-07-14,48.00263977050781,52.0,52.0,51.900001525878906,51.900001525878906,15000
2022-07-15,48.00263977050781,52.0,52.0,52.0,52.0,0
2022-07-18,48.00263977050781,52.0,52.0,51.900001525878906,51.900001525878906,5000
2022-07-19,48.00263977050781,52.0,52.0,52.0,52.0,5000
2022-07-20,48.00263977050781,52.0,52.0,52.0,52.0,0
2022-07-21,46.89488983154297,50.79999923706055,50.79999923706055,50.79999923706055,50.79999923706055,1000
2022-07-22,46.89488983154297,50.79999923706055,50.79999923706055,50.79999923706055,50.79999923706055,0
2022-07-25,48.00263977050781,52.0,52.0,52.0,52.0,5000
2022-07-26,48.00263977050781,52.0,52.0,51.70000076293945,51.70000076293945,2000
2022-07-27,48.00263977050781,52.0,52.0,51.400001525878906,51.400001525878906,17000
2022-07-28,48.00263977050781,52.0,52.0,52.0,52.0,5000
2022-07-29,47.725704193115234,51.70000076293945,52.0,51.70000076293945,52.0,11000
2022-08-01,47.725704193115234,51.70000076293945,51.70000076293945,51.70000076293945,51.70000076293945,0
2022-08-02,48.00263977050781,52.0,52.0,52.0,52.0,22000
2022-08-03,48.83345413208008,52.900001525878906,52.900001525878906,52.900001525878906,52.900001525878906,1000
2022-08-04,48.64883041381836,52.70000076293945,52.70000076293945,52.70000076293945,52.70000076293945,1000
2022-08-05,48.64883041381836,52.70000076293945,52.70000076293945,52.70000076293945,52.70000076293945,0
2022-08-08,48.64883041381836,52.70000076293945,52.70000076293945,52.70000076293945,52.70000076293945,0
2022-08-09,48.64883041381836,52.70000076293945,52.70000076293945,52.70000076293945,52.70000076293945,0
2022-08-10,48.64883041381836,52.70000076293945,52.70000076293945,52.70000076293945,52.70000076293945,0
2022-08-11,48.64883041381836,52.70000076293945,52.70000076293945,52.70000076293945,52.70000076293945,0
2022-08-12,48.64883041381836,52.70000076293945,52.70000076293945,52.70000076293945,52.70000076293945,0
2022-08-15,48.9257698059082,53.0,53.0,53.0,53.0,1000
2022-08-16,48.9257698059082,53.0,53.0,53.0,53.0,0
2022-08-17,49.571956634521484,53.70000076293945,53.70000076293945,53.0,53.0,9000
2022-08-18,46.34101486206055,50.20000076293945,54.5,53.79999923706055,54.5,2000
2022-08-19,48.18726348876953,52.20000076293945,52.5,52.20000076293945,52.20000076293945,3000
2022-08-22,48.18726348876953,52.20000076293945,52.20000076293945,52.20000076293945,52.20000076293945,0
2022-08-23,48.18726348876953,52.20000076293945,52.20000076293945,52.20000076293945,52.20000076293945,0
2022-08-24,48.18726348876953,52.20000076293945,52.20000076293945,52.20000076293945,52.20000076293945,0
2022-08-25,49.35160446166992,52.20000076293945,52.20000076293945,52.20000076293945,52.20000076293945,0
2022-08-26,49.35160446166992,52.20000076293945,52.20000076293945,52.20000076293945,52.20000076293945,0
2022-08-29,49.35160446166992,52.20000076293945,52.20000076293945,52.20000076293945,52.20000076293945,0
2022-08-30,49.35160446166992,52.20000076293945,52.20000076293945,52.20000076293945,52.20000076293945,0
2022-08-31,48.21708297729492,51.0,51.0,51.0,51.0,1000
2022-09-01,48.21708297729492,51.0,51.0,51.0,51.0,0
2022-09-02,48.21708297729492,51.0,51.0,51.0,51.0,0
2022-09-05,48.31162643432617,51.099998474121094,51.20000076293945,51.099998474121094,51.20000076293945,3000
2022-09-06,48.68980026245117,51.5,51.5,51.5,51.5,1000
2022-09-07,49.82432174682617,52.70000076293945,52.70000076293945,51.5,52.0,6000
2022-09-08,48.87889099121094,51.70000076293945,52.0,51.70000076293945,52.0,4000
2022-09-12,48.87889099121094,51.70000076293945,51.70000076293945,51.70000076293945,51.70000076293945,0
2022-09-13,48.87889099121094,51.70000076293945,51.70000076293945,51.70000076293945,51.70000076293945,0
2022-09-14,48.87889099121094,51.70000076293945,51.70000076293945,51.70000076293945,51.70000076293945,0
2022-09-15,48.87889099121094,51.70000076293945,51.70000076293945,51.70000076293945,51.70000076293945,0
2022-09-16,48.87889099121094,51.70000076293945,51.70000076293945,51.70000076293945,51.70000076293945,0
2022-09-19,48.31162643432617,51.099998474121094,51.5,51.099998474121094,51.5,6000
2022-09-20,48.31162643432617,51.099998474121094,51.099998474121094,51.099998474121094,51.099998474121094,3000
2022-09-21,49.72977828979492,52.599998474121094,52.599998474121094,52.400001525878906,52.400001525878906,3000
2022-09-22,50.10795211791992,53.0,53.0,53.0,53.0,1000
2022-09-23,48.40616989135742,51.20000076293945,51.20000076293945,51.20000076293945,51.20000076293945,1000
2022-09-26,48.40616989135742,51.20000076293945,51.20000076293945,51.20000076293945,51.20000076293945,0
2022-09-27,47.64982604980469,50.400001525878906,51.20000076293945,50.400001525878906,51.20000076293945,3000
2022-09-28,50.580665588378906,53.5,54.0,50.5,50.5,15000
2022-09-29,48.12253952026367,50.900001525878906,50.900001525878906,50.599998474121094,50.79999923706055,3000
2022-09-30,48.12253952026367,50.900001525878906,50.900001525878906,50.900001525878906,50.900001525878906,0
2022-10-03,49.16251754760742,52.0,52.0,52.0,52.0,1000
2022-10-04,48.973426818847656,51.79999923706055,51.79999923706055,51.79999923706055,51.79999923706055,1000
2022-10-05,48.973426818847656,51.79999923706055,51.79999923706055,51.79999923706055,51.79999923706055,1000
2022-10-06,49.63523483276367,52.5,52.5,52.0,52.0,2000
2022-10-07,49.72977828979492,52.599998474121094,52.70000076293945,52.599998474121094,52.70000076293945,2000
2022-10-11,49.16251754760742,52.0,52.0,52.0,52.0,3000
2022-10-12,49.16251754760742,52.0,52.0,52.0,52.0,0
2022-10-13,47.83890914916992,50.599998474121094,50.599998474121094,50.599998474121094,50.599998474121094,1000
2022-10-14,47.83890914916992,50.599998474121094,50.599998474121094,50.599998474121094,50.599998474121094,1000
2022-10-17,47.83890914916992,50.599998474121094,50.599998474121094,50.599998474121094,50.599998474121094,0
2022-10-18,47.83890914916992,50.599998474121094,50.599998474121094,50.599998474121094,50.599998474121094,0
2022-10-19,47.83890914916992,50.599998474121094,50.599998474121094,50.599998474121094,50.599998474121094,0
2022-10-20,47.83890914916992,50.599998474121094,50.599998474121094,50.599998474121094,50.599998474121094,0
2022-10-21,47.83890914916992,50.599998474121094,50.599998474121094,50.599998474121094,50.599998474121094,0
2022-10-24,48.02799987792969,50.79999923706055,50.79999923706055,49.70000076293945,49.70000076293945,3000
2022-10-25,48.02799987792969,50.79999923706055,50.79999923706055,50.79999923706055,50.79999923706055,0
2022-10-26,48.02799987792969,50.79999923706055,50.79999923706055,50.79999923706055,50.79999923706055,0
2022-10-27,48.02799987792969,50.79999923706055,50.79999923706055,50.79999923706055,50.79999923706055,0
2022-10-28,48.02799987792969,50.79999923706055,50.79999923706055,50.79999923706055,50.79999923706055,0
2022-10-31,48.02799987792969,50.79999923706055,50.79999923706055,50.79999923706055,50.79999923706055,0
2022-11-01,48.02799987792969,50.79999923706055,50.79999923706055,50.79999923706055,50.79999923706055,0
2022-11-02,48.02799987792969,50.79999923706055,50.79999923706055,50.79999923706055,50.79999923706055,0
2022-11-03,47.74436950683594,50.5,50.599998474121094,50.20000076293945,50.599998474121094,7000
2022-11-04,48.87889099121094,51.70000076293945,51.70000076293945,50.5,50.5,6000
2022-11-07,48.02799987792969,50.79999923706055,51.0,50.70000076293945,51.0,8000
2022-11-08,47.36619567871094,50.099998474121094,50.70000076293945,50.099998474121094,50.70000076293945,4000
2022-11-09,47.74436950683594,50.5,50.5,50.5,50.5,10000
2022-11-10,47.74436950683594,50.5,50.5,50.5,50.5,5000
2022-11-11,47.83890914916992,50.599998474121094,50.599998474121094,50.599998474121094,50.599998474121094,5000
2022-11-14,47.74436950683594,50.5,50.5,50.5,50.5,5000
2022-11-15,47.74436950683594,50.5,50.5,50.5,50.5,8000
2022-11-16,48.21708297729492,51.0,51.29999923706055,50.5,50.599998474121094,10000
2022-11-17,48.21708297729492,51.0,51.0,51.0,51.0,0
2022-11-18,47.74436950683594,50.5,50.5,50.5,50.5,2000
2022-11-21,47.74436950683594,50.5,50.5,50.5,50.5,3000
2022-11-22,47.74436950683594,50.5,50.5,50.5,50.5,2000
2022-11-23,47.74436950683594,50.5,50.5,50.5,50.5,3000
2022-11-24,47.74436950683594,50.5,50.5,50.5,50.5,1000
2022-11-25,47.74436950683594,50.5,50.5,50.5,50.5,1000
2022-11-28,47.74436950683594,50.5,50.5,50.5,50.5,0
2022-11-29,47.74436950683594,50.5,50.5,50.5,50.5,2000
2022-11-30,47.74436950683594,50.5,50.5,50.5,50.5,2000
2022-12-01,47.74436950683594,50.5,50.5,50.5,50.5,0
2022-12-02,47.74436950683594,50.5,50.5,50.5,50.5,0
2022-12-05,47.74436950683594,50.5,50.5,50.5,50.5,4000
2022-12-06,48.87889099121094,51.70000076293945,54.0,50.5,50.599998474121094,12000
2022-12-07,48.59526062011719,51.400001525878906,52.70000076293945,51.400001525878906,52.70000076293945,2000
2022-12-08,48.59526062011719,51.400001525878906,51.400001525878906,51.400001525878906,51.400001525878906,0
2022-12-09,48.59526062011719,51.400001525878906,51.400001525878906,51.400001525878906,51.400001525878906,0
2022-12-12,48.12253952026367,50.900001525878906,50.900001525878906,50.900001525878906,50.900001525878906,1000
2022-12-13,48.21708297729492,51.0,51.0,51.0,51.0,1000
2022-12-14,48.21708297729492,51.0,51.0,51.0,51.0,1000
2022-12-15,47.74436950683594,50.5,50.5,50.5,50.5,5000
2022-12-16,47.93345642089844,50.70000076293945,50.70000076293945,50.70000076293945,50.70000076293945,1000
2022-12-19,48.02799987792969,50.79999923706055,50.79999923706055,50.5,50.5,2000
2022-12-20,48.02799987792969,50.79999923706055,50.79999923706055,50.79999923706055,50.79999923706055,0
2022-12-21,47.74436950683594,50.5,50.5,50.5,50.5,5000
2022-12-22,47.74436950683594,50.5,50.5,50.5,50.5,0
2022-12-23,48.21708297729492,51.0,51.0,50.5,50.5,2000
2022-12-26,48.21708297729492,51.0,51.0,51.0,51.0,0
2022-12-27,47.74436950683594,50.5,50.5,50.0,50.0,7000
2022-12-28,48.21708297729492,51.0,51.0,51.0,51.0,1000
2022-12-29,47.74436950683594,50.5,50.5,50.5,50.5,1000
2022-12-30,47.74436950683594,50.5,50.5,50.5,50.5,0
2023-01-03,48.21708297729492,51.0,51.0,51.0,51.0,1000
2023-01-04,48.21708297729492,51.0,51.0,51.0,51.0,1000
2023-01-05,50.01341247558594,52.900001525878906,52.900001525878906,51.5,51.5,5000
2023-01-06,49.16251754760742,52.0,53.0,52.0,53.0,2000
2023-01-09,49.16251754760742,52.0,52.0,52.0,52.0,0
2023-01-10,49.16251754760742,52.0,52.0,52.0,52.0,0
2023-01-11,47.74436950683594,50.5,50.5,50.5,50.5,1000
2023-01-12,47.74436950683594,50.5,50.5,50.5,50.5,0
2023-01-13,47.74436950683594,50.5,50.5,50.5,50.5,0
2023-01-16,47.74436950683594,50.5,50.5,50.5,50.5,3000
2023-01-17,47.74436950683594,50.5,50.5,50.5,50.5,1000
2023-01-30,48.12253952026367,50.900001525878906,50.900001525878906,50.5,50.5,3000
2023-01-31,47.74436950683594,50.5,50.5,50.5,50.5,2000
2023-02-01,47.74436950683594,50.5,50.5,50.5,50.5,4000
2023-02-02,47.74436950683594,50.5,50.599998474121094,50.5,50.5,17000
2023-02-03,48.21708297729492,51.0,51.0,51.0,51.0,1000
2023-02-06,48.21708297729492,51.0,51.0,51.0,51.0,1000
2023-02-07,48.21708297729492,51.0,51.0,51.0,51.0,0
2023-02-08,48.21708297729492,51.0,51.0,51.0,51.0,0
2023-02-09,48.21708297729492,51.0,51.0,51.0,51.0,0
2023-02-10,48.21708297729492,51.0,51.0,51.0,51.0,0
2023-02-13,48.21708297729492,51.0,51.0,51.0,51.0,0
2023-02-14,48.21708297729492,51.0,51.0,51.0,51.0,0
2023-02-15,48.21708297729492,51.0,51.0,51.0,51.0,0
2023-02-16,48.21708297729492,51.0,51.0,51.0,51.0,0
2023-02-17,48.21708297729492,51.0,51.0,51.0,51.0,0
2023-02-20,48.21708297729492,51.0,51.0,51.0,51.0,1000
2023-02-21,48.21708297729492,51.0,51.0,51.0,51.0,0
2023-02-22,48.21708297729492,51.0,51.0,51.0,51.0,0
2023-02-23,48.21708297729492,51.0,51.0,51.0,51.0,0
2023-02-24,48.21708297729492,51.0,51.0,51.0,51.0,0
2023-03-01,48.21708297729492,51.0,51.0,51.0,51.0,0
2023-03-02,48.21708297729492,51.0,51.0,51.0,51.0,0
2023-03-03,48.21708297729492,51.0,51.0,51.0,51.0,1000
2023-03-06,48.02799987792969,50.79999923706055,51.0,49.5,51.0,16000
2023-03-07,48.21708297729492,51.0,51.0,50.79999923706055,51.0,5000
2023-03-08,48.21708297729492,51.0,51.0,51.0,51.0,0
2023-03-09,48.21708297729492,51.0,51.0,51.0,51.0,4000
2023-03-10,48.12253952026367,50.900001525878906,51.0,50.900001525878906,51.0,4000
2023-03-13,48.40616989135742,51.20000076293945,51.20000076293945,51.20000076293945,51.20000076293945,2000
2023-03-14,48.21708297729492,51.0,51.0,51.0,51.0,1000
2023-03-15,48.21708297729492,51.0,51.0,51.0,51.0,2000
2023-03-16,48.21708297729492,51.0,51.0,51.0,51.0,2000
2023-03-17,48.21708297729492,51.0,51.20000076293945,51.0,51.20000076293945,4000
2023-03-20,48.40616989135742,51.20000076293945,51.20000076293945,51.20000076293945,51.20000076293945,2000
2023-03-21,48.40616989135742,51.20000076293945,51.20000076293945,51.20000076293945,51.20000076293945,0
2023-03-22,48.40616989135742,51.20000076293945,51.20000076293945,51.20000076293945,51.20000076293945,0
2023-03-23,48.40616989135742,51.20000076293945,51.20000076293945,51.20000076293945,51.20000076293945,119000
2023-03-24,48.40616989135742,51.20000076293945,51.20000076293945,51.20000076293945,51.20000076293945,0
2023-03-27,48.40616989135742,51.20000076293945,51.20000076293945,51.20000076293945,51.20000076293945,2000
2023-03-28,48.68980026245117,51.5,51.5,50.70000076293945,51.5,3000
2023-03-29,48.21708297729492,51.0,51.0,51.0,51.0,2000
2023-03-30,48.21708297729492,51.0,51.0,51.0,51.0,2000
2023-03-31,48.21708297729492,51.0,51.29999923706055,50.900001525878906,51.0,7000
2023-04-06,48.21708297729492,51.0,51.400001525878906,51.0,51.0,6000
2023-04-07,48.21708297729492,51.0,51.0,51.0,51.0,0
2023-04-10,48.59526062011719,51.400001525878906,51.400001525878906,51.400001525878906,51.400001525878906,1000
2023-04-11,48.21708297729492,51.0,51.0,51.0,51.0,4000
2023-04-12,48.12253952026367,50.900001525878906,51.099998474121094,50.0,51.099998474121094,17000
2023-04-13,48.68980026245117,51.5,51.5,51.0,51.0,7000
2023-04-14,48.21708297729492,51.0,51.400001525878906,51.0,51.20000076293945,31000
2023-04-17,48.21708297729492,51.0,51.0,51.0,51.0,5000
2023-04-18,48.21708297729492,51.0,51.0,51.0,51.0,7000
2023-04-19,48.21708297729492,51.0,51.0,51.0,51.0,2000
2023-04-20,48.21708297729492,51.0,51.5,51.0,51.29999923706055,81000
2023-04-21,48.21708297729492,51.0,51.0,51.0,51.0,90000
2023-04-24,48.21708297729492,51.0,51.0,51.0,51.0,85000
2023-04-25,48.21708297729492,51.0,51.0,51.0,51.0,105000
2023-04-26,48.21708297729492,51.0,51.0,51.0,51.0,91000
2023-04-27,48.21708297729492,51.0,51.0,51.0,51.0,87000
2023-04-28,48.21708297729492,51.0,51.400001525878906,51.0,51.400001525878906,85000
2023-05-02,48.21708297729492,51.0,51.0,51.0,51.0,2000
2023-05-03,47.74436950683594,50.5,50.900001525878906,50.5,50.900001525878906,5000
2023-05-04,48.12253952026367,50.900001525878906,50.900001525878906,50.900001525878906,50.900001525878906,1000
2023-05-05,48.12253952026367,50.900001525878906,50.900001525878906,50.900001525878906,50.900001525878906,0
2023-05-08,48.12253952026367,50.900001525878906,50.900001525878906,50.900001525878906,50.900001525878906,0
2023-05-09,47.74436950683594,50.5,50.900001525878906,50.5,50.900001525878906,2000
2023-05-10,47.83890914916992,50.599998474121094,50.599998474121094,50.0,50.0,10000
2023-05-11,47.83890914916992,50.599998474121094,50.599998474121094,50.0,50.0,12000
2023-05-12,47.83890914916992,50.599998474121094,50.599998474121094,50.599998474121094,50.599998474121094,8000
2023-05-15,48.02799987792969,50.79999923706055,50.900001525878906,50.599998474121094,50.599998474121094,9000
2023-05-16,48.12253952026367,50.900001525878906,51.0,50.900001525878906,50.900001525878906,18000
2023-05-17,48.12253952026367,50.900001525878906,51.0,50.70000076293945,51.0,29000
2023-05-18,48.12253952026367,50.900001525878906,51.20000076293945,50.900001525878906,51.0,23000
2023-05-19,48.21708297729492,51.0,51.20000076293945,50.900001525878906,50.900001525878906,12000
2023-05-22,48.31162643432617,51.099998474121094,51.29999923706055,51.0,51.20000076293945,19000
2023-05-23,48.59526062011719,51.400001525878906,51.79999923706055,51.20000076293945,51.29999923706055,20000
2023-05-24,50.580665588378906,53.5,53.79999923706055,51.0,51.0,21000
2023-05-25,50.202491760253906,53.099998474121094,57.0,53.0,53.0,44000
2023-05-26,48.59526062011719,51.400001525878906,52.099998474121094,51.0,52.099998474121094,16000
2023-05-29,48.973426818847656,51.79999923706055,53.0,51.79999923706055,52.0,6000
2023-05-30,48.40616989135742,51.20000076293945,51.29999923706055,51.20000076293945,51.29999923706055,4000
2023-05-31,48.21708297729492,51.0,51.0,51.0,51.0,1000
2023-06-01,48.21708297729492,51.0,51.0,51.0,51.0,0
2023-06-02,48.21708297729492,51.0,51.0,51.0,51.0,0
2023-06-05,49.16251754760742,52.0,52.0,52.0,52.0,3000
2023-06-06,49.16251754760742,52.0,52.099998474121094,52.0,52.0,4000
2023-06-07,49.16251754760742,52.0,52.0,52.0,52.0,0
2023-06-08,49.35160446166992,52.20000076293945,52.20000076293945,52.0,52.0,3000
2023-06-09,50.10795211791992,53.0,53.0,53.0,53.0,3000
2023-06-12,49.91886520385742,52.79999923706055,53.0,52.79999923706055,53.0,2000
2023-06-13,50.486122131347656,53.400001525878906,53.400001525878906,53.099998474121094,53.099998474121094,5000
2023-06-14,50.39157485961914,53.29999923706055,53.29999923706055,53.29999923706055,53.29999923706055,5000
2023-06-15,50.580665588378906,53.5,53.599998474121094,53.29999923706055,53.29999923706055,6000
2023-06-16,50.67520523071289,53.599998474121094,54.0,53.599998474121094,54.0,2000
2023-06-19,51.337013244628906,54.29999923706055,54.29999923706055,54.0,54.0,4000
2023-06-20,52.37698745727539,55.400001525878906,55.400001525878906,54.79999923706055,54.79999923706055,8000
2023-06-21,52.66061782836914,55.70000076293945,55.70000076293945,54.900001525878906,55.0,4000
2023-06-26,53.88968276977539,57.0,57.0,56.0,56.0,6000
2023-06-27,53.88968276977539,57.0,57.0,56.20000076293945,56.20000076293945,3000
2023-06-28,54.64602279663086,57.79999923706055,57.79999923706055,56.099998474121094,56.79999923706055,6000
2023-06-29,54.36240005493164,57.5,57.5,57.5,57.5,1000
2023-06-30,54.36240005493164,57.5,57.5,57.5,57.5,0
2023-07-03,59.75136947631836,63.20000076293945,63.20000076293945,58.0,58.0,79000
2023-07-04,65.70759582519531,69.5,69.5,64.4000015258789,64.5999984741211,82000
2023-07-05,72.23108673095703,76.4000015258789,76.4000015258789,72.80000305175781,72.80000305175781,89000
2023-07-06,79.41637420654297,84.0,84.0,82.4000015258789,83.9000015258789,133000
2023-07-07,82.25267791748047,87.0,92.4000015258789,85.30000305175781,88.19999694824219,459000
2023-07-10,76.10735321044922,80.5,88.5,80.5,88.5,97000
2023-07-11,73.7437744140625,78.0,81.5,77.5999984741211,81.5,52000
2023-07-12,78.94365692138672,83.5,85.5999984741211,79.0,79.0,110000
2023-07-13,76.20189666748047,80.5999984741211,83.5,80.30000305175781,83.5,31000
2023-07-14,72.420166015625,76.5999984741211,81.0,75.9000015258789,81.0,38000
2023-07-17,70.15113067626953,74.19999694824219,76.5999984741211,73.0999984741211,76.5999984741211,27000
2023-07-18,68.63843536376953,72.5999984741211,73.5,72.5999984741211,73.5,12000
2023-07-19,68.35481262207031,72.30000305175781,72.80000305175781,70.9000015258789,72.4000015258789,14000
2023-07-20,70.43476104736328,74.5,73.69999694824219,73.0,73.4000015258789,8000
2023-07-21,71.00201416015625,75.0999984741211,75.0999984741211,72.9000015258789,73.0,36000
2023-07-24,74.02741241455078,78.30000305175781,78.80000305175781,73.0,73.0999984741211,48000
2023-07-25,75.91827392578125,80.30000305175781,82.19999694824219,78.19999694824219,80.5,49000
2023-07-26,71.94745635986328,76.0999984741211,81.5,76.0999984741211,81.5,14000
2023-07-27,75.25646209716797,79.5999984741211,79.5999984741211,72.0999984741211,72.0999984741211,36000
2023-07-28,72.9874267578125,77.19999694824219,77.9000015258789,75.30000305175781,75.5,8000
2023-07-31,71.75836944580078,75.9000015258789,81.0,73.9000015258789,79.0,18000
2023-08-01,71.94745635986328,76.0999984741211,78.80000305175781,73.5999984741211,73.5999984741211,30000
2023-08-02,70.907470703125,75.0,75.0,75.0,75.0,1000
2023-08-04,74.02741241455078,78.30000305175781,78.5,76.0,76.0,3000
2023-08-07,72.9874267578125,77.19999694824219,77.30000305175781,73.69999694824219,75.5999984741211,10000
2023-08-08,70.81293487548828,74.9000015258789,75.5,73.80000305175781,75.5,4000
2023-08-09,73.55469512939453,77.80000305175781,81.30000305175781,74.9000015258789,75.69999694824219,56000
2023-08-10,69.39479064941406,73.4000015258789,75.0999984741211,72.19999694824219,75.0999984741211,28000
2023-08-11,72.13654327392578,76.30000305175781,76.30000305175781,71.4000015258789,71.9000015258789,18000
2023-08-14,66.55848693847656,70.4000015258789,75.0,70.0999984741211,73.69999694824219,38000
2023-08-15,66.27484893798828,70.0999984741211,70.4000015258789,70.0999984741211,70.4000015258789,9000
2023-08-16,66.84210205078125,70.69999694824219,71.80000305175781,67.9000015258789,67.9000015258789,7000
2023-08-17,65.9912338256836,69.80000305175781,70.9000015258789,68.5999984741211,68.5999984741211,14000
2023-08-18,61.453147888183594,65.0,72.0,68.5999984741211,68.5999984741211,5000
2023-08-21,65.42396545410156,69.19999694824219,71.9000015258789,68.0,71.9000015258789,15000
2023-08-22,64.76216125488281,68.5,68.9000015258789,68.5,68.9000015258789,3000
2023-08-23,64.76216125488281,68.5,68.5,68.5,68.5,0
2023-08-24,68.07117462158203,72.0,72.0,72.0,72.0,1000
2023-08-25,68.07117462158203,72.0,72.0,72.0,72.0,7000
2023-08-28,69.22492218017578,72.0,72.0,72.0,72.0,0
2023-08-29,68.26346588134766,71.0,74.19999694824219,69.4000015258789,74.19999694824219,4000
2023-08-30,67.30200958251953,70.0,70.0999984741211,70.0,70.0999984741211,2000
2023-08-31,66.91742706298828,69.5999984741211,70.0,69.5999984741211,70.0,3000
2023-09-01,70.18638610839844,73.0,73.0,67.4000015258789,67.4000015258789,2000
2023-09-04,67.59044647216797,70.30000305175781,70.69999694824219,69.69999694824219,70.5,6000
2023-09-05,67.0135726928711,69.69999694824219,70.30000305175781,69.69999694824219,70.30000305175781,3000
2023-09-06,67.0135726928711,69.69999694824219,69.80000305175781,69.19999694824219,69.69999694824219,6000
2023-09-07,68.74419403076172,71.5,73.4000015258789,70.5,70.5,8000
2023-09-08,70.09024047851562,72.9000015258789,72.9000015258789,69.69999694824219,72.0,5000
2023-09-11,67.8788833618164,70.5999984741211,70.5999984741211,68.5999984741211,70.4000015258789,5000
2023-09-12,69.22492218017578,72.0,72.0,66.69999694824219,69.0,9000
2023-09-13,62.302433013916016,64.80000305175781,72.0,69.5,72.0,29000
2023-09-14,67.30200958251953,70.0,71.19999694824219,70.0,71.19999694824219,2000
2023-09-15,65.95597076416016,68.5999984741211,69.0999984741211,67.5999984741211,67.5999984741211,3000
2023-09-18,65.95597076416016,68.5999984741211,68.5999984741211,68.5999984741211,68.5999984741211,0
2023-09-19,68.84033966064453,71.5999984741211,71.5999984741211,67.5,67.5,7000
2023-09-20,67.20587158203125,69.9000015258789,71.5,69.0999984741211,69.0999984741211,4000
2023-09-21,68.93648529052734,71.69999694824219,73.4000015258789,69.4000015258789,71.80000305175781,12000
2023-09-22,68.74419403076172,71.5,71.69999694824219,69.30000305175781,69.30000305175781,4000
2023-09-25,68.16732025146484,70.9000015258789,71.5,69.19999694824219,69.19999694824219,11000
2023-09-26,67.20587158203125,69.9000015258789,72.9000015258789,69.9000015258789,72.80000305175781,10000
2023-09-27,66.91742706298828,69.5999984741211,70.4000015258789,69.0,69.0,4000
2023-09-28,66.53284454345703,69.19999694824219,69.5,69.19999694824219,69.5,3000
2023-10-02,68.93648529052734,71.69999694824219,72.0,69.5999984741211,69.5999984741211,15000
2023-10-03,69.12877655029297,71.9000015258789,71.9000015258789,69.19999694824219,71.69999694824219,5000
2023-10-04,69.3210678100586,72.0999984741211,72.0999984741211,70.0,71.9000015258789,8000
2023-10-05,67.49429321289062,70.19999694824219,72.0999984741211,70.0999984741211,72.0999984741211,9000
2023-10-06,67.68659210205078,70.4000015258789,72.0,70.0999984741211,70.0999984741211,15000
2023-10-11,66.53284454345703,69.19999694824219,72.80000305175781,67.4000015258789,72.80000305175781,37000
2023-10-12,68.84033966064453,71.5999984741211,73.5999984741211,71.5999984741211,73.5999984741211,16000
2023-10-13,69.22492218017578,72.0,72.0,70.0999984741211,71.5999984741211,26000
2023-10-16,68.16732025146484,70.9000015258789,72.0,70.5,72.0,17000
2023-10-17,68.93648529052734,71.69999694824219,72.0999984741211,71.69999694824219,72.0999984741211,6000
2023-10-18,68.93648529052734,71.69999694824219,71.69999694824219,70.0999984741211,71.69999694824219,24000
2023-10-19,68.93648529052734,71.69999694824219,72.0,71.69999694824219,71.69999694824219,17000
2023-10-20,68.26346588134766,71.0,71.69999694824219,71.0,71.69999694824219,19000
2023-10-23,68.26346588134766,71.0,71.0,71.0,71.0,5000
2023-10-24,68.26346588134766,71.0,71.0999984741211,70.0,71.0999984741211,20000
2023-10-25,68.26346588134766,71.0,71.0,70.69999694824219,71.0,12000
2023-10-26,68.16732025146484,70.9000015258789,71.4000015258789,70.9000015258789,71.0,3000
2023-10-27,68.16732025146484,70.9000015258789,70.9000015258789,70.9000015258789,70.9000015258789,0
2023-10-30,68.26346588134766,71.0,71.0,71.0,71.0,36000
2023-10-31,67.7827377319336,70.5,71.0,70.5,71.0,16000
2023-11-01,68.74419403076172,71.5,75.0,70.69999694824219,70.69999694824219,13000
2023-11-02,69.03263854980469,71.80000305175781,71.80000305175781,71.5,71.5999984741211,4000
2023-11-03,69.4172134399414,72.19999694824219,72.69999694824219,70.30000305175781,72.0,89000
2023-11-06,69.3210678100586,72.0999984741211,73.0,71.5999984741211,72.5,18000
2023-11-07,70.37866973876953,73.19999694824219,76.4000015258789,73.19999694824219,74.19999694824219,15000
2023-11-08,70.37866973876953,73.19999694824219,75.0,73.19999694824219,75.0,7000
2023-11-09,68.84033966064453,71.5999984741211,73.19999694824219,71.5999984741211,73.19999694824219,7000
2023-11-10,69.3210678100586,72.0999984741211,76.19999694824219,71.0999984741211,71.0999984741211,22000
2023-11-13,68.5519027709961,71.30000305175781,74.5,71.30000305175781,74.5,46000
2023-11-14,69.70565032958984,72.5,72.5,71.0,71.30000305175781,14000
2023-11-15,68.74419403076172,71.5,72.80000305175781,71.5,71.5999984741211,12000
2023-11-16,68.35961151123047,71.0999984741211,71.19999694824219,71.0,71.0999984741211,6000
2023-11-17,69.51336669921875,72.30000305175781,72.9000015258789,71.0999984741211,71.0999984741211,4000
2023-11-20,69.22492218017578,72.0,72.5,71.0,72.5,14000
2023-11-21,69.3210678100586,72.0999984741211,72.0999984741211,71.19999694824219,71.30000305175781,3000
2023-11-22,70.18638610839844,73.0,73.30000305175781,71.5,71.5,15000
2023-11-23,69.70565032958984,72.5,74.80000305175781,72.5,74.0,6000
2023-11-24,69.12877655029297,71.9000015258789,71.9000015258789,71.9000015258789,71.9000015258789,1000
2023-11-27,69.12877655029297,71.9000015258789,71.9000015258789,71.9000015258789,71.9000015258789,0
2023-11-28,69.89794158935547,72.69999694824219,72.69999694824219,70.9000015258789,70.9000015258789,16000
2023-11-29,69.12877655029297,71.9000015258789,73.69999694824219,70.4000015258789,71.5,11000
2023-11-30,75.95513153076172,79.0,79.0,72.5,74.4000015258789,183000
2023-12-01,83.55064392089844,86.9000015258789,86.9000015258789,84.0,84.0,110000
2023-12-04,88.6463623046875,92.19999694824219,95.5,88.0999984741211,93.80000305175781,541000
2023-12-05,80.185546875,83.4000015258789,91.0999984741211,83.4000015258789,90.0,156000
2023-12-06,78.74335479736328,81.9000015258789,86.0,80.0999984741211,83.4000015258789,268000
2023-12-07,78.74335479736328,81.9000015258789,83.5,81.0,81.80000305175781,99000
2023-12-08,77.78189849853516,80.9000015258789,82.19999694824219,80.19999694824219,82.19999694824219,51000
2023-12-11,77.78189849853516,80.9000015258789,82.80000305175781,80.69999694824219,81.0,28000
2023-12-12,77.68575286865234,80.80000305175781,83.0,80.80000305175781,81.5,62000
2023-12-13,77.78189849853516,80.9000015258789,81.5,80.9000015258789,81.0999984741211,18000
2023-12-14,77.20502471923828,80.30000305175781,82.19999694824219,78.69999694824219,81.0,47000
2023-12-15,77.01272583007812,80.0999984741211,80.4000015258789,79.0,80.0,30000
2023-12-18,76.33970642089844,79.4000015258789,80.0999984741211,79.30000305175781,80.0999984741211,16000
2023-12-19,74.60908508300781,77.5999984741211,78.9000015258789,75.5,78.4000015258789,12000
2023-12-20,74.60908508300781,77.5999984741211,78.80000305175781,76.19999694824219,78.5999984741211,15000
2023-12-21,74.22450256347656,77.19999694824219,79.30000305175781,76.69999694824219,76.69999694824219,8000
2023-12-22,74.80138397216797,77.80000305175781,79.5999984741211,76.5999984741211,76.5999984741211,18000
2023-12-25,75.7628402709961,78.80000305175781,79.9000015258789,78.80000305175781,79.9000015258789,2000
2023-12-26,75.37825775146484,78.4000015258789,79.0,76.30000305175781,79.0,8000
2023-12-27,75.47440338134766,78.5,81.0999984741211,77.69999694824219,81.0999984741211,14000
2023-12-28,74.3206558227539,77.30000305175781,77.9000015258789,77.19999694824219,77.19999694824219,6000
2023-12-29,76.33970642089844,79.4000015258789,80.0,77.0999984741211,80.0,19000
2024-01-02,74.99366760253906,78.0,79.5,76.80000305175781,77.4000015258789,15000
2024-01-03,73.93606567382812,76.9000015258789,79.30000305175781,76.80000305175781,79.19999694824219,16000
2024-01-04,75.37825775146484,78.4000015258789,79.5,77.0,79.5,25000
2024-01-05,74.60908508300781,77.5999984741211,80.80000305175781,77.5999984741211,80.80000305175781,4000
2024-01-08,73.55148315429688,76.5,78.5,75.5999984741211,78.4000015258789,13000
2024-01-09,74.80138397216797,77.80000305175781,79.5999984741211,76.5,76.5,12000
2024-01-10,74.12835693359375,77.0999984741211,80.5999984741211,75.0999984741211,80.5999984741211,8000
2024-01-11,73.2630386352539,76.19999694824219,79.4000015258789,76.0999984741211,76.80000305175781,21000
2024-01-12,73.7437744140625,76.69999694824219,76.69999694824219,75.69999694824219,75.69999694824219,5000
2024-01-15,74.3206558227539,77.30000305175781,79.30000305175781,75.30000305175781,79.30000305175781,43000
2024-01-16,73.45533752441406,76.4000015258789,76.5,76.4000015258789,76.4000015258789,4000
2024-01-17,73.45533752441406,76.4000015258789,76.5,75.30000305175781,76.5,28000
2024-01-18,71.43628692626953,74.30000305175781,75.69999694824219,74.30000305175781,75.19999694824219,29000
2024-01-19,71.62857055664062,74.5,74.80000305175781,74.30000305175781,74.80000305175781,7000
2024-01-22,72.10929107666016,75.0,75.0,75.0,75.0,2000
2024-01-23,72.10929107666016,75.0,75.0,75.0,75.0,1000
2024-01-24,72.974609375,75.9000015258789,76.69999694824219,75.0,76.4000015258789,16000
2024-01-25,72.10929107666016,75.0,75.9000015258789,75.0,75.9000015258789,7000
2024-01-26,71.82085418701172,74.69999694824219,75.5,74.5,74.5999984741211,16000
2024-01-29,71.7247085571289,74.5999984741211,75.0,74.5999984741211,75.0,6000
2024-01-30,72.01315307617188,74.9000015258789,75.5999984741211,74.80000305175781,75.5999984741211,10000
2024-01-31,72.10929107666016,75.0,75.0,75.0,75.0,1000
2024-02-01,72.01315307617188,74.9000015258789,75.19999694824219,74.5,75.0,11000
2024-02-02,72.10929107666016,75.0,76.19999694824219,75.0,75.0,3000
2024-02-05,72.01315307617188,74.9000015258789,75.0,74.9000015258789,75.0,6000
2024-02-15,79.12793731689453,82.30000305175781,82.30000305175781,81.0,82.30000305175781,103000
2024-02-16,82.87761688232422,86.19999694824219,88.69999694824219,84.30000305175781,86.4000015258789,254000
2024-02-19,81.2431411743164,84.5,86.5999984741211,84.5,86.4000015258789,45000
2024-02-20,79.60867309570312,82.80000305175781,85.0,82.80000305175781,84.5,42000
2024-02-21,80.57012176513672,83.80000305175781,84.80000305175781,83.80000305175781,83.80000305175781,16000
2024-02-22,79.60867309570312,82.80000305175781,85.30000305175781,82.80000305175781,85.30000305175781,42000
2024-02-23,79.22408294677734,82.4000015258789,84.19999694824219,82.0999984741211,84.19999694824219,19000
2024-02-26,79.80095672607422,83.0,83.0,82.4000015258789,82.5,21000
2024-02-27,81.53157806396484,84.80000305175781,84.9000015258789,83.69999694824219,84.0999984741211,33000
2024-02-29,81.1469955444336,84.4000015258789,86.5999984741211,84.4000015258789,84.80000305175781,37000
2024-03-01,81.1469955444336,84.4000015258789,84.69999694824219,83.5,84.4000015258789,17000
2024-03-04,83.16605377197266,86.5,87.19999694824219,85.19999694824219,85.19999694824219,32000
2024-03-05,83.16605377197266,86.5,88.0,86.19999694824219,88.0,38000
2024-03-06,82.97377014160156,86.30000305175781,86.5999984741211,86.19999694824219,86.30000305175781,23000
2024-03-07,82.20459747314453,85.5,86.4000015258789,85.19999694824219,86.4000015258789,33000
2024-03-08,79.12793731689453,82.30000305175781,85.0,82.30000305175781,85.0,26000
2024-03-11,87.01188659667969,90.5,90.5,90.5,90.5,99000
2024-03-12,95.66500091552734,99.5,99.5,99.5,99.5,116000
2024-03-13,104.79884338378906,109.0,109.0,102.5,106.5,473000
2024-03-14,94.31895446777344,98.0999984741211,114.5,98.0999984741211,114.5,1024000
2024-03-15,86.24271392822266,89.69999694824219,96.0999984741211,88.5999984741211,96.0999984741211,550000
2024-03-18,86.24271392822266,89.69999694824219,89.69999694824219,89.69999694824219,89.69999694824219,0
2024-03-19,84.9928207397461,88.4000015258789,91.4000015258789,87.80000305175781,88.4000015258789,301000
2024-03-20,84.9928207397461,88.4000015258789,88.4000015258789,88.4000015258789,88.4000015258789,0
2024-03-21,82.20459747314453,85.5,87.0,85.5,86.5999984741211,97000
2024-03-22,83.64678955078125,87.0,87.9000015258789,84.69999694824219,84.80000305175781,75000
2024-03-25,83.64678955078125,87.0,87.0,87.0,87.0,0
2024-03-26,81.72386932373047,85.0,87.9000015258789,85.0,87.9000015258789,104000
2024-03-27,81.62772369384766,84.9000015258789,86.0999984741211,84.9000015258789,86.0999984741211,47000
2024-03-28,80.85855102539062,84.0999984741211,86.0999984741211,84.0999984741211,85.9000015258789,66000
2024-03-29,80.66626739501953,83.9000015258789,85.0,83.9000015258789,85.0,24000
2024-04-01,83.06991577148438,86.4000015258789,87.0,84.30000305175781,84.30000305175781,67000
2024-04-02,82.6853256225586,86.0,87.19999694824219,85.5999984741211,86.0,69000
2024-04-03,85.0889663696289,88.5,89.4000015258789,86.4000015258789,87.30000305175781,113000
2024-04-08,86.53115844726562,90.0,91.80000305175781,88.69999694824219,89.4000015258789,150000
2024-04-09,86.81959533691406,90.30000305175781,91.19999694824219,89.0999984741211,89.4000015258789,109000
2024-04-10,95.47270965576172,99.30000305175781,99.30000305175781,99.30000305175781,99.30000305175781,287000
2024-04-11,104.79884338378906,109.0,109.0,105.0,109.0,1286000
2024-04-12,94.41510009765625,98.19999694824219,118.0,98.19999694824219,113.0,1975000
2024-04-15,90.28083801269531,93.9000015258789,96.69999694824219,92.30000305175781,96.69999694824219,437000
2024-04-16,85.56969451904297,89.0,93.0,88.4000015258789,93.0,283000
2024-04-17,88.6463623046875,92.19999694824219,95.69999694824219,89.30000305175781,89.30000305175781,306000
2024-04-18,88.16563415527344,91.69999694824219,93.69999694824219,90.69999694824219,90.69999694824219,163000
2024-04-19,88.3579330444336,91.9000015258789,93.30000305175781,89.69999694824219,90.0999984741211,163000
2024-04-22,91.91531372070312,95.5999984741211,100.5,91.80000305175781,91.80000305175781,488000
2024-04-23,98.06864166259766,102.0,103.5,97.69999694824219,98.5,476000
2024-04-24,96.62645721435547,100.5,104.5,99.4000015258789,103.5,270000
2024-04-25,92.2999038696289,96.0,100.5,95.30000305175781,100.5,252000
2024-04-26,94.12667083740234,97.9000015258789,100.0,96.5999984741211,97.0,226000
2024-04-29,95.95343780517578,99.80000305175781,103.5,99.0999984741211,99.80000305175781,177000
2024-04-30,99.03009796142578,103.0,103.5,99.0999984741211,100.5,311000
2024-05-02,101.91447448730469,106.0,108.0,103.0,104.5,304000
2024-05-03,103.83738708496094,108.0,108.0,103.0,106.0,281000
2024-05-06,102.39519500732422,106.5,111.5,106.5,109.0,236000
2024-05-07,102.87593078613281,107.0,108.0,105.5,108.0,119000
2024-05-08,108.16394805908203,112.5,116.0,107.0,107.0,431000
2024-05-09,111.52904510498047,116.0,123.5,115.0,116.0,1603000
2024-05-10,118.73997497558594,123.5,127.5,114.0,115.5,855000
2024-05-13,108.16394805908203,112.5,124.5,111.5,123.5,632000
2024-05-14,97.58792114257812,101.5,106.5,101.5,105.0,673000
2024-05-15,94.31895446777344,98.0999984741211,103.0,98.0,102.0,262000
2024-05-16,95.85729217529297,99.69999694824219,100.5,98.0999984741211,100.0,140000
2024-05-17,98.06864166259766,102.0,103.5,100.0,100.0,143000
2024-05-20,100.4722900390625,104.5,106.0,102.5,102.5,108000
2024-05-21,101.91447448730469,106.0,109.5,105.0,106.0,115000
2024-05-22,98.54936981201172,102.5,107.5,102.0,106.5,112000
2024-05-23,97.58792114257812,101.5,104.0,100.5,104.0,102000
2024-05-24,97.10719299316406,101.0,103.0,99.5,100.0,66000
2024-05-27,97.58792114257812,101.5,104.0,101.0,102.0,89000
2024-05-28,97.58792114257812,101.5,103.0,101.0,101.0,64000
2024-05-29,96.62645721435547,100.5,101.5,99.0999984741211,101.0,93000
2024-05-30,95.08812713623047,98.9000015258789,100.0,98.9000015258789,100.0,103000
2024-05-31,96.1457290649414,100.0,101.0,99.5999984741211,99.5999984741211,57000
2024-06-03,98.06864166259766,102.0,103.0,100.5,101.0,49000
2024-06-04,96.1457290649414,100.0,102.0,100.0,102.0,37000
2024-06-05,99.99156188964844,104.0,106.0,100.0,102.0,66000
2024-06-06,99.03009796142578,103.0,110.0,103.0,107.5,287000
2024-06-07,99.03009796142578,103.0,104.5,102.0,104.0,58000
2024-06-11,97.58792114257812,101.5,109.0,101.5,109.0,169000
2024-06-12,99.51082611083984,103.5,105.0,102.5,102.5,94000
2024-06-13,98.06864166259766,102.0,105.0,102.0,104.5,76000
2024-06-14,99.51082611083984,103.5,104.0,102.0,102.5,55000
2024-06-17,102.39519500732422,106.5,106.5,103.5,103.5,137000
2024-06-18,100.4722900390625,104.5,108.0,104.0,108.0,90000
2024-06-19,98.54936981201172,102.5,106.0,102.5,105.5,66000
2024-06-20,99.51082611083984,103.5,104.0,101.5,104.0,73000
2024-06-21,99.51082611083984,103.5,106.0,103.0,106.0,41000
2024-06-24,98.06864166259766,102.0,105.0,101.5,103.5,65000
2024-06-25,95.18427276611328,99.0,101.0,97.5,101.0,114000
2024-06-26,95.37655639648438,99.19999694824219,100.0,99.19999694824219,99.19999694824219,54000
2024-06-27,94.41510009765625,98.19999694824219,99.30000305175781,98.0999984741211,99.0999984741211,58000
2024-06-28,94.7996826171875,98.5999984741211,99.0,98.4000015258789,98.4000015258789,14000
2024-07-01,96.0495834350586,99.9000015258789,101.0,98.5,99.5,35000
2024-07-02,95.66500091552734,99.5,99.9000015258789,99.19999694824219,99.80000305175781,23000
2024-07-03,97.10719299316406,101.0,101.0,100.0,100.0,34000
2024-07-04,96.62645721435547,100.5,101.5,100.0,101.5,31000
2024-07-05,96.62645721435547,100.5,101.5,100.0,100.5,33000
2024-07-08,93.83822631835938,97.5999984741211,102.0,97.5999984741211,101.0,110000
2024-07-09,91.24230194091797,94.9000015258789,97.19999694824219,94.0999984741211,97.19999694824219,73000
2024-07-10,91.62688446044922,95.30000305175781,96.19999694824219,93.5999984741211,94.69999694824219,39000
2024-07-11,92.58834075927734,96.30000305175781,97.0,93.19999694824219,94.30000305175781,48000
2024-07-12,92.9729232788086,96.69999694824219,97.4000015258789,96.69999694824219,97.19999694824219,10000
2024-07-15,93.64593505859375,97.4000015258789,98.69999694824219,96.80000305175781,98.69999694824219,16000
2024-07-16,95.18427276611328,99.0,99.19999694824219,97.30000305175781,97.30000305175781,39000
2024-07-17,94.12667083740234,97.9000015258789,99.80000305175781,97.9000015258789,99.0,15000
2024-07-18,94.22280883789062,98.0,99.19999694824219,95.4000015258789,95.4000015258789,52000
2024-07-19,94.22280883789062,98.0,99.19999694824219,97.19999694824219,97.9000015258789,24000
2024-07-22,89.6078109741211,93.19999694824219,98.69999694824219,93.19999694824219,97.9000015258789,66000
2024-07-23,91.81917572021484,95.5,96.9000015258789,94.4000015258789,95.5999984741211,42000
2024-07-26,91.14615631103516,94.80000305175781,95.5,94.69999694824219,95.5,6000
2024-07-29,88.83866119384766,92.4000015258789,95.0,92.19999694824219,95.0,32000
2024-07-30,89.41552734375,93.0,96.19999694824219,91.4000015258789,96.19999694824219,25000
2024-07-31,89.41552734375,93.0,94.80000305175781,93.0,94.4000015258789,10000
2024-08-01,90.85771179199219,94.5,94.5999984741211,93.30000305175781,93.30000305175781,5000
2024-08-02,88.06948852539062,91.5999984741211,94.4000015258789,89.5999984741211,94.30000305175781,35000
2024-08-05,79.80095672607422,83.0,91.30000305175781,82.5,87.69999694824219,56000
2024-08-06,74.99366760253906,78.0,84.19999694824219,77.0,83.0,33000
2024-08-07,82.30074310302734,85.5999984741211,88.80000305175781,84.80000305175781,85.0,29000
2024-08-08,83.16605377197266,86.5,87.80000305175781,85.5,85.5999984741211,8000
2024-08-09,91.43458557128906,95.0999984741211,95.0999984741211,95.0999984741211,95.0999984741211,41000
2024-08-12,90.6654281616211,94.30000305175781,100.0,94.30000305175781,95.5,78000
2024-08-13,89.12708282470703,92.69999694824219,96.19999694824219,91.5999984741211,96.19999694824219,33000
2024-08-14,87.20417022705078,90.69999694824219,92.9000015258789,90.69999694824219,92.9000015258789,22000
2024-08-15,87.01188659667969,90.5,92.9000015258789,89.0,89.80000305175781,40000
2024-08-16,85.47354888916016,88.9000015258789,91.0,88.5999984741211,90.80000305175781,52000
2024-08-19,86.05042266845703,89.5,90.30000305175781,89.0,90.30000305175781,16000
2024-08-20,85.7619857788086,89.19999694824219,90.69999694824219,88.19999694824219,90.5,17000
2024-08-21,86.53115844726562,90.0,90.4000015258789,88.5999984741211,90.4000015258789,9000
2024-08-22,86.53115844726562,90.0,90.0,89.80000305175781,90.0,8000
2024-08-23,89.80010986328125,93.4000015258789,93.9000015258789,90.0999984741211,90.0999984741211,48000
2024-08-26,89.70396423339844,93.30000305175781,94.9000015258789,93.30000305175781,93.30000305175781,25000
2024-08-27,89.70396423339844,93.30000305175781,93.30000305175781,91.0999984741211,93.30000305175781,9000
2024-08-28,90.08854675292969,93.69999694824219,94.0,93.0,94.0,14000
2024-08-29,90.87023162841797,93.0,93.0,92.0,92.0,9000
2024-08-30,91.74961853027344,93.9000015258789,93.9000015258789,93.0,93.0,7000
2024-09-02,91.74961853027344,93.9000015258789,94.69999694824219,92.69999694824219,94.5999984741211,9000
2024-09-03,90.08854675292969,92.19999694824219,93.5,92.19999694824219,93.0,12000
2024-09-04,89.89312744140625,92.0,92.0999984741211,90.80000305175781,90.80000305175781,5000
2024-09-05,89.89312744140625,92.0,93.0,89.0,89.0,9000
2024-09-06,88.81832122802734,90.9000015258789,92.5999984741211,90.5999984741211,90.5999984741211,6000
2024-09-09,88.72061157226562,90.80000305175781,91.69999694824219,90.5,91.5999984741211,10000
2024-09-10,89.79542541503906,91.9000015258789,93.80000305175781,90.69999694824219,93.80000305175781,12000
2024-09-11,88.91603088378906,91.0,94.9000015258789,88.4000015258789,94.9000015258789,11000
2024-09-12,88.32977294921875,90.4000015258789,93.19999694824219,90.4000015258789,93.19999694824219,13000
2024-09-13,87.1572494506836,89.19999694824219,91.5,88.80000305175781,91.5,33000
2024-09-16,87.64579772949219,89.69999694824219,91.0,88.0,88.0,16000
2024-09-18,86.96183013916016,89.0,90.5,88.5,90.5,5000
2024-09-19,88.32977294921875,90.4000015258789,92.9000015258789,89.0,90.0999984741211,26000
2024-09-20,90.67481231689453,92.80000305175781,92.80000305175781,89.69999694824219,90.5,4000
2024-09-23,89.99083709716797,92.0999984741211,92.80000305175781,90.30000305175781,92.80000305175781,12000
2024-09-24,89.20915985107422,91.30000305175781,91.5,90.0999984741211,91.0,12000
2024-09-25,89.99083709716797,92.0999984741211,94.30000305175781,91.0,94.30000305175781,24000
2024-09-26,91.16336059570312,93.30000305175781,94.4000015258789,92.4000015258789,94.4000015258789,14000
2024-09-27,90.77252197265625,92.9000015258789,92.9000015258789,92.0,92.0,7000
2024-09-30,89.79542541503906,91.9000015258789,92.9000015258789,91.30000305175781,92.9000015258789,3000
2024-10-01,91.16336059570312,93.30000305175781,93.30000305175781,90.0999984741211,90.0999984741211,10000
2024-10-04,89.01374053955078,91.0999984741211,94.5999984741211,91.0999984741211,94.5999984741211,14000
2024-10-07,89.99083709716797,92.0999984741211,92.5999984741211,91.5,92.30000305175781,13000
2024-10-08,89.1114501953125,91.19999694824219,92.0999984741211,89.0999984741211,92.0999984741211,11000
2024-10-09,89.20915985107422,91.30000305175781,91.5,91.0,91.0,8000
2024-10-11,89.99083709716797,92.0999984741211,92.0999984741211,89.30000305175781,90.69999694824219,11000
2024-10-14,89.99083709716797,92.0999984741211,92.0999984741211,92.0999984741211,92.0999984741211,0
2024-10-15,89.30686950683594,91.4000015258789,91.5,89.5999984741211,91.0,11000
2024-10-16,88.42748260498047,90.5,91.30000305175781,89.5999984741211,91.30000305175781,8000
2024-10-17,88.42748260498047,90.5,90.5,89.19999694824219,89.5999984741211,12000
2024-10-18,87.74351501464844,89.80000305175781,90.5,89.80000305175781,90.5,20000
2024-10-21,87.93893432617188,90.0,90.0,89.0,89.0,6000
2024-10-22,87.64579772949219,89.69999694824219,90.5,89.0,89.5999984741211,20000
2024-10-23,86.76641845703125,88.80000305175781,90.0,88.5999984741211,89.30000305175781,35000
2024-10-24,88.81832122802734,90.9000015258789,91.80000305175781,88.9000015258789,91.80000305175781,14000
2024-10-25,87.1572494506836,89.19999694824219,90.4000015258789,89.0,89.19999694824219,12000
2024-10-28,87.45037841796875,89.5,90.4000015258789,88.19999694824219,89.0,4000
2024-10-29,86.76641845703125,88.80000305175781,89.80000305175781,87.19999694824219,89.80000305175781,19000
2024-10-30,86.668701171875,88.69999694824219,90.5999984741211,87.5999984741211,90.5999984741211,13000
2024-11-01,86.37557220458984,88.4000015258789,90.5,86.0999984741211,90.5,21000
2024-11-04,85.20304870605469,87.19999694824219,88.80000305175781,86.30000305175781,86.30000305175781,15000
2024-11-05,85.49618530273438,87.5,90.0,87.19999694824219,87.19999694824219,6000
2024-11-06,86.57099151611328,88.5999984741211,87.5,87.5,87.5,1000
2024-11-07,86.27786254882812,88.30000305175781,89.4000015258789,86.69999694824219,89.4000015258789,5000
2024-11-08,94.87633514404297,97.0999984741211,97.0999984741211,96.0,96.0,249000
2024-11-11,96.43968963623047,98.69999694824219,105.0,98.30000305175781,101.0,586000
2024-11-12,96.43968963623047,98.69999694824219,102.0,98.4000015258789,101.5,171000
2024-11-13,88.42748260498047,90.5,94.80000305175781,90.0999984741211,93.30000305175781,221000
2024-11-14,85.30076599121094,87.30000305175781,91.4000015258789,86.9000015258789,91.19999694824219,108000
2024-11-15,81.09923553466797,83.0,85.5,82.9000015258789,82.9000015258789,130000
2024-11-18,79.24274444580078,81.0999984741211,85.5,80.9000015258789,85.5,78000
2024-11-19,79.73129272460938,81.5999984741211,83.4000015258789,81.19999694824219,81.4000015258789,18000
2024-11-20,78.2656478881836,80.0999984741211,81.4000015258789,80.0999984741211,81.4000015258789,14712
2024-11-21,78.46107482910156,80.30000305175781,80.9000015258789,79.0999984741211,79.0999984741211,19000
2024-11-22,77.87480926513672,79.69999694824219,80.19999694824219,79.0,79.0,8000
2024-11-25,78.2656478881836,80.0999984741211,81.30000305175781,79.80000305175781,79.80000305175781,10000
2024-11-26,78.55877685546875,80.4000015258789,80.69999694824219,80.19999694824219,80.69999694824219,7000
2024-11-27,78.55877685546875,80.4000015258789,80.4000015258789,80.0,80.0999984741211,28000
2024-11-28,78.75419616699219,80.5999984741211,80.5,80.0999984741211,80.4000015258789,3000
2024-11-29,78.2656478881836,80.0999984741211,79.69999694824219,79.30000305175781,79.30000305175781,7000
2024-12-02,77.777099609375,79.5999984741211,80.0,79.5,80.0,10000
2024-12-03,78.65648651123047,80.5,80.5,79.4000015258789,79.4000015258789,9000
2024-12-04,78.46107482910156,80.30000305175781,81.19999694824219,80.0,81.19999694824219,13000
2024-12-05,79.04733276367188,80.9000015258789,81.4000015258789,80.69999694824219,80.69999694824219,12000
2024-12-06,78.2656478881836,80.0999984741211,82.5999984741211,79.5,81.5,24000
2024-12-09,78.75419616699219,80.5999984741211,82.19999694824219,79.0999984741211,82.19999694824219,35000
2024-12-10,76.4091567993164,78.19999694824219,79.9000015258789,74.69999694824219,74.69999694824219,47000
2024-12-11,76.99542236328125,78.80000305175781,79.0,76.0999984741211,76.0999984741211,47000
2024-12-12,76.897705078125,78.69999694824219,80.0999984741211,78.5,79.5999984741211,10000
2024-12-13,77.19084167480469,79.0,82.0,78.80000305175781,78.80000305175781,26000
2024-12-16,77.97251892089844,79.80000305175781,80.0999984741211,77.80000305175781,77.80000305175781,7000
2024-12-17,78.07022857666016,79.9000015258789,79.9000015258789,77.5999984741211,78.0999984741211,7000
2024-12-18,76.31144714355469,78.0999984741211,78.19999694824219,78.0999984741211,78.19999694824219,6000
2024-12-19,76.7022933959961,78.5,79.69999694824219,78.5,79.69999694824219,4000
2024-12-20,76.01832580566406,77.80000305175781,79.5,76.30000305175781,79.5,8000
2024-12-23,74.8458023071289,76.5999984741211,78.4000015258789,76.0999984741211,78.0,30000
2024-12-24,75.23664093017578,77.0,78.80000305175781,75.80000305175781,75.80000305175781,9000
2024-12-25,75.23664093017578,77.0,78.4000015258789,76.69999694824219,76.80000305175781,17000
2024-12-26,75.23664093017578,77.0,79.5,76.5,76.5,11000
2024-12-27,76.21373748779297,78.0,78.0,77.19999694824219,77.19999694824219,3000
2024-12-30,76.7022933959961,78.5,78.5,78.0,78.0,2000
2024-12-31,77.67938995361328,79.5,78.0,78.0,78.0,1000
2025-01-02,76.11603546142578,77.9000015258789,77.9000015258789,76.30000305175781,76.5999984741211,5000
2025-01-03,76.01832580566406,77.80000305175781,77.80000305175781,76.0,76.9000015258789,7000
2025-01-06,75.8228988647461,77.5999984741211,77.69999694824219,77.5999984741211,77.69999694824219,2000
2025-01-07,75.13893127441406,76.9000015258789,77.5,76.0,77.5,9000
2025-01-08,74.8458023071289,76.5999984741211,77.19999694824219,76.19999694824219,76.69999694824219,13000
2025-01-09,74.4549560546875,76.19999694824219,76.5999984741211,75.80000305175781,76.5999984741211,14000
2025-01-10,73.9664077758789,75.69999694824219,78.0,75.0999984741211,75.0999984741211,12000
2025-01-13,76.897705078125,78.69999694824219,80.0999984741211,75.69999694824219,75.69999694824219,27000
2025-01-14,76.31144714355469,78.0999984741211,78.4000015258789,75.69999694824219,78.4000015258789,15000
2025-01-15,74.16183471679688,75.9000015258789,76.0999984741211,74.19999694824219,76.0999984741211,9000
2025-01-16,74.94351196289062,76.69999694824219,76.69999694824219,75.30000305175781,75.9000015258789,6000
2025-01-17,74.4549560546875,76.19999694824219,77.4000015258789,74.69999694824219,76.5,17000
2025-01-20,76.11603546142578,77.9000015258789,78.80000305175781,76.19999694824219,76.19999694824219,5000
2025-01-21,75.23664093017578,77.0,77.0,77.0,77.0,14000
2025-01-22,76.21373748779297,78.0,78.0,75.5999984741211,77.0,5000
2025-02-03,76.11603546142578,77.9000015258789,77.9000015258789,77.9000015258789,77.9000015258789,1000
2025-02-04,75.72518920898438,77.5,77.5,75.19999694824219,75.19999694824219,4000
2025-02-05,75.3343505859375,77.0999984741211,79.0,76.0999984741211,77.5,12000
2025-02-06,75.23664093017578,77.0,77.0,77.0,77.0,3000
2025-02-07,75.52977752685547,77.30000305175781,78.9000015258789,77.0,77.0,12000
2025-02-10,75.13893127441406,76.9000015258789,77.30000305175781,74.9000015258789,77.30000305175781,8000
2025-02-11,73.77099609375,75.5,78.30000305175781,75.0,75.0,33236
2025-02-12,74.74809265136719,76.5,76.69999694824219,75.0,75.0,16000
2025-02-13,73.9664077758789,75.69999694824219,76.30000305175781,75.69999694824219,76.30000305175781,2000
2025-02-14,73.77099609375,75.5,77.9000015258789,75.5,75.69999694824219,9000
2025-02-17,75.52977752685547,77.30000305175781,78.5999984741211,76.19999694824219,78.5999984741211,13022
2025-02-18,77.97251892089844,79.80000305175781,79.80000305175781,77.30000305175781,77.30000305175781,2005
2025-02-19,76.50687408447266,78.30000305175781,79.5,76.80000305175781,79.5,17010
2025-02-20,75.62747955322266,77.4000015258789,78.80000305175781,76.0999984741211,76.0999984741211,7000
2025-02-21,76.21373748779297,78.0,78.0,76.9000015258789,76.9000015258789,2000
2025-02-24,75.23664093017578,77.0,77.0,77.0,77.0,1000
2025-02-25,75.72518920898438,77.5,77.9000015258789,77.0999984741211,77.0999984741211,9000
2025-02-26,74.74809265136719,76.5,77.5,76.0999984741211,76.0999984741211,18000
2025-02-27,74.8458023071289,76.5999984741211,76.9000015258789,75.80000305175781,76.80000305175781,10000
2025-03-03,73.77099609375,75.5,76.9000015258789,75.19999694824219,76.4000015258789,12000
2025-03-04,73.86869812011719,75.5999984741211,76.69999694824219,75.19999694824219,75.69999694824219,17000
2025-03-05,74.16183471679688,75.9000015258789,76.5,75.69999694824219,76.0,11002
2025-03-06,74.65038299560547,76.4000015258789,76.4000015258789,75.4000015258789,75.9000015258789,5000
2025-03-07,74.06412506103516,75.80000305175781,76.4000015258789,75.80000305175781,76.4000015258789,9005
2025-03-10,74.06412506103516,75.80000305175781,75.80000305175781,75.80000305175781,75.80000305175781,0
2025-03-11,73.3801498413086,75.0999984741211,76.4000015258789,75.0,75.0999984741211,16000
2025-03-12,73.77099609375,75.5,75.5999984741211,75.0999984741211,75.5,11000
2025-03-13,72.79389190673828,74.5,75.5,74.5,75.5,39000
2025-03-14,72.79389190673828,74.5,75.19999694824219,74.19999694824219,75.19999694824219,16001
2025-03-17,73.18473815917969,74.9000015258789,74.9000015258789,74.5,74.5,13000
2025-03-18,73.08702850341797,74.80000305175781,74.80000305175781,74.0,74.5999984741211,25095
2025-03-19,73.08702850341797,74.80000305175781,74.9000015258789,74.19999694824219,74.80000305175781,13000
2025-03-20,72.4030532836914,74.0999984741211,74.80000305175781,73.5999984741211,74.80000305175781,10109
2025-03-21,72.30534362792969,74.0,74.0,74.0,74.0,2000
2025-03-24,73.28244018554688,75.0,75.0,75.0,75.0,1050
2025-03-25,72.79389190673828,74.5,75.0,73.19999694824219,75.0,9000
2025-03-26,72.10992431640625,73.80000305175781,74.5999984741211,73.0,74.5999984741211,14000
2025-03-27,71.8167953491211,73.5,73.5,73.5,73.5,4003
2025-03-28,71.42595672607422,73.0999984741211,73.9000015258789,73.0999984741211,73.0999984741211,7000
2025-03-31,71.3282470703125,73.0,73.0,73.0,73.0,1000
2025-04-01,69.9603042602539,71.5999984741211,74.9000015258789,71.5999984741211,74.9000015258789,4000
2025-04-02,70.83969116210938,72.5,74.0999984741211,70.5,74.0999984741211,20000
2025-04-07,63.80458450317383,65.30000305175781,65.30000305175781,65.30000305175781,65.30000305175781,73000
2025-04-08,58.13740539550781,59.5,60.79999923706055,58.900001525878906,60.5,64200
2025-04-09,52.86106872558594,54.099998474121094,55.29999923706055,54.099998474121094,54.599998474121094,38000
2025-04-10,58.13740539550781,59.5,59.5,59.0,59.400001525878906,19392
2025-04-11,58.23511505126953,59.599998474121094,59.599998474121094,59.599998474121094,59.599998474121094,1000
2025-04-14,60.09160232543945,61.5,62.0,59.5,62.0,4000
2025-04-15,60.09160232543945,61.5,62.0,59.400001525878906,59.400001525878906,9000
2025-04-16,60.09160232543945,61.5,61.5,61.5,61.5,1000
2025-04-17,59.114505767822266,60.5,60.5,59.400001525878906,59.400001525878906,2000
2025-04-18,62.827484130859375,64.30000305175781,64.30000305175781,62.5,62.5,3000
2025-04-21,58.91908264160156,60.29999923706055,64.19999694824219,60.29999923706055,64.19999694824219,7000
2025-04-22,59.3099250793457,60.70000076293945,62.400001525878906,59.20000076293945,62.400001525878906,24000
2025-04-23,60.482444763183594,61.900001525878906,62.0,58.599998474121094,58.599998474121094,27000
2025-04-24,61.5572509765625,63.0,63.0,61.0,61.20000076293945,6290
2025-04-25,63.41374206542969,64.9000015258789,64.9000015258789,64.5999984741211,64.9000015258789,3000
2025-04-28,60.87328338623047,62.29999923706055,64.9000015258789,61.599998474121094,62.70000076293945,43020
2025-04-29,60.287025451660156,61.70000076293945,64.4000015258789,60.29999923706055,64.4000015258789,12000
2025-04-30,60.18931198120117,61.599998474121094,61.79999923706055,61.5,61.5,8000
2025-05-02,61.36183166503906,62.79999923706055,62.79999923706055,61.599998474121094,61.79999923706055,3000
2025-05-05,60.18931198120117,61.599998474121094,61.599998474121094,60.099998474121094,60.20000076293945,10000
2025-05-06,61.166412353515625,62.599998474121094,63.099998474121094,61.599998474121094,61.599998474121094,6000
2025-05-07,58.91908264160156,60.29999923706055,62.400001525878906,59.20000076293945,62.400001525878906,23000
2025-05-08,59.40763473510742,60.79999923706055,61.400001525878906,59.79999923706055,60.20000076293945,12001
2025-05-09,60.09160232543945,61.5,62.70000076293945,60.70000076293945,61.20000076293945,30000
2025-05-12,60.09160232543945,61.5,61.5,60.79999923706055,61.5,15000
2025-05-13,59.993896484375,61.400001525878906,61.599998474121094,61.400001525878906,61.5,17000
2025-05-14,60.18931198120117,61.599998474121094,62.29999923706055,61.599998474121094,62.29999923706055,2000
2025-05-15,60.58015441894531,62.0,62.0,61.900001525878906,61.900001525878906,2000
2025-05-16,60.482444763183594,61.900001525878906,62.0,60.79999923706055,62.0,3006
2025-05-19,60.287025451660156,61.70000076293945,62.29999923706055,60.29999923706055,60.29999923706055,12000
2025-05-20,60.09160232543945,61.5,61.5,60.29999923706055,60.29999923706055,6179
2025-05-21,60.09160232543945,61.5,62.0,60.5,61.5,6000
2025-05-22,60.09160232543945,61.5,61.599998474121094,60.70000076293945,61.599998474121094,6000
2025-05-23,59.40763473510742,60.79999923706055,61.400001525878906,60.599998474121094,61.0,12000
2025-05-26,58.23511505126953,59.599998474121094,60.29999923706055,59.0,60.20000076293945,4000
2025-05-27,58.723663330078125,60.099998474121094,60.70000076293945,60.0,60.099998474121094,17100
2025-05-28,58.723663330078125,60.099998474121094,60.099998474121094,60.099998474121094,60.099998474121094,2000
2025-05-29,59.50534439086914,60.900001525878906,60.900001525878906,60.20000076293945,60.20000076293945,3000
2025-06-02,59.50534439086914,60.900001525878906,61.20000076293945,60.79999923706055,61.0,8000
2025-06-03,59.50534439086914,60.900001525878906,60.900001525878906,60.900001525878906,60.900001525878906,0
2025-06-04,59.7984733581543,61.20000076293945,61.29999923706055,61.099998474121094,61.29999923706055,4000
2025-06-05,59.7984733581543,61.20000076293945,61.20000076293945,61.099998474121094,61.099998474121094,4000
2025-06-06,59.40763473510742,60.79999923706055,60.79999923706055,60.5,60.599998474121094,4000
2025-06-09,59.114505767822266,60.5,60.79999923706055,60.5,60.70000076293945,12000
2025-06-10,59.993896484375,61.400001525878906,65.80000305175781,61.20000076293945,63.29999923706055,51000
2025-06-11,59.993896484375,61.400001525878906,61.400001525878906,60.29999923706055,60.29999923706055,4000
2025-06-12,59.993896484375,61.400001525878906,61.400001525878906,61.400001525878906,61.400001525878906,1000
2025-06-13,59.993896484375,61.400001525878906,61.400001525878906,61.400001525878906,61.400001525878906,0
2025-06-16,60.58015441894531,62.0,62.5,60.900001525878906,62.5,9000
2025-06-17,61.5572509765625,63.0,63.0,63.0,63.0,1260
2025-06-18,61.5572509765625,63.0,64.19999694824219,63.0,63.0,11160
2025-06-19,60.77557373046875,62.20000076293945,62.900001525878906,61.70000076293945,61.70000076293945,6568
2025-06-20,59.993896484375,61.400001525878906,61.400001525878906,61.400001525878906,61.400001525878906,1000
2025-06-23,61.166412353515625,62.599998474121094,63.5,62.599998474121094,63.5,2379
2025-06-24,61.264122009277344,62.70000076293945,64.0,61.70000076293945,61.70000076293945,5005
2025-06-25,59.993896484375,61.400001525878906,62.70000076293945,60.599998474121094,60.599998474121094,3000
2025-06-26,60.482444763183594,61.900001525878906,61.900001525878906,60.099998474121094,60.099998474121094,5000
2025-06-27,58.82137680053711,60.20000076293945,60.20000076293945,60.20000076293945,60.20000076293945,1016
2025-06-30,60.38473129272461,61.79999923706055,62.0,60.20000076293945,62.0,3000
2025-07-01,60.38473129272461,61.79999923706055,61.79999923706055,61.79999923706055,61.79999923706055,0
2025-07-02,60.18931198120117,61.599998474121094,61.599998474121094,59.70000076293945,59.70000076293945,7000
2025-07-03,60.38473129272461,61.79999923706055,63.79999923706055,61.79999923706055,63.79999923706055,2010
2025-07-04,59.896183013916016,61.29999923706055,61.29999923706055,61.099998474121094,61.099998474121094,2000
2025-07-07,60.09160232543945,61.5,61.5,61.29999923706055,61.29999923706055,3000
2025-07-08,60.09160232543945,61.5,61.5,61.5,61.5,0
2025-07-09,60.18931198120117,61.599998474121094,61.599998474121094,61.29999923706055,61.5,6000
2025-07-10,61.45954513549805,62.900001525878906,62.900001525878906,61.79999923706055,61.79999923706055,3000
2025-07-11,60.18931198120117,61.599998474121094,61.599998474121094,60.70000076293945,60.70000076293945,3000
2025-07-14,60.18931198120117,61.599998474121094,61.599998474121094,61.599998474121094,61.599998474121094,0
2025-07-15,60.18931198120117,61.599998474121094,62.0,61.599998474121094,62.0,2000
2025-07-16,60.58015441894531,62.0,62.099998474121094,62.0,62.0,3000
2025-07-17,60.09160232543945,61.5,62.0,61.5,61.900001525878906,7000
2025-07-18,60.09160232543945,61.5,61.5,61.5,61.5,1000
2025-07-21,59.70076370239258,61.099998474121094,61.400001525878906,61.099998474121094,61.400001525878906,3000
2025-07-22,59.7984733581543,61.20000076293945,61.20000076293945,61.20000076293945,61.20000076293945,1000
2025-07-23,60.58015441894531,62.0,62.0,61.5,61.5,2000
2025-07-24,60.58015441894531,62.0,62.0,60.20000076293945,60.20000076293945,4000
2025-07-25,59.21221160888672,60.599998474121094,60.599998474121094,60.599998474121094,60.599998474121094,1000
2025-07-28,59.21221160888672,60.599998474121094,60.599998474121094,60.599998474121094,60.599998474121094,0
2025-07-29,59.21221160888672,60.599998474121094,60.599998474121094,60.599998474121094,60.599998474121094,0
2025-07-30,60.09160232543945,61.5,61.79999923706055,61.5,61.79999923706055,2000
2025-07-31,60.09160232543945,61.5,61.5,61.5,61.5,0
2025-08-04,60.58015441894531,62.0,63.0,61.5,61.5,4000
2025-08-05,60.58015441894531,62.0,62.099998474121094,61.79999923706055,62.0,34000
2025-08-06,61.36183166503906,62.79999923706055,63.0,62.0,62.0,7000
2025-08-07,62.53435134887695,64.0,64.0,62.79999923706055,62.79999923706055,5000
2025-08-08,64.0,65.5,66.0,65.5,66.0,2386
2025-08-11,62.0,62.0,62.70000076293945,62.0,62.599998474121094,4303
2025-08-12,62.20000076293945,62.20000076293945,62.70000076293945,62.0,62.0,8020
2025-08-13,62.599998474121094,62.599998474121094,62.599998474121094,62.0,62.099998474121094,4000
2025-08-14,62.29999923706055,62.29999923706055,62.599998474121094,62.29999923706055,62.599998474121094,2000
2025-08-15,61.900001525878906,61.900001525878906,61.900001525878906,61.5,61.5,6005
2025-08-18,62.0,62.0,62.0,62.0,62.0,2000
2025-08-19,63.20000076293945,63.20000076293945,65.0999984741211,62.20000076293945,65.0999984741211,4091
2025-08-20,63.20000076293945,63.20000076293945,63.20000076293945,63.20000076293945,63.20000076293945,0
2025-08-21,62.70000076293945,62.70000076293945,62.70000076293945,60.70000076293945,60.70000076293945,2000
2025-08-22,62.70000076293945,62.70000076293945,62.70000076293945,62.70000076293945,62.70000076293945,0
2025-08-25,62.70000076293945,62.70000076293945,62.70000076293945,62.70000076293945,62.70000076293945,3000
2025-08-26,62.400001525878906,62.400001525878906,62.400001525878906,62.400001525878906,62.400001525878906,1005
2025-08-27,62.900001525878906,62.900001525878906,62.900001525878906,61.29999923706055,61.29999923706055,4000
2025-08-28,62.70000076293945,62.70000076293945,62.70000076293945,62.70000076293945,62.70000076293945,1000
2025-08-29,62.70000076293945,62.70000076293945,62.70000076293945,62.70000076293945,62.70000076293945,0
2025-09-01,63.099998474121094,63.099998474121094,63.099998474121094,63.099998474121094,63.099998474121094,1000
2025-09-02,62.400001525878906,62.400001525878906,62.70000076293945,62.400001525878906,62.70000076293945,2000
2025-09-03,64.0,64.0,64.0,64.0,64.0,1010
2025-09-04,62.29999923706055,62.29999923706055,62.29999923706055,62.29999923706055,62.29999923706055,1000
2025-09-05,62.29999923706055,62.29999923706055,64.4000015258789,62.29999923706055,64.4000015258789,2022
2025-09-08,62.79999923706055,62.79999923706055,63.400001525878906,62.70000076293945,63.400001525878906,5232
2025-09-09,62.900001525878906,62.900001525878906,62.900001525878906,62.79999923706055,62.79999923706055,6000
2025-09-10,62.5,62.5,62.70000076293945,61.599998474121094,61.599998474121094,9000
2025-09-11,62.5,62.5,62.5,62.5,62.5,7000
2025-09-12,62.70000076293945,62.70000076293945,62.70000076293945,62.5,62.5,2826
2025-09-15,62.5,62.5,62.5,62.5,62.5,15000
2025-09-16,61.20000076293945,61.20000076293945,62.70000076293945,61.20000076293945,62.70000076293945,3000
2025-09-17,62.099998474121094,62.099998474121094,62.099998474121094,62.099998474121094,62.099998474121094,2000
2025-09-18,62.099998474121094,62.099998474121094,62.099998474121094,62.099998474121094,62.099998474121094,4000
2025-09-19,62.099998474121094,62.099998474121094,62.099998474121094,62.099998474121094,62.099998474121094,0
2025-09-22,62.099998474121094,62.099998474121094,62.099998474121094,60.29999923706055,60.29999923706055,12000
2025-09-23,62.0,62.0,62.0,62.0,62.0,8000
2025-09-24,63.400001525878906,63.400001525878906,63.400001525878906,62.099998474121094,62.099998474121094,5000
2025-09-25,63.400001525878906,63.400001525878906,63.400001525878906,63.400001525878906,63.400001525878906,0
2025-09-26,62.29999923706055,62.29999923706055,62.29999923706055,60.79999923706055,60.79999923706055,2000
2025-09-30,62.29999923706055,62.29999923706055,62.29999923706055,62.29999923706055,62.29999923706055,0
2025-10-01,62.20000076293945,62.20000076293945,62.20000076293945,61.900001525878906,61.900001525878906,6000
2025-10-02,62.20000076293945,62.20000076293945,62.20000076293945,62.20000076293945,62.20000076293945,4000
2025-10-03,62.099998474121094,62.099998474121094,62.20000076293945,62.0,62.20000076293945,11000
2025-10-07,60.900001525878906,60.900001525878906,62.099998474121094,60.900001525878906,62.099998474121094,4000
2025-10-08,63.0,63.0,63.20000076293945,61.5,61.5,6000
2025-10-09,62.900001525878906,62.900001525878906,63.0,61.099998474121094,63.0,3001
2025-10-13,62.900001525878906,62.900001525878906,62.900001525878906,62.900001525878906,62.900001525878906,0
2025-10-14,62.900001525878906,62.900001525878906,62.900001525878906,62.900001525878906,62.900001525878906,0
2025-10-15,63.0,63.0,63.0,60.70000076293945,60.70000076293945,2708
2025-10-16,63.0,63.0,63.0,63.0,63.0,0
2025-10-17,63.5,63.5,63.900001525878906,63.0,63.900001525878906,7000
2025-10-20,63.5,63.5,63.5,63.5,63.5,0
2025-10-21,61.20000076293945,61.20000076293945,61.20000076293945,61.20000076293945,61.20000076293945,1020
2025-10-22,61.20000076293945,61.20000076293945,61.20000076293945,61.20000076293945,61.20000076293945,1000
2025-10-23,61.20000076293945,61.20000076293945,61.20000076293945,61.20000076293945,61.20000076293945,0
2025-10-27,61.400001525878906,61.400001525878906,61.400001525878906,61.20000076293945,61.20000076293945,3280
2025-10-28,62.400001525878906,62.400001525878906,62.5,62.400001525878906,62.5,3000
2025-10-29,62.400001525878906,62.400001525878906,62.400001525878906,62.400001525878906,62.400001525878906,0
2025-10-30,61.20000076293945,61.20000076293945,62.5,60.599998474121094,62.5,4000
2025-10-31,62.5,62.5,62.5,62.0,62.20000076293945,11000
2025-11-03,63.900001525878906,63.900001525878906,63.900001525878906,62.599998474121094,62.599998474121094,17000
2025-11-04,67.0,67.0,68.19999694824219,62.900001525878906,64.9000015258789,60000
2025-11-05,66.30000305175781,66.30000305175781,68.30000305175781,66.30000305175781,68.30000305175781,17009
2025-11-06,66.0,66.0,66.30000305175781,65.80000305175781,66.30000305175781,9000
2025-11-07,66.0,66.0,66.0,66.0,66.0,0
2025-11-10,69.4000015258789,69.4000015258789,69.4000015258789,63.0,64.5,36140
2025-11-11,67.30000305175781,67.30000305175781,71.80000305175781,67.30000305175781,71.0,38130
2025-11-12,67.30000305175781,67.30000305175781,67.30000305175781,67.30000305175781,67.30000305175781,1000
2025-11-13,69.0,69.0,72.69999694824219,69.0,70.30000305175781,55070
2025-11-14,68.0999984741211,68.0999984741211,72.5999984741211,66.69999694824219,72.5999984741211,26000
2025-11-17,66.5999984741211,66.5999984741211,66.5999984741211,65.9000015258789,65.9000015258789,5000
2025-11-18,64.80000305175781,64.80000305175781,65.0999984741211,64.5,64.5,9000
2025-11-19,63.400001525878906,63.400001525878906,63.599998474121094,62.599998474121094,62.599998474121094,5000
2025-11-20,66.30000305175781,66.30000305175781,66.30000305175781,62.0,62.20000076293945,7720
2025-11-21,66.30000305175781,66.30000305175781,66.30000305175781,66.30000305175781,66.30000305175781,0
2025-11-24,66.30000305175781,66.30000305175781,66.30000305175781,66.30000305175781,66.30000305175781,0
2025-11-25,66.30000305175781,66.30000305175781,66.30000305175781,66.30000305175781,66.30000305175781,0
2025-11-26,66.30000305175781,66.30000305175781,66.30000305175781,66.30000305175781,66.30000305175781,0
2025-11-27,64.80000305175781,64.80000305175781,64.80000305175781,62.70000076293945,62.70000076293945,2000
2025-11-28,64.19999694824219,64.19999694824219,66.69999694824219,64.19999694824219,66.69999694824219,4000
2025-12-01,60.400001525878906,60.400001525878906,62.0,60.400001525878906,62.0,2023
2025-12-02,63.20000076293945,63.20000076293945,63.20000076293945,60.900001525878906,61.900001525878906,7000
2025-12-03,62.099998474121094,62.099998474121094,63.20000076293945,62.099998474121094,63.099998474121094,7000
2025-12-04,62.0,62.0,63.099998474121094,62.0,63.099998474121094,6000
2025-12-05,62.900001525878906,62.900001525878906,62.900001525878906,60.29999923706055,60.29999923706055,7000
2025-12-08,63.20000076293945,63.20000076293945,65.0999984741211,63.099998474121094,65.0999984741211,5000
2025-12-09,63.0,63.0,64.5,63.0,64.5,2000
2025-12-10,63.400001525878906,63.400001525878906,63.599998474121094,60.79999923706055,60.79999923706055,6000
2025-12-11,63.400001525878906,63.400001525878906,63.400001525878906,61.70000076293945,61.70000076293945,3000
2025-12-12,63.20000076293945,63.20000076293945,63.20000076293945,63.20000076293945,63.20000076293945,2000
2025-12-15,63.099998474121094,63.099998474121094,63.099998474121094,63.099998474121094,63.099998474121094,1000
2025-12-16,62.099998474121094,62.099998474121094,63.099998474121094,62.099998474121094,63.099998474121094,3000
2025-12-17,61.20000076293945,61.20000076293945,62.0,61.20000076293945,62.0,4000
2025-12-18,60.29999923706055,60.29999923706055,61.0,60.29999923706055,61.0,3000
2025-12-19,60.5,60.5,60.5,60.29999923706055,60.29999923706055,3038
2025-12-22,61.79999923706055,61.79999923706055,61.79999923706055,60.5,60.5,3000
2025-12-23,60.599998474121094,60.599998474121094,61.79999923706055,60.599998474121094,61.79999923706055,3020
2025-12-24,61.900001525878906,61.900001525878906,61.900001525878906,60.099998474121094,60.099998474121094,4602
2025-12-26,61.900001525878906,61.900001525878906,61.900001525878906,61.900001525878906,61.900001525878906,0
2025-12-29,61.900001525878906,61.900001525878906,61.900001525878906,61.900001525878906,61.900001525878906,0
2025-12-30,61.400001525878906,61.400001525878906,61.5,60.099998474121094,61.5,6000
2025-12-31,61.099998474121094,61.099998474121094,61.29999923706055,61.0,61.29999923706055,4004
2026-01-02,61.099998474121094,61.099998474121094,63.0,60.099998474121094,61.0,11000
2026-01-05,61.0,61.0,61.099998474121094,59.29999923706055,59.29999923706055,5000
2026-01-06,61.0,61.0,61.0,61.0,61.0,3091
2026-01-07,62.599998474121094,62.599998474121094,62.599998474121094,60.5,60.5,9000
2026-01-08,60.5,60.5,62.5,60.20000076293945,62.5,11000
2026-01-09,60.5,60.5,60.5,60.5,60.5,9000
2026-01-12,60.5,60.5,61.400001525878906,60.5,60.5,9000
2026-01-13,61.0,61.0,61.0,60.70000076293945,60.70000076293945,8000
2026-01-14,61.0,61.0,61.0,61.0,61.0,3811
2026-01-15,61.70000076293945,61.70000076293945,61.70000076293945,61.0,61.0,4000
2026-01-16,61.0,61.0,61.20000076293945,60.79999923706055,60.79999923706055,5000
2026-01-19,60.900001525878906,60.900001525878906,61.0,60.900001525878906,61.0,2002
2026-01-20,61.099998474121094,61.099998474121094,63.0,60.5,60.900001525878906,40000
2026-01-21,61.0,61.0,61.099998474121094,61.0,61.099998474121094,6000
2026-01-22,61.099998474121094,61.099998474121094,62.0,61.099998474121094,62.0,2000
2026-01-23,61.70000076293945,61.70000076293945,62.70000076293945,60.70000076293945,62.599998474121094,12000
2026-01-26,61.599998474121094,61.599998474121094,61.599998474121094,61.0,61.5,23000
2026-01-27,61.599998474121094,61.599998474121094,63.29999923706055,61.20000076293945,61.599998474121094,8000
2026-01-28,61.599998474121094,61.599998474121094,61.599998474121094,61.599998474121094,61.599998474121094,0
2026-01-29,61.0,61.0,61.099998474121094,60.099998474121094,60.099998474121094,4000
2026-01-30,61.79999923706055,61.79999923706055,62.79999923706055,61.20000076293945,62.79999923706055,5000
2026-02-02,61.79999923706055,61.79999923706055,62.20000076293945,60.099998474121094,60.099998474121094,7000
2026-02-03,61.599998474121094,61.599998474121094,63.0,61.29999923706055,63.0,6000
2026-02-04,63.0,63.0,63.79999923706055,61.599998474121094,61.599998474121094,7000
2026-02-05,63.0,63.0,63.0,63.0,63.0,0
2026-02-06,63.0,63.0,63.0,63.0,63.0,0
2026-02-09,63.400001525878906,63.400001525878906,63.400001525878906,61.70000076293945,62.900001525878906,8100
2026-02-10,64.30000305175781,64.30000305175781,66.69999694824219,63.5,66.69999694824219,8082
2026-02-11,64.30000305175781,64.30000305175781,64.30000305175781,64.19999694824219,64.30000305175781,4000
2026-02-23,62.400001525878906,62.400001525878906,64.4000015258789,62.400001525878906,64.4000015258789,4000
2026-02-24,61.70000076293945,61.70000076293945,61.70000076293945,60.70000076293945,60.70000076293945,3000
2026-02-25,62.20000076293945,62.20000076293945,62.20000076293945,61.70000076293945,61.70000076293945,3000
2026-02-26,63.0,63.0,63.900001525878906,61.79999923706055,62.099998474121094,8000
2026-03-02,63.400001525878906,63.400001525878906,63.400001525878906,63.400001525878906,63.400001525878906,1000
2026-03-03,64.9000015258789,64.9000015258789,69.0,63.70000076293945,66.0,65007
2026-03-04,62.900001525878906,62.900001525878906,65.0,62.599998474121094,63.29999923706055,14000
2026-03-05,62.70000076293945,62.70000076293945,63.29999923706055,62.400001525878906,62.900001525878906,11000
2026-03-06,62.0,62.0,63.5,61.79999923706055,63.5,9000
2026-03-09,61.0,61.0,61.900001525878906,60.70000076293945,61.900001525878906,7000
2026-03-10,60.900001525878906,60.900001525878906,61.099998474121094,60.900001525878906,61.099998474121094,2000
2026-03-11,61.20000076293945,61.20000076293945,61.5,61.20000076293945,61.400001525878906,4553
2026-03-12,62.20000076293945,62.20000076293945,64.4000015258789,60.70000076293945,62.20000076293945,11000
2026-03-13,61.5,61.5,62.20000076293945,60.79999923706055,62.20000076293945,16001
2026-03-16,61.099998474121094,61.099998474121094,62.0,61.0,61.099998474121094,8000
2026-03-17,67.19999694824219,67.19999694824219,67.19999694824219,61.20000076293945,61.20000076293945,111001
2026-03-18,73.9000015258789,73.9000015258789,73.9000015258789,73.9000015258789,73.9000015258789,36053
2026-03-19,81.19999694824219,81.19999694824219,81.19999694824219,81.19999694824219,81.19999694824219,64076
2026-03-20,89.30000305175781,89.30000305175781,89.30000305175781,89.30000305175781,89.30000305175781,53191
2026-03-23,98.19999694824219,98.19999694824219,98.19999694824219,98.19999694824219,98.19999694824219,153653
2026-03-24,88.4000015258789,88.4000015258789,107.5,88.4000015258789,106.0,660020
2026-03-25,83.80000305175781,83.80000305175781,85.0,80.5999984741211,85.0,156011
2026-03-26,84.5,84.5,89.80000305175781,84.0999984741211,85.80000305175781,102113
2026-03-27,87.0,87.0,87.0,83.19999694824219,84.5,34014
2026-03-30,83.9000015258789,83.9000015258789,87.19999694824219,81.0999984741211,87.19999694824219,47000
2026-03-31,79.9000015258789,79.9000015258789,85.9000015258789,79.9000015258789,83.9000015258789,47000
2026-04-01,80.80000305175781,80.80000305175781,81.0,79.30000305175781,80.0,43334
2026-04-02,77.5999984741211,77.5999984741211,80.5,75.9000015258789,80.5,24000
2026-04-07,83.0,83.0,83.5,76.0,77.5999984741211,30060
2026-04-08,84.0,84.0,85.0,83.19999694824219,84.69999694824219,29000
2026-04-09,84.0999984741211,84.0999984741211,84.80000305175781,83.9000015258789,84.0,48020
2026-04-10,83.5,83.5,88.69999694824219,83.5,85.30000305175781,61003
2026-04-13,81.30000305175781,81.30000305175781,82.0,80.0,80.0,45000
2026-04-14,77.0,77.0,81.30000305175781,76.0,81.30000305175781,53000
2026-04-15,84.69999694824219,84.69999694824219,84.69999694824219,76.4000015258789,76.4000015258789,42578
2026-04-16,93.0999984741211,93.0999984741211,93.0999984741211,90.4000015258789,91.0,348093
2026-04-17,90.69999694824219,90.69999694824219,94.30000305175781,89.5,94.19999694824219,209000
2026-04-20,85.5,85.5,92.0,84.9000015258789,92.0,146045
2026-04-21,87.5999984741211,87.5999984741211,87.5999984741211,82.80000305175781,86.0999984741211,60010
2026-04-22,96.30000305175781,96.30000305175781,96.30000305175781,93.0,94.0,412304
2026-04-23,87.30000305175781,87.30000305175781,95.69999694824219,86.69999694824219,95.0999984741211,310074
2026-04-24,85.80000305175781,85.80000305175781,87.4000015258789,84.9000015258789,87.4000015258789,71000
2026-04-27,79.30000305175781,79.30000305175781,84.4000015258789,78.5999984741211,84.4000015258789,42010
2026-04-28,81.80000305175781,81.80000305175781,84.30000305175781,81.69999694824219,82.0,28001
2026-04-29,80.0,80.0,81.80000305175781,79.5999984741211,81.69999694824219,9050
2026-04-30,78.0999984741211,78.0999984741211,79.30000305175781,77.69999694824219,77.80000305175781,32001
2026-05-04,79.9000015258789,79.9000015258789,82.5999984741211,79.9000015258789,80.4000015258789,17000
2026-05-05,80.0999984741211,80.0999984741211,80.0999984741211,77.9000015258789,79.30000305175781,25000
2026-05-06,79.5,79.5,80.19999694824219,77.4000015258789,80.19999694824219,46300
2026-05-07,79.9000015258789,79.9000015258789,81.19999694824219,79.19999694824219,81.0,31000
2026-05-08,79.69999694824219,79.69999694824219,82.0,77.4000015258789,79.9000015258789,40020
2026-05-11,80.69999694824219,80.69999694824219,84.0,80.19999694824219,80.19999694824219,38000
2026-05-12,80.69999694824219,80.69999694824219,81.5,78.0999984741211,81.5,28150
2026-05-13,79.5,79.5,80.5,79.0,80.5,14000
2026-05-14,78.5999984741211,78.5999984741211,80.80000305175781,78.0999984741211,80.80000305175781,20000
2026-05-15,78.19999694824219,78.19999694824219,80.0,78.19999694824219,78.30000305175781,20000
2026-05-18,79.80000305175781,79.80000305175781,80.5,78.30000305175781,78.30000305175781,11000
2026-05-19,77.9000015258789,77.9000015258789,81.19999694824219,77.9000015258789,81.19999694824219,23069
2026-05-20,76.69999694824219,76.69999694824219,79.5999984741211,76.69999694824219,77.0,13005
2026-05-21,78.0,78.0,79.69999694824219,74.0999984741211,74.0999984741211,25033
2026-05-22,79.80000305175781,79.80000305175781,80.19999694824219,78.19999694824219,78.19999694824219,21000
2026-05-25,80.5,80.5,81.69999694824219,79.0,80.0,48013
2026-05-26,81.0999984741211,81.0999984741211,85.9000015258789,80.5,81.0,72000
2026-05-27,79.0,79.0,82.69999694824219,79.0,82.69999694824219,34382
2026-05-28,77.4000015258789,77.4000015258789,80.5,77.4000015258789,80.5,13310
2026-05-29,80.19999694824219,80.19999694824219,81.9000015258789,78.80000305175781,80.0,40714
2026-06-01,87.80000305175781,87.80000305175781,88.0999984741211,80.19999694824219,80.19999694824219,102462
2026-06-02,85.0,85.0,88.5,84.5999984741211,88.5,60043
2026-06-03,83.9000015258789,83.9000015258789,85.5,82.19999694824219,84.5,41317
2026-06-04,82.0,82.0,82.9000015258789,81.69999694824219,82.0,21003
2026-06-05,81.19999694824219,81.19999694824219,82.0,81.19999694824219,81.69999694824219,21000
2026-06-08,75.30000305175781,75.30000305175781,81.19999694824219,74.5,81.19999694824219,19007
2026-06-09,76.5,76.5,77.9000015258789,76.5,77.0999984741211,12005
2026-06-10,74.0999984741211,74.0999984741211,76.5,74.0999984741211,76.5,10000
2026-06-11,72.9000015258789,72.9000015258789,74.5,71.9000015258789,74.0999984741211,23000
2026-06-12,72.0,72.0,75.5999984741211,71.4000015258789,72.0,16101
2026-06-15,72.30000305175781,72.30000305175781,72.30000305175781,71.0,71.0,10000
2026-06-16,69.5999984741211,69.5999984741211,71.80000305175781,69.5999984741211,69.9000015258789,16000
2026-06-17,71.69999694824219,71.69999694824219,72.5,70.30000305175781,72.0,32001
2026-06-18,71.9000015258789,71.9000015258789,72.0,70.80000305175781,71.69999694824219,10001
2026-06-22,72.0,72.0,72.4000015258789,71.0,71.0,25000
2026-06-23,70.69999694824219,70.69999694824219,71.0,70.0999984741211,71.0,8414
2026-06-24,69.69999694824219,69.69999694824219,71.5999984741211,69.5,69.5,11000
2026-06-25,68.80000305175781,68.80000305175781,71.9000015258789,68.80000305175781,71.9000015258789,22144
2026-06-26,68.4000015258789,68.4000015258789,68.9000015258789,68.0,68.0,22000
2026-06-29,68.0,68.0,68.80000305175781,67.19999694824219,68.69999694824219,8000
2026-06-30,68.0,68.0,68.0,68.0,68.0,0
2026-07-01,68.0,68.0,68.80000305175781,68.0,68.69999694824219,10001
2026-07-02,68.4000015258789,68.4000015258789,70.0,68.0,68.19999694824219,12171
2026-07-03,68.19999694824219,68.19999694824219,68.19999694824219,64.5999984741211,64.5999984741211,17000
2026-07-06,68.0,68.0,68.19999694824219,67.5,68.19999694824219,9000
2026-07-07,67.0,67.0,69.30000305175781,67.0,69.30000305175781,14000
2026-07-08,67.19999694824219,67.19999694824219,69.0999984741211,67.0,67.19999694824219,15000
2026-07-09,67.19999694824219,67.19999694824219,67.19999694824219,67.19999694824219,67.19999694824219,0
2026-07-10,67.19999694824219,67.19999694824219,67.19999694824219,67.19999694824219,67.19999694824219,0
2026-07-13,67.69999694824219,67.69999694824219,68.9000015258789,67.5999984741211,67.5999984741211,11000
2026-07-14,66.30000305175781,66.30000305175781,66.30000305175781,66.0,66.0,14001
2026-07-15,67.4000015258789,67.4000015258789,67.4000015258789,66.4000015258789,66.4000015258789,3243
2026-07-16,69.80000305175781,69.80000305175781,70.5999984741211,68.30000305175781,68.30000305175781,11000
2026-07-17,68.5999984741211,68.5999984741211,69.5,68.4000015258789,69.5,16000
2026-07-20,66.5999984741211,66.5999984741211,67.0,66.19999694824219,67.0,8004
2026-07-21,66.4000015258789,66.4000015258789,66.80000305175781,66.4000015258789,66.80000305175781,6065
2026-07-22,67.4000015258789,67.4000015258789,67.4000015258789,67.4000015258789,67.4000015258789,2000
2026-07-23,67.4000015258789,67.4000015258789,67.4000015258789,67.4000015258789,67.4000015258789,0
2026-07-24,65.4000015258789,65.4000015258789,65.5999984741211,65.0,65.30000305175781,9000
2026-07-27,65.4000015258789,65.4000015258789,65.4000015258789,65.4000015258789,65.4000015258789,5000
2026-07-28,65.4000015258789,65.4000015258789,65.4000015258789,65.4000015258789,65.4000015258789,1000
2026-07-29,65.19999694824219,65.19999694824219,65.4000015258789,65.19999694824219,65.4000015258789,12000
2026-07-30,65.0,65.0,65.0,63.5,63.5,13100
2026-07-31,66.5,66.5,69.19999694824219,66.0,66.0,11020
2026-08-03,64.69999694824219,64.69999694824219,66.5999984741211,64.5,66.5,24058
2026-08-04,65.30000305175781,65.30000305175781,66.9000015258789,65.30000305175781,66.9000015258789,5000
2026-08-05,66.30000305175781,66.30000305175781,67.80000305175781,65.5,66.30000305175781,9000
2026-08-06,65.69999694824219,65.69999694824219,66.0,63.599998474121094,65.5,6005
2026-08-07,66.5999984741211,66.5999984741211,67.19999694824219,66.0,67.19999694824219,36000
2026-08-10,68.2,68.2,68.7,67.5,67.5,13226
2026-08-11,69.3,69.3,70.7,66.0,66.0,34072
2026-08-12,70.0,70.0,71.7,69.6,70.2,14378
2026-08-13,77.0,77.0,77.0,77.0,77.0,49341
