Date,Adj Close,Close,High,Low,Open,Volume
2016-08-12,17.7,17.7,17.75,17.55,17.7,63109
2016-08-15,17.7,17.7,17.75,17.55,17.7,63109
2016-08-16,17.7,17.7,17.75,17.55,17.7,63109
2016-08-17,17.7,17.7,17.75,17.55,17.7,63109
2016-08-18,17.7,17.7,17.75,17.55,17.7,63109
2016-08-19,17.7,17.7,17.75,17.55,17.7,63109
2016-08-22,17.7,17.7,17.75,17.55,17.7,63109
2016-08-23,17.7,17.7,17.75,17.55,17.7,63109
2016-08-24,17.7,17.7,17.75,17.55,17.7,63109
2016-08-25,17.7,17.7,17.75,17.55,17.7,63109
2016-08-26,17.7,17.7,17.75,17.55,17.7,63109
2016-08-29,17.7,17.7,17.75,17.55,17.7,63109
2016-08-30,17.7,17.7,17.75,17.55,17.7,63109
2016-08-31,17.7,17.7,17.75,17.55,17.7,63109
2016-09-01,17.7,17.7,17.75,17.55,17.7,63109
2016-09-02,17.7,17.7,17.75,17.55,17.7,63109
2016-09-05,17.7,17.7,17.75,17.55,17.7,63109
2016-09-06,17.7,17.7,17.75,17.55,17.7,63109
2016-09-07,17.7,17.7,17.75,17.55,17.7,63109
2016-09-08,17.7,17.7,17.75,17.55,17.7,63109
2016-09-09,17.7,17.7,17.75,17.55,17.7,63109
2016-09-12,17.7,17.7,17.75,17.55,17.7,63109
2016-09-13,17.7,17.7,17.75,17.55,17.7,63109
2016-09-14,17.7,17.7,17.75,17.55,17.7,63109
2016-09-15,17.7,17.7,17.75,17.55,17.7,63109
2016-09-16,17.7,17.7,17.75,17.55,17.7,63109
2016-09-19,17.7,17.7,17.75,17.55,17.7,63109
2016-09-20,17.7,17.7,17.75,17.55,17.7,63109
2016-09-21,17.7,17.7,17.75,17.55,17.7,63109
2016-09-22,17.7,17.7,17.75,17.55,17.7,63109
2016-09-23,17.7,17.7,17.75,17.55,17.7,63109
2016-09-26,17.7,17.7,17.75,17.55,17.7,63109
2016-09-27,17.7,17.7,17.75,17.55,17.7,63109
2016-09-28,17.7,17.7,17.75,17.55,17.7,63109
2016-09-29,17.7,17.7,17.75,17.55,17.7,63109
2016-09-30,17.7,17.7,17.75,17.55,17.7,63109
2016-10-03,17.7,17.7,17.75,17.55,17.7,63109
2016-10-04,17.7,17.7,17.75,17.55,17.7,63109
2016-10-05,17.7,17.7,17.75,17.55,17.7,63109
2016-10-06,17.7,17.7,17.75,17.55,17.7,63109
2016-10-07,17.7,17.7,17.75,17.55,17.7,63109
2016-10-10,17.7,17.7,17.75,17.55,17.7,63109
2016-10-11,17.7,17.7,17.75,17.55,17.7,63109
2016-10-12,17.7,17.7,17.75,17.55,17.7,63109
2016-10-13,17.7,17.7,17.75,17.55,17.7,63109
2016-10-14,17.7,17.7,17.75,17.55,17.7,63109
2016-10-17,17.7,17.7,17.75,17.55,17.7,63109
2016-10-18,17.7,17.7,17.75,17.55,17.7,63109
2016-10-19,17.7,17.7,17.75,17.55,17.7,63109
2016-10-20,17.7,17.7,17.75,17.55,17.7,63109
2016-10-21,17.7,17.7,17.75,17.55,17.7,63109
2016-10-24,17.7,17.7,17.75,17.55,17.7,63109
2016-10-25,17.7,17.7,17.75,17.55,17.7,63109
2016-10-26,17.7,17.7,17.75,17.55,17.7,63109
2016-10-27,17.7,17.7,17.75,17.55,17.7,63109
2016-10-28,17.7,17.7,17.75,17.55,17.7,63109
2016-10-31,17.7,17.7,17.75,17.55,17.7,63109
2016-11-01,17.7,17.7,17.75,17.55,17.7,63109
2016-11-02,17.7,17.7,17.75,17.55,17.7,63109
2016-11-03,17.7,17.7,17.75,17.55,17.7,63109
2016-11-04,17.7,17.7,17.75,17.55,17.7,63109
2016-11-07,17.7,17.7,17.75,17.55,17.7,63109
2016-11-08,17.7,17.7,17.75,17.55,17.7,63109
2016-11-09,17.7,17.7,17.75,17.55,17.7,63109
2016-11-10,17.7,17.7,17.75,17.55,17.7,63109
2016-11-11,17.7,17.7,17.75,17.55,17.7,63109
2016-11-14,17.7,17.7,17.75,17.55,17.7,63109
2016-11-15,17.7,17.7,17.75,17.55,17.7,63109
2016-11-16,17.7,17.7,17.75,17.55,17.7,63109
2016-11-17,17.7,17.7,17.75,17.55,17.7,63109
2016-11-18,17.7,17.7,17.75,17.55,17.7,63109
2016-11-21,17.7,17.7,17.75,17.55,17.7,63109
2016-11-22,17.7,17.7,17.75,17.55,17.7,63109
2016-11-23,17.7,17.7,17.75,17.55,17.7,63109
2016-11-24,17.7,17.7,17.75,17.55,17.7,63109
2016-11-25,17.7,17.7,17.75,17.55,17.7,63109
2016-11-28,17.7,17.7,17.75,17.55,17.7,63109
2016-11-29,17.7,17.7,17.75,17.55,17.7,63109
2016-11-30,17.7,17.7,17.75,17.55,17.7,63109
2016-12-01,17.7,17.7,17.75,17.55,17.7,63109
2016-12-02,17.7,17.7,17.75,17.55,17.7,63109
2016-12-05,17.7,17.7,17.75,17.55,17.7,63109
2016-12-06,17.7,17.7,17.75,17.55,17.7,63109
2016-12-07,17.7,17.7,17.75,17.55,17.7,63109
2016-12-08,17.7,17.7,17.75,17.55,17.7,63109
2016-12-09,17.7,17.7,17.75,17.55,17.7,63109
2016-12-12,17.7,17.7,17.75,17.55,17.7,63109
2016-12-13,17.7,17.7,17.75,17.55,17.7,63109
2016-12-14,17.7,17.7,17.75,17.55,17.7,63109
2016-12-15,17.7,17.7,17.75,17.55,17.7,63109
2016-12-16,17.7,17.7,17.75,17.55,17.7,63109
2016-12-19,17.7,17.7,17.75,17.55,17.7,63109
2016-12-20,17.7,17.7,17.75,17.55,17.7,63109
2016-12-21,17.7,17.7,17.75,17.55,17.7,63109
2016-12-22,17.7,17.7,17.75,17.55,17.7,63109
2016-12-23,17.7,17.7,17.75,17.55,17.7,63109
2016-12-26,17.7,17.7,17.75,17.55,17.7,63109
2016-12-27,17.7,17.7,17.75,17.55,17.7,63109
2016-12-28,17.7,17.7,17.75,17.55,17.7,63109
2016-12-29,17.7,17.7,17.75,17.55,17.7,63109
2016-12-30,17.7,17.7,17.75,17.55,17.7,63109
2017-01-02,17.7,17.7,17.75,17.55,17.7,63109
2017-01-03,17.7,17.7,17.75,17.55,17.7,63109
2017-01-04,17.7,17.7,17.75,17.55,17.7,63109
2017-01-05,17.7,17.7,17.75,17.55,17.7,63109
2017-01-06,17.7,17.7,17.75,17.55,17.7,63109
2017-01-09,17.7,17.7,17.75,17.55,17.7,63109
2017-01-10,17.7,17.7,17.75,17.55,17.7,63109
2017-01-11,17.7,17.7,17.75,17.55,17.7,63109
2017-01-12,17.7,17.7,17.75,17.55,17.7,63109
2017-01-13,17.7,17.7,17.75,17.55,17.7,63109
2017-01-16,17.7,17.7,17.75,17.55,17.7,63109
2017-01-17,17.7,17.7,17.75,17.55,17.7,63109
2017-01-18,17.7,17.7,17.75,17.55,17.7,63109
2017-01-19,17.7,17.7,17.75,17.55,17.7,63109
2017-01-20,17.7,17.7,17.75,17.55,17.7,63109
2017-01-23,17.7,17.7,17.75,17.55,17.7,63109
2017-01-24,17.7,17.7,17.75,17.55,17.7,63109
2017-01-25,17.7,17.7,17.75,17.55,17.7,63109
2017-01-26,17.7,17.7,17.75,17.55,17.7,63109
2017-01-27,17.7,17.7,17.75,17.55,17.7,63109
2017-01-30,17.7,17.7,17.75,17.55,17.7,63109
2017-01-31,17.7,17.7,17.75,17.55,17.7,63109
2017-02-01,17.7,17.7,17.75,17.55,17.7,63109
2017-02-02,17.7,17.7,17.75,17.55,17.7,63109
2017-02-03,17.7,17.7,17.75,17.55,17.7,63109
2017-02-06,17.7,17.7,17.75,17.55,17.7,63109
2017-02-07,17.7,17.7,17.75,17.55,17.7,63109
2017-02-08,17.7,17.7,17.75,17.55,17.7,63109
2017-02-09,17.7,17.7,17.75,17.55,17.7,63109
2017-02-10,17.7,17.7,17.75,17.55,17.7,63109
2017-02-13,17.7,17.7,17.75,17.55,17.7,63109
2017-02-14,17.7,17.7,17.75,17.55,17.7,63109
2017-02-15,17.7,17.7,17.75,17.55,17.7,63109
2017-02-16,17.7,17.7,17.75,17.55,17.7,63109
2017-02-17,17.7,17.7,17.75,17.55,17.7,63109
2017-02-20,17.7,17.7,17.75,17.55,17.7,63109
2017-02-21,17.7,17.7,17.75,17.55,17.7,63109
2017-02-22,17.7,17.7,17.75,17.55,17.7,63109
2017-02-23,17.7,17.7,17.75,17.55,17.7,63109
2017-02-24,17.7,17.7,17.75,17.55,17.7,63109
2017-02-27,17.7,17.7,17.75,17.55,17.7,63109
2017-02-28,17.7,17.7,17.75,17.55,17.7,63109
2017-03-01,17.7,17.7,17.75,17.55,17.7,63109
2017-03-02,17.7,17.7,17.75,17.55,17.7,63109
2017-03-03,17.7,17.7,17.75,17.55,17.7,63109
2017-03-06,17.7,17.7,17.75,17.55,17.7,63109
2017-03-07,17.7,17.7,17.75,17.55,17.7,63109
2017-03-08,17.7,17.7,17.75,17.55,17.7,63109
2017-03-09,17.7,17.7,17.75,17.55,17.7,63109
2017-03-10,17.7,17.7,17.75,17.55,17.7,63109
2017-03-13,17.7,17.7,17.75,17.55,17.7,63109
2017-03-14,17.7,17.7,17.75,17.55,17.7,63109
2017-03-15,17.7,17.7,17.75,17.55,17.7,63109
2017-03-16,17.7,17.7,17.75,17.55,17.7,63109
2017-03-17,17.7,17.7,17.75,17.55,17.7,63109
2017-03-20,17.7,17.7,17.75,17.55,17.7,63109
2017-03-21,17.7,17.7,17.75,17.55,17.7,63109
2017-03-22,17.7,17.7,17.75,17.55,17.7,63109
2017-03-23,17.7,17.7,17.75,17.55,17.7,63109
2017-03-24,17.7,17.7,17.75,17.55,17.7,63109
2017-03-27,17.7,17.7,17.75,17.55,17.7,63109
2017-03-28,17.7,17.7,17.75,17.55,17.7,63109
2017-03-29,17.7,17.7,17.75,17.55,17.7,63109
2017-03-30,17.7,17.7,17.75,17.55,17.7,63109
2017-03-31,17.7,17.7,17.75,17.55,17.7,63109
2017-04-03,17.7,17.7,17.75,17.55,17.7,63109
2017-04-04,17.7,17.7,17.75,17.55,17.7,63109
2017-04-05,17.7,17.7,17.75,17.55,17.7,63109
2017-04-06,17.7,17.7,17.75,17.55,17.7,63109
2017-04-07,17.7,17.7,17.75,17.55,17.7,63109
2017-04-10,17.7,17.7,17.75,17.55,17.7,63109
2017-04-11,17.7,17.7,17.75,17.55,17.7,63109
2017-04-12,17.7,17.7,17.75,17.55,17.7,63109
2017-04-13,17.7,17.7,17.75,17.55,17.7,63109
2017-04-14,17.7,17.7,17.75,17.55,17.7,63109
2017-04-17,17.7,17.7,17.75,17.55,17.7,63109
2017-04-18,17.7,17.7,17.75,17.55,17.7,63109
2017-04-19,17.7,17.7,17.75,17.55,17.7,63109
2017-04-21,17.7,17.7,17.75,17.55,17.7,63109
2017-04-24,17.7,17.7,17.75,17.55,17.7,63109
2017-04-25,17.7,17.7,17.75,17.55,17.7,63109
2017-04-26,17.7,17.7,17.75,17.55,17.7,63109
2017-04-27,17.7,17.7,17.75,17.55,17.7,63109
2017-04-28,17.7,17.7,17.75,17.55,17.7,63109
2017-05-01,17.7,17.7,17.75,17.55,17.7,63109
2017-05-02,17.7,17.7,17.75,17.55,17.7,63109
2017-05-03,17.7,17.7,17.75,17.55,17.7,63109
2017-05-04,17.7,17.7,17.75,17.55,17.7,63109
2017-05-05,17.7,17.7,17.75,17.55,17.7,63109
2017-05-08,17.7,17.7,17.75,17.55,17.7,63109
2017-05-09,17.7,17.7,17.75,17.55,17.7,63109
2017-05-10,17.7,17.7,17.75,17.55,17.7,63109
2017-05-11,17.7,17.7,17.75,17.55,17.7,63109
2017-05-12,17.7,17.7,17.75,17.55,17.7,63109
2017-05-15,17.7,17.7,17.75,17.55,17.7,63109
2017-05-16,17.7,17.7,17.75,17.55,17.7,63109
2017-05-17,17.7,17.7,17.75,17.55,17.7,63109
2017-05-18,17.7,17.7,17.75,17.55,17.7,63109
2017-05-19,17.7,17.7,17.75,17.55,17.7,63109
2017-05-22,17.7,17.7,17.75,17.55,17.7,63109
2017-05-23,17.7,17.7,17.75,17.55,17.7,63109
2017-05-24,17.7,17.7,17.75,17.55,17.7,63109
2017-05-25,17.7,17.7,17.75,17.55,17.7,63109
2017-05-26,17.7,17.7,17.75,17.55,17.7,63109
2017-05-29,17.7,17.7,17.75,17.55,17.7,63109
2017-05-30,17.7,17.7,17.75,17.55,17.7,63109
2017-05-31,17.7,17.7,17.75,17.55,17.7,63109
2017-06-01,17.7,17.7,17.75,17.55,17.7,63109
2017-06-02,17.7,17.7,17.75,17.55,17.7,63109
2017-06-05,17.7,17.7,17.75,17.55,17.7,63109
2017-06-06,17.7,17.7,17.75,17.55,17.7,63109
2017-06-07,17.7,17.7,17.75,17.55,17.7,63109
2017-06-08,17.7,17.7,17.75,17.55,17.7,63109
2017-06-09,17.7,17.7,17.75,17.55,17.7,63109
2017-06-12,17.7,17.7,17.75,17.55,17.7,63109
2017-06-13,17.7,17.7,17.75,17.55,17.7,63109
2017-06-14,17.7,17.7,17.75,17.55,17.7,63109
2017-06-15,17.7,17.7,17.75,17.55,17.7,63109
2017-06-16,17.7,17.7,17.75,17.55,17.7,63109
2017-06-19,17.7,17.7,17.75,17.55,17.7,63109
2017-06-20,17.7,17.7,17.75,17.55,17.7,63109
2017-06-21,17.7,17.7,17.75,17.55,17.7,63109
2017-06-22,17.7,17.7,17.75,17.55,17.7,63109
2017-06-23,17.7,17.7,17.75,17.55,17.7,63109
2017-06-26,17.7,17.7,17.75,17.55,17.7,63109
2017-06-27,17.7,17.7,17.75,17.55,17.7,63109
2017-06-28,17.7,17.7,17.75,17.55,17.7,63109
2017-06-29,17.7,17.7,17.75,17.55,17.7,63109
2017-06-30,17.7,17.7,17.75,17.55,17.7,63109
2017-07-03,17.7,17.7,17.75,17.55,17.7,63109
2017-07-04,17.7,17.7,17.75,17.55,17.7,63109
2017-07-05,17.7,17.7,17.75,17.55,17.7,63109
2017-07-06,17.7,17.7,17.75,17.55,17.7,63109
2017-07-07,17.7,17.7,17.75,17.55,17.7,63109
2017-07-10,17.7,17.7,17.75,17.55,17.7,63109
2017-07-11,17.7,17.7,17.75,17.55,17.7,63109
2017-07-12,17.7,17.7,17.75,17.55,17.7,63109
2017-07-13,17.7,17.7,17.75,17.55,17.7,63109
2017-07-14,17.7,17.7,17.75,17.55,17.7,63109
2017-07-17,17.7,17.7,17.75,17.55,17.7,63109
2017-07-18,17.7,17.7,17.75,17.55,17.7,63109
2017-07-19,17.7,17.7,17.75,17.55,17.7,63109
2017-07-20,17.7,17.7,17.75,17.55,17.7,63109
2017-07-21,17.7,17.7,17.75,17.55,17.7,63109
2017-07-24,17.7,17.7,17.75,17.55,17.7,63109
2017-07-25,17.7,17.7,17.75,17.55,17.7,63109
2017-07-26,17.7,17.7,17.75,17.55,17.7,63109
2017-07-27,17.7,17.7,17.75,17.55,17.7,63109
2017-07-28,17.7,17.7,17.75,17.55,17.7,63109
2017-07-31,17.7,17.7,17.75,17.55,17.7,63109
2017-08-01,17.7,17.7,17.75,17.55,17.7,63109
2017-08-02,17.7,17.7,17.75,17.55,17.7,63109
2017-08-03,17.7,17.7,17.75,17.55,17.7,63109
2017-08-04,17.7,17.7,17.75,17.55,17.7,63109
2017-08-07,17.7,17.7,17.75,17.55,17.7,63109
2017-08-08,17.7,17.7,17.75,17.55,17.7,63109
2017-08-09,17.7,17.7,17.75,17.55,17.7,63109
2017-08-10,17.7,17.7,17.75,17.55,17.7,63109
2017-08-11,17.7,17.7,17.75,17.55,17.7,63109
2017-08-14,17.7,17.7,17.75,17.55,17.7,63109
2017-08-15,17.7,17.7,17.75,17.55,17.7,63109
2017-08-16,17.7,17.7,17.75,17.55,17.7,63109
2017-08-17,17.7,17.7,17.75,17.55,17.7,63109
2017-08-18,17.7,17.7,17.75,17.55,17.7,63109
2017-08-21,17.7,17.7,17.75,17.55,17.7,63109
2017-08-22,17.7,17.7,17.75,17.55,17.7,63109
2017-08-23,17.7,17.7,17.75,17.55,17.7,63109
2017-08-24,17.7,17.7,17.75,17.55,17.7,63109
2017-08-25,17.7,17.7,17.75,17.55,17.7,63109
2017-08-28,17.7,17.7,17.75,17.55,17.7,63109
2017-08-29,17.7,17.7,17.75,17.55,17.7,63109
2017-08-30,17.7,17.7,17.75,17.55,17.7,63109
2017-08-31,17.7,17.7,17.75,17.55,17.7,63109
2017-09-01,17.7,17.7,17.75,17.55,17.7,63109
2017-09-04,17.7,17.7,17.75,17.55,17.7,63109
2017-09-05,17.7,17.7,17.75,17.55,17.7,63109
2017-09-06,17.7,17.7,17.75,17.55,17.7,63109
2017-09-07,17.7,17.7,17.75,17.55,17.7,63109
2017-09-08,17.7,17.7,17.75,17.55,17.7,63109
2017-09-11,17.7,17.7,17.75,17.55,17.7,63109
2017-09-12,17.7,17.7,17.75,17.55,17.7,63109
2017-09-13,17.7,17.7,17.75,17.55,17.7,63109
2017-09-14,17.7,17.7,17.75,17.55,17.7,63109
2017-09-15,17.7,17.7,17.75,17.55,17.7,63109
2017-09-18,17.7,17.7,17.75,17.55,17.7,63109
2017-09-19,17.7,17.7,17.75,17.55,17.7,63109
2017-09-20,17.7,17.7,17.75,17.55,17.7,63109
2017-09-21,17.7,17.7,17.75,17.55,17.7,63109
2017-09-22,17.7,17.7,17.75,17.55,17.7,63109
2017-09-25,17.7,17.7,17.75,17.55,17.7,63109
2017-09-26,17.7,17.7,17.75,17.55,17.7,63109
2017-09-27,17.7,17.7,17.75,17.55,17.7,63109
2017-09-28,17.7,17.7,17.75,17.55,17.7,63109
2017-09-29,17.7,17.7,17.75,17.55,17.7,63109
2017-10-02,17.7,17.7,17.75,17.55,17.7,63109
2017-10-03,17.7,17.7,17.75,17.55,17.7,63109
2017-10-04,17.7,17.7,17.75,17.55,17.7,63109
2017-10-05,17.7,17.7,17.75,17.55,17.7,63109
2017-10-06,17.7,17.7,17.75,17.55,17.7,63109
2017-10-09,17.7,17.7,17.75,17.55,17.7,63109
2017-10-10,17.7,17.7,17.75,17.55,17.7,63109
2017-10-11,17.7,17.7,17.75,17.55,17.7,63109
2017-10-12,17.7,17.7,17.75,17.55,17.7,63109
2017-10-13,17.7,17.7,17.75,17.55,17.7,63109
2017-10-16,17.7,17.7,17.75,17.55,17.7,63109
2017-10-17,17.7,17.7,17.75,17.55,17.7,63109
2017-10-18,17.7,17.7,17.75,17.55,17.7,63109
2017-10-19,17.7,17.7,17.75,17.55,17.7,63109
2017-10-20,17.7,17.7,17.75,17.55,17.7,63109
2017-10-23,17.7,17.7,17.75,17.55,17.7,63109
2017-10-24,17.7,17.7,17.75,17.55,17.7,63109
2017-10-25,17.7,17.7,17.75,17.55,17.7,63109
2017-10-26,17.7,17.7,17.75,17.55,17.7,63109
2017-10-27,17.7,17.7,17.75,17.55,17.7,63109
2017-10-30,17.7,17.7,17.75,17.55,17.7,63109
2017-10-31,17.7,17.7,17.75,17.55,17.7,63109
2017-11-01,17.7,17.7,17.75,17.55,17.7,63109
2017-11-02,17.7,17.7,17.75,17.55,17.7,63109
2017-11-03,17.7,17.7,17.75,17.55,17.7,63109
2017-11-06,17.7,17.7,17.75,17.55,17.7,63109
2017-11-07,17.7,17.7,17.75,17.55,17.7,63109
2017-11-08,17.7,17.7,17.75,17.55,17.7,63109
2017-11-09,17.7,17.7,17.75,17.55,17.7,63109
2017-11-10,17.7,17.7,17.75,17.55,17.7,63109
2017-11-13,17.7,17.7,17.75,17.55,17.7,63109
2017-11-14,17.7,17.7,17.75,17.55,17.7,63109
2017-11-15,17.7,17.7,17.75,17.55,17.7,63109
2017-11-16,17.7,17.7,17.75,17.55,17.7,63109
2017-11-17,17.7,17.7,17.75,17.55,17.7,63109
2017-11-20,17.7,17.7,17.75,17.55,17.7,63109
2017-11-21,17.7,17.7,17.75,17.55,17.7,63109
2017-11-22,17.7,17.7,17.75,17.55,17.7,63109
2017-11-23,17.7,17.7,17.75,17.55,17.7,63109
2017-11-24,17.7,17.7,17.75,17.55,17.7,63109
2017-11-27,17.7,17.7,17.75,17.55,17.7,63109
2017-11-28,17.7,17.7,17.75,17.55,17.7,63109
2017-11-29,17.7,17.7,17.75,17.55,17.7,63109
2017-11-30,17.7,17.7,17.75,17.55,17.7,63109
2017-12-01,17.7,17.7,17.75,17.55,17.7,63109
2017-12-04,17.7,17.7,17.75,17.55,17.7,63109
2017-12-05,17.7,17.7,17.75,17.55,17.7,63109
2017-12-06,17.7,17.7,17.75,17.55,17.7,63109
2017-12-07,17.7,17.7,17.75,17.55,17.7,63109
2017-12-08,17.7,17.7,17.75,17.55,17.7,63109
2017-12-11,17.7,17.7,17.75,17.55,17.7,63109
2017-12-12,17.7,17.7,17.75,17.55,17.7,63109
2017-12-13,17.7,17.7,17.75,17.55,17.7,63109
2017-12-14,17.7,17.7,17.75,17.55,17.7,63109
2017-12-15,17.7,17.7,17.75,17.55,17.7,63109
2017-12-18,17.7,17.7,17.75,17.55,17.7,63109
2017-12-19,17.7,17.7,17.75,17.55,17.7,63109
2017-12-20,17.7,17.7,17.75,17.55,17.7,63109
2017-12-21,17.7,17.7,17.75,17.55,17.7,63109
2017-12-22,17.7,17.7,17.75,17.55,17.7,63109
2017-12-25,17.7,17.7,17.75,17.55,17.7,63109
2017-12-26,17.7,17.7,17.75,17.55,17.7,63109
2017-12-27,17.7,17.7,17.75,17.55,17.7,63109
2017-12-28,17.7,17.7,17.75,17.55,17.7,63109
2017-12-29,17.7,17.7,17.75,17.55,17.7,63109
2018-01-01,17.7,17.7,17.75,17.55,17.7,63109
2018-01-02,17.7,17.7,17.75,17.55,17.7,63109
2018-01-03,17.7,17.7,17.75,17.55,17.7,63109
2018-01-04,17.7,17.7,17.75,17.55,17.7,63109
2018-01-05,17.7,17.7,17.75,17.55,17.7,63109
2018-01-08,17.7,17.7,17.75,17.55,17.7,63109
2018-01-09,17.7,17.7,17.75,17.55,17.7,63109
2018-01-10,17.7,17.7,17.75,17.55,17.7,63109
2018-01-11,17.7,17.7,17.75,17.55,17.7,63109
2018-01-12,17.7,17.7,17.75,17.55,17.7,63109
2018-01-15,17.7,17.7,17.75,17.55,17.7,63109
2018-01-16,17.7,17.7,17.75,17.55,17.7,63109
2018-01-17,17.7,17.7,17.75,17.55,17.7,63109
2018-01-18,17.7,17.7,17.75,17.55,17.7,63109
2018-01-19,17.7,17.7,17.75,17.55,17.7,63109
2018-01-22,17.7,17.7,17.75,17.55,17.7,63109
2018-01-23,17.7,17.7,17.75,17.55,17.7,63109
2018-01-24,17.7,17.7,17.75,17.55,17.7,63109
2018-01-25,17.7,17.7,17.75,17.55,17.7,63109
2018-01-26,17.7,17.7,17.75,17.55,17.7,63109
2018-01-29,17.7,17.7,17.75,17.55,17.7,63109
2018-01-30,17.7,17.7,17.75,17.55,17.7,63109
2018-01-31,17.7,17.7,17.75,17.55,17.7,63109
2018-02-01,17.7,17.7,17.75,17.55,17.7,63109
2018-02-02,17.7,17.7,17.75,17.55,17.7,63109
2018-02-05,17.7,17.7,17.75,17.55,17.7,63109
2018-02-06,17.7,17.7,17.75,17.55,17.7,63109
2018-02-07,17.7,17.7,17.75,17.55,17.7,63109
2018-02-08,17.7,17.7,17.75,17.55,17.7,63109
2018-02-09,17.7,17.7,17.75,17.55,17.7,63109
2018-02-12,17.7,17.7,17.75,17.55,17.7,63109
2018-02-13,17.7,17.7,17.75,17.55,17.7,63109
2018-02-14,17.7,17.7,17.75,17.55,17.7,63109
2018-02-15,17.7,17.7,17.75,17.55,17.7,63109
2018-02-16,17.7,17.7,17.75,17.55,17.7,63109
2018-02-19,17.7,17.7,17.75,17.55,17.7,63109
2018-02-20,17.7,17.7,17.75,17.55,17.7,63109
2018-02-21,17.7,17.7,17.75,17.55,17.7,63109
2018-02-22,17.7,17.7,17.75,17.55,17.7,63109
2018-02-23,17.7,17.7,17.75,17.55,17.7,63109
2018-02-26,17.7,17.7,17.75,17.55,17.7,63109
2018-02-27,17.7,17.7,17.75,17.55,17.7,63109
2018-02-28,17.7,17.7,17.75,17.55,17.7,63109
2018-03-01,17.7,17.7,17.75,17.55,17.7,63109
2018-03-02,17.7,17.7,17.75,17.55,17.7,63109
2018-03-05,17.7,17.7,17.75,17.55,17.7,63109
2018-03-06,17.7,17.7,17.75,17.55,17.7,63109
2018-03-07,17.7,17.7,17.75,17.55,17.7,63109
2018-03-08,17.7,17.7,17.75,17.55,17.7,63109
2018-03-09,17.7,17.7,17.75,17.55,17.7,63109
2018-03-12,17.7,17.7,17.75,17.55,17.7,63109
2018-03-13,17.7,17.7,17.75,17.55,17.7,63109
2018-03-14,17.7,17.7,17.75,17.55,17.7,63109
2018-03-15,17.7,17.7,17.75,17.55,17.7,63109
2018-03-16,17.7,17.7,17.75,17.55,17.7,63109
2018-03-19,17.7,17.7,17.75,17.55,17.7,63109
2018-03-20,17.7,17.7,17.75,17.55,17.7,63109
2018-03-21,17.7,17.7,17.75,17.55,17.7,63109
2018-03-22,17.7,17.7,17.75,17.55,17.7,63109
2018-03-23,17.7,17.7,17.75,17.55,17.7,63109
2018-03-26,17.7,17.7,17.75,17.55,17.7,63109
2018-03-27,17.7,17.7,17.75,17.55,17.7,63109
2018-03-28,17.7,17.7,17.75,17.55,17.7,63109
2018-03-29,17.7,17.7,17.75,17.55,17.7,63109
2018-03-30,17.7,17.7,17.75,17.55,17.7,63109
2018-04-02,17.7,17.7,17.75,17.55,17.7,63109
2018-04-03,17.7,17.7,17.75,17.55,17.7,63109
2018-04-04,17.7,17.7,17.75,17.55,17.7,63109
2018-04-05,17.7,17.7,17.75,17.55,17.7,63109
2018-04-06,17.7,17.7,17.75,17.55,17.7,63109
2018-04-09,17.7,17.7,17.75,17.55,17.7,63109
2018-04-10,17.7,17.7,17.75,17.55,17.7,63109
2018-04-11,17.7,17.7,17.75,17.55,17.7,63109
2018-04-12,17.7,17.7,17.75,17.55,17.7,63109
2018-04-13,17.7,17.7,17.75,17.55,17.7,63109
2018-04-16,17.7,17.7,17.75,17.55,17.7,63109
2018-04-17,17.7,17.7,17.75,17.55,17.7,63109
2018-04-18,17.7,17.7,17.75,17.55,17.7,63109
2018-04-19,17.7,17.7,17.75,17.55,17.7,63109
2018-04-20,17.7,17.7,17.75,17.55,17.7,63109
2018-04-23,17.7,17.7,17.75,17.55,17.7,63109
2018-04-24,17.7,17.7,17.75,17.55,17.7,63109
2018-04-25,17.7,17.7,17.75,17.55,17.7,63109
2018-04-26,17.7,17.7,17.75,17.55,17.7,63109
2018-04-27,17.7,17.7,17.75,17.55,17.7,63109
2018-04-30,17.7,17.7,17.75,17.55,17.7,63109
2018-05-01,17.7,17.7,17.75,17.55,17.7,63109
2018-05-02,17.7,17.7,17.75,17.55,17.7,63109
2018-05-03,17.7,17.7,17.75,17.55,17.7,63109
2018-05-04,17.7,17.7,17.75,17.55,17.7,63109
2018-05-07,17.7,17.7,17.75,17.55,17.7,63109
2018-05-08,17.7,17.7,17.75,17.55,17.7,63109
2018-05-09,17.7,17.7,17.75,17.55,17.7,63109
2018-05-10,17.7,17.7,17.75,17.55,17.7,63109
2018-05-11,17.7,17.7,17.75,17.55,17.7,63109
2018-05-14,17.7,17.7,17.75,17.55,17.7,63109
2018-05-15,17.7,17.7,17.75,17.55,17.7,63109
2018-05-16,17.7,17.7,17.75,17.55,17.7,63109
2018-05-17,17.7,17.7,17.75,17.55,17.7,63109
2018-05-18,17.7,17.7,17.75,17.55,17.7,63109
2018-05-21,17.7,17.7,17.75,17.55,17.7,63109
2018-05-22,17.7,17.7,17.75,17.55,17.7,63109
2018-05-23,17.7,17.7,17.75,17.55,17.7,63109
2018-05-24,17.7,17.7,17.75,17.55,17.7,63109
2018-05-25,17.7,17.7,17.75,17.55,17.7,63109
2018-05-28,17.7,17.7,17.75,17.55,17.7,63109
2018-05-29,17.7,17.7,17.75,17.55,17.7,63109
2018-05-30,17.7,17.7,17.75,17.55,17.7,63109
2018-05-31,17.7,17.7,17.75,17.55,17.7,63109
2018-06-01,17.7,17.7,17.75,17.55,17.7,63109
2018-06-04,17.7,17.7,17.75,17.55,17.7,63109
2018-06-05,17.7,17.7,17.75,17.55,17.7,63109
2018-06-06,17.7,17.7,17.75,17.55,17.7,63109
2018-06-07,17.7,17.7,17.75,17.55,17.7,63109
2018-06-08,17.7,17.7,17.75,17.55,17.7,63109
2018-06-11,17.7,17.7,17.75,17.55,17.7,63109
2018-06-12,17.7,17.7,17.75,17.55,17.7,63109
2018-06-13,17.7,17.7,17.75,17.55,17.7,63109
2018-06-14,17.7,17.7,17.75,17.55,17.7,63109
2018-06-15,17.7,17.7,17.75,17.55,17.7,63109
2018-06-18,17.7,17.7,17.75,17.55,17.7,63109
2018-06-19,17.7,17.7,17.75,17.55,17.7,63109
2018-06-20,17.7,17.7,17.75,17.55,17.7,63109
2018-06-21,17.7,17.7,17.75,17.55,17.7,63109
2018-06-22,17.7,17.7,17.75,17.55,17.7,63109
2018-06-25,17.7,17.7,17.75,17.55,17.7,63109
2018-06-26,17.7,17.7,17.75,17.55,17.7,63109
2018-06-27,17.7,17.7,17.75,17.55,17.7,63109
2018-06-28,17.7,17.7,17.75,17.55,17.7,63109
2018-06-29,17.7,17.7,17.75,17.55,17.7,63109
2018-07-02,17.7,17.7,17.75,17.55,17.7,63109
2018-07-03,17.7,17.7,17.75,17.55,17.7,63109
2018-07-04,17.7,17.7,17.75,17.55,17.7,63109
2018-07-05,17.7,17.7,17.75,17.55,17.7,63109
2018-07-06,17.7,17.7,17.75,17.55,17.7,63109
2018-07-09,17.7,17.7,17.75,17.55,17.7,63109
2018-07-10,17.7,17.7,17.75,17.55,17.7,63109
2018-07-11,17.7,17.7,17.75,17.55,17.7,63109
2018-07-12,17.7,17.7,17.75,17.55,17.7,63109
2018-07-13,17.7,17.7,17.75,17.55,17.7,63109
2018-07-16,17.7,17.7,17.75,17.55,17.7,63109
2018-07-17,17.7,17.7,17.75,17.55,17.7,63109
2018-07-18,17.7,17.7,17.75,17.55,17.7,63109
2018-07-19,17.7,17.7,17.75,17.55,17.7,63109
2018-07-20,17.7,17.7,17.75,17.55,17.7,63109
2018-07-23,17.7,17.7,17.75,17.55,17.7,63109
2018-07-24,17.7,17.7,17.75,17.55,17.7,63109
2018-07-25,17.7,17.7,17.75,17.55,17.7,63109
2018-07-26,17.7,17.7,17.75,17.55,17.7,63109
2018-07-27,17.7,17.7,17.75,17.55,17.7,63109
2018-07-30,17.7,17.7,17.75,17.55,17.7,63109
2018-07-31,17.7,17.7,17.75,17.55,17.7,63109
2018-08-01,17.7,17.7,17.75,17.55,17.7,63109
2018-08-02,17.7,17.7,17.75,17.55,17.7,63109
2018-08-03,17.7,17.7,17.75,17.55,17.7,63109
2018-08-06,17.7,17.7,17.75,17.55,17.7,63109
2018-08-07,17.7,17.7,17.75,17.55,17.7,63109
2018-08-08,17.7,17.7,17.75,17.55,17.7,63109
2018-08-09,17.7,17.7,17.75,17.55,17.7,63109
2018-08-10,17.7,17.7,17.75,17.55,17.7,63109
2018-08-13,17.7,17.7,17.75,17.55,17.7,63109
2018-08-14,17.7,17.7,17.75,17.55,17.7,63109
2018-08-15,17.7,17.7,17.75,17.55,17.7,63109
2018-08-16,17.7,17.7,17.75,17.55,17.7,63109
2018-08-17,17.7,17.7,17.75,17.55,17.7,63109
2018-08-20,17.7,17.7,17.75,17.55,17.7,63109
2018-08-21,17.7,17.7,17.75,17.55,17.7,63109
2018-08-22,17.7,17.7,17.75,17.55,17.7,63109
2018-08-23,17.7,17.7,17.75,17.55,17.7,63109
2018-08-24,17.7,17.7,17.75,17.55,17.7,63109
2018-08-27,17.7,17.7,17.75,17.55,17.7,63109
2018-08-28,17.7,17.7,17.75,17.55,17.7,63109
2018-08-29,17.7,17.7,17.75,17.55,17.7,63109
2018-08-30,17.7,17.7,17.75,17.55,17.7,63109
2018-08-31,17.7,17.7,17.75,17.55,17.7,63109
2018-09-03,17.7,17.7,17.75,17.55,17.7,63109
2018-09-04,17.7,17.7,17.75,17.55,17.7,63109
2018-09-05,17.7,17.7,17.75,17.55,17.7,63109
2018-09-06,17.7,17.7,17.75,17.55,17.7,63109
2018-09-07,17.7,17.7,17.75,17.55,17.7,63109
2018-09-10,17.7,17.7,17.75,17.55,17.7,63109
2018-09-11,17.7,17.7,17.75,17.55,17.7,63109
2018-09-12,17.7,17.7,17.75,17.55,17.7,63109
2018-09-13,17.7,17.7,17.75,17.55,17.7,63109
2018-09-14,17.7,17.7,17.75,17.55,17.7,63109
2018-09-17,17.7,17.7,17.75,17.55,17.7,63109
2018-09-18,17.7,17.7,17.75,17.55,17.7,63109
2018-09-19,17.7,17.7,17.75,17.55,17.7,63109
2018-09-20,17.7,17.7,17.75,17.55,17.7,63109
2018-09-21,17.7,17.7,17.75,17.55,17.7,63109
2018-09-24,17.7,17.7,17.75,17.55,17.7,63109
2018-09-25,17.7,17.7,17.75,17.55,17.7,63109
2018-09-26,17.7,17.7,17.75,17.55,17.7,63109
2018-09-27,17.7,17.7,17.75,17.55,17.7,63109
2018-09-28,17.7,17.7,17.75,17.55,17.7,63109
2018-10-01,17.7,17.7,17.75,17.55,17.7,63109
2018-10-02,17.7,17.7,17.75,17.55,17.7,63109
2018-10-03,17.7,17.7,17.75,17.55,17.7,63109
2018-10-04,17.7,17.7,17.75,17.55,17.7,63109
2018-10-05,17.7,17.7,17.75,17.55,17.7,63109
2018-10-08,17.7,17.7,17.75,17.55,17.7,63109
2018-10-09,17.7,17.7,17.75,17.55,17.7,63109
2018-10-10,17.7,17.7,17.75,17.55,17.7,63109
2018-10-11,17.7,17.7,17.75,17.55,17.7,63109
2018-10-12,17.7,17.7,17.75,17.55,17.7,63109
2018-10-15,17.7,17.7,17.75,17.55,17.7,63109
2018-10-16,17.7,17.7,17.75,17.55,17.7,63109
2018-10-17,17.7,17.7,17.75,17.55,17.7,63109
2018-10-18,17.7,17.7,17.75,17.55,17.7,63109
2018-10-19,17.7,17.7,17.75,17.55,17.7,63109
2018-10-22,17.7,17.7,17.75,17.55,17.7,63109
2018-10-23,17.7,17.7,17.75,17.55,17.7,63109
2018-10-24,17.7,17.7,17.75,17.55,17.7,63109
2018-10-25,17.7,17.7,17.75,17.55,17.7,63109
2018-10-26,17.7,17.7,17.75,17.55,17.7,63109
2018-10-29,17.7,17.7,17.75,17.55,17.7,63109
2018-10-30,17.7,17.7,17.75,17.55,17.7,63109
2018-10-31,17.7,17.7,17.75,17.55,17.7,63109
2018-11-01,17.7,17.7,17.75,17.55,17.7,63109
2018-11-02,17.7,17.7,17.75,17.55,17.7,63109
2018-11-05,17.7,17.7,17.75,17.55,17.7,63109
2018-11-06,17.7,17.7,17.75,17.55,17.7,63109
2018-11-07,17.7,17.7,17.75,17.55,17.7,63109
2018-11-08,17.7,17.7,17.75,17.55,17.7,63109
2018-11-09,17.7,17.7,17.75,17.55,17.7,63109
2018-11-12,17.7,17.7,17.75,17.55,17.7,63109
2018-11-13,17.7,17.7,17.75,17.55,17.7,63109
2018-11-14,17.7,17.7,17.75,17.55,17.7,63109
2018-11-15,17.7,17.7,17.75,17.55,17.7,63109
2018-11-16,17.7,17.7,17.75,17.55,17.7,63109
2018-11-19,17.7,17.7,17.75,17.55,17.7,63109
2018-11-20,17.7,17.7,17.75,17.55,17.7,63109
2018-11-21,17.7,17.7,17.75,17.55,17.7,63109
2018-11-22,17.7,17.7,17.75,17.55,17.7,63109
2018-11-23,17.7,17.7,17.75,17.55,17.7,63109
2018-11-26,17.7,17.7,17.75,17.55,17.7,63109
2018-11-27,17.7,17.7,17.75,17.55,17.7,63109
2018-11-28,17.7,17.7,17.75,17.55,17.7,63109
2018-11-29,17.7,17.7,17.75,17.55,17.7,63109
2018-11-30,17.7,17.7,17.75,17.55,17.7,63109
2018-12-03,17.7,17.7,17.75,17.55,17.7,63109
2018-12-04,17.7,17.7,17.75,17.55,17.7,63109
2018-12-05,17.7,17.7,17.75,17.55,17.7,63109
2018-12-06,17.7,17.7,17.75,17.55,17.7,63109
2018-12-07,17.7,17.7,17.75,17.55,17.7,63109
2018-12-10,17.7,17.7,17.75,17.55,17.7,63109
2018-12-11,17.7,17.7,17.75,17.55,17.7,63109
2018-12-12,17.7,17.7,17.75,17.55,17.7,63109
2018-12-13,17.7,17.7,17.75,17.55,17.7,63109
2018-12-14,17.7,17.7,17.75,17.55,17.7,63109
2018-12-17,17.7,17.7,17.75,17.55,17.7,63109
2018-12-18,17.7,17.7,17.75,17.55,17.7,63109
2018-12-19,17.7,17.7,17.75,17.55,17.7,63109
2018-12-20,17.7,17.7,17.75,17.55,17.7,63109
2018-12-21,17.7,17.7,17.75,17.55,17.7,63109
2018-12-24,17.7,17.7,17.75,17.55,17.7,63109
2018-12-25,17.7,17.7,17.75,17.55,17.7,63109
2018-12-26,17.7,17.7,17.75,17.55,17.7,63109
2018-12-27,17.7,17.7,17.75,17.55,17.7,63109
2018-12-28,17.7,17.7,17.75,17.55,17.7,63109
2018-12-31,17.7,17.7,17.75,17.55,17.7,63109
2019-01-01,17.7,17.7,17.75,17.55,17.7,63109
2019-01-02,17.7,17.7,17.75,17.55,17.7,63109
2019-01-03,17.7,17.7,17.75,17.55,17.7,63109
2019-01-04,17.7,17.7,17.75,17.55,17.7,63109
2019-01-07,17.7,17.7,17.75,17.55,17.7,63109
2019-01-08,17.7,17.7,17.75,17.55,17.7,63109
2019-01-09,17.7,17.7,17.75,17.55,17.7,63109
2019-01-10,17.7,17.7,17.75,17.55,17.7,63109
2019-01-11,17.7,17.7,17.75,17.55,17.7,63109
2019-01-14,17.7,17.7,17.75,17.55,17.7,63109
2019-01-15,17.7,17.7,17.75,17.55,17.7,63109
2019-01-16,17.7,17.7,17.75,17.55,17.7,63109
2019-01-17,17.7,17.7,17.75,17.55,17.7,63109
2019-01-18,17.7,17.7,17.75,17.55,17.7,63109
2019-01-21,17.7,17.7,17.75,17.55,17.7,63109
2019-01-22,17.7,17.7,17.75,17.55,17.7,63109
2019-01-23,17.7,17.7,17.75,17.55,17.7,63109
2019-01-24,17.7,17.7,17.75,17.55,17.7,63109
2019-01-25,17.7,17.7,17.75,17.55,17.7,63109
2019-01-28,17.7,17.7,17.75,17.55,17.7,63109
2019-01-29,17.7,17.7,17.75,17.55,17.7,63109
2019-01-30,17.7,17.7,17.75,17.55,17.7,63109
2019-01-31,17.7,17.7,17.75,17.55,17.7,63109
2019-02-01,17.7,17.7,17.75,17.55,17.7,63109
2019-02-04,17.7,17.7,17.75,17.55,17.7,63109
2019-02-05,17.7,17.7,17.75,17.55,17.7,63109
2019-02-06,17.7,17.7,17.75,17.55,17.7,63109
2019-02-07,17.7,17.7,17.75,17.55,17.7,63109
2019-02-08,17.7,17.7,17.75,17.55,17.7,63109
2019-02-11,17.7,17.7,17.75,17.55,17.7,63109
2019-02-12,17.7,17.7,17.75,17.55,17.7,63109
2019-02-13,17.7,17.7,17.75,17.55,17.7,63109
2019-02-14,17.7,17.7,17.75,17.55,17.7,63109
2019-02-15,17.7,17.7,17.75,17.55,17.7,63109
2019-02-18,17.7,17.7,17.75,17.55,17.7,63109
2019-02-19,17.7,17.7,17.75,17.55,17.7,63109
2019-02-20,17.7,17.7,17.75,17.55,17.7,63109
2019-02-21,17.7,17.7,17.75,17.55,17.7,63109
2019-02-22,17.7,17.7,17.75,17.55,17.7,63109
2019-02-25,17.7,17.7,17.75,17.55,17.7,63109
2019-02-26,17.7,17.7,17.75,17.55,17.7,63109
2019-02-27,17.7,17.7,17.75,17.55,17.7,63109
2019-02-28,17.7,17.7,17.75,17.55,17.7,63109
2019-03-01,17.7,17.7,17.75,17.55,17.7,63109
2019-03-04,17.7,17.7,17.75,17.55,17.7,63109
2019-03-05,17.7,17.7,17.75,17.55,17.7,63109
2019-03-06,17.7,17.7,17.75,17.55,17.7,63109
2019-03-07,17.7,17.7,17.75,17.55,17.7,63109
2019-03-08,17.7,17.7,17.75,17.55,17.7,63109
2019-03-11,17.7,17.7,17.75,17.55,17.7,63109
2019-03-12,17.7,17.7,17.75,17.55,17.7,63109
2019-03-13,17.7,17.7,17.75,17.55,17.7,63109
2019-03-14,17.7,17.7,17.75,17.55,17.7,63109
2019-03-15,17.7,17.7,17.75,17.55,17.7,63109
2019-03-18,17.7,17.7,17.75,17.55,17.7,63109
2019-03-19,17.7,17.7,17.75,17.55,17.7,63109
2019-03-20,17.7,17.7,17.75,17.55,17.7,63109
2019-03-21,17.7,17.7,17.75,17.55,17.7,63109
2019-03-22,17.7,17.7,17.75,17.55,17.7,63109
2019-03-25,17.7,17.7,17.75,17.55,17.7,63109
2019-03-26,17.7,17.7,17.75,17.55,17.7,63109
2019-03-27,17.7,17.7,17.75,17.55,17.7,63109
2019-03-28,17.7,17.7,17.75,17.55,17.7,63109
2019-03-29,17.7,17.7,17.75,17.55,17.7,63109
2019-04-01,17.7,17.7,17.75,17.55,17.7,63109
2019-04-02,17.7,17.7,17.75,17.55,17.7,63109
2019-04-03,17.7,17.7,17.75,17.55,17.7,63109
2019-04-04,17.7,17.7,17.75,17.55,17.7,63109
2019-04-05,17.7,17.7,17.75,17.55,17.7,63109
2019-04-08,17.7,17.7,17.75,17.55,17.7,63109
2019-04-09,17.7,17.7,17.75,17.55,17.7,63109
2019-04-10,17.7,17.7,17.75,17.55,17.7,63109
2019-04-11,17.7,17.7,17.75,17.55,17.7,63109
2019-04-12,17.7,17.7,17.75,17.55,17.7,63109
2019-04-15,17.7,17.7,17.75,17.55,17.7,63109
2019-04-16,17.7,17.7,17.75,17.55,17.7,63109
2019-04-17,17.7,17.7,17.75,17.55,17.7,63109
2019-04-18,17.7,17.7,17.75,17.55,17.7,63109
2019-04-19,17.7,17.7,17.75,17.55,17.7,63109
2019-04-22,17.7,17.7,17.75,17.55,17.7,63109
2019-04-23,17.7,17.7,17.75,17.55,17.7,63109
2019-04-24,17.7,17.7,17.75,17.55,17.7,63109
2019-04-25,17.7,17.7,17.75,17.55,17.7,63109
2019-04-26,17.7,17.7,17.75,17.55,17.7,63109
2019-04-29,17.7,17.7,17.75,17.55,17.7,63109
2019-04-30,17.7,17.7,17.75,17.55,17.7,63109
2019-05-01,17.7,17.7,17.75,17.55,17.7,63109
2019-05-02,17.7,17.7,17.75,17.55,17.7,63109
2019-05-03,17.7,17.7,17.75,17.55,17.7,63109
2019-05-06,17.7,17.7,17.75,17.55,17.7,63109
2019-05-07,17.7,17.7,17.75,17.55,17.7,63109
2019-05-08,17.7,17.7,17.75,17.55,17.7,63109
2019-05-09,17.7,17.7,17.75,17.55,17.7,63109
2019-05-10,17.7,17.7,17.75,17.55,17.7,63109
2019-05-13,17.7,17.7,17.75,17.55,17.7,63109
2019-05-14,17.7,17.7,17.75,17.55,17.7,63109
2019-05-15,17.7,17.7,17.75,17.55,17.7,63109
2019-05-16,17.7,17.7,17.75,17.55,17.7,63109
2019-05-17,17.7,17.7,17.75,17.55,17.7,63109
2019-05-20,17.7,17.7,17.75,17.55,17.7,63109
2019-05-21,17.7,17.7,17.75,17.55,17.7,63109
2019-05-22,17.7,17.7,17.75,17.55,17.7,63109
2019-05-23,17.7,17.7,17.75,17.55,17.7,63109
2019-05-24,17.7,17.7,17.75,17.55,17.7,63109
2019-05-27,17.7,17.7,17.75,17.55,17.7,63109
2019-05-28,17.7,17.7,17.75,17.55,17.7,63109
2019-05-29,17.7,17.7,17.75,17.55,17.7,63109
2019-05-30,17.7,17.7,17.75,17.55,17.7,63109
2019-05-31,17.7,17.7,17.75,17.55,17.7,63109
2019-06-03,17.7,17.7,17.75,17.55,17.7,63109
2019-06-04,17.7,17.7,17.75,17.55,17.7,63109
2019-06-05,17.7,17.7,17.75,17.55,17.7,63109
2019-06-06,17.7,17.7,17.75,17.55,17.7,63109
2019-06-07,17.7,17.7,17.75,17.55,17.7,63109
2019-06-10,17.7,17.7,17.75,17.55,17.7,63109
2019-06-11,17.7,17.7,17.75,17.55,17.7,63109
2019-06-12,17.7,17.7,17.75,17.55,17.7,63109
2019-06-13,17.7,17.7,17.75,17.55,17.7,63109
2019-06-14,17.7,17.7,17.75,17.55,17.7,63109
2019-06-17,17.7,17.7,17.75,17.55,17.7,63109
2019-06-18,17.7,17.7,17.75,17.55,17.7,63109
2019-06-19,17.7,17.7,17.75,17.55,17.7,63109
2019-06-20,17.7,17.7,17.75,17.55,17.7,63109
2019-06-21,17.7,17.7,17.75,17.55,17.7,63109
2019-06-24,17.7,17.7,17.75,17.55,17.7,63109
2019-06-25,17.7,17.7,17.75,17.55,17.7,63109
2019-06-26,17.7,17.7,17.75,17.55,17.7,63109
2019-06-27,17.7,17.7,17.75,17.55,17.7,63109
2019-06-28,17.7,17.7,17.75,17.55,17.7,63109
2019-07-01,17.7,17.7,17.75,17.55,17.7,63109
2019-07-02,17.7,17.7,17.75,17.55,17.7,63109
2019-07-03,17.7,17.7,17.75,17.55,17.7,63109
2019-07-04,17.7,17.7,17.75,17.55,17.7,63109
2019-07-05,17.7,17.7,17.75,17.55,17.7,63109
2019-07-08,17.7,17.7,17.75,17.55,17.7,63109
2019-07-09,17.7,17.7,17.75,17.55,17.7,63109
2019-07-10,17.7,17.7,17.75,17.55,17.7,63109
2019-07-11,17.7,17.7,17.75,17.55,17.7,63109
2019-07-12,17.7,17.7,17.75,17.55,17.7,63109
2019-07-15,17.7,17.7,17.75,17.55,17.7,63109
2019-07-16,17.7,17.7,17.75,17.55,17.7,63109
2019-07-17,17.7,17.7,17.75,17.55,17.7,63109
2019-07-18,17.7,17.7,17.75,17.55,17.7,63109
2019-07-19,17.7,17.7,17.75,17.55,17.7,63109
2019-07-22,17.7,17.7,17.75,17.55,17.7,63109
2019-07-23,17.7,17.7,17.75,17.55,17.7,63109
2019-07-24,17.7,17.7,17.75,17.55,17.7,63109
2019-07-25,17.7,17.7,17.75,17.55,17.7,63109
2019-07-26,17.7,17.7,17.75,17.55,17.7,63109
2019-07-29,17.7,17.7,17.75,17.55,17.7,63109
2019-07-30,17.7,17.7,17.75,17.55,17.7,63109
2019-07-31,17.7,17.7,17.75,17.55,17.7,63109
2019-08-01,17.7,17.7,17.75,17.55,17.7,63109
2019-08-02,17.7,17.7,17.75,17.55,17.7,63109
2019-08-05,17.7,17.7,17.75,17.55,17.7,63109
2019-08-06,17.7,17.7,17.75,17.55,17.7,63109
2019-08-07,17.7,17.7,17.75,17.55,17.7,63109
2019-08-08,17.7,17.7,17.75,17.55,17.7,63109
2019-08-09,17.7,17.7,17.75,17.55,17.7,63109
2019-08-12,17.7,17.7,17.75,17.55,17.7,63109
2019-08-13,17.7,17.7,17.75,17.55,17.7,63109
2019-08-14,17.7,17.7,17.75,17.55,17.7,63109
2019-08-15,17.7,17.7,17.75,17.55,17.7,63109
2019-08-16,17.7,17.7,17.75,17.55,17.7,63109
2019-08-19,17.7,17.7,17.75,17.55,17.7,63109
2019-08-20,17.7,17.7,17.75,17.55,17.7,63109
2019-08-21,17.7,17.7,17.75,17.55,17.7,63109
2019-08-22,17.7,17.7,17.75,17.55,17.7,63109
2019-08-23,17.7,17.7,17.75,17.55,17.7,63109
2019-08-26,17.7,17.7,17.75,17.55,17.7,63109
2019-08-27,17.7,17.7,17.75,17.55,17.7,63109
2019-08-28,17.7,17.7,17.75,17.55,17.7,63109
2019-08-29,17.7,17.7,17.75,17.55,17.7,63109
2019-08-30,17.7,17.7,17.75,17.55,17.7,63109
2019-09-02,17.7,17.7,17.75,17.55,17.7,63109
2019-09-03,17.7,17.7,17.75,17.55,17.7,63109
2019-09-04,17.7,17.7,17.75,17.55,17.7,63109
2019-09-05,17.7,17.7,17.75,17.55,17.7,63109
2019-09-06,17.7,17.7,17.75,17.55,17.7,63109
2019-09-09,17.7,17.7,17.75,17.55,17.7,63109
2019-09-10,17.7,17.7,17.75,17.55,17.7,63109
2019-09-11,17.7,17.7,17.75,17.55,17.7,63109
2019-09-12,17.7,17.7,17.75,17.55,17.7,63109
2019-09-13,17.7,17.7,17.75,17.55,17.7,63109
2019-09-16,17.7,17.7,17.75,17.55,17.7,63109
2019-09-17,17.7,17.7,17.75,17.55,17.7,63109
2019-09-18,17.7,17.7,17.75,17.55,17.7,63109
2019-09-19,17.7,17.7,17.75,17.55,17.7,63109
2019-09-20,17.7,17.7,17.75,17.55,17.7,63109
2019-09-23,17.7,17.7,17.75,17.55,17.7,63109
2019-09-24,17.7,17.7,17.75,17.55,17.7,63109
2019-09-25,17.7,17.7,17.75,17.55,17.7,63109
2019-09-26,17.7,17.7,17.75,17.55,17.7,63109
2019-09-27,17.7,17.7,17.75,17.55,17.7,63109
2019-09-30,17.7,17.7,17.75,17.55,17.7,63109
2019-10-01,17.7,17.7,17.75,17.55,17.7,63109
2019-10-02,17.7,17.7,17.75,17.55,17.7,63109
2019-10-03,17.7,17.7,17.75,17.55,17.7,63109
2019-10-04,17.7,17.7,17.75,17.55,17.7,63109
2019-10-07,17.7,17.7,17.75,17.55,17.7,63109
2019-10-08,17.7,17.7,17.75,17.55,17.7,63109
2019-10-09,17.7,17.7,17.75,17.55,17.7,63109
2019-10-10,17.7,17.7,17.75,17.55,17.7,63109
2019-10-11,17.7,17.7,17.75,17.55,17.7,63109
2019-10-14,17.7,17.7,17.75,17.55,17.7,63109
2019-10-15,17.7,17.7,17.75,17.55,17.7,63109
2019-10-16,17.7,17.7,17.75,17.55,17.7,63109
2019-10-17,17.7,17.7,17.75,17.55,17.7,63109
2019-10-18,17.7,17.7,17.75,17.55,17.7,63109
2019-10-21,17.7,17.7,17.75,17.55,17.7,63109
2019-10-22,17.7,17.7,17.75,17.55,17.7,63109
2019-10-23,17.7,17.7,17.75,17.55,17.7,63109
2019-10-24,17.7,17.7,17.75,17.55,17.7,63109
2019-10-25,17.7,17.7,17.75,17.55,17.7,63109
2019-10-28,17.7,17.7,17.75,17.55,17.7,63109
2019-10-29,17.7,17.7,17.75,17.55,17.7,63109
2019-10-30,17.7,17.7,17.75,17.55,17.7,63109
2019-10-31,17.7,17.7,17.75,17.55,17.7,63109
2019-11-01,17.7,17.7,17.75,17.55,17.7,63109
2019-11-04,17.7,17.7,17.75,17.55,17.7,63109
2019-11-05,17.7,17.7,17.75,17.55,17.7,63109
2019-11-06,17.7,17.7,17.75,17.55,17.7,63109
2019-11-07,17.7,17.7,17.75,17.55,17.7,63109
2019-11-08,17.7,17.7,17.75,17.55,17.7,63109
2019-11-11,17.7,17.7,17.75,17.55,17.7,63109
2019-11-12,17.7,17.7,17.75,17.55,17.7,63109
2019-11-13,17.7,17.7,17.75,17.55,17.7,63109
2019-11-14,17.7,17.7,17.75,17.55,17.7,63109
2019-11-20,17.7,17.7,17.75,17.55,17.7,63109
2019-11-21,17.7,17.7,17.75,17.55,17.7,63109
2019-11-22,17.7,17.7,17.75,17.55,17.7,63109
2019-11-25,17.7,17.7,17.75,17.55,17.7,63109
2019-11-26,17.7,17.7,17.75,17.55,17.7,63109
2019-11-27,17.7,17.7,17.75,17.55,17.7,63109
2019-11-28,17.7,17.7,17.75,17.55,17.7,63109
2019-11-29,17.7,17.7,17.75,17.55,17.7,63109
2019-12-02,17.7,17.7,17.75,17.55,17.7,63109
2019-12-03,17.7,17.7,17.75,17.55,17.7,63109
2019-12-04,17.7,17.7,17.75,17.55,17.7,63109
2019-12-05,17.7,17.7,17.75,17.55,17.7,63109
2019-12-06,17.7,17.7,17.75,17.55,17.7,63109
2019-12-09,17.7,17.7,17.75,17.55,17.7,63109
2019-12-10,17.7,17.7,17.75,17.55,17.7,63109
2019-12-11,17.7,17.7,17.75,17.55,17.7,63109
2019-12-12,17.7,17.7,17.75,17.55,17.7,63109
2019-12-13,17.7,17.7,17.75,17.55,17.7,63109
2019-12-16,17.7,17.7,17.75,17.55,17.7,63109
2019-12-17,17.7,17.7,17.75,17.55,17.7,63109
2019-12-18,17.7,17.7,17.75,17.55,17.7,63109
2019-12-19,17.7,17.7,17.75,17.55,17.7,63109
2019-12-20,17.7,17.7,17.75,17.55,17.7,63109
2019-12-23,17.7,17.7,17.75,17.55,17.7,63109
2019-12-24,17.7,17.7,17.75,17.55,17.7,63109
2019-12-25,17.7,17.7,17.75,17.55,17.7,63109
2019-12-26,17.7,17.7,17.75,17.55,17.7,63109
2019-12-27,17.7,17.7,17.75,17.55,17.7,63109
2019-12-30,17.7,17.7,17.75,17.55,17.7,63109
2019-12-31,17.7,17.7,17.75,17.55,17.7,63109
2020-01-01,17.7,17.7,17.75,17.55,17.7,63109
2020-01-02,17.7,17.7,17.75,17.55,17.7,63109
2020-01-03,17.7,17.7,17.75,17.55,17.7,63109
2020-01-06,17.7,17.7,17.75,17.55,17.7,63109
2020-01-07,17.7,17.7,17.75,17.55,17.7,63109
2020-01-08,17.7,17.7,17.75,17.55,17.7,63109
2020-01-09,17.7,17.7,17.75,17.55,17.7,63109
2020-01-10,17.7,17.7,17.75,17.55,17.7,63109
2020-01-13,17.7,17.7,17.75,17.55,17.7,63109
2020-01-14,17.7,17.7,17.75,17.55,17.7,63109
2020-01-15,17.7,17.7,17.75,17.55,17.7,63109
2020-01-16,17.7,17.7,17.75,17.55,17.7,63109
2020-01-17,17.7,17.7,17.75,17.55,17.7,63109
2020-01-20,17.7,17.7,17.75,17.55,17.7,63109
2020-01-21,17.7,17.7,17.75,17.55,17.7,63109
2020-01-22,17.7,17.7,17.75,17.55,17.7,63109
2020-01-23,17.7,17.7,17.75,17.55,17.7,63109
2020-01-24,17.7,17.7,17.75,17.55,17.7,63109
2020-01-27,17.7,17.7,17.75,17.55,17.7,63109
2020-01-28,17.7,17.7,17.75,17.55,17.7,63109
2020-01-29,17.7,17.7,17.75,17.55,17.7,63109
2020-01-30,17.7,17.7,17.75,17.55,17.7,63109
2020-01-31,17.7,17.7,17.75,17.55,17.7,63109
2020-02-03,17.7,17.7,17.75,17.55,17.7,63109
2020-02-04,17.7,17.7,17.75,17.55,17.7,63109
2020-02-05,17.7,17.7,17.75,17.55,17.7,63109
2020-02-06,17.7,17.7,17.75,17.55,17.7,63109
2020-02-07,17.7,17.7,17.75,17.55,17.7,63109
2020-02-10,17.7,17.7,17.75,17.55,17.7,63109
2020-02-11,17.7,17.7,17.75,17.55,17.7,63109
2020-02-12,17.7,17.7,17.75,17.55,17.7,63109
2020-02-13,17.7,17.7,17.75,17.55,17.7,63109
2020-02-14,17.7,17.7,17.75,17.55,17.7,63109
2020-02-17,17.7,17.7,17.75,17.55,17.7,63109
2020-02-18,17.7,17.7,17.75,17.55,17.7,63109
2020-02-19,17.7,17.7,17.75,17.55,17.7,63109
2020-02-20,17.7,17.7,17.75,17.55,17.7,63109
2020-02-21,17.7,17.7,17.75,17.55,17.7,63109
2020-02-24,17.7,17.7,17.75,17.55,17.7,63109
2020-02-25,17.7,17.7,17.75,17.55,17.7,63109
2020-02-26,17.7,17.7,17.75,17.55,17.7,63109
2020-02-27,17.7,17.7,17.75,17.55,17.7,63109
2020-02-28,17.7,17.7,17.75,17.55,17.7,63109
2020-03-02,17.7,17.7,17.75,17.55,17.7,63109
2020-03-03,17.7,17.7,17.75,17.55,17.7,63109
2020-03-04,17.7,17.7,17.75,17.55,17.7,63109
2020-03-05,17.7,17.7,17.75,17.55,17.7,63109
2020-03-06,17.7,17.7,17.75,17.55,17.7,63109
2020-03-09,17.7,17.7,17.75,17.55,17.7,63109
2020-03-10,17.7,17.7,17.75,17.55,17.7,63109
2020-03-11,17.7,17.7,17.75,17.55,17.7,63109
2020-03-12,17.7,17.7,17.75,17.55,17.7,63109
2020-03-13,17.7,17.7,17.75,17.55,17.7,63109
2020-03-16,17.7,17.7,17.75,17.55,17.7,63109
2020-03-17,17.7,17.7,17.75,17.55,17.7,63109
2020-03-18,17.7,17.7,17.75,17.55,17.7,63109
2020-03-19,17.7,17.7,17.75,17.55,17.7,63109
2020-03-20,17.7,17.7,17.75,17.55,17.7,63109
2020-03-23,17.7,17.7,17.75,17.55,17.7,63109
2020-03-24,17.7,17.7,17.75,17.55,17.7,63109
2020-03-25,17.7,17.7,17.75,17.55,17.7,63109
2020-03-26,17.7,17.7,17.75,17.55,17.7,63109
2020-03-27,17.7,17.7,17.75,17.55,17.7,63109
2020-03-30,17.7,17.7,17.75,17.55,17.7,63109
2020-03-31,17.7,17.7,17.75,17.55,17.7,63109
2020-04-01,17.7,17.7,17.75,17.55,17.7,63109
2020-04-02,17.7,17.7,17.75,17.55,17.7,63109
2020-04-03,17.7,17.7,17.75,17.55,17.7,63109
2020-04-07,17.7,17.7,17.75,17.55,17.7,63109
2020-04-08,17.7,17.7,17.75,17.55,17.7,63109
2020-04-09,17.7,17.7,17.75,17.55,17.7,63109
2020-04-10,17.7,17.7,17.75,17.55,17.7,63109
2020-04-13,17.7,17.7,17.75,17.55,17.7,63109
2020-04-14,17.7,17.7,17.75,17.55,17.7,63109
2020-04-15,17.7,17.7,17.75,17.55,17.7,63109
2020-04-16,17.7,17.7,17.75,17.55,17.7,63109
2020-04-17,17.7,17.7,17.75,17.55,17.7,63109
2020-04-20,17.7,17.7,17.75,17.55,17.7,63109
2020-04-21,17.7,17.7,17.75,17.55,17.7,63109
2020-04-22,17.7,17.7,17.75,17.55,17.7,63109
2020-04-23,17.7,17.7,17.75,17.55,17.7,63109
2020-04-24,17.7,17.7,17.75,17.55,17.7,63109
2020-04-27,17.7,17.7,17.75,17.55,17.7,63109
2020-04-28,17.7,17.7,17.75,17.55,17.7,63109
2020-04-29,17.7,17.7,17.75,17.55,17.7,63109
2020-05-01,17.7,17.7,17.75,17.55,17.7,63109
2020-05-04,17.7,17.7,17.75,17.55,17.7,63109
2020-05-05,17.7,17.7,17.75,17.55,17.7,63109
2020-05-06,17.7,17.7,17.75,17.55,17.7,63109
2020-05-07,17.7,17.7,17.75,17.55,17.7,63109
2020-05-08,17.7,17.7,17.75,17.55,17.7,63109
2020-05-11,17.7,17.7,17.75,17.55,17.7,63109
2020-05-12,17.7,17.7,17.75,17.55,17.7,63109
2020-05-13,17.7,17.7,17.75,17.55,17.7,63109
2020-05-14,17.7,17.7,17.75,17.55,17.7,63109
2020-05-15,17.7,17.7,17.75,17.55,17.7,63109
2020-05-18,17.7,17.7,17.75,17.55,17.7,63109
2020-05-19,17.7,17.7,17.75,17.55,17.7,63109
2020-05-20,17.7,17.7,17.75,17.55,17.7,63109
2020-05-21,17.7,17.7,17.75,17.55,17.7,63109
2020-05-22,17.7,17.7,17.75,17.55,17.7,63109
2020-05-25,17.7,17.7,17.75,17.55,17.7,63109
2020-05-26,17.7,17.7,17.75,17.55,17.7,63109
2020-05-27,17.7,17.7,17.75,17.55,17.7,63109
2020-05-28,17.7,17.7,17.75,17.55,17.7,63109
2020-05-29,17.7,17.7,17.75,17.55,17.7,63109
2020-06-01,17.7,17.7,17.75,17.55,17.7,63109
2020-06-02,17.7,17.7,17.75,17.55,17.7,63109
2020-06-03,17.7,17.7,17.75,17.55,17.7,63109
2020-06-04,17.7,17.7,17.75,17.55,17.7,63109
2020-06-05,17.7,17.7,17.75,17.55,17.7,63109
2020-06-08,17.7,17.7,17.75,17.55,17.7,63109
2020-06-09,17.7,17.7,17.75,17.55,17.7,63109
2020-06-10,17.7,17.7,17.75,17.55,17.7,63109
2020-06-11,17.7,17.7,17.75,17.55,17.7,63109
2020-06-12,17.7,17.7,17.75,17.55,17.7,63109
2020-06-15,17.7,17.7,17.75,17.55,17.7,63109
2020-06-16,17.7,17.7,17.75,17.55,17.7,63109
2020-06-17,17.7,17.7,17.75,17.55,17.7,63109
2020-06-18,17.7,17.7,17.75,17.55,17.7,63109
2020-06-19,17.7,17.7,17.75,17.55,17.7,63109
2020-06-22,17.7,17.7,17.75,17.55,17.7,63109
2020-06-23,17.7,17.7,17.75,17.55,17.7,63109
2020-06-24,17.7,17.7,17.75,17.55,17.7,63109
2020-06-25,17.7,17.7,17.75,17.55,17.7,63109
2020-06-26,17.7,17.7,17.75,17.55,17.7,63109
2020-06-29,17.7,17.7,17.75,17.55,17.7,63109
2020-06-30,17.7,17.7,17.75,17.55,17.7,63109
2020-07-01,17.7,17.7,17.75,17.55,17.7,63109
2020-07-02,17.7,17.7,17.75,17.55,17.7,63109
2020-07-03,17.7,17.7,17.75,17.55,17.7,63109
2020-07-06,17.7,17.7,17.75,17.55,17.7,63109
2020-07-07,17.7,17.7,17.75,17.55,17.7,63109
2020-07-08,17.7,17.7,17.75,17.55,17.7,63109
2020-07-09,17.7,17.7,17.75,17.55,17.7,63109
2020-07-10,17.7,17.7,17.75,17.55,17.7,63109
2020-07-13,17.7,17.7,17.75,17.55,17.7,63109
2020-07-14,17.7,17.7,17.75,17.55,17.7,63109
2020-07-15,17.7,17.7,17.75,17.55,17.7,63109
2020-07-16,17.7,17.7,17.75,17.55,17.7,63109
2020-07-17,17.7,17.7,17.75,17.55,17.7,63109
2020-07-20,17.7,17.7,17.75,17.55,17.7,63109
2020-07-21,17.7,17.7,17.75,17.55,17.7,63109
2020-07-22,17.7,17.7,17.75,17.55,17.7,63109
2020-07-23,17.7,17.7,17.75,17.55,17.7,63109
2020-07-24,17.7,17.7,17.75,17.55,17.7,63109
2020-07-27,17.7,17.7,17.75,17.55,17.7,63109
2020-07-28,17.7,17.7,17.75,17.55,17.7,63109
2020-07-29,17.7,17.7,17.75,17.55,17.7,63109
2020-07-30,17.7,17.7,17.75,17.55,17.7,63109
2020-07-31,17.7,17.7,17.75,17.55,17.7,63109
2020-08-03,17.7,17.7,17.75,17.55,17.7,63109
2020-08-04,17.7,17.7,17.75,17.55,17.7,63109
2020-08-05,17.7,17.7,17.75,17.55,17.7,63109
2020-08-06,17.7,17.7,17.75,17.55,17.7,63109
2020-08-07,17.7,17.7,17.75,17.55,17.7,63109
2020-08-10,17.7,17.7,17.75,17.55,17.7,63109
2020-08-11,17.7,17.7,17.75,17.55,17.7,63109
2020-08-12,17.7,17.7,17.75,17.55,17.7,63109
2020-08-13,17.7,17.7,17.75,17.55,17.7,63109
2020-08-14,17.7,17.7,17.75,17.55,17.7,63109
2020-08-17,17.7,17.7,17.75,17.55,17.7,63109
2020-08-18,17.7,17.7,17.75,17.55,17.7,63109
2020-08-19,17.7,17.7,17.75,17.55,17.7,63109
2020-08-20,17.7,17.7,17.75,17.55,17.7,63109
2020-08-21,17.7,17.7,17.75,17.55,17.7,63109
2020-08-24,17.7,17.7,17.75,17.55,17.7,63109
2020-08-25,17.7,17.7,17.75,17.55,17.7,63109
2020-08-26,17.7,17.7,17.75,17.55,17.7,63109
2020-08-27,17.7,17.7,17.75,17.55,17.7,63109
2020-08-28,17.7,17.7,17.75,17.55,17.7,63109
2020-08-31,17.7,17.7,17.75,17.55,17.7,63109
2020-09-01,17.7,17.7,17.75,17.55,17.7,63109
2020-09-02,17.7,17.7,17.75,17.55,17.7,63109
2020-09-03,17.7,17.7,17.75,17.55,17.7,63109
2020-09-04,17.7,17.7,17.75,17.55,17.7,63109
2020-09-07,17.7,17.7,17.75,17.55,17.7,63109
2020-09-08,17.7,17.7,17.75,17.55,17.7,63109
2020-09-09,17.7,17.7,17.75,17.55,17.7,63109
2020-09-10,17.7,17.7,17.75,17.55,17.7,63109
2020-09-11,17.7,17.7,17.75,17.55,17.7,63109
2020-09-14,17.7,17.7,17.75,17.55,17.7,63109
2020-09-15,17.7,17.7,17.75,17.55,17.7,63109
2020-09-16,17.7,17.7,17.75,17.55,17.7,63109
2020-09-17,17.7,17.7,17.75,17.55,17.7,63109
2020-09-18,17.7,17.7,17.75,17.55,17.7,63109
2020-09-21,17.7,17.7,17.75,17.55,17.7,63109
2020-09-22,17.7,17.7,17.75,17.55,17.7,63109
2020-09-23,17.7,17.7,17.75,17.55,17.7,63109
2020-09-24,17.7,17.7,17.75,17.55,17.7,63109
2020-09-25,17.7,17.7,17.75,17.55,17.7,63109
2020-09-28,17.7,17.7,17.75,17.55,17.7,63109
2020-09-29,17.7,17.7,17.75,17.55,17.7,63109
2020-09-30,17.7,17.7,17.75,17.55,17.7,63109
2020-10-01,17.7,17.7,17.75,17.55,17.7,63109
2020-10-02,17.7,17.7,17.75,17.55,17.7,63109
2020-10-05,17.7,17.7,17.75,17.55,17.7,63109
2020-10-06,17.7,17.7,17.75,17.55,17.7,63109
2020-10-07,17.7,17.7,17.75,17.55,17.7,63109
2020-10-08,17.7,17.7,17.75,17.55,17.7,63109
2020-10-09,17.7,17.7,17.75,17.55,17.7,63109
2020-10-12,17.7,17.7,17.75,17.55,17.7,63109
2020-10-13,17.7,17.7,17.75,17.55,17.7,63109
2020-10-14,17.7,17.7,17.75,17.55,17.7,63109
2020-10-15,17.7,17.7,17.75,17.55,17.7,63109
2020-10-16,17.7,17.7,17.75,17.55,17.7,63109
2020-10-19,17.7,17.7,17.75,17.55,17.7,63109
2020-10-20,17.7,17.7,17.75,17.55,17.7,63109
2020-10-21,17.7,17.7,17.75,17.55,17.7,63109
2020-10-22,17.7,17.7,17.75,17.55,17.7,63109
2020-10-23,17.7,17.7,17.75,17.55,17.7,63109
2020-10-26,17.7,17.7,17.75,17.55,17.7,63109
2020-10-27,17.7,17.7,17.75,17.55,17.7,63109
2020-10-28,17.7,17.7,17.75,17.55,17.7,63109
2020-10-29,17.7,17.7,17.75,17.55,17.7,63109
2020-10-30,17.7,17.7,17.75,17.55,17.7,63109
2020-11-02,17.7,17.7,17.75,17.55,17.7,63109
2020-11-03,17.7,17.7,17.75,17.55,17.7,63109
2020-11-04,17.7,17.7,17.75,17.55,17.7,63109
2020-11-05,17.7,17.7,17.75,17.55,17.7,63109
2020-11-06,17.7,17.7,17.75,17.55,17.7,63109
2020-11-09,17.7,17.7,17.75,17.55,17.7,63109
2020-11-10,17.7,17.7,17.75,17.55,17.7,63109
2020-11-11,17.7,17.7,17.75,17.55,17.7,63109
2020-11-12,17.7,17.7,17.75,17.55,17.7,63109
2020-11-13,17.7,17.7,17.75,17.55,17.7,63109
2020-11-16,17.7,17.7,17.75,17.55,17.7,63109
2020-11-17,17.7,17.7,17.75,17.55,17.7,63109
2020-11-18,17.7,17.7,17.75,17.55,17.7,63109
2020-11-19,17.7,17.7,17.75,17.55,17.7,63109
2020-11-20,17.7,17.7,17.75,17.55,17.7,63109
2020-11-23,17.7,17.7,17.75,17.55,17.7,63109
2020-11-24,17.7,17.7,17.75,17.55,17.7,63109
2020-11-25,17.7,17.7,17.75,17.55,17.7,63109
2020-11-26,17.7,17.7,17.75,17.55,17.7,63109
2020-11-27,17.7,17.7,17.75,17.55,17.7,63109
2020-11-30,17.7,17.7,17.75,17.55,17.7,63109
2020-12-01,17.7,17.7,17.75,17.55,17.7,63109
2020-12-02,17.7,17.7,17.75,17.55,17.7,63109
2020-12-04,17.7,17.7,17.75,17.55,17.7,63109
2020-12-07,17.7,17.7,17.75,17.55,17.7,63109
2020-12-08,17.7,17.7,17.75,17.55,17.7,63109
2020-12-09,17.7,17.7,17.75,17.55,17.7,63109
2020-12-10,17.7,17.7,17.75,17.55,17.7,63109
2020-12-11,17.7,17.7,17.75,17.55,17.7,63109
2020-12-14,17.7,17.7,17.75,17.55,17.7,63109
2020-12-15,17.7,17.7,17.75,17.55,17.7,63109
2020-12-16,17.7,17.7,17.75,17.55,17.7,63109
2020-12-17,17.7,17.7,17.75,17.55,17.7,63109
2020-12-18,17.7,17.7,17.75,17.55,17.7,63109
2020-12-21,17.7,17.7,17.75,17.55,17.7,63109
2020-12-22,17.7,17.7,17.75,17.55,17.7,63109
2020-12-23,17.7,17.7,17.75,17.55,17.7,63109
2020-12-24,17.7,17.7,17.75,17.55,17.7,63109
2020-12-25,17.7,17.7,17.75,17.55,17.7,63109
2020-12-28,17.7,17.7,17.75,17.55,17.7,63109
2020-12-29,17.7,17.7,17.75,17.55,17.7,63109
2020-12-30,17.7,17.7,17.75,17.55,17.7,63109
2020-12-31,17.7,17.7,17.75,17.55,17.7,63109
2021-01-01,17.7,17.7,17.75,17.55,17.7,63109
2021-01-04,17.7,17.7,17.75,17.55,17.7,63109
2021-01-05,17.7,17.7,17.75,17.55,17.7,63109
2021-01-06,17.7,17.7,17.75,17.55,17.7,63109
2021-01-07,17.7,17.7,17.75,17.55,17.7,63109
2021-01-08,17.7,17.7,17.75,17.55,17.7,63109
2021-01-11,17.7,17.7,17.75,17.55,17.7,63109
2021-01-12,17.7,17.7,17.75,17.55,17.7,63109
2021-01-13,17.7,17.7,17.75,17.55,17.7,63109
2021-01-14,17.7,17.7,17.75,17.55,17.7,63109
2021-01-15,17.7,17.7,17.75,17.55,17.7,63109
2021-01-18,17.7,17.7,17.75,17.55,17.7,63109
2021-01-19,17.7,17.7,17.75,17.55,17.7,63109
2021-01-20,17.7,17.7,17.75,17.55,17.7,63109
2021-01-21,17.7,17.7,17.75,17.55,17.7,63109
2021-01-22,17.7,17.7,17.75,17.55,17.7,63109
2021-01-25,17.7,17.7,17.75,17.55,17.7,63109
2021-01-26,17.7,17.7,17.75,17.55,17.7,63109
2021-01-27,17.7,17.7,17.75,17.55,17.7,63109
2021-01-28,17.7,17.7,17.75,17.55,17.7,63109
2021-01-29,17.7,17.7,17.75,17.55,17.7,63109
2021-02-01,17.7,17.7,17.75,17.55,17.7,63109
2021-02-02,17.7,17.7,17.75,17.55,17.7,63109
2021-02-03,17.7,17.7,17.75,17.55,17.7,63109
2021-02-04,17.7,17.7,17.75,17.55,17.7,63109
2021-02-05,17.7,17.7,17.75,17.55,17.7,63109
2021-02-08,17.7,17.7,17.75,17.55,17.7,63109
2021-02-09,17.7,17.7,17.75,17.55,17.7,63109
2021-02-10,17.7,17.7,17.75,17.55,17.7,63109
2021-02-11,17.7,17.7,17.75,17.55,17.7,63109
2021-02-12,17.7,17.7,17.75,17.55,17.7,63109
2021-02-15,17.7,17.7,17.75,17.55,17.7,63109
2021-02-16,17.7,17.7,17.75,17.55,17.7,63109
2021-02-17,17.7,17.7,17.75,17.55,17.7,63109
2021-02-18,17.7,17.7,17.75,17.55,17.7,63109
2021-02-19,17.7,17.7,17.75,17.55,17.7,63109
2021-02-22,17.7,17.7,17.75,17.55,17.7,63109
2021-02-23,17.7,17.7,17.75,17.55,17.7,63109
2021-02-24,17.7,17.7,17.75,17.55,17.7,63109
2021-02-25,17.7,17.7,17.75,17.55,17.7,63109
2021-02-26,17.7,17.7,17.75,17.55,17.7,63109
2021-03-01,17.7,17.7,17.75,17.55,17.7,63109
2021-03-02,17.7,17.7,17.75,17.55,17.7,63109
2021-03-03,17.7,17.7,17.75,17.55,17.7,63109
2021-03-04,17.7,17.7,17.75,17.55,17.7,63109
2021-03-05,17.7,17.7,17.75,17.55,17.7,63109
2021-03-08,17.7,17.7,17.75,17.55,17.7,63109
2021-03-09,17.7,17.7,17.75,17.55,17.7,63109
2021-03-10,17.7,17.7,17.75,17.55,17.7,63109
2021-03-11,17.7,17.7,17.75,17.55,17.7,63109
2021-03-12,17.7,17.7,17.75,17.55,17.7,63109
2021-03-15,17.7,17.7,17.75,17.55,17.7,63109
2021-03-16,17.7,17.7,17.75,17.55,17.7,63109
2021-03-17,17.7,17.7,17.75,17.55,17.7,63109
2021-03-18,17.7,17.7,17.75,17.55,17.7,63109
2021-03-19,17.7,17.7,17.75,17.55,17.7,63109
2021-03-22,17.7,17.7,17.75,17.55,17.7,63109
2021-03-23,17.7,17.7,17.75,17.55,17.7,63109
2021-03-24,17.7,17.7,17.75,17.55,17.7,63109
2021-03-25,17.7,17.7,17.75,17.55,17.7,63109
2021-03-26,17.7,17.7,17.75,17.55,17.7,63109
2021-03-29,17.7,17.7,17.75,17.55,17.7,63109
2021-03-30,17.7,17.7,17.75,17.55,17.7,63109
2021-03-31,17.7,17.7,17.75,17.55,17.7,63109
2021-04-01,17.7,17.7,17.75,17.55,17.7,63109
2021-04-02,17.7,17.7,17.75,17.55,17.7,63109
2021-04-05,17.7,17.7,17.75,17.55,17.7,63109
2021-04-06,17.7,17.7,17.75,17.55,17.7,63109
2021-04-07,17.7,17.7,17.75,17.55,17.7,63109
2021-04-08,17.7,17.7,17.75,17.55,17.7,63109
2021-04-09,17.7,17.7,17.75,17.55,17.7,63109
2021-04-12,17.7,17.7,17.75,17.55,17.7,63109
2021-04-13,17.7,17.7,17.75,17.55,17.7,63109
2021-04-14,17.7,17.7,17.75,17.55,17.7,63109
2021-04-15,17.7,17.7,17.75,17.55,17.7,63109
2021-04-16,17.7,17.7,17.75,17.55,17.7,63109
2021-04-19,17.7,17.7,17.75,17.55,17.7,63109
2021-04-20,17.7,17.7,17.75,17.55,17.7,63109
2021-04-21,17.7,17.7,17.75,17.55,17.7,63109
2021-04-22,17.7,17.7,17.75,17.55,17.7,63109
2021-04-23,17.7,17.7,17.75,17.55,17.7,63109
2021-04-26,17.7,17.7,17.75,17.55,17.7,63109
2021-04-27,17.7,17.7,17.75,17.55,17.7,63109
2021-04-28,17.7,17.7,17.75,17.55,17.7,63109
2021-04-29,17.7,17.7,17.75,17.55,17.7,63109
2021-04-30,17.7,17.7,17.75,17.55,17.7,63109
2021-05-03,17.7,17.7,17.75,17.55,17.7,63109
2021-05-04,17.7,17.7,17.75,17.55,17.7,63109
2021-05-05,17.7,17.7,17.75,17.55,17.7,63109
2021-05-06,17.7,17.7,17.75,17.55,17.7,63109
2021-05-07,17.7,17.7,17.75,17.55,17.7,63109
2021-05-10,17.7,17.7,17.75,17.55,17.7,63109
2021-05-11,17.7,17.7,17.75,17.55,17.7,63109
2021-05-12,17.7,17.7,17.75,17.55,17.7,63109
2021-05-13,17.7,17.7,17.75,17.55,17.7,63109
2021-05-14,17.7,17.7,17.75,17.55,17.7,63109
2021-05-17,17.7,17.7,17.75,17.55,17.7,63109
2021-05-18,17.7,17.7,17.75,17.55,17.7,63109
2021-05-19,17.7,17.7,17.75,17.55,17.7,63109
2021-05-20,17.7,17.7,17.75,17.55,17.7,63109
2021-05-21,17.7,17.7,17.75,17.55,17.7,63109
2021-05-24,17.7,17.7,17.75,17.55,17.7,63109
2021-05-25,17.7,17.7,17.75,17.55,17.7,63109
2021-05-26,17.7,17.7,17.75,17.55,17.7,63109
2021-05-27,17.7,17.7,17.75,17.55,17.7,63109
2021-05-28,17.7,17.7,17.75,17.55,17.7,63109
2021-05-31,17.7,17.7,17.75,17.55,17.7,63109
2021-06-01,17.7,17.7,17.75,17.55,17.7,63109
2021-06-02,17.7,17.7,17.75,17.55,17.7,63109
2021-06-03,17.7,17.7,17.75,17.55,17.7,63109
2021-06-04,17.7,17.7,17.75,17.55,17.7,63109
2021-06-07,17.7,17.7,17.75,17.55,17.7,63109
2021-06-08,17.7,17.7,17.75,17.55,17.7,63109
2021-06-09,17.7,17.7,17.75,17.55,17.7,63109
2021-06-10,17.7,17.7,17.75,17.55,17.7,63109
2021-06-11,17.7,17.7,17.75,17.55,17.7,63109
2021-06-14,17.7,17.7,17.75,17.55,17.7,63109
2021-06-15,17.7,17.7,17.75,17.55,17.7,63109
2021-06-16,17.7,17.7,17.75,17.55,17.7,63109
2021-06-17,17.7,17.7,17.75,17.55,17.7,63109
2021-06-18,17.7,17.7,17.75,17.55,17.7,63109
2021-06-21,17.7,17.7,17.75,17.55,17.7,63109
2021-06-22,17.7,17.7,17.75,17.55,17.7,63109
2021-06-23,17.7,17.7,17.75,17.55,17.7,63109
2021-06-24,17.7,17.7,17.75,17.55,17.7,63109
2021-06-25,17.7,17.7,17.75,17.55,17.7,63109
2021-06-28,17.7,17.7,17.75,17.55,17.7,63109
2021-06-29,17.7,17.7,17.75,17.55,17.7,63109
2021-06-30,17.7,17.7,17.75,17.55,17.7,63109
2021-07-01,17.7,17.7,17.75,17.55,17.7,63109
2021-07-02,17.7,17.7,17.75,17.55,17.7,63109
2021-07-05,17.7,17.7,17.75,17.55,17.7,63109
2021-07-06,17.7,17.7,17.75,17.55,17.7,63109
2021-07-07,17.7,17.7,17.75,17.55,17.7,63109
2021-07-08,17.7,17.7,17.75,17.55,17.7,63109
2021-07-09,17.7,17.7,17.75,17.55,17.7,63109
2021-07-12,17.7,17.7,17.75,17.55,17.7,63109
2021-07-13,17.7,17.7,17.75,17.55,17.7,63109
2021-07-14,17.7,17.7,17.75,17.55,17.7,63109
2021-07-15,17.7,17.7,17.75,17.55,17.7,63109
2021-07-16,17.7,17.7,17.75,17.55,17.7,63109
2021-07-19,17.7,17.7,17.75,17.55,17.7,63109
2021-07-20,17.7,17.7,17.75,17.55,17.7,63109
2021-07-21,17.7,17.7,17.75,17.55,17.7,63109
2021-07-22,17.7,17.7,17.75,17.55,17.7,63109
2021-07-23,17.7,17.7,17.75,17.55,17.7,63109
2021-07-26,17.7,17.7,17.75,17.55,17.7,63109
2021-07-27,17.7,17.7,17.75,17.55,17.7,63109
2021-07-28,17.7,17.7,17.75,17.55,17.7,63109
2021-07-29,17.7,17.7,17.75,17.55,17.7,63109
2021-07-30,17.7,17.7,17.75,17.55,17.7,63109
2021-08-02,17.7,17.7,17.75,17.55,17.7,63109
2021-08-03,17.7,17.7,17.75,17.55,17.7,63109
2021-08-04,17.7,17.7,17.75,17.55,17.7,63109
2021-08-05,17.7,17.7,17.75,17.55,17.7,63109
2021-08-06,17.7,17.7,17.75,17.55,17.7,63109
2021-08-09,30.8,30.8,30.8,30.1,30.1,155000
2021-08-10,29.65,29.65,31.25,29.5,31.0,543000
2021-08-11,29.25,29.25,30.0,29.25,30.0,294000
2021-08-12,32.1,32.1,32.15,29.25,29.35,902000
2021-08-13,32.2,32.2,33.65,31.75,32.5,2188000
2021-08-16,29.0,29.0,29.0,29.0,29.0,929000
2021-08-17,26.25,26.25,29.2,26.1,29.05,2142000
2021-08-18,26.85,26.85,27.0,24.2,26.1,1082000
2021-08-19,25.85,25.85,27.0,25.8,26.2,264000
2021-08-20,25.25,25.25,25.9,25.1,25.35,230000
2021-08-23,25.8,25.8,26.35,25.0,26.35,357000
2021-08-24,26.1,26.1,26.1,25.0,25.7,284000
2021-08-25,26.65,26.65,26.8,25.95,26.15,136000
2021-08-26,27.0,27.0,28.1,26.7,26.7,307000
2021-08-27,26.6,26.6,27.0,26.45,27.0,117000
2021-08-30,26.45,26.45,26.7,26.4,26.45,58000
2021-08-31,26.95,26.95,26.95,26.4,26.8,105000
2021-09-01,26.7,26.7,27.1,26.5,26.85,110000
2021-09-02,26.85,26.85,27.55,26.5,27.0,152000
2021-09-03,26.9,26.9,27.3,26.85,27.3,95000
2021-09-06,26.4,26.4,26.9,26.35,26.8,97000
2021-09-07,25.85,25.85,26.4,25.8,26.4,125000
2021-09-08,25.25,25.25,25.95,25.05,25.85,141000
2021-09-09,25.5,25.5,25.9,24.6,25.1,200000
2021-09-10,25.95,25.95,26.45,25.8,26.45,69000
2021-09-13,28.35,28.35,28.35,26.0,26.45,599000
2021-09-14,27.7,27.7,28.7,27.3,28.4,446000
2021-09-15,27.1,27.1,27.7,27.05,27.7,131000
2021-09-16,27.15,27.15,27.15,26.3,26.85,212000
2021-09-17,27.25,27.25,27.3,27.05,27.15,73000
2021-09-20,17.7,17.7,18.0,17.4,17.6,106575
2021-09-21,17.7,17.7,18.0,17.4,17.6,106575
2021-09-22,28.05,28.05,28.55,26.6,27.25,630000
2021-09-23,27.5,27.5,28.9,27.5,28.9,251000
2021-09-24,27.4,27.4,28.05,27.1,27.5,116000
2021-09-27,27.45,27.45,27.8,27.3,27.5,42000
2021-09-28,27.95,27.95,27.95,27.5,27.5,102000
2021-09-29,27.9,27.9,28.3,27.6,27.95,129000
2021-09-30,26.6,26.6,28.2,26.6,27.8,264000
2021-10-01,25.5,25.5,27.3,25.4,26.6,490000
2021-10-04,24.95,24.95,26.3,24.4,25.5,336000
2021-10-05,24.95,24.95,25.8,24.7,25.0,190000
2021-10-06,24.8,24.8,25.3,24.7,24.95,209000
2021-10-07,24.9,24.9,25.2,24.6,24.85,122000
2021-10-08,24.95,24.95,24.95,24.75,24.9,62000
2021-10-11,17.7,17.7,18.0,17.4,17.6,106575
2021-10-12,24.55,24.55,24.95,24.1,24.95,155000
2021-10-13,24.4,24.4,24.6,23.95,24.55,87000
2021-10-14,24.0,24.0,24.2,23.6,24.05,222000
2021-10-15,24.8,24.8,24.8,23.95,23.95,305000
2021-10-18,24.35,24.35,24.95,24.1,24.8,97000
2021-10-19,24.2,24.2,24.25,24.0,24.25,127000
2021-10-20,24.15,24.15,24.5,24.1,24.2,167000
2021-10-21,24.5,24.5,25.6,24.2,24.45,241000
2021-10-22,24.25,24.25,25.15,24.1,25.15,123000
2021-10-25,25.0,25.0,26.45,24.35,24.35,749000
2021-10-26,25.15,25.15,26.35,25.05,25.05,486000
2021-10-27,25.35,25.35,26.55,25.25,25.25,850000
2021-10-28,27.85,27.85,27.85,26.5,27.45,920000
2021-10-29,30.6,30.6,30.6,26.75,27.95,3209000
2021-11-01,30.05,30.05,31.65,29.4,30.85,2419000
2021-11-02,31.95,31.95,32.9,30.0,30.0,2949000
2021-11-03,33.3,33.3,34.3,32.05,32.15,3598000
2021-11-04,32.7,32.7,34.3,32.45,33.9,1896000
2021-11-05,32.6,32.6,34.1,32.5,33.8,1021000
2021-11-08,33.3,33.3,34.8,32.8,32.8,1876000
2021-11-09,33.1,33.1,34.5,33.0,34.0,1502000
2021-11-10,32.5,32.5,33.65,32.4,33.6,866000
2021-11-11,33.0,33.0,33.5,31.9,32.9,1199000
2021-11-12,33.8,33.8,34.85,32.0,33.0,3597000
2021-11-15,33.65,33.65,35.05,32.95,34.0,2907000
2021-11-16,35.05,35.05,35.55,33.6,33.6,4294000
2021-11-17,33.1,33.1,35.45,32.7,35.45,4018000
2021-11-18,32.0,32.0,33.0,31.15,32.55,2294000
2021-11-19,31.7,31.7,32.3,31.6,32.15,614000
2021-11-22,33.8,33.8,34.45,31.5,31.7,2113000
2021-11-23,33.55,33.55,34.15,33.3,33.6,993000
2021-11-24,33.45,33.45,34.35,33.05,33.5,1024000
2021-11-25,34.0,34.0,34.65,33.45,33.95,1336000
2021-11-26,32.5,32.5,34.5,32.0,33.65,1240000
2021-11-29,32.05,32.05,33.0,30.55,31.6,849000
2021-11-30,33.1,33.1,34.0,32.2,32.5,1030000
2021-12-01,36.4,36.4,36.4,33.3,34.0,12603000
2021-12-02,40.0,40.0,40.0,35.6,35.6,18148000
2021-12-03,40.0,40.0,40.35,38.5,40.0,21924000
2021-12-06,42.0,42.0,44.0,39.7,40.0,26814000
2021-12-07,41.05,41.05,42.45,40.2,42.0,10656000
2021-12-08,40.55,40.55,43.0,40.5,41.2,12551000
2021-12-09,38.85,38.85,40.45,37.5,39.05,10538000
2021-12-10,35.0,35.0,39.0,35.0,38.0,6753000
2021-12-13,34.85,34.85,35.7,33.45,34.5,7708000
2021-12-14,33.8,33.8,34.9,33.1,34.4,3008000
2021-12-15,33.75,33.75,34.25,33.4,33.4,1770000
2021-12-16,33.4,33.4,34.2,33.2,34.15,1444000
2021-12-17,32.55,32.55,34.5,32.55,33.8,2498000
2021-12-20,33.15,33.15,34.5,32.3,32.55,2941000
2021-12-21,32.9,32.9,33.8,32.15,33.8,1221000
2021-12-22,32.45,32.45,33.5,32.2,33.1,1343000
2021-12-23,33.75,33.75,33.95,32.5,32.55,1253000
2021-12-24,33.85,33.85,34.5,33.4,33.75,1663000
2021-12-27,34.1,34.1,34.8,33.5,34.0,1325000
2021-12-28,34.65,34.65,35.65,34.5,34.8,3443000
2021-12-29,36.85,36.85,37.65,34.65,34.65,6137000
2021-12-30,37.0,37.0,37.65,36.15,36.5,3971000
2021-12-31,17.7,17.7,18.0,17.4,17.6,106575
2022-01-03,36.35,36.35,38.0,36.25,38.0,2648000
2022-01-04,38.2,38.2,39.3,36.4,37.1,6335000
2022-01-05,37.0,37.0,38.45,37.0,38.0,3238000
2022-01-06,36.8,36.8,37.6,36.5,36.8,1326000
2022-01-07,35.15,35.15,37.15,34.35,37.1,2755000
2022-01-10,35.8,35.8,36.2,34.4,34.4,1324000
2022-01-11,35.2,35.2,36.4,35.2,36.4,1332000
2022-01-12,35.45,35.45,35.85,35.15,35.3,779000
2022-01-13,35.2,35.2,36.35,35.1,35.55,977000
2022-01-14,35.85,35.85,36.65,33.7,35.35,2366000
2022-01-17,36.05,36.05,37.9,35.8,36.0,1595000
2022-01-18,36.35,36.35,37.5,36.1,36.8,1502000
2022-01-19,36.75,36.75,37.15,36.25,36.45,1732000
2022-01-20,39.0,39.0,39.35,36.65,36.95,6692000
2022-01-21,36.9,36.9,39.4,36.9,38.2,4917000
2022-01-24,36.0,36.0,36.8,35.05,36.8,2586000
2022-01-25,34.95,34.95,36.3,34.7,36.0,2736000
2022-01-26,34.8,34.8,35.1,34.2,35.0,1346000
2022-01-27,17.7,17.7,18.0,17.4,17.6,106575
2022-01-28,17.7,17.7,18.0,17.4,17.6,106575
2022-01-31,17.7,17.7,18.0,17.4,17.6,106575
2022-02-01,17.7,17.7,18.0,17.4,17.6,106575
2022-02-02,17.7,17.7,18.0,17.4,17.6,106575
2022-02-03,17.7,17.7,18.0,17.4,17.6,106575
2022-02-04,17.7,17.7,18.0,17.4,17.6,106575
2022-02-07,37.3,37.3,37.95,35.1,35.1,2450000
2022-02-08,39.5,39.5,40.1,37.8,38.2,9924000
2022-02-09,39.8,39.8,40.4,39.05,39.5,4645000
2022-02-10,40.2,40.2,40.75,38.65,39.95,6433000
2022-02-11,39.9,39.9,41.0,39.5,39.7,4991000
2022-02-14,39.45,39.45,40.65,39.1,39.9,4968000
2022-02-15,39.5,39.5,40.5,39.4,39.7,3147000
2022-02-16,40.4,40.4,42.0,39.9,40.3,14347000
2022-02-17,39.5,39.5,40.2,38.1,40.05,8641000
2022-02-18,42.45,42.45,42.9,39.1,39.1,21464000
2022-02-21,42.2,42.2,44.3,42.0,42.0,17449000
2022-02-22,40.1,40.1,42.2,39.6,42.15,8608000
2022-02-23,39.55,39.55,41.1,38.8,40.55,7411000
2022-02-24,38.7,38.7,41.15,38.3,39.1,12593000
2022-02-25,40.9,40.9,41.3,39.5,39.5,9101000
2022-02-28,17.7,17.7,18.0,17.4,17.6,106575
2022-03-01,42.05,42.05,42.5,40.7,40.9,7586000
2022-03-02,41.15,41.15,42.7,40.9,41.75,4560000
2022-03-03,41.15,41.15,42.05,40.85,41.25,5353000
2022-03-04,40.1,40.1,41.15,40.05,40.65,3691000
2022-03-07,38.7,38.7,39.8,37.5,39.55,5495000
2022-03-08,35.1,35.1,39.0,35.1,37.95,8209000
2022-03-09,37.95,37.95,38.25,35.65,36.3,4609000
2022-03-10,39.1,39.1,39.35,38.0,38.6,3835000
2022-03-11,39.0,39.0,39.4,38.5,38.6,1570000
2022-03-14,39.35,39.35,39.95,38.75,39.25,2378000
2022-03-15,38.0,38.0,39.5,38.0,39.35,1961000
2022-03-16,38.3,38.3,39.0,38.0,38.55,1324000
2022-03-17,39.3,39.3,39.4,38.75,38.9,1287000
2022-03-18,39.85,39.85,40.1,39.35,39.6,2371000
2022-03-21,41.3,41.3,41.95,40.1,40.1,7035000
2022-03-22,41.4,41.4,41.6,40.7,41.3,2320000
2022-03-23,41.4,41.4,41.9,41.2,41.5,1933000
2022-03-24,39.9,39.9,41.0,39.85,40.3,3776000
2022-03-25,39.0,39.0,40.2,39.0,39.6,2953000
2022-03-28,39.55,39.55,39.55,38.4,39.0,1054000
2022-03-29,40.05,40.05,40.35,39.8,39.8,1660000
2022-03-30,39.95,39.95,41.1,39.95,40.3,3148000
2022-03-31,39.65,39.65,40.25,39.6,40.25,998000
2022-04-01,39.8,39.8,39.8,39.35,39.7,634000
2022-04-04,17.7,17.7,18.0,17.4,17.6,106575
2022-04-05,17.7,17.7,18.0,17.4,17.6,106575
2022-04-06,39.55,39.55,39.9,39.0,39.85,882000
2022-04-07,39.55,39.55,41.75,39.45,39.8,7001000
2022-04-08,41.75,41.75,41.75,39.65,39.65,5653000
2022-04-11,40.4,40.4,42.2,40.35,42.05,4449000
2022-04-12,41.05,41.05,42.7,40.15,40.9,6443000
2022-04-13,42.15,42.15,44.5,41.3,41.6,15625000
2022-04-14,40.9,40.9,43.6,40.7,42.65,11168000
2022-04-15,39.7,39.7,41.35,39.65,40.85,6697000
2022-04-18,39.2,39.2,40.7,39.2,40.7,2091000
2022-04-19,39.7,39.7,40.25,39.25,39.75,1555000
2022-04-20,39.4,39.4,40.3,39.0,40.05,2054000
2022-04-21,38.4,38.4,39.0,38.3,38.8,2067000
2022-04-22,39.3,39.3,40.25,37.4,38.4,5505000
2022-04-25,36.7,36.7,38.8,36.1,38.75,5215000
2022-04-26,36.4,36.4,37.35,36.35,37.0,2032000
2022-04-27,36.1,36.1,36.45,35.0,35.0,1979000
2022-04-28,35.8,35.8,36.4,35.7,36.25,1110000
2022-04-29,36.5,36.5,37.15,36.4,36.4,1459000
2022-05-02,17.7,17.7,18.0,17.4,17.6,106575
2022-05-03,36.8,36.8,37.3,36.5,36.55,1054000
2022-05-04,36.75,36.75,37.2,36.75,37.1,961000
2022-05-05,36.8,36.8,37.3,36.75,37.0,1530000
2022-05-06,36.25,36.25,36.65,35.7,36.65,1749000
2022-05-09,35.5,35.5,36.15,35.2,36.0,968000
2022-05-10,35.55,35.55,35.9,34.45,34.7,1235000
2022-05-11,35.0,35.0,35.9,34.95,35.35,886000
2022-05-12,32.0,32.0,35.25,32.0,35.2,2987000
2022-05-13,32.55,32.55,32.85,32.3,32.4,763000
2022-05-16,32.7,32.7,32.9,32.3,32.8,726000
2022-05-17,32.6,32.6,33.0,32.2,32.8,886000
2022-05-18,33.2,33.2,33.3,32.7,32.7,699000
2022-05-19,32.45,32.45,32.75,31.8,32.75,747000
2022-05-20,32.5,32.5,32.75,32.25,32.5,554000
2022-05-23,32.4,32.4,32.7,32.3,32.6,406000
2022-05-24,32.1,32.1,32.95,32.0,32.5,650000
2022-05-25,32.3,32.3,32.45,31.95,32.1,626000
2022-05-26,31.8,31.8,32.55,31.65,32.4,747000
2022-05-27,32.0,32.0,32.25,31.95,31.95,330000
2022-05-30,32.5,32.5,32.65,32.1,32.1,551000
2022-05-31,32.7,32.7,32.7,32.35,32.65,350000
2022-06-01,33.3,33.3,33.4,32.65,32.7,766000
2022-06-02,33.05,33.05,33.3,32.9,33.3,441000
2022-06-03,17.7,17.7,18.0,17.4,17.6,106575
2022-06-06,33.15,33.15,33.35,33.0,33.2,310000
2022-06-07,33.55,33.55,33.55,33.1,33.1,335000
2022-06-08,34.3,34.3,35.0,33.5,33.6,976000
2022-06-09,34.0,34.0,34.3,33.75,34.3,383000
2022-06-10,34.0,34.0,34.1,33.75,33.8,294000
2022-06-13,31.85,31.85,33.7,31.75,33.7,1671000
2022-06-14,31.6,31.6,31.8,30.5,31.2,840000
2022-06-15,30.4,30.4,32.0,30.4,31.75,1043000
2022-06-16,29.1,29.1,31.0,29.1,30.85,1109000
2022-06-17,28.55,28.55,28.75,27.5,28.1,1553000
2022-06-20,26.05,26.05,28.7,26.0,28.7,2315000
2022-06-21,28.2,28.2,28.25,26.6,26.7,1441000
2022-06-22,26.75,26.75,28.1,26.65,28.1,1336000
2022-06-23,26.75,26.75,27.1,26.2,27.1,560000
2022-06-24,26.95,26.95,27.15,26.4,26.75,534000
2022-06-27,27.9,27.9,28.05,27.1,27.1,795000
2022-06-28,27.7,27.7,27.9,27.15,27.7,584000
2022-06-29,27.95,27.95,28.0,27.5,27.9,583000
2022-06-30,27.1,27.1,27.85,27.05,27.75,626000
2022-07-01,24.85,24.85,27.0,24.6,26.95,1204000
2022-07-04,26.0,26.0,26.7,25.0,25.0,1091000
2022-07-05,26.6,26.6,26.75,25.95,26.25,871000
2022-07-06,25.8,25.8,26.75,25.7,26.75,516000
2022-07-07,26.85,26.85,27.45,25.45,26.0,819000
2022-07-08,27.35,27.35,27.55,27.05,27.1,628000
2022-07-11,27.4,27.4,27.6,27.0,27.45,312000
2022-07-12,26.35,26.35,27.05,26.0,27.0,416000
2022-07-13,26.9,26.9,27.25,26.5,26.5,651000
2022-07-14,28.5,28.5,28.85,26.6,26.75,1049000
2022-07-15,29.35,29.35,29.6,28.05,28.5,1208000
2022-07-18,31.0,31.0,31.1,29.15,29.15,1498000
2022-07-19,30.5,30.5,31.1,30.2,30.65,1292000
2022-07-20,30.35,30.35,31.1,30.05,31.0,999000
2022-07-21,29.85,29.85,30.3,29.5,30.0,758000
2022-07-22,28.95,28.95,30.2,28.9,30.2,922000
2022-07-25,28.35,28.35,29.1,28.35,29.1,806000
2022-07-26,27.85,27.85,28.5,27.8,28.5,611000
2022-07-27,27.7,27.7,27.8,27.0,27.35,652000
2022-07-28,27.5,27.5,28.0,27.5,27.7,382000
2022-07-29,27.55,27.55,27.85,27.55,27.85,251000
2022-08-01,27.8,27.8,28.15,27.35,27.55,794000
2022-08-02,27.25,27.25,27.55,27.1,27.5,445000
2022-08-03,26.95,26.95,27.4,26.95,27.15,439000
2022-08-04,26.6,26.6,27.05,26.15,27.05,566000
2022-08-05,26.9,26.9,27.1,26.55,26.55,314000
2022-08-08,27.05,27.05,27.05,26.7,26.8,440000
2022-08-09,27.0,27.0,27.2,26.95,27.0,340000
2022-08-10,27.3,27.3,27.45,26.9,27.0,938000
2022-08-11,26.8,26.8,27.5,26.8,27.35,1504000
2022-08-12,27.0,27.0,27.15,26.65,27.0,1011000
2022-08-15,27.3,27.3,27.45,26.95,27.1,919000
2022-08-16,27.3,27.3,27.55,27.25,27.4,696000
2022-08-17,27.45,27.45,28.0,27.35,27.45,596000
2022-08-18,27.45,27.45,27.6,27.3,27.35,264000
2022-08-19,27.2,27.2,27.6,27.15,27.45,637000
2022-08-22,26.8,26.8,27.2,26.7,27.2,1982000
2022-08-23,26.55,26.55,26.6,26.35,26.55,452000
2022-08-24,26.4,26.4,26.75,26.4,26.55,360000
2022-08-25,26.45,26.45,26.55,26.35,26.4,299000
2022-08-26,26.45,26.45,26.75,26.45,26.6,489000
2022-08-29,25.4,25.4,26.0,25.3,26.0,1014000
2022-08-30,25.4,25.4,25.6,25.15,25.15,304000
2022-08-31,25.5,25.5,25.5,25.3,25.45,394000
2022-09-01,25.35,25.35,25.45,25.2,25.4,504000
2022-09-02,25.5,25.5,25.65,25.35,25.35,306000
2022-09-05,25.25,25.25,25.5,25.15,25.5,547000
2022-09-06,25.0,25.0,25.5,24.85,25.5,592000
2022-09-07,24.5,24.5,24.9,24.5,24.8,529000
2022-09-08,24.5,24.5,24.7,24.3,24.6,244000
2022-09-09,17.7,17.7,18.0,17.4,17.6,106575
2022-09-12,25.4,25.4,26.2,24.7,24.75,1098000
2022-09-13,25.4,25.4,25.7,25.3,25.4,330000
2022-09-14,25.35,25.35,25.45,24.8,24.9,212000
2022-09-15,25.3,25.3,25.7,25.3,25.35,379000
2022-09-16,25.45,25.45,25.7,25.4,25.5,268000
2022-09-19,25.05,25.05,25.6,24.9,25.45,352000
2022-09-20,24.9,24.9,25.1,24.85,25.0,300000
2022-09-21,25.15,25.15,25.2,24.55,24.9,530000
2022-09-22,24.8,24.8,24.95,24.65,24.95,201000
2022-09-23,24.2,24.2,24.75,24.15,24.65,663000
2022-09-26,22.4,22.4,24.35,22.3,24.35,1422000
2022-09-27,22.4,22.4,22.5,21.9,22.45,336000
2022-09-28,20.2,20.2,22.55,20.2,22.55,1546000
2022-09-29,21.45,21.45,22.0,20.75,20.8,788000
2022-09-30,21.35,21.35,21.5,20.7,21.05,488000
2022-10-03,21.55,21.55,21.85,21.15,21.2,242000
2022-10-04,21.65,21.65,22.0,21.55,21.8,369000
2022-10-05,21.5,21.5,22.1,21.5,21.95,345000
2022-10-06,21.6,21.6,21.8,21.4,21.75,188000
2022-10-07,21.45,21.45,21.65,21.45,21.6,125000
2022-10-10,17.7,17.7,18.0,17.4,17.6,106575
2022-10-11,20.9,20.9,21.4,20.8,21.4,353000
2022-10-12,21.65,21.65,21.8,20.95,20.95,653000
2022-10-13,20.25,20.25,21.95,20.2,21.95,745000
2022-10-14,20.8,20.8,21.25,20.8,20.8,197000
2022-10-17,20.35,20.35,20.8,19.9,20.8,668000
2022-10-18,20.45,20.45,20.75,20.35,20.6,149000
2022-10-19,20.8,20.8,21.1,20.65,20.7,224000
2022-10-20,20.6,20.6,20.7,20.35,20.55,276000
2022-10-21,20.4,20.4,20.6,20.4,20.5,111000
2022-10-24,20.75,20.75,21.1,20.75,21.0,203000
2022-10-25,20.55,20.55,20.8,20.55,20.7,112000
2022-10-26,20.35,20.35,20.6,20.35,20.55,166000
2022-10-27,20.4,20.4,20.5,20.35,20.45,101000
2022-10-28,20.3,20.3,20.7,20.3,20.45,183000
2022-10-31,20.2,20.2,20.55,20.0,20.5,95000
2022-11-01,20.4,20.4,20.6,20.2,20.2,70000
2022-11-02,21.15,21.15,21.3,20.55,20.55,350000
2022-11-03,21.45,21.45,21.5,20.9,21.15,279000
2022-11-04,21.5,21.5,21.6,21.4,21.5,92000
2022-11-07,21.85,21.85,22.05,21.55,21.55,225000
2022-11-08,21.7,21.7,22.25,21.6,21.9,204000
2022-11-09,21.5,21.5,21.9,21.5,21.9,268000
2022-11-10,22.2,22.2,23.05,21.9,22.15,1187000
2022-11-11,22.6,22.6,23.0,22.15,22.95,788000
2022-11-14,22.9,22.9,22.9,22.5,22.6,281000
2022-11-15,23.65,23.65,24.5,23.2,23.2,1619000
2022-11-16,23.1,23.1,23.9,23.05,23.65,468000
2022-11-17,22.85,22.85,23.25,22.8,23.1,481000
2022-11-18,22.5,22.5,22.85,22.5,22.7,457000
2022-11-21,23.45,23.45,23.65,22.0,22.1,1521000
2022-11-22,22.9,22.9,23.7,22.65,23.2,559000
2022-11-23,22.9,22.9,23.3,22.9,23.0,254000
2022-11-24,23.1,23.1,23.15,22.9,23.0,244000
2022-11-25,22.95,22.95,23.45,22.95,23.1,365000
2022-11-28,22.9,22.9,23.0,22.75,22.95,193000
2022-11-29,24.0,24.0,24.1,22.9,22.9,1344000
2022-11-30,24.9,24.9,25.35,23.9,24.0,1939000
2022-12-01,24.9,24.9,25.15,24.5,24.9,840000
2022-12-02,25.05,25.05,25.3,24.8,24.8,687000
2022-12-05,25.15,25.15,25.5,25.05,25.1,515000
2022-12-06,24.4,24.4,25.4,24.2,25.4,756000
2022-12-07,23.9,23.9,24.45,23.7,24.2,643000
2022-12-08,24.15,24.15,24.4,23.95,24.0,470000
2022-12-09,23.95,23.95,24.25,23.9,24.25,422000
2022-12-12,25.15,25.15,25.3,23.05,23.05,1048000
2022-12-13,25.2,25.2,25.85,25.0,25.5,1680000
2022-12-14,25.35,25.35,25.45,25.15,25.25,602000
2022-12-15,25.8,25.8,26.0,25.5,25.5,1316000
2022-12-16,25.45,25.45,26.1,25.25,25.5,789000
2022-12-19,25.0,25.0,25.5,25.0,25.3,325000
2022-12-20,24.1,24.1,25.25,24.0,24.8,617000
2022-12-21,24.75,24.75,25.3,24.3,24.35,691000
2022-12-22,24.95,24.95,25.3,24.7,25.3,270000
2022-12-23,25.35,25.35,25.8,24.75,24.75,494000
2022-12-26,25.1,25.1,25.4,25.05,25.35,269000
2022-12-27,24.85,24.85,25.3,24.7,25.3,241000
2022-12-28,24.4,24.4,24.9,24.35,24.65,318000
2022-12-29,24.2,24.2,24.4,24.05,24.4,188000
2022-12-30,24.75,24.75,24.8,24.25,24.4,310000
2023-01-02,17.7,17.7,18.0,17.4,17.6,106575
2023-01-03,24.6,24.6,24.9,24.45,24.8,170000
2023-01-04,24.65,24.65,24.85,24.6,24.6,125000
2023-01-05,24.6,24.6,24.85,24.6,24.7,135000
2023-01-06,24.7,24.7,24.8,24.55,24.7,171000
2023-01-09,25.0,25.0,25.0,24.65,24.8,191000
2023-01-10,24.95,24.95,25.1,24.85,25.05,174000
2023-01-11,25.4,25.4,25.7,24.95,24.95,658000
2023-01-12,25.65,25.65,25.95,25.55,25.55,493000
2023-01-13,25.7,25.7,25.8,25.6,25.75,343000
2023-01-16,25.55,25.55,25.85,25.5,25.85,264000
2023-01-17,25.0,25.0,25.75,24.9,25.75,346000
2023-01-18,17.7,17.7,18.0,17.4,17.6,106575
2023-01-19,17.7,17.7,18.0,17.4,17.6,106575
2023-01-20,17.7,17.7,18.0,17.4,17.6,106575
2023-01-23,17.7,17.7,18.0,17.4,17.6,106575
2023-01-24,17.7,17.7,18.0,17.4,17.6,106575
2023-01-25,17.7,17.7,18.0,17.4,17.6,106575
2023-01-26,17.7,17.7,18.0,17.4,17.6,106575
2023-01-27,17.7,17.7,18.0,17.4,17.6,106575
2023-01-30,25.15,25.15,25.35,25.1,25.3,208000
2023-01-31,25.6,25.6,25.85,25.25,25.25,429000
2023-02-01,26.25,26.25,26.7,25.6,25.6,1864000
2023-02-02,26.1,26.1,26.6,26.0,26.6,637000
2023-02-03,25.8,25.8,26.1,25.7,26.1,375000
2023-02-06,25.55,25.55,25.9,25.55,25.55,266000
2023-02-07,25.6,25.6,25.7,25.5,25.55,119000
2023-02-08,25.55,25.55,25.8,25.5,25.8,276000
2023-02-09,25.3,25.3,25.5,25.2,25.45,479000
2023-02-10,24.85,24.85,25.4,24.8,25.05,530000
2023-02-13,24.5,24.5,24.8,24.35,24.8,344000
2023-02-14,24.35,24.35,24.55,24.25,24.5,437000
2023-02-15,24.3,24.3,24.35,24.05,24.35,606000
2023-02-16,24.4,24.4,24.45,24.2,24.3,480000
2023-02-17,24.8,24.8,24.8,24.25,24.35,489000
2023-02-20,24.85,24.85,25.15,24.7,24.9,1029000
2023-02-21,24.9,24.9,24.9,24.5,24.85,319000
2023-02-22,24.8,24.8,25.1,24.7,24.75,734000
2023-02-23,25.05,25.05,25.15,24.9,25.0,697000
2023-02-24,25.45,25.45,25.65,25.1,25.1,831000
2023-02-27,17.7,17.7,18.0,17.4,17.6,106575
2023-02-28,17.7,17.7,18.0,17.4,17.6,106575
2023-03-01,25.35,25.35,25.65,25.35,25.45,638000
2023-03-02,25.3,25.3,25.35,25.05,25.15,386000
2023-03-03,25.55,25.55,25.7,25.25,25.45,610000
2023-03-06,25.9,25.9,25.95,25.65,25.75,738000
2023-03-07,26.35,26.35,26.45,25.9,25.9,1195000
2023-03-08,26.35,26.35,26.5,26.05,26.2,777000
2023-03-09,26.05,26.05,26.5,26.05,26.5,636000
2023-03-10,25.75,25.75,26.2,25.6,26.2,648000
2023-03-13,25.55,25.55,25.8,24.95,25.65,845000
2023-03-14,25.45,25.45,25.85,25.45,25.45,334000
2023-03-15,26.15,26.15,26.5,25.5,25.5,1190000
2023-03-16,25.45,25.45,26.4,25.35,26.2,1046000
2023-03-17,25.4,25.4,25.6,25.35,25.5,521000
2023-03-20,25.75,25.75,25.8,25.35,25.5,364000
2023-03-21,26.5,26.5,26.5,25.8,25.85,908000
2023-03-22,26.05,26.05,26.45,26.0,26.45,1265000
2023-03-23,26.25,26.25,26.55,26.05,26.35,813000
2023-03-24,26.3,26.3,26.35,26.1,26.3,477000
2023-03-27,28.9,28.9,28.9,26.3,26.3,6355000
2023-03-28,27.8,27.8,29.35,27.6,29.1,4524000
2023-03-29,27.45,27.45,28.0,27.1,27.95,1297000
2023-03-30,27.75,27.75,27.8,27.4,27.45,676000
2023-03-31,27.55,27.55,27.85,27.55,27.8,543000
2023-04-03,17.7,17.7,18.0,17.4,17.6,106575
2023-04-04,17.7,17.7,18.0,17.4,17.6,106575
2023-04-05,17.7,17.7,18.0,17.4,17.6,106575
2023-04-06,27.7,27.7,27.75,27.35,27.75,373000
2023-04-07,27.65,27.65,27.8,27.6,27.75,394000
2023-04-10,28.7,28.7,30.4,28.1,28.1,4490000
2023-04-11,28.6,28.6,28.8,28.5,28.7,1016000
2023-04-12,28.75,28.75,29.45,28.35,28.5,1691000
2023-04-13,28.8,28.8,29.5,28.5,28.75,2499000
2023-04-14,28.85,28.85,29.35,28.7,29.05,1150000
2023-04-17,28.4,28.4,28.8,28.25,28.8,1165000
2023-04-18,28.3,28.3,28.85,28.3,28.6,797000
2023-04-19,28.1,28.1,28.45,28.05,28.4,624000
2023-04-20,27.6,27.6,28.15,27.5,28.1,627000
2023-04-21,26.7,26.7,27.65,26.5,27.6,1055000
2023-04-24,26.9,26.9,27.2,26.65,26.7,373000
2023-04-25,26.25,26.25,27.05,26.25,26.9,704000
2023-04-26,26.5,26.5,26.5,26.1,26.1,269000
2023-04-27,26.65,26.65,26.75,26.4,26.6,386000
2023-04-28,27.0,27.0,27.3,26.9,26.9,393000
2023-05-01,17.7,17.7,18.0,17.4,17.6,106575
2023-05-02,28.15,28.15,28.35,27.0,27.05,943000
2023-05-03,27.75,27.75,28.15,27.75,28.05,370000
2023-05-04,27.85,27.85,28.35,27.7,28.05,424000
2023-05-05,28.0,28.0,28.5,27.75,28.0,546000
2023-05-08,28.9,28.9,29.3,28.45,28.6,2356000
2023-05-09,28.1,28.1,28.8,28.05,28.65,863000
2023-05-10,27.3,27.3,27.95,27.3,27.85,842000
2023-05-11,26.65,26.65,27.35,26.65,27.3,556000
2023-05-12,27.05,27.05,27.1,26.5,26.65,322000
2023-05-15,26.8,26.8,27.05,26.8,26.9,150000
2023-05-16,26.9,26.9,27.1,26.85,26.85,155000
2023-05-17,27.0,27.0,27.2,26.85,26.9,323000
2023-05-18,27.0,27.0,27.15,26.9,27.1,231000
2023-05-19,26.55,26.55,27.3,26.5,27.05,713000
2023-05-22,26.85,26.85,27.0,26.6,26.6,256000
2023-05-23,27.0,27.0,27.1,26.8,26.8,280000
2023-05-24,27.15,27.15,27.2,26.95,27.0,216000
2023-05-25,27.0,27.0,27.35,27.0,27.25,210000
2023-05-26,26.55,26.55,27.0,26.5,27.0,493000
2023-05-29,26.7,26.7,26.8,26.4,26.4,246000
2023-05-30,26.55,26.55,26.75,26.5,26.7,273000
2023-05-31,26.7,26.7,26.8,26.55,26.6,134000
2023-06-01,26.8,26.8,26.85,26.7,26.7,272000
2023-06-02,26.75,26.75,27.0,26.65,26.95,312000
2023-06-05,27.0,27.0,27.2,26.85,26.85,408000
2023-06-06,26.9,26.9,27.0,26.75,27.0,299000
2023-06-07,27.0,27.0,27.15,26.9,26.9,199000
2023-06-08,27.05,27.05,27.1,27.0,27.05,244000
2023-06-09,26.95,26.95,27.1,26.95,27.05,222000
2023-06-12,26.95,26.95,27.05,26.8,27.05,288000
2023-06-13,27.2,27.2,27.25,26.95,27.0,521000
2023-06-14,27.6,27.6,28.0,27.2,27.2,748000
2023-06-15,26.85,26.85,27.8,26.85,27.7,1305000
2023-06-16,26.9,26.9,27.15,26.7,26.95,467000
2023-06-19,26.85,26.85,27.1,26.8,27.1,330000
2023-06-20,26.7,26.7,26.85,26.6,26.85,442000
2023-06-21,26.85,26.85,26.85,26.65,26.75,297000
2023-06-22,17.7,17.7,18.0,17.4,17.6,106575
2023-06-23,17.7,17.7,18.0,17.4,17.6,106575
2023-06-26,26.75,26.75,26.95,26.7,26.75,507000
2023-06-27,26.6,26.6,26.8,26.6,26.75,521000
2023-06-28,26.8,26.8,26.8,26.6,26.7,171000
2023-06-29,26.8,26.8,27.0,26.7,27.0,364000
2023-06-30,26.85,26.85,26.9,26.7,26.8,175000
2023-07-03,27.4,27.4,27.45,26.8,26.9,683000
2023-07-04,27.15,27.15,27.6,27.15,27.6,586000
2023-07-05,27.4,27.4,27.55,27.2,27.2,545000
2023-07-06,27.25,27.25,27.55,27.15,27.4,433000
2023-07-07,27.05,27.05,27.4,27.0,27.35,692000
2023-07-10,27.0,27.0,27.3,26.85,27.1,668000
2023-07-11,26.8,26.8,26.95,26.8,26.9,578000
2023-07-12,26.55,26.55,27.0,26.55,26.85,965000
2023-07-13,24.0,24.0,24.5,23.85,24.5,1083000
2023-07-14,23.95,23.95,24.05,23.85,24.05,330000
2023-07-17,23.7,23.7,24.0,23.6,24.0,357000
2023-07-18,23.35,23.35,23.7,23.05,23.7,662000
2023-07-19,23.1,23.1,23.4,23.05,23.3,228000
2023-07-20,23.1,23.1,23.2,23.0,23.1,176000
2023-07-21,22.9,22.9,23.1,22.75,23.1,216000
2023-07-24,22.35,22.35,22.9,22.3,22.9,496000
2023-07-25,23.0,23.0,23.2,22.1,22.4,506000
2023-07-26,22.8,22.8,23.05,22.75,23.05,111000
2023-07-27,23.05,23.05,23.15,22.8,22.8,147000
2023-07-28,22.8,22.8,23.0,22.7,22.95,212000
2023-07-31,22.8,22.8,22.9,22.7,22.8,191000
2023-08-01,23.0,23.0,23.05,22.75,22.8,80000
2023-08-02,22.85,22.85,23.15,22.8,22.85,215000
2023-08-03,17.7,17.7,18.0,17.4,17.6,106575
2023-08-04,22.9,22.9,22.95,22.7,22.75,148000
2023-08-07,22.85,22.85,23.0,22.75,22.9,62000
2023-08-08,22.8,22.8,23.0,22.75,23.0,222000
2023-08-09,22.55,22.55,22.7,22.5,22.7,160000
2023-08-10,22.25,22.25,22.45,22.2,22.45,264000
2023-08-11,22.15,22.15,22.4,22.15,22.2,129000
2023-08-14,21.75,21.75,22.1,21.5,22.1,440000
2023-08-15,21.4,21.4,21.9,21.25,21.9,393000
2023-08-16,20.9,20.9,21.45,20.9,21.3,427000
2023-08-17,21.3,21.3,21.3,20.9,20.9,230000
2023-08-18,20.75,20.75,21.55,20.7,21.2,833000
2023-08-21,20.8,20.8,20.95,20.7,20.75,183000
2023-08-22,20.5,20.5,20.85,20.45,20.85,515000
2023-08-23,20.45,20.45,20.7,20.4,20.55,320000
2023-08-24,20.4,20.4,21.0,20.35,20.5,938000
2023-08-25,20.6,20.6,20.7,20.45,20.5,203000
2023-08-28,20.65,20.65,20.85,20.6,20.7,252000
2023-08-29,20.55,20.55,20.7,20.5,20.65,317000
2023-08-30,20.5,20.5,20.7,20.5,20.6,278000
2023-08-31,20.7,20.7,20.75,20.5,20.5,178000
2023-09-01,20.9,20.9,21.0,20.65,20.7,140000
2023-09-04,21.05,21.05,21.15,20.9,21.0,60000
2023-09-05,20.95,20.95,21.1,20.9,21.05,135000
2023-09-06,20.7,20.7,20.9,20.65,20.9,168000
2023-09-07,20.55,20.55,20.7,20.5,20.7,145000
2023-09-08,20.45,20.45,20.65,20.45,20.55,121000
2023-09-11,20.2,20.2,20.5,20.2,20.5,312000
2023-09-12,20.15,20.15,20.25,20.1,20.25,245000
2023-09-13,20.2,20.2,20.25,20.0,20.2,202000
2023-09-14,20.2,20.2,20.35,20.15,20.2,159000
2023-09-15,20.4,20.4,20.45,20.25,20.25,111000
2023-09-18,20.7,20.7,20.75,20.3,20.3,112000
2023-09-19,20.55,20.55,20.85,20.55,20.85,200000
2023-09-20,20.55,20.55,20.65,20.55,20.6,65000
2023-09-21,20.55,20.55,20.6,20.5,20.6,89000
2023-09-22,20.7,20.7,20.75,20.55,20.55,73000
2023-09-25,21.0,21.0,21.25,20.75,20.75,138000
2023-09-26,21.0,21.0,21.15,20.95,21.0,113000
2023-09-27,20.85,20.85,21.0,20.8,20.95,106000
2023-09-28,20.75,20.75,21.0,20.75,20.85,112000
2023-09-29,17.7,17.7,18.0,17.4,17.6,106575
2023-10-02,20.7,20.7,20.85,20.7,20.75,78000
2023-10-03,20.65,20.65,20.85,20.65,20.75,81000
2023-10-04,20.6,20.6,20.75,20.6,20.65,62000
2023-10-05,20.6,20.6,20.7,20.55,20.7,79000
2023-10-06,20.55,20.55,20.7,20.55,20.7,54000
2023-10-09,17.7,17.7,18.0,17.4,17.6,106575
2023-10-10,17.7,17.7,18.0,17.4,17.6,106575
2023-10-11,20.2,20.2,20.6,20.1,20.6,270000
2023-10-12,20.5,20.5,20.7,20.25,20.3,147000
2023-10-13,20.5,20.5,20.6,20.45,20.5,50000
2023-10-16,20.25,20.25,20.5,20.25,20.5,129000
2023-10-17,20.2,20.2,20.35,20.2,20.3,70000
2023-10-18,20.05,20.05,20.3,20.0,20.2,175000
2023-10-19,20.2,20.2,20.3,20.0,20.0,137000
2023-10-20,20.1,20.1,20.2,20.0,20.2,75000
2023-10-23,20.0,20.0,20.2,20.0,20.2,374000
2023-10-24,20.0,20.0,20.05,19.95,20.05,143000
2023-10-25,20.0,20.0,20.2,19.95,20.2,262000
2023-10-26,19.9,19.9,20.05,19.9,19.95,151000
2023-10-27,20.1,20.1,20.25,19.95,19.95,405000
2023-10-30,20.1,20.1,20.15,20.0,20.0,51000
2023-10-31,19.95,19.95,20.25,19.9,20.25,118000
2023-11-01,19.95,19.95,20.0,19.95,19.95,16000
2023-11-02,19.95,19.95,20.0,19.9,19.95,70000
2023-11-03,19.95,19.95,20.05,19.95,20.0,66000
2023-11-06,19.95,19.95,20.05,19.9,19.95,89000
2023-11-07,20.0,20.0,20.3,20.0,20.3,102000
2023-11-08,20.0,20.0,20.15,20.0,20.05,65000
2023-11-09,20.05,20.05,20.1,19.95,20.0,67000
2023-11-10,22.05,22.05,22.05,20.65,20.9,1956000
2023-11-13,21.75,21.75,22.9,21.4,22.9,2398000
2023-11-14,22.3,22.3,22.4,21.1,21.9,977000
2023-11-15,22.25,22.25,22.4,21.9,22.3,536000
2023-11-16,22.55,22.55,22.8,22.2,22.2,890000
2023-11-17,22.45,22.45,22.75,22.35,22.55,397000
2023-11-20,22.1,22.1,22.65,22.05,22.65,341000
2023-11-21,21.9,21.9,22.35,21.9,22.2,303000
2023-11-22,21.8,21.8,22.1,21.6,21.9,200000
2023-11-23,22.1,22.1,22.1,21.75,21.8,219000
2023-11-24,21.95,21.95,22.05,21.9,22.05,63000
2023-11-27,22.0,22.0,22.15,21.75,22.0,173000
2023-11-28,22.05,22.05,22.15,21.95,22.15,123000
2023-11-29,22.0,22.0,22.05,21.9,22.05,99000
2023-11-30,22.1,22.1,22.1,21.95,22.0,150000
2023-12-01,22.35,22.35,22.35,22.05,22.15,212000
2023-12-04,22.75,22.75,22.75,22.35,22.35,316000
2023-12-05,22.65,22.65,22.8,22.6,22.8,216000
2023-12-06,22.6,22.6,22.7,22.55,22.65,163000
2023-12-07,22.15,22.15,22.65,22.15,22.6,255000
2023-12-08,22.55,22.55,22.55,22.15,22.15,282000
2023-12-11,24.8,24.8,24.8,24.0,24.8,2135000
2023-12-12,26.75,26.75,27.25,25.25,26.0,9046000
2023-12-13,26.1,26.1,28.6,26.1,28.0,10519000
2023-12-14,26.15,26.15,27.5,26.1,26.25,3782000
2023-12-15,26.2,26.2,27.6,25.9,26.25,8529000
2023-12-18,26.65,26.65,26.75,25.85,26.3,2925000
2023-12-19,26.35,26.35,26.6,25.35,26.5,2187000
2023-12-20,26.3,26.3,26.65,25.8,26.0,1612000
2023-12-21,26.15,26.15,27.5,26.0,26.3,2017000
2023-12-22,26.45,26.45,26.9,26.15,26.5,984000
2023-12-25,26.7,26.7,27.35,26.5,26.9,2387000
2023-12-26,26.95,26.95,27.2,26.75,26.85,979000
2023-12-27,26.7,26.7,27.15,26.6,27.15,1123000
2023-12-28,25.95,25.95,26.95,25.45,26.95,1821000
2023-12-29,25.9,25.9,26.1,25.6,26.1,444000
2024-01-01,17.7,17.7,18.0,17.4,17.6,106575
2024-01-02,25.35,25.35,26.0,25.35,26.0,740000
2024-01-03,24.75,24.75,25.35,24.6,25.35,940000
2024-01-04,24.15,24.15,24.7,23.95,24.5,1073000
2024-01-05,24.85,24.85,24.95,24.3,24.35,588000
2024-01-08,24.45,24.45,25.05,24.45,25.05,393000
2024-01-09,23.8,23.8,24.6,23.7,24.6,599000
2024-01-10,23.85,23.85,24.3,23.5,23.8,389000
2024-01-11,23.95,23.95,24.45,23.75,23.75,501000
2024-01-12,24.3,24.3,24.4,24.05,24.15,258000
2024-01-15,24.5,24.5,24.5,24.2,24.5,334000
2024-01-16,24.75,24.75,24.8,24.15,24.6,373000
2024-01-17,24.25,24.25,24.85,24.25,24.75,241000
2024-01-18,24.15,24.15,24.4,23.85,24.4,247000
2024-01-19,24.0,24.0,24.45,23.85,24.45,210000
2024-01-22,24.15,24.15,24.25,23.9,24.1,227000
2024-01-23,24.65,24.65,24.65,24.1,24.1,331000
2024-01-24,24.8,24.8,25.0,24.65,24.75,403000
2024-01-25,24.3,24.3,24.85,24.3,24.8,240000
2024-01-26,24.25,24.25,24.4,24.1,24.35,187000
2024-01-29,24.35,24.35,24.45,24.2,24.35,243000
2024-01-30,24.3,24.3,24.45,24.05,24.45,171000
2024-01-31,24.15,24.15,24.3,23.95,24.3,241000
2024-02-01,24.35,24.35,24.45,24.1,24.1,161000
2024-02-02,24.35,24.35,24.35,24.2,24.35,123000
2024-02-05,24.15,24.15,24.45,24.1,24.45,253000
2024-02-06,17.7,17.7,18.0,17.4,17.6,106575
2024-02-07,17.7,17.7,18.0,17.4,17.6,106575
2024-02-08,17.7,17.7,18.0,17.4,17.6,106575
2024-02-09,17.7,17.7,18.0,17.4,17.6,106575
2024-02-12,17.7,17.7,18.0,17.4,17.6,106575
2024-02-13,17.7,17.7,18.0,17.4,17.6,106575
2024-02-14,17.7,17.7,18.0,17.4,17.6,106575
2024-02-15,23.75,23.75,24.2,23.7,24.15,377000
2024-02-16,23.45,23.45,23.9,23.3,23.5,726000
2024-02-19,25.15,25.15,25.35,23.5,23.55,996000
2024-02-20,24.55,24.55,25.45,24.4,25.45,606000
2024-02-21,24.8,24.8,24.9,24.5,24.6,348000
2024-02-22,24.45,24.45,24.9,24.35,24.9,374000
2024-02-23,23.95,23.95,24.65,23.85,24.65,508000
2024-02-26,23.85,23.85,24.05,23.7,24.05,311000
2024-02-27,23.65,23.65,24.25,23.55,24.0,378000
2024-02-28,17.7,17.7,18.0,17.4,17.6,106575
2024-02-29,23.6,23.6,24.05,23.4,23.6,384000
2024-03-01,23.3,23.3,23.7,23.0,23.7,683000
2024-03-04,22.9,22.9,23.35,22.75,23.35,656000
2024-03-05,23.05,23.05,23.1,22.75,23.1,282000
2024-03-06,23.6,23.6,24.0,22.95,23.05,679000
2024-03-07,25.1,25.1,25.9,23.65,23.75,3318000
2024-03-08,24.55,24.55,25.35,24.15,25.35,1218000
2024-03-11,24.3,24.3,24.6,23.95,24.25,726000
2024-03-12,24.6,24.6,24.9,24.4,24.55,566000
2024-03-13,24.9,24.9,25.7,24.5,24.6,1121000
2024-03-14,25.25,25.25,25.5,24.0,24.85,1867000
2024-03-15,25.2,25.2,25.5,25.05,25.2,1036000
2024-03-18,25.4,25.4,25.7,25.2,25.35,1043000
2024-03-19,25.55,25.55,25.85,25.3,25.5,1012000
2024-03-20,25.85,25.85,26.7,25.65,25.75,3371000
2024-03-21,26.1,26.1,26.4,25.85,25.95,840000
2024-03-22,26.05,26.05,26.35,25.8,26.1,891000
2024-03-25,26.3,26.3,26.55,26.2,26.2,794000
2024-03-26,25.9,25.9,26.45,25.85,26.45,826000
2024-03-27,26.05,26.05,26.2,25.9,26.0,440000
2024-03-28,25.15,25.15,26.1,25.15,26.1,936000
2024-03-29,25.15,25.15,25.3,24.8,25.1,442000
2024-04-01,25.6,25.6,25.7,25.1,25.3,333000
2024-04-02,25.8,25.8,26.0,25.5,25.65,456000
2024-04-03,25.6,25.6,26.45,25.6,26.1,525000
2024-04-04,17.7,17.7,18.0,17.4,17.6,106575
2024-04-05,17.7,17.7,18.0,17.4,17.6,106575
2024-04-08,25.45,25.45,25.85,25.4,25.7,219000
2024-04-09,25.7,25.7,25.75,25.2,25.65,333000
2024-04-10,25.4,25.4,25.85,25.25,25.85,355000
2024-04-11,24.8,24.8,25.35,24.7,25.25,578000
2024-04-12,24.55,24.55,24.9,24.55,24.9,320000
2024-04-15,23.75,23.75,24.5,23.65,24.5,730000
2024-04-16,23.3,23.3,23.6,22.85,23.55,653000
2024-04-17,23.9,23.9,24.1,23.4,23.5,294000
2024-04-18,23.8,23.8,24.1,23.65,23.65,344000
2024-04-19,23.25,23.25,24.0,23.1,24.0,732000
2024-04-22,23.15,23.15,23.45,23.0,23.15,231000
2024-04-23,23.5,23.5,23.5,23.05,23.15,227000
2024-04-24,24.15,24.15,24.2,23.55,23.55,303000
2024-04-25,24.1,24.1,24.25,23.85,24.25,349000
2024-04-26,24.85,24.85,24.9,24.0,24.25,410000
2024-04-29,24.95,24.95,25.5,24.9,25.25,459000
2024-04-30,24.75,24.75,25.1,24.7,25.0,170000
2024-05-01,17.7,17.7,18.0,17.4,17.6,106575
2024-05-02,24.7,24.7,24.85,24.4,24.6,282000
2024-05-03,24.65,24.65,24.9,24.6,24.65,172000
2024-05-06,25.0,25.0,25.05,24.75,24.8,297000
2024-05-07,24.85,24.85,25.2,24.65,25.2,259000
2024-05-08,24.05,24.05,24.75,24.0,24.65,462000
2024-05-09,23.8,23.8,24.25,23.8,24.25,267000
2024-05-10,24.05,24.05,24.15,23.8,23.85,196000
2024-05-13,23.9,23.9,24.1,23.8,24.05,204000
2024-05-14,24.0,24.0,24.0,23.85,23.95,202000
2024-05-15,24.25,24.25,24.3,23.9,24.0,207000
2024-05-16,24.1,24.1,24.4,24.05,24.3,298000
2024-05-17,25.0,25.0,25.75,24.3,24.3,1519000
2024-05-20,25.2,25.2,25.65,25.05,25.15,761000
2024-05-21,25.5,25.5,25.6,25.25,25.4,482000
2024-05-22,25.1,25.1,25.5,25.05,25.5,318000
2024-05-23,24.75,24.75,25.45,24.75,25.15,365000
2024-05-24,24.85,24.85,24.85,24.6,24.75,195000
2024-05-27,25.2,25.2,25.2,24.7,25.0,671000
2024-05-28,25.35,25.35,25.45,25.15,25.2,294000
2024-05-29,25.25,25.25,25.5,25.25,25.5,286000
2024-05-30,25.0,25.0,25.25,24.95,25.2,299000
2024-05-31,24.8,24.8,25.1,24.8,25.0,197000
2024-06-03,24.6,24.6,25.0,24.5,24.85,350000
2024-06-04,24.35,24.35,25.0,24.35,24.6,269000
2024-06-05,24.25,24.25,24.45,24.1,24.35,209000
2024-06-06,23.7,23.7,24.25,23.7,24.25,533000
2024-06-07,24.0,24.0,24.1,23.8,23.85,139000
2024-06-10,17.7,17.7,18.0,17.4,17.6,106575
2024-06-11,23.6,23.6,24.05,23.55,24.05,282000
2024-06-12,23.2,23.2,23.6,23.15,23.6,308000
2024-06-13,23.25,23.25,23.5,22.95,23.25,518000
2024-06-14,23.35,23.35,23.5,23.25,23.3,140000
2024-06-17,23.7,23.7,23.7,23.4,23.4,140000
2024-06-18,23.5,23.5,23.9,23.5,23.9,151000
2024-06-19,23.4,23.4,23.5,23.25,23.5,196000
2024-06-20,23.45,23.45,23.55,23.4,23.5,190000
2024-06-21,23.9,23.9,24.0,23.5,23.5,261000
2024-06-24,23.5,23.5,23.9,23.45,23.9,235000
2024-06-25,23.5,23.5,23.8,23.1,23.8,199000
2024-06-26,23.45,23.45,23.75,23.45,23.55,145000
2024-06-27,23.75,23.75,23.85,23.4,23.65,180000
2024-06-28,23.95,23.95,24.05,23.8,23.8,205000
2024-07-01,24.8,24.8,25.5,24.15,24.15,1038000
2024-07-02,24.55,24.55,25.0,24.5,24.9,405000
2024-07-03,25.25,25.25,25.5,24.6,24.6,1027000
2024-07-04,25.8,25.8,26.0,24.95,25.35,1017000
2024-07-05,26.15,26.15,26.5,25.75,26.0,1434000
2024-07-08,25.85,25.85,26.4,25.55,26.4,763000
2024-07-09,25.35,25.35,25.95,25.15,25.9,386000
2024-07-10,24.3,24.3,25.15,24.0,25.15,1825000
2024-07-11,24.35,24.35,24.55,24.2,24.4,240000
2024-07-12,24.55,24.55,25.0,24.3,24.35,322000
2024-07-15,24.85,24.85,25.1,24.5,24.6,336000
2024-07-16,25.0,25.0,25.35,24.7,24.85,569000
2024-07-17,24.85,24.85,25.25,24.85,25.0,356000
2024-07-18,24.0,24.0,24.35,23.85,24.0,252000
2024-07-19,23.7,23.7,23.95,23.6,23.95,298000
2024-07-22,23.15,23.15,23.9,23.15,23.7,481000
2024-07-23,23.7,23.7,23.75,23.4,23.4,148000
2024-07-24,17.7,17.7,18.0,17.4,17.6,106575
2024-07-25,17.7,17.7,18.0,17.4,17.6,106575
2024-07-26,23.35,23.35,23.65,23.05,23.1,163000
2024-07-29,23.25,23.25,23.75,23.1,23.75,137000
2024-07-30,23.45,23.45,23.45,23.1,23.2,190000
2024-07-31,24.3,24.3,24.4,23.45,23.45,470000
2024-08-01,24.25,24.25,24.55,24.15,24.3,132000
2024-08-02,24.4,24.4,24.6,23.9,24.2,263000
2024-08-05,22.5,22.5,24.1,22.0,24.1,531000
2024-08-06,22.7,22.7,24.0,21.5,23.2,596000
2024-08-07,23.7,23.7,23.7,22.7,22.7,281000
2024-08-08,23.65,23.65,23.85,23.45,23.55,243000
2024-08-09,24.0,24.0,24.3,23.7,23.7,397000
2024-08-12,24.4,24.4,24.75,24.25,24.5,550000
2024-08-13,23.95,23.95,24.6,23.85,24.6,192000
2024-08-14,24.6,24.6,24.7,24.2,24.4,520000
2024-08-15,26.3,26.3,27.05,24.7,24.7,8481000
2024-08-16,25.9,25.9,26.85,25.5,25.9,4870000
2024-08-19,25.5,25.5,26.55,25.35,26.1,1882000
2024-08-20,25.4,25.4,26.0,25.35,25.6,1213000
2024-08-21,25.3,25.3,25.5,25.05,25.5,865000
2024-08-22,25.4,25.4,25.5,25.0,25.4,773000
2024-08-23,25.1,25.1,25.6,25.05,25.5,527000
2024-08-26,25.7,25.7,26.35,25.6,25.65,1647000
2024-08-27,25.35,25.35,25.8,25.2,25.8,325000
2024-08-28,25.1,25.1,25.35,25.1,25.35,370000
2024-08-29,24.85,24.85,25.5,24.7,25.2,468000
2024-08-30,24.7,24.7,25.0,24.7,24.85,389000
2024-09-02,24.75,24.75,25.15,24.7,24.7,378000
2024-09-03,24.9,24.9,25.1,24.5,24.8,313000
2024-09-04,23.95,23.95,24.6,22.45,24.3,908000
2024-09-05,23.85,23.85,24.25,23.3,23.95,786000
2024-09-06,23.85,23.85,24.1,23.6,23.85,228000
2024-09-09,24.0,24.0,24.15,23.4,23.5,284000
2024-09-10,24.1,24.1,25.0,23.95,24.4,703000
2024-09-11,23.85,23.85,24.1,23.5,24.1,675000
2024-09-12,23.75,23.75,24.0,23.7,23.9,304000
2024-09-13,23.75,23.75,24.0,23.65,23.8,314000
2024-09-16,24.0,24.0,24.0,23.75,23.85,297000
2024-09-17,17.7,17.7,18.0,17.4,17.6,106575
2024-09-18,23.8,23.8,24.1,23.8,24.0,338000
2024-09-19,24.25,24.25,25.5,23.8,23.8,1578000
2024-09-20,24.1,24.1,24.6,24.0,24.6,296000
2024-09-23,24.2,24.2,24.4,23.95,24.15,241000
2024-09-24,23.95,23.95,24.2,23.9,24.15,259000
2024-09-25,24.35,24.35,24.4,24.0,24.0,276000
2024-09-26,24.05,24.05,24.5,24.05,24.5,230000
2024-09-27,24.7,24.7,25.0,24.05,24.05,469000
2024-09-30,24.85,24.85,25.0,24.45,24.85,768000
2024-10-01,24.7,24.7,24.9,24.5,24.7,150000
2024-10-02,17.7,17.7,18.0,17.4,17.6,106575
2024-10-03,17.7,17.7,18.0,17.4,17.6,106575
2024-10-04,24.5,24.5,25.45,24.5,24.8,743000
2024-10-07,24.4,24.4,24.6,24.15,24.45,269000
2024-10-08,24.25,24.25,24.7,24.25,24.65,168000
2024-10-09,23.75,23.75,24.3,23.7,24.25,302000
2024-10-10,17.7,17.7,18.0,17.4,17.6,106575
2024-10-11,23.7,23.7,24.15,23.7,23.75,205000
2024-10-14,23.7,23.7,24.0,23.6,24.0,212000
2024-10-15,23.4,23.4,23.95,23.3,23.95,372000
2024-10-16,23.25,23.25,23.6,23.25,23.5,202000
2024-10-17,23.1,23.1,23.45,23.0,23.4,547000
2024-10-18,23.0,23.0,23.25,22.9,23.15,360000
2024-10-21,23.1,23.1,23.2,22.95,23.0,164000
2024-10-22,23.05,23.05,23.25,23.0,23.05,163000
2024-10-23,23.1,23.1,23.25,23.0,23.2,125000
2024-10-24,23.15,23.15,23.45,23.05,23.1,197000
2024-10-25,23.2,23.2,23.3,23.1,23.2,144000
2024-10-28,22.95,22.95,23.3,22.95,23.15,290000
2024-10-29,22.4,22.4,22.95,22.2,22.8,681000
2024-10-30,22.35,22.35,22.5,22.3,22.5,186000
2024-10-31,17.7,17.7,18.0,17.4,17.6,106575
2024-11-01,22.55,22.55,22.7,22.3,22.35,151000
2024-11-04,22.1,22.1,22.55,21.9,22.55,317000
2024-11-05,21.95,21.95,22.1,21.85,21.85,316000
2024-11-06,22.0,22.0,22.0,21.7,21.95,437000
2024-11-07,21.5,21.5,21.95,21.2,21.55,862000
2024-11-08,21.1,21.1,21.6,20.7,21.55,1088000
2024-11-11,20.8,20.8,21.15,20.6,20.95,461000
2024-11-12,20.55,20.55,20.8,20.4,20.55,337000
2024-11-13,20.6,20.6,20.8,20.4,20.4,171000
2024-11-14,20.2,20.2,20.65,20.2,20.6,284000
2024-11-15,20.15,20.15,20.35,20.1,20.25,305000
2024-11-18,20.0,20.0,20.2,19.9,20.2,251000
2024-11-19,20.3,20.3,20.45,19.95,20.0,88000
2024-11-20,20.4,20.4,20.55,20.2,20.3,124000
2024-11-21,20.4,20.4,20.6,20.3,20.4,145000
2024-11-22,20.4,20.4,20.6,20.35,20.35,105000
2024-11-25,20.2,20.2,20.35,20.2,20.35,151000
2024-11-26,20.55,20.55,20.55,20.1,20.1,111000
2024-11-27,20.5,20.5,20.75,20.25,20.55,327000
2024-11-28,20.65,20.65,20.85,20.2,20.3,282000
2024-11-29,20.5,20.5,20.7,20.4,20.65,90000
2024-12-02,20.2,20.2,20.4,20.2,20.35,134000
2024-12-03,20.4,20.4,20.5,20.2,20.35,98000
2024-12-04,20.4,20.4,20.55,20.35,20.4,71000
2024-12-05,20.7,20.7,21.2,20.45,20.45,326000
2024-12-06,20.45,20.45,20.75,20.3,20.6,243000
2024-12-09,20.25,20.25,20.45,20.15,20.45,100000
2024-12-10,20.35,20.35,20.5,20.25,20.5,77000
2024-12-11,20.3,20.3,20.8,20.3,20.35,249000
2024-12-12,20.6,20.6,21.3,20.35,20.4,825000
2024-12-13,20.35,20.35,20.6,20.35,20.6,92000
2024-12-16,20.3,20.3,20.3,19.95,20.3,244000
2024-12-17,20.3,20.3,20.3,19.65,20.3,434000
2024-12-18,19.9,19.9,20.1,19.85,20.1,127000
2024-12-19,20.2,20.2,20.2,19.75,19.85,226000
2024-12-20,19.85,19.85,20.15,19.75,20.15,161000
2024-12-23,19.75,19.75,20.0,19.7,19.85,197000
2024-12-24,19.65,19.65,19.9,19.4,19.75,318000
2024-12-25,19.55,19.55,19.6,19.2,19.6,298000
2024-12-26,19.55,19.55,19.55,19.25,19.4,189000
2024-12-27,19.75,19.75,19.8,19.3,19.35,224000
2024-12-30,20.0,20.0,20.0,19.55,19.8,133000
2024-12-31,20.45,20.45,20.45,20.0,20.0,371000
2025-01-01,17.7,17.7,18.0,17.4,17.6,106575
2025-01-02,20.5,20.5,20.65,20.3,20.65,166000
2025-01-03,20.4,20.4,20.6,20.4,20.6,91000
2025-01-06,20.4,20.4,20.9,20.2,20.4,870000
2025-01-07,20.15,20.15,20.7,20.15,20.6,163000
2025-01-08,20.4,20.4,20.5,20.0,20.0,272000
2025-01-09,20.5,20.5,20.5,20.0,20.35,192000
2025-01-10,20.85,20.85,20.85,20.2,20.2,454000
2025-01-13,20.85,20.85,21.2,20.6,20.65,476000
2025-01-14,20.95,20.95,21.6,20.9,21.0,219000
2025-01-15,20.8,20.8,21.0,20.6,21.0,105000
2025-01-16,20.1,20.1,20.7,19.95,20.65,214000
2025-01-17,20.1,20.1,20.65,20.05,20.1,340000
2025-01-20,20.1,20.1,20.35,20.05,20.1,79000
2025-01-21,20.05,20.05,20.3,20.0,20.1,167000
2025-01-22,20.15,20.15,20.35,20.15,20.25,127000
2025-01-23,17.7,17.7,18.0,17.4,17.6,106575
2025-01-24,17.7,17.7,18.0,17.4,17.6,106575
2025-01-27,17.7,17.7,18.0,17.4,17.6,106575
2025-01-28,17.7,17.7,18.0,17.4,17.6,106575
2025-01-29,17.7,17.7,18.0,17.4,17.6,106575
2025-01-30,17.7,17.7,18.0,17.4,17.6,106575
2025-01-31,17.7,17.7,18.0,17.4,17.6,106575
2025-02-03,20.1,20.1,20.15,19.75,20.15,107000
2025-02-04,20.15,20.15,20.25,20.05,20.1,84000
2025-02-05,20.35,20.35,20.45,20.25,20.45,116000
2025-02-06,20.35,20.35,20.45,20.25,20.35,102000
2025-02-07,20.3,20.3,20.45,20.2,20.35,117000
2025-02-10,20.8,20.8,21.0,20.4,20.4,469000
2025-02-11,21.0,21.0,21.3,20.9,21.0,301000
2025-02-12,20.8,20.8,21.0,20.75,21.0,149000
2025-02-13,21.7,21.7,21.7,20.6,20.65,602000
2025-02-14,22.05,22.05,23.0,21.95,21.95,802000
2025-02-17,21.7,21.7,22.15,21.6,22.15,190000
2025-02-18,21.9,21.9,22.15,21.65,21.65,175000
2025-02-19,22.15,22.15,22.6,21.85,21.9,567000
2025-02-20,21.85,21.85,22.25,21.85,21.85,292000
2025-02-21,21.55,21.55,22.0,21.5,21.9,191000
2025-02-24,21.7,21.7,21.75,21.55,21.7,105000
2025-02-25,21.6,21.6,21.95,21.6,21.65,116000
2025-02-26,21.4,21.4,21.65,21.4,21.65,118000
2025-02-27,21.35,21.35,21.4,21.05,21.4,237000
2025-02-28,17.7,17.7,18.0,17.4,17.6,106575
2025-03-03,21.1,21.1,21.15,20.9,21.1,72000
2025-03-04,20.95,20.95,21.05,20.6,20.85,83000
2025-03-05,21.0,21.0,21.35,20.85,21.2,90000
2025-03-06,20.9,20.9,21.1,20.9,21.0,57000
2025-03-07,20.7,20.7,20.8,20.55,20.75,95000
2025-03-10,20.55,20.55,20.7,20.4,20.7,141000
2025-03-11,20.5,20.5,20.8,20.2,20.6,142000
2025-03-12,20.5,20.5,20.65,20.4,20.55,58000
2025-03-13,20.0,20.0,20.45,19.8,20.2,306000
2025-03-14,20.05,20.05,20.1,19.9,20.1,78000
2025-03-17,19.95,19.95,20.1,19.95,20.1,39000
2025-03-18,19.85,19.85,19.95,19.7,19.95,150000
2025-03-19,19.9,19.9,20.5,19.5,19.95,234000
2025-03-20,19.95,19.95,20.2,19.85,19.9,122000
2025-03-21,19.9,19.9,20.05,19.65,20.0,81000
2025-03-24,19.85,19.85,20.05,19.7,20.0,106000
2025-03-25,19.9,19.9,19.9,19.7,19.85,107000
2025-03-26,19.75,19.75,19.85,19.65,19.85,111000
2025-03-27,19.5,19.5,19.75,19.45,19.75,127000
2025-03-28,19.3,19.3,19.5,18.55,19.5,539000
2025-03-31,18.65,18.65,19.45,18.65,19.3,312000
2025-04-01,18.95,18.95,18.95,18.7,18.7,100000
2025-04-02,18.85,18.85,18.95,18.4,18.95,325000
2025-04-03,17.7,17.7,18.0,17.4,17.6,106575
2025-04-04,17.7,17.7,18.0,17.4,17.6,106575
2025-04-07,17.0,17.0,17.0,17.0,17.0,45000
2025-04-08,15.3,15.3,15.8,15.3,15.3,1522000
2025-04-09,13.8,13.8,14.35,13.8,13.8,1062000
2025-04-10,14.6,14.6,15.15,14.25,14.5,1751000
2025-04-11,14.45,14.45,14.6,13.25,14.6,359000
2025-04-14,14.75,14.75,14.75,14.3,14.45,358000
2025-04-15,15.0,15.0,15.1,14.75,14.75,339000
2025-04-16,14.7,14.7,15.0,14.65,15.0,182000
2025-04-17,14.15,14.15,14.55,13.75,14.55,263000
2025-04-18,14.25,14.25,14.35,14.2,14.35,43000
2025-04-21,13.4,13.4,14.2,13.35,14.2,351000
2025-04-22,13.6,13.6,13.75,13.4,13.5,241000
2025-04-23,13.95,13.95,14.05,13.8,13.85,235000
2025-04-24,14.0,14.0,14.05,13.95,14.05,67000
2025-04-25,14.35,14.35,14.35,14.1,14.1,93000
2025-04-28,14.65,14.65,14.7,14.4,14.4,121000
2025-04-29,14.9,14.9,14.95,14.5,14.65,127000
2025-04-30,14.8,14.8,15.35,14.8,14.9,103000
2025-05-01,17.7,17.7,18.0,17.4,17.6,106575
2025-05-02,14.85,14.85,15.0,14.8,14.8,53000
2025-05-05,14.75,14.75,14.95,14.5,14.85,106000
2025-05-06,14.8,14.8,14.85,14.75,14.75,41000
2025-05-07,14.7,14.7,14.7,14.55,14.65,54000
2025-05-08,14.5,14.5,14.75,14.5,14.7,104000
2025-05-09,14.5,14.5,14.8,14.15,14.15,98000
2025-05-12,14.85,14.85,15.0,14.55,14.55,169000
2025-05-13,14.95,14.95,15.05,14.9,14.9,95000
2025-05-14,15.15,15.15,15.15,14.75,15.05,179000
2025-05-15,15.15,15.15,15.25,15.0,15.05,169000
2025-05-16,15.0,15.0,15.2,14.95,15.05,54000
2025-05-19,14.8,14.8,15.15,14.75,15.15,92000
2025-05-20,14.75,14.75,15.35,14.75,15.35,33000
2025-05-21,14.9,14.9,14.9,14.75,14.75,33000
2025-05-22,14.85,14.85,14.85,14.8,14.8,17000
2025-05-23,14.85,14.85,14.85,14.7,14.85,53000
2025-05-26,14.75,14.75,14.8,14.55,14.65,50000
2025-05-27,14.55,14.55,14.7,14.5,14.65,65000
2025-05-28,14.5,14.5,14.55,14.45,14.55,57000
2025-05-29,14.35,14.35,14.5,14.35,14.4,51000
2025-05-30,17.7,17.7,18.0,17.4,17.6,106575
2025-06-02,14.1,14.1,14.25,14.1,14.25,43000
2025-06-03,13.85,13.85,14.25,13.85,14.05,65000
2025-06-04,13.85,13.85,13.95,13.75,13.9,64000
2025-06-05,13.85,13.85,13.9,13.8,13.8,17000
2025-06-06,13.8,13.8,13.9,13.75,13.75,37000
2025-06-09,13.6,13.6,13.7,13.6,13.7,28000
2025-06-10,13.55,13.55,13.7,13.5,13.55,67000
2025-06-11,13.75,13.75,13.8,13.6,13.7,44000
2025-06-12,13.75,13.75,13.85,13.7,13.8,19000
2025-06-13,13.85,13.85,13.85,13.7,13.75,37000
2025-06-16,13.6,13.6,13.9,13.5,13.6,108000
2025-06-17,13.55,13.55,13.75,13.5,13.6,71000
2025-06-18,13.55,13.55,13.75,13.55,13.65,150000
2025-06-19,13.5,13.5,13.6,13.5,13.55,51000
2025-06-20,13.5,13.5,13.6,13.45,13.55,36000
2025-06-23,13.4,13.4,13.55,13.3,13.55,40000
2025-06-24,13.4,13.4,13.5,13.3,13.3,111000
2025-06-25,13.45,13.45,13.5,13.35,13.35,164000
2025-06-26,13.5,13.5,13.55,13.4,13.5,43000
2025-06-27,13.55,13.55,13.55,13.3,13.4,74000
2025-06-30,13.5,13.5,13.55,13.45,13.45,57000
2025-07-01,13.45,13.45,13.6,13.45,13.5,60000
2025-07-02,13.45,13.45,13.45,13.4,13.45,17000
2025-07-03,13.5,13.5,13.55,13.45,13.45,30000
2025-07-04,13.4,13.4,13.45,13.2,13.45,43000
2025-07-07,13.2,13.2,13.45,13.15,13.15,38000
2025-07-08,13.15,13.15,13.15,12.9,13.1,142000
2025-07-09,13.0,13.0,13.15,13.0,13.15,43000
2025-07-10,12.95,12.95,13.0,12.75,13.0,90000
2025-07-11,12.9,12.9,13.05,12.85,12.95,103000
2025-07-14,12.9,12.9,13.05,12.55,12.9,159000
2025-07-15,12.75,12.75,12.9,12.7,12.8,47000
2025-07-16,12.8,12.8,12.8,12.7,12.75,36000
2025-07-17,12.7,12.7,12.85,12.6,12.75,126000
2025-07-18,12.65,12.65,12.8,12.65,12.7,31000
2025-07-21,12.75,12.75,12.85,12.6,12.65,53000
2025-07-22,12.8,12.8,12.95,12.65,12.75,159000
2025-07-23,13.0,13.0,13.1,12.8,12.8,79000
2025-07-24,13.0,13.0,13.2,13.0,13.0,51000
2025-07-25,13.2,13.2,13.3,13.0,13.0,79000
2025-07-28,13.3,13.3,13.3,13.2,13.2,74000
2025-07-29,13.35,13.35,13.45,13.25,13.3,71000
2025-07-30,13.3,13.3,13.4,13.25,13.3,29000
2025-07-31,13.4,13.4,13.4,13.2,13.25,30000
2025-08-01,13.4,13.4,13.6,13.25,13.3,24000
2025-08-04,13.7,13.7,13.7,13.4,13.4,60000
2025-08-05,13.7,13.7,13.75,13.45,13.6,52000
2025-08-06,13.65,13.65,13.8,13.65,13.75,34000
2025-08-07,13.2,13.2,13.65,13.05,13.55,111000
2025-08-08,13.2,13.2,13.35,13.0,13.15,79000
2025-08-11,13.25,13.25,13.3,13.05,13.1,42000
2025-08-12,13.15,13.15,13.25,13.1,13.25,36000
2025-08-13,13.05,13.05,13.15,13.0,13.1,83000
2025-08-14,13.0,13.0,13.05,12.85,13.05,37000
2025-08-15,12.95,12.95,13.05,12.7,13.0,120000
2025-08-18,12.9,12.9,13.1,12.75,12.9,137000
2025-08-19,12.95,12.95,13.0,12.8,12.9,108000
2025-08-20,12.9,12.9,12.95,12.75,12.95,77000
2025-08-21,12.9,12.9,12.95,12.8,12.95,51000
2025-08-22,12.9,12.9,12.9,12.75,12.8,32000
2025-08-25,12.9,12.9,12.9,12.8,12.9,64000
2025-08-26,12.45,12.45,12.9,12.35,12.9,202000
2025-08-27,12.5,12.5,12.6,12.5,12.5,70000
2025-08-28,12.55,12.55,12.6,12.35,12.35,46000
2025-08-29,12.65,12.65,12.7,12.5,12.7,75000
2025-09-01,12.4,12.4,12.75,12.35,12.65,102000
2025-09-02,12.3,12.3,12.5,12.25,12.5,100000
2025-09-03,12.35,12.35,12.35,12.25,12.25,61000
2025-09-04,12.5,12.5,12.6,12.4,12.5,46000
2025-09-05,12.4,12.4,12.5,12.35,12.45,40000
2025-09-08,12.25,12.25,12.35,12.2,12.35,65000
2025-09-09,11.85,11.85,12.25,11.65,12.25,577000
2025-09-10,11.75,11.75,11.9,11.6,11.9,108000
2025-09-11,11.8,11.8,11.95,11.65,11.7,108000
2025-09-12,11.6,11.6,11.75,11.5,11.7,161000
2025-09-15,11.5,11.5,11.6,11.3,11.6,203000
2025-09-16,11.45,11.45,11.6,11.4,11.6,101000
2025-09-17,11.35,11.35,11.45,11.3,11.45,106000
2025-09-18,11.55,11.55,11.7,11.35,11.35,91000
2025-09-19,11.1,11.1,11.55,11.1,11.5,472000
2025-09-22,10.6,10.6,11.05,10.4,11.05,728000
2025-09-23,10.75,10.75,10.9,10.5,10.65,272000
2025-09-24,10.9,10.9,10.95,10.6,10.8,136000
2025-09-25,11.0,11.0,11.05,10.8,10.8,133000
2025-09-26,10.7,10.7,11.05,10.6,10.95,220000
2025-09-29,17.7,17.7,18.0,17.4,17.6,106575
2025-09-30,10.7,10.7,10.8,10.7,10.75,158000
2025-10-01,10.85,10.85,10.85,10.7,10.7,68000
2025-10-02,10.95,10.95,11.0,10.85,10.85,116000
2025-10-03,10.95,10.95,11.05,10.9,10.95,126000
2025-10-06,17.7,17.7,18.0,17.4,17.6,106575
2025-10-07,11.15,11.15,11.15,10.95,10.95,130000
2025-10-08,11.15,11.15,11.3,11.15,11.15,99000
2025-10-09,10.9,10.9,11.1,10.75,11.1,306000
2025-10-10,17.7,17.7,18.0,17.4,17.6,106575
2025-10-13,10.85,10.85,10.9,10.6,10.7,66000
2025-10-14,10.85,10.85,11.0,10.7,10.8,76000
2025-10-15,10.9,10.9,11.0,10.85,11.0,69000
2025-10-16,10.9,10.9,11.15,10.9,11.0,94000
2025-10-17,11.0,11.0,11.0,10.9,10.9,208000
2025-10-20,10.85,10.85,10.95,10.85,10.95,79000
2025-10-21,10.9,10.9,10.95,10.8,10.85,105000
2025-10-22,11.0,11.0,11.0,10.95,10.95,95000
2025-10-23,11.15,11.15,11.25,11.0,11.05,138000
2025-10-24,17.7,17.7,18.0,17.4,17.6,106575
2025-10-27,11.2,11.2,11.4,11.1,11.2,145000
2025-10-28,11.2,11.2,11.2,11.1,11.2,70000
2025-10-29,11.3,11.3,11.3,11.15,11.2,59000
2025-10-30,11.1,11.1,11.5,11.1,11.35,183000
2025-10-31,11.0,11.0,11.15,10.95,11.1,95000
2025-11-03,11.05,11.05,11.25,11.0,11.0,59000
2025-11-04,10.95,10.95,11.25,10.95,11.05,58000
2025-11-05,11.05,11.05,11.2,10.8,10.8,445000
2025-11-06,11.0,11.0,11.05,10.95,11.0,57000
2025-11-07,11.05,11.05,11.25,10.95,11.25,119000
2025-11-10,10.65,10.65,10.8,10.5,10.8,174000
2025-11-11,10.6,10.6,10.7,10.55,10.55,97000
2025-11-12,10.7,10.7,10.9,10.6,10.6,90000
2025-11-13,10.8,10.8,10.8,10.65,10.7,120000
2025-11-14,10.65,10.65,10.8,10.6,10.6,64000
2025-11-17,10.0,10.0,10.65,10.0,10.65,283000
2025-11-18,10.3,10.3,10.65,10.1,10.1,160000
2025-11-19,10.15,10.15,10.2,10.0,10.2,105000
2025-11-20,10.15,10.15,10.3,10.15,10.25,57000
2025-11-21,10.05,10.05,10.2,10.05,10.15,71000
2025-11-24,10.1,10.1,10.15,10.1,10.1,32000
2025-11-25,10.15,10.15,10.35,10.05,10.2,109000
2025-11-26,10.15,10.15,10.45,10.05,10.3,135000
2025-11-27,10.3,10.3,10.4,10.2,10.2,293000
2025-11-28,10.55,10.55,11.0,10.4,10.45,84000
2025-12-01,10.7,10.7,10.7,10.55,10.55,6000
2025-12-02,10.7,10.7,10.8,10.5,10.6,39000
2025-12-03,10.75,10.75,10.8,10.65,10.7,21000
2025-12-04,10.6,10.6,10.7,10.6,10.7,35000
2025-12-05,10.6,10.6,10.75,10.55,10.7,56000
2025-12-08,10.7,10.7,10.7,10.5,10.7,76000
2025-12-09,10.55,10.55,10.7,10.55,10.6,45000
2025-12-10,10.5,10.5,10.7,10.5,10.55,102000
2025-12-11,10.4,10.4,10.6,10.4,10.55,109000
2025-12-12,10.5,10.5,10.5,10.4,10.45,43000
2025-12-15,10.45,10.45,10.5,10.2,10.45,163000
2025-12-16,10.35,10.35,10.55,10.35,10.4,168000
2025-12-17,10.5,10.5,10.5,10.4,10.45,45000
2025-12-18,10.35,10.35,10.5,10.35,10.5,54000
2025-12-19,10.2,10.2,10.35,10.1,10.35,255000
2025-12-22,10.2,10.2,10.25,10.2,10.2,63000
2025-12-23,10.1,10.1,10.3,10.0,10.3,285000
2025-12-24,10.1,10.1,10.1,10.05,10.1,76000
2025-12-25,17.7,17.7,18.0,17.4,17.6,106575
2025-12-26,10.05,10.05,10.1,10.0,10.1,104000
2025-12-29,10.05,10.05,10.15,10.0,10.0,108000
2025-12-30,10.05,10.05,10.25,10.05,10.1,79000
2025-12-31,10.05,10.05,10.1,10.0,10.1,112000
2026-01-01,17.7,17.7,18.0,17.4,17.6,106575
2026-01-02,10.0,10.0,10.1,9.96,10.1,140000
2026-01-05,9.84,9.84,10.0,9.78,10.0,957000
2026-01-06,9.81,9.81,9.84,9.8,9.81,181000
2026-01-07,10.75,10.75,10.75,9.81,9.82,572000
2026-01-08,10.5,10.5,10.8,10.4,10.75,349000
2026-01-09,10.4,10.4,10.4,10.3,10.35,91000
2026-01-12,10.2,10.2,10.4,10.1,10.3,214000
2026-01-13,11.2,11.2,11.2,10.2,10.2,1364000
2026-01-14,12.3,12.3,12.3,11.8,12.2,856000
2026-01-15,13.5,13.5,13.5,12.7,13.5,4291000
2026-01-16,13.55,13.55,14.2,13.0,13.3,2011000
2026-01-19,13.25,13.25,13.6,12.95,13.2,1234000
2026-01-20,13.9,13.9,13.9,13.1,13.15,821000
2026-01-21,13.15,13.15,13.7,13.15,13.7,710000
2026-01-22,13.3,13.3,13.35,13.0,13.15,363000
2026-01-23,12.95,12.95,13.3,12.85,13.3,428000
2026-01-26,12.65,12.65,12.95,12.35,12.95,341000
2026-01-27,12.85,12.85,13.1,12.65,12.65,332000
2026-01-28,12.95,12.95,13.05,12.65,12.75,205000
2026-01-29,12.75,12.75,13.35,12.75,13.05,346000
2026-01-30,12.65,12.65,13.0,12.6,13.0,198000
2026-02-02,12.05,12.05,12.6,12.0,12.6,334000
2026-02-03,11.9,11.9,12.75,11.85,12.05,192000
2026-02-04,11.95,11.95,12.1,11.85,11.85,138000
2026-02-05,11.9,11.9,11.95,11.8,11.85,85000
2026-02-06,11.75,11.75,11.85,11.7,11.75,69000
2026-02-09,11.65,11.65,11.8,11.5,11.75,114000
2026-02-10,11.8,11.8,12.0,11.5,11.55,120000
2026-02-11,12.3,12.3,12.5,11.85,11.95,338000
2026-02-12,17.7,17.7,18.0,17.4,17.6,106575
2026-02-13,17.7,17.7,18.0,17.4,17.6,106575
2026-02-16,17.7,17.7,18.0,17.4,17.6,106575
2026-02-17,17.7,17.7,18.0,17.4,17.6,106575
2026-02-18,17.7,17.7,18.0,17.4,17.6,106575
2026-02-19,17.7,17.7,18.0,17.4,17.6,106575
2026-02-20,17.7,17.7,18.0,17.4,17.6,106575
2026-02-23,12.2,12.2,12.4,12.1,12.4,145000
2026-02-24,12.15,12.15,12.25,12.05,12.2,159000
2026-02-25,12.1,12.1,12.2,12.0,12.15,215000
2026-02-26,13.3,13.3,13.3,12.25,12.25,595000
2026-02-27,17.7,17.7,18.0,17.4,17.6,106575
2026-03-02,13.25,13.25,13.8,12.8,12.95,920000
2026-03-03,14.55,14.55,14.55,13.25,13.3,1223000
2026-03-04,16.0,16.0,16.0,15.5,15.6,1158000
2026-03-05,16.7,16.7,17.6,16.0,17.6,4842000
2026-03-06,15.6,15.6,16.35,15.3,16.35,1352000
2026-03-09,14.75,14.75,15.1,14.25,15.0,648000
2026-03-10,15.25,15.25,15.7,14.25,14.25,862000
2026-03-11,14.8,14.8,15.65,14.6,15.6,683000
2026-03-12,14.05,14.05,14.5,13.85,14.15,996000
2026-03-13,14.3,14.3,14.75,14.05,14.05,387000
2026-03-16,14.0,14.0,14.4,13.95,14.3,321000
2026-03-17,14.05,14.05,14.3,14.0,14.0,217000
2026-03-18,14.05,14.05,14.25,14.0,14.05,212000
2026-03-19,13.8,13.8,14.05,13.75,14.05,245000
2026-03-20,15.15,15.15,15.15,13.9,13.9,583000
2026-03-23,14.1,14.1,16.3,14.1,15.2,1058000
2026-03-24,13.85,13.85,14.45,13.85,14.4,484000
2026-03-25,13.9,13.9,14.3,13.85,14.2,407000
2026-03-26,13.95,13.95,14.35,13.95,14.0,219000
2026-03-27,13.55,13.55,13.9,13.55,13.85,335000
2026-03-30,13.6,13.6,14.25,13.55,13.7,285000
2026-03-31,13.3,13.3,14.0,13.3,13.8,314000
2026-04-01,13.2,13.2,13.65,13.1,13.55,198000
2026-04-02,13.15,13.15,13.5,13.1,13.25,81000
2026-04-03,17.7,17.7,18.0,17.4,17.6,106575
2026-04-06,17.7,17.7,18.0,17.4,17.6,106575
2026-04-07,12.85,12.85,13.4,12.8,13.1,394000
2026-04-08,13.1,13.1,13.1,12.8,13.0,257000
2026-04-09,13.35,13.35,13.45,13.2,13.25,130000
2026-04-10,13.1,13.1,13.5,13.1,13.45,277000
2026-04-13,13.15,13.15,13.35,13.0,13.1,261000
2026-04-14,13.25,13.25,13.4,13.1,13.15,353000
2026-04-15,13.65,13.65,13.8,13.2,13.2,685000
2026-04-16,15.0,15.0,15.0,13.1,13.65,1638000
2026-04-17,14.65,14.65,15.3,14.5,15.0,1039000
2026-04-20,14.35,14.35,14.75,14.3,14.65,375000
2026-04-21,14.6,14.6,14.75,14.3,14.6,251000
2026-04-22,14.7,14.7,15.05,14.6,14.9,317000
2026-04-23,14.25,14.25,14.85,14.1,14.75,460000
2026-04-24,13.9,13.9,14.35,13.85,14.3,252000
2026-04-27,13.5,13.5,13.9,13.35,13.9,285000
2026-04-28,13.65,13.65,13.75,13.5,13.55,117000
2026-04-29,14.1,14.1,14.25,13.7,13.8,228000
2026-04-30,14.75,14.75,15.4,14.2,14.2,591000
2026-05-01,17.7,17.7,18.0,17.4,17.6,106575
2026-05-04,14.85,14.85,14.9,14.45,14.8,346000
2026-05-05,15.4,15.4,15.8,14.9,14.9,804000
2026-05-06,15.05,15.05,15.4,14.85,15.4,356000
2026-05-07,14.95,14.95,15.35,14.8,15.2,427000
2026-05-08,14.6,14.6,15.1,14.6,14.9,304000
2026-05-11,15.4,15.4,15.6,14.6,14.75,941000
2026-05-12,15.1,15.1,15.6,15.1,15.4,260000
2026-05-13,15.2,15.2,15.5,15.0,15.1,432000
2026-05-14,15.7,15.7,16.3,15.3,15.3,957000
2026-05-15,15.1,15.1,15.7,15.05,15.7,629000
2026-05-18,15.05,15.05,15.15,14.5,15.05,248000
2026-05-19,15.05,15.05,15.2,14.8,15.1,225000
2026-05-20,15.05,15.05,15.25,15.05,15.05,167000
2026-05-21,15.75,15.75,16.1,15.1,15.1,691000
2026-05-22,16.1,16.1,16.2,15.5,15.9,598000
2026-05-25,17.7,17.7,17.7,15.85,16.1,2022000
2026-05-26,19.45,19.45,19.45,17.9,18.1,3426000
2026-05-27,18.7,18.7,20.0,18.6,19.65,3022000
2026-05-28,18.1,18.1,18.9,18.0,18.7,1125000
2026-05-29,18.7,18.7,19.9,18.1,18.1,2556000
2026-06-01,19.35,19.35,20.0,18.55,18.7,1530000
2026-06-02,18.8,18.8,19.15,18.35,19.15,707000
2026-06-03,19.05,19.05,19.5,18.9,19.0,610000
2026-06-04,19.4,19.4,19.5,18.95,19.05,594000
2026-06-05,18.7,18.7,19.35,18.7,19.15,477000
2026-06-08,17.6,17.6,17.7,16.85,17.05,746000
2026-06-09,17.75,17.75,18.65,17.65,18.65,527000
2026-06-10,17.5,17.5,18.0,17.5,17.6,431000
2026-06-11,18.0,18.0,18.0,17.05,17.7,300000
2026-06-12,17.9,17.9,18.65,17.8,18.1,418000
2026-06-15,18.0,18.0,18.2,17.7,17.9,214000
2026-06-16,19.8,19.8,19.8,18.3,18.3,2940000
2026-06-17,20.6,20.6,21.6,20.2,21.15,5254000
2026-06-18,21.6,21.6,22.1,20.15,20.2,2773000
2026-06-19,17.7,17.7,18.0,17.4,17.6,106575
2026-06-22,23.05,23.05,23.3,22.0,22.3,2733000
2026-06-23,22.6,22.6,23.25,22.2,23.05,1571000
2026-06-24,24.85,24.85,24.85,22.6,22.6,6595000
2026-06-25,25.95,25.95,26.3,25.4,25.9,4045000
2026-06-26,25.7,25.7,27.3,25.05,25.95,2354000
2026-06-29,26.7,26.7,27.95,25.95,27.15,2983000
2026-06-30,24.45,24.45,27.55,24.05,27.55,5413000
2026-07-01,24.75,24.75,25.25,24.4,25.1,1869000
2026-07-02,24.2,24.2,25.15,24.1,24.35,905000
2026-07-03,24.25,24.25,24.75,23.65,24.75,792000
2026-07-06,24.2,24.2,25.15,23.85,24.25,891000
2026-07-07,24.1,24.1,24.65,23.9,24.5,648000
2026-07-08,23.55,23.55,24.4,23.25,24.4,634000
2026-07-09,23.0,23.0,23.55,23.0,23.55,433000
2026-07-10,17.7,17.7,18.0,17.4,17.6,106575
2026-07-13,23.0,23.0,23.55,22.0,22.6,1382000
2026-07-14,21.5,21.5,22.9,20.9,22.9,1080000
2026-07-15,21.5,21.5,21.55,20.8,21.35,528000
2026-07-16,21.2,21.2,21.8,20.95,20.95,247000
2026-07-17,19.3,19.3,21.0,19.25,20.85,1002000
2026-07-20,19.55,19.55,19.75,19.1,19.15,553000
2026-07-21,20.05,20.05,20.2,19.8,19.8,339000
2026-07-22,19.95,19.95,21.0,19.95,20.3,384000
2026-07-23,19.95,19.95,20.1,19.75,20.05,144000
2026-07-24,19.8,19.8,20.1,19.8,19.95,174000
2026-07-27,20.25,20.25,20.25,19.6,19.8,314000
2026-07-28,19.25,19.25,20.25,19.2,20.2,587000
2026-07-29,18.0,18.0,19.25,17.6,19.25,994000
2026-07-30,16.9,16.9,17.85,16.65,17.8,733000
2026-07-31,16.85,16.85,17.85,16.85,17.25,626000
2026-08-03,17.15,17.15,17.25,16.8,17.05,272000
2026-08-04,17.6,17.6,17.8,17.1,17.1,159000
2026-08-05,17.75,17.75,18.6,17.6,17.9,292000
2026-08-06,18.4,18.4,18.65,17.65,18.15,255000
2026-08-07,17.75,17.75,18.75,17.65,18.75,304000
2026-08-10,18.5,18.5,18.85,17.7,17.75,286000
2026-08-11,18.4,18.4,18.5,18.15,18.5,142000
2026-08-12,18.4,18.4,18.6,18.25,18.4,66000
2026-08-13,18.5,18.5,19.15,18.35,18.6,365000
2026-08-14,17.95,17.95,18.3,17.65,18.25,246000
2026-08-17,17.9,17.9,18.1,17.9,18.0,94000
2026-08-18,17.7,17.7,17.9,17.55,17.9,192000
2026-08-19,17.3,17.3,17.7,17.3,17.7,131000
2026-08-20,17.55,17.55,17.55,17.35,17.45,44000
2026-08-21,17.7,17.7,18.0,17.4,17.6,106000
2026-08-24,17.7,17.7,17.75,17.55,17.7,63109
2026-08-25,17.45,17.45,17.65,17.25,17.55,77939
2026-08-26,19.15,19.15,19.15,17.65,17.75,544999
2026-08-27,19.15,19.15,19.3,18.3,18.65,503148
2026-08-28,18.65,18.65,19.8,18.6,19.8,300448
2026-08-31,18.0,18.0,18.65,18.0,18.65,431786
