Date,Adj Close,Close,High,Low,Open,Volume
2016-08-12,15115.0,15115.0,15500.0,14600.0,15350.0,306626
2016-08-15,15115.0,15115.0,15500.0,14600.0,15350.0,306626
2016-08-16,15115.0,15115.0,15500.0,14600.0,15350.0,306626
2016-08-17,15115.0,15115.0,15500.0,14600.0,15350.0,306626
2016-08-18,15115.0,15115.0,15500.0,14600.0,15350.0,306626
2016-08-19,15115.0,15115.0,15500.0,14600.0,15350.0,306626
2016-08-22,15115.0,15115.0,15500.0,14600.0,15350.0,306626
2016-08-23,15115.0,15115.0,15500.0,14600.0,15350.0,306626
2016-08-24,15115.0,15115.0,15500.0,14600.0,15350.0,306626
2016-08-25,15115.0,15115.0,15500.0,14600.0,15350.0,306626
2016-08-26,15115.0,15115.0,15500.0,14600.0,15350.0,306626
2016-08-29,15115.0,15115.0,15500.0,14600.0,15350.0,306626
2016-08-30,15115.0,15115.0,15500.0,14600.0,15350.0,306626
2016-08-31,15115.0,15115.0,15500.0,14600.0,15350.0,306626
2016-09-01,15115.0,15115.0,15500.0,14600.0,15350.0,306626
2016-09-02,15115.0,15115.0,15500.0,14600.0,15350.0,306626
2016-09-05,15115.0,15115.0,15500.0,14600.0,15350.0,306626
2016-09-06,15115.0,15115.0,15500.0,14600.0,15350.0,306626
2016-09-07,15115.0,15115.0,15500.0,14600.0,15350.0,306626
2016-09-08,15115.0,15115.0,15500.0,14600.0,15350.0,306626
2016-09-09,15115.0,15115.0,15500.0,14600.0,15350.0,306626
2016-09-12,15115.0,15115.0,15500.0,14600.0,15350.0,306626
2016-09-13,15115.0,15115.0,15500.0,14600.0,15350.0,306626
2016-09-14,15115.0,15115.0,15500.0,14600.0,15350.0,306626
2016-09-19,15115.0,15115.0,15500.0,14600.0,15350.0,306626
2016-09-20,15115.0,15115.0,15500.0,14600.0,15350.0,306626
2016-09-21,15115.0,15115.0,15500.0,14600.0,15350.0,306626
2016-09-22,15115.0,15115.0,15500.0,14600.0,15350.0,306626
2016-09-23,15115.0,15115.0,15500.0,14600.0,15350.0,306626
2016-09-26,15115.0,15115.0,15500.0,14600.0,15350.0,306626
2016-09-29,15115.0,15115.0,15500.0,14600.0,15350.0,306626
2016-09-30,15115.0,15115.0,15500.0,14600.0,15350.0,306626
2016-10-03,15115.0,15115.0,15500.0,14600.0,15350.0,306626
2016-10-04,15115.0,15115.0,15500.0,14600.0,15350.0,306626
2016-10-05,15115.0,15115.0,15500.0,14600.0,15350.0,306626
2016-10-06,15115.0,15115.0,15500.0,14600.0,15350.0,306626
2016-10-07,15115.0,15115.0,15500.0,14600.0,15350.0,306626
2016-10-11,15115.0,15115.0,15500.0,14600.0,15350.0,306626
2016-10-12,15115.0,15115.0,15500.0,14600.0,15350.0,306626
2016-10-13,15115.0,15115.0,15500.0,14600.0,15350.0,306626
2016-10-14,15115.0,15115.0,15500.0,14600.0,15350.0,306626
2016-10-17,15115.0,15115.0,15500.0,14600.0,15350.0,306626
2016-10-18,15115.0,15115.0,15500.0,14600.0,15350.0,306626
2016-10-19,15115.0,15115.0,15500.0,14600.0,15350.0,306626
2016-10-20,15115.0,15115.0,15500.0,14600.0,15350.0,306626
2016-10-21,15115.0,15115.0,15500.0,14600.0,15350.0,306626
2016-10-24,15115.0,15115.0,15500.0,14600.0,15350.0,306626
2016-10-25,15115.0,15115.0,15500.0,14600.0,15350.0,306626
2016-10-26,15115.0,15115.0,15500.0,14600.0,15350.0,306626
2016-10-27,15115.0,15115.0,15500.0,14600.0,15350.0,306626
2016-10-28,15115.0,15115.0,15500.0,14600.0,15350.0,306626
2016-10-31,15115.0,15115.0,15500.0,14600.0,15350.0,306626
2016-11-01,15115.0,15115.0,15500.0,14600.0,15350.0,306626
2016-11-02,15115.0,15115.0,15500.0,14600.0,15350.0,306626
2016-11-03,15115.0,15115.0,15500.0,14600.0,15350.0,306626
2016-11-04,15115.0,15115.0,15500.0,14600.0,15350.0,306626
2016-11-07,15115.0,15115.0,15500.0,14600.0,15350.0,306626
2016-11-08,15115.0,15115.0,15500.0,14600.0,15350.0,306626
2016-11-09,15115.0,15115.0,15500.0,14600.0,15350.0,306626
2016-11-10,15115.0,15115.0,15500.0,14600.0,15350.0,306626
2016-11-11,15115.0,15115.0,15500.0,14600.0,15350.0,306626
2016-11-14,15115.0,15115.0,15500.0,14600.0,15350.0,306626
2016-11-15,15115.0,15115.0,15500.0,14600.0,15350.0,306626
2016-11-16,15115.0,15115.0,15500.0,14600.0,15350.0,306626
2016-11-17,15115.0,15115.0,15500.0,14600.0,15350.0,306626
2016-11-18,15115.0,15115.0,15500.0,14600.0,15350.0,306626
2016-11-21,15115.0,15115.0,15500.0,14600.0,15350.0,306626
2016-11-22,15115.0,15115.0,15500.0,14600.0,15350.0,306626
2016-11-23,15115.0,15115.0,15500.0,14600.0,15350.0,306626
2016-11-24,15115.0,15115.0,15500.0,14600.0,15350.0,306626
2016-11-25,15115.0,15115.0,15500.0,14600.0,15350.0,306626
2016-11-28,15115.0,15115.0,15500.0,14600.0,15350.0,306626
2016-11-29,15115.0,15115.0,15500.0,14600.0,15350.0,306626
2016-11-30,15115.0,15115.0,15500.0,14600.0,15350.0,306626
2016-12-01,15115.0,15115.0,15500.0,14600.0,15350.0,306626
2016-12-02,15115.0,15115.0,15500.0,14600.0,15350.0,306626
2016-12-05,15115.0,15115.0,15500.0,14600.0,15350.0,306626
2016-12-06,15115.0,15115.0,15500.0,14600.0,15350.0,306626
2016-12-07,15115.0,15115.0,15500.0,14600.0,15350.0,306626
2016-12-08,15115.0,15115.0,15500.0,14600.0,15350.0,306626
2016-12-09,15115.0,15115.0,15500.0,14600.0,15350.0,306626
2016-12-12,15115.0,15115.0,15500.0,14600.0,15350.0,306626
2016-12-13,15115.0,15115.0,15500.0,14600.0,15350.0,306626
2016-12-14,15115.0,15115.0,15500.0,14600.0,15350.0,306626
2016-12-15,15115.0,15115.0,15500.0,14600.0,15350.0,306626
2016-12-16,15115.0,15115.0,15500.0,14600.0,15350.0,306626
2016-12-19,15115.0,15115.0,15500.0,14600.0,15350.0,306626
2016-12-20,15115.0,15115.0,15500.0,14600.0,15350.0,306626
2016-12-21,15115.0,15115.0,15500.0,14600.0,15350.0,306626
2016-12-22,15115.0,15115.0,15500.0,14600.0,15350.0,306626
2016-12-23,15115.0,15115.0,15500.0,14600.0,15350.0,306626
2016-12-26,15115.0,15115.0,15500.0,14600.0,15350.0,306626
2016-12-27,15115.0,15115.0,15500.0,14600.0,15350.0,306626
2016-12-28,15115.0,15115.0,15500.0,14600.0,15350.0,306626
2016-12-29,15115.0,15115.0,15500.0,14600.0,15350.0,306626
2016-12-30,15115.0,15115.0,15500.0,14600.0,15350.0,306626
2017-01-03,15115.0,15115.0,15500.0,14600.0,15350.0,306626
2017-01-04,15115.0,15115.0,15500.0,14600.0,15350.0,306626
2017-01-05,15115.0,15115.0,15500.0,14600.0,15350.0,306626
2017-01-06,15115.0,15115.0,15500.0,14600.0,15350.0,306626
2017-01-09,15115.0,15115.0,15500.0,14600.0,15350.0,306626
2017-01-10,15115.0,15115.0,15500.0,14600.0,15350.0,306626
2017-01-11,15115.0,15115.0,15500.0,14600.0,15350.0,306626
2017-01-12,15115.0,15115.0,15500.0,14600.0,15350.0,306626
2017-01-13,15115.0,15115.0,15500.0,14600.0,15350.0,306626
2017-01-16,15115.0,15115.0,15500.0,14600.0,15350.0,306626
2017-01-17,15115.0,15115.0,15500.0,14600.0,15350.0,306626
2017-01-18,15115.0,15115.0,15500.0,14600.0,15350.0,306626
2017-01-19,15115.0,15115.0,15500.0,14600.0,15350.0,306626
2017-01-20,15115.0,15115.0,15500.0,14600.0,15350.0,306626
2017-01-23,15115.0,15115.0,15500.0,14600.0,15350.0,306626
2017-01-24,15115.0,15115.0,15500.0,14600.0,15350.0,306626
2017-02-02,15115.0,15115.0,15500.0,14600.0,15350.0,306626
2017-02-03,15115.0,15115.0,15500.0,14600.0,15350.0,306626
2017-02-06,15115.0,15115.0,15500.0,14600.0,15350.0,306626
2017-02-07,15115.0,15115.0,15500.0,14600.0,15350.0,306626
2017-02-08,15115.0,15115.0,15500.0,14600.0,15350.0,306626
2017-02-09,15115.0,15115.0,15500.0,14600.0,15350.0,306626
2017-02-10,15115.0,15115.0,15500.0,14600.0,15350.0,306626
2017-02-13,15115.0,15115.0,15500.0,14600.0,15350.0,306626
2017-02-14,15115.0,15115.0,15500.0,14600.0,15350.0,306626
2017-02-15,15115.0,15115.0,15500.0,14600.0,15350.0,306626
2017-02-16,15115.0,15115.0,15500.0,14600.0,15350.0,306626
2017-02-17,15115.0,15115.0,15500.0,14600.0,15350.0,306626
2017-02-20,15115.0,15115.0,15500.0,14600.0,15350.0,306626
2017-02-21,15115.0,15115.0,15500.0,14600.0,15350.0,306626
2017-02-22,15115.0,15115.0,15500.0,14600.0,15350.0,306626
2017-02-23,15115.0,15115.0,15500.0,14600.0,15350.0,306626
2017-02-24,15115.0,15115.0,15500.0,14600.0,15350.0,306626
2017-03-01,15115.0,15115.0,15500.0,14600.0,15350.0,306626
2017-03-02,15115.0,15115.0,15500.0,14600.0,15350.0,306626
2017-03-03,15115.0,15115.0,15500.0,14600.0,15350.0,306626
2017-03-06,15115.0,15115.0,15500.0,14600.0,15350.0,306626
2017-03-07,15115.0,15115.0,15500.0,14600.0,15350.0,306626
2017-03-08,15115.0,15115.0,15500.0,14600.0,15350.0,306626
2017-03-09,15115.0,15115.0,15500.0,14600.0,15350.0,306626
2017-03-10,15115.0,15115.0,15500.0,14600.0,15350.0,306626
2017-03-13,15115.0,15115.0,15500.0,14600.0,15350.0,306626
2017-03-14,15115.0,15115.0,15500.0,14600.0,15350.0,306626
2017-03-15,15115.0,15115.0,15500.0,14600.0,15350.0,306626
2017-03-16,15115.0,15115.0,15500.0,14600.0,15350.0,306626
2017-03-17,15115.0,15115.0,15500.0,14600.0,15350.0,306626
2017-03-20,15115.0,15115.0,15500.0,14600.0,15350.0,306626
2017-03-21,15115.0,15115.0,15500.0,14600.0,15350.0,306626
2017-03-22,15115.0,15115.0,15500.0,14600.0,15350.0,306626
2017-03-23,15115.0,15115.0,15500.0,14600.0,15350.0,306626
2017-03-24,15115.0,15115.0,15500.0,14600.0,15350.0,306626
2017-03-27,15115.0,15115.0,15500.0,14600.0,15350.0,306626
2017-03-28,15115.0,15115.0,15500.0,14600.0,15350.0,306626
2017-03-29,15115.0,15115.0,15500.0,14600.0,15350.0,306626
2017-03-30,15115.0,15115.0,15500.0,14600.0,15350.0,306626
2017-03-31,15115.0,15115.0,15500.0,14600.0,15350.0,306626
2017-04-05,15115.0,15115.0,15500.0,14600.0,15350.0,306626
2017-04-06,15115.0,15115.0,15500.0,14600.0,15350.0,306626
2017-04-07,15115.0,15115.0,15500.0,14600.0,15350.0,306626
2017-04-10,15115.0,15115.0,15500.0,14600.0,15350.0,306626
2017-04-11,15115.0,15115.0,15500.0,14600.0,15350.0,306626
2017-04-12,15115.0,15115.0,15500.0,14600.0,15350.0,306626
2017-04-13,15115.0,15115.0,15500.0,14600.0,15350.0,306626
2017-04-14,15115.0,15115.0,15500.0,14600.0,15350.0,306626
2017-04-17,15115.0,15115.0,15500.0,14600.0,15350.0,306626
2017-04-18,15115.0,15115.0,15500.0,14600.0,15350.0,306626
2017-04-19,15115.0,15115.0,15500.0,14600.0,15350.0,306626
2017-04-21,15115.0,15115.0,15500.0,14600.0,15350.0,306626
2017-04-24,15115.0,15115.0,15500.0,14600.0,15350.0,306626
2017-04-25,15115.0,15115.0,15500.0,14600.0,15350.0,306626
2017-04-26,15115.0,15115.0,15500.0,14600.0,15350.0,306626
2017-04-27,15115.0,15115.0,15500.0,14600.0,15350.0,306626
2017-04-28,15115.0,15115.0,15500.0,14600.0,15350.0,306626
2017-05-02,15115.0,15115.0,15500.0,14600.0,15350.0,306626
2017-05-03,15115.0,15115.0,15500.0,14600.0,15350.0,306626
2017-05-04,15115.0,15115.0,15500.0,14600.0,15350.0,306626
2017-05-05,15115.0,15115.0,15500.0,14600.0,15350.0,306626
2017-05-08,15115.0,15115.0,15500.0,14600.0,15350.0,306626
2017-05-09,15115.0,15115.0,15500.0,14600.0,15350.0,306626
2017-05-10,15115.0,15115.0,15500.0,14600.0,15350.0,306626
2017-05-11,15115.0,15115.0,15500.0,14600.0,15350.0,306626
2017-05-12,15115.0,15115.0,15500.0,14600.0,15350.0,306626
2017-05-15,15115.0,15115.0,15500.0,14600.0,15350.0,306626
2017-05-16,15115.0,15115.0,15500.0,14600.0,15350.0,306626
2017-05-17,15115.0,15115.0,15500.0,14600.0,15350.0,306626
2017-05-18,15115.0,15115.0,15500.0,14600.0,15350.0,306626
2017-05-19,15115.0,15115.0,15500.0,14600.0,15350.0,306626
2017-05-22,15115.0,15115.0,15500.0,14600.0,15350.0,306626
2017-05-23,15115.0,15115.0,15500.0,14600.0,15350.0,306626
2017-05-24,15115.0,15115.0,15500.0,14600.0,15350.0,306626
2017-05-25,15115.0,15115.0,15500.0,14600.0,15350.0,306626
2017-05-26,15115.0,15115.0,15500.0,14600.0,15350.0,306626
2017-05-31,15115.0,15115.0,15500.0,14600.0,15350.0,306626
2017-06-01,15115.0,15115.0,15500.0,14600.0,15350.0,306626
2017-06-02,15115.0,15115.0,15500.0,14600.0,15350.0,306626
2017-06-05,15115.0,15115.0,15500.0,14600.0,15350.0,306626
2017-06-06,15115.0,15115.0,15500.0,14600.0,15350.0,306626
2017-06-07,15115.0,15115.0,15500.0,14600.0,15350.0,306626
2017-06-08,15115.0,15115.0,15500.0,14600.0,15350.0,306626
2017-06-09,15115.0,15115.0,15500.0,14600.0,15350.0,306626
2017-06-12,15115.0,15115.0,15500.0,14600.0,15350.0,306626
2017-06-13,15115.0,15115.0,15500.0,14600.0,15350.0,306626
2017-06-14,15115.0,15115.0,15500.0,14600.0,15350.0,306626
2017-06-15,15115.0,15115.0,15500.0,14600.0,15350.0,306626
2017-06-16,15115.0,15115.0,15500.0,14600.0,15350.0,306626
2017-06-19,15115.0,15115.0,15500.0,14600.0,15350.0,306626
2017-06-20,15115.0,15115.0,15500.0,14600.0,15350.0,306626
2017-06-21,15115.0,15115.0,15500.0,14600.0,15350.0,306626
2017-06-22,15115.0,15115.0,15500.0,14600.0,15350.0,306626
2017-06-23,15115.0,15115.0,15500.0,14600.0,15350.0,306626
2017-06-26,15115.0,15115.0,15500.0,14600.0,15350.0,306626
2017-06-27,15115.0,15115.0,15500.0,14600.0,15350.0,306626
2017-06-28,15115.0,15115.0,15500.0,14600.0,15350.0,306626
2017-06-29,15115.0,15115.0,15500.0,14600.0,15350.0,306626
2017-06-30,15115.0,15115.0,15500.0,14600.0,15350.0,306626
2017-07-03,15115.0,15115.0,15500.0,14600.0,15350.0,306626
2017-07-04,15115.0,15115.0,15500.0,14600.0,15350.0,306626
2017-07-05,15115.0,15115.0,15500.0,14600.0,15350.0,306626
2017-07-06,15115.0,15115.0,15500.0,14600.0,15350.0,306626
2017-07-07,15115.0,15115.0,15500.0,14600.0,15350.0,306626
2017-07-10,15115.0,15115.0,15500.0,14600.0,15350.0,306626
2017-07-11,15115.0,15115.0,15500.0,14600.0,15350.0,306626
2017-07-12,15115.0,15115.0,15500.0,14600.0,15350.0,306626
2017-07-13,15115.0,15115.0,15500.0,14600.0,15350.0,306626
2017-07-14,15115.0,15115.0,15500.0,14600.0,15350.0,306626
2017-07-17,15115.0,15115.0,15500.0,14600.0,15350.0,306626
2017-07-18,15115.0,15115.0,15500.0,14600.0,15350.0,306626
2017-07-19,15115.0,15115.0,15500.0,14600.0,15350.0,306626
2017-07-20,15115.0,15115.0,15500.0,14600.0,15350.0,306626
2017-07-21,15115.0,15115.0,15500.0,14600.0,15350.0,306626
2017-07-24,15115.0,15115.0,15500.0,14600.0,15350.0,306626
2017-07-25,15115.0,15115.0,15500.0,14600.0,15350.0,306626
2017-07-26,15115.0,15115.0,15500.0,14600.0,15350.0,306626
2017-07-27,15115.0,15115.0,15500.0,14600.0,15350.0,306626
2017-07-28,15115.0,15115.0,15500.0,14600.0,15350.0,306626
2017-07-31,15115.0,15115.0,15500.0,14600.0,15350.0,306626
2017-08-01,15115.0,15115.0,15500.0,14600.0,15350.0,306626
2017-08-02,15115.0,15115.0,15500.0,14600.0,15350.0,306626
2017-08-03,15115.0,15115.0,15500.0,14600.0,15350.0,306626
2017-08-04,15115.0,15115.0,15500.0,14600.0,15350.0,306626
2017-08-07,15115.0,15115.0,15500.0,14600.0,15350.0,306626
2017-08-08,15115.0,15115.0,15500.0,14600.0,15350.0,306626
2017-08-09,15115.0,15115.0,15500.0,14600.0,15350.0,306626
2017-08-10,15115.0,15115.0,15500.0,14600.0,15350.0,306626
2017-08-11,15115.0,15115.0,15500.0,14600.0,15350.0,306626
2017-08-14,15115.0,15115.0,15500.0,14600.0,15350.0,306626
2017-08-15,15115.0,15115.0,15500.0,14600.0,15350.0,306626
2017-08-16,15115.0,15115.0,15500.0,14600.0,15350.0,306626
2017-08-17,15115.0,15115.0,15500.0,14600.0,15350.0,306626
2017-08-18,15115.0,15115.0,15500.0,14600.0,15350.0,306626
2017-08-21,15115.0,15115.0,15500.0,14600.0,15350.0,306626
2017-08-22,15115.0,15115.0,15500.0,14600.0,15350.0,306626
2017-08-23,15115.0,15115.0,15500.0,14600.0,15350.0,306626
2017-08-24,15115.0,15115.0,15500.0,14600.0,15350.0,306626
2017-08-25,15115.0,15115.0,15500.0,14600.0,15350.0,306626
2017-08-28,15115.0,15115.0,15500.0,14600.0,15350.0,306626
2017-08-29,15115.0,15115.0,15500.0,14600.0,15350.0,306626
2017-08-30,15115.0,15115.0,15500.0,14600.0,15350.0,306626
2017-08-31,15115.0,15115.0,15500.0,14600.0,15350.0,306626
2017-09-01,15115.0,15115.0,15500.0,14600.0,15350.0,306626
2017-09-04,15115.0,15115.0,15500.0,14600.0,15350.0,306626
2017-09-05,15115.0,15115.0,15500.0,14600.0,15350.0,306626
2017-09-06,15115.0,15115.0,15500.0,14600.0,15350.0,306626
2017-09-07,15115.0,15115.0,15500.0,14600.0,15350.0,306626
2017-09-08,15115.0,15115.0,15500.0,14600.0,15350.0,306626
2017-09-11,15115.0,15115.0,15500.0,14600.0,15350.0,306626
2017-09-12,15115.0,15115.0,15500.0,14600.0,15350.0,306626
2017-09-13,15115.0,15115.0,15500.0,14600.0,15350.0,306626
2017-09-14,15115.0,15115.0,15500.0,14600.0,15350.0,306626
2017-09-15,15115.0,15115.0,15500.0,14600.0,15350.0,306626
2017-09-18,15115.0,15115.0,15500.0,14600.0,15350.0,306626
2017-09-19,15115.0,15115.0,15500.0,14600.0,15350.0,306626
2017-09-20,15115.0,15115.0,15500.0,14600.0,15350.0,306626
2017-09-21,15115.0,15115.0,15500.0,14600.0,15350.0,306626
2017-09-22,15115.0,15115.0,15500.0,14600.0,15350.0,306626
2017-09-25,15115.0,15115.0,15500.0,14600.0,15350.0,306626
2017-09-26,15115.0,15115.0,15500.0,14600.0,15350.0,306626
2017-09-27,15115.0,15115.0,15500.0,14600.0,15350.0,306626
2017-09-28,15115.0,15115.0,15500.0,14600.0,15350.0,306626
2017-09-29,15115.0,15115.0,15500.0,14600.0,15350.0,306626
2017-10-02,15115.0,15115.0,15500.0,14600.0,15350.0,306626
2017-10-03,15115.0,15115.0,15500.0,14600.0,15350.0,306626
2017-10-05,15115.0,15115.0,15500.0,14600.0,15350.0,306626
2017-10-06,15115.0,15115.0,15500.0,14600.0,15350.0,306626
2017-10-11,15115.0,15115.0,15500.0,14600.0,15350.0,306626
2017-10-12,15115.0,15115.0,15500.0,14600.0,15350.0,306626
2017-10-13,15115.0,15115.0,15500.0,14600.0,15350.0,306626
2017-10-16,15115.0,15115.0,15500.0,14600.0,15350.0,306626
2017-10-17,15115.0,15115.0,15500.0,14600.0,15350.0,306626
2017-10-18,15115.0,15115.0,15500.0,14600.0,15350.0,306626
2017-10-19,15115.0,15115.0,15500.0,14600.0,15350.0,306626
2017-10-20,15115.0,15115.0,15500.0,14600.0,15350.0,306626
2017-10-23,15115.0,15115.0,15500.0,14600.0,15350.0,306626
2017-10-24,15115.0,15115.0,15500.0,14600.0,15350.0,306626
2017-10-25,15115.0,15115.0,15500.0,14600.0,15350.0,306626
2017-10-26,15115.0,15115.0,15500.0,14600.0,15350.0,306626
2017-10-27,15115.0,15115.0,15500.0,14600.0,15350.0,306626
2017-10-30,15115.0,15115.0,15500.0,14600.0,15350.0,306626
2017-10-31,15115.0,15115.0,15500.0,14600.0,15350.0,306626
2017-11-01,15115.0,15115.0,15500.0,14600.0,15350.0,306626
2017-11-02,15115.0,15115.0,15500.0,14600.0,15350.0,306626
2017-11-03,15115.0,15115.0,15500.0,14600.0,15350.0,306626
2017-11-06,15115.0,15115.0,15500.0,14600.0,15350.0,306626
2017-11-07,15115.0,15115.0,15500.0,14600.0,15350.0,306626
2017-11-08,15115.0,15115.0,15500.0,14600.0,15350.0,306626
2017-11-09,15115.0,15115.0,15500.0,14600.0,15350.0,306626
2017-11-10,15115.0,15115.0,15500.0,14600.0,15350.0,306626
2017-11-13,15115.0,15115.0,15500.0,14600.0,15350.0,306626
2017-11-14,15115.0,15115.0,15500.0,14600.0,15350.0,306626
2017-11-15,15115.0,15115.0,15500.0,14600.0,15350.0,306626
2017-11-16,15115.0,15115.0,15500.0,14600.0,15350.0,306626
2017-11-17,15115.0,15115.0,15500.0,14600.0,15350.0,306626
2017-11-20,15115.0,15115.0,15500.0,14600.0,15350.0,306626
2017-11-21,15115.0,15115.0,15500.0,14600.0,15350.0,306626
2017-11-22,15115.0,15115.0,15500.0,14600.0,15350.0,306626
2017-11-23,15115.0,15115.0,15500.0,14600.0,15350.0,306626
2017-11-24,15115.0,15115.0,15500.0,14600.0,15350.0,306626
2017-11-27,15115.0,15115.0,15500.0,14600.0,15350.0,306626
2017-11-28,15115.0,15115.0,15500.0,14600.0,15350.0,306626
2017-11-29,15115.0,15115.0,15500.0,14600.0,15350.0,306626
2017-11-30,15115.0,15115.0,15500.0,14600.0,15350.0,306626
2017-12-01,15115.0,15115.0,15500.0,14600.0,15350.0,306626
2017-12-04,15115.0,15115.0,15500.0,14600.0,15350.0,306626
2017-12-05,15115.0,15115.0,15500.0,14600.0,15350.0,306626
2017-12-06,15115.0,15115.0,15500.0,14600.0,15350.0,306626
2017-12-07,15115.0,15115.0,15500.0,14600.0,15350.0,306626
2017-12-08,15115.0,15115.0,15500.0,14600.0,15350.0,306626
2017-12-11,15115.0,15115.0,15500.0,14600.0,15350.0,306626
2017-12-12,15115.0,15115.0,15500.0,14600.0,15350.0,306626
2017-12-13,15115.0,15115.0,15500.0,14600.0,15350.0,306626
2017-12-14,15115.0,15115.0,15500.0,14600.0,15350.0,306626
2017-12-15,15115.0,15115.0,15500.0,14600.0,15350.0,306626
2017-12-18,15115.0,15115.0,15500.0,14600.0,15350.0,306626
2017-12-19,15115.0,15115.0,15500.0,14600.0,15350.0,306626
2017-12-20,15115.0,15115.0,15500.0,14600.0,15350.0,306626
2017-12-21,15115.0,15115.0,15500.0,14600.0,15350.0,306626
2017-12-22,15115.0,15115.0,15500.0,14600.0,15350.0,306626
2017-12-25,15115.0,15115.0,15500.0,14600.0,15350.0,306626
2017-12-26,15115.0,15115.0,15500.0,14600.0,15350.0,306626
2017-12-27,15115.0,15115.0,15500.0,14600.0,15350.0,306626
2017-12-28,15115.0,15115.0,15500.0,14600.0,15350.0,306626
2017-12-29,15115.0,15115.0,15500.0,14600.0,15350.0,306626
2018-01-02,15115.0,15115.0,15500.0,14600.0,15350.0,306626
2018-01-03,15115.0,15115.0,15500.0,14600.0,15350.0,306626
2018-01-04,15115.0,15115.0,15500.0,14600.0,15350.0,306626
2018-01-05,15115.0,15115.0,15500.0,14600.0,15350.0,306626
2018-01-08,15115.0,15115.0,15500.0,14600.0,15350.0,306626
2018-01-09,15115.0,15115.0,15500.0,14600.0,15350.0,306626
2018-01-10,15115.0,15115.0,15500.0,14600.0,15350.0,306626
2018-01-11,15115.0,15115.0,15500.0,14600.0,15350.0,306626
2018-01-12,15115.0,15115.0,15500.0,14600.0,15350.0,306626
2018-01-15,15115.0,15115.0,15500.0,14600.0,15350.0,306626
2018-01-16,15115.0,15115.0,15500.0,14600.0,15350.0,306626
2018-01-17,15115.0,15115.0,15500.0,14600.0,15350.0,306626
2018-01-18,15115.0,15115.0,15500.0,14600.0,15350.0,306626
2018-01-19,15115.0,15115.0,15500.0,14600.0,15350.0,306626
2018-01-22,15115.0,15115.0,15500.0,14600.0,15350.0,306626
2018-01-23,15115.0,15115.0,15500.0,14600.0,15350.0,306626
2018-01-24,15115.0,15115.0,15500.0,14600.0,15350.0,306626
2018-01-25,15115.0,15115.0,15500.0,14600.0,15350.0,306626
2018-01-26,15115.0,15115.0,15500.0,14600.0,15350.0,306626
2018-01-29,15115.0,15115.0,15500.0,14600.0,15350.0,306626
2018-01-30,15115.0,15115.0,15500.0,14600.0,15350.0,306626
2018-01-31,15115.0,15115.0,15500.0,14600.0,15350.0,306626
2018-02-01,15115.0,15115.0,15500.0,14600.0,15350.0,306626
2018-02-02,15115.0,15115.0,15500.0,14600.0,15350.0,306626
2018-02-05,15115.0,15115.0,15500.0,14600.0,15350.0,306626
2018-02-06,15115.0,15115.0,15500.0,14600.0,15350.0,306626
2018-02-07,15115.0,15115.0,15500.0,14600.0,15350.0,306626
2018-02-08,15115.0,15115.0,15500.0,14600.0,15350.0,306626
2018-02-09,15115.0,15115.0,15500.0,14600.0,15350.0,306626
2018-02-12,15115.0,15115.0,15500.0,14600.0,15350.0,306626
2018-02-21,15115.0,15115.0,15500.0,14600.0,15350.0,306626
2018-02-22,15115.0,15115.0,15500.0,14600.0,15350.0,306626
2018-02-23,15115.0,15115.0,15500.0,14600.0,15350.0,306626
2018-02-26,15115.0,15115.0,15500.0,14600.0,15350.0,306626
2018-02-27,15115.0,15115.0,15500.0,14600.0,15350.0,306626
2018-03-01,15115.0,15115.0,15500.0,14600.0,15350.0,306626
2018-03-02,15115.0,15115.0,15500.0,14600.0,15350.0,306626
2018-03-05,15115.0,15115.0,15500.0,14600.0,15350.0,306626
2018-03-06,15115.0,15115.0,15500.0,14600.0,15350.0,306626
2018-03-07,15115.0,15115.0,15500.0,14600.0,15350.0,306626
2018-03-08,15115.0,15115.0,15500.0,14600.0,15350.0,306626
2018-03-09,15115.0,15115.0,15500.0,14600.0,15350.0,306626
2018-03-12,15115.0,15115.0,15500.0,14600.0,15350.0,306626
2018-03-13,15115.0,15115.0,15500.0,14600.0,15350.0,306626
2018-03-14,15115.0,15115.0,15500.0,14600.0,15350.0,306626
2018-03-15,15115.0,15115.0,15500.0,14600.0,15350.0,306626
2018-03-16,15115.0,15115.0,15500.0,14600.0,15350.0,306626
2018-03-19,15115.0,15115.0,15500.0,14600.0,15350.0,306626
2018-03-20,15115.0,15115.0,15500.0,14600.0,15350.0,306626
2018-03-21,15115.0,15115.0,15500.0,14600.0,15350.0,306626
2018-03-22,15115.0,15115.0,15500.0,14600.0,15350.0,306626
2018-03-23,15115.0,15115.0,15500.0,14600.0,15350.0,306626
2018-03-26,15115.0,15115.0,15500.0,14600.0,15350.0,306626
2018-03-27,15115.0,15115.0,15500.0,14600.0,15350.0,306626
2018-03-28,15115.0,15115.0,15500.0,14600.0,15350.0,306626
2018-03-29,15115.0,15115.0,15500.0,14600.0,15350.0,306626
2018-03-30,15115.0,15115.0,15500.0,14600.0,15350.0,306626
2018-04-02,15115.0,15115.0,15500.0,14600.0,15350.0,306626
2018-04-03,15115.0,15115.0,15500.0,14600.0,15350.0,306626
2018-04-09,15115.0,15115.0,15500.0,14600.0,15350.0,306626
2018-04-10,15115.0,15115.0,15500.0,14600.0,15350.0,306626
2018-04-11,15115.0,15115.0,15500.0,14600.0,15350.0,306626
2018-04-12,15115.0,15115.0,15500.0,14600.0,15350.0,306626
2018-04-13,15115.0,15115.0,15500.0,14600.0,15350.0,306626
2018-04-16,15115.0,15115.0,15500.0,14600.0,15350.0,306626
2018-04-17,15115.0,15115.0,15500.0,14600.0,15350.0,306626
2018-04-18,15115.0,15115.0,15500.0,14600.0,15350.0,306626
2018-04-19,15115.0,15115.0,15500.0,14600.0,15350.0,306626
2018-04-20,15115.0,15115.0,15500.0,14600.0,15350.0,306626
2018-04-23,15115.0,15115.0,15500.0,14600.0,15350.0,306626
2018-04-24,15115.0,15115.0,15500.0,14600.0,15350.0,306626
2018-04-25,15115.0,15115.0,15500.0,14600.0,15350.0,306626
2018-04-26,15115.0,15115.0,15500.0,14600.0,15350.0,306626
2018-04-27,15115.0,15115.0,15500.0,14600.0,15350.0,306626
2018-04-30,15115.0,15115.0,15500.0,14600.0,15350.0,306626
2018-05-02,15115.0,15115.0,15500.0,14600.0,15350.0,306626
2018-05-03,15115.0,15115.0,15500.0,14600.0,15350.0,306626
2018-05-04,15115.0,15115.0,15500.0,14600.0,15350.0,306626
2018-05-07,15115.0,15115.0,15500.0,14600.0,15350.0,306626
2018-05-08,15115.0,15115.0,15500.0,14600.0,15350.0,306626
2018-05-09,15115.0,15115.0,15500.0,14600.0,15350.0,306626
2018-05-10,15115.0,15115.0,15500.0,14600.0,15350.0,306626
2018-05-11,15115.0,15115.0,15500.0,14600.0,15350.0,306626
2018-05-14,15115.0,15115.0,15500.0,14600.0,15350.0,306626
2018-05-15,15115.0,15115.0,15500.0,14600.0,15350.0,306626
2018-05-16,15115.0,15115.0,15500.0,14600.0,15350.0,306626
2018-05-17,15115.0,15115.0,15500.0,14600.0,15350.0,306626
2018-05-18,15115.0,15115.0,15500.0,14600.0,15350.0,306626
2018-05-21,15115.0,15115.0,15500.0,14600.0,15350.0,306626
2018-05-22,15115.0,15115.0,15500.0,14600.0,15350.0,306626
2018-05-23,15115.0,15115.0,15500.0,14600.0,15350.0,306626
2018-05-24,15115.0,15115.0,15500.0,14600.0,15350.0,306626
2018-05-25,15115.0,15115.0,15500.0,14600.0,15350.0,306626
2018-05-28,15115.0,15115.0,15500.0,14600.0,15350.0,306626
2018-05-29,15115.0,15115.0,15500.0,14600.0,15350.0,306626
2018-05-30,15115.0,15115.0,15500.0,14600.0,15350.0,306626
2018-05-31,15115.0,15115.0,15500.0,14600.0,15350.0,306626
2018-06-01,15115.0,15115.0,15500.0,14600.0,15350.0,306626
2018-06-04,15115.0,15115.0,15500.0,14600.0,15350.0,306626
2018-06-05,15115.0,15115.0,15500.0,14600.0,15350.0,306626
2018-06-06,15115.0,15115.0,15500.0,14600.0,15350.0,306626
2018-06-07,15115.0,15115.0,15500.0,14600.0,15350.0,306626
2018-06-08,15115.0,15115.0,15500.0,14600.0,15350.0,306626
2018-06-11,15115.0,15115.0,15500.0,14600.0,15350.0,306626
2018-06-12,15115.0,15115.0,15500.0,14600.0,15350.0,306626
2018-06-13,15115.0,15115.0,15500.0,14600.0,15350.0,306626
2018-06-14,15115.0,15115.0,15500.0,14600.0,15350.0,306626
2018-06-15,15115.0,15115.0,15500.0,14600.0,15350.0,306626
2018-06-19,15115.0,15115.0,15500.0,14600.0,15350.0,306626
2018-06-20,15115.0,15115.0,15500.0,14600.0,15350.0,306626
2018-06-21,15115.0,15115.0,15500.0,14600.0,15350.0,306626
2018-06-22,15115.0,15115.0,15500.0,14600.0,15350.0,306626
2018-06-25,15115.0,15115.0,15500.0,14600.0,15350.0,306626
2018-06-26,15115.0,15115.0,15500.0,14600.0,15350.0,306626
2018-06-27,15115.0,15115.0,15500.0,14600.0,15350.0,306626
2018-06-28,15115.0,15115.0,15500.0,14600.0,15350.0,306626
2018-06-29,15115.0,15115.0,15500.0,14600.0,15350.0,306626
2018-07-02,15115.0,15115.0,15500.0,14600.0,15350.0,306626
2018-07-03,15115.0,15115.0,15500.0,14600.0,15350.0,306626
2018-07-04,15115.0,15115.0,15500.0,14600.0,15350.0,306626
2018-07-05,15115.0,15115.0,15500.0,14600.0,15350.0,306626
2018-07-06,15115.0,15115.0,15500.0,14600.0,15350.0,306626
2018-07-09,15115.0,15115.0,15500.0,14600.0,15350.0,306626
2018-07-10,15115.0,15115.0,15500.0,14600.0,15350.0,306626
2018-07-11,15115.0,15115.0,15500.0,14600.0,15350.0,306626
2018-07-12,15115.0,15115.0,15500.0,14600.0,15350.0,306626
2018-07-13,15115.0,15115.0,15500.0,14600.0,15350.0,306626
2018-07-16,15115.0,15115.0,15500.0,14600.0,15350.0,306626
2018-07-17,15115.0,15115.0,15500.0,14600.0,15350.0,306626
2018-07-18,15115.0,15115.0,15500.0,14600.0,15350.0,306626
2018-07-19,15115.0,15115.0,15500.0,14600.0,15350.0,306626
2018-07-20,15115.0,15115.0,15500.0,14600.0,15350.0,306626
2018-07-23,15115.0,15115.0,15500.0,14600.0,15350.0,306626
2018-07-24,15115.0,15115.0,15500.0,14600.0,15350.0,306626
2018-07-25,15115.0,15115.0,15500.0,14600.0,15350.0,306626
2018-07-26,15115.0,15115.0,15500.0,14600.0,15350.0,306626
2018-07-27,15115.0,15115.0,15500.0,14600.0,15350.0,306626
2018-07-30,15115.0,15115.0,15500.0,14600.0,15350.0,306626
2018-07-31,15115.0,15115.0,15500.0,14600.0,15350.0,306626
2018-08-01,15115.0,15115.0,15500.0,14600.0,15350.0,306626
2018-08-02,15115.0,15115.0,15500.0,14600.0,15350.0,306626
2018-08-03,15115.0,15115.0,15500.0,14600.0,15350.0,306626
2018-08-06,15115.0,15115.0,15500.0,14600.0,15350.0,306626
2018-08-07,15115.0,15115.0,15500.0,14600.0,15350.0,306626
2018-08-08,15115.0,15115.0,15500.0,14600.0,15350.0,306626
2018-08-09,15115.0,15115.0,15500.0,14600.0,15350.0,306626
2018-08-10,15115.0,15115.0,15500.0,14600.0,15350.0,306626
2018-08-13,15115.0,15115.0,15500.0,14600.0,15350.0,306626
2018-08-14,15115.0,15115.0,15500.0,14600.0,15350.0,306626
2018-08-15,15115.0,15115.0,15500.0,14600.0,15350.0,306626
2018-08-16,15115.0,15115.0,15500.0,14600.0,15350.0,306626
2018-08-17,15115.0,15115.0,15500.0,14600.0,15350.0,306626
2018-08-20,15115.0,15115.0,15500.0,14600.0,15350.0,306626
2018-08-21,15115.0,15115.0,15500.0,14600.0,15350.0,306626
2018-08-22,15115.0,15115.0,15500.0,14600.0,15350.0,306626
2018-08-23,15115.0,15115.0,15500.0,14600.0,15350.0,306626
2018-08-24,15115.0,15115.0,15500.0,14600.0,15350.0,306626
2018-08-27,15115.0,15115.0,15500.0,14600.0,15350.0,306626
2018-08-28,15115.0,15115.0,15500.0,14600.0,15350.0,306626
2018-08-29,15115.0,15115.0,15500.0,14600.0,15350.0,306626
2018-08-30,15115.0,15115.0,15500.0,14600.0,15350.0,306626
2018-08-31,15115.0,15115.0,15500.0,14600.0,15350.0,306626
2018-09-03,15115.0,15115.0,15500.0,14600.0,15350.0,306626
2018-09-04,15115.0,15115.0,15500.0,14600.0,15350.0,306626
2018-09-05,15115.0,15115.0,15500.0,14600.0,15350.0,306626
2018-09-06,15115.0,15115.0,15500.0,14600.0,15350.0,306626
2018-09-07,15115.0,15115.0,15500.0,14600.0,15350.0,306626
2018-09-10,15115.0,15115.0,15500.0,14600.0,15350.0,306626
2018-09-11,15115.0,15115.0,15500.0,14600.0,15350.0,306626
2018-09-12,15115.0,15115.0,15500.0,14600.0,15350.0,306626
2018-09-13,15115.0,15115.0,15500.0,14600.0,15350.0,306626
2018-09-14,15115.0,15115.0,15500.0,14600.0,15350.0,306626
2018-09-17,15115.0,15115.0,15500.0,14600.0,15350.0,306626
2018-09-18,15115.0,15115.0,15500.0,14600.0,15350.0,306626
2018-09-19,15115.0,15115.0,15500.0,14600.0,15350.0,306626
2018-09-20,15115.0,15115.0,15500.0,14600.0,15350.0,306626
2018-09-21,15115.0,15115.0,15500.0,14600.0,15350.0,306626
2018-09-25,15115.0,15115.0,15500.0,14600.0,15350.0,306626
2018-09-26,15115.0,15115.0,15500.0,14600.0,15350.0,306626
2018-09-27,15115.0,15115.0,15500.0,14600.0,15350.0,306626
2018-09-28,15115.0,15115.0,15500.0,14600.0,15350.0,306626
2018-10-01,15115.0,15115.0,15500.0,14600.0,15350.0,306626
2018-10-02,15115.0,15115.0,15500.0,14600.0,15350.0,306626
2018-10-03,15115.0,15115.0,15500.0,14600.0,15350.0,306626
2018-10-04,15115.0,15115.0,15500.0,14600.0,15350.0,306626
2018-10-05,15115.0,15115.0,15500.0,14600.0,15350.0,306626
2018-10-08,15115.0,15115.0,15500.0,14600.0,15350.0,306626
2018-10-09,15115.0,15115.0,15500.0,14600.0,15350.0,306626
2018-10-11,15115.0,15115.0,15500.0,14600.0,15350.0,306626
2018-10-12,15115.0,15115.0,15500.0,14600.0,15350.0,306626
2018-10-15,15115.0,15115.0,15500.0,14600.0,15350.0,306626
2018-10-16,15115.0,15115.0,15500.0,14600.0,15350.0,306626
2018-10-17,15115.0,15115.0,15500.0,14600.0,15350.0,306626
2018-10-18,15115.0,15115.0,15500.0,14600.0,15350.0,306626
2018-10-19,15115.0,15115.0,15500.0,14600.0,15350.0,306626
2018-10-22,15115.0,15115.0,15500.0,14600.0,15350.0,306626
2018-10-23,15115.0,15115.0,15500.0,14600.0,15350.0,306626
2018-10-24,15115.0,15115.0,15500.0,14600.0,15350.0,306626
2018-10-25,15115.0,15115.0,15500.0,14600.0,15350.0,306626
2018-10-26,15115.0,15115.0,15500.0,14600.0,15350.0,306626
2018-10-29,15115.0,15115.0,15500.0,14600.0,15350.0,306626
2018-10-30,15115.0,15115.0,15500.0,14600.0,15350.0,306626
2018-10-31,15115.0,15115.0,15500.0,14600.0,15350.0,306626
2018-11-01,15115.0,15115.0,15500.0,14600.0,15350.0,306626
2018-11-02,15115.0,15115.0,15500.0,14600.0,15350.0,306626
2018-11-05,15115.0,15115.0,15500.0,14600.0,15350.0,306626
2018-11-06,15115.0,15115.0,15500.0,14600.0,15350.0,306626
2018-11-07,15115.0,15115.0,15500.0,14600.0,15350.0,306626
2018-11-08,15115.0,15115.0,15500.0,14600.0,15350.0,306626
2018-11-09,15115.0,15115.0,15500.0,14600.0,15350.0,306626
2018-11-12,15115.0,15115.0,15500.0,14600.0,15350.0,306626
2018-11-13,15115.0,15115.0,15500.0,14600.0,15350.0,306626
2018-11-14,15115.0,15115.0,15500.0,14600.0,15350.0,306626
2018-11-15,15115.0,15115.0,15500.0,14600.0,15350.0,306626
2018-11-16,15115.0,15115.0,15500.0,14600.0,15350.0,306626
2018-11-19,15115.0,15115.0,15500.0,14600.0,15350.0,306626
2018-11-20,15115.0,15115.0,15500.0,14600.0,15350.0,306626
2018-11-21,15115.0,15115.0,15500.0,14600.0,15350.0,306626
2018-11-22,15115.0,15115.0,15500.0,14600.0,15350.0,306626
2018-11-23,15115.0,15115.0,15500.0,14600.0,15350.0,306626
2018-11-26,15115.0,15115.0,15500.0,14600.0,15350.0,306626
2018-11-27,15115.0,15115.0,15500.0,14600.0,15350.0,306626
2018-11-28,15115.0,15115.0,15500.0,14600.0,15350.0,306626
2018-11-29,15115.0,15115.0,15500.0,14600.0,15350.0,306626
2018-11-30,15115.0,15115.0,15500.0,14600.0,15350.0,306626
2018-12-03,15115.0,15115.0,15500.0,14600.0,15350.0,306626
2018-12-04,15115.0,15115.0,15500.0,14600.0,15350.0,306626
2018-12-05,15115.0,15115.0,15500.0,14600.0,15350.0,306626
2018-12-06,15115.0,15115.0,15500.0,14600.0,15350.0,306626
2018-12-07,15115.0,15115.0,15500.0,14600.0,15350.0,306626
2018-12-10,15115.0,15115.0,15500.0,14600.0,15350.0,306626
2018-12-11,15115.0,15115.0,15500.0,14600.0,15350.0,306626
2018-12-12,15115.0,15115.0,15500.0,14600.0,15350.0,306626
2018-12-13,15115.0,15115.0,15500.0,14600.0,15350.0,306626
2018-12-14,15115.0,15115.0,15500.0,14600.0,15350.0,306626
2018-12-17,15115.0,15115.0,15500.0,14600.0,15350.0,306626
2018-12-18,15115.0,15115.0,15500.0,14600.0,15350.0,306626
2018-12-19,15115.0,15115.0,15500.0,14600.0,15350.0,306626
2018-12-20,15115.0,15115.0,15500.0,14600.0,15350.0,306626
2018-12-21,15115.0,15115.0,15500.0,14600.0,15350.0,306626
2018-12-24,15115.0,15115.0,15500.0,14600.0,15350.0,306626
2018-12-25,15115.0,15115.0,15500.0,14600.0,15350.0,306626
2018-12-26,15115.0,15115.0,15500.0,14600.0,15350.0,306626
2018-12-27,15115.0,15115.0,15500.0,14600.0,15350.0,306626
2018-12-28,15115.0,15115.0,15500.0,14600.0,15350.0,306626
2019-01-02,15115.0,15115.0,15500.0,14600.0,15350.0,306626
2019-01-03,15115.0,15115.0,15500.0,14600.0,15350.0,306626
2019-01-04,15115.0,15115.0,15500.0,14600.0,15350.0,306626
2019-01-07,15115.0,15115.0,15500.0,14600.0,15350.0,306626
2019-01-08,15115.0,15115.0,15500.0,14600.0,15350.0,306626
2019-01-09,15115.0,15115.0,15500.0,14600.0,15350.0,306626
2019-01-10,15115.0,15115.0,15500.0,14600.0,15350.0,306626
2019-01-11,15115.0,15115.0,15500.0,14600.0,15350.0,306626
2019-01-14,15115.0,15115.0,15500.0,14600.0,15350.0,306626
2019-01-15,15115.0,15115.0,15500.0,14600.0,15350.0,306626
2019-01-16,15115.0,15115.0,15500.0,14600.0,15350.0,306626
2019-01-17,15115.0,15115.0,15500.0,14600.0,15350.0,306626
2019-01-18,15115.0,15115.0,15500.0,14600.0,15350.0,306626
2019-01-21,15115.0,15115.0,15500.0,14600.0,15350.0,306626
2019-01-22,15115.0,15115.0,15500.0,14600.0,15350.0,306626
2019-01-23,15115.0,15115.0,15500.0,14600.0,15350.0,306626
2019-01-24,15115.0,15115.0,15500.0,14600.0,15350.0,306626
2019-01-25,15115.0,15115.0,15500.0,14600.0,15350.0,306626
2019-01-28,15115.0,15115.0,15500.0,14600.0,15350.0,306626
2019-01-29,15115.0,15115.0,15500.0,14600.0,15350.0,306626
2019-01-30,15115.0,15115.0,15500.0,14600.0,15350.0,306626
2019-02-11,15115.0,15115.0,15500.0,14600.0,15350.0,306626
2019-02-12,15115.0,15115.0,15500.0,14600.0,15350.0,306626
2019-02-13,15115.0,15115.0,15500.0,14600.0,15350.0,306626
2019-02-14,15115.0,15115.0,15500.0,14600.0,15350.0,306626
2019-02-15,15115.0,15115.0,15500.0,14600.0,15350.0,306626
2019-02-18,15115.0,15115.0,15500.0,14600.0,15350.0,306626
2019-02-19,15115.0,15115.0,15500.0,14600.0,15350.0,306626
2019-02-20,15115.0,15115.0,15500.0,14600.0,15350.0,306626
2019-02-21,15115.0,15115.0,15500.0,14600.0,15350.0,306626
2019-02-22,15115.0,15115.0,15500.0,14600.0,15350.0,306626
2019-02-25,15115.0,15115.0,15500.0,14600.0,15350.0,306626
2019-02-26,15115.0,15115.0,15500.0,14600.0,15350.0,306626
2019-02-27,15115.0,15115.0,15500.0,14600.0,15350.0,306626
2019-03-04,15115.0,15115.0,15500.0,14600.0,15350.0,306626
2019-03-05,15115.0,15115.0,15500.0,14600.0,15350.0,306626
2019-03-06,15115.0,15115.0,15500.0,14600.0,15350.0,306626
2019-03-07,15115.0,15115.0,15500.0,14600.0,15350.0,306626
2019-03-08,15115.0,15115.0,15500.0,14600.0,15350.0,306626
2019-03-11,15115.0,15115.0,15500.0,14600.0,15350.0,306626
2019-03-12,15115.0,15115.0,15500.0,14600.0,15350.0,306626
2019-03-13,15115.0,15115.0,15500.0,14600.0,15350.0,306626
2019-03-14,15115.0,15115.0,15500.0,14600.0,15350.0,306626
2019-03-15,15115.0,15115.0,15500.0,14600.0,15350.0,306626
2019-03-18,15115.0,15115.0,15500.0,14600.0,15350.0,306626
2019-03-19,15115.0,15115.0,15500.0,14600.0,15350.0,306626
2019-03-20,15115.0,15115.0,15500.0,14600.0,15350.0,306626
2019-03-21,15115.0,15115.0,15500.0,14600.0,15350.0,306626
2019-03-22,15115.0,15115.0,15500.0,14600.0,15350.0,306626
2019-03-25,15115.0,15115.0,15500.0,14600.0,15350.0,306626
2019-03-26,15115.0,15115.0,15500.0,14600.0,15350.0,306626
2019-03-27,15115.0,15115.0,15500.0,14600.0,15350.0,306626
2019-03-28,15115.0,15115.0,15500.0,14600.0,15350.0,306626
2019-03-29,15115.0,15115.0,15500.0,14600.0,15350.0,306626
2019-04-01,15115.0,15115.0,15500.0,14600.0,15350.0,306626
2019-04-02,15115.0,15115.0,15500.0,14600.0,15350.0,306626
2019-04-03,15115.0,15115.0,15500.0,14600.0,15350.0,306626
2019-04-08,15115.0,15115.0,15500.0,14600.0,15350.0,306626
2019-04-09,15115.0,15115.0,15500.0,14600.0,15350.0,306626
2019-04-10,15115.0,15115.0,15500.0,14600.0,15350.0,306626
2019-04-11,15115.0,15115.0,15500.0,14600.0,15350.0,306626
2019-04-12,15115.0,15115.0,15500.0,14600.0,15350.0,306626
2019-04-15,15115.0,15115.0,15500.0,14600.0,15350.0,306626
2019-04-16,15115.0,15115.0,15500.0,14600.0,15350.0,306626
2019-04-17,15115.0,15115.0,15500.0,14600.0,15350.0,306626
2019-04-18,15115.0,15115.0,15500.0,14600.0,15350.0,306626
2019-04-19,15115.0,15115.0,15500.0,14600.0,15350.0,306626
2019-04-22,15115.0,15115.0,15500.0,14600.0,15350.0,306626
2019-04-23,15115.0,15115.0,15500.0,14600.0,15350.0,306626
2019-04-24,15115.0,15115.0,15500.0,14600.0,15350.0,306626
2019-04-25,15115.0,15115.0,15500.0,14600.0,15350.0,306626
2019-04-26,15115.0,15115.0,15500.0,14600.0,15350.0,306626
2019-04-29,15115.0,15115.0,15500.0,14600.0,15350.0,306626
2019-04-30,15115.0,15115.0,15500.0,14600.0,15350.0,306626
2019-05-02,15115.0,15115.0,15500.0,14600.0,15350.0,306626
2019-05-03,15115.0,15115.0,15500.0,14600.0,15350.0,306626
2019-05-06,15115.0,15115.0,15500.0,14600.0,15350.0,306626
2019-05-07,15115.0,15115.0,15500.0,14600.0,15350.0,306626
2019-05-08,15115.0,15115.0,15500.0,14600.0,15350.0,306626
2019-05-09,15115.0,15115.0,15500.0,14600.0,15350.0,306626
2019-05-10,15115.0,15115.0,15500.0,14600.0,15350.0,306626
2019-05-13,15115.0,15115.0,15500.0,14600.0,15350.0,306626
2019-05-14,15115.0,15115.0,15500.0,14600.0,15350.0,306626
2019-05-15,15115.0,15115.0,15500.0,14600.0,15350.0,306626
2019-05-16,15115.0,15115.0,15500.0,14600.0,15350.0,306626
2019-05-17,15115.0,15115.0,15500.0,14600.0,15350.0,306626
2019-05-20,15115.0,15115.0,15500.0,14600.0,15350.0,306626
2019-05-21,15115.0,15115.0,15500.0,14600.0,15350.0,306626
2019-05-22,15115.0,15115.0,15500.0,14600.0,15350.0,306626
2019-05-23,15115.0,15115.0,15500.0,14600.0,15350.0,306626
2019-05-24,15115.0,15115.0,15500.0,14600.0,15350.0,306626
2019-05-27,15115.0,15115.0,15500.0,14600.0,15350.0,306626
2019-05-28,15115.0,15115.0,15500.0,14600.0,15350.0,306626
2019-05-29,15115.0,15115.0,15500.0,14600.0,15350.0,306626
2019-05-30,15115.0,15115.0,15500.0,14600.0,15350.0,306626
2019-05-31,15115.0,15115.0,15500.0,14600.0,15350.0,306626
2019-06-03,15115.0,15115.0,15500.0,14600.0,15350.0,306626
2019-06-04,15115.0,15115.0,15500.0,14600.0,15350.0,306626
2019-06-05,15115.0,15115.0,15500.0,14600.0,15350.0,306626
2019-06-06,15115.0,15115.0,15500.0,14600.0,15350.0,306626
2019-06-10,15115.0,15115.0,15500.0,14600.0,15350.0,306626
2019-06-11,15115.0,15115.0,15500.0,14600.0,15350.0,306626
2019-06-12,15115.0,15115.0,15500.0,14600.0,15350.0,306626
2019-06-13,15115.0,15115.0,15500.0,14600.0,15350.0,306626
2019-06-14,15115.0,15115.0,15500.0,14600.0,15350.0,306626
2019-06-17,15115.0,15115.0,15500.0,14600.0,15350.0,306626
2019-06-18,15115.0,15115.0,15500.0,14600.0,15350.0,306626
2019-06-19,15115.0,15115.0,15500.0,14600.0,15350.0,306626
2019-06-20,15115.0,15115.0,15500.0,14600.0,15350.0,306626
2019-06-21,15115.0,15115.0,15500.0,14600.0,15350.0,306626
2019-06-24,15115.0,15115.0,15500.0,14600.0,15350.0,306626
2019-06-25,15115.0,15115.0,15500.0,14600.0,15350.0,306626
2019-06-26,15115.0,15115.0,15500.0,14600.0,15350.0,306626
2019-06-27,15115.0,15115.0,15500.0,14600.0,15350.0,306626
2019-06-28,15115.0,15115.0,15500.0,14600.0,15350.0,306626
2019-07-01,15115.0,15115.0,15500.0,14600.0,15350.0,306626
2019-07-02,15115.0,15115.0,15500.0,14600.0,15350.0,306626
2019-07-03,15115.0,15115.0,15500.0,14600.0,15350.0,306626
2019-07-04,15115.0,15115.0,15500.0,14600.0,15350.0,306626
2019-07-05,15115.0,15115.0,15500.0,14600.0,15350.0,306626
2019-07-08,15115.0,15115.0,15500.0,14600.0,15350.0,306626
2019-07-09,15115.0,15115.0,15500.0,14600.0,15350.0,306626
2019-07-10,15115.0,15115.0,15500.0,14600.0,15350.0,306626
2019-07-11,15115.0,15115.0,15500.0,14600.0,15350.0,306626
2019-07-12,15115.0,15115.0,15500.0,14600.0,15350.0,306626
2019-07-15,15115.0,15115.0,15500.0,14600.0,15350.0,306626
2019-07-16,15115.0,15115.0,15500.0,14600.0,15350.0,306626
2019-07-17,15115.0,15115.0,15500.0,14600.0,15350.0,306626
2019-07-18,15115.0,15115.0,15500.0,14600.0,15350.0,306626
2019-07-19,15115.0,15115.0,15500.0,14600.0,15350.0,306626
2019-07-22,15115.0,15115.0,15500.0,14600.0,15350.0,306626
2019-07-23,15115.0,15115.0,15500.0,14600.0,15350.0,306626
2019-07-24,15115.0,15115.0,15500.0,14600.0,15350.0,306626
2019-07-25,15115.0,15115.0,15500.0,14600.0,15350.0,306626
2019-07-26,15115.0,15115.0,15500.0,14600.0,15350.0,306626
2019-07-29,15115.0,15115.0,15500.0,14600.0,15350.0,306626
2019-07-30,15115.0,15115.0,15500.0,14600.0,15350.0,306626
2019-07-31,15115.0,15115.0,15500.0,14600.0,15350.0,306626
2019-08-01,15115.0,15115.0,15500.0,14600.0,15350.0,306626
2019-08-02,15115.0,15115.0,15500.0,14600.0,15350.0,306626
2019-08-05,15115.0,15115.0,15500.0,14600.0,15350.0,306626
2019-08-06,15115.0,15115.0,15500.0,14600.0,15350.0,306626
2019-08-07,15115.0,15115.0,15500.0,14600.0,15350.0,306626
2019-08-08,15115.0,15115.0,15500.0,14600.0,15350.0,306626
2019-08-12,15115.0,15115.0,15500.0,14600.0,15350.0,306626
2019-08-13,15115.0,15115.0,15500.0,14600.0,15350.0,306626
2019-08-14,15115.0,15115.0,15500.0,14600.0,15350.0,306626
2019-08-15,15115.0,15115.0,15500.0,14600.0,15350.0,306626
2019-08-16,15115.0,15115.0,15500.0,14600.0,15350.0,306626
2019-08-19,15115.0,15115.0,15500.0,14600.0,15350.0,306626
2019-08-20,15115.0,15115.0,15500.0,14600.0,15350.0,306626
2019-08-21,15115.0,15115.0,15500.0,14600.0,15350.0,306626
2019-08-22,15115.0,15115.0,15500.0,14600.0,15350.0,306626
2019-08-23,15115.0,15115.0,15500.0,14600.0,15350.0,306626
2019-08-26,15115.0,15115.0,15500.0,14600.0,15350.0,306626
2019-08-27,15115.0,15115.0,15500.0,14600.0,15350.0,306626
2019-08-28,15115.0,15115.0,15500.0,14600.0,15350.0,306626
2019-08-29,15115.0,15115.0,15500.0,14600.0,15350.0,306626
2019-08-30,15115.0,15115.0,15500.0,14600.0,15350.0,306626
2019-09-02,15115.0,15115.0,15500.0,14600.0,15350.0,306626
2019-09-03,15115.0,15115.0,15500.0,14600.0,15350.0,306626
2019-09-04,15115.0,15115.0,15500.0,14600.0,15350.0,306626
2019-09-05,15115.0,15115.0,15500.0,14600.0,15350.0,306626
2019-09-06,15115.0,15115.0,15500.0,14600.0,15350.0,306626
2019-09-09,15115.0,15115.0,15500.0,14600.0,15350.0,306626
2019-09-10,15115.0,15115.0,15500.0,14600.0,15350.0,306626
2019-09-11,15115.0,15115.0,15500.0,14600.0,15350.0,306626
2019-09-12,15115.0,15115.0,15500.0,14600.0,15350.0,306626
2019-09-16,15115.0,15115.0,15500.0,14600.0,15350.0,306626
2019-09-17,15115.0,15115.0,15500.0,14600.0,15350.0,306626
2019-09-18,15115.0,15115.0,15500.0,14600.0,15350.0,306626
2019-09-19,15115.0,15115.0,15500.0,14600.0,15350.0,306626
2019-09-20,15115.0,15115.0,15500.0,14600.0,15350.0,306626
2019-09-23,15115.0,15115.0,15500.0,14600.0,15350.0,306626
2019-09-24,15115.0,15115.0,15500.0,14600.0,15350.0,306626
2019-09-25,15115.0,15115.0,15500.0,14600.0,15350.0,306626
2019-09-26,15115.0,15115.0,15500.0,14600.0,15350.0,306626
2019-09-27,15115.0,15115.0,15500.0,14600.0,15350.0,306626
2019-10-01,15115.0,15115.0,15500.0,14600.0,15350.0,306626
2019-10-02,15115.0,15115.0,15500.0,14600.0,15350.0,306626
2019-10-03,15115.0,15115.0,15500.0,14600.0,15350.0,306626
2019-10-04,15115.0,15115.0,15500.0,14600.0,15350.0,306626
2019-10-07,15115.0,15115.0,15500.0,14600.0,15350.0,306626
2019-10-08,15115.0,15115.0,15500.0,14600.0,15350.0,306626
2019-10-09,15115.0,15115.0,15500.0,14600.0,15350.0,306626
2019-10-14,15115.0,15115.0,15500.0,14600.0,15350.0,306626
2019-10-15,15115.0,15115.0,15500.0,14600.0,15350.0,306626
2019-10-16,15115.0,15115.0,15500.0,14600.0,15350.0,306626
2019-10-17,15115.0,15115.0,15500.0,14600.0,15350.0,306626
2019-10-18,15115.0,15115.0,15500.0,14600.0,15350.0,306626
2019-10-21,15115.0,15115.0,15500.0,14600.0,15350.0,306626
2019-10-22,15115.0,15115.0,15500.0,14600.0,15350.0,306626
2019-10-23,15115.0,15115.0,15500.0,14600.0,15350.0,306626
2019-10-24,15115.0,15115.0,15500.0,14600.0,15350.0,306626
2019-10-25,15115.0,15115.0,15500.0,14600.0,15350.0,306626
2019-10-28,15115.0,15115.0,15500.0,14600.0,15350.0,306626
2019-10-29,15115.0,15115.0,15500.0,14600.0,15350.0,306626
2019-10-30,15115.0,15115.0,15500.0,14600.0,15350.0,306626
2019-10-31,15115.0,15115.0,15500.0,14600.0,15350.0,306626
2019-11-01,15115.0,15115.0,15500.0,14600.0,15350.0,306626
2019-11-04,15115.0,15115.0,15500.0,14600.0,15350.0,306626
2019-11-05,15115.0,15115.0,15500.0,14600.0,15350.0,306626
2019-11-06,15115.0,15115.0,15500.0,14600.0,15350.0,306626
2019-11-07,15115.0,15115.0,15500.0,14600.0,15350.0,306626
2019-11-08,15115.0,15115.0,15500.0,14600.0,15350.0,306626
2019-11-11,15115.0,15115.0,15500.0,14600.0,15350.0,306626
2019-11-12,15115.0,15115.0,15500.0,14600.0,15350.0,306626
2019-11-13,15115.0,15115.0,15500.0,14600.0,15350.0,306626
2019-11-14,15115.0,15115.0,15500.0,14600.0,15350.0,306626
2019-11-20,15115.0,15115.0,15500.0,14600.0,15350.0,306626
2019-11-21,15115.0,15115.0,15500.0,14600.0,15350.0,306626
2019-11-22,15115.0,15115.0,15500.0,14600.0,15350.0,306626
2019-11-25,15115.0,15115.0,15500.0,14600.0,15350.0,306626
2019-11-26,15115.0,15115.0,15500.0,14600.0,15350.0,306626
2019-11-27,15115.0,15115.0,15500.0,14600.0,15350.0,306626
2019-11-28,15115.0,15115.0,15500.0,14600.0,15350.0,306626
2019-11-29,15115.0,15115.0,15500.0,14600.0,15350.0,306626
2019-12-02,15115.0,15115.0,15500.0,14600.0,15350.0,306626
2019-12-03,15115.0,15115.0,15500.0,14600.0,15350.0,306626
2019-12-04,15115.0,15115.0,15500.0,14600.0,15350.0,306626
2019-12-05,15115.0,15115.0,15500.0,14600.0,15350.0,306626
2019-12-06,15115.0,15115.0,15500.0,14600.0,15350.0,306626
2019-12-09,15115.0,15115.0,15500.0,14600.0,15350.0,306626
2019-12-10,15115.0,15115.0,15500.0,14600.0,15350.0,306626
2019-12-11,15115.0,15115.0,15500.0,14600.0,15350.0,306626
2019-12-12,15115.0,15115.0,15500.0,14600.0,15350.0,306626
2019-12-13,15115.0,15115.0,15500.0,14600.0,15350.0,306626
2019-12-16,15115.0,15115.0,15500.0,14600.0,15350.0,306626
2019-12-17,15115.0,15115.0,15500.0,14600.0,15350.0,306626
2019-12-18,15115.0,15115.0,15500.0,14600.0,15350.0,306626
2019-12-19,15115.0,15115.0,15500.0,14600.0,15350.0,306626
2019-12-20,15115.0,15115.0,15500.0,14600.0,15350.0,306626
2019-12-23,15115.0,15115.0,15500.0,14600.0,15350.0,306626
2019-12-24,15115.0,15115.0,15500.0,14600.0,15350.0,306626
2019-12-25,15115.0,15115.0,15500.0,14600.0,15350.0,306626
2019-12-26,15115.0,15115.0,15500.0,14600.0,15350.0,306626
2019-12-27,15115.0,15115.0,15500.0,14600.0,15350.0,306626
2019-12-30,15115.0,15115.0,15500.0,14600.0,15350.0,306626
2019-12-31,15115.0,15115.0,15500.0,14600.0,15350.0,306626
2020-01-02,15115.0,15115.0,15500.0,14600.0,15350.0,306626
2020-01-03,15115.0,15115.0,15500.0,14600.0,15350.0,306626
2020-01-06,15115.0,15115.0,15500.0,14600.0,15350.0,306626
2020-01-07,15115.0,15115.0,15500.0,14600.0,15350.0,306626
2020-01-08,15115.0,15115.0,15500.0,14600.0,15350.0,306626
2020-01-09,15115.0,15115.0,15500.0,14600.0,15350.0,306626
2020-01-10,15115.0,15115.0,15500.0,14600.0,15350.0,306626
2020-01-13,15115.0,15115.0,15500.0,14600.0,15350.0,306626
2020-01-14,15115.0,15115.0,15500.0,14600.0,15350.0,306626
2020-01-15,15115.0,15115.0,15500.0,14600.0,15350.0,306626
2020-01-16,15115.0,15115.0,15500.0,14600.0,15350.0,306626
2020-01-17,15115.0,15115.0,15500.0,14600.0,15350.0,306626
2020-01-20,15115.0,15115.0,15500.0,14600.0,15350.0,306626
2020-01-30,15115.0,15115.0,15500.0,14600.0,15350.0,306626
2020-01-31,15115.0,15115.0,15500.0,14600.0,15350.0,306626
2020-02-03,15115.0,15115.0,15500.0,14600.0,15350.0,306626
2020-02-04,15115.0,15115.0,15500.0,14600.0,15350.0,306626
2020-02-05,15115.0,15115.0,15500.0,14600.0,15350.0,306626
2020-02-06,15115.0,15115.0,15500.0,14600.0,15350.0,306626
2020-02-07,15115.0,15115.0,15500.0,14600.0,15350.0,306626
2020-02-10,15115.0,15115.0,15500.0,14600.0,15350.0,306626
2020-02-11,15115.0,15115.0,15500.0,14600.0,15350.0,306626
2020-02-12,15115.0,15115.0,15500.0,14600.0,15350.0,306626
2020-02-13,15115.0,15115.0,15500.0,14600.0,15350.0,306626
2020-02-14,15115.0,15115.0,15500.0,14600.0,15350.0,306626
2020-02-17,15115.0,15115.0,15500.0,14600.0,15350.0,306626
2020-02-18,15115.0,15115.0,15500.0,14600.0,15350.0,306626
2020-02-19,15115.0,15115.0,15500.0,14600.0,15350.0,306626
2020-02-20,15115.0,15115.0,15500.0,14600.0,15350.0,306626
2020-02-21,15115.0,15115.0,15500.0,14600.0,15350.0,306626
2020-02-24,15115.0,15115.0,15500.0,14600.0,15350.0,306626
2020-02-25,15115.0,15115.0,15500.0,14600.0,15350.0,306626
2020-02-26,15115.0,15115.0,15500.0,14600.0,15350.0,306626
2020-02-27,15115.0,15115.0,15500.0,14600.0,15350.0,306626
2020-03-02,15115.0,15115.0,15500.0,14600.0,15350.0,306626
2020-03-03,15115.0,15115.0,15500.0,14600.0,15350.0,306626
2020-03-04,15115.0,15115.0,15500.0,14600.0,15350.0,306626
2020-03-05,15115.0,15115.0,15500.0,14600.0,15350.0,306626
2020-03-06,15115.0,15115.0,15500.0,14600.0,15350.0,306626
2020-03-09,15115.0,15115.0,15500.0,14600.0,15350.0,306626
2020-03-10,15115.0,15115.0,15500.0,14600.0,15350.0,306626
2020-03-11,15115.0,15115.0,15500.0,14600.0,15350.0,306626
2020-03-12,15115.0,15115.0,15500.0,14600.0,15350.0,306626
2020-03-13,15115.0,15115.0,15500.0,14600.0,15350.0,306626
2020-03-16,15115.0,15115.0,15500.0,14600.0,15350.0,306626
2020-03-17,15115.0,15115.0,15500.0,14600.0,15350.0,306626
2020-03-18,15115.0,15115.0,15500.0,14600.0,15350.0,306626
2020-03-19,15115.0,15115.0,15500.0,14600.0,15350.0,306626
2020-03-20,15115.0,15115.0,15500.0,14600.0,15350.0,306626
2020-03-23,15115.0,15115.0,15500.0,14600.0,15350.0,306626
2020-03-24,15115.0,15115.0,15500.0,14600.0,15350.0,306626
2020-03-25,15115.0,15115.0,15500.0,14600.0,15350.0,306626
2020-03-26,15115.0,15115.0,15500.0,14600.0,15350.0,306626
2020-03-27,15115.0,15115.0,15500.0,14600.0,15350.0,306626
2020-03-30,15115.0,15115.0,15500.0,14600.0,15350.0,306626
2020-03-31,15115.0,15115.0,15500.0,14600.0,15350.0,306626
2020-04-01,15115.0,15115.0,15500.0,14600.0,15350.0,306626
2020-04-07,15115.0,15115.0,15500.0,14600.0,15350.0,306626
2020-04-08,15115.0,15115.0,15500.0,14600.0,15350.0,306626
2020-04-09,15115.0,15115.0,15500.0,14600.0,15350.0,306626
2020-04-10,15115.0,15115.0,15500.0,14600.0,15350.0,306626
2020-04-13,15115.0,15115.0,15500.0,14600.0,15350.0,306626
2020-04-14,15115.0,15115.0,15500.0,14600.0,15350.0,306626
2020-04-15,15115.0,15115.0,15500.0,14600.0,15350.0,306626
2020-04-16,15115.0,15115.0,15500.0,14600.0,15350.0,306626
2020-04-17,15115.0,15115.0,15500.0,14600.0,15350.0,306626
2020-04-20,15115.0,15115.0,15500.0,14600.0,15350.0,306626
2020-04-21,15115.0,15115.0,15500.0,14600.0,15350.0,306626
2020-04-22,15115.0,15115.0,15500.0,14600.0,15350.0,306626
2020-04-23,15115.0,15115.0,15500.0,14600.0,15350.0,306626
2020-04-24,15115.0,15115.0,15500.0,14600.0,15350.0,306626
2020-04-27,15115.0,15115.0,15500.0,14600.0,15350.0,306626
2020-04-28,15115.0,15115.0,15500.0,14600.0,15350.0,306626
2020-04-29,15115.0,15115.0,15500.0,14600.0,15350.0,306626
2020-05-04,15115.0,15115.0,15500.0,14600.0,15350.0,306626
2020-05-05,15115.0,15115.0,15500.0,14600.0,15350.0,306626
2020-05-06,15115.0,15115.0,15500.0,14600.0,15350.0,306626
2020-05-07,15115.0,15115.0,15500.0,14600.0,15350.0,306626
2020-05-08,15115.0,15115.0,15500.0,14600.0,15350.0,306626
2020-05-11,15115.0,15115.0,15500.0,14600.0,15350.0,306626
2020-05-12,15115.0,15115.0,15500.0,14600.0,15350.0,306626
2020-05-13,15115.0,15115.0,15500.0,14600.0,15350.0,306626
2020-05-14,15115.0,15115.0,15500.0,14600.0,15350.0,306626
2020-05-15,15115.0,15115.0,15500.0,14600.0,15350.0,306626
2020-05-18,15115.0,15115.0,15500.0,14600.0,15350.0,306626
2020-05-19,15115.0,15115.0,15500.0,14600.0,15350.0,306626
2020-05-20,15115.0,15115.0,15500.0,14600.0,15350.0,306626
2020-05-21,15115.0,15115.0,15500.0,14600.0,15350.0,306626
2020-05-22,15115.0,15115.0,15500.0,14600.0,15350.0,306626
2020-05-25,15115.0,15115.0,15500.0,14600.0,15350.0,306626
2020-05-26,15115.0,15115.0,15500.0,14600.0,15350.0,306626
2020-05-27,15115.0,15115.0,15500.0,14600.0,15350.0,306626
2020-05-28,15115.0,15115.0,15500.0,14600.0,15350.0,306626
2020-05-29,15115.0,15115.0,15500.0,14600.0,15350.0,306626
2020-06-01,15115.0,15115.0,15500.0,14600.0,15350.0,306626
2020-06-02,15115.0,15115.0,15500.0,14600.0,15350.0,306626
2020-06-03,15115.0,15115.0,15500.0,14600.0,15350.0,306626
2020-06-04,15115.0,15115.0,15500.0,14600.0,15350.0,306626
2020-06-05,15115.0,15115.0,15500.0,14600.0,15350.0,306626
2020-06-08,15115.0,15115.0,15500.0,14600.0,15350.0,306626
2020-06-09,15115.0,15115.0,15500.0,14600.0,15350.0,306626
2020-06-10,15115.0,15115.0,15500.0,14600.0,15350.0,306626
2020-06-11,15115.0,15115.0,15500.0,14600.0,15350.0,306626
2020-06-12,15115.0,15115.0,15500.0,14600.0,15350.0,306626
2020-06-15,15115.0,15115.0,15500.0,14600.0,15350.0,306626
2020-06-16,15115.0,15115.0,15500.0,14600.0,15350.0,306626
2020-06-17,15115.0,15115.0,15500.0,14600.0,15350.0,306626
2020-06-18,15115.0,15115.0,15500.0,14600.0,15350.0,306626
2020-06-19,15115.0,15115.0,15500.0,14600.0,15350.0,306626
2020-06-22,15115.0,15115.0,15500.0,14600.0,15350.0,306626
2020-06-23,15115.0,15115.0,15500.0,14600.0,15350.0,306626
2020-06-24,15115.0,15115.0,15500.0,14600.0,15350.0,306626
2020-06-29,15115.0,15115.0,15500.0,14600.0,15350.0,306626
2020-06-30,15115.0,15115.0,15500.0,14600.0,15350.0,306626
2020-07-01,15115.0,15115.0,15500.0,14600.0,15350.0,306626
2020-07-02,15115.0,15115.0,15500.0,14600.0,15350.0,306626
2020-07-03,15115.0,15115.0,15500.0,14600.0,15350.0,306626
2020-07-06,15115.0,15115.0,15500.0,14600.0,15350.0,306626
2020-07-07,15115.0,15115.0,15500.0,14600.0,15350.0,306626
2020-07-08,15115.0,15115.0,15500.0,14600.0,15350.0,306626
2020-07-09,15115.0,15115.0,15500.0,14600.0,15350.0,306626
2020-07-10,15115.0,15115.0,15500.0,14600.0,15350.0,306626
2020-07-13,15115.0,15115.0,15500.0,14600.0,15350.0,306626
2020-07-14,15115.0,15115.0,15500.0,14600.0,15350.0,306626
2020-07-15,15115.0,15115.0,15500.0,14600.0,15350.0,306626
2020-07-16,15115.0,15115.0,15500.0,14600.0,15350.0,306626
2020-07-17,15115.0,15115.0,15500.0,14600.0,15350.0,306626
2020-07-20,15115.0,15115.0,15500.0,14600.0,15350.0,306626
2020-07-21,15115.0,15115.0,15500.0,14600.0,15350.0,306626
2020-07-22,15115.0,15115.0,15500.0,14600.0,15350.0,306626
2020-07-23,15115.0,15115.0,15500.0,14600.0,15350.0,306626
2020-07-24,15115.0,15115.0,15500.0,14600.0,15350.0,306626
2020-07-27,15115.0,15115.0,15500.0,14600.0,15350.0,306626
2020-07-28,15115.0,15115.0,15500.0,14600.0,15350.0,306626
2020-07-29,15115.0,15115.0,15500.0,14600.0,15350.0,306626
2020-07-30,15115.0,15115.0,15500.0,14600.0,15350.0,306626
2020-07-31,15115.0,15115.0,15500.0,14600.0,15350.0,306626
2020-08-03,15115.0,15115.0,15500.0,14600.0,15350.0,306626
2020-08-04,15115.0,15115.0,15500.0,14600.0,15350.0,306626
2020-08-05,15115.0,15115.0,15500.0,14600.0,15350.0,306626
2020-08-06,15115.0,15115.0,15500.0,14600.0,15350.0,306626
2020-08-07,15115.0,15115.0,15500.0,14600.0,15350.0,306626
2020-08-10,15115.0,15115.0,15500.0,14600.0,15350.0,306626
2020-08-11,15115.0,15115.0,15500.0,14600.0,15350.0,306626
2020-08-12,15115.0,15115.0,15500.0,14600.0,15350.0,306626
2020-08-13,15115.0,15115.0,15500.0,14600.0,15350.0,306626
2020-08-14,15115.0,15115.0,15500.0,14600.0,15350.0,306626
2020-08-17,15115.0,15115.0,15500.0,14600.0,15350.0,306626
2020-08-18,15115.0,15115.0,15500.0,14600.0,15350.0,306626
2020-08-19,15115.0,15115.0,15500.0,14600.0,15350.0,306626
2020-08-20,15115.0,15115.0,15500.0,14600.0,15350.0,306626
2020-08-21,15115.0,15115.0,15500.0,14600.0,15350.0,306626
2020-08-24,15115.0,15115.0,15500.0,14600.0,15350.0,306626
2020-08-25,15115.0,15115.0,15500.0,14600.0,15350.0,306626
2020-08-26,15115.0,15115.0,15500.0,14600.0,15350.0,306626
2020-08-27,15115.0,15115.0,15500.0,14600.0,15350.0,306626
2020-08-28,15115.0,15115.0,15500.0,14600.0,15350.0,306626
2020-08-31,15115.0,15115.0,15500.0,14600.0,15350.0,306626
2020-09-01,15115.0,15115.0,15500.0,14600.0,15350.0,306626
2020-09-02,15115.0,15115.0,15500.0,14600.0,15350.0,306626
2020-09-03,15115.0,15115.0,15500.0,14600.0,15350.0,306626
2020-09-04,15115.0,15115.0,15500.0,14600.0,15350.0,306626
2020-09-07,15115.0,15115.0,15500.0,14600.0,15350.0,306626
2020-09-08,15115.0,15115.0,15500.0,14600.0,15350.0,306626
2020-09-09,15115.0,15115.0,15500.0,14600.0,15350.0,306626
2020-09-10,15115.0,15115.0,15500.0,14600.0,15350.0,306626
2020-09-11,15115.0,15115.0,15500.0,14600.0,15350.0,306626
2020-09-14,15115.0,15115.0,15500.0,14600.0,15350.0,306626
2020-09-15,15115.0,15115.0,15500.0,14600.0,15350.0,306626
2020-09-16,15115.0,15115.0,15500.0,14600.0,15350.0,306626
2020-09-17,15115.0,15115.0,15500.0,14600.0,15350.0,306626
2020-09-18,15115.0,15115.0,15500.0,14600.0,15350.0,306626
2020-09-21,15115.0,15115.0,15500.0,14600.0,15350.0,306626
2020-09-22,15115.0,15115.0,15500.0,14600.0,15350.0,306626
2020-09-23,15115.0,15115.0,15500.0,14600.0,15350.0,306626
2020-09-24,15115.0,15115.0,15500.0,14600.0,15350.0,306626
2020-09-25,15115.0,15115.0,15500.0,14600.0,15350.0,306626
2020-09-28,15115.0,15115.0,15500.0,14600.0,15350.0,306626
2020-09-29,15115.0,15115.0,15500.0,14600.0,15350.0,306626
2020-09-30,15115.0,15115.0,15500.0,14600.0,15350.0,306626
2020-10-05,15115.0,15115.0,15500.0,14600.0,15350.0,306626
2020-10-06,15115.0,15115.0,15500.0,14600.0,15350.0,306626
2020-10-07,15115.0,15115.0,15500.0,14600.0,15350.0,306626
2020-10-08,15115.0,15115.0,15500.0,14600.0,15350.0,306626
2020-10-12,15115.0,15115.0,15500.0,14600.0,15350.0,306626
2020-10-13,15115.0,15115.0,15500.0,14600.0,15350.0,306626
2020-10-14,15115.0,15115.0,15500.0,14600.0,15350.0,306626
2020-10-15,15115.0,15115.0,15500.0,14600.0,15350.0,306626
2020-10-16,15115.0,15115.0,15500.0,14600.0,15350.0,306626
2020-10-19,15115.0,15115.0,15500.0,14600.0,15350.0,306626
2020-10-20,15115.0,15115.0,15500.0,14600.0,15350.0,306626
2020-10-21,15115.0,15115.0,15500.0,14600.0,15350.0,306626
2020-10-22,15115.0,15115.0,15500.0,14600.0,15350.0,306626
2020-10-23,15115.0,15115.0,15500.0,14600.0,15350.0,306626
2020-10-26,15115.0,15115.0,15500.0,14600.0,15350.0,306626
2020-10-27,15115.0,15115.0,15500.0,14600.0,15350.0,306626
2020-10-28,15115.0,15115.0,15500.0,14600.0,15350.0,306626
2020-10-29,15115.0,15115.0,15500.0,14600.0,15350.0,306626
2020-10-30,15115.0,15115.0,15500.0,14600.0,15350.0,306626
2020-11-02,15115.0,15115.0,15500.0,14600.0,15350.0,306626
2020-11-03,15115.0,15115.0,15500.0,14600.0,15350.0,306626
2020-11-04,15115.0,15115.0,15500.0,14600.0,15350.0,306626
2020-11-05,15115.0,15115.0,15500.0,14600.0,15350.0,306626
2020-11-06,15115.0,15115.0,15500.0,14600.0,15350.0,306626
2020-11-09,15115.0,15115.0,15500.0,14600.0,15350.0,306626
2020-11-10,15115.0,15115.0,15500.0,14600.0,15350.0,306626
2020-11-11,15115.0,15115.0,15500.0,14600.0,15350.0,306626
2020-11-12,15115.0,15115.0,15500.0,14600.0,15350.0,306626
2020-11-13,15115.0,15115.0,15500.0,14600.0,15350.0,306626
2020-11-16,15115.0,15115.0,15500.0,14600.0,15350.0,306626
2020-11-17,15115.0,15115.0,15500.0,14600.0,15350.0,306626
2020-11-18,15115.0,15115.0,15500.0,14600.0,15350.0,306626
2020-11-19,15115.0,15115.0,15500.0,14600.0,15350.0,306626
2020-11-20,15115.0,15115.0,15500.0,14600.0,15350.0,306626
2020-11-23,15115.0,15115.0,15500.0,14600.0,15350.0,306626
2020-11-24,15115.0,15115.0,15500.0,14600.0,15350.0,306626
2020-11-25,15115.0,15115.0,15500.0,14600.0,15350.0,306626
2020-11-26,15115.0,15115.0,15500.0,14600.0,15350.0,306626
2020-11-27,15115.0,15115.0,15500.0,14600.0,15350.0,306626
2020-11-30,15115.0,15115.0,15500.0,14600.0,15350.0,306626
2020-12-01,15115.0,15115.0,15500.0,14600.0,15350.0,306626
2020-12-02,15115.0,15115.0,15500.0,14600.0,15350.0,306626
2020-12-04,15115.0,15115.0,15500.0,14600.0,15350.0,306626
2020-12-07,15115.0,15115.0,15500.0,14600.0,15350.0,306626
2020-12-08,15115.0,15115.0,15500.0,14600.0,15350.0,306626
2020-12-09,15115.0,15115.0,15500.0,14600.0,15350.0,306626
2020-12-10,15115.0,15115.0,15500.0,14600.0,15350.0,306626
2020-12-11,15115.0,15115.0,15500.0,14600.0,15350.0,306626
2020-12-14,15115.0,15115.0,15500.0,14600.0,15350.0,306626
2020-12-15,15115.0,15115.0,15500.0,14600.0,15350.0,306626
2020-12-16,15115.0,15115.0,15500.0,14600.0,15350.0,306626
2020-12-17,15115.0,15115.0,15500.0,14600.0,15350.0,306626
2020-12-18,15115.0,15115.0,15500.0,14600.0,15350.0,306626
2020-12-21,15115.0,15115.0,15500.0,14600.0,15350.0,306626
2020-12-22,15115.0,15115.0,15500.0,14600.0,15350.0,306626
2020-12-23,15115.0,15115.0,15500.0,14600.0,15350.0,306626
2020-12-24,15115.0,15115.0,15500.0,14600.0,15350.0,306626
2020-12-25,15115.0,15115.0,15500.0,14600.0,15350.0,306626
2020-12-28,15115.0,15115.0,15500.0,14600.0,15350.0,306626
2020-12-29,15115.0,15115.0,15500.0,14600.0,15350.0,306626
2020-12-30,15115.0,15115.0,15500.0,14600.0,15350.0,306626
2020-12-31,15115.0,15115.0,15500.0,14600.0,15350.0,306626
2021-01-04,15115.0,15115.0,15500.0,14600.0,15350.0,306626
2021-01-05,15115.0,15115.0,15500.0,14600.0,15350.0,306626
2021-01-06,15115.0,15115.0,15500.0,14600.0,15350.0,306626
2021-01-07,15115.0,15115.0,15500.0,14600.0,15350.0,306626
2021-01-08,15115.0,15115.0,15500.0,14600.0,15350.0,306626
2021-01-11,15115.0,15115.0,15500.0,14600.0,15350.0,306626
2021-01-12,15115.0,15115.0,15500.0,14600.0,15350.0,306626
2021-01-13,15115.0,15115.0,15500.0,14600.0,15350.0,306626
2021-01-14,15115.0,15115.0,15500.0,14600.0,15350.0,306626
2021-01-15,15115.0,15115.0,15500.0,14600.0,15350.0,306626
2021-01-18,15115.0,15115.0,15500.0,14600.0,15350.0,306626
2021-01-19,15115.0,15115.0,15500.0,14600.0,15350.0,306626
2021-01-20,15115.0,15115.0,15500.0,14600.0,15350.0,306626
2021-01-21,15115.0,15115.0,15500.0,14600.0,15350.0,306626
2021-01-22,15115.0,15115.0,15500.0,14600.0,15350.0,306626
2021-01-25,15115.0,15115.0,15500.0,14600.0,15350.0,306626
2021-01-26,15115.0,15115.0,15500.0,14600.0,15350.0,306626
2021-01-27,15115.0,15115.0,15500.0,14600.0,15350.0,306626
2021-01-28,15115.0,15115.0,15500.0,14600.0,15350.0,306626
2021-01-29,15115.0,15115.0,15500.0,14600.0,15350.0,306626
2021-02-01,15115.0,15115.0,15500.0,14600.0,15350.0,306626
2021-02-02,15115.0,15115.0,15500.0,14600.0,15350.0,306626
2021-02-03,15115.0,15115.0,15500.0,14600.0,15350.0,306626
2021-02-04,15115.0,15115.0,15500.0,14600.0,15350.0,306626
2021-02-05,15115.0,15115.0,15500.0,14600.0,15350.0,306626
2021-02-17,15115.0,15115.0,15500.0,14600.0,15350.0,306626
2021-02-18,15115.0,15115.0,15500.0,14600.0,15350.0,306626
2021-02-19,15115.0,15115.0,15500.0,14600.0,15350.0,306626
2021-02-22,15115.0,15115.0,15500.0,14600.0,15350.0,306626
2021-02-23,15115.0,15115.0,15500.0,14600.0,15350.0,306626
2021-02-24,15115.0,15115.0,15500.0,14600.0,15350.0,306626
2021-02-25,15115.0,15115.0,15500.0,14600.0,15350.0,306626
2021-02-26,15115.0,15115.0,15500.0,14600.0,15350.0,306626
2021-03-02,15115.0,15115.0,15500.0,14600.0,15350.0,306626
2021-03-03,15115.0,15115.0,15500.0,14600.0,15350.0,306626
2021-03-04,15115.0,15115.0,15500.0,14600.0,15350.0,306626
2021-03-05,15115.0,15115.0,15500.0,14600.0,15350.0,306626
2021-03-08,15115.0,15115.0,15500.0,14600.0,15350.0,306626
2021-03-09,15115.0,15115.0,15500.0,14600.0,15350.0,306626
2021-03-10,15115.0,15115.0,15500.0,14600.0,15350.0,306626
2021-03-11,15115.0,15115.0,15500.0,14600.0,15350.0,306626
2021-03-12,15115.0,15115.0,15500.0,14600.0,15350.0,306626
2021-03-15,15115.0,15115.0,15500.0,14600.0,15350.0,306626
2021-03-16,15115.0,15115.0,15500.0,14600.0,15350.0,306626
2021-03-17,15115.0,15115.0,15500.0,14600.0,15350.0,306626
2021-03-18,15115.0,15115.0,15500.0,14600.0,15350.0,306626
2021-03-19,15115.0,15115.0,15500.0,14600.0,15350.0,306626
2021-03-22,15115.0,15115.0,15500.0,14600.0,15350.0,306626
2021-03-23,15115.0,15115.0,15500.0,14600.0,15350.0,306626
2021-03-24,15115.0,15115.0,15500.0,14600.0,15350.0,306626
2021-03-25,15115.0,15115.0,15500.0,14600.0,15350.0,306626
2021-03-26,15115.0,15115.0,15500.0,14600.0,15350.0,306626
2021-03-29,15115.0,15115.0,15500.0,14600.0,15350.0,306626
2021-03-30,15115.0,15115.0,15500.0,14600.0,15350.0,306626
2021-03-31,15115.0,15115.0,15500.0,14600.0,15350.0,306626
2021-04-01,15115.0,15115.0,15500.0,14600.0,15350.0,306626
2021-04-06,15115.0,15115.0,15500.0,14600.0,15350.0,306626
2021-04-07,15115.0,15115.0,15500.0,14600.0,15350.0,306626
2021-04-08,15115.0,15115.0,15500.0,14600.0,15350.0,306626
2021-04-09,15115.0,15115.0,15500.0,14600.0,15350.0,306626
2021-04-12,15115.0,15115.0,15500.0,14600.0,15350.0,306626
2021-04-13,15115.0,15115.0,15500.0,14600.0,15350.0,306626
2021-04-14,15115.0,15115.0,15500.0,14600.0,15350.0,306626
2021-04-15,15115.0,15115.0,15500.0,14600.0,15350.0,306626
2021-04-16,15115.0,15115.0,15500.0,14600.0,15350.0,306626
2021-04-19,15115.0,15115.0,15500.0,14600.0,15350.0,306626
2021-04-20,15115.0,15115.0,15500.0,14600.0,15350.0,306626
2021-04-21,15115.0,15115.0,15500.0,14600.0,15350.0,306626
2021-04-22,15115.0,15115.0,15500.0,14600.0,15350.0,306626
2021-04-23,15115.0,15115.0,15500.0,14600.0,15350.0,306626
2021-04-26,15115.0,15115.0,15500.0,14600.0,15350.0,306626
2021-04-27,15115.0,15115.0,15500.0,14600.0,15350.0,306626
2021-04-28,15115.0,15115.0,15500.0,14600.0,15350.0,306626
2021-04-29,15115.0,15115.0,15500.0,14600.0,15350.0,306626
2021-05-03,15115.0,15115.0,15500.0,14600.0,15350.0,306626
2021-05-04,15115.0,15115.0,15500.0,14600.0,15350.0,306626
2021-05-05,15115.0,15115.0,15500.0,14600.0,15350.0,306626
2021-05-06,15115.0,15115.0,15500.0,14600.0,15350.0,306626
2021-05-07,15115.0,15115.0,15500.0,14600.0,15350.0,306626
2021-05-10,15115.0,15115.0,15500.0,14600.0,15350.0,306626
2021-05-11,15115.0,15115.0,15500.0,14600.0,15350.0,306626
2021-05-12,15115.0,15115.0,15500.0,14600.0,15350.0,306626
2021-05-13,15115.0,15115.0,15500.0,14600.0,15350.0,306626
2021-05-14,15115.0,15115.0,15500.0,14600.0,15350.0,306626
2021-05-17,15115.0,15115.0,15500.0,14600.0,15350.0,306626
2021-05-18,15115.0,15115.0,15500.0,14600.0,15350.0,306626
2021-05-19,15115.0,15115.0,15500.0,14600.0,15350.0,306626
2021-05-20,15115.0,15115.0,15500.0,14600.0,15350.0,306626
2021-05-21,15115.0,15115.0,15500.0,14600.0,15350.0,306626
2021-05-24,15115.0,15115.0,15500.0,14600.0,15350.0,306626
2021-05-25,15115.0,15115.0,15500.0,14600.0,15350.0,306626
2021-05-26,15115.0,15115.0,15500.0,14600.0,15350.0,306626
2021-05-27,15115.0,15115.0,15500.0,14600.0,15350.0,306626
2021-05-28,15115.0,15115.0,15500.0,14600.0,15350.0,306626
2021-05-31,15115.0,15115.0,15500.0,14600.0,15350.0,306626
2021-06-01,15115.0,15115.0,15500.0,14600.0,15350.0,306626
2021-06-02,15115.0,15115.0,15500.0,14600.0,15350.0,306626
2021-06-03,15115.0,15115.0,15500.0,14600.0,15350.0,306626
2021-06-04,15115.0,15115.0,15500.0,14600.0,15350.0,306626
2021-06-07,15115.0,15115.0,15500.0,14600.0,15350.0,306626
2021-06-08,15115.0,15115.0,15500.0,14600.0,15350.0,306626
2021-06-09,15115.0,15115.0,15500.0,14600.0,15350.0,306626
2021-06-10,15115.0,15115.0,15500.0,14600.0,15350.0,306626
2021-06-11,15115.0,15115.0,15500.0,14600.0,15350.0,306626
2021-06-15,15115.0,15115.0,15500.0,14600.0,15350.0,306626
2021-06-16,15115.0,15115.0,15500.0,14600.0,15350.0,306626
2021-06-17,15115.0,15115.0,15500.0,14600.0,15350.0,306626
2021-06-18,15115.0,15115.0,15500.0,14600.0,15350.0,306626
2021-06-21,15115.0,15115.0,15500.0,14600.0,15350.0,306626
2021-06-22,15115.0,15115.0,15500.0,14600.0,15350.0,306626
2021-06-23,15115.0,15115.0,15500.0,14600.0,15350.0,306626
2021-06-24,15115.0,15115.0,15500.0,14600.0,15350.0,306626
2021-06-25,15115.0,15115.0,15500.0,14600.0,15350.0,306626
2021-06-28,15115.0,15115.0,15500.0,14600.0,15350.0,306626
2021-06-29,15115.0,15115.0,15500.0,14600.0,15350.0,306626
2021-06-30,15115.0,15115.0,15500.0,14600.0,15350.0,306626
2021-07-01,15115.0,15115.0,15500.0,14600.0,15350.0,306626
2021-07-02,15115.0,15115.0,15500.0,14600.0,15350.0,306626
2021-07-05,15115.0,15115.0,15500.0,14600.0,15350.0,306626
2021-07-06,15115.0,15115.0,15500.0,14600.0,15350.0,306626
2021-07-07,15115.0,15115.0,15500.0,14600.0,15350.0,306626
2021-07-08,15115.0,15115.0,15500.0,14600.0,15350.0,306626
2021-07-09,15115.0,15115.0,15500.0,14600.0,15350.0,306626
2021-07-12,15115.0,15115.0,15500.0,14600.0,15350.0,306626
2021-07-13,15115.0,15115.0,15500.0,14600.0,15350.0,306626
2021-07-14,15115.0,15115.0,15500.0,14600.0,15350.0,306626
2021-07-15,15115.0,15115.0,15500.0,14600.0,15350.0,306626
2021-07-16,15115.0,15115.0,15500.0,14600.0,15350.0,306626
2021-07-19,15115.0,15115.0,15500.0,14600.0,15350.0,306626
2021-07-20,15115.0,15115.0,15500.0,14600.0,15350.0,306626
2021-07-21,15115.0,15115.0,15500.0,14600.0,15350.0,306626
2021-07-22,15115.0,15115.0,15500.0,14600.0,15350.0,306626
2021-07-23,15115.0,15115.0,15500.0,14600.0,15350.0,306626
2021-07-26,15115.0,15115.0,15500.0,14600.0,15350.0,306626
2021-07-27,15115.0,15115.0,15500.0,14600.0,15350.0,306626
2021-07-28,15115.0,15115.0,15500.0,14600.0,15350.0,306626
2021-07-29,15115.0,15115.0,15500.0,14600.0,15350.0,306626
2021-07-30,15115.0,15115.0,15500.0,14600.0,15350.0,306626
2021-08-02,15115.0,15115.0,15500.0,14600.0,15350.0,306626
2021-08-03,15115.0,15115.0,15500.0,14600.0,15350.0,306626
2021-08-04,15115.0,15115.0,15500.0,14600.0,15350.0,306626
2021-08-05,15115.0,15115.0,15500.0,14600.0,15350.0,306626
2021-08-06,15115.0,15115.0,15500.0,14600.0,15350.0,306626
2021-08-09,2185.0,2185.0,2270.0,2180.0,2270.0,65000
2021-08-10,2070.0,2070.0,2175.0,2020.0,2175.0,180000
2021-08-11,2095.0,2095.0,2120.0,2040.0,2110.0,113000
2021-08-12,2185.0,2185.0,2225.0,2095.0,2095.0,467000
2021-08-13,2175.0,2175.0,2225.0,2110.0,2225.0,167000
2021-08-16,2020.0,2020.0,2170.0,2020.0,2145.0,225000
2021-08-17,1965.0,1965.0,2050.0,1930.0,2035.0,227000
2021-08-18,2000.0,2000.0,2020.0,1920.0,1990.0,174000
2021-08-19,2080.0,2080.0,2165.0,2040.0,2100.0,381000
2021-08-20,2170.0,2170.0,2200.0,2055.0,2090.0,264000
2021-08-23,2130.0,2130.0,2220.0,2130.0,2215.0,187000
2021-08-24,2100.0,2100.0,2160.0,2100.0,2155.0,71000
2021-08-25,2135.0,2135.0,2150.0,2100.0,2100.0,29000
2021-08-26,2210.0,2210.0,2250.0,2135.0,2140.0,241000
2021-08-27,2275.0,2275.0,2275.0,2175.0,2175.0,141000
2021-08-30,2370.0,2370.0,2415.0,2285.0,2285.0,302000
2021-08-31,2350.0,2350.0,2380.0,2300.0,2345.0,112000
2021-09-01,2375.0,2375.0,2405.0,2315.0,2315.0,127000
2021-09-02,2320.0,2320.0,2525.0,2300.0,2395.0,300000
2021-09-03,2295.0,2295.0,2370.0,2280.0,2370.0,137000
2021-09-06,2235.0,2235.0,2330.0,2235.0,2330.0,108000
2021-09-07,2190.0,2190.0,2300.0,2190.0,2250.0,117000
2021-09-08,2180.0,2180.0,2200.0,2155.0,2165.0,77000
2021-09-09,2220.0,2220.0,2250.0,2150.0,2150.0,153000
2021-09-10,2250.0,2250.0,2275.0,2215.0,2215.0,94000
2021-09-13,2250.0,2250.0,2270.0,2210.0,2265.0,135000
2021-09-14,2250.0,2250.0,2295.0,2215.0,2225.0,152000
2021-09-15,2160.0,2160.0,2250.0,2125.0,2250.0,184000
2021-09-16,2165.0,2165.0,2220.0,2155.0,2215.0,140000
2021-09-17,2275.0,2275.0,2280.0,2155.0,2190.0,197000
2021-09-22,2265.0,2265.0,2310.0,2190.0,2190.0,172000
2021-09-23,2425.0,2425.0,2445.0,2320.0,2320.0,418000
2021-09-24,2450.0,2450.0,2530.0,2385.0,2495.0,509000
2021-09-27,2360.0,2360.0,2485.0,2360.0,2465.0,102000
2021-09-28,2310.0,2310.0,2420.0,2245.0,2380.0,259000
2021-09-29,2320.0,2320.0,2400.0,2250.0,2290.0,358000
2021-09-30,2325.0,2325.0,2405.0,2305.0,2400.0,143000
2021-10-01,2255.0,2255.0,2340.0,2240.0,2280.0,68000
2021-10-04,2300.0,2300.0,2360.0,2170.0,2260.0,173000
2021-10-05,2385.0,2385.0,2385.0,2280.0,2330.0,212000
2021-10-06,2345.0,2345.0,2480.0,2315.0,2400.0,195000
2021-10-07,2450.0,2450.0,2480.0,2370.0,2405.0,263000
2021-10-08,2490.0,2490.0,2535.0,2440.0,2490.0,238000
2021-10-12,2375.0,2375.0,2490.0,2330.0,2490.0,118000
2021-10-13,2310.0,2310.0,2425.0,2310.0,2380.0,133000
2021-10-14,2260.0,2260.0,2375.0,2260.0,2325.0,171000
2021-10-15,2300.0,2300.0,2310.0,2240.0,2260.0,232000
2021-10-18,2220.0,2220.0,2265.0,2205.0,2255.0,99000
2021-10-19,2295.0,2295.0,2295.0,2190.0,2220.0,111000
2021-10-20,2300.0,2300.0,2375.0,2280.0,2285.0,122000
2021-10-21,2305.0,2305.0,2355.0,2245.0,2335.0,82000
2021-10-22,2420.0,2420.0,2475.0,2310.0,2350.0,192000
2021-10-25,2385.0,2385.0,2490.0,2385.0,2440.0,125000
2021-10-26,2465.0,2465.0,2525.0,2420.0,2420.0,193000
2021-10-27,2710.0,2710.0,2710.0,2505.0,2505.0,323000
2021-10-28,2840.0,2840.0,2920.0,2735.0,2820.0,453000
2021-10-29,2770.0,2770.0,2935.0,2770.0,2890.0,229000
2021-11-01,2660.0,2660.0,2850.0,2630.0,2770.0,277000
2021-11-02,2610.0,2610.0,2720.0,2580.0,2700.0,234000
2021-11-03,2575.0,2575.0,2615.0,2550.0,2610.0,78000
2021-11-04,2630.0,2630.0,2705.0,2560.0,2640.0,180000
2021-11-05,2650.0,2650.0,2700.0,2625.0,2650.0,184000
2021-11-08,2635.0,2635.0,2660.0,2600.0,2660.0,62000
2021-11-09,2740.0,2740.0,2880.0,2710.0,2765.0,268000
2021-11-10,2685.0,2685.0,2730.0,2650.0,2730.0,151000
2021-11-11,2710.0,2710.0,2785.0,2630.0,2675.0,191000
2021-11-12,2890.0,2890.0,2900.0,2730.0,2730.0,284000
2021-11-15,2920.0,2920.0,2995.0,2890.0,2890.0,142000
2021-11-16,3185.0,3185.0,3210.0,2945.0,2950.0,360000
2021-11-17,3220.0,3220.0,3320.0,3080.0,3185.0,307000
2021-11-18,3215.0,3215.0,3260.0,3130.0,3225.0,175000
2021-11-19,3180.0,3180.0,3240.0,3115.0,3215.0,178000
2021-11-22,3185.0,3185.0,3220.0,3115.0,3150.0,82000
2021-11-23,3020.0,3020.0,3195.0,3000.0,3195.0,192000
2021-11-24,2975.0,2975.0,3015.0,2920.0,3000.0,142000
2021-11-25,2985.0,2985.0,3070.0,2770.0,2900.0,569000
2021-11-26,3050.0,3050.0,3080.0,2915.0,2915.0,264000
2021-11-29,3150.0,3150.0,3155.0,2975.0,2975.0,134000
2021-11-30,3365.0,3365.0,3435.0,3230.0,3340.0,298000
2021-12-01,3255.0,3255.0,3295.0,3150.0,3180.0,294000
2021-12-02,3250.0,3250.0,3320.0,3215.0,3280.0,173000
2021-12-03,3130.0,3130.0,3270.0,3110.0,3255.0,307000
2021-12-06,3130.0,3130.0,3210.0,3090.0,3090.0,136000
2021-12-07,3060.0,3060.0,3085.0,2995.0,3000.0,269000
2021-12-08,3255.0,3255.0,3255.0,3090.0,3090.0,190000
2021-12-09,3255.0,3255.0,3295.0,3200.0,3260.0,95000
2021-12-10,3285.0,3285.0,3315.0,3205.0,3205.0,134000
2021-12-13,3250.0,3250.0,3280.0,3200.0,3280.0,96000
2021-12-14,3125.0,3125.0,3275.0,3100.0,3270.0,145000
2021-12-15,3135.0,3135.0,3245.0,3100.0,3245.0,162000
2021-12-16,3300.0,3300.0,3300.0,3145.0,3185.0,211000
2021-12-17,3400.0,3400.0,3420.0,3285.0,3300.0,241000
2021-12-20,3375.0,3375.0,3435.0,3340.0,3390.0,112000
2021-12-21,3495.0,3495.0,3495.0,3350.0,3350.0,96000
2021-12-22,3475.0,3475.0,3530.0,3445.0,3495.0,107000
2021-12-23,3400.0,3400.0,3450.0,3325.0,3450.0,197000
2021-12-24,3460.0,3460.0,3480.0,3430.0,3435.0,121000
2021-12-27,3425.0,3425.0,3480.0,3415.0,3435.0,60000
2021-12-28,3455.0,3455.0,3495.0,3445.0,3465.0,83000
2021-12-29,3460.0,3460.0,3475.0,3405.0,3440.0,47000
2021-12-30,3565.0,3565.0,3620.0,3440.0,3440.0,127000
2022-01-03,3545.0,3545.0,3675.0,3505.0,3565.0,128000
2022-01-04,3385.0,3385.0,3545.0,3360.0,3545.0,184000
2022-01-05,3205.0,3205.0,3360.0,3165.0,3360.0,500000
2022-01-06,3160.0,3160.0,3215.0,3080.0,3205.0,253000
2022-01-07,3080.0,3080.0,3210.0,3020.0,3150.0,257000
2022-01-10,3130.0,3130.0,3130.0,3000.0,3015.0,165000
2022-01-11,3100.0,3100.0,3145.0,2955.0,3130.0,209000
2022-01-12,3150.0,3150.0,3155.0,3050.0,3145.0,243000
2022-01-13,3240.0,3240.0,3285.0,3150.0,3150.0,276000
2022-01-14,3180.0,3180.0,3200.0,3105.0,3175.0,128000
2022-01-17,3130.0,3130.0,3180.0,3085.0,3180.0,60000
2022-01-18,3110.0,3110.0,3215.0,3075.0,3075.0,239000
2022-01-19,3085.0,3085.0,3225.0,3055.0,3055.0,178000
2022-01-20,3095.0,3095.0,3180.0,3040.0,3100.0,165000
2022-01-21,2945.0,2945.0,3045.0,2940.0,3035.0,212000
2022-01-24,2965.0,2965.0,2965.0,2810.0,2945.0,284000
2022-01-25,3045.0,3045.0,3045.0,2945.0,2960.0,230000
2022-01-26,3030.0,3030.0,3080.0,2975.0,3045.0,124000
2022-02-07,3235.0,3235.0,3235.0,3035.0,3035.0,352000
2022-02-08,3350.0,3350.0,3350.0,3170.0,3170.0,272000
2022-02-09,3265.0,3265.0,3360.0,3215.0,3325.0,293000
2022-02-10,3240.0,3240.0,3370.0,3200.0,3310.0,238000
2022-02-11,3265.0,3265.0,3300.0,3215.0,3250.0,106000
2022-02-14,2985.0,2985.0,3200.0,2940.0,3200.0,287000
2022-02-15,3050.0,3050.0,3090.0,3010.0,3050.0,186000
2022-02-16,3025.0,3025.0,3135.0,3020.0,3080.0,183000
2022-02-17,2880.0,2880.0,3025.0,2815.0,3025.0,588000
2022-02-18,2825.0,2825.0,2860.0,2805.0,2845.0,307000
2022-02-21,2710.0,2710.0,2845.0,2635.0,2840.0,655000
2022-02-22,2685.0,2685.0,2755.0,2650.0,2700.0,211000
2022-02-23,2675.0,2675.0,2710.0,2645.0,2670.0,254000
2022-02-24,2725.0,2725.0,2780.0,2635.0,2695.0,287000
2022-02-25,2720.0,2720.0,2850.0,2700.0,2780.0,282000
2022-03-01,2835.0,2835.0,2850.0,2770.0,2780.0,267000
2022-03-02,2795.0,2795.0,2835.0,2725.0,2835.0,168000
2022-03-03,2840.0,2840.0,2870.0,2800.0,2820.0,215000
2022-03-04,2695.0,2695.0,2840.0,2680.0,2840.0,119000
2022-03-07,2685.0,2685.0,2695.0,2565.0,2695.0,264000
2022-03-08,2690.0,2690.0,2710.0,2600.0,2600.0,255000
2022-03-09,2855.0,2855.0,2865.0,2725.0,2775.0,345000
2022-03-10,2955.0,2955.0,3050.0,2905.0,2955.0,408000
2022-03-11,2900.0,2900.0,2950.0,2860.0,2910.0,170000
2022-03-14,2685.0,2685.0,2905.0,2660.0,2900.0,386000
2022-03-15,2655.0,2655.0,2665.0,2545.0,2615.0,363000
2022-03-16,2715.0,2715.0,2830.0,2680.0,2750.0,235000
2022-03-17,2950.0,2950.0,2985.0,2900.0,2935.0,343000
2022-03-18,2955.0,2955.0,2975.0,2900.0,2925.0,565000
2022-03-21,2920.0,2920.0,3000.0,2900.0,2955.0,132000
2022-03-22,2985.0,2985.0,2985.0,2895.0,2970.0,117000
2022-03-23,3030.0,3030.0,3065.0,2995.0,3030.0,114000
2022-03-24,3040.0,3040.0,3065.0,2980.0,3030.0,122000
2022-03-25,2980.0,2980.0,3070.0,2955.0,3070.0,122000
2022-03-28,3070.0,3070.0,3100.0,2975.0,2980.0,90000
2022-03-29,3280.0,3280.0,3300.0,3080.0,3080.0,262000
2022-03-30,3230.0,3230.0,3380.0,3230.0,3375.0,161000
2022-03-31,3260.0,3260.0,3380.0,3235.0,3300.0,200000
2022-04-01,3315.0,3315.0,3355.0,3245.0,3260.0,121000
2022-04-06,3330.0,3330.0,3330.0,3225.0,3240.0,109000
2022-04-07,3080.0,3080.0,3325.0,3080.0,3255.0,253000
2022-04-08,3015.0,3015.0,3140.0,3005.0,3090.0,227000
2022-04-11,3130.0,3130.0,3130.0,2980.0,3035.0,150000
2022-04-12,3030.0,3030.0,3100.0,2945.0,3100.0,199000
2022-04-13,3270.0,3270.0,3285.0,3050.0,3080.0,260000
2022-04-14,3325.0,3325.0,3325.0,3225.0,3225.0,208000
2022-04-15,3205.0,3205.0,3270.0,3170.0,3270.0,78000
2022-04-18,3250.0,3250.0,3290.0,3230.0,3260.0,60000
2022-04-19,3250.0,3250.0,3380.0,3230.0,3295.0,157000
2022-04-20,3100.0,3100.0,3310.0,3050.0,3300.0,354000
2022-04-21,3030.0,3030.0,3110.0,3000.0,3100.0,349000
2022-04-22,2760.0,2760.0,3000.0,2730.0,3000.0,463000
2022-04-25,2585.0,2585.0,2700.0,2525.0,2680.0,497000
2022-04-26,2485.0,2485.0,2730.0,2405.0,2720.0,779000
2022-04-27,2540.0,2540.0,2540.0,2250.0,2285.0,606000
2022-04-28,2700.0,2700.0,2735.0,2440.0,2540.0,691000
2022-04-29,2650.0,2650.0,2810.0,2585.0,2750.0,531000
2022-05-03,2800.0,2800.0,2825.0,2650.0,2650.0,379000
2022-05-04,2700.0,2700.0,2780.0,2680.0,2715.0,242000
2022-05-05,2735.0,2735.0,2855.0,2700.0,2810.0,377000
2022-05-06,2540.0,2540.0,2595.0,2495.0,2595.0,417000
2022-05-09,2430.0,2430.0,2540.0,2360.0,2540.0,396000
2022-05-10,2500.0,2500.0,2530.0,2310.0,2345.0,425000
2022-05-11,2430.0,2430.0,2545.0,2350.0,2470.0,563000
2022-05-12,2440.0,2440.0,2470.0,2330.0,2390.0,564000
2022-05-13,2525.0,2525.0,2550.0,2450.0,2505.0,368000
2022-05-16,2545.0,2545.0,2740.0,2525.0,2615.0,443000
2022-05-17,2575.0,2575.0,2655.0,2535.0,2550.0,263000
2022-05-18,2630.0,2630.0,2675.0,2580.0,2655.0,287000
2022-05-19,2530.0,2530.0,2580.0,2460.0,2480.0,337000
2022-05-20,2380.0,2380.0,2455.0,2380.0,2440.0,783000
2022-05-23,2335.0,2335.0,2420.0,2335.0,2400.0,364000
2022-05-24,2150.0,2150.0,2340.0,2105.0,2330.0,1250000
2022-05-25,2150.0,2150.0,2220.0,2130.0,2160.0,600000
2022-05-26,1970.0,1970.0,2175.0,1965.0,2150.0,1283000
2022-05-27,2160.0,2160.0,2165.0,2070.0,2110.0,701000
2022-05-30,2270.0,2270.0,2325.0,2200.0,2225.0,828000
2022-05-31,2325.0,2325.0,2350.0,2235.0,2275.0,655000
2022-06-01,2300.0,2300.0,2340.0,2260.0,2325.0,441000
2022-06-02,2305.0,2305.0,2460.0,2295.0,2300.0,917000
2022-06-06,2375.0,2375.0,2400.0,2305.0,2340.0,469000
2022-06-07,2350.0,2350.0,2490.0,2345.0,2465.0,699000
2022-06-08,2435.0,2435.0,2475.0,2395.0,2395.0,614000
2022-06-09,2445.0,2445.0,2460.0,2400.0,2450.0,233000
2022-06-10,2465.0,2465.0,2500.0,2380.0,2390.0,333000
2022-06-13,2335.0,2335.0,2365.0,2270.0,2365.0,411000
2022-06-14,2250.0,2250.0,2290.0,2140.0,2285.0,833000
2022-06-15,2290.0,2290.0,2340.0,2230.0,2255.0,488000
2022-06-16,2300.0,2300.0,2450.0,2290.0,2380.0,624000
2022-06-17,2150.0,2150.0,2265.0,2130.0,2190.0,688000
2022-06-20,2155.0,2155.0,2225.0,2155.0,2220.0,392000
2022-06-21,2230.0,2230.0,2245.0,2145.0,2180.0,338000
2022-06-22,2175.0,2175.0,2265.0,2175.0,2250.0,359000
2022-06-23,2245.0,2245.0,2260.0,2150.0,2260.0,292000
2022-06-24,2255.0,2255.0,2290.0,2145.0,2275.0,563000
2022-06-27,2365.0,2365.0,2475.0,2300.0,2355.0,417000
2022-06-28,2125.0,2125.0,2195.0,2120.0,2165.0,369000
2022-06-29,2000.0,2000.0,2135.0,2000.0,2120.0,406000
2022-06-30,1900.0,1900.0,2035.0,1900.0,2020.0,448000
2022-07-01,1725.0,1725.0,1920.0,1720.0,1880.0,990000
2022-07-04,1685.0,1685.0,1765.0,1665.0,1715.0,821000
2022-07-05,1700.0,1700.0,1775.0,1670.0,1735.0,726000
2022-07-06,1610.0,1610.0,1770.0,1600.0,1740.0,1096000
2022-07-07,1710.0,1710.0,1725.0,1605.0,1655.0,1136000
2022-07-08,1755.0,1755.0,1835.0,1715.0,1760.0,829000
2022-07-11,1655.0,1655.0,1800.0,1650.0,1780.0,760000
2022-07-12,1590.0,1590.0,1615.0,1490.0,1605.0,1215000
2022-07-13,1700.0,1700.0,1720.0,1635.0,1685.0,693000
2022-07-14,1845.0,1845.0,1845.0,1640.0,1640.0,916000
2022-07-15,1815.0,1815.0,1855.0,1775.0,1810.0,634000
2022-07-18,1890.0,1890.0,1920.0,1845.0,1870.0,480000
2022-07-19,1735.0,1735.0,1885.0,1735.0,1840.0,687000
2022-07-20,1800.0,1800.0,1830.0,1760.0,1795.0,698000
2022-07-21,1880.0,1880.0,1880.0,1770.0,1810.0,531000
2022-07-22,1815.0,1815.0,1925.0,1780.0,1895.0,621000
2022-07-25,1805.0,1805.0,1810.0,1745.0,1795.0,359000
2022-07-26,1730.0,1730.0,1800.0,1720.0,1800.0,378000
2022-07-27,1860.0,1860.0,1875.0,1710.0,1720.0,690000
2022-07-28,1835.0,1835.0,1915.0,1835.0,1905.0,641000
2022-07-29,1925.0,1925.0,1950.0,1865.0,1885.0,645000
2022-08-01,1825.0,1825.0,1925.0,1815.0,1925.0,394000
2022-08-02,1775.0,1775.0,1800.0,1750.0,1765.0,426000
2022-08-03,1805.0,1805.0,1900.0,1770.0,1785.0,578000
2022-08-04,1760.0,1760.0,1835.0,1720.0,1795.0,551000
2022-08-05,1890.0,1890.0,1890.0,1810.0,1810.0,394000
2022-08-08,1795.0,1795.0,1835.0,1770.0,1805.0,590000
2022-08-09,1725.0,1725.0,1805.0,1715.0,1795.0,788000
2022-08-10,1585.0,1585.0,1690.0,1585.0,1690.0,779000
2022-08-11,1650.0,1650.0,1685.0,1615.0,1670.0,982000
2022-08-12,1755.0,1755.0,1765.0,1640.0,1660.0,852000
2022-08-15,1930.0,1930.0,1930.0,1770.0,1800.0,977000
2022-08-16,1925.0,1925.0,1995.0,1920.0,1930.0,914000
2022-08-17,1910.0,1910.0,1980.0,1910.0,1940.0,574000
2022-08-18,1935.0,1935.0,1950.0,1865.0,1900.0,526000
2022-08-19,1960.0,1960.0,2020.0,1950.0,1970.0,971000
2022-08-22,1835.0,1835.0,1915.0,1835.0,1915.0,628000
2022-08-23,1865.0,1865.0,1870.0,1795.0,1805.0,541000
2022-08-24,1980.0,1980.0,2050.0,1900.0,1900.0,1534000
2022-08-25,1970.0,1970.0,2065.0,1970.0,2035.0,957000
2022-08-26,2150.0,2150.0,2150.0,2015.0,2040.0,1048000
2022-08-29,2040.0,2040.0,2060.0,2000.0,2010.0,681000
2022-08-30,2045.0,2045.0,2120.0,2035.0,2075.0,592000
2022-08-31,2035.0,2035.0,2085.0,2030.0,2050.0,305000
2022-09-01,1965.0,1965.0,2040.0,1960.0,1995.0,442000
2022-09-02,1875.0,1875.0,2000.0,1875.0,2000.0,762000
2022-09-05,1865.0,1865.0,1910.0,1840.0,1890.0,531000
2022-09-06,1825.0,1825.0,1920.0,1820.0,1900.0,415000
2022-09-07,1870.0,1870.0,1910.0,1750.0,1775.0,658000
2022-09-08,1975.0,1975.0,1990.0,1895.0,1910.0,685000
2022-09-12,2025.0,2025.0,2060.0,1995.0,2005.0,529000
2022-09-13,2120.0,2120.0,2125.0,2040.0,2040.0,753000
2022-09-14,2105.0,2105.0,2115.0,2015.0,2025.0,576000
2022-09-15,2075.0,2075.0,2150.0,2075.0,2135.0,404000
2022-09-16,1965.0,1965.0,2085.0,1965.0,2075.0,487000
2022-09-19,1860.0,1860.0,1990.0,1850.0,1980.0,807000
2022-09-20,1955.0,1955.0,1970.0,1905.0,1905.0,515000
2022-09-21,1940.0,1940.0,1975.0,1900.0,1925.0,524000
2022-09-22,1890.0,1890.0,1920.0,1880.0,1890.0,603000
2022-09-23,1775.0,1775.0,1935.0,1775.0,1910.0,738000
2022-09-26,1680.0,1680.0,1765.0,1660.0,1740.0,931000
2022-09-27,1735.0,1735.0,1740.0,1670.0,1720.0,590000
2022-09-28,1635.0,1635.0,1740.0,1620.0,1740.0,770000
2022-09-29,1650.0,1650.0,1760.0,1650.0,1710.0,744000
2022-09-30,1780.0,1780.0,1780.0,1555.0,1585.0,966000
2022-10-03,1700.0,1700.0,1760.0,1695.0,1750.0,569000
2022-10-04,1815.0,1815.0,1825.0,1760.0,1780.0,644000
2022-10-05,1930.0,1930.0,1985.0,1865.0,1865.0,901000
2022-10-06,1905.0,1905.0,1980.0,1885.0,1965.0,497000
2022-10-07,1790.0,1790.0,1895.0,1780.0,1880.0,668000
2022-10-11,1665.0,1665.0,1750.0,1650.0,1700.0,866000
2022-10-12,1685.0,1685.0,1730.0,1585.0,1655.0,959000
2022-10-13,1665.0,1665.0,1745.0,1660.0,1700.0,760000
2022-10-14,1690.0,1690.0,1790.0,1690.0,1765.0,589000
2022-10-17,1660.0,1660.0,1660.0,1585.0,1640.0,597000
2022-10-18,1620.0,1620.0,1735.0,1610.0,1730.0,646000
2022-10-19,1585.0,1585.0,1635.0,1585.0,1615.0,598000
2022-10-20,1620.0,1620.0,1635.0,1540.0,1570.0,666000
2022-10-21,1540.0,1540.0,1640.0,1540.0,1600.0,479000
2022-10-24,1510.0,1510.0,1620.0,1510.0,1610.0,502000
2022-10-25,1465.0,1465.0,1535.0,1465.0,1510.0,635000
2022-10-26,1490.0,1490.0,1525.0,1445.0,1485.0,1154000
2022-10-27,1635.0,1635.0,1635.0,1555.0,1575.0,939000
2022-10-28,1685.0,1685.0,1695.0,1605.0,1620.0,954000
2022-10-31,1680.0,1680.0,1725.0,1660.0,1720.0,726000
2022-11-01,1735.0,1735.0,1770.0,1690.0,1690.0,731000
2022-11-02,1790.0,1790.0,1790.0,1715.0,1735.0,581000
2022-11-03,1805.0,1805.0,1810.0,1725.0,1740.0,631000
2022-11-04,1970.0,1970.0,1980.0,1780.0,1785.0,857000
2022-11-07,2025.0,2025.0,2080.0,1985.0,2000.0,787000
2022-11-08,1920.0,1920.0,2100.0,1910.0,2080.0,974000
2022-11-09,1900.0,1900.0,1970.0,1890.0,1965.0,612000
2022-11-10,1955.0,1955.0,1975.0,1870.0,1870.0,602000
2022-11-11,2135.0,2135.0,2150.0,2045.0,2120.0,1126000
2022-11-14,2220.0,2220.0,2235.0,2135.0,2135.0,733000
2022-11-15,2180.0,2180.0,2230.0,2150.0,2220.0,533000
2022-11-16,2145.0,2145.0,2215.0,2110.0,2190.0,576000
2022-11-17,2165.0,2165.0,2185.0,2125.0,2135.0,767000
2022-11-18,2170.0,2170.0,2210.0,2130.0,2175.0,733000
2022-11-21,2145.0,2145.0,2180.0,2130.0,2180.0,414000
2022-11-22,2185.0,2185.0,2215.0,2135.0,2160.0,542000
2022-11-23,2130.0,2130.0,2240.0,2130.0,2230.0,583000
2022-11-24,2170.0,2170.0,2175.0,2135.0,2165.0,291000
2022-11-25,2095.0,2095.0,2185.0,2095.0,2170.0,402000
2022-11-28,2120.0,2120.0,2155.0,2060.0,2060.0,314000
2022-11-29,2150.0,2150.0,2150.0,2080.0,2130.0,252000
2022-11-30,2085.0,2085.0,2190.0,2085.0,2160.0,439000
2022-12-01,2205.0,2205.0,2250.0,2150.0,2155.0,964000
2022-12-02,2280.0,2280.0,2315.0,2175.0,2210.0,757000
2022-12-05,2135.0,2135.0,2310.0,2125.0,2310.0,742000
2022-12-06,2070.0,2070.0,2160.0,2010.0,2135.0,879000
2022-12-07,2000.0,2000.0,2085.0,2000.0,2070.0,498000
2022-12-08,2010.0,2010.0,2035.0,1980.0,2010.0,521000
2022-12-09,1985.0,1985.0,2045.0,1975.0,2040.0,412000
2022-12-12,1985.0,1985.0,1985.0,1920.0,1985.0,499000
2022-12-13,1950.0,1950.0,2030.0,1950.0,2030.0,401000
2022-12-14,2040.0,2040.0,2040.0,1970.0,1980.0,406000
2022-12-15,2000.0,2000.0,2060.0,1990.0,2060.0,453000
2022-12-16,2010.0,2010.0,2010.0,1940.0,1950.0,303000
2022-12-19,1970.0,1970.0,2000.0,1950.0,2000.0,212000
2022-12-20,1875.0,1875.0,1990.0,1870.0,1960.0,355000
2022-12-21,1820.0,1820.0,1920.0,1810.0,1905.0,532000
2022-12-22,1815.0,1815.0,1880.0,1810.0,1870.0,400000
2022-12-23,1830.0,1830.0,1830.0,1765.0,1785.0,307000
2022-12-26,1785.0,1785.0,1830.0,1750.0,1830.0,322000
2022-12-27,1790.0,1790.0,1825.0,1775.0,1805.0,182000
2022-12-28,1710.0,1710.0,1760.0,1695.0,1755.0,362000
2022-12-29,1720.0,1720.0,1725.0,1685.0,1690.0,272000
2022-12-30,1685.0,1685.0,1750.0,1685.0,1740.0,328000
2023-01-03,1740.0,1740.0,1745.0,1700.0,1700.0,298000
2023-01-04,1755.0,1755.0,1775.0,1720.0,1740.0,277000
2023-01-05,1765.0,1765.0,1815.0,1750.0,1790.0,536000
2023-01-06,1830.0,1830.0,1830.0,1760.0,1780.0,265000
2023-01-09,1910.0,1910.0,1910.0,1870.0,1900.0,380000
2023-01-10,2020.0,2020.0,2045.0,1930.0,1935.0,958000
2023-01-11,2020.0,2020.0,2025.0,1940.0,1980.0,806000
2023-01-12,1965.0,1965.0,2020.0,1965.0,2000.0,388000
2023-01-13,1935.0,1935.0,2020.0,1930.0,1970.0,414000
2023-01-16,1940.0,1940.0,1970.0,1920.0,1960.0,266000
2023-01-17,1960.0,1960.0,1975.0,1915.0,1940.0,183000
2023-01-30,2045.0,2045.0,2055.0,1995.0,2010.0,713000
2023-01-31,2100.0,2100.0,2100.0,2020.0,2020.0,409000
2023-02-01,2160.0,2160.0,2165.0,2110.0,2145.0,526000
2023-02-02,2275.0,2275.0,2320.0,2175.0,2175.0,896000
2023-02-03,2500.0,2500.0,2500.0,2270.0,2275.0,940000
2023-02-06,2390.0,2390.0,2485.0,2320.0,2485.0,989000
2023-02-07,2355.0,2355.0,2450.0,2330.0,2330.0,1222000
2023-02-08,2345.0,2345.0,2450.0,2340.0,2400.0,714000
2023-02-09,2230.0,2230.0,2370.0,2220.0,2370.0,729000
2023-02-10,2225.0,2225.0,2275.0,2195.0,2240.0,403000
2023-02-13,2175.0,2175.0,2265.0,2175.0,2220.0,381000
2023-02-14,2210.0,2210.0,2280.0,2180.0,2210.0,629000
2023-02-15,2235.0,2235.0,2235.0,2185.0,2200.0,440000
2023-02-16,2370.0,2370.0,2390.0,2265.0,2270.0,814000
2023-02-17,2280.0,2280.0,2370.0,2280.0,2370.0,413000
2023-02-20,2240.0,2240.0,2335.0,2230.0,2300.0,409000
2023-02-21,2460.0,2460.0,2460.0,2295.0,2330.0,1062000
2023-02-22,2400.0,2400.0,2470.0,2355.0,2450.0,712000
2023-02-23,2595.0,2595.0,2625.0,2445.0,2450.0,853000
2023-02-24,2795.0,2795.0,2850.0,2610.0,2610.0,1211000
2023-03-01,2965.0,2965.0,3020.0,2780.0,2800.0,971000
2023-03-02,2775.0,2775.0,2860.0,2750.0,2850.0,695000
2023-03-03,2720.0,2720.0,2920.0,2685.0,2780.0,816000
2023-03-06,2670.0,2670.0,2810.0,2655.0,2800.0,696000
2023-03-07,2565.0,2565.0,2665.0,2535.0,2610.0,1240000
2023-03-08,2510.0,2510.0,2590.0,2510.0,2565.0,691000
2023-03-09,2625.0,2625.0,2635.0,2530.0,2545.0,896000
2023-03-10,2690.0,2690.0,2690.0,2545.0,2545.0,679000
2023-03-13,2655.0,2655.0,2740.0,2645.0,2685.0,575000
2023-03-14,2665.0,2665.0,2725.0,2640.0,2655.0,440000
2023-03-15,2660.0,2660.0,2800.0,2655.0,2770.0,515000
2023-03-16,2660.0,2660.0,2670.0,2575.0,2640.0,538000
2023-03-17,2720.0,2720.0,2760.0,2685.0,2740.0,528000
2023-03-20,2785.0,2785.0,2790.0,2705.0,2750.0,478000
2023-03-21,2705.0,2705.0,2835.0,2705.0,2825.0,410000
2023-03-22,2800.0,2800.0,2830.0,2750.0,2750.0,663000
2023-03-23,2870.0,2870.0,2885.0,2760.0,2815.0,620000
2023-03-24,2900.0,2900.0,2990.0,2815.0,2970.0,740000
2023-03-27,2820.0,2820.0,2935.0,2820.0,2935.0,342000
2023-03-28,2835.0,2835.0,2900.0,2810.0,2845.0,306000
2023-03-29,2710.0,2710.0,2890.0,2665.0,2870.0,470000
2023-03-30,2715.0,2715.0,2795.0,2715.0,2790.0,276000
2023-03-31,2635.0,2635.0,2760.0,2600.0,2755.0,939000
2023-04-06,2600.0,2600.0,2645.0,2520.0,2600.0,666000
2023-04-07,2750.0,2750.0,2795.0,2570.0,2600.0,782000
2023-04-10,2840.0,2840.0,2845.0,2760.0,2790.0,521000
2023-04-11,2935.0,2935.0,2940.0,2840.0,2860.0,696000
2023-04-12,2830.0,2830.0,2925.0,2805.0,2900.0,676000
2023-04-13,2765.0,2765.0,2830.0,2765.0,2830.0,414000
2023-04-14,2755.0,2755.0,2830.0,2755.0,2830.0,342000
2023-04-17,2815.0,2815.0,2840.0,2735.0,2760.0,283000
2023-04-18,2775.0,2775.0,2845.0,2760.0,2815.0,222000
2023-04-19,2655.0,2655.0,2790.0,2655.0,2750.0,458000
2023-04-20,2635.0,2635.0,2705.0,2635.0,2660.0,329000
2023-04-21,2610.0,2610.0,2690.0,2575.0,2660.0,352000
2023-04-24,2650.0,2650.0,2660.0,2560.0,2600.0,288000
2023-04-25,2590.0,2590.0,2705.0,2580.0,2675.0,513000
2023-04-26,2700.0,2700.0,2710.0,2560.0,2585.0,441000
2023-04-27,2640.0,2640.0,2720.0,2630.0,2705.0,291000
2023-04-28,2615.0,2615.0,2705.0,2615.0,2685.0,251000
2023-05-02,2815.0,2815.0,2830.0,2635.0,2645.0,587000
2023-05-03,2785.0,2785.0,2810.0,2700.0,2810.0,356000
2023-05-04,2825.0,2825.0,2840.0,2750.0,2785.0,516000
2023-05-05,2765.0,2765.0,2865.0,2765.0,2830.0,348000
2023-05-08,2880.0,2880.0,2890.0,2800.0,2820.0,472000
2023-05-09,2805.0,2805.0,2835.0,2690.0,2800.0,788000
2023-05-10,2715.0,2715.0,2805.0,2680.0,2805.0,547000
2023-05-11,2655.0,2655.0,2780.0,2655.0,2740.0,560000
2023-05-12,2715.0,2715.0,2730.0,2625.0,2660.0,418000
2023-05-15,2730.0,2730.0,2740.0,2635.0,2695.0,408000
2023-05-16,2750.0,2750.0,2795.0,2735.0,2770.0,381000
2023-05-17,2805.0,2805.0,2820.0,2745.0,2750.0,309000
2023-05-18,2875.0,2875.0,2900.0,2855.0,2855.0,340000
2023-05-19,2910.0,2910.0,2920.0,2840.0,2895.0,452000
2023-05-22,2765.0,2765.0,2925.0,2765.0,2900.0,396000
2023-05-23,2715.0,2715.0,2795.0,2715.0,2795.0,389000
2023-05-24,2700.0,2700.0,2735.0,2665.0,2705.0,351000
2023-05-25,2760.0,2760.0,2840.0,2745.0,2795.0,731000
2023-05-26,3035.0,3035.0,3035.0,2815.0,2830.0,909000
2023-05-29,3105.0,3105.0,3270.0,3105.0,3160.0,811000
2023-05-30,3150.0,3150.0,3190.0,3065.0,3135.0,298000
2023-05-31,2880.0,2880.0,3150.0,2840.0,3140.0,898000
2023-06-01,2885.0,2885.0,2895.0,2815.0,2870.0,499000
2023-06-02,2865.0,2865.0,2950.0,2855.0,2925.0,337000
2023-06-05,2860.0,2860.0,2895.0,2835.0,2840.0,258000
2023-06-06,2820.0,2820.0,2855.0,2775.0,2855.0,353000
2023-06-07,2820.0,2820.0,2860.0,2785.0,2835.0,215000
2023-06-08,2540.0,2540.0,2730.0,2540.0,2715.0,880000
2023-06-09,2530.0,2530.0,2580.0,2510.0,2520.0,678000
2023-06-12,2590.0,2590.0,2645.0,2550.0,2550.0,490000
2023-06-13,2720.0,2720.0,2790.0,2645.0,2670.0,697000
2023-06-14,2675.0,2675.0,2765.0,2670.0,2765.0,257000
2023-06-15,2720.0,2720.0,2770.0,2680.0,2680.0,548000
2023-06-16,2805.0,2805.0,2840.0,2740.0,2740.0,348000
2023-06-19,2770.0,2770.0,2815.0,2755.0,2795.0,211000
2023-06-20,2875.0,2875.0,2910.0,2810.0,2815.0,536000
2023-06-21,2830.0,2830.0,2925.0,2800.0,2870.0,467000
2023-06-26,2890.0,2890.0,2980.0,2780.0,2790.0,588000
2023-06-27,2790.0,2790.0,2925.0,2790.0,2880.0,348000
2023-06-28,2700.0,2700.0,2905.0,2685.0,2850.0,601000
2023-06-29,2725.0,2725.0,2770.0,2690.0,2760.0,295000
2023-06-30,2850.0,2850.0,2880.0,2700.0,2700.0,591000
2023-07-03,2895.0,2895.0,2945.0,2870.0,2945.0,407000
2023-07-04,2830.0,2830.0,2975.0,2815.0,2915.0,487000
2023-07-05,2800.0,2800.0,2845.0,2750.0,2830.0,294000
2023-07-06,2795.0,2795.0,2815.0,2760.0,2785.0,197000
2023-07-07,2795.0,2795.0,2880.0,2730.0,2730.0,348000
2023-07-10,2545.0,2545.0,2780.0,2520.0,2765.0,1118000
2023-07-11,2515.0,2515.0,2585.0,2445.0,2585.0,916000
2023-07-12,2360.0,2360.0,2530.0,2310.0,2530.0,1521000
2023-07-13,2350.0,2350.0,2440.0,2335.0,2400.0,1379000
2023-07-14,2440.0,2440.0,2470.0,2375.0,2375.0,798000
2023-07-17,2470.0,2470.0,2500.0,2355.0,2455.0,553000
2023-07-18,2550.0,2550.0,2580.0,2495.0,2500.0,792000
2023-07-19,2525.0,2525.0,2625.0,2525.0,2575.0,619000
2023-07-20,2535.0,2535.0,2545.0,2430.0,2525.0,527000
2023-07-21,2500.0,2500.0,2505.0,2460.0,2490.0,622000
2023-07-24,2485.0,2485.0,2530.0,2450.0,2520.0,359000
2023-07-25,2515.0,2515.0,2565.0,2500.0,2515.0,334000
2023-07-26,2470.0,2470.0,2550.0,2465.0,2525.0,423000
2023-07-27,2405.0,2405.0,2510.0,2385.0,2470.0,581000
2023-07-28,2490.0,2490.0,2495.0,2350.0,2405.0,347000
2023-07-31,2320.0,2320.0,2515.0,2315.0,2505.0,495000
2023-08-01,2250.0,2250.0,2375.0,2240.0,2375.0,699000
2023-08-02,2230.0,2230.0,2315.0,2205.0,2275.0,634000
2023-08-04,2195.0,2195.0,2230.0,2145.0,2160.0,588000
2023-08-07,2130.0,2130.0,2210.0,2095.0,2210.0,856000
2023-08-08,2155.0,2155.0,2190.0,2080.0,2145.0,724000
2023-08-09,2280.0,2280.0,2295.0,2135.0,2135.0,544000
2023-08-10,2185.0,2185.0,2340.0,2175.0,2265.0,617000
2023-08-11,2170.0,2170.0,2250.0,2120.0,2250.0,347000
2023-08-14,2140.0,2140.0,2175.0,2110.0,2155.0,290000
2023-08-15,2100.0,2100.0,2215.0,2070.0,2160.0,443000
2023-08-16,2125.0,2125.0,2140.0,2090.0,2100.0,229000
2023-08-17,2275.0,2275.0,2330.0,2100.0,2125.0,672000
2023-08-18,2325.0,2325.0,2360.0,2265.0,2275.0,489000
2023-08-21,2345.0,2345.0,2385.0,2300.0,2370.0,416000
2023-08-22,2355.0,2355.0,2400.0,2350.0,2370.0,319000
2023-08-23,2315.0,2315.0,2370.0,2220.0,2370.0,538000
2023-08-24,2465.0,2465.0,2525.0,2390.0,2395.0,903000
2023-08-25,2385.0,2385.0,2445.0,2380.0,2435.0,339000
2023-08-28,2590.0,2590.0,2590.0,2400.0,2465.0,619000
2023-08-29,2560.0,2560.0,2620.0,2535.0,2600.0,389000
2023-08-30,2630.0,2630.0,2685.0,2600.0,2600.0,994000
2023-08-31,2700.0,2700.0,2700.0,2520.0,2660.0,727000
2023-09-01,2550.0,2550.0,2740.0,2550.0,2700.0,717000
2023-09-04,2620.0,2620.0,2630.0,2520.0,2560.0,505000
2023-09-05,2640.0,2640.0,2645.0,2580.0,2600.0,347000
2023-09-06,2640.0,2640.0,2690.0,2615.0,2640.0,365000
2023-09-07,2655.0,2655.0,2660.0,2585.0,2600.0,185000
2023-09-08,2535.0,2535.0,2635.0,2535.0,2610.0,255000
2023-09-11,2490.0,2490.0,2565.0,2465.0,2545.0,326000
2023-09-12,2635.0,2635.0,2650.0,2505.0,2505.0,530000
2023-09-13,2740.0,2740.0,2760.0,2615.0,2640.0,778000
2023-09-14,2770.0,2770.0,2855.0,2740.0,2765.0,812000
2023-09-15,2815.0,2815.0,2840.0,2760.0,2795.0,389000
2023-09-18,2690.0,2690.0,2805.0,2690.0,2760.0,307000
2023-09-19,2775.0,2775.0,2865.0,2720.0,2745.0,745000
2023-09-20,2630.0,2630.0,2765.0,2630.0,2765.0,551000
2023-09-21,2585.0,2585.0,2600.0,2510.0,2585.0,389000
2023-09-22,2560.0,2560.0,2625.0,2520.0,2520.0,335000
2023-09-25,2590.0,2590.0,2715.0,2560.0,2560.0,548000
2023-09-26,2710.0,2710.0,2710.0,2575.0,2585.0,609000
2023-09-27,2635.0,2635.0,2715.0,2610.0,2710.0,389000
2023-09-28,2765.0,2765.0,2800.0,2675.0,2675.0,777000
2023-10-02,2765.0,2765.0,2850.0,2755.0,2810.0,478000
2023-10-03,2725.0,2725.0,2815.0,2705.0,2790.0,511000
2023-10-04,2750.0,2750.0,2750.0,2685.0,2700.0,241000
2023-10-05,2825.0,2825.0,2860.0,2785.0,2800.0,572000
2023-10-06,2840.0,2840.0,2870.0,2770.0,2865.0,290000
2023-10-11,3035.0,3035.0,3035.0,2860.0,2920.0,1027000
2023-10-12,2885.0,2885.0,3005.0,2865.0,3000.0,851000
2023-10-13,2875.0,2875.0,2980.0,2850.0,2895.0,606000
2023-10-16,2870.0,2870.0,2915.0,2815.0,2875.0,263000
2023-10-17,2820.0,2820.0,2945.0,2820.0,2945.0,308000
2023-10-18,2775.0,2775.0,2865.0,2705.0,2865.0,357000
2023-10-19,2895.0,2895.0,2895.0,2720.0,2770.0,427000
2023-10-20,2860.0,2860.0,2875.0,2810.0,2830.0,393000
2023-10-23,2830.0,2830.0,2900.0,2770.0,2860.0,263000
2023-10-24,2730.0,2730.0,2850.0,2670.0,2845.0,539000
2023-10-25,2715.0,2715.0,2780.0,2710.0,2740.0,495000
2023-10-26,2595.0,2595.0,2660.0,2595.0,2630.0,333000
2023-10-27,2730.0,2730.0,2740.0,2620.0,2620.0,450000
2023-10-30,2705.0,2705.0,2760.0,2660.0,2725.0,327000
2023-10-31,2570.0,2570.0,2785.0,2570.0,2720.0,529000
2023-11-01,2645.0,2645.0,2675.0,2590.0,2630.0,368000
2023-11-02,2655.0,2655.0,2735.0,2655.0,2700.0,396000
2023-11-03,2625.0,2625.0,2705.0,2615.0,2700.0,214000
2023-11-06,2735.0,2735.0,2750.0,2660.0,2675.0,341000
2023-11-07,2730.0,2730.0,2760.0,2695.0,2755.0,336000
2023-11-08,2850.0,2850.0,2910.0,2825.0,2850.0,966000
2023-11-09,2840.0,2840.0,2870.0,2805.0,2870.0,288000
2023-11-10,2810.0,2810.0,2850.0,2785.0,2830.0,173000
2023-11-13,2835.0,2835.0,2910.0,2825.0,2845.0,378000
2023-11-14,2920.0,2920.0,2940.0,2870.0,2875.0,579000
2023-11-15,2845.0,2845.0,3005.0,2820.0,2995.0,587000
2023-11-16,2865.0,2865.0,2885.0,2795.0,2885.0,354000
2023-11-17,2910.0,2910.0,2955.0,2860.0,2865.0,415000
2023-11-20,2865.0,2865.0,2945.0,2850.0,2945.0,204000
2023-11-21,2850.0,2850.0,2920.0,2815.0,2920.0,303000
2023-11-22,2870.0,2870.0,2880.0,2835.0,2850.0,128000
2023-11-23,2835.0,2835.0,2885.0,2805.0,2885.0,187000
2023-11-24,2820.0,2820.0,2850.0,2820.0,2840.0,148000
2023-11-27,2800.0,2800.0,2850.0,2775.0,2845.0,251000
2023-11-28,2930.0,2930.0,2950.0,2855.0,2865.0,591000
2023-11-29,2945.0,2945.0,2945.0,2850.0,2940.0,408000
2023-11-30,2945.0,2945.0,3005.0,2920.0,2960.0,429000
2023-12-01,2885.0,2885.0,2945.0,2865.0,2940.0,317000
2023-12-04,2840.0,2840.0,2915.0,2835.0,2915.0,205000
2023-12-05,2810.0,2810.0,2855.0,2800.0,2840.0,173000
2023-12-06,2815.0,2815.0,2880.0,2805.0,2845.0,306000
2023-12-07,2940.0,2940.0,2940.0,2800.0,2815.0,505000
2023-12-08,2925.0,2925.0,2985.0,2915.0,2955.0,327000
2023-12-11,3040.0,3040.0,3065.0,2960.0,2960.0,644000
2023-12-12,3115.0,3115.0,3130.0,2985.0,3010.0,454000
2023-12-13,3140.0,3140.0,3170.0,3045.0,3095.0,264000
2023-12-14,3075.0,3075.0,3190.0,3055.0,3180.0,293000
2023-12-15,3100.0,3100.0,3135.0,3030.0,3110.0,394000
2023-12-18,3035.0,3035.0,3110.0,3020.0,3090.0,196000
2023-12-19,3000.0,3000.0,3070.0,2990.0,3055.0,159000
2023-12-20,2985.0,2985.0,3030.0,2980.0,3020.0,168000
2023-12-21,3050.0,3050.0,3050.0,2960.0,2960.0,122000
2023-12-22,3090.0,3090.0,3090.0,3025.0,3035.0,115000
2023-12-25,3110.0,3110.0,3140.0,3085.0,3100.0,95000
2023-12-26,3125.0,3125.0,3135.0,3100.0,3125.0,73000
2023-12-27,3160.0,3160.0,3165.0,3050.0,3140.0,242000
2023-12-28,3090.0,3090.0,3160.0,3085.0,3160.0,128000
2023-12-29,3120.0,3120.0,3130.0,3060.0,3130.0,101000
2024-01-02,2965.0,2965.0,3120.0,2965.0,3095.0,348000
2024-01-03,2915.0,2915.0,2995.0,2900.0,2955.0,301000
2024-01-04,2860.0,2860.0,2925.0,2855.0,2900.0,226000
2024-01-05,3000.0,3000.0,3010.0,2870.0,2870.0,397000
2024-01-08,3040.0,3040.0,3060.0,2960.0,3000.0,264000
2024-01-09,2980.0,2980.0,3130.0,2980.0,3050.0,352000
2024-01-10,3020.0,3020.0,3030.0,2965.0,2965.0,211000
2024-01-11,3130.0,3130.0,3130.0,3000.0,3020.0,417000
2024-01-12,3025.0,3025.0,3095.0,3025.0,3095.0,203000
2024-01-15,2975.0,2975.0,3050.0,2970.0,3040.0,262000
2024-01-16,2960.0,2960.0,3000.0,2940.0,2945.0,252000
2024-01-17,2855.0,2855.0,2960.0,2850.0,2960.0,278000
2024-01-18,2930.0,2930.0,2960.0,2865.0,2865.0,201000
2024-01-19,3030.0,3030.0,3080.0,2995.0,2995.0,484000
2024-01-22,3045.0,3045.0,3080.0,3030.0,3050.0,203000
2024-01-23,3075.0,3075.0,3115.0,3045.0,3045.0,201000
2024-01-24,3080.0,3080.0,3110.0,3030.0,3080.0,188000
2024-01-25,3085.0,3085.0,3135.0,3065.0,3100.0,159000
2024-01-26,2905.0,2905.0,3050.0,2905.0,3050.0,605000
2024-01-29,3025.0,3025.0,3040.0,2920.0,2950.0,411000
2024-01-30,3260.0,3260.0,3325.0,3030.0,3030.0,900000
2024-01-31,3085.0,3085.0,3225.0,3015.0,3200.0,627000
2024-02-01,3030.0,3030.0,3110.0,3010.0,3110.0,324000
2024-02-02,3060.0,3060.0,3110.0,3020.0,3070.0,330000
2024-02-05,3035.0,3035.0,3065.0,2985.0,3060.0,381000
2024-02-15,3100.0,3100.0,3145.0,3040.0,3090.0,483000
2024-02-16,3060.0,3060.0,3140.0,3020.0,3110.0,267000
2024-02-19,3035.0,3035.0,3110.0,2980.0,3075.0,392000
2024-02-20,3030.0,3030.0,3050.0,2965.0,3010.0,484000
2024-02-21,2765.0,2765.0,3000.0,2760.0,2975.0,1315000
2024-02-22,2660.0,2660.0,2815.0,2660.0,2795.0,1354000
2024-02-23,2660.0,2660.0,2770.0,2660.0,2720.0,1053000
2024-02-26,2795.0,2795.0,2810.0,2685.0,2685.0,521000
2024-02-27,2700.0,2700.0,2815.0,2695.0,2810.0,520000
2024-02-29,2735.0,2735.0,2750.0,2655.0,2690.0,467000
2024-03-01,2865.0,2865.0,2885.0,2760.0,2760.0,652000
2024-03-04,2870.0,2870.0,2935.0,2830.0,2910.0,362000
2024-03-05,2930.0,2930.0,2970.0,2905.0,2925.0,481000
2024-03-06,2945.0,2945.0,2960.0,2845.0,2930.0,394000
2024-03-07,2960.0,2960.0,3030.0,2930.0,2985.0,403000
2024-03-08,2925.0,2925.0,3000.0,2850.0,3000.0,357000
2024-03-11,2920.0,2920.0,2925.0,2800.0,2915.0,386000
2024-03-12,2735.0,2735.0,2945.0,2700.0,2915.0,749000
2024-03-13,2640.0,2640.0,2785.0,2640.0,2735.0,640000
2024-03-14,2755.0,2755.0,2790.0,2605.0,2655.0,593000
2024-03-15,2770.0,2770.0,2825.0,2690.0,2705.0,547000
2024-03-18,2955.0,2955.0,2990.0,2865.0,2890.0,996000
2024-03-19,2845.0,2845.0,2915.0,2770.0,2900.0,682000
2024-03-20,2845.0,2845.0,2890.0,2830.0,2835.0,343000
2024-03-21,2835.0,2835.0,2890.0,2795.0,2885.0,486000
2024-03-22,2915.0,2915.0,2925.0,2825.0,2835.0,434000
2024-03-25,2890.0,2890.0,2950.0,2885.0,2915.0,212000
2024-03-26,2925.0,2925.0,2950.0,2885.0,2905.0,323000
2024-03-27,3215.0,3215.0,3215.0,3090.0,3100.0,1419000
2024-03-28,3330.0,3330.0,3380.0,3110.0,3185.0,908000
2024-03-29,3330.0,3330.0,3460.0,3305.0,3330.0,574000
2024-04-01,3350.0,3350.0,3385.0,3245.0,3350.0,521000
2024-04-02,3330.0,3330.0,3390.0,3270.0,3340.0,364000
2024-04-03,3405.0,3405.0,3480.0,3270.0,3270.0,464000
2024-04-08,3405.0,3405.0,3485.0,3300.0,3435.0,523000
2024-04-09,3225.0,3225.0,3410.0,3140.0,3395.0,543000
2024-04-10,3185.0,3185.0,3255.0,3160.0,3160.0,379000
2024-04-11,3170.0,3170.0,3225.0,3100.0,3175.0,351000
2024-04-12,3170.0,3170.0,3235.0,3165.0,3165.0,156000
2024-04-15,3115.0,3115.0,3180.0,3050.0,3110.0,251000
2024-04-16,3015.0,3015.0,3065.0,3005.0,3065.0,181000
2024-04-17,3160.0,3160.0,3215.0,3015.0,3015.0,371000
2024-04-18,3220.0,3220.0,3235.0,3130.0,3160.0,251000
2024-04-19,3000.0,3000.0,3160.0,2965.0,3160.0,478000
2024-04-22,2980.0,2980.0,3095.0,2970.0,3000.0,400000
2024-04-23,2900.0,2900.0,3025.0,2895.0,3010.0,388000
2024-04-24,3000.0,3000.0,3030.0,2935.0,2965.0,349000
2024-04-25,2890.0,2890.0,2965.0,2840.0,2920.0,270000
2024-04-26,3020.0,3020.0,3070.0,2895.0,2955.0,375000
2024-04-29,3140.0,3140.0,3220.0,3060.0,3060.0,490000
2024-04-30,3085.0,3085.0,3145.0,3060.0,3120.0,198000
2024-05-02,3130.0,3130.0,3160.0,3015.0,3040.0,134000
2024-05-03,3235.0,3235.0,3310.0,3170.0,3200.0,458000
2024-05-06,3280.0,3280.0,3360.0,3250.0,3250.0,413000
2024-05-07,3275.0,3275.0,3375.0,3055.0,3345.0,913000
2024-05-08,3170.0,3170.0,3335.0,3160.0,3275.0,371000
2024-05-09,3100.0,3100.0,3195.0,3045.0,3170.0,266000
2024-05-10,3010.0,3010.0,3145.0,3010.0,3110.0,236000
2024-05-13,3125.0,3125.0,3135.0,2940.0,3050.0,345000
2024-05-14,3205.0,3205.0,3210.0,3125.0,3130.0,232000
2024-05-15,3185.0,3185.0,3240.0,3175.0,3175.0,271000
2024-05-16,3410.0,3410.0,3415.0,3220.0,3245.0,728000
2024-05-17,3415.0,3415.0,3445.0,3360.0,3390.0,415000
2024-05-20,3310.0,3310.0,3405.0,3270.0,3405.0,265000
2024-05-21,3120.0,3120.0,3260.0,3120.0,3255.0,430000
2024-05-22,3300.0,3300.0,3325.0,3130.0,3145.0,463000
2024-05-23,3360.0,3360.0,3360.0,3270.0,3270.0,309000
2024-05-24,3695.0,3695.0,3695.0,3360.0,3360.0,487000
2024-05-27,3830.0,3830.0,3990.0,3810.0,3810.0,754000
2024-05-28,3880.0,3880.0,3925.0,3830.0,3835.0,469000
2024-05-29,3815.0,3815.0,3965.0,3755.0,3865.0,431000
2024-05-30,3750.0,3750.0,3780.0,3660.0,3750.0,268000
2024-05-31,3645.0,3645.0,3820.0,3630.0,3760.0,286000
2024-06-03,3820.0,3820.0,3880.0,3685.0,3685.0,413000
2024-06-04,3780.0,3780.0,3905.0,3750.0,3840.0,491000
2024-06-05,4090.0,4090.0,4120.0,3805.0,3865.0,755000
2024-06-06,4300.0,4300.0,4465.0,4210.0,4250.0,749000
2024-06-07,4290.0,4290.0,4365.0,4175.0,4300.0,528000
2024-06-11,4715.0,4715.0,4715.0,4320.0,4360.0,623000
2024-06-12,4675.0,4675.0,5075.0,4590.0,5075.0,673000
2024-06-13,4675.0,4675.0,4775.0,4640.0,4690.0,362000
2024-06-14,4740.0,4740.0,4755.0,4610.0,4650.0,423000
2024-06-17,4590.0,4590.0,4815.0,4520.0,4740.0,455000
2024-06-18,4700.0,4700.0,4700.0,4610.0,4640.0,347000
2024-06-19,4890.0,4890.0,4900.0,4705.0,4705.0,446000
2024-06-20,4985.0,4985.0,5050.0,4835.0,4835.0,378000
2024-06-21,4965.0,4965.0,5065.0,4890.0,4900.0,283000
2024-06-24,4740.0,4740.0,4955.0,4700.0,4955.0,354000
2024-06-25,4770.0,4770.0,4860.0,4620.0,4845.0,334000
2024-06-26,4950.0,4950.0,4980.0,4705.0,4705.0,408000
2024-06-27,4800.0,4800.0,5000.0,4780.0,4915.0,226000
2024-06-28,4840.0,4840.0,4935.0,4820.0,4880.0,252000
2024-07-01,4700.0,4700.0,4890.0,4700.0,4880.0,234000
2024-07-02,4710.0,4710.0,4755.0,4615.0,4750.0,262000
2024-07-03,4690.0,4690.0,4860.0,4670.0,4850.0,164000
2024-07-04,4390.0,4390.0,4785.0,4300.0,4785.0,776000
2024-07-05,4495.0,4495.0,4540.0,4385.0,4415.0,403000
2024-07-08,4615.0,4615.0,4745.0,4555.0,4565.0,518000
2024-07-09,4585.0,4585.0,4665.0,4500.0,4615.0,310000
2024-07-10,4605.0,4605.0,4620.0,4525.0,4615.0,193000
2024-07-11,4750.0,4750.0,4760.0,4565.0,4615.0,291000
2024-07-12,4525.0,4525.0,4775.0,4505.0,4775.0,269000
2024-07-15,4415.0,4415.0,4590.0,4375.0,4580.0,343000
2024-07-16,4640.0,4640.0,4640.0,4470.0,4495.0,305000
2024-07-17,4575.0,4575.0,4690.0,4560.0,4640.0,220000
2024-07-18,4170.0,4170.0,4375.0,4140.0,4375.0,781000
2024-07-19,4265.0,4265.0,4350.0,3955.0,3955.0,679000
2024-07-22,4045.0,4045.0,4365.0,4045.0,4265.0,366000
2024-07-23,4130.0,4130.0,4195.0,4070.0,4070.0,342000
2024-07-26,3965.0,3965.0,3995.0,3800.0,3800.0,609000
2024-07-29,4060.0,4060.0,4120.0,3895.0,4100.0,380000
2024-07-30,4100.0,4100.0,4145.0,3960.0,3960.0,245000
2024-07-31,4080.0,4080.0,4140.0,4045.0,4050.0,194000
2024-08-01,4160.0,4160.0,4290.0,4100.0,4220.0,474000
2024-08-02,3745.0,3745.0,4085.0,3745.0,4000.0,612000
2024-08-05,3645.0,3645.0,3745.0,3400.0,3400.0,1060000
2024-08-06,3825.0,3825.0,3980.0,3555.0,3800.0,621000
2024-08-07,4205.0,4205.0,4205.0,3795.0,3820.0,1051000
2024-08-08,4190.0,4190.0,4225.0,4065.0,4205.0,557000
2024-08-09,4180.0,4180.0,4395.0,4170.0,4390.0,626000
2024-08-12,4315.0,4315.0,4345.0,4155.0,4230.0,460000
2024-08-13,4210.0,4210.0,4370.0,4200.0,4320.0,341000
2024-08-14,4500.0,4500.0,4525.0,4305.0,4340.0,467000
2024-08-15,4510.0,4510.0,4650.0,4480.0,4530.0,606000
2024-08-16,4630.0,4630.0,4680.0,4580.0,4610.0,378000
2024-08-19,4750.0,4750.0,4760.0,4615.0,4635.0,224000
2024-08-20,4770.0,4770.0,4860.0,4720.0,4745.0,298000
2024-08-21,4655.0,4655.0,4730.0,4625.0,4730.0,280000
2024-08-22,4900.0,4900.0,4935.0,4645.0,4645.0,481000
2024-08-23,5330.0,5330.0,5335.0,4830.0,4830.0,811000
2024-08-26,4915.0,4915.0,5345.0,4865.0,5340.0,549000
2024-08-27,4955.0,4955.0,5145.0,4855.0,4955.0,484000
2024-08-28,4890.0,4890.0,5125.0,4790.0,4985.0,517000
2024-08-29,4885.0,4885.0,4965.0,4820.0,4835.0,263000
2024-08-30,4930.0,4930.0,5000.0,4850.0,4930.0,335000
2024-09-02,4790.0,4790.0,5025.0,4790.0,5025.0,227000
2024-09-03,4870.0,4870.0,4925.0,4820.0,4850.0,170000
2024-09-04,4705.0,4705.0,4805.0,4395.0,4510.0,511000
2024-09-05,4835.0,4835.0,4900.0,4705.0,4780.0,469000
2024-09-06,4845.0,4845.0,4940.0,4825.0,4940.0,394000
2024-09-09,4555.0,4555.0,4755.0,4520.0,4750.0,550000
2024-09-10,4475.0,4475.0,4755.0,4400.0,4670.0,614000
2024-09-11,4475.0,4475.0,4590.0,4395.0,4550.0,435000
2024-09-12,4710.0,4710.0,4745.0,4600.0,4660.0,349000
2024-09-13,4740.0,4740.0,4880.0,4680.0,4780.0,391000
2024-09-16,4270.0,4270.0,4675.0,4270.0,4675.0,660000
2024-09-18,4225.0,4225.0,4300.0,4135.0,4255.0,436000
2024-09-19,4340.0,4340.0,4445.0,4220.0,4250.0,456000
2024-09-20,4255.0,4255.0,4470.0,4230.0,4430.0,308000
2024-09-23,4175.0,4175.0,4340.0,4175.0,4255.0,178000
2024-09-24,4140.0,4140.0,4280.0,4045.0,4280.0,478000
2024-09-25,4460.0,4460.0,4550.0,4220.0,4220.0,698000
2024-09-26,4570.0,4570.0,4680.0,4490.0,4490.0,679000
2024-09-27,4465.0,4465.0,4645.0,4445.0,4640.0,520000
2024-09-30,4305.0,4305.0,4415.0,4285.0,4410.0,441000
2024-10-01,4375.0,4375.0,4405.0,4300.0,4400.0,302000
2024-10-04,4260.0,4260.0,4495.0,4245.0,4325.0,483000
2024-10-07,4500.0,4500.0,4540.0,4345.0,4350.0,615000
2024-10-08,4360.0,4360.0,4465.0,4270.0,4405.0,469000
2024-10-09,4445.0,4445.0,4500.0,4280.0,4455.0,469000
2024-10-11,4585.0,4585.0,4595.0,4370.0,4480.0,354000
2024-10-14,4485.0,4485.0,4570.0,4440.0,4570.0,366000
2024-10-15,4485.0,4485.0,4630.0,4485.0,4600.0,423000
2024-10-16,4295.0,4295.0,4410.0,4285.0,4410.0,407000
2024-10-17,4335.0,4335.0,4475.0,4325.0,4385.0,485000
2024-10-18,4275.0,4275.0,4500.0,4250.0,4445.0,429000
2024-10-21,4570.0,4570.0,4685.0,4300.0,4350.0,682000
2024-10-22,4690.0,4690.0,4795.0,4480.0,4480.0,488000
2024-10-23,4650.0,4650.0,4775.0,4640.0,4710.0,281000
2024-10-24,4625.0,4625.0,4765.0,4625.0,4720.0,356000
2024-10-25,4580.0,4580.0,4690.0,4515.0,4655.0,181000
2024-10-28,4360.0,4360.0,4650.0,4360.0,4650.0,331000
2024-10-29,4045.0,4045.0,4350.0,4020.0,4350.0,893000
2024-10-30,4200.0,4200.0,4285.0,4060.0,4095.0,813000
2024-11-01,4300.0,4300.0,4350.0,4050.0,4070.0,752000
2024-11-04,4350.0,4350.0,4475.0,4300.0,4340.0,467000
2024-11-05,3990.0,3990.0,4325.0,3970.0,4280.0,1175000
2024-11-06,4235.0,4235.0,4250.0,4030.0,4045.0,721000
2024-11-07,4285.0,4285.0,4335.0,4165.0,4195.0,463000
2024-11-08,4200.0,4200.0,4375.0,4170.0,4355.0,468000
2024-11-11,4270.0,4270.0,4270.0,4105.0,4230.0,231000
2024-11-12,4145.0,4145.0,4295.0,4110.0,4250.0,405000
2024-11-13,4065.0,4065.0,4190.0,4020.0,4190.0,424000
2024-11-14,4020.0,4020.0,4130.0,4005.0,4130.0,441000
2024-11-15,4015.0,4015.0,4055.0,3980.0,4030.0,367000
2024-11-18,3835.0,3835.0,3980.0,3820.0,3965.0,653000
2024-11-19,4155.0,4155.0,4165.0,3910.0,3910.0,625000
2024-11-20,4110.0,4110.0,4230.0,4105.0,4195.0,410000
2024-11-21,4210.0,4210.0,4300.0,4095.0,4100.0,585000
2024-11-22,4145.0,4145.0,4280.0,4140.0,4270.0,330000
2024-11-25,4120.0,4120.0,4280.0,4120.0,4220.0,388000
2024-11-26,4100.0,4100.0,4155.0,4035.0,4120.0,271000
2024-11-27,3935.0,3935.0,4120.0,3935.0,4100.0,391000
2024-11-28,4005.0,4005.0,4035.0,3860.0,3950.0,329000
2024-11-29,4085.0,4085.0,4085.0,3915.0,4000.0,310000
2024-12-02,4050.0,4050.0,4170.0,4030.0,4125.0,290000
2024-12-03,4050.0,4050.0,4130.0,3930.0,4100.0,495000
2024-12-04,4085.0,4085.0,4195.0,4050.0,4050.0,432000
2024-12-05,4220.0,4220.0,4235.0,4055.0,4130.0,445000
2024-12-06,4080.0,4080.0,4100.0,3955.0,4050.0,849000
2024-12-09,3980.0,3980.0,4110.0,3980.0,4070.0,684000
2024-12-10,3925.0,3925.0,4020.0,3915.0,3985.0,422000
2024-12-11,3915.0,3915.0,3965.0,3880.0,3925.0,412000
2024-12-12,3815.0,3815.0,4050.0,3815.0,3995.0,816000
2024-12-13,3865.0,3865.0,3945.0,3805.0,3815.0,802000
2024-12-16,3705.0,3705.0,4000.0,3705.0,3890.0,1278000
2024-12-17,3820.0,3820.0,3895.0,3750.0,3770.0,774000
2024-12-18,3840.0,3840.0,3895.0,3745.0,3860.0,384000
2024-12-19,3925.0,3925.0,3965.0,3760.0,3760.0,651000
2024-12-20,3825.0,3825.0,3965.0,3815.0,3955.0,427000
2024-12-23,3670.0,3670.0,3880.0,3670.0,3855.0,900000
2024-12-24,3640.0,3640.0,3755.0,3620.0,3740.0,564000
2024-12-25,3700.0,3700.0,3760.0,3680.0,3690.0,377000
2024-12-26,3485.0,3485.0,3670.0,3480.0,3660.0,996000
2024-12-27,3550.0,3550.0,3600.0,3325.0,3460.0,1250000
2024-12-30,3370.0,3370.0,3570.0,3365.0,3540.0,1094000
2024-12-31,3325.0,3325.0,3390.0,3285.0,3385.0,843000
2025-01-02,3355.0,3355.0,3420.0,3335.0,3340.0,555000
2025-01-03,3530.0,3530.0,3540.0,3390.0,3415.0,645000
2025-01-06,3455.0,3455.0,3615.0,3435.0,3595.0,757000
2025-01-07,3550.0,3550.0,3575.0,3475.0,3550.0,672000
2025-01-08,3440.0,3440.0,3580.0,3420.0,3540.0,430000
2025-01-09,3400.0,3400.0,3510.0,3380.0,3430.0,429000
2025-01-10,3435.0,3435.0,3455.0,3350.0,3400.0,429000
2025-01-13,3290.0,3290.0,3385.0,3270.0,3365.0,434000
2025-01-14,3290.0,3290.0,3300.0,3220.0,3235.0,473000
2025-01-15,3480.0,3480.0,3480.0,3330.0,3330.0,649000
2025-01-16,3540.0,3540.0,3575.0,3490.0,3550.0,534000
2025-01-17,3410.0,3410.0,3525.0,3400.0,3500.0,312000
2025-01-20,3675.0,3675.0,3695.0,3400.0,3400.0,711000
2025-01-21,3610.0,3610.0,3700.0,3610.0,3615.0,500000
2025-01-22,3550.0,3550.0,3680.0,3525.0,3635.0,620000
2025-02-03,3195.0,3195.0,3355.0,3195.0,3280.0,688000
2025-02-04,3300.0,3300.0,3340.0,3215.0,3260.0,707000
2025-02-05,3420.0,3420.0,3420.0,3270.0,3280.0,446000
2025-02-06,3485.0,3485.0,3565.0,3420.0,3495.0,817000
2025-02-07,3760.0,3760.0,3760.0,3490.0,3580.0,1065000
2025-02-10,3710.0,3710.0,3800.0,3675.0,3750.0,674000
2025-02-11,3700.0,3700.0,3780.0,3665.0,3745.0,563000
2025-02-12,3720.0,3720.0,3730.0,3680.0,3705.0,292000
2025-02-13,3830.0,3830.0,3835.0,3725.0,3725.0,585000
2025-02-14,3770.0,3770.0,3915.0,3750.0,3830.0,525000
2025-02-17,3880.0,3880.0,3880.0,3730.0,3800.0,501000
2025-02-18,3880.0,3880.0,3895.0,3840.0,3880.0,297000
2025-02-19,3880.0,3880.0,3960.0,3795.0,3910.0,605000
2025-02-20,3890.0,3890.0,3900.0,3825.0,3875.0,207000
2025-02-21,3865.0,3865.0,3910.0,3815.0,3865.0,261000
2025-02-24,3775.0,3775.0,3830.0,3725.0,3775.0,399000
2025-02-25,3785.0,3785.0,3810.0,3660.0,3670.0,319000
2025-02-26,3745.0,3745.0,3785.0,3700.0,3700.0,284000
2025-02-27,3590.0,3590.0,3850.0,3590.0,3850.0,468000
2025-03-03,3480.0,3480.0,3520.0,3385.0,3485.0,520000
2025-03-04,3615.0,3615.0,3615.0,3390.0,3420.0,476000
2025-03-05,3545.0,3545.0,3655.0,3535.0,3615.0,323000
2025-03-06,3440.0,3440.0,3600.0,3440.0,3600.0,341000
2025-03-07,3355.0,3355.0,3430.0,3320.0,3390.0,596000
2025-03-10,3280.0,3280.0,3415.0,3280.0,3385.0,305000
2025-03-11,3270.0,3270.0,3280.0,3150.0,3200.0,376000
2025-03-12,3270.0,3270.0,3355.0,3245.0,3345.0,191000
2025-03-13,3565.0,3565.0,3595.0,3335.0,3355.0,836000
2025-03-14,3545.0,3545.0,3600.0,3470.0,3530.0,497000
2025-03-17,3420.0,3420.0,3600.0,3420.0,3600.0,401000
2025-03-18,3535.0,3535.0,3655.0,3460.0,3460.0,618000
2025-03-19,3405.0,3405.0,3505.0,3405.0,3505.0,350000
2025-03-20,3410.0,3410.0,3505.0,3410.0,3505.0,253000
2025-03-21,3350.0,3350.0,3435.0,3320.0,3435.0,205000
2025-03-24,3300.0,3300.0,3425.0,3300.0,3425.0,230000
2025-03-25,3400.0,3400.0,3515.0,3400.0,3445.0,415000
2025-03-26,3400.0,3400.0,3495.0,3400.0,3440.0,212000
2025-03-27,3305.0,3305.0,3380.0,3295.0,3380.0,246000
2025-03-28,3215.0,3215.0,3340.0,3210.0,3305.0,233000
2025-03-31,2990.0,2990.0,3190.0,2975.0,3160.0,436000
2025-04-01,3075.0,3075.0,3110.0,2905.0,3025.0,601000
2025-04-02,3040.0,3040.0,3115.0,3000.0,3100.0,212000
2025-04-07,2740.0,2740.0,2740.0,2740.0,2740.0,14000
2025-04-08,2525.0,2525.0,2625.0,2470.0,2500.0,1000000
2025-04-09,2330.0,2330.0,2580.0,2275.0,2525.0,1011000
2025-04-10,2560.0,2560.0,2560.0,2560.0,2560.0,60000
2025-04-11,2770.0,2770.0,2800.0,2540.0,2615.0,1056000
2025-04-14,2850.0,2850.0,2985.0,2810.0,2890.0,952000
2025-04-15,2920.0,2920.0,2970.0,2860.0,2890.0,516000
2025-04-16,2790.0,2790.0,2875.0,2790.0,2860.0,271000
2025-04-17,2870.0,2870.0,2890.0,2775.0,2780.0,379000
2025-04-18,2850.0,2850.0,2895.0,2810.0,2850.0,282000
2025-04-21,2770.0,2770.0,2850.0,2745.0,2850.0,191000
2025-04-22,2760.0,2760.0,2900.0,2740.0,2740.0,605000
2025-04-23,2995.0,2995.0,3030.0,2905.0,2910.0,593000
2025-04-24,2935.0,2935.0,3080.0,2930.0,3080.0,458000
2025-04-25,3015.0,3015.0,3120.0,3015.0,3055.0,569000
2025-04-28,3000.0,3000.0,3035.0,2980.0,3025.0,231000
2025-04-29,2960.0,2960.0,3030.0,2920.0,3030.0,282000
2025-04-30,3000.0,3000.0,3075.0,2960.0,2960.0,448000
2025-05-02,3150.0,3150.0,3240.0,3115.0,3175.0,634000
2025-05-05,3230.0,3230.0,3285.0,3140.0,3225.0,672000
2025-05-06,3550.0,3550.0,3550.0,3265.0,3265.0,1281000
2025-05-07,3405.0,3405.0,3545.0,3400.0,3505.0,609000
2025-05-08,3385.0,3385.0,3495.0,3370.0,3455.0,352000
2025-05-09,3360.0,3360.0,3490.0,3355.0,3440.0,341000
2025-05-12,3490.0,3490.0,3520.0,3400.0,3405.0,384000
2025-05-13,3455.0,3455.0,3650.0,3450.0,3625.0,458000
2025-05-14,3500.0,3500.0,3560.0,3490.0,3500.0,256000
2025-05-15,3555.0,3555.0,3625.0,3525.0,3550.0,453000
2025-05-16,3580.0,3580.0,3620.0,3505.0,3535.0,280000
2025-05-19,3455.0,3455.0,3585.0,3450.0,3585.0,247000
2025-05-20,3675.0,3675.0,3800.0,3555.0,3580.0,936000
2025-05-21,3905.0,3905.0,3935.0,3715.0,3740.0,929000
2025-05-22,3810.0,3810.0,3860.0,3755.0,3860.0,409000
2025-05-23,3745.0,3745.0,3860.0,3690.0,3840.0,496000
2025-05-26,3750.0,3750.0,3790.0,3685.0,3685.0,277000
2025-05-27,3705.0,3705.0,3780.0,3680.0,3780.0,201000
2025-05-28,3780.0,3780.0,3830.0,3735.0,3830.0,364000
2025-05-29,3940.0,3940.0,3975.0,3840.0,3865.0,708000
2025-06-02,3945.0,3945.0,4035.0,3870.0,3890.0,458000
2025-06-03,3860.0,3860.0,4015.0,3845.0,3985.0,341000
2025-06-04,4025.0,4025.0,4025.0,3900.0,3910.0,467000
2025-06-05,4160.0,4160.0,4160.0,3990.0,4025.0,668000
2025-06-06,4125.0,4125.0,4170.0,4060.0,4120.0,485000
2025-06-09,4120.0,4120.0,4190.0,4095.0,4190.0,269000
2025-06-10,4380.0,4380.0,4490.0,4335.0,4425.0,653000
2025-06-11,4660.0,4660.0,4740.0,4410.0,4410.0,689000
2025-06-12,4545.0,4545.0,4950.0,4480.0,4900.0,902000
2025-06-13,4575.0,4575.0,4615.0,4380.0,4495.0,501000
2025-06-16,4585.0,4585.0,4660.0,4510.0,4510.0,299000
2025-06-17,4600.0,4600.0,4710.0,4565.0,4675.0,510000
2025-06-18,4575.0,4575.0,4700.0,4525.0,4605.0,475000
2025-06-19,4465.0,4465.0,4575.0,4355.0,4560.0,689000
2025-06-20,4430.0,4430.0,4490.0,4350.0,4440.0,462000
2025-06-23,4375.0,4375.0,4410.0,4280.0,4280.0,445000
2025-06-24,4660.0,4660.0,4660.0,4410.0,4465.0,598000
2025-06-25,4705.0,4705.0,4825.0,4575.0,4750.0,735000
2025-06-26,4725.0,4725.0,4900.0,4640.0,4850.0,1292000
2025-06-27,4820.0,4820.0,4850.0,4700.0,4775.0,465000
2025-06-30,4745.0,4745.0,4830.0,4725.0,4775.0,320000
2025-07-01,4925.0,4925.0,4925.0,4725.0,4800.0,466000
2025-07-02,4980.0,4980.0,4985.0,4775.0,4865.0,596000
2025-07-03,5010.0,5010.0,5105.0,4960.0,5020.0,538000
2025-07-04,5130.0,5130.0,5145.0,5010.0,5010.0,335000
2025-07-07,5005.0,5005.0,5100.0,4950.0,5065.0,297000
2025-07-08,5055.0,5055.0,5060.0,4935.0,4955.0,347000
2025-07-09,5115.0,5115.0,5125.0,5000.0,5055.0,299000
2025-07-10,5155.0,5155.0,5205.0,5115.0,5140.0,255000
2025-07-11,5075.0,5075.0,5155.0,5055.0,5150.0,392000
2025-07-14,5135.0,5135.0,5155.0,4975.0,5075.0,371000
2025-07-15,5200.0,5200.0,5200.0,5050.0,5120.0,350000
2025-07-16,4860.0,4860.0,5125.0,4810.0,5115.0,1038000
2025-07-17,4790.0,4790.0,5000.0,4765.0,4885.0,726000
2025-07-18,4775.0,4775.0,4885.0,4765.0,4850.0,455000
2025-07-21,4750.0,4750.0,4870.0,4700.0,4830.0,396000
2025-07-22,4580.0,4580.0,4815.0,4580.0,4785.0,490000
2025-07-23,4510.0,4510.0,4665.0,4465.0,4590.0,618000
2025-07-24,4440.0,4440.0,4610.0,4440.0,4560.0,490000
2025-07-25,4490.0,4490.0,4510.0,4390.0,4455.0,390000
2025-07-28,4465.0,4465.0,4530.0,4430.0,4530.0,344000
2025-07-29,4540.0,4540.0,4620.0,4435.0,4535.0,569000
2025-07-30,4390.0,4390.0,4595.0,4355.0,4580.0,596000
2025-07-31,4560.0,4560.0,4625.0,4430.0,4430.0,523000
2025-08-01,4700.0,4700.0,4735.0,4460.0,4465.0,850000
2025-08-04,4620.0,4620.0,4665.0,4530.0,4665.0,507000
2025-08-05,4800.0,4800.0,4820.0,4625.0,4700.0,747000
2025-08-06,4525.0,4525.0,4795.0,4520.0,4750.0,938000
2025-08-07,4785.0,4785.0,4825.0,4600.0,4600.0,908000
2025-08-08,4765.0,4765.0,4785.0,4670.0,4735.0,487000
2025-08-11,4730.0,4730.0,4810.0,4630.0,4785.0,493000
2025-08-12,4830.0,4830.0,4850.0,4750.0,4770.0,504000
2025-08-13,5000.0,5000.0,5075.0,4950.0,4950.0,895000
2025-08-14,5245.0,5245.0,5300.0,5035.0,5035.0,852000
2025-08-15,5230.0,5230.0,5255.0,5070.0,5245.0,290000
2025-08-18,5035.0,5035.0,5135.0,4990.0,5135.0,458000
2025-08-19,4970.0,4970.0,5100.0,4955.0,5035.0,517000
2025-08-20,4715.0,4715.0,4920.0,4715.0,4920.0,614000
2025-08-21,5105.0,5105.0,5130.0,4740.0,4740.0,619000
2025-08-22,5025.0,5025.0,5110.0,4985.0,5005.0,369000
2025-08-25,4995.0,4995.0,5245.0,4980.0,5180.0,470000
2025-08-26,5100.0,5100.0,5125.0,4905.0,4960.0,417000
2025-08-27,5055.0,5055.0,5180.0,5030.0,5100.0,207000
2025-08-28,4980.0,4980.0,5090.0,4960.0,5040.0,296000
2025-08-29,4995.0,4995.0,5125.0,4995.0,5090.0,309000
2025-09-01,5015.0,5015.0,5090.0,4925.0,5050.0,343000
2025-09-02,4835.0,4835.0,5035.0,4835.0,5025.0,326000
2025-09-03,4965.0,4965.0,5005.0,4910.0,4935.0,260000
2025-09-04,4935.0,4935.0,5085.0,4900.0,5010.0,196000
2025-09-05,4930.0,4930.0,5080.0,4910.0,5050.0,210000
2025-09-08,4860.0,4860.0,5000.0,4840.0,4975.0,191000
2025-09-09,4830.0,4830.0,4945.0,4830.0,4945.0,241000
2025-09-10,4870.0,4870.0,4970.0,4760.0,4830.0,508000
2025-09-11,4980.0,4980.0,5035.0,4835.0,4880.0,437000
2025-09-12,4945.0,4945.0,5155.0,4910.0,5035.0,503000
2025-09-15,4850.0,4850.0,4935.0,4830.0,4905.0,198000
2025-09-16,5045.0,5045.0,5070.0,4885.0,4940.0,266000
2025-09-17,5000.0,5000.0,5035.0,4935.0,4985.0,254000
2025-09-18,5155.0,5155.0,5175.0,4990.0,5015.0,424000
2025-09-19,5345.0,5345.0,5355.0,5150.0,5210.0,623000
2025-09-22,5250.0,5250.0,5405.0,5205.0,5355.0,457000
2025-09-23,5115.0,5115.0,5300.0,5105.0,5250.0,367000
2025-09-24,5175.0,5175.0,5210.0,5010.0,5125.0,229000
2025-09-25,5025.0,5025.0,5110.0,5015.0,5090.0,242000
2025-09-26,4905.0,4905.0,5000.0,4850.0,4975.0,226000
2025-09-30,5050.0,5050.0,5115.0,4890.0,4890.0,438000
2025-10-01,5200.0,5200.0,5465.0,5125.0,5160.0,653000
2025-10-02,5550.0,5550.0,5580.0,5320.0,5395.0,662000
2025-10-03,5460.0,5460.0,5515.0,5410.0,5500.0,203000
2025-10-07,5500.0,5500.0,5680.0,5480.0,5600.0,332000
2025-10-08,5640.0,5640.0,5650.0,5445.0,5560.0,282000
2025-10-09,5690.0,5690.0,5710.0,5595.0,5645.0,257000
2025-10-13,5515.0,5515.0,5665.0,5500.0,5600.0,484000
2025-10-14,5285.0,5285.0,5600.0,5250.0,5540.0,375000
2025-10-15,5500.0,5500.0,5510.0,5375.0,5425.0,195000
2025-10-16,5600.0,5600.0,5715.0,5505.0,5565.0,245000
2025-10-17,5625.0,5625.0,5650.0,5455.0,5600.0,344000
2025-10-20,5330.0,5330.0,5675.0,5320.0,5645.0,417000
2025-10-21,5320.0,5320.0,5460.0,5285.0,5425.0,374000
2025-10-22,5270.0,5270.0,5350.0,5200.0,5320.0,149000
2025-10-23,5215.0,5215.0,5230.0,5120.0,5170.0,256000
2025-10-27,5135.0,5135.0,5405.0,5135.0,5390.0,323000
2025-10-28,5300.0,5300.0,5305.0,5170.0,5170.0,356000
2025-10-29,5185.0,5185.0,5440.0,5165.0,5285.0,443000
2025-10-30,5210.0,5210.0,5235.0,5110.0,5185.0,228000
2025-10-31,5470.0,5470.0,5535.0,5190.0,5210.0,385000
2025-11-03,5470.0,5470.0,5580.0,5360.0,5520.0,404000
2025-11-04,5500.0,5500.0,5510.0,5380.0,5470.0,297000
2025-11-05,5285.0,5285.0,5395.0,5150.0,5395.0,546000
2025-11-06,5810.0,5810.0,5810.0,5500.0,5560.0,872000
2025-11-07,5685.0,5685.0,5895.0,5660.0,5755.0,484000
2025-11-10,5640.0,5640.0,5670.0,5505.0,5600.0,270000
2025-11-11,5625.0,5625.0,5750.0,5600.0,5625.0,226000
2025-11-12,5760.0,5760.0,5860.0,5690.0,5720.0,381000
2025-11-13,6335.0,6335.0,6335.0,5700.0,5830.0,769000
2025-11-14,5965.0,5965.0,6195.0,5945.0,6005.0,381000
2025-11-17,6120.0,6120.0,6420.0,5965.0,5965.0,477000
2025-11-18,6500.0,6500.0,6690.0,6000.0,6000.0,809000
2025-11-19,6215.0,6215.0,6390.0,6020.0,6225.0,629000
2025-11-20,6355.0,6355.0,6520.0,6270.0,6500.0,498000
2025-11-21,6075.0,6075.0,6140.0,5945.0,6040.0,744000
2025-11-24,6405.0,6405.0,6600.0,6305.0,6470.0,2862000
2025-11-25,6330.0,6330.0,6840.0,6315.0,6725.0,478000
2025-11-26,6620.0,6620.0,6775.0,6435.0,6505.0,373000
2025-11-27,6650.0,6650.0,6735.0,6575.0,6660.0,181000
2025-11-28,7315.0,7315.0,7315.0,6630.0,6705.0,435000
2025-12-01,6915.0,6915.0,7300.0,6850.0,7300.0,495000
2025-12-02,6600.0,6600.0,6900.0,6600.0,6725.0,607000
2025-12-03,6565.0,6565.0,6815.0,6490.0,6625.0,444000
2025-12-04,6440.0,6440.0,6650.0,6405.0,6520.0,443000
2025-12-05,6570.0,6570.0,6745.0,6545.0,6580.0,382000
2025-12-08,6515.0,6515.0,6765.0,6450.0,6760.0,408000
2025-12-09,6690.0,6690.0,6780.0,6575.0,6575.0,285000
2025-12-10,6710.0,6710.0,6850.0,6630.0,6745.0,360000
2025-12-11,6800.0,6800.0,6950.0,6735.0,6845.0,430000
2025-12-12,6725.0,6725.0,6935.0,6720.0,6935.0,279000
2025-12-15,6795.0,6795.0,6855.0,6590.0,6590.0,256000
2025-12-16,6650.0,6650.0,6965.0,6650.0,6920.0,677000
2025-12-17,6500.0,6500.0,6680.0,6495.0,6495.0,324000
2025-12-18,6615.0,6615.0,6775.0,6495.0,6615.0,376000
2025-12-19,6580.0,6580.0,6865.0,6580.0,6780.0,384000
2025-12-22,6800.0,6800.0,6800.0,6580.0,6735.0,347000
2025-12-23,6870.0,6870.0,6930.0,6805.0,6890.0,233000
2025-12-24,6850.0,6850.0,6945.0,6730.0,6830.0,187000
2025-12-26,6930.0,6930.0,6995.0,6890.0,6920.0,173000
2025-12-29,7100.0,7100.0,7120.0,6810.0,6930.0,237000
2025-12-30,7550.0,7550.0,7715.0,7250.0,7335.0,540000
2025-12-31,7260.0,7260.0,7550.0,7230.0,7550.0,256000
2026-01-02,7255.0,7255.0,7345.0,7145.0,7260.0,142000
2026-01-05,7105.0,7105.0,7450.0,7085.0,7450.0,284000
2026-01-06,7200.0,7200.0,7450.0,7140.0,7290.0,430000
2026-01-07,7380.0,7380.0,7540.0,7170.0,7350.0,506000
2026-01-08,7650.0,7650.0,7825.0,7385.0,7385.0,371000
2026-01-09,7665.0,7665.0,7825.0,7425.0,7635.0,325000
2026-01-12,8055.0,8055.0,8240.0,7680.0,7880.0,365000
2026-01-13,8005.0,8005.0,8255.0,7805.0,8055.0,249000
2026-01-14,8085.0,8085.0,8350.0,8025.0,8090.0,321000
2026-01-15,8755.0,8755.0,8890.0,8330.0,8495.0,457000
2026-01-16,8700.0,8700.0,8920.0,8555.0,8900.0,218000
2026-01-19,8775.0,8775.0,8870.0,8600.0,8715.0,166000
2026-01-20,8635.0,8635.0,8725.0,8545.0,8625.0,222000
2026-01-21,8330.0,8330.0,8575.0,8250.0,8500.0,295000
2026-01-22,8700.0,8700.0,8930.0,8570.0,8690.0,338000
2026-01-23,8870.0,8870.0,9175.0,8820.0,8900.0,349000
2026-01-26,8880.0,8880.0,9115.0,8865.0,9080.0,179000
2026-01-27,8760.0,8760.0,8840.0,8705.0,8825.0,202000
2026-01-28,8840.0,8840.0,8990.0,8660.0,8855.0,289000
2026-01-29,9315.0,9315.0,9500.0,8865.0,8985.0,424000
2026-01-30,8880.0,8880.0,9225.0,8880.0,9135.0,270000
2026-02-02,9040.0,9040.0,9095.0,8720.0,8965.0,265000
2026-02-03,9790.0,9790.0,9790.0,9145.0,9250.0,416000
2026-02-04,9640.0,9640.0,9855.0,9595.0,9760.0,155000
2026-02-05,9130.0,9130.0,9595.0,9130.0,9585.0,319000
2026-02-06,8900.0,8900.0,9340.0,8850.0,9210.0,313000
2026-02-09,9500.0,9500.0,9580.0,9240.0,9345.0,239000
2026-02-10,9325.0,9325.0,9665.0,9125.0,9580.0,271000
2026-02-11,9725.0,9725.0,9760.0,9295.0,9560.0,220000
2026-02-23,9755.0,9755.0,9810.0,9485.0,9780.0,318000
2026-02-24,9755.0,9755.0,9780.0,9500.0,9745.0,238000
2026-02-25,9715.0,9715.0,9755.0,9400.0,9555.0,370000
2026-02-26,9730.0,9730.0,10275.0,9635.0,9850.0,627000
2026-03-02,9500.0,9500.0,9780.0,9460.0,9730.0,262000
2026-03-03,9255.0,9255.0,9715.0,9255.0,9620.0,186000
2026-03-04,8655.0,8655.0,9370.0,8655.0,9255.0,446000
2026-03-05,9520.0,9520.0,9520.0,9315.0,9500.0,314000
2026-03-06,9705.0,9705.0,9860.0,9410.0,9625.0,273000
2026-03-09,9250.0,9250.0,9380.0,8835.0,9015.0,387000
2026-03-10,9430.0,9430.0,9670.0,9280.0,9570.0,313000
2026-03-11,10055.0,10055.0,10250.0,9510.0,9585.0,411000
2026-03-12,10495.0,10495.0,10585.0,10020.0,10055.0,277000
2026-03-13,10495.0,10495.0,10895.0,10010.0,10200.0,274000
2026-03-16,10295.0,10295.0,10860.0,10270.0,10850.0,138000
2026-03-17,11320.0,11320.0,11320.0,10755.0,10800.0,367000
2026-03-18,12345.0,12345.0,12450.0,11820.0,12450.0,298000
2026-03-19,12050.0,12050.0,12340.0,11615.0,11615.0,250000
2026-03-20,11750.0,11750.0,12345.0,11750.0,11805.0,279000
2026-03-23,11465.0,11465.0,11785.0,11345.0,11625.0,159000
2026-03-24,10910.0,10910.0,11800.0,10910.0,11465.0,436000
2026-03-25,11500.0,11500.0,11950.0,11410.0,11640.0,298000
2026-03-26,11550.0,11550.0,11920.0,11500.0,11500.0,271000
2026-03-27,11555.0,11555.0,11670.0,10975.0,10975.0,249000
2026-03-30,11220.0,11220.0,11760.0,10910.0,11490.0,376000
2026-03-31,10700.0,10700.0,11220.0,10660.0,11220.0,385000
2026-04-01,11315.0,11315.0,11760.0,11105.0,11350.0,251000
2026-04-02,11690.0,11690.0,11930.0,11500.0,11770.0,333000
2026-04-07,11470.0,11470.0,12150.0,11470.0,11825.0,209000
2026-04-08,12615.0,12615.0,12615.0,12150.0,12200.0,160000
2026-04-09,12565.0,12565.0,13255.0,12310.0,12645.0,322000
2026-04-10,12580.0,12580.0,12980.0,12320.0,12565.0,398000
2026-04-13,12180.0,12180.0,12545.0,12115.0,12455.0,195000
2026-04-14,13005.0,13005.0,13270.0,12200.0,12200.0,261000
2026-04-15,13875.0,13875.0,14025.0,13130.0,13575.0,236000
2026-04-16,14480.0,14480.0,14890.0,13630.0,13640.0,289000
2026-04-17,13805.0,13805.0,14610.0,13805.0,14195.0,303000
2026-04-20,14425.0,14425.0,14875.0,13880.0,13880.0,262000
2026-04-21,15245.0,15245.0,15680.0,14885.0,14885.0,339000
2026-04-22,16085.0,16085.0,16495.0,15690.0,16000.0,317000
2026-04-23,15670.0,15670.0,16990.0,15170.0,16150.0,380000
2026-04-24,16370.0,16370.0,16965.0,15725.0,15725.0,492000
2026-04-27,16000.0,16000.0,17295.0,15735.0,17075.0,422000
2026-04-28,16095.0,16095.0,16465.0,15630.0,15800.0,291000
2026-04-29,16555.0,16555.0,16870.0,15640.0,15640.0,299000
2026-04-30,16475.0,16475.0,17140.0,16475.0,16715.0,284000
2026-05-04,17545.0,17545.0,17545.0,16835.0,17375.0,247000
2026-05-05,17790.0,17790.0,17905.0,16950.0,17450.0,297000
2026-05-06,18700.0,18700.0,19195.0,17790.0,18550.0,391000
2026-05-07,17890.0,17890.0,18750.0,17800.0,18550.0,488000
2026-05-08,16955.0,16955.0,18150.0,16955.0,17540.0,384000
2026-05-11,17825.0,17825.0,17980.0,17000.0,17000.0,289000
2026-05-12,18005.0,18005.0,18385.0,17780.0,17955.0,276000
2026-05-13,17820.0,17820.0,18100.0,17390.0,17815.0,298000
2026-05-14,17810.0,17810.0,18535.0,17530.0,18420.0,280000
2026-05-15,17195.0,17195.0,18450.0,17195.0,18200.0,220000
2026-05-18,16150.0,16150.0,17385.0,15530.0,17385.0,479000
2026-05-19,15925.0,15925.0,16420.0,15140.0,16020.0,412000
2026-05-20,15560.0,15560.0,16100.0,15485.0,16085.0,258000
2026-05-21,16440.0,16440.0,16825.0,16140.0,16370.0,300000
2026-05-22,17780.0,17780.0,17780.0,16285.0,17235.0,325000
2026-05-25,17725.0,17725.0,18380.0,17665.0,17990.0,211000
2026-05-26,17240.0,17240.0,18060.0,17190.0,17905.0,174000
2026-05-27,18230.0,18230.0,18450.0,17510.0,18065.0,256000
2026-05-28,17835.0,17835.0,19000.0,17500.0,17825.0,224000
2026-05-29,18950.0,18950.0,19510.0,18615.0,19000.0,606000
2026-06-01,18500.0,18500.0,19325.0,18225.0,19325.0,347000
2026-06-02,18095.0,18095.0,18790.0,18070.0,18475.0,263000
2026-06-03,17980.0,17980.0,18755.0,17655.0,18550.0,263000
2026-06-04,18265.0,18265.0,18600.0,17775.0,17890.0,141000
2026-06-05,17505.0,17505.0,18600.0,17505.0,18265.0,264000
2026-06-08,17525.0,17525.0,17785.0,15805.0,15970.0,370000
2026-06-09,17855.0,17855.0,17955.0,17055.0,17600.0,241000
2026-06-10,16840.0,16840.0,18195.0,16810.0,17460.0,183000
2026-06-11,17600.0,17600.0,17695.0,16440.0,17240.0,295000
2026-06-12,18445.0,18445.0,18600.0,18050.0,18240.0,259000
2026-06-15,17810.0,17810.0,19200.0,17805.0,19200.0,196000
2026-06-16,18155.0,18155.0,18650.0,17805.0,18005.0,188000
2026-06-17,18485.0,18485.0,18485.0,18050.0,18295.0,110000
2026-06-18,18960.0,18960.0,19070.0,18495.0,18600.0,148000
2026-06-22,19275.0,19275.0,19880.0,19120.0,19850.0,207000
2026-06-23,18505.0,18505.0,19650.0,18505.0,19650.0,187000
2026-06-24,18325.0,18325.0,18505.0,17620.0,18505.0,175000
2026-06-25,17425.0,17425.0,18740.0,17330.0,18355.0,278000
2026-06-26,15615.0,15615.0,17070.0,15615.0,16620.0,411000
2026-06-29,15210.0,15210.0,15665.0,14765.0,14765.0,374000
2026-06-30,16495.0,16495.0,16705.0,15675.0,15970.0,267000
2026-07-01,17145.0,17145.0,17780.0,16750.0,17105.0,247000
2026-07-02,17750.0,17750.0,17750.0,16705.0,17130.0,185000
2026-07-03,17265.0,17265.0,17905.0,17245.0,17695.0,129000
2026-07-06,16270.0,16270.0,17415.0,15975.0,17360.0,221000
2026-07-07,14415.0,14415.0,15695.0,14270.0,15665.0,278000
2026-07-08,13975.0,13975.0,15045.0,13600.0,14870.0,244000
2026-07-09,13665.0,13665.0,14180.0,13410.0,13975.0,382000
2026-07-13,13520.0,13520.0,14865.0,13070.0,14865.0,282000
2026-07-14,12985.0,12985.0,13485.0,12200.0,13485.0,435000
2026-07-15,13900.0,13900.0,14280.0,13500.0,13700.0,343000
2026-07-16,13905.0,13905.0,14295.0,13550.0,13900.0,241000
2026-07-17,12950.0,12950.0,13835.0,12800.0,13625.0,313000
2026-07-20,12915.0,12915.0,13220.0,11880.0,13100.0,463000
2026-07-21,14100.0,14100.0,14205.0,13010.0,13010.0,479000
2026-07-22,15510.0,15510.0,15510.0,15085.0,15300.0,319000
2026-07-23,15540.0,15540.0,16210.0,15315.0,15575.0,325000
2026-07-24,14730.0,14730.0,15300.0,14500.0,15120.0,311000
2026-07-27,14695.0,14695.0,14935.0,14245.0,14850.0,133000
2026-07-28,13230.0,13230.0,14290.0,13230.0,14000.0,278000
2026-07-29,12910.0,12910.0,13245.0,12210.0,12955.0,338000
2026-07-30,13205.0,13205.0,13925.0,12355.0,12355.0,329000
2026-07-31,14525.0,14525.0,14525.0,14405.0,14525.0,109000
2026-08-03,15975.0,15975.0,15975.0,15265.0,15640.0,240000
2026-08-04,15500.0,15500.0,16405.0,15255.0,16215.0,269000
2026-08-05,16020.0,16020.0,16400.0,15775.0,15840.0,223000
2026-08-06,16750.0,16750.0,17000.0,16000.0,16625.0,318000
2026-08-07,16345.0,16345.0,17000.0,16170.0,16800.0,155000
2026-08-10,16540.0,16540.0,17395.0,16535.0,16750.0,182000
2026-08-11,16440.0,16440.0,16800.0,15930.0,16800.0,158000
2026-08-12,17370.0,17370.0,17395.0,16450.0,16450.0,252000
2026-08-13,17490.0,17490.0,18085.0,17010.0,17920.0,310000
2026-08-14,17690.0,17690.0,18600.0,17690.0,17990.0,246000
2026-08-17,17020.0,17020.0,17600.0,16980.0,17380.0,127000
2026-08-18,17055.0,17055.0,17450.0,16715.0,16950.0,165000
2026-08-19,15830.0,15830.0,16700.0,15585.0,16250.0,424000
2026-08-20,15750.0,15750.0,16280.0,15200.0,15710.0,233000
2026-08-21,15350.0,15350.0,16120.0,15205.0,15585.0,153000
2026-08-24,15115.0,15115.0,15500.0,14600.0,15350.0,200626
2026-08-25,15400.0,15400.0,15400.0,14805.0,15115.0,198954
2026-08-26,15690.0,15690.0,16050.0,14950.0,15820.0,237551
2026-08-27,15305.0,15305.0,16125.0,15105.0,15690.0,320615
2026-08-28,15630.0,15630.0,15745.0,14815.0,15525.0,384764
2026-08-31,16065.0,16065.0,16140.0,15010.0,15630.0,383392
2026-09-01,17120.0,17120.0,17670.0,16000.0,16210.0,506459
<<<<<<< HEAD
2026-09-02,17725.0,17725.0,18395.0,17120.0,17120.0,803023
=======
2026-09-02,17725.0,17725.0,18395.0,17120.0,17120.0,797023
>>>>>>> 2675df9c (feat: 全面清洗歷史資料庫(過濾178天休市假檔)與更新DMI/10年重組驗證機制)
2026-09-03,17850.0,17850.0,18790.0,17360.0,17735.0,591321
2026-09-04,17470.0,17470.0,18490.0,17410.0,18490.0,244941
2026-09-07,19215.0,19215.0,19215.0,18700.0,19215.0,544959
2026-09-08,19220.0,19220.0,19795.0,18840.0,19260.0,462611
2026-09-09,18605.0,18605.0,19575.0,18100.0,19565.0,450297
2026-09-10,18700.0,18700.0,18865.0,17900.0,18280.0,239737
2026-09-11,17885.0,17885.0,18245.0,17730.0,17805.0,230213
2026-09-14,17980.0,17980.0,18035.0,17170.0,17765.0,222355
2026-09-15,17520.0,17520.0,18160.0,17405.0,17980.0,126816
2026-09-16,18250.0,18250.0,18420.0,17485.0,17965.0,180449
2026-09-17,18275.0,18275.0,18800.0,18225.0,18250.0,182208
2026-09-18,19290.0,19290.0,19500.0,18870.0,18890.0,265912
2026-09-21,19820.0,19820.0,19820.0,19200.0,19400.0,160938
2026-09-22,20905.0,20905.0,21800.0,20625.0,21800.0,363011
2026-09-23,20280.0,20280.0,20620.0,19780.0,20385.0,256661
2026-09-24,19835.0,19835.0,20505.0,19705.0,20485.0,194578
2026-09-25,19835.0,19835.0,20505.0,19705.0,20485.0,194578
2026-09-28,19835.0,19835.0,20505.0,19705.0,20485.0,194578
2026-09-29,19395.0,19395.0,20430.0,19040.0,20430.0,264002
