Date,Adj Close,Close,High,Low,Open,Volume
2016-08-12,19.15,19.15,19.35,19.1,19.35,59092
2016-08-15,19.15,19.15,19.35,19.1,19.35,59092
2016-08-16,19.15,19.15,19.35,19.1,19.35,59092
2016-08-17,19.15,19.15,19.35,19.1,19.35,59092
2016-08-18,19.15,19.15,19.35,19.1,19.35,59092
2016-08-19,19.15,19.15,19.35,19.1,19.35,59092
2016-08-22,19.15,19.15,19.35,19.1,19.35,59092
2016-08-23,19.15,19.15,19.35,19.1,19.35,59092
2016-08-24,19.15,19.15,19.35,19.1,19.35,59092
2016-08-25,19.15,19.15,19.35,19.1,19.35,59092
2016-08-26,19.15,19.15,19.35,19.1,19.35,59092
2016-08-29,19.15,19.15,19.35,19.1,19.35,59092
2016-08-30,19.15,19.15,19.35,19.1,19.35,59092
2016-08-31,19.15,19.15,19.35,19.1,19.35,59092
2016-09-01,19.15,19.15,19.35,19.1,19.35,59092
2016-09-02,19.15,19.15,19.35,19.1,19.35,59092
2016-09-05,19.15,19.15,19.35,19.1,19.35,59092
2016-09-06,19.15,19.15,19.35,19.1,19.35,59092
2016-09-07,19.15,19.15,19.35,19.1,19.35,59092
2016-09-08,19.15,19.15,19.35,19.1,19.35,59092
2016-09-09,19.15,19.15,19.35,19.1,19.35,59092
2016-09-12,19.15,19.15,19.35,19.1,19.35,59092
2016-09-13,19.15,19.15,19.35,19.1,19.35,59092
2016-09-14,19.15,19.15,19.35,19.1,19.35,59092
2016-09-19,19.15,19.15,19.35,19.1,19.35,59092
2016-09-20,19.15,19.15,19.35,19.1,19.35,59092
2016-09-21,19.15,19.15,19.35,19.1,19.35,59092
2016-09-22,19.15,19.15,19.35,19.1,19.35,59092
2016-09-23,19.15,19.15,19.35,19.1,19.35,59092
2016-09-26,19.15,19.15,19.35,19.1,19.35,59092
2016-09-29,19.15,19.15,19.35,19.1,19.35,59092
2016-09-30,19.15,19.15,19.35,19.1,19.35,59092
2016-10-03,19.15,19.15,19.35,19.1,19.35,59092
2016-10-04,19.15,19.15,19.35,19.1,19.35,59092
2016-10-05,19.15,19.15,19.35,19.1,19.35,59092
2016-10-06,19.15,19.15,19.35,19.1,19.35,59092
2016-10-07,19.15,19.15,19.35,19.1,19.35,59092
2016-10-11,19.15,19.15,19.35,19.1,19.35,59092
2016-10-12,19.15,19.15,19.35,19.1,19.35,59092
2016-10-13,19.15,19.15,19.35,19.1,19.35,59092
2016-10-14,19.15,19.15,19.35,19.1,19.35,59092
2016-10-17,19.15,19.15,19.35,19.1,19.35,59092
2016-10-18,19.15,19.15,19.35,19.1,19.35,59092
2016-10-19,19.15,19.15,19.35,19.1,19.35,59092
2016-10-20,19.15,19.15,19.35,19.1,19.35,59092
2016-10-21,19.15,19.15,19.35,19.1,19.35,59092
2016-10-24,19.15,19.15,19.35,19.1,19.35,59092
2016-10-25,19.15,19.15,19.35,19.1,19.35,59092
2016-10-26,19.15,19.15,19.35,19.1,19.35,59092
2016-10-27,19.15,19.15,19.35,19.1,19.35,59092
2016-10-28,19.15,19.15,19.35,19.1,19.35,59092
2016-10-31,19.15,19.15,19.35,19.1,19.35,59092
2016-11-01,19.15,19.15,19.35,19.1,19.35,59092
2016-11-02,19.15,19.15,19.35,19.1,19.35,59092
2016-11-03,19.15,19.15,19.35,19.1,19.35,59092
2016-11-04,19.15,19.15,19.35,19.1,19.35,59092
2016-11-07,19.15,19.15,19.35,19.1,19.35,59092
2016-11-08,19.15,19.15,19.35,19.1,19.35,59092
2016-11-09,19.15,19.15,19.35,19.1,19.35,59092
2016-11-10,19.15,19.15,19.35,19.1,19.35,59092
2016-11-11,19.15,19.15,19.35,19.1,19.35,59092
2016-11-14,19.15,19.15,19.35,19.1,19.35,59092
2016-11-15,19.15,19.15,19.35,19.1,19.35,59092
2016-11-16,19.15,19.15,19.35,19.1,19.35,59092
2016-11-17,19.15,19.15,19.35,19.1,19.35,59092
2016-11-18,19.15,19.15,19.35,19.1,19.35,59092
2016-11-21,19.15,19.15,19.35,19.1,19.35,59092
2016-11-22,19.15,19.15,19.35,19.1,19.35,59092
2016-11-23,19.15,19.15,19.35,19.1,19.35,59092
2016-11-24,19.15,19.15,19.35,19.1,19.35,59092
2016-11-25,19.15,19.15,19.35,19.1,19.35,59092
2016-11-28,19.15,19.15,19.35,19.1,19.35,59092
2016-11-29,19.15,19.15,19.35,19.1,19.35,59092
2016-11-30,19.15,19.15,19.35,19.1,19.35,59092
2016-12-01,19.15,19.15,19.35,19.1,19.35,59092
2016-12-02,19.15,19.15,19.35,19.1,19.35,59092
2016-12-05,19.15,19.15,19.35,19.1,19.35,59092
2016-12-06,19.15,19.15,19.35,19.1,19.35,59092
2016-12-07,19.15,19.15,19.35,19.1,19.35,59092
2016-12-08,19.15,19.15,19.35,19.1,19.35,59092
2016-12-09,19.15,19.15,19.35,19.1,19.35,59092
2016-12-12,19.15,19.15,19.35,19.1,19.35,59092
2016-12-13,19.15,19.15,19.35,19.1,19.35,59092
2016-12-14,19.15,19.15,19.35,19.1,19.35,59092
2016-12-15,19.15,19.15,19.35,19.1,19.35,59092
2016-12-16,19.15,19.15,19.35,19.1,19.35,59092
2016-12-19,19.15,19.15,19.35,19.1,19.35,59092
2016-12-20,19.15,19.15,19.35,19.1,19.35,59092
2016-12-21,19.15,19.15,19.35,19.1,19.35,59092
2016-12-22,19.15,19.15,19.35,19.1,19.35,59092
2016-12-23,19.15,19.15,19.35,19.1,19.35,59092
2016-12-26,19.15,19.15,19.35,19.1,19.35,59092
2016-12-27,19.15,19.15,19.35,19.1,19.35,59092
2016-12-28,19.15,19.15,19.35,19.1,19.35,59092
2016-12-29,19.15,19.15,19.35,19.1,19.35,59092
2016-12-30,19.15,19.15,19.35,19.1,19.35,59092
2017-01-03,19.15,19.15,19.35,19.1,19.35,59092
2017-01-04,19.15,19.15,19.35,19.1,19.35,59092
2017-01-05,19.15,19.15,19.35,19.1,19.35,59092
2017-01-06,19.15,19.15,19.35,19.1,19.35,59092
2017-01-09,19.15,19.15,19.35,19.1,19.35,59092
2017-01-10,19.15,19.15,19.35,19.1,19.35,59092
2017-01-11,19.15,19.15,19.35,19.1,19.35,59092
2017-01-12,19.15,19.15,19.35,19.1,19.35,59092
2017-01-13,19.15,19.15,19.35,19.1,19.35,59092
2017-01-16,19.15,19.15,19.35,19.1,19.35,59092
2017-01-17,19.15,19.15,19.35,19.1,19.35,59092
2017-01-18,19.15,19.15,19.35,19.1,19.35,59092
2017-01-19,19.15,19.15,19.35,19.1,19.35,59092
2017-01-20,19.15,19.15,19.35,19.1,19.35,59092
2017-01-23,19.15,19.15,19.35,19.1,19.35,59092
2017-01-24,19.15,19.15,19.35,19.1,19.35,59092
2017-02-02,19.15,19.15,19.35,19.1,19.35,59092
2017-02-03,19.15,19.15,19.35,19.1,19.35,59092
2017-02-06,19.15,19.15,19.35,19.1,19.35,59092
2017-02-07,19.15,19.15,19.35,19.1,19.35,59092
2017-02-08,19.15,19.15,19.35,19.1,19.35,59092
2017-02-09,19.15,19.15,19.35,19.1,19.35,59092
2017-02-10,19.15,19.15,19.35,19.1,19.35,59092
2017-02-13,19.15,19.15,19.35,19.1,19.35,59092
2017-02-14,19.15,19.15,19.35,19.1,19.35,59092
2017-02-15,19.15,19.15,19.35,19.1,19.35,59092
2017-02-16,19.15,19.15,19.35,19.1,19.35,59092
2017-02-17,19.15,19.15,19.35,19.1,19.35,59092
2017-02-20,19.15,19.15,19.35,19.1,19.35,59092
2017-02-21,19.15,19.15,19.35,19.1,19.35,59092
2017-02-22,19.15,19.15,19.35,19.1,19.35,59092
2017-02-23,19.15,19.15,19.35,19.1,19.35,59092
2017-02-24,19.15,19.15,19.35,19.1,19.35,59092
2017-03-01,19.15,19.15,19.35,19.1,19.35,59092
2017-03-02,19.15,19.15,19.35,19.1,19.35,59092
2017-03-03,19.15,19.15,19.35,19.1,19.35,59092
2017-03-06,19.15,19.15,19.35,19.1,19.35,59092
2017-03-07,19.15,19.15,19.35,19.1,19.35,59092
2017-03-08,19.15,19.15,19.35,19.1,19.35,59092
2017-03-09,19.15,19.15,19.35,19.1,19.35,59092
2017-03-10,19.15,19.15,19.35,19.1,19.35,59092
2017-03-13,19.15,19.15,19.35,19.1,19.35,59092
2017-03-14,19.15,19.15,19.35,19.1,19.35,59092
2017-03-15,19.15,19.15,19.35,19.1,19.35,59092
2017-03-16,19.15,19.15,19.35,19.1,19.35,59092
2017-03-17,19.15,19.15,19.35,19.1,19.35,59092
2017-03-20,19.15,19.15,19.35,19.1,19.35,59092
2017-03-21,19.15,19.15,19.35,19.1,19.35,59092
2017-03-22,19.15,19.15,19.35,19.1,19.35,59092
2017-03-23,19.15,19.15,19.35,19.1,19.35,59092
2017-03-24,19.15,19.15,19.35,19.1,19.35,59092
2017-03-27,19.15,19.15,19.35,19.1,19.35,59092
2017-03-28,19.15,19.15,19.35,19.1,19.35,59092
2017-03-29,19.15,19.15,19.35,19.1,19.35,59092
2017-03-30,19.15,19.15,19.35,19.1,19.35,59092
2017-03-31,19.15,19.15,19.35,19.1,19.35,59092
2017-04-05,19.15,19.15,19.35,19.1,19.35,59092
2017-04-06,19.15,19.15,19.35,19.1,19.35,59092
2017-04-07,19.15,19.15,19.35,19.1,19.35,59092
2017-04-10,19.15,19.15,19.35,19.1,19.35,59092
2017-04-11,19.15,19.15,19.35,19.1,19.35,59092
2017-04-12,19.15,19.15,19.35,19.1,19.35,59092
2017-04-13,19.15,19.15,19.35,19.1,19.35,59092
2017-04-14,19.15,19.15,19.35,19.1,19.35,59092
2017-04-17,19.15,19.15,19.35,19.1,19.35,59092
2017-04-18,19.15,19.15,19.35,19.1,19.35,59092
2017-04-19,19.15,19.15,19.35,19.1,19.35,59092
2017-04-21,19.15,19.15,19.35,19.1,19.35,59092
2017-04-24,19.15,19.15,19.35,19.1,19.35,59092
2017-04-25,19.15,19.15,19.35,19.1,19.35,59092
2017-04-26,19.15,19.15,19.35,19.1,19.35,59092
2017-04-27,19.15,19.15,19.35,19.1,19.35,59092
2017-04-28,19.15,19.15,19.35,19.1,19.35,59092
2017-05-02,19.15,19.15,19.35,19.1,19.35,59092
2017-05-03,19.15,19.15,19.35,19.1,19.35,59092
2017-05-04,19.15,19.15,19.35,19.1,19.35,59092
2017-05-05,19.15,19.15,19.35,19.1,19.35,59092
2017-05-08,19.15,19.15,19.35,19.1,19.35,59092
2017-05-09,19.15,19.15,19.35,19.1,19.35,59092
2017-05-10,19.15,19.15,19.35,19.1,19.35,59092
2017-05-11,19.15,19.15,19.35,19.1,19.35,59092
2017-05-12,19.15,19.15,19.35,19.1,19.35,59092
2017-05-15,19.15,19.15,19.35,19.1,19.35,59092
2017-05-16,19.15,19.15,19.35,19.1,19.35,59092
2017-05-17,19.15,19.15,19.35,19.1,19.35,59092
2017-05-18,19.15,19.15,19.35,19.1,19.35,59092
2017-05-19,19.15,19.15,19.35,19.1,19.35,59092
2017-05-22,19.15,19.15,19.35,19.1,19.35,59092
2017-05-23,19.15,19.15,19.35,19.1,19.35,59092
2017-05-24,19.15,19.15,19.35,19.1,19.35,59092
2017-05-25,19.15,19.15,19.35,19.1,19.35,59092
2017-05-26,19.15,19.15,19.35,19.1,19.35,59092
2017-05-31,19.15,19.15,19.35,19.1,19.35,59092
2017-06-01,19.15,19.15,19.35,19.1,19.35,59092
2017-06-02,19.15,19.15,19.35,19.1,19.35,59092
2017-06-05,19.15,19.15,19.35,19.1,19.35,59092
2017-06-06,19.15,19.15,19.35,19.1,19.35,59092
2017-06-07,19.15,19.15,19.35,19.1,19.35,59092
2017-06-08,19.15,19.15,19.35,19.1,19.35,59092
2017-06-09,19.15,19.15,19.35,19.1,19.35,59092
2017-06-12,19.15,19.15,19.35,19.1,19.35,59092
2017-06-13,19.15,19.15,19.35,19.1,19.35,59092
2017-06-14,19.15,19.15,19.35,19.1,19.35,59092
2017-06-15,19.15,19.15,19.35,19.1,19.35,59092
2017-06-16,19.15,19.15,19.35,19.1,19.35,59092
2017-06-19,19.15,19.15,19.35,19.1,19.35,59092
2017-06-20,19.15,19.15,19.35,19.1,19.35,59092
2017-06-21,19.15,19.15,19.35,19.1,19.35,59092
2017-06-22,19.15,19.15,19.35,19.1,19.35,59092
2017-06-23,19.15,19.15,19.35,19.1,19.35,59092
2017-06-26,19.15,19.15,19.35,19.1,19.35,59092
2017-06-27,19.15,19.15,19.35,19.1,19.35,59092
2017-06-28,19.15,19.15,19.35,19.1,19.35,59092
2017-06-29,19.15,19.15,19.35,19.1,19.35,59092
2017-06-30,19.15,19.15,19.35,19.1,19.35,59092
2017-07-03,19.15,19.15,19.35,19.1,19.35,59092
2017-07-04,19.15,19.15,19.35,19.1,19.35,59092
2017-07-05,19.15,19.15,19.35,19.1,19.35,59092
2017-07-06,19.15,19.15,19.35,19.1,19.35,59092
2017-07-07,19.15,19.15,19.35,19.1,19.35,59092
2017-07-10,19.15,19.15,19.35,19.1,19.35,59092
2017-07-11,19.15,19.15,19.35,19.1,19.35,59092
2017-07-12,19.15,19.15,19.35,19.1,19.35,59092
2017-07-13,19.15,19.15,19.35,19.1,19.35,59092
2017-07-14,19.15,19.15,19.35,19.1,19.35,59092
2017-07-17,19.15,19.15,19.35,19.1,19.35,59092
2017-07-18,19.15,19.15,19.35,19.1,19.35,59092
2017-07-19,19.15,19.15,19.35,19.1,19.35,59092
2017-07-20,19.15,19.15,19.35,19.1,19.35,59092
2017-07-21,19.15,19.15,19.35,19.1,19.35,59092
2017-07-24,19.15,19.15,19.35,19.1,19.35,59092
2017-07-25,19.15,19.15,19.35,19.1,19.35,59092
2017-07-26,19.15,19.15,19.35,19.1,19.35,59092
2017-07-27,19.15,19.15,19.35,19.1,19.35,59092
2017-07-28,19.15,19.15,19.35,19.1,19.35,59092
2017-07-31,19.15,19.15,19.35,19.1,19.35,59092
2017-08-01,19.15,19.15,19.35,19.1,19.35,59092
2017-08-02,19.15,19.15,19.35,19.1,19.35,59092
2017-08-03,19.15,19.15,19.35,19.1,19.35,59092
2017-08-04,19.15,19.15,19.35,19.1,19.35,59092
2017-08-07,19.15,19.15,19.35,19.1,19.35,59092
2017-08-08,19.15,19.15,19.35,19.1,19.35,59092
2017-08-09,19.15,19.15,19.35,19.1,19.35,59092
2017-08-10,19.15,19.15,19.35,19.1,19.35,59092
2017-08-11,19.15,19.15,19.35,19.1,19.35,59092
2017-08-14,19.15,19.15,19.35,19.1,19.35,59092
2017-08-15,19.15,19.15,19.35,19.1,19.35,59092
2017-08-16,19.15,19.15,19.35,19.1,19.35,59092
2017-08-17,19.15,19.15,19.35,19.1,19.35,59092
2017-08-18,19.15,19.15,19.35,19.1,19.35,59092
2017-08-21,19.15,19.15,19.35,19.1,19.35,59092
2017-08-22,19.15,19.15,19.35,19.1,19.35,59092
2017-08-23,19.15,19.15,19.35,19.1,19.35,59092
2017-08-24,19.15,19.15,19.35,19.1,19.35,59092
2017-08-25,19.15,19.15,19.35,19.1,19.35,59092
2017-08-28,19.15,19.15,19.35,19.1,19.35,59092
2017-08-29,19.15,19.15,19.35,19.1,19.35,59092
2017-08-30,19.15,19.15,19.35,19.1,19.35,59092
2017-08-31,19.15,19.15,19.35,19.1,19.35,59092
2017-09-01,19.15,19.15,19.35,19.1,19.35,59092
2017-09-04,19.15,19.15,19.35,19.1,19.35,59092
2017-09-05,19.15,19.15,19.35,19.1,19.35,59092
2017-09-06,19.15,19.15,19.35,19.1,19.35,59092
2017-09-07,19.15,19.15,19.35,19.1,19.35,59092
2017-09-08,19.15,19.15,19.35,19.1,19.35,59092
2017-09-11,19.15,19.15,19.35,19.1,19.35,59092
2017-09-12,19.15,19.15,19.35,19.1,19.35,59092
2017-09-13,19.15,19.15,19.35,19.1,19.35,59092
2017-09-14,19.15,19.15,19.35,19.1,19.35,59092
2017-09-15,19.15,19.15,19.35,19.1,19.35,59092
2017-09-18,19.15,19.15,19.35,19.1,19.35,59092
2017-09-19,19.15,19.15,19.35,19.1,19.35,59092
2017-09-20,19.15,19.15,19.35,19.1,19.35,59092
2017-09-21,19.15,19.15,19.35,19.1,19.35,59092
2017-09-22,19.15,19.15,19.35,19.1,19.35,59092
2017-09-25,19.15,19.15,19.35,19.1,19.35,59092
2017-09-26,19.15,19.15,19.35,19.1,19.35,59092
2017-09-27,19.15,19.15,19.35,19.1,19.35,59092
2017-09-28,19.15,19.15,19.35,19.1,19.35,59092
2017-09-29,19.15,19.15,19.35,19.1,19.35,59092
2017-10-02,19.15,19.15,19.35,19.1,19.35,59092
2017-10-03,19.15,19.15,19.35,19.1,19.35,59092
2017-10-05,19.15,19.15,19.35,19.1,19.35,59092
2017-10-06,19.15,19.15,19.35,19.1,19.35,59092
2017-10-11,19.15,19.15,19.35,19.1,19.35,59092
2017-10-12,19.15,19.15,19.35,19.1,19.35,59092
2017-10-13,19.15,19.15,19.35,19.1,19.35,59092
2017-10-16,19.15,19.15,19.35,19.1,19.35,59092
2017-10-17,19.15,19.15,19.35,19.1,19.35,59092
2017-10-18,19.15,19.15,19.35,19.1,19.35,59092
2017-10-19,19.15,19.15,19.35,19.1,19.35,59092
2017-10-20,19.15,19.15,19.35,19.1,19.35,59092
2017-10-23,19.15,19.15,19.35,19.1,19.35,59092
2017-10-24,19.15,19.15,19.35,19.1,19.35,59092
2017-10-25,19.15,19.15,19.35,19.1,19.35,59092
2017-10-26,19.15,19.15,19.35,19.1,19.35,59092
2017-10-27,19.15,19.15,19.35,19.1,19.35,59092
2017-10-30,19.15,19.15,19.35,19.1,19.35,59092
2017-10-31,19.15,19.15,19.35,19.1,19.35,59092
2017-11-01,19.15,19.15,19.35,19.1,19.35,59092
2017-11-02,19.15,19.15,19.35,19.1,19.35,59092
2017-11-03,19.15,19.15,19.35,19.1,19.35,59092
2017-11-06,19.15,19.15,19.35,19.1,19.35,59092
2017-11-07,19.15,19.15,19.35,19.1,19.35,59092
2017-11-08,19.15,19.15,19.35,19.1,19.35,59092
2017-11-09,19.15,19.15,19.35,19.1,19.35,59092
2017-11-10,19.15,19.15,19.35,19.1,19.35,59092
2017-11-13,19.15,19.15,19.35,19.1,19.35,59092
2017-11-14,19.15,19.15,19.35,19.1,19.35,59092
2017-11-15,19.15,19.15,19.35,19.1,19.35,59092
2017-11-16,19.15,19.15,19.35,19.1,19.35,59092
2017-11-17,19.15,19.15,19.35,19.1,19.35,59092
2017-11-20,19.15,19.15,19.35,19.1,19.35,59092
2017-11-21,19.15,19.15,19.35,19.1,19.35,59092
2017-11-22,19.15,19.15,19.35,19.1,19.35,59092
2017-11-23,19.15,19.15,19.35,19.1,19.35,59092
2017-11-24,19.15,19.15,19.35,19.1,19.35,59092
2017-11-27,19.15,19.15,19.35,19.1,19.35,59092
2017-11-28,19.15,19.15,19.35,19.1,19.35,59092
2017-11-29,19.15,19.15,19.35,19.1,19.35,59092
2017-11-30,19.15,19.15,19.35,19.1,19.35,59092
2017-12-01,19.15,19.15,19.35,19.1,19.35,59092
2017-12-04,19.15,19.15,19.35,19.1,19.35,59092
2017-12-05,19.15,19.15,19.35,19.1,19.35,59092
2017-12-06,19.15,19.15,19.35,19.1,19.35,59092
2017-12-07,19.15,19.15,19.35,19.1,19.35,59092
2017-12-08,19.15,19.15,19.35,19.1,19.35,59092
2017-12-11,19.15,19.15,19.35,19.1,19.35,59092
2017-12-12,19.15,19.15,19.35,19.1,19.35,59092
2017-12-13,19.15,19.15,19.35,19.1,19.35,59092
2017-12-14,19.15,19.15,19.35,19.1,19.35,59092
2017-12-15,19.15,19.15,19.35,19.1,19.35,59092
2017-12-18,19.15,19.15,19.35,19.1,19.35,59092
2017-12-19,19.15,19.15,19.35,19.1,19.35,59092
2017-12-20,19.15,19.15,19.35,19.1,19.35,59092
2017-12-21,19.15,19.15,19.35,19.1,19.35,59092
2017-12-22,19.15,19.15,19.35,19.1,19.35,59092
2017-12-25,19.15,19.15,19.35,19.1,19.35,59092
2017-12-26,19.15,19.15,19.35,19.1,19.35,59092
2017-12-27,19.15,19.15,19.35,19.1,19.35,59092
2017-12-28,19.15,19.15,19.35,19.1,19.35,59092
2017-12-29,19.15,19.15,19.35,19.1,19.35,59092
2018-01-02,19.15,19.15,19.35,19.1,19.35,59092
2018-01-03,19.15,19.15,19.35,19.1,19.35,59092
2018-01-04,19.15,19.15,19.35,19.1,19.35,59092
2018-01-05,19.15,19.15,19.35,19.1,19.35,59092
2018-01-08,19.15,19.15,19.35,19.1,19.35,59092
2018-01-09,19.15,19.15,19.35,19.1,19.35,59092
2018-01-10,19.15,19.15,19.35,19.1,19.35,59092
2018-01-11,19.15,19.15,19.35,19.1,19.35,59092
2018-01-12,19.15,19.15,19.35,19.1,19.35,59092
2018-01-15,19.15,19.15,19.35,19.1,19.35,59092
2018-01-16,19.15,19.15,19.35,19.1,19.35,59092
2018-01-17,19.15,19.15,19.35,19.1,19.35,59092
2018-01-18,19.15,19.15,19.35,19.1,19.35,59092
2018-01-19,19.15,19.15,19.35,19.1,19.35,59092
2018-01-22,19.15,19.15,19.35,19.1,19.35,59092
2018-01-23,19.15,19.15,19.35,19.1,19.35,59092
2018-01-24,19.15,19.15,19.35,19.1,19.35,59092
2018-01-25,19.15,19.15,19.35,19.1,19.35,59092
2018-01-26,19.15,19.15,19.35,19.1,19.35,59092
2018-01-29,19.15,19.15,19.35,19.1,19.35,59092
2018-01-30,19.15,19.15,19.35,19.1,19.35,59092
2018-01-31,19.15,19.15,19.35,19.1,19.35,59092
2018-02-01,19.15,19.15,19.35,19.1,19.35,59092
2018-02-02,19.15,19.15,19.35,19.1,19.35,59092
2018-02-05,19.15,19.15,19.35,19.1,19.35,59092
2018-02-06,19.15,19.15,19.35,19.1,19.35,59092
2018-02-07,19.15,19.15,19.35,19.1,19.35,59092
2018-02-08,19.15,19.15,19.35,19.1,19.35,59092
2018-02-09,19.15,19.15,19.35,19.1,19.35,59092
2018-02-12,19.15,19.15,19.35,19.1,19.35,59092
2018-02-21,19.15,19.15,19.35,19.1,19.35,59092
2018-02-22,19.15,19.15,19.35,19.1,19.35,59092
2018-02-23,19.15,19.15,19.35,19.1,19.35,59092
2018-02-26,19.15,19.15,19.35,19.1,19.35,59092
2018-02-27,19.15,19.15,19.35,19.1,19.35,59092
2018-03-01,19.15,19.15,19.35,19.1,19.35,59092
2018-03-02,19.15,19.15,19.35,19.1,19.35,59092
2018-03-05,19.15,19.15,19.35,19.1,19.35,59092
2018-03-06,19.15,19.15,19.35,19.1,19.35,59092
2018-03-07,19.15,19.15,19.35,19.1,19.35,59092
2018-03-08,19.15,19.15,19.35,19.1,19.35,59092
2018-03-09,19.15,19.15,19.35,19.1,19.35,59092
2018-03-12,19.15,19.15,19.35,19.1,19.35,59092
2018-03-13,19.15,19.15,19.35,19.1,19.35,59092
2018-03-14,19.15,19.15,19.35,19.1,19.35,59092
2018-03-15,19.15,19.15,19.35,19.1,19.35,59092
2018-03-16,19.15,19.15,19.35,19.1,19.35,59092
2018-03-19,19.15,19.15,19.35,19.1,19.35,59092
2018-03-20,19.15,19.15,19.35,19.1,19.35,59092
2018-03-21,19.15,19.15,19.35,19.1,19.35,59092
2018-03-22,19.15,19.15,19.35,19.1,19.35,59092
2018-03-23,19.15,19.15,19.35,19.1,19.35,59092
2018-03-26,19.15,19.15,19.35,19.1,19.35,59092
2018-03-27,19.15,19.15,19.35,19.1,19.35,59092
2018-03-28,19.15,19.15,19.35,19.1,19.35,59092
2018-03-29,19.15,19.15,19.35,19.1,19.35,59092
2018-03-30,19.15,19.15,19.35,19.1,19.35,59092
2018-04-02,19.15,19.15,19.35,19.1,19.35,59092
2018-04-03,19.15,19.15,19.35,19.1,19.35,59092
2018-04-09,19.15,19.15,19.35,19.1,19.35,59092
2018-04-10,19.15,19.15,19.35,19.1,19.35,59092
2018-04-11,19.15,19.15,19.35,19.1,19.35,59092
2018-04-12,19.15,19.15,19.35,19.1,19.35,59092
2018-04-13,19.15,19.15,19.35,19.1,19.35,59092
2018-04-16,19.15,19.15,19.35,19.1,19.35,59092
2018-04-17,19.15,19.15,19.35,19.1,19.35,59092
2018-04-18,19.15,19.15,19.35,19.1,19.35,59092
2018-04-19,19.15,19.15,19.35,19.1,19.35,59092
2018-04-20,19.15,19.15,19.35,19.1,19.35,59092
2018-04-23,19.15,19.15,19.35,19.1,19.35,59092
2018-04-24,19.15,19.15,19.35,19.1,19.35,59092
2018-04-25,19.15,19.15,19.35,19.1,19.35,59092
2018-04-26,19.15,19.15,19.35,19.1,19.35,59092
2018-04-27,19.15,19.15,19.35,19.1,19.35,59092
2018-04-30,19.15,19.15,19.35,19.1,19.35,59092
2018-05-02,19.15,19.15,19.35,19.1,19.35,59092
2018-05-03,19.15,19.15,19.35,19.1,19.35,59092
2018-05-04,19.15,19.15,19.35,19.1,19.35,59092
2018-05-07,19.15,19.15,19.35,19.1,19.35,59092
2018-05-08,19.15,19.15,19.35,19.1,19.35,59092
2018-05-09,19.15,19.15,19.35,19.1,19.35,59092
2018-05-10,19.15,19.15,19.35,19.1,19.35,59092
2018-05-11,19.15,19.15,19.35,19.1,19.35,59092
2018-05-14,19.15,19.15,19.35,19.1,19.35,59092
2018-05-15,19.15,19.15,19.35,19.1,19.35,59092
2018-05-16,19.15,19.15,19.35,19.1,19.35,59092
2018-05-17,19.15,19.15,19.35,19.1,19.35,59092
2018-05-18,19.15,19.15,19.35,19.1,19.35,59092
2018-05-21,19.15,19.15,19.35,19.1,19.35,59092
2018-05-22,19.15,19.15,19.35,19.1,19.35,59092
2018-05-23,19.15,19.15,19.35,19.1,19.35,59092
2018-05-24,19.15,19.15,19.35,19.1,19.35,59092
2018-05-25,19.15,19.15,19.35,19.1,19.35,59092
2018-05-28,19.15,19.15,19.35,19.1,19.35,59092
2018-05-29,19.15,19.15,19.35,19.1,19.35,59092
2018-05-30,19.15,19.15,19.35,19.1,19.35,59092
2018-05-31,19.15,19.15,19.35,19.1,19.35,59092
2018-06-01,19.15,19.15,19.35,19.1,19.35,59092
2018-06-04,19.15,19.15,19.35,19.1,19.35,59092
2018-06-05,19.15,19.15,19.35,19.1,19.35,59092
2018-06-06,19.15,19.15,19.35,19.1,19.35,59092
2018-06-07,19.15,19.15,19.35,19.1,19.35,59092
2018-06-08,19.15,19.15,19.35,19.1,19.35,59092
2018-06-11,19.15,19.15,19.35,19.1,19.35,59092
2018-06-12,19.15,19.15,19.35,19.1,19.35,59092
2018-06-13,19.15,19.15,19.35,19.1,19.35,59092
2018-06-14,19.15,19.15,19.35,19.1,19.35,59092
2018-06-15,19.15,19.15,19.35,19.1,19.35,59092
2018-06-19,19.15,19.15,19.35,19.1,19.35,59092
2018-06-20,19.15,19.15,19.35,19.1,19.35,59092
2018-06-21,19.15,19.15,19.35,19.1,19.35,59092
2018-06-22,19.15,19.15,19.35,19.1,19.35,59092
2018-06-25,19.15,19.15,19.35,19.1,19.35,59092
2018-06-26,19.15,19.15,19.35,19.1,19.35,59092
2018-06-27,19.15,19.15,19.35,19.1,19.35,59092
2018-06-28,19.15,19.15,19.35,19.1,19.35,59092
2018-06-29,19.15,19.15,19.35,19.1,19.35,59092
2018-07-02,19.15,19.15,19.35,19.1,19.35,59092
2018-07-03,19.15,19.15,19.35,19.1,19.35,59092
2018-07-04,19.15,19.15,19.35,19.1,19.35,59092
2018-07-05,19.15,19.15,19.35,19.1,19.35,59092
2018-07-06,19.15,19.15,19.35,19.1,19.35,59092
2018-07-09,19.15,19.15,19.35,19.1,19.35,59092
2018-07-10,19.15,19.15,19.35,19.1,19.35,59092
2018-07-11,19.15,19.15,19.35,19.1,19.35,59092
2018-07-12,19.15,19.15,19.35,19.1,19.35,59092
2018-07-13,19.15,19.15,19.35,19.1,19.35,59092
2018-07-16,19.15,19.15,19.35,19.1,19.35,59092
2018-07-17,19.15,19.15,19.35,19.1,19.35,59092
2018-07-18,19.15,19.15,19.35,19.1,19.35,59092
2018-07-19,19.15,19.15,19.35,19.1,19.35,59092
2018-07-20,19.15,19.15,19.35,19.1,19.35,59092
2018-07-23,19.15,19.15,19.35,19.1,19.35,59092
2018-07-24,19.15,19.15,19.35,19.1,19.35,59092
2018-07-25,19.15,19.15,19.35,19.1,19.35,59092
2018-07-26,19.15,19.15,19.35,19.1,19.35,59092
2018-07-27,19.15,19.15,19.35,19.1,19.35,59092
2018-07-30,19.15,19.15,19.35,19.1,19.35,59092
2018-07-31,19.15,19.15,19.35,19.1,19.35,59092
2018-08-01,19.15,19.15,19.35,19.1,19.35,59092
2018-08-02,19.15,19.15,19.35,19.1,19.35,59092
2018-08-03,19.15,19.15,19.35,19.1,19.35,59092
2018-08-06,19.15,19.15,19.35,19.1,19.35,59092
2018-08-07,19.15,19.15,19.35,19.1,19.35,59092
2018-08-08,19.15,19.15,19.35,19.1,19.35,59092
2018-08-09,19.15,19.15,19.35,19.1,19.35,59092
2018-08-10,19.15,19.15,19.35,19.1,19.35,59092
2018-08-13,19.15,19.15,19.35,19.1,19.35,59092
2018-08-14,19.15,19.15,19.35,19.1,19.35,59092
2018-08-15,19.15,19.15,19.35,19.1,19.35,59092
2018-08-16,19.15,19.15,19.35,19.1,19.35,59092
2018-08-17,19.15,19.15,19.35,19.1,19.35,59092
2018-08-20,19.15,19.15,19.35,19.1,19.35,59092
2018-08-21,19.15,19.15,19.35,19.1,19.35,59092
2018-08-22,19.15,19.15,19.35,19.1,19.35,59092
2018-08-23,19.15,19.15,19.35,19.1,19.35,59092
2018-08-24,19.15,19.15,19.35,19.1,19.35,59092
2018-08-27,19.15,19.15,19.35,19.1,19.35,59092
2018-08-28,19.15,19.15,19.35,19.1,19.35,59092
2018-08-29,19.15,19.15,19.35,19.1,19.35,59092
2018-08-30,19.15,19.15,19.35,19.1,19.35,59092
2018-08-31,19.15,19.15,19.35,19.1,19.35,59092
2018-09-03,19.15,19.15,19.35,19.1,19.35,59092
2018-09-04,19.15,19.15,19.35,19.1,19.35,59092
2018-09-05,19.15,19.15,19.35,19.1,19.35,59092
2018-09-06,19.15,19.15,19.35,19.1,19.35,59092
2018-09-07,19.15,19.15,19.35,19.1,19.35,59092
2018-09-10,19.15,19.15,19.35,19.1,19.35,59092
2018-09-11,19.15,19.15,19.35,19.1,19.35,59092
2018-09-12,19.15,19.15,19.35,19.1,19.35,59092
2018-09-13,19.15,19.15,19.35,19.1,19.35,59092
2018-09-14,19.15,19.15,19.35,19.1,19.35,59092
2018-09-17,19.15,19.15,19.35,19.1,19.35,59092
2018-09-18,19.15,19.15,19.35,19.1,19.35,59092
2018-09-19,19.15,19.15,19.35,19.1,19.35,59092
2018-09-20,19.15,19.15,19.35,19.1,19.35,59092
2018-09-21,19.15,19.15,19.35,19.1,19.35,59092
2018-09-25,19.15,19.15,19.35,19.1,19.35,59092
2018-09-26,19.15,19.15,19.35,19.1,19.35,59092
2018-09-27,19.15,19.15,19.35,19.1,19.35,59092
2018-09-28,19.15,19.15,19.35,19.1,19.35,59092
2018-10-01,19.15,19.15,19.35,19.1,19.35,59092
2018-10-02,19.15,19.15,19.35,19.1,19.35,59092
2018-10-03,19.15,19.15,19.35,19.1,19.35,59092
2018-10-04,19.15,19.15,19.35,19.1,19.35,59092
2018-10-05,19.15,19.15,19.35,19.1,19.35,59092
2018-10-08,19.15,19.15,19.35,19.1,19.35,59092
2018-10-09,19.15,19.15,19.35,19.1,19.35,59092
2018-10-11,19.15,19.15,19.35,19.1,19.35,59092
2018-10-12,19.15,19.15,19.35,19.1,19.35,59092
2018-10-15,19.15,19.15,19.35,19.1,19.35,59092
2018-10-16,19.15,19.15,19.35,19.1,19.35,59092
2018-10-17,19.15,19.15,19.35,19.1,19.35,59092
2018-10-18,19.15,19.15,19.35,19.1,19.35,59092
2018-10-19,19.15,19.15,19.35,19.1,19.35,59092
2018-10-22,19.15,19.15,19.35,19.1,19.35,59092
2018-10-23,19.15,19.15,19.35,19.1,19.35,59092
2018-10-24,19.15,19.15,19.35,19.1,19.35,59092
2018-10-25,19.15,19.15,19.35,19.1,19.35,59092
2018-10-26,19.15,19.15,19.35,19.1,19.35,59092
2018-10-29,19.15,19.15,19.35,19.1,19.35,59092
2018-10-30,19.15,19.15,19.35,19.1,19.35,59092
2018-10-31,19.15,19.15,19.35,19.1,19.35,59092
2018-11-01,19.15,19.15,19.35,19.1,19.35,59092
2018-11-02,19.15,19.15,19.35,19.1,19.35,59092
2018-11-05,19.15,19.15,19.35,19.1,19.35,59092
2018-11-06,19.15,19.15,19.35,19.1,19.35,59092
2018-11-07,19.15,19.15,19.35,19.1,19.35,59092
2018-11-08,19.15,19.15,19.35,19.1,19.35,59092
2018-11-09,19.15,19.15,19.35,19.1,19.35,59092
2018-11-12,19.15,19.15,19.35,19.1,19.35,59092
2018-11-13,19.15,19.15,19.35,19.1,19.35,59092
2018-11-14,19.15,19.15,19.35,19.1,19.35,59092
2018-11-15,19.15,19.15,19.35,19.1,19.35,59092
2018-11-16,19.15,19.15,19.35,19.1,19.35,59092
2018-11-19,19.15,19.15,19.35,19.1,19.35,59092
2018-11-20,19.15,19.15,19.35,19.1,19.35,59092
2018-11-21,19.15,19.15,19.35,19.1,19.35,59092
2018-11-22,19.15,19.15,19.35,19.1,19.35,59092
2018-11-23,19.15,19.15,19.35,19.1,19.35,59092
2018-11-26,19.15,19.15,19.35,19.1,19.35,59092
2018-11-27,19.15,19.15,19.35,19.1,19.35,59092
2018-11-28,19.15,19.15,19.35,19.1,19.35,59092
2018-11-29,19.15,19.15,19.35,19.1,19.35,59092
2018-11-30,19.15,19.15,19.35,19.1,19.35,59092
2018-12-03,19.15,19.15,19.35,19.1,19.35,59092
2018-12-04,19.15,19.15,19.35,19.1,19.35,59092
2018-12-05,19.15,19.15,19.35,19.1,19.35,59092
2018-12-06,19.15,19.15,19.35,19.1,19.35,59092
2018-12-07,19.15,19.15,19.35,19.1,19.35,59092
2018-12-10,19.15,19.15,19.35,19.1,19.35,59092
2018-12-11,19.15,19.15,19.35,19.1,19.35,59092
2018-12-12,19.15,19.15,19.35,19.1,19.35,59092
2018-12-13,19.15,19.15,19.35,19.1,19.35,59092
2018-12-14,19.15,19.15,19.35,19.1,19.35,59092
2018-12-17,19.15,19.15,19.35,19.1,19.35,59092
2018-12-18,19.15,19.15,19.35,19.1,19.35,59092
2018-12-19,19.15,19.15,19.35,19.1,19.35,59092
2018-12-20,19.15,19.15,19.35,19.1,19.35,59092
2018-12-21,19.15,19.15,19.35,19.1,19.35,59092
2018-12-24,19.15,19.15,19.35,19.1,19.35,59092
2018-12-25,19.15,19.15,19.35,19.1,19.35,59092
2018-12-26,19.15,19.15,19.35,19.1,19.35,59092
2018-12-27,19.15,19.15,19.35,19.1,19.35,59092
2018-12-28,19.15,19.15,19.35,19.1,19.35,59092
2019-01-02,19.15,19.15,19.35,19.1,19.35,59092
2019-01-03,19.15,19.15,19.35,19.1,19.35,59092
2019-01-04,19.15,19.15,19.35,19.1,19.35,59092
2019-01-07,19.15,19.15,19.35,19.1,19.35,59092
2019-01-08,19.15,19.15,19.35,19.1,19.35,59092
2019-01-09,19.15,19.15,19.35,19.1,19.35,59092
2019-01-10,19.15,19.15,19.35,19.1,19.35,59092
2019-01-11,19.15,19.15,19.35,19.1,19.35,59092
2019-01-14,19.15,19.15,19.35,19.1,19.35,59092
2019-01-15,19.15,19.15,19.35,19.1,19.35,59092
2019-01-16,19.15,19.15,19.35,19.1,19.35,59092
2019-01-17,19.15,19.15,19.35,19.1,19.35,59092
2019-01-18,19.15,19.15,19.35,19.1,19.35,59092
2019-01-21,19.15,19.15,19.35,19.1,19.35,59092
2019-01-22,19.15,19.15,19.35,19.1,19.35,59092
2019-01-23,19.15,19.15,19.35,19.1,19.35,59092
2019-01-24,19.15,19.15,19.35,19.1,19.35,59092
2019-01-25,19.15,19.15,19.35,19.1,19.35,59092
2019-01-28,19.15,19.15,19.35,19.1,19.35,59092
2019-01-29,19.15,19.15,19.35,19.1,19.35,59092
2019-01-30,19.15,19.15,19.35,19.1,19.35,59092
2019-02-11,19.15,19.15,19.35,19.1,19.35,59092
2019-02-12,19.15,19.15,19.35,19.1,19.35,59092
2019-02-13,19.15,19.15,19.35,19.1,19.35,59092
2019-02-14,19.15,19.15,19.35,19.1,19.35,59092
2019-02-15,19.15,19.15,19.35,19.1,19.35,59092
2019-02-18,19.15,19.15,19.35,19.1,19.35,59092
2019-02-19,19.15,19.15,19.35,19.1,19.35,59092
2019-02-20,19.15,19.15,19.35,19.1,19.35,59092
2019-02-21,19.15,19.15,19.35,19.1,19.35,59092
2019-02-22,19.15,19.15,19.35,19.1,19.35,59092
2019-02-25,19.15,19.15,19.35,19.1,19.35,59092
2019-02-26,19.15,19.15,19.35,19.1,19.35,59092
2019-02-27,19.15,19.15,19.35,19.1,19.35,59092
2019-03-04,19.15,19.15,19.35,19.1,19.35,59092
2019-03-05,19.15,19.15,19.35,19.1,19.35,59092
2019-03-06,19.15,19.15,19.35,19.1,19.35,59092
2019-03-07,19.15,19.15,19.35,19.1,19.35,59092
2019-03-08,19.15,19.15,19.35,19.1,19.35,59092
2019-03-11,19.15,19.15,19.35,19.1,19.35,59092
2019-03-12,19.15,19.15,19.35,19.1,19.35,59092
2019-03-13,19.15,19.15,19.35,19.1,19.35,59092
2019-03-14,19.15,19.15,19.35,19.1,19.35,59092
2019-03-15,19.15,19.15,19.35,19.1,19.35,59092
2019-03-18,19.15,19.15,19.35,19.1,19.35,59092
2019-03-19,19.15,19.15,19.35,19.1,19.35,59092
2019-03-20,19.15,19.15,19.35,19.1,19.35,59092
2019-03-21,19.15,19.15,19.35,19.1,19.35,59092
2019-03-22,19.15,19.15,19.35,19.1,19.35,59092
2019-03-25,19.15,19.15,19.35,19.1,19.35,59092
2019-03-26,19.15,19.15,19.35,19.1,19.35,59092
2019-03-27,19.15,19.15,19.35,19.1,19.35,59092
2019-03-28,19.15,19.15,19.35,19.1,19.35,59092
2019-03-29,19.15,19.15,19.35,19.1,19.35,59092
2019-04-01,19.15,19.15,19.35,19.1,19.35,59092
2019-04-02,19.15,19.15,19.35,19.1,19.35,59092
2019-04-03,19.15,19.15,19.35,19.1,19.35,59092
2019-04-08,19.15,19.15,19.35,19.1,19.35,59092
2019-04-09,19.15,19.15,19.35,19.1,19.35,59092
2019-04-10,19.15,19.15,19.35,19.1,19.35,59092
2019-04-11,19.15,19.15,19.35,19.1,19.35,59092
2019-04-12,19.15,19.15,19.35,19.1,19.35,59092
2019-04-15,19.15,19.15,19.35,19.1,19.35,59092
2019-04-16,19.15,19.15,19.35,19.1,19.35,59092
2019-04-17,19.15,19.15,19.35,19.1,19.35,59092
2019-04-18,19.15,19.15,19.35,19.1,19.35,59092
2019-04-19,19.15,19.15,19.35,19.1,19.35,59092
2019-04-22,19.15,19.15,19.35,19.1,19.35,59092
2019-04-23,19.15,19.15,19.35,19.1,19.35,59092
2019-04-24,19.15,19.15,19.35,19.1,19.35,59092
2019-04-25,19.15,19.15,19.35,19.1,19.35,59092
2019-04-26,19.15,19.15,19.35,19.1,19.35,59092
2019-04-29,19.15,19.15,19.35,19.1,19.35,59092
2019-04-30,19.15,19.15,19.35,19.1,19.35,59092
2019-05-02,19.15,19.15,19.35,19.1,19.35,59092
2019-05-03,19.15,19.15,19.35,19.1,19.35,59092
2019-05-06,19.15,19.15,19.35,19.1,19.35,59092
2019-05-07,19.15,19.15,19.35,19.1,19.35,59092
2019-05-08,19.15,19.15,19.35,19.1,19.35,59092
2019-05-09,19.15,19.15,19.35,19.1,19.35,59092
2019-05-10,19.15,19.15,19.35,19.1,19.35,59092
2019-05-13,19.15,19.15,19.35,19.1,19.35,59092
2019-05-14,19.15,19.15,19.35,19.1,19.35,59092
2019-05-15,19.15,19.15,19.35,19.1,19.35,59092
2019-05-16,19.15,19.15,19.35,19.1,19.35,59092
2019-05-17,19.15,19.15,19.35,19.1,19.35,59092
2019-05-20,19.15,19.15,19.35,19.1,19.35,59092
2019-05-21,19.15,19.15,19.35,19.1,19.35,59092
2019-05-22,19.15,19.15,19.35,19.1,19.35,59092
2019-05-23,19.15,19.15,19.35,19.1,19.35,59092
2019-05-24,19.15,19.15,19.35,19.1,19.35,59092
2019-05-27,19.15,19.15,19.35,19.1,19.35,59092
2019-05-28,19.15,19.15,19.35,19.1,19.35,59092
2019-05-29,19.15,19.15,19.35,19.1,19.35,59092
2019-05-30,19.15,19.15,19.35,19.1,19.35,59092
2019-05-31,19.15,19.15,19.35,19.1,19.35,59092
2019-06-03,19.15,19.15,19.35,19.1,19.35,59092
2019-06-04,19.15,19.15,19.35,19.1,19.35,59092
2019-06-05,19.15,19.15,19.35,19.1,19.35,59092
2019-06-06,19.15,19.15,19.35,19.1,19.35,59092
2019-06-10,19.15,19.15,19.35,19.1,19.35,59092
2019-06-11,19.15,19.15,19.35,19.1,19.35,59092
2019-06-12,19.15,19.15,19.35,19.1,19.35,59092
2019-06-13,19.15,19.15,19.35,19.1,19.35,59092
2019-06-14,19.15,19.15,19.35,19.1,19.35,59092
2019-06-17,19.15,19.15,19.35,19.1,19.35,59092
2019-06-18,19.15,19.15,19.35,19.1,19.35,59092
2019-06-19,19.15,19.15,19.35,19.1,19.35,59092
2019-06-20,19.15,19.15,19.35,19.1,19.35,59092
2019-06-21,19.15,19.15,19.35,19.1,19.35,59092
2019-06-24,19.15,19.15,19.35,19.1,19.35,59092
2019-06-25,19.15,19.15,19.35,19.1,19.35,59092
2019-06-26,19.15,19.15,19.35,19.1,19.35,59092
2019-06-27,19.15,19.15,19.35,19.1,19.35,59092
2019-06-28,19.15,19.15,19.35,19.1,19.35,59092
2019-07-01,19.15,19.15,19.35,19.1,19.35,59092
2019-07-02,19.15,19.15,19.35,19.1,19.35,59092
2019-07-03,19.15,19.15,19.35,19.1,19.35,59092
2019-07-04,19.15,19.15,19.35,19.1,19.35,59092
2019-07-05,19.15,19.15,19.35,19.1,19.35,59092
2019-07-08,19.15,19.15,19.35,19.1,19.35,59092
2019-07-09,19.15,19.15,19.35,19.1,19.35,59092
2019-07-10,19.15,19.15,19.35,19.1,19.35,59092
2019-07-11,19.15,19.15,19.35,19.1,19.35,59092
2019-07-12,19.15,19.15,19.35,19.1,19.35,59092
2019-07-15,19.15,19.15,19.35,19.1,19.35,59092
2019-07-16,19.15,19.15,19.35,19.1,19.35,59092
2019-07-17,19.15,19.15,19.35,19.1,19.35,59092
2019-07-18,19.15,19.15,19.35,19.1,19.35,59092
2019-07-19,19.15,19.15,19.35,19.1,19.35,59092
2019-07-22,19.15,19.15,19.35,19.1,19.35,59092
2019-07-23,19.15,19.15,19.35,19.1,19.35,59092
2019-07-24,19.15,19.15,19.35,19.1,19.35,59092
2019-07-25,19.15,19.15,19.35,19.1,19.35,59092
2019-07-26,19.15,19.15,19.35,19.1,19.35,59092
2019-07-29,19.15,19.15,19.35,19.1,19.35,59092
2019-07-30,19.15,19.15,19.35,19.1,19.35,59092
2019-07-31,19.15,19.15,19.35,19.1,19.35,59092
2019-08-01,19.15,19.15,19.35,19.1,19.35,59092
2019-08-02,19.15,19.15,19.35,19.1,19.35,59092
2019-08-05,19.15,19.15,19.35,19.1,19.35,59092
2019-08-06,19.15,19.15,19.35,19.1,19.35,59092
2019-08-07,19.15,19.15,19.35,19.1,19.35,59092
2019-08-08,19.15,19.15,19.35,19.1,19.35,59092
2019-08-12,19.15,19.15,19.35,19.1,19.35,59092
2019-08-13,19.15,19.15,19.35,19.1,19.35,59092
2019-08-14,19.15,19.15,19.35,19.1,19.35,59092
2019-08-15,19.15,19.15,19.35,19.1,19.35,59092
2019-08-16,19.15,19.15,19.35,19.1,19.35,59092
2019-08-19,19.15,19.15,19.35,19.1,19.35,59092
2019-08-20,19.15,19.15,19.35,19.1,19.35,59092
2019-08-21,19.15,19.15,19.35,19.1,19.35,59092
2019-08-22,19.15,19.15,19.35,19.1,19.35,59092
2019-08-23,19.15,19.15,19.35,19.1,19.35,59092
2019-08-26,19.15,19.15,19.35,19.1,19.35,59092
2019-08-27,19.15,19.15,19.35,19.1,19.35,59092
2019-08-28,19.15,19.15,19.35,19.1,19.35,59092
2019-08-29,19.15,19.15,19.35,19.1,19.35,59092
2019-08-30,19.15,19.15,19.35,19.1,19.35,59092
2019-09-02,19.15,19.15,19.35,19.1,19.35,59092
2019-09-03,19.15,19.15,19.35,19.1,19.35,59092
2019-09-04,19.15,19.15,19.35,19.1,19.35,59092
2019-09-05,19.15,19.15,19.35,19.1,19.35,59092
2019-09-06,19.15,19.15,19.35,19.1,19.35,59092
2019-09-09,19.15,19.15,19.35,19.1,19.35,59092
2019-09-10,19.15,19.15,19.35,19.1,19.35,59092
2019-09-11,19.15,19.15,19.35,19.1,19.35,59092
2019-09-12,19.15,19.15,19.35,19.1,19.35,59092
2019-09-16,19.15,19.15,19.35,19.1,19.35,59092
2019-09-17,19.15,19.15,19.35,19.1,19.35,59092
2019-09-18,19.15,19.15,19.35,19.1,19.35,59092
2019-09-19,19.15,19.15,19.35,19.1,19.35,59092
2019-09-20,19.15,19.15,19.35,19.1,19.35,59092
2019-09-23,19.15,19.15,19.35,19.1,19.35,59092
2019-09-24,19.15,19.15,19.35,19.1,19.35,59092
2019-09-25,19.15,19.15,19.35,19.1,19.35,59092
2019-09-26,19.15,19.15,19.35,19.1,19.35,59092
2019-09-27,19.15,19.15,19.35,19.1,19.35,59092
2019-10-01,19.15,19.15,19.35,19.1,19.35,59092
2019-10-02,19.15,19.15,19.35,19.1,19.35,59092
2019-10-03,19.15,19.15,19.35,19.1,19.35,59092
2019-10-04,19.15,19.15,19.35,19.1,19.35,59092
2019-10-07,19.15,19.15,19.35,19.1,19.35,59092
2019-10-08,19.15,19.15,19.35,19.1,19.35,59092
2019-10-09,19.15,19.15,19.35,19.1,19.35,59092
2019-10-14,19.15,19.15,19.35,19.1,19.35,59092
2019-10-15,19.15,19.15,19.35,19.1,19.35,59092
2019-10-16,19.15,19.15,19.35,19.1,19.35,59092
2019-10-17,19.15,19.15,19.35,19.1,19.35,59092
2019-10-18,19.15,19.15,19.35,19.1,19.35,59092
2019-10-21,19.15,19.15,19.35,19.1,19.35,59092
2019-10-22,19.15,19.15,19.35,19.1,19.35,59092
2019-10-23,19.15,19.15,19.35,19.1,19.35,59092
2019-10-24,19.15,19.15,19.35,19.1,19.35,59092
2019-10-25,19.15,19.15,19.35,19.1,19.35,59092
2019-10-28,19.15,19.15,19.35,19.1,19.35,59092
2019-10-29,19.15,19.15,19.35,19.1,19.35,59092
2019-10-30,19.15,19.15,19.35,19.1,19.35,59092
2019-10-31,19.15,19.15,19.35,19.1,19.35,59092
2019-11-01,19.15,19.15,19.35,19.1,19.35,59092
2019-11-04,19.15,19.15,19.35,19.1,19.35,59092
2019-11-05,19.15,19.15,19.35,19.1,19.35,59092
2019-11-06,19.15,19.15,19.35,19.1,19.35,59092
2019-11-07,19.15,19.15,19.35,19.1,19.35,59092
2019-11-08,19.15,19.15,19.35,19.1,19.35,59092
2019-11-11,19.15,19.15,19.35,19.1,19.35,59092
2019-11-12,19.15,19.15,19.35,19.1,19.35,59092
2019-11-13,19.15,19.15,19.35,19.1,19.35,59092
2019-11-14,19.15,19.15,19.35,19.1,19.35,59092
2019-11-20,19.15,19.15,19.35,19.1,19.35,59092
2019-11-21,19.15,19.15,19.35,19.1,19.35,59092
2019-11-22,19.15,19.15,19.35,19.1,19.35,59092
2019-11-25,19.15,19.15,19.35,19.1,19.35,59092
2019-11-26,19.15,19.15,19.35,19.1,19.35,59092
2019-11-27,19.15,19.15,19.35,19.1,19.35,59092
2019-11-28,19.15,19.15,19.35,19.1,19.35,59092
2019-11-29,19.15,19.15,19.35,19.1,19.35,59092
2019-12-02,19.15,19.15,19.35,19.1,19.35,59092
2019-12-03,19.15,19.15,19.35,19.1,19.35,59092
2019-12-04,19.15,19.15,19.35,19.1,19.35,59092
2019-12-05,19.15,19.15,19.35,19.1,19.35,59092
2019-12-06,19.15,19.15,19.35,19.1,19.35,59092
2019-12-09,19.15,19.15,19.35,19.1,19.35,59092
2019-12-10,19.15,19.15,19.35,19.1,19.35,59092
2019-12-11,19.15,19.15,19.35,19.1,19.35,59092
2019-12-12,19.15,19.15,19.35,19.1,19.35,59092
2019-12-13,19.15,19.15,19.35,19.1,19.35,59092
2019-12-16,19.15,19.15,19.35,19.1,19.35,59092
2019-12-17,19.15,19.15,19.35,19.1,19.35,59092
2019-12-18,19.15,19.15,19.35,19.1,19.35,59092
2019-12-19,19.15,19.15,19.35,19.1,19.35,59092
2019-12-20,19.15,19.15,19.35,19.1,19.35,59092
2019-12-23,19.15,19.15,19.35,19.1,19.35,59092
2019-12-24,19.15,19.15,19.35,19.1,19.35,59092
2019-12-25,19.15,19.15,19.35,19.1,19.35,59092
2019-12-26,19.15,19.15,19.35,19.1,19.35,59092
2019-12-27,19.15,19.15,19.35,19.1,19.35,59092
2019-12-30,19.15,19.15,19.35,19.1,19.35,59092
2019-12-31,19.15,19.15,19.35,19.1,19.35,59092
2020-01-02,19.15,19.15,19.35,19.1,19.35,59092
2020-01-03,19.15,19.15,19.35,19.1,19.35,59092
2020-01-06,19.15,19.15,19.35,19.1,19.35,59092
2020-01-07,19.15,19.15,19.35,19.1,19.35,59092
2020-01-08,19.15,19.15,19.35,19.1,19.35,59092
2020-01-09,19.15,19.15,19.35,19.1,19.35,59092
2020-01-10,19.15,19.15,19.35,19.1,19.35,59092
2020-01-13,19.15,19.15,19.35,19.1,19.35,59092
2020-01-14,19.15,19.15,19.35,19.1,19.35,59092
2020-01-15,19.15,19.15,19.35,19.1,19.35,59092
2020-01-16,19.15,19.15,19.35,19.1,19.35,59092
2020-01-17,19.15,19.15,19.35,19.1,19.35,59092
2020-01-20,19.15,19.15,19.35,19.1,19.35,59092
2020-01-30,19.15,19.15,19.35,19.1,19.35,59092
2020-01-31,19.15,19.15,19.35,19.1,19.35,59092
2020-02-03,19.15,19.15,19.35,19.1,19.35,59092
2020-02-04,19.15,19.15,19.35,19.1,19.35,59092
2020-02-05,19.15,19.15,19.35,19.1,19.35,59092
2020-02-06,19.15,19.15,19.35,19.1,19.35,59092
2020-02-07,19.15,19.15,19.35,19.1,19.35,59092
2020-02-10,19.15,19.15,19.35,19.1,19.35,59092
2020-02-11,19.15,19.15,19.35,19.1,19.35,59092
2020-02-12,19.15,19.15,19.35,19.1,19.35,59092
2020-02-13,19.15,19.15,19.35,19.1,19.35,59092
2020-02-14,19.15,19.15,19.35,19.1,19.35,59092
2020-02-17,19.15,19.15,19.35,19.1,19.35,59092
2020-02-18,19.15,19.15,19.35,19.1,19.35,59092
2020-02-19,19.15,19.15,19.35,19.1,19.35,59092
2020-02-20,19.15,19.15,19.35,19.1,19.35,59092
2020-02-21,19.15,19.15,19.35,19.1,19.35,59092
2020-02-24,19.15,19.15,19.35,19.1,19.35,59092
2020-02-25,19.15,19.15,19.35,19.1,19.35,59092
2020-02-26,19.15,19.15,19.35,19.1,19.35,59092
2020-02-27,19.15,19.15,19.35,19.1,19.35,59092
2020-03-02,19.15,19.15,19.35,19.1,19.35,59092
2020-03-03,19.15,19.15,19.35,19.1,19.35,59092
2020-03-04,19.15,19.15,19.35,19.1,19.35,59092
2020-03-05,19.15,19.15,19.35,19.1,19.35,59092
2020-03-06,19.15,19.15,19.35,19.1,19.35,59092
2020-03-09,19.15,19.15,19.35,19.1,19.35,59092
2020-03-10,19.15,19.15,19.35,19.1,19.35,59092
2020-03-11,19.15,19.15,19.35,19.1,19.35,59092
2020-03-12,19.15,19.15,19.35,19.1,19.35,59092
2020-03-13,19.15,19.15,19.35,19.1,19.35,59092
2020-03-16,19.15,19.15,19.35,19.1,19.35,59092
2020-03-17,19.15,19.15,19.35,19.1,19.35,59092
2020-03-18,19.15,19.15,19.35,19.1,19.35,59092
2020-03-19,19.15,19.15,19.35,19.1,19.35,59092
2020-03-20,19.15,19.15,19.35,19.1,19.35,59092
2020-03-23,19.15,19.15,19.35,19.1,19.35,59092
2020-03-24,19.15,19.15,19.35,19.1,19.35,59092
2020-03-25,19.15,19.15,19.35,19.1,19.35,59092
2020-03-26,19.15,19.15,19.35,19.1,19.35,59092
2020-03-27,19.15,19.15,19.35,19.1,19.35,59092
2020-03-30,19.15,19.15,19.35,19.1,19.35,59092
2020-03-31,19.15,19.15,19.35,19.1,19.35,59092
2020-04-01,19.15,19.15,19.35,19.1,19.35,59092
2020-04-07,19.15,19.15,19.35,19.1,19.35,59092
2020-04-08,19.15,19.15,19.35,19.1,19.35,59092
2020-04-09,19.15,19.15,19.35,19.1,19.35,59092
2020-04-10,19.15,19.15,19.35,19.1,19.35,59092
2020-04-13,19.15,19.15,19.35,19.1,19.35,59092
2020-04-14,19.15,19.15,19.35,19.1,19.35,59092
2020-04-15,19.15,19.15,19.35,19.1,19.35,59092
2020-04-16,19.15,19.15,19.35,19.1,19.35,59092
2020-04-17,19.15,19.15,19.35,19.1,19.35,59092
2020-04-20,19.15,19.15,19.35,19.1,19.35,59092
2020-04-21,19.15,19.15,19.35,19.1,19.35,59092
2020-04-22,19.15,19.15,19.35,19.1,19.35,59092
2020-04-23,19.15,19.15,19.35,19.1,19.35,59092
2020-04-24,19.15,19.15,19.35,19.1,19.35,59092
2020-04-27,19.15,19.15,19.35,19.1,19.35,59092
2020-04-28,19.15,19.15,19.35,19.1,19.35,59092
2020-04-29,19.15,19.15,19.35,19.1,19.35,59092
2020-05-04,19.15,19.15,19.35,19.1,19.35,59092
2020-05-05,19.15,19.15,19.35,19.1,19.35,59092
2020-05-06,19.15,19.15,19.35,19.1,19.35,59092
2020-05-07,19.15,19.15,19.35,19.1,19.35,59092
2020-05-08,19.15,19.15,19.35,19.1,19.35,59092
2020-05-11,19.15,19.15,19.35,19.1,19.35,59092
2020-05-12,19.15,19.15,19.35,19.1,19.35,59092
2020-05-13,19.15,19.15,19.35,19.1,19.35,59092
2020-05-14,19.15,19.15,19.35,19.1,19.35,59092
2020-05-15,19.15,19.15,19.35,19.1,19.35,59092
2020-05-18,19.15,19.15,19.35,19.1,19.35,59092
2020-05-19,19.15,19.15,19.35,19.1,19.35,59092
2020-05-20,19.15,19.15,19.35,19.1,19.35,59092
2020-05-21,19.15,19.15,19.35,19.1,19.35,59092
2020-05-22,19.15,19.15,19.35,19.1,19.35,59092
2020-05-25,19.15,19.15,19.35,19.1,19.35,59092
2020-05-26,19.15,19.15,19.35,19.1,19.35,59092
2020-05-27,19.15,19.15,19.35,19.1,19.35,59092
2020-05-28,19.15,19.15,19.35,19.1,19.35,59092
2020-05-29,19.15,19.15,19.35,19.1,19.35,59092
2020-06-01,19.15,19.15,19.35,19.1,19.35,59092
2020-06-02,19.15,19.15,19.35,19.1,19.35,59092
2020-06-03,19.15,19.15,19.35,19.1,19.35,59092
2020-06-04,19.15,19.15,19.35,19.1,19.35,59092
2020-06-05,19.15,19.15,19.35,19.1,19.35,59092
2020-06-08,19.15,19.15,19.35,19.1,19.35,59092
2020-06-09,19.15,19.15,19.35,19.1,19.35,59092
2020-06-10,19.15,19.15,19.35,19.1,19.35,59092
2020-06-11,19.15,19.15,19.35,19.1,19.35,59092
2020-06-12,19.15,19.15,19.35,19.1,19.35,59092
2020-06-15,19.15,19.15,19.35,19.1,19.35,59092
2020-06-16,19.15,19.15,19.35,19.1,19.35,59092
2020-06-17,19.15,19.15,19.35,19.1,19.35,59092
2020-06-18,19.15,19.15,19.35,19.1,19.35,59092
2020-06-19,19.15,19.15,19.35,19.1,19.35,59092
2020-06-22,19.15,19.15,19.35,19.1,19.35,59092
2020-06-23,19.15,19.15,19.35,19.1,19.35,59092
2020-06-24,19.15,19.15,19.35,19.1,19.35,59092
2020-06-29,19.15,19.15,19.35,19.1,19.35,59092
2020-06-30,19.15,19.15,19.35,19.1,19.35,59092
2020-07-01,19.15,19.15,19.35,19.1,19.35,59092
2020-07-02,19.15,19.15,19.35,19.1,19.35,59092
2020-07-03,19.15,19.15,19.35,19.1,19.35,59092
2020-07-06,19.15,19.15,19.35,19.1,19.35,59092
2020-07-07,19.15,19.15,19.35,19.1,19.35,59092
2020-07-08,19.15,19.15,19.35,19.1,19.35,59092
2020-07-09,19.15,19.15,19.35,19.1,19.35,59092
2020-07-10,19.15,19.15,19.35,19.1,19.35,59092
2020-07-13,19.15,19.15,19.35,19.1,19.35,59092
2020-07-14,19.15,19.15,19.35,19.1,19.35,59092
2020-07-15,19.15,19.15,19.35,19.1,19.35,59092
2020-07-16,19.15,19.15,19.35,19.1,19.35,59092
2020-07-17,19.15,19.15,19.35,19.1,19.35,59092
2020-07-20,19.15,19.15,19.35,19.1,19.35,59092
2020-07-21,19.15,19.15,19.35,19.1,19.35,59092
2020-07-22,19.15,19.15,19.35,19.1,19.35,59092
2020-07-23,19.15,19.15,19.35,19.1,19.35,59092
2020-07-24,19.15,19.15,19.35,19.1,19.35,59092
2020-07-27,19.15,19.15,19.35,19.1,19.35,59092
2020-07-28,19.15,19.15,19.35,19.1,19.35,59092
2020-07-29,19.15,19.15,19.35,19.1,19.35,59092
2020-07-30,19.15,19.15,19.35,19.1,19.35,59092
2020-07-31,19.15,19.15,19.35,19.1,19.35,59092
2020-08-03,19.15,19.15,19.35,19.1,19.35,59092
2020-08-04,19.15,19.15,19.35,19.1,19.35,59092
2020-08-05,19.15,19.15,19.35,19.1,19.35,59092
2020-08-06,19.15,19.15,19.35,19.1,19.35,59092
2020-08-07,19.15,19.15,19.35,19.1,19.35,59092
2020-08-10,19.15,19.15,19.35,19.1,19.35,59092
2020-08-11,19.15,19.15,19.35,19.1,19.35,59092
2020-08-12,19.15,19.15,19.35,19.1,19.35,59092
2020-08-13,19.15,19.15,19.35,19.1,19.35,59092
2020-08-14,19.15,19.15,19.35,19.1,19.35,59092
2020-08-17,19.15,19.15,19.35,19.1,19.35,59092
2020-08-18,19.15,19.15,19.35,19.1,19.35,59092
2020-08-19,19.15,19.15,19.35,19.1,19.35,59092
2020-08-20,19.15,19.15,19.35,19.1,19.35,59092
2020-08-21,19.15,19.15,19.35,19.1,19.35,59092
2020-08-24,19.15,19.15,19.35,19.1,19.35,59092
2020-08-25,19.15,19.15,19.35,19.1,19.35,59092
2020-08-26,19.15,19.15,19.35,19.1,19.35,59092
2020-08-27,19.15,19.15,19.35,19.1,19.35,59092
2020-08-28,19.15,19.15,19.35,19.1,19.35,59092
2020-08-31,19.15,19.15,19.35,19.1,19.35,59092
2020-09-01,19.15,19.15,19.35,19.1,19.35,59092
2020-09-02,19.15,19.15,19.35,19.1,19.35,59092
2020-09-03,19.15,19.15,19.35,19.1,19.35,59092
2020-09-04,19.15,19.15,19.35,19.1,19.35,59092
2020-09-07,19.15,19.15,19.35,19.1,19.35,59092
2020-09-08,19.15,19.15,19.35,19.1,19.35,59092
2020-09-09,19.15,19.15,19.35,19.1,19.35,59092
2020-09-10,19.15,19.15,19.35,19.1,19.35,59092
2020-09-11,19.15,19.15,19.35,19.1,19.35,59092
2020-09-14,19.15,19.15,19.35,19.1,19.35,59092
2020-09-15,19.15,19.15,19.35,19.1,19.35,59092
2020-09-16,19.15,19.15,19.35,19.1,19.35,59092
2020-09-17,19.15,19.15,19.35,19.1,19.35,59092
2020-09-18,19.15,19.15,19.35,19.1,19.35,59092
2020-09-21,19.15,19.15,19.35,19.1,19.35,59092
2020-09-22,19.15,19.15,19.35,19.1,19.35,59092
2020-09-23,19.15,19.15,19.35,19.1,19.35,59092
2020-09-24,19.15,19.15,19.35,19.1,19.35,59092
2020-09-25,19.15,19.15,19.35,19.1,19.35,59092
2020-09-28,19.15,19.15,19.35,19.1,19.35,59092
2020-09-29,19.15,19.15,19.35,19.1,19.35,59092
2020-09-30,19.15,19.15,19.35,19.1,19.35,59092
2020-10-05,19.15,19.15,19.35,19.1,19.35,59092
2020-10-06,19.15,19.15,19.35,19.1,19.35,59092
2020-10-07,19.15,19.15,19.35,19.1,19.35,59092
2020-10-08,19.15,19.15,19.35,19.1,19.35,59092
2020-10-12,19.15,19.15,19.35,19.1,19.35,59092
2020-10-13,19.15,19.15,19.35,19.1,19.35,59092
2020-10-14,19.15,19.15,19.35,19.1,19.35,59092
2020-10-15,19.15,19.15,19.35,19.1,19.35,59092
2020-10-16,19.15,19.15,19.35,19.1,19.35,59092
2020-10-19,19.15,19.15,19.35,19.1,19.35,59092
2020-10-20,19.15,19.15,19.35,19.1,19.35,59092
2020-10-21,19.15,19.15,19.35,19.1,19.35,59092
2020-10-22,19.15,19.15,19.35,19.1,19.35,59092
2020-10-23,19.15,19.15,19.35,19.1,19.35,59092
2020-10-26,19.15,19.15,19.35,19.1,19.35,59092
2020-10-27,19.15,19.15,19.35,19.1,19.35,59092
2020-10-28,19.15,19.15,19.35,19.1,19.35,59092
2020-10-29,19.15,19.15,19.35,19.1,19.35,59092
2020-10-30,19.15,19.15,19.35,19.1,19.35,59092
2020-11-02,19.15,19.15,19.35,19.1,19.35,59092
2020-11-03,19.15,19.15,19.35,19.1,19.35,59092
2020-11-04,19.15,19.15,19.35,19.1,19.35,59092
2020-11-05,19.15,19.15,19.35,19.1,19.35,59092
2020-11-06,19.15,19.15,19.35,19.1,19.35,59092
2020-11-09,19.15,19.15,19.35,19.1,19.35,59092
2020-11-10,19.15,19.15,19.35,19.1,19.35,59092
2020-11-11,19.15,19.15,19.35,19.1,19.35,59092
2020-11-12,19.15,19.15,19.35,19.1,19.35,59092
2020-11-13,19.15,19.15,19.35,19.1,19.35,59092
2020-11-16,19.15,19.15,19.35,19.1,19.35,59092
2020-11-17,19.15,19.15,19.35,19.1,19.35,59092
2020-11-18,19.15,19.15,19.35,19.1,19.35,59092
2020-11-19,19.15,19.15,19.35,19.1,19.35,59092
2020-11-20,19.15,19.15,19.35,19.1,19.35,59092
2020-11-23,19.15,19.15,19.35,19.1,19.35,59092
2020-11-24,19.15,19.15,19.35,19.1,19.35,59092
2020-11-25,19.15,19.15,19.35,19.1,19.35,59092
2020-11-26,19.15,19.15,19.35,19.1,19.35,59092
2020-11-27,19.15,19.15,19.35,19.1,19.35,59092
2020-11-30,19.15,19.15,19.35,19.1,19.35,59092
2020-12-01,19.15,19.15,19.35,19.1,19.35,59092
2020-12-02,19.15,19.15,19.35,19.1,19.35,59092
2020-12-04,19.15,19.15,19.35,19.1,19.35,59092
2020-12-07,19.15,19.15,19.35,19.1,19.35,59092
2020-12-08,19.15,19.15,19.35,19.1,19.35,59092
2020-12-09,19.15,19.15,19.35,19.1,19.35,59092
2020-12-10,19.15,19.15,19.35,19.1,19.35,59092
2020-12-11,19.15,19.15,19.35,19.1,19.35,59092
2020-12-14,19.15,19.15,19.35,19.1,19.35,59092
2020-12-15,19.15,19.15,19.35,19.1,19.35,59092
2020-12-16,19.15,19.15,19.35,19.1,19.35,59092
2020-12-17,19.15,19.15,19.35,19.1,19.35,59092
2020-12-18,19.15,19.15,19.35,19.1,19.35,59092
2020-12-21,19.15,19.15,19.35,19.1,19.35,59092
2020-12-22,19.15,19.15,19.35,19.1,19.35,59092
2020-12-23,19.15,19.15,19.35,19.1,19.35,59092
2020-12-24,19.15,19.15,19.35,19.1,19.35,59092
2020-12-25,19.15,19.15,19.35,19.1,19.35,59092
2020-12-28,19.15,19.15,19.35,19.1,19.35,59092
2020-12-29,19.15,19.15,19.35,19.1,19.35,59092
2020-12-30,19.15,19.15,19.35,19.1,19.35,59092
2020-12-31,19.15,19.15,19.35,19.1,19.35,59092
2021-01-04,19.15,19.15,19.35,19.1,19.35,59092
2021-01-05,19.15,19.15,19.35,19.1,19.35,59092
2021-01-06,19.15,19.15,19.35,19.1,19.35,59092
2021-01-07,19.15,19.15,19.35,19.1,19.35,59092
2021-01-08,19.15,19.15,19.35,19.1,19.35,59092
2021-01-11,19.15,19.15,19.35,19.1,19.35,59092
2021-01-12,19.15,19.15,19.35,19.1,19.35,59092
2021-01-13,19.15,19.15,19.35,19.1,19.35,59092
2021-01-14,19.15,19.15,19.35,19.1,19.35,59092
2021-01-15,19.15,19.15,19.35,19.1,19.35,59092
2021-01-18,19.15,19.15,19.35,19.1,19.35,59092
2021-01-19,19.15,19.15,19.35,19.1,19.35,59092
2021-01-20,19.15,19.15,19.35,19.1,19.35,59092
2021-01-21,19.15,19.15,19.35,19.1,19.35,59092
2021-01-22,19.15,19.15,19.35,19.1,19.35,59092
2021-01-25,19.15,19.15,19.35,19.1,19.35,59092
2021-01-26,19.15,19.15,19.35,19.1,19.35,59092
2021-01-27,19.15,19.15,19.35,19.1,19.35,59092
2021-01-28,19.15,19.15,19.35,19.1,19.35,59092
2021-01-29,19.15,19.15,19.35,19.1,19.35,59092
2021-02-01,19.15,19.15,19.35,19.1,19.35,59092
2021-02-02,19.15,19.15,19.35,19.1,19.35,59092
2021-02-03,19.15,19.15,19.35,19.1,19.35,59092
2021-02-04,19.15,19.15,19.35,19.1,19.35,59092
2021-02-05,19.15,19.15,19.35,19.1,19.35,59092
2021-02-17,19.15,19.15,19.35,19.1,19.35,59092
2021-02-18,19.15,19.15,19.35,19.1,19.35,59092
2021-02-19,19.15,19.15,19.35,19.1,19.35,59092
2021-02-22,19.15,19.15,19.35,19.1,19.35,59092
2021-02-23,19.15,19.15,19.35,19.1,19.35,59092
2021-02-24,19.15,19.15,19.35,19.1,19.35,59092
2021-02-25,19.15,19.15,19.35,19.1,19.35,59092
2021-02-26,19.15,19.15,19.35,19.1,19.35,59092
2021-03-02,19.15,19.15,19.35,19.1,19.35,59092
2021-03-03,19.15,19.15,19.35,19.1,19.35,59092
2021-03-04,19.15,19.15,19.35,19.1,19.35,59092
2021-03-05,19.15,19.15,19.35,19.1,19.35,59092
2021-03-08,19.15,19.15,19.35,19.1,19.35,59092
2021-03-09,19.15,19.15,19.35,19.1,19.35,59092
2021-03-10,19.15,19.15,19.35,19.1,19.35,59092
2021-03-11,19.15,19.15,19.35,19.1,19.35,59092
2021-03-12,19.15,19.15,19.35,19.1,19.35,59092
2021-03-15,19.15,19.15,19.35,19.1,19.35,59092
2021-03-16,19.15,19.15,19.35,19.1,19.35,59092
2021-03-17,19.15,19.15,19.35,19.1,19.35,59092
2021-03-18,19.15,19.15,19.35,19.1,19.35,59092
2021-03-19,19.15,19.15,19.35,19.1,19.35,59092
2021-03-22,19.15,19.15,19.35,19.1,19.35,59092
2021-03-23,19.15,19.15,19.35,19.1,19.35,59092
2021-03-24,19.15,19.15,19.35,19.1,19.35,59092
2021-03-25,19.15,19.15,19.35,19.1,19.35,59092
2021-03-26,19.15,19.15,19.35,19.1,19.35,59092
2021-03-29,19.15,19.15,19.35,19.1,19.35,59092
2021-03-30,19.15,19.15,19.35,19.1,19.35,59092
2021-03-31,19.15,19.15,19.35,19.1,19.35,59092
2021-04-01,19.15,19.15,19.35,19.1,19.35,59092
2021-04-06,19.15,19.15,19.35,19.1,19.35,59092
2021-04-07,19.15,19.15,19.35,19.1,19.35,59092
2021-04-08,19.15,19.15,19.35,19.1,19.35,59092
2021-04-09,19.15,19.15,19.35,19.1,19.35,59092
2021-04-12,19.15,19.15,19.35,19.1,19.35,59092
2021-04-13,19.15,19.15,19.35,19.1,19.35,59092
2021-04-14,19.15,19.15,19.35,19.1,19.35,59092
2021-04-15,19.15,19.15,19.35,19.1,19.35,59092
2021-04-16,19.15,19.15,19.35,19.1,19.35,59092
2021-04-19,19.15,19.15,19.35,19.1,19.35,59092
2021-04-20,19.15,19.15,19.35,19.1,19.35,59092
2021-04-21,19.15,19.15,19.35,19.1,19.35,59092
2021-04-22,19.15,19.15,19.35,19.1,19.35,59092
2021-04-23,19.15,19.15,19.35,19.1,19.35,59092
2021-04-26,19.15,19.15,19.35,19.1,19.35,59092
2021-04-27,19.15,19.15,19.35,19.1,19.35,59092
2021-04-28,19.15,19.15,19.35,19.1,19.35,59092
2021-04-29,19.15,19.15,19.35,19.1,19.35,59092
2021-05-03,19.15,19.15,19.35,19.1,19.35,59092
2021-05-04,19.15,19.15,19.35,19.1,19.35,59092
2021-05-05,19.15,19.15,19.35,19.1,19.35,59092
2021-05-06,19.15,19.15,19.35,19.1,19.35,59092
2021-05-07,19.15,19.15,19.35,19.1,19.35,59092
2021-05-10,19.15,19.15,19.35,19.1,19.35,59092
2021-05-11,19.15,19.15,19.35,19.1,19.35,59092
2021-05-12,19.15,19.15,19.35,19.1,19.35,59092
2021-05-13,19.15,19.15,19.35,19.1,19.35,59092
2021-05-14,19.15,19.15,19.35,19.1,19.35,59092
2021-05-17,19.15,19.15,19.35,19.1,19.35,59092
2021-05-18,19.15,19.15,19.35,19.1,19.35,59092
2021-05-19,19.15,19.15,19.35,19.1,19.35,59092
2021-05-20,19.15,19.15,19.35,19.1,19.35,59092
2021-05-21,19.15,19.15,19.35,19.1,19.35,59092
2021-05-24,19.15,19.15,19.35,19.1,19.35,59092
2021-05-25,19.15,19.15,19.35,19.1,19.35,59092
2021-05-26,19.15,19.15,19.35,19.1,19.35,59092
2021-05-27,19.15,19.15,19.35,19.1,19.35,59092
2021-05-28,19.15,19.15,19.35,19.1,19.35,59092
2021-05-31,19.15,19.15,19.35,19.1,19.35,59092
2021-06-01,19.15,19.15,19.35,19.1,19.35,59092
2021-06-02,19.15,19.15,19.35,19.1,19.35,59092
2021-06-03,19.15,19.15,19.35,19.1,19.35,59092
2021-06-04,19.15,19.15,19.35,19.1,19.35,59092
2021-06-07,19.15,19.15,19.35,19.1,19.35,59092
2021-06-08,19.15,19.15,19.35,19.1,19.35,59092
2021-06-09,19.15,19.15,19.35,19.1,19.35,59092
2021-06-10,19.15,19.15,19.35,19.1,19.35,59092
2021-06-11,19.15,19.15,19.35,19.1,19.35,59092
2021-06-15,19.15,19.15,19.35,19.1,19.35,59092
2021-06-16,19.15,19.15,19.35,19.1,19.35,59092
2021-06-17,19.15,19.15,19.35,19.1,19.35,59092
2021-06-18,19.15,19.15,19.35,19.1,19.35,59092
2021-06-21,19.15,19.15,19.35,19.1,19.35,59092
2021-06-22,19.15,19.15,19.35,19.1,19.35,59092
2021-06-23,19.15,19.15,19.35,19.1,19.35,59092
2021-06-24,19.15,19.15,19.35,19.1,19.35,59092
2021-06-25,19.15,19.15,19.35,19.1,19.35,59092
2021-06-28,19.15,19.15,19.35,19.1,19.35,59092
2021-06-29,19.15,19.15,19.35,19.1,19.35,59092
2021-06-30,19.15,19.15,19.35,19.1,19.35,59092
2021-07-01,19.15,19.15,19.35,19.1,19.35,59092
2021-07-02,19.15,19.15,19.35,19.1,19.35,59092
2021-07-05,19.15,19.15,19.35,19.1,19.35,59092
2021-07-06,19.15,19.15,19.35,19.1,19.35,59092
2021-07-07,19.15,19.15,19.35,19.1,19.35,59092
2021-07-08,19.15,19.15,19.35,19.1,19.35,59092
2021-07-09,19.15,19.15,19.35,19.1,19.35,59092
2021-07-12,19.15,19.15,19.35,19.1,19.35,59092
2021-07-13,19.15,19.15,19.35,19.1,19.35,59092
2021-07-14,19.15,19.15,19.35,19.1,19.35,59092
2021-07-15,19.15,19.15,19.35,19.1,19.35,59092
2021-07-16,19.15,19.15,19.35,19.1,19.35,59092
2021-07-19,19.15,19.15,19.35,19.1,19.35,59092
2021-07-20,19.15,19.15,19.35,19.1,19.35,59092
2021-07-21,19.15,19.15,19.35,19.1,19.35,59092
2021-07-22,19.15,19.15,19.35,19.1,19.35,59092
2021-07-23,19.15,19.15,19.35,19.1,19.35,59092
2021-07-26,19.15,19.15,19.35,19.1,19.35,59092
2021-07-27,19.15,19.15,19.35,19.1,19.35,59092
2021-07-28,19.15,19.15,19.35,19.1,19.35,59092
2021-07-29,19.15,19.15,19.35,19.1,19.35,59092
2021-07-30,19.15,19.15,19.35,19.1,19.35,59092
2021-08-02,19.15,19.15,19.35,19.1,19.35,59092
2021-08-03,19.15,19.15,19.35,19.1,19.35,59092
2021-08-04,19.15,19.15,19.35,19.1,19.35,59092
2021-08-05,19.15,19.15,19.35,19.1,19.35,59092
2021-08-06,19.15,19.15,19.35,19.1,19.35,59092
2021-08-09,19.1,19.1,19.55,19.05,19.55,649000
2021-08-10,18.55,18.55,19.15,18.35,19.1,856000
2021-08-11,17.05,17.05,18.0,16.75,18.0,2709000
2021-08-12,17.15,17.15,17.3,17.0,17.1,439000
2021-08-13,16.6,16.6,17.1,16.55,17.1,758000
2021-08-16,16.1,16.1,16.8,15.85,16.8,552000
2021-08-17,15.8,15.8,16.25,15.75,16.05,454000
2021-08-18,16.2,16.2,16.3,15.3,15.8,449000
2021-08-19,15.65,15.65,16.2,15.5,16.2,404000
2021-08-20,15.6,15.6,15.8,15.3,15.65,235000
2021-08-23,15.9,15.9,15.95,15.7,15.85,225000
2021-08-24,15.5,15.5,16.05,15.5,16.0,805000
2021-08-25,15.85,15.85,15.95,15.55,15.7,171000
2021-08-26,15.9,15.9,16.0,15.7,16.0,144000
2021-08-27,16.15,16.15,16.25,15.95,16.05,206000
2021-08-30,16.05,16.05,16.25,16.05,16.15,126000
2021-08-31,16.1,16.1,16.1,15.9,16.0,140000
2021-09-01,16.1,16.1,16.35,15.95,16.05,216000
2021-09-02,15.95,15.95,16.25,15.8,16.2,292000
2021-09-03,15.8,15.8,16.0,15.75,16.0,301000
2021-09-06,15.4,15.4,15.8,15.4,15.75,343000
2021-09-07,15.3,15.3,15.55,15.3,15.4,347000
2021-09-08,15.15,15.15,15.35,15.1,15.3,277000
2021-09-09,15.3,15.3,15.4,15.15,15.15,106000
2021-09-10,15.35,15.35,15.4,15.25,15.3,157000
2021-09-13,15.3,15.3,15.4,15.25,15.35,128000
2021-09-14,15.4,15.4,15.45,15.3,15.35,140000
2021-09-15,15.2,15.2,15.35,15.15,15.3,223000
2021-09-16,15.2,15.2,15.25,15.2,15.25,112000
2021-09-17,15.35,15.35,15.35,15.2,15.2,142000
2021-09-22,15.25,15.25,15.25,14.8,15.25,348000
2021-09-23,15.3,15.3,15.35,15.15,15.25,153000
2021-09-24,15.3,15.3,15.5,15.3,15.4,225000
2021-09-27,15.5,15.5,15.5,15.3,15.3,142000
2021-09-28,15.4,15.4,15.5,15.3,15.5,108000
2021-09-29,15.35,15.35,15.5,15.2,15.3,262000
2021-09-30,15.45,15.45,15.5,15.3,15.3,155000
2021-10-01,15.25,15.25,15.5,15.1,15.5,317000
2021-10-04,14.6,14.6,15.25,14.6,15.2,464000
2021-10-05,14.75,14.75,14.9,14.2,14.5,228000
2021-10-06,14.7,14.7,14.95,14.6,14.95,194000
2021-10-07,15.1,15.1,15.2,14.75,14.9,583000
2021-10-08,15.25,15.25,15.3,15.1,15.1,126000
2021-10-12,14.95,14.95,15.2,14.85,15.2,205000
2021-10-13,14.75,14.75,15.0,14.7,15.0,133000
2021-10-14,14.75,14.75,14.85,14.6,14.85,111000
2021-10-15,14.85,14.85,15.0,14.75,14.95,146000
2021-10-18,14.95,14.95,15.0,14.8,14.9,79000
2021-10-19,15.05,15.05,15.05,14.85,14.95,156000
2021-10-20,15.0,15.0,15.15,14.95,15.15,121000
2021-10-21,15.15,15.15,15.15,15.0,15.0,114000
2021-10-22,15.1,15.1,15.15,14.9,15.1,133000
2021-10-25,15.05,15.05,15.15,14.95,15.0,138000
2021-10-26,15.25,15.25,15.25,15.1,15.1,139000
2021-10-27,15.3,15.3,15.3,15.15,15.15,172000
2021-10-28,15.6,15.6,16.0,15.35,15.35,487000
2021-10-29,15.7,15.7,15.75,15.5,15.75,226000
2021-11-01,15.8,15.8,15.9,15.7,15.75,192000
2021-11-02,15.7,15.7,16.0,15.55,16.0,257000
2021-11-03,15.85,15.85,15.85,15.65,15.85,251000
2021-11-04,15.7,15.7,15.95,15.65,15.95,75000
2021-11-05,16.35,16.35,16.6,16.05,16.05,1003000
2021-11-08,16.45,16.45,16.45,16.3,16.35,300000
2021-11-09,16.4,16.4,16.55,16.4,16.45,219000
2021-11-10,16.45,16.45,16.5,16.25,16.4,297000
2021-11-11,16.45,16.45,16.6,16.45,16.45,225000
2021-11-12,16.5,16.5,16.7,16.45,16.7,236000
2021-11-15,16.7,16.7,16.85,16.6,16.6,346000
2021-11-16,16.7,16.7,16.75,16.55,16.7,275000
2021-11-17,16.75,16.75,16.9,16.6,16.7,422000
2021-11-18,16.9,16.9,16.95,16.75,16.8,283000
2021-11-19,18.0,18.0,18.5,16.95,17.05,3293000
2021-11-22,19.3,19.3,19.65,18.3,18.5,9181000
2021-11-23,19.0,19.0,20.15,18.8,19.4,7680000
2021-11-24,18.8,18.8,19.25,18.4,18.55,2456000
2021-11-25,18.2,18.2,18.8,18.1,18.8,1331000
2021-11-26,17.55,17.55,18.15,17.35,18.15,1281000
2021-11-29,17.5,17.5,17.8,16.85,17.05,754000
2021-11-30,17.8,17.8,17.95,17.35,17.35,527000
2021-12-01,17.85,17.85,17.95,17.5,17.8,248000
2021-12-02,17.55,17.55,18.05,17.4,17.85,564000
2021-12-03,17.55,17.55,17.95,17.55,17.6,327000
2021-12-06,17.85,17.85,18.1,17.1,17.2,2482000
2021-12-07,17.45,17.45,17.85,17.35,17.85,703000
2021-12-08,17.55,17.55,17.65,17.4,17.45,348000
2021-12-09,17.8,17.8,17.95,17.55,17.6,631000
2021-12-10,17.7,17.7,17.95,17.6,17.9,304000
2021-12-13,18.9,18.9,19.3,17.7,17.9,11832000
2021-12-14,18.75,18.75,19.4,18.4,18.8,2910000
2021-12-15,18.85,18.85,19.3,18.6,18.8,1236000
2021-12-16,18.6,18.6,18.95,18.55,18.9,705000
2021-12-17,18.35,18.35,18.6,18.15,18.6,582000
2021-12-20,17.95,17.95,18.45,17.8,18.2,1204000
2021-12-21,18.1,18.1,18.25,17.9,18.0,361000
2021-12-22,18.05,18.05,18.3,18.05,18.1,516000
2021-12-23,18.25,18.25,18.4,18.15,18.2,495000
2021-12-24,18.6,18.6,19.15,18.4,18.45,1582000
2021-12-27,18.9,18.9,19.0,18.7,18.8,1111000
2021-12-28,18.65,18.65,19.2,18.6,19.15,526000
2021-12-29,19.4,19.4,19.45,18.5,18.65,2104000
2021-12-30,18.95,18.95,20.2,18.95,19.55,17387000
2022-01-03,18.7,18.7,19.2,18.6,18.95,1433000
2022-01-04,18.2,18.2,18.8,18.1,18.8,1562000
2022-01-05,18.1,18.1,18.4,18.0,18.15,750000
2022-01-06,18.15,18.15,18.25,18.0,18.25,751000
2022-01-07,17.7,17.7,18.2,17.65,18.2,905000
2022-01-10,17.9,17.9,17.95,17.6,17.7,290000
2022-01-11,17.5,17.5,17.85,17.5,17.8,587000
2022-01-12,17.6,17.6,17.8,17.5,17.55,326000
2022-01-13,17.7,17.7,17.8,17.5,17.5,199000
2022-01-14,17.55,17.55,17.85,17.45,17.85,249000
2022-01-17,17.9,17.9,17.9,17.45,17.7,291000
2022-01-18,17.9,17.9,18.15,17.8,17.95,208000
2022-01-19,17.85,17.85,17.9,17.6,17.6,119000
2022-01-20,17.8,17.8,17.95,17.7,17.85,133000
2022-01-21,17.6,17.6,17.85,17.5,17.65,300000
2022-01-24,17.45,17.45,17.65,17.0,17.6,403000
2022-01-25,17.05,17.05,17.35,17.05,17.3,201000
2022-01-26,17.1,17.1,17.2,17.0,17.0,335000
2022-02-07,17.65,17.65,17.8,17.25,17.5,357000
2022-02-08,17.9,17.9,17.95,17.6,17.6,267000
2022-02-09,18.15,18.15,18.3,17.95,17.95,436000
2022-02-10,18.0,18.0,18.25,17.95,18.2,201000
2022-02-11,17.95,17.95,18.1,17.5,18.0,186000
2022-02-14,17.5,17.5,17.9,17.45,17.9,184000
2022-02-15,17.55,17.55,17.65,17.5,17.5,169000
2022-02-16,17.85,17.85,17.95,17.75,17.8,184000
2022-02-17,17.9,17.9,18.1,17.7,17.7,340000
2022-02-18,17.9,17.9,17.95,17.8,17.9,136000
2022-02-21,18.05,18.05,18.15,17.65,17.85,749000
2022-02-22,17.7,17.7,18.0,17.5,18.0,321000
2022-02-23,17.75,17.75,17.8,17.6,17.7,169000
2022-02-24,17.1,17.1,17.65,17.0,17.65,418000
2022-02-25,18.0,18.0,18.15,17.5,17.5,803000
2022-03-01,18.3,18.3,18.4,18.0,18.4,628000
2022-03-02,18.25,18.25,18.35,18.05,18.2,349000
2022-03-03,18.35,18.35,18.45,18.25,18.3,350000
2022-03-04,18.35,18.35,18.45,18.25,18.4,213000
2022-03-07,18.05,18.05,18.3,17.7,18.3,400000
2022-03-08,17.8,17.8,18.2,17.7,17.9,361000
2022-03-09,18.2,18.2,18.2,17.85,17.85,216000
2022-03-10,18.2,18.2,18.4,18.05,18.4,348000
2022-03-11,18.1,18.1,18.3,18.05,18.05,118000
2022-03-14,18.1,18.1,18.3,18.0,18.3,237000
2022-03-15,17.85,17.85,18.25,17.8,18.2,260000
2022-03-16,17.8,17.8,18.2,17.75,17.9,185000
2022-03-17,18.05,18.05,18.1,17.85,18.0,215000
2022-03-18,18.15,18.15,18.25,18.05,18.05,284000
2022-03-21,18.2,18.2,18.35,18.2,18.3,251000
2022-03-22,18.5,18.5,18.5,18.2,18.2,419000
2022-03-23,18.55,18.55,18.75,18.4,18.45,471000
2022-03-24,18.65,18.65,18.7,18.5,18.55,202000
2022-03-25,18.35,18.35,18.7,18.35,18.7,272000
2022-03-28,18.25,18.25,18.25,18.1,18.25,122000
2022-03-29,18.25,18.25,18.35,18.2,18.3,87000
2022-03-30,18.25,18.25,18.25,18.0,18.0,163000
2022-03-31,18.1,18.1,18.2,18.1,18.2,108000
2022-04-01,18.2,18.2,18.2,18.05,18.1,122000
2022-04-06,18.2,18.2,18.25,18.05,18.2,49000
2022-04-07,17.8,17.8,18.15,17.7,18.15,337000
2022-04-08,17.85,17.85,17.9,17.8,17.9,88000
2022-04-11,17.75,17.75,18.05,17.65,18.05,172000
2022-04-12,17.7,17.7,17.8,17.65,17.75,143000
2022-04-13,17.95,17.95,17.95,17.7,17.75,122000
2022-04-14,17.6,17.6,18.0,17.6,17.95,282000
2022-04-15,17.6,17.6,17.8,17.55,17.8,191000
2022-04-18,17.6,17.6,17.85,17.4,17.6,1334000
2022-04-19,17.7,17.7,17.95,17.65,17.9,142000
2022-04-20,17.65,17.65,17.75,17.6,17.7,109000
2022-04-21,17.65,17.65,17.65,17.6,17.65,32000
2022-04-22,17.75,17.75,17.75,17.5,17.6,258000
2022-04-25,17.25,17.25,17.85,17.2,17.8,531000
2022-04-26,17.3,17.3,17.4,17.2,17.25,112000
2022-04-27,17.05,17.05,17.2,16.9,17.2,225000
2022-04-28,17.15,17.15,17.15,16.9,17.0,83000
2022-04-29,17.3,17.3,17.3,17.15,17.2,60000
2022-05-03,17.3,17.3,17.3,17.1,17.2,81000
2022-05-04,17.7,17.7,17.75,17.6,17.65,197000
2022-05-05,17.75,17.75,17.85,17.7,17.8,170000
2022-05-06,17.7,17.7,17.75,17.4,17.4,138000
2022-05-09,17.6,17.6,17.9,17.6,17.9,143000
2022-05-10,17.7,17.7,17.7,17.45,17.6,83000
2022-05-11,17.65,17.65,17.65,17.55,17.6,26000
2022-05-12,17.3,17.3,17.65,17.3,17.65,123000
2022-05-13,17.4,17.4,17.55,17.3,17.55,90000
2022-05-16,17.3,17.3,17.6,17.3,17.6,110000
2022-05-17,17.55,17.55,17.6,17.45,17.45,46000
2022-05-18,17.7,17.7,17.75,17.6,17.6,50000
2022-05-19,17.7,17.7,17.7,17.4,17.45,82000
2022-05-20,17.8,17.8,17.8,17.7,17.7,121000
2022-05-23,17.95,17.95,18.0,17.8,17.8,135000
2022-05-24,17.95,17.95,18.1,17.9,18.0,248000
2022-05-25,18.05,18.05,18.15,18.0,18.1,157000
2022-05-26,18.0,18.0,18.15,17.95,18.15,100000
2022-05-27,18.05,18.05,18.15,18.0,18.15,87000
2022-05-30,18.0,18.0,18.1,17.95,18.1,138000
2022-05-31,17.95,17.95,18.05,17.95,18.05,363000
2022-06-01,18.0,18.0,18.15,18.0,18.15,243000
2022-06-02,18.15,18.15,18.15,18.05,18.1,150000
2022-06-06,18.2,18.2,18.2,18.0,18.2,163000
2022-06-07,18.15,18.15,18.2,18.1,18.15,100000
2022-06-08,18.2,18.2,18.3,18.1,18.1,126000
2022-06-09,18.2,18.2,18.2,18.1,18.1,84000
2022-06-10,18.3,18.3,18.3,18.15,18.2,183000
2022-06-13,18.05,18.05,18.25,18.05,18.2,229000
2022-06-14,18.05,18.05,18.1,17.9,18.0,95000
2022-06-15,18.1,18.1,18.15,18.05,18.1,156000
2022-06-16,17.85,17.85,18.25,17.85,18.15,205000
2022-06-17,17.6,17.6,17.8,17.55,17.6,233000
2022-06-20,17.25,17.25,17.8,17.2,17.6,205000
2022-06-21,17.5,17.5,17.5,17.3,17.4,86000
2022-06-22,17.2,17.2,17.55,17.1,17.55,144000
2022-06-23,16.9,16.9,17.2,16.8,17.2,209000
2022-06-24,17.1,17.1,17.2,16.95,17.1,124000
2022-06-27,17.35,17.35,17.35,17.15,17.3,268000
2022-06-28,17.3,17.3,17.4,17.2,17.35,117000
2022-06-29,17.25,17.25,17.25,17.05,17.25,252000
2022-06-30,17.05,17.05,17.25,16.95,17.25,722000
2022-07-01,15.25,15.25,15.85,15.2,15.8,733000
2022-07-04,15.25,15.25,15.55,15.25,15.5,88000
2022-07-05,15.3,15.3,15.4,15.2,15.3,85000
2022-07-06,15.05,15.05,15.3,14.95,15.25,197000
2022-07-07,15.1,15.1,15.2,14.85,15.05,114000
2022-07-08,15.4,15.4,15.45,15.0,15.0,132000
2022-07-11,15.35,15.35,15.5,15.2,15.5,110000
2022-07-12,15.1,15.1,15.2,15.0,15.2,131000
2022-07-13,15.2,15.2,15.3,15.0,15.1,228000
2022-07-14,15.35,15.35,15.35,15.1,15.2,104000
2022-07-15,15.3,15.3,15.35,15.15,15.3,26000
2022-07-18,15.5,15.5,15.5,15.35,15.45,35000
2022-07-19,15.45,15.45,15.55,15.45,15.45,107000
2022-07-20,15.6,15.6,15.65,15.5,15.6,124000
2022-07-21,15.65,15.65,15.65,15.5,15.55,73000
2022-07-22,15.75,15.75,15.8,15.65,15.8,55000
2022-07-25,15.75,15.75,15.85,15.6,15.75,37000
2022-07-26,15.7,15.7,15.75,15.6,15.65,39000
2022-07-27,15.75,15.75,15.75,15.7,15.7,39000
2022-07-28,15.8,15.8,15.85,15.7,15.85,70000
2022-07-29,15.9,15.9,15.9,15.8,15.8,120000
2022-08-01,16.05,16.05,16.1,15.8,15.8,107000
2022-08-02,15.9,15.9,16.1,15.8,16.05,142000
2022-08-03,16.0,16.0,16.0,15.8,15.85,40000
2022-08-04,15.9,15.9,15.95,15.8,15.9,39000
2022-08-05,16.25,16.25,16.25,15.95,15.95,103000
2022-08-08,16.8,16.8,16.9,16.4,16.55,385000
2022-08-09,17.0,17.0,17.05,16.7,16.9,263000
2022-08-10,17.05,17.05,17.1,16.9,16.95,187000
2022-08-11,17.0,17.0,17.2,16.95,17.1,195000
2022-08-12,17.0,17.0,17.0,16.85,17.0,186000
2022-08-15,17.1,17.1,17.15,17.0,17.15,79000
2022-08-16,17.1,17.1,17.15,16.95,17.1,172000
2022-08-17,17.05,17.05,17.2,16.8,17.1,197000
2022-08-18,17.05,17.05,17.05,16.95,17.05,91000
2022-08-19,17.2,17.2,17.25,17.05,17.05,314000
2022-08-22,17.2,17.2,17.2,17.0,17.2,168000
2022-08-23,17.15,17.15,17.2,17.05,17.2,49000
2022-08-24,17.0,17.0,17.15,17.0,17.15,169000
2022-08-25,17.05,17.05,17.1,17.0,17.05,177000
2022-08-26,17.2,17.2,17.2,17.05,17.1,96000
2022-08-29,16.95,16.95,17.0,16.9,17.0,79000
2022-08-30,17.05,17.05,17.05,16.9,16.95,213000
2022-08-31,17.1,17.1,17.1,16.95,17.0,119000
2022-09-01,17.0,17.0,17.0,16.9,17.0,80000
2022-09-02,16.7,16.7,16.85,16.7,16.8,195000
2022-09-05,16.6,16.6,16.8,16.45,16.75,150000
2022-09-06,16.45,16.45,16.45,16.3,16.35,158000
2022-09-07,16.35,16.35,16.4,16.25,16.4,33000
2022-09-08,16.45,16.45,16.5,16.4,16.45,72000
2022-09-12,16.6,16.6,16.65,16.45,16.45,125000
2022-09-13,16.8,16.8,16.8,16.6,16.6,29000
2022-09-14,16.7,16.7,16.75,16.5,16.6,75000
2022-09-15,16.8,16.8,16.9,16.65,16.85,97000
2022-09-16,16.8,16.8,16.8,16.5,16.8,71000
2022-09-19,16.55,16.55,16.8,16.5,16.8,69000
2022-09-20,16.65,16.65,16.7,16.5,16.6,100000
2022-09-21,16.7,16.7,16.7,16.55,16.7,76000
2022-09-22,16.7,16.7,16.7,16.45,16.45,65000
2022-09-23,16.45,16.45,16.55,16.4,16.45,152000
2022-09-26,16.05,16.05,16.3,15.85,16.3,288000
2022-09-27,16.05,16.05,16.05,15.9,16.0,115000
2022-09-28,15.7,15.7,15.9,15.55,15.9,155000
2022-09-29,15.85,15.85,16.05,15.75,15.8,90000
2022-09-30,16.0,16.0,16.0,15.5,15.75,136000
2022-10-03,15.9,15.9,15.9,15.8,15.8,67000
2022-10-04,16.35,16.35,16.35,16.1,16.2,150000
2022-10-05,16.4,16.4,16.5,16.3,16.5,90000
2022-10-06,16.5,16.5,16.55,16.25,16.5,72000
2022-10-07,16.4,16.4,16.4,16.35,16.4,18000
2022-10-11,15.9,15.9,16.15,15.85,16.15,99000
2022-10-12,15.85,15.85,15.9,15.75,15.9,47000
2022-10-13,15.5,15.5,15.95,15.5,15.9,189000
2022-10-14,15.85,15.85,15.95,15.7,15.9,46000
2022-10-17,15.7,15.7,15.85,15.5,15.85,107000
2022-10-18,15.9,15.9,16.05,15.75,15.95,22000
2022-10-19,16.0,16.0,16.05,16.0,16.0,77000
2022-10-20,15.95,15.95,16.0,15.75,16.0,33000
2022-10-21,15.7,15.7,16.0,15.7,16.0,63000
2022-10-24,15.7,15.7,15.85,15.7,15.75,23000
2022-10-25,15.75,15.75,15.8,15.65,15.75,56000
2022-10-26,15.8,15.8,15.8,15.7,15.75,23000
2022-10-27,15.8,15.8,15.8,15.75,15.75,76000
2022-10-28,15.8,15.8,15.85,15.65,15.75,121000
2022-10-31,15.85,15.85,15.9,15.8,15.9,26000
2022-11-01,16.0,16.0,16.05,15.85,15.85,70000
2022-11-02,16.15,16.15,16.2,16.05,16.05,156000
2022-11-03,16.15,16.15,16.15,16.0,16.1,71000
2022-11-04,16.3,16.3,16.5,16.15,16.2,91000
2022-11-07,17.9,17.9,17.9,17.25,17.25,2017000
2022-11-08,17.8,17.8,17.95,17.55,17.85,1040000
2022-11-09,17.85,17.85,18.1,17.75,17.9,585000
2022-11-10,17.8,17.8,17.85,17.6,17.6,216000
2022-11-11,17.75,17.75,18.1,17.5,18.1,686000
2022-11-14,17.8,17.8,17.8,17.6,17.7,250000
2022-11-15,18.05,18.05,18.15,17.9,18.0,810000
2022-11-16,17.9,17.9,18.15,17.75,18.1,240000
2022-11-17,17.9,17.9,17.95,17.75,17.95,147000
2022-11-18,17.8,17.8,17.95,17.75,17.95,143000
2022-11-21,17.9,17.9,18.0,17.85,18.0,99000
2022-11-22,17.95,17.95,18.0,17.8,17.9,125000
2022-11-23,17.9,17.9,18.2,17.85,18.0,368000
2022-11-24,18.05,18.05,18.1,18.0,18.0,320000
2022-11-25,17.95,17.95,18.05,17.9,18.0,261000
2022-11-28,18.1,18.1,18.1,17.8,17.85,298000
2022-11-29,18.05,18.05,18.15,18.0,18.05,192000
2022-11-30,18.1,18.1,18.15,17.95,18.05,355000
2022-12-01,18.3,18.3,18.45,18.2,18.2,802000
2022-12-02,18.45,18.45,18.65,18.4,18.4,1070000
2022-12-05,18.45,18.45,18.65,18.3,18.55,443000
2022-12-06,18.5,18.5,18.5,18.3,18.35,272000
2022-12-07,18.45,18.45,18.55,18.3,18.45,312000
2022-12-08,18.5,18.5,18.6,18.35,18.4,248000
2022-12-09,18.5,18.5,18.7,18.5,18.6,409000
2022-12-12,18.4,18.4,18.5,18.3,18.5,232000
2022-12-13,18.4,18.4,18.5,18.35,18.5,224000
2022-12-14,18.4,18.4,18.5,18.35,18.5,233000
2022-12-15,18.6,18.6,18.7,18.4,18.4,603000
2022-12-16,18.6,18.6,18.6,18.45,18.5,150000
2022-12-19,18.5,18.5,18.55,18.45,18.55,143000
2022-12-20,18.05,18.05,18.5,17.7,18.5,447000
2022-12-21,18.0,18.0,18.3,17.85,18.15,293000
2022-12-22,18.25,18.25,18.3,18.0,18.1,176000
2022-12-23,18.2,18.2,18.2,18.0,18.15,69000
2022-12-26,18.1,18.1,18.25,18.0,18.2,132000
2022-12-27,18.1,18.1,18.15,18.05,18.1,50000
2022-12-28,18.05,18.05,18.2,18.0,18.0,121000
2022-12-29,18.0,18.0,18.0,17.75,18.0,158000
2022-12-30,18.05,18.05,18.15,17.95,18.0,83000
2023-01-03,18.1,18.1,18.1,18.0,18.05,56000
2023-01-04,18.1,18.1,18.15,18.0,18.1,155000
2023-01-05,18.25,18.25,18.3,18.15,18.2,126000
2023-01-06,18.3,18.3,18.35,18.2,18.25,285000
2023-01-09,18.4,18.4,18.45,18.25,18.4,356000
2023-01-10,18.35,18.35,18.4,18.3,18.4,179000
2023-01-11,18.35,18.35,18.4,18.25,18.4,270000
2023-01-12,18.35,18.35,18.4,18.25,18.35,148000
2023-01-13,18.35,18.35,18.35,18.3,18.3,179000
2023-01-16,18.35,18.35,18.4,18.35,18.35,107000
2023-01-17,18.35,18.35,18.4,18.3,18.35,136000
2023-01-30,18.8,18.8,18.8,18.35,18.4,1005000
2023-01-31,18.75,18.75,18.8,18.65,18.8,326000
2023-02-01,19.1,19.1,19.15,18.8,18.8,1132000
2023-02-02,19.45,19.45,19.45,19.15,19.25,1375000
2023-02-03,19.35,19.35,19.65,19.3,19.65,866000
2023-02-06,19.5,19.5,19.65,19.35,19.4,1447000
2023-02-07,19.55,19.55,19.65,19.45,19.55,515000
2023-02-08,19.55,19.55,19.65,19.45,19.6,402000
2023-02-09,19.3,19.3,19.6,19.25,19.5,794000
2023-02-10,19.4,19.4,19.45,18.95,19.3,1528000
2023-02-13,20.0,20.0,20.2,19.6,19.6,3470000
2023-02-14,20.1,20.1,20.35,19.95,20.0,1454000
2023-02-15,20.2,20.2,20.25,20.0,20.0,906000
2023-02-16,20.55,20.55,20.65,20.25,20.25,1539000
2023-02-17,20.45,20.45,20.7,20.35,20.7,995000
2023-02-20,20.95,20.95,20.95,20.25,20.4,1284000
2023-02-21,21.4,21.4,21.55,21.0,21.0,1653000
2023-02-22,21.65,21.65,21.8,21.05,21.1,1532000
2023-02-23,21.7,21.7,22.2,21.65,21.8,2007000
2023-02-24,21.35,21.35,21.8,21.15,21.6,2620000
2023-03-01,22.35,22.35,22.5,21.7,21.7,2518000
2023-03-02,22.5,22.5,23.25,22.5,22.9,2541000
2023-03-03,23.25,23.25,23.55,22.4,22.8,3518000
2023-03-06,23.7,23.7,23.9,23.45,23.75,2314000
2023-03-07,23.55,23.55,23.7,23.4,23.5,1762000
2023-03-08,24.2,24.2,24.25,23.5,23.6,2334000
2023-03-09,23.9,23.9,24.7,23.8,24.6,1703000
2023-03-10,23.5,23.5,23.7,23.2,23.6,2529000
2023-03-13,23.25,23.25,23.5,22.75,23.2,2273000
2023-03-14,23.35,23.35,23.5,22.95,23.25,1148000
2023-03-15,23.45,23.45,23.85,23.45,23.55,1422000
2023-03-16,22.9,22.9,23.3,22.6,23.2,1647000
2023-03-17,23.55,23.55,23.55,23.15,23.2,1090000
2023-03-20,23.5,23.5,23.75,23.45,23.75,987000
2023-03-21,23.65,23.65,23.7,23.5,23.65,638000
2023-03-22,23.9,23.9,24.05,23.65,23.85,1259000
2023-03-23,23.7,23.7,24.15,23.65,23.85,1244000
2023-03-24,23.5,23.5,23.8,23.5,23.7,848000
2023-03-27,23.55,23.55,23.65,23.3,23.55,633000
2023-03-28,23.55,23.55,23.9,23.4,23.7,676000
2023-03-29,22.95,22.95,23.65,22.95,23.55,1599000
2023-03-30,22.75,22.75,23.2,22.55,22.95,2209000
2023-03-31,22.7,22.7,23.0,22.5,22.95,1336000
2023-04-06,22.7,22.7,22.75,22.45,22.5,850000
2023-04-07,22.9,22.9,22.95,22.7,22.8,835000
2023-04-10,23.05,23.05,23.3,22.9,23.05,861000
2023-04-11,23.25,23.25,23.4,22.95,23.05,772000
2023-04-12,23.5,23.5,23.55,23.25,23.35,893000
2023-04-13,23.25,23.25,23.5,23.25,23.35,734000
2023-04-14,23.15,23.15,23.35,23.1,23.3,880000
2023-04-17,23.5,23.5,23.5,23.15,23.15,892000
2023-04-18,23.5,23.5,23.8,23.45,23.7,738000
2023-04-19,23.75,23.75,24.0,23.5,23.55,1631000
2023-04-20,23.4,23.4,23.9,23.4,23.9,1303000
2023-04-21,22.85,22.85,23.55,22.75,23.35,1193000
2023-04-24,23.0,23.0,23.1,22.7,22.95,344000
2023-04-25,22.6,22.6,23.2,22.5,23.0,822000
2023-04-26,22.85,22.85,22.95,22.45,22.55,1159000
2023-04-27,22.9,22.9,23.0,22.6,22.8,367000
2023-04-28,23.15,23.15,23.2,23.0,23.0,307000
2023-05-02,23.4,23.4,23.5,23.2,23.2,680000
2023-05-03,23.35,23.35,23.5,23.15,23.15,571000
2023-05-04,23.5,23.5,23.65,23.2,23.35,467000
2023-05-05,23.25,23.25,23.65,23.2,23.5,447000
2023-05-08,22.35,22.35,22.95,22.3,22.95,2057000
2023-05-09,21.3,21.3,22.35,21.3,22.35,2597000
2023-05-10,21.55,21.55,21.65,21.3,21.3,578000
2023-05-11,21.0,21.0,21.6,20.95,21.6,853000
2023-05-12,21.2,21.2,21.25,20.9,21.0,289000
2023-05-15,20.95,20.95,21.2,20.8,21.2,676000
2023-05-16,21.05,21.05,21.15,20.85,20.85,276000
2023-05-17,21.2,21.2,21.3,21.05,21.25,401000
2023-05-18,21.25,21.25,21.45,21.25,21.35,410000
2023-05-19,21.25,21.25,21.4,21.1,21.3,637000
2023-05-22,21.45,21.45,21.5,21.25,21.25,262000
2023-05-23,21.65,21.65,21.7,21.4,21.45,345000
2023-05-24,21.65,21.65,21.7,21.55,21.65,207000
2023-05-25,21.65,21.65,21.7,21.45,21.65,328000
2023-05-26,21.45,21.45,21.7,21.4,21.7,329000
2023-05-29,21.55,21.55,21.6,21.45,21.45,269000
2023-05-30,21.65,21.65,21.75,21.55,21.65,207000
2023-05-31,22.0,22.0,22.2,21.75,21.75,626000
2023-06-01,22.05,22.05,22.15,21.95,22.0,343000
2023-06-02,21.95,21.95,22.15,21.9,22.05,543000
2023-06-05,21.85,21.85,21.95,21.75,21.95,521000
2023-06-06,21.85,21.85,21.9,21.75,21.85,247000
2023-06-07,21.95,21.95,22.1,21.8,22.1,255000
2023-06-08,21.95,21.95,21.95,21.85,21.95,276000
2023-06-09,22.0,22.0,22.1,21.9,22.05,390000
2023-06-12,22.1,22.1,22.2,22.0,22.2,387000
2023-06-13,22.15,22.15,22.35,22.1,22.3,398000
2023-06-14,22.15,22.15,22.25,22.05,22.1,266000
2023-06-15,22.1,22.1,22.2,21.9,22.2,465000
2023-06-16,22.1,22.1,22.1,22.0,22.1,285000
2023-06-19,22.2,22.2,22.3,22.05,22.25,318000
2023-06-20,22.2,22.2,22.25,22.05,22.15,366000
2023-06-21,22.55,22.55,22.75,22.35,22.5,903000
2023-06-26,22.5,22.5,22.75,22.4,22.6,557000
2023-06-27,22.2,22.2,22.6,22.1,22.5,486000
2023-06-28,22.2,22.2,22.4,22.1,22.3,391000
2023-06-29,22.1,22.1,22.25,22.05,22.2,604000
2023-06-30,22.15,22.15,22.2,22.0,22.1,672000
2023-07-03,22.5,22.5,22.55,22.2,22.2,1917000
2023-07-04,20.5,20.5,20.85,20.5,20.8,1274000
2023-07-05,20.2,20.2,20.55,20.2,20.5,755000
2023-07-06,20.05,20.05,20.25,20.0,20.2,569000
2023-07-07,19.75,19.75,20.0,19.55,20.0,736000
2023-07-10,19.9,19.9,20.0,19.6,19.75,607000
2023-07-11,19.9,19.9,19.95,19.8,19.85,386000
2023-07-12,19.95,19.95,20.15,19.8,19.9,371000
2023-07-13,19.85,19.85,20.1,19.75,20.1,437000
2023-07-14,20.0,20.0,20.05,19.8,19.8,209000
2023-07-17,20.05,20.05,20.1,19.8,20.1,463000
2023-07-18,19.7,19.7,20.3,19.6,20.3,615000
2023-07-19,19.6,19.6,19.75,19.45,19.7,306000
2023-07-20,19.65,19.65,19.75,19.55,19.6,208000
2023-07-21,19.55,19.55,19.8,19.4,19.7,336000
2023-07-24,19.5,19.5,19.7,19.25,19.55,338000
2023-07-25,19.6,19.6,19.6,19.4,19.55,226000
2023-07-26,19.6,19.6,19.7,19.55,19.65,259000
2023-07-27,19.75,19.75,19.8,19.55,19.6,400000
2023-07-28,19.75,19.75,19.8,19.65,19.75,149000
2023-07-31,19.55,19.55,19.8,19.4,19.8,521000
2023-08-01,19.45,19.45,19.6,19.4,19.55,253000
2023-08-02,18.85,18.85,19.35,18.7,19.3,1111000
2023-08-04,19.0,19.0,19.05,18.75,18.75,230000
2023-08-07,19.05,19.05,19.2,18.85,19.0,199000
2023-08-08,18.95,18.95,19.1,18.85,19.1,140000
2023-08-09,18.8,18.8,18.95,18.8,18.9,155000
2023-08-10,18.7,18.7,18.8,18.5,18.8,379000
2023-08-11,18.65,18.65,18.75,18.55,18.75,253000
2023-08-14,18.3,18.3,18.55,18.2,18.55,389000
2023-08-15,18.4,18.4,18.4,18.25,18.3,151000
2023-08-16,18.5,18.5,18.5,18.2,18.3,178000
2023-08-17,18.8,18.8,18.8,18.35,18.45,149000
2023-08-18,18.6,18.6,18.8,18.6,18.75,127000
2023-08-21,18.7,18.7,18.7,18.5,18.65,120000
2023-08-22,18.5,18.5,18.6,18.4,18.55,178000
2023-08-23,19.05,19.05,19.05,18.45,18.5,252000
2023-08-24,18.8,18.8,19.15,18.8,19.05,187000
2023-08-25,18.8,18.8,19.0,18.65,18.8,103000
2023-08-28,18.7,18.7,18.9,18.5,18.8,198000
2023-08-29,18.65,18.65,18.65,18.5,18.6,225000
2023-08-30,18.85,18.85,18.9,18.7,18.7,105000
2023-08-31,19.15,19.15,19.45,18.95,19.0,264000
2023-09-01,19.15,19.15,19.35,19.05,19.2,102000
2023-09-04,18.7,18.7,18.95,18.65,18.9,422000
2023-09-05,18.7,18.7,18.8,18.55,18.7,123000
2023-09-06,18.75,18.75,18.75,18.55,18.65,134000
2023-09-07,18.9,18.9,18.95,18.7,18.7,189000
2023-09-08,18.85,18.85,18.9,18.75,18.9,55000
2023-09-11,18.75,18.75,18.85,18.6,18.75,123000
2023-09-12,18.8,18.8,18.85,18.75,18.85,143000
2023-09-13,18.8,18.8,18.85,18.75,18.8,98000
2023-09-14,18.85,18.85,19.0,18.85,18.85,116000
2023-09-15,18.95,18.95,19.0,18.85,18.9,148000
2023-09-18,19.0,19.0,19.15,18.85,18.85,130000
2023-09-19,19.1,19.1,19.1,18.9,19.0,288000
2023-09-20,18.95,18.95,19.15,18.95,19.1,103000
2023-09-21,18.95,18.95,18.95,18.8,18.9,113000
2023-09-22,18.85,18.85,18.9,18.7,18.85,116000
2023-09-25,18.8,18.8,19.0,18.75,19.0,138000
2023-09-26,18.8,18.8,18.8,18.7,18.8,83000
2023-09-27,19.0,19.0,19.0,18.7,18.8,187000
2023-09-28,19.05,19.05,19.15,18.95,19.05,167000
2023-10-02,18.9,18.9,19.15,18.75,19.15,169000
2023-10-03,18.9,18.9,19.0,18.85,19.0,58000
2023-10-04,18.3,18.3,18.55,18.25,18.5,481000
2023-10-05,18.4,18.4,18.6,18.25,18.5,181000
2023-10-06,17.9,17.9,18.4,17.65,18.4,770000
2023-10-11,17.85,17.85,18.0,17.75,17.9,196000
2023-10-12,18.1,18.1,18.1,17.85,17.85,90000
2023-10-13,18.1,18.1,18.1,17.9,18.0,66000
2023-10-16,17.85,17.85,17.9,17.75,17.85,213000
2023-10-17,17.8,17.8,17.85,17.7,17.8,95000
2023-10-18,17.65,17.65,17.8,17.65,17.75,135000
2023-10-19,17.85,17.85,17.9,17.7,17.7,55000
2023-10-20,17.75,17.75,17.8,17.7,17.75,61000
2023-10-23,17.8,17.8,17.8,17.65,17.7,79000
2023-10-24,18.0,18.0,18.05,17.8,17.8,84000
2023-10-25,18.15,18.15,18.3,18.0,18.1,228000
2023-10-26,18.05,18.05,18.15,17.95,18.15,58000
2023-10-27,17.9,17.9,18.15,17.9,18.15,66000
2023-10-30,17.95,17.95,18.05,17.9,18.05,23000
2023-10-31,17.8,17.8,18.1,17.8,17.95,70000
2023-11-01,17.85,17.85,17.9,17.8,17.9,18000
2023-11-02,17.85,17.85,18.0,17.75,18.0,126000
2023-11-03,17.75,17.75,18.0,17.65,17.8,561000
2023-11-06,17.8,17.8,17.9,17.8,17.85,52000
2023-11-07,17.8,17.8,17.9,17.8,17.8,55000
2023-11-08,17.85,17.85,17.9,17.8,17.85,79000
2023-11-09,18.0,18.0,18.1,17.8,18.05,191000
2023-11-10,17.8,17.8,17.9,17.75,17.85,65000
2023-11-13,17.9,17.9,17.9,17.75,17.9,97000
2023-11-14,18.0,18.0,18.05,17.9,17.9,57000
2023-11-15,18.0,18.0,18.0,17.8,18.0,138000
2023-11-16,18.0,18.0,18.15,17.9,18.0,278000
2023-11-17,18.1,18.1,18.1,17.95,18.0,70000
2023-11-20,18.1,18.1,18.1,18.0,18.1,60000
2023-11-21,18.15,18.15,18.15,18.0,18.1,116000
2023-11-22,18.3,18.3,18.3,18.15,18.2,144000
2023-11-23,18.3,18.3,18.35,18.1,18.35,148000
2023-11-24,18.3,18.3,18.5,18.25,18.5,112000
2023-11-27,18.15,18.15,18.45,18.15,18.45,78000
2023-11-28,18.2,18.2,18.3,18.0,18.3,153000
2023-11-29,18.3,18.3,18.3,18.05,18.3,92000
2023-11-30,18.3,18.3,18.35,18.2,18.25,71000
2023-12-01,18.3,18.3,18.4,18.25,18.3,100000
2023-12-04,18.3,18.3,18.3,18.15,18.3,240000
2023-12-05,18.1,18.1,18.3,18.1,18.3,211000
2023-12-06,18.2,18.2,18.4,18.05,18.05,140000
2023-12-07,18.2,18.2,18.3,18.2,18.25,121000
2023-12-08,18.2,18.2,18.3,18.2,18.25,101000
2023-12-11,18.3,18.3,18.35,18.25,18.3,95000
2023-12-12,18.3,18.3,18.4,18.25,18.35,203000
2023-12-13,18.25,18.25,18.35,18.2,18.35,128000
2023-12-14,18.2,18.2,18.3,18.15,18.25,168000
2023-12-15,18.2,18.2,18.3,18.15,18.3,128000
2023-12-18,18.2,18.2,18.3,18.1,18.3,109000
2023-12-19,18.1,18.1,18.2,18.1,18.15,82000
2023-12-20,18.1,18.1,18.15,18.05,18.1,101000
2023-12-21,18.1,18.1,18.15,18.05,18.15,120000
2023-12-22,18.1,18.1,18.2,18.1,18.1,49000
2023-12-25,18.15,18.15,18.35,18.1,18.1,140000
2023-12-26,18.25,18.25,18.3,18.15,18.15,102000
2023-12-27,18.1,18.1,18.25,18.1,18.25,152000
2023-12-28,18.15,18.15,18.2,18.1,18.15,88000
2023-12-29,18.15,18.15,18.2,18.15,18.15,64000
2024-01-02,18.25,18.25,18.35,18.15,18.2,66000
2024-01-03,18.15,18.15,18.2,18.1,18.2,149000
2024-01-04,18.15,18.15,18.25,18.0,18.15,143000
2024-01-05,18.1,18.1,18.15,18.05,18.05,121000
2024-01-08,18.05,18.05,18.2,18.05,18.1,61000
2024-01-09,17.9,17.9,18.05,17.9,18.05,269000
2024-01-10,17.9,17.9,17.9,17.8,17.9,104000
2024-01-11,18.0,18.0,18.0,17.8,17.85,73000
2024-01-12,17.9,17.9,17.95,17.85,17.9,73000
2024-01-15,18.05,18.05,18.05,18.0,18.0,83000
2024-01-16,17.8,17.8,17.95,17.75,17.95,165000
2024-01-17,17.7,17.7,17.9,17.7,17.9,124000
2024-01-18,17.7,17.7,17.8,17.7,17.7,87000
2024-01-19,17.85,17.85,17.85,17.8,17.85,85000
2024-01-22,18.25,18.25,18.45,17.85,18.0,337000
2024-01-23,18.05,18.05,18.35,18.05,18.35,138000
2024-01-24,18.4,18.4,18.45,18.1,18.1,425000
2024-01-25,18.5,18.5,19.1,18.45,18.45,1693000
2024-01-26,18.4,18.4,18.65,18.3,18.5,385000
2024-01-29,18.2,18.2,18.4,18.2,18.4,223000
2024-01-30,18.35,18.35,18.5,18.1,18.2,180000
2024-01-31,18.3,18.3,18.6,18.15,18.35,149000
2024-02-01,18.4,18.4,18.45,18.3,18.4,186000
2024-02-02,18.25,18.25,18.4,18.1,18.4,201000
2024-02-05,18.1,18.1,18.25,18.05,18.25,150000
2024-02-15,18.3,18.3,18.3,18.0,18.2,150000
2024-02-16,18.25,18.25,18.3,18.1,18.3,313000
2024-02-19,18.5,18.5,18.55,18.25,18.3,463000
2024-02-20,18.35,18.35,18.7,18.35,18.55,359000
2024-02-21,18.45,18.45,18.5,18.35,18.4,285000
2024-02-22,20.25,20.25,20.25,18.35,18.5,9048000
2024-02-23,20.0,20.0,21.0,19.5,21.0,4909000
2024-02-26,19.9,19.9,20.2,19.55,20.0,1626000
2024-02-27,19.55,19.55,20.55,19.55,19.9,1760000
2024-02-29,19.45,19.45,19.85,19.4,19.65,583000
2024-03-01,19.25,19.25,19.7,19.05,19.45,826000
2024-03-04,18.9,18.9,19.35,18.8,19.35,892000
2024-03-05,18.65,18.65,19.15,18.5,18.9,860000
2024-03-06,18.8,18.8,18.9,18.65,18.65,380000
2024-03-07,18.75,18.75,19.0,18.6,19.0,382000
2024-03-08,18.5,18.5,18.95,18.5,18.8,358000
2024-03-11,18.8,18.8,18.85,18.5,18.5,337000
2024-03-12,18.8,18.8,18.9,18.7,18.7,238000
2024-03-13,18.55,18.55,18.9,18.55,18.9,235000
2024-03-14,18.65,18.65,18.7,18.5,18.55,154000
2024-03-15,18.55,18.55,18.7,18.5,18.7,152000
2024-03-18,18.55,18.55,18.65,18.45,18.55,211000
2024-03-19,18.7,18.7,18.7,18.6,18.6,153000
2024-03-20,18.65,18.65,18.75,18.5,18.65,305000
2024-03-21,18.5,18.5,18.65,18.45,18.65,334000
2024-03-22,18.35,18.35,18.55,18.35,18.55,331000
2024-03-25,18.3,18.3,18.45,18.25,18.35,276000
2024-03-26,18.15,18.15,18.35,18.1,18.3,312000
2024-03-27,18.15,18.15,18.25,18.1,18.1,214000
2024-03-28,18.3,18.3,18.6,18.3,18.3,207000
2024-03-29,18.2,18.2,18.35,18.2,18.35,122000
2024-04-01,18.35,18.35,18.4,18.15,18.15,87000
2024-04-02,18.35,18.35,18.65,18.35,18.45,281000
2024-04-03,18.25,18.25,18.4,18.15,18.2,90000
2024-04-08,18.25,18.25,18.35,18.25,18.35,101000
2024-04-09,18.45,18.45,18.7,18.3,18.3,208000
2024-04-10,18.55,18.55,18.65,18.5,18.55,166000
2024-04-11,18.55,18.55,18.55,18.45,18.5,80000
2024-04-12,18.5,18.5,18.6,18.4,18.6,178000
2024-04-15,18.2,18.2,18.45,18.0,18.4,241000
2024-04-16,17.9,17.9,18.1,17.8,18.05,323000
2024-04-17,18.0,18.0,18.1,17.9,17.9,171000
2024-04-18,18.0,18.0,18.1,17.85,17.85,134000
2024-04-19,17.7,17.7,18.1,17.65,17.9,299000
2024-04-22,17.85,17.85,17.85,17.7,17.7,99000
2024-04-23,18.05,18.05,18.15,17.9,17.9,84000
2024-04-24,18.3,18.3,18.3,18.05,18.05,184000
2024-04-25,18.1,18.1,18.25,18.05,18.15,51000
2024-04-26,18.2,18.2,18.45,18.15,18.25,83000
2024-04-29,18.25,18.25,18.3,18.15,18.3,77000
2024-04-30,18.35,18.35,18.35,18.25,18.35,61000
2024-05-02,18.4,18.4,18.4,18.25,18.35,91000
2024-05-03,18.25,18.25,18.55,18.25,18.5,133000
2024-05-06,18.25,18.25,18.3,18.15,18.2,143000
2024-05-07,18.35,18.35,18.65,18.35,18.5,344000
2024-05-08,18.3,18.3,18.45,18.25,18.4,53000
2024-05-09,18.35,18.35,18.4,18.25,18.3,91000
2024-05-10,18.35,18.35,18.35,18.2,18.25,76000
2024-05-13,18.35,18.35,18.4,18.2,18.3,100000
2024-05-14,18.35,18.35,18.4,18.3,18.35,73000
2024-05-15,18.35,18.35,18.4,18.2,18.4,163000
2024-05-16,18.4,18.4,18.4,18.3,18.35,80000
2024-05-17,18.4,18.4,18.4,18.3,18.4,131000
2024-05-20,18.4,18.4,18.4,18.35,18.4,77000
2024-05-21,18.35,18.35,18.4,18.3,18.4,36000
2024-05-22,18.55,18.55,18.7,18.4,18.4,503000
2024-05-23,18.45,18.45,18.7,18.45,18.65,173000
2024-05-24,18.55,18.55,18.6,18.45,18.6,112000
2024-05-27,18.5,18.5,18.65,18.5,18.6,121000
2024-05-28,18.7,18.7,18.7,18.5,18.55,285000
2024-05-29,18.8,18.8,18.9,18.65,18.75,484000
2024-05-30,18.95,18.95,19.4,18.8,18.8,624000
2024-05-31,19.05,19.05,19.3,18.95,19.0,321000
2024-06-03,19.0,19.0,19.2,18.95,19.2,225000
2024-06-04,19.05,19.05,19.15,18.8,19.15,405000
2024-06-05,19.15,19.15,19.45,19.1,19.3,604000
2024-06-06,19.05,19.05,19.35,18.85,19.3,303000
2024-06-07,19.2,19.2,19.3,18.95,19.05,233000
2024-06-11,18.95,18.95,19.3,18.85,19.3,152000
2024-06-12,18.75,18.75,19.2,18.75,19.2,133000
2024-06-13,18.9,18.9,18.9,18.75,18.8,109000
2024-06-14,18.9,18.9,18.9,18.75,18.85,118000
2024-06-17,19.0,19.0,19.0,18.75,18.9,92000
2024-06-18,19.0,19.0,19.15,18.95,19.1,206000
2024-06-19,19.0,19.0,19.05,18.95,19.05,121000
2024-06-20,19.05,19.05,19.15,18.95,19.0,145000
2024-06-21,19.5,19.5,19.65,19.0,19.1,1111000
2024-06-24,19.5,19.5,19.85,19.4,19.85,946000
2024-06-25,19.1,19.1,19.6,19.1,19.6,464000
2024-06-26,19.2,19.2,19.2,18.95,19.15,351000
2024-06-27,19.25,19.25,19.4,19.2,19.3,350000
2024-06-28,19.05,19.05,19.35,19.05,19.2,755000
2024-07-01,18.25,18.25,18.55,18.25,18.5,362000
2024-07-02,18.2,18.2,18.3,18.1,18.15,169000
2024-07-03,18.3,18.3,18.3,18.1,18.1,247000
2024-07-04,18.25,18.25,18.35,18.2,18.3,119000
2024-07-05,18.45,18.45,18.5,18.15,18.3,234000
2024-07-08,18.5,18.5,18.55,18.35,18.5,464000
2024-07-09,18.3,18.3,18.45,18.15,18.45,182000
2024-07-10,18.35,18.35,18.55,18.2,18.25,141000
2024-07-11,18.3,18.3,18.3,18.2,18.3,228000
2024-07-12,18.3,18.3,18.3,18.15,18.2,211000
2024-07-15,18.25,18.25,18.55,18.15,18.2,199000
2024-07-16,18.25,18.25,18.4,18.2,18.4,150000
2024-07-17,18.3,18.3,18.4,18.2,18.2,257000
2024-07-18,18.25,18.25,18.3,18.1,18.2,200000
2024-07-19,18.1,18.1,18.2,18.0,18.2,202000
2024-07-22,17.7,17.7,18.1,17.65,18.1,391000
2024-07-23,17.75,17.75,17.9,17.65,17.75,310000
2024-07-26,17.65,17.65,17.65,17.55,17.65,201000
2024-07-29,17.65,17.65,18.0,17.5,18.0,92000
2024-07-30,17.75,17.75,17.8,17.55,17.65,178000
2024-07-31,17.8,17.8,17.8,17.6,17.75,111000
2024-08-01,17.95,17.95,18.0,17.85,17.9,156000
2024-08-02,17.85,17.85,18.0,17.85,17.9,184000
2024-08-05,16.7,16.7,17.85,16.6,17.85,530000
2024-08-06,16.7,16.7,17.1,15.95,16.8,354000
2024-08-07,17.35,17.35,17.35,17.0,17.05,276000
2024-08-08,17.05,17.05,17.2,16.95,17.15,193000
2024-08-09,17.4,17.4,17.5,17.15,17.2,150000
2024-08-12,17.4,17.4,17.6,17.2,17.6,162000
2024-08-13,17.6,17.6,17.7,17.35,17.6,208000
2024-08-14,17.7,17.7,17.75,17.6,17.7,116000
2024-08-15,17.85,17.85,17.9,17.6,17.75,138000
2024-08-16,17.8,17.8,17.9,17.75,17.75,49000
2024-08-19,17.8,17.8,17.9,17.7,17.85,52000
2024-08-20,17.7,17.7,17.9,17.65,17.9,84000
2024-08-21,17.75,17.75,17.75,17.65,17.65,76000
2024-08-22,17.8,17.8,17.8,17.7,17.8,129000
2024-08-23,17.75,17.75,17.75,17.65,17.7,142000
2024-08-26,17.9,17.9,18.2,17.8,17.8,291000
2024-08-27,17.95,17.95,18.15,17.9,18.0,105000
2024-08-28,17.95,17.95,18.1,17.95,18.1,72000
2024-08-29,18.0,18.0,18.0,17.85,17.9,86000
2024-08-30,18.2,18.2,18.2,17.95,17.95,202000
2024-09-02,18.25,18.25,18.3,18.05,18.2,125000
2024-09-03,18.8,18.8,19.2,18.45,18.5,2173000
2024-09-04,18.2,18.2,18.7,17.35,18.4,871000
2024-09-05,18.6,18.6,18.75,18.15,18.65,670000
2024-09-06,18.4,18.4,18.55,18.15,18.55,185000
2024-09-09,18.35,18.35,18.35,18.0,18.0,188000
2024-09-10,18.05,18.05,18.6,18.0,18.6,210000
2024-09-11,18.05,18.05,18.3,18.0,18.0,165000
2024-09-12,18.2,18.2,18.4,18.05,18.4,280000
2024-09-13,18.35,18.35,18.45,18.2,18.45,144000
2024-09-16,18.8,18.8,18.95,18.3,18.55,626000
2024-09-18,18.7,18.7,19.1,18.7,19.0,528000
2024-09-19,18.6,18.6,18.8,18.55,18.8,170000
2024-09-20,18.9,18.9,18.95,18.5,18.85,419000
2024-09-23,19.0,19.0,19.3,18.5,19.1,745000
2024-09-24,19.05,19.05,19.15,18.9,19.0,226000
2024-09-25,18.9,18.9,19.25,18.85,19.2,386000
2024-09-26,19.05,19.05,19.2,19.0,19.05,597000
2024-09-27,19.05,19.05,19.25,19.0,19.2,600000
2024-09-30,18.8,18.8,19.1,18.8,19.1,309000
2024-10-01,18.9,18.9,19.0,18.85,19.0,148000
2024-10-04,19.2,19.2,19.2,19.0,19.1,490000
2024-10-07,19.2,19.2,19.75,19.2,19.3,886000
2024-10-08,18.95,18.95,19.3,18.9,19.25,306000
2024-10-09,18.95,18.95,19.15,18.95,19.05,228000
2024-10-11,18.95,18.95,19.0,18.85,19.0,155000
2024-10-14,19.0,19.0,19.1,18.9,18.95,348000
2024-10-15,18.95,18.95,19.15,18.9,19.0,206000
2024-10-16,18.85,18.85,18.9,18.7,18.85,211000
2024-10-17,18.9,18.9,19.1,18.75,18.85,194000
2024-10-18,18.9,18.9,18.95,18.85,18.95,139000
2024-10-21,19.95,19.95,20.5,18.75,18.9,3665000
2024-10-22,21.75,21.75,21.9,20.0,20.15,18285000
2024-10-23,21.7,21.7,21.9,20.6,21.75,9428000
2024-10-24,21.25,21.25,21.6,21.0,21.5,5479000
2024-10-25,20.75,20.75,21.5,20.6,21.5,2375000
2024-10-28,20.1,20.1,20.65,19.75,20.45,2516000
2024-10-29,19.85,19.85,20.35,19.75,20.35,1018000
2024-10-30,19.7,19.7,19.85,19.5,19.85,671000
2024-11-01,20.2,20.2,20.3,19.35,19.35,609000
2024-11-04,22.2,22.2,22.2,21.3,21.85,7626000
2024-11-05,21.6,21.6,23.75,21.45,23.0,27105000
2024-11-06,22.15,22.15,22.7,21.2,21.6,8564000
2024-11-07,22.1,22.1,22.85,21.75,22.0,4284000
2024-11-08,21.7,21.7,22.35,21.3,22.35,2778000
2024-11-11,21.0,21.0,22.25,21.0,22.25,2759000
2024-11-12,20.5,20.5,21.3,20.4,21.05,1923000
2024-11-13,21.7,21.7,21.8,20.45,20.65,2292000
2024-11-14,20.75,20.75,21.65,20.7,21.65,1828000
2024-11-15,21.2,21.2,21.45,20.0,20.75,1922000
2024-11-18,22.15,22.15,22.5,21.1,21.2,4323000
2024-11-19,22.2,22.2,22.45,21.85,22.15,2688000
2024-11-20,21.9,21.9,22.55,21.7,22.1,1927000
2024-11-21,22.5,22.5,22.7,22.0,22.0,3152000
2024-11-22,22.45,22.45,23.8,22.4,22.5,7380000
2024-11-25,22.3,22.3,23.0,22.1,22.1,2747000
2024-11-26,22.3,22.3,22.8,22.25,22.55,1503000
2024-11-27,22.25,22.25,23.1,22.15,22.5,2411000
2024-11-28,22.6,22.6,22.7,21.55,22.25,1807000
2024-11-29,22.9,22.9,22.95,22.4,22.4,1482000
2024-12-02,22.55,22.55,24.9,22.55,23.5,7542000
2024-12-03,24.15,24.15,24.45,23.25,24.0,8803000
2024-12-04,24.0,24.0,24.5,23.75,24.5,5430000
2024-12-05,23.65,23.65,24.25,23.35,24.0,2820000
2024-12-06,22.95,22.95,23.85,22.95,23.8,2112000
2024-12-09,23.5,23.5,23.8,23.15,23.25,1849000
2024-12-10,23.05,23.05,23.65,22.85,23.65,1760000
2024-12-11,23.25,23.25,23.25,22.85,23.0,1043000
2024-12-12,22.8,22.8,23.95,22.6,23.25,2287000
2024-12-13,23.55,23.55,23.6,22.75,22.8,1957000
2024-12-16,23.2,23.2,24.1,22.9,24.0,3816000
2024-12-17,21.1,21.1,23.35,21.0,23.25,2871000
2024-12-18,21.6,21.6,21.85,20.55,21.05,2405000
2024-12-19,20.8,20.8,21.6,20.8,21.4,1499000
2024-12-20,20.2,20.2,21.0,20.05,20.8,1955000
2024-12-23,20.75,20.75,20.75,20.35,20.5,794000
2024-12-24,20.6,20.6,21.1,20.5,20.8,694000
2024-12-25,20.85,20.85,20.9,20.55,20.65,441000
2024-12-26,20.4,20.4,21.05,20.3,21.0,1000000
2024-12-27,20.25,20.25,20.5,20.25,20.4,592000
2024-12-30,20.15,20.15,20.55,20.15,20.35,419000
2024-12-31,19.95,19.95,20.15,19.8,20.15,705000
2025-01-02,20.4,20.4,20.7,19.95,19.95,708000
2025-01-03,20.8,20.8,22.2,20.7,21.45,4240000
2025-01-06,21.1,21.1,21.35,20.85,21.0,1297000
2025-01-07,21.05,21.05,21.6,20.95,21.25,1044000
2025-01-08,21.2,21.2,21.2,20.6,21.0,874000
2025-01-09,20.25,20.25,21.3,20.2,21.3,1019000
2025-01-10,20.15,20.15,20.6,20.15,20.55,791000
2025-01-13,19.45,19.45,19.9,19.35,19.9,1393000
2025-01-14,19.9,19.9,19.9,19.5,19.8,465000
2025-01-15,19.9,19.9,20.0,19.7,19.85,273000
2025-01-16,19.55,19.55,20.15,19.55,20.0,515000
2025-01-17,19.4,19.4,19.65,19.4,19.65,358000
2025-01-20,19.55,19.55,19.75,19.45,19.55,280000
2025-01-21,19.65,19.65,19.85,19.35,19.85,252000
2025-01-22,19.65,19.65,19.8,19.5,19.6,383000
2025-02-03,19.6,19.6,19.65,19.2,19.2,626000
2025-02-04,20.05,20.05,20.25,19.85,20.0,521000
2025-02-05,20.5,20.5,20.85,20.2,20.2,1265000
2025-02-06,20.7,20.7,20.8,20.4,20.8,404000
2025-02-07,20.7,20.7,20.7,20.45,20.5,292000
2025-02-10,20.35,20.35,20.6,20.3,20.45,363000
2025-02-11,20.25,20.25,20.5,20.25,20.35,375000
2025-02-12,20.3,20.3,20.55,20.2,20.35,234000
2025-02-13,20.45,20.45,20.5,20.25,20.4,281000
2025-02-14,20.7,20.7,20.7,20.3,20.5,380000
2025-02-17,20.65,20.65,20.9,20.6,20.9,368000
2025-02-18,20.65,20.65,20.75,20.5,20.65,432000
2025-02-19,21.1,21.1,21.25,20.75,20.75,848000
2025-02-20,21.0,21.0,21.25,20.9,21.25,309000
2025-02-21,21.3,21.3,21.35,20.85,21.1,580000
2025-02-24,20.8,20.8,20.9,20.5,20.8,893000
2025-02-25,20.6,20.6,20.9,20.6,20.7,490000
2025-02-26,20.7,20.7,20.8,20.6,20.6,247000
2025-02-27,20.8,20.8,20.9,20.65,20.8,435000
2025-03-03,20.85,20.85,20.85,20.4,20.4,462000
2025-03-04,21.95,21.95,22.65,21.55,22.3,5316000
2025-03-05,21.8,21.8,22.4,21.75,22.05,2134000
2025-03-06,22.45,22.45,22.45,21.75,22.25,1780000
2025-03-07,22.3,22.3,22.4,21.95,22.4,1458000
2025-03-10,22.0,22.0,22.55,21.95,22.55,1144000
2025-03-11,22.4,22.4,22.5,21.5,22.0,2085000
2025-03-12,22.3,22.3,22.5,22.2,22.5,884000
2025-03-13,21.75,21.75,22.55,21.7,22.35,1107000
2025-03-14,21.75,21.75,22.1,21.75,21.8,563000
2025-03-17,21.8,21.8,22.15,21.8,22.0,608000
2025-03-18,22.3,22.3,22.3,21.9,22.05,855000
2025-03-19,22.75,22.75,23.8,22.75,23.4,2961000
2025-03-20,23.15,23.15,23.35,22.8,23.0,1354000
2025-03-21,23.05,23.05,23.2,23.0,23.2,603000
2025-03-24,23.35,23.35,23.7,23.2,23.2,1697000
2025-03-25,23.45,23.45,23.9,23.35,23.65,1620000
2025-03-26,23.65,23.65,23.7,23.3,23.35,1137000
2025-03-27,23.5,23.5,23.65,23.05,23.65,1039000
2025-03-28,23.2,23.2,23.4,22.9,23.4,1099000
2025-03-31,23.35,23.35,23.35,22.65,22.7,1163000
2025-04-01,24.4,24.4,24.75,23.05,23.7,5551000
2025-04-02,23.65,23.65,24.6,23.65,24.4,2223000
2025-04-07,21.3,21.3,21.3,21.3,21.3,325000
2025-04-08,19.35,19.35,19.8,19.2,19.25,3414000
2025-04-09,17.8,17.8,19.4,17.65,19.2,3201000
2025-04-10,19.55,19.55,19.55,19.55,19.55,713000
2025-04-11,19.45,19.45,19.55,18.2,19.2,1954000
2025-04-14,19.6,19.6,20.35,19.5,20.0,1520000
2025-04-15,20.5,20.5,20.6,19.75,19.8,1109000
2025-04-16,20.2,20.2,20.6,20.15,20.5,638000
2025-04-17,20.1,20.1,20.2,19.8,20.2,566000
2025-04-18,20.2,20.2,20.4,19.95,20.15,395000
2025-04-21,19.85,19.85,20.3,19.8,20.2,515000
2025-04-22,19.65,19.65,19.95,19.55,19.8,389000
2025-04-23,20.4,20.4,20.5,20.0,20.0,707000
2025-04-24,20.45,20.45,20.7,20.4,20.6,373000
2025-04-25,21.05,21.05,21.2,20.85,20.9,698000
2025-04-28,21.45,21.45,21.75,21.2,21.3,658000
2025-04-29,21.9,21.9,22.15,21.45,21.45,753000
2025-04-30,21.95,21.95,22.3,21.7,22.1,751000
2025-05-02,22.05,22.05,22.35,22.0,22.05,575000
2025-05-05,22.25,22.25,23.5,22.1,23.5,2139000
2025-05-06,22.25,22.25,22.5,22.15,22.35,650000
2025-05-07,21.9,21.9,22.35,21.9,22.25,879000
2025-05-08,22.5,22.5,22.5,22.15,22.15,979000
2025-05-09,22.85,22.85,23.0,22.35,22.6,647000
2025-05-12,23.5,23.5,23.55,22.8,22.85,1035000
2025-05-13,23.45,23.45,24.2,23.3,24.2,1236000
2025-05-14,23.95,23.95,23.95,23.55,23.7,1300000
2025-05-15,24.15,24.15,24.3,23.9,24.3,1074000
2025-05-16,24.15,24.15,24.35,24.1,24.2,835000
2025-05-19,24.1,24.1,24.85,24.1,24.3,1588000
2025-05-20,23.7,23.7,24.45,23.7,24.25,912000
2025-05-21,24.35,24.35,24.45,23.7,23.7,1180000
2025-05-22,24.7,24.7,24.75,24.15,24.3,909000
2025-05-23,24.6,24.6,26.2,24.4,25.0,4159000
2025-05-26,23.9,23.9,24.9,23.75,24.85,1526000
2025-05-27,23.8,23.8,24.1,23.5,24.0,821000
2025-05-28,23.7,23.7,24.2,23.55,24.2,477000
2025-05-29,24.05,24.05,24.1,23.6,23.7,575000
2025-06-02,23.3,23.3,24.05,23.25,24.05,925000
2025-06-03,23.0,23.0,23.65,23.0,23.25,789000
2025-06-04,23.5,23.5,23.65,23.0,23.05,674000
2025-06-05,23.45,23.45,23.9,23.45,23.5,398000
2025-06-06,23.25,23.25,23.65,23.15,23.55,461000
2025-06-09,22.85,22.85,23.35,22.85,23.3,736000
2025-06-10,23.45,23.45,23.5,22.85,22.85,605000
2025-06-11,24.2,24.2,24.2,23.6,23.65,1242000
2025-06-12,23.6,23.6,24.3,23.55,24.3,965000
2025-06-13,23.0,23.0,23.6,23.0,23.6,994000
2025-06-16,23.1,23.1,23.15,22.8,23.0,342000
2025-06-17,23.15,23.15,23.4,23.1,23.3,248000
2025-06-18,23.0,23.0,23.25,22.95,23.25,578000
2025-06-19,22.65,22.65,23.1,22.65,23.1,581000
2025-06-20,22.4,22.4,22.7,22.3,22.7,434000
2025-06-23,22.35,22.35,22.45,21.8,22.1,617000
2025-06-24,22.65,22.65,23.05,22.6,22.65,544000
2025-06-25,22.75,22.75,22.9,22.6,22.7,427000
2025-06-26,23.0,23.0,23.15,22.85,22.95,546000
2025-06-27,22.95,22.95,23.1,22.9,23.1,499000
2025-06-30,22.65,22.65,23.05,22.6,23.0,1388000
2025-07-01,20.95,20.95,21.15,20.8,20.95,1318000
2025-07-02,21.4,21.4,21.4,21.1,21.15,305000
2025-07-03,21.55,21.55,21.75,21.4,21.4,431000
2025-07-04,21.3,21.3,21.7,21.2,21.7,487000
2025-07-07,21.2,21.2,21.5,21.05,21.5,272000
2025-07-08,21.35,21.35,21.4,21.05,21.05,290000
2025-07-09,21.55,21.55,21.6,21.15,21.15,264000
2025-07-10,21.5,21.5,21.8,21.5,21.55,380000
2025-07-11,21.65,21.65,21.7,21.3,21.3,381000
2025-07-14,21.5,21.5,21.7,21.45,21.65,203000
2025-07-15,21.55,21.55,21.55,21.35,21.5,315000
2025-07-16,21.55,21.55,21.7,21.35,21.45,247000
2025-07-17,21.65,21.65,21.7,21.5,21.55,128000
2025-07-18,21.9,21.9,22.15,21.65,21.7,517000
2025-07-21,21.95,21.95,22.05,21.85,21.85,152000
2025-07-22,21.45,21.45,21.95,21.45,21.95,439000
2025-07-23,21.75,21.75,21.75,21.45,21.45,294000
2025-07-24,21.55,21.55,21.7,21.5,21.65,138000
2025-07-25,21.15,21.15,21.55,21.1,21.5,567000
2025-07-28,21.3,21.3,21.35,21.05,21.2,316000
2025-07-29,20.95,20.95,21.3,20.95,21.2,354000
2025-07-30,21.1,21.1,21.3,20.95,21.3,242000
2025-07-31,20.8,20.8,21.1,20.8,21.05,455000
2025-08-01,20.9,20.9,20.9,20.3,20.7,394000
2025-08-04,20.95,20.95,21.15,20.5,20.6,408000
2025-08-05,21.25,21.25,21.35,21.1,21.15,301000
2025-08-06,21.75,21.75,22.1,21.4,21.45,1425000
2025-08-07,21.4,21.4,22.0,21.35,22.0,561000
2025-08-08,21.45,21.45,21.55,21.3,21.4,314000
2025-08-11,21.2,21.2,21.3,21.05,21.25,471000
2025-08-12,21.1,21.1,21.35,21.05,21.3,399000
2025-08-13,21.1,21.1,21.3,21.0,21.25,625000
2025-08-14,21.25,21.25,21.4,21.1,21.1,289000
2025-08-15,21.2,21.2,21.25,21.1,21.1,411000
2025-08-18,21.1,21.1,21.3,21.05,21.15,508000
2025-08-19,20.9,20.9,21.3,20.85,21.15,642000
2025-08-20,20.6,20.6,20.85,20.3,20.8,922000
2025-08-21,20.8,20.8,20.9,20.6,20.6,235000
2025-08-22,20.65,20.65,20.9,20.55,20.9,195000
2025-08-25,20.7,20.7,20.95,20.6,20.95,284000
2025-08-26,20.8,20.8,20.9,20.65,20.9,181000
2025-08-27,20.85,20.85,20.95,20.75,20.75,230000
2025-08-28,20.95,20.95,21.15,20.85,20.95,541000
2025-08-29,20.85,20.85,21.1,20.8,20.95,407000
2025-09-01,20.55,20.55,20.9,20.5,20.9,408000
2025-09-02,21.9,21.9,22.6,21.35,21.4,11219000
2025-09-03,22.0,22.0,22.35,21.6,22.05,3307000
2025-09-04,22.3,22.3,22.4,21.85,22.4,1448000
2025-09-05,22.5,22.5,22.95,22.2,22.45,2700000
2025-09-08,22.45,22.45,22.7,22.25,22.55,1014000
2025-09-09,22.5,22.5,22.7,22.25,22.6,1029000
2025-09-10,22.4,22.4,22.85,22.4,22.6,994000
2025-09-11,21.9,21.9,22.55,21.9,22.55,939000
2025-09-12,22.3,22.3,22.3,22.05,22.15,483000
2025-09-15,22.3,22.3,22.5,22.15,22.5,525000
2025-09-16,22.4,22.4,22.55,22.15,22.45,512000
2025-09-17,22.65,22.65,22.7,22.45,22.5,748000
2025-09-18,22.9,22.9,23.25,22.9,22.9,1373000
2025-09-19,22.55,22.55,23.15,22.45,23.15,969000
2025-09-22,22.35,22.35,22.5,22.2,22.45,865000
2025-09-23,22.25,22.25,22.6,22.2,22.45,587000
2025-09-24,22.3,22.3,22.45,22.15,22.45,624000
2025-09-25,22.3,22.3,22.85,22.3,22.4,839000
2025-09-26,22.1,22.1,22.35,22.0,22.35,1046000
2025-09-30,22.1,22.1,22.25,21.75,22.2,920000
2025-10-01,22.0,22.0,22.4,21.95,22.25,580000
2025-10-02,22.85,22.85,22.85,22.25,22.3,1707000
2025-10-03,22.5,22.5,22.9,22.45,22.9,937000
2025-10-07,22.6,22.6,22.7,22.5,22.55,515000
2025-10-08,22.6,22.6,22.85,22.4,22.55,849000
2025-10-09,22.5,22.5,22.75,22.5,22.65,578000
2025-10-13,22.45,22.45,22.45,21.95,22.1,422000
2025-10-14,21.85,21.85,22.8,21.8,22.5,1139000
2025-10-15,21.85,21.85,22.05,21.8,22.05,421000
2025-10-16,21.65,21.65,22.1,21.6,22.0,684000
2025-10-17,21.5,21.5,21.8,21.45,21.65,688000
2025-10-20,21.5,21.5,21.7,21.5,21.55,390000
2025-10-21,21.6,21.6,21.85,21.5,21.5,235000
2025-10-22,21.7,21.7,21.85,21.6,21.7,269000
2025-10-23,21.45,21.45,21.8,21.45,21.8,375000
2025-10-27,21.25,21.25,21.55,21.15,21.55,763000
2025-10-28,21.15,21.15,21.35,21.05,21.25,520000
2025-10-29,21.3,21.3,21.4,21.15,21.35,482000
2025-10-30,21.2,21.2,21.45,21.1,21.3,551000
2025-10-31,21.25,21.25,21.3,21.2,21.25,291000
2025-11-03,21.15,21.15,21.4,21.1,21.35,357000
2025-11-04,21.45,21.45,22.5,21.45,21.75,1731000
2025-11-05,21.6,21.6,21.7,21.3,21.5,542000
2025-11-06,21.9,21.9,22.05,21.5,21.6,529000
2025-11-07,22.1,22.1,22.2,21.8,21.8,802000
2025-11-10,23.2,23.2,23.3,22.4,22.6,2582000
2025-11-11,23.0,23.0,23.95,22.9,23.6,1992000
2025-11-12,22.95,22.95,23.35,22.75,23.15,934000
2025-11-13,24.0,24.0,24.6,23.0,23.0,2765000
2025-11-14,23.35,23.35,24.0,23.2,24.0,1411000
2025-11-17,24.05,24.05,24.5,23.4,23.5,1842000
2025-11-18,23.9,23.9,24.3,23.55,24.3,1440000
2025-11-19,24.15,24.15,24.2,23.7,23.9,786000
2025-11-20,23.9,23.9,24.35,23.8,24.25,854000
2025-11-21,23.8,23.8,24.0,23.25,23.65,1580000
2025-11-24,23.55,23.55,24.9,23.55,23.9,1506000
2025-11-25,23.6,23.6,23.9,23.6,23.6,405000
2025-11-26,24.1,24.1,24.15,23.7,23.7,507000
2025-11-27,25.15,25.15,25.25,23.95,24.25,2691000
2025-11-28,24.5,24.5,25.45,24.4,25.45,2227000
2025-12-01,25.1,25.1,25.6,24.9,25.25,2274000
2025-12-02,24.4,24.4,25.1,24.4,25.1,1364000
2025-12-03,24.4,24.4,24.85,24.25,24.6,825000
2025-12-04,25.15,25.15,25.3,24.5,24.5,1545000
2025-12-05,24.3,24.3,25.2,24.2,25.2,1660000
2025-12-08,24.4,24.4,24.45,24.1,24.2,544000
2025-12-09,24.15,24.15,24.45,24.05,24.4,609000
2025-12-10,23.8,23.8,24.55,23.75,24.2,1280000
2025-12-11,23.75,23.75,24.0,23.7,23.8,674000
2025-12-12,23.95,23.95,24.15,23.85,24.0,493000
2025-12-15,23.95,23.95,24.15,23.75,23.75,291000
2025-12-16,24.1,24.1,24.3,23.95,23.95,782000
2025-12-17,24.6,24.6,24.75,24.25,24.25,1145000
2025-12-18,24.55,24.55,24.8,24.3,24.8,549000
2025-12-19,24.75,24.75,24.9,24.45,24.55,605000
2025-12-22,24.9,24.9,25.2,24.8,25.0,1078000
2025-12-23,24.5,24.5,24.95,24.5,24.95,658000
2025-12-24,24.3,24.3,24.65,24.2,24.6,665000
2025-12-26,24.1,24.1,24.5,24.1,24.5,295000
2025-12-29,23.95,23.95,24.2,23.95,24.1,494000
2025-12-30,23.9,23.9,24.0,23.7,24.0,486000
2025-12-31,24.15,24.15,24.15,23.8,23.8,227000
2026-01-02,24.55,24.55,24.6,24.1,24.1,511000
2026-01-05,23.4,23.4,24.4,23.3,24.4,2368000
2026-01-06,23.75,23.75,23.85,23.4,23.4,429000
2026-01-07,24.0,24.0,24.05,23.75,23.75,521000
2026-01-08,23.6,23.6,24.1,23.55,24.1,429000
2026-01-09,23.55,23.55,23.7,23.25,23.7,388000
2026-01-12,23.55,23.55,23.65,23.4,23.65,582000
2026-01-13,23.25,23.25,23.5,23.15,23.35,635000
2026-01-14,23.65,23.65,23.75,23.25,23.25,839000
2026-01-15,23.65,23.65,23.65,23.45,23.5,568000
2026-01-16,23.75,23.75,23.8,23.4,23.8,705000
2026-01-19,24.75,24.75,24.95,24.2,24.4,3112000
2026-01-20,24.7,24.7,24.75,24.35,24.7,1036000
2026-01-21,25.0,25.0,25.1,24.25,24.4,1493000
2026-01-22,25.0,25.0,25.4,24.9,25.25,1414000
2026-01-23,25.05,25.05,25.25,24.75,25.2,900000
2026-01-26,25.3,25.3,26.3,25.05,25.1,3660000
2026-01-27,25.2,25.2,25.65,25.0,25.6,1607000
2026-01-28,25.15,25.15,25.6,25.0,25.3,712000
2026-01-29,24.75,24.75,25.3,24.6,25.3,1320000
2026-01-30,24.6,24.6,24.9,24.35,24.9,656000
2026-02-02,24.55,24.55,24.65,24.2,24.45,599000
2026-02-03,25.0,25.0,25.15,24.65,24.8,727000
2026-02-04,25.65,25.65,25.65,24.9,25.05,941000
2026-02-05,25.25,25.25,26.0,25.2,25.7,805000
2026-02-06,25.05,25.05,25.15,24.75,25.15,642000
2026-02-09,24.7,24.7,25.55,24.45,25.35,1056000
2026-02-10,24.7,24.7,24.85,24.45,24.85,391000
2026-02-11,24.7,24.7,24.8,24.5,24.75,448000
2026-02-23,24.45,24.45,24.8,24.4,24.7,765000
2026-02-24,24.85,24.85,25.0,24.35,24.4,718000
2026-02-25,24.8,24.8,25.15,24.6,24.95,911000
2026-02-26,24.6,24.6,25.0,24.55,25.0,412000
2026-03-02,24.2,24.2,24.4,24.0,24.25,796000
2026-03-03,23.85,23.85,24.05,23.6,24.05,1353000
2026-03-04,22.6,22.6,23.4,22.6,23.3,1567000
2026-03-05,22.95,22.95,23.45,22.85,23.0,695000
2026-03-06,23.2,23.2,23.25,22.85,22.95,418000
2026-03-09,22.3,22.3,22.7,21.9,22.7,984000
2026-03-10,22.55,22.55,22.7,22.35,22.5,339000
2026-03-11,23.0,23.0,23.1,22.55,22.55,520000
2026-03-12,23.0,23.0,23.05,22.8,22.9,332000
2026-03-13,23.15,23.15,23.25,22.8,22.8,509000
2026-03-16,23.0,23.0,23.45,23.0,23.25,658000
2026-03-17,23.35,23.35,23.4,23.0,23.0,397000
2026-03-18,23.25,23.25,23.6,23.2,23.5,354000
2026-03-19,23.1,23.1,23.35,23.05,23.2,341000
2026-03-20,23.25,23.25,23.3,23.0,23.25,344000
2026-03-23,22.75,22.75,23.15,22.75,23.0,346000
2026-03-24,22.8,22.8,23.05,22.55,23.0,248000
2026-03-25,23.3,23.3,23.4,23.05,23.1,210000
2026-03-26,23.05,23.05,23.4,23.0,23.4,218000
2026-03-27,22.95,22.95,23.0,22.7,22.8,296000
2026-03-30,22.6,22.6,22.9,22.6,22.9,318000
2026-03-31,22.35,22.35,22.7,22.3,22.6,316000
2026-04-01,22.7,22.7,22.85,22.5,22.6,251000
2026-04-02,22.55,22.55,22.85,22.4,22.75,213000
2026-04-07,22.4,22.4,22.6,22.3,22.6,232000
2026-04-08,22.8,22.8,22.85,22.5,22.6,342000
2026-04-09,22.9,22.9,23.0,22.5,22.95,446000
2026-04-10,22.8,22.8,23.0,22.75,22.95,176000
2026-04-13,22.8,22.8,22.9,22.75,22.8,174000
2026-04-14,22.9,22.9,22.95,22.8,22.95,272000
2026-04-15,22.85,22.85,23.05,22.8,23.0,332000
2026-04-16,22.9,22.9,23.1,22.75,22.8,759000
2026-04-17,23.2,23.2,23.3,23.1,23.1,537000
2026-04-20,23.25,23.25,23.45,23.15,23.4,613000
2026-04-21,23.3,23.3,23.4,23.15,23.3,354000
2026-04-22,23.2,23.2,23.35,23.15,23.35,340000
2026-04-23,22.7,22.7,23.5,22.55,23.35,886000
2026-04-24,22.55,22.55,22.85,22.4,22.75,352000
2026-04-27,22.3,22.3,22.7,22.25,22.6,1008000
2026-04-28,22.35,22.35,22.4,22.25,22.3,418000
2026-04-29,22.3,22.3,22.65,22.3,22.35,393000
2026-04-30,22.3,22.3,22.55,22.3,22.55,201000
2026-05-04,22.5,22.5,22.7,22.45,22.45,274000
2026-05-05,22.6,22.6,22.65,22.4,22.6,441000
2026-05-06,22.2,22.2,22.5,22.15,22.5,685000
2026-05-07,22.3,22.3,22.45,22.1,22.2,401000
2026-05-08,22.1,22.1,22.45,22.1,22.4,479000
2026-05-11,22.2,22.2,22.3,22.1,22.3,471000
2026-05-12,22.2,22.2,22.35,22.1,22.35,380000
2026-05-13,22.05,22.05,22.15,21.9,22.1,483000
2026-05-14,22.0,22.0,22.25,21.95,22.1,352000
2026-05-15,21.8,21.8,22.15,21.75,22.1,529000
2026-05-18,21.7,21.7,21.8,21.4,21.8,430000
2026-05-19,21.55,21.55,21.9,21.5,21.75,348000
2026-05-20,21.65,21.65,21.75,21.5,21.55,202000
2026-05-21,21.95,21.95,22.05,21.75,21.8,213000
2026-05-22,22.05,22.05,22.2,21.85,21.95,354000
2026-05-25,22.25,22.25,22.3,21.8,22.2,840000
2026-05-26,22.1,22.1,22.25,22.05,22.25,341000
2026-05-27,21.9,21.9,22.2,21.8,22.15,360000
2026-05-28,21.9,21.9,22.15,21.9,21.95,520000
2026-05-29,22.25,22.25,22.35,21.95,22.0,1040000
2026-06-01,22.55,22.55,22.65,22.35,22.4,1076000
2026-06-02,22.35,22.35,22.4,22.15,22.4,752000
2026-06-03,22.6,22.6,22.7,22.35,22.35,1426000
2026-06-04,22.75,22.75,22.75,22.5,22.7,602000
2026-06-05,22.5,22.5,22.85,22.4,22.75,461000
2026-06-08,22.25,22.25,22.25,21.65,22.0,396000
2026-06-09,22.55,22.55,22.75,22.4,22.4,448000
2026-06-10,22.15,22.15,22.5,22.15,22.4,405000
2026-06-11,22.05,22.05,22.15,21.8,22.1,301000
2026-06-12,22.2,22.2,22.45,22.15,22.3,329000
2026-06-15,23.15,23.15,23.25,22.25,22.4,1269000
2026-06-16,22.85,22.85,23.45,22.8,23.35,810000
2026-06-17,23.05,23.05,23.1,22.7,22.8,319000
2026-06-18,23.0,23.0,23.3,23.0,23.15,439000
2026-06-22,23.55,23.55,24.2,23.35,23.35,1134000
2026-06-23,23.05,23.05,23.65,22.95,23.65,612000
2026-06-24,23.15,23.15,23.35,23.0,23.0,453000
2026-06-25,23.35,23.35,23.7,23.2,23.4,557000
2026-06-26,23.0,23.0,23.5,22.8,23.5,778000
2026-06-29,23.0,23.0,23.3,22.9,23.25,426000
2026-06-30,23.1,23.1,23.2,22.85,23.2,493000
2026-07-01,22.8,22.8,23.25,22.8,23.15,861000
2026-07-02,23.0,23.0,23.1,22.75,22.9,1091000
2026-07-03,21.25,21.25,21.55,21.25,21.45,1123000
2026-07-06,21.0,21.0,21.55,21.0,21.45,632000
2026-07-07,20.75,20.75,21.2,20.7,21.05,714000
2026-07-08,20.45,20.45,20.85,20.2,20.7,564000
2026-07-09,20.25,20.25,20.5,20.1,20.5,872000
2026-07-13,20.05,20.05,20.3,20.0,20.3,287000
2026-07-14,19.8,19.8,20.05,19.3,20.05,1120000
2026-07-15,20.0,20.0,20.05,19.8,19.8,194000
2026-07-16,19.85,19.85,20.05,19.8,19.95,243000
2026-07-17,19.2,19.2,19.9,19.2,19.9,625000
2026-07-20,19.2,19.2,19.45,19.0,19.35,269000
2026-07-21,19.4,19.4,19.5,19.25,19.25,134000
2026-07-22,19.35,19.35,19.7,19.35,19.5,231000
2026-07-23,19.2,19.2,19.3,19.15,19.3,188000
2026-07-24,19.35,19.35,19.45,19.1,19.15,234000
2026-07-27,19.1,19.1,19.35,19.05,19.35,307000
2026-07-28,18.8,18.8,19.1,18.8,19.1,345000
2026-07-29,18.55,18.55,19.0,18.35,19.0,549000
2026-07-30,18.9,18.9,19.0,18.45,18.45,248000
2026-07-31,19.3,19.3,19.4,19.2,19.2,289000
2026-08-03,19.15,19.15,19.3,19.05,19.3,167000
2026-08-04,19.4,19.4,19.4,19.05,19.1,217000
2026-08-05,19.35,19.35,19.6,19.2,19.5,270000
2026-08-06,19.25,19.25,19.25,19.0,19.2,123000
2026-08-07,19.3,19.3,19.3,19.15,19.3,102000
2026-08-10,19.25,19.25,19.35,19.15,19.3,153000
2026-08-11,19.1,19.1,19.25,19.05,19.25,126000
2026-08-12,19.15,19.15,19.15,19.05,19.1,164000
2026-08-13,19.05,19.05,19.45,19.0,19.2,274000
2026-08-14,18.9,18.9,19.1,18.8,19.1,293000
2026-08-17,19.0,19.0,19.0,18.85,18.9,117000
2026-08-18,18.95,18.95,19.0,18.85,19.0,196000
2026-08-19,19.05,19.05,19.1,18.9,19.0,189000
2026-08-20,19.2,19.2,19.2,19.0,19.05,148000
2026-08-21,19.3,19.3,19.3,19.1,19.2,94000
2026-08-24,19.15,19.15,19.35,19.1,19.35,59092
2026-08-25,19.2,19.2,19.3,19.1,19.2,75856
2026-08-26,19.3,19.3,19.35,19.25,19.3,79935
2026-08-27,19.5,19.5,19.75,19.35,19.4,360868
2026-08-28,19.25,19.25,19.7,19.25,19.65,199255
2026-08-31,19.1,19.1,19.45,19.1,19.2,115588
2026-09-01,19.15,19.15,19.3,19.1,19.3,104718
2026-09-02,18.9,18.9,19.0,18.8,19.0,818142
2026-09-03,18.75,18.75,19.0,18.75,18.9,197009
2026-09-04,18.75,18.75,18.8,18.65,18.8,276151
2026-09-07,18.65,18.65,18.75,18.6,18.75,125492
2026-09-08,18.4,18.4,18.7,18.4,18.7,303580
2026-09-09,18.2,18.2,18.45,18.15,18.4,383212
2026-09-10,18.25,18.25,18.25,18.0,18.2,380396
2026-09-11,18.1,18.1,18.3,18.05,18.3,157160
2026-09-14,18.05,18.05,18.1,18.0,18.1,156535
2026-09-15,18.0,18.0,18.15,18.0,18.05,72372
