Date,Adj Close,Close,High,Low,Open,Volume
2016-08-12,78.5,78.5,78.5,71.2,71.2,781027
2016-08-15,78.5,78.5,78.5,71.2,71.2,781027
2016-08-16,78.5,78.5,78.5,71.2,71.2,781027
2016-08-17,78.5,78.5,78.5,71.2,71.2,781027
2016-08-18,78.5,78.5,78.5,71.2,71.2,781027
2016-08-19,78.5,78.5,78.5,71.2,71.2,781027
2016-08-22,78.5,78.5,78.5,71.2,71.2,781027
2016-08-23,78.5,78.5,78.5,71.2,71.2,781027
2016-08-24,78.5,78.5,78.5,71.2,71.2,781027
2016-08-25,78.5,78.5,78.5,71.2,71.2,781027
2016-08-26,78.5,78.5,78.5,71.2,71.2,781027
2016-08-29,78.5,78.5,78.5,71.2,71.2,781027
2016-08-30,78.5,78.5,78.5,71.2,71.2,781027
2016-08-31,78.5,78.5,78.5,71.2,71.2,781027
2016-09-01,78.5,78.5,78.5,71.2,71.2,781027
2016-09-02,78.5,78.5,78.5,71.2,71.2,781027
2016-09-05,78.5,78.5,78.5,71.2,71.2,781027
2016-09-06,78.5,78.5,78.5,71.2,71.2,781027
2016-09-07,78.5,78.5,78.5,71.2,71.2,781027
2016-09-08,78.5,78.5,78.5,71.2,71.2,781027
2016-09-09,78.5,78.5,78.5,71.2,71.2,781027
2016-09-12,78.5,78.5,78.5,71.2,71.2,781027
2016-09-13,78.5,78.5,78.5,71.2,71.2,781027
2016-09-14,78.5,78.5,78.5,71.2,71.2,781027
2016-09-19,78.5,78.5,78.5,71.2,71.2,781027
2016-09-20,78.5,78.5,78.5,71.2,71.2,781027
2016-09-21,78.5,78.5,78.5,71.2,71.2,781027
2016-09-22,78.5,78.5,78.5,71.2,71.2,781027
2016-09-23,78.5,78.5,78.5,71.2,71.2,781027
2016-09-26,78.5,78.5,78.5,71.2,71.2,781027
2016-09-29,78.5,78.5,78.5,71.2,71.2,781027
2016-09-30,78.5,78.5,78.5,71.2,71.2,781027
2016-10-03,78.5,78.5,78.5,71.2,71.2,781027
2016-10-04,78.5,78.5,78.5,71.2,71.2,781027
2016-10-05,78.5,78.5,78.5,71.2,71.2,781027
2016-10-06,78.5,78.5,78.5,71.2,71.2,781027
2016-10-07,78.5,78.5,78.5,71.2,71.2,781027
2016-10-11,78.5,78.5,78.5,71.2,71.2,781027
2016-10-12,78.5,78.5,78.5,71.2,71.2,781027
2016-10-13,78.5,78.5,78.5,71.2,71.2,781027
2016-10-14,78.5,78.5,78.5,71.2,71.2,781027
2016-10-17,78.5,78.5,78.5,71.2,71.2,781027
2016-10-18,78.5,78.5,78.5,71.2,71.2,781027
2016-10-19,78.5,78.5,78.5,71.2,71.2,781027
2016-10-20,78.5,78.5,78.5,71.2,71.2,781027
2016-10-21,78.5,78.5,78.5,71.2,71.2,781027
2016-10-24,78.5,78.5,78.5,71.2,71.2,781027
2016-10-25,78.5,78.5,78.5,71.2,71.2,781027
2016-10-26,78.5,78.5,78.5,71.2,71.2,781027
2016-10-27,78.5,78.5,78.5,71.2,71.2,781027
2016-10-28,78.5,78.5,78.5,71.2,71.2,781027
2016-10-31,78.5,78.5,78.5,71.2,71.2,781027
2016-11-01,78.5,78.5,78.5,71.2,71.2,781027
2016-11-02,78.5,78.5,78.5,71.2,71.2,781027
2016-11-03,78.5,78.5,78.5,71.2,71.2,781027
2016-11-04,78.5,78.5,78.5,71.2,71.2,781027
2016-11-07,78.5,78.5,78.5,71.2,71.2,781027
2016-11-08,78.5,78.5,78.5,71.2,71.2,781027
2016-11-09,78.5,78.5,78.5,71.2,71.2,781027
2016-11-10,78.5,78.5,78.5,71.2,71.2,781027
2016-11-11,78.5,78.5,78.5,71.2,71.2,781027
2016-11-14,78.5,78.5,78.5,71.2,71.2,781027
2016-11-15,78.5,78.5,78.5,71.2,71.2,781027
2016-11-16,78.5,78.5,78.5,71.2,71.2,781027
2016-11-17,78.5,78.5,78.5,71.2,71.2,781027
2016-11-18,78.5,78.5,78.5,71.2,71.2,781027
2016-11-21,78.5,78.5,78.5,71.2,71.2,781027
2016-11-22,78.5,78.5,78.5,71.2,71.2,781027
2016-11-23,78.5,78.5,78.5,71.2,71.2,781027
2016-11-24,78.5,78.5,78.5,71.2,71.2,781027
2016-11-25,78.5,78.5,78.5,71.2,71.2,781027
2016-11-28,78.5,78.5,78.5,71.2,71.2,781027
2016-11-29,78.5,78.5,78.5,71.2,71.2,781027
2016-11-30,78.5,78.5,78.5,71.2,71.2,781027
2016-12-01,78.5,78.5,78.5,71.2,71.2,781027
2016-12-02,78.5,78.5,78.5,71.2,71.2,781027
2016-12-05,78.5,78.5,78.5,71.2,71.2,781027
2016-12-06,78.5,78.5,78.5,71.2,71.2,781027
2016-12-07,78.5,78.5,78.5,71.2,71.2,781027
2016-12-08,78.5,78.5,78.5,71.2,71.2,781027
2016-12-09,78.5,78.5,78.5,71.2,71.2,781027
2016-12-12,78.5,78.5,78.5,71.2,71.2,781027
2016-12-13,78.5,78.5,78.5,71.2,71.2,781027
2016-12-14,78.5,78.5,78.5,71.2,71.2,781027
2016-12-15,78.5,78.5,78.5,71.2,71.2,781027
2016-12-16,78.5,78.5,78.5,71.2,71.2,781027
2016-12-19,78.5,78.5,78.5,71.2,71.2,781027
2016-12-20,78.5,78.5,78.5,71.2,71.2,781027
2016-12-21,78.5,78.5,78.5,71.2,71.2,781027
2016-12-22,78.5,78.5,78.5,71.2,71.2,781027
2016-12-23,78.5,78.5,78.5,71.2,71.2,781027
2016-12-26,78.5,78.5,78.5,71.2,71.2,781027
2016-12-27,78.5,78.5,78.5,71.2,71.2,781027
2016-12-28,78.5,78.5,78.5,71.2,71.2,781027
2016-12-29,78.5,78.5,78.5,71.2,71.2,781027
2016-12-30,78.5,78.5,78.5,71.2,71.2,781027
2017-01-03,78.5,78.5,78.5,71.2,71.2,781027
2017-01-04,78.5,78.5,78.5,71.2,71.2,781027
2017-01-05,78.5,78.5,78.5,71.2,71.2,781027
2017-01-06,78.5,78.5,78.5,71.2,71.2,781027
2017-01-09,78.5,78.5,78.5,71.2,71.2,781027
2017-01-10,78.5,78.5,78.5,71.2,71.2,781027
2017-01-11,78.5,78.5,78.5,71.2,71.2,781027
2017-01-12,78.5,78.5,78.5,71.2,71.2,781027
2017-01-13,78.5,78.5,78.5,71.2,71.2,781027
2017-01-16,78.5,78.5,78.5,71.2,71.2,781027
2017-01-17,78.5,78.5,78.5,71.2,71.2,781027
2017-01-18,78.5,78.5,78.5,71.2,71.2,781027
2017-01-19,78.5,78.5,78.5,71.2,71.2,781027
2017-01-20,78.5,78.5,78.5,71.2,71.2,781027
2017-01-23,78.5,78.5,78.5,71.2,71.2,781027
2017-01-24,78.5,78.5,78.5,71.2,71.2,781027
2017-02-02,78.5,78.5,78.5,71.2,71.2,781027
2017-02-03,78.5,78.5,78.5,71.2,71.2,781027
2017-02-06,78.5,78.5,78.5,71.2,71.2,781027
2017-02-07,78.5,78.5,78.5,71.2,71.2,781027
2017-02-08,78.5,78.5,78.5,71.2,71.2,781027
2017-02-09,78.5,78.5,78.5,71.2,71.2,781027
2017-02-10,78.5,78.5,78.5,71.2,71.2,781027
2017-02-13,78.5,78.5,78.5,71.2,71.2,781027
2017-02-14,78.5,78.5,78.5,71.2,71.2,781027
2017-02-15,78.5,78.5,78.5,71.2,71.2,781027
2017-02-16,78.5,78.5,78.5,71.2,71.2,781027
2017-02-17,78.5,78.5,78.5,71.2,71.2,781027
2017-02-20,78.5,78.5,78.5,71.2,71.2,781027
2017-02-21,78.5,78.5,78.5,71.2,71.2,781027
2017-02-22,78.5,78.5,78.5,71.2,71.2,781027
2017-02-23,78.5,78.5,78.5,71.2,71.2,781027
2017-02-24,78.5,78.5,78.5,71.2,71.2,781027
2017-03-01,78.5,78.5,78.5,71.2,71.2,781027
2017-03-02,78.5,78.5,78.5,71.2,71.2,781027
2017-03-03,78.5,78.5,78.5,71.2,71.2,781027
2017-03-06,78.5,78.5,78.5,71.2,71.2,781027
2017-03-07,78.5,78.5,78.5,71.2,71.2,781027
2017-03-08,78.5,78.5,78.5,71.2,71.2,781027
2017-03-09,78.5,78.5,78.5,71.2,71.2,781027
2017-03-10,78.5,78.5,78.5,71.2,71.2,781027
2017-03-13,78.5,78.5,78.5,71.2,71.2,781027
2017-03-14,78.5,78.5,78.5,71.2,71.2,781027
2017-03-15,78.5,78.5,78.5,71.2,71.2,781027
2017-03-16,78.5,78.5,78.5,71.2,71.2,781027
2017-03-17,78.5,78.5,78.5,71.2,71.2,781027
2017-03-20,78.5,78.5,78.5,71.2,71.2,781027
2017-03-21,78.5,78.5,78.5,71.2,71.2,781027
2017-03-22,78.5,78.5,78.5,71.2,71.2,781027
2017-03-23,78.5,78.5,78.5,71.2,71.2,781027
2017-03-24,78.5,78.5,78.5,71.2,71.2,781027
2017-03-27,78.5,78.5,78.5,71.2,71.2,781027
2017-03-28,78.5,78.5,78.5,71.2,71.2,781027
2017-03-29,78.5,78.5,78.5,71.2,71.2,781027
2017-03-30,78.5,78.5,78.5,71.2,71.2,781027
2017-03-31,78.5,78.5,78.5,71.2,71.2,781027
2017-04-05,78.5,78.5,78.5,71.2,71.2,781027
2017-04-06,78.5,78.5,78.5,71.2,71.2,781027
2017-04-07,78.5,78.5,78.5,71.2,71.2,781027
2017-04-10,78.5,78.5,78.5,71.2,71.2,781027
2017-04-11,78.5,78.5,78.5,71.2,71.2,781027
2017-04-12,78.5,78.5,78.5,71.2,71.2,781027
2017-04-13,78.5,78.5,78.5,71.2,71.2,781027
2017-04-14,78.5,78.5,78.5,71.2,71.2,781027
2017-04-17,78.5,78.5,78.5,71.2,71.2,781027
2017-04-18,78.5,78.5,78.5,71.2,71.2,781027
2017-04-19,78.5,78.5,78.5,71.2,71.2,781027
2017-04-21,78.5,78.5,78.5,71.2,71.2,781027
2017-04-24,78.5,78.5,78.5,71.2,71.2,781027
2017-04-25,78.5,78.5,78.5,71.2,71.2,781027
2017-04-26,78.5,78.5,78.5,71.2,71.2,781027
2017-04-27,78.5,78.5,78.5,71.2,71.2,781027
2017-04-28,78.5,78.5,78.5,71.2,71.2,781027
2017-05-02,78.5,78.5,78.5,71.2,71.2,781027
2017-05-03,78.5,78.5,78.5,71.2,71.2,781027
2017-05-04,78.5,78.5,78.5,71.2,71.2,781027
2017-05-05,78.5,78.5,78.5,71.2,71.2,781027
2017-05-08,78.5,78.5,78.5,71.2,71.2,781027
2017-05-09,78.5,78.5,78.5,71.2,71.2,781027
2017-05-10,78.5,78.5,78.5,71.2,71.2,781027
2017-05-11,78.5,78.5,78.5,71.2,71.2,781027
2017-05-12,78.5,78.5,78.5,71.2,71.2,781027
2017-05-15,78.5,78.5,78.5,71.2,71.2,781027
2017-05-16,78.5,78.5,78.5,71.2,71.2,781027
2017-05-17,78.5,78.5,78.5,71.2,71.2,781027
2017-05-18,78.5,78.5,78.5,71.2,71.2,781027
2017-05-19,78.5,78.5,78.5,71.2,71.2,781027
2017-05-22,78.5,78.5,78.5,71.2,71.2,781027
2017-05-23,78.5,78.5,78.5,71.2,71.2,781027
2017-05-24,78.5,78.5,78.5,71.2,71.2,781027
2017-05-25,78.5,78.5,78.5,71.2,71.2,781027
2017-05-26,78.5,78.5,78.5,71.2,71.2,781027
2017-05-31,78.5,78.5,78.5,71.2,71.2,781027
2017-06-01,78.5,78.5,78.5,71.2,71.2,781027
2017-06-02,78.5,78.5,78.5,71.2,71.2,781027
2017-06-05,78.5,78.5,78.5,71.2,71.2,781027
2017-06-06,78.5,78.5,78.5,71.2,71.2,781027
2017-06-07,78.5,78.5,78.5,71.2,71.2,781027
2017-06-08,78.5,78.5,78.5,71.2,71.2,781027
2017-06-09,78.5,78.5,78.5,71.2,71.2,781027
2017-06-12,78.5,78.5,78.5,71.2,71.2,781027
2017-06-13,78.5,78.5,78.5,71.2,71.2,781027
2017-06-14,78.5,78.5,78.5,71.2,71.2,781027
2017-06-15,78.5,78.5,78.5,71.2,71.2,781027
2017-06-16,78.5,78.5,78.5,71.2,71.2,781027
2017-06-19,78.5,78.5,78.5,71.2,71.2,781027
2017-06-20,78.5,78.5,78.5,71.2,71.2,781027
2017-06-21,78.5,78.5,78.5,71.2,71.2,781027
2017-06-22,78.5,78.5,78.5,71.2,71.2,781027
2017-06-23,78.5,78.5,78.5,71.2,71.2,781027
2017-06-26,78.5,78.5,78.5,71.2,71.2,781027
2017-06-27,78.5,78.5,78.5,71.2,71.2,781027
2017-06-28,78.5,78.5,78.5,71.2,71.2,781027
2017-06-29,78.5,78.5,78.5,71.2,71.2,781027
2017-06-30,78.5,78.5,78.5,71.2,71.2,781027
2017-07-03,78.5,78.5,78.5,71.2,71.2,781027
2017-07-04,78.5,78.5,78.5,71.2,71.2,781027
2017-07-05,78.5,78.5,78.5,71.2,71.2,781027
2017-07-06,78.5,78.5,78.5,71.2,71.2,781027
2017-07-07,78.5,78.5,78.5,71.2,71.2,781027
2017-07-10,78.5,78.5,78.5,71.2,71.2,781027
2017-07-11,78.5,78.5,78.5,71.2,71.2,781027
2017-07-12,78.5,78.5,78.5,71.2,71.2,781027
2017-07-13,78.5,78.5,78.5,71.2,71.2,781027
2017-07-14,78.5,78.5,78.5,71.2,71.2,781027
2017-07-17,78.5,78.5,78.5,71.2,71.2,781027
2017-07-18,78.5,78.5,78.5,71.2,71.2,781027
2017-07-19,78.5,78.5,78.5,71.2,71.2,781027
2017-07-20,78.5,78.5,78.5,71.2,71.2,781027
2017-07-21,78.5,78.5,78.5,71.2,71.2,781027
2017-07-24,78.5,78.5,78.5,71.2,71.2,781027
2017-07-25,78.5,78.5,78.5,71.2,71.2,781027
2017-07-26,78.5,78.5,78.5,71.2,71.2,781027
2017-07-27,78.5,78.5,78.5,71.2,71.2,781027
2017-07-28,78.5,78.5,78.5,71.2,71.2,781027
2017-07-31,78.5,78.5,78.5,71.2,71.2,781027
2017-08-01,78.5,78.5,78.5,71.2,71.2,781027
2017-08-02,78.5,78.5,78.5,71.2,71.2,781027
2017-08-03,78.5,78.5,78.5,71.2,71.2,781027
2017-08-04,78.5,78.5,78.5,71.2,71.2,781027
2017-08-07,78.5,78.5,78.5,71.2,71.2,781027
2017-08-08,78.5,78.5,78.5,71.2,71.2,781027
2017-08-09,78.5,78.5,78.5,71.2,71.2,781027
2017-08-10,78.5,78.5,78.5,71.2,71.2,781027
2017-08-11,78.5,78.5,78.5,71.2,71.2,781027
2017-08-14,78.5,78.5,78.5,71.2,71.2,781027
2017-08-15,78.5,78.5,78.5,71.2,71.2,781027
2017-08-16,78.5,78.5,78.5,71.2,71.2,781027
2017-08-17,78.5,78.5,78.5,71.2,71.2,781027
2017-08-18,78.5,78.5,78.5,71.2,71.2,781027
2017-08-21,78.5,78.5,78.5,71.2,71.2,781027
2017-08-22,78.5,78.5,78.5,71.2,71.2,781027
2017-08-23,78.5,78.5,78.5,71.2,71.2,781027
2017-08-24,78.5,78.5,78.5,71.2,71.2,781027
2017-08-25,78.5,78.5,78.5,71.2,71.2,781027
2017-08-28,78.5,78.5,78.5,71.2,71.2,781027
2017-08-29,78.5,78.5,78.5,71.2,71.2,781027
2017-08-30,78.5,78.5,78.5,71.2,71.2,781027
2017-08-31,78.5,78.5,78.5,71.2,71.2,781027
2017-09-01,78.5,78.5,78.5,71.2,71.2,781027
2017-09-04,78.5,78.5,78.5,71.2,71.2,781027
2017-09-05,78.5,78.5,78.5,71.2,71.2,781027
2017-09-06,78.5,78.5,78.5,71.2,71.2,781027
2017-09-07,78.5,78.5,78.5,71.2,71.2,781027
2017-09-08,78.5,78.5,78.5,71.2,71.2,781027
2017-09-11,78.5,78.5,78.5,71.2,71.2,781027
2017-09-12,78.5,78.5,78.5,71.2,71.2,781027
2017-09-13,78.5,78.5,78.5,71.2,71.2,781027
2017-09-14,78.5,78.5,78.5,71.2,71.2,781027
2017-09-15,78.5,78.5,78.5,71.2,71.2,781027
2017-09-18,78.5,78.5,78.5,71.2,71.2,781027
2017-09-19,78.5,78.5,78.5,71.2,71.2,781027
2017-09-20,78.5,78.5,78.5,71.2,71.2,781027
2017-09-21,78.5,78.5,78.5,71.2,71.2,781027
2017-09-22,78.5,78.5,78.5,71.2,71.2,781027
2017-09-25,78.5,78.5,78.5,71.2,71.2,781027
2017-09-26,78.5,78.5,78.5,71.2,71.2,781027
2017-09-27,78.5,78.5,78.5,71.2,71.2,781027
2017-09-28,78.5,78.5,78.5,71.2,71.2,781027
2017-09-29,78.5,78.5,78.5,71.2,71.2,781027
2017-10-02,78.5,78.5,78.5,71.2,71.2,781027
2017-10-03,78.5,78.5,78.5,71.2,71.2,781027
2017-10-05,78.5,78.5,78.5,71.2,71.2,781027
2017-10-06,78.5,78.5,78.5,71.2,71.2,781027
2017-10-11,78.5,78.5,78.5,71.2,71.2,781027
2017-10-12,78.5,78.5,78.5,71.2,71.2,781027
2017-10-13,78.5,78.5,78.5,71.2,71.2,781027
2017-10-16,78.5,78.5,78.5,71.2,71.2,781027
2017-10-17,78.5,78.5,78.5,71.2,71.2,781027
2017-10-18,78.5,78.5,78.5,71.2,71.2,781027
2017-10-19,78.5,78.5,78.5,71.2,71.2,781027
2017-10-20,78.5,78.5,78.5,71.2,71.2,781027
2017-10-23,78.5,78.5,78.5,71.2,71.2,781027
2017-10-24,78.5,78.5,78.5,71.2,71.2,781027
2017-10-25,78.5,78.5,78.5,71.2,71.2,781027
2017-10-26,78.5,78.5,78.5,71.2,71.2,781027
2017-10-27,78.5,78.5,78.5,71.2,71.2,781027
2017-10-30,78.5,78.5,78.5,71.2,71.2,781027
2017-10-31,78.5,78.5,78.5,71.2,71.2,781027
2017-11-01,78.5,78.5,78.5,71.2,71.2,781027
2017-11-02,78.5,78.5,78.5,71.2,71.2,781027
2017-11-03,78.5,78.5,78.5,71.2,71.2,781027
2017-11-06,78.5,78.5,78.5,71.2,71.2,781027
2017-11-07,78.5,78.5,78.5,71.2,71.2,781027
2017-11-08,78.5,78.5,78.5,71.2,71.2,781027
2017-11-09,78.5,78.5,78.5,71.2,71.2,781027
2017-11-10,78.5,78.5,78.5,71.2,71.2,781027
2017-11-13,78.5,78.5,78.5,71.2,71.2,781027
2017-11-14,78.5,78.5,78.5,71.2,71.2,781027
2017-11-15,78.5,78.5,78.5,71.2,71.2,781027
2017-11-16,78.5,78.5,78.5,71.2,71.2,781027
2017-11-17,78.5,78.5,78.5,71.2,71.2,781027
2017-11-20,78.5,78.5,78.5,71.2,71.2,781027
2017-11-21,78.5,78.5,78.5,71.2,71.2,781027
2017-11-22,78.5,78.5,78.5,71.2,71.2,781027
2017-11-23,78.5,78.5,78.5,71.2,71.2,781027
2017-11-24,78.5,78.5,78.5,71.2,71.2,781027
2017-11-27,78.5,78.5,78.5,71.2,71.2,781027
2017-11-28,78.5,78.5,78.5,71.2,71.2,781027
2017-11-29,78.5,78.5,78.5,71.2,71.2,781027
2017-11-30,78.5,78.5,78.5,71.2,71.2,781027
2017-12-01,78.5,78.5,78.5,71.2,71.2,781027
2017-12-04,78.5,78.5,78.5,71.2,71.2,781027
2017-12-05,78.5,78.5,78.5,71.2,71.2,781027
2017-12-06,78.5,78.5,78.5,71.2,71.2,781027
2017-12-07,78.5,78.5,78.5,71.2,71.2,781027
2017-12-08,78.5,78.5,78.5,71.2,71.2,781027
2017-12-11,78.5,78.5,78.5,71.2,71.2,781027
2017-12-12,78.5,78.5,78.5,71.2,71.2,781027
2017-12-13,78.5,78.5,78.5,71.2,71.2,781027
2017-12-14,78.5,78.5,78.5,71.2,71.2,781027
2017-12-15,78.5,78.5,78.5,71.2,71.2,781027
2017-12-18,78.5,78.5,78.5,71.2,71.2,781027
2017-12-19,78.5,78.5,78.5,71.2,71.2,781027
2017-12-20,78.5,78.5,78.5,71.2,71.2,781027
2017-12-21,78.5,78.5,78.5,71.2,71.2,781027
2017-12-22,78.5,78.5,78.5,71.2,71.2,781027
2017-12-25,78.5,78.5,78.5,71.2,71.2,781027
2017-12-26,78.5,78.5,78.5,71.2,71.2,781027
2017-12-27,78.5,78.5,78.5,71.2,71.2,781027
2017-12-28,78.5,78.5,78.5,71.2,71.2,781027
2017-12-29,78.5,78.5,78.5,71.2,71.2,781027
2018-01-02,78.5,78.5,78.5,71.2,71.2,781027
2018-01-03,78.5,78.5,78.5,71.2,71.2,781027
2018-01-04,78.5,78.5,78.5,71.2,71.2,781027
2018-01-05,78.5,78.5,78.5,71.2,71.2,781027
2018-01-08,78.5,78.5,78.5,71.2,71.2,781027
2018-01-09,78.5,78.5,78.5,71.2,71.2,781027
2018-01-10,78.5,78.5,78.5,71.2,71.2,781027
2018-01-11,78.5,78.5,78.5,71.2,71.2,781027
2018-01-12,78.5,78.5,78.5,71.2,71.2,781027
2018-01-15,78.5,78.5,78.5,71.2,71.2,781027
2018-01-16,78.5,78.5,78.5,71.2,71.2,781027
2018-01-17,78.5,78.5,78.5,71.2,71.2,781027
2018-01-18,78.5,78.5,78.5,71.2,71.2,781027
2018-01-19,78.5,78.5,78.5,71.2,71.2,781027
2018-01-22,78.5,78.5,78.5,71.2,71.2,781027
2018-01-23,78.5,78.5,78.5,71.2,71.2,781027
2018-01-24,78.5,78.5,78.5,71.2,71.2,781027
2018-01-25,78.5,78.5,78.5,71.2,71.2,781027
2018-01-26,78.5,78.5,78.5,71.2,71.2,781027
2018-01-29,78.5,78.5,78.5,71.2,71.2,781027
2018-01-30,78.5,78.5,78.5,71.2,71.2,781027
2018-01-31,78.5,78.5,78.5,71.2,71.2,781027
2018-02-01,78.5,78.5,78.5,71.2,71.2,781027
2018-02-02,78.5,78.5,78.5,71.2,71.2,781027
2018-02-05,78.5,78.5,78.5,71.2,71.2,781027
2018-02-06,78.5,78.5,78.5,71.2,71.2,781027
2018-02-07,78.5,78.5,78.5,71.2,71.2,781027
2018-02-08,78.5,78.5,78.5,71.2,71.2,781027
2018-02-09,78.5,78.5,78.5,71.2,71.2,781027
2018-02-12,78.5,78.5,78.5,71.2,71.2,781027
2018-02-21,78.5,78.5,78.5,71.2,71.2,781027
2018-02-22,78.5,78.5,78.5,71.2,71.2,781027
2018-02-23,78.5,78.5,78.5,71.2,71.2,781027
2018-02-26,78.5,78.5,78.5,71.2,71.2,781027
2018-02-27,78.5,78.5,78.5,71.2,71.2,781027
2018-03-01,78.5,78.5,78.5,71.2,71.2,781027
2018-03-02,78.5,78.5,78.5,71.2,71.2,781027
2018-03-05,78.5,78.5,78.5,71.2,71.2,781027
2018-03-06,78.5,78.5,78.5,71.2,71.2,781027
2018-03-07,78.5,78.5,78.5,71.2,71.2,781027
2018-03-08,78.5,78.5,78.5,71.2,71.2,781027
2018-03-09,78.5,78.5,78.5,71.2,71.2,781027
2018-03-12,78.5,78.5,78.5,71.2,71.2,781027
2018-03-13,78.5,78.5,78.5,71.2,71.2,781027
2018-03-14,78.5,78.5,78.5,71.2,71.2,781027
2018-03-15,78.5,78.5,78.5,71.2,71.2,781027
2018-03-16,78.5,78.5,78.5,71.2,71.2,781027
2018-03-19,78.5,78.5,78.5,71.2,71.2,781027
2018-03-20,78.5,78.5,78.5,71.2,71.2,781027
2018-03-21,78.5,78.5,78.5,71.2,71.2,781027
2018-03-22,78.5,78.5,78.5,71.2,71.2,781027
2018-03-23,78.5,78.5,78.5,71.2,71.2,781027
2018-03-26,78.5,78.5,78.5,71.2,71.2,781027
2018-03-27,78.5,78.5,78.5,71.2,71.2,781027
2018-03-28,78.5,78.5,78.5,71.2,71.2,781027
2018-03-29,78.5,78.5,78.5,71.2,71.2,781027
2018-03-30,78.5,78.5,78.5,71.2,71.2,781027
2018-04-02,78.5,78.5,78.5,71.2,71.2,781027
2018-04-03,78.5,78.5,78.5,71.2,71.2,781027
2018-04-09,78.5,78.5,78.5,71.2,71.2,781027
2018-04-10,78.5,78.5,78.5,71.2,71.2,781027
2018-04-11,78.5,78.5,78.5,71.2,71.2,781027
2018-04-12,78.5,78.5,78.5,71.2,71.2,781027
2018-04-13,78.5,78.5,78.5,71.2,71.2,781027
2018-04-16,78.5,78.5,78.5,71.2,71.2,781027
2018-04-17,78.5,78.5,78.5,71.2,71.2,781027
2018-04-18,78.5,78.5,78.5,71.2,71.2,781027
2018-04-19,78.5,78.5,78.5,71.2,71.2,781027
2018-04-20,78.5,78.5,78.5,71.2,71.2,781027
2018-04-23,78.5,78.5,78.5,71.2,71.2,781027
2018-04-24,78.5,78.5,78.5,71.2,71.2,781027
2018-04-25,78.5,78.5,78.5,71.2,71.2,781027
2018-04-26,78.5,78.5,78.5,71.2,71.2,781027
2018-04-27,78.5,78.5,78.5,71.2,71.2,781027
2018-04-30,78.5,78.5,78.5,71.2,71.2,781027
2018-05-02,78.5,78.5,78.5,71.2,71.2,781027
2018-05-03,78.5,78.5,78.5,71.2,71.2,781027
2018-05-04,78.5,78.5,78.5,71.2,71.2,781027
2018-05-07,78.5,78.5,78.5,71.2,71.2,781027
2018-05-08,78.5,78.5,78.5,71.2,71.2,781027
2018-05-09,78.5,78.5,78.5,71.2,71.2,781027
2018-05-10,78.5,78.5,78.5,71.2,71.2,781027
2018-05-11,78.5,78.5,78.5,71.2,71.2,781027
2018-05-14,78.5,78.5,78.5,71.2,71.2,781027
2018-05-15,78.5,78.5,78.5,71.2,71.2,781027
2018-05-16,78.5,78.5,78.5,71.2,71.2,781027
2018-05-17,78.5,78.5,78.5,71.2,71.2,781027
2018-05-18,78.5,78.5,78.5,71.2,71.2,781027
2018-05-21,78.5,78.5,78.5,71.2,71.2,781027
2018-05-22,78.5,78.5,78.5,71.2,71.2,781027
2018-05-23,78.5,78.5,78.5,71.2,71.2,781027
2018-05-24,78.5,78.5,78.5,71.2,71.2,781027
2018-05-25,78.5,78.5,78.5,71.2,71.2,781027
2018-05-28,78.5,78.5,78.5,71.2,71.2,781027
2018-05-29,78.5,78.5,78.5,71.2,71.2,781027
2018-05-30,78.5,78.5,78.5,71.2,71.2,781027
2018-05-31,78.5,78.5,78.5,71.2,71.2,781027
2018-06-01,78.5,78.5,78.5,71.2,71.2,781027
2018-06-04,78.5,78.5,78.5,71.2,71.2,781027
2018-06-05,78.5,78.5,78.5,71.2,71.2,781027
2018-06-06,78.5,78.5,78.5,71.2,71.2,781027
2018-06-07,78.5,78.5,78.5,71.2,71.2,781027
2018-06-08,78.5,78.5,78.5,71.2,71.2,781027
2018-06-11,78.5,78.5,78.5,71.2,71.2,781027
2018-06-12,78.5,78.5,78.5,71.2,71.2,781027
2018-06-13,78.5,78.5,78.5,71.2,71.2,781027
2018-06-14,78.5,78.5,78.5,71.2,71.2,781027
2018-06-15,78.5,78.5,78.5,71.2,71.2,781027
2018-06-19,78.5,78.5,78.5,71.2,71.2,781027
2018-06-20,78.5,78.5,78.5,71.2,71.2,781027
2018-06-21,78.5,78.5,78.5,71.2,71.2,781027
2018-06-22,78.5,78.5,78.5,71.2,71.2,781027
2018-06-25,78.5,78.5,78.5,71.2,71.2,781027
2018-06-26,78.5,78.5,78.5,71.2,71.2,781027
2018-06-27,78.5,78.5,78.5,71.2,71.2,781027
2018-06-28,78.5,78.5,78.5,71.2,71.2,781027
2018-06-29,78.5,78.5,78.5,71.2,71.2,781027
2018-07-02,78.5,78.5,78.5,71.2,71.2,781027
2018-07-03,78.5,78.5,78.5,71.2,71.2,781027
2018-07-04,78.5,78.5,78.5,71.2,71.2,781027
2018-07-05,78.5,78.5,78.5,71.2,71.2,781027
2018-07-06,78.5,78.5,78.5,71.2,71.2,781027
2018-07-09,78.5,78.5,78.5,71.2,71.2,781027
2018-07-10,78.5,78.5,78.5,71.2,71.2,781027
2018-07-11,78.5,78.5,78.5,71.2,71.2,781027
2018-07-12,78.5,78.5,78.5,71.2,71.2,781027
2018-07-13,78.5,78.5,78.5,71.2,71.2,781027
2018-07-16,78.5,78.5,78.5,71.2,71.2,781027
2018-07-17,78.5,78.5,78.5,71.2,71.2,781027
2018-07-18,78.5,78.5,78.5,71.2,71.2,781027
2018-07-19,78.5,78.5,78.5,71.2,71.2,781027
2018-07-20,78.5,78.5,78.5,71.2,71.2,781027
2018-07-23,78.5,78.5,78.5,71.2,71.2,781027
2018-07-24,78.5,78.5,78.5,71.2,71.2,781027
2018-07-25,78.5,78.5,78.5,71.2,71.2,781027
2018-07-26,78.5,78.5,78.5,71.2,71.2,781027
2018-07-27,78.5,78.5,78.5,71.2,71.2,781027
2018-07-30,78.5,78.5,78.5,71.2,71.2,781027
2018-07-31,78.5,78.5,78.5,71.2,71.2,781027
2018-08-01,78.5,78.5,78.5,71.2,71.2,781027
2018-08-02,78.5,78.5,78.5,71.2,71.2,781027
2018-08-03,78.5,78.5,78.5,71.2,71.2,781027
2018-08-06,78.5,78.5,78.5,71.2,71.2,781027
2018-08-07,78.5,78.5,78.5,71.2,71.2,781027
2018-08-08,78.5,78.5,78.5,71.2,71.2,781027
2018-08-09,78.5,78.5,78.5,71.2,71.2,781027
2018-08-10,78.5,78.5,78.5,71.2,71.2,781027
2018-08-13,78.5,78.5,78.5,71.2,71.2,781027
2018-08-14,78.5,78.5,78.5,71.2,71.2,781027
2018-08-15,78.5,78.5,78.5,71.2,71.2,781027
2018-08-16,78.5,78.5,78.5,71.2,71.2,781027
2018-08-17,78.5,78.5,78.5,71.2,71.2,781027
2018-08-20,78.5,78.5,78.5,71.2,71.2,781027
2018-08-21,78.5,78.5,78.5,71.2,71.2,781027
2018-08-22,78.5,78.5,78.5,71.2,71.2,781027
2018-08-23,78.5,78.5,78.5,71.2,71.2,781027
2018-08-24,78.5,78.5,78.5,71.2,71.2,781027
2018-08-27,78.5,78.5,78.5,71.2,71.2,781027
2018-08-28,78.5,78.5,78.5,71.2,71.2,781027
2018-08-29,78.5,78.5,78.5,71.2,71.2,781027
2018-08-30,78.5,78.5,78.5,71.2,71.2,781027
2018-08-31,78.5,78.5,78.5,71.2,71.2,781027
2018-09-03,78.5,78.5,78.5,71.2,71.2,781027
2018-09-04,78.5,78.5,78.5,71.2,71.2,781027
2018-09-05,78.5,78.5,78.5,71.2,71.2,781027
2018-09-06,78.5,78.5,78.5,71.2,71.2,781027
2018-09-07,78.5,78.5,78.5,71.2,71.2,781027
2018-09-10,78.5,78.5,78.5,71.2,71.2,781027
2018-09-11,78.5,78.5,78.5,71.2,71.2,781027
2018-09-12,78.5,78.5,78.5,71.2,71.2,781027
2018-09-13,78.5,78.5,78.5,71.2,71.2,781027
2018-09-14,78.5,78.5,78.5,71.2,71.2,781027
2018-09-17,78.5,78.5,78.5,71.2,71.2,781027
2018-09-18,78.5,78.5,78.5,71.2,71.2,781027
2018-09-19,78.5,78.5,78.5,71.2,71.2,781027
2018-09-20,78.5,78.5,78.5,71.2,71.2,781027
2018-09-21,78.5,78.5,78.5,71.2,71.2,781027
2018-09-25,78.5,78.5,78.5,71.2,71.2,781027
2018-09-26,78.5,78.5,78.5,71.2,71.2,781027
2018-09-27,78.5,78.5,78.5,71.2,71.2,781027
2018-09-28,78.5,78.5,78.5,71.2,71.2,781027
2018-10-01,78.5,78.5,78.5,71.2,71.2,781027
2018-10-02,78.5,78.5,78.5,71.2,71.2,781027
2018-10-03,78.5,78.5,78.5,71.2,71.2,781027
2018-10-04,78.5,78.5,78.5,71.2,71.2,781027
2018-10-05,78.5,78.5,78.5,71.2,71.2,781027
2018-10-08,78.5,78.5,78.5,71.2,71.2,781027
2018-10-09,78.5,78.5,78.5,71.2,71.2,781027
2018-10-11,78.5,78.5,78.5,71.2,71.2,781027
2018-10-12,78.5,78.5,78.5,71.2,71.2,781027
2018-10-15,78.5,78.5,78.5,71.2,71.2,781027
2018-10-16,78.5,78.5,78.5,71.2,71.2,781027
2018-10-17,78.5,78.5,78.5,71.2,71.2,781027
2018-10-18,78.5,78.5,78.5,71.2,71.2,781027
2018-10-19,78.5,78.5,78.5,71.2,71.2,781027
2018-10-22,78.5,78.5,78.5,71.2,71.2,781027
2018-10-23,78.5,78.5,78.5,71.2,71.2,781027
2018-10-24,78.5,78.5,78.5,71.2,71.2,781027
2018-10-25,78.5,78.5,78.5,71.2,71.2,781027
2018-10-26,78.5,78.5,78.5,71.2,71.2,781027
2018-10-29,78.5,78.5,78.5,71.2,71.2,781027
2018-10-30,78.5,78.5,78.5,71.2,71.2,781027
2018-10-31,78.5,78.5,78.5,71.2,71.2,781027
2018-11-01,78.5,78.5,78.5,71.2,71.2,781027
2018-11-02,78.5,78.5,78.5,71.2,71.2,781027
2018-11-05,78.5,78.5,78.5,71.2,71.2,781027
2018-11-06,78.5,78.5,78.5,71.2,71.2,781027
2018-11-07,78.5,78.5,78.5,71.2,71.2,781027
2018-11-08,78.5,78.5,78.5,71.2,71.2,781027
2018-11-09,78.5,78.5,78.5,71.2,71.2,781027
2018-11-12,78.5,78.5,78.5,71.2,71.2,781027
2018-11-13,78.5,78.5,78.5,71.2,71.2,781027
2018-11-14,78.5,78.5,78.5,71.2,71.2,781027
2018-11-15,78.5,78.5,78.5,71.2,71.2,781027
2018-11-16,78.5,78.5,78.5,71.2,71.2,781027
2018-11-19,78.5,78.5,78.5,71.2,71.2,781027
2018-11-20,78.5,78.5,78.5,71.2,71.2,781027
2018-11-21,78.5,78.5,78.5,71.2,71.2,781027
2018-11-22,78.5,78.5,78.5,71.2,71.2,781027
2018-11-23,78.5,78.5,78.5,71.2,71.2,781027
2018-11-26,78.5,78.5,78.5,71.2,71.2,781027
2018-11-27,78.5,78.5,78.5,71.2,71.2,781027
2018-11-28,78.5,78.5,78.5,71.2,71.2,781027
2018-11-29,78.5,78.5,78.5,71.2,71.2,781027
2018-11-30,78.5,78.5,78.5,71.2,71.2,781027
2018-12-03,78.5,78.5,78.5,71.2,71.2,781027
2018-12-04,78.5,78.5,78.5,71.2,71.2,781027
2018-12-05,78.5,78.5,78.5,71.2,71.2,781027
2018-12-06,78.5,78.5,78.5,71.2,71.2,781027
2018-12-07,78.5,78.5,78.5,71.2,71.2,781027
2018-12-10,78.5,78.5,78.5,71.2,71.2,781027
2018-12-11,78.5,78.5,78.5,71.2,71.2,781027
2018-12-12,78.5,78.5,78.5,71.2,71.2,781027
2018-12-13,78.5,78.5,78.5,71.2,71.2,781027
2018-12-14,78.5,78.5,78.5,71.2,71.2,781027
2018-12-17,78.5,78.5,78.5,71.2,71.2,781027
2018-12-18,78.5,78.5,78.5,71.2,71.2,781027
2018-12-19,78.5,78.5,78.5,71.2,71.2,781027
2018-12-20,78.5,78.5,78.5,71.2,71.2,781027
2018-12-21,78.5,78.5,78.5,71.2,71.2,781027
2018-12-24,78.5,78.5,78.5,71.2,71.2,781027
2018-12-25,78.5,78.5,78.5,71.2,71.2,781027
2018-12-26,78.5,78.5,78.5,71.2,71.2,781027
2018-12-27,78.5,78.5,78.5,71.2,71.2,781027
2018-12-28,78.5,78.5,78.5,71.2,71.2,781027
2019-01-02,78.5,78.5,78.5,71.2,71.2,781027
2019-01-03,78.5,78.5,78.5,71.2,71.2,781027
2019-01-04,78.5,78.5,78.5,71.2,71.2,781027
2019-01-07,78.5,78.5,78.5,71.2,71.2,781027
2019-01-08,78.5,78.5,78.5,71.2,71.2,781027
2019-01-09,78.5,78.5,78.5,71.2,71.2,781027
2019-01-10,78.5,78.5,78.5,71.2,71.2,781027
2019-01-11,78.5,78.5,78.5,71.2,71.2,781027
2019-01-14,78.5,78.5,78.5,71.2,71.2,781027
2019-01-15,78.5,78.5,78.5,71.2,71.2,781027
2019-01-16,78.5,78.5,78.5,71.2,71.2,781027
2019-01-17,78.5,78.5,78.5,71.2,71.2,781027
2019-01-18,78.5,78.5,78.5,71.2,71.2,781027
2019-01-21,78.5,78.5,78.5,71.2,71.2,781027
2019-01-22,78.5,78.5,78.5,71.2,71.2,781027
2019-01-23,78.5,78.5,78.5,71.2,71.2,781027
2019-01-24,78.5,78.5,78.5,71.2,71.2,781027
2019-01-25,78.5,78.5,78.5,71.2,71.2,781027
2019-01-28,78.5,78.5,78.5,71.2,71.2,781027
2019-01-29,78.5,78.5,78.5,71.2,71.2,781027
2019-01-30,78.5,78.5,78.5,71.2,71.2,781027
2019-02-11,78.5,78.5,78.5,71.2,71.2,781027
2019-02-12,78.5,78.5,78.5,71.2,71.2,781027
2019-02-13,78.5,78.5,78.5,71.2,71.2,781027
2019-02-14,78.5,78.5,78.5,71.2,71.2,781027
2019-02-15,78.5,78.5,78.5,71.2,71.2,781027
2019-02-18,78.5,78.5,78.5,71.2,71.2,781027
2019-02-19,78.5,78.5,78.5,71.2,71.2,781027
2019-02-20,78.5,78.5,78.5,71.2,71.2,781027
2019-02-21,78.5,78.5,78.5,71.2,71.2,781027
2019-02-22,78.5,78.5,78.5,71.2,71.2,781027
2019-02-25,78.5,78.5,78.5,71.2,71.2,781027
2019-02-26,78.5,78.5,78.5,71.2,71.2,781027
2019-02-27,78.5,78.5,78.5,71.2,71.2,781027
2019-03-04,78.5,78.5,78.5,71.2,71.2,781027
2019-03-05,78.5,78.5,78.5,71.2,71.2,781027
2019-03-06,78.5,78.5,78.5,71.2,71.2,781027
2019-03-07,78.5,78.5,78.5,71.2,71.2,781027
2019-03-08,78.5,78.5,78.5,71.2,71.2,781027
2019-03-11,78.5,78.5,78.5,71.2,71.2,781027
2019-03-12,78.5,78.5,78.5,71.2,71.2,781027
2019-03-13,78.5,78.5,78.5,71.2,71.2,781027
2019-03-14,78.5,78.5,78.5,71.2,71.2,781027
2019-03-15,78.5,78.5,78.5,71.2,71.2,781027
2019-03-18,78.5,78.5,78.5,71.2,71.2,781027
2019-03-19,78.5,78.5,78.5,71.2,71.2,781027
2019-03-20,78.5,78.5,78.5,71.2,71.2,781027
2019-03-21,78.5,78.5,78.5,71.2,71.2,781027
2019-03-22,78.5,78.5,78.5,71.2,71.2,781027
2019-03-25,78.5,78.5,78.5,71.2,71.2,781027
2019-03-26,78.5,78.5,78.5,71.2,71.2,781027
2019-03-27,78.5,78.5,78.5,71.2,71.2,781027
2019-03-28,78.5,78.5,78.5,71.2,71.2,781027
2019-03-29,78.5,78.5,78.5,71.2,71.2,781027
2019-04-01,78.5,78.5,78.5,71.2,71.2,781027
2019-04-02,78.5,78.5,78.5,71.2,71.2,781027
2019-04-03,78.5,78.5,78.5,71.2,71.2,781027
2019-04-08,78.5,78.5,78.5,71.2,71.2,781027
2019-04-09,78.5,78.5,78.5,71.2,71.2,781027
2019-04-10,78.5,78.5,78.5,71.2,71.2,781027
2019-04-11,78.5,78.5,78.5,71.2,71.2,781027
2019-04-12,78.5,78.5,78.5,71.2,71.2,781027
2019-04-15,78.5,78.5,78.5,71.2,71.2,781027
2019-04-16,78.5,78.5,78.5,71.2,71.2,781027
2019-04-17,78.5,78.5,78.5,71.2,71.2,781027
2019-04-18,78.5,78.5,78.5,71.2,71.2,781027
2019-04-19,78.5,78.5,78.5,71.2,71.2,781027
2019-04-22,78.5,78.5,78.5,71.2,71.2,781027
2019-04-23,78.5,78.5,78.5,71.2,71.2,781027
2019-04-24,78.5,78.5,78.5,71.2,71.2,781027
2019-04-25,78.5,78.5,78.5,71.2,71.2,781027
2019-04-26,78.5,78.5,78.5,71.2,71.2,781027
2019-04-29,78.5,78.5,78.5,71.2,71.2,781027
2019-04-30,78.5,78.5,78.5,71.2,71.2,781027
2019-05-02,78.5,78.5,78.5,71.2,71.2,781027
2019-05-03,78.5,78.5,78.5,71.2,71.2,781027
2019-05-06,78.5,78.5,78.5,71.2,71.2,781027
2019-05-07,78.5,78.5,78.5,71.2,71.2,781027
2019-05-08,78.5,78.5,78.5,71.2,71.2,781027
2019-05-09,78.5,78.5,78.5,71.2,71.2,781027
2019-05-10,78.5,78.5,78.5,71.2,71.2,781027
2019-05-13,78.5,78.5,78.5,71.2,71.2,781027
2019-05-14,78.5,78.5,78.5,71.2,71.2,781027
2019-05-15,78.5,78.5,78.5,71.2,71.2,781027
2019-05-16,78.5,78.5,78.5,71.2,71.2,781027
2019-05-17,78.5,78.5,78.5,71.2,71.2,781027
2019-05-20,78.5,78.5,78.5,71.2,71.2,781027
2019-05-21,78.5,78.5,78.5,71.2,71.2,781027
2019-05-22,78.5,78.5,78.5,71.2,71.2,781027
2019-05-23,78.5,78.5,78.5,71.2,71.2,781027
2019-05-24,78.5,78.5,78.5,71.2,71.2,781027
2019-05-27,78.5,78.5,78.5,71.2,71.2,781027
2019-05-28,78.5,78.5,78.5,71.2,71.2,781027
2019-05-29,78.5,78.5,78.5,71.2,71.2,781027
2019-05-30,78.5,78.5,78.5,71.2,71.2,781027
2019-05-31,78.5,78.5,78.5,71.2,71.2,781027
2019-06-03,78.5,78.5,78.5,71.2,71.2,781027
2019-06-04,78.5,78.5,78.5,71.2,71.2,781027
2019-06-05,78.5,78.5,78.5,71.2,71.2,781027
2019-06-06,78.5,78.5,78.5,71.2,71.2,781027
2019-06-10,78.5,78.5,78.5,71.2,71.2,781027
2019-06-11,78.5,78.5,78.5,71.2,71.2,781027
2019-06-12,78.5,78.5,78.5,71.2,71.2,781027
2019-06-13,78.5,78.5,78.5,71.2,71.2,781027
2019-06-14,78.5,78.5,78.5,71.2,71.2,781027
2019-06-17,78.5,78.5,78.5,71.2,71.2,781027
2019-06-18,78.5,78.5,78.5,71.2,71.2,781027
2019-06-19,78.5,78.5,78.5,71.2,71.2,781027
2019-06-20,78.5,78.5,78.5,71.2,71.2,781027
2019-06-21,78.5,78.5,78.5,71.2,71.2,781027
2019-06-24,78.5,78.5,78.5,71.2,71.2,781027
2019-06-25,78.5,78.5,78.5,71.2,71.2,781027
2019-06-26,78.5,78.5,78.5,71.2,71.2,781027
2019-06-27,78.5,78.5,78.5,71.2,71.2,781027
2019-06-28,78.5,78.5,78.5,71.2,71.2,781027
2019-07-01,78.5,78.5,78.5,71.2,71.2,781027
2019-07-02,78.5,78.5,78.5,71.2,71.2,781027
2019-07-03,78.5,78.5,78.5,71.2,71.2,781027
2019-07-04,78.5,78.5,78.5,71.2,71.2,781027
2019-07-05,78.5,78.5,78.5,71.2,71.2,781027
2019-07-08,78.5,78.5,78.5,71.2,71.2,781027
2019-07-09,78.5,78.5,78.5,71.2,71.2,781027
2019-07-10,78.5,78.5,78.5,71.2,71.2,781027
2019-07-11,78.5,78.5,78.5,71.2,71.2,781027
2019-07-12,78.5,78.5,78.5,71.2,71.2,781027
2019-07-15,78.5,78.5,78.5,71.2,71.2,781027
2019-07-16,78.5,78.5,78.5,71.2,71.2,781027
2019-07-17,78.5,78.5,78.5,71.2,71.2,781027
2019-07-18,78.5,78.5,78.5,71.2,71.2,781027
2019-07-19,78.5,78.5,78.5,71.2,71.2,781027
2019-07-22,78.5,78.5,78.5,71.2,71.2,781027
2019-07-23,78.5,78.5,78.5,71.2,71.2,781027
2019-07-24,78.5,78.5,78.5,71.2,71.2,781027
2019-07-25,78.5,78.5,78.5,71.2,71.2,781027
2019-07-26,78.5,78.5,78.5,71.2,71.2,781027
2019-07-29,78.5,78.5,78.5,71.2,71.2,781027
2019-07-30,78.5,78.5,78.5,71.2,71.2,781027
2019-07-31,78.5,78.5,78.5,71.2,71.2,781027
2019-08-01,78.5,78.5,78.5,71.2,71.2,781027
2019-08-02,78.5,78.5,78.5,71.2,71.2,781027
2019-08-05,78.5,78.5,78.5,71.2,71.2,781027
2019-08-06,78.5,78.5,78.5,71.2,71.2,781027
2019-08-07,78.5,78.5,78.5,71.2,71.2,781027
2019-08-08,78.5,78.5,78.5,71.2,71.2,781027
2019-08-12,78.5,78.5,78.5,71.2,71.2,781027
2019-08-13,78.5,78.5,78.5,71.2,71.2,781027
2019-08-14,78.5,78.5,78.5,71.2,71.2,781027
2019-08-15,78.5,78.5,78.5,71.2,71.2,781027
2019-08-16,78.5,78.5,78.5,71.2,71.2,781027
2019-08-19,78.5,78.5,78.5,71.2,71.2,781027
2019-08-20,78.5,78.5,78.5,71.2,71.2,781027
2019-08-21,78.5,78.5,78.5,71.2,71.2,781027
2019-08-22,78.5,78.5,78.5,71.2,71.2,781027
2019-08-23,78.5,78.5,78.5,71.2,71.2,781027
2019-08-26,78.5,78.5,78.5,71.2,71.2,781027
2019-08-27,78.5,78.5,78.5,71.2,71.2,781027
2019-08-28,78.5,78.5,78.5,71.2,71.2,781027
2019-08-29,78.5,78.5,78.5,71.2,71.2,781027
2019-08-30,78.5,78.5,78.5,71.2,71.2,781027
2019-09-02,78.5,78.5,78.5,71.2,71.2,781027
2019-09-03,78.5,78.5,78.5,71.2,71.2,781027
2019-09-04,78.5,78.5,78.5,71.2,71.2,781027
2019-09-05,78.5,78.5,78.5,71.2,71.2,781027
2019-09-06,78.5,78.5,78.5,71.2,71.2,781027
2019-09-09,78.5,78.5,78.5,71.2,71.2,781027
2019-09-10,78.5,78.5,78.5,71.2,71.2,781027
2019-09-11,78.5,78.5,78.5,71.2,71.2,781027
2019-09-12,78.5,78.5,78.5,71.2,71.2,781027
2019-09-16,78.5,78.5,78.5,71.2,71.2,781027
2019-09-17,78.5,78.5,78.5,71.2,71.2,781027
2019-09-18,78.5,78.5,78.5,71.2,71.2,781027
2019-09-19,78.5,78.5,78.5,71.2,71.2,781027
2019-09-20,78.5,78.5,78.5,71.2,71.2,781027
2019-09-23,78.5,78.5,78.5,71.2,71.2,781027
2019-09-24,78.5,78.5,78.5,71.2,71.2,781027
2019-09-25,78.5,78.5,78.5,71.2,71.2,781027
2019-09-26,78.5,78.5,78.5,71.2,71.2,781027
2019-09-27,78.5,78.5,78.5,71.2,71.2,781027
2019-10-01,78.5,78.5,78.5,71.2,71.2,781027
2019-10-02,78.5,78.5,78.5,71.2,71.2,781027
2019-10-03,78.5,78.5,78.5,71.2,71.2,781027
2019-10-04,78.5,78.5,78.5,71.2,71.2,781027
2019-10-07,78.5,78.5,78.5,71.2,71.2,781027
2019-10-08,78.5,78.5,78.5,71.2,71.2,781027
2019-10-09,78.5,78.5,78.5,71.2,71.2,781027
2019-10-14,78.5,78.5,78.5,71.2,71.2,781027
2019-10-15,78.5,78.5,78.5,71.2,71.2,781027
2019-10-16,78.5,78.5,78.5,71.2,71.2,781027
2019-10-17,78.5,78.5,78.5,71.2,71.2,781027
2019-10-18,78.5,78.5,78.5,71.2,71.2,781027
2019-10-21,78.5,78.5,78.5,71.2,71.2,781027
2019-10-22,78.5,78.5,78.5,71.2,71.2,781027
2019-10-23,78.5,78.5,78.5,71.2,71.2,781027
2019-10-24,78.5,78.5,78.5,71.2,71.2,781027
2019-10-25,78.5,78.5,78.5,71.2,71.2,781027
2019-10-28,78.5,78.5,78.5,71.2,71.2,781027
2019-10-29,78.5,78.5,78.5,71.2,71.2,781027
2019-10-30,78.5,78.5,78.5,71.2,71.2,781027
2019-10-31,78.5,78.5,78.5,71.2,71.2,781027
2019-11-01,78.5,78.5,78.5,71.2,71.2,781027
2019-11-04,78.5,78.5,78.5,71.2,71.2,781027
2019-11-05,78.5,78.5,78.5,71.2,71.2,781027
2019-11-06,78.5,78.5,78.5,71.2,71.2,781027
2019-11-07,78.5,78.5,78.5,71.2,71.2,781027
2019-11-08,78.5,78.5,78.5,71.2,71.2,781027
2019-11-11,78.5,78.5,78.5,71.2,71.2,781027
2019-11-12,78.5,78.5,78.5,71.2,71.2,781027
2019-11-13,78.5,78.5,78.5,71.2,71.2,781027
2019-11-14,78.5,78.5,78.5,71.2,71.2,781027
2019-11-20,78.5,78.5,78.5,71.2,71.2,781027
2019-11-21,78.5,78.5,78.5,71.2,71.2,781027
2019-11-22,78.5,78.5,78.5,71.2,71.2,781027
2019-11-25,78.5,78.5,78.5,71.2,71.2,781027
2019-11-26,78.5,78.5,78.5,71.2,71.2,781027
2019-11-27,78.5,78.5,78.5,71.2,71.2,781027
2019-11-28,78.5,78.5,78.5,71.2,71.2,781027
2019-11-29,78.5,78.5,78.5,71.2,71.2,781027
2019-12-02,78.5,78.5,78.5,71.2,71.2,781027
2019-12-03,78.5,78.5,78.5,71.2,71.2,781027
2019-12-04,78.5,78.5,78.5,71.2,71.2,781027
2019-12-05,78.5,78.5,78.5,71.2,71.2,781027
2019-12-06,78.5,78.5,78.5,71.2,71.2,781027
2019-12-09,78.5,78.5,78.5,71.2,71.2,781027
2019-12-10,78.5,78.5,78.5,71.2,71.2,781027
2019-12-11,78.5,78.5,78.5,71.2,71.2,781027
2019-12-12,78.5,78.5,78.5,71.2,71.2,781027
2019-12-13,78.5,78.5,78.5,71.2,71.2,781027
2019-12-16,78.5,78.5,78.5,71.2,71.2,781027
2019-12-17,78.5,78.5,78.5,71.2,71.2,781027
2019-12-18,78.5,78.5,78.5,71.2,71.2,781027
2019-12-19,78.5,78.5,78.5,71.2,71.2,781027
2019-12-20,78.5,78.5,78.5,71.2,71.2,781027
2019-12-23,78.5,78.5,78.5,71.2,71.2,781027
2019-12-24,78.5,78.5,78.5,71.2,71.2,781027
2019-12-25,78.5,78.5,78.5,71.2,71.2,781027
2019-12-26,78.5,78.5,78.5,71.2,71.2,781027
2019-12-27,78.5,78.5,78.5,71.2,71.2,781027
2019-12-30,78.5,78.5,78.5,71.2,71.2,781027
2019-12-31,78.5,78.5,78.5,71.2,71.2,781027
2020-01-02,78.5,78.5,78.5,71.2,71.2,781027
2020-01-03,78.5,78.5,78.5,71.2,71.2,781027
2020-01-06,78.5,78.5,78.5,71.2,71.2,781027
2020-01-07,78.5,78.5,78.5,71.2,71.2,781027
2020-01-08,78.5,78.5,78.5,71.2,71.2,781027
2020-01-09,78.5,78.5,78.5,71.2,71.2,781027
2020-01-10,78.5,78.5,78.5,71.2,71.2,781027
2020-01-13,78.5,78.5,78.5,71.2,71.2,781027
2020-01-14,78.5,78.5,78.5,71.2,71.2,781027
2020-01-15,78.5,78.5,78.5,71.2,71.2,781027
2020-01-16,78.5,78.5,78.5,71.2,71.2,781027
2020-01-17,78.5,78.5,78.5,71.2,71.2,781027
2020-01-20,78.5,78.5,78.5,71.2,71.2,781027
2020-01-30,78.5,78.5,78.5,71.2,71.2,781027
2020-01-31,78.5,78.5,78.5,71.2,71.2,781027
2020-02-03,78.5,78.5,78.5,71.2,71.2,781027
2020-02-04,78.5,78.5,78.5,71.2,71.2,781027
2020-02-05,78.5,78.5,78.5,71.2,71.2,781027
2020-02-06,78.5,78.5,78.5,71.2,71.2,781027
2020-02-07,78.5,78.5,78.5,71.2,71.2,781027
2020-02-10,78.5,78.5,78.5,71.2,71.2,781027
2020-02-11,78.5,78.5,78.5,71.2,71.2,781027
2020-02-12,78.5,78.5,78.5,71.2,71.2,781027
2020-02-13,78.5,78.5,78.5,71.2,71.2,781027
2020-02-14,78.5,78.5,78.5,71.2,71.2,781027
2020-02-17,78.5,78.5,78.5,71.2,71.2,781027
2020-02-18,78.5,78.5,78.5,71.2,71.2,781027
2020-02-19,78.5,78.5,78.5,71.2,71.2,781027
2020-02-20,78.5,78.5,78.5,71.2,71.2,781027
2020-02-21,78.5,78.5,78.5,71.2,71.2,781027
2020-02-24,78.5,78.5,78.5,71.2,71.2,781027
2020-02-25,78.5,78.5,78.5,71.2,71.2,781027
2020-02-26,78.5,78.5,78.5,71.2,71.2,781027
2020-02-27,78.5,78.5,78.5,71.2,71.2,781027
2020-03-02,78.5,78.5,78.5,71.2,71.2,781027
2020-03-03,78.5,78.5,78.5,71.2,71.2,781027
2020-03-04,78.5,78.5,78.5,71.2,71.2,781027
2020-03-05,78.5,78.5,78.5,71.2,71.2,781027
2020-03-06,78.5,78.5,78.5,71.2,71.2,781027
2020-03-09,78.5,78.5,78.5,71.2,71.2,781027
2020-03-10,78.5,78.5,78.5,71.2,71.2,781027
2020-03-11,78.5,78.5,78.5,71.2,71.2,781027
2020-03-12,78.5,78.5,78.5,71.2,71.2,781027
2020-03-13,78.5,78.5,78.5,71.2,71.2,781027
2020-03-16,78.5,78.5,78.5,71.2,71.2,781027
2020-03-17,78.5,78.5,78.5,71.2,71.2,781027
2020-03-18,78.5,78.5,78.5,71.2,71.2,781027
2020-03-19,78.5,78.5,78.5,71.2,71.2,781027
2020-03-20,78.5,78.5,78.5,71.2,71.2,781027
2020-03-23,78.5,78.5,78.5,71.2,71.2,781027
2020-03-24,78.5,78.5,78.5,71.2,71.2,781027
2020-03-25,78.5,78.5,78.5,71.2,71.2,781027
2020-03-26,78.5,78.5,78.5,71.2,71.2,781027
2020-03-27,78.5,78.5,78.5,71.2,71.2,781027
2020-03-30,78.5,78.5,78.5,71.2,71.2,781027
2020-03-31,78.5,78.5,78.5,71.2,71.2,781027
2020-04-01,78.5,78.5,78.5,71.2,71.2,781027
2020-04-07,78.5,78.5,78.5,71.2,71.2,781027
2020-04-08,78.5,78.5,78.5,71.2,71.2,781027
2020-04-09,78.5,78.5,78.5,71.2,71.2,781027
2020-04-10,78.5,78.5,78.5,71.2,71.2,781027
2020-04-13,78.5,78.5,78.5,71.2,71.2,781027
2020-04-14,78.5,78.5,78.5,71.2,71.2,781027
2020-04-15,78.5,78.5,78.5,71.2,71.2,781027
2020-04-16,78.5,78.5,78.5,71.2,71.2,781027
2020-04-17,78.5,78.5,78.5,71.2,71.2,781027
2020-04-20,78.5,78.5,78.5,71.2,71.2,781027
2020-04-21,78.5,78.5,78.5,71.2,71.2,781027
2020-04-22,78.5,78.5,78.5,71.2,71.2,781027
2020-04-23,78.5,78.5,78.5,71.2,71.2,781027
2020-04-24,78.5,78.5,78.5,71.2,71.2,781027
2020-04-27,78.5,78.5,78.5,71.2,71.2,781027
2020-04-28,78.5,78.5,78.5,71.2,71.2,781027
2020-04-29,78.5,78.5,78.5,71.2,71.2,781027
2020-05-04,78.5,78.5,78.5,71.2,71.2,781027
2020-05-05,78.5,78.5,78.5,71.2,71.2,781027
2020-05-06,78.5,78.5,78.5,71.2,71.2,781027
2020-05-07,78.5,78.5,78.5,71.2,71.2,781027
2020-05-08,78.5,78.5,78.5,71.2,71.2,781027
2020-05-11,78.5,78.5,78.5,71.2,71.2,781027
2020-05-12,78.5,78.5,78.5,71.2,71.2,781027
2020-05-13,78.5,78.5,78.5,71.2,71.2,781027
2020-05-14,78.5,78.5,78.5,71.2,71.2,781027
2020-05-15,78.5,78.5,78.5,71.2,71.2,781027
2020-05-18,78.5,78.5,78.5,71.2,71.2,781027
2020-05-19,78.5,78.5,78.5,71.2,71.2,781027
2020-05-20,78.5,78.5,78.5,71.2,71.2,781027
2020-05-21,78.5,78.5,78.5,71.2,71.2,781027
2020-05-22,78.5,78.5,78.5,71.2,71.2,781027
2020-05-25,78.5,78.5,78.5,71.2,71.2,781027
2020-05-26,78.5,78.5,78.5,71.2,71.2,781027
2020-05-27,78.5,78.5,78.5,71.2,71.2,781027
2020-05-28,78.5,78.5,78.5,71.2,71.2,781027
2020-05-29,78.5,78.5,78.5,71.2,71.2,781027
2020-06-01,78.5,78.5,78.5,71.2,71.2,781027
2020-06-02,78.5,78.5,78.5,71.2,71.2,781027
2020-06-03,78.5,78.5,78.5,71.2,71.2,781027
2020-06-04,78.5,78.5,78.5,71.2,71.2,781027
2020-06-05,78.5,78.5,78.5,71.2,71.2,781027
2020-06-08,78.5,78.5,78.5,71.2,71.2,781027
2020-06-09,78.5,78.5,78.5,71.2,71.2,781027
2020-06-10,78.5,78.5,78.5,71.2,71.2,781027
2020-06-11,78.5,78.5,78.5,71.2,71.2,781027
2020-06-12,78.5,78.5,78.5,71.2,71.2,781027
2020-06-15,78.5,78.5,78.5,71.2,71.2,781027
2020-06-16,78.5,78.5,78.5,71.2,71.2,781027
2020-06-17,78.5,78.5,78.5,71.2,71.2,781027
2020-06-18,78.5,78.5,78.5,71.2,71.2,781027
2020-06-19,78.5,78.5,78.5,71.2,71.2,781027
2020-06-22,78.5,78.5,78.5,71.2,71.2,781027
2020-06-23,78.5,78.5,78.5,71.2,71.2,781027
2020-06-24,78.5,78.5,78.5,71.2,71.2,781027
2020-06-29,78.5,78.5,78.5,71.2,71.2,781027
2020-06-30,78.5,78.5,78.5,71.2,71.2,781027
2020-07-01,78.5,78.5,78.5,71.2,71.2,781027
2020-07-02,78.5,78.5,78.5,71.2,71.2,781027
2020-07-03,78.5,78.5,78.5,71.2,71.2,781027
2020-07-06,78.5,78.5,78.5,71.2,71.2,781027
2020-07-07,78.5,78.5,78.5,71.2,71.2,781027
2020-07-08,78.5,78.5,78.5,71.2,71.2,781027
2020-07-09,78.5,78.5,78.5,71.2,71.2,781027
2020-07-10,78.5,78.5,78.5,71.2,71.2,781027
2020-07-13,78.5,78.5,78.5,71.2,71.2,781027
2020-07-14,78.5,78.5,78.5,71.2,71.2,781027
2020-07-15,78.5,78.5,78.5,71.2,71.2,781027
2020-07-16,78.5,78.5,78.5,71.2,71.2,781027
2020-07-17,78.5,78.5,78.5,71.2,71.2,781027
2020-07-20,78.5,78.5,78.5,71.2,71.2,781027
2020-07-21,78.5,78.5,78.5,71.2,71.2,781027
2020-07-22,78.5,78.5,78.5,71.2,71.2,781027
2020-07-23,78.5,78.5,78.5,71.2,71.2,781027
2020-07-24,78.5,78.5,78.5,71.2,71.2,781027
2020-07-27,78.5,78.5,78.5,71.2,71.2,781027
2020-07-28,78.5,78.5,78.5,71.2,71.2,781027
2020-07-29,78.5,78.5,78.5,71.2,71.2,781027
2020-07-30,78.5,78.5,78.5,71.2,71.2,781027
2020-07-31,78.5,78.5,78.5,71.2,71.2,781027
2020-08-03,78.5,78.5,78.5,71.2,71.2,781027
2020-08-04,78.5,78.5,78.5,71.2,71.2,781027
2020-08-05,78.5,78.5,78.5,71.2,71.2,781027
2020-08-06,78.5,78.5,78.5,71.2,71.2,781027
2020-08-07,78.5,78.5,78.5,71.2,71.2,781027
2020-08-10,78.5,78.5,78.5,71.2,71.2,781027
2020-08-11,78.5,78.5,78.5,71.2,71.2,781027
2020-08-12,78.5,78.5,78.5,71.2,71.2,781027
2020-08-13,78.5,78.5,78.5,71.2,71.2,781027
2020-08-14,78.5,78.5,78.5,71.2,71.2,781027
2020-08-17,78.5,78.5,78.5,71.2,71.2,781027
2020-08-18,78.5,78.5,78.5,71.2,71.2,781027
2020-08-19,78.5,78.5,78.5,71.2,71.2,781027
2020-08-20,78.5,78.5,78.5,71.2,71.2,781027
2020-08-21,78.5,78.5,78.5,71.2,71.2,781027
2020-08-24,78.5,78.5,78.5,71.2,71.2,781027
2020-08-25,78.5,78.5,78.5,71.2,71.2,781027
2020-08-26,78.5,78.5,78.5,71.2,71.2,781027
2020-08-27,78.5,78.5,78.5,71.2,71.2,781027
2020-08-28,78.5,78.5,78.5,71.2,71.2,781027
2020-08-31,78.5,78.5,78.5,71.2,71.2,781027
2020-09-01,78.5,78.5,78.5,71.2,71.2,781027
2020-09-02,78.5,78.5,78.5,71.2,71.2,781027
2020-09-03,78.5,78.5,78.5,71.2,71.2,781027
2020-09-04,78.5,78.5,78.5,71.2,71.2,781027
2020-09-07,78.5,78.5,78.5,71.2,71.2,781027
2020-09-08,78.5,78.5,78.5,71.2,71.2,781027
2020-09-09,78.5,78.5,78.5,71.2,71.2,781027
2020-09-10,78.5,78.5,78.5,71.2,71.2,781027
2020-09-11,78.5,78.5,78.5,71.2,71.2,781027
2020-09-14,78.5,78.5,78.5,71.2,71.2,781027
2020-09-15,78.5,78.5,78.5,71.2,71.2,781027
2020-09-16,78.5,78.5,78.5,71.2,71.2,781027
2020-09-17,78.5,78.5,78.5,71.2,71.2,781027
2020-09-18,78.5,78.5,78.5,71.2,71.2,781027
2020-09-21,78.5,78.5,78.5,71.2,71.2,781027
2020-09-22,78.5,78.5,78.5,71.2,71.2,781027
2020-09-23,78.5,78.5,78.5,71.2,71.2,781027
2020-09-24,78.5,78.5,78.5,71.2,71.2,781027
2020-09-25,78.5,78.5,78.5,71.2,71.2,781027
2020-09-28,78.5,78.5,78.5,71.2,71.2,781027
2020-09-29,78.5,78.5,78.5,71.2,71.2,781027
2020-09-30,78.5,78.5,78.5,71.2,71.2,781027
2020-10-05,78.5,78.5,78.5,71.2,71.2,781027
2020-10-06,78.5,78.5,78.5,71.2,71.2,781027
2020-10-07,78.5,78.5,78.5,71.2,71.2,781027
2020-10-08,78.5,78.5,78.5,71.2,71.2,781027
2020-10-12,78.5,78.5,78.5,71.2,71.2,781027
2020-10-13,78.5,78.5,78.5,71.2,71.2,781027
2020-10-14,78.5,78.5,78.5,71.2,71.2,781027
2020-10-15,78.5,78.5,78.5,71.2,71.2,781027
2020-10-16,78.5,78.5,78.5,71.2,71.2,781027
2020-10-19,78.5,78.5,78.5,71.2,71.2,781027
2020-10-20,78.5,78.5,78.5,71.2,71.2,781027
2020-10-21,78.5,78.5,78.5,71.2,71.2,781027
2020-10-22,78.5,78.5,78.5,71.2,71.2,781027
2020-10-23,78.5,78.5,78.5,71.2,71.2,781027
2020-10-26,78.5,78.5,78.5,71.2,71.2,781027
2020-10-27,78.5,78.5,78.5,71.2,71.2,781027
2020-10-28,78.5,78.5,78.5,71.2,71.2,781027
2020-10-29,78.5,78.5,78.5,71.2,71.2,781027
2020-10-30,78.5,78.5,78.5,71.2,71.2,781027
2020-11-02,78.5,78.5,78.5,71.2,71.2,781027
2020-11-03,78.5,78.5,78.5,71.2,71.2,781027
2020-11-04,78.5,78.5,78.5,71.2,71.2,781027
2020-11-05,78.5,78.5,78.5,71.2,71.2,781027
2020-11-06,78.5,78.5,78.5,71.2,71.2,781027
2020-11-09,78.5,78.5,78.5,71.2,71.2,781027
2020-11-10,78.5,78.5,78.5,71.2,71.2,781027
2020-11-11,78.5,78.5,78.5,71.2,71.2,781027
2020-11-12,78.5,78.5,78.5,71.2,71.2,781027
2020-11-13,78.5,78.5,78.5,71.2,71.2,781027
2020-11-16,78.5,78.5,78.5,71.2,71.2,781027
2020-11-17,78.5,78.5,78.5,71.2,71.2,781027
2020-11-18,78.5,78.5,78.5,71.2,71.2,781027
2020-11-19,78.5,78.5,78.5,71.2,71.2,781027
2020-11-20,78.5,78.5,78.5,71.2,71.2,781027
2020-11-23,78.5,78.5,78.5,71.2,71.2,781027
2020-11-24,78.5,78.5,78.5,71.2,71.2,781027
2020-11-25,78.5,78.5,78.5,71.2,71.2,781027
2020-11-26,78.5,78.5,78.5,71.2,71.2,781027
2020-11-27,78.5,78.5,78.5,71.2,71.2,781027
2020-11-30,78.5,78.5,78.5,71.2,71.2,781027
2020-12-01,78.5,78.5,78.5,71.2,71.2,781027
2020-12-02,78.5,78.5,78.5,71.2,71.2,781027
2020-12-04,78.5,78.5,78.5,71.2,71.2,781027
2020-12-07,78.5,78.5,78.5,71.2,71.2,781027
2020-12-08,78.5,78.5,78.5,71.2,71.2,781027
2020-12-09,78.5,78.5,78.5,71.2,71.2,781027
2020-12-10,78.5,78.5,78.5,71.2,71.2,781027
2020-12-11,78.5,78.5,78.5,71.2,71.2,781027
2020-12-14,78.5,78.5,78.5,71.2,71.2,781027
2020-12-15,78.5,78.5,78.5,71.2,71.2,781027
2020-12-16,78.5,78.5,78.5,71.2,71.2,781027
2020-12-17,78.5,78.5,78.5,71.2,71.2,781027
2020-12-18,78.5,78.5,78.5,71.2,71.2,781027
2020-12-21,78.5,78.5,78.5,71.2,71.2,781027
2020-12-22,78.5,78.5,78.5,71.2,71.2,781027
2020-12-23,78.5,78.5,78.5,71.2,71.2,781027
2020-12-24,78.5,78.5,78.5,71.2,71.2,781027
2020-12-25,78.5,78.5,78.5,71.2,71.2,781027
2020-12-28,78.5,78.5,78.5,71.2,71.2,781027
2020-12-29,78.5,78.5,78.5,71.2,71.2,781027
2020-12-30,78.5,78.5,78.5,71.2,71.2,781027
2020-12-31,78.5,78.5,78.5,71.2,71.2,781027
2021-01-04,78.5,78.5,78.5,71.2,71.2,781027
2021-01-05,78.5,78.5,78.5,71.2,71.2,781027
2021-01-06,78.5,78.5,78.5,71.2,71.2,781027
2021-01-07,78.5,78.5,78.5,71.2,71.2,781027
2021-01-08,78.5,78.5,78.5,71.2,71.2,781027
2021-01-11,78.5,78.5,78.5,71.2,71.2,781027
2021-01-12,78.5,78.5,78.5,71.2,71.2,781027
2021-01-13,78.5,78.5,78.5,71.2,71.2,781027
2021-01-14,78.5,78.5,78.5,71.2,71.2,781027
2021-01-15,78.5,78.5,78.5,71.2,71.2,781027
2021-01-18,78.5,78.5,78.5,71.2,71.2,781027
2021-01-19,78.5,78.5,78.5,71.2,71.2,781027
2021-01-20,78.5,78.5,78.5,71.2,71.2,781027
2021-01-21,78.5,78.5,78.5,71.2,71.2,781027
2021-01-22,78.5,78.5,78.5,71.2,71.2,781027
2021-01-25,78.5,78.5,78.5,71.2,71.2,781027
2021-01-26,78.5,78.5,78.5,71.2,71.2,781027
2021-01-27,78.5,78.5,78.5,71.2,71.2,781027
2021-01-28,78.5,78.5,78.5,71.2,71.2,781027
2021-01-29,78.5,78.5,78.5,71.2,71.2,781027
2021-02-01,78.5,78.5,78.5,71.2,71.2,781027
2021-02-02,78.5,78.5,78.5,71.2,71.2,781027
2021-02-03,78.5,78.5,78.5,71.2,71.2,781027
2021-02-04,78.5,78.5,78.5,71.2,71.2,781027
2021-02-05,78.5,78.5,78.5,71.2,71.2,781027
2021-02-17,78.5,78.5,78.5,71.2,71.2,781027
2021-02-18,78.5,78.5,78.5,71.2,71.2,781027
2021-02-19,78.5,78.5,78.5,71.2,71.2,781027
2021-02-22,78.5,78.5,78.5,71.2,71.2,781027
2021-02-23,78.5,78.5,78.5,71.2,71.2,781027
2021-02-24,78.5,78.5,78.5,71.2,71.2,781027
2021-02-25,78.5,78.5,78.5,71.2,71.2,781027
2021-02-26,78.5,78.5,78.5,71.2,71.2,781027
2021-03-02,78.5,78.5,78.5,71.2,71.2,781027
2021-03-03,78.5,78.5,78.5,71.2,71.2,781027
2021-03-04,78.5,78.5,78.5,71.2,71.2,781027
2021-03-05,78.5,78.5,78.5,71.2,71.2,781027
2021-03-08,78.5,78.5,78.5,71.2,71.2,781027
2021-03-09,78.5,78.5,78.5,71.2,71.2,781027
2021-03-10,78.5,78.5,78.5,71.2,71.2,781027
2021-03-11,78.5,78.5,78.5,71.2,71.2,781027
2021-03-12,78.5,78.5,78.5,71.2,71.2,781027
2021-03-15,78.5,78.5,78.5,71.2,71.2,781027
2021-03-16,78.5,78.5,78.5,71.2,71.2,781027
2021-03-17,78.5,78.5,78.5,71.2,71.2,781027
2021-03-18,78.5,78.5,78.5,71.2,71.2,781027
2021-03-19,78.5,78.5,78.5,71.2,71.2,781027
2021-03-22,78.5,78.5,78.5,71.2,71.2,781027
2021-03-23,78.5,78.5,78.5,71.2,71.2,781027
2021-03-24,78.5,78.5,78.5,71.2,71.2,781027
2021-03-25,78.5,78.5,78.5,71.2,71.2,781027
2021-03-26,78.5,78.5,78.5,71.2,71.2,781027
2021-03-29,78.5,78.5,78.5,71.2,71.2,781027
2021-03-30,78.5,78.5,78.5,71.2,71.2,781027
2021-03-31,78.5,78.5,78.5,71.2,71.2,781027
2021-04-01,78.5,78.5,78.5,71.2,71.2,781027
2021-04-06,78.5,78.5,78.5,71.2,71.2,781027
2021-04-07,78.5,78.5,78.5,71.2,71.2,781027
2021-04-08,78.5,78.5,78.5,71.2,71.2,781027
2021-04-09,78.5,78.5,78.5,71.2,71.2,781027
2021-04-12,78.5,78.5,78.5,71.2,71.2,781027
2021-04-13,78.5,78.5,78.5,71.2,71.2,781027
2021-04-14,78.5,78.5,78.5,71.2,71.2,781027
2021-04-15,78.5,78.5,78.5,71.2,71.2,781027
2021-04-16,78.5,78.5,78.5,71.2,71.2,781027
2021-04-19,78.5,78.5,78.5,71.2,71.2,781027
2021-04-20,78.5,78.5,78.5,71.2,71.2,781027
2021-04-21,78.5,78.5,78.5,71.2,71.2,781027
2021-04-22,78.5,78.5,78.5,71.2,71.2,781027
2021-04-23,78.5,78.5,78.5,71.2,71.2,781027
2021-04-26,78.5,78.5,78.5,71.2,71.2,781027
2021-04-27,78.5,78.5,78.5,71.2,71.2,781027
2021-04-28,78.5,78.5,78.5,71.2,71.2,781027
2021-04-29,78.5,78.5,78.5,71.2,71.2,781027
2021-05-03,78.5,78.5,78.5,71.2,71.2,781027
2021-05-04,78.5,78.5,78.5,71.2,71.2,781027
2021-05-05,78.5,78.5,78.5,71.2,71.2,781027
2021-05-06,78.5,78.5,78.5,71.2,71.2,781027
2021-05-07,78.5,78.5,78.5,71.2,71.2,781027
2021-05-10,78.5,78.5,78.5,71.2,71.2,781027
2021-05-11,78.5,78.5,78.5,71.2,71.2,781027
2021-05-12,78.5,78.5,78.5,71.2,71.2,781027
2021-05-13,78.5,78.5,78.5,71.2,71.2,781027
2021-05-14,78.5,78.5,78.5,71.2,71.2,781027
2021-05-17,78.5,78.5,78.5,71.2,71.2,781027
2021-05-18,78.5,78.5,78.5,71.2,71.2,781027
2021-05-19,78.5,78.5,78.5,71.2,71.2,781027
2021-05-20,78.5,78.5,78.5,71.2,71.2,781027
2021-05-21,78.5,78.5,78.5,71.2,71.2,781027
2021-05-24,78.5,78.5,78.5,71.2,71.2,781027
2021-05-25,78.5,78.5,78.5,71.2,71.2,781027
2021-05-26,78.5,78.5,78.5,71.2,71.2,781027
2021-05-27,78.5,78.5,78.5,71.2,71.2,781027
2021-05-28,78.5,78.5,78.5,71.2,71.2,781027
2021-05-31,78.5,78.5,78.5,71.2,71.2,781027
2021-06-01,78.5,78.5,78.5,71.2,71.2,781027
2021-06-02,78.5,78.5,78.5,71.2,71.2,781027
2021-06-03,78.5,78.5,78.5,71.2,71.2,781027
2021-06-04,78.5,78.5,78.5,71.2,71.2,781027
2021-06-07,78.5,78.5,78.5,71.2,71.2,781027
2021-06-08,78.5,78.5,78.5,71.2,71.2,781027
2021-06-09,78.5,78.5,78.5,71.2,71.2,781027
2021-06-10,78.5,78.5,78.5,71.2,71.2,781027
2021-06-11,78.5,78.5,78.5,71.2,71.2,781027
2021-06-15,78.5,78.5,78.5,71.2,71.2,781027
2021-06-16,78.5,78.5,78.5,71.2,71.2,781027
2021-06-17,78.5,78.5,78.5,71.2,71.2,781027
2021-06-18,78.5,78.5,78.5,71.2,71.2,781027
2021-06-21,78.5,78.5,78.5,71.2,71.2,781027
2021-06-22,78.5,78.5,78.5,71.2,71.2,781027
2021-06-23,78.5,78.5,78.5,71.2,71.2,781027
2021-06-24,78.5,78.5,78.5,71.2,71.2,781027
2021-06-25,78.5,78.5,78.5,71.2,71.2,781027
2021-06-28,78.5,78.5,78.5,71.2,71.2,781027
2021-06-29,78.5,78.5,78.5,71.2,71.2,781027
2021-06-30,78.5,78.5,78.5,71.2,71.2,781027
2021-07-01,78.5,78.5,78.5,71.2,71.2,781027
2021-07-02,78.5,78.5,78.5,71.2,71.2,781027
2021-07-05,78.5,78.5,78.5,71.2,71.2,781027
2021-07-06,78.5,78.5,78.5,71.2,71.2,781027
2021-07-07,78.5,78.5,78.5,71.2,71.2,781027
2021-07-08,78.5,78.5,78.5,71.2,71.2,781027
2021-07-09,78.5,78.5,78.5,71.2,71.2,781027
2021-07-12,78.5,78.5,78.5,71.2,71.2,781027
2021-07-13,78.5,78.5,78.5,71.2,71.2,781027
2021-07-14,78.5,78.5,78.5,71.2,71.2,781027
2021-07-15,78.5,78.5,78.5,71.2,71.2,781027
2021-07-16,78.5,78.5,78.5,71.2,71.2,781027
2021-07-19,78.5,78.5,78.5,71.2,71.2,781027
2021-07-20,78.5,78.5,78.5,71.2,71.2,781027
2021-07-21,78.5,78.5,78.5,71.2,71.2,781027
2021-07-22,78.5,78.5,78.5,71.2,71.2,781027
2021-07-23,78.5,78.5,78.5,71.2,71.2,781027
2021-07-26,78.5,78.5,78.5,71.2,71.2,781027
2021-07-27,78.5,78.5,78.5,71.2,71.2,781027
2021-07-28,78.5,78.5,78.5,71.2,71.2,781027
2021-07-29,78.5,78.5,78.5,71.2,71.2,781027
2021-07-30,78.5,78.5,78.5,71.2,71.2,781027
2021-08-02,78.5,78.5,78.5,71.2,71.2,781027
2021-08-03,78.5,78.5,78.5,71.2,71.2,781027
2021-08-04,78.5,78.5,78.5,71.2,71.2,781027
2021-08-05,78.5,78.5,78.5,71.2,71.2,781027
2021-08-06,78.5,78.5,78.5,71.2,71.2,781027
2021-08-09,62.6,62.6,69.5,62.6,69.5,1299000
2021-08-10,66.2,66.2,67.0,57.1,62.0,1582000
2021-08-11,61.2,61.2,69.8,59.6,69.8,1416000
2021-08-12,58.3,58.3,61.4,57.4,61.4,634000
2021-08-13,57.4,57.4,64.0,57.4,58.1,1482000
2021-08-16,51.7,51.7,57.0,51.7,57.0,799000
2021-08-17,46.55,46.55,52.5,46.55,50.7,1322000
2021-08-18,48.0,48.0,49.6,42.5,45.5,1598000
2021-08-19,43.2,43.2,49.15,43.2,46.9,867000
2021-08-20,47.5,47.5,47.5,42.15,43.3,1011000
2021-08-23,46.5,46.5,49.65,46.3,48.3,1410000
2021-08-24,43.0,43.0,47.35,42.8,46.5,971000
2021-08-25,44.4,44.4,46.55,43.2,43.7,669000
2021-08-26,46.5,46.5,48.7,44.6,45.5,1234000
2021-08-27,45.65,45.65,46.95,44.85,46.05,504000
2021-08-30,47.25,47.25,48.7,45.65,45.65,417000
2021-08-31,51.9,51.9,51.9,47.3,47.45,905000
2021-09-01,57.0,57.0,57.0,52.4,52.5,2796000
2021-09-02,57.0,57.0,59.8,53.0,59.0,3288000
2021-09-03,55.0,55.0,57.0,54.6,57.0,617000
2021-09-06,55.7,55.7,58.8,54.5,55.5,763000
2021-09-07,56.9,56.9,58.9,55.6,55.6,1164000
2021-09-08,56.6,56.6,58.5,55.9,57.1,682000
2021-09-09,62.2,62.2,62.2,57.1,57.1,2537000
2021-09-10,61.4,61.4,62.0,58.5,60.7,1676000
2021-09-13,67.2,67.2,67.5,60.0,61.4,2955000
2021-09-14,63.8,63.8,68.9,63.2,67.0,2472000
2021-09-15,63.9,63.9,65.7,63.2,65.2,945000
2021-09-16,70.2,70.2,70.2,65.1,66.0,1455000
2021-09-17,77.2,77.2,77.2,77.2,77.2,287000
2021-09-22,84.9,84.9,84.9,77.6,77.9,5722000
2021-09-23,88.6,88.6,88.6,81.0,87.6,6926000
2021-09-24,97.4,97.4,97.4,85.5,86.5,6389000
2021-09-27,107.0,107.0,107.0,99.0,104.0,5177000
2021-09-28,109.5,109.5,114.5,104.5,110.0,17465000
2021-09-29,120.0,120.0,120.0,107.0,107.0,2070000
2021-09-30,130.0,130.0,132.0,120.5,120.5,2174000
2021-10-01,117.0,117.0,125.0,117.0,125.0,805000
2021-10-04,105.5,105.5,105.5,105.5,105.5,1177000
2021-10-05,109.0,109.0,109.0,100.0,100.0,1347000
2021-10-06,105.5,105.5,108.5,105.5,108.5,507000
2021-10-07,107.0,107.0,109.0,106.0,108.5,448000
2021-10-08,115.5,115.5,117.0,109.5,109.5,957000
2021-10-12,112.0,112.0,113.0,109.5,110.0,324000
2021-10-13,114.0,114.0,115.0,111.0,111.0,373000
2021-10-14,116.5,116.5,117.0,114.0,116.5,333000
2021-10-15,123.0,123.0,125.0,119.0,119.0,748000
2021-10-18,111.0,111.0,119.0,111.0,119.0,459000
2021-10-19,113.5,113.5,114.5,108.5,110.0,501000
2021-10-20,117.0,117.0,117.0,111.0,113.5,420000
2021-10-21,115.5,115.5,128.5,112.5,121.5,4693000
2021-10-22,127.0,127.0,127.0,113.0,116.5,5572000
2021-10-25,139.5,139.5,139.5,131.0,131.0,3093000
2021-10-26,126.0,126.0,153.0,126.0,153.0,11903000
2021-10-27,124.5,124.5,131.5,122.0,127.5,5491000
2021-10-28,126.5,126.5,129.5,123.0,126.0,667000
2021-10-29,126.0,126.0,129.0,126.0,129.0,311000
2021-11-01,122.0,122.0,126.0,119.0,126.0,608000
2021-11-02,114.0,114.0,122.5,110.0,122.5,619000
2021-11-03,115.5,115.5,117.0,110.0,117.0,372000
2021-11-04,123.5,123.5,127.0,116.5,119.0,657000
2021-11-05,126.5,126.5,127.0,124.0,124.0,243000
2021-11-08,129.0,129.0,129.0,126.0,128.0,192000
2021-11-09,133.0,133.0,133.0,129.0,129.0,240000
2021-11-10,139.0,139.0,139.0,134.0,134.5,452000
2021-11-11,131.0,131.0,145.5,129.5,141.5,4525000
2021-11-12,119.5,119.5,137.0,118.5,130.0,2105000
2021-11-15,120.5,120.5,126.0,115.5,123.5,1541000
2021-11-16,114.0,114.0,122.0,113.5,121.0,1010000
2021-11-17,115.0,115.0,118.5,111.5,116.0,977000
2021-11-18,108.5,108.5,115.5,108.0,115.0,1010000
2021-11-19,104.5,104.5,112.5,103.5,110.0,1324000
2021-11-22,105.5,105.5,108.0,102.0,105.0,654000
2021-11-23,100.5,100.5,106.0,99.2,103.5,786000
2021-11-24,101.0,101.0,102.0,98.0,100.0,791000
2021-11-25,100.5,100.5,101.5,99.1,101.0,86000
2021-11-26,96.9,96.9,101.5,96.9,101.5,105000
2021-11-29,100.0,100.0,100.0,94.2,94.2,187000
2021-11-30,101.0,101.0,102.5,101.0,101.0,105000
2021-12-01,100.5,100.5,103.0,99.9,103.0,111000
2021-12-02,96.4,96.4,99.5,96.3,99.4,149000
2021-12-03,101.0,101.0,101.5,96.6,96.6,79000
2021-12-06,100.0,100.0,100.0,99.8,100.0,36000
2021-12-07,99.7,99.7,99.7,99.0,99.6,44000
2021-12-08,102.0,102.0,102.0,99.8,99.8,91000
2021-12-09,112.0,112.0,112.0,103.0,105.0,1420000
2021-12-10,103.5,103.5,123.0,103.0,115.0,4661000
2021-12-13,113.5,113.5,113.5,105.0,105.5,2336000
2021-12-14,109.5,109.5,119.5,104.0,115.5,2595000
2021-12-15,106.5,106.5,111.5,105.5,108.0,969000
2021-12-16,104.5,104.5,111.0,104.5,110.0,926000
2021-12-17,107.0,107.0,110.5,104.5,105.5,945000
2021-12-20,109.5,109.5,109.5,100.0,105.5,1261000
2021-12-21,111.5,111.5,113.5,104.0,109.0,1030000
2021-12-22,110.5,110.5,115.0,109.0,112.0,804000
2021-12-23,106.5,106.5,111.5,106.0,111.5,447000
2021-12-24,117.0,117.0,117.0,108.5,109.5,3040000
2021-12-27,115.0,115.0,126.0,113.5,122.5,4849000
2021-12-28,109.0,109.0,117.5,109.0,117.5,1412000
2021-12-29,109.0,109.0,114.5,109.0,110.5,1184000
2021-12-30,108.0,108.0,111.0,106.5,111.0,332000
2022-01-03,108.5,108.5,110.5,107.0,109.0,262000
2022-01-04,108.0,108.0,113.0,108.0,110.0,634000
2022-01-05,105.5,105.5,110.0,105.5,110.0,344000
2022-01-06,105.5,105.5,106.5,102.5,103.0,190000
2022-01-07,101.5,101.5,106.5,100.0,106.5,594000
2022-01-10,103.5,103.5,105.5,102.5,102.5,325000
2022-01-11,100.5,100.5,103.5,100.0,103.5,270000
2022-01-12,104.0,104.0,106.0,102.0,102.5,426000
2022-01-13,102.0,102.0,104.5,101.0,104.0,170000
2022-01-14,101.5,101.5,103.0,100.5,101.0,176000
2022-01-17,103.5,103.5,103.5,101.0,101.5,103000
2022-01-18,102.5,102.5,105.0,102.5,102.5,158000
2022-01-19,102.0,102.0,102.5,100.5,102.5,109000
2022-01-20,102.0,102.0,108.5,102.0,106.0,665000
2022-01-21,102.5,102.5,105.0,101.5,102.5,307000
2022-01-24,104.0,104.0,105.5,102.0,102.5,429000
2022-01-25,102.5,102.5,105.0,101.5,104.5,193000
2022-01-26,103.5,103.5,104.5,102.5,104.0,246000
2022-02-07,111.0,111.0,113.0,105.0,105.0,1126000
2022-02-08,115.0,115.0,116.5,108.0,111.5,1496000
2022-02-09,119.5,119.5,124.0,114.0,116.0,1815000
2022-02-10,125.0,125.0,130.0,118.5,120.5,2635000
2022-02-11,126.5,126.5,130.0,123.5,125.0,1723000
2022-02-14,130.0,130.0,136.0,125.0,126.0,3493000
2022-02-15,132.0,132.0,143.0,130.0,132.5,8457000
2022-02-16,144.0,144.0,144.0,134.0,136.0,5591000
2022-02-17,143.0,143.0,143.0,133.5,143.0,4451000
2022-02-18,142.0,142.0,146.5,138.5,138.5,3220000
2022-02-21,148.5,148.5,148.5,141.0,144.5,817000
2022-02-22,146.0,146.0,148.5,143.0,147.0,922000
2022-02-23,144.0,144.0,150.5,144.0,147.0,1206000
2022-02-24,135.0,135.0,143.0,135.0,143.0,1173000
2022-02-25,141.0,141.0,142.0,136.0,136.0,671000
2022-03-01,148.0,148.0,150.0,144.0,148.0,1141000
2022-03-02,146.5,146.5,150.0,145.0,148.5,565000
2022-03-03,145.0,145.0,150.0,145.0,149.0,612000
2022-03-04,142.5,142.5,146.0,140.0,140.0,273000
2022-03-07,142.5,142.5,145.0,138.0,140.5,695000
2022-03-08,139.0,139.0,145.5,139.0,143.0,785000
2022-03-09,145.0,145.0,146.5,140.0,143.0,814000
2022-03-10,141.0,141.0,152.0,140.0,147.5,1691000
2022-03-11,137.5,137.5,145.0,133.5,140.0,1707000
2022-03-14,133.5,133.5,141.0,131.0,141.0,1061000
2022-03-15,120.5,120.5,135.5,120.5,135.5,2443000
2022-03-16,121.0,121.0,125.5,115.0,124.5,2099000
2022-03-17,124.0,124.0,129.0,122.5,125.0,1211000
2022-03-18,130.5,130.5,130.5,123.0,124.0,837000
2022-03-21,137.0,137.0,141.5,131.5,134.0,1891000
2022-03-22,150.5,150.5,150.5,137.5,137.5,3464000
2022-03-23,144.0,144.0,159.0,141.0,153.0,9708000
2022-03-24,146.5,146.5,152.0,143.5,146.0,4963000
2022-03-25,140.0,140.0,149.5,140.0,148.0,2792000
2022-03-28,141.5,141.5,141.5,136.0,136.0,348000
2022-03-29,140.0,140.0,145.5,140.0,145.5,125000
2022-03-30,143.0,143.0,144.0,139.0,144.0,118000
2022-03-31,143.0,143.0,144.0,141.5,144.0,105000
2022-04-01,147.0,147.0,147.0,143.0,143.0,290000
2022-04-06,148.0,148.0,149.0,145.0,145.0,208000
2022-04-07,144.0,144.0,148.0,143.5,148.0,165000
2022-04-08,149.5,149.5,149.5,145.0,145.0,394000
2022-04-11,143.5,143.5,152.0,143.0,152.0,122000
2022-04-12,144.0,144.0,144.0,140.0,140.0,165000
2022-04-13,141.0,141.0,150.0,141.0,146.0,949000
2022-04-14,137.5,137.5,143.0,137.5,142.0,538000
2022-04-15,138.5,138.5,140.5,130.5,138.5,399000
2022-04-18,140.5,140.5,149.5,139.0,140.0,2160000
2022-04-19,138.5,138.5,145.0,138.0,145.0,491000
2022-04-20,138.0,138.0,141.5,138.0,141.0,341000
2022-04-21,138.5,138.5,140.0,137.0,140.0,298000
2022-04-22,141.0,141.0,146.0,134.5,136.0,606000
2022-04-25,133.0,133.0,142.0,133.0,135.0,727000
2022-04-26,122.0,122.0,133.5,120.0,127.5,2427000
2022-04-27,125.0,125.0,125.0,113.5,120.0,1539000
2022-04-28,126.0,126.0,127.0,122.5,125.0,750000
2022-04-29,127.0,127.0,132.0,126.0,128.0,736000
2022-05-03,123.5,123.5,127.0,121.5,127.0,508000
2022-05-04,129.5,129.5,133.0,124.5,124.5,915000
2022-05-05,130.0,130.0,135.0,130.0,133.5,419000
2022-05-06,131.0,131.0,132.0,124.0,126.5,578000
2022-05-09,128.0,128.0,130.5,127.5,128.0,323000
2022-05-10,130.0,130.0,130.0,124.0,127.0,319000
2022-05-11,124.5,124.5,129.0,124.0,126.0,523000
2022-05-12,123.5,123.5,127.0,122.0,124.0,371000
2022-05-13,124.5,124.5,127.0,124.5,125.0,137000
2022-05-16,128.0,128.0,129.5,126.0,127.0,231000
2022-05-17,126.5,126.5,131.5,126.0,129.0,233000
2022-05-18,129.5,129.5,131.0,127.0,128.5,351000
2022-05-19,128.5,128.5,129.0,125.5,127.5,211000
2022-05-20,127.0,127.0,131.0,127.0,129.5,195000
2022-05-23,125.0,125.0,127.5,124.0,127.5,162000
2022-05-24,124.5,124.5,125.5,122.0,125.0,181000
2022-05-25,123.5,123.5,128.0,123.5,125.0,221000
2022-05-26,123.0,123.0,125.5,123.0,125.5,99000
2022-05-27,123.5,123.5,126.0,123.0,125.0,99000
2022-05-30,124.5,124.5,126.0,123.5,125.5,124000
2022-05-31,123.5,123.5,125.5,123.5,124.5,98000
2022-06-01,125.0,125.0,127.0,123.0,123.5,156000
2022-06-02,123.5,123.5,125.0,123.5,125.0,112000
2022-06-06,123.0,123.0,124.0,122.5,124.0,91000
2022-06-07,122.0,122.0,123.0,122.0,123.0,75000
2022-06-08,122.0,122.0,124.0,121.5,123.0,59000
2022-06-09,127.5,127.5,133.5,122.0,122.0,487000
2022-06-10,123.0,123.0,131.5,123.0,125.5,324000
2022-06-13,129.5,129.5,135.0,127.0,129.0,2308000
2022-06-14,124.0,124.0,131.5,124.0,131.0,821000
2022-06-15,122.0,122.0,127.5,122.0,126.5,503000
2022-06-16,111.0,111.0,125.0,111.0,124.0,853000
2022-06-17,116.0,116.0,118.5,105.0,109.0,1349000
2022-06-20,110.0,110.0,115.0,108.5,114.0,748000
2022-06-21,118.5,118.5,120.5,114.0,120.5,1257000
2022-06-22,118.5,118.5,123.0,116.0,119.5,869000
2022-06-23,116.0,116.0,119.0,115.0,117.5,255000
2022-06-24,112.0,112.0,118.0,112.0,117.5,184000
2022-06-27,105.0,105.0,115.5,104.0,114.0,949000
2022-06-28,101.0,101.0,104.0,99.1,104.0,1042000
2022-06-29,97.4,97.4,100.5,97.1,100.5,437000
2022-06-30,92.4,92.4,97.8,90.1,97.4,548000
2022-07-01,86.8,86.8,94.0,86.8,92.5,598000
2022-07-04,90.3,90.3,94.5,86.7,87.2,692000
2022-07-05,89.7,89.7,92.2,87.2,90.5,389000
2022-07-06,83.3,83.3,88.6,83.3,88.3,329000
2022-07-07,86.5,86.5,89.9,83.1,84.0,442000
2022-07-08,89.3,89.3,89.7,85.8,86.8,251000
2022-07-11,84.0,84.0,88.5,81.4,88.0,509000
2022-07-12,84.7,84.7,86.0,80.5,83.6,558000
2022-07-13,83.0,83.0,88.0,83.0,87.5,264000
2022-07-14,85.5,85.5,85.8,81.3,82.2,274000
2022-07-15,83.8,83.8,87.5,83.5,87.5,236000
2022-07-18,87.0,87.0,87.0,84.0,85.2,285000
2022-07-19,85.0,85.0,86.1,84.8,86.0,146000
2022-07-20,86.9,86.9,88.0,85.0,85.0,199000
2022-07-21,85.6,85.6,87.5,84.5,87.5,203000
2022-07-22,85.2,85.2,86.5,84.5,85.6,183000
2022-07-25,82.5,82.5,86.2,82.5,85.5,188000
2022-07-26,82.7,82.7,85.0,81.5,82.5,235000
2022-07-27,83.2,83.2,84.1,81.5,82.7,123000
2022-07-28,80.5,80.5,84.1,80.5,83.5,224000
2022-07-29,82.5,82.5,83.2,81.0,81.0,162000
2022-08-01,81.1,81.1,83.0,80.0,83.0,121000
2022-08-02,76.0,76.0,80.8,75.0,80.8,404000
2022-08-03,75.0,75.0,77.0,74.6,76.7,138000
2022-08-04,75.9,75.9,76.9,73.2,74.6,173000
2022-08-05,79.9,79.9,81.2,76.2,76.8,260000
2022-08-08,79.6,79.6,80.2,77.5,80.1,96000
2022-08-09,81.3,81.3,82.5,79.0,79.6,136000
2022-08-10,78.3,78.3,81.8,78.3,80.1,170000
2022-08-11,80.9,80.9,83.9,80.7,83.9,211000
2022-08-12,88.9,88.9,88.9,83.0,83.5,769000
2022-08-15,85.0,85.0,93.5,85.0,90.4,1169000
2022-08-16,84.1,84.1,86.3,84.1,84.5,267000
2022-08-17,84.5,84.5,85.2,83.3,84.4,175000
2022-08-18,88.7,88.7,90.0,84.1,84.8,507000
2022-08-19,85.5,85.5,88.7,85.5,88.3,375000
2022-08-22,87.8,87.8,88.2,84.5,85.6,265000
2022-08-23,88.7,88.7,93.0,86.5,88.0,1324000
2022-08-24,89.4,89.4,92.8,88.3,90.1,599000
2022-08-25,87.6,87.6,91.0,87.4,91.0,432000
2022-08-26,88.4,88.4,88.6,86.7,88.5,137000
2022-08-29,85.6,85.6,86.8,85.4,86.8,101000
2022-08-30,86.6,86.6,88.3,85.7,85.7,130000
2022-08-31,89.0,89.0,89.5,85.8,85.8,267000
2022-09-01,89.9,89.9,91.5,87.5,88.0,431000
2022-09-02,90.8,90.8,92.4,90.0,91.0,496000
2022-09-05,87.4,87.4,91.1,87.1,90.8,318000
2022-09-06,86.3,86.3,88.4,86.3,87.5,152000
2022-09-07,87.1,87.1,87.7,83.5,85.6,208000
2022-09-08,91.2,91.2,92.5,87.1,87.1,595000
2022-09-12,89.5,89.5,92.0,88.9,91.7,291000
2022-09-13,95.3,95.3,95.6,90.3,91.0,774000
2022-09-14,93.2,93.2,96.4,91.8,92.2,821000
2022-09-15,95.6,95.6,95.8,92.8,94.0,571000
2022-09-16,88.8,88.8,95.4,88.8,95.4,773000
2022-09-19,87.0,87.0,90.0,85.7,90.0,302000
2022-09-20,89.2,89.2,89.7,87.0,88.7,318000
2022-09-21,76.2,76.2,79.0,75.9,75.9,465000
2022-09-22,76.7,76.7,77.5,75.2,76.2,133000
2022-09-23,72.8,72.8,77.7,72.8,76.1,290000
2022-09-26,65.7,65.7,71.2,65.6,71.2,507000
2022-09-27,65.5,65.5,66.3,64.3,66.0,184000
2022-09-28,59.4,59.4,65.5,59.3,65.5,377000
2022-09-29,60.8,60.8,62.6,60.4,62.0,138000
2022-09-30,61.1,61.1,61.1,58.3,58.6,110000
2022-10-03,60.4,60.4,61.9,58.7,58.7,137000
2022-10-04,63.5,63.5,64.2,61.7,61.7,129000
2022-10-05,63.0,63.0,66.6,62.6,63.9,163000
2022-10-06,64.5,64.5,65.3,62.7,63.1,73000
2022-10-07,64.0,64.0,66.7,64.0,64.9,140000
2022-10-11,60.5,60.5,62.5,59.5,62.5,90000
2022-10-12,66.5,66.5,66.5,63.0,63.0,204000
2022-10-13,70.3,70.3,73.1,65.9,67.8,2350000
2022-10-14,67.5,67.5,73.5,67.5,71.8,1647000
2022-10-17,67.1,67.1,68.1,64.5,67.3,424000
2022-10-18,66.3,66.3,68.5,66.0,68.4,275000
2022-10-19,65.5,65.5,67.7,65.1,66.3,155000
2022-10-20,64.2,64.2,65.4,63.5,65.0,143000
2022-10-21,62.5,62.5,64.9,62.5,63.2,111000
2022-10-24,62.3,62.3,65.5,62.3,64.4,182000
2022-10-25,60.0,60.0,63.8,60.0,62.3,132000
2022-10-26,61.2,61.2,61.5,59.6,60.1,119000
2022-10-27,62.9,62.9,63.0,61.2,61.7,162000
2022-10-28,60.8,60.8,63.0,60.1,63.0,176000
2022-10-31,63.9,63.9,65.0,61.6,62.0,311000
2022-11-01,68.6,68.6,70.2,63.5,63.9,1266000
2022-11-02,68.4,68.4,71.5,67.5,68.4,745000
2022-11-03,68.5,68.5,69.8,67.0,67.0,258000
2022-11-04,68.5,68.5,69.1,67.7,69.1,119000
2022-11-07,69.1,69.1,71.9,68.5,69.4,371000
2022-11-08,68.5,68.5,71.0,68.5,70.1,177000
2022-11-09,69.7,69.7,71.8,68.8,68.8,351000
2022-11-10,68.9,68.9,71.3,68.6,71.3,129000
2022-11-11,66.5,66.5,70.6,66.2,70.5,343000
2022-11-14,68.4,68.4,69.2,67.0,67.9,228000
2022-11-15,67.6,67.6,70.6,67.4,70.6,261000
2022-11-16,69.3,69.3,69.6,67.3,68.7,225000
2022-11-17,67.9,67.9,71.4,67.9,70.1,326000
2022-11-18,67.4,67.4,68.7,67.1,68.6,125000
2022-11-21,67.5,67.5,69.0,66.7,68.0,228000
2022-11-22,66.7,66.7,68.4,66.5,67.5,206000
2022-11-23,65.5,65.5,67.6,65.2,66.5,195000
2022-11-24,64.6,64.6,66.4,64.0,65.8,228000
2022-11-25,64.0,64.0,65.4,63.7,65.0,106000
2022-11-28,64.0,64.0,65.0,63.3,63.3,60000
2022-11-29,63.2,63.2,64.4,63.0,64.2,157000
2022-11-30,64.3,64.3,65.6,63.2,63.3,314000
2022-12-01,66.4,66.4,67.4,64.5,64.5,308000
2022-12-02,66.4,66.4,67.1,65.5,66.4,152000
2022-12-05,69.0,69.0,69.8,66.4,66.4,469000
2022-12-06,68.4,68.4,73.0,68.1,73.0,543000
2022-12-07,68.2,68.2,70.8,67.8,68.5,298000
2022-12-08,68.9,68.9,68.9,67.8,68.9,107000
2022-12-09,67.0,67.0,69.0,66.9,69.0,133000
2022-12-12,65.6,65.6,67.6,64.5,67.6,147000
2022-12-13,64.3,64.3,65.9,64.2,65.9,112000
2022-12-14,66.5,66.5,66.8,64.6,64.6,154000
2022-12-15,67.0,67.0,69.5,66.6,67.1,336000
2022-12-16,64.4,64.4,66.0,64.4,65.3,209000
2022-12-19,65.2,65.2,66.1,64.4,64.5,80000
2022-12-20,62.3,62.3,66.1,62.0,65.3,188000
2022-12-21,63.6,63.6,64.9,62.8,63.1,170000
2022-12-22,63.4,63.4,64.5,63.2,64.2,73000
2022-12-23,63.1,63.1,63.3,62.4,63.3,30000
2022-12-26,65.7,65.7,66.2,63.0,63.2,378000
2022-12-27,64.6,64.6,67.1,64.5,67.0,224000
2022-12-28,63.4,63.4,64.4,62.7,64.4,130000
2022-12-29,63.7,63.7,63.7,62.7,63.0,77000
2022-12-30,63.0,63.0,64.5,62.8,63.8,64000
2023-01-03,63.3,63.3,63.9,61.8,63.9,87000
2023-01-04,68.2,68.2,69.0,63.7,63.7,817000
2023-01-05,75.0,75.0,75.0,70.1,71.0,1472000
2023-01-06,73.0,73.0,79.0,73.0,76.9,7141000
2023-01-09,71.9,71.9,73.9,70.6,73.9,1444000
2023-01-10,73.0,73.0,76.9,72.5,72.5,2413000
2023-01-11,80.3,80.3,80.3,73.3,73.4,5891000
2023-01-12,84.9,84.9,85.5,80.8,81.0,17571000
2023-01-13,87.0,87.0,87.0,82.6,83.3,5569000
2023-01-16,85.5,85.5,87.0,84.6,87.0,4627000
2023-01-17,91.1,91.1,93.3,85.7,85.7,12148000
2023-01-30,88.1,88.1,93.9,88.1,92.1,4466000
2023-01-31,83.7,83.7,88.5,83.6,87.6,2536000
2023-02-01,92.0,92.0,92.0,84.4,84.5,4336000
2023-02-02,88.7,88.7,95.5,88.6,94.1,5471000
2023-02-03,88.7,88.7,92.0,87.1,88.5,2555000
2023-02-06,88.5,88.5,92.0,88.5,89.2,2813000
2023-02-07,89.0,89.0,89.3,87.5,88.4,980000
2023-02-08,88.6,88.6,91.7,88.5,89.9,1694000
2023-02-09,88.6,88.6,89.8,88.3,89.4,574000
2023-02-10,88.7,88.7,90.5,88.1,89.0,877000
2023-02-13,86.2,86.2,90.5,86.0,89.7,959000
2023-02-14,84.5,84.5,86.8,84.3,85.0,888000
2023-02-15,84.5,84.5,86.3,84.5,84.9,703000
2023-02-16,86.3,86.3,86.5,85.1,85.1,705000
2023-02-17,89.9,89.9,92.9,86.0,86.5,4271000
2023-02-20,90.2,90.2,92.5,90.0,90.2,1953000
2023-02-21,89.0,89.0,90.8,88.3,90.2,719000
2023-02-22,88.2,88.2,91.7,88.2,90.0,1506000
2023-02-23,89.0,89.0,89.6,88.5,89.3,462000
2023-02-24,86.4,86.4,89.8,86.3,89.6,702000
2023-03-01,87.3,87.3,88.1,85.6,86.4,329000
2023-03-02,88.1,88.1,88.8,87.4,87.4,231000
2023-03-03,87.8,87.8,89.3,87.2,88.2,370000
2023-03-06,89.8,89.8,90.7,87.8,88.6,1012000
2023-03-07,89.7,89.7,91.3,88.9,90.8,666000
2023-03-08,90.6,90.6,92.5,89.4,90.0,1617000
2023-03-09,99.6,99.6,99.6,91.2,91.9,3740000
2023-03-10,89.7,89.7,103.0,89.7,100.0,9250000
2023-03-13,86.5,86.5,89.0,84.1,89.0,2052000
2023-03-14,82.9,82.9,86.2,82.9,86.2,1124000
2023-03-15,82.5,82.5,85.6,82.5,84.5,748000
2023-03-16,82.0,82.0,83.3,80.3,82.1,688000
2023-03-17,84.1,84.1,84.5,82.5,82.5,344000
2023-03-20,84.9,84.9,86.2,83.8,85.0,655000
2023-03-21,86.0,86.0,87.6,85.2,86.0,730000
2023-03-22,89.5,89.5,89.9,87.0,87.6,940000
2023-03-23,90.3,90.3,91.1,88.7,91.0,760000
2023-03-24,88.9,88.9,94.4,88.9,92.5,1979000
2023-03-27,88.0,88.0,90.2,87.8,88.9,898000
2023-03-28,86.7,86.7,90.8,86.6,89.9,675000
2023-03-29,86.5,86.5,88.9,85.9,86.7,436000
2023-03-30,85.7,85.7,87.8,85.3,86.8,428000
2023-03-31,85.6,85.6,86.4,84.6,85.8,439000
2023-04-06,85.5,85.5,86.5,84.4,85.1,258000
2023-04-07,86.3,86.3,86.4,85.2,85.9,256000
2023-04-10,87.7,87.7,87.7,85.9,86.5,388000
2023-04-11,90.5,90.5,91.5,88.0,88.0,890000
2023-04-12,91.6,91.6,93.5,90.3,90.8,982000
2023-04-13,90.5,90.5,93.4,90.5,91.1,613000
2023-04-14,91.1,91.1,93.1,91.1,91.8,493000
2023-04-17,93.2,93.2,94.8,90.5,91.5,942000
2023-04-18,92.7,92.7,97.5,92.6,94.3,1218000
2023-04-19,94.9,94.9,98.8,93.2,93.2,2050000
2023-04-20,92.5,92.5,98.0,91.5,96.4,1476000
2023-04-21,90.9,90.9,93.7,89.1,92.5,697000
2023-04-24,91.2,91.2,92.3,89.8,91.0,259000
2023-04-25,86.6,86.6,91.3,86.5,91.3,722000
2023-04-26,88.0,88.0,88.0,85.0,86.3,413000
2023-04-27,88.3,88.3,89.0,85.9,87.5,215000
2023-04-28,94.7,94.7,96.8,88.9,88.9,1820000
2023-05-02,97.4,97.4,98.4,94.6,96.0,1756000
2023-05-03,107.0,107.0,107.0,95.7,98.5,5160000
2023-05-04,107.0,107.0,108.5,102.0,107.0,10521000
2023-05-05,110.0,110.0,116.5,107.0,111.0,11825000
2023-05-08,115.0,115.0,119.5,108.5,110.0,7722000
2023-05-09,112.5,112.5,118.5,112.0,114.0,4316000
2023-05-10,114.0,114.0,115.0,111.0,112.5,1702000
2023-05-11,110.0,110.0,119.0,107.5,118.0,4972000
2023-05-12,111.0,111.0,114.5,107.5,108.5,2480000
2023-05-15,107.5,107.5,112.5,104.5,110.5,2435000
2023-05-16,109.0,109.0,113.0,108.5,109.0,1937000
2023-05-17,110.5,110.5,111.5,108.0,109.0,1028000
2023-05-18,108.0,108.0,114.0,108.0,112.5,1714000
2023-05-19,104.0,104.0,110.0,104.0,108.5,1130000
2023-05-22,105.0,105.0,107.0,104.0,104.5,681000
2023-05-23,107.0,107.0,109.0,105.5,106.5,908000
2023-05-24,99.0,99.0,106.5,97.8,106.5,2843000
2023-05-25,97.0,97.0,100.5,97.0,99.7,1060000
2023-05-26,95.0,95.0,98.0,95.0,97.5,830000
2023-05-29,97.7,97.7,98.3,95.6,95.6,568000
2023-05-30,97.1,97.1,99.1,97.1,98.0,529000
2023-05-31,98.3,98.3,98.4,96.7,98.0,403000
2023-06-01,97.8,97.8,98.9,97.6,97.9,382000
2023-06-02,97.0,97.0,98.4,97.0,98.4,489000
2023-06-05,97.1,97.1,98.2,97.1,97.5,292000
2023-06-06,94.5,94.5,97.9,93.5,97.6,789000
2023-06-07,95.3,95.3,96.3,95.0,95.6,247000
2023-06-08,92.8,92.8,96.3,92.8,96.3,442000
2023-06-09,92.9,92.9,94.5,92.8,93.2,367000
2023-06-12,94.7,94.7,94.8,90.0,90.0,458000
2023-06-13,93.5,93.5,95.7,93.2,95.5,325000
2023-06-14,92.7,92.7,94.4,92.6,94.4,247000
2023-06-15,92.5,92.5,94.0,92.1,93.0,222000
2023-06-16,91.9,91.9,93.3,91.5,92.8,237000
2023-06-19,92.7,92.7,94.0,91.6,92.8,254000
2023-06-20,95.6,95.6,95.9,91.4,93.6,606000
2023-06-21,94.0,94.0,97.4,93.3,96.9,604000
2023-06-26,93.3,93.3,95.4,92.3,93.6,250000
2023-06-27,92.8,92.8,94.8,92.8,93.3,299000
2023-06-28,92.0,92.0,94.7,92.0,93.3,310000
2023-06-29,92.2,92.2,93.5,91.8,92.4,222000
2023-06-30,91.3,91.3,93.1,91.1,93.0,248000
2023-07-03,92.3,92.3,92.7,91.3,91.5,204000
2023-07-04,91.9,91.9,92.9,91.5,92.3,201000
2023-07-05,92.3,92.3,93.6,90.9,92.3,243000
2023-07-06,91.2,91.2,93.8,91.1,92.3,271000
2023-07-07,90.3,90.3,92.4,89.0,91.5,354000
2023-07-10,89.5,89.5,91.2,89.3,91.1,280000
2023-07-11,88.4,88.4,90.8,88.4,90.0,313000
2023-07-12,89.0,89.0,90.0,88.2,88.4,288000
2023-07-13,89.6,89.6,91.0,87.0,89.9,467000
2023-07-14,88.9,88.9,90.6,88.9,90.6,187000
2023-07-17,88.0,88.0,89.9,87.4,88.1,292000
2023-07-18,85.3,85.3,89.3,85.2,89.3,548000
2023-07-19,85.2,85.2,85.9,84.1,85.7,254000
2023-07-20,86.1,86.1,86.8,85.5,85.6,101000
2023-07-21,84.0,84.0,86.3,84.0,86.0,221000
2023-07-24,82.0,82.0,84.0,81.0,84.0,295000
2023-07-25,84.3,84.3,85.1,82.0,82.1,203000
2023-07-26,82.4,82.4,84.0,82.1,84.0,110000
2023-07-27,82.8,82.8,83.9,81.6,82.8,119000
2023-07-28,82.9,82.9,83.9,82.2,83.9,95000
2023-07-31,82.6,82.6,84.6,82.5,84.0,149000
2023-08-01,82.1,82.1,83.8,81.8,82.8,138000
2023-08-02,80.9,80.9,83.6,80.6,82.1,137000
2023-08-04,82.1,82.1,82.4,80.9,80.9,77000
2023-08-07,82.6,82.6,83.5,81.3,81.3,55000
2023-08-08,81.2,81.2,82.6,80.8,82.6,117000
2023-08-09,81.1,81.1,81.7,80.8,80.8,43000
2023-08-10,79.4,79.4,81.2,79.4,81.0,141000
2023-08-11,85.9,85.9,87.0,79.6,79.6,556000
2023-08-14,86.1,86.1,91.2,86.0,86.0,1120000
2023-08-15,85.5,85.5,87.4,84.9,86.2,279000
2023-08-16,85.8,85.8,85.8,84.0,85.2,167000
2023-08-17,87.9,87.9,88.4,86.1,86.8,274000
2023-08-18,87.8,87.8,89.0,87.0,87.8,223000
2023-08-21,88.3,88.3,90.4,87.8,88.1,452000
2023-08-22,87.6,87.6,89.1,87.6,88.5,136000
2023-08-23,87.4,87.4,88.4,87.3,88.0,172000
2023-08-24,86.0,86.0,88.0,85.9,88.0,269000
2023-08-25,86.6,86.6,87.3,85.4,86.0,412000
2023-08-28,70.9,70.9,73.4,70.6,70.6,450000
2023-08-29,71.0,71.0,71.2,70.1,70.9,185000
2023-08-30,73.3,73.3,73.6,71.3,71.3,244000
2023-08-31,73.8,73.8,74.8,73.0,73.7,160000
2023-09-01,74.8,74.8,75.0,73.5,73.5,165000
2023-09-04,77.4,77.4,77.5,75.3,75.5,200000
2023-09-05,78.6,78.6,79.4,77.1,77.7,280000
2023-09-06,81.5,81.5,82.4,78.6,78.6,414000
2023-09-07,83.6,83.6,83.7,81.1,82.0,358000
2023-09-08,86.0,86.0,86.0,83.9,84.6,491000
2023-09-11,87.7,87.7,90.6,87.0,88.6,1295000
2023-09-12,91.1,91.1,91.1,87.6,87.7,938000
2023-09-13,99.5,99.5,99.6,91.5,91.5,2999000
2023-09-14,109.0,109.0,109.0,100.5,102.0,2893000
2023-09-15,114.0,114.0,117.5,106.5,110.0,7750000
2023-09-18,116.5,116.5,118.0,114.5,117.0,3137000
2023-09-19,118.0,118.0,118.0,111.5,117.5,1263000
2023-09-20,118.0,118.0,118.0,113.0,113.0,644000
2023-09-21,120.0,120.0,120.0,115.5,115.5,576000
2023-09-22,123.5,123.5,131.0,120.0,120.5,1058000
2023-09-25,128.0,128.0,130.0,125.5,125.5,709000
2023-09-26,130.0,130.0,132.0,128.5,132.0,471000
2023-09-27,130.0,130.0,131.5,127.0,128.5,454000
2023-09-28,123.0,123.0,130.0,122.0,129.0,479000
2023-10-02,114.5,114.5,121.0,112.5,121.0,885000
2023-10-03,115.5,115.5,119.0,112.5,114.5,1193000
2023-10-04,115.0,115.0,120.0,111.5,113.5,2384000
2023-10-05,107.5,107.5,116.0,107.5,115.0,2116000
2023-10-06,104.0,104.0,108.0,102.0,107.5,1444000
2023-10-11,96.0,96.0,105.5,95.9,103.5,1489000
2023-10-12,97.1,97.1,98.4,95.0,95.8,1233000
2023-10-13,90.0,90.0,97.6,89.5,97.6,1882000
2023-10-16,88.5,88.5,91.9,88.5,90.0,814000
2023-10-17,86.0,86.0,89.3,86.0,89.0,728000
2023-10-18,82.8,82.8,86.4,82.5,85.7,731000
2023-10-19,83.3,83.3,87.8,82.5,83.3,1111000
2023-10-20,81.6,81.6,83.7,81.6,83.6,579000
2023-10-23,83.3,83.3,86.0,81.0,81.6,1076000
2023-10-24,88.2,88.2,88.2,83.5,83.5,1484000
2023-10-25,86.6,86.6,89.9,86.0,89.0,1609000
2023-10-26,83.7,83.7,86.0,83.6,85.6,634000
2023-10-27,84.8,84.8,87.6,84.2,84.4,1040000
2023-10-30,86.5,86.5,87.2,84.6,84.7,527000
2023-10-31,87.0,87.0,89.5,86.0,86.6,1371000
2023-11-01,86.3,86.3,87.6,84.7,87.1,640000
2023-11-02,87.0,87.0,88.2,86.3,86.3,543000
2023-11-03,86.8,86.8,88.8,86.7,87.8,490000
2023-11-06,88.3,88.3,88.8,87.3,87.3,396000
2023-11-07,88.2,88.2,89.2,86.8,88.3,496000
2023-11-08,97.0,97.0,97.0,87.3,88.3,2762000
2023-11-09,95.0,95.0,102.5,92.0,99.5,8231000
2023-11-10,92.0,92.0,96.3,92.0,95.2,1521000
2023-11-13,85.6,85.6,91.7,85.5,91.3,1781000
2023-11-14,88.4,88.4,90.5,85.8,86.7,1308000
2023-11-15,88.0,88.0,90.0,87.8,90.0,533000
2023-11-16,89.5,89.5,90.0,88.0,88.0,498000
2023-11-17,88.8,88.8,92.3,88.8,91.0,725000
2023-11-20,90.5,90.5,91.4,88.3,88.3,513000
2023-11-21,89.6,89.6,91.6,89.4,91.1,381000
2023-11-22,88.5,88.5,90.7,88.5,89.4,519000
2023-11-23,88.8,88.8,92.2,88.5,90.0,1123000
2023-11-24,87.6,87.6,90.0,87.3,88.9,379000
2023-11-27,86.1,86.1,88.5,86.1,87.6,400000
2023-11-28,87.5,87.5,87.5,86.5,87.3,186000
2023-11-29,88.3,88.3,88.9,87.6,88.6,191000
2023-11-30,89.5,89.5,90.8,88.6,89.0,514000
2023-12-01,90.0,90.0,90.7,89.1,90.5,323000
2023-12-04,90.4,90.4,91.2,90.0,90.0,325000
2023-12-05,89.0,89.0,90.3,88.5,90.3,231000
2023-12-06,89.6,89.6,91.0,89.1,89.1,337000
2023-12-07,88.8,88.8,90.2,88.7,90.2,193000
2023-12-08,89.2,89.2,90.6,89.1,89.9,344000
2023-12-11,87.7,87.7,89.0,87.0,89.0,317000
2023-12-12,86.9,86.9,88.6,86.9,88.5,250000
2023-12-13,86.9,86.9,88.0,86.7,86.7,119000
2023-12-14,86.3,86.3,87.5,86.2,87.3,243000
2023-12-15,88.0,88.0,88.0,86.1,86.5,248000
2023-12-18,88.7,88.7,90.3,88.0,88.0,414000
2023-12-19,88.9,88.9,90.6,88.1,89.0,424000
2023-12-20,90.5,90.5,95.8,89.9,89.9,1362000
2023-12-21,89.2,89.2,90.5,89.0,90.5,272000
2023-12-22,90.8,90.8,91.6,88.6,89.6,364000
2023-12-25,89.7,89.7,91.4,89.7,91.4,183000
2023-12-26,90.0,90.0,90.8,89.0,89.7,144000
2023-12-27,89.5,89.5,90.7,89.4,90.7,174000
2023-12-28,89.0,89.0,90.3,89.0,90.2,125000
2023-12-29,89.2,89.2,90.4,88.8,88.8,132000
2024-01-02,88.6,88.6,90.4,88.6,89.9,106000
2024-01-03,88.3,88.3,89.4,87.2,88.6,108000
2024-01-04,88.3,88.3,90.6,88.3,89.7,247000
2024-01-05,88.5,88.5,89.5,88.5,88.5,71000
2024-01-08,88.6,88.6,89.5,88.5,88.9,89000
2024-01-09,87.2,87.2,89.5,87.1,88.7,204000
2024-01-10,88.0,88.0,88.9,86.7,88.3,120000
2024-01-11,87.5,87.5,88.5,87.3,88.5,68000
2024-01-12,86.7,86.7,87.6,86.4,87.5,163000
2024-01-15,88.9,88.9,88.9,86.9,87.0,148000
2024-01-16,88.0,88.0,88.8,87.5,88.2,72000
2024-01-17,86.7,86.7,88.5,86.7,88.5,150000
2024-01-18,86.4,86.4,87.5,86.1,87.1,105000
2024-01-19,87.0,87.0,87.5,86.3,87.0,100000
2024-01-22,86.3,86.3,90.9,86.3,87.0,540000
2024-01-23,88.0,88.0,88.4,87.0,87.0,110000
2024-01-24,89.0,89.0,89.3,87.5,87.5,190000
2024-01-25,89.2,89.2,89.9,88.1,89.0,134000
2024-01-26,88.6,88.6,90.3,88.6,89.3,152000
2024-01-29,90.5,90.5,91.8,89.1,89.5,669000
2024-01-30,88.3,88.3,91.2,88.2,91.2,292000
2024-01-31,87.8,87.8,88.8,87.0,88.0,142000
2024-02-01,89.6,89.6,90.7,88.8,89.0,535000
2024-02-02,90.0,90.0,90.8,89.6,90.8,301000
2024-02-05,89.7,89.7,90.5,89.4,90.5,223000
2024-02-15,90.7,90.7,91.3,89.7,91.2,336000
2024-02-16,88.2,88.2,90.6,88.1,90.5,384000
2024-02-19,88.3,88.3,89.0,87.6,89.0,211000
2024-02-20,87.1,87.1,87.9,87.0,87.6,274000
2024-02-21,87.0,87.0,88.0,87.0,87.1,149000
2024-02-22,86.6,86.6,87.8,86.6,87.8,171000
2024-02-23,86.9,86.9,87.3,86.4,86.8,118000
2024-02-26,88.5,88.5,89.0,87.0,87.0,247000
2024-02-27,86.8,86.8,89.6,86.7,88.6,236000
2024-02-29,86.9,86.9,87.4,86.3,86.8,85000
2024-03-01,86.6,86.6,87.9,86.6,87.0,140000
2024-03-04,86.3,86.3,87.5,86.2,87.5,183000
2024-03-05,86.8,86.8,89.0,86.5,87.4,187000
2024-03-06,86.5,86.5,87.3,86.3,87.1,114000
2024-03-07,86.5,86.5,88.0,86.3,87.2,154000
2024-03-08,85.5,85.5,87.1,85.1,87.0,196000
2024-03-11,85.3,85.3,86.3,85.1,86.0,160000
2024-03-12,85.6,85.6,85.7,85.0,85.7,123000
2024-03-13,85.2,85.2,86.3,85.0,86.0,133000
2024-03-14,83.5,83.5,85.0,83.4,85.0,237000
2024-03-15,81.0,81.0,82.6,80.6,82.1,289000
2024-03-18,78.5,78.5,80.1,76.0,80.1,477000
2024-03-19,80.0,80.0,81.2,77.2,78.7,195000
2024-03-20,79.0,79.0,80.4,78.7,80.0,128000
2024-03-21,77.6,77.6,79.0,77.4,78.5,143000
2024-03-22,78.7,78.7,79.4,77.6,77.6,145000
2024-03-25,78.1,78.1,79.3,77.9,79.3,75000
2024-03-26,77.1,77.1,79.0,77.0,78.1,110000
2024-03-27,77.9,77.9,77.9,76.8,77.1,93000
2024-03-28,78.1,78.1,78.4,78.0,78.0,47000
2024-03-29,77.1,77.1,77.7,77.1,77.2,75000
2024-04-01,77.9,77.9,78.0,76.5,77.1,95000
2024-04-02,77.7,77.7,77.7,77.0,77.7,84000
2024-04-03,77.4,77.4,78.3,77.1,78.3,42000
2024-04-08,76.9,76.9,77.4,76.3,77.4,50000
2024-04-09,76.7,76.7,76.9,76.3,76.9,49000
2024-04-10,78.1,78.1,78.2,76.5,76.7,82000
2024-04-11,76.6,76.6,78.0,76.1,77.9,71000
2024-04-12,75.6,75.6,77.4,75.6,76.3,132000
2024-04-15,73.2,73.2,75.6,72.6,75.6,159000
2024-04-16,71.4,71.4,72.1,70.2,72.1,160000
2024-04-17,73.4,73.4,74.3,72.5,72.5,54000
2024-04-18,76.9,76.9,80.0,74.9,76.3,365000
2024-04-19,73.3,73.3,77.7,72.3,77.0,158000
2024-04-22,71.5,71.5,73.6,71.0,73.3,97000
2024-04-23,72.4,72.4,72.8,71.8,72.2,48000
2024-04-24,72.6,72.6,74.6,72.1,72.9,75000
2024-04-25,72.0,72.0,72.2,71.6,71.6,23000
2024-04-26,71.0,71.0,72.3,71.0,72.2,97000
2024-04-29,71.2,71.2,71.6,70.8,71.0,131000
2024-04-30,70.7,70.7,71.2,70.3,71.2,181000
2024-05-02,71.2,71.2,71.2,70.0,70.5,158000
2024-05-03,71.3,71.3,72.1,71.0,71.4,127000
2024-05-06,67.9,67.9,71.4,67.3,71.3,421000
2024-05-07,70.5,70.5,72.2,68.0,68.5,298000
2024-05-08,70.1,70.1,71.9,70.0,70.5,159000
2024-05-09,69.0,69.0,70.1,68.8,70.1,72000
2024-05-10,70.0,70.0,70.0,69.0,69.1,60000
2024-05-13,68.7,68.7,70.9,68.0,70.9,120000
2024-05-14,69.7,69.7,70.0,68.7,68.7,68000
2024-05-15,70.0,70.0,70.8,69.5,70.3,102000
2024-05-16,69.7,69.7,70.3,69.3,70.3,89000
2024-05-17,70.5,70.5,70.6,68.6,69.4,85000
2024-05-20,70.4,70.4,71.4,70.0,70.3,101000
2024-05-21,69.4,69.4,70.4,69.0,70.4,82000
2024-05-22,70.4,70.4,71.2,69.6,70.0,114000
2024-05-23,69.1,69.1,69.9,68.8,69.9,98000
2024-05-24,69.1,69.1,69.7,68.1,68.2,32000
2024-05-27,69.2,69.2,69.6,68.4,69.0,37000
2024-05-28,71.2,71.2,72.8,69.3,69.3,206000
2024-05-29,70.5,70.5,72.5,70.2,72.4,67000
2024-05-30,70.5,70.5,71.0,70.0,70.0,39000
2024-05-31,70.1,70.1,71.0,70.1,70.5,42000
2024-06-03,69.0,69.0,70.0,68.8,70.0,86000
2024-06-04,69.1,69.1,69.9,69.1,69.8,24000
2024-06-05,68.1,68.1,69.0,68.0,68.9,95000
2024-06-06,68.5,68.5,69.5,67.7,69.5,74000
2024-06-07,69.6,69.6,69.9,68.3,68.3,92000
2024-06-11,70.2,70.2,72.0,69.6,70.0,171000
2024-06-12,69.7,69.7,70.8,69.6,70.1,74000
2024-06-13,69.3,69.3,70.0,69.2,69.8,29000
2024-06-14,70.1,70.1,70.3,69.3,69.3,61000
2024-06-17,70.3,70.3,70.4,70.1,70.1,18000
2024-06-18,71.5,71.5,71.9,70.5,70.6,123000
2024-06-19,73.4,73.4,77.3,72.0,72.0,705000
2024-06-20,73.0,73.0,76.0,72.5,73.5,220000
2024-06-21,74.6,74.6,74.6,72.2,73.0,94000
2024-06-24,72.4,72.4,74.6,72.3,74.6,109000
2024-06-25,72.0,72.0,73.2,72.0,72.4,41000
2024-06-26,72.0,72.0,72.6,72.0,72.5,54000
2024-06-27,70.3,70.3,71.2,70.1,71.2,73000
2024-06-28,70.9,70.9,71.7,70.1,70.1,28000
2024-07-01,69.6,69.6,71.0,69.5,70.9,72000
2024-07-02,70.1,70.1,70.8,69.6,69.6,43000
2024-07-03,70.4,70.4,70.7,70.0,70.5,47000
2024-07-04,70.4,70.4,71.5,70.3,70.7,44000
2024-07-05,70.9,70.9,71.5,70.3,70.6,82000
2024-07-08,70.2,70.2,71.8,69.3,71.8,131000
2024-07-09,69.4,69.4,71.0,69.3,71.0,63000
2024-07-10,70.2,70.2,71.1,69.5,69.6,34000
2024-07-11,69.8,69.8,70.4,69.6,69.6,29000
2024-07-12,69.2,69.2,69.5,69.0,69.0,65000
2024-07-15,68.7,68.7,69.5,68.6,69.2,92000
2024-07-16,69.1,69.1,69.1,68.3,69.0,75000
2024-07-17,69.0,69.0,69.2,68.7,68.9,51000
2024-07-18,68.0,68.0,68.5,67.5,68.5,136000
2024-07-19,67.7,67.7,69.4,67.6,69.4,39000
2024-07-22,65.5,65.5,67.8,65.1,67.8,97000
2024-07-23,66.5,66.5,67.3,66.1,66.1,48000
2024-07-26,68.0,68.0,69.4,65.5,65.7,51000
2024-07-29,66.5,66.5,68.5,66.5,68.5,74000
2024-07-30,67.2,67.2,67.7,66.0,66.5,41000
2024-07-31,68.4,68.4,68.5,67.2,67.3,18000
2024-08-01,70.2,70.2,70.9,68.4,68.4,148000
2024-08-02,68.2,68.2,70.1,67.4,70.1,45000
2024-08-05,62.4,62.4,68.2,61.4,68.2,213000
2024-08-06,61.0,61.0,63.5,56.3,63.5,174000
2024-08-07,63.0,63.0,64.4,61.4,61.4,30000
2024-08-08,62.1,62.1,63.2,61.7,62.2,12000
2024-08-09,62.0,62.0,64.5,61.4,63.7,63000
2024-08-12,63.3,63.3,64.0,62.2,62.2,60000
2024-08-13,63.8,63.8,64.5,63.7,64.0,22000
2024-08-14,68.5,68.5,68.5,64.2,64.2,126000
2024-08-15,67.1,67.1,70.2,67.1,68.4,101000
2024-08-16,68.3,68.3,68.8,67.1,68.4,70000
2024-08-19,69.4,69.4,70.5,68.3,68.3,86000
2024-08-20,69.1,69.1,71.2,69.1,71.2,46000
2024-08-21,68.6,68.6,70.7,68.2,70.7,18000
2024-08-22,68.9,68.9,69.8,68.8,69.8,28000
2024-08-23,69.2,69.2,69.9,69.1,69.9,43000
2024-08-26,69.7,69.7,70.5,69.5,70.5,38000
2024-08-27,69.5,69.5,69.7,69.0,69.7,27000
2024-08-28,69.4,69.4,69.8,69.0,69.5,24000
2024-08-29,68.9,68.9,70.0,68.8,68.8,12000
2024-08-30,68.1,68.1,68.9,68.1,68.9,38000
2024-09-02,68.0,68.0,68.6,67.8,68.0,25000
2024-09-03,68.7,68.7,69.3,67.7,67.7,16000
2024-09-04,66.9,66.9,68.5,66.8,67.8,56000
2024-09-05,67.5,67.5,68.6,66.9,66.9,29000
2024-09-06,68.7,68.7,68.9,67.8,67.8,29000
2024-09-09,71.0,71.0,73.6,67.5,67.5,296000
2024-09-10,65.0,65.0,68.7,65.0,67.0,151000
2024-09-11,65.0,65.0,66.9,65.0,66.9,32000
2024-09-12,65.3,65.3,66.2,65.1,66.0,58000
2024-09-13,65.4,65.4,66.6,65.3,66.6,9000
2024-09-16,65.4,65.4,66.6,65.2,66.6,19000
2024-09-18,66.1,66.1,67.2,65.4,66.5,36000
2024-09-19,67.5,67.5,67.5,66.5,66.7,37000
2024-09-20,67.0,67.0,68.0,66.8,68.0,33000
2024-09-23,66.8,66.8,67.9,66.8,67.9,56000
2024-09-24,66.6,66.6,67.0,66.6,66.9,23000
2024-09-25,67.1,67.1,67.9,66.8,67.0,43000
2024-09-26,66.5,66.5,67.8,66.5,67.5,62000
2024-09-27,66.1,66.1,67.5,66.0,67.0,36000
2024-09-30,65.5,65.5,66.0,65.5,66.0,20000
2024-10-01,66.0,66.0,66.0,65.3,65.6,22000
2024-10-04,64.8,64.8,65.9,64.8,65.8,30000
2024-10-07,64.5,64.5,65.8,64.5,65.6,23000
2024-10-08,64.4,64.4,64.9,64.4,64.5,39000
2024-10-09,63.9,63.9,66.3,63.9,66.3,50000
2024-10-11,64.0,64.0,65.3,64.0,65.0,46000
2024-10-14,64.0,64.0,64.8,64.0,64.1,21000
2024-10-15,63.8,63.8,64.5,63.8,63.9,12000
2024-10-16,64.0,64.0,65.4,63.5,63.5,38000
2024-10-17,63.6,63.6,65.5,63.4,65.5,44000
2024-10-18,63.5,63.5,64.6,63.4,63.9,44000
2024-10-21,62.7,62.7,63.4,61.3,63.0,55000
2024-10-22,61.7,61.7,62.2,61.6,62.0,66000
2024-10-23,62.3,62.3,62.8,62.0,62.5,15000
2024-10-24,61.6,61.6,62.8,61.6,62.8,22000
2024-10-25,61.6,61.6,63.3,61.5,63.3,43000
2024-10-28,60.4,60.4,61.5,60.4,61.5,31000
2024-10-29,59.2,59.2,60.4,59.0,60.4,124000
2024-10-30,59.2,59.2,60.3,58.4,59.2,40000
2024-11-01,59.7,59.7,59.8,58.6,59.8,13000
2024-11-04,59.7,59.7,60.6,59.7,60.6,13000
2024-11-05,59.0,59.0,59.8,58.0,58.5,37000
2024-11-06,59.3,59.3,60.0,59.1,60.0,15000
2024-11-07,59.6,59.6,59.9,59.4,59.9,9000
2024-11-08,58.7,58.7,59.6,58.7,59.4,45000
2024-11-11,57.9,57.9,59.3,57.9,58.7,82000
2024-11-12,58.0,58.0,59.0,58.0,59.0,33000
2024-11-13,57.4,57.4,58.8,57.3,58.8,9000
2024-11-14,54.2,54.2,57.4,53.5,57.4,80000
2024-11-15,59.6,59.6,59.6,54.1,55.0,170000
2024-11-18,64.0,64.0,64.9,61.0,61.0,682000
2024-11-19,63.3,63.3,66.0,63.3,64.0,254000
2024-11-20,64.1,64.1,66.1,64.1,66.1,159000
2024-11-21,64.8,64.8,65.7,64.1,64.1,62000
2024-11-22,64.9,64.9,65.5,64.5,65.1,77000
2024-11-25,65.3,65.3,66.0,64.5,65.0,104000
2024-11-26,64.3,64.3,65.4,63.7,64.7,54000
2024-11-27,63.8,63.8,65.8,63.7,65.4,39000
2024-11-28,62.7,62.7,65.0,62.3,65.0,40000
2024-11-29,61.8,61.8,63.9,61.8,62.3,56000
2024-12-02,62.5,62.5,63.0,61.8,61.8,32000
2024-12-03,62.9,62.9,63.8,62.8,62.8,13000
2024-12-04,63.1,63.1,64.7,62.9,64.1,16000
2024-12-05,62.3,62.3,63.5,62.0,63.1,43000
2024-12-06,62.8,62.8,62.8,62.3,62.3,7000
2024-12-09,62.2,62.2,63.4,62.2,63.0,13000
2024-12-10,62.1,62.1,62.9,61.8,62.9,28000
2024-12-11,63.4,63.4,67.4,63.0,63.0,287000
2024-12-12,62.3,62.3,63.8,62.3,63.4,54000
2024-12-13,60.1,60.1,61.8,60.1,61.8,59000
2024-12-16,60.1,60.1,60.2,60.0,60.1,8000
2024-12-17,59.9,59.9,60.5,59.9,60.5,25000
2024-12-18,59.4,59.4,59.8,58.3,59.8,31000
2024-12-19,58.8,58.8,59.7,58.1,59.7,33000
2024-12-20,58.8,58.8,59.9,58.0,59.9,24000
2024-12-23,58.7,58.7,59.3,58.7,58.8,40000
2024-12-24,59.3,59.3,60.4,58.2,58.3,23000
2024-12-25,61.6,61.6,62.5,59.5,59.5,63000
2024-12-26,60.9,60.9,62.2,60.9,62.2,24000
2024-12-27,61.2,61.2,61.8,61.1,61.8,10000
2024-12-30,61.1,61.1,61.1,61.1,61.1,2000
2024-12-31,60.9,60.9,62.3,60.7,61.1,25000
2025-01-02,61.0,61.0,62.8,60.9,62.8,16000
2025-01-03,61.3,61.3,63.0,60.6,62.9,40000
2025-01-06,59.7,59.7,63.0,59.4,62.6,68000
2025-01-07,59.7,59.7,61.5,59.1,61.5,19000
2025-01-08,60.0,60.0,60.5,60.0,60.1,6000
2025-01-09,60.0,60.0,60.6,60.0,60.0,20000
2025-01-10,60.4,60.4,61.7,60.1,61.7,30000
2025-01-13,57.0,57.0,60.0,56.3,60.0,78000
2025-01-14,57.5,57.5,57.5,57.0,57.0,5000
2025-01-15,56.6,56.6,57.5,56.5,57.5,27000
2025-01-16,56.8,56.8,57.0,56.6,56.6,19000
2025-01-17,56.3,56.3,56.5,56.0,56.0,7000
2025-01-20,56.8,56.8,56.8,56.2,56.3,49000
2025-01-21,58.6,58.6,59.0,57.0,57.3,59000
2025-01-22,57.7,57.7,59.0,57.4,59.0,37000
2025-02-03,57.9,57.9,58.0,56.6,57.7,47000
2025-02-04,57.3,57.3,59.0,57.3,57.9,8000
2025-02-05,57.5,57.5,59.3,56.7,59.3,17000
2025-02-06,57.3,57.3,57.5,57.1,57.5,31000
2025-02-07,57.3,57.3,58.3,57.3,57.3,17000
2025-02-10,57.1,57.1,57.3,57.0,57.3,17000
2025-02-11,57.1,57.1,58.8,57.1,58.5,26000
2025-02-12,57.4,57.4,57.5,55.3,57.1,89000
2025-02-13,57.7,57.7,57.7,57.0,57.4,10000
2025-02-14,57.3,57.3,58.6,57.2,57.7,33000
2025-02-17,57.6,57.6,57.8,57.0,57.7,21000
2025-02-18,58.0,58.0,58.0,57.6,57.6,12000
2025-02-19,62.0,62.0,62.3,58.8,58.8,251000
2025-02-20,60.8,60.8,62.2,60.7,62.1,91000
2025-02-21,60.1,60.1,61.1,59.5,61.1,37000
2025-02-24,59.0,59.0,59.5,58.6,58.6,26000
2025-02-25,58.3,58.3,58.5,58.3,58.3,7000
2025-02-26,57.9,57.9,58.4,57.9,58.4,13000
2025-02-27,56.8,56.8,59.8,56.8,59.8,54000
2025-03-03,56.7,56.7,57.0,56.0,56.8,46000
2025-03-04,56.8,56.8,56.8,56.5,56.6,15000
2025-03-05,57.3,57.3,58.4,56.8,57.0,47000
2025-03-06,57.1,57.1,57.3,56.5,57.3,15000
2025-03-07,56.2,56.2,56.9,56.1,56.1,24000
2025-03-10,56.1,56.1,58.0,55.0,56.5,41000
2025-03-11,54.9,54.9,55.0,53.0,55.0,128000
2025-03-12,55.0,55.0,55.0,54.0,54.0,12000
2025-03-13,55.0,55.0,55.0,55.0,55.0,10000
2025-03-14,55.0,55.0,55.2,54.2,55.1,21000
2025-03-17,54.1,54.1,54.5,50.1,53.1,235000
2025-03-18,54.3,54.3,56.3,53.5,54.1,56000
2025-03-19,53.0,53.0,53.5,52.8,53.2,24000
2025-03-20,53.0,53.0,53.0,52.5,52.6,35000
2025-03-21,52.6,52.6,52.9,52.0,52.5,16000
2025-03-24,51.8,51.8,52.5,51.8,52.1,20000
2025-03-25,52.5,52.5,52.9,50.7,52.2,54000
2025-03-26,52.6,52.6,52.8,52.0,52.0,20000
2025-03-27,50.5,50.5,52.0,50.3,52.0,19000
2025-03-28,51.7,51.7,52.0,49.9,50.5,83000
2025-03-31,46.55,46.55,51.5,46.55,51.5,192000
2025-04-01,48.8,48.8,49.25,46.6,46.6,59000
2025-04-02,48.7,48.7,49.8,48.3,48.8,51000
2025-04-07,43.85,43.85,43.85,43.85,43.85,47000
2025-04-08,40.0,40.0,45.0,39.5,39.5,184000
2025-04-09,39.8,39.8,41.95,36.0,41.95,155000
2025-04-10,43.45,43.45,43.75,42.0,43.75,121000
2025-04-11,41.25,41.25,43.0,40.0,43.0,94000
2025-04-14,41.25,41.25,44.0,41.25,41.45,96000
2025-04-15,41.3,41.3,41.9,40.1,41.25,59000
2025-04-16,40.45,40.45,41.2,40.0,40.15,39000
2025-04-17,40.0,40.0,40.85,39.0,40.8,28000
2025-04-18,40.3,40.3,40.4,39.5,40.2,25000
2025-04-21,37.9,37.9,39.6,37.8,39.6,54000
2025-04-22,38.0,38.0,38.0,35.6,35.6,69000
2025-04-23,41.8,41.8,41.8,38.0,38.5,184000
2025-04-24,41.1,41.1,44.2,41.1,42.85,187000
2025-04-25,41.0,41.0,42.75,40.15,41.4,135000
2025-04-28,40.75,40.75,41.45,40.4,41.25,51000
2025-04-29,44.8,44.8,44.8,40.75,40.75,697000
2025-04-30,47.85,47.85,49.25,42.55,44.5,773000
2025-05-02,47.2,47.2,48.2,46.5,47.85,541000
2025-05-05,46.75,46.75,49.0,45.95,47.55,461000
2025-05-06,44.6,44.6,47.2,44.3,46.05,205000
2025-05-07,44.3,44.3,45.9,43.7,44.6,149000
2025-05-08,44.9,44.9,44.9,43.8,43.8,73000
2025-05-09,44.55,44.55,45.5,44.55,44.9,72000
2025-05-12,43.35,43.35,45.3,43.0,44.55,154000
2025-05-13,42.15,42.15,44.2,42.1,43.55,152000
2025-05-14,42.55,42.55,42.85,42.1,42.1,89000
2025-05-15,42.7,42.7,43.75,42.0,42.3,98000
2025-05-16,43.15,43.15,43.7,42.85,43.7,79000
2025-05-19,41.6,41.6,43.4,41.5,43.0,114000
2025-05-20,41.6,41.6,42.65,41.45,41.55,117000
2025-05-21,42.55,42.55,43.35,41.8,41.8,172000
2025-05-22,41.7,41.7,42.1,41.4,41.8,104000
2025-05-23,41.0,41.0,42.7,40.5,41.7,117000
2025-05-26,41.0,41.0,41.85,40.9,41.0,128000
2025-05-27,41.0,41.0,41.7,40.65,41.5,80000
2025-05-28,40.95,40.95,41.85,40.0,40.5,48000
2025-05-29,41.35,41.35,41.6,40.95,40.95,79000
2025-06-02,40.85,40.85,42.0,40.5,41.2,109000
2025-06-03,40.45,40.45,43.0,40.25,41.7,254000
2025-06-04,40.5,40.5,41.9,40.0,41.9,295000
2025-06-05,40.3,40.3,40.8,40.0,40.5,84000
2025-06-06,40.45,40.45,40.9,40.1,40.3,117000
2025-06-09,39.8,39.8,40.95,39.75,40.7,98000
2025-06-10,40.7,40.7,41.8,39.75,39.75,256000
2025-06-11,40.05,40.05,41.0,39.75,40.6,136000
2025-06-12,39.75,39.75,40.35,39.2,40.1,125000
2025-06-13,39.6,39.6,40.1,39.2,40.1,68000
2025-06-16,38.85,38.85,40.3,38.85,39.6,79000
2025-06-17,39.05,39.05,39.95,38.75,38.85,127000
2025-06-18,38.8,38.8,40.15,38.8,40.0,72000
2025-06-19,39.0,39.0,39.4,38.5,39.3,84000
2025-06-20,38.95,38.95,39.0,38.0,38.5,59000
2025-06-23,38.7,38.7,38.75,37.45,38.2,106000
2025-06-24,42.55,42.55,42.55,38.65,38.65,1212000
2025-06-25,45.7,45.7,46.8,43.75,44.65,5037000
2025-06-26,41.85,41.85,45.45,41.8,44.85,1672000
2025-06-27,40.9,40.9,43.35,40.65,42.45,702000
2025-06-30,40.85,40.85,42.7,40.75,40.8,548000
2025-07-01,40.05,40.05,41.25,38.9,40.55,260000
2025-07-02,39.15,39.15,40.7,39.0,40.1,243000
2025-07-03,39.55,39.55,40.05,39.3,39.4,108000
2025-07-04,39.45,39.45,40.0,39.0,39.95,115000
2025-07-07,39.2,39.2,40.2,39.2,40.2,79000
2025-07-08,38.85,38.85,39.2,38.8,39.2,132000
2025-07-09,38.9,38.9,39.3,38.85,38.85,69000
2025-07-10,38.7,38.7,39.15,38.7,38.95,113000
2025-07-11,38.85,38.85,39.35,38.45,38.45,131000
2025-07-14,39.0,39.0,39.75,38.7,38.85,77000
2025-07-15,38.85,38.85,39.9,38.75,39.0,130000
2025-07-16,42.15,42.15,42.7,39.95,39.95,1365000
2025-07-17,40.8,40.8,42.85,40.6,41.75,419000
2025-07-18,41.65,41.65,43.0,40.7,41.35,1107000
2025-07-21,41.95,41.95,43.5,41.65,42.7,1304000
2025-07-22,40.05,40.05,42.2,39.55,42.0,1163000
2025-07-23,39.8,39.8,40.65,39.75,40.2,297000
2025-07-24,39.35,39.35,40.05,39.25,39.85,227000
2025-07-25,39.4,39.4,39.75,39.35,39.7,54000
2025-07-28,39.2,39.2,39.7,39.15,39.5,113000
2025-07-29,39.1,39.1,40.2,39.05,40.2,91000
2025-07-30,39.2,39.2,39.7,39.05,39.7,44000
2025-07-31,39.2,39.2,39.35,39.15,39.35,97000
2025-08-01,39.2,39.2,39.5,38.4,38.95,128000
2025-08-04,39.15,39.15,39.65,39.15,39.25,59000
2025-08-05,39.75,39.75,40.2,39.2,39.5,227000
2025-08-06,39.05,39.05,39.75,36.2,39.75,749000
2025-08-07,38.8,38.8,39.55,38.7,39.55,81000
2025-08-08,38.75,38.75,39.1,38.5,38.8,113000
2025-08-11,38.75,38.75,38.9,38.1,38.8,71000
2025-08-12,38.75,38.75,38.85,38.6,38.7,75000
2025-08-13,38.75,38.75,39.1,38.0,38.7,92000
2025-08-14,39.0,39.0,39.0,38.35,38.35,71000
2025-08-15,38.8,38.8,39.7,38.3,39.7,41000
2025-08-18,38.75,38.75,38.9,38.5,38.55,52000
2025-08-19,38.85,38.85,39.2,38.65,38.75,64000
2025-08-20,39.25,39.25,40.2,39.0,39.0,293000
2025-08-21,39.05,39.05,40.0,38.75,40.0,58000
2025-08-22,38.8,38.8,39.3,38.65,38.8,41000
2025-08-25,39.15,39.15,39.65,38.9,39.65,38000
2025-08-26,38.75,38.75,39.15,38.65,39.15,76000
2025-08-27,38.8,38.8,39.3,38.8,38.8,29000
2025-08-28,38.75,38.75,39.2,38.5,38.85,73000
2025-08-29,38.75,38.75,39.0,38.75,38.9,32000
2025-09-01,38.85,38.85,39.05,38.75,38.75,28000
2025-09-02,38.85,38.85,38.95,38.7,38.85,18000
2025-09-03,38.95,38.95,39.05,38.8,38.85,45000
2025-09-04,39.15,39.15,39.25,38.95,38.95,53000
2025-09-05,39.2,39.2,39.35,38.9,39.1,51000
2025-09-08,40.0,40.0,40.5,39.2,39.25,81000
2025-09-09,40.1,40.1,40.2,39.45,39.8,66000
2025-09-10,40.1,40.1,40.2,39.7,39.7,75000
2025-09-11,39.55,39.55,40.3,39.5,40.3,83000
2025-09-12,39.9,39.9,40.1,39.65,39.9,45000
2025-09-15,39.8,39.8,40.1,39.4,39.9,36000
2025-09-16,40.0,40.0,40.1,39.55,39.8,76000
2025-09-17,40.6,40.6,40.9,40.0,40.0,123000
2025-09-18,42.4,42.4,42.45,40.5,40.6,366000
2025-09-19,42.8,42.8,43.8,41.4,41.4,456000
2025-09-22,42.65,42.65,43.85,42.0,43.05,101000
2025-09-23,42.75,42.75,43.1,42.45,42.55,148000
2025-09-24,43.3,43.3,43.4,42.6,43.4,85000
2025-09-25,42.95,42.95,43.5,42.95,43.3,96000
2025-09-26,42.05,42.05,42.8,41.5,42.8,91000
2025-09-30,42.15,42.15,42.9,41.8,42.0,78000
2025-10-01,41.8,41.8,42.85,41.8,42.85,67000
2025-10-02,42.65,42.65,43.95,41.5,41.8,170000
2025-10-03,42.4,42.4,42.6,42.0,42.6,60000
2025-10-07,41.6,41.6,42.2,41.6,42.0,52000
2025-10-08,41.45,41.45,41.95,41.45,41.5,21000
2025-10-09,40.6,40.6,41.95,40.6,41.45,83000
2025-10-13,39.25,39.25,39.95,38.9,39.95,85000
2025-10-14,38.7,38.7,39.35,38.6,39.25,113000
2025-10-15,39.75,39.75,39.75,38.7,38.7,39000
2025-10-16,39.0,39.0,39.5,38.9,39.2,57000
2025-10-17,38.8,38.8,39.3,38.8,39.0,51000
2025-10-20,38.75,38.75,39.15,38.75,39.0,40000
2025-10-21,38.75,38.75,38.95,38.3,38.75,66000
2025-10-22,39.15,39.15,39.3,38.25,38.75,62000
2025-10-23,38.75,38.75,39.2,38.15,38.15,31000
2025-10-27,38.7,38.7,38.75,38.35,38.75,59000
2025-10-28,38.7,38.7,38.7,38.1,38.2,22000
2025-10-29,38.7,38.7,39.05,37.9,39.05,91000
2025-10-30,38.7,38.7,38.7,38.1,38.25,44000
2025-10-31,38.85,38.85,39.0,38.5,39.0,26000
2025-11-03,38.7,38.7,38.9,38.05,38.85,45000
2025-11-04,38.7,38.7,38.7,37.9,38.7,153000
2025-11-05,38.65,38.65,38.65,37.95,38.1,103000
2025-11-06,38.7,38.7,38.75,38.15,38.6,68000
2025-11-07,38.75,38.75,38.75,38.4,38.7,45000
2025-11-10,38.7,38.7,38.7,38.15,38.35,73000
2025-11-11,38.7,38.7,38.9,38.45,38.65,38000
2025-11-12,38.8,38.8,40.15,38.8,40.15,68000
2025-11-13,38.7,38.7,39.7,38.5,38.5,69000
2025-11-14,38.7,38.7,38.75,38.25,38.6,117000
2025-11-17,38.15,38.15,38.65,38.15,38.4,163000
2025-11-18,38.15,38.15,38.65,37.7,38.65,116000
2025-11-19,37.85,37.85,38.25,37.15,38.25,112000
2025-11-20,37.75,37.75,38.55,35.1,38.45,484000
2025-11-21,39.05,39.05,41.5,37.7,37.75,1532000
2025-11-24,38.35,38.35,40.8,37.05,38.4,504000
2025-11-25,37.75,37.75,38.45,37.75,38.45,63000
2025-11-26,38.75,38.75,40.65,37.7,38.45,226000
2025-11-27,38.6,38.6,39.7,38.35,38.65,130000
2025-11-28,38.35,38.35,38.7,38.35,38.55,71000
2025-12-01,37.6,37.6,38.3,37.5,38.3,42000
2025-12-02,37.5,37.5,37.95,37.25,37.95,57000
2025-12-03,37.1,37.1,37.4,36.9,37.0,67000
2025-12-04,37.1,37.1,37.1,36.8,37.0,66000
2025-12-05,37.65,37.65,37.65,36.45,36.6,84000
2025-12-08,37.65,37.65,37.65,36.45,37.0,119000
2025-12-09,37.65,37.65,37.65,37.0,37.1,55000
2025-12-10,37.15,37.15,37.75,37.15,37.3,67000
2025-12-11,36.5,36.5,37.5,36.0,37.5,67000
2025-12-12,37.0,37.0,37.0,36.05,36.5,37000
2025-12-15,36.45,36.45,37.1,36.2,37.1,36000
2025-12-16,35.95,35.95,36.75,35.5,36.4,30000
2025-12-17,37.0,37.0,37.0,35.25,35.6,77000
2025-12-18,36.45,36.45,37.25,36.0,36.9,72000
2025-12-19,37.0,37.0,37.4,36.15,36.85,83000
2025-12-22,36.4,36.4,37.0,36.25,36.9,25000
2025-12-23,36.05,36.05,36.6,36.0,36.4,27000
2025-12-24,37.0,37.0,37.0,36.35,36.5,75000
2025-12-26,37.1,37.1,37.3,36.3,37.3,62000
2025-12-29,37.0,37.0,37.0,36.5,36.5,13000
2025-12-30,36.3,36.3,36.85,36.3,36.5,35000
2025-12-31,36.15,36.15,36.4,36.1,36.3,26000
2026-01-02,37.0,37.0,37.0,36.0,36.2,168000
2026-01-05,37.0,37.0,37.0,36.05,37.0,81000
2026-01-06,36.0,36.0,36.75,36.0,36.25,65000
2026-01-07,36.0,36.0,36.2,35.65,36.2,110000
2026-01-08,36.15,36.15,36.35,35.65,36.0,134000
2026-01-09,36.5,36.5,36.5,35.65,36.0,55000
2026-01-12,35.25,35.25,36.2,35.25,35.8,127000
2026-01-13,32.45,32.45,35.45,31.8,35.25,441000
2026-01-14,31.95,31.95,33.05,31.95,32.45,132000
2026-01-15,31.2,31.2,31.95,31.2,31.95,102000
2026-01-16,31.6,31.6,31.75,30.75,31.2,315000
2026-01-19,32.0,32.0,32.5,31.6,31.7,130000
2026-01-20,31.75,31.75,32.0,31.6,31.6,32000
2026-01-21,31.7,31.7,32.3,31.4,31.65,81000
2026-01-22,31.6,31.6,31.65,31.0,31.45,106000
2026-01-23,31.0,31.0,31.55,30.55,31.55,142000
2026-01-26,31.85,31.85,32.2,31.0,31.0,135000
2026-01-27,31.1,31.1,31.9,31.0,31.5,78000
2026-01-28,32.3,32.3,34.2,31.1,31.1,1313000
2026-01-29,31.0,31.0,32.05,30.95,31.8,240000
2026-01-30,30.95,30.95,31.3,30.3,30.3,306000
2026-02-02,29.75,29.75,31.1,29.5,30.9,170000
2026-02-03,28.6,28.6,29.85,28.6,29.6,250000
2026-02-04,28.85,28.85,29.0,28.4,28.6,81000
2026-02-05,28.8,28.8,29.35,28.55,29.3,47000
2026-02-06,28.9,28.9,28.9,27.9,28.3,86000
2026-02-09,28.05,28.05,29.0,28.0,29.0,101000
2026-02-10,28.2,28.2,28.45,27.6,28.1,102000
2026-02-11,27.9,27.9,28.45,27.65,28.45,55000
2026-02-23,28.0,28.0,28.0,27.1,27.9,89000
2026-02-24,26.9,26.9,27.55,26.9,27.55,206000
2026-02-25,26.65,26.65,27.0,26.35,27.0,130000
2026-02-26,26.35,26.35,26.7,26.0,26.6,172000
2026-03-02,27.05,27.05,28.35,26.1,26.35,454000
2026-03-03,26.6,26.6,27.15,26.15,27.1,111000
2026-03-04,25.65,25.65,26.75,25.2,26.0,142000
2026-03-05,25.0,25.0,26.1,24.55,25.95,166000
2026-03-06,24.9,24.9,25.0,24.4,24.65,136000
2026-03-09,24.05,24.05,24.45,24.0,24.4,73000
2026-03-10,24.05,24.05,26.15,23.7,24.2,124000
2026-03-11,24.0,24.0,24.1,23.4,23.65,180000
2026-03-12,23.9,23.9,24.3,23.55,23.7,56000
2026-03-13,24.7,24.7,24.7,23.5,23.5,84000
2026-03-16,24.75,24.75,25.05,24.1,24.7,31000
2026-03-17,25.15,25.15,25.4,24.8,25.1,144000
2026-03-18,25.3,25.3,25.55,25.0,25.55,55000
2026-03-19,25.3,25.3,25.5,25.1,25.3,34000
2026-03-20,25.0,25.0,25.5,24.6,25.3,80000
2026-03-23,24.25,24.25,24.85,24.1,24.85,42000
2026-03-24,23.95,23.95,24.25,23.45,24.25,81000
2026-03-25,24.0,24.0,24.75,23.8,24.75,51000
2026-03-26,24.05,24.05,24.25,23.6,23.6,30000
2026-03-27,24.95,24.95,24.95,23.7,23.7,61000
2026-03-30,24.6,24.6,25.1,24.6,24.6,50000
2026-03-31,24.05,24.05,24.9,24.0,24.9,35000
2026-04-01,24.05,24.05,24.65,24.05,24.65,35000
2026-04-02,24.55,24.55,24.55,24.0,24.05,44000
2026-04-07,23.75,23.75,24.6,23.75,24.35,18000
2026-04-08,23.95,23.95,23.95,23.7,23.8,23000
2026-04-09,23.9,23.9,23.95,23.5,23.95,36000
2026-04-10,26.25,26.25,26.25,24.0,24.4,481000
2026-04-13,24.0,24.0,25.45,23.95,25.3,382000
2026-04-14,24.25,24.25,24.3,23.8,24.2,77000
2026-04-15,24.0,24.0,24.65,24.0,24.65,60000
2026-04-16,23.95,23.95,24.35,23.8,23.95,59000
2026-04-17,24.4,24.4,24.45,23.7,24.25,141000
2026-04-20,23.9,23.9,24.55,23.65,24.55,118000
2026-04-21,23.75,23.75,23.9,23.5,23.6,202000
2026-04-22,23.8,23.8,23.85,23.45,23.5,277000
2026-04-23,23.5,23.5,24.0,22.55,24.0,233000
2026-04-24,23.9,23.9,23.95,22.7,23.0,196000
2026-04-27,23.5,23.5,23.55,22.8,23.1,296000
2026-04-28,23.45,23.45,23.55,22.8,23.05,395000
2026-04-29,22.7,22.7,23.15,22.7,23.05,353000
2026-04-30,22.9,22.9,23.05,22.2,23.05,331000
2026-05-04,21.9,21.9,22.95,21.9,22.6,408000
2026-05-05,21.65,21.65,22.2,20.8,22.05,408000
2026-05-06,21.75,21.75,23.45,21.45,21.8,288000
2026-05-07,21.75,21.75,21.75,20.95,21.5,201000
2026-05-08,22.5,22.5,23.8,21.75,21.75,467000
2026-05-11,22.35,22.35,23.65,21.9,22.5,236000
2026-05-12,22.5,22.5,22.65,22.0,22.3,151000
2026-05-13,23.0,23.0,23.1,22.55,22.55,156000
2026-05-14,23.25,23.25,23.45,22.5,22.75,124000
2026-05-15,24.25,24.25,25.0,23.25,23.25,309000
2026-05-18,26.65,26.65,26.65,24.25,24.25,395000
2026-05-19,29.3,29.3,29.3,27.15,29.0,1292000
2026-05-20,32.2,32.2,32.2,28.6,28.8,1012000
2026-05-21,35.4,35.4,35.4,32.95,32.95,425000
2026-05-22,38.9,38.9,38.9,35.3,38.9,2286000
2026-05-25,42.75,42.75,42.75,38.9,38.9,644000
2026-05-26,47.0,47.0,47.0,47.0,47.0,352000
2026-05-27,51.7,51.7,51.7,51.7,51.7,185000
2026-05-28,49.0,49.0,56.8,49.0,56.8,1542000
2026-05-29,52.2,52.2,52.2,49.6,49.6,540000
2026-06-01,57.4,57.4,57.4,56.4,57.4,835000
2026-06-02,60.6,60.6,61.5,53.3,53.3,567000
2026-06-03,56.1,56.1,66.0,56.1,66.0,678000
2026-06-04,50.5,50.5,50.5,50.5,50.5,443000
2026-06-05,45.55,45.55,47.6,45.45,47.6,486000
2026-06-08,41.0,41.0,41.0,41.0,41.0,74000
2026-06-09,40.3,40.3,41.0,36.9,39.6,735000
2026-06-10,37.1,37.1,41.45,37.1,41.2,312000
2026-06-11,37.0,37.0,38.5,37.0,37.95,233000
2026-06-12,36.0,36.0,38.95,36.0,38.95,164000
2026-06-15,36.05,36.05,38.0,36.05,37.55,201000
2026-06-16,36.5,36.5,36.95,35.8,36.25,232000
2026-06-17,40.15,40.15,40.15,38.5,38.75,276000
2026-06-18,40.15,40.15,42.35,39.9,39.9,429000
2026-06-22,43.55,43.55,44.15,42.4,44.05,651000
2026-06-23,47.9,47.9,47.9,46.0,46.95,481000
2026-06-24,52.6,52.6,52.6,52.6,52.6,398000
2026-06-25,57.8,57.8,57.8,57.8,57.8,538000
2026-06-26,63.5,63.5,63.5,60.1,63.0,1382000
2026-06-29,69.8,69.8,69.8,69.8,69.8,934000
2026-06-30,62.9,62.9,76.6,62.9,76.6,923000
2026-07-01,56.7,56.7,61.0,56.7,61.0,618000
2026-07-02,60.9,60.9,61.9,51.1,51.1,771000
2026-07-03,62.2,62.2,62.3,60.9,60.9,208000
2026-07-06,59.0,59.0,65.0,59.0,65.0,201000
2026-07-07,58.2,58.2,60.0,57.3,60.0,107000
2026-07-08,60.7,60.7,62.1,58.5,62.1,124000
2026-07-09,61.2,61.2,63.0,60.0,63.0,196000
2026-07-13,60.0,60.0,63.5,60.0,63.0,354000
2026-07-14,56.6,56.6,59.9,54.0,57.9,948000
2026-07-15,58.0,58.0,58.8,52.2,55.9,562000
2026-07-16,57.6,57.6,58.7,56.2,57.6,306000
2026-07-17,54.0,54.0,56.9,51.9,54.7,540000
2026-07-20,53.8,53.8,57.5,51.5,53.9,543000
2026-07-21,52.6,52.6,57.4,52.5,53.7,380000
2026-07-22,54.9,54.9,55.2,52.1,52.5,232000
2026-07-23,55.5,55.5,55.6,52.9,54.9,187000
2026-07-24,58.9,58.9,61.0,55.3,55.3,1207000
2026-07-27,55.0,55.0,63.0,54.3,57.6,892000
2026-07-28,54.0,54.0,57.0,52.7,55.3,311000
2026-07-29,53.8,53.8,57.4,51.8,54.1,489000
2026-07-30,52.0,52.0,56.8,51.1,53.8,350000
2026-07-31,53.3,53.3,56.7,53.1,53.5,178000
2026-08-03,55.9,55.9,56.1,52.8,53.3,188000
2026-08-04,53.6,53.6,56.8,53.4,56.8,154000
2026-08-05,53.0,53.0,54.1,52.5,53.8,249000
2026-08-06,54.3,54.3,55.1,52.6,53.2,189000
2026-08-07,54.0,54.0,56.0,53.7,55.6,184000
2026-08-10,56.1,56.1,56.1,54.5,54.9,173000
2026-08-11,55.6,55.6,57.4,54.6,56.1,216000
2026-08-12,56.9,56.9,57.5,55.6,55.6,158000
2026-08-13,62.0,62.0,62.5,56.9,57.0,1062000
2026-08-14,63.6,63.6,65.0,59.8,60.0,701000
2026-08-17,68.0,68.0,69.9,62.2,63.6,1647000
2026-08-18,72.9,72.9,73.0,69.0,69.4,1500000
2026-08-19,71.0,71.0,72.0,67.5,71.5,760000
2026-08-20,71.9,71.9,72.7,67.5,71.5,660000
2026-08-21,72.9,72.9,78.0,70.7,70.7,1151000
2026-08-24,78.5,78.5,78.5,71.2,71.2,781027
2026-08-25,81.0,81.0,81.0,78.7,78.7,719128
2026-08-26,81.1,81.1,83.0,79.5,83.0,579588
2026-08-27,85.0,85.0,85.0,81.5,82.9,882098
2026-08-28,85.0,85.0,85.8,82.0,84.5,734022
2026-08-31,86.7,86.7,88.1,78.0,83.4,1964860
2026-09-01,78.2,78.2,86.1,78.1,86.1,1842228
2026-09-02,77.0,77.0,77.3,72.6,76.3,1242484
2026-09-03,76.4,76.4,79.7,75.5,77.0,876595
2026-09-04,79.4,79.4,79.5,75.9,78.0,357685
2026-09-07,77.5,77.5,83.4,77.5,81.2,589592
2026-09-08,78.4,78.4,78.8,76.1,77.5,326816
2026-09-09,77.2,77.2,81.0,76.6,81.0,382727
2026-09-10,83.8,83.8,83.8,76.5,76.5,1087517
2026-09-11,75.5,75.5,86.7,75.5,86.3,1591528
2026-09-14,71.8,71.8,75.5,71.6,75.5,763755
2026-09-15,66.4,66.4,73.6,66.0,72.8,728618
