Date,Adj Close,Close,High,Low,Open,Volume
2016-08-12,67.3,67.3,67.7,67.1,67.4,1125237
2016-08-15,70.0,70.0,70.6,69.6,70.0,4511587
2016-08-16,70.0,70.0,70.5,69.2,70.1,2391600
2016-08-17,69.7,69.7,70.0,69.4,70.0,1104839
2016-08-18,69.7,69.7,70.3,69.4,69.7,1051871
2016-08-19,69.4,69.4,70.2,69.4,69.7,1335923
2016-08-22,68.2,68.2,69.7,68.1,69.4,1353640
2016-08-23,68.7,68.7,69.4,68.2,68.2,942326
2016-08-24,69.5,69.5,69.9,69.0,69.0,1434893
2016-08-25,70.4,70.4,70.6,69.6,69.9,2235835
2016-08-26,71.1,71.1,71.8,70.6,70.6,2762316
2016-08-29,71.3,71.3,71.7,71.2,71.4,2153290
2016-08-30,71.6,71.6,71.8,70.6,71.5,1950952
2016-08-31,70.8,70.8,71.5,70.6,71.4,1700950
2016-09-01,71.2,71.2,71.7,70.9,71.0,1449850
2016-09-02,70.5,70.5,71.4,70.5,71.0,1325949
2016-09-05,71.3,71.3,71.6,70.6,70.6,1239239
2016-09-06,72.5,72.5,73.0,71.3,71.6,2927552
2016-09-07,71.9,71.9,72.2,71.5,71.9,1627553
2016-09-08,73.1,73.1,73.8,71.5,71.5,2683364
2016-09-09,73.0,73.0,73.5,72.6,73.1,2266334
2016-09-12,71.2,71.2,72.5,71.2,72.3,1531883
2016-09-13,71.3,71.3,72.1,71.0,71.8,1560462
2016-09-14,70.8,70.8,71.6,70.8,71.4,1480480
2016-09-19,73.2,73.2,73.5,71.7,72.2,2977936
2016-09-20,73.5,73.5,73.8,73.0,73.5,2411572
2016-09-21,73.6,73.6,74.2,73.1,73.6,2793450
2016-09-22,74.4,74.4,74.5,73.1,73.6,2643748
2016-09-23,75.7,75.7,75.7,74.5,74.5,4057187
2016-09-26,74.6,74.6,75.7,74.3,75.7,1869297
2016-09-29,75.0,75.0,75.6,74.1,75.4,2033989
2016-09-30,74.6,74.6,75.0,74.1,74.9,1514206
2016-10-03,73.9,73.9,74.7,73.4,74.6,904015
2016-10-04,74.9,74.9,75.5,73.2,73.8,3008801
2016-10-05,74.3,74.3,75.0,73.8,75.0,1165130
2016-10-06,74.2,74.2,74.5,73.7,74.1,2294316
2016-10-07,73.4,73.4,74.0,73.3,74.0,739690
2016-10-11,71.1,71.1,74.0,70.5,73.5,2021528
2016-10-12,72.1,72.1,72.5,71.1,71.5,1724218
2016-10-13,71.2,71.2,72.6,71.0,72.2,963996
2016-10-14,69.1,69.1,71.2,68.5,71.0,2319829
2016-10-17,71.8,71.8,72.0,69.0,69.3,1888388
2016-10-18,71.8,71.8,72.4,70.6,71.3,1307362
2016-10-19,72.0,72.0,72.5,71.3,72.0,1249551
2016-10-20,70.8,70.8,72.4,70.4,72.4,1168373
2016-10-21,72.9,72.9,72.9,71.0,71.7,2559500
2016-10-24,72.0,72.0,72.6,71.7,72.6,948412
2016-10-25,73.4,73.4,74.2,72.1,72.4,2526603
2016-10-26,74.0,74.0,74.5,72.6,73.2,1593207
2016-10-27,74.5,74.5,74.5,73.8,74.5,1780050
2016-10-28,74.5,74.5,74.8,73.9,74.8,932007
2016-10-31,74.2,74.2,74.5,73.6,74.3,941233
2016-11-01,74.5,74.5,74.5,73.6,73.7,841583
2016-11-02,72.6,72.6,74.3,72.3,74.3,1307530
2016-11-03,72.7,72.7,73.1,71.3,72.5,966866
2016-11-04,73.3,73.3,73.6,72.2,72.5,546300
2016-11-07,72.7,72.7,73.5,72.7,73.4,259000
2016-11-08,71.7,71.7,72.7,71.5,72.7,905537
2016-11-09,70.1,70.1,72.5,70.0,72.0,1220764
2016-11-10,73.9,73.9,73.9,72.0,72.5,1718995
2016-11-11,73.4,73.4,73.4,72.5,73.4,802912
2016-11-14,72.9,72.9,73.7,72.3,73.7,451280
2016-11-15,73.5,73.5,73.5,72.5,72.5,615358
2016-11-16,74.6,74.6,75.2,73.1,73.7,2321734
2016-11-17,74.2,74.2,74.6,73.1,74.1,1431220
2016-11-18,75.7,75.7,76.2,74.5,74.5,3885698
2016-11-21,75.8,75.8,75.9,74.7,75.4,1294662
2016-11-22,74.8,74.8,77.5,74.5,76.7,2671133
2016-11-23,74.1,74.1,75.4,73.7,75.4,1381896
2016-11-24,76.5,76.5,76.9,74.7,75.1,3347347
2016-11-25,79.0,79.0,79.7,76.9,77.1,6480043
2016-11-28,78.5,78.5,80.0,78.0,80.0,2709923
2016-11-29,81.6,81.6,82.2,79.3,79.4,7281493
2016-11-30,81.4,81.4,82.4,80.1,82.4,3859065
2016-12-01,81.0,81.0,81.7,80.4,81.3,1626583
2016-12-02,79.7,79.7,80.7,79.6,80.7,1718849
2016-12-05,81.4,81.4,81.5,79.3,79.7,2218077
2016-12-06,80.6,80.6,82.4,80.5,82.4,1543500
2016-12-07,80.9,80.9,81.6,79.9,80.5,1635050
2016-12-08,80.9,80.9,81.9,80.9,81.9,1278449
2016-12-09,81.0,81.0,81.5,80.6,80.9,928851
2016-12-12,80.2,80.2,81.1,80.2,81.0,793134
2016-12-13,79.3,79.3,80.1,79.2,79.8,1437713
2016-12-14,79.5,79.5,80.0,78.8,79.1,1953073
2016-12-15,79.5,79.5,79.5,79.0,79.3,1552850
2016-12-16,78.2,78.2,79.3,78.1,79.2,1666433
2016-12-19,78.2,78.2,78.7,78.1,78.2,932100
2016-12-20,79.2,79.2,79.8,78.4,78.5,1110397
2016-12-21,78.3,78.3,79.6,78.2,79.6,795500
2016-12-22,77.5,77.5,78.7,77.5,78.4,717658
2016-12-23,76.3,76.3,77.8,76.3,77.2,925417
2016-12-26,75.9,75.9,76.7,75.8,76.4,771016
2016-12-27,76.3,76.3,77.3,75.7,75.8,780921
2016-12-28,77.2,77.2,78.2,76.8,76.8,1113350
2016-12-29,76.7,76.7,77.2,76.5,77.0,1098839
2016-12-30,77.1,77.1,77.5,76.5,76.6,763584
2017-01-03,78.0,78.0,78.0,77.4,77.6,629555
2017-01-04,78.8,78.8,79.0,77.8,78.0,893750
2017-01-05,80.6,80.6,81.4,78.8,78.8,2543288
2017-01-06,80.6,80.6,81.1,80.0,80.9,1134266
2017-01-09,79.9,79.9,81.0,79.9,80.7,1052838
2017-01-10,80.2,80.2,80.7,79.7,79.8,1825000
2017-01-11,80.0,80.0,80.3,79.7,80.0,1267559
2017-01-12,80.3,80.3,80.5,79.7,80.0,1116259
2017-01-13,79.6,79.6,79.9,78.9,79.8,1190450
2017-01-16,78.5,78.5,79.5,78.5,79.4,660600
2017-01-17,78.2,78.2,78.8,78.0,78.4,978222
2017-01-18,79.7,79.7,80.2,78.2,78.2,1348358
2017-01-19,79.1,79.1,80.1,79.1,79.8,1442499
2017-01-20,78.8,78.8,80.0,78.8,79.8,1022373
2017-01-23,79.7,79.7,79.7,78.9,78.9,906364
2017-01-24,79.8,79.8,80.0,79.3,80.0,756542
2017-02-02,80.5,80.5,80.5,79.6,80.1,1885699
2017-02-03,80.3,80.3,80.8,79.3,80.5,1348103
2017-02-06,80.0,80.0,80.5,79.0,80.3,1659450
2017-02-07,81.4,81.4,82.1,79.5,79.6,1889815
2017-02-08,80.6,80.6,81.2,80.2,81.2,1337062
2017-02-09,81.0,81.0,81.2,79.9,80.6,1303200
2017-02-10,81.0,81.0,81.3,80.4,81.1,2023994
2017-02-13,80.3,80.3,81.2,80.0,81.0,883731
2017-02-14,80.3,80.3,81.0,79.2,80.5,1630148
2017-02-15,80.1,80.1,81.0,80.0,80.3,1697095
2017-02-16,80.0,80.0,80.8,79.5,80.8,1187100
2017-02-17,80.2,80.2,80.4,79.5,80.0,981433
2017-02-20,80.7,80.7,82.4,80.1,80.6,2240611
2017-02-21,80.8,80.8,81.7,80.2,80.9,1368535
2017-02-22,81.2,81.2,81.5,80.7,81.0,722281
2017-02-23,81.1,81.1,81.7,80.8,81.6,1578545
2017-02-24,82.9,82.9,83.0,81.8,81.9,3122940
2017-03-01,83.0,83.0,83.8,82.4,83.4,1768626
2017-03-02,81.5,81.5,83.7,81.1,83.6,1283870
2017-03-03,81.7,81.7,82.0,81.5,81.5,437900
2017-03-06,81.3,81.3,82.4,81.2,82.4,660646
2017-03-07,80.3,80.3,80.9,80.1,80.9,1351291
2017-03-08,81.0,81.0,81.6,80.1,80.3,1142818
2017-03-09,79.9,79.9,80.6,78.3,80.6,1734533
2017-03-10,79.5,79.5,79.9,78.6,79.9,1123313
2017-03-13,79.0,79.0,79.3,78.4,79.1,1521039
2017-03-14,79.5,79.5,79.7,78.5,78.9,1213408
2017-03-15,79.6,79.6,80.1,79.0,79.0,1038341
2017-03-16,80.0,80.0,80.3,79.3,79.3,1384256
2017-03-17,79.9,79.9,80.5,79.2,79.6,1316184
2017-03-20,80.0,80.0,80.3,79.9,80.0,334786
2017-03-21,80.0,80.0,80.5,80.0,80.5,598408
2017-03-22,79.6,79.6,79.9,79.2,79.5,789239
2017-03-23,80.2,80.2,80.5,79.7,79.9,636123
2017-03-24,80.0,80.0,80.5,79.6,80.2,364152
2017-03-27,78.4,78.4,80.3,78.4,79.7,901334
2017-03-28,79.3,79.3,80.2,79.2,80.0,2279521
2017-03-29,78.0,78.0,79.6,77.2,79.5,3315010
2017-03-30,76.6,76.6,77.9,76.4,77.9,3325055
2017-03-31,76.0,76.0,77.2,76.0,76.6,3106564
2017-04-05,78.1,78.1,78.3,76.1,76.1,1652599
2017-04-06,77.3,77.3,78.7,77.3,78.1,1526076
2017-04-07,77.9,77.9,78.1,77.1,77.4,1014800
2017-04-10,77.7,77.7,78.5,77.7,78.0,538040
2017-04-11,77.5,77.5,78.3,77.3,77.7,1236495
2017-04-12,77.4,77.4,78.0,77.1,77.9,1110547
2017-04-13,77.7,77.7,77.9,77.4,77.4,670306
2017-04-14,77.5,77.5,78.0,77.2,77.8,928300
2017-04-17,76.5,76.5,78.0,76.5,77.2,696990
2017-04-18,76.5,76.5,77.7,76.5,76.5,978255
2017-04-19,75.8,75.8,76.5,75.8,76.1,1360279
2017-04-21,75.1,75.1,76.2,75.1,75.5,1324680
2017-04-24,76.5,76.5,77.0,75.8,75.8,693143
2017-04-25,77.0,77.0,77.6,76.5,77.5,568182
2017-04-26,76.5,76.5,77.1,76.0,76.9,1429327
2017-04-27,76.5,76.5,77.0,76.0,76.6,1079448
2017-04-28,76.1,76.1,77.0,76.0,76.4,1092686
2017-05-02,76.7,76.7,76.7,76.0,76.4,762718
2017-05-03,76.7,76.7,76.8,76.4,76.5,614200
2017-05-04,76.2,76.2,76.7,75.8,76.5,970719
2017-05-05,75.5,75.5,76.5,75.5,76.5,469123
2017-05-08,76.8,76.8,76.9,75.8,76.0,809174
2017-05-09,75.4,75.4,76.8,75.4,76.7,608386
2017-05-10,75.3,75.3,75.7,75.1,75.1,615185
2017-05-11,74.6,74.6,75.2,74.5,75.2,1426825
2017-05-12,74.4,74.4,74.8,74.4,74.5,1156817
2017-05-15,74.3,74.3,74.8,73.8,74.5,1677420
2017-05-16,73.9,73.9,75.1,73.8,75.0,993200
2017-05-17,74.5,74.5,74.5,73.8,73.9,815795
2017-05-18,74.6,74.6,74.9,73.5,74.1,629360
2017-05-19,74.7,74.7,75.1,74.0,74.5,717258
2017-05-22,75.0,75.0,75.2,74.6,74.6,1084005
2017-05-23,74.9,74.9,75.5,74.5,75.0,1320702
2017-05-24,74.3,74.3,74.9,74.3,74.5,706500
2017-05-25,74.3,74.3,74.9,74.0,74.3,781000
2017-05-26,75.5,75.5,75.9,74.6,74.9,1479346
2017-05-31,75.0,75.0,75.7,74.8,75.3,892889
2017-06-01,75.4,75.4,75.5,75.0,75.0,327134
2017-06-02,75.6,75.6,76.0,75.1,75.4,2682856
2017-06-05,77.4,77.4,77.7,76.0,76.0,1795400
2017-06-06,77.4,77.4,77.9,77.3,77.7,1416072
2017-06-07,77.0,77.0,78.0,76.9,77.8,897100
2017-06-08,76.5,76.5,76.9,76.5,76.7,689330
2017-06-09,76.5,76.5,77.0,76.2,76.5,515000
2017-06-12,76.8,76.8,77.2,76.0,76.1,799000
2017-06-13,77.0,77.0,77.4,76.2,76.7,253428
2017-06-14,76.7,76.7,77.2,76.0,77.2,678840
2017-06-15,76.4,76.4,77.0,76.2,77.0,229500
2017-06-16,77.0,77.0,77.1,76.2,76.5,442505
2017-06-19,77.9,77.9,78.0,77.2,77.2,1165550
2017-06-20,78.4,78.4,78.5,77.9,78.0,1869095
2017-06-21,79.0,79.0,79.2,78.3,78.6,1696299
2017-06-22,79.6,79.6,80.1,79.1,79.2,1859253
2017-06-23,79.7,79.7,80.3,79.7,80.1,1979768
2017-06-26,79.8,79.8,80.0,79.2,79.9,1168785
2017-06-27,79.3,79.3,79.7,79.2,79.6,731334
2017-06-28,78.4,78.4,78.9,78.4,78.8,923150
2017-06-29,79.6,79.6,79.6,78.4,78.4,811205
2017-06-30,79.0,79.0,79.6,78.6,79.0,560999
2017-07-03,79.6,79.6,79.8,78.5,78.8,563568
2017-07-04,79.5,79.5,79.6,78.8,79.2,776150
2017-07-05,81.4,81.4,81.6,79.0,79.5,2403000
2017-07-06,80.4,80.4,81.5,80.0,81.5,1227076
2017-07-07,80.0,80.0,80.3,79.6,80.3,748100
2017-07-10,80.5,80.5,81.0,78.9,80.0,1788227
2017-07-11,79.8,79.8,80.3,79.5,80.0,883868
2017-07-12,79.6,79.6,80.5,79.3,79.6,975547
2017-07-13,80.2,80.2,80.5,79.4,79.4,783280
2017-07-14,80.5,80.5,80.6,80.1,80.2,762792
2017-07-17,80.4,80.4,80.6,79.9,80.6,1534567
2017-07-18,81.1,81.1,81.5,80.1,80.4,2553453
2017-07-19,78.9,78.9,79.0,77.2,77.4,2697179
2017-07-20,78.5,78.5,78.9,78.2,78.8,771082
2017-07-21,77.5,77.5,78.5,77.5,78.5,621165
2017-07-24,77.2,77.2,77.8,77.0,77.3,805677
2017-07-25,77.6,77.6,77.9,77.2,77.2,522440
2017-07-26,77.9,77.9,78.3,77.5,78.0,873239
2017-07-27,77.8,77.8,78.3,77.6,78.3,510477
2017-07-28,77.0,77.0,77.8,76.8,77.8,677042
2017-07-31,76.5,76.5,77.0,76.4,77.0,531504
2017-08-01,77.1,77.1,77.4,76.6,76.6,184486
2017-08-02,77.6,77.6,77.6,77.0,77.4,478586
2017-08-03,77.1,77.1,77.6,76.8,77.6,274538
2017-08-04,77.0,77.0,77.3,76.5,77.2,519439
2017-08-07,76.8,76.8,76.9,76.3,76.3,466689
2017-08-08,77.6,77.6,78.7,77.5,78.4,1255039
2017-08-09,76.9,76.9,78.0,76.8,78.0,532486
2017-08-10,75.8,75.8,76.9,75.8,76.9,620696
2017-08-11,75.6,75.6,76.3,75.0,75.2,428277
2017-08-14,77.4,77.4,79.0,76.8,77.8,2564169
2017-08-15,79.6,79.6,80.3,78.5,78.5,3460137
2017-08-16,80.7,80.7,81.0,79.6,79.7,3009120
2017-08-17,80.4,80.4,81.0,80.2,81.0,1488367
2017-08-18,80.5,80.5,80.6,79.5,79.5,835810
2017-08-21,79.4,79.4,80.6,79.2,80.5,817019
2017-08-22,79.8,79.8,80.1,79.1,79.5,885381
2017-08-23,79.5,79.5,81.2,79.5,80.8,2117600
2017-08-24,78.9,78.9,79.7,78.8,79.4,942670
2017-08-25,80.0,80.0,80.3,79.3,80.1,1034418
2017-08-28,79.5,79.5,80.5,79.3,80.0,1088411
2017-08-29,79.5,79.5,79.9,79.2,79.5,810325
2017-08-30,79.5,79.5,79.8,79.2,79.7,399717
2017-08-31,79.5,79.5,79.7,79.0,79.7,599929
2017-09-01,79.8,79.8,79.9,79.2,79.3,486920
2017-09-04,79.0,79.0,79.5,78.8,79.4,848122
2017-09-05,79.4,79.4,79.5,78.8,79.5,467205
2017-09-06,78.5,78.5,79.4,78.1,79.3,861400
2017-09-07,79.0,79.0,80.2,79.0,80.0,1385141
2017-09-08,79.0,79.0,79.8,78.2,79.8,828110
2017-09-11,79.1,79.1,79.2,78.3,78.5,1157628
2017-09-12,81.8,81.8,86.0,81.3,81.5,10399088
2017-09-13,80.5,80.5,83.5,80.5,82.5,3902362
2017-09-14,81.6,81.6,82.3,80.2,80.9,1890787
2017-09-15,83.4,83.4,83.4,82.1,82.2,2342959
2017-09-18,82.5,82.5,84.5,82.5,84.3,1832927
2017-09-19,80.9,80.9,83.3,80.9,82.8,1460368
2017-09-20,81.7,81.7,82.9,81.2,81.5,1038432
2017-09-21,82.0,82.0,82.6,81.7,81.7,755262
2017-09-22,80.9,80.9,82.4,80.6,82.1,965986
2017-09-25,79.8,79.8,81.5,79.4,81.0,1181262
2017-09-26,79.2,79.2,80.5,79.2,79.8,756391
2017-09-27,80.2,80.2,80.8,79.5,79.5,435576
2017-09-28,80.2,80.2,80.7,79.5,80.0,725000
2017-09-29,81.7,81.7,81.7,79.7,80.5,1043618
2017-10-02,82.4,82.4,82.7,81.9,82.7,666010
2017-10-03,82.3,82.3,82.4,81.7,82.2,4923618
2017-10-05,83.6,83.6,83.7,82.1,82.4,1515535
2017-10-06,84.4,84.4,84.5,83.2,83.6,2025605
2017-10-11,83.8,83.8,85.3,83.8,85.0,2766050
2017-10-12,84.0,84.0,84.5,83.3,84.4,881528
2017-10-13,85.0,85.0,85.0,83.3,83.6,2206126
2017-10-16,87.0,87.0,89.3,85.4,85.4,6885821
2017-10-17,86.0,86.0,88.0,85.8,87.0,2561793
2017-10-18,84.9,84.9,86.8,84.6,86.4,2222680
2017-10-19,85.0,85.0,85.5,84.3,85.3,1128466
2017-10-20,83.8,83.8,85.0,83.7,85.0,1286182
2017-10-23,84.8,84.8,84.9,83.5,84.2,893850
2017-10-24,84.1,84.1,85.0,84.1,84.9,676210
2017-10-25,85.6,85.6,86.6,84.6,85.0,1960358
2017-10-26,86.8,86.8,87.3,84.3,84.9,2223407
2017-10-27,85.1,85.1,88.6,85.1,88.1,3184203
2017-10-30,84.6,84.6,86.5,84.4,85.7,1398115
2017-10-31,86.2,86.2,86.2,84.5,84.9,889338
2017-11-01,86.4,86.4,86.8,85.0,85.8,991400
2017-11-02,86.0,86.0,87.4,85.9,86.4,809950
2017-11-03,85.2,85.2,86.4,85.0,86.1,922778
2017-11-06,82.1,82.1,84.1,81.2,84.1,4511302
2017-11-07,81.6,81.6,82.2,81.5,82.2,3053850
2017-11-08,81.0,81.0,82.1,80.5,82.0,2560077
2017-11-09,81.0,81.0,81.6,80.6,81.1,1665792
2017-11-10,81.2,81.2,81.3,80.1,80.5,1310278
2017-11-13,80.8,80.8,81.7,80.6,81.4,1024231
2017-11-14,80.8,80.8,81.1,80.6,81.1,756202
2017-11-15,81.1,81.1,81.3,80.8,80.8,347180
2017-11-16,81.1,81.1,81.7,81.0,81.5,378100
2017-11-17,81.6,81.6,81.9,81.3,81.8,560554
2017-11-20,80.4,80.4,82.0,80.2,81.6,986301
2017-11-21,80.3,80.3,81.6,80.3,81.2,997101
2017-11-22,81.7,81.7,81.9,80.6,80.6,1062089
2017-11-23,81.7,81.7,82.5,81.6,82.2,903366
2017-11-24,82.0,82.0,82.2,81.7,82.2,1136939
2017-11-27,81.5,81.5,82.4,81.5,82.0,439163
2017-11-28,81.0,81.0,81.9,80.9,81.8,1008413
2017-11-29,81.5,81.5,82.1,81.1,81.4,507654
2017-11-30,80.2,80.2,81.5,79.5,81.5,1939155
2017-12-01,80.0,80.0,80.4,79.3,80.2,1379328
2017-12-04,80.7,80.7,81.2,80.4,80.5,972708
2017-12-05,81.4,81.4,81.5,80.6,80.6,566231
2017-12-06,79.7,79.7,81.5,79.6,81.4,846350
2017-12-07,79.7,79.7,80.8,79.7,80.8,470521
2017-12-08,80.2,80.2,80.3,79.6,80.0,262300
2017-12-11,80.5,80.5,80.8,80.3,80.8,793042
2017-12-12,80.8,80.8,81.3,80.4,80.9,657550
2017-12-13,81.0,81.0,81.3,80.6,81.3,691062
2017-12-14,81.8,81.8,83.5,81.6,81.6,2432030
2017-12-15,81.5,81.5,81.9,81.3,81.8,1125625
2017-12-18,83.9,83.9,83.9,82.0,82.4,2577446
2017-12-19,84.7,84.7,85.7,83.6,84.3,5479563
2017-12-20,85.0,85.0,85.6,84.8,85.3,1900830
2017-12-21,84.8,84.8,87.6,84.8,85.6,5893764
2017-12-22,85.6,85.6,86.1,85.0,85.8,1342917
2017-12-25,85.0,85.0,86.1,85.0,86.0,814415
2017-12-26,85.4,85.4,86.9,85.1,85.9,2005296
2017-12-27,84.9,84.9,86.0,84.8,85.8,772855
2017-12-28,84.2,84.2,84.9,83.5,84.8,1300742
2017-12-29,84.7,84.7,85.7,84.5,85.0,958600
2018-01-02,85.3,85.3,85.6,84.1,84.4,1387025
2018-01-03,85.2,85.2,85.9,84.5,85.7,1527300
2018-01-04,89.0,89.0,89.5,85.4,85.8,7928750
2018-01-05,87.7,87.7,89.6,87.0,88.7,4434614
2018-01-08,86.0,86.0,88.8,86.0,88.2,2876461
2018-01-09,85.1,85.1,87.9,85.1,87.1,3236738
2018-01-10,84.5,84.5,85.9,84.0,85.9,2645687
2018-01-11,84.3,84.3,84.9,83.9,84.9,709262
2018-01-12,84.5,84.5,85.7,84.5,84.5,1043570
2018-01-15,84.1,84.1,85.0,83.6,84.9,942334
2018-01-16,84.1,84.1,85.0,83.6,84.2,1635629
2018-01-17,83.2,83.2,84.7,82.8,84.3,1736043
2018-01-18,83.5,83.5,84.3,83.4,83.8,1306397
2018-01-19,84.1,84.1,84.6,83.2,83.5,1216836
2018-01-22,84.0,84.0,85.0,83.1,84.1,1811404
2018-01-23,83.0,83.0,84.4,82.6,84.3,2118608
2018-01-24,83.7,83.7,84.0,82.6,83.0,980619
2018-01-25,83.5,83.5,83.8,83.1,83.6,624865
2018-01-26,83.7,83.7,84.0,83.3,83.5,827325
2018-01-29,84.0,84.0,84.3,83.9,84.1,775469
2018-01-30,83.2,83.2,85.0,83.2,84.0,1001004
2018-01-31,83.7,83.7,84.3,82.8,83.1,1070245
2018-02-01,83.9,83.9,84.7,83.8,84.1,1017070
2018-02-02,83.7,83.7,84.4,83.6,83.9,530142
2018-02-05,84.0,84.0,84.4,81.6,81.6,1349000
2018-02-06,81.4,81.4,83.0,79.8,82.4,2432730
2018-02-07,82.7,82.7,83.3,82.4,83.2,1164200
2018-02-08,82.3,82.3,83.3,82.0,82.0,724350
2018-02-09,82.5,82.5,82.8,80.0,80.1,989120
2018-02-12,82.4,82.4,83.2,81.7,82.7,651300
2018-02-21,84.2,84.2,84.8,83.0,83.0,1273300
2018-02-22,84.5,84.5,85.1,83.7,84.2,636500
2018-02-23,84.2,84.2,84.9,84.0,84.9,616117
2018-02-26,84.7,84.7,85.3,84.3,84.8,549445
2018-02-27,84.9,84.9,85.6,84.3,85.6,795494
2018-03-01,83.9,83.9,84.8,83.2,84.7,1243795
2018-03-02,82.2,82.2,83.4,82.2,83.0,1070000
2018-03-05,81.2,81.2,82.9,81.2,82.8,712976
2018-03-06,81.6,81.6,81.8,81.3,81.5,477000
2018-03-07,81.7,81.7,82.8,81.5,81.6,701300
2018-03-08,82.0,82.0,82.6,81.4,82.6,768600
2018-03-09,82.4,82.4,82.5,81.1,82.2,774450
2018-03-12,84.0,84.0,84.2,83.0,83.3,1288500
2018-03-13,81.7,81.7,83.7,81.6,83.7,2272205
2018-03-14,80.7,80.7,81.5,80.6,81.3,2088586
2018-03-15,80.7,80.7,81.3,80.2,80.7,1489044
2018-03-16,80.5,80.5,81.2,80.1,80.5,1431207
2018-03-19,81.1,81.1,81.5,80.5,80.5,879635
2018-03-20,81.7,81.7,81.9,80.9,80.9,542386
2018-03-21,81.1,81.1,82.1,81.0,81.8,660426
2018-03-22,80.6,80.6,81.5,80.6,81.5,680297
2018-03-23,79.9,79.9,80.1,78.9,79.0,1614357
2018-03-26,79.2,79.2,80.2,79.2,79.6,920537
2018-03-27,79.4,79.4,81.3,79.2,81.3,798403
2018-03-28,79.9,79.9,80.3,79.3,79.3,860229
2018-03-29,79.8,79.8,80.1,79.3,80.1,671224
2018-03-30,80.0,80.0,80.4,79.7,79.8,536606
2018-04-02,82.0,82.0,82.2,81.2,82.1,858020
2018-04-03,81.9,81.9,81.9,81.3,81.3,647001
2018-04-09,83.1,83.1,85.0,83.1,83.8,2733127
2018-04-10,82.0,82.0,83.3,81.8,82.0,1168503
2018-04-11,82.0,82.0,82.8,81.8,82.7,435800
2018-04-12,81.6,81.6,82.4,81.4,82.4,639734
2018-04-13,82.2,82.2,82.4,81.5,82.4,810644
2018-04-16,82.1,82.1,82.4,81.8,82.4,638038
2018-04-17,81.6,81.6,82.3,81.0,82.3,670500
2018-04-18,81.5,81.5,81.7,81.0,81.6,632722
2018-04-19,81.7,81.7,82.2,81.4,81.5,607770
2018-04-20,81.7,81.7,82.3,81.3,81.7,832398
2018-04-23,81.6,81.6,81.7,81.2,81.2,534756
2018-04-24,80.9,80.9,82.0,80.1,81.6,1226025
2018-04-25,80.3,80.3,80.4,79.6,80.1,620852
2018-04-26,80.0,80.0,80.7,79.9,80.3,930150
2018-04-27,78.3,78.3,80.3,78.0,80.2,849867
2018-04-30,80.3,80.3,80.3,78.3,78.6,466856
2018-05-02,79.5,79.5,80.3,78.7,80.3,926055
2018-05-03,78.7,78.7,79.5,78.2,79.5,557977
2018-05-04,78.2,78.2,79.0,78.2,79.0,454221
2018-05-07,78.4,78.4,79.2,78.3,78.4,685895
2018-05-08,74.1,74.1,77.7,73.1,77.5,3085080
2018-05-09,72.7,72.7,74.0,71.1,74.0,3391200
2018-05-10,72.7,72.7,74.1,72.3,74.0,2206708
2018-05-11,72.5,72.5,73.8,72.2,73.8,1500509
2018-05-14,71.5,71.5,73.3,71.2,72.5,1889840
2018-05-15,69.9,69.9,71.5,69.9,71.4,2689600
2018-05-16,68.7,68.7,71.1,68.1,69.5,2490946
2018-05-17,70.2,70.2,70.2,68.8,69.5,1662300
2018-05-18,69.3,69.3,70.2,69.1,70.2,611452
2018-05-21,70.1,70.1,70.1,69.2,69.8,640127
2018-05-22,69.8,69.8,70.4,69.4,70.1,998726
2018-05-23,70.0,70.0,70.6,69.7,69.9,1160400
2018-05-24,69.5,69.5,70.5,69.3,70.5,1038500
2018-05-25,71.6,71.6,72.2,69.4,69.6,2970684
2018-05-28,72.7,72.7,72.7,70.9,71.6,2255386
2018-05-29,70.6,70.6,72.3,70.5,72.3,1822239
2018-05-30,69.8,69.8,70.5,69.7,69.7,1959729
2018-05-31,69.2,69.2,70.6,69.2,70.5,2044500
2018-06-01,70.2,70.2,70.6,68.9,69.2,1707411
2018-06-04,72.0,72.0,72.5,70.8,70.9,2662904
2018-06-05,73.9,73.9,76.9,73.2,73.2,7368592
2018-06-06,73.7,73.7,75.0,73.5,74.9,2510834
2018-06-07,73.9,73.9,74.0,72.8,73.0,3315326
2018-06-08,73.7,73.7,75.2,73.7,74.8,2426230
2018-06-11,73.7,73.7,73.9,73.2,73.7,970147
2018-06-12,73.6,73.6,73.9,72.9,73.9,1173499
2018-06-13,72.6,72.6,73.6,72.6,73.6,912758
2018-06-14,71.3,71.3,72.7,71.3,72.6,1146724
2018-06-15,71.0,71.0,71.9,70.7,71.5,1451114
2018-06-19,70.4,70.4,72.7,70.4,71.1,1346484
2018-06-20,69.8,69.8,70.9,69.5,70.5,1019910
2018-06-21,70.0,70.0,71.0,69.9,70.1,1101300
2018-06-22,69.6,69.6,69.9,69.2,69.8,857471
2018-06-25,70.2,70.2,71.4,69.9,69.9,637550
2018-06-26,69.7,69.7,70.1,69.4,70.0,1005201
2018-06-27,69.8,69.8,70.4,69.7,70.0,398000
2018-06-28,69.5,69.5,70.3,69.5,70.3,597329
2018-06-29,70.9,70.9,71.7,70.0,70.0,1144850
2018-07-02,70.8,70.8,71.8,70.8,71.1,703533
2018-07-03,70.7,70.7,71.3,70.2,71.0,1090000
2018-07-04,70.0,70.0,70.9,70.0,70.9,1173109
2018-07-05,64.8,64.8,67.0,64.6,67.0,1677540
2018-07-06,66.0,66.0,66.8,64.2,65.0,1259500
2018-07-09,64.6,64.6,65.9,63.3,65.8,2443419
2018-07-10,65.0,65.0,65.3,64.6,65.2,472210
2018-07-11,65.3,65.3,65.3,64.2,65.0,545100
2018-07-12,66.0,66.0,66.0,65.3,65.3,571681
2018-07-13,67.5,67.5,68.0,66.2,66.5,1314000
2018-07-16,68.2,68.2,68.3,67.4,67.9,1523000
2018-07-17,68.4,68.4,68.7,67.7,68.6,854228
2018-07-18,68.1,68.1,69.2,68.0,68.5,979200
2018-07-19,67.1,67.1,68.1,66.9,68.1,926819
2018-07-20,68.2,68.2,68.6,66.9,67.3,778998
2018-07-23,67.4,67.4,69.0,67.2,68.9,658000
2018-07-24,68.5,68.5,68.7,67.2,67.7,811470
2018-07-25,67.8,67.8,68.8,67.8,68.8,495360
2018-07-26,68.6,68.6,68.9,67.8,68.4,916990
2018-07-27,69.5,69.5,69.8,68.4,68.7,1175615
2018-07-30,68.6,68.6,70.3,68.6,70.0,1115122
2018-07-31,67.8,67.8,68.8,67.5,68.6,787050
2018-08-01,67.6,67.6,68.6,67.6,68.6,835471
2018-08-02,67.3,67.3,68.2,67.2,68.2,537750
2018-08-03,68.1,68.1,68.1,67.5,68.0,397050
2018-08-06,68.5,68.5,68.9,68.1,68.1,513421
2018-08-07,68.9,68.9,68.9,68.0,68.5,580423
2018-08-08,69.0,69.0,69.6,68.8,69.2,1056250
2018-08-09,68.0,68.0,69.2,68.0,68.5,877000
2018-08-10,62.5,62.5,65.9,62.3,65.3,4894536
2018-08-13,56.3,56.3,61.2,56.3,61.2,5902000
2018-08-14,54.2,54.2,56.0,53.5,55.4,3822857
2018-08-15,54.0,54.0,54.4,52.2,53.8,2552142
2018-08-16,52.2,52.2,53.4,52.2,53.0,2454819
2018-08-17,52.1,52.1,52.8,51.4,52.4,3336117
2018-08-20,54.2,54.2,54.9,52.6,52.6,3177671
2018-08-21,53.6,53.6,54.2,53.6,54.0,1743502
2018-08-22,53.8,53.8,54.2,53.6,53.6,1200500
2018-08-23,54.9,54.9,55.0,53.8,53.8,1376300
2018-08-24,53.5,53.5,54.7,53.1,54.7,1114500
2018-08-27,54.0,54.0,54.6,53.6,53.6,829350
2018-08-28,53.7,53.7,54.5,53.7,54.4,1097533
2018-08-29,54.4,54.4,54.4,53.7,53.7,633500
2018-08-30,54.5,54.5,54.9,54.0,54.2,690501
2018-08-31,54.0,54.0,54.5,53.8,54.5,545030
2018-09-03,52.3,52.3,53.5,51.7,53.5,1317461
2018-09-04,52.0,52.0,52.3,51.5,52.1,1130450
2018-09-05,52.8,52.8,53.5,52.0,52.1,1185300
2018-09-06,51.8,51.8,52.7,51.8,52.6,2238500
2018-09-07,50.9,50.9,51.5,50.0,51.5,1406900
2018-09-10,49.0,49.0,50.7,49.0,50.6,1418026
2018-09-11,49.4,49.4,49.85,48.55,49.4,844300
2018-09-12,51.7,51.7,52.8,51.5,52.8,3163750
2018-09-13,51.2,51.2,52.3,51.2,51.8,1446053
2018-09-14,52.0,52.0,52.3,51.2,52.0,1343892
2018-09-17,52.3,52.3,52.5,51.3,51.8,982355
2018-09-18,51.4,51.4,52.0,51.3,51.6,1012300
2018-09-19,50.5,50.5,51.5,50.1,51.4,1567800
2018-09-20,50.3,50.3,50.9,50.0,50.9,1302300
2018-09-21,51.6,51.6,51.6,50.7,51.0,1532999
2018-09-25,50.7,50.7,51.6,50.5,51.6,1312678
2018-09-26,49.85,49.85,50.9,49.8,50.5,1797805
2018-09-27,50.0,50.0,50.3,49.5,49.8,876020
2018-09-28,50.0,50.0,51.3,50.0,50.3,1485100
2018-10-01,50.3,50.3,50.5,49.9,50.0,797107
2018-10-02,50.1,50.1,50.5,50.0,50.5,888991
2018-10-03,49.5,49.5,50.2,49.0,50.1,1518000
2018-10-04,49.4,49.4,49.55,49.15,49.5,535980
2018-10-05,48.5,48.5,49.5,48.4,49.5,2560644
2018-10-08,47.5,47.5,48.1,47.5,48.0,1235106
2018-10-09,47.5,47.5,47.5,46.4,47.5,967049
2018-10-11,43.05,43.05,45.2,43.0,45.0,2072283
2018-10-12,45.05,45.05,45.95,43.0,43.05,1584001
2018-10-15,45.4,45.4,45.5,44.65,45.0,1438100
2018-10-16,45.85,45.85,46.2,45.2,45.4,2398053
2018-10-17,46.2,46.2,46.8,46.15,46.3,733508
2018-10-18,47.2,47.2,47.3,46.2,46.2,529450
2018-10-19,49.9,49.9,49.9,46.25,46.7,1717969
2018-10-22,49.05,49.05,49.75,48.9,49.55,1539694
2018-10-23,49.0,49.0,49.95,48.4,49.1,770500
2018-10-24,49.7,49.7,50.6,48.3,49.3,1194464
2018-10-25,48.65,48.65,49.9,48.0,48.0,783500
2018-10-26,48.75,48.75,49.9,47.3,49.15,727618
2018-10-29,47.5,47.5,49.4,47.5,48.85,948030
2018-10-30,47.8,47.8,48.05,46.1,47.4,615516
2018-10-31,49.3,49.3,49.3,48.0,48.0,660958
2018-11-01,50.2,50.2,50.3,49.3,49.4,826938
2018-11-02,51.0,51.0,51.8,50.3,50.6,933310
2018-11-05,51.3,51.3,51.5,50.5,50.7,671200
2018-11-06,49.85,49.85,51.9,49.6,51.2,593092
2018-11-07,50.7,50.7,50.8,49.6,50.2,620331
2018-11-08,51.4,51.4,51.7,50.2,50.7,1023850
2018-11-09,52.9,52.9,53.1,51.8,52.1,2121615
2018-11-12,53.9,53.9,54.7,53.2,53.8,2243180
2018-11-13,53.1,53.1,53.5,51.6,52.5,1408002
2018-11-14,52.2,52.2,53.5,52.0,53.1,921149
2018-11-15,52.3,52.3,52.9,51.7,52.2,574000
2018-11-16,53.4,53.4,53.6,52.7,53.1,814929
2018-11-19,55.0,55.0,55.7,53.5,53.6,2567550
2018-11-20,60.5,60.5,60.5,55.0,56.0,10317970
2018-11-21,63.6,63.6,65.8,60.7,61.1,20145756
2018-11-22,62.4,62.4,67.4,60.8,65.1,15650412
2018-11-23,60.2,60.2,64.6,59.6,63.4,10675205
2018-11-26,64.0,64.0,64.1,60.5,61.5,10498323
2018-11-27,63.1,63.1,63.8,62.8,63.2,5050360
2018-11-28,63.0,63.0,65.0,63.0,63.8,4782800
2018-11-29,62.5,62.5,64.1,62.5,64.0,4201480
2018-11-30,62.6,62.6,65.1,62.6,63.5,5236322
2018-12-03,63.6,63.6,64.8,63.1,64.0,5187610
2018-12-04,65.0,65.0,67.6,63.3,64.0,9900285
2018-12-05,64.5,64.5,65.4,63.6,64.0,4267795
2018-12-06,60.5,60.5,65.0,60.2,64.0,4671550
2018-12-07,64.6,64.6,65.2,62.0,62.6,7646599
2018-12-10,65.0,65.0,66.3,63.2,63.6,6140636
2018-12-11,65.2,65.2,66.9,64.8,65.0,6483306
2018-12-12,65.1,65.1,66.7,65.0,66.7,3835009
2018-12-13,68.2,68.2,69.6,65.3,65.9,12918710
2018-12-14,67.8,67.8,68.2,66.5,68.2,4532630
2018-12-17,65.7,65.7,68.4,65.2,67.8,3953965
2018-12-18,63.2,63.2,65.5,63.0,65.0,4311167
2018-12-19,63.0,63.0,64.5,62.2,63.9,3137190
2018-12-20,61.2,61.2,62.5,60.0,62.0,4468703
2018-12-21,61.6,61.6,62.9,60.8,61.3,3560144
2018-12-24,65.5,65.5,65.9,62.3,62.7,7651130
2018-12-25,63.3,63.3,64.6,63.1,64.0,3795950
2018-12-26,61.7,61.7,64.3,61.6,64.1,2709557
2018-12-27,63.7,63.7,65.2,62.8,63.1,4559349
2018-12-28,64.2,64.2,64.4,63.3,63.7,2323953
2019-01-02,64.9,64.9,67.0,64.9,66.0,4799498
2019-01-03,65.4,65.4,66.8,64.5,64.5,3420485
2019-01-04,66.2,66.2,67.0,63.4,65.0,5332770
2019-01-07,66.3,66.3,68.0,66.2,67.8,4780200
2019-01-08,66.2,66.2,67.4,65.9,66.8,5676424
2019-01-09,64.8,64.8,66.8,64.6,66.5,4293941
2019-01-10,65.8,65.8,65.8,64.6,64.6,1634200
2019-01-11,64.9,64.9,66.3,64.6,66.0,1807050
2019-01-14,63.7,63.7,65.3,63.1,65.3,3140076
2019-01-15,64.5,64.5,65.5,63.8,64.1,3170217
2019-01-16,65.8,65.8,66.5,64.3,65.0,4814638
2019-01-17,64.3,64.3,66.4,64.3,66.2,3476180
2019-01-18,63.8,63.8,64.5,63.4,64.0,2544500
2019-01-21,63.5,63.5,64.4,63.3,64.3,1346055
2019-01-22,62.8,62.8,64.2,62.2,64.0,2269014
2019-01-23,62.9,62.9,63.4,62.2,62.8,1598750
2019-01-24,63.5,63.5,63.6,62.8,63.3,970145
2019-01-25,64.2,64.2,64.6,63.6,64.0,2102953
2019-01-28,64.5,64.5,65.2,64.2,64.3,2844506
2019-01-29,64.1,64.1,64.4,63.6,64.4,1101350
2019-01-30,63.6,63.6,65.1,63.6,64.0,2716261
2019-02-11,64.3,64.3,64.5,63.6,64.4,1552532
2019-02-12,65.2,65.2,65.9,64.5,64.7,3053622
2019-02-13,65.0,65.0,66.6,65.0,65.9,3364250
2019-02-14,63.5,63.5,64.4,63.3,64.0,4030300
2019-02-15,61.4,61.4,63.8,60.7,63.5,6414860
2019-02-18,61.4,61.4,61.7,60.9,61.4,1637200
2019-02-19,62.2,62.2,62.4,61.5,61.5,1562161
2019-02-20,63.0,63.0,63.0,62.1,62.5,2235254
2019-02-21,62.4,62.4,63.6,62.4,63.5,1750690
2019-02-22,62.1,62.1,62.8,61.8,62.3,1495270
2019-02-25,63.0,63.0,63.9,63.0,63.3,2862703
2019-02-26,63.1,63.1,63.7,63.0,63.5,1832200
2019-02-27,65.5,65.5,65.9,63.4,63.4,11356900
2019-03-04,69.2,69.2,69.2,66.5,67.0,12805021
2019-03-05,67.9,67.9,69.2,67.6,68.8,6321392
2019-03-06,69.6,69.6,71.2,68.2,68.2,11781618
2019-03-07,66.8,66.8,69.3,66.4,69.0,6701303
2019-03-08,65.9,65.9,67.0,64.8,66.0,4493469
2019-03-11,65.9,65.9,67.0,65.6,66.0,2678421
2019-03-12,65.9,65.9,67.1,65.8,66.8,2618579
2019-03-13,65.9,65.9,66.5,65.8,66.0,1740538
2019-03-14,66.3,66.3,66.8,66.2,66.5,1408251
2019-03-15,66.9,66.9,66.9,66.2,66.6,2082550
2019-03-18,68.6,68.6,69.5,67.3,67.4,6090707
2019-03-19,68.9,68.9,70.9,68.7,69.5,7020290
2019-03-20,68.6,68.6,69.9,68.3,69.5,2449914
2019-03-21,68.9,68.9,69.6,68.5,68.8,2474699
2019-03-22,67.6,67.6,69.4,67.3,69.0,3405663
2019-03-25,67.2,67.2,67.5,66.0,66.1,2124021
2019-03-26,67.3,67.3,68.2,67.2,67.7,2258879
2019-03-27,68.6,68.6,68.8,67.3,67.6,2790157
2019-03-28,68.0,68.0,68.5,67.5,68.0,1849657
2019-03-29,67.5,67.5,68.2,67.3,68.1,2077516
2019-04-01,68.9,68.9,69.2,68.1,68.5,3026865
2019-04-02,68.2,68.2,70.3,68.1,69.2,4511001
2019-04-03,67.7,67.7,68.4,67.5,68.3,2790875
2019-04-08,68.8,68.8,68.8,67.8,68.0,2422668
2019-04-09,68.2,68.2,69.2,68.1,68.7,1876630
2019-04-10,68.9,68.9,69.0,67.8,68.0,1740495
2019-04-11,67.7,67.7,69.5,67.5,69.4,2144460
2019-04-12,67.1,67.1,68.1,67.0,67.8,1798688
2019-04-15,67.6,67.6,68.3,67.5,67.8,1899091
2019-04-16,68.4,68.4,68.6,67.2,67.6,2291868
2019-04-17,67.9,67.9,69.2,67.7,68.8,2129170
2019-04-18,67.1,67.1,68.4,67.1,68.2,2126464
2019-04-19,67.7,67.7,68.0,67.2,67.5,858045
2019-04-22,72.5,72.5,73.3,68.1,68.1,16219347
2019-04-23,70.8,70.8,73.2,70.5,73.0,7180800
2019-04-24,71.3,71.3,72.4,70.7,71.5,3976374
2019-04-25,71.3,71.3,71.9,70.8,71.0,1712765
2019-04-26,69.1,69.1,72.0,68.3,71.3,6037505
2019-04-29,67.7,67.7,69.4,67.1,69.4,2660361
2019-04-30,68.0,68.0,68.6,67.2,67.7,2271150
2019-05-02,68.5,68.5,68.5,67.4,67.9,931163
2019-05-03,69.3,69.3,69.4,68.2,68.2,1628807
2019-05-06,67.1,67.1,68.0,67.0,68.0,2143730
2019-05-07,67.3,67.3,68.3,67.2,67.5,959100
2019-05-08,66.7,66.7,67.0,65.8,66.1,1576989
2019-05-09,64.0,64.0,67.0,64.0,66.8,3033190
2019-05-10,63.9,63.9,65.4,63.0,64.1,1521046
2019-05-13,64.8,64.8,66.8,64.6,65.4,3064514
2019-05-14,64.8,64.8,64.8,61.6,63.0,2713210
2019-05-15,64.9,64.9,65.4,64.1,65.1,1279520
2019-05-16,65.0,65.0,65.5,64.1,64.9,1051710
2019-05-17,63.2,63.2,65.7,63.1,65.5,1527619
2019-05-20,62.5,62.5,63.5,62.3,63.2,897990
2019-05-21,64.7,64.7,64.7,62.0,62.0,1080314
2019-05-22,64.7,64.7,65.3,64.5,65.0,842200
2019-05-23,63.3,63.3,64.5,63.2,64.5,868561
2019-05-24,63.5,63.5,64.2,63.3,63.5,578384
2019-05-27,64.2,64.2,64.4,63.4,64.2,399671
2019-05-28,63.5,63.5,64.7,63.5,64.7,664167
2019-05-29,64.3,64.3,64.3,63.1,63.3,955802
2019-05-30,65.5,65.5,65.5,64.0,64.1,1077439
2019-05-31,65.8,65.8,66.4,64.8,65.6,1317460
2019-06-03,65.1,65.1,65.4,64.0,65.3,1044092
2019-06-04,65.4,65.4,65.8,65.1,65.4,519054
2019-06-05,65.6,65.6,66.1,65.5,66.0,472327
2019-06-06,65.8,65.8,66.2,65.3,65.5,693978
2019-06-10,67.7,67.7,67.7,66.2,66.5,1877000
2019-06-11,66.8,66.8,67.9,66.7,67.9,1137226
2019-06-12,66.7,66.7,67.3,66.6,66.8,752169
2019-06-13,67.3,67.3,67.9,66.9,66.9,1303275
2019-06-14,67.0,67.0,67.7,67.0,67.5,655260
2019-06-17,66.6,66.6,67.4,66.6,67.2,486361
2019-06-18,67.4,67.4,67.4,66.6,67.0,665285
2019-06-19,67.9,67.9,68.3,67.4,68.0,1151750
2019-06-20,68.6,68.6,69.0,67.9,68.2,1291900
2019-06-21,67.0,67.0,69.9,67.0,69.2,2061104
2019-06-24,67.7,67.7,67.7,66.6,67.3,613205
2019-06-25,67.0,67.0,68.9,66.8,68.2,2431500
2019-06-26,67.0,67.0,67.4,66.6,67.0,785154
2019-06-27,68.0,68.0,68.2,67.2,67.4,1489331
2019-06-28,67.3,67.3,68.1,67.3,68.0,646000
2019-07-01,68.4,68.4,69.0,68.2,68.6,2393519
2019-07-02,67.9,67.9,68.7,67.7,68.7,1374750
2019-07-03,67.6,67.6,68.4,67.4,68.2,1798338
2019-07-04,66.0,66.0,66.2,65.6,65.9,1331654
2019-07-05,67.3,67.3,67.8,66.1,66.8,2413153
2019-07-08,68.0,68.0,68.0,66.6,67.3,1333379
2019-07-09,67.7,67.7,68.5,67.4,68.0,1238386
2019-07-10,67.6,67.6,67.8,67.3,67.8,640466
2019-07-11,67.7,67.7,68.0,67.2,67.6,767000
2019-07-12,68.7,68.7,69.7,67.8,68.0,3392144
2019-07-15,68.7,68.7,69.2,68.3,69.0,963887
2019-07-16,68.3,68.3,69.0,68.1,69.0,1314646
2019-07-17,67.7,67.7,68.2,67.6,68.1,763500
2019-07-18,67.4,67.4,68.1,67.3,67.7,601613
2019-07-19,68.0,68.0,68.4,67.6,67.7,1223766
2019-07-22,70.5,70.5,70.8,67.9,68.0,5875595
2019-07-23,69.9,69.9,72.5,69.9,71.0,5589290
2019-07-24,71.1,71.1,71.7,69.9,70.4,3629946
2019-07-25,73.3,73.3,73.8,71.3,72.0,7256281
2019-07-26,77.1,77.1,78.0,73.4,73.4,12556395
2019-07-29,75.3,75.3,79.0,75.3,78.0,6987898
2019-07-30,74.0,74.0,76.3,73.5,75.9,4630009
2019-07-31,74.2,74.2,75.9,74.0,74.9,4054794
2019-08-01,74.9,74.9,75.1,72.8,73.6,2435941
2019-08-02,73.3,73.3,74.2,72.7,74.0,3117674
2019-08-05,73.5,73.5,74.5,73.0,73.3,2012548
2019-08-06,75.1,75.1,75.2,71.0,72.0,3975323
2019-08-07,76.4,76.4,77.6,75.2,76.0,7181668
2019-08-08,77.3,77.3,77.3,75.8,76.0,3275684
2019-08-12,76.3,76.3,78.6,76.2,77.6,3927766
2019-08-13,76.3,76.3,77.8,75.5,76.1,2268332
2019-08-14,80.8,80.8,81.5,78.5,78.7,13617589
2019-08-15,81.5,81.5,81.7,79.5,80.5,8676483
2019-08-16,81.0,81.0,83.4,80.8,82.2,7619492
2019-08-19,81.9,81.9,83.5,81.8,82.2,4836792
2019-08-20,82.5,82.5,84.7,82.1,82.8,8087814
2019-08-21,82.8,82.8,83.6,82.3,83.0,2635353
2019-08-22,82.2,82.2,84.2,82.2,83.5,3335206
2019-08-23,81.0,81.0,83.6,80.9,83.0,3856074
2019-08-26,79.0,79.0,80.5,78.8,79.8,4266570
2019-08-27,83.0,83.0,84.5,81.0,81.0,12802982
2019-08-28,84.0,84.0,85.5,83.0,83.6,8546805
2019-08-29,82.8,82.8,84.3,82.4,83.5,4430054
2019-08-30,82.5,82.5,84.0,82.0,84.0,3280756
2019-09-02,82.0,82.0,82.6,81.5,82.5,2644713
2019-09-03,80.9,80.9,82.7,80.8,81.6,3634216
2019-09-04,81.7,81.7,81.9,80.6,80.9,3082412
2019-09-05,82.5,82.5,82.5,81.0,82.0,3106819
2019-09-06,81.8,81.8,83.2,81.7,83.0,2334637
2019-09-09,77.2,77.2,80.5,76.6,80.5,10058565
2019-09-10,78.1,78.1,78.3,77.1,77.2,2880553
2019-09-11,78.6,78.6,78.9,78.1,78.1,1892532
2019-09-12,78.1,78.1,79.4,78.0,78.9,1563360
2019-09-16,78.2,78.2,78.6,77.2,78.0,1060452
2019-09-17,78.2,78.2,79.3,78.2,78.3,1639878
2019-09-18,77.5,77.5,78.0,77.0,78.0,3706800
2019-09-19,78.2,78.2,78.7,77.7,77.9,1632736
2019-09-20,78.2,78.2,78.8,78.2,78.6,1197710
2019-09-23,79.0,79.0,79.3,78.2,78.2,1132800
2019-09-24,78.8,78.8,79.2,78.6,79.0,1031400
2019-09-25,78.9,78.9,79.4,78.5,79.1,1386136
2019-09-26,80.4,80.4,81.9,79.1,79.5,4975264
2019-09-27,79.0,79.0,81.0,78.6,80.6,3105320
2019-10-01,80.5,80.5,80.7,79.0,79.0,1863995
2019-10-02,80.7,80.7,81.0,79.9,80.3,1258933
2019-10-03,79.9,79.9,80.3,79.4,80.0,1331100
2019-10-04,80.7,80.7,81.5,80.2,80.2,2369495
2019-10-07,82.4,82.4,83.3,81.5,82.1,6439714
2019-10-08,81.0,81.0,82.8,81.0,82.5,2776054
2019-10-09,82.5,82.5,83.2,80.2,80.3,3626673
2019-10-14,82.8,82.8,84.0,82.6,84.0,3164732
2019-10-15,82.1,82.1,83.4,82.1,82.5,1926886
2019-10-16,81.1,81.1,82.8,80.9,82.2,2264642
2019-10-17,81.5,81.5,81.5,80.6,80.8,1157750
2019-10-18,82.7,82.7,82.7,81.2,81.2,3078034
2019-10-21,81.9,81.9,83.0,81.8,82.9,1341726
2019-10-22,82.3,82.3,82.7,81.9,82.3,1611177
2019-10-23,81.9,81.9,84.9,81.7,83.5,7796600
2019-10-24,82.1,82.1,82.5,81.4,81.7,1373128
2019-10-25,81.5,81.5,82.3,81.3,82.2,1407883
2019-10-28,81.2,81.2,82.0,81.2,81.8,912180
2019-10-29,79.9,79.9,82.1,79.7,82.1,2802624
2019-10-30,81.2,81.2,81.6,79.8,80.0,1578139
2019-10-31,80.3,80.3,81.3,80.0,80.9,1313268
2019-11-01,79.0,79.0,80.2,79.0,80.2,1760952
2019-11-04,79.2,79.2,79.8,79.1,79.1,951932
2019-11-05,79.7,79.7,80.6,79.2,79.3,1366507
2019-11-06,79.2,79.2,80.1,79.2,80.0,1185249
2019-11-07,77.9,77.9,79.0,77.2,79.0,2378302
2019-11-08,77.7,77.7,78.3,77.7,77.7,1406355
2019-11-11,75.2,75.2,77.4,75.2,77.2,2741755
2019-11-12,77.7,77.7,78.1,75.2,75.2,2587199
2019-11-13,77.2,77.2,78.3,77.1,77.5,1040800
2019-11-14,77.1,77.1,77.7,77.0,77.2,574421
2019-11-20,78.2,78.2,78.3,77.6,78.1,708806
2019-11-21,77.5,77.5,77.8,77.2,77.7,477268
2019-11-22,77.4,77.4,78.2,77.0,77.5,634872
2019-11-25,76.4,76.4,77.8,76.4,77.4,1075338
2019-11-26,76.9,76.9,77.1,76.3,76.6,1225051
2019-11-27,77.5,77.5,77.6,76.6,76.9,742470
2019-11-28,76.8,76.8,77.7,76.8,77.7,840780
2019-11-29,75.7,75.7,77.2,75.7,77.2,985192
2019-12-02,74.8,74.8,75.5,74.8,75.5,1096859
2019-12-03,75.1,75.1,75.3,74.6,74.9,800493
2019-12-04,74.6,74.6,75.4,74.5,74.6,667077
2019-12-05,76.2,76.2,76.3,75.0,75.0,1028234
2019-12-06,75.0,75.0,76.2,75.0,76.2,1269300
2019-12-09,74.0,74.0,75.7,74.0,75.5,1533127
2019-12-10,74.9,74.9,75.6,73.6,74.2,1554638
2019-12-11,75.4,75.4,75.9,75.2,75.6,718600
2019-12-12,75.3,75.3,76.3,75.1,76.0,1059283
2019-12-13,76.7,76.7,77.0,75.5,76.1,2435392
2019-12-16,76.5,76.5,77.1,75.9,76.4,1325022
2019-12-17,76.6,76.6,77.3,76.3,76.3,1060550
2019-12-18,77.2,77.2,77.3,76.7,76.9,761715
2019-12-19,76.2,76.2,77.5,76.2,77.3,677744
2019-12-20,77.5,77.5,77.5,76.5,76.5,1300710
2019-12-23,76.5,76.5,77.7,76.5,77.6,543130
2019-12-24,76.3,76.3,76.8,75.9,76.7,541309
2019-12-25,76.7,76.7,76.9,76.4,76.4,306836
2019-12-26,76.4,76.4,76.9,76.2,76.7,198000
2019-12-27,76.8,76.8,77.3,76.5,76.6,550870
2019-12-30,77.7,77.7,77.7,77.0,77.0,1010970
2019-12-31,77.7,77.7,77.7,76.9,77.0,695714
2020-01-02,78.2,78.2,78.8,77.9,78.0,1513500
2020-01-03,77.0,77.0,79.0,77.0,78.9,1152500
2020-01-06,75.6,75.6,77.0,75.6,77.0,751050
2020-01-07,74.4,74.4,76.1,74.3,75.8,1249801
2020-01-08,74.3,74.3,75.3,74.3,74.6,1032700
2020-01-09,74.7,74.7,75.4,74.5,74.9,743152
2020-01-10,75.3,75.3,75.7,75.0,75.0,505500
2020-01-13,76.3,76.3,76.4,75.8,76.0,667255
2020-01-14,76.2,76.2,76.7,76.2,76.7,525482
2020-01-15,76.5,76.5,76.8,76.1,76.2,443264
2020-01-16,76.9,76.9,77.1,76.2,76.2,675489
2020-01-17,77.5,77.5,78.8,77.3,77.4,2011177
2020-01-20,78.2,78.2,78.3,77.5,77.8,1097756
2020-01-30,73.3,73.3,74.1,72.8,74.0,2700760
2020-01-31,74.3,74.3,74.4,73.1,73.4,1302430
2020-02-03,71.5,71.5,71.8,70.0,71.3,1385174
2020-02-04,73.5,73.5,74.5,72.9,73.0,1326823
2020-02-05,74.0,74.0,74.7,73.8,74.5,1231505
2020-02-06,74.9,74.9,75.4,74.8,74.8,1112357
2020-02-07,73.3,73.3,74.5,73.3,74.5,1457250
2020-02-10,74.4,74.4,74.5,72.4,72.8,1161188
2020-02-11,74.7,74.7,75.0,74.4,74.5,639081
2020-02-12,74.5,74.5,75.5,74.5,74.7,1105400
2020-02-13,75.7,75.7,76.4,74.8,75.0,1481636
2020-02-14,76.0,76.0,76.5,75.6,75.7,793928
2020-02-17,76.0,76.0,76.3,75.0,75.6,719400
2020-02-18,75.7,75.7,76.3,75.1,76.0,1021985
2020-02-19,76.9,76.9,77.0,75.5,75.7,1262649
2020-02-20,77.1,77.1,77.6,76.8,77.0,1276351
2020-02-21,77.0,77.0,77.7,76.7,77.5,900453
2020-02-24,77.2,77.2,77.3,75.5,76.2,865511
2020-02-25,75.9,75.9,77.0,75.7,76.0,1286501
2020-02-26,75.3,75.3,75.8,74.6,75.1,919849
2020-02-27,73.8,73.8,75.3,73.1,75.3,1140359
2020-03-02,71.3,71.3,73.0,71.2,73.0,1988187
2020-03-03,71.7,71.7,72.9,71.3,72.8,1804318
2020-03-04,71.4,71.4,71.6,70.8,71.4,1057000
2020-03-05,72.7,72.7,72.7,71.9,72.0,1164312
2020-03-06,72.7,72.7,73.2,72.3,72.6,1490742
2020-03-09,70.5,70.5,72.3,70.5,72.2,1784102
2020-03-10,71.8,71.8,71.8,68.6,69.3,1214303
2020-03-11,72.3,72.3,73.4,72.0,72.5,1473312
2020-03-12,66.9,66.9,72.0,66.6,72.0,2677787
2020-03-13,62.3,62.3,62.5,60.3,61.0,3887100
2020-03-16,62.2,62.2,63.3,61.4,62.5,1519200
2020-03-17,61.3,61.3,61.7,59.4,60.1,2407800
2020-03-18,59.3,59.3,61.6,59.3,61.4,2028550
2020-03-19,56.8,56.8,59.3,53.9,59.3,2870512
2020-03-20,60.6,60.6,61.3,57.5,57.5,2327626
2020-03-23,58.8,58.8,59.8,58.0,59.1,862008
2020-03-24,60.7,60.7,61.4,59.9,60.0,917530
2020-03-25,61.8,61.8,62.6,61.5,62.0,1534438
2020-03-26,62.8,62.8,63.0,61.4,62.0,986339
2020-03-27,62.5,62.5,64.0,62.3,63.1,1593350
2020-03-30,62.7,62.7,62.7,61.1,62.0,763142
2020-03-31,62.8,62.8,63.4,62.5,62.7,1213897
2020-04-01,64.6,64.6,64.6,62.8,63.4,1273359
2020-04-07,67.4,67.4,67.4,65.3,66.0,1306553
2020-04-08,67.8,67.8,68.2,67.2,67.7,1270785
2020-04-09,67.7,67.7,68.7,67.5,68.3,958768
2020-04-10,68.1,68.1,68.3,67.6,68.1,494149
2020-04-13,68.3,68.3,68.8,67.6,67.9,557403
2020-04-14,69.1,69.1,69.3,68.5,68.5,794168
2020-04-15,70.2,70.2,71.0,69.4,69.6,1144407
2020-04-16,70.7,70.7,71.2,69.8,69.9,578600
2020-04-17,70.5,70.5,71.9,70.5,71.8,1084085
2020-04-20,71.6,71.6,71.6,70.2,70.2,634828
2020-04-21,69.0,69.0,71.5,68.9,71.5,1511600
2020-04-22,69.6,69.6,70.0,68.0,68.5,501500
2020-04-23,70.0,70.0,70.6,69.9,70.0,642010
2020-04-24,70.0,70.0,70.5,70.0,70.1,476100
2020-04-27,73.1,73.1,73.7,70.7,70.7,2068340
2020-04-28,74.2,74.2,74.7,73.4,73.6,1294952
2020-04-29,74.5,74.5,75.1,74.2,74.4,866318
2020-05-04,73.5,73.5,74.4,72.9,74.3,2103155
2020-05-05,73.8,73.8,77.2,73.6,75.0,4533365
2020-05-06,73.0,73.0,74.4,73.0,73.9,1671609
2020-05-07,73.3,73.3,74.1,72.0,72.0,995292
2020-05-08,73.3,73.3,74.4,73.1,74.4,1052724
2020-05-11,73.3,73.3,74.3,73.3,74.0,1191200
2020-05-12,72.0,72.0,74.0,71.9,73.1,1563345
2020-05-13,73.6,73.6,73.6,72.0,72.0,716763
2020-05-14,72.2,72.2,73.3,72.0,72.9,659992
2020-05-15,72.1,72.1,73.0,72.0,72.9,538446
2020-05-18,71.4,71.4,73.0,71.0,72.9,859300
2020-05-19,72.0,72.0,72.8,72.0,72.8,477050
2020-05-20,71.9,71.9,72.6,71.7,72.0,487194
2020-05-21,72.6,72.6,73.5,72.0,72.2,568500
2020-05-22,72.4,72.4,73.0,72.1,73.0,498948
2020-05-25,73.6,73.6,74.3,72.4,73.1,1093500
2020-05-26,73.2,73.2,74.5,73.2,74.1,937126
2020-05-27,72.8,72.8,73.7,72.8,73.3,486372
2020-05-28,72.1,72.1,73.5,72.0,73.1,560300
2020-05-29,71.8,71.8,72.1,71.7,72.1,568062
2020-06-01,72.9,72.9,73.0,71.9,72.0,704538
2020-06-02,73.2,73.2,73.7,72.9,73.5,647569
2020-06-03,73.8,73.8,74.0,73.6,73.7,821510
2020-06-04,74.0,74.0,75.0,73.9,74.8,1000100
2020-06-05,76.0,76.0,77.7,76.0,76.1,4264872
2020-06-08,76.7,76.7,77.3,76.4,76.8,2688258
2020-06-09,77.4,77.4,78.5,76.9,77.5,2589359
2020-06-10,77.2,77.2,77.8,77.2,77.5,1954737
2020-06-11,75.6,75.6,77.3,75.6,77.2,2276238
2020-06-12,75.4,75.4,75.5,74.0,74.5,902200
2020-06-15,75.4,75.4,75.9,75.4,75.9,749384
2020-06-16,76.4,76.4,76.4,75.8,76.0,781350
2020-06-17,75.4,75.4,76.9,74.6,76.9,1524325
2020-06-18,77.7,77.7,77.9,74.6,75.2,2325505
2020-06-19,77.1,77.1,78.3,77.1,78.0,3977857
2020-06-22,78.5,78.5,81.7,78.1,79.0,6744170
2020-06-23,78.1,78.1,79.7,78.0,79.5,3570208
2020-06-24,77.9,77.9,78.7,77.8,78.1,1541908
2020-06-29,77.8,77.8,78.4,77.0,77.0,1512341
2020-06-30,78.1,78.1,79.3,77.5,78.2,2377660
2020-07-01,80.0,80.0,80.0,78.9,79.0,2343219
2020-07-02,80.2,80.2,80.9,79.9,80.8,1938800
2020-07-03,81.9,81.9,81.9,80.4,80.4,3282934
2020-07-06,83.6,83.6,84.2,82.8,83.0,3242398
2020-07-07,84.9,84.9,87.5,84.7,87.1,6516988
2020-07-08,86.2,86.2,86.2,84.6,85.0,5305539
2020-07-09,83.3,83.3,86.5,82.6,86.5,5878748
2020-07-10,81.3,81.3,83.3,81.3,83.0,2495692
2020-07-13,82.0,82.0,82.7,81.6,81.6,1448880
2020-07-14,80.6,80.6,81.6,80.3,81.5,2353900
2020-07-15,80.6,80.6,81.8,80.0,81.6,1460812
2020-07-16,80.5,80.5,81.2,80.1,80.7,1510954
2020-07-17,81.7,81.7,82.1,80.8,81.3,1822284
2020-07-20,83.7,83.7,83.7,82.0,82.0,2441000
2020-07-21,82.7,82.7,84.5,82.6,84.0,2987803
2020-07-22,83.1,83.1,83.4,82.7,83.2,1115418
2020-07-23,84.5,84.5,85.0,83.4,83.5,2453530
2020-07-24,83.0,83.0,85.5,82.2,84.9,3442561
2020-07-27,81.3,81.3,84.0,81.3,83.9,2687653
2020-07-28,78.6,78.6,81.7,78.4,81.5,3091017
2020-07-29,78.8,78.8,80.1,78.2,78.2,1518330
2020-07-30,78.9,78.9,79.6,78.8,79.5,1701344
2020-07-31,79.2,79.2,79.2,78.2,79.1,2147323
2020-08-03,79.9,79.9,79.9,79.3,79.3,1146310
2020-08-04,79.4,79.4,80.4,79.2,80.0,1570826
2020-08-05,81.9,81.9,81.9,79.9,80.0,1745291
2020-08-06,83.4,83.4,83.4,81.7,82.0,1930673
2020-08-07,80.9,80.9,82.5,80.4,82.0,2938331
2020-08-10,80.5,80.5,81.2,80.2,80.9,792270
2020-08-11,81.3,81.3,81.8,80.6,81.0,992350
2020-08-12,80.5,80.5,81.8,80.4,81.6,797550
2020-08-13,79.2,79.2,80.8,79.1,80.0,1841666
2020-08-14,79.4,79.4,79.8,78.8,79.1,619528
2020-08-17,79.5,79.5,79.9,78.9,79.9,612830
2020-08-18,78.5,78.5,79.8,78.2,79.8,1213902
2020-08-19,78.6,78.6,79.9,78.3,78.5,1040550
2020-08-20,74.7,74.7,79.6,73.4,79.6,2568808
2020-08-21,76.9,76.9,77.1,75.0,75.0,1539586
2020-08-24,78.3,78.3,78.3,76.6,77.1,1391384
2020-08-25,79.3,79.3,79.7,78.6,78.6,1551588
2020-08-26,79.1,79.1,79.9,78.6,79.4,670200
2020-08-27,79.8,79.8,80.7,79.6,80.0,1409367
2020-08-28,79.0,79.0,80.1,78.6,80.1,864000
2020-08-31,77.8,77.8,79.4,77.8,79.1,926200
2020-09-01,77.9,77.9,78.3,77.2,77.8,618020
2020-09-02,79.3,79.3,79.4,78.3,78.3,1135656
2020-09-03,78.4,78.4,79.9,78.2,79.6,823500
2020-09-04,77.7,77.7,78.0,77.3,78.0,699150
2020-09-07,76.9,76.9,78.1,76.8,77.1,1010528
2020-09-08,76.0,76.0,77.1,76.0,77.0,583600
2020-09-09,75.1,75.1,76.0,74.5,76.0,1286442
2020-09-10,74.4,74.4,75.5,74.3,75.2,878300
2020-09-11,73.9,73.9,74.5,73.8,74.4,519145
2020-09-14,75.4,75.4,75.6,74.1,74.2,479850
2020-09-15,75.1,75.1,75.8,75.1,75.8,304110
2020-09-16,75.2,75.2,77.0,75.2,75.8,1504429
2020-09-17,76.4,76.4,76.5,75.5,75.6,652603
2020-09-18,76.1,76.1,76.6,75.8,76.3,434217
2020-09-21,75.5,75.5,76.0,75.5,75.9,348836
2020-09-22,74.4,74.4,75.4,74.2,75.4,564301
2020-09-23,73.5,73.5,74.7,73.2,74.5,900191
2020-09-24,73.9,73.9,75.6,73.5,73.6,1576167
2020-09-25,71.7,71.7,74.7,71.0,74.3,1415995
2020-09-28,71.9,71.9,72.3,71.7,72.0,448002
2020-09-29,72.1,72.1,72.7,71.8,72.5,350550
2020-09-30,72.4,72.4,72.6,71.6,72.6,269520
2020-10-05,72.5,72.5,73.0,72.2,73.0,225649
2020-10-06,72.8,72.8,72.9,72.5,72.8,314954
2020-10-07,72.9,72.9,72.9,72.5,72.8,209000
2020-10-08,73.4,73.4,74.3,73.2,73.2,813750
2020-10-12,73.1,73.1,73.7,73.1,73.6,382403
2020-10-13,73.0,73.0,73.2,72.6,73.0,425083
2020-10-14,72.7,72.7,73.5,72.7,72.7,519999
2020-10-15,74.5,74.5,75.0,72.7,72.7,892932
2020-10-16,73.9,73.9,75.0,73.7,75.0,519977
2020-10-19,74.9,74.9,75.3,74.2,74.2,751232
2020-10-20,74.9,74.9,75.4,74.5,74.5,550300
2020-10-21,75.8,75.8,76.2,74.9,75.2,1278377
2020-10-22,76.4,76.4,76.4,75.0,75.8,706558
2020-10-23,75.6,75.6,76.2,75.5,75.6,339199
2020-10-26,75.0,75.0,75.9,75.0,75.6,224412
2020-10-27,75.3,75.3,75.3,75.0,75.0,409006
2020-10-28,74.1,74.1,75.3,74.1,75.3,346100
2020-10-29,73.7,73.7,74.0,73.0,74.0,475507
2020-10-30,73.4,73.4,73.8,73.0,73.7,462500
2020-11-02,73.0,73.0,73.4,72.9,73.1,306000
2020-11-03,73.0,73.0,73.6,73.0,73.6,395399
2020-11-04,73.7,73.7,73.8,73.1,73.3,222079
2020-11-05,73.4,73.4,73.9,73.2,73.3,228044
2020-11-06,73.8,73.8,74.6,73.5,73.5,903510
2020-11-09,75.8,75.8,76.2,74.9,74.9,1369922
2020-11-10,76.0,76.0,76.9,75.2,76.1,1843848
2020-11-11,76.2,76.2,77.0,75.6,75.6,915387
2020-11-12,76.9,76.9,77.5,75.9,76.2,2009353
2020-11-13,76.2,76.2,76.5,76.0,76.4,724906
2020-11-16,76.1,76.1,76.8,75.3,76.8,1118520
2020-11-17,76.3,76.3,77.6,76.0,76.5,1208845
2020-11-18,76.4,76.4,77.0,76.1,76.1,528480
2020-11-19,75.6,75.6,76.5,75.5,76.1,657277
2020-11-20,75.3,75.3,75.9,75.2,75.6,490882
2020-11-23,77.9,77.9,78.0,76.1,77.2,2432319
2020-11-24,78.6,78.6,79.0,78.0,78.0,2521483
2020-11-25,77.6,77.6,79.5,77.3,79.0,2098126
2020-11-26,80.5,80.5,80.5,77.5,77.5,4428879
2020-11-27,79.6,79.6,80.5,79.0,80.5,3886862
2020-11-30,79.0,79.0,79.9,78.8,79.8,1599631
2020-12-01,78.4,78.4,79.0,78.0,78.9,1132746
2020-12-02,79.3,79.3,79.7,78.2,78.6,1605813
2020-12-04,78.5,78.5,79.7,78.2,79.5,1264975
2020-12-07,78.6,78.6,79.2,78.3,79.0,1057305
2020-12-08,79.0,79.0,79.9,78.7,79.5,1140048
2020-12-09,81.0,81.0,81.2,79.2,79.4,5151266
2020-12-10,81.7,81.7,83.0,80.3,81.0,5107444
2020-12-11,81.4,81.4,82.4,80.3,82.3,1884912
2020-12-14,80.5,80.5,81.9,80.5,81.9,1135665
2020-12-15,78.8,78.8,81.2,78.8,81.2,1283915
2020-12-16,78.9,78.9,79.8,78.8,79.8,1039133
2020-12-17,78.8,78.8,79.4,78.3,79.1,495581
2020-12-18,78.3,78.3,79.6,78.2,78.8,651570
2020-12-21,77.9,77.9,79.0,77.3,79.0,804397
2020-12-22,77.0,77.0,78.2,77.0,77.9,1052388
2020-12-23,77.1,77.1,77.7,76.8,76.9,684200
2020-12-24,77.5,77.5,78.0,77.3,77.3,422733
2020-12-25,77.8,77.8,78.4,77.5,78.0,533986
2020-12-28,77.9,77.9,78.4,77.5,78.4,642218
2020-12-29,77.9,77.9,78.3,77.7,78.3,534703
2020-12-30,77.6,77.6,78.4,77.5,78.4,608226
2020-12-31,78.0,78.0,78.2,77.6,78.1,617259
2021-01-04,78.9,78.9,78.9,78.2,78.4,1101365
2021-01-05,80.7,80.7,81.0,79.0,79.0,2942643
2021-01-06,79.5,79.5,81.8,78.9,81.7,2854763
2021-01-07,80.0,80.0,81.5,79.6,80.6,2155389
2021-01-08,79.0,79.0,80.6,78.3,80.5,2203297
2021-01-11,78.8,78.8,79.6,78.5,78.6,1814722
2021-01-12,77.1,77.1,79.8,77.0,78.6,2085646
2021-01-13,77.0,77.0,78.0,76.8,77.3,2051297
2021-01-14,76.9,76.9,77.4,76.4,77.0,1535945
2021-01-15,75.2,75.2,77.3,75.2,77.2,1770914
2021-01-18,74.2,74.2,75.4,73.4,75.0,1408562
2021-01-19,73.9,73.9,74.5,73.8,74.1,1118712
2021-01-20,72.0,72.0,74.9,71.8,74.8,2239007
2021-01-21,71.2,71.2,72.7,71.1,72.6,1370817
2021-01-22,73.6,73.6,74.0,71.5,71.5,1483230
2021-01-25,73.9,73.9,74.0,72.6,73.6,1226157
2021-01-26,74.0,74.0,74.4,73.0,73.6,950363
2021-01-27,74.7,74.7,75.3,74.0,74.0,1360633
2021-01-28,75.0,75.0,75.4,73.9,74.6,1119154
2021-01-29,73.4,73.4,75.1,72.9,75.1,896256
2021-02-01,72.6,72.6,73.0,71.7,72.7,509194
2021-02-02,73.2,73.2,73.5,72.9,72.9,377363
2021-02-03,72.8,72.8,73.7,72.8,73.5,491600
2021-02-04,72.0,72.0,73.3,71.9,72.6,636848
2021-02-05,72.1,72.1,72.7,71.9,72.6,719354
2021-02-17,72.6,72.6,73.6,72.3,73.6,921800
2021-02-18,73.7,73.7,74.0,73.0,73.1,1396076
2021-02-19,73.9,73.9,74.2,73.6,73.7,1316330
2021-02-22,74.0,74.0,74.4,73.9,74.1,956400
2021-02-23,73.5,73.5,73.8,72.8,73.8,919455
2021-02-24,73.1,73.1,73.7,73.0,73.2,1219313
2021-02-25,73.4,73.4,73.8,73.1,73.8,727585
2021-02-26,72.8,72.8,73.0,72.6,73.0,1575110
2021-03-02,72.2,72.2,73.4,72.1,73.2,8223499
2021-03-03,71.6,71.6,72.5,71.3,72.5,2023579
2021-03-04,70.7,70.7,71.5,70.6,71.5,1877567
2021-03-05,70.2,70.2,70.4,70.1,70.2,1381355
2021-03-08,71.1,71.1,72.1,71.1,71.4,1741917
2021-03-09,71.3,71.3,71.8,70.3,71.0,2355941
2021-03-10,71.0,71.0,72.1,70.7,71.9,1367489
2021-03-11,71.3,71.3,71.7,71.0,71.0,1674520
2021-03-12,71.5,71.5,71.8,71.2,71.8,1330853
2021-03-15,71.7,71.7,71.7,71.5,71.5,934710
2021-03-16,71.8,71.8,72.1,71.6,71.7,1204703
2021-03-17,71.7,71.7,72.1,71.5,71.8,1152415
2021-03-18,74.4,74.4,74.6,71.8,71.8,8553859
2021-03-19,73.7,73.7,74.1,73.3,74.1,4108600
2021-03-22,73.2,73.2,73.8,72.3,73.8,2677056
2021-03-23,72.9,72.9,73.9,72.8,73.5,2158221
2021-03-24,73.1,73.1,73.3,72.6,72.8,1254461
2021-03-25,73.4,73.4,74.8,73.4,73.6,5239052
2021-03-26,73.2,73.2,74.2,73.1,73.9,1726474
2021-03-29,73.0,73.0,73.7,72.8,73.3,1590090
2021-03-30,73.5,73.5,73.5,72.8,73.0,2315418
2021-03-31,74.1,74.1,74.6,73.6,73.7,4140169
2021-04-01,75.4,75.4,75.5,74.1,74.8,4911215
2021-04-06,75.7,75.7,76.3,75.1,76.2,3878958
2021-04-07,76.1,76.1,76.1,74.7,75.9,2400801
2021-04-08,76.5,76.5,77.6,76.5,77.0,4621911
2021-04-09,76.7,76.7,77.3,76.1,77.1,3037396
2021-04-12,76.5,76.5,77.3,76.2,77.2,3436379
2021-04-13,75.8,75.8,77.8,75.7,77.0,4297624
2021-04-14,75.0,75.0,76.5,73.7,76.0,3103827
2021-04-15,75.5,75.5,75.8,75.1,75.1,1680200
2021-04-16,76.2,76.2,76.9,75.9,75.9,1934368
2021-04-19,75.6,75.6,76.9,75.5,76.9,1747868
2021-04-20,75.5,75.5,75.7,75.1,75.7,1396306
2021-04-21,75.1,75.1,75.4,75.0,75.3,1101202
2021-04-22,73.3,73.3,75.4,73.1,75.2,2703522
2021-04-23,73.3,73.3,73.8,73.1,73.3,1054746
2021-04-26,73.8,73.8,74.0,73.1,73.5,922951
2021-04-27,74.3,74.3,74.5,73.2,73.7,1077742
2021-04-28,75.2,75.2,75.2,74.3,74.7,1434608
2021-04-29,74.1,74.1,75.5,74.1,75.5,1286931
2021-05-03,71.8,71.8,74.1,71.8,74.1,1408289
2021-05-04,69.4,69.4,72.3,68.1,71.8,3105865
2021-05-05,69.8,69.8,70.3,69.5,70.0,1100427
2021-05-06,69.9,69.9,70.5,69.7,70.4,850212
2021-05-07,70.6,70.6,71.1,70.1,71.0,647227
2021-05-10,70.1,70.1,71.3,70.1,70.6,1233335
2021-05-11,66.7,66.7,69.7,66.2,69.7,2565238
2021-05-12,63.3,63.3,66.6,60.7,66.6,2955901
2021-05-13,61.6,61.6,62.8,60.1,61.8,1854923
2021-05-14,63.3,63.3,63.5,62.0,62.2,1557159
2021-05-17,59.8,59.8,62.5,59.1,62.5,2135374
2021-05-18,63.5,63.5,63.6,60.9,61.0,862172
2021-05-19,63.7,63.7,64.3,63.2,63.5,649763
2021-05-20,62.0,62.0,63.7,62.0,63.7,786557
2021-05-21,66.2,66.2,68.2,65.3,68.2,3971652
2021-05-24,64.3,64.3,65.6,63.5,65.5,1911327
2021-05-25,64.8,64.8,65.0,64.2,64.5,886731
2021-05-26,65.0,65.0,65.0,64.2,65.0,531330
2021-05-27,65.2,65.2,65.5,64.7,65.5,932771
2021-05-28,66.0,66.0,66.0,65.5,65.8,780046
2021-05-31,66.5,66.5,66.6,65.8,66.3,691899
2021-06-01,67.4,67.4,67.5,66.6,66.9,592649
2021-06-02,66.4,66.4,67.7,66.2,67.7,969386
2021-06-03,66.2,66.2,67.0,65.9,67.0,887057
2021-06-04,64.6,64.6,66.3,64.5,66.3,1450131
2021-06-07,64.0,64.0,65.0,63.3,65.0,823652
2021-06-08,64.1,64.1,64.6,64.0,64.6,276937
2021-06-09,64.7,64.7,65.4,64.3,64.5,486416
2021-06-10,66.0,66.0,66.7,64.8,64.8,582496
2021-06-11,65.5,65.5,66.5,65.2,66.2,516130
2021-06-15,65.9,65.9,66.5,65.3,66.2,591706
2021-06-16,66.2,66.2,66.7,65.9,66.0,746196
2021-06-17,65.9,65.9,66.6,65.4,66.3,655386
2021-06-18,66.5,66.5,66.9,66.0,66.0,815739
2021-06-21,66.2,66.2,66.5,65.5,66.3,538390
2021-06-22,65.8,65.8,66.8,65.6,66.7,515052
2021-06-23,66.8,66.8,67.5,66.0,66.4,779768
2021-06-24,66.9,66.9,67.5,66.8,67.3,287551
2021-06-25,68.8,68.8,68.8,67.2,67.5,983534
2021-06-28,68.4,68.4,69.2,67.5,69.1,1070486
2021-06-29,68.5,68.5,69.0,68.0,68.7,756904
2021-06-30,68.8,68.8,69.4,68.2,69.4,902193
2021-07-01,67.8,67.8,68.8,67.8,68.8,672340
2021-07-02,68.0,68.0,68.2,67.5,67.5,572297
2021-07-05,68.9,68.9,69.0,68.0,68.2,734224
2021-07-06,68.1,68.1,69.3,68.0,69.2,807057
2021-07-07,67.4,67.4,68.7,67.1,68.5,2316059
2021-07-08,66.9,66.9,68.5,66.5,68.5,1914876
2021-07-09,68.0,68.0,68.0,66.6,66.6,1004061
2021-07-12,68.0,68.0,68.4,67.5,68.4,907771
2021-07-13,69.1,69.1,69.5,68.1,68.1,1934437
2021-07-14,70.0,70.0,70.7,69.3,69.7,1664421
2021-07-15,69.2,69.2,70.3,69.2,70.3,1706906
2021-07-16,67.6,67.6,67.8,66.6,67.2,902002
2021-07-19,67.6,67.6,67.8,67.1,67.1,568549
2021-07-20,66.9,66.9,67.2,66.7,67.2,495115
2021-07-21,66.3,66.3,67.1,66.2,67.0,746884
2021-07-22,67.0,67.0,67.5,66.7,66.8,398720
2021-07-23,66.8,66.8,67.7,66.6,67.7,329803
2021-07-26,66.7,66.7,66.9,66.5,66.9,502939
2021-07-27,67.3,67.3,68.3,66.6,67.4,796913
2021-07-28,66.0,66.0,67.5,65.8,67.5,614530
2021-07-29,65.7,65.7,66.6,65.5,66.6,561450
2021-07-30,64.9,64.9,65.6,64.7,65.5,1053935
2021-08-02,65.5,65.5,65.6,64.9,65.5,499195
2021-08-03,65.6,65.6,65.9,65.2,65.2,389568
2021-08-04,65.8,65.8,65.9,65.1,65.6,381428
2021-08-05,65.6,65.6,65.8,65.3,65.4,279560
2021-08-06,65.1,65.1,65.6,65.0,65.6,390640
2021-08-09,64.7,64.7,65.6,64.2,65.6,667780
2021-08-10,63.8,63.8,64.9,63.7,64.9,651433
2021-08-11,63.9,63.9,65.0,63.3,64.0,733711
2021-08-12,63.0,63.0,64.2,63.0,64.1,669879
2021-08-13,61.1,61.1,63.4,61.0,63.4,1057924
2021-08-16,61.2,61.2,61.5,60.4,61.0,672511
2021-08-17,61.2,61.2,62.0,60.7,61.3,452955
2021-08-18,63.6,63.6,64.0,60.9,62.0,933824
2021-08-19,62.4,62.4,63.6,62.1,63.6,583096
2021-08-20,62.3,62.3,63.0,61.9,62.2,596639
2021-08-23,63.7,63.7,64.0,62.6,62.8,611290
2021-08-24,64.4,64.4,64.8,63.9,64.0,686420
2021-08-25,66.8,66.8,67.4,64.4,64.4,1582308
2021-08-26,66.0,66.0,67.0,64.9,66.8,1262443
2021-08-27,65.5,65.5,65.7,65.2,65.6,228436
2021-08-30,65.3,65.3,66.8,65.2,66.8,131761
2021-08-31,65.1,65.1,65.5,65.0,65.3,258405
2021-09-01,65.9,65.9,66.7,65.6,66.7,207034
2021-09-02,65.1,65.1,66.1,65.0,66.0,241046
2021-09-03,65.9,65.9,66.2,65.1,65.1,416003
2021-09-06,65.1,65.1,66.3,65.1,66.3,246068
2021-09-07,65.5,65.5,66.6,65.4,65.8,534641
2021-09-08,66.0,66.0,66.5,65.7,66.5,963606
2021-09-09,67.2,67.2,67.4,65.7,65.8,897338
2021-09-10,67.3,67.3,67.7,67.0,67.7,447255
2021-09-13,66.3,66.3,67.7,66.0,67.7,376243
2021-09-14,65.7,65.7,66.5,65.6,66.0,458027
2021-09-15,64.3,64.3,65.4,64.3,65.1,610038
2021-09-16,63.1,63.1,64.6,62.9,64.3,926246
2021-09-17,63.8,63.8,64.2,63.5,63.7,324845
2021-09-22,63.4,63.4,63.8,62.7,63.5,689587
2021-09-23,63.7,63.7,63.9,63.3,63.6,306647
2021-09-24,63.9,63.9,64.7,63.8,64.0,282192
2021-09-27,63.3,63.3,64.0,63.1,63.1,412980
2021-09-28,63.1,63.1,63.5,63.0,63.3,259532
2021-09-29,62.3,62.3,63.0,62.2,63.0,337829
2021-09-30,62.2,62.2,62.7,62.0,62.3,544213
2021-10-01,61.0,61.0,62.1,61.0,62.1,674526
2021-10-04,60.8,60.8,61.5,60.8,61.0,251602
2021-10-05,60.7,60.7,60.8,59.7,60.0,1203697
2021-10-06,60.1,60.1,61.2,60.1,61.2,423295
2021-10-07,62.1,62.1,62.4,60.6,60.6,734763
2021-10-08,62.3,62.3,62.5,62.1,62.2,236369
2021-10-12,61.3,61.3,62.3,61.3,62.3,232382
2021-10-13,60.8,60.8,61.4,60.4,61.4,473731
2021-10-14,61.1,61.1,61.5,60.9,61.3,341728
2021-10-15,61.6,61.6,61.7,61.3,61.5,157169
2021-10-18,62.1,62.1,62.6,61.7,62.0,446615
2021-10-19,61.9,61.9,62.6,61.6,62.6,370261
2021-10-20,62.0,62.0,62.5,61.8,62.5,402387
2021-10-21,61.0,61.0,62.5,61.0,62.1,771324
2021-10-22,62.8,62.8,63.2,62.2,62.5,855706
2021-10-25,63.5,63.5,63.5,62.6,62.8,371250
2021-10-26,63.6,63.6,63.8,63.1,63.5,485735
2021-10-27,64.7,64.7,64.9,63.3,63.6,851512
2021-10-28,64.3,64.3,65.0,64.1,64.7,475966
2021-10-29,63.7,63.7,65.0,63.7,64.4,427736
2021-11-01,65.2,65.2,65.5,63.8,63.8,830099
2021-11-02,64.1,64.1,65.5,64.0,65.4,351661
2021-11-03,64.5,64.5,65.2,64.1,64.4,440564
2021-11-04,66.7,66.7,66.8,64.8,64.8,1941154
2021-11-05,67.0,67.0,68.4,66.3,68.0,2355582
2021-11-08,67.5,67.5,68.5,67.1,67.7,1775540
2021-11-09,66.6,66.6,67.5,66.4,67.4,757155
2021-11-10,66.5,66.5,66.9,66.2,66.5,491893
2021-11-11,65.5,65.5,66.2,65.3,65.8,619576
2021-11-12,65.1,65.1,66.0,64.8,65.5,549911
2021-11-15,66.0,66.0,68.2,65.9,66.7,873556
2021-11-16,69.2,69.2,69.4,67.5,67.5,3730460
2021-11-17,69.0,69.0,70.0,68.2,70.0,1733009
2021-11-18,68.6,68.6,69.5,68.3,69.0,863114
2021-11-19,68.0,68.0,69.2,67.4,69.2,1059899
2021-11-22,70.2,70.2,70.2,68.7,69.0,2499312
2021-11-23,67.2,67.2,70.3,67.0,70.3,2116693
2021-11-24,67.2,67.2,67.6,66.6,67.2,937391
2021-11-25,67.2,67.2,67.8,66.8,67.2,362137
2021-11-26,65.5,65.5,67.2,65.3,67.2,845175
2021-11-29,65.4,65.4,65.7,63.6,64.2,663233
2021-11-30,65.7,65.7,67.0,65.4,65.4,783670
2021-12-01,66.5,66.5,66.6,65.0,65.1,309379
2021-12-02,66.4,66.4,66.8,66.2,66.4,448212
2021-12-03,66.0,66.0,66.9,65.5,66.1,567192
2021-12-06,65.3,65.3,66.0,65.0,66.0,599759
2021-12-07,68.3,68.3,69.1,67.3,68.5,1955640
2021-12-08,68.7,68.7,69.2,68.1,69.0,1156474
2021-12-09,68.8,68.8,69.8,68.7,69.4,1035908
2021-12-10,69.0,69.0,69.3,68.4,68.8,544863
2021-12-13,69.9,69.9,69.9,68.8,69.0,1194040
2021-12-14,68.5,68.5,69.9,68.3,69.9,800615
2021-12-15,69.2,69.2,70.6,68.4,68.5,2737152
2021-12-16,68.8,68.8,70.0,68.7,69.8,1365363
2021-12-17,68.0,68.0,69.0,67.5,68.5,2515574
2021-12-20,67.4,67.4,68.7,67.3,68.0,1219414
2021-12-21,68.0,68.0,68.1,67.2,68.0,495118
2021-12-22,67.4,67.4,68.4,67.4,68.4,428478
2021-12-23,69.7,69.7,70.4,67.6,67.6,2844257
2021-12-24,68.4,68.4,70.5,68.3,70.0,1779448
2021-12-27,69.4,69.4,69.5,68.6,69.4,668035
2021-12-28,70.0,70.0,70.1,68.9,69.8,1154919
2021-12-29,70.3,70.3,70.5,69.8,70.0,1857688
2021-12-30,75.7,75.7,75.7,71.2,71.3,24173474
2022-01-03,72.6,72.6,76.1,72.3,75.8,13229454
2022-01-04,70.3,70.3,72.8,70.2,72.2,5865803
2022-01-05,69.3,69.3,71.2,69.1,69.8,3750613
2022-01-06,67.4,67.4,68.9,67.2,68.6,3769960
2022-01-07,71.0,71.0,71.8,70.0,71.0,8871523
2022-01-10,70.2,70.2,72.5,69.7,71.0,3852664
2022-01-11,67.8,67.8,70.7,67.4,70.7,3310921
2022-01-12,68.5,68.5,70.4,68.3,69.5,2222559
2022-01-13,69.1,69.1,69.7,68.5,69.7,855307
2022-01-14,70.0,70.0,71.6,68.4,69.0,3916173
2022-01-17,73.5,73.5,74.8,71.1,71.1,9485398
2022-01-18,74.8,74.8,75.5,73.1,74.5,8525791
2022-01-19,75.5,75.5,75.8,73.1,74.3,9469533
2022-01-20,75.7,75.7,76.3,74.6,75.5,3791423
2022-01-21,73.3,73.3,75.1,73.0,74.0,3904791
2022-01-24,75.9,75.9,75.9,72.5,72.9,5610711
2022-01-25,74.3,74.3,76.5,73.8,75.1,7704044
2022-01-26,77.0,77.0,77.7,74.1,75.0,12107177
2022-02-07,77.5,77.5,79.8,75.4,79.0,12352003
2022-02-08,78.8,78.8,79.3,76.3,76.8,7861507
2022-02-09,78.6,78.6,79.5,77.2,78.8,5444602
2022-02-10,76.5,76.5,78.6,76.1,78.1,5613021
2022-02-11,75.5,75.5,76.7,74.5,75.0,4081624
2022-02-14,74.5,74.5,75.8,73.8,73.9,2681627
2022-02-15,73.6,73.6,75.2,73.4,74.6,2926798
2022-02-16,75.0,75.0,76.1,73.9,74.5,2431207
2022-02-17,73.9,73.9,76.0,73.7,75.2,3337807
2022-02-18,74.4,74.4,75.5,73.3,73.3,1482105
2022-02-21,74.0,74.0,74.8,73.7,74.4,734809
2022-02-22,73.6,73.6,74.8,73.1,73.8,2210891
2022-02-23,73.7,73.7,74.1,73.4,74.1,784029
2022-02-24,72.0,72.0,74.3,71.7,73.2,2435903
2022-02-25,72.3,72.3,73.0,71.8,72.5,1069370
2022-03-01,74.5,74.5,74.9,72.7,73.4,1331321
2022-03-02,74.1,74.1,74.7,73.7,74.5,1064554
2022-03-03,74.5,74.5,75.2,73.7,74.5,904146
2022-03-04,73.9,73.9,74.6,73.6,74.3,936619
2022-03-07,71.2,71.2,73.4,70.5,73.4,1860310
2022-03-08,69.7,69.7,71.6,69.7,70.1,2057543
2022-03-09,69.6,69.6,71.1,69.4,71.1,812133
2022-03-10,74.4,74.4,74.5,72.2,72.3,3112205
2022-03-11,75.9,75.9,77.5,74.3,75.5,7801217
2022-03-14,79.3,79.3,80.0,76.7,76.7,9944306
2022-03-15,78.8,78.8,79.2,76.2,78.7,7113841
2022-03-16,76.1,76.1,78.8,75.5,78.5,5985720
2022-03-17,76.2,76.2,78.3,76.2,77.8,4536882
2022-03-18,76.1,76.1,76.9,75.5,76.1,3411428
2022-03-21,76.3,76.3,78.2,76.2,76.2,3628488
2022-03-22,77.9,77.9,77.9,74.7,76.2,3708448
2022-03-23,77.8,77.8,78.6,77.0,78.0,2539004
2022-03-24,77.9,77.9,80.0,77.8,77.9,5006389
2022-03-25,79.3,79.3,79.8,78.2,79.1,3788517
2022-03-28,78.8,78.8,79.1,77.5,79.0,2213586
2022-03-29,78.4,78.4,80.6,77.8,79.5,3810461
2022-03-30,80.4,80.4,81.9,78.6,78.8,8973240
2022-03-31,79.1,79.1,80.2,79.0,80.1,2520255
2022-04-01,81.1,81.1,81.8,78.9,79.0,5600295
2022-04-06,81.0,81.0,82.3,79.4,80.2,5056226
2022-04-07,75.2,75.2,79.7,75.2,79.4,5588416
2022-04-08,78.2,78.2,79.1,76.5,76.5,3267634
2022-04-11,77.5,77.5,80.5,76.3,80.5,4495017
2022-04-12,77.9,77.9,78.6,76.4,76.4,2226301
2022-04-13,77.5,77.5,78.4,77.1,78.2,1580987
2022-04-14,78.0,78.0,78.6,77.3,77.8,1240612
2022-04-15,76.4,76.4,77.9,76.1,77.3,1329038
2022-04-18,76.1,76.1,77.1,75.3,76.1,1674622
2022-04-19,78.1,78.1,79.2,77.2,77.3,2144903
2022-04-20,80.1,80.1,81.7,79.2,79.2,4340276
2022-04-21,85.6,85.6,87.5,80.5,81.5,12070268
2022-04-22,86.3,86.3,86.6,82.5,85.0,8459688
2022-04-25,81.5,81.5,84.1,80.6,83.6,4854868
2022-04-26,86.7,86.7,86.8,80.6,82.4,14112273
2022-04-27,87.4,87.4,89.0,82.1,84.0,16384198
2022-04-28,83.6,83.6,88.1,82.9,88.0,11598465
2022-04-29,83.4,83.4,86.6,83.0,84.7,9152108
2022-05-03,82.7,82.7,85.5,82.1,84.5,4557494
2022-05-04,82.3,82.3,83.4,81.3,82.8,4041810
2022-05-05,79.0,79.0,83.6,78.5,83.1,10320401
2022-05-06,76.2,76.2,77.5,75.1,76.2,6105611
2022-05-09,74.2,74.2,77.5,74.2,76.0,5221045
2022-05-10,74.3,74.3,75.4,72.7,73.8,5289744
2022-05-11,73.5,73.5,74.7,72.5,74.3,3539366
2022-05-12,72.0,72.0,74.4,71.5,73.0,3885645
2022-05-13,74.9,74.9,76.0,73.0,73.7,3218525
2022-05-16,77.4,77.4,78.7,75.5,76.3,6986436
2022-05-17,78.1,78.1,79.2,76.6,77.3,5529301
2022-05-18,78.0,78.0,79.2,77.7,79.2,3362490
2022-05-19,77.6,77.6,78.4,76.0,76.1,2962007
2022-05-20,77.1,77.1,79.1,76.8,78.1,2958225
2022-05-23,79.6,79.6,81.3,77.8,78.5,6669218
2022-05-24,79.1,79.1,81.1,79.1,80.4,4996310
2022-05-25,79.0,79.0,79.4,78.2,79.1,2367335
2022-05-26,77.5,77.5,79.3,76.2,79.0,4147574
2022-05-27,78.7,78.7,79.5,77.6,78.3,3035894
2022-05-30,80.6,80.6,80.8,79.0,79.2,3547431
2022-05-31,79.5,79.5,80.7,79.2,80.7,3209843
2022-06-01,80.5,80.5,81.0,79.4,79.5,2555788
2022-06-02,80.3,80.3,81.0,80.0,80.5,1800335
2022-06-06,80.3,80.3,81.9,80.3,80.9,2135665
2022-06-07,80.3,80.3,81.3,80.0,81.0,3317791
2022-06-08,79.0,79.0,81.1,78.8,80.9,4005005
2022-06-09,79.8,79.8,80.0,78.5,79.0,3328123
2022-06-10,80.2,80.2,80.5,78.9,79.2,1636962
2022-06-13,77.3,77.3,78.4,77.1,78.1,2718046
2022-06-14,79.1,79.1,79.3,76.0,77.1,2340805
2022-06-15,79.6,79.6,80.4,78.9,79.4,2317879
2022-06-16,79.6,79.6,83.2,79.6,80.3,8865160
2022-06-17,76.8,76.8,79.4,75.7,79.1,6526471
2022-06-20,75.5,75.5,77.3,75.5,76.8,2574190
2022-06-21,81.2,81.2,81.7,76.4,77.8,6164022
2022-06-22,81.2,81.2,84.6,80.3,81.3,11359034
2022-06-23,81.1,81.1,82.5,80.0,81.5,5065255
2022-06-24,83.6,83.6,84.9,81.5,81.6,9641705
2022-06-27,83.8,83.8,85.1,81.2,85.1,8102530
2022-06-28,83.7,83.7,84.7,83.0,83.0,3708245
2022-06-29,82.6,82.6,84.0,81.6,83.9,3361576
2022-06-30,81.1,81.1,82.3,79.7,82.1,3169156
2022-07-01,75.9,75.9,81.0,75.8,81.0,3929891
2022-07-04,75.0,75.0,78.3,75.0,76.5,2160618
2022-07-05,76.1,76.1,77.2,75.4,76.5,2542719
2022-07-06,76.0,76.0,77.7,75.6,77.2,2760792
2022-07-07,82.1,82.1,82.3,77.2,78.0,7201018
2022-07-08,86.9,86.9,87.5,82.5,83.7,17315435
2022-07-11,85.6,85.6,89.4,83.8,87.5,20582491
2022-07-12,84.0,84.0,85.8,82.4,84.1,10348292
2022-07-13,82.3,82.3,85.9,81.6,85.6,11209162
2022-07-14,90.5,90.5,90.5,82.5,83.0,23394024
2022-07-15,88.2,88.2,90.5,86.7,90.5,19564553
2022-07-18,88.5,88.5,89.6,86.8,89.0,10240524
2022-07-19,87.8,87.8,89.2,87.5,88.4,6205857
2022-07-20,87.7,87.7,89.7,85.6,89.4,13758976
2022-07-21,88.0,88.0,88.7,86.9,88.4,4992620
2022-07-22,85.5,85.5,87.7,85.2,87.5,5380865
2022-07-25,86.4,86.4,87.0,85.0,85.5,4406225
2022-07-26,86.0,86.0,87.3,85.1,86.7,4007467
2022-07-27,87.0,87.0,87.4,85.5,86.0,3288843
2022-07-28,88.0,88.0,89.3,87.2,88.0,6374874
2022-07-29,90.4,90.4,90.6,88.1,89.6,8126678
2022-08-01,89.5,89.5,92.1,89.3,90.9,7961480
2022-08-02,86.8,86.8,88.7,85.5,88.4,5774359
2022-08-03,86.3,86.3,87.4,85.6,85.6,2845640
2022-08-04,89.7,89.7,89.8,85.8,86.6,6761453
2022-08-05,92.0,92.0,92.0,89.1,89.7,8835226
2022-08-08,101.0,101.0,101.0,93.0,94.0,33457604
2022-08-09,105.5,105.5,106.5,99.3,100.0,26268404
2022-08-10,103.5,103.5,106.0,102.5,104.0,14079968
2022-08-11,104.5,104.5,107.5,100.5,105.5,21528368
2022-08-12,102.5,102.5,107.5,102.0,105.5,14465156
2022-08-15,99.0,99.0,102.5,97.5,102.5,17569908
2022-08-16,99.0,99.0,100.5,98.0,99.0,10274825
2022-08-17,97.4,97.4,99.4,97.0,99.0,8476047
2022-08-18,98.5,98.5,98.5,96.3,96.7,8319286
2022-08-19,98.4,98.4,99.9,96.8,98.8,12753514
2022-08-22,95.0,95.0,97.2,95.0,96.5,9061507
2022-08-23,97.4,97.4,98.9,95.1,95.2,13473797
2022-08-24,96.0,96.0,97.2,95.2,96.8,9506196
2022-08-25,97.6,97.6,97.7,96.1,96.3,5666466
2022-08-26,97.3,97.3,99.4,97.3,98.1,9209199
2022-08-29,93.2,93.2,94.5,91.0,94.0,8964039
2022-08-30,97.0,97.0,97.7,93.3,93.3,7558744
2022-08-31,97.3,97.3,97.9,95.8,96.1,4849811
2022-09-01,95.5,95.5,97.8,94.5,97.3,4931589
2022-09-02,97.5,97.5,98.2,95.0,95.1,6212495
2022-09-05,96.7,96.7,99.9,96.7,98.6,8720675
2022-09-06,94.3,94.3,98.3,93.1,97.9,7150790
2022-09-07,93.9,93.9,95.3,92.5,93.3,4862817
2022-09-08,94.1,94.1,95.3,93.9,94.9,3565783
2022-09-12,97.0,97.0,98.6,95.0,95.0,5713998
2022-09-13,94.3,94.3,97.3,94.1,97.0,7443651
2022-09-14,93.0,93.0,93.5,91.5,92.0,3906535
2022-09-15,91.1,91.1,95.0,91.1,94.0,5470934
2022-09-16,91.0,91.0,92.8,90.8,91.5,2951392
2022-09-19,89.8,89.8,92.0,88.3,91.3,4724027
2022-09-20,91.3,91.3,91.9,90.6,91.2,2042711
2022-09-21,89.5,89.5,92.2,89.5,91.6,3743072
2022-09-22,90.4,90.4,90.5,88.2,88.8,2282388
2022-09-23,87.8,87.8,90.9,87.6,90.2,2480111
2022-09-26,84.3,84.3,87.2,83.5,86.8,5150129
2022-09-27,83.9,83.9,85.1,82.8,85.1,2761869
2022-09-28,78.7,78.7,84.1,78.5,84.1,7109433
2022-09-29,78.7,78.7,80.4,78.2,79.9,4916081
2022-09-30,78.8,78.8,79.4,76.3,77.2,4902266
2022-10-03,81.7,81.7,81.9,78.2,78.9,6681560
2022-10-04,84.5,84.5,84.7,82.6,83.0,6803164
2022-10-05,84.5,84.5,86.8,84.2,85.0,4934927
2022-10-06,85.9,85.9,86.7,84.7,85.1,3165840
2022-10-07,86.1,86.1,88.6,85.8,87.3,8436850
2022-10-11,85.1,85.1,85.8,83.5,84.5,5284280
2022-10-12,82.4,82.4,84.7,78.1,84.4,9866058
2022-10-13,78.5,78.5,82.4,78.5,82.0,4068368
2022-10-14,81.8,81.8,82.3,80.5,81.0,3230813
2022-10-17,80.8,80.8,81.2,78.2,80.1,4583751
2022-10-18,82.9,82.9,83.5,82.0,82.3,4906209
2022-10-19,80.2,80.2,83.5,80.1,82.6,4914765
2022-10-20,78.7,78.7,80.0,78.5,79.1,3820999
2022-10-21,75.2,75.2,78.7,75.2,78.5,4745344
2022-10-24,75.4,75.4,77.5,75.4,76.6,3183377
2022-10-25,75.2,75.2,76.6,74.6,76.3,3104824
2022-10-26,74.0,74.0,76.1,73.6,76.0,3268984
2022-10-27,75.6,75.6,75.7,74.3,74.3,2549432
2022-10-28,73.9,73.9,75.4,73.6,75.0,2644435
2022-10-31,75.6,75.6,75.8,74.6,75.3,1874521
2022-11-01,76.4,76.4,76.6,75.5,75.9,2123262
2022-11-02,76.5,76.5,77.3,76.0,77.0,2239966
2022-11-03,77.9,77.9,78.0,75.7,76.0,2481807
2022-11-04,77.5,77.5,77.7,76.7,77.2,1598078
2022-11-07,78.7,78.7,78.8,77.1,78.0,3280553
2022-11-08,77.2,77.2,79.4,77.2,79.0,3462311
2022-11-09,78.6,78.6,79.1,77.6,78.0,3066569
2022-11-10,78.2,78.2,81.0,77.6,78.6,4708589
2022-11-11,77.0,77.0,81.2,77.0,80.5,7344846
2022-11-14,77.4,77.4,78.0,76.2,77.0,3710828
2022-11-15,76.9,76.9,77.8,76.2,77.8,5056161
2022-11-16,76.8,76.8,77.5,76.1,77.0,4645364
2022-11-17,78.3,78.3,80.9,78.3,78.9,14576077
2022-11-18,80.4,80.4,83.5,78.6,78.7,17924819
2022-11-21,79.1,79.1,81.3,79.0,80.5,7802525
2022-11-22,80.4,80.4,80.6,78.1,79.4,6090146
2022-11-23,79.8,79.8,81.8,79.8,81.4,5730353
2022-11-24,81.1,81.1,81.8,79.6,80.0,6067176
2022-11-25,82.7,82.7,84.7,81.5,82.9,16501505
2022-11-28,81.6,81.6,82.5,81.6,81.8,4292078
2022-11-29,84.1,84.1,84.5,81.5,81.8,10513033
2022-11-30,83.5,83.5,85.9,83.5,85.0,8805178
2022-12-01,83.9,83.9,85.1,83.5,84.5,8921583
2022-12-02,83.9,83.9,84.8,83.8,84.0,3323437
2022-12-05,84.9,84.9,85.5,84.2,84.6,5025950
2022-12-06,83.2,83.2,86.0,83.2,85.4,6470944
2022-12-07,80.4,80.4,82.8,80.4,81.9,6025092
2022-12-08,81.7,81.7,82.4,80.7,80.9,2771802
2022-12-09,80.9,80.9,82.7,80.9,82.5,2855902
2022-12-12,81.5,81.5,82.2,80.6,81.0,1495600
2022-12-13,79.4,79.4,82.1,79.3,82.1,2792164
2022-12-14,82.2,82.2,82.6,79.7,80.0,4092809
2022-12-15,83.4,83.4,84.7,82.2,82.5,7148298
2022-12-16,81.2,81.2,82.6,80.8,82.0,3490952
2022-12-19,80.2,80.2,80.9,80.2,80.8,1196850
2022-12-20,76.0,76.0,80.8,76.0,80.3,6567624
2022-12-21,76.5,76.5,77.4,76.2,76.7,1948014
2022-12-22,77.5,77.5,78.0,77.1,77.2,1738761
2022-12-23,77.4,77.4,77.9,76.1,77.0,1579330
2022-12-26,77.3,77.3,78.0,77.2,77.9,737206
2022-12-27,78.1,78.1,78.9,78.0,78.6,1081315
2022-12-28,76.3,76.3,78.5,76.1,78.0,1623468
2022-12-29,75.9,75.9,76.2,75.1,76.1,1402120
2022-12-30,76.3,76.3,77.3,76.3,76.7,942424
2023-01-03,76.7,76.7,77.0,76.2,76.6,852086
2023-01-04,77.3,77.3,78.5,76.7,76.7,1945842
2023-01-05,76.9,76.9,78.2,76.8,77.7,1171373
2023-01-06,77.7,77.7,77.9,76.9,76.9,1571402
2023-01-09,79.8,79.8,81.2,79.6,80.6,5488824
2023-01-10,78.6,78.6,80.8,78.5,79.7,2996735
2023-01-11,79.3,79.3,80.6,79.2,79.3,2686899
2023-01-12,79.5,79.5,79.9,79.2,79.7,1300304
2023-01-13,78.2,78.2,80.0,78.1,80.0,1927386
2023-01-16,78.9,78.9,78.9,78.0,78.0,1360754
2023-01-17,79.0,79.0,79.2,78.6,78.8,933052
2023-01-30,79.9,79.9,80.5,79.6,80.2,2323425
2023-01-31,80.3,80.3,80.7,79.3,79.7,3087472
2023-02-01,81.9,81.9,82.5,81.0,81.0,4976035
2023-02-02,83.0,83.0,83.2,81.4,82.6,5845968
2023-02-03,82.7,82.7,83.8,82.5,83.5,3300959
2023-02-06,82.5,82.5,83.2,81.9,82.7,1660806
2023-02-07,83.3,83.3,83.5,82.5,83.0,3149171
2023-02-08,82.5,82.5,84.0,82.4,84.0,3276840
2023-02-09,82.1,82.1,82.9,81.8,82.5,1620833
2023-02-10,80.5,80.5,82.2,80.4,82.2,3202178
2023-02-13,81.3,81.3,81.6,80.3,80.3,2066005
2023-02-14,81.5,81.5,82.1,81.3,81.7,1338607
2023-02-15,82.3,82.3,82.8,81.6,81.9,2251358
2023-02-16,84.9,84.9,85.0,82.7,83.0,6377832
2023-02-17,84.7,84.7,85.3,84.2,84.5,3661500
2023-02-20,84.2,84.2,85.2,84.0,84.9,2201285
2023-02-21,83.9,83.9,84.9,83.7,84.8,2451252
2023-02-22,84.4,84.4,84.5,82.3,83.1,3233067
2023-02-23,84.8,84.8,84.8,84.0,84.5,2214997
2023-02-24,84.3,84.3,86.2,84.2,85.6,4277621
2023-03-01,85.6,85.6,85.6,83.1,84.0,3874427
2023-03-02,85.8,85.8,86.2,85.1,86.1,1998474
2023-03-03,85.7,85.7,86.1,85.5,86.1,1904579
2023-03-06,87.2,87.2,88.2,86.3,86.3,4949919
2023-03-07,89.6,89.6,90.3,87.7,88.7,9771789
2023-03-08,91.3,91.3,91.4,88.8,89.4,4870992
2023-03-09,91.1,91.1,92.4,89.6,91.9,6315610
2023-03-10,89.1,89.1,92.3,88.6,91.6,9811904
2023-03-13,91.0,91.0,91.2,87.3,88.9,7527594
2023-03-14,91.5,91.5,91.5,89.5,89.9,5625694
2023-03-15,91.0,91.0,92.4,90.2,91.4,8393738
2023-03-16,88.1,88.1,90.9,88.1,90.0,5651529
2023-03-17,89.7,89.7,90.5,89.3,89.9,2817406
2023-03-20,89.6,89.6,90.2,89.1,89.8,1416651
2023-03-21,90.8,90.8,91.0,90.0,90.0,1980968
2023-03-22,90.7,90.7,91.5,90.5,91.5,1790200
2023-03-23,91.8,91.8,91.8,89.7,90.4,2903420
2023-03-24,91.2,91.2,91.9,91.2,91.9,2091598
2023-03-27,91.8,91.8,92.3,91.1,91.3,2424635
2023-03-28,90.9,90.9,92.9,90.4,92.2,2504242
2023-03-29,92.8,92.8,94.2,90.9,90.9,5706270
2023-03-30,95.1,95.1,96.4,93.0,93.5,9995645
2023-03-31,94.8,94.8,96.0,94.1,95.7,3895977
2023-04-06,96.6,96.6,97.0,93.8,95.3,4733677
2023-04-07,93.5,93.5,96.8,93.2,96.5,5204181
2023-04-10,93.6,93.6,94.4,92.1,94.3,4043262
2023-04-11,94.6,94.6,94.7,93.1,94.5,5911466
2023-04-12,94.3,94.3,95.0,93.8,94.5,5132182
2023-04-13,87.7,87.7,90.2,87.7,90.0,10886674
2023-04-14,88.6,88.6,89.2,87.8,87.8,2889913
2023-04-17,88.3,88.3,89.1,88.2,88.9,1290203
2023-04-18,88.0,88.0,88.6,87.5,88.4,2210757
2023-04-19,88.1,88.1,88.7,87.4,88.6,2419877
2023-04-20,85.5,85.5,88.3,85.1,88.1,3715229
2023-04-21,82.7,82.7,86.0,82.6,85.9,3890315
2023-04-24,82.7,82.7,83.6,82.0,82.6,1791507
2023-04-25,80.3,80.3,83.6,80.1,83.4,2926836
2023-04-26,81.1,81.1,81.2,79.7,80.0,2109943
2023-04-27,81.2,81.2,82.3,80.6,81.0,1460810
2023-04-28,82.1,82.1,82.4,81.8,82.1,1764331
2023-05-02,82.9,82.9,83.4,82.0,82.1,1644452
2023-05-03,82.9,82.9,83.3,82.1,82.6,1812740
2023-05-04,85.3,85.3,85.4,82.4,82.6,3030021
2023-05-05,84.8,84.8,85.8,84.6,85.2,1309802
2023-05-08,88.4,88.4,88.8,85.7,86.3,4078807
2023-05-09,87.6,87.6,88.9,87.1,88.4,1927418
2023-05-10,87.5,87.5,88.8,87.2,87.6,1592133
2023-05-11,84.9,84.9,88.3,84.3,88.3,3811209
2023-05-12,84.4,84.4,86.9,84.1,85.5,4138039
2023-05-15,84.8,84.8,84.9,83.8,84.4,1341133
2023-05-16,86.7,86.7,87.1,85.3,85.6,2641384
2023-05-17,86.8,86.8,87.0,85.2,85.9,3224938
2023-05-18,87.9,87.9,88.4,86.9,88.0,5555202
2023-05-19,88.5,88.5,88.6,86.9,88.5,2981329
2023-05-22,89.7,89.7,89.8,87.8,88.6,3990561
2023-05-23,88.5,88.5,90.3,88.2,90.3,3575048
2023-05-24,89.2,89.2,89.4,88.2,88.4,1491412
2023-05-25,89.2,89.2,89.4,88.4,89.3,1846138
2023-05-26,90.6,90.6,91.7,88.9,89.5,4256792
2023-05-29,93.3,93.3,93.8,91.0,91.4,6057689
2023-05-30,92.4,92.4,93.8,92.3,93.8,2712292
2023-05-31,95.5,95.5,96.5,93.6,93.8,10942163
2023-06-01,95.7,95.7,97.7,94.9,95.5,5875848
2023-06-02,95.6,95.6,97.0,94.8,96.2,3770040
2023-06-05,98.4,98.4,99.5,97.1,97.3,5552562
2023-06-06,96.3,96.3,98.4,95.3,98.4,4204186
2023-06-07,94.8,94.8,96.0,94.2,95.4,5294158
2023-06-08,94.7,94.7,96.3,94.5,95.5,3323777
2023-06-09,95.4,95.4,95.8,94.7,95.6,1943613
2023-06-12,95.3,95.3,96.1,94.3,95.8,2186189
2023-06-13,95.4,95.4,96.3,95.0,96.3,2237682
2023-06-14,96.7,96.7,96.7,95.4,95.7,2563781
2023-06-15,97.2,97.2,97.4,96.3,97.0,2791766
2023-06-16,97.0,97.0,97.5,95.2,97.5,4405002
2023-06-19,98.5,98.5,98.5,95.8,97.0,4314882
2023-06-20,95.7,95.7,99.0,95.6,98.9,5848631
2023-06-21,95.9,95.9,96.6,95.5,96.3,1959054
2023-06-26,97.0,97.0,97.5,94.0,95.4,2979669
2023-06-27,96.5,96.5,97.5,95.3,96.6,2595803
2023-06-28,99.6,99.6,105.5,98.4,98.4,22527054
2023-06-29,106.5,106.5,109.5,101.5,102.0,31390052
2023-06-30,105.0,105.0,107.0,102.5,106.5,14656732
2023-07-03,114.0,114.0,115.0,107.0,108.0,24257886
2023-07-04,115.0,115.0,115.0,111.0,114.0,13509459
2023-07-05,113.5,113.5,117.5,112.5,115.0,7987220
2023-07-06,119.5,119.5,121.5,113.5,114.5,19732989
2023-07-07,114.0,114.0,117.0,112.5,116.5,18147407
2023-07-10,113.0,113.0,115.5,112.0,114.0,8995085
2023-07-11,117.0,117.0,118.0,113.5,114.5,8303494
2023-07-12,116.0,116.0,116.5,114.0,116.0,5508271
2023-07-13,116.0,116.0,121.5,116.0,119.5,14443337
2023-07-14,117.0,117.0,119.0,114.0,118.0,6014315
2023-07-17,115.0,115.0,118.0,114.0,118.0,7335535
2023-07-18,114.5,114.5,117.5,112.0,114.5,7336470
2023-07-19,111.0,111.0,117.0,110.0,116.0,7283327
2023-07-20,109.5,109.5,111.5,108.5,111.5,5034415
2023-07-21,108.5,108.5,109.0,106.0,108.0,4821773
2023-07-24,110.5,110.5,112.0,107.5,109.0,3995947
2023-07-25,107.5,107.5,111.0,107.0,110.5,4276782
2023-07-26,107.0,107.0,110.0,107.0,109.0,2757383
2023-07-27,108.0,108.0,109.0,107.0,108.0,2221262
2023-07-28,111.0,111.0,112.0,108.0,108.5,5740727
2023-07-31,122.0,122.0,122.0,114.5,117.5,21483616
2023-08-01,116.0,116.0,127.0,113.5,125.0,32718685
2023-08-02,117.0,117.0,123.5,115.0,116.5,21931598
2023-08-04,118.0,118.0,119.5,115.0,117.0,8893017
2023-08-07,115.5,115.5,116.5,108.0,113.0,12285330
2023-08-08,112.0,112.0,116.5,111.5,115.5,6173939
2023-08-09,114.0,114.0,116.0,112.0,112.5,4139131
2023-08-10,111.0,111.0,115.5,110.5,114.5,5550326
2023-08-11,112.0,112.0,114.0,111.0,112.0,4180705
2023-08-14,110.5,110.5,112.0,107.5,111.5,5704055
2023-08-15,114.0,114.0,114.5,111.0,111.5,3714763
2023-08-16,113.0,113.0,114.5,112.0,112.5,3841935
2023-08-17,116.0,116.0,117.5,111.0,112.0,7674762
2023-08-18,113.0,113.0,116.5,113.0,116.0,2911022
2023-08-21,117.0,117.0,119.0,113.5,114.0,6785046
2023-08-22,118.0,118.0,119.5,117.0,119.0,5931299
2023-08-23,120.0,120.0,121.5,118.5,120.0,7036579
2023-08-24,119.0,119.0,122.0,117.5,121.5,5630988
2023-08-25,118.5,118.5,121.0,117.0,119.0,3928212
2023-08-28,118.5,118.5,120.0,116.5,119.5,3861590
2023-08-29,120.5,120.5,122.0,118.5,119.5,4306684
2023-08-30,120.0,120.0,122.0,119.5,122.0,2812192
2023-08-31,121.5,121.5,123.0,119.5,120.5,3660874
2023-09-01,117.5,117.5,122.0,117.5,121.5,3354624
2023-09-04,118.0,118.0,119.5,116.0,118.0,2484476
2023-09-05,122.5,122.5,123.0,118.0,118.0,5022654
2023-09-06,125.5,125.5,129.0,122.0,123.0,11889731
2023-09-07,126.0,126.0,128.0,124.5,126.0,6559576
2023-09-08,127.0,127.0,127.5,125.0,127.5,2913047
2023-09-11,126.5,126.5,132.0,126.5,128.5,9182229
2023-09-12,127.5,127.5,128.5,123.5,127.0,3955279
2023-09-13,128.0,128.0,129.0,126.0,127.0,2760825
2023-09-14,131.5,131.5,131.5,128.0,129.0,4634354
2023-09-15,129.5,129.5,133.0,129.0,131.5,3978981
2023-09-18,129.0,129.0,130.5,128.0,128.5,3023023
2023-09-19,132.0,132.0,133.0,129.0,129.0,4614625
2023-09-20,129.0,129.0,133.0,128.5,131.5,3295403
2023-09-21,125.5,125.5,128.5,124.0,128.0,4765994
2023-09-22,128.5,128.5,128.5,123.5,124.0,3225781
2023-09-25,130.0,130.0,131.0,128.5,128.5,2768557
2023-09-26,126.5,126.5,130.5,126.5,130.0,2019017
2023-09-27,123.0,123.0,127.0,120.0,125.5,8554760
2023-09-28,123.0,123.0,124.5,121.0,122.5,3538984
2023-10-02,123.5,123.5,125.0,122.5,124.0,2237917
2023-10-03,120.5,120.5,123.5,120.0,123.0,3082193
2023-10-04,121.5,121.5,123.0,119.0,120.0,2755160
2023-10-05,121.5,121.5,124.0,121.0,122.0,2151224
2023-10-06,121.0,121.0,122.0,120.5,121.5,1211988
2023-10-11,117.0,117.0,122.0,117.0,121.5,4496659
2023-10-12,119.0,119.0,121.0,117.5,118.0,3369892
2023-10-13,121.5,121.5,123.0,119.0,120.0,3298780
2023-10-16,118.5,118.5,121.5,117.5,121.0,2175084
2023-10-17,118.5,118.5,122.0,118.0,119.0,2679198
2023-10-18,115.5,115.5,118.5,115.0,118.5,4566420
2023-10-19,115.5,115.5,117.0,115.0,115.5,1768710
2023-10-20,114.5,114.5,115.5,113.0,115.5,2214443
2023-10-23,114.0,114.0,115.5,113.0,113.5,1478051
2023-10-24,116.5,116.5,117.0,113.0,114.5,1792396
2023-10-25,116.5,116.5,118.0,116.0,117.0,1511329
2023-10-26,115.0,115.0,116.5,114.5,115.0,1295535
2023-10-27,112.5,112.5,116.0,112.5,115.5,2071182
2023-10-30,115.5,115.5,116.5,113.0,113.0,1987094
2023-10-31,112.5,112.5,118.0,112.5,116.0,2626310
2023-11-01,112.5,112.5,114.5,109.5,113.5,2686835
2023-11-02,116.5,116.5,119.0,113.5,113.5,4274391
2023-11-03,118.0,118.0,119.0,115.0,117.0,3792493
2023-11-06,118.5,118.5,120.0,118.0,119.0,1909695
2023-11-07,119.5,119.5,120.0,117.5,118.5,2535001
2023-11-08,120.0,120.0,121.0,118.5,118.5,2224513
2023-11-09,113.5,113.5,116.5,112.5,116.0,7535165
2023-11-10,121.5,121.5,123.0,116.5,116.5,10097234
2023-11-13,120.0,120.0,123.0,120.0,122.5,4196826
2023-11-14,123.0,123.0,126.5,122.0,122.0,7098735
2023-11-15,121.0,121.0,124.5,121.0,123.0,2765243
2023-11-16,122.5,122.5,124.0,121.5,121.5,2819405
2023-11-17,121.5,121.5,122.0,120.0,121.5,3186682
2023-11-20,122.0,122.0,123.0,121.5,122.0,1014397
2023-11-21,123.5,123.5,124.5,122.5,123.0,2742028
2023-11-22,123.0,123.0,124.0,122.5,123.5,1506638
2023-11-23,121.5,121.5,123.0,121.0,122.5,1690296
2023-11-24,121.0,121.0,122.5,121.0,122.0,835732
2023-11-27,119.5,119.5,121.0,118.5,121.0,2126143
2023-11-28,123.0,123.0,123.5,119.5,119.5,2279278
2023-11-29,124.0,124.0,125.0,122.5,123.5,2238691
2023-11-30,124.0,124.0,125.0,122.0,124.0,2914707
2023-12-01,125.5,125.5,127.5,124.0,124.5,4486938
2023-12-04,127.0,127.0,128.5,126.0,126.0,4007547
2023-12-05,127.0,127.0,127.0,125.0,126.5,2194159
2023-12-06,125.0,125.0,127.0,125.0,127.0,2810734
2023-12-07,123.0,123.0,125.5,123.0,125.5,3207427
2023-12-08,123.5,123.5,125.0,123.5,124.0,1852235
2023-12-11,126.0,126.0,126.5,123.5,124.0,3051316
2023-12-12,128.5,128.5,130.0,126.0,126.5,7268924
2023-12-13,136.5,136.5,138.5,129.0,129.0,17693554
2023-12-14,141.0,141.0,143.5,135.0,139.5,21725040
2023-12-15,137.0,137.0,141.5,136.0,141.5,8238608
2023-12-18,136.5,136.5,141.5,136.0,138.0,6923745
2023-12-19,133.5,133.5,137.0,132.5,136.0,5325376
2023-12-20,133.0,133.0,135.0,132.5,134.5,3843512
2023-12-21,131.0,131.0,133.5,131.0,132.5,2839630
2023-12-22,133.0,133.0,136.0,131.5,132.5,4583820
2023-12-25,131.5,131.5,134.5,131.0,133.0,2246357
2023-12-26,133.5,133.5,134.0,131.5,131.5,1769294
2023-12-27,134.0,134.0,134.5,132.5,133.5,1482817
2023-12-28,134.5,134.5,135.0,133.5,134.0,1274787
2023-12-29,134.5,134.5,135.0,133.0,134.5,1577271
2024-01-02,136.0,136.0,137.0,134.0,135.0,1926264
2024-01-03,133.0,133.0,135.5,132.5,135.0,1842132
2024-01-04,130.5,130.5,134.0,130.5,133.0,2795599
2024-01-05,130.5,130.5,133.0,130.5,131.5,1246708
2024-01-08,127.0,127.0,129.0,126.0,129.0,2860206
2024-01-09,125.5,125.5,128.5,124.5,127.5,2818683
2024-01-10,125.5,125.5,127.0,125.0,126.0,1116952
2024-01-11,127.0,127.0,128.0,125.5,125.5,1552365
2024-01-12,128.0,128.0,130.0,125.5,127.0,2057886
2024-01-15,129.5,129.5,131.0,128.5,128.5,1309299
2024-01-16,128.0,128.0,131.5,127.5,130.0,1567980
2024-01-17,126.5,126.5,128.5,126.5,128.0,1144928
2024-01-18,126.0,126.0,127.5,124.5,126.5,1681696
2024-01-19,127.0,127.0,127.5,125.5,127.0,1802388
2024-01-22,128.5,128.5,129.0,127.5,127.5,1139314
2024-01-23,130.0,130.0,131.0,128.5,129.5,2054595
2024-01-24,127.5,127.5,129.0,126.0,129.0,3983121
2024-01-25,128.0,128.0,129.0,126.5,128.5,2698813
2024-01-26,128.5,128.5,129.5,128.0,128.5,1449713
2024-01-29,128.5,128.5,129.5,128.0,128.5,2092863
2024-01-30,128.0,128.0,129.5,127.5,128.5,2459265
2024-01-31,130.0,130.0,131.5,128.0,128.5,4498313
2024-02-01,127.5,127.5,130.0,127.5,129.5,2406304
2024-02-02,127.0,127.0,128.5,126.5,128.5,1521362
2024-02-05,125.5,125.5,127.5,125.0,127.5,1541561
2024-02-15,124.5,124.5,126.5,123.5,126.0,4116663
2024-02-16,125.0,125.0,125.5,123.5,124.5,2491419
2024-02-19,128.0,128.0,128.5,125.5,125.5,3416455
2024-02-20,129.0,129.0,131.0,127.5,128.0,3545294
2024-02-21,128.0,128.0,130.0,127.5,130.0,2790750
2024-02-22,136.5,136.5,137.0,128.5,129.0,10166711
2024-02-23,139.5,139.5,140.5,134.0,137.0,13988523
2024-02-26,136.0,136.0,139.0,136.0,139.0,5245062
2024-02-27,135.5,135.5,139.0,133.5,137.5,4710057
2024-02-29,135.5,135.5,137.5,134.5,136.5,3154755
2024-03-01,135.5,135.5,138.5,135.5,136.5,2966188
2024-03-04,141.5,141.5,142.0,136.5,137.5,7748259
2024-03-05,145.5,145.5,147.5,140.5,143.0,13279493
2024-03-06,138.5,138.5,144.5,138.0,144.5,16593194
2024-03-07,140.0,140.0,143.5,138.5,140.0,9316798
2024-03-08,135.5,135.5,142.0,134.0,140.5,6411399
2024-03-11,132.0,132.0,137.5,132.0,136.5,5516683
2024-03-12,136.0,136.0,136.5,132.5,133.5,4458349
2024-03-13,138.0,138.0,139.5,135.5,136.0,5610323
2024-03-14,137.0,137.0,140.5,136.5,137.0,5002202
2024-03-15,137.5,137.5,138.5,135.5,138.0,5568242
2024-03-18,138.0,138.0,140.0,136.0,140.0,5083096
2024-03-19,143.0,143.0,143.5,137.5,138.5,9642668
2024-03-20,143.5,143.5,150.0,143.0,144.5,17311020
2024-03-21,147.0,147.0,147.0,142.5,145.5,8742249
2024-03-22,149.0,149.0,151.5,145.0,147.5,10368128
2024-03-25,147.0,147.0,151.5,146.5,150.0,7401723
2024-03-26,145.0,145.0,148.0,140.0,148.0,8691040
2024-03-27,148.5,148.5,148.5,143.5,146.0,6822998
2024-03-28,144.0,144.0,151.0,143.5,150.0,11290128
2024-03-29,135.5,135.5,137.5,134.0,137.0,10376632
2024-04-01,137.5,137.5,138.0,136.0,136.5,3721700
2024-04-02,137.5,137.5,138.5,136.5,137.5,2754505
2024-04-03,136.0,136.0,139.0,136.0,137.0,2605845
2024-04-08,135.5,135.5,136.0,134.0,136.0,1993360
2024-04-09,134.0,134.0,138.0,133.5,136.5,3690528
2024-04-10,134.0,134.0,135.5,134.0,134.5,3327037
2024-04-11,134.0,134.0,135.5,132.5,134.0,3308125
2024-04-12,134.0,134.0,135.0,133.0,134.0,2244695
2024-04-15,130.5,130.5,133.0,130.5,132.5,2490827
2024-04-16,125.0,125.0,129.0,125.0,128.5,4432845
2024-04-17,123.5,123.5,127.0,122.0,126.0,6252378
2024-04-18,124.0,124.0,125.0,121.0,123.0,4214402
2024-04-19,121.5,121.5,125.5,119.0,123.5,4062937
2024-04-22,121.0,121.0,122.5,120.0,120.5,2596104
2024-04-23,123.0,123.0,124.0,121.5,122.5,2032304
2024-04-24,124.0,124.0,126.0,123.0,124.0,3070040
2024-04-25,122.0,122.0,124.0,122.0,124.0,1517310
2024-04-26,123.0,123.0,124.0,122.0,123.0,2200784
2024-04-29,124.5,124.5,125.0,123.0,124.5,2585402
2024-04-30,124.0,124.0,127.0,124.0,125.0,3806520
2024-05-02,125.0,125.0,125.0,122.0,124.0,1941458
2024-05-03,121.5,121.5,126.0,121.5,125.5,3379119
2024-05-06,121.5,121.5,123.0,121.0,122.0,2081057
2024-05-07,118.5,118.5,122.0,117.5,121.5,5942650
2024-05-08,115.5,115.5,119.5,114.0,119.5,7607180
2024-05-09,115.0,115.0,118.0,115.0,116.0,4423329
2024-05-10,114.5,114.5,115.5,114.0,115.5,2848575
2024-05-13,115.5,115.5,116.5,114.5,115.5,2272265
2024-05-14,115.0,115.0,116.5,115.0,116.0,3139524
2024-05-15,115.5,115.5,117.0,115.0,115.5,2613605
2024-05-16,116.5,116.5,118.5,116.0,116.5,4013255
2024-05-17,115.5,115.5,117.5,115.0,117.0,5658912
2024-05-20,118.0,118.0,120.0,115.0,116.0,9505304
2024-05-21,120.0,120.0,120.5,118.5,118.5,9283104
2024-05-22,123.0,123.0,123.0,119.0,120.0,8500675
2024-05-23,120.0,120.0,123.0,120.0,123.0,8599396
2024-05-24,122.5,122.5,124.0,119.5,120.0,6311019
2024-05-27,121.5,121.5,124.0,121.5,123.0,3831159
2024-05-28,122.0,122.0,123.0,121.5,122.5,1883283
2024-05-29,123.5,123.5,123.5,122.0,122.5,2116848
2024-05-30,120.0,120.0,122.5,120.0,122.5,3439525
2024-05-31,118.0,118.0,121.5,118.0,120.0,4000490
2024-06-03,119.0,119.0,120.0,118.0,120.0,2706775
2024-06-04,118.5,118.5,120.5,118.0,119.5,2570716
2024-06-05,119.0,119.0,120.5,118.0,119.0,2083140
2024-06-06,116.5,116.5,120.5,116.0,119.5,4474867
2024-06-07,111.5,111.5,113.5,111.0,112.5,7942654
2024-06-11,110.5,110.5,113.5,110.5,111.5,4431842
2024-06-12,109.5,109.5,110.5,108.5,110.5,3947941
2024-06-13,112.0,112.0,113.0,110.0,110.0,3457100
2024-06-14,112.0,112.0,113.5,111.0,112.5,2752074
2024-06-17,114.0,114.0,114.0,111.5,111.5,2080139
2024-06-18,112.5,112.5,115.0,112.5,114.5,3191562
2024-06-19,115.0,115.0,115.0,112.5,113.0,4483197
2024-06-20,116.0,116.0,116.0,114.0,116.0,4661281
2024-06-21,119.0,119.0,119.5,115.0,116.0,5629373
2024-06-24,117.5,117.5,120.0,116.0,120.0,5752721
2024-06-25,117.5,117.5,118.0,115.5,117.5,3343211
2024-06-26,115.0,115.0,118.5,115.0,118.0,2542241
2024-06-27,116.0,116.0,116.5,114.5,115.0,2031223
2024-06-28,118.0,118.0,121.0,116.0,116.5,9099933
2024-07-01,117.5,117.5,120.5,117.5,119.0,6149911
2024-07-02,122.5,122.5,123.0,117.5,118.5,13366470
2024-07-03,118.0,118.0,123.0,118.0,122.5,6720712
2024-07-04,118.5,118.5,120.5,117.5,119.5,4045413
2024-07-05,119.0,119.0,121.0,118.5,119.0,3892432
2024-07-08,118.5,118.5,122.0,116.0,119.5,4719971
2024-07-09,117.5,117.5,120.5,117.0,120.5,3265925
2024-07-10,118.0,118.0,119.0,117.5,117.5,1383086
2024-07-11,117.5,117.5,119.0,117.5,119.0,1627309
2024-07-12,118.0,118.0,118.5,117.0,117.5,1735447
2024-07-15,117.0,117.0,118.5,116.5,118.5,1581030
2024-07-16,119.5,119.5,119.5,116.5,117.0,1985346
2024-07-17,117.0,117.0,120.0,117.0,119.5,2685168
2024-07-18,119.5,119.5,120.0,116.0,116.5,3064577
2024-07-19,118.0,118.0,120.0,117.5,120.0,2057968
2024-07-22,114.0,114.0,118.0,112.5,118.0,3687161
2024-07-23,115.5,115.5,116.5,114.0,116.0,1441699
2024-07-26,115.5,115.5,116.5,112.5,113.5,2184789
2024-07-29,113.5,113.5,116.5,112.0,116.5,3137944
2024-07-30,114.5,114.5,114.5,111.0,112.5,3187530
2024-07-31,114.0,114.0,117.0,112.5,114.0,5092193
2024-08-01,114.0,114.0,116.5,113.5,115.5,2003162
2024-08-02,111.0,111.0,113.0,111.0,113.0,2376985
2024-08-05,99.9,99.9,109.0,99.9,108.5,6109720
2024-08-06,99.6,99.6,102.5,93.5,102.0,6257313
2024-08-07,105.5,105.5,106.0,99.8,99.9,3014371
2024-08-08,106.5,106.5,107.5,103.0,103.5,2159785
2024-08-09,107.0,107.0,109.0,106.5,108.0,2592188
2024-08-12,109.0,109.0,109.5,106.5,106.5,814068
2024-08-13,108.5,108.5,109.5,107.0,109.5,848605
2024-08-14,108.0,108.0,109.5,107.5,109.0,1438852
2024-08-15,107.0,107.0,109.0,107.0,108.0,842688
2024-08-16,108.0,108.0,108.5,107.0,108.0,1239664
2024-08-19,109.0,109.0,109.5,108.0,108.5,1356819
2024-08-20,109.5,109.5,111.5,109.5,109.5,1451761
2024-08-21,110.0,110.0,111.5,109.0,109.5,799290
2024-08-22,109.0,109.0,111.5,109.0,111.0,522219
2024-08-23,110.0,110.0,110.0,108.0,108.5,801046
2024-08-26,110.5,110.5,111.5,109.5,110.5,1008003
2024-08-27,110.0,110.0,111.0,109.5,110.5,921892
2024-08-28,111.0,111.0,111.5,109.5,111.0,1076999
2024-08-29,109.5,109.5,110.0,109.0,110.0,831678
2024-08-30,111.5,111.5,112.0,109.5,109.5,1419858
2024-09-02,113.0,113.0,114.0,112.0,112.0,1763002
2024-09-03,111.0,111.0,114.0,111.0,113.5,1093031
2024-09-04,108.0,108.0,110.0,106.0,108.0,2359925
2024-09-05,107.0,107.0,109.5,106.5,109.0,1157192
2024-09-06,107.0,107.0,107.5,105.0,107.5,1280737
2024-09-09,103.0,103.0,103.0,99.4,102.0,3014266
2024-09-10,101.5,101.5,105.5,101.0,103.0,1906496
2024-09-11,100.0,100.0,102.0,99.6,102.0,1225140
2024-09-12,102.0,102.0,102.0,100.5,101.5,959619
2024-09-13,102.5,102.5,103.0,101.0,102.0,1233889
2024-09-16,103.5,103.5,104.5,102.5,104.5,996509
2024-09-18,102.5,102.5,107.0,102.5,104.5,2536099
2024-09-19,105.0,105.0,107.0,104.0,104.0,2275925
2024-09-20,103.5,103.5,107.0,103.5,107.0,1786375
2024-09-23,109.5,109.5,110.0,105.0,105.0,3722442
2024-09-24,109.5,109.5,112.5,109.0,110.0,2569180
2024-09-25,111.0,111.0,113.0,109.5,111.0,3132892
2024-09-26,117.5,117.5,118.0,113.0,113.0,6534784
2024-09-27,113.5,113.5,117.5,113.5,116.0,3594216
2024-09-30,111.5,111.5,114.5,111.5,113.5,1835706
2024-10-01,110.5,110.5,112.0,109.5,111.0,1797981
2024-10-04,108.5,108.5,111.0,107.5,111.0,2026021
2024-10-07,110.5,110.5,111.0,108.5,110.0,1724164
2024-10-08,108.5,108.5,109.0,106.0,108.5,1594808
2024-10-09,107.0,107.0,109.0,106.5,108.5,1200141
2024-10-11,109.0,109.0,109.0,107.5,108.0,1060117
2024-10-14,109.5,109.5,109.5,107.0,109.0,1204405
2024-10-15,109.0,109.0,111.0,108.5,110.5,1596432
2024-10-16,110.5,110.5,110.5,108.0,108.0,1938977
2024-10-17,111.0,111.0,112.5,110.5,111.0,1335245
2024-10-18,111.0,111.0,112.0,110.0,111.5,833711
2024-10-21,113.5,113.5,113.5,111.0,111.5,1508119
2024-10-22,113.0,113.0,113.5,112.0,113.5,908849
2024-10-23,112.5,112.5,115.0,112.5,113.0,1229488
2024-10-24,113.5,113.5,115.0,112.0,113.0,2010895
2024-10-25,115.0,115.0,116.5,113.5,113.5,1734094
2024-10-28,113.0,113.0,116.0,112.0,116.0,1094008
2024-10-29,112.5,112.5,113.0,110.5,113.0,1025174
2024-10-30,110.5,110.5,113.0,110.0,113.0,841766
2024-11-01,109.5,109.5,111.0,108.5,109.0,1388400
2024-11-04,108.0,108.0,111.0,108.0,110.0,1931316
2024-11-05,107.0,107.0,109.5,107.0,108.5,1271162
2024-11-06,109.0,109.0,110.0,107.5,108.0,1389536
2024-11-07,114.5,114.5,115.0,106.5,107.5,4216496
2024-11-08,111.0,111.0,114.5,111.0,114.5,2928845
2024-11-11,113.0,113.0,114.0,111.0,112.0,1164714
2024-11-12,110.0,110.0,112.5,109.5,112.0,1503216
2024-11-13,111.0,111.0,111.0,109.0,109.5,1012508
2024-11-14,109.0,109.0,111.5,108.0,111.5,1461803
2024-11-15,110.5,110.5,113.0,110.0,110.0,1712921
2024-11-18,106.5,106.5,111.0,106.5,111.0,1640948
2024-11-19,109.5,109.5,110.0,106.5,107.5,811544
2024-11-20,108.0,108.0,110.0,107.5,109.0,904315
2024-11-21,108.0,108.0,110.0,108.0,108.0,515215
2024-11-22,108.0,108.0,110.0,108.0,109.5,611974
2024-11-25,112.0,112.0,112.0,108.5,108.5,1586819
2024-11-26,111.0,111.0,112.5,110.0,111.0,1015070
2024-11-27,110.0,110.0,113.0,110.0,111.0,858938
2024-11-28,111.0,111.0,111.0,109.0,110.5,1107528
2024-11-29,109.0,109.0,110.0,108.5,110.0,1028694
2024-12-02,113.0,113.0,116.5,110.0,110.0,6618116
2024-12-03,112.0,112.0,116.0,111.5,113.5,2537375
2024-12-04,114.0,114.0,115.0,112.0,112.5,4075243
2024-12-05,113.0,113.0,114.0,112.0,113.5,1557440
2024-12-06,113.0,113.0,114.5,113.0,113.5,1659346
2024-12-09,114.5,114.5,116.0,112.5,114.5,2052865
2024-12-10,113.5,113.5,114.5,112.5,114.5,1187678
2024-12-11,114.5,114.5,114.5,112.5,112.5,3672439
2024-12-12,112.5,112.5,115.0,112.5,114.0,1270535
2024-12-13,112.0,112.0,114.0,111.5,113.0,1118857
2024-12-16,111.0,111.0,114.5,110.5,113.0,2895051
2024-12-17,108.0,108.0,113.5,108.0,112.0,3232560
2024-12-18,111.0,111.0,112.0,108.0,108.5,2024727
2024-12-19,120.0,120.0,122.0,110.0,110.0,17851797
2024-12-20,124.0,124.0,129.5,120.5,121.5,33102972
2024-12-23,122.5,122.5,130.0,122.5,128.5,17810166
2024-12-24,120.5,120.5,124.5,120.5,123.5,6959315
2024-12-25,124.5,124.5,125.0,120.5,123.0,8399811
2024-12-26,127.0,127.0,130.0,124.0,126.0,20119266
2024-12-27,124.0,124.0,127.5,124.0,126.0,5763731
2024-12-30,121.5,121.5,124.5,121.0,124.0,3890950
2024-12-31,122.0,122.0,123.5,121.0,121.5,2255253
2025-01-02,120.0,120.0,123.0,120.0,122.5,3498403
2025-01-03,123.0,123.0,124.0,119.0,121.5,5021960
2025-01-06,120.5,120.5,123.0,120.5,123.0,3617471
2025-01-07,121.0,121.0,124.5,121.0,123.0,4471328
2025-01-08,121.0,121.0,123.0,120.5,121.5,1907101
2025-01-09,116.0,116.0,123.0,116.0,122.0,5829946
2025-01-10,116.0,116.0,117.5,115.5,116.5,2251896
2025-01-13,112.0,112.0,115.5,111.0,115.0,3282969
2025-01-14,122.0,122.0,122.5,113.5,115.0,7126411
2025-01-15,123.0,123.0,124.5,120.0,121.0,6004864
2025-01-16,124.5,124.5,127.0,123.0,123.5,6456609
2025-01-17,125.0,125.0,126.5,122.0,123.5,4154252
2025-01-20,126.0,126.0,129.0,125.0,126.0,11108951
2025-01-21,124.0,124.0,126.5,123.5,125.5,3415148
2025-01-22,126.0,126.0,126.0,124.0,125.5,3208153
2025-02-03,124.5,124.5,127.5,122.0,126.0,5634742
2025-02-04,131.0,131.0,133.5,123.0,124.0,14555015
2025-02-05,132.5,132.5,133.5,130.0,131.0,5544453
2025-02-06,133.5,133.5,133.5,130.5,132.5,4408353
2025-02-07,132.5,132.5,133.5,131.0,132.5,3010273
2025-02-10,125.0,125.0,127.0,121.5,127.0,9905325
2025-02-11,126.5,126.5,126.5,124.0,125.0,2489388
2025-02-12,127.0,127.0,129.5,125.5,126.5,2337499
2025-02-13,130.5,130.5,133.0,127.5,127.5,4814921
2025-02-14,130.5,130.5,132.5,129.5,132.0,2328629
2025-02-17,132.0,132.0,132.5,130.5,130.5,2426999
2025-02-18,133.0,133.0,134.0,132.0,133.0,2777678
2025-02-19,130.5,130.5,133.0,130.5,133.0,2368726
2025-02-20,135.0,135.0,136.0,130.0,131.0,6394849
2025-02-21,137.0,137.0,137.0,134.5,135.5,3601043
2025-02-24,138.0,138.0,140.0,135.5,136.5,3853211
2025-02-25,133.0,133.0,137.0,133.0,136.0,3813366
2025-02-26,135.0,135.0,136.0,132.5,133.0,1919076
2025-02-27,135.5,135.5,139.0,134.0,134.5,4079462
2025-03-03,135.5,135.5,140.0,134.0,134.5,6398774
2025-03-04,135.5,135.5,137.5,133.0,135.5,3436691
2025-03-05,134.0,134.0,137.0,133.0,136.0,2945271
2025-03-06,134.5,134.5,136.0,132.5,134.5,3326817
2025-03-07,129.5,129.5,135.0,129.5,133.0,4359998
2025-03-10,127.5,127.5,131.0,127.0,130.0,3394818
2025-03-11,127.0,127.0,128.0,123.0,125.0,3600527
2025-03-12,131.0,131.0,132.5,127.5,127.5,2304134
2025-03-13,126.0,126.0,133.0,126.0,131.5,5728131
2025-03-14,126.5,126.5,129.0,126.5,127.0,1823769
2025-03-17,127.0,127.0,129.5,126.5,128.0,1499183
2025-03-18,127.0,127.0,130.0,127.0,128.5,2212569
2025-03-19,128.5,128.5,131.0,127.0,128.0,3878318
2025-03-20,130.0,130.0,131.5,129.0,129.5,3439769
2025-03-21,133.5,133.5,137.0,131.5,132.0,8141560
2025-03-24,132.5,132.5,136.5,131.5,134.0,5329761
2025-03-25,131.5,131.5,135.0,130.5,134.0,5124669
2025-03-26,129.5,129.5,132.5,129.5,132.0,4035535
2025-03-27,125.0,125.0,130.0,123.0,124.0,7248471
2025-03-28,123.0,123.0,126.5,119.5,125.0,5218336
2025-03-31,117.0,117.0,121.0,117.0,118.5,3275314
2025-04-01,115.5,115.5,118.0,115.0,117.5,2485034
2025-04-02,116.5,116.5,117.5,114.0,116.5,2273455
2025-04-07,105.0,105.0,105.0,105.0,105.0,234936
2025-04-08,94.5,94.5,97.4,94.5,94.5,2800793
2025-04-09,85.1,85.1,87.9,85.1,85.2,2048905
2025-04-10,93.6,93.6,93.6,91.0,93.6,6214454
2025-04-11,93.5,93.5,93.7,85.2,87.3,6140049
2025-04-14,93.8,93.8,101.5,93.2,96.8,8081142
2025-04-15,103.0,103.0,103.0,94.1,95.3,4820509
2025-04-16,97.3,97.3,102.0,97.3,100.0,3939249
2025-04-17,97.7,97.7,98.9,95.7,97.3,3124782
2025-04-18,97.6,97.6,99.6,96.5,98.8,2175303
2025-04-21,97.3,97.3,99.8,97.1,99.0,3664451
2025-04-22,98.3,98.3,102.5,96.2,96.3,5473737
2025-04-23,102.0,102.0,105.5,101.0,101.5,4877088
2025-04-24,101.0,101.0,104.0,100.5,103.0,2687144
2025-04-25,101.0,101.0,103.5,100.0,103.0,2459765
2025-04-28,102.5,102.5,106.0,101.5,103.5,3838954
2025-04-29,106.0,106.0,106.5,103.0,103.5,2514900
2025-04-30,104.5,104.5,107.0,104.0,106.0,2231980
2025-05-02,100.0,100.0,105.0,99.7,104.5,4869538
2025-05-05,100.0,100.0,101.0,96.8,99.6,4217084
2025-05-06,98.9,98.9,100.0,96.8,99.0,4180038
2025-05-07,101.0,101.0,101.0,98.3,99.0,2867030
2025-05-08,101.0,101.0,102.0,100.0,101.0,1801784
2025-05-09,103.5,103.5,104.0,100.5,101.0,1714021
2025-05-12,102.0,102.0,103.5,100.5,103.0,1798099
2025-05-13,103.5,103.5,105.0,103.0,103.5,2005406
2025-05-14,104.5,104.5,105.0,102.0,104.0,1997350
2025-05-15,105.0,105.0,105.5,103.5,105.0,2143916
2025-05-16,103.0,103.0,105.0,101.5,105.0,3179760
2025-05-19,98.0,98.0,103.5,98.0,102.5,3747493
2025-05-20,99.2,99.2,100.5,98.7,99.1,1957414
2025-05-21,100.5,100.5,100.5,99.2,100.0,988367
2025-05-22,99.4,99.4,99.4,98.1,99.4,2123524
2025-05-23,98.2,98.2,101.0,98.2,100.0,2256260
2025-05-26,98.2,98.2,98.9,96.7,98.7,1620960
2025-05-27,96.4,96.4,98.1,96.1,98.1,1246618
2025-05-28,97.0,97.0,97.7,96.1,97.3,1473891
2025-05-29,97.5,97.5,98.6,96.4,97.7,1709266
2025-06-02,93.7,93.7,96.6,93.4,96.6,1838427
2025-06-03,94.5,94.5,95.0,94.2,94.4,1135301
2025-06-04,95.3,95.3,96.3,94.4,95.3,2249147
2025-06-05,96.3,96.3,96.3,93.0,95.0,2402539
2025-06-06,98.4,98.4,98.7,96.0,96.3,2101745
2025-06-09,95.6,95.6,98.7,94.3,98.4,1628081
2025-06-10,98.1,98.1,99.3,96.4,96.6,2347386
2025-06-11,97.8,97.8,99.0,96.5,98.8,1291594
2025-06-12,99.1,99.1,99.3,97.0,97.9,1201090
2025-06-13,95.9,95.9,98.3,95.7,98.3,1864176
2025-06-16,96.9,96.9,97.3,95.3,96.3,1181647
2025-06-17,96.5,96.5,98.2,95.0,97.2,3562186
2025-06-18,96.3,96.3,98.0,94.1,96.5,4524781
2025-06-19,95.9,95.9,96.9,95.2,96.3,2933521
2025-06-20,96.3,96.3,97.4,95.6,95.8,2722070
2025-06-23,97.3,97.3,97.3,94.3,95.2,1912023
2025-06-24,100.5,100.5,102.0,98.0,98.0,3585193
2025-06-25,100.0,100.0,102.0,99.9,100.5,2207094
2025-06-26,100.0,100.0,103.0,99.6,101.0,2656564
2025-06-27,98.6,98.6,101.0,98.6,100.0,2226419
2025-06-30,95.0,95.0,99.6,95.0,99.5,3997133
2025-07-01,94.3,94.3,96.4,94.1,95.6,2801239
2025-07-02,95.7,95.7,96.5,92.4,94.3,3443259
2025-07-03,100.0,100.0,100.0,96.2,96.5,3923874
2025-07-04,96.3,96.3,101.5,96.3,101.0,2565205
2025-07-07,96.9,96.9,97.4,94.4,97.2,1923083
2025-07-08,97.7,97.7,97.8,95.6,97.0,1365183
2025-07-09,98.8,98.8,99.5,97.1,97.7,2429517
2025-07-10,96.3,96.3,99.7,96.3,98.3,1522427
2025-07-11,96.1,96.1,96.6,95.4,96.4,982423
2025-07-14,93.0,93.0,96.4,93.0,96.4,1998658
2025-07-15,93.1,93.1,94.2,92.6,93.4,1812524
2025-07-16,93.4,93.4,94.7,93.0,93.5,1297511
2025-07-17,95.4,95.4,95.4,93.0,93.4,997539
2025-07-18,95.4,95.4,95.9,95.1,95.4,471689
2025-07-21,96.8,96.8,97.1,95.4,95.4,1018049
2025-07-22,93.2,93.2,97.0,93.0,96.8,1706928
2025-07-23,95.4,95.4,96.3,93.8,93.8,1265580
2025-07-24,96.9,96.9,97.0,95.4,95.5,1093626
2025-07-25,97.4,97.4,98.6,96.4,96.6,1065342
2025-07-28,98.8,98.8,99.5,97.5,97.5,1350966
2025-07-29,99.2,99.2,100.5,98.0,98.3,1770361
2025-07-30,100.0,100.0,103.5,98.9,103.0,4153672
2025-07-31,100.5,100.5,103.0,100.0,101.5,3265223
2025-08-01,110.5,110.5,110.5,99.2,99.8,7212359
2025-08-04,103.5,103.5,113.0,103.5,112.0,15273603
2025-08-05,104.0,104.0,105.0,103.5,104.0,3921951
2025-08-06,104.0,104.0,104.0,101.0,104.0,2781658
2025-08-07,104.0,104.0,106.5,102.5,105.5,2441212
2025-08-08,103.0,103.0,104.5,103.0,104.0,1375028
2025-08-11,103.0,103.0,104.0,102.5,104.0,1448209
2025-08-12,105.0,105.0,105.5,102.5,103.0,1925190
2025-08-13,105.0,105.0,107.0,103.5,105.5,1920136
2025-08-14,104.0,104.0,105.5,103.5,105.5,1334177
2025-08-15,105.0,105.0,106.0,104.0,104.5,1103524
2025-08-18,104.0,104.0,106.0,103.5,105.0,982153
2025-08-19,104.0,104.0,106.0,102.0,104.0,1331640
2025-08-20,100.5,100.5,104.0,100.5,103.5,1664837
2025-08-21,102.0,102.0,103.0,101.0,101.0,616974
2025-08-22,100.5,100.5,102.0,100.5,102.0,521606
2025-08-25,102.5,102.5,104.0,101.5,102.0,642484
2025-08-26,106.5,106.5,107.0,102.5,102.5,3000525
2025-08-27,106.5,106.5,107.0,105.0,106.5,1191432
2025-08-28,105.5,105.5,107.0,105.5,106.0,969436
2025-08-29,105.5,105.5,106.5,104.5,106.0,946618
2025-09-01,103.0,103.0,106.5,103.0,106.0,1426983
2025-09-02,103.0,103.0,104.0,101.5,104.0,804661
2025-09-03,105.0,105.0,105.5,103.0,104.0,872133
2025-09-04,104.0,104.0,106.0,104.0,105.5,877446
2025-09-05,103.5,103.5,105.0,103.5,104.5,511326
2025-09-08,104.0,104.0,104.5,103.5,104.5,437778
2025-09-09,103.0,103.0,104.5,102.0,104.5,1140505
2025-09-10,103.5,103.5,104.5,102.5,103.5,681930
2025-09-11,102.0,102.0,104.5,102.0,104.0,985650
2025-09-12,102.5,102.5,104.0,102.0,102.5,607993
2025-09-15,101.0,101.0,103.0,101.0,102.5,631065
2025-09-16,102.5,102.5,103.5,101.0,102.5,605941
2025-09-17,103.0,103.0,105.0,102.5,103.5,1707451
2025-09-18,104.5,104.5,105.5,103.5,103.5,1277419
2025-09-19,103.5,103.5,105.0,103.5,105.0,1277719
2025-09-22,103.0,103.0,104.0,102.5,104.0,1445262
2025-09-23,105.5,105.5,106.0,103.5,104.0,2397261
2025-09-24,105.5,105.5,106.0,104.0,105.5,759547
2025-09-25,102.0,102.0,106.0,102.0,105.5,2067430
2025-09-26,99.6,99.6,103.0,99.6,103.0,1525273
2025-09-30,101.0,101.0,102.0,99.3,101.0,1074386
2025-10-01,100.0,100.0,101.5,99.8,101.5,806485
2025-10-02,101.0,101.0,101.5,100.0,101.0,789324
2025-10-03,100.0,100.0,101.0,99.6,101.0,742742
2025-10-07,101.5,101.5,102.0,99.9,100.0,593385
2025-10-08,100.5,100.5,101.0,99.7,100.0,882999
2025-10-09,100.0,100.0,101.5,100.0,100.5,777797
2025-10-13,98.4,98.4,98.5,96.0,97.5,1073803
2025-10-14,96.4,96.4,100.5,96.0,99.1,1317553
2025-10-15,97.4,97.4,97.5,96.6,97.0,1032169
2025-10-16,98.5,98.5,98.8,97.7,97.8,893637
2025-10-17,98.0,98.0,98.7,97.7,98.0,432772
2025-10-20,98.0,98.0,99.0,97.9,98.1,549927
2025-10-21,99.0,99.0,99.7,98.2,98.2,750525
2025-10-22,99.0,99.0,99.8,98.6,99.0,529849
2025-10-23,99.4,99.4,99.9,99.0,99.0,539931
2025-10-27,98.6,98.6,100.0,98.0,100.0,1263651
2025-10-28,97.8,97.8,100.0,97.6,99.2,786157
2025-10-29,98.6,98.6,100.0,98.0,98.1,943058
2025-10-30,98.9,98.9,100.5,98.4,98.6,1473810
2025-10-31,99.1,99.1,100.0,97.7,99.5,930769
2025-11-03,91.0,91.0,97.5,90.7,97.0,6027901
2025-11-04,85.9,85.9,91.2,85.9,91.1,4995549
2025-11-05,84.3,84.3,85.6,83.1,85.1,3576460
2025-11-06,84.9,84.9,87.3,84.1,85.7,2574651
2025-11-07,82.8,82.8,85.0,82.6,85.0,2696408
2025-11-10,81.7,81.7,83.4,81.6,83.0,2286519
2025-11-11,81.7,81.7,82.5,81.6,81.8,1617114
2025-11-12,83.6,83.6,83.8,81.7,81.7,1691210
2025-11-13,83.9,83.9,84.0,82.5,83.6,1339220
2025-11-14,81.7,81.7,84.3,81.7,83.6,1509166
2025-11-17,81.5,81.5,82.4,81.0,82.0,697664
2025-11-18,80.2,80.2,81.4,79.9,81.4,1393642
2025-11-19,79.5,79.5,81.1,79.1,81.1,1248085
2025-11-20,80.5,80.5,80.9,79.8,80.5,973362
2025-11-21,80.9,80.9,81.4,79.5,79.7,918750
2025-11-24,81.8,81.8,81.9,80.7,81.6,1258030
2025-11-25,81.2,81.2,82.1,81.1,82.0,509764
2025-11-26,83.2,83.2,83.2,81.3,81.3,722576
2025-11-27,83.3,83.3,83.5,82.8,83.0,375711
2025-11-28,82.4,82.4,83.3,82.4,82.9,467675
2025-12-01,82.4,82.4,83.3,82.1,82.4,233375
2025-12-02,82.5,82.5,83.1,82.3,83.0,390580
2025-12-03,84.2,84.2,85.3,82.9,82.9,1736436
2025-12-04,83.5,83.5,84.5,83.2,84.3,744888
2025-12-05,83.5,83.5,84.4,82.5,83.9,625854
2025-12-08,84.3,84.3,84.4,83.5,83.5,684241
2025-12-09,82.9,82.9,84.3,82.8,84.3,700875
2025-12-10,82.7,82.7,83.2,82.5,83.0,503512
2025-12-11,82.4,82.4,83.8,81.7,82.7,815982
2025-12-12,82.2,82.2,84.5,82.2,82.9,1040443
2025-12-15,82.2,82.2,83.5,81.5,81.8,959459
2025-12-16,80.6,80.6,82.5,80.4,81.7,1053730
2025-12-17,80.1,80.1,82.3,79.8,80.6,2127148
2025-12-18,80.7,80.7,81.1,80.0,80.8,740145
2025-12-19,81.5,81.5,81.5,80.2,80.9,666390
2025-12-22,82.6,82.6,82.7,81.5,82.0,509197
2025-12-23,81.0,81.0,82.7,81.0,82.6,801905
2025-12-24,81.6,81.6,83.6,81.6,81.8,1114878
2025-12-26,80.1,80.1,81.9,80.0,81.8,1921775
2025-12-29,80.1,80.1,81.3,80.0,80.2,1621420
2025-12-30,79.4,79.4,80.4,78.8,80.4,2484978
2025-12-31,79.6,79.6,80.4,79.1,79.7,1755107
2026-01-02,79.6,79.6,81.0,79.4,80.6,1746404
2026-01-05,81.0,81.0,84.2,80.2,80.2,6864923
2026-01-06,77.2,77.2,81.6,77.2,81.6,10976695
2026-01-07,79.6,79.6,80.3,78.4,79.6,5909375
2026-01-08,78.8,78.8,80.4,78.5,80.3,2329900
2026-01-09,78.5,78.5,78.7,77.4,78.2,2827754
2026-01-12,79.9,79.9,80.2,78.0,78.6,3394180
2026-01-13,77.6,77.6,80.5,77.4,80.3,5659730
2026-01-14,78.9,78.9,79.5,78.5,78.6,4926419
2026-01-15,78.5,78.5,78.9,77.7,78.9,2633985
2026-01-16,78.6,78.6,79.4,78.3,78.8,1886719
2026-01-19,80.6,80.6,81.3,79.3,79.4,4683128
2026-01-20,81.4,81.4,82.3,80.5,80.6,4500637
2026-01-21,81.2,81.2,82.4,80.4,80.8,3657251
2026-01-22,82.7,82.7,84.6,81.4,82.3,5138891
2026-01-23,84.4,84.4,85.0,82.6,83.2,6290978
2026-01-26,83.6,83.6,86.9,83.3,85.2,8413306
2026-01-27,83.4,83.4,85.1,83.2,84.3,4350930
2026-01-28,83.0,83.0,84.9,82.9,84.0,3935963
2026-01-29,82.8,82.8,84.6,82.6,83.1,4251481
2026-01-30,85.9,85.9,86.4,82.2,83.0,11245854
2026-02-02,83.5,83.5,89.0,83.1,84.9,11199417
2026-02-03,84.0,84.0,85.9,83.4,84.1,5801533
2026-02-04,86.0,86.0,86.1,83.2,83.9,4328801
2026-02-05,83.7,83.7,85.8,83.7,85.7,4586930
2026-02-06,82.3,82.3,83.3,80.6,83.2,3787571
2026-02-09,82.7,82.7,84.1,82.4,83.9,2020739
2026-02-10,82.4,82.4,83.4,80.5,83.4,4147310
2026-02-11,82.2,82.2,82.5,81.2,82.1,3184945
2026-02-23,83.8,83.8,84.3,82.5,83.0,2903609
2026-02-24,83.4,83.4,84.5,82.9,84.3,3158420
2026-02-25,82.9,82.9,83.6,82.5,83.5,2357795
2026-02-26,83.1,83.1,84.4,82.3,83.3,3717163
2026-03-02,83.2,83.2,84.2,81.2,82.0,2550112
2026-03-03,81.8,81.8,85.2,81.7,83.3,3221316
2026-03-04,77.7,77.7,81.3,77.7,81.3,4499347
2026-03-05,78.6,78.6,80.4,78.5,79.7,1788367
2026-03-06,79.6,79.6,80.5,77.8,78.5,1969208
2026-03-09,75.9,75.9,77.1,75.0,77.1,2753984
2026-03-10,77.0,77.0,78.0,76.0,77.5,1642876
2026-03-11,77.3,77.3,78.1,76.3,76.5,2878847
2026-03-12,78.8,78.8,79.1,76.7,77.1,2001039
2026-03-13,78.0,78.0,78.5,77.5,78.1,1634191
2026-03-16,78.8,78.8,79.2,77.4,78.7,1190048
2026-03-17,80.2,80.2,81.0,79.1,79.1,1656136
2026-03-18,79.5,79.5,81.0,79.2,81.0,2246665
2026-03-19,79.5,79.5,80.6,78.2,78.2,1649586
2026-03-20,79.1,79.1,81.1,79.1,79.2,2288850
2026-03-23,76.8,76.8,78.3,76.2,77.3,1690064
2026-03-24,76.1,76.1,78.2,75.8,78.2,1879595
2026-03-25,76.5,76.5,77.7,76.1,77.5,1167389
2026-03-26,75.2,75.2,78.4,75.1,77.3,2591901
2026-03-27,78.0,78.0,78.2,74.9,75.3,3538358
2026-03-30,76.5,76.5,77.6,75.9,76.3,1743503
2026-03-31,75.0,75.0,78.0,75.0,75.8,1999704
2026-04-01,76.6,76.6,77.6,75.9,76.5,3194372
2026-04-02,79.8,79.8,81.9,77.5,78.4,8389602
2026-04-07,78.9,78.9,80.5,78.4,79.8,4801411
2026-04-08,81.6,81.6,83.6,81.2,82.6,8739271
2026-04-09,86.4,86.4,87.0,78.6,80.1,21999580
2026-04-10,84.1,84.1,87.5,83.6,87.5,12108423
2026-04-13,84.3,84.3,85.2,82.8,84.0,7894588
2026-04-14,81.7,81.7,85.1,81.5,85.0,8163154
2026-04-15,82.5,82.5,83.3,81.7,81.8,3461827
2026-04-16,83.5,83.5,83.9,82.7,83.1,2751214
2026-04-17,82.2,82.2,85.4,82.1,84.1,5254314
2026-04-20,83.3,83.3,83.8,82.6,83.0,2458575
2026-04-21,83.6,83.6,84.4,82.8,83.7,3285530
2026-04-22,84.3,84.3,84.9,83.2,83.8,3438414
2026-04-23,81.4,81.4,84.9,79.5,84.7,5789133
2026-04-24,78.8,78.8,82.3,78.7,82.3,3903024
2026-04-27,77.4,77.4,79.5,76.4,79.5,4323781
2026-04-28,77.0,77.0,78.2,76.8,78.2,3232458
2026-04-29,77.2,77.2,78.5,76.6,77.6,2483491
2026-04-30,76.5,76.5,78.2,76.5,77.5,1915989
2026-05-04,77.7,77.7,77.9,77.0,77.9,2118812
2026-05-05,79.2,79.2,79.2,77.3,77.9,2722950
2026-05-06,78.4,78.4,79.9,77.5,79.9,4823943
2026-05-07,80.3,80.3,83.7,79.5,81.5,12667987
2026-05-08,85.1,85.1,86.0,80.6,80.6,17005673
2026-05-11,87.3,87.3,87.5,84.3,86.3,9544854
2026-05-12,88.2,88.2,89.2,86.5,87.6,7550596
2026-05-13,79.4,79.4,81.2,79.4,81.1,19282992
2026-05-14,77.7,77.7,79.5,76.2,79.5,10026956
2026-05-15,77.6,77.6,79.4,77.5,78.7,4791548
2026-05-18,77.6,77.6,78.9,77.0,77.6,3355987
2026-05-19,79.5,79.5,81.5,78.2,78.4,8706611
2026-05-20,81.8,81.8,82.6,78.8,80.1,7213178
2026-05-21,83.0,83.0,83.5,81.5,82.8,4445659
2026-05-22,85.1,85.1,86.1,82.9,83.5,5975457
2026-05-25,86.4,86.4,87.4,85.1,86.8,4547505
2026-05-26,84.6,84.6,87.3,84.1,87.0,4089272
2026-05-27,83.3,83.3,86.0,83.0,86.0,3902868
2026-05-28,84.7,84.7,87.5,83.9,84.6,5807866
2026-05-29,86.7,86.7,87.1,85.1,87.1,3895386
2026-06-01,90.1,90.1,91.9,86.6,88.0,11283482
2026-06-02,93.3,93.3,93.4,88.7,90.0,11064049
2026-06-03,92.1,92.1,94.5,91.0,94.5,6769454
2026-06-04,88.9,88.9,92.0,87.8,90.9,5189742
2026-06-05,89.6,89.6,90.8,88.3,89.8,4060003
2026-06-08,84.3,84.3,84.9,81.3,81.3,4061479
2026-06-09,84.9,84.9,85.3,83.6,85.0,3358943
2026-06-10,84.0,84.0,89.0,83.8,85.4,4904100
2026-06-11,86.1,86.1,87.1,84.3,84.8,4503860
2026-06-12,85.3,85.3,89.3,85.3,88.6,3598847
2026-06-15,86.5,86.5,87.0,84.8,87.0,2382296
2026-06-16,84.2,84.2,86.9,84.2,86.5,2477218
2026-06-17,85.3,85.3,85.3,83.6,84.0,2199574
2026-06-18,84.2,84.2,86.0,84.0,85.7,3102958
2026-06-22,82.4,82.4,84.3,82.2,84.2,4317474
2026-06-23,79.9,79.9,83.7,79.7,83.3,4144148
2026-06-24,81.7,81.7,82.0,79.1,79.1,2253864
2026-06-25,80.2,80.2,83.2,80.1,82.4,4066418
2026-06-26,76.6,76.6,80.0,76.6,80.0,5447718
2026-06-29,77.4,77.4,78.2,76.2,76.5,1715271
2026-06-30,80.8,80.8,80.8,77.6,78.3,2788582
2026-07-01,79.6,79.6,81.2,79.0,81.2,2583758
2026-07-02,80.5,80.5,82.0,79.8,80.2,3607425
2026-07-03,81.6,81.6,81.8,80.2,80.3,1944820
2026-07-06,81.4,81.4,82.9,81.1,82.0,1930063
2026-07-07,83.4,83.4,87.9,83.1,85.8,12383423
2026-07-08,83.1,83.1,85.4,82.0,84.6,3602242
2026-07-09,84.6,84.6,87.5,83.9,83.9,6420235
2026-07-13,85.4,85.4,86.3,84.2,86.3,3975298
2026-07-14,85.7,85.7,85.8,82.8,84.4,4439309
2026-07-15,89.4,89.4,91.1,86.4,86.5,13182437
2026-07-16,86.6,86.6,89.2,86.5,88.8,5017963
2026-07-17,83.3,83.3,86.2,83.1,85.0,4564591
2026-07-20,82.8,82.8,84.6,81.8,83.5,3021772
2026-07-21,85.1,85.1,85.4,83.1,83.1,2783991
2026-07-22,87.2,87.2,87.7,86.0,86.2,3680007
2026-07-23,89.1,89.1,89.3,87.7,87.9,5259527
2026-07-24,88.7,88.7,90.5,87.9,88.5,3607945
2026-07-27,90.6,90.6,94.7,89.7,89.8,10755390
2026-07-28,86.4,86.4,90.0,86.2,88.2,4970904
2026-07-29,81.9,81.9,87.8,79.2,87.6,7966935
2026-07-30,79.1,79.1,82.1,78.8,81.4,4462046
2026-07-31,82.3,82.3,84.3,81.5,83.2,6868763
2026-08-03,87.4,87.4,88.5,81.7,82.3,5776546
2026-08-04,89.2,89.2,89.6,86.3,86.4,2752969
2026-08-05,91.6,91.6,92.8,89.7,90.0,5001820
2026-08-06,91.8,91.8,92.2,89.9,91.3,2815297
2026-08-07,91.4,91.4,95.0,90.5,94.6,5068086
2026-08-10,93.6,93.6,94.7,90.7,93.1,4818108
2026-08-11,91.1,91.1,94.1,91.0,93.6,3697798
2026-08-12,82.4,82.4,88.7,82.0,88.7,19410824
2026-08-13,81.1,81.1,82.4,80.4,82.3,9499354
2026-08-14,79.8,79.8,81.2,79.2,81.2,8550021
2026-08-17,79.3,79.3,80.8,78.9,80.8,3598243
2026-08-18,78.1,78.1,80.0,78.1,79.8,4471274
2026-08-19,78.4,78.4,79.2,77.0,77.4,3304135
2026-08-20,77.6,77.6,79.4,77.3,79.4,4463556
2026-08-21,77.6,77.6,78.4,77.5,77.9,2412760
2026-08-24,77.6,77.6,78.6,77.6,77.9,2131146
2026-08-25,77.1,77.1,78.3,76.5,78.3,3351309
2026-08-26,77.4,77.4,77.9,76.8,77.7,2553064
2026-08-27,77.5,77.5,78.5,77.5,78.1,2407979
2026-08-28,77.5,77.5,78.4,77.5,78.2,1778427
2026-08-31,77.2,77.2,78.1,76.9,77.5,2535881
2026-09-01,77.1,77.1,77.9,77.1,77.9,2276326
2026-09-02,76.8,76.8,77.5,76.8,77.5,1906533
2026-09-03,75.1,75.1,77.7,75.0,77.5,5028064
2026-09-04,75.6,75.6,75.8,74.4,75.1,2650839
2026-09-07,75.3,75.3,76.0,74.6,76.0,1632581
2026-09-08,73.5,73.5,75.8,73.3,75.7,4057357
2026-09-09,73.0,73.0,73.8,72.8,73.8,1989934
