Date,Adj Close,Close,High,Low,Open,Volume
2016-08-12,27.35,27.35,27.65,27.2,27.6,273930
2016-08-15,27.35,27.35,27.65,27.2,27.6,273930
2016-08-16,27.35,27.35,27.65,27.2,27.6,273930
2016-08-17,27.35,27.35,27.65,27.2,27.6,273930
2016-08-18,27.35,27.35,27.65,27.2,27.6,273930
2016-08-19,27.35,27.35,27.65,27.2,27.6,273930
2016-08-22,27.35,27.35,27.65,27.2,27.6,273930
2016-08-23,27.35,27.35,27.65,27.2,27.6,273930
2016-08-24,27.35,27.35,27.65,27.2,27.6,273930
2016-08-25,27.35,27.35,27.65,27.2,27.6,273930
2016-08-26,27.35,27.35,27.65,27.2,27.6,273930
2016-08-29,27.35,27.35,27.65,27.2,27.6,273930
2016-08-30,27.35,27.35,27.65,27.2,27.6,273930
2016-08-31,27.35,27.35,27.65,27.2,27.6,273930
2016-09-01,27.35,27.35,27.65,27.2,27.6,273930
2016-09-02,27.35,27.35,27.65,27.2,27.6,273930
2016-09-05,27.35,27.35,27.65,27.2,27.6,273930
2016-09-06,27.35,27.35,27.65,27.2,27.6,273930
2016-09-07,27.35,27.35,27.65,27.2,27.6,273930
2016-09-08,27.35,27.35,27.65,27.2,27.6,273930
2016-09-09,27.35,27.35,27.65,27.2,27.6,273930
2016-09-12,27.35,27.35,27.65,27.2,27.6,273930
2016-09-13,27.35,27.35,27.65,27.2,27.6,273930
2016-09-14,27.35,27.35,27.65,27.2,27.6,273930
2016-09-19,27.35,27.35,27.65,27.2,27.6,273930
2016-09-20,27.35,27.35,27.65,27.2,27.6,273930
2016-09-21,27.35,27.35,27.65,27.2,27.6,273930
2016-09-22,27.35,27.35,27.65,27.2,27.6,273930
2016-09-23,27.35,27.35,27.65,27.2,27.6,273930
2016-09-26,27.35,27.35,27.65,27.2,27.6,273930
2016-09-29,27.35,27.35,27.65,27.2,27.6,273930
2016-09-30,27.35,27.35,27.65,27.2,27.6,273930
2016-10-03,27.35,27.35,27.65,27.2,27.6,273930
2016-10-04,27.35,27.35,27.65,27.2,27.6,273930
2016-10-05,27.35,27.35,27.65,27.2,27.6,273930
2016-10-06,27.35,27.35,27.65,27.2,27.6,273930
2016-10-07,27.35,27.35,27.65,27.2,27.6,273930
2016-10-11,27.35,27.35,27.65,27.2,27.6,273930
2016-10-12,27.35,27.35,27.65,27.2,27.6,273930
2016-10-13,27.35,27.35,27.65,27.2,27.6,273930
2016-10-14,27.35,27.35,27.65,27.2,27.6,273930
2016-10-17,27.35,27.35,27.65,27.2,27.6,273930
2016-10-18,27.35,27.35,27.65,27.2,27.6,273930
2016-10-19,27.35,27.35,27.65,27.2,27.6,273930
2016-10-20,27.35,27.35,27.65,27.2,27.6,273930
2016-10-21,27.35,27.35,27.65,27.2,27.6,273930
2016-10-24,27.35,27.35,27.65,27.2,27.6,273930
2016-10-25,27.35,27.35,27.65,27.2,27.6,273930
2016-10-26,27.35,27.35,27.65,27.2,27.6,273930
2016-10-27,27.35,27.35,27.65,27.2,27.6,273930
2016-10-28,27.35,27.35,27.65,27.2,27.6,273930
2016-10-31,27.35,27.35,27.65,27.2,27.6,273930
2016-11-01,27.35,27.35,27.65,27.2,27.6,273930
2016-11-02,27.35,27.35,27.65,27.2,27.6,273930
2016-11-03,27.35,27.35,27.65,27.2,27.6,273930
2016-11-04,27.35,27.35,27.65,27.2,27.6,273930
2016-11-07,27.35,27.35,27.65,27.2,27.6,273930
2016-11-08,27.35,27.35,27.65,27.2,27.6,273930
2016-11-09,27.35,27.35,27.65,27.2,27.6,273930
2016-11-10,27.35,27.35,27.65,27.2,27.6,273930
2016-11-11,27.35,27.35,27.65,27.2,27.6,273930
2016-11-14,27.35,27.35,27.65,27.2,27.6,273930
2016-11-15,27.35,27.35,27.65,27.2,27.6,273930
2016-11-16,27.35,27.35,27.65,27.2,27.6,273930
2016-11-17,27.35,27.35,27.65,27.2,27.6,273930
2016-11-18,27.35,27.35,27.65,27.2,27.6,273930
2016-11-21,27.35,27.35,27.65,27.2,27.6,273930
2016-11-22,27.35,27.35,27.65,27.2,27.6,273930
2016-11-23,27.35,27.35,27.65,27.2,27.6,273930
2016-11-24,27.35,27.35,27.65,27.2,27.6,273930
2016-11-25,27.35,27.35,27.65,27.2,27.6,273930
2016-11-28,27.35,27.35,27.65,27.2,27.6,273930
2016-11-29,27.35,27.35,27.65,27.2,27.6,273930
2016-11-30,27.35,27.35,27.65,27.2,27.6,273930
2016-12-01,27.35,27.35,27.65,27.2,27.6,273930
2016-12-02,27.35,27.35,27.65,27.2,27.6,273930
2016-12-05,27.35,27.35,27.65,27.2,27.6,273930
2016-12-06,27.35,27.35,27.65,27.2,27.6,273930
2016-12-07,27.35,27.35,27.65,27.2,27.6,273930
2016-12-08,27.35,27.35,27.65,27.2,27.6,273930
2016-12-09,27.35,27.35,27.65,27.2,27.6,273930
2016-12-12,27.35,27.35,27.65,27.2,27.6,273930
2016-12-13,27.35,27.35,27.65,27.2,27.6,273930
2016-12-14,27.35,27.35,27.65,27.2,27.6,273930
2016-12-15,27.35,27.35,27.65,27.2,27.6,273930
2016-12-16,27.35,27.35,27.65,27.2,27.6,273930
2016-12-19,27.35,27.35,27.65,27.2,27.6,273930
2016-12-20,27.35,27.35,27.65,27.2,27.6,273930
2016-12-21,27.35,27.35,27.65,27.2,27.6,273930
2016-12-22,27.35,27.35,27.65,27.2,27.6,273930
2016-12-23,27.35,27.35,27.65,27.2,27.6,273930
2016-12-26,27.35,27.35,27.65,27.2,27.6,273930
2016-12-27,27.35,27.35,27.65,27.2,27.6,273930
2016-12-28,27.35,27.35,27.65,27.2,27.6,273930
2016-12-29,27.35,27.35,27.65,27.2,27.6,273930
2016-12-30,27.35,27.35,27.65,27.2,27.6,273930
2017-01-03,27.35,27.35,27.65,27.2,27.6,273930
2017-01-04,27.35,27.35,27.65,27.2,27.6,273930
2017-01-05,27.35,27.35,27.65,27.2,27.6,273930
2017-01-06,27.35,27.35,27.65,27.2,27.6,273930
2017-01-09,27.35,27.35,27.65,27.2,27.6,273930
2017-01-10,27.35,27.35,27.65,27.2,27.6,273930
2017-01-11,27.35,27.35,27.65,27.2,27.6,273930
2017-01-12,27.35,27.35,27.65,27.2,27.6,273930
2017-01-13,27.35,27.35,27.65,27.2,27.6,273930
2017-01-16,27.35,27.35,27.65,27.2,27.6,273930
2017-01-17,27.35,27.35,27.65,27.2,27.6,273930
2017-01-18,27.35,27.35,27.65,27.2,27.6,273930
2017-01-19,27.35,27.35,27.65,27.2,27.6,273930
2017-01-20,27.35,27.35,27.65,27.2,27.6,273930
2017-01-23,27.35,27.35,27.65,27.2,27.6,273930
2017-01-24,27.35,27.35,27.65,27.2,27.6,273930
2017-02-02,27.35,27.35,27.65,27.2,27.6,273930
2017-02-03,27.35,27.35,27.65,27.2,27.6,273930
2017-02-06,27.35,27.35,27.65,27.2,27.6,273930
2017-02-07,27.35,27.35,27.65,27.2,27.6,273930
2017-02-08,27.35,27.35,27.65,27.2,27.6,273930
2017-02-09,27.35,27.35,27.65,27.2,27.6,273930
2017-02-10,27.35,27.35,27.65,27.2,27.6,273930
2017-02-13,27.35,27.35,27.65,27.2,27.6,273930
2017-02-14,27.35,27.35,27.65,27.2,27.6,273930
2017-02-15,27.35,27.35,27.65,27.2,27.6,273930
2017-02-16,27.35,27.35,27.65,27.2,27.6,273930
2017-02-17,27.35,27.35,27.65,27.2,27.6,273930
2017-02-20,27.35,27.35,27.65,27.2,27.6,273930
2017-02-21,27.35,27.35,27.65,27.2,27.6,273930
2017-02-22,27.35,27.35,27.65,27.2,27.6,273930
2017-02-23,27.35,27.35,27.65,27.2,27.6,273930
2017-02-24,27.35,27.35,27.65,27.2,27.6,273930
2017-03-01,27.35,27.35,27.65,27.2,27.6,273930
2017-03-02,27.35,27.35,27.65,27.2,27.6,273930
2017-03-03,27.35,27.35,27.65,27.2,27.6,273930
2017-03-06,27.35,27.35,27.65,27.2,27.6,273930
2017-03-07,27.35,27.35,27.65,27.2,27.6,273930
2017-03-08,27.35,27.35,27.65,27.2,27.6,273930
2017-03-09,27.35,27.35,27.65,27.2,27.6,273930
2017-03-10,27.35,27.35,27.65,27.2,27.6,273930
2017-03-13,27.35,27.35,27.65,27.2,27.6,273930
2017-03-14,27.35,27.35,27.65,27.2,27.6,273930
2017-03-15,27.35,27.35,27.65,27.2,27.6,273930
2017-03-16,27.35,27.35,27.65,27.2,27.6,273930
2017-03-17,27.35,27.35,27.65,27.2,27.6,273930
2017-03-20,27.35,27.35,27.65,27.2,27.6,273930
2017-03-21,27.35,27.35,27.65,27.2,27.6,273930
2017-03-22,27.35,27.35,27.65,27.2,27.6,273930
2017-03-23,27.35,27.35,27.65,27.2,27.6,273930
2017-03-24,27.35,27.35,27.65,27.2,27.6,273930
2017-03-27,27.35,27.35,27.65,27.2,27.6,273930
2017-03-28,27.35,27.35,27.65,27.2,27.6,273930
2017-03-29,27.35,27.35,27.65,27.2,27.6,273930
2017-03-30,27.35,27.35,27.65,27.2,27.6,273930
2017-03-31,27.35,27.35,27.65,27.2,27.6,273930
2017-04-05,27.35,27.35,27.65,27.2,27.6,273930
2017-04-06,27.35,27.35,27.65,27.2,27.6,273930
2017-04-07,27.35,27.35,27.65,27.2,27.6,273930
2017-04-10,27.35,27.35,27.65,27.2,27.6,273930
2017-04-11,27.35,27.35,27.65,27.2,27.6,273930
2017-04-12,27.35,27.35,27.65,27.2,27.6,273930
2017-04-13,27.35,27.35,27.65,27.2,27.6,273930
2017-04-14,27.35,27.35,27.65,27.2,27.6,273930
2017-04-17,27.35,27.35,27.65,27.2,27.6,273930
2017-04-18,27.35,27.35,27.65,27.2,27.6,273930
2017-04-19,27.35,27.35,27.65,27.2,27.6,273930
2017-04-21,27.35,27.35,27.65,27.2,27.6,273930
2017-04-24,27.35,27.35,27.65,27.2,27.6,273930
2017-04-25,27.35,27.35,27.65,27.2,27.6,273930
2017-04-26,27.35,27.35,27.65,27.2,27.6,273930
2017-04-27,27.35,27.35,27.65,27.2,27.6,273930
2017-04-28,27.35,27.35,27.65,27.2,27.6,273930
2017-05-02,27.35,27.35,27.65,27.2,27.6,273930
2017-05-03,27.35,27.35,27.65,27.2,27.6,273930
2017-05-04,27.35,27.35,27.65,27.2,27.6,273930
2017-05-05,27.35,27.35,27.65,27.2,27.6,273930
2017-05-08,27.35,27.35,27.65,27.2,27.6,273930
2017-05-09,27.35,27.35,27.65,27.2,27.6,273930
2017-05-10,27.35,27.35,27.65,27.2,27.6,273930
2017-05-11,27.35,27.35,27.65,27.2,27.6,273930
2017-05-12,27.35,27.35,27.65,27.2,27.6,273930
2017-05-15,27.35,27.35,27.65,27.2,27.6,273930
2017-05-16,27.35,27.35,27.65,27.2,27.6,273930
2017-05-17,27.35,27.35,27.65,27.2,27.6,273930
2017-05-18,27.35,27.35,27.65,27.2,27.6,273930
2017-05-19,27.35,27.35,27.65,27.2,27.6,273930
2017-05-22,27.35,27.35,27.65,27.2,27.6,273930
2017-05-23,27.35,27.35,27.65,27.2,27.6,273930
2017-05-24,27.35,27.35,27.65,27.2,27.6,273930
2017-05-25,27.35,27.35,27.65,27.2,27.6,273930
2017-05-26,27.35,27.35,27.65,27.2,27.6,273930
2017-05-31,27.35,27.35,27.65,27.2,27.6,273930
2017-06-01,27.35,27.35,27.65,27.2,27.6,273930
2017-06-02,27.35,27.35,27.65,27.2,27.6,273930
2017-06-05,27.35,27.35,27.65,27.2,27.6,273930
2017-06-06,27.35,27.35,27.65,27.2,27.6,273930
2017-06-07,27.35,27.35,27.65,27.2,27.6,273930
2017-06-08,27.35,27.35,27.65,27.2,27.6,273930
2017-06-09,27.35,27.35,27.65,27.2,27.6,273930
2017-06-12,27.35,27.35,27.65,27.2,27.6,273930
2017-06-13,27.35,27.35,27.65,27.2,27.6,273930
2017-06-14,27.35,27.35,27.65,27.2,27.6,273930
2017-06-15,27.35,27.35,27.65,27.2,27.6,273930
2017-06-16,27.35,27.35,27.65,27.2,27.6,273930
2017-06-19,27.35,27.35,27.65,27.2,27.6,273930
2017-06-20,27.35,27.35,27.65,27.2,27.6,273930
2017-06-21,27.35,27.35,27.65,27.2,27.6,273930
2017-06-22,27.35,27.35,27.65,27.2,27.6,273930
2017-06-23,27.35,27.35,27.65,27.2,27.6,273930
2017-06-26,27.35,27.35,27.65,27.2,27.6,273930
2017-06-27,27.35,27.35,27.65,27.2,27.6,273930
2017-06-28,27.35,27.35,27.65,27.2,27.6,273930
2017-06-29,27.35,27.35,27.65,27.2,27.6,273930
2017-06-30,27.35,27.35,27.65,27.2,27.6,273930
2017-07-03,27.35,27.35,27.65,27.2,27.6,273930
2017-07-04,27.35,27.35,27.65,27.2,27.6,273930
2017-07-05,27.35,27.35,27.65,27.2,27.6,273930
2017-07-06,27.35,27.35,27.65,27.2,27.6,273930
2017-07-07,27.35,27.35,27.65,27.2,27.6,273930
2017-07-10,27.35,27.35,27.65,27.2,27.6,273930
2017-07-11,27.35,27.35,27.65,27.2,27.6,273930
2017-07-12,27.35,27.35,27.65,27.2,27.6,273930
2017-07-13,27.35,27.35,27.65,27.2,27.6,273930
2017-07-14,27.35,27.35,27.65,27.2,27.6,273930
2017-07-17,27.35,27.35,27.65,27.2,27.6,273930
2017-07-18,27.35,27.35,27.65,27.2,27.6,273930
2017-07-19,27.35,27.35,27.65,27.2,27.6,273930
2017-07-20,27.35,27.35,27.65,27.2,27.6,273930
2017-07-21,27.35,27.35,27.65,27.2,27.6,273930
2017-07-24,27.35,27.35,27.65,27.2,27.6,273930
2017-07-25,27.35,27.35,27.65,27.2,27.6,273930
2017-07-26,27.35,27.35,27.65,27.2,27.6,273930
2017-07-27,27.35,27.35,27.65,27.2,27.6,273930
2017-07-28,27.35,27.35,27.65,27.2,27.6,273930
2017-07-31,27.35,27.35,27.65,27.2,27.6,273930
2017-08-01,27.35,27.35,27.65,27.2,27.6,273930
2017-08-02,27.35,27.35,27.65,27.2,27.6,273930
2017-08-03,27.35,27.35,27.65,27.2,27.6,273930
2017-08-04,27.35,27.35,27.65,27.2,27.6,273930
2017-08-07,27.35,27.35,27.65,27.2,27.6,273930
2017-08-08,27.35,27.35,27.65,27.2,27.6,273930
2017-08-09,27.35,27.35,27.65,27.2,27.6,273930
2017-08-10,27.35,27.35,27.65,27.2,27.6,273930
2017-08-11,27.35,27.35,27.65,27.2,27.6,273930
2017-08-14,27.35,27.35,27.65,27.2,27.6,273930
2017-08-15,27.35,27.35,27.65,27.2,27.6,273930
2017-08-16,27.35,27.35,27.65,27.2,27.6,273930
2017-08-17,27.35,27.35,27.65,27.2,27.6,273930
2017-08-18,27.35,27.35,27.65,27.2,27.6,273930
2017-08-21,27.35,27.35,27.65,27.2,27.6,273930
2017-08-22,27.35,27.35,27.65,27.2,27.6,273930
2017-08-23,27.35,27.35,27.65,27.2,27.6,273930
2017-08-24,27.35,27.35,27.65,27.2,27.6,273930
2017-08-25,27.35,27.35,27.65,27.2,27.6,273930
2017-08-28,27.35,27.35,27.65,27.2,27.6,273930
2017-08-29,27.35,27.35,27.65,27.2,27.6,273930
2017-08-30,27.35,27.35,27.65,27.2,27.6,273930
2017-08-31,27.35,27.35,27.65,27.2,27.6,273930
2017-09-01,27.35,27.35,27.65,27.2,27.6,273930
2017-09-04,27.35,27.35,27.65,27.2,27.6,273930
2017-09-05,27.35,27.35,27.65,27.2,27.6,273930
2017-09-06,27.35,27.35,27.65,27.2,27.6,273930
2017-09-07,27.35,27.35,27.65,27.2,27.6,273930
2017-09-08,27.35,27.35,27.65,27.2,27.6,273930
2017-09-11,27.35,27.35,27.65,27.2,27.6,273930
2017-09-12,27.35,27.35,27.65,27.2,27.6,273930
2017-09-13,27.35,27.35,27.65,27.2,27.6,273930
2017-09-14,27.35,27.35,27.65,27.2,27.6,273930
2017-09-15,27.35,27.35,27.65,27.2,27.6,273930
2017-09-18,27.35,27.35,27.65,27.2,27.6,273930
2017-09-19,27.35,27.35,27.65,27.2,27.6,273930
2017-09-20,27.35,27.35,27.65,27.2,27.6,273930
2017-09-21,27.35,27.35,27.65,27.2,27.6,273930
2017-09-22,27.35,27.35,27.65,27.2,27.6,273930
2017-09-25,27.35,27.35,27.65,27.2,27.6,273930
2017-09-26,27.35,27.35,27.65,27.2,27.6,273930
2017-09-27,27.35,27.35,27.65,27.2,27.6,273930
2017-09-28,27.35,27.35,27.65,27.2,27.6,273930
2017-09-29,27.35,27.35,27.65,27.2,27.6,273930
2017-10-02,27.35,27.35,27.65,27.2,27.6,273930
2017-10-03,27.35,27.35,27.65,27.2,27.6,273930
2017-10-05,27.35,27.35,27.65,27.2,27.6,273930
2017-10-06,27.35,27.35,27.65,27.2,27.6,273930
2017-10-11,27.35,27.35,27.65,27.2,27.6,273930
2017-10-12,27.35,27.35,27.65,27.2,27.6,273930
2017-10-13,27.35,27.35,27.65,27.2,27.6,273930
2017-10-16,27.35,27.35,27.65,27.2,27.6,273930
2017-10-17,27.35,27.35,27.65,27.2,27.6,273930
2017-10-18,27.35,27.35,27.65,27.2,27.6,273930
2017-10-19,27.35,27.35,27.65,27.2,27.6,273930
2017-10-20,27.35,27.35,27.65,27.2,27.6,273930
2017-10-23,27.35,27.35,27.65,27.2,27.6,273930
2017-10-24,27.35,27.35,27.65,27.2,27.6,273930
2017-10-25,27.35,27.35,27.65,27.2,27.6,273930
2017-10-26,27.35,27.35,27.65,27.2,27.6,273930
2017-10-27,27.35,27.35,27.65,27.2,27.6,273930
2017-10-30,27.35,27.35,27.65,27.2,27.6,273930
2017-10-31,27.35,27.35,27.65,27.2,27.6,273930
2017-11-01,27.35,27.35,27.65,27.2,27.6,273930
2017-11-02,27.35,27.35,27.65,27.2,27.6,273930
2017-11-03,27.35,27.35,27.65,27.2,27.6,273930
2017-11-06,27.35,27.35,27.65,27.2,27.6,273930
2017-11-07,27.35,27.35,27.65,27.2,27.6,273930
2017-11-08,27.35,27.35,27.65,27.2,27.6,273930
2017-11-09,27.35,27.35,27.65,27.2,27.6,273930
2017-11-10,27.35,27.35,27.65,27.2,27.6,273930
2017-11-13,27.35,27.35,27.65,27.2,27.6,273930
2017-11-14,27.35,27.35,27.65,27.2,27.6,273930
2017-11-15,27.35,27.35,27.65,27.2,27.6,273930
2017-11-16,27.35,27.35,27.65,27.2,27.6,273930
2017-11-17,27.35,27.35,27.65,27.2,27.6,273930
2017-11-20,27.35,27.35,27.65,27.2,27.6,273930
2017-11-21,27.35,27.35,27.65,27.2,27.6,273930
2017-11-22,27.35,27.35,27.65,27.2,27.6,273930
2017-11-23,27.35,27.35,27.65,27.2,27.6,273930
2017-11-24,27.35,27.35,27.65,27.2,27.6,273930
2017-11-27,27.35,27.35,27.65,27.2,27.6,273930
2017-11-28,27.35,27.35,27.65,27.2,27.6,273930
2017-11-29,27.35,27.35,27.65,27.2,27.6,273930
2017-11-30,27.35,27.35,27.65,27.2,27.6,273930
2017-12-01,27.35,27.35,27.65,27.2,27.6,273930
2017-12-04,27.35,27.35,27.65,27.2,27.6,273930
2017-12-05,27.35,27.35,27.65,27.2,27.6,273930
2017-12-06,27.35,27.35,27.65,27.2,27.6,273930
2017-12-07,27.35,27.35,27.65,27.2,27.6,273930
2017-12-08,27.35,27.35,27.65,27.2,27.6,273930
2017-12-11,27.35,27.35,27.65,27.2,27.6,273930
2017-12-12,27.35,27.35,27.65,27.2,27.6,273930
2017-12-13,27.35,27.35,27.65,27.2,27.6,273930
2017-12-14,27.35,27.35,27.65,27.2,27.6,273930
2017-12-15,27.35,27.35,27.65,27.2,27.6,273930
2017-12-18,27.35,27.35,27.65,27.2,27.6,273930
2017-12-19,27.35,27.35,27.65,27.2,27.6,273930
2017-12-20,27.35,27.35,27.65,27.2,27.6,273930
2017-12-21,27.35,27.35,27.65,27.2,27.6,273930
2017-12-22,27.35,27.35,27.65,27.2,27.6,273930
2017-12-25,27.35,27.35,27.65,27.2,27.6,273930
2017-12-26,27.35,27.35,27.65,27.2,27.6,273930
2017-12-27,27.35,27.35,27.65,27.2,27.6,273930
2017-12-28,27.35,27.35,27.65,27.2,27.6,273930
2017-12-29,27.35,27.35,27.65,27.2,27.6,273930
2018-01-02,27.35,27.35,27.65,27.2,27.6,273930
2018-01-03,27.35,27.35,27.65,27.2,27.6,273930
2018-01-04,27.35,27.35,27.65,27.2,27.6,273930
2018-01-05,27.35,27.35,27.65,27.2,27.6,273930
2018-01-08,27.35,27.35,27.65,27.2,27.6,273930
2018-01-09,27.35,27.35,27.65,27.2,27.6,273930
2018-01-10,27.35,27.35,27.65,27.2,27.6,273930
2018-01-11,27.35,27.35,27.65,27.2,27.6,273930
2018-01-12,27.35,27.35,27.65,27.2,27.6,273930
2018-01-15,27.35,27.35,27.65,27.2,27.6,273930
2018-01-16,27.35,27.35,27.65,27.2,27.6,273930
2018-01-17,27.35,27.35,27.65,27.2,27.6,273930
2018-01-18,27.35,27.35,27.65,27.2,27.6,273930
2018-01-19,27.35,27.35,27.65,27.2,27.6,273930
2018-01-22,27.35,27.35,27.65,27.2,27.6,273930
2018-01-23,27.35,27.35,27.65,27.2,27.6,273930
2018-01-24,27.35,27.35,27.65,27.2,27.6,273930
2018-01-25,27.35,27.35,27.65,27.2,27.6,273930
2018-01-26,27.35,27.35,27.65,27.2,27.6,273930
2018-01-29,27.35,27.35,27.65,27.2,27.6,273930
2018-01-30,27.35,27.35,27.65,27.2,27.6,273930
2018-01-31,27.35,27.35,27.65,27.2,27.6,273930
2018-02-01,27.35,27.35,27.65,27.2,27.6,273930
2018-02-02,27.35,27.35,27.65,27.2,27.6,273930
2018-02-05,27.35,27.35,27.65,27.2,27.6,273930
2018-02-06,27.35,27.35,27.65,27.2,27.6,273930
2018-02-07,27.35,27.35,27.65,27.2,27.6,273930
2018-02-08,27.35,27.35,27.65,27.2,27.6,273930
2018-02-09,27.35,27.35,27.65,27.2,27.6,273930
2018-02-12,27.35,27.35,27.65,27.2,27.6,273930
2018-02-21,27.35,27.35,27.65,27.2,27.6,273930
2018-02-22,27.35,27.35,27.65,27.2,27.6,273930
2018-02-23,27.35,27.35,27.65,27.2,27.6,273930
2018-02-26,27.35,27.35,27.65,27.2,27.6,273930
2018-02-27,27.35,27.35,27.65,27.2,27.6,273930
2018-03-01,27.35,27.35,27.65,27.2,27.6,273930
2018-03-02,27.35,27.35,27.65,27.2,27.6,273930
2018-03-05,27.35,27.35,27.65,27.2,27.6,273930
2018-03-06,27.35,27.35,27.65,27.2,27.6,273930
2018-03-07,27.35,27.35,27.65,27.2,27.6,273930
2018-03-08,27.35,27.35,27.65,27.2,27.6,273930
2018-03-09,27.35,27.35,27.65,27.2,27.6,273930
2018-03-12,27.35,27.35,27.65,27.2,27.6,273930
2018-03-13,27.35,27.35,27.65,27.2,27.6,273930
2018-03-14,27.35,27.35,27.65,27.2,27.6,273930
2018-03-15,27.35,27.35,27.65,27.2,27.6,273930
2018-03-16,27.35,27.35,27.65,27.2,27.6,273930
2018-03-19,27.35,27.35,27.65,27.2,27.6,273930
2018-03-20,27.35,27.35,27.65,27.2,27.6,273930
2018-03-21,27.35,27.35,27.65,27.2,27.6,273930
2018-03-22,27.35,27.35,27.65,27.2,27.6,273930
2018-03-23,27.35,27.35,27.65,27.2,27.6,273930
2018-03-26,27.35,27.35,27.65,27.2,27.6,273930
2018-03-27,27.35,27.35,27.65,27.2,27.6,273930
2018-03-28,27.35,27.35,27.65,27.2,27.6,273930
2018-03-29,27.35,27.35,27.65,27.2,27.6,273930
2018-03-30,27.35,27.35,27.65,27.2,27.6,273930
2018-04-02,27.35,27.35,27.65,27.2,27.6,273930
2018-04-03,27.35,27.35,27.65,27.2,27.6,273930
2018-04-09,27.35,27.35,27.65,27.2,27.6,273930
2018-04-10,27.35,27.35,27.65,27.2,27.6,273930
2018-04-11,27.35,27.35,27.65,27.2,27.6,273930
2018-04-12,27.35,27.35,27.65,27.2,27.6,273930
2018-04-13,27.35,27.35,27.65,27.2,27.6,273930
2018-04-16,27.35,27.35,27.65,27.2,27.6,273930
2018-04-17,27.35,27.35,27.65,27.2,27.6,273930
2018-04-18,27.35,27.35,27.65,27.2,27.6,273930
2018-04-19,27.35,27.35,27.65,27.2,27.6,273930
2018-04-20,27.35,27.35,27.65,27.2,27.6,273930
2018-04-23,27.35,27.35,27.65,27.2,27.6,273930
2018-04-24,27.35,27.35,27.65,27.2,27.6,273930
2018-04-25,27.35,27.35,27.65,27.2,27.6,273930
2018-04-26,27.35,27.35,27.65,27.2,27.6,273930
2018-04-27,27.35,27.35,27.65,27.2,27.6,273930
2018-04-30,27.35,27.35,27.65,27.2,27.6,273930
2018-05-02,27.35,27.35,27.65,27.2,27.6,273930
2018-05-03,27.35,27.35,27.65,27.2,27.6,273930
2018-05-04,27.35,27.35,27.65,27.2,27.6,273930
2018-05-07,27.35,27.35,27.65,27.2,27.6,273930
2018-05-08,27.35,27.35,27.65,27.2,27.6,273930
2018-05-09,27.35,27.35,27.65,27.2,27.6,273930
2018-05-10,27.35,27.35,27.65,27.2,27.6,273930
2018-05-11,27.35,27.35,27.65,27.2,27.6,273930
2018-05-14,27.35,27.35,27.65,27.2,27.6,273930
2018-05-15,27.35,27.35,27.65,27.2,27.6,273930
2018-05-16,27.35,27.35,27.65,27.2,27.6,273930
2018-05-17,27.35,27.35,27.65,27.2,27.6,273930
2018-05-18,27.35,27.35,27.65,27.2,27.6,273930
2018-05-21,27.35,27.35,27.65,27.2,27.6,273930
2018-05-22,27.35,27.35,27.65,27.2,27.6,273930
2018-05-23,27.35,27.35,27.65,27.2,27.6,273930
2018-05-24,27.35,27.35,27.65,27.2,27.6,273930
2018-05-25,27.35,27.35,27.65,27.2,27.6,273930
2018-05-28,27.35,27.35,27.65,27.2,27.6,273930
2018-05-29,27.35,27.35,27.65,27.2,27.6,273930
2018-05-30,27.35,27.35,27.65,27.2,27.6,273930
2018-05-31,27.35,27.35,27.65,27.2,27.6,273930
2018-06-01,27.35,27.35,27.65,27.2,27.6,273930
2018-06-04,27.35,27.35,27.65,27.2,27.6,273930
2018-06-05,27.35,27.35,27.65,27.2,27.6,273930
2018-06-06,27.35,27.35,27.65,27.2,27.6,273930
2018-06-07,27.35,27.35,27.65,27.2,27.6,273930
2018-06-08,27.35,27.35,27.65,27.2,27.6,273930
2018-06-11,27.35,27.35,27.65,27.2,27.6,273930
2018-06-12,27.35,27.35,27.65,27.2,27.6,273930
2018-06-13,27.35,27.35,27.65,27.2,27.6,273930
2018-06-14,27.35,27.35,27.65,27.2,27.6,273930
2018-06-15,27.35,27.35,27.65,27.2,27.6,273930
2018-06-19,27.35,27.35,27.65,27.2,27.6,273930
2018-06-20,27.35,27.35,27.65,27.2,27.6,273930
2018-06-21,27.35,27.35,27.65,27.2,27.6,273930
2018-06-22,27.35,27.35,27.65,27.2,27.6,273930
2018-06-25,27.35,27.35,27.65,27.2,27.6,273930
2018-06-26,27.35,27.35,27.65,27.2,27.6,273930
2018-06-27,27.35,27.35,27.65,27.2,27.6,273930
2018-06-28,27.35,27.35,27.65,27.2,27.6,273930
2018-06-29,27.35,27.35,27.65,27.2,27.6,273930
2018-07-02,27.35,27.35,27.65,27.2,27.6,273930
2018-07-03,27.35,27.35,27.65,27.2,27.6,273930
2018-07-04,27.35,27.35,27.65,27.2,27.6,273930
2018-07-05,27.35,27.35,27.65,27.2,27.6,273930
2018-07-06,27.35,27.35,27.65,27.2,27.6,273930
2018-07-09,27.35,27.35,27.65,27.2,27.6,273930
2018-07-10,27.35,27.35,27.65,27.2,27.6,273930
2018-07-11,27.35,27.35,27.65,27.2,27.6,273930
2018-07-12,27.35,27.35,27.65,27.2,27.6,273930
2018-07-13,27.35,27.35,27.65,27.2,27.6,273930
2018-07-16,27.35,27.35,27.65,27.2,27.6,273930
2018-07-17,27.35,27.35,27.65,27.2,27.6,273930
2018-07-18,27.35,27.35,27.65,27.2,27.6,273930
2018-07-19,27.35,27.35,27.65,27.2,27.6,273930
2018-07-20,27.35,27.35,27.65,27.2,27.6,273930
2018-07-23,27.35,27.35,27.65,27.2,27.6,273930
2018-07-24,27.35,27.35,27.65,27.2,27.6,273930
2018-07-25,27.35,27.35,27.65,27.2,27.6,273930
2018-07-26,27.35,27.35,27.65,27.2,27.6,273930
2018-07-27,27.35,27.35,27.65,27.2,27.6,273930
2018-07-30,27.35,27.35,27.65,27.2,27.6,273930
2018-07-31,27.35,27.35,27.65,27.2,27.6,273930
2018-08-01,27.35,27.35,27.65,27.2,27.6,273930
2018-08-02,27.35,27.35,27.65,27.2,27.6,273930
2018-08-03,27.35,27.35,27.65,27.2,27.6,273930
2018-08-06,27.35,27.35,27.65,27.2,27.6,273930
2018-08-07,27.35,27.35,27.65,27.2,27.6,273930
2018-08-08,27.35,27.35,27.65,27.2,27.6,273930
2018-08-09,27.35,27.35,27.65,27.2,27.6,273930
2018-08-10,27.35,27.35,27.65,27.2,27.6,273930
2018-08-13,27.35,27.35,27.65,27.2,27.6,273930
2018-08-14,27.35,27.35,27.65,27.2,27.6,273930
2018-08-15,27.35,27.35,27.65,27.2,27.6,273930
2018-08-16,27.35,27.35,27.65,27.2,27.6,273930
2018-08-17,27.35,27.35,27.65,27.2,27.6,273930
2018-08-20,27.35,27.35,27.65,27.2,27.6,273930
2018-08-21,27.35,27.35,27.65,27.2,27.6,273930
2018-08-22,27.35,27.35,27.65,27.2,27.6,273930
2018-08-23,27.35,27.35,27.65,27.2,27.6,273930
2018-08-24,27.35,27.35,27.65,27.2,27.6,273930
2018-08-27,27.35,27.35,27.65,27.2,27.6,273930
2018-08-28,27.35,27.35,27.65,27.2,27.6,273930
2018-08-29,27.35,27.35,27.65,27.2,27.6,273930
2018-08-30,27.35,27.35,27.65,27.2,27.6,273930
2018-08-31,27.35,27.35,27.65,27.2,27.6,273930
2018-09-03,27.35,27.35,27.65,27.2,27.6,273930
2018-09-04,27.35,27.35,27.65,27.2,27.6,273930
2018-09-05,27.35,27.35,27.65,27.2,27.6,273930
2018-09-06,27.35,27.35,27.65,27.2,27.6,273930
2018-09-07,27.35,27.35,27.65,27.2,27.6,273930
2018-09-10,27.35,27.35,27.65,27.2,27.6,273930
2018-09-11,27.35,27.35,27.65,27.2,27.6,273930
2018-09-12,27.35,27.35,27.65,27.2,27.6,273930
2018-09-13,27.35,27.35,27.65,27.2,27.6,273930
2018-09-14,27.35,27.35,27.65,27.2,27.6,273930
2018-09-17,27.35,27.35,27.65,27.2,27.6,273930
2018-09-18,27.35,27.35,27.65,27.2,27.6,273930
2018-09-19,27.35,27.35,27.65,27.2,27.6,273930
2018-09-20,27.35,27.35,27.65,27.2,27.6,273930
2018-09-21,27.35,27.35,27.65,27.2,27.6,273930
2018-09-25,27.35,27.35,27.65,27.2,27.6,273930
2018-09-26,27.35,27.35,27.65,27.2,27.6,273930
2018-09-27,27.35,27.35,27.65,27.2,27.6,273930
2018-09-28,27.35,27.35,27.65,27.2,27.6,273930
2018-10-01,27.35,27.35,27.65,27.2,27.6,273930
2018-10-02,27.35,27.35,27.65,27.2,27.6,273930
2018-10-03,27.35,27.35,27.65,27.2,27.6,273930
2018-10-04,27.35,27.35,27.65,27.2,27.6,273930
2018-10-05,27.35,27.35,27.65,27.2,27.6,273930
2018-10-08,27.35,27.35,27.65,27.2,27.6,273930
2018-10-09,27.35,27.35,27.65,27.2,27.6,273930
2018-10-11,27.35,27.35,27.65,27.2,27.6,273930
2018-10-12,27.35,27.35,27.65,27.2,27.6,273930
2018-10-15,27.35,27.35,27.65,27.2,27.6,273930
2018-10-16,27.35,27.35,27.65,27.2,27.6,273930
2018-10-17,27.35,27.35,27.65,27.2,27.6,273930
2018-10-18,27.35,27.35,27.65,27.2,27.6,273930
2018-10-19,27.35,27.35,27.65,27.2,27.6,273930
2018-10-22,27.35,27.35,27.65,27.2,27.6,273930
2018-10-23,27.35,27.35,27.65,27.2,27.6,273930
2018-10-24,27.35,27.35,27.65,27.2,27.6,273930
2018-10-25,27.35,27.35,27.65,27.2,27.6,273930
2018-10-26,27.35,27.35,27.65,27.2,27.6,273930
2018-10-29,27.35,27.35,27.65,27.2,27.6,273930
2018-10-30,27.35,27.35,27.65,27.2,27.6,273930
2018-10-31,27.35,27.35,27.65,27.2,27.6,273930
2018-11-01,27.35,27.35,27.65,27.2,27.6,273930
2018-11-02,27.35,27.35,27.65,27.2,27.6,273930
2018-11-05,27.35,27.35,27.65,27.2,27.6,273930
2018-11-06,27.35,27.35,27.65,27.2,27.6,273930
2018-11-07,27.35,27.35,27.65,27.2,27.6,273930
2018-11-08,27.35,27.35,27.65,27.2,27.6,273930
2018-11-09,27.35,27.35,27.65,27.2,27.6,273930
2018-11-12,27.35,27.35,27.65,27.2,27.6,273930
2018-11-13,27.35,27.35,27.65,27.2,27.6,273930
2018-11-14,27.35,27.35,27.65,27.2,27.6,273930
2018-11-15,27.35,27.35,27.65,27.2,27.6,273930
2018-11-16,27.35,27.35,27.65,27.2,27.6,273930
2018-11-19,27.35,27.35,27.65,27.2,27.6,273930
2018-11-20,27.35,27.35,27.65,27.2,27.6,273930
2018-11-21,27.35,27.35,27.65,27.2,27.6,273930
2018-11-22,27.35,27.35,27.65,27.2,27.6,273930
2018-11-23,27.35,27.35,27.65,27.2,27.6,273930
2018-11-26,27.35,27.35,27.65,27.2,27.6,273930
2018-11-27,27.35,27.35,27.65,27.2,27.6,273930
2018-11-28,27.35,27.35,27.65,27.2,27.6,273930
2018-11-29,27.35,27.35,27.65,27.2,27.6,273930
2018-11-30,27.35,27.35,27.65,27.2,27.6,273930
2018-12-03,27.35,27.35,27.65,27.2,27.6,273930
2018-12-04,27.35,27.35,27.65,27.2,27.6,273930
2018-12-05,27.35,27.35,27.65,27.2,27.6,273930
2018-12-06,27.35,27.35,27.65,27.2,27.6,273930
2018-12-07,27.35,27.35,27.65,27.2,27.6,273930
2018-12-10,27.35,27.35,27.65,27.2,27.6,273930
2018-12-11,27.35,27.35,27.65,27.2,27.6,273930
2018-12-12,27.35,27.35,27.65,27.2,27.6,273930
2018-12-13,27.35,27.35,27.65,27.2,27.6,273930
2018-12-14,27.35,27.35,27.65,27.2,27.6,273930
2018-12-17,27.35,27.35,27.65,27.2,27.6,273930
2018-12-18,27.35,27.35,27.65,27.2,27.6,273930
2018-12-19,27.35,27.35,27.65,27.2,27.6,273930
2018-12-20,27.35,27.35,27.65,27.2,27.6,273930
2018-12-21,27.35,27.35,27.65,27.2,27.6,273930
2018-12-24,27.35,27.35,27.65,27.2,27.6,273930
2018-12-25,27.35,27.35,27.65,27.2,27.6,273930
2018-12-26,27.35,27.35,27.65,27.2,27.6,273930
2018-12-27,27.35,27.35,27.65,27.2,27.6,273930
2018-12-28,27.35,27.35,27.65,27.2,27.6,273930
2019-01-02,27.35,27.35,27.65,27.2,27.6,273930
2019-01-03,27.35,27.35,27.65,27.2,27.6,273930
2019-01-04,27.35,27.35,27.65,27.2,27.6,273930
2019-01-07,27.35,27.35,27.65,27.2,27.6,273930
2019-01-08,27.35,27.35,27.65,27.2,27.6,273930
2019-01-09,27.35,27.35,27.65,27.2,27.6,273930
2019-01-10,27.35,27.35,27.65,27.2,27.6,273930
2019-01-11,27.35,27.35,27.65,27.2,27.6,273930
2019-01-14,27.35,27.35,27.65,27.2,27.6,273930
2019-01-15,27.35,27.35,27.65,27.2,27.6,273930
2019-01-16,27.35,27.35,27.65,27.2,27.6,273930
2019-01-17,27.35,27.35,27.65,27.2,27.6,273930
2019-01-18,27.35,27.35,27.65,27.2,27.6,273930
2019-01-21,27.35,27.35,27.65,27.2,27.6,273930
2019-01-22,27.35,27.35,27.65,27.2,27.6,273930
2019-01-23,27.35,27.35,27.65,27.2,27.6,273930
2019-01-24,27.35,27.35,27.65,27.2,27.6,273930
2019-01-25,27.35,27.35,27.65,27.2,27.6,273930
2019-01-28,27.35,27.35,27.65,27.2,27.6,273930
2019-01-29,27.35,27.35,27.65,27.2,27.6,273930
2019-01-30,27.35,27.35,27.65,27.2,27.6,273930
2019-02-11,27.35,27.35,27.65,27.2,27.6,273930
2019-02-12,27.35,27.35,27.65,27.2,27.6,273930
2019-02-13,27.35,27.35,27.65,27.2,27.6,273930
2019-02-14,27.35,27.35,27.65,27.2,27.6,273930
2019-02-15,27.35,27.35,27.65,27.2,27.6,273930
2019-02-18,27.35,27.35,27.65,27.2,27.6,273930
2019-02-19,27.35,27.35,27.65,27.2,27.6,273930
2019-02-20,27.35,27.35,27.65,27.2,27.6,273930
2019-02-21,27.35,27.35,27.65,27.2,27.6,273930
2019-02-22,27.35,27.35,27.65,27.2,27.6,273930
2019-02-25,27.35,27.35,27.65,27.2,27.6,273930
2019-02-26,27.35,27.35,27.65,27.2,27.6,273930
2019-02-27,27.35,27.35,27.65,27.2,27.6,273930
2019-03-04,27.35,27.35,27.65,27.2,27.6,273930
2019-03-05,27.35,27.35,27.65,27.2,27.6,273930
2019-03-06,27.35,27.35,27.65,27.2,27.6,273930
2019-03-07,27.35,27.35,27.65,27.2,27.6,273930
2019-03-08,27.35,27.35,27.65,27.2,27.6,273930
2019-03-11,27.35,27.35,27.65,27.2,27.6,273930
2019-03-12,27.35,27.35,27.65,27.2,27.6,273930
2019-03-13,27.35,27.35,27.65,27.2,27.6,273930
2019-03-14,27.35,27.35,27.65,27.2,27.6,273930
2019-03-15,27.35,27.35,27.65,27.2,27.6,273930
2019-03-18,27.35,27.35,27.65,27.2,27.6,273930
2019-03-19,27.35,27.35,27.65,27.2,27.6,273930
2019-03-20,27.35,27.35,27.65,27.2,27.6,273930
2019-03-21,27.35,27.35,27.65,27.2,27.6,273930
2019-03-22,27.35,27.35,27.65,27.2,27.6,273930
2019-03-25,27.35,27.35,27.65,27.2,27.6,273930
2019-03-26,27.35,27.35,27.65,27.2,27.6,273930
2019-03-27,27.35,27.35,27.65,27.2,27.6,273930
2019-03-28,27.35,27.35,27.65,27.2,27.6,273930
2019-03-29,27.35,27.35,27.65,27.2,27.6,273930
2019-04-01,27.35,27.35,27.65,27.2,27.6,273930
2019-04-02,27.35,27.35,27.65,27.2,27.6,273930
2019-04-03,27.35,27.35,27.65,27.2,27.6,273930
2019-04-08,27.35,27.35,27.65,27.2,27.6,273930
2019-04-09,27.35,27.35,27.65,27.2,27.6,273930
2019-04-10,27.35,27.35,27.65,27.2,27.6,273930
2019-04-11,27.35,27.35,27.65,27.2,27.6,273930
2019-04-12,27.35,27.35,27.65,27.2,27.6,273930
2019-04-15,27.35,27.35,27.65,27.2,27.6,273930
2019-04-16,27.35,27.35,27.65,27.2,27.6,273930
2019-04-17,27.35,27.35,27.65,27.2,27.6,273930
2019-04-18,27.35,27.35,27.65,27.2,27.6,273930
2019-04-19,27.35,27.35,27.65,27.2,27.6,273930
2019-04-22,27.35,27.35,27.65,27.2,27.6,273930
2019-04-23,27.35,27.35,27.65,27.2,27.6,273930
2019-04-24,27.35,27.35,27.65,27.2,27.6,273930
2019-04-25,27.35,27.35,27.65,27.2,27.6,273930
2019-04-26,27.35,27.35,27.65,27.2,27.6,273930
2019-04-29,27.35,27.35,27.65,27.2,27.6,273930
2019-04-30,27.35,27.35,27.65,27.2,27.6,273930
2019-05-02,27.35,27.35,27.65,27.2,27.6,273930
2019-05-03,27.35,27.35,27.65,27.2,27.6,273930
2019-05-06,27.35,27.35,27.65,27.2,27.6,273930
2019-05-07,27.35,27.35,27.65,27.2,27.6,273930
2019-05-08,27.35,27.35,27.65,27.2,27.6,273930
2019-05-09,27.35,27.35,27.65,27.2,27.6,273930
2019-05-10,27.35,27.35,27.65,27.2,27.6,273930
2019-05-13,27.35,27.35,27.65,27.2,27.6,273930
2019-05-14,27.35,27.35,27.65,27.2,27.6,273930
2019-05-15,27.35,27.35,27.65,27.2,27.6,273930
2019-05-16,27.35,27.35,27.65,27.2,27.6,273930
2019-05-17,27.35,27.35,27.65,27.2,27.6,273930
2019-05-20,27.35,27.35,27.65,27.2,27.6,273930
2019-05-21,27.35,27.35,27.65,27.2,27.6,273930
2019-05-22,27.35,27.35,27.65,27.2,27.6,273930
2019-05-23,27.35,27.35,27.65,27.2,27.6,273930
2019-05-24,27.35,27.35,27.65,27.2,27.6,273930
2019-05-27,27.35,27.35,27.65,27.2,27.6,273930
2019-05-28,27.35,27.35,27.65,27.2,27.6,273930
2019-05-29,27.35,27.35,27.65,27.2,27.6,273930
2019-05-30,27.35,27.35,27.65,27.2,27.6,273930
2019-05-31,27.35,27.35,27.65,27.2,27.6,273930
2019-06-03,27.35,27.35,27.65,27.2,27.6,273930
2019-06-04,27.35,27.35,27.65,27.2,27.6,273930
2019-06-05,27.35,27.35,27.65,27.2,27.6,273930
2019-06-06,27.35,27.35,27.65,27.2,27.6,273930
2019-06-10,27.35,27.35,27.65,27.2,27.6,273930
2019-06-11,27.35,27.35,27.65,27.2,27.6,273930
2019-06-12,27.35,27.35,27.65,27.2,27.6,273930
2019-06-13,27.35,27.35,27.65,27.2,27.6,273930
2019-06-14,27.35,27.35,27.65,27.2,27.6,273930
2019-06-17,27.35,27.35,27.65,27.2,27.6,273930
2019-06-18,27.35,27.35,27.65,27.2,27.6,273930
2019-06-19,27.35,27.35,27.65,27.2,27.6,273930
2019-06-20,27.35,27.35,27.65,27.2,27.6,273930
2019-06-21,27.35,27.35,27.65,27.2,27.6,273930
2019-06-24,27.35,27.35,27.65,27.2,27.6,273930
2019-06-25,27.35,27.35,27.65,27.2,27.6,273930
2019-06-26,27.35,27.35,27.65,27.2,27.6,273930
2019-06-27,27.35,27.35,27.65,27.2,27.6,273930
2019-06-28,27.35,27.35,27.65,27.2,27.6,273930
2019-07-01,27.35,27.35,27.65,27.2,27.6,273930
2019-07-02,27.35,27.35,27.65,27.2,27.6,273930
2019-07-03,27.35,27.35,27.65,27.2,27.6,273930
2019-07-04,27.35,27.35,27.65,27.2,27.6,273930
2019-07-05,27.35,27.35,27.65,27.2,27.6,273930
2019-07-08,27.35,27.35,27.65,27.2,27.6,273930
2019-07-09,27.35,27.35,27.65,27.2,27.6,273930
2019-07-10,27.35,27.35,27.65,27.2,27.6,273930
2019-07-11,27.35,27.35,27.65,27.2,27.6,273930
2019-07-12,27.35,27.35,27.65,27.2,27.6,273930
2019-07-15,27.35,27.35,27.65,27.2,27.6,273930
2019-07-16,27.35,27.35,27.65,27.2,27.6,273930
2019-07-17,27.35,27.35,27.65,27.2,27.6,273930
2019-07-18,27.35,27.35,27.65,27.2,27.6,273930
2019-07-19,27.35,27.35,27.65,27.2,27.6,273930
2019-07-22,27.35,27.35,27.65,27.2,27.6,273930
2019-07-23,27.35,27.35,27.65,27.2,27.6,273930
2019-07-24,27.35,27.35,27.65,27.2,27.6,273930
2019-07-25,27.35,27.35,27.65,27.2,27.6,273930
2019-07-26,27.35,27.35,27.65,27.2,27.6,273930
2019-07-29,27.35,27.35,27.65,27.2,27.6,273930
2019-07-30,27.35,27.35,27.65,27.2,27.6,273930
2019-07-31,27.35,27.35,27.65,27.2,27.6,273930
2019-08-01,27.35,27.35,27.65,27.2,27.6,273930
2019-08-02,27.35,27.35,27.65,27.2,27.6,273930
2019-08-05,27.35,27.35,27.65,27.2,27.6,273930
2019-08-06,27.35,27.35,27.65,27.2,27.6,273930
2019-08-07,27.35,27.35,27.65,27.2,27.6,273930
2019-08-08,27.35,27.35,27.65,27.2,27.6,273930
2019-08-12,27.35,27.35,27.65,27.2,27.6,273930
2019-08-13,27.35,27.35,27.65,27.2,27.6,273930
2019-08-14,27.35,27.35,27.65,27.2,27.6,273930
2019-08-15,27.35,27.35,27.65,27.2,27.6,273930
2019-08-16,27.35,27.35,27.65,27.2,27.6,273930
2019-08-19,27.35,27.35,27.65,27.2,27.6,273930
2019-08-20,27.35,27.35,27.65,27.2,27.6,273930
2019-08-21,27.35,27.35,27.65,27.2,27.6,273930
2019-08-22,27.35,27.35,27.65,27.2,27.6,273930
2019-08-23,27.35,27.35,27.65,27.2,27.6,273930
2019-08-26,27.35,27.35,27.65,27.2,27.6,273930
2019-08-27,27.35,27.35,27.65,27.2,27.6,273930
2019-08-28,27.35,27.35,27.65,27.2,27.6,273930
2019-08-29,27.35,27.35,27.65,27.2,27.6,273930
2019-08-30,27.35,27.35,27.65,27.2,27.6,273930
2019-09-02,27.35,27.35,27.65,27.2,27.6,273930
2019-09-03,27.35,27.35,27.65,27.2,27.6,273930
2019-09-04,27.35,27.35,27.65,27.2,27.6,273930
2019-09-05,27.35,27.35,27.65,27.2,27.6,273930
2019-09-06,27.35,27.35,27.65,27.2,27.6,273930
2019-09-09,27.35,27.35,27.65,27.2,27.6,273930
2019-09-10,27.35,27.35,27.65,27.2,27.6,273930
2019-09-11,27.35,27.35,27.65,27.2,27.6,273930
2019-09-12,27.35,27.35,27.65,27.2,27.6,273930
2019-09-16,27.35,27.35,27.65,27.2,27.6,273930
2019-09-17,27.35,27.35,27.65,27.2,27.6,273930
2019-09-18,27.35,27.35,27.65,27.2,27.6,273930
2019-09-19,27.35,27.35,27.65,27.2,27.6,273930
2019-09-20,27.35,27.35,27.65,27.2,27.6,273930
2019-09-23,27.35,27.35,27.65,27.2,27.6,273930
2019-09-24,27.35,27.35,27.65,27.2,27.6,273930
2019-09-25,27.35,27.35,27.65,27.2,27.6,273930
2019-09-26,27.35,27.35,27.65,27.2,27.6,273930
2019-09-27,27.35,27.35,27.65,27.2,27.6,273930
2019-10-01,27.35,27.35,27.65,27.2,27.6,273930
2019-10-02,27.35,27.35,27.65,27.2,27.6,273930
2019-10-03,27.35,27.35,27.65,27.2,27.6,273930
2019-10-04,27.35,27.35,27.65,27.2,27.6,273930
2019-10-07,27.35,27.35,27.65,27.2,27.6,273930
2019-10-08,27.35,27.35,27.65,27.2,27.6,273930
2019-10-09,27.35,27.35,27.65,27.2,27.6,273930
2019-10-14,27.35,27.35,27.65,27.2,27.6,273930
2019-10-15,27.35,27.35,27.65,27.2,27.6,273930
2019-10-16,27.35,27.35,27.65,27.2,27.6,273930
2019-10-17,27.35,27.35,27.65,27.2,27.6,273930
2019-10-18,27.35,27.35,27.65,27.2,27.6,273930
2019-10-21,27.35,27.35,27.65,27.2,27.6,273930
2019-10-22,27.35,27.35,27.65,27.2,27.6,273930
2019-10-23,27.35,27.35,27.65,27.2,27.6,273930
2019-10-24,27.35,27.35,27.65,27.2,27.6,273930
2019-10-25,27.35,27.35,27.65,27.2,27.6,273930
2019-10-28,27.35,27.35,27.65,27.2,27.6,273930
2019-10-29,27.35,27.35,27.65,27.2,27.6,273930
2019-10-30,27.35,27.35,27.65,27.2,27.6,273930
2019-10-31,27.35,27.35,27.65,27.2,27.6,273930
2019-11-01,27.35,27.35,27.65,27.2,27.6,273930
2019-11-04,27.35,27.35,27.65,27.2,27.6,273930
2019-11-05,27.35,27.35,27.65,27.2,27.6,273930
2019-11-06,27.35,27.35,27.65,27.2,27.6,273930
2019-11-07,27.35,27.35,27.65,27.2,27.6,273930
2019-11-08,27.35,27.35,27.65,27.2,27.6,273930
2019-11-11,27.35,27.35,27.65,27.2,27.6,273930
2019-11-12,27.35,27.35,27.65,27.2,27.6,273930
2019-11-13,27.35,27.35,27.65,27.2,27.6,273930
2019-11-14,27.35,27.35,27.65,27.2,27.6,273930
2019-11-20,27.35,27.35,27.65,27.2,27.6,273930
2019-11-21,27.35,27.35,27.65,27.2,27.6,273930
2019-11-22,27.35,27.35,27.65,27.2,27.6,273930
2019-11-25,27.35,27.35,27.65,27.2,27.6,273930
2019-11-26,27.35,27.35,27.65,27.2,27.6,273930
2019-11-27,27.35,27.35,27.65,27.2,27.6,273930
2019-11-28,27.35,27.35,27.65,27.2,27.6,273930
2019-11-29,27.35,27.35,27.65,27.2,27.6,273930
2019-12-02,27.35,27.35,27.65,27.2,27.6,273930
2019-12-03,27.35,27.35,27.65,27.2,27.6,273930
2019-12-04,27.35,27.35,27.65,27.2,27.6,273930
2019-12-05,27.35,27.35,27.65,27.2,27.6,273930
2019-12-06,27.35,27.35,27.65,27.2,27.6,273930
2019-12-09,27.35,27.35,27.65,27.2,27.6,273930
2019-12-10,27.35,27.35,27.65,27.2,27.6,273930
2019-12-11,27.35,27.35,27.65,27.2,27.6,273930
2019-12-12,27.35,27.35,27.65,27.2,27.6,273930
2019-12-13,27.35,27.35,27.65,27.2,27.6,273930
2019-12-16,27.35,27.35,27.65,27.2,27.6,273930
2019-12-17,27.35,27.35,27.65,27.2,27.6,273930
2019-12-18,27.35,27.35,27.65,27.2,27.6,273930
2019-12-19,27.35,27.35,27.65,27.2,27.6,273930
2019-12-20,27.35,27.35,27.65,27.2,27.6,273930
2019-12-23,27.35,27.35,27.65,27.2,27.6,273930
2019-12-24,27.35,27.35,27.65,27.2,27.6,273930
2019-12-25,27.35,27.35,27.65,27.2,27.6,273930
2019-12-26,27.35,27.35,27.65,27.2,27.6,273930
2019-12-27,27.35,27.35,27.65,27.2,27.6,273930
2019-12-30,27.35,27.35,27.65,27.2,27.6,273930
2019-12-31,27.35,27.35,27.65,27.2,27.6,273930
2020-01-02,27.35,27.35,27.65,27.2,27.6,273930
2020-01-03,27.35,27.35,27.65,27.2,27.6,273930
2020-01-06,27.35,27.35,27.65,27.2,27.6,273930
2020-01-07,27.35,27.35,27.65,27.2,27.6,273930
2020-01-08,27.35,27.35,27.65,27.2,27.6,273930
2020-01-09,27.35,27.35,27.65,27.2,27.6,273930
2020-01-10,27.35,27.35,27.65,27.2,27.6,273930
2020-01-13,27.35,27.35,27.65,27.2,27.6,273930
2020-01-14,27.35,27.35,27.65,27.2,27.6,273930
2020-01-15,27.35,27.35,27.65,27.2,27.6,273930
2020-01-16,27.35,27.35,27.65,27.2,27.6,273930
2020-01-17,27.35,27.35,27.65,27.2,27.6,273930
2020-01-20,27.35,27.35,27.65,27.2,27.6,273930
2020-01-30,27.35,27.35,27.65,27.2,27.6,273930
2020-01-31,27.35,27.35,27.65,27.2,27.6,273930
2020-02-03,27.35,27.35,27.65,27.2,27.6,273930
2020-02-04,27.35,27.35,27.65,27.2,27.6,273930
2020-02-05,27.35,27.35,27.65,27.2,27.6,273930
2020-02-06,27.35,27.35,27.65,27.2,27.6,273930
2020-02-07,27.35,27.35,27.65,27.2,27.6,273930
2020-02-10,27.35,27.35,27.65,27.2,27.6,273930
2020-02-11,27.35,27.35,27.65,27.2,27.6,273930
2020-02-12,27.35,27.35,27.65,27.2,27.6,273930
2020-02-13,27.35,27.35,27.65,27.2,27.6,273930
2020-02-14,27.35,27.35,27.65,27.2,27.6,273930
2020-02-17,27.35,27.35,27.65,27.2,27.6,273930
2020-02-18,27.35,27.35,27.65,27.2,27.6,273930
2020-02-19,27.35,27.35,27.65,27.2,27.6,273930
2020-02-20,27.35,27.35,27.65,27.2,27.6,273930
2020-02-21,27.35,27.35,27.65,27.2,27.6,273930
2020-02-24,27.35,27.35,27.65,27.2,27.6,273930
2020-02-25,27.35,27.35,27.65,27.2,27.6,273930
2020-02-26,27.35,27.35,27.65,27.2,27.6,273930
2020-02-27,27.35,27.35,27.65,27.2,27.6,273930
2020-03-02,27.35,27.35,27.65,27.2,27.6,273930
2020-03-03,27.35,27.35,27.65,27.2,27.6,273930
2020-03-04,27.35,27.35,27.65,27.2,27.6,273930
2020-03-05,27.35,27.35,27.65,27.2,27.6,273930
2020-03-06,27.35,27.35,27.65,27.2,27.6,273930
2020-03-09,27.35,27.35,27.65,27.2,27.6,273930
2020-03-10,27.35,27.35,27.65,27.2,27.6,273930
2020-03-11,27.35,27.35,27.65,27.2,27.6,273930
2020-03-12,27.35,27.35,27.65,27.2,27.6,273930
2020-03-13,27.35,27.35,27.65,27.2,27.6,273930
2020-03-16,27.35,27.35,27.65,27.2,27.6,273930
2020-03-17,27.35,27.35,27.65,27.2,27.6,273930
2020-03-18,27.35,27.35,27.65,27.2,27.6,273930
2020-03-19,27.35,27.35,27.65,27.2,27.6,273930
2020-03-20,27.35,27.35,27.65,27.2,27.6,273930
2020-03-23,27.35,27.35,27.65,27.2,27.6,273930
2020-03-24,27.35,27.35,27.65,27.2,27.6,273930
2020-03-25,27.35,27.35,27.65,27.2,27.6,273930
2020-03-26,27.35,27.35,27.65,27.2,27.6,273930
2020-03-27,27.35,27.35,27.65,27.2,27.6,273930
2020-03-30,27.35,27.35,27.65,27.2,27.6,273930
2020-03-31,27.35,27.35,27.65,27.2,27.6,273930
2020-04-01,27.35,27.35,27.65,27.2,27.6,273930
2020-04-07,27.35,27.35,27.65,27.2,27.6,273930
2020-04-08,27.35,27.35,27.65,27.2,27.6,273930
2020-04-09,27.35,27.35,27.65,27.2,27.6,273930
2020-04-10,27.35,27.35,27.65,27.2,27.6,273930
2020-04-13,27.35,27.35,27.65,27.2,27.6,273930
2020-04-14,27.35,27.35,27.65,27.2,27.6,273930
2020-04-15,27.35,27.35,27.65,27.2,27.6,273930
2020-04-16,27.35,27.35,27.65,27.2,27.6,273930
2020-04-17,27.35,27.35,27.65,27.2,27.6,273930
2020-04-20,27.35,27.35,27.65,27.2,27.6,273930
2020-04-21,27.35,27.35,27.65,27.2,27.6,273930
2020-04-22,27.35,27.35,27.65,27.2,27.6,273930
2020-04-23,27.35,27.35,27.65,27.2,27.6,273930
2020-04-24,27.35,27.35,27.65,27.2,27.6,273930
2020-04-27,27.35,27.35,27.65,27.2,27.6,273930
2020-04-28,27.35,27.35,27.65,27.2,27.6,273930
2020-04-29,27.35,27.35,27.65,27.2,27.6,273930
2020-05-04,27.35,27.35,27.65,27.2,27.6,273930
2020-05-05,27.35,27.35,27.65,27.2,27.6,273930
2020-05-06,27.35,27.35,27.65,27.2,27.6,273930
2020-05-07,27.35,27.35,27.65,27.2,27.6,273930
2020-05-08,27.35,27.35,27.65,27.2,27.6,273930
2020-05-11,27.35,27.35,27.65,27.2,27.6,273930
2020-05-12,27.35,27.35,27.65,27.2,27.6,273930
2020-05-13,27.35,27.35,27.65,27.2,27.6,273930
2020-05-14,27.35,27.35,27.65,27.2,27.6,273930
2020-05-15,27.35,27.35,27.65,27.2,27.6,273930
2020-05-18,27.35,27.35,27.65,27.2,27.6,273930
2020-05-19,27.35,27.35,27.65,27.2,27.6,273930
2020-05-20,27.35,27.35,27.65,27.2,27.6,273930
2020-05-21,27.35,27.35,27.65,27.2,27.6,273930
2020-05-22,27.35,27.35,27.65,27.2,27.6,273930
2020-05-25,27.35,27.35,27.65,27.2,27.6,273930
2020-05-26,27.35,27.35,27.65,27.2,27.6,273930
2020-05-27,27.35,27.35,27.65,27.2,27.6,273930
2020-05-28,27.35,27.35,27.65,27.2,27.6,273930
2020-05-29,27.35,27.35,27.65,27.2,27.6,273930
2020-06-01,27.35,27.35,27.65,27.2,27.6,273930
2020-06-02,27.35,27.35,27.65,27.2,27.6,273930
2020-06-03,27.35,27.35,27.65,27.2,27.6,273930
2020-06-04,27.35,27.35,27.65,27.2,27.6,273930
2020-06-05,27.35,27.35,27.65,27.2,27.6,273930
2020-06-08,27.35,27.35,27.65,27.2,27.6,273930
2020-06-09,27.35,27.35,27.65,27.2,27.6,273930
2020-06-10,27.35,27.35,27.65,27.2,27.6,273930
2020-06-11,27.35,27.35,27.65,27.2,27.6,273930
2020-06-12,27.35,27.35,27.65,27.2,27.6,273930
2020-06-15,27.35,27.35,27.65,27.2,27.6,273930
2020-06-16,27.35,27.35,27.65,27.2,27.6,273930
2020-06-17,27.35,27.35,27.65,27.2,27.6,273930
2020-06-18,27.35,27.35,27.65,27.2,27.6,273930
2020-06-19,27.35,27.35,27.65,27.2,27.6,273930
2020-06-22,27.35,27.35,27.65,27.2,27.6,273930
2020-06-23,27.35,27.35,27.65,27.2,27.6,273930
2020-06-24,27.35,27.35,27.65,27.2,27.6,273930
2020-06-29,27.35,27.35,27.65,27.2,27.6,273930
2020-06-30,27.35,27.35,27.65,27.2,27.6,273930
2020-07-01,27.35,27.35,27.65,27.2,27.6,273930
2020-07-02,27.35,27.35,27.65,27.2,27.6,273930
2020-07-03,27.35,27.35,27.65,27.2,27.6,273930
2020-07-06,27.35,27.35,27.65,27.2,27.6,273930
2020-07-07,27.35,27.35,27.65,27.2,27.6,273930
2020-07-08,27.35,27.35,27.65,27.2,27.6,273930
2020-07-09,27.35,27.35,27.65,27.2,27.6,273930
2020-07-10,27.35,27.35,27.65,27.2,27.6,273930
2020-07-13,27.35,27.35,27.65,27.2,27.6,273930
2020-07-14,27.35,27.35,27.65,27.2,27.6,273930
2020-07-15,27.35,27.35,27.65,27.2,27.6,273930
2020-07-16,27.35,27.35,27.65,27.2,27.6,273930
2020-07-17,27.35,27.35,27.65,27.2,27.6,273930
2020-07-20,27.35,27.35,27.65,27.2,27.6,273930
2020-07-21,27.35,27.35,27.65,27.2,27.6,273930
2020-07-22,27.35,27.35,27.65,27.2,27.6,273930
2020-07-23,27.35,27.35,27.65,27.2,27.6,273930
2020-07-24,27.35,27.35,27.65,27.2,27.6,273930
2020-07-27,27.35,27.35,27.65,27.2,27.6,273930
2020-07-28,27.35,27.35,27.65,27.2,27.6,273930
2020-07-29,27.35,27.35,27.65,27.2,27.6,273930
2020-07-30,27.35,27.35,27.65,27.2,27.6,273930
2020-07-31,27.35,27.35,27.65,27.2,27.6,273930
2020-08-03,27.35,27.35,27.65,27.2,27.6,273930
2020-08-04,27.35,27.35,27.65,27.2,27.6,273930
2020-08-05,27.35,27.35,27.65,27.2,27.6,273930
2020-08-06,27.35,27.35,27.65,27.2,27.6,273930
2020-08-07,27.35,27.35,27.65,27.2,27.6,273930
2020-08-10,27.35,27.35,27.65,27.2,27.6,273930
2020-08-11,27.35,27.35,27.65,27.2,27.6,273930
2020-08-12,27.35,27.35,27.65,27.2,27.6,273930
2020-08-13,27.35,27.35,27.65,27.2,27.6,273930
2020-08-14,27.35,27.35,27.65,27.2,27.6,273930
2020-08-17,27.35,27.35,27.65,27.2,27.6,273930
2020-08-18,27.35,27.35,27.65,27.2,27.6,273930
2020-08-19,27.35,27.35,27.65,27.2,27.6,273930
2020-08-20,27.35,27.35,27.65,27.2,27.6,273930
2020-08-21,27.35,27.35,27.65,27.2,27.6,273930
2020-08-24,27.35,27.35,27.65,27.2,27.6,273930
2020-08-25,27.35,27.35,27.65,27.2,27.6,273930
2020-08-26,27.35,27.35,27.65,27.2,27.6,273930
2020-08-27,27.35,27.35,27.65,27.2,27.6,273930
2020-08-28,27.35,27.35,27.65,27.2,27.6,273930
2020-08-31,27.35,27.35,27.65,27.2,27.6,273930
2020-09-01,27.35,27.35,27.65,27.2,27.6,273930
2020-09-02,27.35,27.35,27.65,27.2,27.6,273930
2020-09-03,27.35,27.35,27.65,27.2,27.6,273930
2020-09-04,27.35,27.35,27.65,27.2,27.6,273930
2020-09-07,27.35,27.35,27.65,27.2,27.6,273930
2020-09-08,27.35,27.35,27.65,27.2,27.6,273930
2020-09-09,27.35,27.35,27.65,27.2,27.6,273930
2020-09-10,27.35,27.35,27.65,27.2,27.6,273930
2020-09-11,27.35,27.35,27.65,27.2,27.6,273930
2020-09-14,27.35,27.35,27.65,27.2,27.6,273930
2020-09-15,27.35,27.35,27.65,27.2,27.6,273930
2020-09-16,27.35,27.35,27.65,27.2,27.6,273930
2020-09-17,27.35,27.35,27.65,27.2,27.6,273930
2020-09-18,27.35,27.35,27.65,27.2,27.6,273930
2020-09-21,27.35,27.35,27.65,27.2,27.6,273930
2020-09-22,27.35,27.35,27.65,27.2,27.6,273930
2020-09-23,27.35,27.35,27.65,27.2,27.6,273930
2020-09-24,27.35,27.35,27.65,27.2,27.6,273930
2020-09-25,27.35,27.35,27.65,27.2,27.6,273930
2020-09-28,27.35,27.35,27.65,27.2,27.6,273930
2020-09-29,27.35,27.35,27.65,27.2,27.6,273930
2020-09-30,27.35,27.35,27.65,27.2,27.6,273930
2020-10-05,27.35,27.35,27.65,27.2,27.6,273930
2020-10-06,27.35,27.35,27.65,27.2,27.6,273930
2020-10-07,27.35,27.35,27.65,27.2,27.6,273930
2020-10-08,27.35,27.35,27.65,27.2,27.6,273930
2020-10-12,27.35,27.35,27.65,27.2,27.6,273930
2020-10-13,27.35,27.35,27.65,27.2,27.6,273930
2020-10-14,27.35,27.35,27.65,27.2,27.6,273930
2020-10-15,27.35,27.35,27.65,27.2,27.6,273930
2020-10-16,27.35,27.35,27.65,27.2,27.6,273930
2020-10-19,27.35,27.35,27.65,27.2,27.6,273930
2020-10-20,27.35,27.35,27.65,27.2,27.6,273930
2020-10-21,27.35,27.35,27.65,27.2,27.6,273930
2020-10-22,27.35,27.35,27.65,27.2,27.6,273930
2020-10-23,27.35,27.35,27.65,27.2,27.6,273930
2020-10-26,27.35,27.35,27.65,27.2,27.6,273930
2020-10-27,27.35,27.35,27.65,27.2,27.6,273930
2020-10-28,27.35,27.35,27.65,27.2,27.6,273930
2020-10-29,27.35,27.35,27.65,27.2,27.6,273930
2020-10-30,27.35,27.35,27.65,27.2,27.6,273930
2020-11-02,27.35,27.35,27.65,27.2,27.6,273930
2020-11-03,27.35,27.35,27.65,27.2,27.6,273930
2020-11-04,27.35,27.35,27.65,27.2,27.6,273930
2020-11-05,27.35,27.35,27.65,27.2,27.6,273930
2020-11-06,27.35,27.35,27.65,27.2,27.6,273930
2020-11-09,27.35,27.35,27.65,27.2,27.6,273930
2020-11-10,27.35,27.35,27.65,27.2,27.6,273930
2020-11-11,27.35,27.35,27.65,27.2,27.6,273930
2020-11-12,27.35,27.35,27.65,27.2,27.6,273930
2020-11-13,27.35,27.35,27.65,27.2,27.6,273930
2020-11-16,27.35,27.35,27.65,27.2,27.6,273930
2020-11-17,27.35,27.35,27.65,27.2,27.6,273930
2020-11-18,27.35,27.35,27.65,27.2,27.6,273930
2020-11-19,27.35,27.35,27.65,27.2,27.6,273930
2020-11-20,27.35,27.35,27.65,27.2,27.6,273930
2020-11-23,27.35,27.35,27.65,27.2,27.6,273930
2020-11-24,27.35,27.35,27.65,27.2,27.6,273930
2020-11-25,27.35,27.35,27.65,27.2,27.6,273930
2020-11-26,27.35,27.35,27.65,27.2,27.6,273930
2020-11-27,27.35,27.35,27.65,27.2,27.6,273930
2020-11-30,27.35,27.35,27.65,27.2,27.6,273930
2020-12-01,27.35,27.35,27.65,27.2,27.6,273930
2020-12-02,27.35,27.35,27.65,27.2,27.6,273930
2020-12-04,27.35,27.35,27.65,27.2,27.6,273930
2020-12-07,27.35,27.35,27.65,27.2,27.6,273930
2020-12-08,27.35,27.35,27.65,27.2,27.6,273930
2020-12-09,27.35,27.35,27.65,27.2,27.6,273930
2020-12-10,27.35,27.35,27.65,27.2,27.6,273930
2020-12-11,27.35,27.35,27.65,27.2,27.6,273930
2020-12-14,27.35,27.35,27.65,27.2,27.6,273930
2020-12-15,27.35,27.35,27.65,27.2,27.6,273930
2020-12-16,27.35,27.35,27.65,27.2,27.6,273930
2020-12-17,27.35,27.35,27.65,27.2,27.6,273930
2020-12-18,27.35,27.35,27.65,27.2,27.6,273930
2020-12-21,27.35,27.35,27.65,27.2,27.6,273930
2020-12-22,27.35,27.35,27.65,27.2,27.6,273930
2020-12-23,27.35,27.35,27.65,27.2,27.6,273930
2020-12-24,27.35,27.35,27.65,27.2,27.6,273930
2020-12-25,27.35,27.35,27.65,27.2,27.6,273930
2020-12-28,27.35,27.35,27.65,27.2,27.6,273930
2020-12-29,27.35,27.35,27.65,27.2,27.6,273930
2020-12-30,27.35,27.35,27.65,27.2,27.6,273930
2020-12-31,27.35,27.35,27.65,27.2,27.6,273930
2021-01-04,27.35,27.35,27.65,27.2,27.6,273930
2021-01-05,27.35,27.35,27.65,27.2,27.6,273930
2021-01-06,27.35,27.35,27.65,27.2,27.6,273930
2021-01-07,27.35,27.35,27.65,27.2,27.6,273930
2021-01-08,27.35,27.35,27.65,27.2,27.6,273930
2021-01-11,27.35,27.35,27.65,27.2,27.6,273930
2021-01-12,27.35,27.35,27.65,27.2,27.6,273930
2021-01-13,27.35,27.35,27.65,27.2,27.6,273930
2021-01-14,27.35,27.35,27.65,27.2,27.6,273930
2021-01-15,27.35,27.35,27.65,27.2,27.6,273930
2021-01-18,27.35,27.35,27.65,27.2,27.6,273930
2021-01-19,27.35,27.35,27.65,27.2,27.6,273930
2021-01-20,27.35,27.35,27.65,27.2,27.6,273930
2021-01-21,27.35,27.35,27.65,27.2,27.6,273930
2021-01-22,27.35,27.35,27.65,27.2,27.6,273930
2021-01-25,27.35,27.35,27.65,27.2,27.6,273930
2021-01-26,27.35,27.35,27.65,27.2,27.6,273930
2021-01-27,27.35,27.35,27.65,27.2,27.6,273930
2021-01-28,27.35,27.35,27.65,27.2,27.6,273930
2021-01-29,27.35,27.35,27.65,27.2,27.6,273930
2021-02-01,27.35,27.35,27.65,27.2,27.6,273930
2021-02-02,27.35,27.35,27.65,27.2,27.6,273930
2021-02-03,27.35,27.35,27.65,27.2,27.6,273930
2021-02-04,27.35,27.35,27.65,27.2,27.6,273930
2021-02-05,27.35,27.35,27.65,27.2,27.6,273930
2021-02-17,27.35,27.35,27.65,27.2,27.6,273930
2021-02-18,27.35,27.35,27.65,27.2,27.6,273930
2021-02-19,27.35,27.35,27.65,27.2,27.6,273930
2021-02-22,27.35,27.35,27.65,27.2,27.6,273930
2021-02-23,27.35,27.35,27.65,27.2,27.6,273930
2021-02-24,27.35,27.35,27.65,27.2,27.6,273930
2021-02-25,27.35,27.35,27.65,27.2,27.6,273930
2021-02-26,27.35,27.35,27.65,27.2,27.6,273930
2021-03-02,27.35,27.35,27.65,27.2,27.6,273930
2021-03-03,27.35,27.35,27.65,27.2,27.6,273930
2021-03-04,27.35,27.35,27.65,27.2,27.6,273930
2021-03-05,27.35,27.35,27.65,27.2,27.6,273930
2021-03-08,27.35,27.35,27.65,27.2,27.6,273930
2021-03-09,27.35,27.35,27.65,27.2,27.6,273930
2021-03-10,27.35,27.35,27.65,27.2,27.6,273930
2021-03-11,27.35,27.35,27.65,27.2,27.6,273930
2021-03-12,27.35,27.35,27.65,27.2,27.6,273930
2021-03-15,27.35,27.35,27.65,27.2,27.6,273930
2021-03-16,27.35,27.35,27.65,27.2,27.6,273930
2021-03-17,27.35,27.35,27.65,27.2,27.6,273930
2021-03-18,27.35,27.35,27.65,27.2,27.6,273930
2021-03-19,27.35,27.35,27.65,27.2,27.6,273930
2021-03-22,27.35,27.35,27.65,27.2,27.6,273930
2021-03-23,27.35,27.35,27.65,27.2,27.6,273930
2021-03-24,27.35,27.35,27.65,27.2,27.6,273930
2021-03-25,27.35,27.35,27.65,27.2,27.6,273930
2021-03-26,27.35,27.35,27.65,27.2,27.6,273930
2021-03-29,27.35,27.35,27.65,27.2,27.6,273930
2021-03-30,27.35,27.35,27.65,27.2,27.6,273930
2021-03-31,27.35,27.35,27.65,27.2,27.6,273930
2021-04-01,27.35,27.35,27.65,27.2,27.6,273930
2021-04-06,27.35,27.35,27.65,27.2,27.6,273930
2021-04-07,27.35,27.35,27.65,27.2,27.6,273930
2021-04-08,27.35,27.35,27.65,27.2,27.6,273930
2021-04-09,27.35,27.35,27.65,27.2,27.6,273930
2021-04-12,27.35,27.35,27.65,27.2,27.6,273930
2021-04-13,27.35,27.35,27.65,27.2,27.6,273930
2021-04-14,27.35,27.35,27.65,27.2,27.6,273930
2021-04-15,27.35,27.35,27.65,27.2,27.6,273930
2021-04-16,27.35,27.35,27.65,27.2,27.6,273930
2021-04-19,27.35,27.35,27.65,27.2,27.6,273930
2021-04-20,27.35,27.35,27.65,27.2,27.6,273930
2021-04-21,27.35,27.35,27.65,27.2,27.6,273930
2021-04-22,27.35,27.35,27.65,27.2,27.6,273930
2021-04-23,27.35,27.35,27.65,27.2,27.6,273930
2021-04-26,27.35,27.35,27.65,27.2,27.6,273930
2021-04-27,27.35,27.35,27.65,27.2,27.6,273930
2021-04-28,27.35,27.35,27.65,27.2,27.6,273930
2021-04-29,27.35,27.35,27.65,27.2,27.6,273930
2021-05-03,27.35,27.35,27.65,27.2,27.6,273930
2021-05-04,27.35,27.35,27.65,27.2,27.6,273930
2021-05-05,27.35,27.35,27.65,27.2,27.6,273930
2021-05-06,27.35,27.35,27.65,27.2,27.6,273930
2021-05-07,27.35,27.35,27.65,27.2,27.6,273930
2021-05-10,27.35,27.35,27.65,27.2,27.6,273930
2021-05-11,27.35,27.35,27.65,27.2,27.6,273930
2021-05-12,27.35,27.35,27.65,27.2,27.6,273930
2021-05-13,27.35,27.35,27.65,27.2,27.6,273930
2021-05-14,27.35,27.35,27.65,27.2,27.6,273930
2021-05-17,27.35,27.35,27.65,27.2,27.6,273930
2021-05-18,27.35,27.35,27.65,27.2,27.6,273930
2021-05-19,27.35,27.35,27.65,27.2,27.6,273930
2021-05-20,27.35,27.35,27.65,27.2,27.6,273930
2021-05-21,27.35,27.35,27.65,27.2,27.6,273930
2021-05-24,27.35,27.35,27.65,27.2,27.6,273930
2021-05-25,27.35,27.35,27.65,27.2,27.6,273930
2021-05-26,27.35,27.35,27.65,27.2,27.6,273930
2021-05-27,27.35,27.35,27.65,27.2,27.6,273930
2021-05-28,27.35,27.35,27.65,27.2,27.6,273930
2021-05-31,27.35,27.35,27.65,27.2,27.6,273930
2021-06-01,27.35,27.35,27.65,27.2,27.6,273930
2021-06-02,27.35,27.35,27.65,27.2,27.6,273930
2021-06-03,27.35,27.35,27.65,27.2,27.6,273930
2021-06-04,27.35,27.35,27.65,27.2,27.6,273930
2021-06-07,27.35,27.35,27.65,27.2,27.6,273930
2021-06-08,27.35,27.35,27.65,27.2,27.6,273930
2021-06-09,27.35,27.35,27.65,27.2,27.6,273930
2021-06-10,27.35,27.35,27.65,27.2,27.6,273930
2021-06-11,27.35,27.35,27.65,27.2,27.6,273930
2021-06-15,27.35,27.35,27.65,27.2,27.6,273930
2021-06-16,27.35,27.35,27.65,27.2,27.6,273930
2021-06-17,27.35,27.35,27.65,27.2,27.6,273930
2021-06-18,27.35,27.35,27.65,27.2,27.6,273930
2021-06-21,27.35,27.35,27.65,27.2,27.6,273930
2021-06-22,27.35,27.35,27.65,27.2,27.6,273930
2021-06-23,27.35,27.35,27.65,27.2,27.6,273930
2021-06-24,27.35,27.35,27.65,27.2,27.6,273930
2021-06-25,27.35,27.35,27.65,27.2,27.6,273930
2021-06-28,27.35,27.35,27.65,27.2,27.6,273930
2021-06-29,27.35,27.35,27.65,27.2,27.6,273930
2021-06-30,27.35,27.35,27.65,27.2,27.6,273930
2021-07-01,27.35,27.35,27.65,27.2,27.6,273930
2021-07-02,27.35,27.35,27.65,27.2,27.6,273930
2021-07-05,27.35,27.35,27.65,27.2,27.6,273930
2021-07-06,27.35,27.35,27.65,27.2,27.6,273930
2021-07-07,27.35,27.35,27.65,27.2,27.6,273930
2021-07-08,27.35,27.35,27.65,27.2,27.6,273930
2021-07-09,27.35,27.35,27.65,27.2,27.6,273930
2021-07-12,27.35,27.35,27.65,27.2,27.6,273930
2021-07-13,27.35,27.35,27.65,27.2,27.6,273930
2021-07-14,27.35,27.35,27.65,27.2,27.6,273930
2021-07-15,27.35,27.35,27.65,27.2,27.6,273930
2021-07-16,27.35,27.35,27.65,27.2,27.6,273930
2021-07-19,27.35,27.35,27.65,27.2,27.6,273930
2021-07-20,27.35,27.35,27.65,27.2,27.6,273930
2021-07-21,27.35,27.35,27.65,27.2,27.6,273930
2021-07-22,27.35,27.35,27.65,27.2,27.6,273930
2021-07-23,27.35,27.35,27.65,27.2,27.6,273930
2021-07-26,27.35,27.35,27.65,27.2,27.6,273930
2021-07-27,27.35,27.35,27.65,27.2,27.6,273930
2021-07-28,27.35,27.35,27.65,27.2,27.6,273930
2021-07-29,27.35,27.35,27.65,27.2,27.6,273930
2021-07-30,27.35,27.35,27.65,27.2,27.6,273930
2021-08-02,27.35,27.35,27.65,27.2,27.6,273930
2021-08-03,27.35,27.35,27.65,27.2,27.6,273930
2021-08-04,27.35,27.35,27.65,27.2,27.6,273930
2021-08-05,27.35,27.35,27.65,27.2,27.6,273930
2021-08-06,27.35,27.35,27.65,27.2,27.6,273930
2021-08-09,28.0,28.0,29.15,26.55,28.8,19010000
2021-08-10,26.5,26.5,27.85,26.5,27.85,3437000
2021-08-11,25.7,25.7,27.6,25.7,27.0,3301000
2021-08-12,25.1,25.1,26.4,25.1,26.4,2031000
2021-08-13,23.6,23.6,25.2,23.55,25.2,2738000
2021-08-16,22.2,22.2,23.65,22.2,23.6,2188000
2021-08-17,22.15,22.15,22.9,22.0,22.8,1122000
2021-08-18,23.05,23.05,23.25,21.6,22.0,1631000
2021-08-19,22.55,22.55,23.45,22.5,22.95,1299000
2021-08-20,22.55,22.55,22.75,22.2,22.5,487000
2021-08-23,23.0,23.0,23.2,22.75,22.75,680000
2021-08-24,22.6,22.6,23.35,22.45,23.2,609000
2021-08-25,22.4,22.4,22.65,22.0,22.2,445000
2021-08-26,22.35,22.35,22.9,22.25,22.5,568000
2021-08-27,22.15,22.15,22.6,22.1,22.35,472000
2021-08-30,21.8,21.8,22.45,21.55,22.45,602000
2021-08-31,22.0,22.0,22.0,21.6,21.8,690000
2021-09-01,22.5,22.5,22.8,22.1,22.15,784000
2021-09-02,22.5,22.5,22.8,21.8,22.75,2059000
2021-09-03,22.8,22.8,23.15,22.2,22.5,3368000
2021-09-06,23.0,23.0,23.6,22.8,22.85,1176000
2021-09-07,22.25,22.25,23.0,22.15,22.85,917000
2021-09-08,21.75,21.75,22.5,21.5,22.5,712000
2021-09-09,21.9,21.9,22.0,21.5,21.5,296000
2021-09-10,21.9,21.9,22.3,21.7,22.0,260000
2021-09-13,22.25,22.25,22.3,21.6,21.65,289000
2021-09-14,21.9,21.9,22.3,21.8,22.3,298000
2021-09-15,21.9,21.9,22.1,21.65,21.85,309000
2021-09-16,21.85,21.85,22.1,21.85,21.9,320000
2021-09-17,21.9,21.9,22.0,21.75,21.95,186000
2021-09-22,21.15,21.15,21.65,21.0,21.65,315000
2021-09-23,21.3,21.3,21.4,20.85,21.2,971000
2021-09-24,21.4,21.4,21.8,21.3,21.45,188000
2021-09-27,21.7,21.7,22.1,21.5,21.5,331000
2021-09-28,21.7,21.7,21.85,21.55,21.8,289000
2021-09-29,23.0,23.0,23.6,21.35,21.6,19845000
2021-09-30,23.25,23.25,23.5,22.2,22.55,3912000
2021-10-01,22.0,22.0,23.2,22.0,22.8,1695000
2021-10-04,20.45,20.45,22.55,20.35,22.55,1388000
2021-10-05,20.4,20.4,20.75,19.45,20.2,1142000
2021-10-06,20.55,20.55,21.4,20.5,20.8,1045000
2021-10-07,21.1,21.1,21.15,20.85,20.85,659000
2021-10-08,20.9,20.9,21.45,20.7,21.3,360000
2021-10-12,20.55,20.55,21.15,20.45,21.15,359000
2021-10-13,20.1,20.1,20.8,20.0,20.55,410000
2021-10-14,19.95,19.95,20.5,19.9,20.3,403000
2021-10-15,20.2,20.2,20.35,20.0,20.1,312000
2021-10-18,20.15,20.15,20.35,20.0,20.2,250000
2021-10-19,20.1,20.1,20.4,20.1,20.1,606000
2021-10-20,20.5,20.5,20.75,20.2,20.25,704000
2021-10-21,20.7,20.7,21.2,20.6,20.6,707000
2021-10-22,20.4,20.4,20.9,20.35,20.7,346000
2021-10-25,20.65,20.65,20.85,20.3,20.5,269000
2021-10-26,20.8,20.8,21.05,20.65,21.05,443000
2021-10-27,21.5,21.5,22.05,20.9,21.0,1838000
2021-10-28,22.05,22.05,22.45,21.5,21.5,1539000
2021-10-29,21.7,21.7,23.2,21.7,22.45,2684000
2021-11-01,21.9,21.9,22.5,21.6,22.5,782000
2021-11-02,21.4,21.4,22.3,21.2,22.0,858000
2021-11-03,21.7,21.7,21.9,21.25,21.4,542000
2021-11-04,21.7,21.7,22.1,21.65,21.75,290000
2021-11-05,21.4,21.4,22.0,21.1,21.4,2214000
2021-11-08,21.5,21.5,21.6,21.1,21.6,394000
2021-11-09,22.0,22.0,22.1,21.4,21.5,1030000
2021-11-10,21.65,21.65,22.9,21.65,22.4,2085000
2021-11-11,21.5,21.5,21.9,21.35,21.5,407000
2021-11-12,21.2,21.2,21.55,21.1,21.5,590000
2021-11-15,21.05,21.05,21.3,21.0,21.15,564000
2021-11-16,20.9,20.9,21.4,20.85,21.1,411000
2021-11-17,20.95,20.95,21.25,20.85,20.9,406000
2021-11-18,20.8,20.8,21.25,20.6,21.0,519000
2021-11-19,20.95,20.95,20.95,20.4,20.95,696000
2021-11-22,20.8,20.8,21.0,20.7,20.7,330000
2021-11-23,20.6,20.6,20.95,20.5,20.85,260000
2021-11-24,20.75,20.75,21.15,20.6,20.6,284000
2021-11-25,21.05,21.05,21.7,20.8,20.8,1004000
2021-11-26,20.55,20.55,21.25,20.55,21.2,534000
2021-11-29,20.2,20.2,20.45,19.9,20.25,414000
2021-11-30,20.5,20.5,20.6,20.25,20.25,271000
2021-12-01,21.4,21.4,21.5,20.35,20.35,759000
2021-12-02,21.1,21.1,21.9,20.9,21.9,819000
2021-12-03,21.0,21.0,21.4,21.0,21.1,382000
2021-12-06,20.95,20.95,21.1,20.85,20.85,261000
2021-12-07,21.75,21.75,22.3,21.65,21.9,2025000
2021-12-08,21.65,21.65,21.95,21.55,21.95,578000
2021-12-09,22.2,22.2,22.4,21.7,21.85,1734000
2021-12-10,21.8,21.8,22.75,21.8,22.25,1728000
2021-12-13,21.55,21.55,22.1,21.45,21.85,819000
2021-12-14,21.0,21.0,21.55,20.9,21.55,595000
2021-12-15,21.05,21.05,21.35,20.9,20.95,266000
2021-12-16,21.45,21.45,21.6,21.1,21.4,351000
2021-12-17,21.3,21.3,21.7,21.2,21.55,275000
2021-12-20,21.25,21.25,21.6,21.1,21.3,233000
2021-12-21,21.2,21.2,21.6,21.2,21.6,175000
2021-12-22,22.3,22.3,22.9,21.3,21.5,2744000
2021-12-23,23.7,23.7,24.25,22.6,22.6,7013000
2021-12-24,22.8,22.8,23.9,22.75,23.9,3439000
2021-12-27,23.2,23.2,23.25,22.7,23.2,876000
2021-12-28,23.0,23.0,23.5,22.95,23.5,716000
2021-12-29,23.9,23.9,25.3,23.3,23.5,8839000
2021-12-30,23.5,23.5,24.25,23.35,23.85,1603000
2022-01-03,22.85,22.85,23.65,22.8,23.6,1147000
2022-01-04,23.0,23.0,23.45,22.9,22.95,542000
2022-01-05,22.8,22.8,23.2,22.7,23.1,572000
2022-01-06,22.9,22.9,23.3,22.3,22.35,768000
2022-01-07,21.9,21.9,23.05,21.85,23.0,1003000
2022-01-10,21.75,21.75,22.2,21.35,21.85,754000
2022-01-11,21.65,21.65,21.9,21.6,21.85,382000
2022-01-12,21.35,21.35,22.0,21.25,21.65,446000
2022-01-13,21.4,21.4,21.45,21.1,21.1,320000
2022-01-14,20.9,20.9,21.4,20.55,21.4,644000
2022-01-17,21.3,21.3,21.4,20.85,20.9,210000
2022-01-18,21.35,21.35,21.5,21.3,21.3,124000
2022-01-19,20.9,20.9,21.6,20.85,21.3,468000
2022-01-20,21.1,21.1,21.15,20.9,20.9,144000
2022-01-21,20.65,20.65,21.0,20.55,20.9,365000
2022-01-24,20.2,20.2,20.3,19.75,20.2,485000
2022-01-25,19.95,19.95,20.45,19.95,20.0,301000
2022-01-26,20.1,20.1,20.45,20.0,20.0,273000
2022-02-07,21.05,21.05,21.2,20.6,20.6,311000
2022-02-08,21.65,21.65,21.75,21.05,21.05,343000
2022-02-09,21.65,21.65,21.75,21.4,21.65,180000
2022-02-10,22.4,22.4,22.95,22.1,22.3,1226000
2022-02-11,22.65,22.65,22.95,22.2,22.25,635000
2022-02-14,22.7,22.7,22.9,22.05,22.25,553000
2022-02-15,22.65,22.65,23.05,22.5,22.5,401000
2022-02-16,22.65,22.65,23.0,22.6,22.8,384000
2022-02-17,23.0,23.0,23.9,22.7,22.95,2218000
2022-02-18,23.45,23.45,23.85,23.0,23.0,1400000
2022-02-21,22.65,22.65,23.3,22.45,23.3,962000
2022-02-22,22.1,22.1,22.6,21.75,22.6,700000
2022-02-23,22.55,22.55,22.6,22.1,22.2,289000
2022-02-24,21.8,21.8,22.6,21.5,22.5,754000
2022-02-25,22.4,22.4,22.45,21.75,21.8,659000
2022-03-01,23.4,23.4,23.6,22.7,23.2,1492000
2022-03-02,23.2,23.2,23.7,23.05,23.2,1090000
2022-03-03,23.0,23.0,23.65,23.0,23.55,599000
2022-03-04,22.35,22.35,23.0,22.35,22.75,687000
2022-03-07,21.15,21.15,22.35,20.9,22.35,1034000
2022-03-08,20.6,20.6,21.35,20.35,20.95,652000
2022-03-09,20.9,20.9,21.35,20.5,21.2,621000
2022-03-10,21.2,21.2,21.65,21.2,21.3,369000
2022-03-11,21.4,21.4,21.6,21.15,21.25,252000
2022-03-14,21.2,21.2,21.45,21.2,21.45,127000
2022-03-15,20.5,20.5,21.4,20.5,21.2,417000
2022-03-16,20.4,20.4,20.75,20.1,20.7,479000
2022-03-17,20.7,20.7,20.8,20.6,20.8,396000
2022-03-18,20.9,20.9,21.0,20.6,20.65,228000
2022-03-21,20.95,20.95,21.6,20.6,21.0,386000
2022-03-22,21.3,21.3,21.4,21.0,21.4,161000
2022-03-23,21.25,21.25,21.5,21.15,21.5,279000
2022-03-24,21.35,21.35,21.5,21.2,21.5,289000
2022-03-25,21.05,21.05,21.6,21.05,21.5,308000
2022-03-28,21.35,21.35,21.45,20.5,20.95,268000
2022-03-29,20.9,20.9,21.45,20.9,21.45,205000
2022-03-30,21.1,21.1,21.35,21.0,21.05,197000
2022-03-31,20.9,20.9,21.1,20.85,21.1,131000
2022-04-01,20.75,20.75,20.8,20.65,20.7,112000
2022-04-06,20.65,20.65,20.8,20.6,20.8,181000
2022-04-07,20.2,20.2,21.0,20.2,20.8,200000
2022-04-08,20.6,20.6,20.85,20.45,20.85,123000
2022-04-11,20.2,20.2,20.9,20.15,20.9,176000
2022-04-12,20.2,20.2,20.6,19.95,19.95,151000
2022-04-13,20.4,20.4,20.55,20.35,20.5,110000
2022-04-14,20.4,20.4,20.8,20.4,20.6,116000
2022-04-15,20.35,20.35,20.6,20.2,20.4,156000
2022-04-18,20.2,20.2,20.4,20.05,20.35,125000
2022-04-19,20.45,20.45,20.55,20.35,20.5,147000
2022-04-20,20.5,20.5,20.7,20.4,20.5,180000
2022-04-21,20.4,20.4,20.7,20.4,20.55,127000
2022-04-22,20.35,20.35,20.5,20.3,20.4,135000
2022-04-25,20.05,20.05,20.15,19.95,20.05,253000
2022-04-26,19.85,19.85,20.15,19.75,20.1,223000
2022-04-27,19.55,19.55,19.8,19.2,19.7,311000
2022-04-28,19.55,19.55,19.95,19.5,19.95,89000
2022-04-29,19.75,19.75,19.85,19.65,19.85,144000
2022-05-03,19.8,19.8,19.95,19.65,19.9,86000
2022-05-04,19.95,19.95,19.95,19.7,19.9,54000
2022-05-05,19.9,19.9,20.15,19.9,20.0,141000
2022-05-06,19.0,19.0,19.2,18.7,18.95,722000
2022-05-09,17.1,17.1,18.75,17.1,18.75,673000
2022-05-10,16.5,16.5,16.8,15.65,16.8,747000
2022-05-11,16.5,16.5,16.8,16.15,16.8,322000
2022-05-12,16.8,16.8,16.8,15.85,16.3,287000
2022-05-13,17.15,17.15,17.2,16.5,17.0,532000
2022-05-16,16.9,16.9,17.1,16.8,17.1,306000
2022-05-17,17.05,17.05,17.15,16.75,16.85,187000
2022-05-18,17.05,17.05,17.35,17.0,17.2,174000
2022-05-19,16.75,16.75,16.85,16.4,16.75,179000
2022-05-20,17.0,17.0,17.0,16.6,16.8,183000
2022-05-23,18.7,18.7,18.7,17.15,17.15,1108000
2022-05-24,18.6,18.6,20.3,18.5,20.2,2787000
2022-05-25,18.7,18.7,18.85,18.2,18.6,538000
2022-05-26,18.0,18.0,18.85,18.0,18.2,568000
2022-05-27,18.0,18.0,18.5,18.0,18.25,194000
2022-05-30,18.0,18.0,18.3,17.95,18.0,182000
2022-05-31,17.8,17.8,18.0,17.55,18.0,279000
2022-06-01,17.85,17.85,18.15,17.6,17.95,162000
2022-06-02,18.2,18.2,18.2,17.85,17.85,161000
2022-06-06,18.6,18.6,18.95,18.25,18.5,303000
2022-06-07,18.1,18.1,18.4,18.1,18.25,124000
2022-06-08,18.3,18.3,18.5,18.15,18.15,190000
2022-06-09,18.15,18.15,18.3,18.05,18.3,63000
2022-06-10,18.2,18.2,18.2,18.0,18.0,68000
2022-06-13,17.55,17.55,18.0,17.5,17.95,165000
2022-06-14,17.35,17.35,17.5,16.9,17.5,258000
2022-06-15,17.2,17.2,17.4,17.2,17.4,108000
2022-06-16,16.85,16.85,17.35,16.85,17.3,139000
2022-06-17,16.8,16.8,17.1,16.4,16.6,208000
2022-06-20,15.85,15.85,16.95,15.85,16.6,308000
2022-06-21,16.4,16.4,16.45,15.9,16.0,207000
2022-06-22,15.65,15.65,16.4,15.6,16.4,331000
2022-06-23,15.35,15.35,15.7,15.15,15.5,401000
2022-06-24,15.4,15.4,15.75,15.35,15.5,176000
2022-06-27,15.8,15.8,15.85,15.6,15.6,130000
2022-06-28,15.55,15.55,16.0,15.55,16.0,86000
2022-06-29,15.3,15.3,15.6,15.15,15.45,159000
2022-06-30,14.25,14.25,15.35,14.25,15.35,452000
2022-07-01,13.1,13.1,14.4,12.85,14.25,625000
2022-07-04,13.4,13.4,13.65,13.15,13.4,254000
2022-07-05,14.2,14.2,14.3,13.6,13.75,197000
2022-07-06,13.4,13.4,14.3,13.4,14.2,231000
2022-07-07,14.05,14.05,14.2,13.4,13.4,249000
2022-07-08,14.1,14.1,14.2,13.9,14.05,179000
2022-07-11,13.65,13.65,14.1,13.6,14.1,140000
2022-07-12,13.0,13.0,13.5,13.0,13.45,177000
2022-07-13,13.5,13.5,13.75,13.3,13.3,127000
2022-07-14,13.7,13.7,13.8,13.5,13.65,103000
2022-07-15,13.9,13.9,14.15,13.65,13.7,110000
2022-07-18,14.2,14.2,14.25,13.95,14.0,117000
2022-07-19,14.4,14.4,14.4,14.2,14.2,93000
2022-07-20,14.5,14.5,14.95,14.5,14.65,163000
2022-07-21,15.45,15.45,15.5,14.7,14.9,293000
2022-07-22,15.6,15.6,16.25,15.45,15.45,564000
2022-07-25,15.4,15.4,15.75,15.4,15.7,182000
2022-07-26,14.7,14.7,15.35,14.7,15.35,140000
2022-07-27,14.9,14.9,15.0,14.6,14.6,226000
2022-07-28,14.75,14.75,15.5,14.75,15.5,371000
2022-07-29,15.15,15.15,15.2,14.9,15.0,77000
2022-08-01,15.1,15.1,15.4,15.1,15.15,98000
2022-08-02,15.1,15.1,15.3,14.75,15.1,504000
2022-08-03,14.9,14.9,15.1,14.85,15.1,111000
2022-08-04,14.8,14.8,15.3,14.1,15.15,395000
2022-08-05,15.1,15.1,15.3,14.8,14.8,694000
2022-08-08,14.9,14.9,15.2,14.85,15.2,118000
2022-08-09,14.8,14.8,14.9,14.75,14.9,73000
2022-08-10,15.0,15.0,15.1,14.75,14.95,110000
2022-08-11,15.15,15.15,15.2,15.05,15.1,127000
2022-08-12,15.15,15.15,15.2,15.15,15.15,48000
2022-08-15,15.45,15.45,15.6,15.25,15.25,99000
2022-08-16,15.7,15.7,15.7,15.5,15.55,163000
2022-08-17,15.55,15.55,15.75,15.55,15.7,187000
2022-08-18,15.8,15.8,15.8,15.35,15.35,109000
2022-08-19,16.3,16.3,16.3,15.65,15.65,223000
2022-08-22,16.3,16.3,16.5,16.2,16.3,186000
2022-08-23,15.9,15.9,16.35,15.8,16.35,743000
2022-08-24,14.85,14.85,15.2,14.85,15.2,214000
2022-08-25,14.9,14.9,15.1,14.8,15.0,182000
2022-08-26,15.05,15.05,15.3,14.85,14.85,118000
2022-08-29,14.6,14.6,14.8,14.45,14.8,113000
2022-08-30,14.4,14.4,14.75,14.3,14.7,360000
2022-08-31,14.65,14.65,14.75,14.4,14.4,115000
2022-09-01,14.45,14.45,14.6,14.4,14.6,87000
2022-09-02,14.45,14.45,14.5,14.35,14.45,61000
2022-09-05,14.45,14.45,14.8,14.35,14.4,81000
2022-09-06,14.3,14.3,14.55,14.2,14.45,192000
2022-09-07,14.05,14.05,14.2,13.95,14.1,179000
2022-09-08,14.45,14.45,14.55,14.1,14.3,229000
2022-09-12,14.55,14.55,14.7,14.45,14.45,58000
2022-09-13,15.15,15.15,15.3,14.65,14.65,362000
2022-09-14,15.45,15.45,15.6,14.9,15.0,304000
2022-09-15,15.9,15.9,16.25,15.45,15.45,801000
2022-09-16,16.0,16.0,16.25,15.95,16.0,432000
2022-09-19,15.55,15.55,16.25,15.45,16.0,523000
2022-09-20,15.8,15.8,16.1,15.7,15.7,319000
2022-09-21,15.55,15.55,15.9,15.4,15.9,306000
2022-09-22,15.45,15.45,15.8,15.4,15.55,280000
2022-09-23,15.5,15.5,15.9,15.4,15.5,184000
2022-09-26,14.8,14.8,15.5,14.7,15.2,373000
2022-09-27,14.85,14.85,14.95,14.8,14.9,112000
2022-09-28,14.0,14.0,14.6,13.7,14.6,249000
2022-09-29,14.45,14.45,15.0,14.2,14.2,296000
2022-09-30,14.35,14.35,14.5,13.95,14.3,215000
2022-10-03,14.45,14.45,14.6,14.4,14.4,206000
2022-10-04,14.7,14.7,14.8,14.6,14.6,209000
2022-10-05,14.95,14.95,15.15,14.9,14.9,183000
2022-10-06,15.0,15.0,15.2,14.85,15.2,53000
2022-10-07,15.0,15.0,15.05,14.8,14.8,118000
2022-10-11,14.25,14.25,14.6,14.1,14.6,132000
2022-10-12,14.3,14.3,14.3,13.95,14.25,195000
2022-10-13,13.6,13.6,14.3,13.5,14.3,261000
2022-10-14,13.9,13.9,14.0,13.7,13.8,147000
2022-10-17,13.4,13.4,13.9,13.2,13.9,192000
2022-10-18,13.5,13.5,13.55,13.3,13.4,146000
2022-10-19,13.3,13.3,13.6,13.3,13.5,83000
2022-10-20,13.3,13.3,13.3,13.05,13.2,85000
2022-10-21,13.4,13.4,13.4,13.05,13.1,52000
2022-10-24,13.05,13.05,13.45,13.05,13.45,139000
2022-10-25,12.7,12.7,13.05,12.7,13.05,145000
2022-10-26,12.8,12.8,13.0,12.7,13.0,49000
2022-10-27,13.2,13.2,13.2,12.6,12.8,57000
2022-10-28,12.65,12.65,13.2,12.65,13.2,101000
2022-10-31,12.65,12.65,12.9,12.65,12.65,63000
2022-11-01,12.95,12.95,12.95,12.65,12.65,32000
2022-11-02,13.4,13.4,13.4,12.8,12.8,96000
2022-11-03,13.2,13.2,13.45,13.05,13.3,146000
2022-11-04,13.15,13.15,13.2,13.05,13.05,62000
2022-11-07,13.35,13.35,13.65,13.15,13.2,553000
2022-11-08,13.3,13.3,13.6,13.3,13.4,89000
2022-11-09,13.35,13.35,13.55,13.35,13.4,78000
2022-11-10,13.35,13.35,13.35,13.2,13.3,68000
2022-11-11,13.5,13.5,14.05,13.4,13.8,248000
2022-11-14,13.6,13.6,13.7,13.4,13.4,168000
2022-11-15,13.8,13.8,13.85,13.65,13.65,172000
2022-11-16,13.75,13.75,13.85,13.6,13.85,84000
2022-11-17,13.8,13.8,13.8,13.6,13.65,121000
2022-11-18,13.85,13.85,13.9,13.8,13.85,87000
2022-11-21,13.7,13.7,13.85,13.5,13.8,80000
2022-11-22,13.5,13.5,13.7,13.5,13.6,34000
2022-11-23,13.9,13.9,13.9,13.55,13.55,90000
2022-11-24,14.8,14.8,14.95,13.9,13.9,821000
2022-11-25,15.1,15.1,15.6,14.85,14.85,767000
2022-11-28,15.25,15.25,15.4,14.85,15.25,306000
2022-11-29,15.55,15.55,15.75,15.05,15.2,350000
2022-11-30,15.65,15.65,16.0,15.5,15.75,369000
2022-12-01,15.5,15.5,15.8,15.5,15.8,249000
2022-12-02,15.45,15.45,15.75,15.35,15.55,256000
2022-12-05,15.8,15.8,15.9,15.45,15.45,206000
2022-12-06,15.55,15.55,15.9,15.55,15.7,101000
2022-12-07,15.35,15.35,15.75,15.3,15.6,117000
2022-12-08,15.05,15.05,15.35,15.05,15.35,99000
2022-12-09,15.05,15.05,15.6,15.05,15.3,92000
2022-12-12,14.75,14.75,15.1,14.5,15.0,103000
2022-12-13,14.85,14.85,15.2,14.6,15.2,308000
2022-12-14,14.85,14.85,14.95,14.85,14.95,33000
2022-12-15,14.8,14.8,14.9,14.75,14.9,26000
2022-12-16,14.65,14.65,14.85,14.5,14.6,72000
2022-12-19,14.4,14.4,14.9,14.4,14.9,105000
2022-12-20,14.1,14.1,14.65,13.9,14.65,267000
2022-12-21,14.2,14.2,14.5,14.15,14.35,58000
2022-12-22,14.35,14.35,14.5,14.25,14.45,54000
2022-12-23,14.55,14.55,14.75,14.35,14.35,82000
2022-12-26,14.45,14.45,14.7,14.45,14.7,24000
2022-12-27,14.45,14.45,14.8,14.35,14.35,36000
2022-12-28,14.35,14.35,14.45,14.3,14.4,42000
2022-12-29,14.4,14.4,14.45,14.3,14.35,35000
2022-12-30,14.35,14.35,14.45,14.2,14.45,48000
2023-01-03,14.35,14.35,14.5,14.3,14.5,37000
2023-01-04,14.25,14.25,14.5,14.25,14.5,43000
2023-01-05,14.45,14.45,14.45,14.3,14.4,82000
2023-01-06,14.5,14.5,14.5,14.3,14.45,55000
2023-01-09,14.75,14.75,14.8,14.4,14.6,90000
2023-01-10,14.7,14.7,14.75,14.55,14.6,28000
2023-01-11,14.6,14.6,14.85,14.5,14.85,69000
2023-01-12,14.4,14.4,14.5,14.4,14.4,104000
2023-01-13,14.2,14.2,14.55,14.2,14.2,71000
2023-01-16,14.15,14.15,14.4,14.15,14.2,94000
2023-01-17,14.15,14.15,14.3,14.15,14.2,43000
2023-01-30,14.3,14.3,14.4,14.2,14.4,79000
2023-01-31,14.3,14.3,14.5,14.25,14.25,77000
2023-02-01,14.55,14.55,14.55,14.2,14.2,48000
2023-02-02,14.7,14.7,14.85,14.6,14.65,78000
2023-02-03,14.65,14.65,14.8,14.55,14.75,117000
2023-02-06,14.6,14.6,14.85,14.55,14.6,55000
2023-02-07,14.65,14.65,14.85,14.55,14.6,44000
2023-02-08,14.65,14.65,14.85,14.65,14.7,154000
2023-02-09,14.65,14.65,14.65,14.6,14.65,31000
2023-02-10,14.5,14.5,14.7,14.5,14.5,54000
2023-02-13,14.55,14.55,14.6,14.5,14.6,39000
2023-02-14,14.55,14.55,14.65,14.5,14.65,55000
2023-02-15,14.6,14.6,14.6,14.3,14.5,123000
2023-02-16,14.6,14.6,14.65,14.55,14.65,123000
2023-02-17,14.6,14.6,14.65,14.5,14.65,71000
2023-02-20,16.05,16.05,16.05,14.65,14.65,1529000
2023-02-21,16.05,16.05,17.3,15.55,16.8,6090000
2023-02-22,16.35,16.35,16.45,15.85,16.0,1098000
2023-02-23,17.1,17.1,17.6,16.4,16.4,2525000
2023-02-24,17.6,17.6,17.95,17.2,17.3,1979000
2023-03-01,19.35,19.35,19.35,17.95,18.35,3227000
2023-03-02,20.55,20.55,21.25,19.35,19.45,13287000
2023-03-03,21.45,21.45,21.7,20.5,21.0,6624000
2023-03-06,21.3,21.3,21.6,21.0,21.4,2998000
2023-03-07,21.9,21.9,23.25,21.45,21.5,5139000
2023-03-08,21.75,21.75,22.3,21.35,22.0,2276000
2023-03-09,20.7,20.7,22.15,20.65,21.55,2171000
2023-03-10,20.6,20.6,21.3,20.5,20.6,1173000
2023-03-13,19.8,19.8,20.8,18.7,20.6,1646000
2023-03-14,19.8,19.8,20.4,19.8,20.05,813000
2023-03-15,19.95,19.95,21.0,19.95,20.05,1370000
2023-03-16,20.5,20.5,21.1,19.9,20.0,2877000
2023-03-17,21.15,21.15,21.5,20.75,20.95,3256000
2023-03-20,21.5,21.5,21.8,21.05,21.35,1860000
2023-03-21,21.15,21.15,22.35,21.15,22.0,2369000
2023-03-22,21.15,21.15,21.8,21.1,21.5,1618000
2023-03-23,20.8,20.8,21.45,20.65,21.2,1091000
2023-03-24,20.8,20.8,21.25,20.75,21.0,613000
2023-03-27,20.95,20.95,21.15,20.65,21.15,714000
2023-03-28,20.7,20.7,21.1,19.9,21.0,1189000
2023-03-29,20.55,20.55,21.25,20.55,21.05,685000
2023-03-30,20.0,20.0,20.75,19.7,20.65,1303000
2023-03-31,20.1,20.1,20.35,19.7,20.1,872000
2023-04-06,21.05,21.05,21.3,19.9,20.1,1261000
2023-04-07,21.2,21.2,22.7,21.15,21.15,3244000
2023-04-10,21.3,21.3,21.75,21.15,21.25,1133000
2023-04-11,21.35,21.35,21.6,21.15,21.5,744000
2023-04-12,21.35,21.35,21.7,21.3,21.35,702000
2023-04-13,21.9,21.9,22.0,21.2,21.5,1488000
2023-04-14,21.95,21.95,22.55,21.8,22.25,1954000
2023-04-17,23.85,23.85,24.05,22.15,22.15,6576000
2023-04-18,22.7,22.7,24.15,22.7,24.1,3346000
2023-04-19,23.05,23.05,23.85,22.95,23.0,2078000
2023-04-20,21.75,21.75,23.6,21.6,23.55,1879000
2023-04-21,21.4,21.4,22.25,20.8,22.0,1705000
2023-04-24,21.9,21.9,22.05,21.4,21.5,594000
2023-04-25,20.6,20.6,22.2,20.55,22.2,957000
2023-04-26,20.65,20.65,21.1,20.1,20.1,565000
2023-04-27,20.5,20.5,21.2,20.25,20.7,928000
2023-04-28,21.75,21.75,22.0,20.7,21.35,1110000
2023-05-02,21.2,21.2,22.05,21.1,21.95,1074000
2023-05-03,21.55,21.55,21.75,20.85,21.1,786000
2023-05-04,21.25,21.25,21.65,21.0,21.6,684000
2023-05-05,20.95,20.95,21.55,20.55,21.3,548000
2023-05-08,20.8,20.8,21.15,20.7,20.95,649000
2023-05-09,19.75,19.75,21.5,18.95,21.0,14186000
2023-05-10,19.3,19.3,19.7,19.15,19.7,786000
2023-05-11,18.9,18.9,19.35,18.7,19.35,1282000
2023-05-12,19.85,19.85,20.25,18.8,18.85,998000
2023-05-15,20.25,20.25,20.45,19.75,19.85,565000
2023-05-16,20.2,20.2,20.55,20.05,20.25,345000
2023-05-17,20.85,20.85,20.95,20.15,20.15,783000
2023-05-18,20.85,20.85,21.15,20.65,20.9,570000
2023-05-19,20.8,20.8,21.2,20.8,20.9,419000
2023-05-22,21.5,21.5,21.9,20.9,20.9,1142000
2023-05-23,21.65,21.65,21.7,21.25,21.55,561000
2023-05-24,21.4,21.4,21.7,21.35,21.55,481000
2023-05-25,21.3,21.3,21.5,21.15,21.4,339000
2023-05-26,21.15,21.15,21.5,21.15,21.3,438000
2023-05-29,21.1,21.1,21.4,21.0,21.4,292000
2023-05-30,20.45,20.45,21.1,20.45,21.1,595000
2023-05-31,20.6,20.6,21.0,20.45,20.65,261000
2023-06-01,20.6,20.6,20.7,20.35,20.6,195000
2023-06-02,20.9,20.9,21.25,20.35,20.7,770000
2023-06-05,20.95,20.95,21.3,20.8,20.9,347000
2023-06-06,21.25,21.25,21.45,20.75,21.0,546000
2023-06-07,21.35,21.35,21.6,21.2,21.25,394000
2023-06-08,21.35,21.35,21.8,21.3,21.3,657000
2023-06-09,21.3,21.3,21.5,21.15,21.35,333000
2023-06-12,20.6,20.6,21.3,20.6,21.3,436000
2023-06-13,20.65,20.65,21.0,20.55,21.0,197000
2023-06-14,20.55,20.55,20.8,20.5,20.65,231000
2023-06-15,20.7,20.7,21.0,20.15,20.55,331000
2023-06-16,20.6,20.6,20.9,20.5,20.9,225000
2023-06-19,20.8,20.8,20.95,20.6,20.6,183000
2023-06-20,20.5,20.5,21.0,20.4,21.0,290000
2023-06-21,20.6,20.6,20.75,20.3,20.4,251000
2023-06-26,20.65,20.65,20.8,20.4,20.8,310000
2023-06-27,21.65,21.65,22.3,20.4,20.5,2257000
2023-06-28,21.7,21.7,22.4,21.5,22.0,1873000
2023-06-29,23.7,23.7,23.8,21.65,21.8,11557000
2023-06-30,22.95,22.95,23.5,22.1,23.3,5476000
2023-07-03,22.6,22.6,23.5,22.6,23.4,2656000
2023-07-04,22.7,22.7,23.3,22.6,22.8,2085000
2023-07-05,23.1,23.1,23.45,22.5,22.85,3145000
2023-07-06,22.05,22.05,22.9,21.95,22.6,2380000
2023-07-07,22.05,22.05,22.2,21.4,21.85,1099000
2023-07-10,21.8,21.8,22.35,21.5,22.35,764000
2023-07-11,21.75,21.75,22.0,21.5,22.0,520000
2023-07-12,21.0,21.0,21.85,21.0,21.75,1019000
2023-07-13,21.1,21.1,21.5,20.85,21.0,644000
2023-07-14,21.45,21.45,21.85,21.2,21.2,755000
2023-07-17,21.65,21.65,22.1,21.15,21.7,1059000
2023-07-18,21.15,21.15,21.95,21.0,21.75,699000
2023-07-19,21.1,21.1,21.5,20.95,21.15,751000
2023-07-20,22.3,22.3,22.5,20.95,21.5,1651000
2023-07-21,22.1,22.1,22.5,21.75,22.05,905000
2023-07-24,24.3,24.3,24.3,22.35,22.35,20786000
2023-07-25,23.15,23.15,24.85,22.75,24.3,18202000
2023-07-26,23.2,23.2,23.75,22.1,23.0,4716000
2023-07-27,25.35,25.35,25.5,22.75,23.35,18713000
2023-07-28,23.8,23.8,24.65,23.75,24.65,7183000
2023-07-31,23.2,23.2,24.2,23.0,23.85,4416000
2023-08-01,23.05,23.05,23.95,23.05,23.45,2341000
2023-08-02,23.15,23.15,24.35,22.85,23.15,9133000
2023-08-04,23.1,23.1,23.35,22.2,23.0,2787000
2023-08-07,25.1,25.1,25.4,22.6,23.3,14272000
2023-08-08,25.8,25.8,26.3,24.3,24.75,15143000
2023-08-09,25.3,25.3,26.15,25.1,25.2,5024000
2023-08-10,23.4,23.4,25.05,23.25,24.8,5567000
2023-08-11,23.35,23.35,24.15,23.3,23.55,2312000
2023-08-14,22.85,22.85,23.1,22.15,23.1,2726000
2023-08-15,23.2,23.2,23.7,22.95,22.95,1269000
2023-08-16,23.0,23.0,23.35,22.7,23.1,1444000
2023-08-17,23.15,23.15,23.25,22.6,22.9,1659000
2023-08-18,22.6,22.6,23.2,22.5,23.1,1965000
2023-08-21,24.0,24.0,24.4,22.65,22.7,4857000
2023-08-22,24.95,24.95,25.65,23.3,23.7,10649000
2023-08-23,25.05,25.05,26.2,24.55,24.7,7929000
2023-08-24,24.35,24.35,25.7,24.35,25.15,4538000
2023-08-25,24.7,24.7,25.25,24.1,24.25,3373000
2023-08-28,23.8,23.8,25.0,23.75,25.0,2385000
2023-08-29,23.85,23.85,24.25,23.5,24.05,1099000
2023-08-30,23.9,23.9,24.15,23.6,23.85,1151000
2023-08-31,24.8,24.8,25.2,23.9,24.0,3794000
2023-09-01,24.05,24.05,25.8,24.05,25.8,4150000
2023-09-04,23.65,23.65,24.5,23.65,24.15,1233000
2023-09-05,23.7,23.7,24.1,23.6,23.85,1016000
2023-09-06,23.8,23.8,24.0,23.7,23.8,849000
2023-09-07,23.15,23.15,23.85,23.1,23.75,1427000
2023-09-08,22.9,22.9,23.25,22.8,23.25,1034000
2023-09-11,22.25,22.25,22.9,22.15,22.8,1385000
2023-09-12,21.9,21.9,22.5,21.75,22.45,1203000
2023-09-13,21.6,21.6,21.9,21.4,21.8,1006000
2023-09-14,22.2,22.2,22.2,21.65,21.7,881000
2023-09-15,22.0,22.0,22.1,21.75,22.1,660000
2023-09-18,21.55,21.55,21.95,21.55,21.8,493000
2023-09-19,21.25,21.25,21.75,20.95,21.6,1165000
2023-09-20,20.8,20.8,21.25,20.8,21.2,567000
2023-09-21,20.95,20.95,21.2,20.5,20.8,596000
2023-09-22,20.9,20.9,21.05,20.6,20.8,305000
2023-09-25,22.15,22.15,22.5,20.9,20.9,1882000
2023-09-26,23.4,23.4,23.75,22.4,23.3,6760000
2023-09-27,23.0,23.0,23.6,22.8,23.35,1671000
2023-09-28,24.75,24.75,25.0,22.9,22.95,11203000
2023-10-02,25.0,25.0,25.85,24.65,24.8,8936000
2023-10-03,24.95,24.95,25.3,24.8,25.0,2790000
2023-10-04,24.65,24.65,25.65,24.45,24.8,4272000
2023-10-05,24.8,24.8,25.0,24.4,24.45,2031000
2023-10-06,24.6,24.6,24.95,24.55,24.75,966000
2023-10-11,23.6,23.6,24.8,23.6,24.8,2071000
2023-10-12,23.65,23.65,24.2,23.65,23.65,815000
2023-10-13,23.5,23.5,24.15,23.4,23.7,1168000
2023-10-16,22.75,22.75,23.4,22.65,23.4,1000000
2023-10-17,22.2,22.2,23.3,22.2,22.9,852000
2023-10-18,21.6,21.6,22.2,21.5,22.1,1122000
2023-10-19,21.9,21.9,22.0,21.5,21.7,600000
2023-10-20,21.55,21.55,21.8,21.3,21.7,598000
2023-10-23,21.35,21.35,22.05,21.3,21.4,573000
2023-10-24,21.95,21.95,22.0,21.4,21.45,839000
2023-10-25,21.95,21.95,22.7,21.85,22.5,774000
2023-10-26,21.35,21.35,21.9,21.35,21.6,558000
2023-10-27,21.35,21.35,21.7,21.2,21.6,408000
2023-10-30,21.45,21.45,21.8,21.3,21.3,239000
2023-10-31,20.7,20.7,21.7,20.5,21.5,940000
2023-11-01,20.95,20.95,21.0,20.7,20.8,223000
2023-11-02,21.5,21.5,21.55,21.15,21.25,505000
2023-11-03,21.55,21.55,21.8,21.4,21.65,394000
2023-11-06,21.7,21.7,21.9,21.6,21.6,370000
2023-11-07,21.45,21.45,21.7,21.2,21.7,306000
2023-11-08,22.5,22.5,22.9,21.4,21.55,3486000
2023-11-09,22.05,22.05,22.5,22.0,22.15,735000
2023-11-10,22.0,22.0,22.35,21.95,21.95,476000
2023-11-13,22.15,22.15,22.5,21.95,22.05,465000
2023-11-14,24.1,24.1,24.35,21.65,22.15,7120000
2023-11-15,23.65,23.65,24.2,23.5,24.1,3336000
2023-11-16,23.7,23.7,24.35,23.3,23.9,2385000
2023-11-17,23.8,23.8,24.0,23.55,23.75,1045000
2023-11-20,23.5,23.5,24.15,23.5,23.8,1368000
2023-11-21,23.9,23.9,24.9,23.5,23.7,6475000
2023-11-22,24.05,24.05,24.55,23.55,23.55,1758000
2023-11-23,23.9,23.9,24.5,23.7,24.2,1553000
2023-11-24,24.2,24.2,24.3,23.9,24.0,1234000
2023-11-27,24.2,24.2,24.7,24.2,24.35,1832000
2023-11-28,24.0,24.0,24.4,23.8,24.15,991000
2023-11-29,24.15,24.15,24.4,23.95,24.2,880000
2023-11-30,26.05,26.05,26.45,24.0,24.25,14630000
2023-12-01,26.0,26.0,26.1,25.1,25.85,6329000
2023-12-04,25.2,25.2,26.6,25.2,25.95,3698000
2023-12-05,24.35,24.35,24.85,24.3,24.85,1780000
2023-12-06,24.9,24.9,25.2,24.45,24.5,1239000
2023-12-07,25.1,25.1,26.05,24.9,24.9,4782000
2023-12-08,24.8,24.8,25.95,24.8,25.45,2596000
2023-12-11,24.5,24.5,25.05,24.45,24.8,1721000
2023-12-12,24.5,24.5,24.7,24.0,24.65,1926000
2023-12-13,24.3,24.3,24.65,24.0,24.5,1683000
2023-12-14,23.8,23.8,24.6,23.75,24.4,1732000
2023-12-15,23.3,23.3,24.05,23.3,23.85,1112000
2023-12-18,24.15,24.15,24.9,23.1,23.3,6147000
2023-12-19,24.05,24.05,24.45,23.65,23.9,1649000
2023-12-20,24.1,24.1,24.5,24.05,24.15,1087000
2023-12-21,23.8,23.8,24.2,23.65,23.8,846000
2023-12-22,23.6,23.6,24.1,23.6,23.9,716000
2023-12-25,23.8,23.8,24.1,23.15,23.6,1504000
2023-12-26,23.95,23.95,24.0,23.5,23.65,789000
2023-12-27,23.85,23.85,24.0,23.8,23.85,479000
2023-12-28,23.55,23.55,23.95,23.5,23.95,585000
2023-12-29,24.5,24.5,25.0,23.7,23.7,5507000
2024-01-02,25.0,25.0,25.35,24.1,24.35,3890000
2024-01-03,25.25,25.25,25.5,24.7,24.75,2746000
2024-01-04,24.15,24.15,25.9,24.1,25.6,4652000
2024-01-05,24.0,24.0,24.5,24.0,24.1,720000
2024-01-08,23.55,23.55,24.15,23.55,24.0,1127000
2024-01-09,23.1,23.1,23.85,23.1,23.7,1750000
2024-01-10,22.6,22.6,23.15,22.6,23.15,1007000
2024-01-11,22.9,22.9,23.1,22.65,22.65,634000
2024-01-12,22.7,22.7,23.05,22.65,22.85,541000
2024-01-15,22.55,22.55,23.15,22.55,22.85,1563000
2024-01-16,22.35,22.35,22.8,22.3,22.5,664000
2024-01-17,22.15,22.15,22.65,22.15,22.45,708000
2024-01-18,22.25,22.25,22.45,21.9,22.2,570000
2024-01-19,22.25,22.25,22.5,22.05,22.45,636000
2024-01-22,23.5,23.5,24.0,22.35,22.35,5831000
2024-01-23,23.35,23.35,23.45,23.0,23.3,1524000
2024-01-24,23.15,23.15,23.5,23.15,23.4,490000
2024-01-25,22.85,22.85,23.15,22.7,23.0,878000
2024-01-26,22.7,22.7,23.05,22.6,22.75,406000
2024-01-29,22.7,22.7,22.85,22.55,22.65,387000
2024-01-30,22.95,22.95,23.25,22.75,22.9,895000
2024-01-31,22.65,22.65,23.05,22.65,22.95,354000
2024-02-01,22.45,22.45,22.85,22.45,22.65,414000
2024-02-02,22.6,22.6,23.0,22.55,22.6,766000
2024-02-05,22.05,22.05,22.6,22.05,22.6,857000
2024-02-15,23.8,23.8,24.15,23.0,23.0,3220000
2024-02-16,24.5,24.5,25.25,24.05,24.05,3990000
2024-02-19,24.6,24.6,24.95,24.4,24.8,1713000
2024-02-20,24.35,24.35,24.9,24.05,24.9,1715000
2024-02-21,24.65,24.65,24.75,24.15,24.6,1266000
2024-02-22,24.3,24.3,25.1,24.3,24.8,2113000
2024-02-23,24.7,24.7,26.15,24.1,24.65,7023000
2024-02-26,27.15,27.15,27.15,25.25,25.25,12341000
2024-02-27,29.85,29.85,29.85,29.85,29.85,3903000
2024-02-29,27.05,27.05,32.45,26.9,32.45,43267000
2024-03-01,27.25,27.25,28.45,26.6,27.05,13037000
2024-03-04,27.3,27.3,28.2,26.9,27.55,5598000
2024-03-05,26.5,26.5,27.7,26.3,27.5,5088000
2024-03-06,29.15,29.15,29.15,26.2,26.5,14568000
2024-03-07,27.15,27.15,30.65,27.05,29.45,22443000
2024-03-08,25.85,25.85,27.1,25.45,27.1,6018000
2024-03-11,25.8,25.8,26.4,25.6,25.7,1870000
2024-03-12,26.85,26.85,27.75,26.1,26.1,3882000
2024-03-13,27.5,27.5,27.85,26.2,27.1,3459000
2024-03-14,26.7,26.7,27.7,26.3,27.3,3397000
2024-03-15,26.3,26.3,27.75,26.3,27.15,4721000
2024-03-18,26.6,26.6,27.2,26.45,26.45,1630000
2024-03-19,26.5,26.5,27.1,26.45,26.8,2184000
2024-03-20,25.5,25.5,26.65,25.5,26.45,2480000
2024-03-21,26.0,26.0,26.4,25.35,25.6,2061000
2024-03-22,26.1,26.1,26.35,25.7,25.9,1288000
2024-03-25,26.15,26.15,26.5,26.1,26.4,884000
2024-03-26,25.9,25.9,27.15,25.7,26.25,3184000
2024-03-27,26.1,26.1,26.75,26.0,26.1,1475000
2024-03-28,25.65,25.65,26.55,25.65,26.25,1357000
2024-03-29,25.0,25.0,25.8,25.0,25.7,1402000
2024-04-01,25.25,25.25,25.85,25.0,25.0,2119000
2024-04-02,24.95,24.95,25.7,24.85,25.3,1036000
2024-04-03,24.4,24.4,24.85,24.35,24.8,1242000
2024-04-08,24.6,24.6,24.8,24.35,24.4,558000
2024-04-09,25.1,25.1,25.2,24.55,24.75,830000
2024-04-10,24.9,24.9,25.5,24.65,25.3,931000
2024-04-11,24.9,24.9,25.45,24.7,25.15,959000
2024-04-12,25.6,25.6,26.2,25.1,25.2,2322000
2024-04-15,24.8,24.8,25.65,24.75,25.6,1064000
2024-04-16,23.55,23.55,24.75,23.0,24.75,1768000
2024-04-17,24.0,24.0,24.4,23.8,24.0,753000
2024-04-18,23.85,23.85,24.2,23.7,24.1,788000
2024-04-19,23.05,23.05,23.7,22.3,23.7,1589000
2024-04-22,22.65,22.65,23.45,22.5,23.1,1142000
2024-04-23,22.95,22.95,23.2,22.7,23.2,435000
2024-04-24,23.1,23.1,23.5,22.95,22.95,749000
2024-04-25,23.1,23.1,23.5,22.9,23.5,460000
2024-04-26,23.0,23.0,23.35,22.95,23.3,704000
2024-04-29,23.2,23.2,23.35,23.0,23.3,597000
2024-04-30,23.1,23.1,23.25,22.9,23.25,563000
2024-05-02,23.1,23.1,23.25,22.7,23.05,575000
2024-05-03,22.9,22.9,23.5,22.9,23.25,612000
2024-05-06,22.9,22.9,23.05,22.85,23.0,415000
2024-05-07,23.2,23.2,23.25,22.9,22.95,486000
2024-05-08,23.55,23.55,23.75,23.3,23.35,807000
2024-05-09,23.15,23.15,23.65,23.15,23.6,452000
2024-05-10,23.4,23.4,23.4,22.85,23.3,506000
2024-05-13,23.35,23.35,23.7,23.35,23.7,253000
2024-05-14,24.0,24.0,24.15,23.4,23.4,1150000
2024-05-15,23.95,23.95,24.6,23.95,24.6,1103000
2024-05-16,23.7,23.7,24.35,23.55,24.2,677000
2024-05-17,23.6,23.6,23.9,23.45,23.75,344000
2024-05-20,23.5,23.5,23.95,23.5,23.6,414000
2024-05-21,23.85,23.85,24.1,23.5,23.75,565000
2024-05-22,24.0,24.0,24.25,23.85,24.15,658000
2024-05-23,25.3,25.3,26.3,23.55,24.0,7629000
2024-05-24,24.6,24.6,25.2,24.35,25.2,1876000
2024-05-27,25.85,25.85,26.25,24.7,24.7,3900000
2024-05-28,25.75,25.75,26.45,25.55,25.95,2239000
2024-05-29,26.05,26.05,27.1,25.15,25.9,4782000
2024-05-30,25.25,25.25,26.2,25.2,26.2,1363000
2024-05-31,25.45,25.45,26.2,25.25,25.65,1206000
2024-06-03,25.0,25.0,25.7,25.0,25.6,868000
2024-06-04,24.65,24.65,25.2,24.6,24.8,787000
2024-06-05,24.35,24.35,25.3,24.2,25.25,709000
2024-06-06,24.0,24.0,24.7,24.0,24.7,463000
2024-06-07,24.35,24.35,24.6,24.2,24.45,590000
2024-06-11,24.05,24.05,24.9,24.05,24.7,495000
2024-06-12,23.6,23.6,24.4,23.5,24.05,916000
2024-06-13,23.8,23.8,24.1,23.7,24.1,323000
2024-06-14,24.0,24.0,24.1,23.8,23.8,332000
2024-06-17,23.85,23.85,24.3,23.8,24.1,700000
2024-06-18,24.45,24.45,25.3,23.7,24.0,1544000
2024-06-19,24.15,24.15,25.15,24.15,24.7,1041000
2024-06-20,25.35,25.35,25.85,24.2,24.2,2431000
2024-06-21,27.85,27.85,27.85,25.0,25.35,10759000
2024-06-24,30.6,30.6,30.6,30.6,30.6,3807000
2024-06-25,32.35,32.35,33.6,29.1,33.5,50334000
2024-06-26,31.2,31.2,33.35,30.5,32.9,19215000
2024-06-27,30.25,30.25,32.35,30.2,31.2,11354000
2024-06-28,33.25,33.25,33.25,31.05,31.1,9901000
2024-07-01,36.55,36.55,36.55,36.05,36.55,3392000
2024-07-02,35.55,35.55,37.7,34.7,37.5,20955000
2024-07-03,35.85,35.85,38.4,35.8,36.8,18573000
2024-07-04,39.25,39.25,39.25,36.0,36.5,14526000
2024-07-05,43.15,43.15,43.15,43.15,43.15,2905000
2024-07-08,41.85,41.85,45.95,40.25,43.5,34175000
2024-07-09,38.25,38.25,42.6,37.7,42.4,19317000
2024-07-10,42.05,42.05,42.05,38.1,38.5,14839000
2024-07-11,40.55,40.55,43.4,39.6,42.15,21243000
2024-07-12,40.2,40.2,42.45,39.35,40.55,11624000
2024-07-15,38.3,38.3,41.2,38.25,41.2,6389000
2024-07-16,37.0,37.0,38.8,36.8,38.05,7027000
2024-07-17,37.85,37.85,39.5,37.3,38.0,7745000
2024-07-18,38.7,38.7,39.2,36.5,36.65,6606000
2024-07-19,36.95,36.95,39.3,36.95,38.6,4645000
2024-07-22,35.1,35.1,37.9,34.55,37.05,4996000
2024-07-23,35.2,35.2,36.8,35.15,36.25,3005000
2024-07-26,33.85,33.85,34.7,33.45,33.5,2340000
2024-07-29,33.0,33.0,35.8,32.85,34.2,4598000
2024-07-30,34.85,34.85,35.55,32.85,33.0,2987000
2024-07-31,34.2,34.2,35.6,34.2,34.4,2356000
2024-08-01,35.65,35.65,36.35,34.5,35.0,3637000
2024-08-02,33.05,33.05,34.9,32.8,34.5,2891000
2024-08-05,29.75,29.75,31.55,29.75,31.55,1959000
2024-08-06,27.45,27.45,30.65,26.8,30.5,5432000
2024-08-07,30.15,30.15,30.15,28.4,28.5,1776000
2024-08-08,30.0,30.0,30.95,29.05,29.1,4224000
2024-08-09,30.2,30.2,32.2,30.2,31.7,3345000
2024-08-12,30.05,30.05,31.1,29.95,30.45,1811000
2024-08-13,30.05,30.05,30.6,29.45,30.2,1338000
2024-08-14,30.45,30.45,31.4,30.25,30.9,2396000
2024-08-15,31.25,31.25,31.95,30.15,30.55,2337000
2024-08-16,34.35,34.35,34.35,31.55,31.65,3975000
2024-08-19,36.4,36.4,36.8,34.4,35.7,18378000
2024-08-20,35.1,35.1,36.8,35.05,36.4,7212000
2024-08-21,34.95,34.95,36.2,34.4,35.0,3952000
2024-08-22,38.4,38.4,38.4,35.3,35.3,10387000
2024-08-23,37.05,37.05,37.8,36.2,37.5,21723000
2024-08-26,36.5,36.5,38.3,36.5,37.3,14901000
2024-08-27,37.75,37.75,39.25,36.15,36.35,11083000
2024-08-28,37.95,37.95,38.8,37.3,38.05,10106000
2024-08-29,37.05,37.05,38.4,37.0,37.5,4013000
2024-08-30,36.05,36.05,37.85,35.9,37.1,4482000
2024-09-02,35.65,35.65,36.4,35.4,36.2,2725000
2024-09-03,35.3,35.3,36.1,35.15,35.8,1826000
2024-09-04,33.3,33.3,34.35,31.9,33.0,2335000
2024-09-05,33.3,33.3,34.7,33.2,34.0,1925000
2024-09-06,32.55,32.55,33.65,32.55,33.5,1178000
2024-09-09,32.6,32.6,32.8,31.35,31.5,1004000
2024-09-10,31.05,31.05,33.2,30.55,32.8,2494000
2024-09-11,30.5,30.5,31.5,30.5,31.2,1064000
2024-09-12,32.3,32.3,32.85,31.2,31.3,2953000
2024-09-13,32.3,32.3,32.7,32.1,32.35,1278000
2024-09-16,31.85,31.85,32.95,31.85,32.3,974000
2024-09-18,32.65,32.65,34.6,32.0,32.0,3581000
2024-09-19,33.15,33.15,33.8,32.85,33.1,2155000
2024-09-20,32.7,32.7,34.1,32.6,33.5,1369000
2024-09-23,32.2,32.2,32.95,32.05,32.7,1211000
2024-09-24,35.4,35.4,35.4,32.15,32.15,6180000
2024-09-25,34.5,34.5,36.15,34.2,35.65,15403000
2024-09-26,35.4,35.4,36.75,34.05,34.6,9871000
2024-09-27,34.8,34.8,36.6,34.8,35.65,5215000
2024-09-30,33.85,33.85,34.75,33.85,34.5,1525000
2024-10-01,36.15,36.15,36.55,33.85,34.2,7304000
2024-10-04,34.9,34.9,36.35,34.65,36.3,4096000
2024-10-07,34.95,34.95,36.4,34.8,35.6,3252000
2024-10-08,34.05,34.05,34.4,33.25,34.4,1982000
2024-10-09,32.6,32.6,34.5,32.6,34.4,2648000
2024-10-11,34.9,34.9,35.7,32.75,33.0,6128000
2024-10-14,38.35,38.35,38.35,34.3,35.0,19229000
2024-10-15,38.6,38.6,42.0,38.1,39.1,66197000
2024-10-16,42.45,42.45,42.45,39.1,39.6,52834000
2024-10-17,42.15,42.15,43.45,40.6,43.0,42853000
2024-10-18,42.5,42.5,44.05,40.6,43.0,31584000
2024-10-21,41.9,41.9,43.6,41.6,42.85,23897000
2024-10-22,41.8,41.8,44.85,41.2,42.2,30368000
2024-10-23,41.45,41.45,42.8,41.05,42.2,12013000
2024-10-24,39.3,39.3,41.4,38.65,41.4,10540000
2024-10-25,38.75,38.75,40.3,38.75,39.6,4433000
2024-10-28,38.0,38.0,39.0,37.7,38.9,4226000
2024-10-29,38.05,38.05,39.8,37.8,38.1,7641000
2024-10-30,36.75,36.75,38.7,36.65,38.4,4528000
2024-11-01,37.6,37.6,38.5,35.6,36.0,3275000
2024-11-04,36.7,36.7,37.85,36.6,37.55,1927000
2024-11-05,37.25,37.25,37.9,36.3,36.55,2229000
2024-11-06,37.05,37.05,37.65,36.8,37.35,1601000
2024-11-07,37.0,37.0,37.9,36.95,37.1,2022000
2024-11-08,36.4,36.4,38.2,35.55,37.2,4041000
2024-11-11,35.85,35.85,36.25,35.15,36.1,2136000
2024-11-12,34.5,34.5,35.4,34.1,35.4,2010000
2024-11-13,35.05,35.05,36.6,34.3,34.4,3606000
2024-11-14,34.55,34.55,36.0,34.55,35.05,2127000
2024-11-15,34.1,34.1,35.1,33.9,34.65,1893000
2024-11-18,33.1,33.1,34.3,33.1,34.1,1494000
2024-11-19,33.7,33.7,33.9,33.25,33.35,942000
2024-11-20,33.7,33.7,34.0,33.5,33.8,839000
2024-11-21,33.95,33.95,34.35,33.35,34.0,953000
2024-11-22,34.45,34.45,35.2,34.25,34.3,1591000
2024-11-25,37.85,37.85,37.85,34.6,34.8,5637000
2024-11-26,37.2,37.2,37.8,36.5,37.8,6327000
2024-11-27,35.1,35.1,37.7,35.1,37.25,3492000
2024-11-28,34.35,34.35,35.55,34.05,34.8,1702000
2024-11-29,34.5,34.5,34.85,33.95,34.35,1092000
2024-12-02,34.9,34.9,35.8,34.8,34.8,1082000
2024-12-03,35.6,35.6,36.3,35.25,35.25,1334000
2024-12-04,36.2,36.2,36.4,35.55,35.95,1178000
2024-12-05,35.35,35.35,36.5,35.3,36.5,1256000
2024-12-06,35.0,35.0,36.35,34.95,35.9,1147000
2024-12-09,34.05,34.05,35.15,34.0,35.15,1122000
2024-12-10,33.55,33.55,34.75,33.5,34.1,1004000
2024-12-11,33.4,33.4,33.9,33.25,33.55,650000
2024-12-12,33.65,33.65,35.3,33.65,34.0,1746000
2024-12-13,32.2,32.2,33.7,32.0,33.65,2084000
2024-12-16,31.35,31.35,32.7,31.2,32.25,1183000
2024-12-17,31.9,31.9,32.25,31.5,31.75,826000
2024-12-18,32.2,32.2,32.2,31.2,31.65,659000
2024-12-19,31.7,31.7,32.1,31.1,31.35,613000
2024-12-20,31.85,31.85,32.8,31.6,31.6,943000
2024-12-23,32.05,32.05,32.5,31.85,32.05,636000
2024-12-24,31.8,31.8,32.75,31.8,32.3,604000
2024-12-25,32.4,32.4,33.15,32.1,32.1,786000
2024-12-26,32.15,32.15,32.85,32.0,32.75,594000
2024-12-27,32.3,32.3,34.4,32.3,32.75,2664000
2024-12-30,31.85,31.85,32.85,31.8,32.6,565000
2024-12-31,31.65,31.65,31.9,31.25,31.85,578000
2025-01-02,31.7,31.7,32.7,31.55,31.85,543000
2025-01-03,31.3,31.3,32.5,31.25,32.1,835000
2025-01-06,31.0,31.0,31.75,30.8,31.75,731000
2025-01-07,30.95,30.95,31.6,30.7,31.2,655000
2025-01-08,30.5,30.5,31.05,30.4,30.7,580000
2025-01-09,28.6,28.6,30.6,28.6,30.6,2460000
2025-01-10,29.05,29.05,29.5,28.55,28.55,846000
2025-01-13,28.1,28.1,29.2,28.0,28.85,1014000
2025-01-14,28.95,28.95,28.95,28.0,28.1,578000
2025-01-15,28.15,28.15,29.75,28.15,29.75,735000
2025-01-16,28.65,28.65,29.05,28.3,28.65,397000
2025-01-17,28.2,28.2,29.15,28.15,29.15,468000
2025-01-20,28.7,28.7,28.75,28.15,28.4,377000
2025-01-21,28.2,28.2,28.85,28.15,28.8,355000
2025-01-22,28.2,28.2,28.55,28.0,28.55,453000
2025-02-03,28.05,28.05,28.2,26.8,28.1,577000
2025-02-04,28.05,28.05,28.4,27.4,28.4,469000
2025-02-05,28.95,28.95,29.15,28.4,28.5,522000
2025-02-06,29.4,29.4,30.5,29.35,29.45,1167000
2025-02-07,29.8,29.8,29.9,29.2,29.2,495000
2025-02-10,29.45,29.45,30.15,29.3,29.45,404000
2025-02-11,29.0,29.0,29.85,29.0,29.85,440000
2025-02-12,28.6,28.6,29.75,28.6,29.15,628000
2025-02-13,29.75,29.75,29.95,28.85,28.85,797000
2025-02-14,29.3,29.3,29.95,29.2,29.95,360000
2025-02-17,30.15,30.15,30.3,29.25,29.65,673000
2025-02-18,30.2,30.2,30.6,29.9,30.2,551000
2025-02-19,31.65,31.65,31.65,30.2,30.2,1377000
2025-02-20,31.05,31.05,31.85,31.0,31.85,988000
2025-02-21,31.15,31.15,31.7,31.0,31.35,655000
2025-02-24,32.3,32.3,33.3,31.15,31.15,2384000
2025-02-25,32.45,32.45,32.8,32.0,32.1,833000
2025-02-26,33.2,33.2,33.2,32.1,32.45,1306000
2025-02-27,32.35,32.35,33.2,32.2,32.8,1210000
2025-03-03,31.9,31.9,32.35,31.55,32.15,771000
2025-03-04,31.75,31.75,31.95,31.25,31.7,670000
2025-03-05,31.95,31.95,32.3,31.7,31.85,556000
2025-03-06,32.75,32.75,32.85,32.15,32.35,1018000
2025-03-07,32.75,32.75,32.9,32.2,32.6,733000
2025-03-10,31.85,31.85,33.4,31.85,33.3,1200000
2025-03-11,31.75,31.75,31.95,30.85,31.5,722000
2025-03-12,32.35,32.35,32.45,31.9,31.95,489000
2025-03-13,31.3,31.3,32.65,31.05,32.65,624000
2025-03-14,31.35,31.35,31.45,30.2,31.15,796000
2025-03-17,31.75,31.75,32.5,31.05,31.75,803000
2025-03-18,32.75,32.75,33.55,31.65,31.9,1601000
2025-03-19,31.7,31.7,32.75,31.65,32.5,769000
2025-03-20,32.05,32.05,32.25,31.8,31.9,605000
2025-03-21,31.55,31.55,32.1,31.55,32.1,409000
2025-03-24,30.75,30.75,31.7,30.75,31.55,536000
2025-03-25,30.75,30.75,31.2,30.45,30.95,364000
2025-03-26,32.15,32.15,32.55,30.9,30.9,2764000
2025-03-27,31.4,31.4,31.95,31.25,31.9,762000
2025-03-28,29.8,29.8,31.8,29.6,31.8,1004000
2025-03-31,27.2,27.2,28.65,27.0,28.3,1528000
2025-04-01,27.5,27.5,28.2,27.45,28.2,683000
2025-04-02,28.75,28.75,28.8,27.6,28.3,868000
2025-04-07,25.9,25.9,25.9,25.9,25.9,78000
2025-04-08,23.35,23.35,23.35,23.35,23.35,150000
2025-04-09,21.05,21.05,21.05,21.05,21.05,492000
2025-04-10,23.15,23.15,23.15,22.35,23.05,1990000
2025-04-11,25.45,25.45,25.45,20.85,22.3,2186000
2025-04-14,26.1,26.1,27.8,25.85,26.6,2523000
2025-04-15,26.95,26.95,27.45,26.3,26.9,992000
2025-04-16,26.35,26.35,27.1,26.35,26.95,611000
2025-04-17,27.4,27.4,27.65,26.0,26.0,1367000
2025-04-18,28.35,28.35,30.1,28.35,28.45,7716000
2025-04-21,28.6,28.6,28.6,27.4,28.1,1829000
2025-04-22,27.85,27.85,29.2,27.85,27.95,1200000
2025-04-23,28.0,28.0,28.9,28.0,28.6,914000
2025-04-24,27.45,27.45,28.2,27.25,28.15,661000
2025-04-25,27.4,27.4,28.0,27.35,27.95,612000
2025-04-28,28.15,28.15,28.6,27.6,27.9,1048000
2025-04-29,28.9,28.9,29.45,28.35,28.45,1154000
2025-04-30,29.1,29.1,29.7,28.65,29.1,1373000
2025-05-02,31.7,31.7,31.95,29.35,29.5,4185000
2025-05-05,31.0,31.0,32.35,30.3,32.35,2676000
2025-05-06,31.4,31.4,32.05,30.4,30.5,1381000
2025-05-07,31.6,31.6,32.3,31.15,31.35,1925000
2025-05-08,32.55,32.55,33.3,31.7,31.75,3198000
2025-05-09,32.6,32.6,33.15,32.2,32.55,2364000
2025-05-12,31.8,31.8,32.95,31.75,32.6,1466000
2025-05-13,32.15,32.15,32.35,31.65,32.3,1284000
2025-05-14,32.25,32.25,33.3,32.2,32.4,2108000
2025-05-15,31.4,31.4,32.4,31.2,32.35,1514000
2025-05-16,30.6,30.6,31.45,30.55,31.3,1061000
2025-05-19,31.45,31.45,32.4,30.3,30.75,1582000
2025-05-20,31.1,31.1,31.85,31.1,31.8,641000
2025-05-21,31.15,31.15,32.5,31.15,31.3,1024000
2025-05-22,30.55,30.55,31.2,30.5,31.1,575000
2025-05-23,30.1,30.1,30.9,30.1,30.7,676000
2025-05-26,30.0,30.0,30.45,29.85,30.45,493000
2025-05-27,29.55,29.55,30.6,29.5,30.3,883000
2025-05-28,29.2,29.2,30.4,29.15,30.0,615000
2025-05-29,29.05,29.05,30.8,29.05,29.35,1153000
2025-06-02,27.9,27.9,28.7,27.7,28.55,956000
2025-06-03,28.0,28.0,28.4,27.7,28.3,494000
2025-06-04,27.8,27.8,28.55,27.8,28.4,1039000
2025-06-05,27.8,27.8,28.65,27.8,27.9,827000
2025-06-06,27.7,27.7,28.05,27.55,27.8,424000
2025-06-09,26.85,26.85,27.95,26.3,27.95,1527000
2025-06-10,27.05,27.05,27.35,26.75,27.0,581000
2025-06-11,27.0,27.0,27.5,26.95,27.5,340000
2025-06-12,26.9,26.9,27.15,26.8,27.0,468000
2025-06-13,25.75,25.75,27.0,25.4,27.0,1249000
2025-06-16,26.0,26.0,26.5,25.45,25.75,613000
2025-06-17,26.3,26.3,27.3,26.1,26.15,1390000
2025-06-18,26.2,26.2,27.05,26.2,26.3,649000
2025-06-19,25.45,25.45,26.2,25.45,26.2,568000
2025-06-20,24.85,24.85,25.6,24.85,25.45,767000
2025-06-23,24.75,24.75,24.8,24.0,24.65,319000
2025-06-24,25.15,25.15,25.6,25.05,25.05,606000
2025-06-25,25.4,25.4,25.6,25.25,25.5,316000
2025-06-26,25.6,25.6,25.9,25.55,25.7,320000
2025-06-27,25.6,25.6,25.85,25.45,25.85,307000
2025-06-30,24.8,24.8,25.85,24.75,25.8,490000
2025-07-01,24.6,24.6,25.25,24.6,25.0,583000
2025-07-02,25.4,25.4,26.2,24.5,24.55,975000
2025-07-03,25.5,25.5,25.85,25.5,25.7,294000
2025-07-04,25.3,25.3,26.0,25.0,26.0,431000
2025-07-07,24.65,24.65,25.05,24.5,25.05,264000
2025-07-08,24.35,24.35,24.8,23.9,24.45,572000
2025-07-09,23.8,23.8,24.45,23.8,24.45,470000
2025-07-10,23.75,23.75,24.15,23.55,23.9,391000
2025-07-11,23.85,23.85,24.2,23.65,23.85,317000
2025-07-14,23.4,23.4,23.85,23.25,23.85,240000
2025-07-15,23.8,23.8,24.05,23.5,23.5,249000
2025-07-16,24.15,24.15,24.8,24.1,24.5,748000
2025-07-17,24.35,24.35,24.85,24.0,24.0,519000
2025-07-18,24.0,24.0,24.85,24.0,24.85,364000
2025-07-21,23.85,23.85,24.2,23.85,24.0,255000
2025-07-22,22.35,22.35,23.9,22.35,23.85,983000
2025-07-23,23.3,23.3,23.6,22.45,22.7,542000
2025-07-24,23.8,23.8,23.9,23.35,23.4,321000
2025-07-25,23.6,23.6,23.9,23.4,23.6,213000
2025-07-28,23.75,23.75,24.1,23.35,24.1,548000
2025-07-29,23.45,23.45,23.85,23.2,23.75,372000
2025-07-30,23.45,23.45,23.7,23.15,23.7,131000
2025-07-31,23.3,23.3,23.75,23.15,23.75,295000
2025-08-01,24.0,24.0,24.25,22.95,23.1,719000
2025-08-04,23.9,23.9,24.6,23.4,24.05,506000
2025-08-05,24.05,24.05,24.45,24.0,24.25,515000
2025-08-06,24.25,24.25,24.35,23.95,24.2,291000
2025-08-07,24.3,24.3,25.2,24.0,24.5,633000
2025-08-08,26.0,26.0,26.7,24.1,24.5,5091000
2025-08-11,25.0,25.0,25.75,24.8,25.75,1773000
2025-08-12,24.55,24.55,25.1,24.5,25.0,1070000
2025-08-13,25.05,25.05,26.1,24.9,24.9,1495000
2025-08-14,25.3,25.3,25.65,25.0,25.25,955000
2025-08-15,25.55,25.55,26.15,25.0,25.75,1464000
2025-08-18,26.1,26.1,26.7,25.2,25.6,1389000
2025-08-19,25.5,25.5,26.5,25.5,26.25,970000
2025-08-20,25.65,25.65,27.3,25.65,26.0,3704000
2025-08-21,26.2,26.2,26.95,25.8,25.8,1976000
2025-08-22,25.15,25.15,26.45,25.0,26.45,1309000
2025-08-25,25.1,25.1,25.55,25.1,25.45,698000
2025-08-26,25.4,25.4,25.45,24.8,25.25,565000
2025-08-27,25.4,25.4,25.7,25.4,25.55,689000
2025-08-28,25.7,25.7,26.0,25.3,25.65,674000
2025-08-29,28.25,28.25,28.25,26.15,26.3,9569000
2025-09-01,26.55,26.55,28.0,26.2,27.9,4801000
2025-09-02,25.55,25.55,26.75,25.2,26.55,1789000
2025-09-03,26.05,26.05,26.6,25.4,25.6,1034000
2025-09-04,25.75,25.75,26.45,25.75,26.2,860000
2025-09-05,26.2,26.2,26.35,25.7,25.95,647000
2025-09-08,26.0,26.0,26.5,25.55,26.5,807000
2025-09-09,25.4,25.4,26.15,25.25,26.0,1074000
2025-09-10,25.65,25.65,25.95,25.3,25.55,520000
2025-09-11,24.75,24.75,25.75,24.7,25.75,1187000
2025-09-12,24.95,24.95,25.5,24.8,25.05,426000
2025-09-15,25.2,25.2,25.4,24.8,25.25,545000
2025-09-16,25.5,25.5,25.6,25.1,25.25,505000
2025-09-17,25.5,25.5,26.15,25.3,25.5,527000
2025-09-18,25.65,25.65,25.95,25.5,25.85,499000
2025-09-19,25.6,25.6,26.1,25.45,25.8,511000
2025-09-22,25.3,25.3,25.85,25.25,25.7,480000
2025-09-23,24.9,24.9,25.5,24.9,25.35,560000
2025-09-24,25.1,25.1,25.65,24.6,25.0,679000
2025-09-25,24.95,24.95,25.7,24.95,25.5,426000
2025-09-26,24.1,24.1,25.3,24.05,25.3,777000
2025-09-30,24.4,24.4,24.45,24.0,24.1,381000
2025-10-01,24.2,24.2,24.75,24.1,24.3,205000
2025-10-02,24.35,24.35,24.8,24.3,24.3,414000
2025-10-03,24.15,24.15,24.5,24.1,24.5,249000
2025-10-07,24.15,24.15,24.55,24.05,24.15,255000
2025-10-08,24.2,24.2,24.2,23.75,24.15,327000
2025-10-09,23.85,23.85,24.35,23.8,24.35,348000
2025-10-13,23.25,23.25,23.35,22.5,22.6,622000
2025-10-14,22.8,22.8,24.0,22.65,23.65,614000
2025-10-15,23.0,23.0,23.15,22.75,23.1,270000
2025-10-16,23.05,23.05,23.5,22.8,23.15,327000
2025-10-17,22.8,22.8,23.15,22.8,23.05,256000
2025-10-20,23.15,23.15,23.15,22.75,22.85,353000
2025-10-21,23.35,23.35,23.6,23.15,23.15,271000
2025-10-22,23.65,23.65,23.95,23.3,23.3,322000
2025-10-23,23.45,23.45,23.65,23.25,23.5,211000
2025-10-27,23.1,23.1,23.55,23.05,23.5,451000
2025-10-28,23.0,23.0,23.25,22.8,23.15,245000
2025-10-29,23.4,23.4,23.75,23.05,23.35,427000
2025-10-30,23.25,23.25,23.6,23.25,23.5,307000
2025-10-31,23.2,23.2,24.05,23.2,23.55,601000
2025-11-03,23.15,23.15,23.75,23.15,23.45,303000
2025-11-04,22.65,22.65,23.25,22.6,23.25,449000
2025-11-05,22.1,22.1,22.65,21.85,22.5,483000
2025-11-06,22.2,22.2,22.6,22.05,22.6,222000
2025-11-07,21.75,21.75,22.1,21.55,22.05,513000
2025-11-10,21.25,21.25,21.95,21.25,21.95,360000
2025-11-11,21.65,21.65,22.25,21.55,21.55,800000
2025-11-12,22.1,22.1,22.35,21.7,21.7,362000
2025-11-13,22.15,22.15,22.4,21.9,22.4,404000
2025-11-14,21.55,21.55,22.3,21.55,22.15,285000
2025-11-17,21.3,21.3,21.65,21.25,21.65,320000
2025-11-18,20.5,20.5,21.3,20.45,21.25,558000
2025-11-19,20.2,20.2,20.55,20.1,20.2,215000
2025-11-20,20.9,20.9,21.05,20.6,20.6,309000
2025-11-21,20.1,20.1,20.7,19.6,20.4,319000
2025-11-24,20.65,20.65,20.85,20.5,20.55,227000
2025-11-25,20.7,20.7,21.15,20.55,20.85,128000
2025-11-26,21.3,21.3,21.55,20.9,20.9,312000
2025-11-27,21.55,21.55,21.75,21.3,21.45,191000
2025-11-28,21.8,21.8,21.9,21.6,21.65,163000
2025-12-01,21.9,21.9,22.1,21.55,21.8,210000
2025-12-02,21.95,21.95,22.15,21.9,22.0,159000
2025-12-03,22.9,22.9,23.0,22.1,22.1,670000
2025-12-04,22.8,22.8,23.05,22.5,22.9,373000
2025-12-05,22.2,22.2,22.75,22.15,22.75,179000
2025-12-08,22.4,22.4,22.6,22.2,22.2,241000
2025-12-09,22.55,22.55,22.9,22.5,22.6,419000
2025-12-10,22.5,22.5,23.2,22.5,22.8,430000
2025-12-11,22.3,22.3,22.75,22.1,22.5,214000
2025-12-12,22.4,22.4,22.7,22.3,22.7,199000
2025-12-15,23.8,23.8,24.3,22.15,22.15,1036000
2025-12-16,23.85,23.85,25.55,23.5,23.8,2210000
2025-12-17,24.45,24.45,24.7,23.9,23.9,777000
2025-12-18,24.1,24.1,24.8,23.7,24.45,555000
2025-12-19,23.85,23.85,24.45,23.8,24.3,263000
2025-12-22,23.85,23.85,24.2,23.75,23.95,387000
2025-12-23,24.5,24.5,24.7,23.9,23.9,731000
2025-12-24,24.05,24.05,25.1,24.05,24.65,493000
2025-12-26,24.3,24.3,24.5,24.0,24.2,402000
2025-12-29,26.7,26.7,26.7,24.95,24.95,2839000
2025-12-30,27.1,27.1,27.95,26.4,27.55,7861000
2025-12-31,28.2,28.2,28.7,26.95,27.1,4826000
2026-01-02,30.9,30.9,31.0,28.7,29.0,11290000
2026-01-05,31.0,31.0,32.3,30.75,31.05,8505000
2026-01-06,28.9,28.9,30.8,28.35,30.8,4557000
2026-01-07,29.2,29.2,29.75,28.4,28.9,3160000
2026-01-08,28.5,28.5,29.2,28.05,29.2,1709000
2026-01-09,28.55,28.55,29.05,28.15,28.8,1397000
2026-01-12,27.8,27.8,28.7,27.45,28.6,2401000
2026-01-13,27.35,27.35,28.55,27.0,28.1,2043000
2026-01-14,28.85,28.85,29.25,27.5,27.7,2017000
2026-01-15,31.7,31.7,31.7,28.25,28.85,9753000
2026-01-16,34.85,34.85,34.85,34.85,34.85,5095000
2026-01-19,37.0,37.0,37.7,36.25,36.3,18230000
2026-01-20,35.0,35.0,36.9,34.05,36.55,8704000
2026-01-21,33.25,33.25,34.5,32.85,34.35,4357000
2026-01-22,32.25,32.25,34.45,31.95,33.95,3817000
2026-01-23,32.4,32.4,33.4,31.15,32.3,3326000
2026-01-26,34.95,34.95,35.35,32.0,33.2,7370000
2026-01-27,32.55,32.55,34.65,32.5,34.65,3793000
2026-01-28,31.9,31.9,32.8,31.7,32.55,2064000
2026-01-29,30.8,30.8,32.8,30.3,32.2,2619000
2026-01-30,29.4,29.4,31.05,29.4,30.8,1800000
2026-02-02,29.2,29.2,29.9,28.6,28.65,1490000
2026-02-03,32.1,32.1,32.1,29.55,30.05,2601000
2026-02-04,31.05,31.05,32.35,31.05,31.8,3083000
2026-02-05,29.95,29.95,31.95,29.95,30.95,1391000
2026-02-06,29.1,29.1,29.8,28.55,29.8,987000
2026-02-09,29.3,29.3,30.75,29.3,30.1,803000
2026-02-10,28.6,28.6,29.5,28.6,29.3,791000
2026-02-11,28.8,28.8,30.25,28.6,28.6,946000
2026-02-23,31.2,31.2,31.5,29.15,29.2,2247000
2026-02-24,30.85,30.85,31.5,30.65,31.0,1250000
2026-02-25,30.4,30.4,31.45,30.35,31.25,969000
2026-02-26,31.6,31.6,32.2,30.55,30.7,2229000
2026-03-02,34.75,34.75,34.75,30.5,30.7,6878000
2026-03-03,34.1,34.1,37.4,32.5,35.15,11899000
2026-03-04,31.8,31.8,33.3,31.15,33.2,2739000
2026-03-05,31.95,31.95,33.6,31.6,32.8,2048000
2026-03-06,33.5,33.5,33.8,31.25,31.9,2361000
2026-03-09,31.15,31.15,32.4,30.15,32.4,2252000
2026-03-10,31.2,31.2,33.2,30.9,31.3,1840000
2026-03-11,34.3,34.3,34.3,31.4,31.5,5697000
2026-03-12,33.7,33.7,35.75,33.7,34.2,6893000
2026-03-13,32.75,32.75,33.85,32.75,33.2,2493000
2026-03-16,33.15,33.15,34.7,32.75,32.75,2853000
2026-03-17,34.65,34.65,36.2,33.65,33.9,8556000
2026-03-18,34.5,34.5,35.3,33.7,35.0,4308000
2026-03-19,36.0,36.0,36.85,33.95,34.5,9132000
2026-03-20,39.45,39.45,39.6,36.6,36.85,23832000
2026-03-23,36.1,36.1,40.85,36.05,38.0,34101000
2026-03-24,34.85,34.85,38.4,34.1,36.3,11375000
2026-03-25,35.9,35.9,36.35,34.95,35.15,4913000
2026-03-26,34.35,34.35,36.6,34.05,35.9,4411000
2026-03-27,34.3,34.3,34.85,33.05,33.9,3419000
2026-03-30,33.5,33.5,34.0,33.1,33.5,1982000
2026-03-31,32.85,32.85,34.6,32.3,33.6,2725000
2026-04-01,33.4,33.4,34.75,33.4,33.6,1976000
2026-04-02,31.4,31.4,33.7,31.4,33.45,2672000
2026-04-07,32.3,32.3,32.5,30.5,32.1,2052000
2026-04-08,32.9,32.9,33.2,32.3,32.8,1681000
2026-04-09,32.5,32.5,33.15,32.2,33.15,1681000
2026-04-10,32.7,32.7,32.95,32.25,32.85,1331000
2026-04-13,34.8,34.8,35.6,33.0,33.0,4117000
2026-04-14,33.9,33.9,35.65,33.9,35.65,2305000
2026-04-15,32.9,32.9,34.4,32.75,34.35,2139000
2026-04-16,34.55,34.55,34.8,33.2,33.4,2265000
2026-04-17,34.15,34.15,35.3,33.9,34.75,2833000
2026-04-20,35.9,35.9,37.4,34.6,34.6,8707000
2026-04-21,35.25,35.25,36.5,35.2,36.3,3762000
2026-04-22,34.75,34.75,35.9,34.7,35.55,2629000
2026-04-23,32.15,32.15,35.1,31.3,34.9,4975000
2026-04-24,31.35,31.35,32.4,30.25,32.4,2812000
2026-04-27,32.25,32.25,32.9,31.6,32.0,2671000
2026-04-28,31.7,31.7,32.25,31.2,32.25,1135000
2026-04-29,32.5,32.5,32.95,31.2,31.7,1816000
2026-04-30,31.45,31.45,32.55,31.25,32.5,1529000
2026-05-04,32.15,32.15,33.3,31.55,32.0,1837000
2026-05-05,33.5,33.5,33.5,32.3,32.75,1971000
2026-05-06,33.6,33.6,34.5,32.45,33.85,3143000
2026-05-07,32.95,32.95,34.1,32.9,34.1,1958000
2026-05-08,32.15,32.15,34.65,31.8,32.95,2946000
2026-05-11,33.6,33.6,34.0,32.3,32.4,2878000
2026-05-12,33.5,33.5,34.0,32.7,33.75,1973000
2026-05-13,32.9,32.9,33.6,32.6,33.5,1344000
2026-05-14,32.85,32.85,33.7,32.05,33.2,1544000
2026-05-15,31.7,31.7,33.6,31.55,33.4,2082000
2026-05-18,32.35,32.35,32.75,31.2,31.7,1222000
2026-05-19,32.05,32.05,33.15,31.95,32.8,1224000
2026-05-20,31.75,31.75,32.1,31.25,32.05,1007000
2026-05-21,32.8,32.8,33.3,31.9,31.9,1802000
2026-05-22,34.6,34.6,34.95,33.05,33.4,4383000
2026-05-25,34.85,34.85,35.5,34.65,35.45,3420000
2026-05-26,33.5,33.5,35.55,33.2,35.0,2734000
2026-05-27,32.85,32.85,33.85,32.7,33.8,1513000
2026-05-28,32.35,32.35,34.0,32.0,32.85,1934000
2026-05-29,34.95,34.95,35.5,32.05,32.5,7957000
2026-06-01,35.1,35.1,35.95,34.7,35.3,5709000
2026-06-02,34.15,34.15,35.6,33.45,35.15,2969000
2026-06-03,35.35,35.35,36.2,33.5,34.15,4410000
2026-06-04,36.15,36.15,37.5,35.05,35.35,9312000
2026-06-05,35.6,35.6,37.5,34.25,36.35,8392000
2026-06-08,32.6,32.6,32.95,32.05,32.05,2817000
2026-06-09,33.35,33.35,34.35,32.7,33.3,1992000
2026-06-10,31.1,31.1,33.5,31.05,32.9,3408000
2026-06-11,30.75,30.75,31.5,30.2,31.0,1589000
2026-06-12,32.2,32.2,32.75,31.5,31.75,1530000
2026-06-15,33.45,33.45,33.7,32.8,33.3,1963000
2026-06-16,33.9,33.9,34.3,33.25,33.8,1721000
2026-06-17,33.3,33.3,34.0,33.15,33.9,1153000
2026-06-18,33.9,33.9,34.6,33.2,33.7,2117000
2026-06-22,35.55,35.55,36.5,34.4,34.6,4324000
2026-06-23,34.2,34.2,35.95,33.8,35.85,2405000
2026-06-24,33.95,33.95,34.25,33.15,33.55,1198000
2026-06-25,33.4,33.4,35.15,33.4,34.25,2076000
2026-06-26,31.65,31.65,33.55,31.65,33.45,1981000
2026-06-29,31.7,31.7,32.7,31.5,31.65,1134000
2026-06-30,34.2,34.2,34.85,31.6,32.2,3560000
2026-07-01,35.9,35.9,36.8,34.4,34.5,12859000
2026-07-02,34.35,34.35,36.65,34.3,35.05,4299000
2026-07-03,34.35,34.35,35.25,33.95,34.35,1843000
2026-07-06,33.75,33.75,35.25,33.65,34.6,2334000
2026-07-07,31.85,31.85,34.25,31.75,33.9,2296000
2026-07-08,32.15,32.15,32.3,31.25,31.95,1326000
2026-07-09,31.6,31.6,32.15,31.55,32.15,818000
2026-07-13,30.7,30.7,32.7,30.7,32.0,1631000
2026-07-14,29.35,29.35,30.6,28.0,30.6,2380000
2026-07-15,29.6,29.6,29.6,29.25,29.5,810000
2026-07-16,28.85,28.85,29.6,28.85,29.6,822000
2026-07-17,27.0,27.0,28.3,26.8,27.9,1475000
2026-07-20,25.9,25.9,27.1,24.75,27.1,1592000
2026-07-21,26.5,26.5,26.55,26.0,26.15,533000
2026-07-22,27.2,27.2,27.8,26.9,26.9,423000
2026-07-23,26.9,26.9,27.25,26.5,27.25,418000
2026-07-24,26.05,26.05,26.7,25.95,26.4,484000
2026-07-27,26.1,26.1,26.35,25.5,26.35,345000
2026-07-28,24.85,24.85,25.9,24.7,25.9,768000
2026-07-29,23.75,23.75,25.15,22.4,24.9,1263000
2026-07-30,22.9,22.9,23.95,22.9,23.7,725000
2026-07-31,24.75,24.75,24.75,24.15,24.15,526000
2026-08-03,25.6,25.6,25.6,24.3,24.4,353000
2026-08-04,25.9,25.9,25.9,25.3,25.7,325000
2026-08-05,26.5,26.5,26.8,26.15,26.6,464000
2026-08-06,26.45,26.45,26.7,25.8,26.7,297000
2026-08-07,26.25,26.25,27.0,26.2,26.45,493000
2026-08-10,27.2,27.2,27.35,26.7,26.8,558000
2026-08-11,26.85,26.85,27.3,26.6,27.25,329000
2026-08-12,27.2,27.2,27.35,26.55,26.55,353000
2026-08-13,27.0,27.0,27.6,26.85,27.6,327000
2026-08-14,26.95,26.95,27.1,26.7,27.0,324000
2026-08-17,27.2,27.2,27.25,26.75,26.95,346000
2026-08-18,26.75,26.75,27.2,26.75,26.95,266000
2026-08-19,26.7,26.7,27.0,26.3,26.5,278000
2026-08-20,26.7,26.7,26.85,26.45,26.75,192000
2026-08-21,27.05,27.05,27.2,26.6,26.7,243000
2026-08-24,27.35,27.35,27.65,27.2,27.6,273930
2026-08-25,26.85,26.85,27.15,26.6,27.0,306401
2026-08-26,27.9,27.9,28.2,27.15,27.15,612363
2026-08-27,28.05,28.05,28.3,27.9,28.3,343887
2026-08-28,28.1,28.1,28.3,27.95,28.3,442435
2026-08-31,28.05,28.05,28.25,27.75,27.9,312369
2026-09-01,27.85,27.85,28.35,27.8,27.8,387096
2026-09-02,27.65,27.65,28.0,27.65,27.7,521411
2026-09-03,26.75,26.75,28.0,26.75,27.95,335748
2026-09-04,27.1,27.1,27.15,26.55,27.05,273491
2026-09-07,26.9,26.9,27.35,26.8,27.25,275307
2026-09-08,26.35,26.35,26.9,26.35,26.9,447116
2026-09-09,26.55,26.55,26.65,26.3,26.4,480196
