Date,Adj Close,Close,High,Low,Open,Volume
2016-08-12,183.0,183.0,196.0,179.0,191.0,4478140
2016-08-15,187.5,187.5,187.5,182.0,184.5,1599771
2016-08-16,186.0,186.0,190.5,183.0,190.0,1231346
2016-08-17,192.0,192.0,193.5,184.5,187.5,2478598
2016-08-18,193.5,193.5,196.5,188.0,193.0,2405224
2016-08-19,188.0,188.0,196.0,188.0,196.0,1133033
2016-08-22,187.0,187.0,192.5,187.0,190.0,1297517
2016-08-23,188.0,188.0,189.0,185.5,189.0,1049581
2016-08-24,182.5,182.5,185.0,182.0,183.5,1311622
2016-08-25,184.0,184.0,184.0,175.5,182.5,1587963
2016-08-26,183.0,183.0,185.0,181.5,183.0,825000
2016-08-29,187.0,187.0,188.0,183.0,183.0,982160
2016-08-30,186.0,186.0,187.0,184.0,187.0,598230
2016-08-31,185.0,185.0,186.0,182.5,185.0,834727
2016-09-01,174.0,174.0,184.0,172.5,183.0,2742801
2016-09-02,177.0,177.0,177.0,165.5,173.0,2694991
2016-09-05,178.5,178.5,179.5,171.5,173.5,1442360
2016-09-06,183.5,183.5,186.5,182.0,182.5,2024375
2016-09-07,183.5,183.5,185.5,181.0,183.0,744400
2016-09-08,183.5,183.5,187.5,183.0,183.5,880700
2016-09-09,179.0,179.0,184.0,179.0,181.5,998300
2016-09-12,159.5,159.5,167.0,159.5,166.0,2149400
2016-09-13,163.5,163.5,167.0,162.0,162.5,1904301
2016-09-14,154.5,154.5,163.0,152.5,162.0,2878300
2016-09-19,169.0,169.0,169.0,157.5,158.0,2299913
2016-09-20,169.0,169.0,171.5,166.0,168.0,1468563
2016-09-21,169.5,169.5,177.0,169.5,171.0,3051120
2016-09-22,174.5,174.5,175.5,171.0,172.5,1893280
2016-09-23,168.5,168.5,174.0,167.0,173.0,2234279
2016-09-26,162.5,162.5,168.5,162.0,168.5,1565100
2016-09-29,165.0,165.0,167.0,164.5,165.5,980300
2016-09-30,166.0,166.0,166.0,160.5,164.5,947902
2016-10-03,164.0,164.0,168.0,163.5,167.0,663330
2016-10-04,171.0,171.0,177.5,165.0,165.0,3317293
2016-10-05,168.0,168.0,172.5,168.0,170.0,1221145
2016-10-06,166.5,166.5,171.0,165.5,169.5,910200
2016-10-07,165.5,165.5,169.0,165.5,167.5,713485
2016-10-11,149.0,149.0,156.0,149.0,154.0,2609878
2016-10-12,149.0,149.0,149.0,139.0,145.5,4095580
2016-10-13,151.5,151.5,152.0,145.5,148.5,1601122
2016-10-14,145.5,145.5,152.0,145.5,150.5,1478169
2016-10-17,148.0,148.0,148.0,141.0,142.0,1328458
2016-10-18,146.5,146.5,151.5,146.5,146.5,1134604
2016-10-19,150.0,150.0,152.0,147.5,148.0,1259218
2016-10-20,146.0,146.0,149.5,146.0,148.5,1235145
2016-10-21,148.0,148.0,148.0,145.0,146.5,805000
2016-10-24,143.0,143.0,147.0,142.0,147.0,1716100
2016-10-25,143.5,143.5,145.5,142.5,142.5,921200
2016-10-26,148.5,148.5,152.0,144.0,145.0,2495010
2016-10-27,148.0,148.0,151.0,146.5,150.5,1603178
2016-10-28,143.0,143.0,149.0,143.0,149.0,1209135
2016-10-31,139.5,139.5,141.5,137.5,141.5,1617100
2016-11-01,140.5,140.5,143.5,140.0,140.5,989000
2016-11-02,136.0,136.0,140.5,136.0,140.5,1605011
2016-11-03,137.5,137.5,138.0,132.5,135.0,1494143
2016-11-04,135.0,135.0,138.0,134.0,134.5,1289150
2016-11-07,140.0,140.0,142.5,135.5,136.5,2195353
2016-11-08,127.0,127.0,141.0,126.5,141.0,5604970
2016-11-09,116.0,116.0,127.0,114.5,127.0,5278530
2016-11-10,121.0,121.0,124.0,120.0,122.0,2442425
2016-11-11,116.5,116.5,118.0,113.5,115.0,1986718
2016-11-14,114.0,114.0,116.0,112.5,116.0,1177235
2016-11-15,114.0,114.0,116.0,112.0,114.0,846528
2016-11-16,116.5,116.5,118.5,115.5,116.0,1131302
2016-11-17,114.5,114.5,117.5,113.0,117.5,1118298
2016-11-18,120.5,120.5,121.0,111.0,114.0,2887373
2016-11-21,118.0,118.0,121.5,118.0,119.0,1043398
2016-11-22,116.5,116.5,120.5,116.0,119.0,2346413
2016-11-23,118.5,118.5,125.0,117.5,120.0,4852646
2016-11-24,116.5,116.5,119.0,116.0,118.5,1841416
2016-11-25,117.5,117.5,119.0,116.5,117.0,1203102
2016-11-28,116.0,116.0,118.5,115.5,117.5,1643010
2016-11-29,117.0,117.0,119.0,115.0,116.5,1198050
2016-11-30,117.0,117.0,118.5,117.0,118.0,795111
2016-12-01,117.0,117.0,118.5,115.0,118.0,949095
2016-12-02,119.0,119.0,122.5,114.5,117.0,2906480
2016-12-05,123.0,123.0,125.0,118.5,120.0,2510150
2016-12-06,123.5,123.5,127.0,123.5,124.5,2456001
2016-12-07,123.0,123.0,125.0,122.0,124.0,1091060
2016-12-08,124.0,124.0,126.0,123.5,125.0,909293
2016-12-09,128.5,128.5,130.5,123.5,125.0,2530775
2016-12-12,130.0,130.0,133.0,130.0,132.5,2671555
2016-12-13,127.5,127.5,130.5,126.0,130.5,1430400
2016-12-14,130.0,130.0,130.0,127.5,128.5,1176190
2016-12-15,129.5,129.5,132.5,129.5,131.0,1814604
2016-12-16,127.0,127.0,130.5,127.0,130.0,958549
2016-12-19,127.0,127.0,129.0,126.5,128.0,571310
2016-12-20,125.5,125.5,128.0,125.0,127.0,795576
2016-12-21,129.0,129.0,130.0,126.5,126.5,893210
2016-12-22,125.0,125.0,129.0,125.0,129.0,987793
2016-12-23,125.5,125.5,126.5,124.5,124.5,452300
2016-12-26,126.5,126.5,128.0,125.0,126.0,468136
2016-12-27,127.0,127.0,128.0,126.0,127.5,450201
2016-12-28,130.0,130.0,131.5,127.0,128.0,1679691
2016-12-29,134.0,134.0,135.0,128.5,130.0,2093534
2016-12-30,133.5,133.5,135.5,133.0,135.5,1249336
2017-01-03,132.0,132.0,134.0,131.5,133.5,545250
2017-01-04,133.5,133.5,135.5,132.0,132.0,1010001
2017-01-05,133.0,133.0,135.0,132.0,134.5,1109218
2017-01-06,136.5,136.5,140.0,132.5,132.5,2879555
2017-01-09,146.0,146.0,150.0,138.0,138.5,5629929
2017-01-10,150.0,150.0,151.0,145.0,146.0,4219568
2017-01-11,147.0,147.0,148.5,146.0,147.0,2252650
2017-01-12,147.0,147.0,150.5,146.5,147.0,1745748
2017-01-13,149.0,149.0,149.0,145.0,147.0,1338401
2017-01-16,149.0,149.0,149.5,146.5,149.5,983472
2017-01-17,152.0,152.0,153.5,147.0,148.5,2472696
2017-01-18,154.5,154.5,157.0,150.0,150.5,2828301
2017-01-19,150.0,150.0,157.5,150.0,157.5,1839269
2017-01-20,151.0,151.0,153.0,150.0,150.5,1000304
2017-01-23,153.5,153.5,154.5,152.0,152.5,883303
2017-01-24,153.0,153.0,154.5,151.5,153.5,812971
2017-02-02,155.5,155.5,158.0,154.0,154.0,1222225
2017-02-03,153.5,153.5,157.5,152.5,157.5,927534
2017-02-06,152.5,152.5,155.5,152.5,154.5,837910
2017-02-07,148.5,148.5,153.0,145.5,152.5,1748869
2017-02-08,148.5,148.5,152.0,147.5,148.0,1131095
2017-02-09,154.0,154.0,154.5,149.0,150.0,1716290
2017-02-10,151.0,151.0,155.0,151.0,154.5,848470
2017-02-13,148.5,148.5,149.5,145.0,149.0,1988289
2017-02-14,142.0,142.0,149.5,142.0,148.5,1988504
2017-02-15,144.5,144.5,144.5,142.0,143.0,1162501
2017-02-16,143.0,143.0,145.0,143.0,145.0,527110
2017-02-17,145.5,145.5,147.5,142.5,143.0,743001
2017-02-20,150.5,150.5,154.0,145.0,145.0,3985668
2017-02-21,146.0,146.0,150.5,145.5,150.5,1475218
2017-02-22,146.0,146.0,148.0,145.0,148.0,624016
2017-02-23,143.5,143.5,147.5,143.0,147.0,959200
2017-02-24,144.5,144.5,145.0,143.0,144.0,361104
2017-03-01,143.0,143.0,144.0,142.5,142.5,396363
2017-03-02,144.5,144.5,147.0,144.5,144.5,867490
2017-03-03,144.5,144.5,145.5,142.0,144.0,377689
2017-03-06,146.0,146.0,147.0,144.5,145.5,295520
2017-03-07,144.5,144.5,146.5,144.0,146.5,281006
2017-03-08,144.0,144.0,145.5,143.5,144.0,333207
2017-03-09,144.0,144.0,146.0,144.0,145.5,326216
2017-03-10,140.0,140.0,144.0,134.0,144.0,3179295
2017-03-13,142.5,142.5,144.0,141.0,143.0,1177633
2017-03-14,141.5,141.5,143.5,141.0,142.0,768047
2017-03-15,141.0,141.0,143.0,141.0,143.0,388404
2017-03-16,140.5,140.5,143.0,140.5,142.5,340133
2017-03-17,139.5,139.5,142.0,138.5,141.0,737221
2017-03-20,140.0,140.0,142.0,139.0,139.0,507861
2017-03-21,142.5,142.5,143.0,139.0,141.0,609100
2017-03-22,140.0,140.0,142.0,139.5,142.0,429544
2017-03-23,139.0,139.0,141.5,139.0,140.0,573500
2017-03-24,144.0,144.0,144.5,138.0,139.0,1667562
2017-03-27,145.0,145.0,149.5,144.0,144.0,2590402
2017-03-28,142.0,142.0,148.0,140.5,148.0,1826140
2017-03-29,141.5,141.5,144.0,141.5,143.0,455004
2017-03-30,141.5,141.5,144.0,141.0,142.0,415193
2017-03-31,140.5,140.5,143.0,140.5,142.5,366200
2017-04-05,137.5,137.5,141.5,136.5,140.5,1467018
2017-04-06,133.0,133.0,138.5,132.0,137.5,1891404
2017-04-07,130.5,130.5,134.5,130.5,133.0,1228976
2017-04-10,131.0,131.0,134.0,131.0,131.0,768600
2017-04-11,128.5,128.5,130.0,127.5,129.5,740475
2017-04-12,124.0,124.0,129.0,123.5,128.5,1235123
2017-04-13,125.0,125.0,128.0,124.0,124.0,566242
2017-04-14,126.5,126.5,126.5,123.0,124.0,478792
2017-04-17,123.5,123.5,127.5,123.0,127.0,349141
2017-04-18,123.0,123.0,125.5,122.5,125.0,429201
2017-04-19,121.5,121.5,124.0,121.5,123.0,453818
2017-04-21,119.5,119.5,122.0,118.0,121.5,642243
2017-04-24,125.0,125.0,128.0,120.0,121.0,1731638
2017-04-25,123.0,123.0,126.0,123.0,125.0,1040520
2017-04-26,124.0,124.0,126.5,123.0,124.0,816058
2017-04-27,122.0,122.0,124.5,122.0,124.5,412003
2017-04-28,118.5,118.5,122.0,118.0,120.0,2210264
2017-05-02,120.5,120.5,123.0,117.0,117.5,1372001
2017-05-03,122.0,122.0,123.0,120.5,121.5,955283
2017-05-04,121.0,121.0,122.5,121.0,122.5,452080
2017-05-05,119.5,119.5,121.0,119.0,121.0,447889
2017-05-08,124.5,124.5,128.5,121.5,121.5,3512939
2017-05-09,121.5,121.5,124.0,119.5,122.5,1668025
2017-05-10,122.0,122.0,123.0,121.5,122.0,537040
2017-05-11,122.5,122.5,124.0,121.5,123.0,659002
2017-05-12,125.0,125.0,125.0,121.5,123.5,646628
2017-05-15,123.5,123.5,126.5,123.5,126.5,705789
2017-05-16,124.5,124.5,126.0,123.5,124.5,848005
2017-05-17,124.0,124.0,125.5,120.5,125.5,848550
2017-05-18,122.0,122.0,124.0,121.0,122.5,520160
2017-05-19,121.5,121.5,123.5,121.5,122.5,255400
2017-05-22,121.5,121.5,123.0,121.0,122.5,252000
2017-05-23,122.5,122.5,123.5,122.0,122.5,246220
2017-05-24,121.5,121.5,123.5,121.5,122.5,312005
2017-05-25,122.5,122.5,123.0,121.5,122.5,307340
2017-05-26,123.0,123.0,124.0,122.5,123.0,541650
2017-05-31,123.0,123.0,125.0,123.0,125.0,441200
2017-06-01,124.5,124.5,125.0,123.0,124.0,332296
2017-06-02,123.0,123.0,126.0,122.5,124.0,494560
2017-06-05,123.0,123.0,125.0,122.5,124.5,539251
2017-06-06,122.0,122.0,123.5,121.5,123.0,505347
2017-06-07,118.5,118.5,122.5,118.0,121.5,1290154
2017-06-08,120.5,120.5,121.5,117.0,118.5,1253902
2017-06-09,120.5,120.5,122.0,120.5,120.5,449286
2017-06-12,120.5,120.5,121.0,119.0,120.0,229200
2017-06-13,119.0,119.0,121.0,119.0,120.5,357200
2017-06-14,118.0,118.0,120.5,117.0,120.5,474640
2017-06-15,119.0,119.0,119.0,117.5,118.5,271585
2017-06-16,119.5,119.5,119.5,118.5,118.5,183007
2017-06-19,121.5,121.5,122.5,120.0,120.0,671011
2017-06-20,124.0,124.0,124.5,122.0,123.0,1103354
2017-06-21,128.5,128.5,129.5,124.0,124.0,3039031
2017-06-22,131.0,131.0,131.0,128.5,130.0,2058985
2017-06-23,129.5,129.5,132.0,129.0,131.5,943459
2017-06-26,130.0,130.0,131.0,128.5,129.5,659160
2017-06-27,127.0,127.0,131.0,127.0,130.5,878126
2017-06-28,129.0,129.0,129.0,127.5,127.5,990300
2017-06-29,128.5,128.5,131.5,128.5,130.5,673292
2017-06-30,129.0,129.0,129.0,126.5,128.0,569460
2017-07-03,132.0,132.0,133.5,128.5,129.0,1549001
2017-07-04,132.0,132.0,132.5,131.0,132.0,765444
2017-07-05,131.0,131.0,132.0,129.5,132.0,815900
2017-07-06,133.0,133.0,134.0,131.5,131.5,1166006
2017-07-07,131.0,131.0,133.5,130.5,132.5,359243
2017-07-10,128.0,128.0,131.5,128.0,131.5,702012
2017-07-11,129.0,129.0,130.5,128.0,129.5,520439
2017-07-12,129.5,129.5,130.0,128.0,129.0,357150
2017-07-13,133.0,133.0,134.0,129.5,130.0,1240110
2017-07-14,133.0,133.0,134.5,132.0,134.5,934528
2017-07-17,132.5,132.5,134.5,132.0,134.0,477270
2017-07-18,131.0,131.0,133.0,130.5,133.0,681160
2017-07-19,132.5,132.5,133.5,132.0,132.5,912077
2017-07-20,132.0,132.0,133.5,131.5,133.5,1053200
2017-07-21,130.0,130.0,131.5,129.5,131.0,1183191
2017-07-24,129.5,129.5,131.0,128.5,129.5,664290
2017-07-25,133.0,133.0,133.5,129.5,130.0,2984670
2017-07-26,126.5,126.5,129.0,126.5,128.0,2331833
2017-07-27,128.5,128.5,129.0,127.0,128.0,765030
2017-07-28,127.0,127.0,128.5,124.0,128.0,791156
2017-07-31,126.5,126.5,126.5,125.0,126.0,418123
2017-08-01,124.5,124.5,127.0,124.5,126.5,551101
2017-08-02,124.0,124.0,126.5,124.0,124.5,459042
2017-08-03,122.0,122.0,124.0,121.5,124.0,463630
2017-08-04,122.0,122.0,122.5,121.5,122.0,291652
2017-08-07,120.5,120.5,123.5,120.5,122.5,671000
2017-08-08,120.5,120.5,122.0,120.0,120.5,278587
2017-08-09,118.5,118.5,120.5,118.0,120.5,644000
2017-08-10,112.5,112.5,119.0,110.0,118.0,1274901
2017-08-11,110.0,110.0,110.5,106.5,109.0,1413821
2017-08-14,99.0,99.0,110.0,99.0,110.0,3790555
2017-08-15,95.7,95.7,100.5,95.4,99.0,2186370
2017-08-16,99.0,99.0,101.5,96.0,97.0,2542421
2017-08-17,98.0,98.0,100.5,97.2,99.7,1637292
2017-08-18,98.9,98.9,101.0,97.7,97.7,1091154
2017-08-21,99.2,99.2,101.0,99.2,100.5,712015
2017-08-22,99.8,99.8,101.5,99.3,99.9,817837
2017-08-23,100.0,100.0,101.0,99.9,101.0,682257
2017-08-24,110.0,110.0,110.0,101.0,101.0,4201664
2017-08-25,109.0,109.0,113.5,108.5,111.5,3889319
2017-08-28,105.0,105.0,109.0,104.0,108.5,1710510
2017-08-29,105.5,105.5,107.0,105.0,105.5,757567
2017-08-30,104.5,104.5,106.5,103.5,106.0,744414
2017-08-31,106.0,106.0,109.0,104.5,105.0,1593810
2017-09-01,106.5,106.5,107.5,105.5,106.5,559386
2017-09-04,106.0,106.0,106.5,104.5,105.5,518552
2017-09-05,106.0,106.0,108.0,105.5,107.5,622117
2017-09-06,104.5,104.5,106.0,104.0,106.0,597643
2017-09-07,104.0,104.0,106.0,104.0,106.0,421052
2017-09-08,104.0,104.0,105.0,103.0,104.5,436000
2017-09-11,101.5,101.5,105.0,101.5,104.0,552018
2017-09-12,102.0,102.0,103.0,101.5,102.0,341116
2017-09-13,102.0,102.0,104.0,100.5,103.0,622100
2017-09-14,99.8,99.8,102.5,99.0,102.5,851207
2017-09-15,99.8,99.8,101.0,99.2,99.8,494000
2017-09-18,99.3,99.3,101.5,99.1,100.0,490000
2017-09-19,98.5,98.5,100.5,97.8,99.9,520994
2017-09-20,96.7,96.7,99.0,96.5,98.4,708435
2017-09-21,99.2,99.2,101.0,96.6,96.6,600602
2017-09-22,98.8,98.8,99.9,98.1,99.8,357000
2017-09-25,93.9,93.9,98.8,93.0,98.8,930550
2017-09-26,91.6,91.6,93.7,91.2,92.1,1067662
2017-09-27,93.9,93.9,94.0,91.9,91.9,443300
2017-09-28,93.5,93.5,95.4,93.4,95.4,173290
2017-09-29,91.1,91.1,93.3,90.0,93.2,1008271
2017-10-02,95.9,95.9,96.0,91.7,92.2,818000
2017-10-03,96.7,96.7,97.5,96.2,96.5,426058
2017-10-05,97.2,97.2,97.4,96.0,96.0,383005
2017-10-06,99.0,99.0,99.0,97.4,97.4,563206
2017-10-11,101.5,101.5,105.5,101.5,103.0,1281680
2017-10-12,101.0,101.0,101.5,99.8,101.0,530200
2017-10-13,100.0,100.0,101.5,99.5,101.0,349305
2017-10-16,100.0,100.0,101.5,99.5,100.0,233180
2017-10-17,99.2,99.2,99.9,98.5,99.9,352867
2017-10-18,100.0,100.0,100.0,99.1,99.1,277419
2017-10-19,99.2,99.2,101.0,99.2,101.0,293587
2017-10-20,102.5,102.5,103.0,98.5,99.2,1107543
2017-10-23,103.5,103.5,105.0,102.5,103.0,605662
2017-10-24,101.0,101.0,103.5,101.0,103.5,366300
2017-10-25,100.0,100.0,102.0,100.0,101.0,330640
2017-10-26,102.0,102.0,102.0,99.6,100.0,202254
2017-10-27,99.7,99.7,104.0,99.0,103.5,586001
2017-10-30,99.3,99.3,100.5,97.0,100.0,275815
2017-10-31,100.5,100.5,101.0,98.8,99.4,182300
2017-11-01,100.5,100.5,101.0,100.0,101.0,167488
2017-11-02,102.5,102.5,103.0,100.5,101.0,650300
2017-11-03,104.5,104.5,109.5,104.5,105.0,4812709
2017-11-06,102.5,102.5,104.5,101.5,104.0,789070
2017-11-07,103.0,103.0,104.0,102.5,104.0,342505
2017-11-08,100.5,100.5,103.0,100.5,103.0,452171
2017-11-09,98.0,98.0,101.5,97.2,101.0,747620
2017-11-10,97.2,97.2,97.5,95.8,97.3,490672
2017-11-13,93.4,93.4,97.0,93.0,95.9,882710
2017-11-14,95.1,95.1,95.5,93.5,93.6,302329
2017-11-15,95.0,95.0,95.4,94.0,95.1,173208
2017-11-16,94.4,94.4,95.6,94.1,94.9,212100
2017-11-17,96.6,96.6,97.5,95.8,96.8,400477
2017-11-20,96.0,96.0,96.8,95.3,96.8,134031
2017-11-21,95.9,95.9,96.8,94.8,96.0,353000
2017-11-22,94.8,94.8,96.4,94.7,96.0,335100
2017-11-23,96.5,96.5,96.6,94.7,94.8,388000
2017-11-24,98.1,98.1,98.8,96.5,97.0,484843
2017-11-27,96.9,96.9,98.8,96.9,98.7,284500
2017-11-28,95.3,95.3,97.5,95.0,97.4,319539
2017-11-29,95.0,95.0,96.2,94.6,95.4,286152
2017-11-30,93.8,93.8,94.9,93.8,94.5,383121
2017-12-01,93.1,93.1,94.6,92.5,94.6,334050
2017-12-04,91.5,91.5,93.6,91.1,93.1,265200
2017-12-05,92.5,92.5,93.5,90.5,91.8,257030
2017-12-06,91.3,91.3,93.3,91.1,92.5,280200
2017-12-07,91.3,91.3,91.9,90.7,91.9,230085
2017-12-08,92.3,92.3,92.3,91.0,91.0,252668
2017-12-11,93.8,93.8,94.1,93.0,93.5,241100
2017-12-12,93.7,93.7,94.3,93.2,94.3,176100
2017-12-13,94.2,94.2,94.3,93.7,94.1,101206
2017-12-14,95.4,95.4,96.2,94.3,94.5,483001
2017-12-15,95.8,95.8,96.0,94.2,95.9,293081
2017-12-18,97.2,97.2,97.9,96.0,96.4,401622
2017-12-19,95.2,95.2,98.0,94.9,97.2,333135
2017-12-20,95.3,95.3,96.1,94.8,96.0,198019
2017-12-21,96.0,96.0,96.5,95.2,96.2,238200
2017-12-22,96.5,96.5,96.9,95.5,96.9,125100
2017-12-25,98.0,98.0,99.0,96.0,96.7,504229
2017-12-26,95.5,95.5,99.8,95.0,98.8,660214
2017-12-27,97.9,97.9,98.5,95.3,95.3,246300
2017-12-28,97.9,97.9,98.5,97.0,97.9,198892
2017-12-29,98.3,98.3,98.8,97.4,98.3,225101
2018-01-02,99.0,99.0,100.5,99.0,99.8,833199
2018-01-03,98.7,98.7,100.0,98.5,99.8,299179
2018-01-04,100.5,100.5,101.0,98.6,99.0,559770
2018-01-05,100.5,100.5,101.0,99.2,101.0,573005
2018-01-08,98.3,98.3,101.0,98.1,100.5,248570
2018-01-09,96.6,96.6,98.7,96.1,98.7,315335
2018-01-10,96.0,96.0,98.4,95.3,97.1,322297
2018-01-11,96.1,96.1,96.1,95.2,95.6,208117
2018-01-12,95.9,95.9,96.5,95.5,96.2,96608
2018-01-15,93.8,93.8,95.5,93.5,95.5,427600
2018-01-16,94.4,94.4,94.8,93.8,93.8,141421
2018-01-17,95.6,95.6,96.2,93.5,94.0,247352
2018-01-18,95.0,95.0,97.6,95.0,96.1,473000
2018-01-19,95.0,95.0,96.0,95.0,95.0,157181
2018-01-22,98.0,98.0,98.2,95.2,95.2,652252
2018-01-23,99.0,99.0,99.2,97.0,98.0,716179
2018-01-24,101.0,101.0,103.5,99.7,99.8,2935029
2018-01-25,103.0,103.0,105.5,102.0,102.0,2530584
2018-01-26,102.5,102.5,104.5,101.0,103.5,976080
2018-01-29,103.0,103.0,103.5,101.5,103.0,610623
2018-01-30,98.6,98.6,104.0,98.6,104.0,1012012
2018-01-31,99.4,99.4,99.5,96.1,98.1,440120
2018-02-01,99.8,99.8,102.0,99.5,99.8,409600
2018-02-02,99.5,99.5,99.7,99.0,99.7,204194
2018-02-05,98.7,98.7,98.7,96.1,97.8,303718
2018-02-06,92.8,92.8,96.7,90.0,96.4,1212574
2018-02-07,92.8,92.8,95.0,92.8,94.8,465055
2018-02-08,92.1,92.1,93.6,91.7,92.8,179500
2018-02-09,91.5,91.5,91.5,86.5,89.8,596801
2018-02-12,90.6,90.6,91.7,90.6,91.5,304000
2018-02-21,92.9,92.9,93.6,91.7,91.7,231138
2018-02-22,93.0,93.0,93.1,92.1,92.7,109001
2018-02-23,93.2,93.2,94.4,93.1,93.2,253010
2018-02-26,93.0,93.0,93.6,92.6,93.3,170101
2018-02-27,93.5,93.5,93.8,91.2,93.1,166002
2018-03-01,95.5,95.5,98.4,94.6,95.0,824100
2018-03-02,95.0,95.0,95.4,94.1,95.4,204521
2018-03-05,94.5,94.5,96.4,94.5,95.1,130001
2018-03-06,93.7,93.7,96.0,93.7,94.6,127300
2018-03-07,93.7,93.7,94.4,93.4,93.7,144100
2018-03-08,93.0,93.0,94.0,93.0,94.0,146000
2018-03-09,92.5,92.5,93.9,92.1,93.9,224223
2018-03-12,92.8,92.8,93.3,92.7,93.0,137010
2018-03-13,94.3,94.3,94.5,93.3,93.3,211100
2018-03-14,94.3,94.3,95.0,92.5,93.6,294001
2018-03-15,94.3,94.3,97.4,94.3,96.3,433001
2018-03-16,93.6,93.6,94.6,93.6,93.8,193006
2018-03-19,94.6,94.6,95.2,93.9,95.2,76017
2018-03-20,93.5,93.5,93.9,93.2,93.2,124200
2018-03-21,93.6,93.6,95.0,93.5,93.5,129400
2018-03-22,93.0,93.0,94.0,93.0,93.2,116409
2018-03-23,91.2,91.2,91.9,90.6,91.8,245000
2018-03-26,91.2,91.2,91.2,90.0,90.0,165047
2018-03-27,91.2,91.2,91.8,91.0,91.8,106224
2018-03-28,91.2,91.2,91.5,91.0,91.2,64207
2018-03-29,91.2,91.2,91.9,91.0,91.2,71100
2018-03-30,91.2,91.2,92.0,91.2,92.0,92400
2018-04-02,91.3,91.3,92.5,91.3,92.0,102105
2018-04-03,90.6,90.6,91.0,90.0,90.2,116260
2018-04-09,89.6,89.6,90.9,89.6,90.7,165600
2018-04-10,89.6,89.6,90.2,89.6,89.6,76274
2018-04-11,89.5,89.5,90.0,88.9,90.0,144164
2018-04-12,89.5,89.5,90.0,88.8,90.0,98632
2018-04-13,87.8,87.8,89.9,87.4,89.5,264921
2018-04-16,87.7,87.7,88.3,87.6,88.1,100200
2018-04-17,84.5,84.5,87.7,84.5,87.7,397800
2018-04-18,84.9,84.9,85.9,84.8,85.0,123187
2018-04-19,83.1,83.1,84.7,82.7,84.7,278003
2018-04-20,83.4,83.4,84.1,83.1,83.2,350001
2018-04-23,80.0,80.0,84.4,80.0,84.4,403010
2018-04-24,76.3,76.3,79.5,75.8,79.1,667983
2018-04-25,77.8,77.8,78.3,75.2,76.0,244060
2018-04-26,75.5,75.5,78.8,75.5,78.7,202124
2018-04-27,75.2,75.2,76.0,74.0,75.5,328600
2018-04-30,76.5,76.5,76.7,75.2,76.5,213002
2018-05-02,77.6,77.6,77.8,76.5,76.5,185302
2018-05-03,77.8,77.8,78.0,77.1,77.9,118220
2018-05-04,77.8,77.8,78.0,76.9,77.8,80400
2018-05-07,77.8,77.8,78.3,77.8,78.2,107100
2018-05-08,78.3,78.3,78.5,77.9,78.5,79203
2018-05-09,77.3,77.3,78.5,76.9,78.5,91054
2018-05-10,76.8,76.8,78.0,76.5,78.0,235000
2018-05-11,72.3,72.3,74.7,72.0,72.7,1031404
2018-05-14,70.9,70.9,72.9,70.0,72.5,408859
2018-05-15,67.7,67.7,71.0,66.7,70.9,988101
2018-05-16,68.8,68.8,70.4,67.0,67.7,482180
2018-05-17,70.8,70.8,71.5,69.5,69.5,400826
2018-05-18,72.3,72.3,72.8,70.8,70.8,391600
2018-05-21,73.0,73.0,74.7,72.8,74.7,367046
2018-05-22,71.4,71.4,73.4,71.1,72.3,270218
2018-05-23,72.5,72.5,72.9,71.3,71.3,285000
2018-05-24,73.2,73.2,73.5,72.5,72.5,171330
2018-05-25,75.3,75.3,75.5,72.9,73.5,370500
2018-05-28,74.2,74.2,75.9,74.1,75.8,272132
2018-05-29,73.7,73.7,74.2,73.3,74.2,108036
2018-05-30,73.1,73.1,74.0,72.7,74.0,201167
2018-05-31,80.1,80.1,80.4,73.5,74.3,2033182
2018-06-01,81.6,81.6,84.9,80.8,83.1,1595790
2018-06-04,83.0,83.0,84.2,81.6,81.6,659429
2018-06-05,83.9,83.9,85.0,83.2,85.0,388713
2018-06-06,86.5,86.5,87.5,84.0,84.8,528759
2018-06-07,89.3,89.3,89.5,86.8,87.9,875573
2018-06-08,88.2,88.2,89.6,87.2,89.3,725362
2018-06-11,86.8,86.8,88.2,86.2,88.2,337026
2018-06-12,88.5,88.5,89.4,86.8,86.8,330046
2018-06-13,87.8,87.8,89.4,86.6,89.4,258160
2018-06-14,88.2,88.2,88.8,86.8,88.8,241220
2018-06-15,88.3,88.3,88.5,87.5,88.2,177223
2018-06-19,87.4,87.4,87.9,86.5,87.9,158177
2018-06-20,87.8,87.8,89.1,87.6,87.6,354588
2018-06-21,90.3,90.3,91.5,88.4,89.0,690700
2018-06-22,91.0,91.0,92.5,89.1,90.5,445763
2018-06-25,91.0,91.0,91.8,90.2,91.0,214500
2018-06-26,88.9,88.9,90.8,88.2,90.6,268789
2018-06-27,89.5,89.5,91.1,89.0,89.1,187091
2018-06-28,88.0,88.0,90.0,88.0,89.2,206163
2018-06-29,87.5,87.5,89.4,87.2,89.4,235300
2018-07-02,89.1,89.1,90.5,87.0,87.0,277001
2018-07-03,87.8,87.8,89.1,87.8,89.0,177156
2018-07-04,87.4,87.4,88.8,86.7,87.5,103003
2018-07-05,85.5,85.5,87.9,85.0,87.9,141351
2018-07-06,85.5,85.5,87.0,83.2,87.0,180200
2018-07-09,86.0,86.0,87.0,85.5,86.0,108161
2018-07-10,88.5,88.5,88.5,86.3,86.3,194200
2018-07-11,87.5,87.5,88.5,86.7,88.5,104022
2018-07-12,87.3,87.3,87.7,87.0,87.1,122101
2018-07-13,86.6,86.6,88.0,86.6,87.3,283313
2018-07-16,84.6,84.6,84.9,83.8,83.8,185199
2018-07-17,85.4,85.4,85.7,84.6,85.1,189116
2018-07-18,85.8,85.8,86.9,85.5,85.5,207029
2018-07-19,90.1,90.1,91.5,87.8,87.8,1123068
2018-07-20,97.8,97.8,99.0,90.1,90.1,4394469
2018-07-23,91.0,91.0,100.5,90.0,98.0,2481660
2018-07-24,96.9,96.9,96.9,91.5,92.0,1144985
2018-07-25,100.5,100.5,103.5,94.7,95.5,4486108
2018-07-26,103.0,103.0,104.0,100.5,101.0,2308150
2018-07-27,103.0,103.0,104.5,101.5,104.0,1320288
2018-07-30,101.0,101.0,103.5,98.7,103.5,1107898
2018-07-31,98.6,98.6,104.5,98.1,102.0,2255816
2018-08-01,101.0,101.0,102.5,98.5,99.5,1237400
2018-08-02,99.0,99.0,101.5,98.0,101.0,891353
2018-08-03,102.0,102.0,102.5,99.4,100.5,1014154
2018-08-06,102.0,102.0,103.0,100.5,102.5,655099
2018-08-07,100.5,100.5,103.0,100.0,103.0,481200
2018-08-08,99.3,99.3,101.5,98.1,101.5,563350
2018-08-09,98.8,98.8,100.5,98.5,100.5,295200
2018-08-10,95.1,95.1,98.1,94.8,98.0,1059513
2018-08-13,91.0,91.0,94.9,89.0,94.0,1208400
2018-08-14,95.0,95.0,95.0,91.6,92.0,344379
2018-08-15,93.5,93.5,95.4,92.3,95.4,287293
2018-08-16,95.2,95.2,96.6,92.1,93.5,542770
2018-08-17,95.6,95.6,98.1,95.5,96.2,311523
2018-08-20,94.5,94.5,95.6,94.0,95.6,173050
2018-08-21,96.6,96.6,96.7,95.0,95.0,168126
2018-08-22,95.5,95.5,97.0,95.2,97.0,195260
2018-08-23,94.0,94.0,95.5,93.0,95.5,261000
2018-08-24,94.0,94.0,94.6,93.0,94.6,70150
2018-08-27,96.0,96.0,96.5,94.0,94.0,196200
2018-08-28,96.0,96.0,97.6,95.7,97.0,242112
2018-08-29,96.9,96.9,97.0,95.5,97.0,123300
2018-08-30,96.3,96.3,97.2,96.0,97.2,143200
2018-08-31,95.8,95.8,95.8,94.6,95.7,139000
2018-09-03,94.6,94.6,96.5,94.0,96.5,156000
2018-09-04,98.5,98.5,98.6,94.6,94.6,501988
2018-09-05,97.7,97.7,101.5,97.4,99.3,904132
2018-09-06,98.7,98.7,99.5,95.7,97.5,278050
2018-09-07,96.8,96.8,98.1,94.6,98.0,362300
2018-09-10,93.3,93.3,96.6,93.1,96.6,358037
2018-09-11,91.5,91.5,94.9,89.1,93.3,531602
2018-09-12,91.9,91.9,93.0,90.6,92.3,203064
2018-09-13,91.9,91.9,92.9,89.6,92.0,276005
2018-09-14,92.0,92.0,92.7,90.8,91.9,232251
2018-09-17,91.9,91.9,92.6,91.0,92.5,180003
2018-09-18,88.3,88.3,92.0,87.9,91.9,565060
2018-09-19,85.1,85.1,89.8,84.3,88.5,963435
2018-09-20,82.5,82.5,85.2,81.5,85.2,920100
2018-09-21,84.5,84.5,84.5,81.0,82.6,405628
2018-09-25,84.5,84.5,85.0,83.0,85.0,265000
2018-09-26,82.2,82.2,86.6,81.5,86.6,631099
2018-09-27,83.2,83.2,83.6,81.0,82.3,291300
2018-09-28,85.4,85.4,85.5,83.6,83.7,365999
2018-10-01,93.9,93.9,93.9,88.5,90.0,1959413
2018-10-02,103.0,103.0,103.0,103.0,103.0,632241
2018-10-03,105.0,105.0,105.5,104.5,105.0,5728743
2018-10-04,104.5,104.5,105.0,104.5,105.0,1778387
2018-10-05,105.0,105.0,105.5,104.5,104.5,2106689
2018-10-08,105.5,105.5,106.0,105.0,106.0,1340750
2018-10-09,106.5,106.5,107.0,105.5,106.0,1330363
2018-10-11,106.5,106.5,106.5,105.0,106.0,2539262
2018-10-12,105.5,105.5,106.5,105.5,106.5,930316
2018-10-15,105.5,105.5,106.0,105.5,105.5,527371
2018-10-16,106.0,106.0,106.0,105.5,105.5,514946
2018-10-17,105.5,105.5,106.0,105.5,106.0,474598
2018-10-18,105.5,105.5,106.0,105.0,105.5,527163
2018-10-19,105.0,105.0,106.0,105.0,105.5,862639
2018-10-22,105.0,105.0,106.0,105.0,105.5,421691
2018-10-23,105.5,105.5,106.0,105.0,105.5,266059
2018-10-24,105.0,105.0,105.5,105.0,105.5,209600
2018-10-25,105.5,105.5,105.5,105.0,105.0,539445
2018-10-26,104.0,104.0,105.5,103.5,105.5,3625300
2018-10-29,105.0,105.0,105.0,104.0,104.0,758800
2018-10-30,104.0,104.0,105.0,103.5,105.0,667100
2018-10-31,104.0,104.0,104.5,103.5,104.5,339416
2018-11-01,103.5,103.5,105.0,103.5,104.5,998104
2018-11-02,103.5,103.5,104.0,103.5,104.0,488002
2018-11-05,103.5,103.5,104.0,103.0,104.0,555700
2018-11-06,102.5,102.5,103.5,102.0,103.5,720055
2018-11-07,102.5,102.5,103.0,102.5,103.0,244645
2018-11-08,103.5,103.5,104.0,103.0,103.5,266308
2018-11-09,103.5,103.5,104.0,103.5,103.5,323001
2018-11-12,105.5,105.5,106.0,105.0,105.5,1922300
2018-11-13,106.0,106.0,106.0,105.5,105.5,1039754
2018-11-14,106.0,106.0,106.0,105.5,106.0,605445
2018-11-15,105.5,105.5,106.0,105.0,105.5,1933042
2018-11-16,106.0,106.0,106.0,105.5,106.0,468535
2018-11-19,105.5,105.5,106.0,105.5,106.0,971733
2018-11-20,104.5,104.5,104.5,100.0,100.5,307435
2018-11-21,104.5,104.5,105.5,103.0,103.0,193450
2018-11-22,99.2,99.2,102.0,99.2,100.0,768774
2018-11-23,92.3,92.3,99.0,90.2,99.0,1053110
2018-11-26,93.6,93.6,93.6,89.6,91.1,255001
2018-11-27,93.0,93.0,95.7,91.3,94.9,258001
2018-11-28,93.6,93.6,94.4,92.9,93.0,105100
2018-11-29,93.9,93.9,95.5,92.4,95.5,97000
2018-11-30,97.5,97.5,100.0,96.0,98.9,513610
2018-12-03,99.0,99.0,100.5,98.2,98.4,397130
2018-12-04,97.0,97.0,99.4,97.0,99.4,195916
2018-12-05,95.4,95.4,95.8,95.2,95.5,66153
2018-12-06,93.1,93.1,96.0,92.0,96.0,263300
2018-12-07,94.0,94.0,96.0,93.1,94.3,89000
2018-12-10,92.2,92.2,93.7,91.7,93.7,129001
2018-12-11,93.5,93.5,93.9,93.0,93.0,77100
2018-12-12,97.2,97.2,97.2,93.8,93.8,217400
2018-12-13,100.0,100.0,101.5,98.0,98.0,469387
2018-12-14,98.6,98.6,101.5,98.6,100.0,220162
2018-12-17,102.5,102.5,105.5,98.1,98.1,580216
2018-12-18,112.5,112.5,112.5,101.5,102.5,1001979
2018-12-19,114.0,114.0,121.0,113.0,120.0,2328489
2018-12-20,125.0,125.0,125.0,112.0,112.0,4989713
2018-12-21,124.0,124.0,130.0,124.0,127.0,4995030
2018-12-24,138.5,138.5,142.5,131.5,135.0,5266261
2018-12-25,140.0,140.0,148.5,137.0,140.0,5425869
2018-12-26,138.0,138.0,149.0,135.5,144.0,3623979
2018-12-27,135.5,135.5,146.5,134.5,145.5,3451175
2018-12-28,138.0,138.0,141.0,133.5,136.5,2329653
2019-01-02,131.0,131.0,138.0,129.0,137.0,2709563
2019-01-03,134.0,134.0,136.0,128.5,131.0,3118570
2019-01-04,136.0,136.0,137.0,129.0,133.0,2710118
2019-01-07,134.0,134.0,139.0,134.0,138.0,2023687
2019-01-08,147.0,147.0,147.0,133.5,135.0,5135740
2019-01-09,144.5,144.5,150.5,144.0,148.0,6776656
2019-01-10,139.0,139.0,153.5,138.0,146.0,9396414
2019-01-11,149.5,149.5,150.0,137.0,140.0,9627905
2019-01-14,145.0,145.0,151.0,141.0,151.0,4358601
2019-01-15,145.5,145.5,146.5,141.5,143.0,2674400
2019-01-16,143.0,143.0,145.5,139.0,144.0,3372759
2019-01-17,140.0,140.0,145.0,140.0,141.0,2151307
2019-01-18,141.5,141.5,143.5,140.0,140.0,1228157
2019-01-21,137.5,137.5,143.0,133.5,141.5,2790476
2019-01-22,133.5,133.5,139.5,133.5,135.5,1955664
2019-01-23,135.0,135.0,137.5,131.0,131.5,2121050
2019-01-24,136.0,136.0,138.5,134.0,135.0,1698172
2019-01-25,137.0,137.0,139.5,136.0,137.5,1403215
2019-01-28,136.0,136.0,138.5,136.0,137.5,772123
2019-01-29,135.5,135.5,136.0,132.5,135.0,868251
2019-01-30,140.0,140.0,145.5,138.5,138.5,4972901
2019-02-11,147.0,147.0,150.5,140.5,142.0,4357401
2019-02-12,144.5,144.5,148.0,143.5,147.0,2326205
2019-02-13,146.5,146.5,149.0,145.0,146.0,2106200
2019-02-14,142.5,142.5,148.5,142.0,148.5,1333626
2019-02-15,140.5,140.5,145.0,138.0,143.5,1204274
2019-02-18,145.0,145.0,145.5,141.5,143.0,1121308
2019-02-19,141.5,141.5,146.0,141.5,145.0,694101
2019-02-20,144.0,144.0,146.0,141.0,141.5,1195051
2019-02-21,142.0,142.0,144.5,142.0,144.0,711653
2019-02-22,143.5,143.5,146.0,141.5,141.5,903493
2019-02-25,141.5,141.5,144.5,140.0,144.0,830000
2019-02-26,140.5,140.5,153.0,140.5,143.5,5822473
2019-02-27,136.5,136.5,141.0,135.0,140.5,2309220
2019-03-04,133.5,133.5,137.5,132.0,137.0,1799220
2019-03-05,134.0,134.0,135.5,132.0,134.0,1019300
2019-03-06,135.0,135.0,139.5,133.0,133.0,3481020
2019-03-07,123.0,123.0,134.0,122.0,133.0,3415020
2019-03-08,126.0,126.0,126.5,121.0,121.5,2098901
2019-03-11,124.0,124.0,126.5,123.0,124.0,770500
2019-03-12,123.0,123.0,126.0,123.0,125.5,665408
2019-03-13,125.0,125.0,125.0,120.0,122.0,1334041
2019-03-14,122.5,122.5,126.0,122.5,125.5,779107
2019-03-15,126.5,126.5,126.5,123.0,123.0,1093500
2019-03-18,125.5,125.5,126.5,125.0,126.0,630006
2019-03-19,125.5,125.5,132.0,125.5,126.0,3396004
2019-03-20,126.5,126.5,128.0,125.0,125.5,889413
2019-03-21,126.5,126.5,128.0,126.0,128.0,551001
2019-03-22,127.0,127.0,128.5,124.5,127.0,659180
2019-03-25,127.0,127.0,127.0,123.5,124.0,408101
2019-03-26,127.5,127.5,128.5,127.0,128.0,382016
2019-03-27,125.5,125.5,129.5,125.5,128.0,467058
2019-03-28,124.5,124.5,125.0,123.5,125.0,487007
2019-03-29,125.0,125.0,125.5,124.0,125.0,179170
2019-04-01,129.0,129.0,131.0,126.0,126.0,1553259
2019-04-02,131.0,131.0,132.5,128.0,129.5,1298631
2019-04-03,131.5,131.5,133.5,131.5,132.5,712120
2019-04-08,134.0,134.0,136.5,132.5,135.0,1628395
2019-04-09,141.0,141.0,141.5,135.0,136.0,2692520
2019-04-10,141.5,141.5,143.0,137.0,142.0,1852273
2019-04-11,139.5,139.5,141.5,139.0,141.5,817187
2019-04-12,141.5,141.5,145.5,141.0,141.0,2084017
2019-04-15,155.5,155.5,155.5,142.0,142.0,5381719
2019-04-16,155.5,155.5,159.5,151.5,159.0,6839912
2019-04-17,167.0,167.0,171.0,155.5,157.5,8510389
2019-04-18,172.5,172.5,181.0,167.0,168.0,6629805
2019-04-19,172.0,172.0,185.0,172.0,179.5,4087446
2019-04-22,172.0,172.0,177.0,172.0,175.5,1396487
2019-04-23,164.0,164.0,173.5,162.5,173.5,1964536
2019-04-24,180.0,180.0,180.0,167.0,167.0,4471469
2019-04-25,168.0,168.0,180.0,166.5,180.0,4470795
2019-04-26,165.0,165.0,165.5,160.0,164.5,2319219
2019-04-29,164.0,164.0,172.0,157.0,168.0,5596207
2019-04-30,173.0,173.0,175.0,158.5,162.5,6878518
2019-05-02,180.5,180.5,180.5,168.0,170.0,5243223
2019-05-03,181.0,181.0,181.5,176.0,180.5,4069910
2019-05-06,172.5,172.5,180.5,171.5,173.0,2488213
2019-05-07,172.0,172.0,179.5,172.0,175.0,2331282
2019-05-08,175.0,175.0,176.0,166.5,168.0,2323111
2019-05-09,166.0,166.0,175.5,164.5,175.0,2075215
2019-05-10,161.5,161.5,169.0,159.0,167.0,2956470
2019-05-13,162.5,162.5,165.0,160.5,163.5,1656133
2019-05-14,166.5,166.5,167.0,157.5,157.5,1291031
2019-05-15,160.0,160.0,168.0,159.0,166.0,3014081
2019-05-16,156.5,156.5,165.5,155.5,160.0,3686260
2019-05-17,150.0,150.0,160.5,148.5,159.0,3134205
2019-05-20,153.0,153.0,154.0,147.0,152.0,2413107
2019-05-21,156.5,156.5,159.5,151.5,151.5,3448198
2019-05-22,152.0,152.0,163.0,151.5,156.5,3711100
2019-05-23,158.0,158.0,158.0,148.5,150.5,2764300
2019-05-24,153.5,153.5,162.0,153.5,159.0,3559043
2019-05-27,146.5,146.5,154.5,146.5,153.0,2652319
2019-05-28,154.0,154.0,154.0,143.5,148.0,3384574
2019-05-29,150.0,150.0,152.5,148.0,151.0,2131910
2019-05-30,151.0,151.0,152.5,150.0,150.0,1488807
2019-05-31,160.0,160.0,160.0,151.0,151.0,3476505
2019-06-03,159.0,159.0,163.0,156.5,158.5,2450050
2019-06-04,157.5,157.5,162.5,157.5,160.0,1866020
2019-06-05,157.5,157.5,162.0,156.5,161.0,2094320
2019-06-06,158.5,158.5,159.5,156.0,157.5,984600
2019-06-10,170.0,170.0,173.5,162.0,162.0,6033910
2019-06-11,165.0,165.0,174.0,163.5,172.0,4553693
2019-06-12,166.0,166.0,167.0,163.5,164.0,1464050
2019-06-13,166.5,166.5,166.5,162.0,164.5,1209112
2019-06-14,162.0,162.0,170.5,162.0,167.0,2564595
2019-06-17,165.5,165.5,165.5,162.0,162.5,826310
2019-06-18,163.0,163.0,167.0,163.0,165.5,912216
2019-06-19,169.0,169.0,170.5,165.0,166.5,2642741
2019-06-20,167.0,167.0,172.0,166.0,168.5,2049194
2019-06-21,166.0,166.0,169.0,164.0,168.0,1586182
2019-06-24,168.0,168.0,168.0,163.0,166.5,929500
2019-06-25,171.5,171.5,176.0,169.0,169.0,6812582
2019-06-26,169.0,169.0,171.5,167.5,170.5,2190300
2019-06-27,167.0,167.0,171.5,167.0,170.5,1254105
2019-06-28,165.5,165.5,169.5,165.5,167.5,884115
2019-07-01,171.0,171.0,175.5,169.0,170.0,3446156
2019-07-02,173.0,173.0,173.5,168.5,170.5,1580080
2019-07-03,169.0,169.0,174.0,168.5,172.0,1023250
2019-07-04,169.0,169.0,171.0,167.5,170.0,693477
2019-07-05,170.0,170.0,175.0,169.0,170.5,3637265
2019-07-08,167.0,167.0,171.0,165.0,168.5,4498018
2019-07-09,163.5,163.5,168.0,163.5,168.0,1454533
2019-07-10,175.0,175.0,175.5,168.5,169.0,5651004
2019-07-11,179.0,179.0,179.0,173.0,175.0,3087951
2019-07-12,181.5,181.5,187.0,178.5,181.5,5008335
2019-07-15,193.0,193.0,194.0,180.5,182.0,4266972
2019-07-16,203.5,203.5,203.5,192.0,193.0,6585942
2019-07-17,204.0,204.0,204.0,198.0,200.5,2953145
2019-07-18,205.5,205.5,209.0,201.0,201.0,3403258
2019-07-19,221.0,221.0,224.0,203.0,206.5,7039306
2019-07-22,239.5,239.5,239.5,222.0,224.5,6111709
2019-07-23,229.0,229.0,242.0,229.0,238.0,4978866
2019-07-24,250.5,250.5,251.5,232.5,234.0,6062325
2019-07-25,236.5,236.5,250.0,231.5,250.0,4577678
2019-07-26,236.5,236.5,246.0,233.0,235.0,5016465
2019-07-29,238.0,238.0,252.0,238.0,243.0,3203726
2019-07-30,236.0,236.0,246.5,230.5,242.0,2612793
2019-07-31,246.0,246.0,246.5,238.0,241.0,2835170
2019-08-01,239.0,239.0,249.0,237.0,238.5,3287801
2019-08-02,237.0,237.0,245.0,235.0,237.0,2627806
2019-08-05,241.0,241.0,243.0,229.5,237.0,4053907
2019-08-06,236.5,236.5,237.5,228.0,236.0,5703043
2019-08-07,255.0,255.0,260.0,238.0,238.0,6696440
2019-08-08,277.0,277.0,277.0,253.0,256.5,7000344
2019-08-12,270.0,270.0,290.0,266.5,280.0,6580648
2019-08-13,263.5,263.5,269.0,254.0,254.0,5017078
2019-08-14,245.0,245.0,275.0,241.0,270.0,7926794
2019-08-15,251.0,251.0,253.0,243.5,243.5,5728086
2019-08-16,249.0,249.0,255.5,243.0,253.5,4613014
2019-08-19,249.5,249.5,254.0,248.0,252.0,2259466
2019-08-20,245.5,245.5,256.0,245.0,252.0,3061660
2019-08-21,253.0,253.0,253.0,238.0,244.0,4154312
2019-08-22,246.5,246.5,257.0,246.0,256.0,2915107
2019-08-23,254.0,254.0,255.5,243.5,248.5,4322697
2019-08-26,247.5,247.5,253.5,247.0,250.0,2482512
2019-08-27,253.0,253.0,255.0,250.0,251.0,2265549
2019-08-28,246.0,246.0,260.0,245.5,257.5,3847197
2019-08-29,267.5,267.5,267.5,246.5,250.0,5743973
2019-08-30,252.5,252.5,277.0,249.0,271.0,8822761
2019-09-02,248.0,248.0,251.5,243.0,243.0,2750630
2019-09-03,247.0,247.0,252.0,245.0,251.0,2563785
2019-09-04,247.5,247.5,252.0,241.0,249.0,3945024
2019-09-05,245.0,245.0,251.5,244.5,249.5,1869100
2019-09-06,254.0,254.0,257.0,246.0,248.5,3546534
2019-09-09,251.0,251.0,255.0,248.5,254.0,1927103
2019-09-10,246.5,246.5,255.0,246.0,251.0,1836752
2019-09-11,251.0,251.0,252.5,243.0,247.5,2157201
2019-09-12,248.0,248.0,253.5,246.0,250.5,1876754
2019-09-16,248.0,248.0,251.5,247.0,247.5,1012292
2019-09-17,230.0,230.0,249.5,226.0,247.0,7327221
2019-09-18,230.0,230.0,236.5,227.0,228.0,3343109
2019-09-19,234.5,234.5,235.0,230.0,232.5,1795146
2019-09-20,240.0,240.0,245.0,231.0,235.0,4330362
2019-09-23,236.5,236.5,243.0,236.5,240.0,1575125
2019-09-24,234.5,234.5,240.0,234.0,239.0,871965
2019-09-25,232.0,232.0,235.5,228.5,234.5,1727050
2019-09-26,227.5,227.5,235.5,227.5,234.0,1520595
2019-09-27,236.0,236.0,236.0,220.0,229.0,4198585
2019-10-01,230.5,230.5,236.0,228.5,236.0,2188108
2019-10-02,234.0,234.0,234.0,227.5,227.5,1294816
2019-10-03,239.0,239.0,240.5,229.0,232.0,2964682
2019-10-04,235.5,235.5,244.5,235.5,242.0,1770167
2019-10-07,250.0,250.0,257.0,238.0,238.0,5434953
2019-10-08,246.0,246.0,254.0,243.5,251.5,2235235
2019-10-09,241.5,241.5,250.5,240.5,246.0,1704325
2019-10-14,241.5,241.5,247.5,241.5,247.0,1132630
2019-10-15,241.5,241.5,248.5,239.5,242.5,1487265
2019-10-16,241.5,241.5,248.5,241.5,243.0,1424244
2019-10-17,243.0,243.0,244.5,240.0,241.5,956868
2019-10-18,238.5,238.5,245.0,238.5,244.0,1014093
2019-10-21,239.5,239.5,240.5,238.0,240.0,540376
2019-10-22,237.0,237.0,243.5,237.0,241.5,940263
2019-10-23,231.5,231.5,239.5,231.0,238.0,1430425
2019-10-24,231.0,231.0,232.5,226.0,232.5,2011929
2019-10-25,228.0,228.0,236.0,228.0,233.5,1752606
2019-10-28,222.5,222.5,230.0,222.5,230.0,2205534
2019-10-29,213.5,213.5,225.0,209.0,224.5,4052393
2019-10-30,213.5,213.5,216.5,211.0,214.5,1621443
2019-10-31,205.5,205.5,216.5,204.5,216.0,2284444
2019-11-01,218.5,218.5,218.5,205.5,206.0,3367013
2019-11-04,217.5,217.5,223.5,217.5,220.0,2660775
2019-11-05,219.5,219.5,222.5,216.5,216.5,1571395
2019-11-06,215.0,215.0,221.0,212.5,219.5,1618304
2019-11-07,208.0,208.0,217.0,208.0,212.0,2342054
2019-11-08,215.0,215.0,217.5,207.0,212.5,3342590
2019-11-11,201.5,201.5,213.5,201.5,213.5,1650847
2019-11-12,210.5,210.5,210.5,203.5,203.5,1190453
2019-11-13,212.5,212.5,212.5,207.0,207.5,1059641
2019-11-14,203.0,203.0,212.5,202.5,211.0,1393503
2019-11-20,194.5,194.5,204.0,194.0,204.0,2517530
2019-11-21,200.0,200.0,200.0,193.0,194.5,1490761
2019-11-22,202.0,202.0,202.0,199.5,201.0,625250
2019-11-25,214.0,214.0,221.0,204.0,205.0,4908416
2019-11-26,213.0,213.0,217.0,211.5,214.0,2691481
2019-11-27,214.0,214.0,216.5,211.5,215.0,1133253
2019-11-28,214.5,214.5,217.0,211.5,215.0,1037568
2019-11-29,212.5,212.5,219.0,211.0,216.0,1544361
2019-12-02,212.0,212.0,214.0,207.0,213.0,1109703
2019-12-03,214.0,214.0,216.5,211.0,212.0,1091307
2019-12-04,216.0,216.0,217.5,213.0,214.0,938925
2019-12-05,215.5,215.5,220.0,215.5,217.0,1215299
2019-12-06,216.5,216.5,219.5,216.0,217.5,936148
2019-12-09,218.5,218.5,221.0,216.5,219.0,1105495
2019-12-10,212.0,212.0,220.5,212.0,220.0,1525292
2019-12-11,213.0,213.0,214.0,211.5,213.0,585300
2019-12-12,213.0,213.0,215.0,212.5,214.5,405990
2019-12-13,216.0,216.0,217.5,211.5,214.5,849751
2019-12-16,237.5,237.5,237.5,218.0,220.0,6110446
2019-12-17,253.5,253.5,259.0,238.0,240.5,20497323
2019-12-18,255.0,255.0,257.5,250.5,256.0,5468990
2019-12-19,251.5,251.5,255.5,248.0,255.0,2757861
2019-12-20,255.0,255.0,258.0,244.0,251.5,4356229
2019-12-23,256.0,256.0,270.5,256.0,259.0,8858756
2019-12-24,262.0,262.0,262.0,249.5,258.5,4113597
2019-12-25,271.0,271.0,271.0,258.5,265.0,6560143
2019-12-26,295.0,295.0,295.0,268.0,271.0,11723230
2019-12-27,285.5,285.5,300.0,283.5,295.0,7835904
2019-12-30,290.0,290.0,295.5,283.5,284.5,4199867
2019-12-31,284.0,284.0,292.0,283.5,292.0,2390036
2020-01-02,283.0,283.0,294.5,282.0,284.5,4248062
2020-01-03,281.5,281.5,291.0,279.5,284.5,4297653
2020-01-06,275.0,275.0,286.0,273.0,282.0,2423762
2020-01-07,259.0,259.0,279.0,253.5,277.5,4845743
2020-01-08,249.0,249.0,259.5,249.0,255.0,2386090
2020-01-09,255.0,255.0,256.5,248.0,253.0,2150585
2020-01-10,245.0,245.0,257.0,243.0,255.0,2341446
2020-01-13,250.5,250.5,254.0,244.5,247.5,1964555
2020-01-14,247.5,247.5,254.0,247.5,250.5,1871512
2020-01-15,239.0,239.0,253.5,239.0,250.0,3302530
2020-01-16,242.5,242.5,244.0,239.0,240.0,1492901
2020-01-17,242.5,242.5,245.5,238.5,245.5,1564096
2020-01-20,238.0,238.0,242.5,236.0,242.0,1098073
2020-01-30,214.5,214.5,221.0,214.5,215.0,1378220
2020-01-31,209.0,209.0,218.5,203.0,214.5,1927220
2020-02-03,217.0,217.0,218.5,195.0,205.0,2667047
2020-02-04,222.5,222.5,223.0,213.0,219.0,2275500
2020-02-05,216.0,216.0,224.0,216.0,223.0,1347625
2020-02-06,227.0,227.0,230.0,218.5,218.5,1838205
2020-02-07,217.5,217.5,225.0,217.5,225.0,1148120
2020-02-10,219.5,219.5,223.0,212.0,216.0,1046634
2020-02-11,230.0,230.0,233.5,222.0,222.5,2273090
2020-02-12,236.5,236.5,237.0,228.0,228.0,2265888
2020-02-13,240.0,240.0,249.0,236.0,236.5,3569122
2020-02-14,242.0,242.0,242.5,236.0,240.0,1557915
2020-02-17,238.5,238.5,242.5,236.5,239.5,880465
2020-02-18,240.0,240.0,243.5,236.0,237.5,908552
2020-02-19,239.0,239.0,244.0,238.0,244.0,816671
2020-02-20,242.0,242.0,244.0,240.0,241.5,822217
2020-02-21,235.0,235.0,243.5,235.0,243.5,868462
2020-02-24,240.0,240.0,240.0,227.0,229.0,1060157
2020-02-25,236.0,236.0,241.5,234.0,235.5,1155369
2020-02-26,240.0,240.0,246.0,232.0,233.5,2907440
2020-02-27,227.0,227.0,245.0,227.0,245.0,1861651
2020-03-02,225.0,225.0,230.5,220.0,220.5,1100320
2020-03-03,233.5,233.5,239.0,230.0,234.0,1286943
2020-03-04,228.5,228.5,233.5,226.0,233.5,817914
2020-03-05,230.5,230.5,236.5,230.5,234.0,982964
2020-03-06,230.5,230.5,234.5,227.5,228.0,857367
2020-03-09,215.5,215.5,231.5,215.0,231.5,1370310
2020-03-10,219.5,219.5,219.5,211.0,216.0,1450020
2020-03-11,212.5,212.5,223.0,212.5,220.0,899304
2020-03-12,195.0,195.0,211.0,191.5,211.0,1866041
2020-03-13,186.0,186.0,188.0,175.5,178.0,2142008
2020-03-16,168.0,168.0,192.0,168.0,187.5,2528607
2020-03-17,172.0,172.0,175.5,158.0,164.0,3779404
2020-03-18,189.0,189.0,189.0,175.5,176.0,3699713
2020-03-19,207.5,207.5,207.5,180.0,188.5,12591791
2020-03-20,213.5,213.5,227.0,213.5,227.0,4855513
2020-03-23,219.0,219.0,219.0,203.5,209.0,2827391
2020-03-24,225.0,225.0,232.5,223.5,224.0,4048656
2020-03-25,220.0,220.0,235.0,220.0,231.5,2890844
2020-03-26,228.5,228.5,229.5,213.5,221.0,2341661
2020-03-27,216.5,216.5,234.0,214.0,233.5,2200667
2020-03-30,225.0,225.0,229.5,211.5,216.0,2523808
2020-03-31,231.5,231.5,231.5,220.5,223.0,3220887
2020-04-01,225.0,225.0,230.5,224.0,228.0,2187371
2020-04-07,225.0,225.0,232.0,225.0,228.0,2427646
2020-04-08,226.5,226.5,226.5,219.0,225.0,1804144
2020-04-09,217.0,217.0,228.5,217.0,228.5,1835726
2020-04-10,238.5,238.5,238.5,215.5,218.0,5626015
2020-04-13,254.0,254.0,261.0,241.0,244.0,10797833
2020-04-14,257.0,257.0,264.5,249.5,258.5,7998557
2020-04-15,257.0,257.0,261.0,251.5,258.5,3340130
2020-04-16,259.0,259.0,260.0,251.5,251.5,2589516
2020-04-17,248.0,248.0,269.5,248.0,264.0,2642640
2020-04-20,244.5,244.5,255.5,244.5,253.0,2090728
2020-04-21,236.5,236.5,253.0,234.5,245.5,2288460
2020-04-22,236.5,236.5,245.5,233.5,239.0,2604070
2020-04-23,246.0,246.0,255.0,238.0,241.0,3919492
2020-04-24,246.5,246.5,252.5,245.0,249.0,2707170
2020-04-27,247.0,247.0,250.0,244.0,249.0,1246285
2020-04-28,249.5,249.5,262.5,249.5,250.0,4360373
2020-04-29,250.0,250.0,253.0,248.0,252.0,1300520
2020-05-04,251.5,251.5,255.0,242.0,248.0,1430286
2020-05-05,249.0,249.0,255.0,249.0,251.5,1176280
2020-05-06,249.0,249.0,252.5,249.0,251.0,590648
2020-05-07,254.5,254.5,261.0,250.0,252.0,3568580
2020-05-08,257.0,257.0,259.5,252.5,258.0,1447484
2020-05-11,256.5,256.5,262.0,256.0,262.0,1489860
2020-05-12,256.5,256.5,265.5,254.5,258.0,3001371
2020-05-13,251.0,251.0,259.0,250.0,258.5,1363525
2020-05-14,238.0,238.0,254.0,237.0,251.0,1452462
2020-05-15,238.5,238.5,243.5,234.0,243.0,907381
2020-05-18,242.0,242.0,243.0,234.0,239.0,894376
2020-05-19,242.5,242.5,248.0,241.5,247.5,675030
2020-05-20,240.0,240.0,247.0,240.0,244.5,487316
2020-05-21,238.0,238.0,244.0,236.0,243.5,737107
2020-05-22,232.0,232.0,240.0,232.0,238.5,1102506
2020-05-25,226.5,226.5,232.5,220.5,232.0,1627505
2020-05-26,244.5,244.5,247.5,230.0,231.0,2510656
2020-05-27,240.0,240.0,253.5,240.0,244.0,2553625
2020-05-28,241.0,241.0,245.5,239.0,243.0,1013355
2020-05-29,247.0,247.0,248.5,242.5,243.5,1697522
2020-06-01,250.5,250.5,252.5,248.0,249.0,1187366
2020-06-02,251.5,251.5,263.5,251.5,253.0,3324360
2020-06-03,258.0,258.0,262.0,254.0,256.5,1868869
2020-06-04,261.0,261.0,262.5,255.5,261.0,1655364
2020-06-05,258.0,258.0,263.0,257.0,263.0,811763
2020-06-08,255.0,255.0,260.5,255.0,260.0,579706
2020-06-09,251.0,251.0,261.5,250.5,255.5,799766
2020-06-10,253.5,253.5,255.5,250.0,252.5,472444
2020-06-11,247.0,247.0,255.5,247.0,255.5,614254
2020-06-12,252.0,252.0,252.0,241.5,241.5,638190
2020-06-15,244.0,244.0,250.5,244.0,250.0,665907
2020-06-16,252.0,252.0,253.5,245.5,247.5,682350
2020-06-17,249.0,249.0,254.5,248.5,253.0,304507
2020-06-18,252.5,252.5,253.5,246.0,251.0,417000
2020-06-19,277.5,277.5,277.5,256.0,258.0,4794495
2020-06-22,270.0,270.0,277.0,262.0,277.0,4267774
2020-06-23,267.0,267.0,280.0,267.0,273.5,3005513
2020-06-24,269.0,269.0,282.0,269.0,270.5,3014860
2020-06-29,269.0,269.0,272.0,260.5,265.0,1557655
2020-06-30,264.0,264.0,273.0,263.5,272.0,1006010
2020-07-01,263.5,263.5,269.0,263.5,267.0,1084926
2020-07-02,267.0,267.0,272.5,265.0,268.0,1503351
2020-07-03,265.0,265.0,270.5,265.0,270.5,900871
2020-07-06,277.0,277.0,282.0,268.0,269.0,3461917
2020-07-07,264.5,264.5,280.5,263.5,279.0,2653531
2020-07-08,268.0,268.0,277.5,264.5,265.5,1973653
2020-07-09,268.5,268.5,275.0,268.0,271.0,1088275
2020-07-10,260.0,260.0,271.5,257.5,270.5,1161101
2020-07-13,264.5,264.5,277.0,262.0,262.5,2200510
2020-07-14,262.5,262.5,271.0,262.0,264.5,1145127
2020-07-15,266.0,266.0,284.5,265.0,265.0,7632141
2020-07-16,262.5,262.5,269.5,262.0,267.5,2538383
2020-07-17,259.0,259.0,269.5,258.0,264.5,1990200
2020-07-20,257.0,257.0,262.0,254.5,261.5,849096
2020-07-21,264.0,264.0,269.5,261.0,261.0,1599234
2020-07-22,261.5,261.5,266.5,260.0,264.5,923110
2020-07-23,260.0,260.0,263.5,257.0,263.0,688886
2020-07-24,256.0,256.0,261.5,255.5,261.5,653866
2020-07-27,254.5,254.5,260.0,254.5,260.0,486066
2020-07-28,250.0,250.0,262.0,250.0,257.5,867673
2020-07-29,258.5,258.5,258.5,250.0,251.0,1205817
2020-07-30,250.0,250.0,254.0,250.0,253.0,653172
2020-07-31,252.5,252.5,252.5,249.0,249.0,309350
2020-08-03,250.5,250.5,262.0,250.5,255.0,1626245
2020-08-04,249.0,249.0,253.5,246.0,253.5,577846
2020-08-05,248.0,248.0,251.5,246.5,249.5,796075
2020-08-06,246.5,246.5,251.0,246.0,251.0,668376
2020-08-07,250.5,250.5,258.5,248.0,248.0,1593130
2020-08-10,249.0,249.0,252.0,247.0,251.0,663239
2020-08-11,247.0,247.0,251.5,246.0,249.0,452038
2020-08-12,246.0,246.0,248.5,242.5,248.5,405106
2020-08-13,248.0,248.0,258.5,248.0,250.5,1804240
2020-08-14,248.5,248.5,249.5,242.5,248.0,591101
2020-08-17,269.0,269.0,271.0,249.0,249.0,4822178
2020-08-18,261.5,261.5,267.0,258.0,266.5,1529613
2020-08-19,259.5,259.5,271.0,259.0,261.5,1882820
2020-08-20,244.0,244.0,259.5,237.5,259.5,2051284
2020-08-21,252.0,252.0,253.0,248.0,248.0,470400
2020-08-24,254.5,254.5,262.0,252.0,253.0,954928
2020-08-25,253.5,253.5,258.5,252.5,258.0,376290
2020-08-26,255.0,255.0,260.5,255.0,255.0,540213
2020-08-27,262.5,262.5,264.5,257.0,258.0,1071254
2020-08-28,254.0,254.0,261.5,252.5,261.5,1060322
2020-08-31,269.0,269.0,269.5,254.0,254.5,2014547
2020-09-01,264.0,264.0,275.0,260.5,265.0,1609390
2020-09-02,268.0,268.0,269.0,262.0,265.0,501464
2020-09-03,265.5,265.5,275.0,264.0,272.0,971076
2020-09-04,265.5,265.5,269.0,259.5,260.0,588072
2020-09-07,260.0,260.0,267.0,258.5,265.5,509015
2020-09-08,260.5,260.5,263.0,258.5,263.0,238703
2020-09-09,259.0,259.0,262.5,258.0,259.0,271127
2020-09-10,259.0,259.0,262.0,258.0,262.0,237127
2020-09-11,255.0,255.0,261.0,253.0,259.0,480293
2020-09-14,257.0,257.0,258.5,253.5,258.5,472100
2020-09-15,258.0,258.0,260.0,256.0,257.5,349229
2020-09-16,256.0,256.0,260.0,255.0,258.0,524154
2020-09-17,260.0,260.0,265.0,257.5,257.5,1116000
2020-09-18,258.5,258.5,263.5,258.5,262.5,304500
2020-09-21,259.5,259.5,262.5,258.5,262.0,292521
2020-09-22,258.5,258.5,268.0,258.0,259.5,1439371
2020-09-23,256.0,256.0,261.0,256.0,259.0,596542
2020-09-24,262.0,262.0,266.5,253.0,253.5,1547934
2020-09-25,257.5,257.5,264.0,255.5,262.0,612188
2020-09-28,258.5,258.5,260.0,256.5,260.0,162197
2020-09-29,257.5,257.5,264.0,257.5,260.5,376244
2020-09-30,258.0,258.0,259.0,256.0,259.0,170139
2020-10-05,257.0,257.0,260.5,255.0,259.5,220080
2020-10-06,259.0,259.0,260.0,257.5,257.5,151090
2020-10-07,258.5,258.5,259.0,255.0,259.0,154372
2020-10-08,259.5,259.5,260.5,257.0,260.5,126000
2020-10-12,260.0,260.0,264.5,257.0,260.5,431009
2020-10-13,259.0,259.0,269.0,259.0,261.5,1518272
2020-10-14,257.5,257.5,262.5,256.5,262.0,319150
2020-10-15,255.0,255.0,258.0,254.5,256.0,297425
2020-10-16,250.5,250.5,257.0,250.5,257.0,256565
2020-10-19,252.0,252.0,255.0,251.5,251.5,123202
2020-10-20,247.5,247.5,252.0,246.5,252.0,493590
2020-10-21,248.0,248.0,249.0,245.0,248.0,217462
2020-10-22,244.0,244.0,248.0,244.0,248.0,196700
2020-10-23,245.0,245.0,246.5,240.0,244.5,354205
2020-10-26,238.0,238.0,246.0,238.0,245.5,683551
2020-10-27,238.5,238.5,240.5,235.0,235.0,251566
2020-10-28,236.5,236.5,239.0,235.0,239.0,237518
2020-10-29,235.5,235.5,236.5,231.0,231.0,161110
2020-10-30,231.0,231.0,236.5,231.0,235.0,184001
2020-11-02,228.5,228.5,232.0,225.5,231.5,223291
2020-11-03,233.0,233.0,235.0,230.0,230.0,112163
2020-11-04,234.0,234.0,235.5,232.0,235.0,122114
2020-11-05,235.5,235.5,236.0,233.5,234.0,106027
2020-11-06,235.5,235.5,239.5,235.0,237.5,172881
2020-11-09,238.0,238.0,239.5,237.0,239.0,108088
2020-11-10,232.5,232.5,239.5,231.5,239.5,213380
2020-11-11,232.0,232.0,233.0,226.5,232.5,381404
2020-11-12,238.0,238.0,248.0,234.5,234.5,1536384
2020-11-13,237.5,237.5,240.0,235.0,238.0,241450
2020-11-16,238.5,238.5,241.0,237.0,241.0,237264
2020-11-17,238.0,238.0,241.5,238.0,241.0,145161
2020-11-18,239.5,239.5,241.0,239.0,239.0,152107
2020-11-19,238.5,238.5,240.5,237.0,239.5,154612
2020-11-20,236.5,236.5,239.5,235.5,238.5,160542
2020-11-23,238.5,238.5,242.0,237.5,237.5,305130
2020-11-24,238.5,238.5,242.0,238.0,242.0,115007
2020-11-25,239.5,239.5,246.5,239.0,243.5,574640
2020-11-26,241.0,241.0,243.0,240.0,243.0,97528
2020-11-27,241.0,241.0,242.5,239.0,242.5,131908
2020-11-30,239.0,239.0,243.0,239.0,241.0,166600
2020-12-01,239.5,239.5,242.0,239.0,239.5,117028
2020-12-02,238.0,238.0,240.5,237.5,240.5,149702
2020-12-04,232.0,232.0,237.0,230.0,235.5,307974
2020-12-07,229.5,229.5,233.0,229.0,232.0,120132
2020-12-08,228.5,228.5,231.0,228.5,230.0,248431
2020-12-09,235.0,235.0,237.0,230.0,230.0,491356
2020-12-10,227.5,227.5,235.0,226.5,235.0,540929
2020-12-11,220.0,220.0,228.5,219.0,227.5,819292
2020-12-14,218.0,218.0,223.5,217.5,221.5,334054
2020-12-15,212.0,212.0,218.0,210.5,218.0,352879
2020-12-16,215.0,215.0,218.5,211.5,213.0,361308
2020-12-17,212.5,212.5,218.5,211.0,216.0,299356
2020-12-18,213.0,213.0,216.5,212.0,215.0,175417
2020-12-21,218.5,218.5,218.5,208.5,213.0,242161
2020-12-22,211.0,211.0,219.0,210.5,218.0,322553
2020-12-23,212.0,212.0,212.5,210.0,211.5,133929
2020-12-24,213.0,213.0,217.5,211.5,211.5,145146
2020-12-25,210.0,210.0,216.0,210.0,213.0,251395
2020-12-28,209.0,209.0,212.0,209.0,211.5,203328
2020-12-29,208.5,208.5,211.5,208.0,211.5,85261
2020-12-30,212.0,212.0,213.0,209.0,210.0,157636
2020-12-31,210.5,210.5,212.0,210.5,212.0,3496307
2021-01-04,214.0,214.0,216.5,211.5,212.0,7266621
2021-01-05,223.5,223.5,229.5,217.0,217.0,1443251
2021-01-06,224.0,224.0,229.0,219.5,223.5,540744
2021-01-07,221.5,221.5,225.0,220.5,222.0,228239
2021-01-08,222.5,222.5,226.0,220.0,221.5,454730
2021-01-11,220.5,220.5,226.0,220.5,225.0,294703
2021-01-12,219.5,219.5,229.0,219.5,220.5,783193
2021-01-13,224.5,224.5,226.5,221.0,221.0,386757
2021-01-14,231.0,231.0,235.0,224.5,227.0,1196375
2021-01-15,220.0,220.0,233.5,220.0,231.0,799449
2021-01-18,221.0,221.0,225.0,219.0,223.0,391455
2021-01-19,218.5,218.5,224.5,218.5,224.5,364466
2021-01-20,215.0,215.0,224.0,215.0,220.0,514604
2021-01-21,212.5,212.5,218.5,211.5,216.5,436080
2021-01-22,218.5,218.5,218.5,212.5,212.5,275879
2021-01-25,218.0,218.0,218.0,215.0,217.0,145347
2021-01-26,215.5,215.5,218.5,214.0,218.0,192550
2021-01-27,217.0,217.0,218.0,215.5,218.0,110143
2021-01-28,215.5,215.5,218.0,214.0,214.5,150647
2021-01-29,212.5,212.5,218.5,212.0,218.5,207273
2021-02-01,210.5,210.5,215.0,210.0,215.0,194816
2021-02-02,210.5,210.5,213.0,210.0,212.5,186890
2021-02-03,210.5,210.5,212.5,209.5,212.0,164225
2021-02-04,212.0,212.0,216.5,211.5,212.0,136511
2021-02-05,212.0,212.0,215.0,212.0,215.0,95876
2021-02-17,219.5,219.5,219.5,213.5,215.0,316080
2021-02-18,225.0,225.0,225.0,215.0,223.0,487845
2021-02-19,224.0,224.0,226.0,221.0,225.0,254183
2021-02-22,224.0,224.0,226.0,222.5,224.0,134577
2021-02-23,220.5,220.5,223.5,220.0,223.5,97855
2021-02-24,218.5,218.5,224.0,218.0,224.0,126106
2021-02-25,218.5,218.5,220.5,218.0,220.5,105558
2021-02-26,216.5,216.5,224.5,216.5,218.5,392329
2021-03-02,225.0,225.0,234.5,218.5,220.0,895123
2021-03-03,223.5,223.5,226.5,220.0,224.0,263061
2021-03-04,219.0,219.0,222.5,217.5,222.5,207576
2021-03-05,216.5,216.5,217.0,214.0,215.5,151243
2021-03-08,213.0,213.0,220.0,212.5,219.5,298376
2021-03-09,209.0,209.0,215.0,207.5,214.5,271812
2021-03-10,209.0,209.0,211.0,208.5,211.0,111157
2021-03-11,212.0,212.0,212.5,209.5,210.0,85142
2021-03-12,212.0,212.0,215.0,211.5,215.0,101001
2021-03-15,212.5,212.5,214.0,212.0,214.0,80115
2021-03-16,212.0,212.0,213.5,212.0,213.0,70077
2021-03-17,212.5,212.5,214.5,212.5,213.0,94001
2021-03-18,216.0,216.0,216.5,212.5,214.5,138206
2021-03-19,213.0,213.0,215.5,213.0,215.5,84126
2021-03-22,212.5,212.5,214.0,212.5,213.0,67017
2021-03-23,220.0,220.0,225.0,212.5,214.0,472606
2021-03-24,224.0,224.0,228.0,218.0,220.0,467836
2021-03-25,215.0,215.0,221.5,215.0,220.0,348320
2021-03-26,215.0,215.0,216.0,213.0,214.5,137278
2021-03-29,213.5,213.5,215.0,213.0,214.0,179359
2021-03-30,214.0,214.0,215.0,213.5,215.0,141385
2021-03-31,213.5,213.5,215.5,213.5,215.0,108731
2021-04-01,213.5,213.5,215.5,212.0,215.0,149616
2021-04-06,215.0,215.0,215.0,213.0,215.0,90814
2021-04-07,215.0,215.0,215.0,213.5,214.5,99178
2021-04-08,216.0,216.0,217.5,214.0,215.0,129212
2021-04-09,214.5,214.5,217.0,213.5,217.0,124850
2021-04-12,215.5,215.5,217.5,215.0,216.0,120669
2021-04-13,217.0,217.0,220.0,216.0,217.5,200005
2021-04-14,214.0,214.0,219.0,207.5,217.0,350541
2021-04-15,215.5,215.5,216.0,212.5,212.5,54100
2021-04-16,213.5,213.5,215.5,212.5,215.5,85265
2021-04-19,213.5,213.5,216.5,212.5,216.5,83650
2021-04-20,213.5,213.5,214.5,213.0,213.5,56375
2021-04-21,214.0,214.0,214.0,213.0,214.0,54109
2021-04-22,210.0,210.0,215.0,207.5,214.0,254892
2021-04-23,225.0,225.0,225.5,212.5,212.5,821844
2021-04-26,222.0,222.0,226.0,218.5,226.0,206642
2021-04-27,217.0,217.0,222.5,217.0,222.5,127806
2021-04-28,218.5,218.5,219.0,216.0,216.5,93082
2021-04-29,217.5,217.5,221.0,217.0,220.5,105126
2021-05-03,213.5,213.5,218.5,212.0,217.0,207356
2021-05-04,211.0,211.0,214.5,210.5,212.5,126670
2021-05-05,210.5,210.5,212.5,210.5,211.5,68307
2021-05-06,211.0,211.0,213.5,211.0,213.5,80108
2021-05-07,217.0,217.0,218.0,212.0,212.0,115443
2021-05-10,216.0,216.0,217.0,214.5,216.0,78153
2021-05-11,204.0,204.0,214.5,203.0,214.5,294982
2021-05-12,184.0,184.0,200.0,184.0,200.0,491440
2021-05-13,182.0,182.0,185.5,171.5,178.5,214802
2021-05-14,189.5,189.5,193.5,186.0,186.0,226946
2021-05-17,208.0,208.0,208.0,174.5,174.5,652800
2021-05-18,209.5,209.5,210.0,204.5,205.0,162369
2021-05-19,209.5,209.5,215.0,207.0,207.0,99233
2021-05-20,208.0,208.0,209.0,207.0,207.5,48871
2021-05-21,212.5,212.5,214.0,208.0,208.0,110620
2021-05-24,215.0,215.0,216.0,208.5,208.5,170714
2021-05-25,216.0,216.0,217.0,213.5,217.0,161524
2021-05-26,215.0,215.0,216.5,213.5,216.0,112237
2021-05-27,205.0,205.0,214.0,205.0,214.0,692905
2021-05-28,201.5,201.5,207.5,198.0,207.5,380592
2021-05-31,202.0,202.0,205.5,202.0,205.5,90304
2021-06-01,213.5,213.5,215.0,204.5,204.5,183526
2021-06-02,212.0,212.0,213.0,208.5,210.0,78306
2021-06-03,214.5,214.5,215.0,210.0,210.5,93142
2021-06-04,216.5,216.5,218.5,214.5,214.5,166642
2021-06-07,217.0,217.0,220.0,215.0,217.0,62145
2021-06-08,214.5,214.5,217.0,214.5,217.0,30299
2021-06-09,211.5,211.5,213.5,211.5,213.5,31457
2021-06-10,212.5,212.5,212.5,211.5,212.0,9038
2021-06-11,210.5,210.5,214.0,210.5,214.0,26045
2021-06-15,209.5,209.5,215.5,209.5,212.5,77018
2021-06-16,209.0,209.0,212.5,209.0,209.5,42207
2021-06-17,208.0,208.0,210.0,203.0,209.0,93731
2021-06-18,212.5,212.5,217.5,208.0,208.0,164299
2021-06-21,213.0,213.0,215.5,211.0,214.0,64361
2021-06-22,210.5,210.5,215.5,210.5,214.0,68564
2021-06-23,214.0,214.0,217.5,211.0,211.0,140893
2021-06-24,212.5,212.5,215.0,212.5,214.5,29604
2021-06-25,214.5,214.5,217.5,214.0,217.5,37399
2021-06-28,212.0,212.0,216.0,212.0,212.5,38207
2021-06-29,209.5,209.5,212.5,209.5,212.5,63002
2021-06-30,208.5,208.5,214.5,208.0,214.5,74249
2021-07-01,207.0,207.0,211.0,207.0,209.0,42391
2021-07-02,209.5,209.5,210.5,207.0,207.0,41780
2021-07-05,210.0,210.0,213.5,209.5,210.0,69066
2021-07-06,208.5,208.5,211.0,208.0,210.0,42543
2021-07-07,209.5,209.5,209.5,208.0,209.5,32564
2021-07-08,206.0,206.0,211.0,205.0,211.0,65653
2021-07-09,226.5,226.5,226.5,207.5,207.5,1397357
2021-07-12,220.0,220.0,239.0,220.0,228.0,502636
2021-07-13,215.5,215.5,224.5,215.0,217.5,146396
2021-07-14,213.5,213.5,217.0,213.0,214.5,63892
2021-07-15,212.0,212.0,215.0,212.0,213.5,66578
2021-07-16,210.0,210.0,212.0,210.0,210.5,35292
2021-07-19,209.0,209.0,210.5,208.5,210.0,42307
2021-07-20,208.0,208.0,210.0,208.0,208.5,36298
2021-07-21,208.5,208.5,211.5,208.5,209.0,45072
2021-07-22,210.5,210.5,210.5,208.5,209.0,31064
2021-07-23,209.5,209.5,212.5,209.0,212.0,25314
2021-07-26,209.5,209.5,210.0,209.0,210.0,18044
2021-07-27,209.0,209.0,213.0,209.0,213.0,20199
2021-07-28,212.0,212.0,212.0,205.0,209.0,70034
2021-07-29,208.0,208.0,213.0,208.0,210.0,36032
2021-07-30,205.5,205.5,208.5,205.5,208.5,26003
2021-08-02,208.0,208.0,209.5,206.5,206.5,20378
2021-08-03,207.5,207.5,208.5,206.5,208.5,27123
2021-08-04,207.0,207.0,208.0,206.5,207.5,10002
2021-08-05,206.5,206.5,208.0,206.5,208.0,6194
2021-08-06,205.5,205.5,207.0,205.5,207.0,15482
2021-08-09,206.0,206.0,209.5,206.0,209.5,17053
2021-08-10,203.0,203.0,206.0,203.0,206.0,26186
2021-08-11,203.0,203.0,208.0,200.5,208.0,33269
2021-08-12,204.5,204.5,205.5,201.0,201.0,16154
2021-08-13,199.0,199.0,201.5,199.0,201.5,34091
2021-08-16,196.0,196.0,199.0,193.5,199.0,17401
2021-08-17,190.0,190.0,198.0,190.0,196.0,17093
2021-08-18,188.5,188.5,193.0,186.0,193.0,32472
2021-08-19,176.5,176.5,188.5,176.5,188.5,81206
2021-08-20,176.5,176.5,180.0,174.5,180.0,21396
2021-08-23,181.0,181.0,181.0,178.0,178.0,32039
2021-08-24,180.0,180.0,183.0,178.5,183.0,16041
2021-08-25,180.5,180.5,180.5,179.0,179.5,23115
2021-08-26,176.0,176.0,180.5,176.0,180.5,26226
2021-08-27,175.5,175.5,176.0,175.0,176.0,14131
2021-08-30,178.0,178.0,179.5,175.5,176.0,13036
2021-08-31,179.0,179.0,179.0,177.0,178.0,13000
2021-09-01,182.5,182.5,183.5,178.5,178.5,64000
2021-09-02,179.0,179.0,185.5,178.0,185.5,33863
2021-09-03,179.0,179.0,179.5,177.0,179.5,18630
2021-09-06,179.5,179.5,181.5,177.5,180.5,11299
2021-09-07,179.0,179.0,180.5,175.0,180.5,12081
2021-09-08,173.5,173.5,179.0,173.5,177.0,23129
2021-09-09,171.0,171.0,175.0,171.0,175.0,21338
2021-09-10,168.5,168.5,172.0,168.5,171.0,40250
2021-09-13,169.0,169.0,169.0,166.0,169.0,17042
2021-09-14,171.5,171.5,172.0,170.0,171.0,22021
2021-09-15,169.5,169.5,170.5,166.5,169.0,24116
2021-09-16,170.0,170.0,172.5,168.0,172.5,7290
2021-09-17,167.5,167.5,170.0,167.5,169.5,11311
2021-09-22,162.5,162.5,168.0,162.5,168.0,41361
2021-09-23,168.0,168.0,170.0,164.5,168.0,59635
2021-09-24,168.5,168.5,169.5,167.5,169.5,15072
2021-09-27,168.5,168.5,171.0,168.5,171.0,10666
2021-09-28,170.5,170.5,171.0,168.5,171.0,30774
2021-09-29,167.5,167.5,169.0,163.0,167.0,37324
2021-09-30,169.5,169.5,170.5,167.0,167.5,23440
2021-10-01,163.0,163.0,168.0,163.0,168.0,27212
2021-10-04,159.0,159.0,167.0,159.0,167.0,45935
2021-10-05,159.0,159.0,161.0,154.0,156.0,31365
2021-10-06,155.5,155.5,161.5,155.5,159.0,27919
2021-10-07,159.5,159.5,160.0,158.0,158.5,25167
2021-10-08,159.0,159.0,161.0,157.0,157.0,26111
2021-10-12,158.0,158.0,162.5,157.0,160.0,43012
2021-10-13,158.5,158.5,160.0,156.0,158.0,18591
2021-10-14,159.5,159.5,159.5,156.0,157.0,21000
2021-10-15,158.5,158.5,158.5,156.5,157.5,29010
2021-10-18,159.0,159.0,159.0,157.0,157.5,16006
2021-10-19,164.0,164.0,164.0,161.0,164.0,37063
2021-10-20,162.5,162.5,167.0,161.5,165.0,29461
2021-10-21,166.5,166.5,167.0,164.0,164.0,38836
2021-10-22,167.5,167.5,168.5,164.5,164.5,18308
2021-10-25,168.5,168.5,169.0,166.0,169.0,14074
2021-10-26,169.0,169.0,170.0,167.5,170.0,14041
2021-10-27,166.0,166.0,170.0,164.5,170.0,22247
2021-10-28,168.0,168.0,169.5,166.5,169.0,11087
2021-10-29,167.0,167.0,169.0,166.5,169.0,14024
2021-11-01,167.0,167.0,167.5,166.0,167.5,22152
2021-11-02,165.5,165.5,168.5,165.5,165.5,10127
2021-11-03,167.5,167.5,168.5,165.5,168.5,8399
2021-11-04,168.0,168.0,169.0,168.0,168.0,15068
2021-11-05,169.0,169.0,169.0,168.0,168.5,9001
2021-11-08,169.5,169.5,171.0,169.5,170.0,14322
2021-11-09,173.0,173.0,173.0,169.5,169.5,41167
2021-11-10,172.5,172.5,174.0,172.0,172.0,17149
2021-11-11,173.5,173.5,174.5,172.5,173.0,23210
2021-11-12,174.0,174.0,175.0,173.5,173.5,21190
2021-11-15,173.0,173.0,175.5,171.5,175.0,19065
2021-11-16,172.0,172.0,175.0,172.0,175.0,6232
2021-11-17,171.0,171.0,172.0,168.5,172.0,12425
2021-11-18,168.0,168.0,169.0,167.0,169.0,29294
2021-11-19,167.0,167.0,167.5,166.5,167.0,17300
2021-11-22,172.5,172.5,173.0,167.0,167.0,32402
2021-11-23,172.5,172.5,172.5,172.5,172.5,1202
2021-11-24,170.0,170.0,171.5,168.0,170.0,18075
2021-11-25,169.0,169.0,172.0,167.5,171.0,29137
2021-11-26,167.5,167.5,169.5,166.0,167.0,25039
2021-11-29,165.0,165.0,165.5,164.0,165.0,14162
2021-11-30,165.5,165.5,167.0,165.0,166.0,22001
2021-12-01,168.5,168.5,168.5,163.5,163.5,8150
2021-12-02,165.0,165.0,169.0,165.0,166.5,13029
2021-12-03,166.0,166.0,166.5,166.0,166.0,9061
2021-12-06,164.0,164.0,165.0,163.5,163.5,8076
2021-12-07,163.5,163.5,164.0,162.5,163.0,15054
2021-12-08,166.0,166.0,166.0,164.0,164.0,12574
2021-12-09,166.0,166.0,166.5,164.5,166.0,12346
2021-12-10,172.0,172.0,175.0,171.0,174.0,125734
2021-12-13,171.0,171.0,173.0,171.0,172.0,19542
2021-12-14,170.0,170.0,170.0,170.0,170.0,2019
2021-12-15,167.0,167.0,167.0,165.0,167.0,19067
2021-12-16,167.0,167.0,168.0,163.0,163.0,31220
2021-12-17,164.0,164.0,168.5,163.5,168.5,23021
2021-12-20,163.5,163.5,167.0,162.5,167.0,25371
2021-12-21,164.0,164.0,164.0,163.5,163.5,6083
2021-12-22,165.5,165.5,165.5,164.0,164.5,11443
2021-12-23,166.0,166.0,166.0,164.0,165.5,13171
2021-12-24,166.5,166.5,166.5,165.0,166.0,7253
2021-12-27,166.5,166.5,167.5,166.0,167.0,12172
2021-12-28,167.0,167.0,168.5,165.5,168.0,21474
2021-12-29,167.0,167.0,167.0,165.5,167.0,7069
2021-12-30,166.0,166.0,167.0,166.0,167.0,10047
2022-01-03,165.0,165.0,167.0,165.0,165.0,18622
2022-01-04,165.0,165.0,169.0,165.0,165.0,27348
2022-01-05,164.0,164.0,165.0,164.0,165.0,13031
2022-01-06,165.0,165.0,166.0,164.0,164.0,24341
2022-01-07,163.5,163.5,167.0,163.5,165.0,19003
2022-01-10,163.5,163.5,165.5,163.5,163.5,6006
2022-01-11,167.5,167.5,172.0,167.0,167.5,149543
2022-01-12,169.0,169.0,171.0,168.0,168.0,65388
2022-01-13,167.5,167.5,171.5,167.5,171.5,18092
2022-01-14,163.5,163.5,166.5,162.0,166.5,30910
2022-01-17,163.5,163.5,166.0,163.0,163.5,21268
2022-01-18,163.0,163.0,166.0,163.0,163.5,16486
2022-01-19,164.0,164.0,165.0,163.0,164.0,19147
2022-01-20,166.5,166.5,167.0,166.0,167.0,7562
2022-01-21,162.5,162.5,163.5,162.5,163.5,13805
2022-01-24,164.0,164.0,165.0,161.5,162.5,19016
2022-01-25,163.0,163.0,163.0,160.5,162.0,24643
2022-01-26,163.0,163.0,163.5,161.5,163.5,6165
2022-02-07,163.0,163.0,164.5,162.0,163.0,38796
2022-02-08,162.0,162.0,163.5,162.0,162.5,22432
2022-02-09,161.0,161.0,164.0,157.0,161.0,91391
2022-02-10,160.0,160.0,162.0,159.0,159.0,18979
2022-02-11,158.0,158.0,158.5,158.0,158.0,16514
2022-02-14,157.5,157.5,159.0,157.0,158.0,27910
2022-02-15,151.5,151.5,157.0,151.5,157.0,162952
2022-02-16,153.0,153.0,154.0,152.0,153.0,33053
2022-02-17,153.0,153.0,154.5,153.0,153.0,20463
2022-02-18,152.5,152.5,153.0,152.5,153.0,13082
2022-02-21,153.0,153.0,153.0,152.0,152.5,13387
2022-02-22,153.0,153.0,154.0,152.0,153.0,28502
2022-02-23,154.0,154.0,154.0,153.0,153.0,13944
2022-02-24,153.5,153.5,153.5,153.0,153.0,40232
2022-02-25,154.5,154.5,154.5,153.5,154.5,19040
2022-03-01,154.0,154.0,154.0,153.5,154.0,14057
2022-03-02,154.5,154.5,154.5,152.0,154.0,27298
2022-03-03,153.0,153.0,154.5,153.0,153.5,6049
2022-03-04,154.5,154.5,154.5,150.5,153.5,50513
2022-03-07,150.5,150.5,154.5,150.5,153.5,45028
2022-03-08,149.5,149.5,151.0,148.5,150.5,35067
2022-03-09,143.5,143.5,149.0,143.5,149.0,69290
2022-03-10,143.5,143.5,144.5,142.0,142.0,11070
2022-03-11,137.5,137.5,142.5,137.5,142.5,33339
2022-03-14,131.5,131.5,137.0,131.0,136.5,139170
2022-03-15,130.0,130.0,131.5,130.0,131.5,27123
2022-03-16,133.5,133.5,133.5,129.0,130.0,26292
2022-03-17,138.0,138.0,138.5,133.5,138.5,27051
2022-03-18,137.0,137.0,139.5,135.5,135.5,15124
2022-03-21,136.5,136.5,137.0,134.5,137.0,3469
2022-03-22,133.5,133.5,134.5,133.5,134.5,10000
2022-03-23,136.5,136.5,139.5,133.5,133.5,28308
2022-03-24,132.5,132.5,133.5,132.0,133.5,11152
2022-03-25,129.5,129.5,132.5,129.0,132.5,49826
2022-03-28,126.0,126.0,130.0,125.5,130.0,46319
2022-03-29,125.5,125.5,126.0,125.5,125.5,17361
2022-03-30,126.0,126.0,126.5,124.5,125.5,28510
2022-03-31,125.0,125.0,126.0,125.0,126.0,5141
2022-04-01,123.5,123.5,124.0,123.0,124.0,19272
2022-04-06,119.5,119.5,121.5,119.5,121.0,32130
2022-04-07,112.0,112.0,118.0,112.0,118.0,94178
2022-04-08,106.0,106.0,111.0,104.0,111.0,170524
2022-04-11,99.4,99.4,106.0,99.4,106.0,118404
2022-04-12,97.8,97.8,102.0,97.2,99.4,67292
2022-04-13,98.2,98.2,98.8,96.4,97.8,83412
2022-04-14,97.3,97.3,98.7,96.6,98.5,78706
2022-04-15,94.6,94.6,97.3,94.0,97.3,85617
2022-04-18,95.9,95.9,96.0,94.7,94.7,10454
2022-04-19,97.2,97.2,97.3,95.0,95.0,23192
2022-04-20,98.0,98.0,98.0,97.0,97.1,22077
2022-04-21,107.5,107.5,107.5,98.2,98.2,100069
2022-04-22,118.0,118.0,118.0,109.5,111.0,437641
2022-04-25,108.5,108.5,118.0,107.0,118.0,397228
2022-04-26,119.0,119.0,119.0,111.0,111.5,174690
2022-04-27,117.5,117.5,129.0,115.0,125.0,900447
2022-04-28,122.5,122.5,129.0,119.5,120.0,573121
2022-04-29,119.0,119.0,128.0,118.5,124.5,312242
2022-05-03,112.0,112.0,120.0,112.0,116.0,140700
2022-05-04,112.5,112.5,117.0,112.5,117.0,67632
2022-05-05,111.5,111.5,117.0,110.0,112.5,65998
2022-05-06,110.5,110.5,115.0,108.5,109.0,77556
2022-05-09,104.0,104.0,109.0,103.0,109.0,66938
2022-05-10,101.0,101.0,104.0,101.0,103.5,51102
2022-05-11,111.0,111.0,111.0,103.5,103.5,146517
2022-05-12,111.5,111.5,120.0,111.0,119.0,424866
2022-05-13,112.0,112.0,116.0,111.5,113.5,108071
2022-05-16,113.5,113.5,117.0,112.0,115.0,140778
2022-05-17,113.5,113.5,114.5,111.0,112.0,72170
2022-05-18,113.0,113.0,114.0,112.0,112.0,52305
2022-05-19,109.5,109.5,113.0,109.0,113.0,39228
2022-05-20,113.0,113.0,115.5,111.0,113.0,77216
2022-05-23,113.0,113.0,116.5,111.5,116.5,19063
2022-05-24,109.0,109.0,114.0,109.0,114.0,29208
2022-05-25,113.0,113.0,113.0,111.5,112.5,22830
2022-05-26,110.0,110.0,113.0,110.0,112.0,25096
2022-05-27,114.0,114.0,121.0,112.5,114.0,299335
2022-05-30,113.0,113.0,114.5,112.5,114.0,57288
2022-05-31,115.0,115.0,115.0,112.5,115.0,25240
2022-06-01,113.5,113.5,117.5,112.0,117.5,34140
2022-06-02,114.0,114.0,114.0,113.5,114.0,15020
2022-06-06,113.5,113.5,114.5,112.0,114.5,21063
2022-06-07,113.0,113.0,114.0,112.5,113.5,31011
2022-06-08,114.0,114.0,114.0,112.5,113.5,18385
2022-06-09,114.0,114.0,117.5,114.0,117.5,29766
2022-06-10,114.5,114.5,115.5,113.0,113.0,20165
2022-06-13,109.0,109.0,111.5,108.0,111.5,41054
2022-06-14,110.5,110.5,113.5,108.0,108.5,30021
2022-06-15,113.5,113.5,114.0,110.5,110.5,59373
2022-06-16,109.0,109.0,114.0,109.0,114.0,26082
2022-06-17,105.0,105.0,107.5,105.0,107.0,24033
2022-06-20,104.5,104.5,105.5,101.0,105.5,21084
2022-06-21,108.0,108.0,113.0,103.5,103.5,57023
2022-06-22,105.0,105.0,110.0,103.0,110.0,30037
2022-06-23,106.5,106.5,110.0,106.0,109.0,25002
2022-06-24,109.0,109.0,114.0,107.0,111.0,58060
2022-06-27,111.5,111.5,113.5,109.5,112.0,37022
2022-06-28,110.5,110.5,110.5,110.5,110.5,3200
2022-06-29,110.0,110.0,110.0,110.0,110.0,4000
2022-06-30,104.0,104.0,110.0,104.0,110.0,28001
2022-07-01,102.0,102.0,106.5,102.0,105.5,20199
2022-07-04,107.5,107.5,111.0,103.5,111.0,20023
2022-07-05,108.0,108.0,112.0,108.0,112.0,17024
2022-07-06,106.0,106.0,106.5,104.5,106.5,47723
2022-07-07,110.0,110.0,110.0,104.0,104.0,4036
2022-07-08,108.0,108.0,111.0,108.0,109.0,14062
2022-07-11,106.0,106.0,109.0,106.0,109.0,7002
2022-07-12,104.0,104.0,106.0,102.5,106.0,16021
2022-07-13,106.0,106.0,107.0,103.5,104.5,15018
2022-07-14,106.0,106.0,106.0,104.0,104.5,9057
2022-07-15,101.5,101.5,104.5,101.5,104.5,40163
2022-07-18,102.0,102.0,103.5,101.0,103.5,36016
2022-07-19,102.5,102.5,105.5,101.5,105.5,16000
2022-07-20,101.5,101.5,105.5,101.5,104.0,30023
2022-07-21,103.0,103.0,103.5,102.0,102.0,17183
2022-07-22,103.5,103.5,103.5,102.0,103.5,28155
2022-07-25,105.0,105.0,105.0,103.5,103.5,11130
2022-07-26,105.0,105.0,105.5,104.0,104.0,16031
2022-07-27,105.5,105.5,105.5,105.0,105.0,4171
2022-07-28,105.5,105.5,106.5,104.5,105.5,6040
2022-07-29,104.5,104.5,108.0,104.5,106.0,14286
2022-08-01,103.0,103.0,107.5,103.0,107.0,15064
2022-08-02,103.0,103.0,105.0,103.0,103.0,17060
2022-08-03,104.5,104.5,107.0,104.0,105.5,12150
2022-08-04,105.0,105.0,105.0,102.5,105.0,19011
2022-08-05,104.5,104.5,105.5,104.5,105.0,16148
2022-08-08,105.0,105.0,105.0,104.0,104.0,3257
2022-08-09,106.0,106.0,106.0,104.5,105.0,5006
2022-08-10,105.5,105.5,107.0,105.0,106.5,7022
2022-08-11,106.0,106.0,108.0,105.5,108.0,30196
2022-08-12,111.0,111.0,114.5,108.0,108.0,159728
2022-08-15,122.0,122.0,122.0,114.5,114.5,224230
2022-08-16,115.5,115.5,125.0,112.5,121.5,435045
2022-08-17,113.0,113.0,117.0,113.0,116.0,74041
2022-08-18,113.5,113.5,114.0,112.0,112.0,29359
2022-08-19,113.0,113.0,115.5,113.0,115.5,33544
2022-08-22,112.0,112.0,114.5,111.5,111.5,27045
2022-08-23,110.0,110.0,111.0,108.5,111.0,28097
2022-08-24,108.5,108.5,110.5,108.0,110.0,34461
2022-08-25,109.5,109.5,112.5,108.5,112.5,34220
2022-08-26,113.0,113.0,114.0,109.5,109.5,42149
2022-08-29,110.0,110.0,111.0,109.5,109.5,26314
2022-08-30,112.0,112.0,114.0,111.0,112.0,32122
2022-08-31,112.5,112.5,113.5,112.5,112.5,13364
2022-09-01,110.5,110.5,113.5,110.5,113.0,38474
2022-09-02,112.0,112.0,114.0,111.5,113.0,28213
2022-09-05,113.0,113.0,113.0,112.0,112.5,10136
2022-09-06,110.5,110.5,114.0,110.5,114.0,21110
2022-09-07,109.5,109.5,110.0,108.0,109.5,28094
2022-09-08,109.0,109.0,110.0,108.0,110.0,21083
2022-09-12,109.5,109.5,110.0,109.0,109.5,18200
2022-09-13,109.0,109.0,110.0,108.5,110.0,12858
2022-09-14,107.0,107.0,108.0,106.5,108.0,31707
2022-09-15,105.0,105.0,107.0,105.0,106.5,38122
2022-09-16,102.5,102.5,105.0,102.0,103.0,44643
2022-09-19,101.0,101.0,103.0,100.0,101.5,45685
2022-09-20,101.0,101.0,102.0,100.5,101.0,15125
2022-09-21,99.7,99.7,103.5,99.7,101.5,33115
2022-09-22,98.7,98.7,99.8,98.2,99.4,30371
2022-09-23,99.3,99.3,99.3,98.6,98.8,6346
2022-09-26,98.1,98.1,99.8,97.9,98.3,15274
2022-09-27,98.0,98.0,98.1,97.9,98.1,18939
2022-09-28,96.5,96.5,98.0,96.4,98.0,40243
2022-09-29,97.0,97.0,97.6,96.7,97.6,12002
2022-09-30,96.6,96.6,97.0,96.2,96.7,19090
2022-10-03,97.4,97.4,97.4,96.5,96.6,5029
2022-10-04,101.0,101.0,102.0,98.0,98.0,17103
2022-10-05,101.0,101.0,101.0,100.0,100.5,13010
2022-10-06,101.5,101.5,102.0,100.5,102.0,12207
2022-10-07,101.5,101.5,101.5,101.5,101.5,2054
2022-10-11,101.0,101.0,101.5,99.8,101.5,9466
2022-10-12,103.5,103.5,103.5,101.0,101.0,29198
2022-10-13,99.7,99.7,102.5,99.7,102.0,37561
2022-10-14,104.5,104.5,107.0,100.0,100.0,94662
2022-10-17,104.5,104.5,104.5,100.5,100.5,22011
2022-10-18,105.5,105.5,106.5,105.0,105.5,24094
2022-10-19,105.5,105.5,107.5,104.0,107.5,28222
2022-10-20,102.5,102.5,103.0,101.5,103.0,15595
2022-10-21,101.5,101.5,101.5,100.5,101.0,8002
2022-10-24,102.0,102.0,103.5,100.0,102.5,19538
2022-10-25,103.5,103.5,104.0,101.0,103.5,18056
2022-10-26,103.0,103.0,104.5,102.0,102.5,30151
2022-10-27,102.5,102.5,103.0,102.0,103.0,17447
2022-10-28,101.0,101.0,102.0,100.5,100.5,11153
2022-10-31,100.5,100.5,102.0,100.5,101.0,13105
2022-11-01,101.5,101.5,102.0,101.5,102.0,11099
2022-11-02,101.0,101.0,101.5,100.5,100.5,13417
2022-11-03,100.5,100.5,101.5,100.5,101.0,15475
2022-11-04,101.0,101.0,101.0,100.5,101.0,8636
2022-11-07,101.0,101.0,101.5,100.5,101.5,18539
2022-11-08,111.0,111.0,111.0,102.5,102.5,249623
2022-11-09,115.0,115.0,118.0,110.0,110.5,316069
2022-11-10,113.0,113.0,113.0,110.5,111.5,52559
2022-11-11,113.5,113.5,118.0,113.5,116.0,87289
2022-11-14,110.5,110.5,115.0,110.0,115.0,56774
2022-11-15,112.0,112.0,113.0,111.0,112.0,39280
2022-11-16,109.5,109.5,111.5,109.0,111.5,34905
2022-11-17,115.0,115.0,117.5,111.5,111.5,137695
2022-11-18,115.5,115.5,120.0,115.0,116.0,84618
2022-11-21,113.0,113.0,116.5,112.0,116.5,49226
2022-11-22,112.5,112.5,113.5,111.5,113.5,27025
2022-11-23,112.0,112.0,115.0,111.5,115.0,25550
2022-11-24,119.0,119.0,119.0,111.0,113.5,98695
2022-11-25,130.5,130.5,130.5,119.0,120.0,519951
2022-11-28,129.0,129.0,132.5,128.0,132.0,189503
2022-11-29,127.0,127.0,128.5,123.5,128.5,126849
2022-11-30,130.0,130.0,132.0,126.0,130.0,180335
2022-12-01,132.0,132.0,135.0,130.0,135.0,116390
2022-12-02,131.0,131.0,131.5,128.0,131.0,58488
2022-12-05,132.5,132.5,137.5,130.0,131.0,138803
2022-12-06,133.0,133.0,135.0,131.5,134.5,81070
2022-12-07,129.5,129.5,144.0,129.0,133.0,237240
2022-12-08,124.0,124.0,127.5,123.0,125.5,164720
2022-12-09,118.5,118.5,124.5,118.5,124.0,119135
2022-12-12,121.5,121.5,123.0,118.5,118.5,60852
2022-12-13,122.0,122.0,123.0,120.5,122.5,46892
2022-12-14,130.5,130.5,130.5,123.0,124.0,73254
2022-12-15,132.5,132.5,132.5,128.0,130.5,82077
2022-12-16,128.0,128.0,131.5,128.0,131.5,40403
2022-12-19,127.0,127.0,131.0,126.0,131.0,12011
2022-12-20,121.0,121.0,129.0,119.0,129.0,73903
2022-12-21,119.5,119.5,122.5,119.0,122.5,26261
2022-12-22,120.5,120.5,122.0,118.5,121.5,54444
2022-12-23,118.0,118.0,118.5,115.5,118.0,37159
2022-12-26,118.0,118.0,118.5,118.0,118.0,11498
2022-12-27,118.0,118.0,118.5,117.5,118.5,5225
2022-12-28,117.0,117.0,118.0,116.0,118.0,10057
2022-12-29,116.0,116.0,119.0,114.5,119.0,25505
2022-12-30,116.0,116.0,116.0,116.0,116.0,3391
2023-01-03,114.0,114.0,115.5,113.0,115.5,33248
2023-01-04,115.5,115.5,116.0,114.0,114.0,9013
2023-01-05,114.5,114.5,117.0,114.0,116.0,21461
2023-01-06,114.5,114.5,114.5,114.0,114.0,18169
2023-01-09,117.0,117.0,120.0,114.0,114.0,69215
2023-01-10,115.5,115.5,116.0,115.0,115.5,25195
2023-01-11,113.0,113.0,115.5,111.5,115.5,55294
2023-01-12,110.5,110.5,114.0,110.5,113.0,34597
2023-01-13,109.5,109.5,113.0,109.5,113.0,49484
2023-01-16,110.5,110.5,111.0,109.0,109.5,24281
2023-01-17,109.5,109.5,112.0,109.5,110.0,52376
2023-01-30,110.5,110.5,110.5,109.5,110.0,31140
2023-01-31,116.5,116.5,119.0,112.0,112.0,78382
2023-02-01,117.5,117.5,119.5,116.5,118.0,68305
2023-02-02,118.5,118.5,119.0,116.0,119.0,43582
2023-02-03,119.0,119.0,119.0,116.5,118.5,17505
2023-02-06,119.0,119.0,119.5,117.5,119.0,28398
2023-02-07,116.0,116.0,118.0,116.0,117.5,33245
2023-02-08,127.0,127.0,127.5,120.5,122.5,857219
2023-02-09,124.5,124.5,126.0,122.5,125.0,247815
2023-02-10,120.0,120.0,124.5,120.0,124.5,104568
2023-02-13,123.5,123.5,123.5,121.5,123.5,70525
2023-02-14,124.0,124.0,127.0,123.5,124.5,110539
2023-02-15,122.5,122.5,125.0,122.0,124.5,52494
2023-02-16,124.0,124.0,124.5,123.5,124.5,26419
2023-02-17,124.0,124.0,125.5,123.0,124.0,35524
2023-02-20,125.0,125.0,127.5,124.0,124.5,47066
2023-02-21,122.0,122.0,124.0,120.0,124.0,175384
2023-02-22,119.5,119.5,120.5,118.5,120.5,85180
2023-02-23,120.5,120.5,121.0,119.0,121.0,43866
2023-02-24,118.0,118.0,121.0,115.5,121.0,100077
2023-03-01,120.5,120.5,120.5,118.0,118.5,44061
2023-03-02,121.5,121.5,121.5,119.0,120.5,48183
2023-03-03,121.5,121.5,122.0,120.5,121.5,35132
2023-03-06,130.0,130.0,133.5,121.5,121.5,449520
2023-03-07,131.0,131.0,137.0,130.0,133.0,257921
2023-03-08,130.0,130.0,132.5,130.0,131.0,102037
2023-03-09,130.5,130.5,134.5,128.0,128.0,123300
2023-03-10,128.5,128.5,131.0,125.5,130.0,153970
2023-03-13,127.0,127.0,128.5,124.5,127.0,97557
2023-03-14,126.5,126.5,128.0,125.5,126.0,44270
2023-03-15,128.0,128.0,130.5,127.0,127.0,61849
2023-03-16,127.0,127.0,129.0,126.5,127.0,46999
2023-03-17,128.0,128.0,129.0,128.0,128.0,30888
2023-03-20,130.5,130.5,133.5,129.5,131.0,48081
2023-03-21,130.0,130.0,132.0,128.5,130.0,81911
2023-03-22,143.0,143.0,143.0,130.0,130.0,681343
2023-03-23,142.5,142.5,154.0,142.0,143.5,1324912
2023-03-24,140.5,140.5,146.5,140.5,144.0,172116
2023-03-27,150.0,150.0,153.5,142.0,142.0,675113
2023-03-28,142.5,142.5,153.0,141.5,150.0,430735
2023-03-29,145.5,145.5,156.0,142.5,143.0,791790
2023-03-30,151.5,151.5,156.0,147.5,148.0,716505
2023-03-31,149.5,149.5,152.5,148.5,152.0,196545
2023-04-06,152.5,152.5,154.0,145.0,147.0,340779
2023-04-07,150.5,150.5,154.5,148.0,154.5,258472
2023-04-10,152.0,152.0,153.0,147.0,152.0,200210
2023-04-11,160.0,160.0,165.0,150.0,154.0,526144
2023-04-12,162.0,162.0,168.0,159.0,160.5,435668
2023-04-13,164.0,164.0,164.0,158.5,162.5,220860
2023-04-14,164.5,164.5,170.0,163.5,169.5,175480
2023-04-17,165.5,165.5,167.5,161.5,161.5,106268
2023-04-18,169.0,169.0,174.0,167.0,169.5,338894
2023-04-19,170.5,170.5,175.0,169.5,170.0,210727
2023-04-20,161.5,161.5,174.0,161.5,174.0,228879
2023-04-21,155.0,155.0,162.0,152.5,161.5,204313
2023-04-24,156.5,156.5,159.0,153.5,155.0,97221
2023-04-25,152.0,152.0,157.0,147.0,157.0,132188
2023-04-26,154.0,154.0,155.0,146.5,146.5,92708
2023-04-27,162.0,162.0,162.5,151.0,157.5,311522
2023-04-28,161.0,161.0,167.5,160.5,165.0,120862
2023-05-02,162.0,162.0,164.5,161.0,161.0,56373
2023-05-03,157.5,157.5,162.5,157.5,161.0,61310
2023-05-04,164.5,164.5,166.5,157.5,161.0,162431
2023-05-05,167.5,167.5,174.5,165.5,166.0,464135
2023-05-08,184.0,184.0,184.0,170.0,170.0,692280
2023-05-09,185.0,185.0,190.0,180.5,187.0,522166
2023-05-10,181.5,181.5,184.0,178.0,184.0,274392
2023-05-11,176.0,176.0,182.5,176.0,181.0,129530
2023-05-12,185.5,185.5,186.0,173.5,176.0,249360
2023-05-15,173.0,173.0,185.5,173.0,185.5,177899
2023-05-16,173.0,173.0,180.0,168.5,174.5,248243
2023-05-17,176.5,176.5,180.0,169.5,169.5,163790
2023-05-18,178.0,178.0,183.0,176.0,180.0,116582
2023-05-19,177.0,177.0,181.0,175.5,181.0,64962
2023-05-22,179.5,179.5,181.0,177.5,177.5,47139
2023-05-23,179.0,179.0,183.5,179.0,183.5,39580
2023-05-24,179.0,179.0,180.5,177.0,179.0,73617
2023-05-25,177.0,177.0,185.5,175.0,179.5,377587
2023-05-26,181.0,181.0,184.0,178.5,179.0,153856
2023-05-29,178.0,178.0,185.5,177.5,182.5,111582
2023-05-30,178.5,178.5,180.0,176.5,179.0,71470
2023-05-31,178.0,178.0,180.5,177.0,180.5,49823
2023-06-01,172.0,172.0,177.5,172.0,177.5,144071
2023-06-02,172.0,172.0,177.5,170.5,174.0,110957
2023-06-05,171.0,171.0,172.5,171.0,171.0,101672
2023-06-06,167.0,167.0,171.0,166.0,170.5,108678
2023-06-07,170.5,170.5,171.0,165.5,166.5,65572
2023-06-08,166.0,166.0,172.5,166.0,170.0,83939
2023-06-09,170.0,170.0,171.0,165.5,166.0,60235
2023-06-12,168.5,168.5,171.0,168.5,169.5,30020
2023-06-13,169.0,169.0,171.5,168.0,168.0,51482
2023-06-14,170.0,170.0,171.5,168.0,169.0,24140
2023-06-15,170.0,170.0,173.0,170.0,170.0,74552
2023-06-16,168.5,168.5,173.0,168.0,170.0,69674
2023-06-19,166.0,166.0,168.5,165.0,167.0,57751
2023-06-20,163.0,163.0,167.5,162.0,167.5,63471
2023-06-21,159.5,159.5,165.0,158.0,164.5,120459
2023-06-26,153.5,153.5,163.0,152.0,163.0,133035
2023-06-27,153.0,153.0,156.0,151.0,156.0,77560
2023-06-28,154.5,154.5,155.0,153.5,153.5,50105
2023-06-29,160.0,160.0,162.5,154.0,154.0,92570
2023-06-30,159.5,159.5,160.5,157.0,160.0,87990
2023-07-03,164.0,164.0,172.0,161.0,161.5,296963
2023-07-04,159.5,159.5,166.0,159.5,166.0,148393
2023-07-05,161.0,161.0,161.5,160.0,160.5,74039
2023-07-06,154.0,154.0,160.5,153.5,160.5,128921
2023-07-07,153.5,153.5,156.5,151.0,156.5,72156
2023-07-10,151.0,151.0,154.5,150.0,151.5,73979
2023-07-11,157.0,157.0,165.5,150.0,150.0,163458
2023-07-12,153.5,153.5,158.5,153.0,157.0,48386
2023-07-13,154.0,154.0,158.5,153.0,154.0,86440
2023-07-14,154.0,154.0,155.5,152.5,153.5,50299
2023-07-17,160.0,160.0,161.0,153.0,153.0,125559
2023-07-18,153.5,153.5,164.5,153.5,160.0,127046
2023-07-19,154.5,154.5,157.0,152.5,153.5,74438
2023-07-20,162.5,162.5,164.5,153.0,153.0,241240
2023-07-21,178.5,178.5,178.5,162.5,165.0,641303
2023-07-24,180.5,180.5,195.0,173.0,184.0,1345247
2023-07-25,176.5,176.5,193.0,176.0,185.0,773414
2023-07-26,165.5,165.5,176.5,163.5,176.5,374629
2023-07-27,166.5,166.5,176.5,165.5,169.0,352103
2023-07-28,169.0,169.0,172.0,162.5,167.5,166906
2023-07-31,171.0,171.0,184.0,168.0,170.5,473289
2023-08-01,170.5,170.5,182.0,167.0,177.5,311664
2023-08-02,158.5,158.5,170.5,156.5,170.0,284636
2023-08-04,157.5,157.5,160.0,154.5,157.5,128175
2023-08-07,158.5,158.5,162.0,154.5,161.0,126001
2023-08-08,161.5,161.5,170.5,161.5,167.5,335874
2023-08-09,159.0,159.0,163.5,158.0,160.0,93665
2023-08-10,153.0,153.0,157.5,152.5,157.0,102091
2023-08-11,154.5,154.5,155.0,153.0,155.0,63053
2023-08-14,149.0,149.0,155.0,147.5,153.0,140278
2023-08-15,150.0,150.0,153.5,150.0,151.5,41512
2023-08-16,150.0,150.0,152.0,148.5,150.0,55128
2023-08-17,155.0,155.0,155.0,149.0,149.5,59443
2023-08-18,152.0,152.0,155.0,150.5,153.0,72019
2023-08-21,152.0,152.0,154.0,152.0,154.0,27150
2023-08-22,150.0,150.0,155.0,150.0,155.0,66705
2023-08-23,149.0,149.0,151.0,148.5,150.0,29732
2023-08-24,154.5,154.5,155.0,150.5,150.5,96759
2023-08-25,150.0,150.0,153.5,150.0,152.0,42470
2023-08-28,148.0,148.0,154.5,147.0,154.5,85339
2023-08-29,147.5,147.5,149.0,146.0,149.0,56273
2023-08-30,154.0,154.0,155.0,149.5,150.0,163092
2023-08-31,153.5,153.5,155.0,152.5,154.0,61262
2023-09-01,152.5,152.5,154.0,152.5,153.0,32210
2023-09-04,154.0,154.0,154.5,152.0,153.0,42239
2023-09-05,156.5,156.5,158.5,154.5,155.5,77609
2023-09-06,157.0,157.0,158.5,155.5,155.5,43661
2023-09-07,155.0,155.0,158.0,155.0,158.0,48888
2023-09-08,156.0,156.0,156.0,154.0,154.5,31287
2023-09-11,149.0,149.0,153.5,149.0,152.5,78675
2023-09-12,149.0,149.0,150.5,148.5,149.0,17115
2023-09-13,150.5,150.5,151.5,148.5,148.5,22651
2023-09-14,153.5,153.5,154.5,151.5,151.5,49186
2023-09-15,151.5,151.5,154.0,151.5,153.5,38299
2023-09-18,152.0,152.0,153.0,151.5,151.5,21075
2023-09-19,150.0,150.0,152.0,150.0,152.0,18378
2023-09-20,149.0,149.0,151.5,148.0,149.0,30368
2023-09-21,146.0,146.0,149.0,146.0,149.0,63496
2023-09-22,146.0,146.0,146.5,144.0,144.0,33396
2023-09-25,147.0,147.0,149.0,146.0,146.0,31017
2023-09-26,146.5,146.5,149.0,146.0,149.0,32085
2023-09-27,145.5,145.5,147.0,145.5,145.5,24021
2023-09-28,147.0,147.0,148.0,143.0,146.5,63951
2023-10-02,148.5,148.5,150.0,147.0,148.5,55386
2023-10-03,149.0,149.0,151.5,147.5,151.5,31214
2023-10-04,146.0,146.0,148.5,145.0,148.5,17080
2023-10-05,147.5,147.5,147.5,146.5,146.5,10145
2023-10-06,138.5,138.5,144.0,136.5,143.5,335289
2023-10-11,138.0,138.0,139.0,133.5,139.0,106104
2023-10-12,139.5,139.5,139.5,136.5,139.5,51587
2023-10-13,135.5,135.5,138.0,135.5,136.5,22911
2023-10-16,133.5,133.5,135.0,133.5,135.0,26020
2023-10-17,130.5,130.5,134.5,130.5,134.5,36377
2023-10-18,122.5,122.5,128.5,122.5,128.5,75363
2023-10-19,129.5,129.5,131.5,123.0,123.0,72313
2023-10-20,127.0,127.0,131.5,125.0,131.0,87138
2023-10-23,124.5,124.5,128.0,124.5,125.0,22339
2023-10-24,124.0,124.0,124.5,122.0,123.0,58635
2023-10-25,127.0,127.0,127.5,124.5,124.5,27069
2023-10-26,122.5,122.5,124.5,121.5,124.5,36237
2023-10-27,123.0,123.0,123.5,122.5,122.5,23307
2023-10-30,123.0,123.0,124.5,122.0,122.0,23285
2023-10-31,119.5,119.5,123.0,119.0,122.5,30758
2023-11-01,119.0,119.0,119.5,118.5,119.5,15187
2023-11-02,122.0,122.0,123.5,120.0,120.0,41531
2023-11-03,123.5,123.5,125.0,123.0,123.0,30338
2023-11-06,127.5,127.5,127.5,124.0,124.0,48596
2023-11-07,125.5,125.5,128.0,124.5,128.0,45230
2023-11-08,127.0,127.0,127.0,125.5,127.0,43086
2023-11-09,124.5,124.5,127.0,124.5,127.0,29211
2023-11-10,120.5,120.5,124.0,120.5,122.5,53850
2023-11-13,122.5,122.5,123.5,121.0,121.0,27342
2023-11-14,125.0,125.0,125.5,123.0,124.5,30112
2023-11-15,125.5,125.5,128.0,125.5,127.0,73885
2023-11-16,127.0,127.0,127.5,126.0,126.0,26022
2023-11-17,127.5,127.5,128.0,126.0,127.0,38106
2023-11-20,130.0,130.0,130.0,127.0,127.0,57151
2023-11-21,131.0,131.0,132.5,130.5,132.5,47263
2023-11-22,130.5,130.5,132.0,130.5,131.0,21458
2023-11-23,132.5,132.5,132.5,129.0,130.5,33637
2023-11-24,130.0,130.0,132.5,130.0,131.0,25164
2023-11-27,127.5,127.5,130.5,127.5,130.5,19114
2023-11-28,128.5,128.5,129.0,125.5,128.0,13026
2023-11-29,128.5,128.5,130.5,128.5,128.5,18132
2023-11-30,129.0,129.0,130.0,128.0,129.0,33499
2023-12-01,131.0,131.0,132.0,128.0,129.0,37363
2023-12-04,129.0,129.0,131.0,129.0,129.5,20261
2023-12-05,128.0,128.0,129.0,128.0,128.0,17270
2023-12-06,128.0,128.0,130.5,128.0,128.5,35358
2023-12-07,125.0,125.0,128.5,125.0,128.5,44573
2023-12-08,127.5,127.5,127.5,125.5,125.5,23130
2023-12-11,126.5,126.5,127.5,125.5,127.0,26440
2023-12-12,126.5,126.5,130.0,126.0,130.0,267696
2023-12-13,125.0,125.0,126.5,125.0,126.0,30254
2023-12-14,127.0,127.0,127.0,125.5,126.5,46426
2023-12-15,129.0,129.0,129.0,125.5,126.5,45693
2023-12-18,130.0,130.0,130.5,127.0,129.0,87344
2023-12-19,125.5,125.5,128.0,125.5,128.0,65892
2023-12-20,126.0,126.0,127.5,126.0,126.0,33256
2023-12-21,124.5,124.5,126.0,124.5,125.5,32428
2023-12-22,124.0,124.0,126.0,124.0,126.0,47223
2023-12-25,121.5,121.5,125.0,121.5,125.0,48369
2023-12-26,123.0,123.0,124.0,121.5,121.5,34327
2023-12-27,124.5,124.5,125.0,122.5,122.5,37547
2023-12-28,136.5,136.5,136.5,125.5,126.0,531245
2023-12-29,150.0,150.0,150.0,141.5,144.0,1410899
2024-01-02,147.5,147.5,154.0,143.5,154.0,971155
2024-01-03,141.0,141.0,147.5,141.0,145.0,434109
2024-01-04,137.5,137.5,142.5,137.0,140.5,174814
2024-01-05,140.5,140.5,141.0,138.5,138.5,112469
2024-01-08,135.5,135.5,140.5,135.5,140.5,92785
2024-01-09,132.0,132.0,137.0,130.0,136.0,156874
2024-01-10,131.5,131.5,135.5,131.0,131.0,90161
2024-01-11,134.0,134.0,134.0,131.5,132.0,55983
2024-01-12,131.5,131.5,133.5,131.5,133.5,26396
2024-01-15,131.0,131.0,132.5,131.0,131.0,23751
2024-01-16,128.0,128.0,131.0,128.0,131.0,88804
2024-01-17,124.0,124.0,130.0,124.0,126.5,105880
2024-01-18,126.0,126.0,127.0,124.0,124.0,41208
2024-01-19,127.0,127.0,128.0,125.0,126.5,54275
2024-01-22,134.5,134.5,136.0,129.0,129.0,173846
2024-01-23,133.0,133.0,136.0,133.0,135.5,79577
2024-01-24,131.0,131.0,134.5,131.0,134.0,62629
2024-01-25,131.0,131.0,132.5,130.0,131.0,43104
2024-01-26,130.5,130.5,132.0,130.0,132.0,10269
2024-01-29,133.5,133.5,134.0,131.5,131.5,33045
2024-01-30,133.5,133.5,140.5,133.0,133.0,259523
2024-01-31,131.5,131.5,134.5,131.5,133.5,65629
2024-02-01,134.5,134.5,136.5,132.5,132.5,88016
2024-02-02,147.5,147.5,147.5,137.0,137.0,402016
2024-02-05,148.5,148.5,162.0,148.0,161.0,1021116
2024-02-15,143.0,143.0,146.0,140.0,140.0,381674
2024-02-16,143.0,143.0,147.0,142.0,143.5,120397
2024-02-19,139.5,139.5,144.0,139.0,143.0,168961
2024-02-20,140.0,140.0,142.5,139.0,141.5,75981
2024-02-21,139.0,139.0,141.0,139.0,139.5,53859
2024-02-22,142.5,142.5,145.0,140.0,142.0,126887
2024-02-23,138.0,138.0,143.0,138.0,142.5,85179
2024-02-26,141.5,141.5,141.5,138.0,138.0,63906
2024-02-27,139.0,139.0,142.0,138.0,140.5,76900
2024-02-29,143.0,143.0,146.0,138.5,138.5,211470
2024-03-01,143.0,143.0,146.0,141.5,144.5,93418
2024-03-04,142.5,142.5,146.0,142.5,143.0,115504
2024-03-05,144.0,144.0,144.5,142.0,143.0,49236
2024-03-06,149.0,149.0,154.5,145.0,145.0,429489
2024-03-07,142.5,142.5,153.0,142.5,149.0,245593
2024-03-08,137.0,137.0,142.0,135.5,142.0,212907
2024-03-11,150.5,150.5,150.5,138.0,138.0,574056
2024-03-12,165.5,165.5,165.5,159.5,160.0,465699
2024-03-13,182.0,182.0,182.0,182.0,182.0,843344
2024-03-14,189.5,189.5,200.0,179.5,200.0,4399277
2024-03-15,208.0,208.0,208.0,183.0,184.0,2986439
2024-03-18,220.0,220.0,223.5,210.0,215.0,4747097
2024-03-19,206.5,206.5,225.5,202.0,221.5,2707200
2024-03-20,200.5,200.5,211.0,198.5,211.0,489422
2024-03-21,202.5,202.5,205.0,196.0,203.5,317129
2024-03-22,195.0,195.0,204.0,195.0,203.5,223086
2024-03-25,191.0,191.0,197.0,191.0,194.5,240029
2024-03-26,184.0,184.0,194.0,180.0,192.0,289046
2024-03-27,193.0,193.0,195.0,187.0,187.0,247736
2024-03-28,189.5,189.5,194.0,188.0,193.0,102292
2024-03-29,191.0,191.0,196.0,189.0,189.0,109946
2024-04-01,204.5,204.5,204.5,190.0,190.5,341038
2024-04-02,200.0,200.0,205.0,198.5,204.0,336702
2024-04-03,196.0,196.0,202.0,185.0,201.0,1284569
2024-04-08,188.0,188.0,195.5,187.0,194.0,437712
2024-04-09,186.5,186.5,187.0,181.0,186.5,334739
2024-04-10,184.0,184.0,189.5,182.0,185.0,189292
2024-04-11,185.5,185.5,189.0,181.5,183.5,233747
2024-04-12,182.5,182.5,188.0,181.0,183.5,251811
2024-04-15,170.0,170.0,178.0,168.5,178.0,389451
2024-04-16,187.0,187.0,187.0,169.5,169.5,386165
2024-04-17,205.5,205.5,205.5,205.5,205.5,262814
2024-04-18,226.0,226.0,226.0,226.0,226.0,460058
2024-04-19,248.5,248.5,248.5,238.0,248.5,2461854
2024-04-22,239.0,239.0,273.0,239.0,250.0,5492090
2024-04-23,229.0,229.0,259.5,222.0,252.5,3046413
2024-04-24,251.5,251.5,251.5,234.5,238.0,1040871
2024-04-25,276.5,276.5,276.5,260.0,260.5,2930416
2024-04-26,304.0,304.0,304.0,304.0,304.0,783460
2024-04-29,295.0,295.0,323.0,286.0,320.0,9511366
2024-04-30,324.5,324.5,324.5,297.5,302.5,7752322
2024-05-02,334.0,334.0,356.0,311.0,318.0,13506573
2024-05-03,326.0,326.0,334.0,319.0,334.0,776756
2024-05-06,314.5,314.5,329.0,314.5,329.0,536357
2024-05-07,328.0,328.0,328.0,313.5,314.5,402288
2024-05-08,322.5,322.5,334.0,321.0,329.5,296183
2024-05-09,321.0,321.0,324.0,317.0,317.5,253319
2024-05-10,308.0,308.0,321.0,306.0,321.0,343992
2024-05-13,283.0,283.0,307.0,277.5,307.0,729632
2024-05-14,296.0,296.0,297.0,285.5,285.5,283694
2024-05-15,301.0,301.0,306.5,297.5,297.5,268057
2024-05-16,290.5,290.5,313.0,283.0,308.5,518028
2024-05-17,319.5,319.5,319.5,282.5,296.0,4174074
2024-05-20,334.0,334.0,351.0,330.0,345.0,6727884
2024-05-21,367.0,367.0,367.0,338.0,338.0,5231060
2024-05-22,368.0,368.0,403.5,365.0,376.0,10625126
2024-05-23,362.5,362.5,394.0,356.5,380.0,7346298
2024-05-24,356.5,356.5,369.0,350.0,352.0,3416155
2024-05-27,360.0,360.0,373.5,338.0,368.5,3862987
2024-05-28,360.0,360.0,368.0,350.0,358.0,2402717
2024-05-29,360.5,360.5,380.0,356.0,365.0,4204512
2024-05-30,346.5,346.5,368.0,346.0,360.5,1846381
2024-05-31,340.5,340.5,358.0,340.5,354.0,1993612
2024-06-03,341.0,341.0,352.5,340.5,345.0,1256137
2024-06-04,331.0,331.0,345.0,331.0,342.5,1275994
2024-06-05,320.5,320.5,333.5,312.0,333.0,1524595
2024-06-06,305.0,305.0,328.5,304.5,322.0,2128081
2024-06-07,306.5,306.5,308.0,297.5,303.0,1296133
2024-06-11,298.5,298.5,312.0,295.5,308.5,1523671
2024-06-12,308.0,308.0,308.5,294.5,298.5,952659
2024-06-13,302.5,302.5,314.5,299.0,313.0,1005487
2024-06-14,332.5,332.5,332.5,301.5,302.0,2445141
2024-06-17,323.0,323.0,351.5,320.5,340.0,4254911
2024-06-18,317.0,317.0,328.5,314.0,325.0,1059367
2024-06-19,318.5,318.5,331.5,318.0,318.0,1261928
2024-06-20,333.5,333.5,338.0,315.0,316.0,1611269
2024-06-21,330.0,330.0,332.5,318.5,330.0,811163
2024-06-24,328.0,328.0,334.0,321.5,326.0,545901
2024-06-25,320.5,320.5,339.0,316.0,336.0,1194807
2024-06-26,331.0,331.0,341.0,320.5,320.5,1756137
2024-06-27,320.5,320.5,333.0,320.5,328.0,667986
2024-06-28,331.0,331.0,332.5,323.0,326.5,868040
2024-07-01,323.0,323.0,334.5,322.0,330.0,642112
2024-07-02,316.0,316.0,325.0,316.0,323.0,557554
2024-07-03,319.5,319.5,331.0,316.5,322.0,646811
2024-07-04,324.0,324.0,324.0,316.5,321.5,485596
2024-07-05,324.0,324.0,336.0,323.5,331.0,932771
2024-07-08,317.0,317.0,324.0,317.0,324.0,430829
2024-07-09,326.5,326.5,327.5,311.0,318.0,513098
2024-07-10,323.5,323.5,330.5,321.5,326.0,353105
2024-07-11,314.0,314.0,327.0,314.0,324.0,344223
2024-07-12,300.0,300.0,309.5,298.0,308.0,503156
2024-07-15,299.0,299.0,303.5,296.5,300.5,271543
2024-07-16,297.5,297.5,303.0,297.5,300.0,160401
2024-07-17,291.5,291.5,301.0,290.0,297.5,206122
2024-07-18,283.0,283.0,288.5,280.5,288.5,238026
2024-07-19,273.5,273.5,285.5,272.5,283.5,255407
2024-07-22,267.5,267.5,277.0,262.0,277.0,300626
2024-07-23,270.5,270.5,273.5,267.5,273.0,163748
2024-07-26,259.5,259.5,263.0,253.0,258.5,208144
2024-07-29,254.5,254.5,264.0,250.0,259.5,277461
2024-07-30,258.0,258.0,261.0,249.5,254.0,252080
2024-07-31,252.5,252.5,261.0,252.5,259.0,73244
2024-08-01,262.0,262.0,266.5,256.0,256.0,198265
2024-08-02,243.5,243.5,255.0,243.0,255.0,172179
2024-08-05,219.5,219.5,228.0,219.5,228.0,69835
2024-08-06,211.0,211.0,226.0,198.0,214.5,541925
2024-08-07,232.0,232.0,232.0,211.0,211.0,231232
2024-08-08,227.0,227.0,234.0,222.5,232.0,208187
2024-08-09,230.0,230.0,237.0,228.5,230.0,230977
2024-08-12,233.0,233.0,241.5,231.5,234.0,261810
2024-08-13,232.0,232.0,235.0,228.0,235.0,133837
2024-08-14,234.0,234.0,237.5,232.0,234.5,158490
2024-08-15,231.5,231.5,237.0,230.0,234.0,83289
2024-08-16,240.0,240.0,243.0,233.5,238.0,230725
2024-08-19,234.0,234.0,241.0,233.0,241.0,73557
2024-08-20,236.0,236.0,246.0,236.0,239.5,122318
2024-08-21,234.5,234.5,237.0,232.0,236.0,50248
2024-08-22,231.0,231.0,237.0,231.0,237.0,56732
2024-08-23,230.5,230.5,231.5,225.0,228.5,34617
2024-08-26,235.0,235.0,240.0,235.0,236.5,130704
2024-08-27,231.5,231.5,234.5,228.5,234.5,81622
2024-08-28,237.0,237.0,246.0,237.0,241.5,393210
2024-08-29,230.0,230.0,234.0,225.5,234.0,175263
2024-08-30,253.0,253.0,253.0,231.5,231.5,434316
2024-09-02,237.0,237.0,274.5,235.0,266.5,1267410
2024-09-03,241.0,241.0,254.0,236.0,240.0,553344
2024-09-04,218.0,218.0,231.0,217.5,221.5,345193
2024-09-05,223.5,223.5,231.5,221.5,224.5,255381
2024-09-06,220.5,220.5,226.5,220.0,224.0,160046
2024-09-09,223.5,223.5,224.5,213.0,216.5,170054
2024-09-10,209.5,209.5,225.5,206.5,225.0,187243
2024-09-11,217.0,217.0,218.0,211.5,211.5,116383
2024-09-12,229.0,229.0,230.0,221.5,225.0,289350
2024-09-13,222.5,222.5,229.5,220.5,225.0,116159
2024-09-16,222.0,222.0,224.5,222.0,224.5,41996
2024-09-18,221.5,221.5,223.5,218.0,222.0,59171
2024-09-19,225.5,225.5,228.0,221.5,221.5,87775
2024-09-20,219.5,219.5,236.0,213.5,229.5,221988
2024-09-23,231.0,231.0,233.0,224.0,225.5,252948
2024-09-24,226.5,226.5,234.5,225.0,234.5,85217
2024-09-25,232.0,232.0,236.5,230.5,230.5,161633
2024-09-26,233.5,233.5,247.5,232.5,234.0,611060
2024-09-27,227.5,227.5,241.0,226.5,235.5,222312
2024-09-30,225.0,225.0,226.5,219.5,224.0,83001
2024-10-01,222.0,222.0,226.5,221.0,225.0,63926
2024-10-04,218.0,218.0,225.0,216.0,222.0,58939
2024-10-07,219.0,219.0,220.0,214.0,218.0,54801
2024-10-08,214.0,214.0,233.5,214.0,222.5,327564
2024-10-09,210.0,210.0,219.0,209.5,216.0,126209
2024-10-11,218.0,218.0,224.5,210.5,214.5,281018
2024-10-14,223.5,223.5,226.5,218.5,221.0,210821
2024-10-15,225.5,225.5,227.5,223.5,227.0,136255
2024-10-16,221.0,221.0,222.5,219.5,222.0,92223
2024-10-17,221.0,221.0,222.5,219.0,221.5,42042
2024-10-18,217.5,217.5,224.0,217.0,222.0,77645
2024-10-21,222.5,222.5,223.0,216.5,216.5,76489
2024-10-22,220.5,220.5,230.0,218.0,230.0,78968
2024-10-23,220.5,220.5,222.5,219.5,220.5,71322
2024-10-24,214.5,214.5,220.5,213.5,220.5,70963
2024-10-25,220.5,220.5,223.0,217.0,217.0,113683
2024-10-28,218.0,218.0,224.5,214.5,224.5,67531
2024-10-29,209.0,209.0,215.0,208.5,215.0,109144
2024-10-30,212.5,212.5,216.0,208.0,211.0,86773
2024-11-01,216.0,216.0,216.0,202.0,202.0,102463
2024-11-04,206.0,206.0,213.0,206.0,208.5,70180
2024-11-05,212.0,212.0,213.0,208.0,208.0,57623
2024-11-06,213.5,213.5,216.5,210.0,210.0,94360
2024-11-07,219.0,219.0,222.5,215.0,215.0,105746
2024-11-08,216.0,216.0,222.0,216.0,221.5,44171
2024-11-11,215.5,215.5,218.5,212.5,218.5,30521
2024-11-12,203.5,203.5,211.0,203.5,211.0,127468
2024-11-13,204.5,204.5,206.5,202.0,202.0,61737
2024-11-14,204.0,204.0,217.0,204.0,207.5,270877
2024-11-15,208.0,208.0,210.0,203.0,206.5,92663
2024-11-18,203.0,203.0,206.0,202.5,206.0,52702
2024-11-19,210.5,210.5,214.0,204.5,205.0,119325
2024-11-20,206.0,206.0,213.0,204.5,211.0,59985
2024-11-21,209.0,209.0,212.0,206.0,210.0,104327
2024-11-22,212.5,212.5,213.0,209.0,211.5,51475
2024-11-25,218.0,218.0,218.5,213.5,214.5,75116
2024-11-26,212.0,212.0,216.5,210.0,216.5,57957
2024-11-27,208.0,208.0,213.0,207.0,210.5,30333
2024-11-28,198.5,198.5,208.0,197.0,208.0,146041
2024-11-29,195.0,195.0,197.0,192.5,195.5,136551
2024-12-02,203.0,203.0,204.5,196.5,196.5,79630
2024-12-03,208.0,208.0,214.5,207.0,209.5,153217
2024-12-04,211.5,211.5,214.0,207.5,214.0,100420
2024-12-05,212.0,212.0,213.0,209.5,209.5,38316
2024-12-06,213.0,213.0,218.0,212.0,213.0,43468
2024-12-09,212.5,212.5,217.5,212.0,217.5,27653
2024-12-10,206.5,206.5,215.0,205.5,215.0,47252
2024-12-11,203.0,203.0,205.5,203.0,205.0,66664
2024-12-12,206.0,206.0,208.0,204.5,205.0,29141
2024-12-13,201.5,201.5,205.0,201.5,205.0,33545
2024-12-16,196.5,196.5,200.0,196.5,199.5,54621
2024-12-17,205.0,205.0,205.0,196.5,196.5,48468
2024-12-18,202.5,202.5,203.0,198.0,198.0,27910
2024-12-19,197.5,197.5,199.5,196.0,199.5,47280
2024-12-20,196.0,196.0,200.0,196.0,198.5,43996
2024-12-23,196.0,196.0,200.0,196.0,198.5,46466
2024-12-24,194.5,194.5,197.5,194.5,197.0,32518
2024-12-25,195.5,195.5,198.0,194.5,195.0,31095
2024-12-26,202.0,202.0,209.0,198.5,199.0,162736
2024-12-27,199.5,199.5,201.5,197.5,201.0,29402
2024-12-30,196.5,196.5,200.0,196.5,200.0,17261
2024-12-31,195.5,195.5,195.5,193.0,195.0,26361
2025-01-02,193.0,193.0,195.0,191.5,194.0,62506
2025-01-03,187.0,187.0,196.5,186.5,196.5,99729
2025-01-06,189.0,189.0,191.5,186.0,188.0,60752
2025-01-07,187.0,187.0,192.5,187.0,192.5,29930
2025-01-08,188.0,188.0,188.0,184.0,185.5,31919
2025-01-09,175.0,175.0,187.5,175.0,187.5,84680
2025-01-10,178.5,178.5,179.5,174.0,174.0,65903
2025-01-13,168.0,168.0,169.5,163.5,169.5,136622
2025-01-14,177.5,177.5,177.5,164.0,164.0,67486
2025-01-15,172.0,172.0,185.0,172.0,185.0,46492
2025-01-16,174.0,174.0,177.5,172.0,177.0,36321
2025-01-17,176.5,176.5,179.5,173.0,179.5,18461
2025-01-20,173.0,173.0,174.0,173.0,174.0,16256
2025-01-21,176.0,176.0,176.0,172.5,172.5,24154
2025-01-22,176.5,176.5,181.0,176.5,176.5,29098
2025-02-03,160.5,160.5,174.0,160.5,174.0,74645
2025-02-04,157.5,157.5,163.5,151.0,163.0,72699
2025-02-05,167.5,167.5,168.5,161.0,162.0,64769
2025-02-06,170.0,170.0,170.0,166.0,170.0,16604
2025-02-07,170.0,170.0,173.0,169.0,173.0,21450
2025-02-10,167.5,167.5,173.5,166.0,166.0,20270
2025-02-11,184.0,184.0,184.0,170.5,173.5,188490
2025-02-12,179.0,179.0,193.0,178.0,190.0,436864
2025-02-13,182.0,182.0,195.5,179.5,179.5,412460
2025-02-14,183.0,183.0,191.0,183.0,184.5,211484
2025-02-17,184.5,184.5,186.0,182.5,182.5,36945
2025-02-18,183.5,183.5,185.5,183.5,184.5,31502
2025-02-19,185.5,185.5,189.5,184.5,186.5,69362
2025-02-20,186.5,186.5,188.0,182.5,185.5,31599
2025-02-21,185.5,185.5,190.0,185.5,190.0,55937
2025-02-24,187.0,187.0,189.0,184.5,185.5,37948
2025-02-25,184.0,184.0,188.0,179.5,183.5,71500
2025-02-26,188.0,188.0,188.0,183.5,188.0,42300
2025-02-27,186.0,186.0,190.0,184.5,188.0,39375
2025-03-03,184.5,184.5,184.5,178.5,181.0,47699
2025-03-04,189.0,189.0,189.0,180.0,180.0,50851
2025-03-05,188.0,188.0,190.5,187.0,189.0,43778
2025-03-06,189.0,189.0,189.5,187.5,187.5,34825
2025-03-07,188.5,188.5,190.0,188.0,189.0,19432
2025-03-10,188.0,188.0,190.5,184.5,188.5,30556
2025-03-11,186.5,186.5,188.0,175.0,179.0,52311
2025-03-12,187.0,187.0,188.5,181.5,185.5,35141
2025-03-13,188.0,188.0,196.0,188.0,188.0,146255
2025-03-14,186.5,186.5,188.5,185.5,188.0,22938
2025-03-17,197.5,197.5,199.5,190.0,190.0,149448
2025-03-18,201.0,201.0,203.5,194.5,202.0,133292
2025-03-19,199.0,199.0,200.0,192.0,200.0,51516
2025-03-20,205.0,205.0,205.0,198.5,200.0,93546
2025-03-21,199.0,199.0,200.5,199.0,200.5,43388
2025-03-24,192.5,192.5,203.0,191.5,203.0,34029
2025-03-25,186.5,186.5,193.0,186.5,193.0,41877
2025-03-26,186.0,186.0,187.0,185.0,187.0,15420
2025-03-28,170.5,170.5,190.5,168.5,190.5,86049
2025-03-31,153.5,153.5,161.5,153.5,160.0,150220
2025-04-01,153.0,153.0,157.5,148.5,154.0,73518
2025-04-02,154.0,154.0,156.5,151.0,153.5,33150
2025-04-07,139.0,139.0,139.0,139.0,139.0,12579
2025-04-08,125.5,125.5,125.5,125.5,125.5,40275
2025-04-09,113.0,113.0,113.5,113.0,113.0,50323
2025-04-10,124.0,124.0,124.0,116.0,117.0,604484
2025-04-11,127.0,127.0,127.0,112.0,114.5,202228
2025-04-14,125.0,125.0,139.0,124.5,132.5,158509
2025-04-15,136.0,136.0,136.5,126.5,126.5,92277
2025-04-16,128.5,128.5,136.0,128.5,132.0,116279
2025-04-17,129.0,129.0,132.0,126.0,131.0,39032
2025-04-18,128.5,128.5,130.0,127.0,127.0,19289
2025-04-21,121.0,121.0,123.5,119.0,123.5,58718
2025-04-22,123.5,123.5,126.0,120.5,121.0,46507
2025-04-23,129.0,129.0,131.5,126.5,126.5,59267
2025-04-24,129.0,129.0,133.5,128.0,130.0,21154
2025-04-25,133.0,133.0,138.0,132.5,135.0,105977
2025-04-28,136.5,136.5,139.0,135.5,136.5,70499
2025-04-29,137.0,137.0,138.0,135.0,137.5,23610
2025-04-30,132.0,132.0,136.5,132.0,136.5,52837
2025-05-02,136.0,136.0,136.0,133.5,135.5,23707
2025-05-05,132.5,132.5,138.5,129.0,138.5,61677
2025-05-06,135.0,135.0,137.5,129.0,129.0,34237
2025-05-07,133.5,133.5,135.0,132.5,135.0,10094
2025-05-08,135.0,135.0,137.0,135.0,136.0,55353
2025-05-09,133.5,133.5,137.5,132.5,135.5,49291
2025-05-12,137.0,137.0,138.0,135.5,135.5,45430
2025-05-13,135.0,135.0,145.0,135.0,138.5,129598
2025-05-14,139.0,139.0,143.5,137.0,137.5,196707
2025-05-15,141.0,141.0,146.0,139.5,139.5,141993
2025-05-16,155.0,155.0,155.0,145.0,147.0,262382
2025-05-19,140.0,140.0,157.0,140.0,157.0,648119
2025-05-20,140.0,140.0,145.5,139.5,145.5,186200
2025-05-21,139.5,139.5,141.5,139.5,140.5,76277
2025-05-22,135.0,135.0,140.0,133.5,137.0,65444
2025-05-23,133.0,133.0,138.5,133.0,135.0,45873
2025-05-26,134.5,134.5,135.5,133.0,135.5,51238
2025-05-27,130.0,130.0,133.5,130.0,133.0,57025
2025-05-28,125.0,125.0,131.0,125.0,131.0,59143
2025-05-29,128.5,128.5,131.0,127.5,128.0,43942
2025-06-02,122.0,122.0,128.0,121.5,128.0,73713
2025-06-03,122.0,122.0,126.0,122.0,122.5,55327
2025-06-04,127.5,127.5,129.5,125.0,125.0,84218
2025-06-05,125.5,125.5,130.0,125.5,130.0,62569
2025-06-06,126.0,126.0,126.5,125.5,125.5,29529
2025-06-09,124.0,124.0,127.0,124.0,126.5,50650
2025-06-10,128.5,128.5,129.5,124.5,125.0,113479
2025-06-11,128.5,128.5,132.0,126.0,129.5,142395
2025-06-12,141.0,141.0,141.0,130.0,130.0,527389
2025-06-13,135.0,135.0,145.0,133.5,142.5,722777
2025-06-16,135.5,135.5,136.5,133.5,133.5,86449
2025-06-17,133.5,133.5,137.5,132.0,135.5,157471
2025-06-18,137.0,137.0,137.0,132.0,135.0,87999
2025-06-19,131.0,131.0,137.0,131.0,137.0,97966
2025-06-20,127.5,127.5,132.0,127.0,130.0,623380
2025-06-23,125.5,125.5,126.5,123.0,125.0,53064
2025-06-24,130.0,130.0,131.0,128.5,131.0,86958
2025-06-25,129.5,129.5,132.5,129.5,131.0,68990
2025-06-26,131.5,131.5,134.0,130.5,134.0,109490
2025-06-27,131.0,131.0,133.0,131.0,132.0,53655
2025-06-30,126.0,126.0,131.0,125.5,131.0,119505
2025-07-01,131.0,131.0,133.0,128.0,128.5,117936
2025-07-02,127.5,127.5,133.0,127.5,133.0,60592
2025-07-03,132.0,132.0,133.5,128.5,128.5,97016
2025-07-04,128.0,128.0,132.0,128.0,132.0,41104
2025-07-07,126.0,126.0,128.0,126.0,128.0,29512
2025-07-08,124.5,124.5,128.0,122.5,128.0,85594
2025-07-09,125.5,125.5,127.5,125.5,127.0,37431
2025-07-10,130.5,130.5,132.0,126.0,126.0,114132
2025-07-11,130.5,130.5,131.0,128.0,130.0,33299
2025-07-14,127.0,127.0,131.0,127.0,131.0,31830
2025-07-15,129.5,129.5,131.5,125.0,125.0,84540
2025-07-16,132.5,132.5,138.0,132.0,132.0,181130
2025-07-17,134.5,134.5,141.5,133.5,133.5,338150
2025-07-18,133.0,133.0,136.5,133.0,135.5,87791
2025-07-21,135.0,135.0,137.0,133.5,134.0,144046
2025-07-22,128.5,128.5,135.0,127.5,134.5,139650
2025-07-23,130.5,130.5,132.5,129.5,130.0,89615
2025-07-24,129.5,129.5,130.5,128.5,130.5,49494
2025-07-25,128.5,128.5,130.0,128.0,130.0,42403
2025-07-28,128.5,128.5,129.5,126.5,129.5,45447
2025-07-29,126.0,126.0,129.0,125.0,127.5,96471
2025-07-30,125.5,125.5,128.0,125.5,126.5,64507
2025-07-31,124.5,124.5,127.5,124.5,125.0,77291
2025-08-01,124.0,124.0,127.5,120.5,124.0,110624
2025-08-04,125.5,125.5,126.5,121.5,122.5,104350
2025-08-05,129.0,129.0,131.5,126.5,126.5,119148
2025-08-06,129.5,129.5,130.0,128.0,128.5,52734
2025-08-07,130.0,130.0,131.5,128.5,129.5,103208
2025-08-08,129.0,129.0,136.5,129.0,136.0,292198
2025-08-11,130.5,130.5,132.0,128.0,129.0,63133
2025-08-12,130.0,130.0,133.5,128.0,133.5,77642
2025-08-13,143.0,143.0,143.0,132.0,132.0,488037
2025-08-14,152.0,152.0,156.5,146.0,150.0,2089767
2025-08-15,143.5,143.5,151.0,143.5,151.0,816105
2025-08-18,148.5,148.5,153.5,143.0,145.5,593739
2025-08-19,144.0,144.0,152.5,144.0,150.0,417217
2025-08-20,136.0,136.0,144.0,136.0,144.0,347036
2025-08-21,145.5,145.5,146.5,137.5,137.5,252433
2025-08-22,141.5,141.5,145.5,140.0,145.5,164404
2025-08-25,144.0,144.0,148.0,144.0,147.5,132128
2025-08-26,144.5,144.5,144.5,140.0,143.0,84799
2025-08-27,148.0,148.0,149.0,144.5,144.5,231116
2025-08-28,144.0,144.0,150.5,142.5,150.0,258357
2025-08-29,146.0,146.0,146.0,142.0,144.5,118092
2025-09-01,142.0,142.0,151.0,141.0,146.0,395861
2025-09-02,142.0,142.0,145.5,139.5,144.0,131662
2025-09-03,137.5,137.5,141.5,137.0,141.0,179265
2025-09-04,138.5,138.5,141.0,137.5,140.0,103306
2025-09-05,136.5,136.5,138.5,133.5,138.5,280658
2025-09-08,138.5,138.5,139.5,136.5,137.0,177254
2025-09-09,138.5,138.5,141.0,136.5,139.0,144864
2025-09-10,140.5,140.5,141.0,138.0,138.5,122193
2025-09-11,141.5,141.5,148.5,139.5,143.5,525440
2025-09-12,141.0,141.0,145.0,141.0,142.5,215885
2025-09-15,142.0,142.0,147.5,142.0,143.0,360995
2025-09-16,140.0,140.0,142.5,139.5,142.5,145277
2025-09-17,140.0,140.0,142.0,139.5,140.0,76196
2025-09-18,146.0,146.0,149.0,141.5,141.5,401093
2025-09-19,147.0,147.0,147.5,142.0,147.5,430999
2025-09-22,161.5,161.5,161.5,147.0,147.0,1323523
2025-09-23,157.5,157.5,164.5,155.0,164.0,1011464
2025-09-24,154.5,154.5,156.0,149.5,156.0,380031
2025-09-25,151.0,151.0,155.0,148.0,152.0,234555
2025-09-26,149.5,149.5,152.0,145.0,152.0,291284
2025-09-30,147.5,147.5,151.0,145.5,151.0,135121
2025-10-01,147.0,147.0,148.0,145.0,148.0,92920
2025-10-02,147.5,147.5,153.5,147.5,149.0,250887
2025-10-03,147.5,147.5,149.0,144.5,149.0,85724
2025-10-07,149.5,149.5,151.5,146.5,146.5,109820
2025-10-08,150.0,150.0,151.0,147.0,150.0,128478
2025-10-09,145.5,145.5,152.0,145.0,152.0,142990
2025-10-13,136.5,136.5,139.0,135.5,137.5,251336
2025-10-14,133.5,133.5,140.5,133.5,138.0,193642
2025-10-15,135.5,135.5,135.5,133.0,135.5,104737
2025-10-16,137.0,137.0,139.0,135.5,136.5,134725
2025-10-17,133.0,133.0,136.0,132.5,135.0,104199
2025-10-20,136.5,136.5,138.0,135.0,138.0,108961
2025-10-21,136.0,136.0,139.0,135.5,136.5,85046
2025-10-22,137.0,137.0,138.5,136.0,136.0,67013
2025-10-23,135.5,135.5,140.5,135.5,140.5,76949
2025-10-27,139.0,139.0,140.5,135.0,138.5,166355
2025-10-28,142.0,142.0,143.0,138.0,141.0,110915
2025-10-29,139.0,139.0,144.0,139.0,144.0,83288
2025-10-30,137.5,137.5,142.0,137.5,139.5,110816
2025-10-31,136.5,136.5,140.0,135.0,140.0,83592
2025-11-03,143.0,143.0,144.5,137.5,137.5,177886
2025-11-04,141.0,141.0,147.5,141.0,145.0,209280
2025-11-05,136.0,136.0,138.0,135.5,136.5,100515
2025-11-06,136.0,136.0,138.5,134.5,138.5,139488
2025-11-07,135.0,135.0,136.0,133.5,135.5,77138
2025-11-10,126.5,126.5,133.0,121.5,131.0,365277
2025-11-11,125.5,125.5,126.5,124.5,125.0,100773
2025-11-12,121.5,121.5,125.0,120.5,125.0,136829
2025-11-13,120.0,120.0,124.0,120.0,124.0,123505
2025-11-14,115.5,115.5,120.0,115.5,120.0,147356
2025-11-17,116.0,116.0,117.0,113.0,113.0,78983
2025-11-18,111.0,111.0,116.0,111.0,113.5,103697
2025-11-19,107.5,107.5,111.5,105.5,108.5,114067
2025-11-20,112.0,112.0,118.0,110.5,117.0,136507
2025-11-21,108.0,108.0,110.0,107.0,108.5,83010
2025-11-24,108.0,108.0,108.5,107.5,108.0,37944
2025-11-25,108.5,108.5,109.5,107.5,108.5,63541
2025-11-26,112.0,112.0,113.5,109.0,109.0,91920
2025-11-27,113.0,113.0,113.5,111.0,113.0,59228
2025-11-28,116.5,116.5,116.5,113.0,114.0,64678
2025-12-01,114.0,114.0,116.0,114.0,116.0,48381
2025-12-02,113.0,113.0,116.5,113.0,115.5,34239
2025-12-03,114.5,114.5,116.5,114.0,114.0,36587
2025-12-04,118.0,118.0,118.0,116.0,116.0,44554
2025-12-05,116.0,116.0,121.5,116.0,118.5,91817
2025-12-08,116.5,116.5,117.0,115.0,116.0,35885
2025-12-09,117.5,117.5,118.5,116.5,117.0,46811
2025-12-10,116.0,116.0,117.5,115.5,115.5,24666
2025-12-11,118.0,118.0,121.0,117.0,117.0,85664
2025-12-12,116.5,116.5,121.5,116.0,121.5,47595
2025-12-15,115.0,115.0,117.5,115.0,116.5,35794
2025-12-16,113.5,113.5,114.0,111.5,113.5,45730
2025-12-17,113.5,113.5,115.0,111.5,113.5,45854
2025-12-18,112.0,112.0,113.0,111.0,113.0,33413
2025-12-19,117.5,117.5,117.5,112.5,112.5,62250
2025-12-22,121.0,121.0,121.0,118.5,120.0,56281
2025-12-23,118.5,118.5,121.0,118.0,121.0,38986
2025-12-24,118.0,118.0,118.5,117.5,118.5,12379
2025-12-26,117.5,117.5,118.5,117.0,117.5,19081
2025-12-29,116.0,116.0,118.0,116.0,117.5,31343
2025-12-30,117.0,117.0,117.5,115.0,116.0,35624
2025-12-31,115.0,115.0,117.0,115.0,117.0,31655
2026-01-02,116.5,116.5,118.0,115.0,115.0,55067
2026-01-05,114.5,114.5,118.0,114.0,118.0,55575
2026-01-06,116.0,116.0,116.5,114.0,114.5,16112
2026-01-07,114.0,114.0,116.0,113.0,116.0,61015
2026-01-08,112.0,112.0,115.0,112.0,114.0,43571
2026-01-09,112.5,112.5,112.5,109.0,112.0,56660
2026-01-12,118.0,118.0,120.0,115.0,115.0,136164
2026-01-13,116.5,116.5,120.0,115.5,120.0,51828
2026-01-14,123.0,123.0,123.0,119.0,119.0,182195
2026-01-15,120.0,120.0,122.0,118.5,122.0,63382
2026-01-16,119.5,119.5,121.0,119.5,121.0,56230
2026-01-19,122.5,122.5,128.0,120.0,120.0,178594
2026-01-20,121.0,121.0,124.0,120.0,120.5,80462
2026-01-21,120.0,120.0,122.0,119.5,120.5,53944
2026-01-22,121.0,121.0,122.0,120.5,121.5,39867
2026-01-23,123.5,123.5,126.0,122.5,122.5,150480
2026-01-26,121.5,121.5,125.5,121.5,123.5,75464
2026-01-27,123.5,123.5,124.0,121.5,122.5,56561
2026-01-28,124.5,124.5,127.0,123.5,123.5,102133
2026-01-29,122.0,122.0,126.0,120.5,126.0,50113
2026-01-30,121.0,121.0,122.0,119.0,122.0,36477
2026-02-02,115.0,115.0,121.0,112.0,121.0,98935
2026-02-03,115.5,115.5,118.5,115.5,117.0,58051
2026-02-04,126.5,126.5,127.0,118.0,118.0,386216
2026-02-05,126.0,126.0,136.0,125.0,131.0,634303
2026-02-06,120.5,120.5,125.0,119.5,124.0,149540
2026-02-09,124.5,124.5,127.5,122.5,127.0,93291
2026-02-10,120.0,120.0,123.5,119.0,123.5,114196
2026-02-11,119.5,119.5,121.0,117.5,121.0,77963
2026-02-23,124.5,124.5,127.5,122.5,122.5,130423
2026-02-24,130.0,130.0,130.0,126.0,126.0,131947
2026-02-25,143.0,143.0,143.0,133.0,133.5,437037
2026-02-26,157.0,157.0,157.0,149.0,150.0,1065437
2026-03-02,167.0,167.0,172.5,152.0,152.0,1524204
2026-03-03,173.0,173.0,183.5,166.5,169.0,1833814
2026-03-04,161.0,161.0,182.5,160.5,170.0,1845115
2026-03-05,177.0,177.0,177.0,170.5,170.5,363778
2026-03-06,182.5,182.5,190.5,178.0,187.0,1655803
2026-03-09,172.0,172.0,176.0,166.0,166.0,255609
2026-03-10,169.0,169.0,188.0,169.0,188.0,209135
2026-03-11,172.0,172.0,175.0,169.5,175.0,149055
2026-03-12,168.0,168.0,172.0,166.0,172.0,174890
2026-03-13,171.0,171.0,173.0,167.5,168.0,79885
2026-03-16,172.5,172.5,178.5,172.0,173.0,92234
2026-03-17,170.0,170.0,173.5,167.0,173.5,129350
2026-03-18,173.0,173.0,173.0,169.5,169.5,108487
2026-03-19,180.0,180.0,186.0,173.5,174.0,229653
2026-03-20,176.0,176.0,185.0,175.0,182.0,205848
2026-03-23,165.0,165.0,176.0,161.5,161.5,370534
2026-03-24,150.0,150.0,170.0,149.5,170.0,438537
2026-03-25,155.5,155.5,156.5,150.0,150.0,187436
2026-03-26,156.0,156.0,163.5,153.5,160.5,154234
2026-03-27,152.5,152.5,155.0,149.5,155.0,118326
2026-03-30,147.5,147.5,150.0,144.0,145.0,163358
2026-03-31,138.5,138.5,146.5,137.0,144.5,189152
2026-04-01,144.0,144.0,145.5,143.5,144.0,85916
2026-04-02,142.0,142.0,147.5,142.0,145.5,61643
2026-04-07,141.0,141.0,146.0,141.0,142.5,62566
2026-04-08,146.0,146.0,149.0,144.5,146.0,129164
2026-04-09,144.5,144.5,146.0,142.0,146.0,133846
2026-04-10,144.5,144.5,147.5,143.5,145.0,105262
2026-04-13,147.5,147.5,147.5,141.5,142.5,178232
2026-04-14,151.5,151.5,153.5,148.5,148.5,161964
2026-04-15,161.0,161.0,163.0,153.0,153.5,233119
2026-04-16,155.0,155.0,164.5,154.5,164.5,173752
2026-04-17,161.0,161.0,165.0,156.0,157.5,221992
2026-04-20,160.5,160.5,167.5,160.5,166.0,153130
2026-04-21,163.0,163.0,165.0,156.0,165.0,157130
2026-04-22,166.5,166.5,173.0,161.5,163.0,297785
2026-04-23,153.0,153.0,167.5,150.5,166.5,274696
2026-04-24,168.0,168.0,168.0,157.0,158.0,484917
2026-04-27,162.5,162.5,180.0,162.0,173.0,653083
2026-04-28,161.0,161.0,165.5,158.5,163.0,176833
2026-04-29,161.0,161.0,167.5,158.0,163.0,176030
2026-04-30,159.0,159.0,161.0,157.0,161.0,133851
2026-05-04,155.5,155.5,161.0,155.5,161.0,128839
2026-05-05,157.5,157.5,158.5,153.5,156.0,115660
2026-05-06,157.5,157.5,160.5,154.5,159.5,118525
2026-05-07,155.0,155.0,159.0,152.5,159.0,198115
2026-05-08,156.5,156.5,163.5,155.0,157.0,229431
2026-05-11,154.0,154.0,161.0,151.0,161.0,161354
2026-05-12,150.0,150.0,154.0,149.5,154.0,135661
2026-05-13,145.0,145.0,149.0,141.0,146.0,142849
2026-05-14,139.0,139.0,147.0,139.0,145.0,224490
2026-05-15,137.0,137.0,144.0,137.0,140.5,149531
2026-05-18,129.0,129.0,133.5,128.0,133.5,151046
2026-05-19,129.0,129.0,132.0,126.5,126.5,115258
2026-05-20,127.0,127.0,132.5,127.0,132.5,88705
2026-05-21,134.0,134.0,134.5,130.5,131.5,87512
2026-05-22,138.5,138.5,139.0,134.5,135.0,96022
2026-05-25,141.5,141.5,143.0,139.0,139.0,148369
2026-05-26,142.5,142.5,146.0,139.5,141.5,196247
2026-05-27,137.0,137.0,145.5,136.5,145.5,146160
2026-05-28,134.0,134.0,139.0,132.0,137.0,125389
2026-05-29,135.5,135.5,136.0,134.0,134.0,74455
2026-06-01,141.5,141.5,144.5,137.5,140.5,186664
2026-06-02,142.0,142.0,147.0,138.5,147.0,162702
2026-06-03,143.0,143.0,148.0,143.0,143.0,178076
2026-06-04,142.5,142.5,147.0,140.5,143.5,99844
2026-06-05,139.0,139.0,142.5,137.0,142.5,60762
2026-06-08,134.0,134.0,134.0,125.5,125.5,175999
2026-06-09,137.0,137.0,137.0,129.5,129.5,80638
2026-06-10,132.5,132.5,136.5,131.0,133.0,109779
2026-06-11,131.5,131.5,131.5,127.0,130.5,101303
2026-06-12,133.0,133.0,135.0,131.0,131.5,44806
2026-06-15,137.5,137.5,138.5,134.5,138.0,77848
2026-06-16,133.5,133.5,140.0,132.0,140.0,78188
2026-06-17,135.0,135.0,135.0,132.0,133.5,29260
2026-06-18,132.5,132.5,136.0,131.5,135.0,91127
2026-06-22,135.0,135.0,135.5,132.5,132.5,65108
2026-06-23,133.0,133.0,138.0,131.0,138.0,76365
2026-06-24,131.0,131.0,134.0,130.0,134.0,45145
2026-06-25,129.0,129.0,133.5,128.5,131.0,78343
2026-06-26,122.0,122.0,127.5,122.0,127.5,112216
2026-06-29,121.0,121.0,125.0,121.0,123.0,40550
2026-06-30,124.0,124.0,126.0,123.0,126.0,45921
2026-07-01,125.0,125.0,127.0,124.5,125.0,32778
2026-07-02,125.0,125.0,126.5,121.0,122.5,65773
2026-07-03,127.5,127.5,128.0,124.5,125.5,41334
2026-07-06,126.5,126.5,128.0,124.5,127.0,54646
2026-07-07,122.5,122.5,129.5,122.5,128.5,55764
2026-07-08,121.5,121.5,123.0,121.0,123.0,42670
2026-07-09,124.0,124.0,124.5,122.0,124.5,27420
2026-07-13,120.0,120.0,124.0,118.5,124.0,80415
2026-07-14,117.0,117.0,122.0,112.5,122.0,85186
2026-07-15,121.0,121.0,121.5,118.5,121.5,65395
2026-07-16,118.0,118.0,121.5,118.0,121.5,44702
2026-07-17,113.0,113.0,118.0,111.5,118.0,65826
2026-07-20,110.0,110.0,117.0,108.0,117.0,72493
2026-07-21,116.0,116.0,116.0,110.0,110.5,36218
2026-07-22,114.5,114.5,119.0,114.5,119.0,24436
2026-07-23,116.0,116.0,124.5,116.0,118.0,168283
2026-07-24,114.5,114.5,116.0,112.0,114.5,44327
2026-07-27,114.5,114.5,116.5,113.0,116.5,26498
2026-07-28,115.0,115.0,115.0,111.0,114.0,79021
2026-07-29,112.0,112.0,117.0,106.5,117.0,103373
2026-07-30,105.5,105.5,108.0,101.0,101.0,216717
2026-07-31,109.5,109.5,111.0,108.0,110.0,41132
2026-08-03,109.5,109.5,111.5,109.0,109.5,44199
2026-08-04,107.5,107.5,108.0,106.0,107.5,57955
2026-08-05,108.0,108.0,110.5,108.0,108.0,42101
2026-08-06,111.0,111.0,113.0,106.5,106.5,78502
2026-08-07,109.0,109.0,115.0,108.5,114.5,71181
2026-08-10,110.0,110.0,113.0,110.0,110.0,40707
2026-08-11,109.5,109.5,109.5,107.5,109.5,30151
2026-08-12,108.5,108.5,109.5,107.0,108.5,54908
2026-08-13,112.5,112.5,119.0,112.5,114.0,215931
2026-08-14,109.0,109.0,112.0,109.0,112.0,75476
2026-08-17,112.0,112.0,115.0,111.0,115.0,41560
2026-08-18,108.0,108.0,111.5,108.0,111.5,21793
2026-08-19,106.0,106.0,109.5,106.0,107.5,46958
2026-08-20,107.0,107.0,107.5,104.5,106.5,40411
2026-08-21,107.5,107.5,107.5,106.0,107.0,22514
2026-08-24,107.0,107.0,107.0,105.5,105.5,9447
2026-08-25,106.5,106.5,108.0,105.5,105.5,17789
2026-08-26,109.0,109.0,110.0,108.5,108.5,35046
2026-08-27,110.0,110.0,112.5,108.5,108.5,53744
2026-08-28,109.5,109.5,110.5,108.5,110.0,16224
2026-08-31,108.0,108.0,108.5,106.0,108.0,44765
