Date,Adj Close,Close,High,Low,Open,Volume
2021-04-22,79.9,79.9,95.0,79.2,92.1,8296624
2021-04-23,74.3,74.3,76.8,72.1,76.8,2135013
2021-04-26,76.9,76.9,78.0,75.0,75.0,1162830
2021-04-27,75.8,75.8,77.5,75.8,77.1,594058
2021-04-28,74.6,74.6,75.3,73.7,75.3,882254
2021-04-29,74.4,74.4,75.2,73.5,74.6,358634
2021-05-03,70.0,70.0,74.0,69.5,74.0,1010593
2021-05-04,70.0,70.0,71.2,68.5,70.4,650872
2021-05-05,74.1,74.1,75.1,69.6,70.0,580033
2021-05-06,74.1,74.1,74.8,73.1,73.8,343160
2021-05-07,73.3,73.3,74.0,73.0,74.0,275562
2021-05-10,73.0,73.0,73.3,71.3,73.3,229083
2021-05-11,69.7,69.7,72.9,69.5,72.9,292294
2021-05-12,71.1,71.1,73.7,68.8,73.0,1054434
2021-05-13,69.8,69.8,71.0,68.5,70.3,229330
2021-05-14,70.0,70.0,70.7,69.5,69.9,247254
2021-05-17,63.0,63.0,68.0,63.0,67.1,1062773
2021-05-18,65.3,65.3,65.5,63.0,63.0,315506
2021-05-19,64.8,64.8,65.0,63.3,65.0,284002
2021-05-20,64.0,64.0,64.5,63.3,64.5,335049
2021-05-21,65.3,65.3,65.4,64.4,64.5,314102
2021-05-24,67.0,67.0,67.7,64.5,64.7,228055
2021-05-25,73.7,73.7,73.7,67.0,67.0,1362173
2021-05-26,73.0,73.0,73.9,72.0,73.4,364389
2021-05-27,74.4,74.4,75.4,72.6,73.8,391741
2021-05-28,74.6,74.6,76.8,73.7,74.4,391677
2021-05-31,75.1,75.1,76.5,74.3,74.8,478531
2021-06-01,74.9,74.9,75.7,74.3,75.1,167152
2021-06-02,72.5,72.5,74.9,72.1,74.9,396525
2021-06-03,72.5,72.5,73.6,72.4,72.4,95030
2021-06-04,72.9,72.9,73.0,72.1,72.5,105429
2021-06-07,72.1,72.1,72.9,71.5,72.9,114295
2021-06-08,72.3,72.3,72.4,71.7,72.4,41394
2021-06-09,71.4,71.4,72.0,71.4,71.8,99426
2021-06-10,71.2,71.2,72.0,71.2,72.0,50161
2021-06-11,71.0,71.0,71.6,70.5,71.5,65410
2021-06-15,70.5,70.5,71.0,70.0,71.0,87055
2021-06-16,70.5,70.5,71.0,70.0,70.2,45196
2021-06-17,73.0,73.0,73.5,70.0,70.1,166200
2021-06-18,71.8,71.8,72.6,71.4,72.6,172311
2021-06-21,71.6,71.6,71.8,70.3,71.5,460240
2021-06-22,71.6,71.6,72.0,71.4,71.9,31473
2021-06-23,71.7,71.7,71.8,71.4,71.6,38400
2021-06-24,71.2,71.2,71.8,71.1,71.7,103675
2021-06-25,72.5,72.5,72.7,71.7,72.0,210300
2021-06-28,74.9,74.9,74.9,73.1,73.1,657806
2021-06-29,74.5,74.5,75.0,74.0,74.9,276077
2021-06-30,76.0,76.0,77.5,74.6,74.8,684026
2021-07-01,75.5,75.5,77.5,73.1,76.1,574757
2021-07-02,75.5,75.5,76.6,75.1,76.0,314625
2021-07-05,75.2,75.2,76.0,74.8,76.0,273108
2021-07-06,74.3,74.3,75.2,74.3,75.2,155553
2021-07-07,74.0,74.0,74.7,73.8,74.3,184247
2021-07-08,73.1,73.1,74.1,72.9,74.1,262128
2021-07-09,71.7,71.7,73.0,71.5,73.0,397823
2021-07-12,72.1,72.1,72.4,71.4,71.6,339000
2021-07-13,73.8,73.8,74.6,72.2,72.2,443200
2021-07-14,73.9,73.9,74.3,73.6,73.8,251465
2021-07-15,75.2,75.2,76.0,74.2,74.2,384725
2021-07-16,74.8,74.8,75.3,74.2,75.2,247227
2021-07-19,73.9,73.9,74.5,73.4,74.0,191104
2021-07-20,74.7,74.7,74.9,72.9,72.9,222100
2021-07-21,75.5,75.5,76.4,74.3,74.3,503140
2021-07-22,74.0,74.0,75.8,74.0,75.8,178068
2021-07-23,72.9,72.9,74.3,72.8,74.3,207000
2021-07-26,73.1,73.1,73.5,73.0,73.2,103000
2021-07-27,72.6,72.6,73.1,72.0,72.9,126432
2021-07-28,71.8,71.8,72.5,71.0,72.5,168204
2021-07-29,72.1,72.1,72.1,71.6,71.6,68020
2021-07-30,72.0,72.0,72.2,71.8,71.8,75001
2021-08-02,72.7,72.7,72.7,71.9,72.0,60000
2021-08-03,72.6,72.6,73.0,72.3,72.3,96067
2021-08-04,71.8,71.8,72.8,71.8,72.6,85000
2021-08-05,71.7,71.7,72.1,71.6,72.1,33050
2021-08-06,71.6,71.6,71.7,70.5,71.7,225000
2021-08-09,70.4,70.4,71.2,70.4,71.2,94002
2021-08-10,69.7,69.7,71.0,69.5,71.0,315001
2021-08-11,69.8,69.8,70.9,69.5,69.7,343115
2021-08-12,70.5,70.5,70.5,69.6,70.1,39000
2021-08-13,70.0,70.0,70.8,69.8,69.8,172332
2021-08-16,68.0,68.0,69.8,67.7,69.8,145383
2021-08-17,64.2,64.2,66.1,64.2,66.1,96204
2021-08-18,65.0,65.0,65.2,63.4,64.5,67000
2021-08-19,63.2,63.2,64.7,62.7,64.7,91001
2021-08-20,63.1,63.1,63.2,62.6,63.2,41000
2021-08-23,64.0,64.0,65.0,63.0,63.1,67000
2021-08-24,64.5,64.5,66.1,64.3,64.3,21000
2021-08-25,66.6,66.6,66.9,65.5,65.5,181176
2021-08-26,66.1,66.1,66.5,66.0,66.4,33080
2021-08-27,65.8,65.8,66.0,65.8,65.8,33170
2021-08-30,68.1,68.1,68.1,65.9,66.0,133180
2021-08-31,68.0,68.0,68.1,67.2,67.7,54000
2021-09-01,69.1,69.1,69.1,67.8,68.0,144111
2021-09-02,67.9,67.9,68.9,67.9,68.9,77000
2021-09-03,68.4,68.4,69.1,68.2,68.2,65050
2021-09-06,68.2,68.2,68.5,67.3,68.4,88020
2021-09-07,66.8,66.8,68.4,66.1,68.4,79046
2021-09-08,66.4,66.4,67.0,66.4,66.8,38154
2021-09-09,67.4,67.4,68.0,66.4,66.4,44050
2021-09-10,67.9,67.9,67.9,67.2,67.3,34200
2021-09-13,68.2,68.2,68.3,67.7,67.7,22000
2021-09-14,68.6,68.6,69.2,68.4,68.5,84000
2021-09-15,69.7,69.7,69.9,68.7,69.0,117207
2021-09-16,69.2,69.2,69.6,68.1,69.6,59000
2021-09-17,69.6,69.6,69.6,68.3,68.3,42100
2021-09-22,68.8,68.8,69.0,68.3,68.5,57021
2021-09-23,68.9,68.9,69.0,68.5,68.7,133000
2021-09-24,69.4,69.4,69.6,69.0,69.2,88000
2021-09-27,70.0,70.0,70.0,69.3,69.7,72100
2021-09-28,70.5,70.5,70.9,70.2,70.2,136000
2021-09-29,69.6,69.6,70.7,69.6,70.5,126015
2021-09-30,70.0,70.0,70.0,69.3,69.3,30100
2021-10-01,69.5,69.5,70.0,69.1,69.6,78045
2021-10-04,69.4,69.4,70.0,69.0,70.0,164000
2021-10-05,69.8,69.8,69.9,68.9,69.4,66000
2021-10-06,70.0,70.0,70.4,69.9,70.3,197560
2021-10-07,70.3,70.3,70.6,70.1,70.1,104100
2021-10-08,70.0,70.0,70.6,70.0,70.5,106000
2021-10-12,70.2,70.2,70.4,69.5,70.0,67000
2021-10-13,69.5,69.5,70.4,69.1,70.2,30104
2021-10-14,69.9,69.9,70.1,69.2,69.5,52121
2021-10-15,70.2,70.2,70.5,69.8,70.5,52079
2021-10-18,70.2,70.2,70.2,69.7,69.7,29000
2021-10-19,72.9,72.9,73.5,70.4,70.5,206209
2021-10-20,74.2,74.2,74.5,73.0,73.0,158073
2021-10-21,74.0,74.0,74.6,73.8,74.2,158109
2021-10-22,73.9,73.9,74.0,73.3,73.8,124141
2021-10-25,73.9,73.9,74.0,73.6,73.9,45070
2021-10-26,73.8,73.8,74.0,73.6,73.6,204710
2021-10-27,73.1,73.1,73.8,72.2,73.8,89140
2021-10-28,72.8,72.8,73.8,72.8,73.1,49240
2021-10-29,73.2,73.2,74.0,72.4,72.8,169094
2021-11-01,73.9,73.9,74.2,73.5,74.0,125120
2021-11-02,74.4,74.4,75.5,74.1,74.5,281078
2021-11-03,74.5,74.5,74.8,73.5,74.4,262150
2021-11-04,74.3,74.3,74.9,74.3,74.7,253022
2021-11-05,73.6,73.6,74.3,73.5,74.3,71000
2021-11-08,73.7,73.7,73.9,73.0,73.9,43002
2021-11-09,73.6,73.6,73.6,73.1,73.6,31007
2021-11-10,73.4,73.4,73.6,73.1,73.6,109000
2021-11-11,74.0,74.0,74.8,72.9,73.3,701066
2021-11-12,73.0,73.0,74.1,73.0,74.0,125000
2021-11-15,71.0,71.0,73.4,70.6,73.4,289740
2021-11-16,70.1,70.1,71.3,70.1,70.3,166000
2021-11-17,71.2,71.2,71.7,70.2,70.7,92072
2021-11-18,70.5,70.5,71.6,70.3,71.1,157164
2021-11-19,69.5,69.5,70.7,68.6,70.5,247021
2021-11-22,69.2,69.2,69.7,69.1,69.3,48006
2021-11-23,69.0,69.0,69.5,68.8,68.9,90022
2021-11-24,68.9,68.9,69.0,68.5,69.0,56028
2021-11-25,69.8,69.8,69.9,69.5,69.5,18000
2021-11-26,68.6,68.6,70.0,68.6,69.8,93005
2021-11-29,68.4,68.4,68.8,68.0,68.6,45000
2021-11-30,65.5,65.5,69.0,65.5,68.7,294016
2021-12-01,66.4,66.4,66.7,65.5,66.3,155022
2021-12-02,65.5,65.5,66.4,64.3,66.3,271398
2021-12-03,65.3,65.3,65.9,65.0,65.4,167700
2021-12-06,65.6,65.6,66.2,65.0,66.2,106000
2021-12-07,65.1,65.1,65.4,65.1,65.3,259000
2021-12-08,66.8,66.8,67.8,65.1,65.3,466200
2021-12-09,66.7,66.7,68.1,66.7,67.2,197563
2021-12-10,66.5,66.5,66.7,66.0,66.6,118000
2021-12-13,66.4,66.4,66.9,66.4,66.6,51262
2021-12-14,65.6,65.6,66.4,65.4,66.4,112000
2021-12-15,65.8,65.8,66.5,65.7,65.7,69200
2021-12-16,66.1,66.1,66.6,66.1,66.3,29700
2021-12-17,66.5,66.5,66.8,66.2,66.5,48010
2021-12-20,66.3,66.3,66.7,66.1,66.1,67000
2021-12-21,67.1,67.1,67.3,66.5,66.5,41000
2021-12-22,66.9,66.9,67.1,66.6,67.1,60206
2021-12-23,66.7,66.7,66.7,66.5,66.5,30000
2021-12-24,66.5,66.5,67.0,66.5,66.6,42000
2021-12-27,66.9,66.9,67.1,66.4,66.5,38005
2021-12-28,66.9,66.9,67.0,66.8,67.0,35004
2021-12-29,66.7,66.7,67.1,66.6,67.0,54247
2021-12-30,67.6,67.6,68.8,66.3,67.2,400000
2022-01-03,68.1,68.1,68.5,67.7,68.5,159250
2022-01-04,68.2,68.2,68.5,67.7,68.1,48000
2022-01-05,70.2,70.2,70.8,68.2,68.2,232015
2022-01-06,70.8,70.8,71.0,70.2,70.6,157125
2022-01-07,69.8,69.8,70.5,69.0,70.5,101011
2022-01-10,69.9,69.9,70.3,69.1,70.0,102043
2022-01-11,68.9,68.9,70.5,68.9,69.9,154512
2022-01-12,69.3,69.3,69.8,68.5,68.8,71301
2022-01-13,70.0,70.0,70.3,69.4,69.5,50377
2022-01-14,69.5,69.5,70.0,68.8,69.6,83010
2022-01-17,68.9,68.9,69.8,68.9,69.6,64000
2022-01-18,69.5,69.5,70.0,69.0,69.0,97010
2022-01-19,69.3,69.3,69.7,68.6,69.5,58000
2022-01-20,69.8,69.8,69.8,69.2,69.3,56000
2022-01-21,69.2,69.2,71.2,69.1,69.7,97000
2022-01-24,68.9,68.9,69.2,68.3,68.5,74000
2022-01-25,68.5,68.5,68.7,68.1,68.1,60000
2022-01-26,68.1,68.1,68.8,68.0,68.8,53000
2022-02-07,69.3,69.3,69.3,68.0,68.1,34056
2022-02-08,69.9,69.9,70.0,69.0,69.1,114056
2022-02-09,70.3,70.3,70.3,69.6,69.9,129541
2022-02-10,70.2,70.2,70.6,70.1,70.5,40000
2022-02-11,69.9,69.9,70.6,69.9,70.0,97257
2022-02-14,69.6,69.6,70.0,69.0,69.0,80001
2022-02-15,69.5,69.5,69.6,69.0,69.6,46000
2022-02-16,70.5,70.5,70.5,69.5,69.5,56020
2022-02-17,70.3,70.3,71.0,69.8,70.5,56000
2022-02-18,70.5,70.5,70.8,69.9,70.3,49200
2022-02-21,70.4,70.4,70.6,70.3,70.5,99000
2022-02-22,69.4,69.4,70.3,69.2,70.0,109000
2022-02-23,70.0,70.0,70.7,69.7,69.7,47000
2022-02-24,68.8,68.8,70.0,68.8,70.0,144000
2022-02-25,69.7,69.7,69.7,68.6,68.6,25000
2022-03-01,70.2,70.2,71.0,69.5,69.5,82000
2022-03-02,71.7,71.7,71.7,70.3,70.6,259000
2022-03-03,73.5,73.5,74.1,71.9,71.9,490267
2022-03-04,72.1,72.1,73.0,71.8,73.0,142000
2022-03-07,69.5,69.5,71.5,69.1,71.5,205050
2022-03-08,68.8,68.8,69.8,66.6,66.6,130117
2022-03-09,69.2,69.2,69.3,68.7,68.8,52000
2022-03-10,69.9,69.9,70.0,69.0,69.0,31002
2022-03-11,68.8,68.8,70.5,68.8,69.6,147002
2022-03-14,68.9,68.9,69.0,68.1,68.8,110005
2022-03-15,67.3,67.3,68.7,67.3,68.7,118116
2022-03-16,68.7,68.7,68.7,67.6,68.3,71024
2022-03-17,70.4,70.4,70.5,69.0,69.0,118002
2022-03-18,70.0,70.0,70.8,70.0,70.1,27000
2022-03-21,70.3,70.3,70.6,70.0,70.0,39000
2022-03-22,70.3,70.3,71.2,70.3,70.3,169002
2022-03-23,70.4,70.4,71.0,70.3,70.8,121000
2022-03-24,70.4,70.4,70.5,70.2,70.3,88000
2022-03-25,70.3,70.3,70.5,70.0,70.5,166448
2022-03-28,69.7,69.7,70.2,69.5,70.2,96000
2022-03-29,69.5,69.5,69.7,69.4,69.7,87000
2022-03-30,69.5,69.5,69.6,69.3,69.5,158002
2022-03-31,69.5,69.5,69.7,69.4,69.7,51288
2022-04-01,69.3,69.3,69.6,69.1,69.5,58200
2022-04-06,69.6,69.6,69.9,69.3,69.8,17000
2022-04-07,68.6,68.6,69.6,68.6,69.6,131000
2022-04-08,68.9,68.9,69.0,68.7,68.8,20000
2022-04-11,68.5,68.5,69.5,68.4,69.5,135001
2022-04-12,68.9,68.9,68.9,68.5,68.8,11010
2022-04-13,70.2,70.2,70.4,68.9,68.9,183029
2022-04-14,70.7,70.7,70.7,69.6,70.2,94000
2022-04-15,70.0,70.0,70.5,69.8,70.5,79033
2022-04-18,71.5,71.5,74.5,71.0,71.0,376442
2022-04-19,71.5,71.5,72.8,71.4,72.3,84111
2022-04-20,71.7,71.7,72.1,71.5,71.6,131060
2022-04-21,72.7,72.7,73.5,72.2,72.2,78000
2022-04-22,72.6,72.6,73.0,72.2,73.0,91295
2022-04-25,72.5,72.5,72.9,71.1,71.1,173001
2022-04-26,73.3,73.3,73.4,72.1,72.1,199001
2022-04-27,72.2,72.2,72.8,71.5,72.1,113000
2022-04-28,72.1,72.1,72.6,71.5,72.6,74001
2022-04-29,72.2,72.2,72.5,71.4,71.4,55030
2022-05-03,72.4,72.4,72.8,72.3,72.3,50001
2022-05-04,73.0,73.0,73.2,72.5,72.7,319000
2022-05-05,73.0,73.0,73.8,72.8,73.7,107062
2022-05-06,72.6,72.6,73.0,71.5,71.5,50010
2022-05-09,71.4,71.4,72.3,71.3,72.3,83098
2022-05-10,70.8,70.8,71.4,69.8,70.5,69000
2022-05-11,70.9,70.9,71.0,70.8,70.8,6000
2022-05-12,70.0,70.0,70.4,69.6,70.2,62059
2022-05-13,71.0,71.0,71.1,70.1,71.1,46015
2022-05-16,72.0,72.0,72.0,71.2,71.2,55024
2022-05-17,72.0,72.0,72.6,71.7,72.6,40000
2022-05-18,72.3,72.3,72.6,71.7,71.7,103001
2022-05-19,72.0,72.0,72.3,71.2,72.0,106000
2022-05-20,72.0,72.0,72.3,71.8,72.0,69205
2022-05-23,72.0,72.0,72.0,71.9,72.0,37000
2022-05-24,71.8,71.8,72.0,71.5,72.0,118020
2022-05-25,71.6,71.6,72.0,71.6,72.0,45000
2022-05-26,71.3,71.3,72.0,71.3,71.8,62020
2022-05-27,72.0,72.0,72.0,71.4,72.0,20000
2022-05-30,72.0,72.0,72.5,71.9,72.0,87003
2022-05-31,72.5,72.5,72.5,71.8,71.9,58000
2022-06-01,73.0,73.0,73.8,72.5,72.5,136020
2022-06-02,73.0,73.0,73.1,72.7,73.1,56001
2022-06-06,72.9,72.9,73.1,72.1,73.0,60017
2022-06-07,72.8,72.8,73.0,72.4,73.0,42010
2022-06-08,76.4,76.4,76.4,74.1,74.8,1128967
2022-06-09,82.0,82.0,82.8,76.6,76.8,5395672
2022-06-10,80.5,80.5,83.9,80.5,81.4,3762642
2022-06-13,77.0,77.0,82.0,77.0,78.9,1892470
2022-06-14,78.9,78.9,78.9,75.1,76.5,1116669
2022-06-15,78.8,78.8,79.5,77.6,78.7,694454
2022-06-16,76.0,76.0,80.0,76.0,79.9,644305
2022-06-17,75.8,75.8,77.5,75.2,76.1,568222
2022-06-20,76.2,76.2,79.8,75.6,76.4,990563
2022-06-21,80.3,80.3,81.5,77.7,77.7,1814587
2022-06-22,79.0,79.0,82.2,78.0,81.4,1505151
2022-06-23,74.9,74.9,77.3,74.5,76.6,650606
2022-06-24,73.4,73.4,76.5,73.4,76.0,368272
2022-06-27,75.1,75.1,76.0,74.2,75.1,259721
2022-06-28,74.6,74.6,75.6,74.2,75.4,167592
2022-06-29,73.0,73.0,74.3,72.1,74.0,481857
2022-06-30,70.6,70.6,73.0,70.3,73.0,351122
2022-07-01,68.4,68.4,71.6,68.1,70.3,610987
2022-07-04,68.3,68.3,69.3,68.1,68.6,232311
2022-07-05,71.0,71.0,71.2,68.9,71.2,194533
2022-07-06,69.4,69.4,71.0,68.9,71.0,144000
2022-07-07,71.5,71.5,72.1,70.2,70.2,327711
2022-07-08,71.3,71.3,73.5,71.1,73.4,321244
2022-07-11,68.9,68.9,71.9,68.2,71.3,471171
2022-07-12,69.1,69.1,69.4,68.2,68.4,195270
2022-07-13,68.8,68.8,70.1,68.7,69.9,184616
2022-07-14,70.7,70.7,70.8,68.8,68.9,229012
2022-07-15,69.8,69.8,71.1,69.5,71.1,119000
2022-07-18,71.9,71.9,72.4,71.2,71.3,316161
2022-07-19,71.8,71.8,72.3,71.6,72.3,100025
2022-07-20,70.5,70.5,72.6,70.5,72.6,284980
2022-07-21,71.4,71.4,71.9,70.4,70.6,210215
2022-07-22,71.9,71.9,72.0,70.9,71.3,103101
2022-07-25,71.7,71.7,72.1,71.3,71.3,45000
2022-07-26,71.3,71.3,72.2,71.2,72.2,79000
2022-07-27,70.8,70.8,71.4,70.8,71.2,95845
2022-07-28,70.5,70.5,71.2,70.5,71.2,121472
2022-07-29,70.9,70.9,72.0,70.7,70.9,65015
2022-08-01,70.4,70.4,71.1,70.4,71.0,159067
2022-08-02,70.4,70.4,70.4,69.5,70.4,127428
2022-08-03,69.4,69.4,69.8,69.3,69.7,130207
2022-08-04,68.6,68.6,69.2,66.9,69.2,318704
2022-08-05,71.1,71.1,71.4,68.7,68.7,143218
2022-08-08,71.5,71.5,73.0,71.1,71.9,361356
2022-08-09,71.2,71.2,72.0,70.5,72.0,255061
2022-08-10,74.0,74.0,74.8,71.4,72.0,973253
2022-08-11,75.5,75.5,77.3,73.6,74.6,900075
2022-08-12,74.5,74.5,76.0,74.5,75.6,343681
2022-08-15,75.0,75.0,75.4,73.7,74.7,489087
2022-08-16,74.3,74.3,75.8,74.2,75.3,119330
2022-08-17,73.8,73.8,74.3,73.7,73.8,202138
2022-08-18,73.8,73.8,74.1,72.7,73.3,359531
2022-08-19,73.9,73.9,75.0,73.7,74.0,227808
2022-08-22,73.8,73.8,74.1,73.1,73.2,165000
2022-08-23,73.9,73.9,75.4,73.8,73.8,344540
2022-08-24,73.8,73.8,74.6,73.8,74.1,266230
2022-08-25,76.7,76.7,77.1,73.9,74.0,861936
2022-08-26,81.5,81.5,83.4,76.4,77.4,2606171
2022-08-29,81.5,81.5,81.7,79.1,79.2,1022855
2022-08-30,83.3,83.3,85.6,80.7,81.6,1478000
2022-08-31,85.5,85.5,87.0,83.3,83.3,1288587
2022-09-01,85.0,85.0,85.5,83.5,84.5,633833
2022-09-02,84.7,84.7,87.4,84.5,86.4,773854
2022-09-05,85.9,85.9,86.9,84.9,85.9,623487
2022-09-06,83.7,83.7,91.0,82.0,89.8,2236389
2022-09-07,84.7,84.7,87.0,83.7,83.7,1537220
2022-09-08,93.1,93.1,93.1,87.6,88.0,7009878
2022-09-12,93.1,93.1,94.7,92.1,93.7,2756957
2022-09-13,93.7,93.7,99.3,92.6,94.6,3682280
2022-09-14,95.1,95.1,95.9,91.0,91.0,1275723
2022-09-15,92.8,92.8,96.7,92.3,96.0,1369806
2022-09-16,91.6,91.6,93.9,91.0,93.4,766771
2022-09-19,90.8,90.8,92.3,89.3,91.8,731659
2022-09-20,90.0,90.0,91.9,88.7,91.8,739786
2022-09-21,87.9,87.9,90.4,87.9,90.0,682558
2022-09-22,87.7,87.7,88.3,86.0,86.5,657983
2022-09-23,84.0,84.0,88.1,83.1,87.5,898497
2022-09-26,81.7,81.7,83.1,80.8,82.4,704663
2022-09-27,83.2,83.2,83.5,81.2,82.2,612023
2022-09-28,77.7,77.7,82.8,77.7,82.8,1063805
2022-09-29,80.3,80.3,80.5,79.0,79.0,546620
2022-09-30,79.6,79.6,79.9,76.9,78.5,635436
2022-10-03,77.6,77.6,78.8,77.0,78.1,615210
2022-10-04,80.3,80.3,80.7,78.4,79.2,537235
2022-10-05,78.5,78.5,81.4,78.2,81.4,561524
2022-10-06,78.8,78.8,79.1,78.0,78.5,277973
2022-10-07,76.8,76.8,80.1,76.4,78.2,602935
2022-10-11,72.8,72.8,74.8,72.3,74.8,855239
2022-10-12,72.5,72.5,73.1,71.3,72.3,576035
2022-10-13,69.6,69.6,73.4,69.5,73.4,685355
2022-10-14,73.9,73.9,73.9,70.7,70.7,538445
2022-10-17,74.7,74.7,74.7,72.1,72.5,645425
2022-10-18,76.6,76.6,79.0,75.0,79.0,1454826
2022-10-19,78.1,78.1,80.4,76.6,76.6,1024332
2022-10-20,72.6,72.6,78.1,72.1,78.1,1034430
2022-10-21,72.7,72.7,73.6,72.1,72.6,291204
2022-10-24,72.8,72.8,73.7,72.5,73.6,292284
2022-10-25,71.5,71.5,72.9,71.1,72.8,350493
2022-10-26,70.2,70.2,71.5,70.2,71.2,1587364
2022-10-27,71.7,71.7,71.7,70.6,71.3,130142
2022-10-28,70.0,70.0,71.8,70.0,71.1,216310
2022-10-31,70.1,70.1,71.5,70.0,70.7,218051
2022-11-01,70.8,70.8,71.0,70.0,70.0,292105
2022-11-02,71.9,71.9,72.1,70.6,70.8,180029
2022-11-03,74.1,74.1,74.5,70.8,71.0,365308
2022-11-04,73.4,73.4,74.9,73.1,74.9,649631
2022-11-07,73.9,73.9,73.9,72.6,73.8,459485
2022-11-08,74.4,74.4,77.9,74.1,77.9,1650416
2022-11-09,74.2,74.2,76.2,73.8,75.4,885240
2022-11-10,73.2,73.2,74.4,73.1,74.4,393026
2022-11-11,76.3,76.3,76.3,73.5,74.5,1412270
2022-11-14,83.9,83.9,83.9,77.0,78.0,4597003
2022-11-15,84.1,84.1,85.4,82.3,83.8,3214011
2022-11-16,81.4,81.4,84.9,80.9,84.9,1768574
2022-11-17,82.2,82.2,83.5,81.6,81.9,1252070
2022-11-18,80.2,80.2,84.3,79.7,83.2,1967265
2022-11-21,81.6,81.6,83.5,81.0,81.4,1476852
2022-11-22,81.1,81.1,83.7,80.9,82.7,1330774
2022-11-23,82.0,82.0,82.5,81.2,82.2,754520
2022-11-24,79.0,79.0,82.0,78.3,81.5,1684761
2022-11-25,78.0,78.0,79.8,77.7,79.5,642390
2022-11-28,77.0,77.0,77.9,76.8,77.7,761155
2022-11-29,77.1,77.1,77.6,76.9,77.2,442746
2022-11-30,77.7,77.7,78.4,77.4,77.8,438733
2022-12-01,80.0,80.0,80.8,78.3,78.6,1122373
2022-12-02,80.9,80.9,81.3,79.7,80.5,782125
2022-12-05,82.0,82.0,82.6,81.3,82.0,1200170
2022-12-06,81.7,81.7,83.5,81.2,82.3,2038763
2022-12-07,79.9,79.9,83.2,79.7,82.3,1522494
2022-12-08,78.5,78.5,79.7,77.8,78.9,1113665
2022-12-09,81.1,81.1,84.0,78.8,79.0,2655834
2022-12-12,77.2,77.2,81.5,77.2,81.5,1438731
2022-12-13,75.1,75.1,77.8,74.6,77.5,1421647
2022-12-14,75.6,75.6,76.2,74.6,75.5,883538
2022-12-15,77.3,77.3,77.3,75.4,75.6,676679
2022-12-16,74.6,74.6,76.1,74.5,75.9,1158545
2022-12-19,74.1,74.1,74.5,73.7,74.3,565073
2022-12-20,71.5,71.5,74.3,71.3,73.9,1013216
2022-12-21,72.7,72.7,73.1,71.9,71.9,434197
2022-12-22,73.3,73.3,74.7,73.0,73.3,827328
2022-12-23,74.0,74.0,74.0,72.3,73.0,505513
2022-12-26,74.3,74.3,74.8,72.0,73.3,3151991
2022-12-27,74.3,74.3,75.1,73.4,74.5,1141030
2022-12-28,72.9,72.9,75.0,72.8,73.6,1222076
2022-12-29,71.6,71.6,72.3,71.0,72.3,792996
2022-12-30,71.5,71.5,72.4,71.0,72.0,580240
2023-01-03,71.3,71.3,71.7,70.7,71.7,245525
2023-01-04,71.1,71.1,71.5,70.9,70.9,211775
2023-01-05,71.7,71.7,71.9,71.3,71.5,195647
2023-01-06,73.0,73.0,73.4,71.5,71.5,352778
2023-01-09,72.8,72.8,73.1,72.2,72.2,364257
2023-01-10,72.9,72.9,73.3,72.4,72.8,253644
2023-01-11,72.5,72.5,73.3,71.9,73.3,280103
2023-01-12,72.3,72.3,73.1,72.1,72.3,241014
2023-01-13,72.6,72.6,73.6,72.3,73.0,387180
2023-01-16,72.5,72.5,73.3,72.2,73.1,117411
2023-01-17,72.3,72.3,72.6,72.2,72.4,105448
2023-01-30,71.6,71.6,73.2,71.5,73.1,507522
2023-01-31,72.7,72.7,73.5,72.2,72.5,557700
2023-02-01,74.0,74.0,74.0,72.7,72.9,492221
2023-02-02,73.8,73.8,74.2,73.5,74.2,367352
2023-02-03,73.2,73.2,73.7,73.0,73.7,279739
2023-02-06,73.1,73.1,73.3,72.6,72.8,132500
2023-02-07,73.6,73.6,73.6,72.8,73.2,284392
2023-02-08,73.4,73.4,73.6,73.0,73.4,277633
2023-02-09,73.0,73.0,73.7,73.0,73.3,236603
2023-02-10,72.3,72.3,73.2,72.3,73.2,280183
2023-02-13,72.1,72.1,73.0,71.8,72.3,227616
2023-02-14,73.3,73.3,73.5,72.5,72.5,215818
2023-02-15,72.3,72.3,73.5,72.2,73.3,408542
2023-02-16,73.0,73.0,73.3,72.4,72.4,197250
2023-02-17,73.5,73.5,73.7,72.5,72.7,209374
2023-02-20,73.3,73.3,73.7,72.9,73.3,176289
2023-02-21,72.6,72.6,73.3,72.5,73.3,299686
2023-02-22,72.0,72.0,72.2,71.5,72.2,466752
2023-02-23,71.7,71.7,72.4,71.6,72.4,480647
2023-02-24,72.4,72.4,72.9,71.6,71.8,365041
2023-03-01,73.5,73.5,73.6,72.2,72.3,351362
2023-03-02,73.3,73.3,73.9,73.0,73.9,238574
2023-03-03,73.1,73.1,73.6,72.7,73.4,262486
2023-03-06,73.5,73.5,73.8,72.7,73.3,317644
2023-03-07,73.9,73.9,74.3,73.5,73.8,404359
2023-03-08,72.6,72.6,73.4,72.4,73.4,467721
2023-03-09,72.5,72.5,73.2,72.4,73.2,271524
2023-03-10,72.0,72.0,72.9,71.7,72.1,557008
2023-03-13,71.8,71.8,72.0,71.1,72.0,459498
2023-03-14,71.5,71.5,72.3,71.2,72.3,187146
2023-03-15,71.0,71.0,71.9,71.0,71.9,369443
2023-03-16,70.2,70.2,70.7,69.7,70.6,660498
2023-03-17,69.8,69.8,70.7,69.4,70.7,477770
2023-03-20,69.7,69.7,69.8,69.3,69.8,210546
2023-03-21,69.6,69.6,70.0,69.1,70.0,236667
2023-03-22,70.6,70.6,70.8,69.6,69.6,214055
2023-03-23,70.8,70.8,71.0,70.0,70.6,138650
2023-03-24,70.5,70.5,71.0,70.5,71.0,106541
2023-03-27,70.6,70.6,70.9,70.4,70.9,101556
2023-03-28,70.1,70.1,70.5,70.1,70.5,159002
2023-03-29,70.1,70.1,70.4,70.0,70.3,111832
2023-03-30,70.4,70.4,70.4,70.1,70.4,91286
2023-03-31,70.4,70.4,70.6,70.3,70.5,63161
2023-04-06,70.3,70.3,70.5,70.2,70.4,89279
2023-04-07,70.3,70.3,70.7,70.3,70.5,68147
2023-04-10,70.5,70.5,70.5,70.0,70.2,123902
2023-04-11,71.4,71.4,71.8,70.9,70.9,286334
2023-04-12,71.3,71.3,71.4,71.0,71.4,113492
2023-04-13,71.3,71.3,71.5,71.1,71.1,148551
2023-04-14,71.8,71.8,71.9,71.3,71.4,327590
2023-04-17,72.6,72.6,72.7,71.8,71.8,322955
2023-04-18,72.8,72.8,73.4,72.6,72.6,299346
2023-04-19,72.2,72.2,73.3,72.1,73.3,182460
2023-04-20,70.0,70.0,71.1,69.7,71.0,984686
2023-04-21,68.7,68.7,70.0,68.7,69.7,587871
2023-04-24,68.7,68.7,69.0,68.0,68.5,192674
2023-04-25,68.2,68.2,69.3,68.0,69.3,328271
2023-04-26,68.4,68.4,68.4,68.0,68.2,85005
2023-04-27,69.0,69.0,69.5,68.3,68.4,48513
2023-04-28,69.1,69.1,69.7,69.0,69.6,89161
2023-05-02,69.7,69.7,69.7,69.1,69.5,107059
2023-05-03,69.7,69.7,70.0,69.3,69.4,113887
2023-05-04,69.8,69.8,70.2,69.3,69.3,94074
2023-05-05,69.9,69.9,69.9,69.5,69.6,116464
2023-05-08,69.9,69.9,70.3,69.8,70.0,72399
2023-05-09,70.3,70.3,71.0,70.2,70.8,131706
2023-05-10,70.3,70.3,70.3,69.8,70.0,136193
2023-05-11,68.6,68.6,69.9,68.4,69.9,303219
2023-05-12,68.4,68.4,68.6,68.1,68.6,131175
2023-05-15,68.1,68.1,68.4,67.9,68.4,164999
2023-05-16,69.5,69.5,69.6,68.3,68.7,107100
2023-05-17,70.7,70.7,70.7,69.5,69.5,134767
2023-05-18,70.2,70.2,70.6,70.1,70.1,64380
2023-05-19,69.7,69.7,70.2,69.7,70.2,73419
2023-05-22,69.7,69.7,70.6,69.5,70.6,77005
2023-05-23,70.1,70.1,70.1,69.6,69.7,69220
2023-05-24,70.0,70.0,70.0,69.8,70.0,32000
2023-05-25,69.9,69.9,70.0,69.6,69.8,78700
2023-05-26,69.7,69.7,69.9,69.4,69.9,48997
2023-05-29,69.7,69.7,69.8,69.2,69.7,60470
2023-05-30,69.8,69.8,70.2,69.3,70.2,80233
2023-05-31,70.4,70.4,70.7,69.6,69.6,113834
2023-06-01,71.1,71.1,71.6,70.0,70.4,523550
2023-06-02,71.4,71.4,71.9,71.1,71.9,98560
2023-06-05,71.3,71.3,71.8,71.1,71.1,150499
2023-06-06,71.4,71.4,71.8,71.3,71.3,116862
2023-06-07,71.8,71.8,72.2,71.4,71.4,215501
2023-06-08,70.9,70.9,71.4,70.7,71.4,123100
2023-06-09,71.8,71.8,72.0,70.8,71.1,181035
2023-06-12,71.9,71.9,72.0,71.5,72.0,82257
2023-06-13,72.0,72.0,72.2,71.7,72.2,131145
2023-06-14,72.0,72.0,72.3,71.7,72.3,119300
2023-06-15,72.1,72.1,72.2,71.7,72.0,123619
2023-06-16,72.2,72.2,72.7,72.2,72.4,99873
2023-06-19,72.2,72.2,72.3,71.8,72.2,142473
2023-06-20,71.6,71.6,72.2,71.5,71.9,171462
2023-06-21,71.3,71.3,71.8,71.2,71.6,139288
2023-06-26,71.6,71.6,71.9,71.3,71.5,139760
2023-06-27,71.9,71.9,72.1,71.2,71.7,493569
2023-06-28,67.8,67.8,68.1,67.1,67.5,519978
2023-06-29,68.0,68.0,68.4,67.5,68.4,152395
2023-06-30,68.1,68.1,68.1,67.5,68.0,62323
2023-07-03,67.8,67.8,68.3,67.6,68.1,147960
2023-07-04,67.7,67.7,68.2,67.6,67.9,121361
2023-07-05,67.7,67.7,68.1,67.4,68.1,199138
2023-07-06,67.4,67.4,67.9,66.8,67.5,235659
2023-07-07,67.0,67.0,67.2,66.3,67.0,208409
2023-07-10,66.3,66.3,67.2,66.1,67.2,75534
2023-07-11,66.3,66.3,66.8,65.6,66.8,240548
2023-07-12,65.4,65.4,66.0,65.2,66.0,210101
2023-07-13,64.4,64.4,65.5,64.3,65.5,226038
2023-07-14,63.8,63.8,64.1,63.3,64.1,256661
2023-07-17,64.8,64.8,64.8,63.5,64.0,118260
2023-07-18,63.9,63.9,64.3,63.7,64.3,86332
2023-07-19,63.7,63.7,63.9,63.4,63.9,145755
2023-07-20,64.1,64.1,64.2,63.7,63.7,37097
2023-07-21,63.8,63.8,64.2,63.7,64.1,74121
2023-07-24,63.8,63.8,64.4,63.5,64.4,165021
2023-07-25,64.0,64.0,64.4,63.5,63.8,128589
2023-07-26,63.4,63.4,63.9,63.4,63.7,147663
2023-07-27,63.6,63.6,64.2,63.6,63.6,80303
2023-07-28,63.6,63.6,63.8,63.2,63.6,133000
2023-07-31,64.0,64.0,64.6,63.6,63.9,182380
2023-08-01,64.1,64.1,64.2,64.0,64.1,36725
2023-08-02,63.5,63.5,64.4,63.2,64.1,180400
2023-08-04,63.7,63.7,63.9,63.3,63.6,44048
2023-08-07,64.1,64.1,64.1,63.4,63.9,56139
2023-08-08,63.6,63.6,64.0,63.5,63.6,52166
2023-08-09,63.8,63.8,64.0,63.6,63.9,33543
2023-08-10,63.6,63.6,63.8,63.3,63.8,58029
2023-08-11,63.4,63.4,63.6,63.0,63.3,96000
2023-08-14,62.1,62.1,63.1,62.0,63.1,184857
2023-08-15,62.4,62.4,63.3,62.0,62.2,91383
2023-08-16,61.3,61.3,62.5,61.2,62.5,135775
2023-08-17,61.6,61.6,61.9,61.3,61.3,24640
2023-08-18,61.6,61.6,61.8,61.5,61.8,43465
2023-08-21,62.5,62.5,62.6,61.8,61.8,24000
2023-08-22,62.4,62.4,62.5,62.1,62.1,4720000
2023-08-23,64.6,64.6,64.7,62.7,64.0,215001
2023-08-24,63.4,63.4,64.6,63.2,64.6,148487
2023-08-25,62.8,62.8,63.3,62.6,63.3,64672
2023-08-28,62.9,62.9,63.0,62.5,62.6,50000
2023-08-29,63.1,63.1,63.2,62.5,62.5,18013
2023-08-30,63.9,63.9,64.1,63.1,63.1,81000
2023-08-31,63.7,63.7,64.2,63.2,63.2,40336
2023-09-01,64.2,64.2,64.6,63.9,64.0,41341
2023-09-04,65.0,65.0,65.8,64.7,64.7,170415
2023-09-05,65.0,65.0,65.3,64.9,65.1,59828
2023-09-06,64.3,64.3,65.0,64.3,64.9,49220
2023-09-07,64.0,64.0,64.4,63.5,64.1,41100
2023-09-08,64.6,64.6,65.5,63.7,65.5,56242
2023-09-11,63.9,63.9,65.7,63.8,65.7,47100
2023-09-12,64.4,64.4,64.9,63.6,64.9,38000
2023-09-13,65.6,65.6,66.1,64.0,64.7,131061
2023-09-14,65.8,65.8,66.5,65.7,66.0,55266
2023-09-15,65.8,65.8,66.3,65.4,66.3,34053
2023-09-18,66.0,66.0,66.4,65.1,66.4,71210
2023-09-19,66.5,66.5,66.6,65.7,66.0,91211
2023-09-20,66.2,66.2,66.8,65.8,66.8,36837
2023-09-21,65.8,65.8,65.8,65.1,65.8,73000
2023-09-22,65.8,65.8,66.2,64.6,65.5,4621000
2023-09-25,66.4,66.4,66.7,65.8,66.6,143140
2023-09-26,66.3,66.3,66.3,65.9,66.2,58273
2023-09-27,65.8,65.8,66.1,65.3,66.0,58048
2023-09-28,65.7,65.7,66.4,65.5,65.5,28027
2023-10-02,65.7,65.7,66.3,65.4,65.7,40020
2023-10-03,66.1,66.1,66.6,65.5,66.0,37179
2023-10-04,64.1,64.1,66.1,64.1,66.1,163160
2023-10-05,66.0,66.0,66.9,64.9,65.4,411880
2023-10-06,66.7,66.7,66.7,65.4,66.0,105560
2023-10-11,67.4,67.4,68.7,65.7,66.5,407906
2023-10-12,67.9,67.9,68.3,67.0,67.3,173441
2023-10-13,67.3,67.3,68.0,67.3,67.9,46978
2023-10-16,66.6,66.6,67.3,66.2,66.2,101075
2023-10-17,66.9,66.9,67.0,66.4,67.0,45178
2023-10-18,67.3,67.3,67.3,66.0,66.9,114163
2023-10-19,66.3,66.3,67.2,66.2,66.9,115259
2023-10-20,66.3,66.3,66.5,64.8,66.0,121180
2023-10-23,65.7,65.7,66.2,65.5,65.5,30223
2023-10-24,65.8,65.8,66.0,65.2,66.0,82270
2023-10-25,66.2,66.2,66.5,65.5,66.5,33010
2023-10-26,65.3,65.3,65.9,65.1,65.3,26433
2023-10-27,65.2,65.2,65.7,64.5,64.8,7202693
2023-10-30,66.1,66.1,66.2,65.4,66.1,59636
2023-10-31,66.0,66.0,66.5,65.2,66.4,41420
2023-11-01,66.2,66.2,66.2,65.3,65.5,22355
2023-11-02,66.2,66.2,66.5,65.7,65.9,71053
2023-11-03,66.2,66.2,66.2,65.7,65.7,33103
2023-11-06,66.3,66.3,66.5,65.7,65.8,30223
2023-11-07,66.0,66.0,66.0,65.8,66.0,27070
2023-11-08,66.2,66.2,66.4,66.2,66.3,20101
2023-11-09,65.3,65.3,66.1,65.3,66.1,76551
2023-11-10,64.6,64.6,65.3,64.5,65.3,118192
2023-11-13,65.0,65.0,65.0,64.5,64.9,42010
2023-11-14,64.6,64.6,64.7,64.4,64.6,48000
2023-11-15,64.9,64.9,65.2,64.7,65.2,52012
2023-11-16,64.9,64.9,65.3,64.8,65.3,48030
2023-11-17,65.3,65.3,65.3,64.9,65.0,21040
2023-11-20,65.4,65.4,65.4,65.1,65.3,30012
2023-11-21,65.6,65.6,65.6,65.2,65.3,63488
2023-11-22,65.0,65.0,65.6,64.9,65.6,54547
2023-11-23,64.5,64.5,65.0,64.5,65.0,65122
2023-11-24,64.4,64.4,64.7,64.3,64.6,42020
2023-11-27,64.4,64.4,64.8,64.1,64.1,46235
2023-11-28,65.1,65.1,65.3,64.2,64.4,65810
2023-11-29,65.0,65.0,65.4,65.0,65.4,72300
2023-11-30,65.3,65.3,65.4,65.0,65.0,49500
2023-12-01,65.8,65.8,66.3,65.3,65.6,81101
2023-12-04,65.5,65.5,66.0,65.5,65.8,56280
2023-12-05,65.6,65.6,65.8,65.2,65.5,40280
2023-12-06,65.5,65.5,66.0,65.4,66.0,71014
2023-12-07,66.3,66.3,67.3,66.0,66.6,290294
2023-12-08,67.2,67.2,67.4,66.4,66.4,224204
2023-12-11,67.6,67.6,67.8,67.0,67.8,103330
2023-12-12,67.8,67.8,67.8,66.9,67.3,88692
2023-12-13,67.0,67.0,67.4,66.7,67.4,46666
2023-12-14,67.4,67.4,67.4,67.0,67.4,74093
2023-12-15,67.4,67.4,67.4,67.1,67.2,60203
2023-12-18,67.4,67.4,67.7,66.8,67.1,76216
2023-12-19,67.2,67.2,67.6,66.7,67.6,60666
2023-12-20,67.3,67.3,67.3,66.9,67.3,81249
2023-12-21,67.1,67.1,67.4,66.9,67.2,50146
2023-12-22,66.8,66.8,67.0,66.8,67.0,40094
2023-12-25,66.6,66.6,66.6,66.4,66.5,35322
2023-12-26,67.2,67.2,67.2,66.3,66.6,37362
2023-12-27,67.1,67.1,67.3,66.8,66.9,62365
2023-12-28,67.0,67.0,67.1,66.8,66.9,50630
2023-12-29,66.9,66.9,67.0,66.5,66.6,17040
2024-01-02,67.2,67.2,67.2,66.4,67.0,25012
2024-01-03,66.8,66.8,67.2,66.6,66.8,35152
2024-01-04,66.5,66.5,67.4,66.5,67.4,27030
2024-01-05,66.6,66.6,66.7,66.5,66.5,29046
2024-01-08,66.5,66.5,66.6,66.1,66.3,60203
2024-01-09,66.1,66.1,66.4,66.1,66.4,68120
2024-01-10,66.2,66.2,66.3,65.9,66.1,28475
2024-01-11,66.2,66.2,66.4,66.0,66.0,16150
2024-01-12,66.0,66.0,66.2,65.9,66.2,21623
2024-01-15,66.2,66.2,66.2,65.7,66.0,39299
2024-01-16,65.6,65.6,65.8,65.4,65.7,89390
2024-01-17,64.9,64.9,65.3,64.6,65.3,111024
2024-01-18,64.4,64.4,65.0,64.4,65.0,80002
2024-01-19,64.7,64.7,64.8,64.2,64.4,57475
2024-01-22,64.5,64.5,65.0,64.5,65.0,46194
2024-01-23,64.5,64.5,65.3,64.5,64.9,66020
2024-01-24,64.7,64.7,65.0,64.7,65.0,21045
2024-01-25,65.2,65.2,65.7,64.9,65.2,79157
2024-01-26,65.3,65.3,65.7,65.0,65.7,49015
2024-01-29,66.6,66.6,66.8,65.3,65.3,165060
2024-01-30,67.9,67.9,68.8,67.0,67.0,381580
2024-01-31,68.8,68.8,69.4,67.9,68.1,475559
2024-02-01,69.1,69.1,69.8,68.5,68.8,465371
2024-02-02,68.7,68.7,69.5,68.3,69.5,257862
2024-02-05,68.4,68.4,69.2,68.3,68.6,142975
2024-02-15,67.9,67.9,68.7,67.7,68.3,162250
2024-02-16,68.1,68.1,69.1,67.6,68.7,150129
2024-02-19,68.2,68.2,68.3,67.8,68.1,126900
2024-02-20,68.0,68.0,68.2,67.7,68.2,190650
2024-02-21,68.8,68.8,69.2,68.2,68.2,249315
2024-02-22,71.0,71.0,71.0,68.8,68.8,623458
2024-02-23,70.9,70.9,71.7,70.6,70.8,523872
2024-02-26,72.7,72.7,73.8,71.6,71.7,1147428
2024-02-27,71.5,71.5,72.7,71.2,72.7,440172
2024-02-29,72.4,72.4,72.4,71.5,71.5,233392
2024-03-01,72.0,72.0,72.7,71.9,72.4,256366
2024-03-04,71.9,71.9,72.0,71.8,71.9,240518
2024-03-05,72.2,72.2,72.3,71.5,72.3,297130
2024-03-06,73.7,73.7,74.5,72.0,72.0,789347
2024-03-07,72.7,72.7,74.0,72.6,73.9,529882
2024-03-08,73.4,73.4,73.7,72.4,72.9,541091
2024-03-11,74.7,74.7,75.6,73.4,73.5,937914
2024-03-12,74.8,74.8,76.2,74.3,75.1,338674
2024-03-13,74.9,74.9,75.5,74.4,74.4,388558
2024-03-14,74.7,74.7,75.4,74.5,75.4,153204
2024-03-15,73.9,73.9,74.6,73.9,74.6,200914
2024-03-18,74.2,74.2,74.2,73.5,73.9,1179382
2024-03-19,74.2,74.2,74.8,73.8,74.2,139425
2024-03-20,74.2,74.2,74.8,74.0,74.2,208750
2024-03-21,74.6,74.6,74.8,74.1,74.8,233497
2024-03-22,74.3,74.3,75.0,74.3,75.0,2024459
2024-03-25,75.0,75.0,75.0,74.1,74.3,169951
2024-03-26,74.7,74.7,75.2,74.1,75.1,147465
2024-03-27,74.6,74.6,74.7,74.3,74.3,63797
2024-03-28,74.2,74.2,75.0,73.7,75.0,212060
2024-03-29,74.1,74.1,74.2,73.6,74.0,90575
2024-04-01,74.4,74.4,74.9,74.1,74.1,9065420
2024-04-02,75.9,75.9,75.9,74.0,74.4,303875
2024-04-03,75.8,75.8,76.1,75.5,75.6,115406
2024-04-08,76.6,76.6,76.6,75.3,76.0,257307
2024-04-09,77.9,77.9,79.2,77.4,77.7,1197247
2024-04-10,78.5,78.5,79.0,77.5,78.0,226631
2024-04-11,76.5,76.5,78.4,76.4,78.4,354183
2024-04-12,77.6,77.6,78.2,76.4,77.8,239568
2024-04-15,76.8,76.8,77.8,76.6,77.6,152890
2024-04-16,75.2,75.2,76.8,74.9,76.8,389362
2024-04-17,78.0,78.0,78.2,76.2,76.5,348193
2024-04-18,79.9,79.9,79.9,77.7,78.5,693602
2024-04-19,79.3,79.3,79.9,77.5,79.1,347052
2024-04-22,79.0,79.0,79.6,78.0,79.5,701753
2024-04-23,81.7,81.7,81.7,79.1,79.3,860711
2024-04-24,83.8,83.8,85.0,81.8,82.2,1868307
2024-04-25,86.4,86.4,87.9,83.8,84.5,1845056
2024-04-26,87.0,87.0,87.7,85.8,87.6,727162
2024-04-29,86.8,86.8,89.9,86.4,87.1,851129
2024-04-30,87.0,87.0,87.6,85.9,86.8,348975
2024-05-02,86.8,86.8,87.4,86.4,87.0,321134
2024-05-03,85.4,85.4,86.8,84.3,86.8,1174717
2024-05-06,86.5,86.5,86.6,84.9,86.5,709957
2024-05-07,88.4,88.4,88.6,86.5,86.5,1039116
2024-05-08,89.8,89.8,89.8,87.4,88.4,1590276
2024-05-09,91.4,91.4,92.5,90.5,91.0,1748276
2024-05-10,91.8,91.8,92.2,90.7,90.7,1008208
2024-05-13,92.3,92.3,92.3,91.0,91.8,813527
2024-05-14,93.0,93.0,94.6,92.3,92.8,1252626
2024-05-15,94.9,94.9,95.8,92.9,94.1,1288642
2024-05-16,98.6,98.6,99.0,94.4,95.8,1970053
2024-05-17,95.7,95.7,98.6,92.2,98.6,1404608
2024-05-20,95.9,95.9,96.0,93.3,95.7,997868
2024-05-21,93.8,93.8,96.4,93.5,96.0,769026
2024-05-22,92.0,92.0,94.4,91.8,93.2,645171
2024-05-23,93.6,93.6,94.1,90.9,91.9,649727
2024-05-24,96.4,96.4,97.2,92.2,93.6,1371985
2024-05-27,94.9,94.9,97.6,94.6,96.9,564758
2024-05-28,97.6,97.6,97.6,95.0,95.8,811620
2024-05-29,96.6,96.6,98.1,96.3,97.1,571623
2024-05-30,94.6,94.6,95.9,92.6,95.9,644317
2024-05-31,94.8,94.8,95.6,94.2,94.5,202689
2024-06-03,95.3,95.3,95.3,94.3,94.8,108502
2024-06-04,96.8,96.8,97.5,94.3,94.3,513323
2024-06-05,97.8,97.8,98.8,97.2,97.4,412195
2024-06-06,97.0,97.0,98.4,96.5,98.0,256257
2024-06-07,96.7,96.7,97.4,95.9,95.9,176906
2024-06-11,95.0,95.0,96.6,95.0,95.9,389511
2024-06-12,94.7,94.7,96.5,93.8,95.0,444195
2024-06-13,93.9,93.9,94.5,92.2,94.5,444633
2024-06-14,92.9,92.9,94.3,92.9,94.3,225957
2024-06-17,92.1,92.1,93.3,91.3,93.2,292222
2024-06-18,91.8,91.8,92.6,91.8,92.1,128186
2024-06-19,91.3,91.3,92.0,91.3,91.8,177220
2024-06-20,91.8,91.8,92.2,89.2,91.3,543018
2024-06-21,96.4,96.4,97.2,92.5,92.5,976302
2024-06-24,97.7,97.7,98.5,96.8,97.0,678196
2024-06-25,98.6,98.6,99.5,96.5,98.0,907858
2024-06-26,97.3,97.3,98.6,97.0,98.6,439861
2024-06-27,91.1,91.1,92.6,91.0,92.3,247730
2024-06-28,91.5,91.5,92.0,89.0,91.6,432204
2024-07-01,89.0,89.0,91.1,89.0,90.1,386800
2024-07-02,87.2,87.2,88.6,87.1,88.5,284299
2024-07-03,84.3,84.3,87.0,84.1,87.0,502963
2024-07-04,82.6,82.6,84.5,82.5,84.3,272160
2024-07-05,84.0,84.0,84.5,82.6,82.6,399708
2024-07-08,83.3,83.3,84.5,83.2,84.5,191272
2024-07-09,84.4,84.4,86.9,83.9,86.9,429993
2024-07-10,85.0,85.0,85.8,84.6,84.8,259991
2024-07-11,86.0,86.0,86.7,84.5,85.0,271481
2024-07-12,85.6,85.6,86.0,85.1,85.1,79031
2024-07-15,84.8,84.8,85.6,84.2,85.6,154869
2024-07-16,83.6,83.6,84.7,83.6,84.5,138984
2024-07-17,85.7,85.7,86.0,83.6,83.6,442638
2024-07-18,87.0,87.0,87.1,84.4,85.5,399456
2024-07-19,89.1,89.1,89.6,85.4,86.5,472199
2024-07-22,88.2,88.2,93.4,88.1,91.5,965501
2024-07-23,88.7,88.7,90.1,88.0,89.1,422639
2024-07-26,97.5,97.5,97.5,87.5,87.5,2507209
2024-07-29,98.0,98.0,102.0,97.6,97.6,2590919
2024-07-30,98.8,98.8,99.1,94.2,98.0,908317
2024-07-31,101.0,101.0,103.5,98.7,98.7,1491809
2024-08-01,104.0,104.0,104.0,100.0,101.5,964620
2024-08-02,100.5,100.5,102.0,97.4,102.0,692812
2024-08-05,94.0,94.0,97.9,92.9,97.7,917755
2024-08-06,87.5,87.5,97.2,84.6,96.0,1374774
2024-08-07,93.6,93.6,95.3,85.6,85.6,638439
2024-08-08,90.5,90.5,91.5,89.1,89.5,269868
2024-08-09,91.4,91.4,94.0,90.5,90.5,298448
2024-08-12,90.0,90.0,92.7,88.8,91.2,466789
2024-08-13,89.9,89.9,91.0,88.4,90.0,315320
2024-08-14,90.0,90.0,90.7,89.0,90.0,134378
2024-08-15,86.7,86.7,89.6,86.1,89.6,476609
2024-08-16,87.5,87.5,89.7,86.5,86.6,396484
2024-08-19,86.8,86.8,88.4,86.6,87.3,2153506
2024-08-20,88.4,88.4,89.7,87.4,87.4,403251
2024-08-21,84.7,84.7,88.8,84.2,88.5,661204
2024-08-22,84.6,84.6,85.3,83.4,85.1,349390
2024-08-23,84.2,84.2,84.9,83.8,83.8,159350
2024-08-26,84.5,84.5,85.3,84.3,84.8,176134
2024-08-27,84.0,84.0,84.2,82.6,84.2,614027
2024-08-28,84.5,84.5,84.8,83.8,84.5,124784
2024-08-29,86.0,86.0,86.2,84.5,84.5,316307
2024-08-30,86.5,86.5,86.6,85.2,85.6,246272
2024-09-02,86.9,86.9,87.5,86.1,87.0,137090
2024-09-03,86.4,86.4,86.7,85.6,86.6,93551
2024-09-04,83.8,83.8,84.4,82.0,83.0,234517
2024-09-05,86.6,86.6,87.4,84.2,84.2,294592
2024-09-06,88.4,88.4,88.6,86.2,88.6,264819
2024-09-09,88.4,88.4,88.4,86.1,87.2,246952
2024-09-10,87.0,87.0,88.8,86.3,88.7,203036
2024-09-11,90.2,90.2,92.0,87.0,87.5,773877
2024-09-12,90.7,90.7,91.5,89.8,90.3,264808
2024-09-13,90.7,90.7,91.7,90.0,90.5,144158
2024-09-16,89.7,89.7,90.8,89.2,90.8,129220
2024-09-18,89.4,89.4,90.6,89.0,89.6,165533
2024-09-19,88.8,88.8,90.0,88.6,89.4,148308
2024-09-20,90.5,90.5,90.8,89.0,89.2,366600
2024-09-23,99.5,99.5,99.5,93.8,93.8,1571702
2024-09-24,108.0,108.0,109.0,100.0,100.5,2566070
2024-09-25,102.5,102.5,108.5,102.0,106.5,1768105
2024-09-26,106.5,106.5,109.0,100.5,103.0,1858386
2024-09-27,107.5,107.5,111.0,106.5,107.5,1455481
2024-09-30,105.5,105.5,109.5,104.5,108.0,615371
2024-10-01,106.0,106.0,107.0,104.0,106.5,487942
2024-10-04,104.5,104.5,108.0,101.5,108.0,614116
2024-10-07,100.0,100.0,105.5,99.9,102.5,776801
2024-10-08,99.5,99.5,100.5,98.0,98.5,711493
2024-10-09,98.6,98.6,100.5,98.2,99.9,277052
2024-10-11,98.0,98.0,100.5,98.0,99.9,533335
2024-10-14,105.5,105.5,107.0,97.9,98.5,1199510
2024-10-15,105.0,105.0,108.5,104.0,105.5,998985
2024-10-16,112.0,112.0,114.0,103.5,103.5,1952927
2024-10-17,112.5,112.5,118.5,112.0,112.5,1883573
2024-10-18,112.5,112.5,115.5,106.5,111.5,1588599
2024-10-21,114.0,114.0,121.0,112.5,113.0,1765756
2024-10-22,113.0,113.0,114.5,110.0,114.0,1044737
2024-10-23,115.5,115.5,115.5,112.0,114.0,711874
2024-10-24,116.5,116.5,119.5,112.5,115.0,1275511
2024-10-25,115.5,115.5,116.5,112.5,116.5,978901
2024-10-28,113.5,113.5,116.0,112.0,115.5,484886
2024-10-29,114.0,114.0,115.0,111.5,113.5,550585
2024-10-30,119.0,119.0,122.0,111.0,113.0,1703870
2024-11-01,130.5,130.5,130.5,117.0,118.5,4493313
2024-11-04,143.5,143.5,143.5,128.0,134.0,8115941
2024-11-05,139.0,139.0,145.0,137.0,141.5,6136264
2024-11-06,146.0,146.0,152.5,138.0,140.0,9890247
2024-11-07,144.5,144.5,149.5,142.0,144.0,4592445
2024-11-08,140.5,140.5,145.0,140.0,143.5,2281474
2024-11-11,146.5,146.5,149.5,140.5,141.0,3311775
2024-11-12,142.5,142.5,150.5,141.0,150.0,3505269
2024-11-13,147.0,147.0,156.5,141.0,144.5,5552771
2024-11-14,147.0,147.0,154.5,144.0,148.5,5919025
2024-11-15,137.0,137.0,151.5,132.5,147.0,7682398
2024-11-18,140.0,140.0,143.5,138.5,138.5,3804205
2024-11-19,148.5,148.5,149.0,138.0,141.0,3062586
2024-11-20,149.5,149.5,150.5,145.0,149.5,1783408
2024-11-21,148.5,148.5,151.5,148.0,150.5,1118600
2024-11-22,147.5,147.5,152.5,146.5,149.0,1212806
2024-11-25,154.0,154.0,154.0,145.5,148.0,1596966
2024-11-26,150.0,150.0,156.0,148.0,153.0,1091954
2024-11-27,143.5,143.5,149.5,142.5,149.5,1428577
2024-11-28,139.5,139.5,144.0,137.0,143.5,1843383
2024-11-29,138.5,138.5,145.5,138.5,139.5,1430163
2024-12-02,138.5,138.5,142.5,138.0,138.5,1229416
2024-12-03,139.5,139.5,141.0,135.0,138.0,1647262
2024-12-04,147.0,147.0,149.5,139.5,139.5,2143780
2024-12-05,142.0,142.0,153.5,141.0,144.0,2863137
2024-12-06,141.5,141.5,144.5,140.5,141.5,784236
2024-12-09,139.0,139.0,143.0,139.0,141.5,737343
2024-12-10,137.5,137.5,139.0,130.5,136.5,2140291
2024-12-11,134.5,134.5,135.5,131.5,135.0,1361674
2024-12-12,137.5,137.5,140.5,135.0,135.0,840686
2024-12-13,131.5,131.5,138.0,131.5,137.5,882303
2024-12-16,133.0,133.0,134.0,129.5,132.0,877728
2024-12-17,130.0,130.0,135.0,130.0,135.0,321410
2024-12-18,129.5,129.5,131.0,128.5,129.0,528066
2024-12-19,123.5,123.5,128.5,123.5,126.5,854800
2024-12-20,122.0,122.0,124.5,121.5,123.5,676367
2024-12-23,124.5,124.5,126.5,120.0,123.0,550678
2024-12-24,122.5,122.5,125.5,122.0,125.5,232021
2024-12-25,122.5,122.5,124.5,122.0,123.5,331237
2024-12-26,122.0,122.0,123.0,120.5,122.0,279267
2024-12-27,120.5,120.5,123.5,120.5,123.5,279268
2024-12-30,120.0,120.0,122.0,119.0,121.5,325796
2024-12-31,120.0,120.0,121.0,118.0,120.0,288193
2025-01-02,124.0,124.0,125.5,119.0,119.0,538448
2025-01-03,123.0,123.0,124.5,122.0,124.0,408717
2025-01-06,126.0,126.0,131.0,122.0,123.0,995565
2025-01-07,123.0,123.0,129.5,122.5,127.0,954606
2025-01-08,129.0,129.0,130.0,121.0,123.0,1279794
2025-01-09,125.0,125.0,129.5,123.5,127.5,1108358
2025-01-10,123.0,123.0,126.5,123.0,124.5,514571
2025-01-13,123.0,123.0,126.5,120.5,122.5,983296
2025-01-14,127.5,127.5,129.0,122.5,124.0,1627479
2025-01-15,126.0,126.0,135.5,126.0,127.5,2119095
2025-01-16,125.0,125.0,131.0,124.5,127.5,1064628
2025-01-17,126.0,126.0,132.0,126.0,128.5,1178430
2025-01-20,125.5,125.5,127.5,119.0,126.0,1872609
2025-01-21,124.0,124.0,129.0,122.0,127.5,1451207
2025-01-22,136.0,136.0,136.0,127.0,128.0,3891428
2025-02-03,133.0,133.0,144.0,131.5,135.0,6590441
2025-02-04,134.0,134.0,139.0,132.0,135.0,2935565
2025-02-05,140.0,140.0,142.5,134.0,135.5,3431530
2025-02-06,146.5,146.5,150.5,139.0,141.5,5069098
2025-02-07,142.5,142.5,151.5,141.0,147.5,3117392
2025-02-10,138.5,138.5,145.0,138.0,143.5,1408150
2025-02-11,140.0,140.0,142.0,137.0,140.0,1733614
2025-02-12,136.0,136.0,144.5,135.0,144.0,2350816
2025-02-13,140.0,140.0,141.0,134.0,136.0,1206492
2025-02-14,140.5,140.5,141.5,137.0,139.5,780608
2025-02-17,139.5,139.5,142.5,139.5,141.5,750754
2025-02-18,145.0,145.0,146.0,137.0,139.5,2996868
2025-02-19,159.5,159.5,159.5,145.5,146.0,6207445
2025-02-20,153.5,153.5,165.0,153.0,163.0,9948673
2025-02-21,162.0,162.0,168.0,153.0,153.5,8047365
2025-02-24,166.0,166.0,173.5,160.0,160.0,10102197
2025-02-25,162.5,162.5,170.0,161.0,167.0,5998229
2025-02-26,159.0,159.0,164.5,155.0,163.5,3711974
2025-02-27,157.5,157.5,160.5,156.0,159.5,3467702
2025-03-03,154.5,154.5,157.0,149.5,155.5,2024248
2025-03-04,150.0,150.0,154.0,148.0,152.5,1739046
2025-03-05,148.5,148.5,152.0,141.5,151.5,2964916
2025-03-06,149.0,149.0,156.5,146.0,151.5,3684634
2025-03-07,143.5,143.5,148.5,140.0,148.0,3148164
2025-03-10,138.0,138.0,145.0,138.0,142.0,1749523
2025-03-11,128.5,128.5,134.5,127.0,134.0,3447110
2025-03-12,130.5,130.5,132.5,126.0,129.5,3082305
2025-03-13,125.0,125.0,131.5,124.5,131.0,3304405
2025-03-14,124.5,124.5,125.5,122.0,124.0,2241958
2025-03-17,123.5,123.5,126.0,123.0,126.0,1202727
2025-03-18,127.0,127.0,129.0,123.0,123.5,2349677
2025-03-19,126.0,126.0,129.0,125.5,127.5,956758
2025-03-20,127.5,127.5,129.5,126.5,127.0,934914
2025-03-21,128.0,128.0,129.5,126.5,127.5,801555
2025-03-24,125.0,125.0,128.5,125.0,128.5,798870
2025-03-25,126.5,126.5,127.5,125.0,127.0,686532
2025-03-26,128.0,128.0,130.0,126.5,127.0,788448
2025-03-27,127.5,127.5,127.5,125.0,127.0,486937
2025-03-28,124.5,124.5,127.0,120.5,127.0,1163257
2025-03-31,118.0,118.0,122.0,116.0,121.0,2196357
2025-04-01,124.0,124.0,125.0,118.0,118.5,1065164
2025-04-02,125.0,125.0,127.5,123.5,125.5,776784
2025-04-07,112.5,112.5,112.5,112.5,112.5,82833
2025-04-08,101.5,101.5,101.5,101.5,101.5,243707
2025-04-09,91.4,91.4,91.4,91.4,91.4,505049
2025-04-10,100.5,100.5,100.5,100.5,100.5,409859
2025-04-11,99.5,99.5,99.5,90.5,95.0,2484790
2025-04-14,98.2,98.2,103.0,97.2,101.5,2313719
2025-04-15,104.5,104.5,106.0,99.0,99.0,2027902
2025-04-16,101.0,101.0,105.5,101.0,105.5,1198574
2025-04-17,101.0,101.0,103.5,99.2,101.0,1049292
2025-04-18,105.0,105.0,105.0,101.0,102.5,937801
2025-04-21,104.0,104.0,107.0,103.0,103.5,967320
2025-04-22,100.5,100.5,106.0,100.5,105.5,1305016
2025-04-23,106.5,106.5,108.5,103.0,104.0,2121743
2025-04-24,107.0,107.0,109.0,105.5,107.0,1549983
2025-04-25,112.0,112.0,113.5,110.0,111.5,1519087
2025-04-28,106.5,106.5,113.5,106.5,112.5,2208546
2025-04-29,117.0,117.0,117.0,106.5,108.0,1853606
2025-04-30,116.0,116.0,120.0,114.5,115.5,2960738
2025-05-02,112.0,112.0,117.0,110.0,116.0,2104395
2025-05-05,101.0,101.0,112.0,101.0,112.0,2124837
2025-05-06,103.0,103.0,103.5,96.5,99.5,2611884
2025-05-07,104.5,104.5,105.5,100.0,102.5,1565870
2025-05-08,111.5,111.5,112.0,105.0,105.0,1918891
2025-05-09,109.0,109.0,112.0,108.5,111.0,984783
2025-05-12,111.5,111.5,114.5,109.0,111.0,866892
2025-05-13,116.5,116.5,121.0,112.5,114.5,3554107
2025-05-14,117.5,117.5,121.0,114.0,116.0,3022437
2025-05-15,116.5,116.5,122.0,116.0,119.0,1489395
2025-05-16,113.0,113.0,117.0,112.5,117.0,1088199
2025-05-19,111.0,111.0,113.5,109.5,112.0,820857
2025-05-20,112.0,112.0,113.5,111.0,111.5,541778
2025-05-21,112.5,112.5,113.5,110.0,112.0,615268
2025-05-22,110.5,110.5,111.5,108.0,111.0,614192
2025-05-23,110.5,110.5,113.5,110.0,112.0,456338
2025-05-26,111.5,111.5,113.5,110.5,111.5,538278
2025-05-27,114.0,114.0,116.5,111.5,112.0,1201272
2025-05-28,112.0,112.0,116.0,111.0,116.0,739251
2025-05-29,117.5,117.5,120.5,114.5,114.5,4175502
2025-06-02,108.5,108.5,118.5,108.5,117.5,3048876
2025-06-03,107.0,107.0,110.0,104.0,109.5,1146110
2025-06-04,107.0,107.0,109.5,106.0,107.5,1304471
2025-06-05,107.0,107.0,108.0,105.5,107.0,2594444
2025-06-06,107.0,107.0,108.5,106.0,107.0,433421
2025-06-09,110.0,110.0,113.0,107.5,109.0,2927431
2025-06-10,110.0,110.0,111.0,108.5,110.0,628476
2025-06-11,113.0,113.0,113.0,108.5,111.0,1669596
2025-06-12,113.5,113.5,114.0,110.0,113.0,1326143
2025-06-13,110.5,110.5,114.5,110.5,112.5,1273274
2025-06-16,113.0,113.0,113.5,110.0,111.5,874202
2025-06-17,113.5,113.5,119.0,113.0,115.0,1926727
2025-06-18,113.0,113.0,115.0,112.5,114.0,551882
2025-06-19,111.5,111.5,113.0,107.5,113.0,2025929
2025-06-20,106.0,106.0,109.5,101.0,109.0,3523104
2025-06-23,98.2,98.2,99.3,97.3,98.8,892441
2025-06-24,99.9,99.9,102.0,99.1,99.1,1036754
2025-06-25,109.5,109.5,109.5,100.0,100.5,2494461
2025-06-26,107.5,107.5,110.0,107.0,109.5,1311549
2025-06-27,107.5,107.5,111.0,107.0,110.0,1063941
2025-06-30,106.5,106.5,108.5,104.0,108.0,744828
2025-07-01,106.5,106.5,108.5,106.0,107.0,766089
2025-07-02,108.5,108.5,110.0,105.5,107.0,1137702
2025-07-03,113.0,113.0,119.0,112.0,119.0,8397055
2025-07-04,109.5,109.5,115.0,108.5,113.0,2152588
2025-07-07,109.0,109.0,110.0,106.5,110.0,848253
2025-07-08,111.0,111.0,113.0,106.5,108.5,1742787
2025-07-09,105.0,105.0,107.5,102.0,107.5,3177082
2025-07-10,104.0,104.0,105.0,102.5,104.0,1018765
2025-07-11,104.5,104.5,105.5,103.5,104.0,1072650
2025-07-14,101.5,101.5,104.5,101.0,104.0,901311
2025-07-15,102.0,102.0,103.0,101.5,102.0,310745
2025-07-16,101.5,101.5,103.5,101.5,102.0,450023
2025-07-17,103.5,103.5,106.0,102.0,102.0,952518
2025-07-18,102.5,102.5,105.0,102.5,104.5,717095
2025-07-21,103.5,103.5,105.5,102.5,103.0,565313
2025-07-22,103.5,103.5,108.5,103.0,106.5,2354638
2025-07-23,105.0,105.0,106.0,104.5,105.0,1014347
2025-07-24,103.0,103.0,106.0,102.5,106.0,1115277
2025-07-25,103.0,103.0,105.0,102.5,103.5,618514
2025-07-28,102.0,102.0,104.0,102.0,104.0,798050
2025-07-29,101.5,101.5,103.0,100.0,102.0,883646
2025-07-30,102.0,102.0,103.0,101.5,101.5,350332
2025-07-31,101.0,101.0,102.5,101.0,102.0,512446
2025-08-01,101.5,101.5,102.0,99.5,100.5,283679
2025-08-04,104.0,104.0,104.5,100.0,101.0,837431
2025-08-05,105.5,105.5,106.0,104.0,105.5,1195597
2025-08-06,107.0,107.0,108.0,105.0,105.5,1153780
2025-08-07,107.0,107.0,109.5,106.5,108.5,1166461
2025-08-08,111.5,111.5,113.0,105.5,108.5,1994225
2025-08-11,112.0,112.0,113.5,110.5,112.5,859050
2025-08-12,108.5,108.5,112.5,108.0,112.0,2092656
2025-08-13,109.0,109.0,111.0,108.0,109.0,829719
2025-08-14,108.5,108.5,113.0,108.5,110.0,1575102
2025-08-15,110.5,110.5,111.0,108.0,110.0,869243
2025-08-18,106.5,106.5,111.0,105.5,111.0,1722517
2025-08-19,104.0,104.0,106.5,103.5,106.5,1160666
2025-08-20,104.5,104.5,105.0,102.0,104.5,1001356
2025-08-21,104.5,104.5,105.5,104.0,104.5,268251
2025-08-22,103.0,103.0,105.0,103.0,104.5,399967
2025-08-25,104.5,104.5,105.0,104.0,104.0,316865
2025-08-26,103.5,103.5,104.0,102.0,104.0,606260
2025-08-27,105.0,105.0,105.5,103.5,103.5,545801
2025-08-28,105.5,105.5,107.5,104.5,105.0,745338
2025-08-29,104.5,104.5,106.5,104.5,106.0,411837
2025-09-01,102.0,102.0,104.5,101.5,104.5,737036
2025-09-02,100.5,100.5,103.0,100.0,102.0,1044654
2025-09-03,100.0,100.0,101.0,99.8,100.0,931747
2025-09-04,101.5,101.5,103.5,100.0,100.0,886174
2025-09-05,103.0,103.0,103.0,100.5,103.0,860793
2025-09-08,101.5,101.5,102.0,99.3,101.5,1834410
2025-09-09,103.5,103.5,103.5,99.9,102.5,886024
2025-09-10,100.5,100.5,102.0,100.5,102.0,575850
2025-09-11,98.2,98.2,100.5,98.0,100.5,1555965
2025-09-12,99.9,99.9,101.0,98.9,100.0,431313
2025-09-15,99.5,99.5,100.0,99.1,100.0,241851
2025-09-16,99.5,99.5,100.5,99.5,100.0,254302
2025-09-17,100.5,100.5,103.0,100.0,100.0,729142
2025-09-18,104.0,104.0,106.5,101.0,101.0,2088726
2025-09-19,106.0,106.0,107.5,105.0,105.5,1453497
2025-09-22,107.5,107.5,109.0,105.0,106.5,902336
2025-09-23,104.5,104.5,108.0,104.0,108.0,1406473
2025-09-24,103.5,103.5,106.0,103.0,105.5,692002
2025-09-25,103.0,103.0,105.0,102.5,103.5,435722
2025-09-26,104.0,104.0,104.0,100.5,103.0,903200
2025-09-30,102.0,102.0,103.5,101.0,103.0,441707
2025-10-01,102.0,102.0,103.0,101.5,103.0,230156
2025-10-02,112.0,112.0,112.0,103.0,103.0,4250097
2025-10-03,116.5,116.5,119.0,110.5,114.0,6484075
2025-10-07,117.0,117.0,118.0,114.5,115.0,1539596
2025-10-08,123.5,123.5,124.5,116.0,117.5,2840956
2025-10-09,120.0,120.0,125.0,120.0,122.0,2950091
2025-10-13,118.0,118.0,119.5,115.5,116.0,1587610
2025-10-14,116.0,116.0,120.5,116.0,119.0,1485165
2025-10-15,123.0,123.0,123.0,116.5,117.0,3016337
2025-10-16,118.5,118.5,123.0,116.5,121.5,2097024
2025-10-17,119.5,119.5,119.5,117.0,119.0,530486
2025-10-20,117.0,117.0,120.0,116.5,120.0,1100434
2025-10-21,114.5,114.5,118.0,114.0,118.0,992327
2025-10-22,116.0,116.0,118.5,111.5,113.5,2164116
2025-10-23,117.0,117.0,118.0,116.0,116.0,649553
2025-10-27,116.5,116.5,117.5,114.5,117.5,884915
2025-10-28,112.5,112.5,117.5,112.0,117.5,775713
2025-10-29,114.5,114.5,117.0,111.5,113.5,911909
2025-10-30,113.5,113.5,114.5,112.5,113.0,646116
2025-10-31,112.5,112.5,114.5,112.0,114.5,793036
2025-11-03,115.0,115.0,115.5,112.0,112.5,615955
2025-11-04,119.0,119.0,120.0,114.5,115.5,1324938
2025-11-05,122.5,122.5,123.0,116.5,117.0,1641626
2025-11-06,113.5,113.5,121.0,111.5,121.0,2906238
2025-11-07,116.0,116.0,116.0,112.0,112.0,1385960
2025-11-10,113.0,113.0,116.0,112.5,115.0,349146
2025-11-11,112.5,112.5,116.0,112.5,113.5,481352
2025-11-12,115.5,115.5,116.0,112.0,114.0,758224
2025-11-13,120.0,120.0,120.0,115.0,115.0,1528943
2025-11-14,116.0,116.0,120.5,115.5,117.5,1052690
2025-11-17,114.5,114.5,117.5,114.5,117.5,327529
2025-11-18,108.5,108.5,114.5,108.5,114.5,1083583
2025-11-19,110.5,110.5,113.0,108.0,108.5,454837
2025-11-20,111.5,111.5,113.0,110.5,112.0,311415
2025-11-21,113.0,113.0,113.5,111.0,111.0,775906
2025-11-24,114.0,114.0,119.5,114.0,114.5,1526658
2025-11-25,113.5,113.5,115.0,113.0,114.5,276431
2025-11-26,117.0,117.0,119.0,114.5,115.0,979411
2025-11-27,116.5,116.5,117.5,115.5,117.0,281660
2025-11-28,114.0,114.0,117.0,113.5,116.0,591183
2025-12-01,117.5,117.5,119.5,114.0,114.0,845644
2025-12-02,119.0,119.0,122.0,117.5,118.5,1381241
2025-12-03,118.0,118.0,120.0,117.5,120.0,481797
2025-12-04,120.0,120.0,120.0,117.5,119.0,759526
2025-12-05,119.0,119.0,121.5,118.5,120.5,559538
2025-12-08,118.0,118.0,119.0,116.0,119.0,628829
2025-12-09,115.5,115.5,118.0,114.5,118.0,548512
2025-12-10,115.0,115.0,116.0,114.0,116.0,283734
2025-12-11,115.5,115.5,116.0,114.5,115.5,188175
2025-12-12,116.0,116.0,117.0,115.5,116.0,221727
2025-12-15,115.0,115.0,115.5,114.0,115.0,224247
2025-12-16,113.5,113.5,115.5,112.5,115.0,514971
2025-12-17,112.0,112.0,114.5,112.0,113.0,416999
2025-12-18,111.5,111.5,113.0,110.5,112.5,526999
2025-12-19,113.5,113.5,113.5,112.0,112.5,397472
2025-12-22,114.0,114.0,115.5,113.5,114.5,222262
2025-12-23,111.0,111.0,114.0,110.5,114.0,698238
2025-12-24,110.5,110.5,112.0,110.0,111.5,313566
2025-12-26,110.5,110.5,112.5,110.5,111.0,227203
2025-12-29,108.0,108.0,111.0,108.0,110.5,866777
2025-12-30,106.0,106.0,108.0,103.5,108.0,1117736
2025-12-31,105.5,105.5,106.5,104.5,106.0,500694
2026-01-02,105.5,105.5,109.0,105.0,105.0,607959
2026-01-05,102.5,102.5,106.0,101.5,106.0,1444997
2026-01-06,102.5,102.5,104.0,101.5,102.5,1288692
2026-01-07,103.0,103.0,103.5,101.0,101.5,1386149
2026-01-08,104.0,104.0,105.0,102.5,103.5,979806
2026-01-09,104.0,104.0,107.0,103.5,104.5,1507232
2026-01-12,107.0,107.0,107.0,104.0,105.0,556367
2026-01-13,103.0,103.0,107.5,103.0,107.5,784644
2026-01-14,108.0,108.0,109.0,104.0,104.0,716571
2026-01-15,107.5,107.5,108.5,106.5,108.0,465915
2026-01-16,108.0,108.0,109.5,105.5,108.0,630234
2026-01-19,106.0,106.0,109.0,106.0,107.0,947584
2026-01-20,108.0,108.0,109.0,105.0,106.0,699040
2026-01-21,108.5,108.5,109.5,107.5,107.5,621589
2026-01-22,109.0,109.0,109.5,108.0,108.5,273808
2026-01-23,107.0,107.0,109.5,107.0,109.0,389626
2026-01-26,107.5,107.5,108.5,105.5,107.0,392171
2026-01-27,105.0,105.0,109.5,104.5,107.5,709030
2026-01-28,105.0,105.0,106.0,104.5,105.5,280775
2026-01-29,104.0,104.0,105.0,103.0,105.0,317295
2026-01-30,101.5,101.5,105.0,101.5,105.0,577610
2026-02-02,101.0,101.0,102.5,99.7,101.5,900516
2026-02-03,101.5,101.5,102.5,100.5,102.5,232013
2026-02-04,102.0,102.0,102.0,100.5,101.5,227093
2026-02-05,101.5,101.5,104.5,101.5,102.5,365657
2026-02-06,100.5,100.5,101.5,98.7,101.5,529857
2026-02-09,99.9,99.9,101.5,99.8,101.5,236932
2026-02-10,100.5,100.5,101.0,99.1,99.9,288491
2026-02-11,100.5,100.5,101.0,99.9,100.0,240479
2026-02-23,103.0,103.0,104.0,101.0,102.0,868427
2026-02-24,100.5,100.5,104.0,100.5,104.0,690413
2026-02-25,101.0,101.0,101.5,99.3,101.0,945813
2026-02-26,100.5,100.5,102.0,100.0,101.0,360739
2026-03-02,100.0,100.0,101.5,99.4,100.5,349463
2026-03-03,98.7,98.7,101.0,98.0,100.0,788530
2026-03-04,94.0,94.0,98.2,93.7,98.2,888126
2026-03-05,96.0,96.0,97.5,95.2,95.2,448408
2026-03-06,93.0,93.0,94.5,91.8,94.0,540271
2026-03-09,88.1,88.1,89.9,86.0,87.0,889515
2026-03-10,91.5,91.5,91.9,88.3,91.9,787507
2026-03-11,91.5,91.5,92.3,89.9,91.0,351035
2026-03-12,92.5,92.5,92.8,90.8,90.8,325800
2026-03-13,93.2,93.2,93.7,91.4,92.5,669558
2026-03-16,95.8,95.8,96.8,92.9,93.7,1220487
2026-03-17,98.6,98.6,99.0,95.2,96.8,915238
2026-03-18,101.0,101.0,101.5,99.0,99.8,663169
2026-03-19,93.7,93.7,100.5,93.3,99.3,1715706
2026-03-20,95.0,95.0,95.8,93.3,93.7,506582
2026-03-23,92.0,92.0,94.4,90.1,90.8,348037
2026-03-24,90.9,90.9,93.9,90.3,93.9,561233
2026-03-25,91.5,91.5,92.5,90.9,92.5,379480
2026-03-26,90.5,90.5,92.3,90.4,92.1,189866
2026-03-27,90.4,90.4,90.5,88.5,89.0,477654
2026-03-30,88.0,88.0,89.5,88.0,88.2,395654
2026-03-31,87.1,87.1,89.2,86.1,87.8,348162
2026-04-01,88.0,88.0,90.9,87.3,88.8,387841
2026-04-02,84.6,84.6,88.0,84.5,88.0,885633
2026-04-07,83.4,83.4,85.3,83.2,85.2,536967
2026-04-08,86.7,86.7,87.3,84.0,84.2,407198
2026-04-09,82.2,82.2,87.4,81.3,87.1,2605534
2026-04-10,83.6,83.6,85.4,83.6,84.5,438270
2026-04-13,81.1,81.1,83.6,80.5,83.6,1346454
2026-04-14,81.9,81.9,82.5,81.2,82.3,406009
2026-04-15,83.4,83.4,83.5,82.3,83.0,392650
2026-04-16,85.7,85.7,86.2,83.7,83.8,646622
2026-04-17,85.4,85.4,86.4,85.0,86.4,381207
2026-04-20,84.6,84.6,86.5,84.6,86.5,342367
2026-04-21,84.5,84.5,85.8,83.9,85.8,355246
2026-04-22,82.6,82.6,83.6,82.3,83.6,642742
2026-04-23,79.0,79.0,83.2,78.0,83.2,1611192
2026-04-24,77.6,77.6,79.3,76.4,79.3,1394532
2026-04-27,74.4,74.4,77.2,74.1,77.2,1383204
2026-04-28,77.5,77.5,78.1,74.7,75.7,821761
2026-04-29,77.3,77.3,79.0,76.1,78.5,487229
2026-04-30,78.1,78.1,78.8,76.5,77.6,541083
2026-05-04,79.8,79.8,80.5,77.0,78.1,767486
2026-05-05,79.7,79.7,81.4,79.4,80.4,651670
2026-05-06,79.7,79.7,81.0,77.1,81.0,827331
2026-05-07,84.4,84.4,84.8,78.8,80.0,1328405
2026-05-08,87.5,87.5,87.5,83.5,83.5,1345888
2026-05-11,92.0,92.0,92.5,87.0,88.0,1587701
2026-05-12,90.4,90.4,95.0,89.6,92.4,975537
2026-05-13,87.7,87.7,90.4,87.0,90.4,564939
2026-05-14,84.2,84.2,87.9,84.2,87.7,898382
2026-05-15,84.0,84.0,85.6,83.5,84.2,346857
2026-05-18,84.4,84.4,86.4,83.6,85.2,728225
2026-05-19,85.4,85.4,90.1,84.0,84.4,971297
2026-05-20,84.3,84.3,85.5,83.0,85.4,515477
2026-05-21,85.2,85.2,86.0,84.4,84.5,389105
2026-05-22,84.2,84.2,85.3,84.0,85.2,549164
2026-05-25,84.0,84.0,85.4,83.2,85.0,412641
2026-05-26,84.2,84.2,84.8,82.9,84.0,424613
2026-05-27,83.0,83.0,84.8,83.0,84.5,297630
2026-05-28,82.3,82.3,85.1,82.0,83.2,734120
2026-05-29,84.1,84.1,84.1,82.9,82.9,282693
2026-06-01,87.0,87.0,87.2,83.9,84.8,690392
2026-06-02,94.0,94.0,94.8,86.7,87.3,2390685
2026-06-03,96.9,96.9,96.9,93.4,95.0,1849185
2026-06-04,95.7,95.7,98.0,94.5,96.8,1265858
2026-06-05,95.5,95.5,97.4,94.0,97.0,756509
2026-06-08,95.0,95.0,95.0,89.9,89.9,899051
2026-06-09,95.8,95.8,97.2,93.5,95.0,904592
2026-06-10,94.7,94.7,95.4,93.3,94.3,1115033
2026-06-11,95.3,95.3,95.3,92.4,95.3,787143
2026-06-12,91.6,91.6,97.5,91.5,97.2,783367
2026-06-15,88.0,88.0,92.5,86.4,92.5,1246258
2026-06-16,87.1,87.1,88.8,86.2,88.8,313179
2026-06-17,86.1,86.1,87.1,85.8,87.1,245202
2026-06-18,85.7,85.7,87.6,85.5,87.5,358131
2026-06-22,88.5,88.5,88.6,85.5,86.0,932801
2026-06-23,87.2,87.2,88.8,87.1,88.8,387899
2026-06-24,85.8,85.8,87.8,85.8,86.5,272149
2026-06-25,86.0,86.0,86.5,85.5,86.1,369931
2026-06-26,77.3,77.3,80.0,77.0,78.8,536970
2026-06-29,76.0,76.0,79.1,75.5,77.6,509634
2026-06-30,74.7,74.7,76.5,74.5,76.1,402821
2026-07-01,73.5,73.5,75.7,73.1,74.8,586732
2026-07-02,72.5,72.5,74.4,72.0,74.4,511517
2026-07-03,73.5,73.5,74.2,72.5,72.5,340915
2026-07-06,73.5,73.5,75.3,73.0,73.9,290767
2026-07-07,71.8,71.8,73.4,71.5,72.7,420369
2026-07-08,71.0,71.0,72.5,70.1,72.5,334325
2026-07-09,71.2,71.2,71.9,70.7,71.3,297669
2026-07-13,71.0,71.0,72.3,70.5,71.7,232830
2026-07-14,70.2,70.2,71.9,69.4,71.9,396227
2026-07-15,71.0,71.0,71.4,70.1,70.2,259948
2026-07-16,71.0,71.0,71.5,70.1,71.1,523838
2026-07-17,70.0,70.0,71.1,69.9,70.3,595020
2026-07-20,70.1,70.1,71.6,69.2,71.0,537205
2026-07-21,69.5,69.5,71.0,69.3,70.2,463137
2026-07-22,69.8,69.8,70.5,69.5,70.1,408042
2026-07-23,70.6,70.6,70.6,69.4,69.8,327094
2026-07-24,69.0,69.0,70.6,68.6,70.5,448529
2026-07-27,72.0,72.0,72.9,69.1,69.9,471663
2026-07-28,70.4,70.4,71.7,69.6,71.7,230525
2026-07-29,69.5,69.5,71.6,68.0,71.3,437892
2026-07-30,69.0,69.0,69.9,68.0,69.9,503520
2026-07-31,69.0,69.0,71.2,69.0,69.7,244665
2026-08-03,69.0,69.0,69.5,68.3,69.0,384885
2026-08-04,64.9,64.9,68.7,64.6,68.5,3701081
2026-08-05,66.0,66.0,66.6,65.2,66.0,716622
2026-08-06,66.7,66.7,66.7,65.1,65.4,522205
2026-08-07,66.8,66.8,67.5,66.1,66.8,540940
2026-08-10,67.1,67.1,67.8,66.4,67.7,486838
2026-08-11,67.5,67.5,68.1,66.6,67.0,484455
2026-08-12,65.6,65.6,68.2,65.4,68.2,704387
2026-08-13,66.0,66.0,66.3,64.9,65.6,539607
2026-08-14,66.7,66.7,66.8,65.5,65.8,286515
2026-08-17,65.5,65.5,67.0,65.3,67.0,381755
2026-08-18,63.7,63.7,66.1,63.5,65.0,827597
2026-08-19,64.1,64.1,64.4,63.0,63.5,368060
2026-08-20,65.2,65.2,65.4,63.3,64.5,647272
2026-08-21,65.2,65.2,65.6,64.8,65.0,328331
2026-08-24,65.9,65.9,66.0,65.1,65.2,280455
2026-08-25,65.7,65.7,65.9,64.8,65.9,213850
2026-08-26,65.6,65.6,66.7,65.0,65.7,292954
2026-08-27,64.8,64.8,65.6,64.8,65.5,294925
2026-08-28,64.2,64.2,64.7,63.9,64.7,392033
2026-08-31,65.0,65.0,65.0,63.5,63.9,1475852
2026-09-01,64.6,64.6,65.6,63.9,63.9,381678
2026-09-02,64.0,64.0,64.4,63.6,64.0,272959
2026-09-03,64.0,64.0,64.6,64.0,64.0,118268
2026-09-04,64.1,64.1,64.3,63.6,64.0,167557
2026-09-07,63.8,63.8,64.5,63.4,64.5,284110
2026-09-08,63.7,63.7,64.1,63.5,63.7,114582
2026-09-09,63.4,63.4,63.7,63.2,63.6,155404
2026-09-10,62.4,62.4,63.2,62.2,63.2,491231
2026-09-11,61.5,61.5,62.3,61.5,62.1,450923
2026-09-14,61.7,61.7,62.1,61.1,61.5,247303
2026-09-15,62.4,62.4,63.2,61.7,61.9,241559
2026-09-16,62.0,62.0,62.6,61.7,62.6,343833
2026-09-17,62.5,62.5,63.5,62.2,62.2,463997
2026-09-18,62.9,62.9,62.9,62.5,62.5,157393
2026-09-21,62.4,62.4,62.9,62.0,62.5,175546
