Price,Adj Close,Close,High,Low,Open,Volume
Ticker,7547.TWO,7547.TWO,7547.TWO,7547.TWO,7547.TWO,7547.TWO
Date,,,,,,
2021-02-03,51.56193542480469,56.1396484375,56.1396484375,31.79590606689453,31.79590606689453,147833
2021-02-04,37.4166259765625,40.73850631713867,52.0657958984375,39.49647903442383,52.0657958984375,119858
2021-02-05,36.00209426879883,39.19839096069336,39.84424591064453,35.42262649536133,39.099029541015625,56522
2021-02-17,31.94101905822754,34.776771545410156,39.7448844909668,34.42900466918945,37.906681060791016,34520
2021-02-18,29.568262100219727,32.193355560302734,34.776771545410156,31.994630813598633,34.776771545410156,52736
2021-02-19,34.770084381103516,37.85700225830078,37.906681060791016,32.093994140625,32.093994140625,55918
2021-02-22,42.162147521972656,45.905338287353516,46.70023727416992,36.56529235839844,36.56529235839844,94404
2021-02-23,42.29903793334961,46.05438232421875,48.041629791259766,43.073516845703125,46.004703521728516,100344
2021-02-24,45.63003158569336,49.68110275268555,50.67472457885742,46.253108978271484,46.253108978271484,55354
2021-02-25,44.717430114746094,48.68748092651367,54.847938537597656,44.71299362182617,50.67472457885742,168575
2021-02-26,44.306766510009766,48.240352630615234,48.58811950683594,46.05438232421875,48.58811950683594,49817
2021-03-02,41.9796257019043,45.70661544799805,47.6938591003418,45.45820999145508,47.6938591003418,43779
2021-03-03,41.0670280456543,44.71299362182617,46.15374755859375,44.4149055480957,44.4645881652832,27174
2021-03-04,40.65635681152344,44.265865325927734,44.71299362182617,44.216182708740234,44.216182708740234,8554
2021-03-05,41.0670280456543,44.71299362182617,44.71299362182617,43.42128372192383,43.42128372192383,4528
2021-03-08,41.0670280456543,44.71299362182617,44.71299362182617,44.216182708740234,44.71299362182617,4025
2021-03-09,41.0670280456543,44.71299362182617,44.71299362182617,44.71299362182617,44.71299362182617,1006
2021-03-10,41.0670280456543,44.71299362182617,44.71299362182617,43.7193717956543,43.7193717956543,4025
2021-03-11,40.61072540283203,44.216182708740234,44.66331100463867,43.321922302246094,43.7193717956543,12077
2021-03-12,39.74375915527344,43.272239685058594,43.42128372192383,43.272239685058594,43.272239685058594,7246
2021-03-15,38.7855224609375,42.228939056396484,42.72574996948242,42.228939056396484,42.52702331542969,21487
2021-03-16,39.01367950439453,42.47734451293945,42.72574996948242,42.47734451293945,42.72574996948242,7246
2021-03-17,39.424346923828125,42.92447280883789,43.22256088256836,42.67606735229492,43.17287826538086,16205
2021-03-18,39.65249252319336,43.17287826538086,43.57032775878906,42.52702331542969,43.57032775878906,19121
2021-03-19,38.7855224609375,42.228939056396484,42.228939056396484,42.07989501953125,42.12957763671875,9057
2021-03-22,41.0670280456543,44.71299362182617,44.71299362182617,42.62638854980469,42.62638854980469,39250
2021-03-23,42.70970916748047,46.50151443481445,46.70023727416992,44.5142707824707,44.5142707824707,52333
2021-03-24,41.0670280456543,44.71299362182617,45.905338287353516,44.71299362182617,45.905338287353516,13687
2021-03-25,41.614585876464844,45.309165954589844,45.55757141113281,43.7690544128418,43.7690544128418,19121
2021-03-26,41.9796257019043,45.70661544799805,45.70661544799805,45.01108169555664,45.55757141113281,19222
2021-03-29,42.162147521972656,45.905338287353516,46.05438232421875,44.76267623901367,44.76267623901367,18518
2021-03-30,41.614585876464844,45.309165954589844,46.10406494140625,44.36522674560547,44.36522674560547,19222
2021-03-31,42.43592834472656,46.203426361083984,46.203426361083984,45.70661544799805,45.70661544799805,15096
2021-04-01,42.162147521972656,45.905338287353516,45.905338287353516,45.60725402832031,45.60725402832031,6038
2021-04-07,42.89222717285156,46.70023727416992,47.6938591003418,46.70023727416992,47.19704818725586,14593
2021-04-08,43.80482482910156,47.6938591003418,47.6938591003418,45.955020904541016,46.50151443481445,20128
2021-04-09,43.71356964111328,47.59449768066406,47.64418029785156,46.70023727416992,46.89896011352539,11070
2021-04-12,43.02912139892578,46.849281311035156,47.19704818725586,46.05438232421875,47.19704818725586,13083
2021-04-13,41.0670280456543,44.71299362182617,46.203426361083984,44.71299362182617,46.10406494140625,46295
2021-04-14,41.3408088684082,45.01108169555664,45.70661544799805,44.5142707824707,44.76267623901367,41263
2021-04-15,40.1544303894043,43.7193717956543,44.71299362182617,43.7193717956543,44.067138671875,52669
2021-04-16,37.4166259765625,40.73850631713867,43.22256088256836,36.764015197753906,42.775428771972656,190464
2021-04-19,36.04772186279297,39.24807357788086,39.7448844909668,38.75126266479492,39.54615783691406,37560
2021-04-20,36.36713409423828,39.59584045410156,39.59584045410156,38.00604248046875,39.24807357788086,3129
2021-04-21,36.04772186279297,39.24807357788086,39.49647903442383,39.24807357788086,39.49647903442383,4028
2021-04-22,34.86134338378906,37.956363677978516,40.68882369995117,37.956363677978516,39.24807357788086,89571
2021-04-23,35.59142303466797,38.75126266479492,38.99966812133789,38.75126266479492,38.99966812133789,5032
2021-04-26,34.67882537841797,37.75764083862305,39.24807357788086,37.75764083862305,38.94998550415039,56560
2021-04-27,35.59142303466797,38.75126266479492,39.84424591064453,38.70158004760742,38.75126266479492,65417
2021-04-28,35.22638702392578,38.35381317138672,39.39711380004883,38.204769134521484,39.39711380004883,40357
2021-04-29,35.54579162597656,38.70158004760742,39.14870834350586,38.254451751708984,38.254451751708984,26368
2021-05-03,35.637054443359375,38.800941467285156,38.800941467285156,37.85700225830078,37.85700225830078,3019
2021-05-04,35.08949661254883,38.204769134521484,38.204769134521484,37.55891418457031,37.80731964111328,12984
2021-05-05,35.50016403198242,38.65189743041992,38.75126266479492,38.155086517333984,38.155086517333984,29689
2021-05-06,35.135128021240234,38.254451751708984,38.75126266479492,38.05572509765625,38.155086517333984,12278
2021-05-07,35.135128021240234,38.254451751708984,38.254451751708984,38.254451751708984,38.254451751708984,0
2021-05-10,34.770084381103516,37.85700225830078,37.956363677978516,37.85700225830078,37.906681060791016,7044
2021-05-11,33.40118408203125,36.36656951904297,37.85700225830078,36.0684814453125,37.85700225830078,35325
2021-05-12,32.85361862182617,35.77039337158203,36.764015197753906,35.6213493347168,36.56529235839844,12177
2021-05-13,33.3099250793457,36.26720428466797,36.26720428466797,35.12453842163086,35.6710319519043,34218
2021-05-14,32.67110061645508,35.57167053222656,36.0684814453125,35.273582458496094,36.0684814453125,11070
2021-05-17,30.115816116333008,32.789527893066406,34.776771545410156,32.4417610168457,34.72709274291992,45389
2021-05-18,30.845903396606445,33.58442687988281,33.58442687988281,32.789527893066406,32.789527893066406,12077
2021-05-19,32.123538970947266,34.97549819946289,34.97549819946289,33.18697738647461,33.78314971923828,16102
2021-05-20,31.302204132080078,34.08123779296875,34.37932586669922,34.08123779296875,34.37932586669922,9057
2021-05-21,31.57598304748535,34.37932586669922,34.72709274291992,33.78314971923828,33.78314971923828,3120
2021-05-24,31.57598304748535,34.37932586669922,34.37932586669922,34.37932586669922,34.37932586669922,0
2021-05-25,31.57598304748535,34.37932586669922,34.37932586669922,34.37932586669922,34.37932586669922,0
2021-05-26,31.57598304748535,34.37932586669922,34.37932586669922,34.37932586669922,34.37932586669922,0
2021-05-27,31.57598304748535,34.37932586669922,34.37932586669922,34.37932586669922,34.37932586669922,0
2021-05-28,31.57598304748535,34.37932586669922,34.37932586669922,34.37932586669922,34.37932586669922,0
2021-05-31,31.57598304748535,34.37932586669922,34.37932586669922,34.37932586669922,34.37932586669922,0
2021-06-01,31.57598304748535,34.37932586669922,34.37932586669922,34.37932586669922,34.37932586669922,0
2021-06-02,31.57598304748535,34.37932586669922,34.37932586669922,34.37932586669922,34.37932586669922,0
2021-06-03,31.57598304748535,34.37932586669922,34.37932586669922,34.37932586669922,34.37932586669922,0
2021-06-04,31.57598304748535,34.37932586669922,34.37932586669922,34.37932586669922,34.37932586669922,0
2021-06-07,31.57598304748535,34.37932586669922,34.37932586669922,34.37932586669922,34.37932586669922,0
2021-06-08,32.260433197021484,35.12453842163086,35.12453842163086,35.12453842163086,35.12453842163086,1
2021-06-09,32.260433197021484,35.12453842163086,35.12453842163086,35.12453842163086,35.12453842163086,0
2021-06-10,32.260433197021484,35.12453842163086,35.12453842163086,35.12453842163086,35.12453842163086,0
2021-06-11,31.94101905822754,34.776771545410156,35.22390365600586,34.776771545410156,35.17422103881836,8252
2021-06-15,31.94101905822754,34.776771545410156,34.776771545410156,34.776771545410156,34.776771545410156,0
2021-06-16,31.94101905822754,34.776771545410156,34.776771545410156,34.776771545410156,34.776771545410156,0
2021-06-17,31.119674682617188,33.882511138916016,33.981876373291016,33.48506546020508,33.83283233642578,13184
2021-06-18,31.4390926361084,34.230281829833984,34.776771545410156,33.38570022583008,33.43538284301758,8151
2021-06-21,30.617752075195312,33.336021423339844,33.336021423339844,33.336021423339844,33.336021423339844,1006
2021-06-22,30.617752075195312,33.336021423339844,33.68378829956055,33.336021423339844,33.68378829956055,2012
2021-06-23,31.028417587280273,33.78314971923828,34.230281829833984,33.78314971923828,34.230281829833984,4126
2021-06-24,31.21094512939453,33.981876373291016,33.981876373291016,33.981876373291016,33.981876373291016,3019
2021-06-25,31.302204132080078,34.08123779296875,34.08123779296875,34.08123779296875,34.08123779296875,2032
2021-06-28,31.393461227416992,34.180599212646484,34.180599212646484,34.08123779296875,34.08123779296875,3020
2021-06-29,31.393461227416992,34.180599212646484,34.37932586669922,34.08123779296875,34.08123779296875,13184
2021-06-30,31.48472023010254,34.27996063232422,34.27996063232422,34.03155517578125,34.03155517578125,3019
2021-07-01,31.028417587280273,33.78314971923828,33.78314971923828,33.037933349609375,33.037933349609375,6038
2021-07-02,31.028417587280273,33.78314971923828,33.78314971923828,33.78314971923828,33.78314971923828,0
2021-07-05,30.25271224975586,32.93857192993164,32.93857192993164,32.93857192993164,32.93857192993164,1006
2021-07-06,31.028417587280273,33.78314971923828,33.78314971923828,33.78314971923828,33.78314971923828,3019
2021-07-07,31.028417587280273,33.78314971923828,33.78314971923828,33.78314971923828,33.78314971923828,0
2021-07-08,31.028417587280273,33.78314971923828,33.78314971923828,33.78314971923828,33.78314971923828,0
2021-07-09,31.028417587280273,33.78314971923828,33.78314971923828,33.78314971923828,33.78314971923828,0
2021-07-12,31.028417587280273,33.78314971923828,33.78314971923828,33.78314971923828,33.78314971923828,0
2021-07-13,31.48472023010254,34.27996063232422,34.27996063232422,34.27996063232422,34.27996063232422,1006
2021-07-14,31.48472023010254,34.27996063232422,34.37932586669922,34.27996063232422,34.37932586669922,2013
2021-07-15,31.48472023010254,34.27996063232422,34.27996063232422,34.27996063232422,34.27996063232422,0
2021-07-16,31.48472023010254,34.27996063232422,34.27996063232422,34.27996063232422,34.27996063232422,0
2021-07-19,31.48472023010254,34.27996063232422,34.27996063232422,34.27996063232422,34.27996063232422,0
2021-07-20,31.48472023010254,34.27996063232422,34.27996063232422,34.27996063232422,34.27996063232422,0
2021-07-21,30.57212257385254,33.286338806152344,33.286338806152344,32.789527893066406,32.839210510253906,8051
2021-07-22,30.115816116333008,32.789527893066406,32.789527893066406,32.789527893066406,32.789527893066406,2516
2021-07-23,30.115816116333008,32.789527893066406,33.68378829956055,32.789527893066406,33.68378829956055,4025
2021-07-26,31.028417587280273,33.78314971923828,33.78314971923828,33.78314971923828,33.78314971923828,6
2021-07-27,30.161455154418945,32.839210510253906,32.839210510253906,32.839210510253906,32.839210510253906,201
2021-07-28,30.161455154418945,32.839210510253906,32.839210510253906,32.839210510253906,32.839210510253906,0
2021-07-29,30.161455154418945,32.839210510253906,32.839210510253906,32.839210510253906,32.839210510253906,0
2021-07-30,30.207080841064453,32.88888931274414,32.88888931274414,32.88888931274414,32.88888931274414,3019
2021-08-02,31.21094512939453,33.981876373291016,34.37932586669922,33.981876373291016,34.180599212646484,7045
2021-08-03,31.667240142822266,34.47868728637695,34.47868728637695,34.47868728637695,34.47868728637695,100
2021-08-04,31.712867736816406,34.52836608886719,34.52836608886719,33.78314971923828,34.47868728637695,18566
2021-08-05,31.712867736816406,34.52836608886719,34.52836608886719,34.52836608886719,34.52836608886719,0
2021-08-06,30.389604568481445,33.087615966796875,33.087615966796875,33.087615966796875,33.087615966796875,1006
2021-08-09,30.389604568481445,33.087615966796875,33.087615966796875,33.087615966796875,33.087615966796875,0
2021-08-10,30.389604568481445,33.087615966796875,33.087615966796875,33.087615966796875,33.087615966796875,1
2021-08-11,30.343971252441406,33.037933349609375,34.72709274291992,33.037933349609375,33.037933349609375,2013
2021-08-12,30.343971252441406,33.037933349609375,33.037933349609375,33.037933349609375,33.037933349609375,0
2021-08-13,30.343971252441406,33.037933349609375,33.037933349609375,33.037933349609375,33.037933349609375,2113
2021-08-16,30.343971252441406,33.037933349609375,33.037933349609375,33.037933349609375,33.037933349609375,0
2021-08-17,30.343971252441406,33.037933349609375,33.037933349609375,33.037933349609375,33.037933349609375,0
2021-08-18,30.343971252441406,33.037933349609375,33.037933349609375,33.037933349609375,33.037933349609375,0
2021-08-19,30.343971252441406,33.037933349609375,33.037933349609375,33.037933349609375,33.037933349609375,0
2021-08-20,31.667240142822266,34.47868728637695,34.47868728637695,34.47868728637695,34.47868728637695,2012
2021-08-23,31.667240142822266,34.47868728637695,34.47868728637695,34.47868728637695,34.47868728637695,1006
2021-08-24,31.667240142822266,34.47868728637695,34.47868728637695,34.47868728637695,34.47868728637695,1006
2021-08-25,32.22443771362305,34.47868728637695,34.47868728637695,34.47868728637695,34.47868728637695,0
2021-08-26,32.22443771362305,34.47868728637695,34.47868728637695,34.47868728637695,34.47868728637695,0
2021-08-27,32.22443771362305,34.47868728637695,34.47868728637695,34.47868728637695,34.47868728637695,0
2021-08-30,32.22443771362305,34.47868728637695,34.47868728637695,34.47868728637695,34.47868728637695,0
2021-08-31,31.85297393798828,34.08123779296875,34.08123779296875,34.08123779296875,34.08123779296875,20
2021-09-01,31.85297393798828,34.08123779296875,34.08123779296875,34.08123779296875,34.08123779296875,0
2021-09-02,31.85297393798828,34.08123779296875,34.08123779296875,34.08123779296875,34.08123779296875,0
2021-09-03,31.85297393798828,34.08123779296875,34.08123779296875,34.08123779296875,34.08123779296875,0
2021-09-06,31.85297393798828,34.08123779296875,34.08123779296875,34.08123779296875,34.08123779296875,0
2021-09-07,31.85297393798828,34.08123779296875,34.08123779296875,34.08123779296875,34.08123779296875,1006
2021-09-08,31.806541442871094,34.03155517578125,34.03155517578125,32.789527893066406,32.789527893066406,1419
2021-09-09,31.806541442871094,34.03155517578125,34.03155517578125,34.03155517578125,34.03155517578125,0
2021-09-10,31.806541442871094,34.03155517578125,34.03155517578125,34.03155517578125,34.03155517578125,0
2021-09-13,30.645713806152344,32.789527893066406,34.08123779296875,32.789527893066406,34.08123779296875,7044
2021-09-14,31.574373245239258,33.78314971923828,33.78314971923828,33.78314971923828,33.78314971923828,1
2021-09-15,31.574373245239258,33.78314971923828,33.78314971923828,33.78314971923828,33.78314971923828,0
2021-09-16,31.574373245239258,33.78314971923828,33.78314971923828,33.78314971923828,33.78314971923828,0
2021-09-17,31.574373245239258,33.78314971923828,33.78314971923828,33.78314971923828,33.78314971923828,0
2021-09-22,31.71367835998535,33.932193756103516,33.932193756103516,33.932193756103516,33.932193756103516,1
2021-09-23,31.574373245239258,33.78314971923828,33.78314971923828,33.78314971923828,33.78314971923828,100
2021-09-24,30.088523864746094,32.193355560302734,33.78314971923828,32.193355560302734,33.78314971923828,120
2021-09-27,31.063613891601562,33.236656188964844,33.236656188964844,33.236656188964844,33.236656188964844,1006
2021-09-28,31.620805740356445,33.83283233642578,33.83283233642578,33.43538284301758,33.43538284301758,23210
2021-09-29,31.295778274536133,33.48506546020508,33.78314971923828,33.48506546020508,33.63410568237305,8051
2021-09-30,31.295778274536133,33.48506546020508,33.48506546020508,33.48506546020508,33.48506546020508,0
2021-10-01,31.11004638671875,33.286338806152344,33.48506546020508,32.143672943115234,33.48506546020508,10064
2021-10-04,28.881267547607422,30.90164566040039,32.093994140625,29.460893630981445,32.093994140625,20252
2021-10-05,27.952608108520508,29.908023834228516,29.908023834228516,29.460893630981445,29.460893630981445,20128
2021-10-06,28.60266876220703,30.603559494018555,30.603559494018555,30.603559494018555,30.603559494018555,1006
2021-10-07,27.999042510986328,29.957704544067383,29.957704544067383,29.36153221130371,29.36153221130371,7548
2021-10-08,27.581144332885742,29.510576248168945,29.510576248168945,29.311851501464844,29.311851501464844,24
2021-10-12,27.581144332885742,29.510576248168945,29.510576248168945,29.510576248168945,29.510576248168945,1006
2021-10-13,27.39541244506836,29.311851501464844,29.510576248168945,29.212488174438477,29.212488174438477,8051
2021-10-14,27.20968246459961,29.113126754760742,29.80866241455078,29.113126754760742,29.80866241455078,3025
2021-10-15,27.20968246459961,29.113126754760742,29.113126754760742,29.113126754760742,29.113126754760742,0
2021-10-18,27.20968246459961,29.113126754760742,29.113126754760742,29.113126754760742,29.113126754760742,0
2021-10-19,27.20968246459961,29.113126754760742,29.113126754760742,29.113126754760742,29.113126754760742,0
2021-10-20,27.20968246459961,29.113126754760742,29.113126754760742,29.113126754760742,29.113126754760742,0
2021-10-21,26.46675682067871,28.31822967529297,28.31822967529297,28.31822967529297,28.31822967529297,503
2021-10-22,26.281023025512695,28.119504928588867,28.31822967529297,28.119504928588867,28.31822967529297,15096
2021-10-25,26.281023025512695,28.119504928588867,28.119504928588867,28.119504928588867,28.119504928588867,0
2021-10-26,26.18815803527832,28.0201416015625,28.26854705810547,26.827796936035156,27.324607849121094,25361
2021-10-27,27.859743118286133,29.80866241455078,29.80866241455078,28.566635131835938,28.566635131835938,12378
2021-10-28,27.859743118286133,29.80866241455078,29.80866241455078,29.80866241455078,29.80866241455078,1006
2021-10-29,27.859743118286133,29.80866241455078,29.80866241455078,29.80866241455078,29.80866241455078,0
2021-11-01,27.859743118286133,29.80866241455078,29.80866241455078,29.80866241455078,29.80866241455078,0
2021-11-02,27.163249969482422,29.063446044921875,29.113126754760742,29.063446044921875,29.113126754760742,5032
2021-11-03,27.859743118286133,29.80866241455078,29.80866241455078,29.311851501464844,29.311851501464844,4025
2021-11-04,27.39541244506836,29.311851501464844,29.311851501464844,28.864721298217773,28.864721298217773,2012
2021-11-05,26.931087493896484,28.815040588378906,28.815040588378906,28.815040588378906,28.815040588378906,2516
2021-11-08,28.788402557373047,30.802284240722656,31.34877586364746,29.113126754760742,29.113126754760742,31712
2021-11-09,28.788402557373047,30.802284240722656,31.79590606689453,30.404834747314453,31.746225357055664,17712
2021-11-10,29.717058181762695,31.79590606689453,31.79590606689453,30.404834747314453,30.404834747314453,1142
2021-11-11,28.37050437927246,30.355154037475586,30.355154037475586,30.355154037475586,30.355154037475586,603
2021-11-12,28.788402557373047,30.802284240722656,30.802284240722656,30.25579261779785,30.30547332763672,5132
2021-11-15,27.348979949951172,29.262170791625977,30.802284240722656,29.262170791625977,30.802284240722656,10074
2021-11-16,27.348979949951172,29.262170791625977,29.262170791625977,29.262170791625977,29.262170791625977,0
2021-11-17,27.859743118286133,29.80866241455078,29.80866241455078,28.815040588378906,28.815040588378906,3119
2021-11-18,27.859743118286133,29.80866241455078,29.80866241455078,29.311851501464844,29.36153221130371,20151
2021-11-19,27.859743118286133,29.80866241455078,29.80866241455078,29.80866241455078,29.80866241455078,0
2021-11-22,27.859743118286133,29.80866241455078,29.80866241455078,29.80866241455078,29.80866241455078,0
2021-11-23,27.859743118286133,29.80866241455078,29.80866241455078,29.411212921142578,29.411212921142578,6038
2021-11-24,39.79300308227539,42.57670593261719,42.62638854980469,29.80866241455078,30.156429290771484,131452
2021-11-25,41.04668426513672,43.918094635009766,49.68110275268555,43.17287826538086,43.22256088256836,112545
2021-11-26,34.77824783325195,37.21114730834961,42.03021240234375,36.0684814453125,42.03021240234375,61351
2021-11-29,34.174617767333984,36.56529235839844,38.45317459106445,36.56529235839844,38.45317459106445,7356
2021-11-30,35.01041030883789,37.45955276489258,38.254451751708984,36.56529235839844,36.56529235839844,22342
2021-12-01,33.89602279663086,36.26720428466797,37.310508728027344,36.26720428466797,36.56529235839844,33773
2021-12-02,34.824676513671875,37.260826110839844,37.260826110839844,35.57167053222656,35.57167053222656,2616
2021-12-03,34.7318115234375,37.16146469116211,37.16146469116211,35.6213493347168,35.6213493347168,6073
2021-12-06,33.849586486816406,36.217525482177734,36.217525482177734,35.52198791503906,35.52198791503906,4247
2021-12-07,33.849586486816406,36.217525482177734,36.217525482177734,36.217525482177734,36.217525482177734,0
2021-12-08,41.6038818359375,44.5142707824707,45.20980453491211,37.260826110839844,37.260826110839844,101637
2021-12-09,39.09650421142578,41.83148956298828,45.70661544799805,41.53340148925781,43.7193717956543,19724
2021-12-10,37.19275665283203,39.79456329345703,41.73212814331055,39.79456329345703,41.68244552612305,19423
2021-12-13,37.982120513916016,40.63914489746094,40.63914489746094,39.7448844909668,39.7448844909668,7296
2021-12-14,37.33205795288086,39.943607330322266,39.943607330322266,39.943607330322266,39.943607330322266,1006
2021-12-15,37.33205795288086,39.943607330322266,39.943607330322266,39.943607330322266,39.943607330322266,0
2021-12-16,37.33205795288086,39.943607330322266,39.943607330322266,39.943607330322266,39.943607330322266,0
2021-12-17,37.33205795288086,39.943607330322266,39.943607330322266,39.943607330322266,39.943607330322266,0
2021-12-20,37.33205795288086,39.943607330322266,39.943607330322266,39.943607330322266,39.943607330322266,0
2021-12-21,36.21766662597656,38.75126266479492,38.75126266479492,38.75126266479492,38.75126266479492,2012
2021-12-22,36.21766662597656,38.75126266479492,38.75126266479492,38.75126266479492,38.75126266479492,0
2021-12-23,38.539310455322266,41.23531723022461,41.23531723022461,39.7448844909668,39.7448844909668,15196
2021-12-24,38.07498550415039,40.73850631713867,42.62638854980469,40.73850631713867,42.62638854980469,3205
2021-12-27,38.02854919433594,40.68882369995117,40.68882369995117,40.68882369995117,40.68882369995117,1006
2021-12-28,37.982120513916016,40.63914489746094,40.63914489746094,40.63914489746094,40.63914489746094,1006
2021-12-29,37.79638671875,40.4404182434082,40.53977966308594,40.4404182434082,40.53977966308594,3044
2021-12-30,37.19275665283203,39.79456329345703,39.79456329345703,39.6455192565918,39.6455192565918,6239
2022-01-03,36.449832916259766,38.99966812133789,39.7448844909668,38.99966812133789,39.6455192565918,16605
2022-01-04,37.146324157714844,39.7448844909668,39.7448844909668,39.24807357788086,39.24807357788086,6038
2022-01-05,37.146324157714844,39.7448844909668,39.7448844909668,39.7448844909668,39.7448844909668,0
2022-01-06,38.07498550415039,40.73850631713867,40.73850631713867,40.73850631713867,40.73850631713867,2012
2022-01-07,36.68199157714844,39.24807357788086,40.73850631713867,39.099029541015625,40.73850631713867,7044
2022-01-10,36.542694091796875,39.099029541015625,39.24807357788086,38.800941467285156,38.800941467285156,6352
2022-01-11,36.21766662597656,38.75126266479492,39.24807357788086,38.70158004760742,38.75126266479492,8554
2022-01-12,35.38187789916992,37.85700225830078,37.85700225830078,37.75764083862305,37.75764083862305,4528
2022-01-13,35.38187789916992,37.85700225830078,37.85700225830078,37.85700225830078,37.85700225830078,0
2022-01-14,35.28900909423828,37.75764083862305,37.75764083862305,37.55891418457031,37.55891418457031,6038
2022-01-17,35.28900909423828,37.75764083862305,37.75764083862305,37.55891418457031,37.55891418457031,6038
2022-01-18,36.68199157714844,39.24807357788086,39.24807357788086,39.24807357788086,39.24807357788086,10
2022-01-19,35.38187789916992,37.85700225830078,37.85700225830078,37.65827560424805,37.65827560424805,6038
2022-01-20,35.38187789916992,37.85700225830078,37.85700225830078,37.85700225830078,37.85700225830078,0
2022-01-21,34.917545318603516,37.360191345214844,37.360191345214844,37.360191345214844,37.360191345214844,251
2022-01-24,34.917545318603516,37.360191345214844,37.360191345214844,37.360191345214844,37.360191345214844,0
2022-01-25,34.824676513671875,37.260826110839844,37.310508728027344,37.260826110839844,37.310508728027344,4025
2022-01-26,35.242576599121094,37.70795822143555,37.70795822143555,37.70795822143555,37.70795822143555,503
2022-02-07,35.242576599121094,37.70795822143555,37.70795822143555,37.70795822143555,37.70795822143555,0
2022-02-08,35.242576599121094,37.70795822143555,37.70795822143555,37.70795822143555,37.70795822143555,0
2022-02-09,35.242576599121094,37.70795822143555,37.70795822143555,37.70795822143555,37.70795822143555,0
2022-02-10,33.57099151611328,35.919437408447266,35.919437408447266,35.919437408447266,35.919437408447266,1006
2022-02-11,33.57099151611328,35.919437408447266,35.919437408447266,35.919437408447266,35.919437408447266,0
2022-02-14,33.94245529174805,36.31688690185547,36.31688690185547,35.86975860595703,36.118160247802734,12087
2022-02-15,33.89602279663086,36.26720428466797,36.26720428466797,36.26720428466797,36.26720428466797,503
2022-02-16,33.89602279663086,36.26720428466797,36.26720428466797,36.26720428466797,36.26720428466797,0
2022-02-17,33.89602279663086,36.26720428466797,36.26720428466797,36.26720428466797,36.26720428466797,0
2022-02-18,33.89602279663086,36.26720428466797,36.26720428466797,36.26720428466797,36.26720428466797,0
2022-02-21,34.638946533203125,37.062103271484375,38.155086517333984,35.6213493347168,35.6213493347168,23248
2022-02-22,33.988887786865234,36.36656951904297,36.36656951904297,36.36656951904297,36.36656951904297,3019
2022-02-23,34.174617767333984,36.56529235839844,36.56529235839844,36.26720428466797,36.26720428466797,6038
2022-02-24,34.174617767333984,36.56529235839844,36.56529235839844,36.56529235839844,36.56529235839844,0
2022-02-25,33.61742401123047,35.969120025634766,35.969120025634766,35.82007598876953,35.86975860595703,5132
2022-03-01,33.43169021606445,35.77039337158203,36.764015197753906,35.77039337158203,36.764015197753906,3527
2022-03-02,33.43169021606445,35.77039337158203,35.77039337158203,35.77039337158203,35.77039337158203,0
2022-03-03,33.43169021606445,35.77039337158203,35.77039337158203,35.77039337158203,35.77039337158203,0
2022-03-04,33.43169021606445,35.77039337158203,35.77039337158203,35.273582458496094,35.273582458496094,6038
2022-03-07,32.50303268432617,34.776771545410156,34.776771545410156,34.62772750854492,34.62772750854492,9057
2022-03-08,32.22443771362305,34.47868728637695,34.47868728637695,34.47868728637695,34.47868728637695,2012
2022-03-09,31.806541442871094,34.03155517578125,34.47868728637695,34.03155517578125,34.47868728637695,5032
2022-03-10,32.96736526489258,35.273582458496094,35.273582458496094,35.273582458496094,35.273582458496094,80
2022-03-11,32.96736526489258,35.273582458496094,35.273582458496094,35.273582458496094,35.273582458496094,0
2022-03-14,32.96736526489258,35.273582458496094,35.273582458496094,35.22390365600586,35.22390365600586,20
2022-03-15,32.96736526489258,35.273582458496094,35.273582458496094,35.273582458496094,35.273582458496094,0
2022-03-16,32.96736526489258,35.273582458496094,35.273582458496094,35.273582458496094,35.273582458496094,0
2022-03-17,32.96736526489258,35.273582458496094,35.273582458496094,35.273582458496094,35.273582458496094,0
2022-03-18,32.96736526489258,35.273582458496094,35.273582458496094,35.273582458496094,35.273582458496094,0
2022-03-21,31.435075759887695,33.63410568237305,33.63410568237305,33.63410568237305,33.63410568237305,1006
2022-03-22,31.435075759887695,33.63410568237305,33.63410568237305,33.63410568237305,33.63410568237305,0
2022-03-23,31.435075759887695,33.63410568237305,33.63410568237305,33.63410568237305,33.63410568237305,0
2022-03-24,31.342212677001953,33.53474426269531,33.53474426269531,33.53474426269531,33.53474426269531,1006
2022-03-25,31.38864517211914,33.58442687988281,33.58442687988281,33.58442687988281,33.58442687988281,1006
2022-03-28,31.342212677001953,33.53474426269531,33.58442687988281,33.53474426269531,33.58442687988281,4025
2022-03-29,31.11004638671875,33.286338806152344,33.286338806152344,33.286338806152344,33.286338806152344,3019
2022-03-30,31.11004638671875,33.286338806152344,33.286338806152344,33.286338806152344,33.286338806152344,0
2022-03-31,31.202911376953125,33.38570022583008,33.78314971923828,33.38570022583008,33.43538284301758,13083
2022-04-01,31.202911376953125,33.38570022583008,33.38570022583008,33.38570022583008,33.38570022583008,0
2022-04-06,31.202911376953125,33.38570022583008,33.38570022583008,33.38570022583008,33.38570022583008,0
2022-04-07,31.202911376953125,33.38570022583008,33.38570022583008,33.38570022583008,33.38570022583008,0
2022-04-08,31.202911376953125,33.38570022583008,33.38570022583008,33.38570022583008,33.38570022583008,0
2022-04-11,30.877883911132812,33.037933349609375,33.037933349609375,33.037933349609375,33.037933349609375,1006
2022-04-12,30.877883911132812,33.037933349609375,33.037933349609375,33.037933349609375,33.037933349609375,0
2022-04-13,30.831453323364258,32.98825454711914,33.037933349609375,32.98825454711914,33.037933349609375,6038
2022-04-14,30.831453323364258,32.98825454711914,32.98825454711914,32.98825454711914,32.98825454711914,0
2022-04-15,30.831453323364258,32.98825454711914,32.98825454711914,32.98825454711914,32.98825454711914,0
2022-04-18,30.831453323364258,32.98825454711914,32.98825454711914,32.98825454711914,32.98825454711914,0
2022-04-19,30.831453323364258,32.98825454711914,32.98825454711914,32.98825454711914,32.98825454711914,0
2022-04-20,31.11004638671875,33.286338806152344,33.286338806152344,33.286338806152344,33.286338806152344,1
2022-04-21,29.99566078186035,32.093994140625,32.093994140625,32.093994140625,32.093994140625,10
2022-04-22,29.99566078186035,32.093994140625,32.093994140625,32.093994140625,32.093994140625,0
2022-04-25,29.717058181762695,31.79590606689453,31.79590606689453,31.79590606689453,31.79590606689453,4025
2022-04-26,29.717058181762695,31.79590606689453,31.79590606689453,31.79590606689453,31.79590606689453,0
2022-04-27,29.066999435424805,31.100370407104492,31.64686393737793,31.100370407104492,31.64686393737793,9057
2022-04-28,29.066999435424805,31.100370407104492,31.100370407104492,31.100370407104492,31.100370407104492,0
2022-04-29,28.37050437927246,30.355154037475586,30.355154037475586,30.206111907958984,30.206111907958984,3020
2022-05-03,28.37050437927246,30.355154037475586,30.355154037475586,30.355154037475586,30.355154037475586,0
2022-05-04,28.37050437927246,30.355154037475586,30.355154037475586,30.355154037475586,30.355154037475586,0
2022-05-05,28.37050437927246,30.355154037475586,30.355154037475586,30.355154037475586,30.355154037475586,0
2022-05-06,26.97751808166504,28.864721298217773,29.758981704711914,28.864721298217773,28.864721298217773,4026
2022-05-09,26.97751808166504,28.864721298217773,28.864721298217773,28.864721298217773,28.864721298217773,1006
2022-05-10,28.2312068939209,30.206111907958984,30.206111907958984,30.206111907958984,30.206111907958984,2012
2022-05-11,27.859743118286133,29.80866241455078,29.80866241455078,29.80866241455078,29.80866241455078,1006
2022-05-12,27.859743118286133,29.80866241455078,29.80866241455078,29.80866241455078,29.80866241455078,0
2022-05-13,27.859743118286133,29.80866241455078,29.80866241455078,29.80866241455078,29.80866241455078,0
2022-05-16,26.00242805480957,27.82141876220703,27.82141876220703,27.672374725341797,27.722055435180664,13385
2022-05-17,26.00242805480957,27.82141876220703,28.2188663482666,27.82141876220703,28.2188663482666,4025
2022-05-18,25.53809928894043,27.324607849121094,27.523330688476562,27.225244522094727,27.324607849121094,19232
2022-05-19,25.25950050354004,27.026519775390625,27.026519775390625,26.92715835571289,26.92715835571289,4025
2022-05-20,25.16663360595703,26.92715835571289,26.976839065551758,26.92715835571289,26.976839065551758,7044
2022-05-23,25.25950050354004,27.026519775390625,27.125883102416992,27.026519775390625,27.076200485229492,8051
2022-05-24,25.07377052307129,26.827796936035156,26.827796936035156,26.827796936035156,26.827796936035156,100
2022-05-25,25.07377052307129,26.827796936035156,26.827796936035156,26.827796936035156,26.827796936035156,0
2022-05-26,24.98090362548828,26.72843360900879,26.72843360900879,26.72843360900879,26.72843360900879,1006
2022-05-27,24.98090362548828,26.72843360900879,26.72843360900879,26.72843360900879,26.72843360900879,0
2022-05-30,24.98090362548828,26.72843360900879,26.72843360900879,26.72843360900879,26.72843360900879,0
2022-05-31,24.98090362548828,26.72843360900879,26.72843360900879,26.72843360900879,26.72843360900879,0
2022-06-01,24.98090362548828,26.72843360900879,26.72843360900879,26.72843360900879,26.72843360900879,1006
2022-06-02,24.98090362548828,26.72843360900879,26.72843360900879,26.72843360900879,26.72843360900879,1006
2022-06-06,28.32406997680664,30.30547332763672,30.30547332763672,26.72843360900879,26.72843360900879,26871
2022-06-07,28.32406997680664,30.30547332763672,30.30547332763672,30.30547332763672,30.30547332763672,0
2022-06-08,27.39541244506836,29.311851501464844,29.311851501464844,28.31822967529297,29.311851501464844,5535
2022-06-09,27.39541244506836,29.311851501464844,29.311851501464844,29.311851501464844,29.311851501464844,0
2022-06-10,27.39541244506836,29.311851501464844,29.311851501464844,29.311851501464844,29.311851501464844,0
2022-06-13,26.46675682067871,28.31822967529297,28.31822967529297,28.31822967529297,28.31822967529297,503
2022-06-14,26.46675682067871,28.31822967529297,28.31822967529297,28.31822967529297,28.31822967529297,0
2022-06-15,26.46675682067871,28.31822967529297,28.31822967529297,28.31822967529297,28.31822967529297,0
2022-06-16,26.46675682067871,28.31822967529297,28.31822967529297,28.31822967529297,28.31822967529297,0
2022-06-17,26.46675682067871,28.31822967529297,28.31822967529297,28.31822967529297,28.31822967529297,10
2022-06-20,26.46675682067871,28.31822967529297,28.31822967529297,28.31822967529297,28.31822967529297,0
2022-06-21,26.46675682067871,28.31822967529297,28.31822967529297,28.31822967529297,28.31822967529297,0
2022-06-22,26.46675682067871,28.31822967529297,28.31822967529297,28.31822967529297,28.31822967529297,3019
2022-06-23,25.16663360595703,26.92715835571289,27.82141876220703,25.486406326293945,27.57301139831543,38344
2022-06-24,25.25950050354004,27.026519775390625,27.026519775390625,25.88385581970215,25.88385581970215,4125
2022-06-27,26.838218688964844,28.71567726135254,28.71567726135254,26.827796936035156,27.026519775390625,24657
2022-06-28,24.888036727905273,26.629070281982422,27.8710994720459,26.629070281982422,27.8710994720459,15740
2022-06-29,24.888036727905273,26.629070281982422,26.629070281982422,26.629070281982422,26.629070281982422,0
2022-06-30,24.888036727905273,26.629070281982422,26.629070281982422,26.629070281982422,26.629070281982422,0
2022-07-01,25.305931091308594,27.076200485229492,27.076200485229492,25.83417320251465,25.83417320251465,2113
2022-07-04,25.305931091308594,27.076200485229492,27.076200485229492,27.076200485229492,27.076200485229492,2012
2022-07-05,25.305931091308594,27.076200485229492,27.076200485229492,27.076200485229492,27.076200485229492,0
2022-07-06,25.305931091308594,27.076200485229492,27.076200485229492,27.076200485229492,27.076200485229492,0
2022-07-07,25.305931091308594,27.076200485229492,27.076200485229492,27.076200485229492,27.076200485229492,0
2022-07-08,25.305931091308594,27.076200485229492,27.076200485229492,27.076200485229492,27.076200485229492,0
2022-07-11,25.305931091308594,27.076200485229492,27.076200485229492,27.076200485229492,27.076200485229492,0
2022-07-12,25.305931091308594,27.076200485229492,27.076200485229492,27.076200485229492,27.076200485229492,0
2022-07-13,25.305931091308594,27.076200485229492,27.076200485229492,27.076200485229492,27.076200485229492,0
2022-07-14,25.305931091308594,27.076200485229492,27.076200485229492,27.076200485229492,27.076200485229492,0
2022-07-15,25.305931091308594,27.076200485229492,27.076200485229492,27.076200485229492,27.076200485229492,0
2022-07-18,25.305931091308594,27.076200485229492,27.076200485229492,27.076200485229492,27.076200485229492,0
2022-07-19,25.305931091308594,27.076200485229492,27.076200485229492,27.076200485229492,27.076200485229492,0
2022-07-20,25.305931091308594,27.076200485229492,27.076200485229492,27.076200485229492,27.076200485229492,0
2022-07-21,25.305931091308594,27.076200485229492,27.076200485229492,27.076200485229492,27.076200485229492,0
2022-07-22,24.330841064453125,26.03289794921875,26.03289794921875,26.03289794921875,26.03289794921875,1408
2022-07-25,23.123586654663086,24.74118995666504,24.74118995666504,24.74118995666504,24.74118995666504,503
2022-07-26,23.123586654663086,24.74118995666504,24.74118995666504,24.74118995666504,24.74118995666504,0
2022-07-27,23.123586654663086,24.74118995666504,24.74118995666504,24.74118995666504,24.74118995666504,0
2022-07-28,23.123586654663086,24.74118995666504,24.74118995666504,24.74118995666504,24.74118995666504,0
2022-07-29,23.123586654663086,24.74118995666504,24.74118995666504,24.74118995666504,24.74118995666504,0
2022-08-01,23.123586654663086,24.74118995666504,24.74118995666504,24.74118995666504,24.74118995666504,0
2022-08-02,23.123586654663086,24.74118995666504,24.74118995666504,24.74118995666504,24.74118995666504,0
2022-08-03,23.123586654663086,24.74118995666504,24.74118995666504,24.74118995666504,24.74118995666504,0
2022-08-04,23.123586654663086,24.74118995666504,24.74118995666504,24.74118995666504,24.74118995666504,0
2022-08-05,24.330841064453125,26.03289794921875,26.03289794921875,25.83417320251465,25.83417320251465,3056
2022-08-08,24.145109176635742,25.83417320251465,26.03289794921875,25.83417320251465,26.03289794921875,3140
2022-08-09,24.145109176635742,25.83417320251465,25.83417320251465,25.83417320251465,25.83417320251465,0
2022-08-10,24.563007354736328,26.28130340576172,26.28130340576172,26.28130340576172,26.28130340576172,2012
2022-08-11,24.563007354736328,26.28130340576172,26.28130340576172,26.28130340576172,26.28130340576172,0
2022-08-12,24.563007354736328,26.28130340576172,26.28130340576172,26.28130340576172,26.28130340576172,0
2022-08-15,24.563007354736328,26.28130340576172,26.28130340576172,26.28130340576172,26.28130340576172,1006
2022-08-16,24.934471130371094,26.678752899169922,26.678752899169922,26.678752899169922,26.678752899169922,40
2022-08-17,24.98090362548828,26.72843360900879,26.72843360900879,26.678752899169922,26.678752899169922,55
2022-08-18,26.690622329711914,27.920780181884766,27.920780181884766,26.430347442626953,26.430347442626953,16153
2022-08-19,25.74077796936035,26.92715835571289,26.92715835571289,26.92715835571289,26.92715835571289,503
2022-08-22,25.74077796936035,26.92715835571289,26.92715835571289,26.92715835571289,26.92715835571289,0
2022-08-23,25.74077796936035,26.92715835571289,26.92715835571289,26.92715835571289,26.92715835571289,0
2022-08-24,26.975574493408203,28.2188663482666,28.2188663482666,28.2188663482666,28.2188663482666,1006
2022-08-25,26.975574493408203,28.2188663482666,28.2188663482666,28.2188663482666,28.2188663482666,0
2022-08-26,26.975574493408203,28.2188663482666,28.2188663482666,28.2188663482666,28.2188663482666,0
2022-08-29,25.550809860229492,26.72843360900879,26.877477645874023,26.72843360900879,26.877477645874023,8051
2022-08-30,25.26585578918457,26.430347442626953,26.430347442626953,26.430347442626953,26.430347442626953,1006
2022-08-31,25.26585578918457,26.430347442626953,26.430347442626953,26.430347442626953,26.430347442626953,0
2022-09-01,25.78826904296875,26.976839065551758,26.976839065551758,26.976839065551758,26.976839065551758,6038
2022-09-02,25.78826904296875,26.976839065551758,26.976839065551758,26.976839065551758,26.976839065551758,0
2022-09-05,25.78826904296875,26.976839065551758,26.976839065551758,26.976839065551758,26.976839065551758,0
2022-09-06,24.98090362548828,26.132259368896484,26.132259368896484,26.132259368896484,26.132259368896484,1006
2022-09-07,24.98090362548828,26.132259368896484,26.132259368896484,26.132259368896484,26.132259368896484,0
2022-09-08,26.120718002319336,27.324607849121094,27.324607849121094,27.324607849121094,27.324607849121094,3
2022-09-12,26.120718002319336,27.324607849121094,27.324607849121094,27.324607849121094,27.324607849121094,0
2022-09-13,26.120718002319336,27.324607849121094,27.324607849121094,27.324607849121094,27.324607849121094,0
2022-09-14,26.120718002319336,27.324607849121094,27.324607849121094,27.324607849121094,27.324607849121094,0
2022-09-15,26.120718002319336,27.324607849121094,27.324607849121094,27.324607849121094,27.324607849121094,0
2022-09-16,26.120718002319336,27.324607849121094,27.324607849121094,27.324607849121094,27.324607849121094,0
2022-09-19,26.120718002319336,27.324607849121094,27.324607849121094,27.324607849121094,27.324607849121094,0
2022-09-20,26.120718002319336,27.324607849121094,27.324607849121094,27.324607849121094,27.324607849121094,0
2022-09-21,26.120718002319336,27.324607849121094,27.324607849121094,27.324607849121094,27.324607849121094,0
2022-09-22,26.120718002319336,27.324607849121094,27.324607849121094,27.324607849121094,27.324607849121094,0
2022-09-23,26.120718002319336,27.324607849121094,27.324607849121094,27.324607849121094,27.324607849121094,0
2022-09-26,26.120718002319336,27.324607849121094,27.324607849121094,27.324607849121094,27.324607849121094,0
2022-09-27,24.83842658996582,25.983217239379883,25.983217239379883,25.983217239379883,25.983217239379883,1006
2022-09-28,24.83842658996582,25.983217239379883,25.983217239379883,25.983217239379883,25.983217239379883,0
2022-09-29,24.83842658996582,25.983217239379883,25.983217239379883,25.983217239379883,25.983217239379883,0
2022-09-30,24.83842658996582,25.983217239379883,25.983217239379883,25.983217239379883,25.983217239379883,1006
2022-10-03,24.83842658996582,25.983217239379883,25.983217239379883,25.983217239379883,25.983217239379883,0
2022-10-04,24.83842658996582,25.983217239379883,25.983217239379883,25.983217239379883,25.983217239379883,503
2022-10-05,24.83842658996582,25.983217239379883,25.983217239379883,25.983217239379883,25.983217239379883,0
2022-10-06,24.83842658996582,25.983217239379883,25.983217239379883,25.983217239379883,25.983217239379883,0
2022-10-07,24.83842658996582,25.983217239379883,25.983217239379883,25.983217239379883,25.983217239379883,0
2022-10-11,24.83842658996582,25.983217239379883,25.983217239379883,25.983217239379883,25.983217239379883,0
2022-10-12,24.83842658996582,25.983217239379883,25.983217239379883,25.983217239379883,25.983217239379883,0
2022-10-13,24.83842658996582,25.983217239379883,25.983217239379883,25.983217239379883,25.983217239379883,0
2022-10-14,24.83842658996582,25.983217239379883,25.983217239379883,25.983217239379883,25.983217239379883,0
2022-10-17,24.83842658996582,25.983217239379883,25.983217239379883,25.983217239379883,25.983217239379883,0
2022-10-18,24.83842658996582,25.983217239379883,25.983217239379883,25.983217239379883,25.983217239379883,0
2022-10-19,24.83842658996582,25.983217239379883,25.983217239379883,25.983217239379883,25.983217239379883,0
2022-10-20,24.83842658996582,25.983217239379883,25.983217239379883,25.983217239379883,25.983217239379883,0
2022-10-21,24.83842658996582,25.983217239379883,25.983217239379883,25.983217239379883,25.983217239379883,0
2022-10-24,24.83842658996582,25.983217239379883,25.983217239379883,25.983217239379883,25.983217239379883,0
2022-10-25,24.83842658996582,25.983217239379883,25.983217239379883,25.983217239379883,25.983217239379883,0
2022-10-26,24.83842658996582,25.983217239379883,25.983217239379883,25.983217239379883,25.983217239379883,0
2022-10-27,24.83842658996582,25.983217239379883,25.983217239379883,25.983217239379883,25.983217239379883,0
2022-10-28,24.83842658996582,25.983217239379883,25.983217239379883,25.983217239379883,25.983217239379883,0
2022-10-31,24.83842658996582,25.983217239379883,25.983217239379883,25.983217239379883,25.983217239379883,0
2022-11-01,24.83842658996582,25.983217239379883,25.983217239379883,25.983217239379883,25.983217239379883,0
2022-11-02,24.83842658996582,25.983217239379883,25.983217239379883,25.983217239379883,25.983217239379883,0
2022-11-03,24.83842658996582,25.983217239379883,25.983217239379883,25.983217239379883,25.983217239379883,0
2022-11-04,24.83842658996582,25.983217239379883,25.983217239379883,25.983217239379883,25.983217239379883,0
2022-11-07,24.83842658996582,25.983217239379883,25.983217239379883,25.983217239379883,25.983217239379883,0
2022-11-08,24.83842658996582,25.983217239379883,25.983217239379883,25.983217239379883,25.983217239379883,0
2022-11-09,24.83842658996582,25.983217239379883,25.983217239379883,25.983217239379883,25.983217239379883,0
2022-11-10,24.83842658996582,25.983217239379883,25.983217239379883,25.983217239379883,25.983217239379883,0
2022-11-11,24.83842658996582,25.983217239379883,25.983217239379883,25.983217239379883,25.983217239379883,0
2022-11-14,24.83842658996582,25.983217239379883,25.983217239379883,25.983217239379883,25.983217239379883,0
2022-11-15,24.83842658996582,25.983217239379883,25.983217239379883,25.983217239379883,25.983217239379883,0
2022-11-16,24.83842658996582,25.983217239379883,25.983217239379883,25.983217239379883,25.983217239379883,0
2022-11-17,24.83842658996582,25.983217239379883,25.983217239379883,25.983217239379883,25.983217239379883,0
2022-11-18,24.83842658996582,25.983217239379883,25.983217239379883,25.983217239379883,25.983217239379883,0
2022-11-21,24.83842658996582,25.983217239379883,25.983217239379883,25.983217239379883,25.983217239379883,0
2022-11-22,24.83842658996582,25.983217239379883,25.983217239379883,25.983217239379883,25.983217239379883,0
2022-11-23,24.83842658996582,25.983217239379883,25.983217239379883,25.983217239379883,25.983217239379883,0
2022-11-24,24.83842658996582,25.983217239379883,25.983217239379883,25.983217239379883,25.983217239379883,0
2022-11-25,24.83842658996582,25.983217239379883,25.983217239379883,25.983217239379883,25.983217239379883,0
2022-11-28,24.83842658996582,25.983217239379883,25.983217239379883,25.983217239379883,25.983217239379883,0
2022-11-29,24.83842658996582,25.983217239379883,25.983217239379883,25.983217239379883,25.983217239379883,0
2022-11-30,24.83842658996582,25.983217239379883,25.983217239379883,25.983217239379883,25.983217239379883,0
2022-12-01,25.978239059448242,27.17556381225586,27.17556381225586,27.17556381225586,27.17556381225586,1006
2022-12-02,25.978239059448242,27.17556381225586,27.17556381225586,27.17556381225586,27.17556381225586,0
2022-12-05,25.978239059448242,27.17556381225586,27.17556381225586,27.17556381225586,27.17556381225586,0
2022-12-06,25.978239059448242,27.17556381225586,27.17556381225586,27.17556381225586,27.17556381225586,0
2022-12-07,25.978239059448242,27.17556381225586,27.17556381225586,27.17556381225586,27.17556381225586,0
2022-12-08,25.978239059448242,27.17556381225586,27.17556381225586,27.17556381225586,27.17556381225586,1006
2022-12-09,25.17087173461914,26.330984115600586,26.330984115600586,26.03289794921875,26.03289794921875,5041
2022-12-12,25.17087173461914,26.330984115600586,26.330984115600586,26.330984115600586,26.330984115600586,0
2022-12-13,25.17087173461914,26.330984115600586,26.330984115600586,26.330984115600586,26.330984115600586,0
2022-12-14,25.17087173461914,26.330984115600586,26.330984115600586,26.330984115600586,26.330984115600586,0
2022-12-15,25.17087173461914,26.330984115600586,26.330984115600586,26.330984115600586,26.330984115600586,0
2022-12-16,25.17087173461914,26.330984115600586,26.330984115600586,26.330984115600586,26.330984115600586,0
2022-12-19,25.17087173461914,26.330984115600586,26.330984115600586,26.330984115600586,26.330984115600586,0
2022-12-20,25.17087173461914,26.330984115600586,26.330984115600586,26.330984115600586,26.330984115600586,0
2022-12-21,25.17087173461914,26.330984115600586,26.330984115600586,26.330984115600586,26.330984115600586,0
2022-12-22,25.17087173461914,26.330984115600586,26.330984115600586,26.330984115600586,26.330984115600586,0
2022-12-23,25.17087173461914,26.330984115600586,26.330984115600586,26.330984115600586,26.330984115600586,0
2022-12-26,25.17087173461914,26.330984115600586,26.330984115600586,26.330984115600586,26.330984115600586,0
2022-12-27,26.975574493408203,28.2188663482666,28.2188663482666,27.225244522094727,27.225244522094727,15096
2022-12-28,26.975574493408203,28.2188663482666,28.2188663482666,28.2188663482666,28.2188663482666,0
2022-12-29,27.877927780151367,29.16280746459961,29.80866241455078,28.815040588378906,28.815040588378906,18115
2022-12-30,28.7802791595459,30.106748580932617,30.106748580932617,29.36153221130371,29.80866241455078,9057
2023-01-03,28.49532699584961,29.80866241455078,29.80866241455078,29.80866241455078,29.80866241455078,503
2023-01-04,28.49532699584961,29.80866241455078,29.80866241455078,29.80866241455078,29.80866241455078,0
2023-01-05,29.730125427246094,31.100370407104492,31.15005111694336,31.001008987426758,31.001008987426758,14089
2023-01-06,29.730125427246094,31.100370407104492,31.100370407104492,31.100370407104492,31.100370407104492,0
2023-01-09,29.96758460998535,31.34877586364746,31.34877586364746,31.299095153808594,31.299095153808594,3170
2023-01-10,29.96758460998535,31.34877586364746,31.34877586364746,31.34877586364746,31.34877586364746,0
2023-01-11,29.96758460998535,31.34877586364746,31.34877586364746,31.34877586364746,31.34877586364746,0
2023-01-12,29.96758460998535,31.34877586364746,31.34877586364746,31.34877586364746,31.34877586364746,0
2023-01-13,29.96758460998535,31.34877586364746,31.34877586364746,31.34877586364746,31.34877586364746,0
2023-01-16,29.96758460998535,31.34877586364746,31.34877586364746,31.34877586364746,31.34877586364746,0
2023-01-17,29.96758460998535,31.34877586364746,31.34877586364746,31.34877586364746,31.34877586364746,0
2023-01-30,29.96758460998535,31.34877586364746,31.34877586364746,31.34877586364746,31.34877586364746,0
2023-01-31,29.920093536376953,31.299095153808594,31.34877586364746,31.299095153808594,31.34877586364746,13093
2023-02-01,29.920093536376953,31.299095153808594,31.299095153808594,31.299095153808594,31.299095153808594,150
2023-02-02,30.82244300842285,32.24303436279297,32.789527893066406,31.15005111694336,31.19973373413086,19121
2023-02-03,30.82244300842285,32.24303436279297,32.24303436279297,32.24303436279297,32.24303436279297,0
2023-02-06,30.82244300842285,32.24303436279297,32.24303436279297,32.24303436279297,32.24303436279297,0
2023-02-07,30.82244300842285,32.24303436279297,32.24303436279297,32.24303436279297,32.24303436279297,0
2023-02-08,30.82244300842285,32.24303436279297,32.24303436279297,32.24303436279297,32.24303436279297,0
2023-02-09,32.38968276977539,33.882511138916016,34.67741012573242,33.286338806152344,33.286338806152344,35274
2023-02-10,32.38968276977539,33.882511138916016,33.932193756103516,33.38570022583008,33.882511138916016,12189
2023-02-13,32.38968276977539,33.882511138916016,34.42900466918945,33.286338806152344,33.286338806152344,14089
2023-02-14,33.14956283569336,34.67741012573242,34.826454162597656,34.08123779296875,34.47868728637695,38244
2023-02-15,34.09940719604492,35.6710319519043,35.6710319519043,34.72709274291992,34.826454162597656,30970
2023-02-16,34.384361267089844,35.969120025634766,36.0684814453125,34.67741012573242,36.0684814453125,6362
2023-02-17,34.19438934326172,35.77039337158203,35.77039337158203,34.62772750854492,34.776771545410156,9057
2023-02-20,37.94627380371094,39.6952018737793,39.6952018737793,35.82007598876953,36.018798828125,61726
2023-02-21,37.423858642578125,39.14870834350586,39.7448844909668,38.30413055419922,39.7448844909668,86602
2023-02-22,36.569007873535156,38.254451751708984,39.7448844909668,37.40987014770508,38.850624084472656,39351
2023-02-23,33.52950668334961,35.074859619140625,38.254451751708984,33.83283233642578,37.45955276489258,43086
2023-02-24,31.58232307434082,33.037933349609375,35.52198791503906,32.789527893066406,35.52198791503906,26166
2023-03-01,32.294700622558594,33.78314971923828,33.78314971923828,33.58442687988281,33.63410568237305,6038
2023-03-02,33.814456939697266,35.372947692871094,35.372947692871094,33.78314971923828,33.78314971923828,15098
2023-03-03,34.05191421508789,35.6213493347168,36.0684814453125,35.372947692871094,35.52198791503906,19123
2023-03-06,34.669315338134766,36.26720428466797,37.21114730834961,36.26720428466797,37.062103271484375,23230
2023-03-07,35.95160675048828,37.60859680175781,37.60859680175781,35.919437408447266,36.764015197753906,20128
2023-03-08,35.85662078857422,37.50923156738281,37.60859680175781,35.919437408447266,37.60859680175781,8556
2023-03-09,36.4265251159668,38.10540771484375,38.10540771484375,36.4162483215332,37.50923156738281,49621
2023-03-10,35.14423370361328,36.764015197753906,38.254451751708984,36.51560974121094,38.254451751708984,9059
2023-03-13,35.049251556396484,36.66465377807617,38.10540771484375,36.217525482177734,38.10540771484375,7049
2023-03-14,33.387020111083984,34.92581558227539,34.92581558227539,34.92581558227539,34.92581558227539,4025
2023-03-15,33.7194709777832,35.273582458496094,35.273582458496094,34.776771545410156,34.776771545410156,15096
2023-03-16,32.484676361083984,33.981876373291016,34.27996063232422,33.981876373291016,34.27996063232422,7044
2023-03-17,32.91210174560547,34.42900466918945,34.42900466918945,34.42900466918945,34.42900466918945,515
2023-03-20,32.91210174560547,34.42900466918945,34.42900466918945,34.42900466918945,34.42900466918945,0
2023-03-21,33.7194709777832,35.273582458496094,35.273582458496094,34.57804870605469,34.57804870605469,19121
2023-03-22,36.09408187866211,37.75764083862305,39.24807357788086,35.77039337158203,35.77039337158203,44785
2023-03-23,36.569007873535156,38.254451751708984,39.24807357788086,37.65827560424805,39.24807357788086,14120
2023-03-24,36.14157485961914,37.80731964111328,38.70158004760742,37.80731964111328,38.70158004760742,43276
2023-03-27,35.19172668457031,36.813697814941406,36.813697814941406,36.813697814941406,36.813697814941406,1009
2023-03-28,35.049251556396484,36.66465377807617,36.813697814941406,36.66465377807617,36.813697814941406,2937
2023-03-29,35.049251556396484,36.66465377807617,36.66465377807617,36.66465377807617,36.66465377807617,0
2023-03-30,35.33420181274414,36.96274185180664,36.96274185180664,35.86975860595703,36.0684814453125,17109
2023-03-31,35.33420181274414,36.96274185180664,36.96274185180664,36.96274185180664,36.96274185180664,0
2023-04-06,36.09408187866211,37.75764083862305,37.75764083862305,37.75764083862305,37.75764083862305,4
2023-04-07,35.95160675048828,37.60859680175781,38.70158004760742,37.60859680175781,37.75764083862305,12088
2023-04-10,36.806461334228516,38.50285339355469,38.50285339355469,38.50285339355469,38.50285339355469,24
2023-04-11,35.5716667175293,37.21114730834961,37.260826110839844,36.813697814941406,36.91305923461914,11102
2023-04-12,33.86194610595703,35.42262649536133,35.42262649536133,35.42262649536133,35.42262649536133,100
2023-04-13,35.14423370361328,36.764015197753906,36.764015197753906,35.42262649536133,35.42262649536133,14089
2023-04-14,34.19438934326172,35.77039337158203,35.77039337158203,35.47230911254883,35.47230911254883,9057
2023-04-17,41.793148040771484,43.7193717956543,44.166500091552734,36.764015197753906,36.764015197753906,123782
2023-04-18,44.547691345214844,46.60087585449219,48.190670013427734,42.52702331542969,43.7193717956543,165225
2023-04-19,42.22057342529297,44.166500091552734,47.6938591003418,42.97415542602539,44.91171646118164,93467
2023-04-20,40.938289642333984,42.825111389160156,44.216182708740234,42.62638854980469,43.371604919433594,35064
2023-04-21,39.41853332519531,41.23531723022461,42.62638854980469,40.29137420654297,42.228939056396484,22703
2023-04-24,40.03593444824219,41.88117218017578,42.12957763671875,40.29137420654297,40.29137420654297,37005
2023-04-25,37.993770599365234,39.7448844909668,40.53977966308594,38.30413055419922,40.3907356262207,32306
2023-04-26,38.231231689453125,39.993289947509766,39.993289947509766,39.7448844909668,39.7448844909668,4025
2023-04-27,38.231231689453125,39.993289947509766,39.993289947509766,39.993289947509766,39.993289947509766,1056
2023-04-28,37.423858642578125,39.14870834350586,39.943607330322266,39.14870834350586,39.943607330322266,10265
2023-05-02,37.85129165649414,39.59584045410156,40.241695404052734,39.59584045410156,39.7448844909668,35425
2023-05-03,39.323551177978516,41.135955810546875,41.135955810546875,41.135955810546875,41.135955810546875,10
2023-05-04,37.04392623901367,38.75126266479492,40.142330169677734,38.75126266479492,39.24807357788086,21466
2023-05-05,37.94627380371094,39.6952018737793,40.04296875,38.75126266479492,38.75126266479492,13395
2023-05-08,39.89345932006836,41.73212814331055,41.73212814331055,39.7448844909668,39.7448844909668,14421
2023-05-09,38.468692779541016,40.241695404052734,41.73212814331055,40.241695404052734,41.73212814331055,8051
2023-05-10,37.13890838623047,38.850624084472656,39.6455192565918,38.850624084472656,39.6455192565918,17209
2023-05-11,36.09408187866211,37.75764083862305,37.75764083862305,37.75764083862305,37.75764083862305,4025
2023-05-12,35.666648864746094,37.310508728027344,38.254451751708984,37.310508728027344,38.254451751708984,4826
2023-05-15,35.666648864746094,37.310508728027344,37.60859680175781,37.310508728027344,37.60859680175781,2022
2023-05-16,37.471351623535156,39.19839096069336,39.19839096069336,39.19839096069336,39.19839096069336,100
2023-05-17,37.32887649536133,39.049346923828125,39.19839096069336,37.310508728027344,39.19839096069336,16103
2023-05-18,37.04392623901367,38.75126266479492,39.14870834350586,38.55253601074219,39.099029541015625,5635
2023-05-19,37.04392623901367,38.75126266479492,38.75126266479492,38.75126266479492,38.75126266479492,0
2023-05-22,38.658660888671875,40.4404182434082,40.788185119628906,37.310508728027344,37.310508728027344,22685
2023-05-23,37.993770599365234,39.7448844909668,40.788185119628906,39.7448844909668,40.4404182434082,7065
2023-05-24,37.09141540527344,38.800941467285156,39.24807357788086,38.800941467285156,39.24807357788086,12087
2023-05-25,38.13624572753906,39.893924713134766,40.241695404052734,39.24807357788086,39.44679641723633,20148
2023-05-26,43.59785079956055,45.60725402832031,45.955020904541016,40.3907356262207,40.788185119628906,119462
2023-05-29,43.88280487060547,45.905338287353516,48.09130859375,44.56394958496094,44.71299362182617,126833
2023-05-30,38.80113983154297,40.58946228027344,45.70661544799805,39.347434997558594,43.7193717956543,74121
2023-05-31,38.13624572753906,39.893924713134766,39.943607330322266,39.049346923828125,39.943607330322266,13576
2023-06-01,37.80379867553711,39.54615783691406,40.04296875,38.60221862792969,39.893924713134766,26247
2023-06-02,37.28138732910156,38.99966812133789,40.241695404052734,38.99966812133789,39.7448844909668,25200
2023-06-05,38.80113983154297,40.58946228027344,41.83148956298828,38.800941467285156,40.241695404052734,72059
2023-06-06,38.56367492675781,40.34105682373047,40.53977966308594,38.850624084472656,39.7448844909668,31722
2023-06-07,37.471351623535156,39.19839096069336,40.53977966308594,37.360191345214844,38.65189743041992,30625
2023-06-08,37.04392623901367,38.75126266479492,38.75126266479492,38.75126266479492,38.75126266479492,100
2023-06-09,36.75897216796875,38.45317459106445,38.45317459106445,38.254451751708984,38.254451751708984,10064
2023-06-12,36.09408187866211,37.75764083862305,38.65189743041992,37.21114730834961,37.310508728027344,29112
2023-06-13,36.09408187866211,37.75764083862305,37.75764083862305,36.764015197753906,36.813697814941406,13878
2023-06-14,37.09141540527344,38.800941467285156,38.800941467285156,37.75764083862305,38.65189743041992,25160
2023-06-15,37.94627380371094,39.6952018737793,39.84424591064453,39.19839096069336,39.7448844909668,23882
2023-06-16,36.09408187866211,37.75764083862305,38.75126266479492,37.16146469116211,38.75126266479492,46798
2023-06-19,35.80912780761719,37.45955276489258,38.65189743041992,37.45955276489258,38.65189743041992,7650
2023-06-20,36.18906784057617,37.85700225830078,37.85700225830078,37.360191345214844,37.360191345214844,4025
2023-06-21,36.18906784057617,37.85700225830078,37.85700225830078,37.85700225830078,37.85700225830078,0
2023-06-26,36.18906784057617,37.85700225830078,37.85700225830078,37.85700225830078,37.85700225830078,0
2023-06-27,36.18906784057617,37.85700225830078,37.85700225830078,37.85700225830078,37.85700225830078,0
2023-06-28,36.18906784057617,37.85700225830078,37.85700225830078,37.85700225830078,37.85700225830078,0
2023-06-29,35.666648864746094,37.310508728027344,37.310508728027344,37.310508728027344,37.310508728027344,1006
2023-06-30,35.666648864746094,37.310508728027344,37.310508728027344,37.310508728027344,37.310508728027344,0
2023-07-03,35.666648864746094,37.310508728027344,37.310508728027344,37.310508728027344,37.310508728027344,0
2023-07-04,37.423858642578125,39.14870834350586,39.14870834350586,37.40987014770508,37.40987014770508,3633
2023-07-05,35.61915588378906,37.260826110839844,37.260826110839844,37.260826110839844,37.260826110839844,1015
2023-07-06,35.666648864746094,37.310508728027344,37.310508728027344,37.310508728027344,37.310508728027344,3019
2023-07-07,35.61915588378906,37.260826110839844,37.260826110839844,37.260826110839844,37.260826110839844,1006
2023-07-10,37.423858642578125,39.14870834350586,39.14870834350586,39.14870834350586,39.14870834350586,50
2023-07-11,36.04658889770508,37.70795822143555,37.70795822143555,37.70795822143555,37.70795822143555,3019
2023-07-12,36.04658889770508,37.70795822143555,37.70795822143555,37.70795822143555,37.70795822143555,0
2023-07-13,35.666648864746094,37.310508728027344,37.310508728027344,37.310508728027344,37.310508728027344,1006
2023-07-14,35.61915588378906,37.260826110839844,37.260826110839844,37.260826110839844,37.260826110839844,1006
2023-07-17,35.61915588378906,37.260826110839844,37.260826110839844,37.260826110839844,37.260826110839844,0
2023-07-18,36.09408187866211,37.75764083862305,38.254451751708984,37.55891418457031,37.65827560424805,8051
2023-07-19,35.761634826660156,37.40987014770508,38.70158004760742,37.40987014770508,38.70158004760742,1056
2023-07-20,35.666648864746094,37.310508728027344,37.310508728027344,37.260826110839844,37.260826110839844,1107
2023-07-21,35.61915588378906,37.260826110839844,37.310508728027344,37.260826110839844,37.310508728027344,3019
2023-07-24,35.85662078857422,37.50923156738281,37.75764083862305,37.260826110839844,37.75764083862305,10470
2023-07-25,36.23655700683594,37.906681060791016,38.45317459106445,36.764015197753906,37.50923156738281,58513
2023-07-26,36.379032135009766,38.05572509765625,38.05572509765625,36.764015197753906,37.906681060791016,39110
2023-07-27,36.09408187866211,37.75764083862305,37.75764083862305,36.26720428466797,36.26720428466797,6350
2023-07-28,40.65333557128906,42.52702331542969,42.874794006347656,36.813697814941406,37.75764083862305,108051
2023-07-31,38.896121978759766,40.68882369995117,45.060760498046875,39.19839096069336,43.073516845703125,95585
2023-08-01,36.94894027709961,38.65189743041992,40.68882369995117,37.360191345214844,39.14870834350586,36644
2023-08-02,35.714141845703125,37.360191345214844,37.70795822143555,36.31688690185547,37.45955276489258,17446
2023-08-04,35.61915588378906,37.260826110839844,37.260826110839844,35.919437408447266,35.919437408447266,1108
2023-08-07,35.95160675048828,37.60859680175781,37.60859680175781,37.310508728027344,37.310508728027344,20
2023-08-08,35.00175857543945,36.61497116088867,36.61497116088867,36.36656951904297,36.36656951904297,1207
2023-08-09,35.99909591674805,37.65827560424805,37.65827560424805,36.51560974121094,36.51560974121094,2022
2023-08-10,34.95426559448242,36.56529235839844,36.56529235839844,36.56529235839844,36.56529235839844,1006
2023-08-11,34.95426559448242,36.56529235839844,36.56529235839844,36.56529235839844,36.56529235839844,0
2023-08-14,35.90411376953125,37.55891418457031,37.55891418457031,35.969120025634766,35.969120025634766,1722
2023-08-15,35.90411376953125,37.55891418457031,37.55891418457031,37.55891418457031,37.55891418457031,0
2023-08-16,35.14423370361328,36.764015197753906,37.55891418457031,35.86975860595703,36.118160247802734,5053
2023-08-17,35.14423370361328,36.764015197753906,36.764015197753906,36.764015197753906,36.764015197753906,2523
2023-08-18,34.479347229003906,36.0684814453125,36.0684814453125,36.0684814453125,36.0684814453125,20
2023-08-21,38.183738708496094,39.943607330322266,39.943607330322266,37.50923156738281,37.50923156738281,29961
2023-08-22,37.993770599365234,39.7448844909668,40.53977966308594,39.59584045410156,40.04296875,38092
2023-08-23,37.993770599365234,39.7448844909668,39.993289947509766,39.7448844909668,39.993289947509766,3020
2023-08-24,38.13624572753906,39.893924713134766,39.993289947509766,38.65189743041992,38.70158004760742,5550
2023-08-25,37.123783111572266,38.254451751708984,38.75126266479492,38.10540771484375,38.60221862792969,24154
2023-08-28,37.123783111572266,38.254451751708984,38.254451751708984,38.254451751708984,38.254451751708984,0
2023-08-29,38.2808837890625,39.44679641723633,39.44679641723633,38.10540771484375,38.10540771484375,2324
2023-08-30,38.2808837890625,39.44679641723633,39.44679641723633,39.44679641723633,39.44679641723633,0
2023-08-31,38.2808837890625,39.44679641723633,39.44679641723633,39.44679641723633,39.44679641723633,0
2023-09-01,36.834503173828125,37.956363677978516,38.35381317138672,37.55891418457031,38.10540771484375,21134
2023-09-04,36.834503173828125,37.956363677978516,38.65189743041992,37.60859680175781,38.35381317138672,4384
2023-09-05,36.593441009521484,37.70795822143555,37.70795822143555,37.70795822143555,37.70795822143555,1006
2023-09-06,36.64165496826172,37.75764083862305,37.75764083862305,37.75764083862305,37.75764083862305,2012
2023-09-07,36.40058898925781,37.50923156738281,37.55891418457031,37.50923156738281,37.55891418457031,4025
2023-09-08,36.40058898925781,37.50923156738281,37.50923156738281,37.50923156738281,37.50923156738281,0
2023-09-11,36.49701690673828,37.60859680175781,37.75764083862305,37.50923156738281,37.50923156738281,5535
2023-09-12,36.44880294799805,37.55891418457031,37.75764083862305,37.55891418457031,37.75764083862305,5032
2023-09-13,36.593441009521484,37.70795822143555,38.65189743041992,37.70795822143555,38.65189743041992,13083
2023-09-14,36.593441009521484,37.70795822143555,37.70795822143555,37.70795822143555,37.70795822143555,0
2023-09-15,36.593441009521484,37.70795822143555,37.70795822143555,37.70795822143555,37.70795822143555,0
2023-09-18,37.31663131713867,38.45317459106445,38.45317459106445,38.45317459106445,38.45317459106445,1
2023-09-19,36.64165496826172,37.75764083862305,37.75764083862305,37.75764083862305,37.75764083862305,4025
2023-09-20,36.49701690673828,37.60859680175781,37.60859680175781,37.60859680175781,37.60859680175781,3019
2023-09-21,36.49701690673828,37.60859680175781,37.60859680175781,37.60859680175781,37.60859680175781,0
2023-09-22,37.55769348144531,38.70158004760742,38.70158004760742,38.70158004760742,38.70158004760742,3019
2023-09-25,37.55769348144531,38.70158004760742,38.70158004760742,38.70158004760742,38.70158004760742,0
2023-09-26,37.55769348144531,38.70158004760742,38.70158004760742,38.70158004760742,38.70158004760742,0
2023-09-27,37.55769348144531,38.70158004760742,38.70158004760742,38.70158004760742,38.70158004760742,0
2023-09-28,37.55769348144531,38.70158004760742,38.70158004760742,38.70158004760742,38.70158004760742,0
2023-10-02,37.55769348144531,38.70158004760742,38.70158004760742,38.70158004760742,38.70158004760742,0
2023-10-03,37.55769348144531,38.70158004760742,38.70158004760742,38.70158004760742,38.70158004760742,0
2023-10-04,37.55769348144531,38.70158004760742,38.70158004760742,38.70158004760742,38.70158004760742,0
2023-10-05,37.55769348144531,38.70158004760742,38.70158004760742,38.70158004760742,38.70158004760742,0
2023-10-06,37.55769348144531,38.70158004760742,38.70158004760742,38.70158004760742,38.70158004760742,0
2023-10-11,37.50947952270508,38.65189743041992,38.70158004760742,38.65189743041992,38.70158004760742,1509
2023-10-12,37.60590744018555,38.75126266479492,38.75126266479492,37.60859680175781,37.65827560424805,5042
2023-10-13,37.60590744018555,38.75126266479492,38.75126266479492,38.75126266479492,38.75126266479492,0
2023-10-16,37.60590744018555,38.75126266479492,38.75126266479492,38.75126266479492,38.75126266479492,0
2023-10-17,37.60590744018555,38.75126266479492,38.75126266479492,38.75126266479492,38.75126266479492,0
2023-10-18,36.64165496826172,37.75764083862305,37.75764083862305,37.75764083862305,37.75764083862305,6038
2023-10-19,37.413055419921875,38.55253601074219,39.19839096069336,37.80731964111328,39.19839096069336,2022
2023-10-20,38.1844596862793,39.347434997558594,39.347434997558594,38.55253601074219,38.55253601074219,6169
2023-10-23,38.232669830322266,39.39711380004883,39.39711380004883,39.39711380004883,39.39711380004883,10
2023-10-24,38.232669830322266,39.39711380004883,39.39711380004883,39.39711380004883,39.39711380004883,50
2023-10-25,38.232669830322266,39.39711380004883,39.39711380004883,39.39711380004883,39.39711380004883,0
2023-10-26,37.123783111572266,38.254451751708984,39.7448844909668,38.254451751708984,39.39711380004883,7065
2023-10-27,37.123783111572266,38.254451751708984,38.254451751708984,38.254451751708984,38.254451751708984,0
2023-10-30,37.60590744018555,38.75126266479492,39.7448844909668,38.55253601074219,39.7448844909668,3029
2023-10-31,38.71479797363281,39.893924713134766,39.893924713134766,39.893924713134766,39.893924713134766,10
2023-11-01,38.08803176879883,39.24807357788086,39.893924713134766,38.30413055419922,38.30413055419922,5042
2023-11-02,38.08803176879883,39.24807357788086,39.24807357788086,39.24807357788086,39.24807357788086,0
2023-11-03,37.07556915283203,38.204769134521484,38.50285339355469,38.204769134521484,38.30413055419922,14089
2023-11-06,37.07556915283203,38.204769134521484,38.204769134521484,38.204769134521484,38.204769134521484,0
2023-11-07,37.07556915283203,38.204769134521484,38.204769134521484,38.204769134521484,38.204769134521484,0
2023-11-08,37.07556915283203,38.204769134521484,38.204769134521484,38.204769134521484,38.204769134521484,0
2023-11-09,37.07556915283203,38.204769134521484,38.204769134521484,38.204769134521484,38.204769134521484,0
2023-11-10,36.73807907104492,37.85700225830078,37.85700225830078,37.85700225830078,37.85700225830078,2012
2023-11-13,36.73807907104492,37.85700225830078,37.85700225830078,37.85700225830078,37.85700225830078,0
2023-11-14,36.64165496826172,37.75764083862305,37.956363677978516,37.50923156738281,37.956363677978516,9057
2023-11-15,36.01488494873047,37.111785888671875,37.111785888671875,37.111785888671875,37.111785888671875,1006
2023-11-16,36.54522705078125,37.65827560424805,37.65827560424805,37.062103271484375,37.21114730834961,21134
2023-11-17,35.87024688720703,36.96274185180664,37.111785888671875,36.96274185180664,37.111785888671875,8192
2023-11-20,35.77382278442383,36.863380432128906,36.863380432128906,36.863380432128906,36.863380432128906,2012
2023-11-21,35.8220329284668,36.91305923461914,36.91305923461914,36.91305923461914,36.91305923461914,3019
2023-11-22,36.78628921508789,37.906681060791016,37.906681060791016,37.60859680175781,37.60859680175781,3029
2023-11-23,36.159523010253906,37.260826110839844,37.260826110839844,36.764015197753906,36.91305923461914,17119
2023-11-24,36.73807907104492,37.85700225830078,37.85700225830078,37.260826110839844,37.260826110839844,3029
2023-11-27,36.78628921508789,37.906681060791016,37.906681060791016,36.91305923461914,37.75764083862305,5063
2023-11-28,37.413055419921875,38.55253601074219,38.60221862792969,37.062103271484375,37.111785888671875,18241
2023-11-29,37.26841735839844,38.40349197387695,38.60221862792969,36.91305923461914,38.60221862792969,11090
2023-11-30,37.94339370727539,39.099029541015625,39.54615783691406,38.60221862792969,38.65189743041992,21579
2023-12-01,37.94339370727539,39.099029541015625,39.14870834350586,39.099029541015625,39.14870834350586,20
2023-12-04,38.570159912109375,39.7448844909668,39.7448844909668,38.55253601074219,39.099029541015625,22402
2023-12-05,38.570159912109375,39.7448844909668,39.7448844909668,38.850624084472656,39.7448844909668,11110
2023-12-06,37.123783111572266,38.254451751708984,39.893924713134766,38.10540771484375,39.7448844909668,13123
2023-12-07,37.60590744018555,38.75126266479492,38.75126266479492,38.155086517333984,38.155086517333984,3129
2023-12-08,37.02735137939453,38.155086517333984,38.75126266479492,38.155086517333984,38.75126266479492,3039
2023-12-11,38.332515716552734,39.5,39.5,39.0,39.0,2020
2023-12-12,36.779808044433594,37.900001525878906,39.599998474121094,37.849998474121094,39.5,6075
2023-12-13,38.332515716552734,39.5,39.5,39.5,39.5,3000
2023-12-14,38.235469818115234,39.400001525878906,39.400001525878906,38.45000076293945,38.45000076293945,6001
2023-12-15,38.235469818115234,39.400001525878906,39.400001525878906,38.04999923706055,39.400001525878906,5415
2023-12-18,37.847293853759766,39.0,39.0,39.0,39.0,2000
2023-12-19,37.847293853759766,39.0,39.0,39.0,39.0,0
2023-12-20,37.847293853759766,39.0,39.099998474121094,39.0,39.099998474121094,2000
2023-12-21,37.2650260925293,38.400001525878906,38.5,38.400001525878906,38.5,3400
2023-12-22,37.2650260925293,38.400001525878906,38.400001525878906,38.400001525878906,38.400001525878906,304
2023-12-25,38.332515716552734,39.5,39.75,38.650001525878906,39.0,11232
2023-12-26,38.332515716552734,39.5,39.5,39.5,39.5,0
2023-12-27,38.91477966308594,40.099998474121094,40.099998474121094,39.70000076293945,39.70000076293945,12030
2023-12-28,38.91477966308594,40.099998474121094,41.04999923706055,39.349998474121094,40.04999923706055,33580
2023-12-29,39.69113540649414,40.900001525878906,41.04999923706055,40.099998474121094,40.900001525878906,17021
2024-01-02,39.69113540649414,40.900001525878906,40.900001525878906,40.900001525878906,40.900001525878906,0
2024-01-03,38.138423919677734,39.29999923706055,39.29999923706055,39.29999923706055,39.29999923706055,1200
2024-01-04,38.96330642700195,40.150001525878906,40.70000076293945,39.45000076293945,40.0,4098
2024-01-05,38.8177375793457,40.0,40.95000076293945,39.400001525878906,40.150001525878906,24420
2024-01-08,39.545570373535156,40.75,40.75,40.75,40.75,1
2024-01-09,38.62364959716797,39.79999923706055,40.150001525878906,39.79999923706055,40.150001525878906,13590
2024-01-10,38.8177375793457,40.0,40.849998474121094,39.849998474121094,40.849998474121094,5160
2024-01-11,38.332515716552734,39.5,40.0,39.5,39.849998474121094,7195
2024-01-12,38.42955780029297,39.599998474121094,40.04999923706055,39.599998474121094,40.04999923706055,3100
2024-01-15,38.42955780029297,39.599998474121094,39.599998474121094,39.599998474121094,39.599998474121094,0
2024-01-16,38.283992767333984,39.45000076293945,39.5,39.45000076293945,39.45000076293945,3422
2024-01-17,38.041385650634766,39.20000076293945,39.5,39.04999923706055,39.099998474121094,7200
2024-01-18,37.9443359375,39.099998474121094,39.20000076293945,38.900001525878906,39.04999923706055,17000
2024-01-19,37.60468292236328,38.75,39.5,38.75,39.5,6001
2024-01-22,37.653202056884766,38.79999923706055,38.849998474121094,38.79999923706055,38.849998474121094,3200
2024-01-23,38.186946868896484,39.349998474121094,39.349998474121094,39.349998474121094,39.349998474121094,2000
2024-01-24,38.235469818115234,39.400001525878906,39.400001525878906,38.849998474121094,38.849998474121094,6010
2024-01-25,37.2650260925293,38.400001525878906,39.0,38.20000076293945,38.29999923706055,16000
2024-01-26,36.97389221191406,38.099998474121094,38.400001525878906,38.0,38.04999923706055,7440
2024-01-29,37.798770904541016,38.95000076293945,38.95000076293945,38.95000076293945,38.95000076293945,3000
2024-01-30,36.73128128051758,37.849998474121094,37.849998474121094,37.849998474121094,37.849998474121094,3000
2024-01-31,36.92537307739258,38.04999923706055,39.29999923706055,38.04999923706055,39.20000076293945,7000
2024-02-01,36.92537307739258,38.04999923706055,38.04999923706055,38.04999923706055,38.04999923706055,0
2024-02-02,38.138423919677734,39.29999923706055,39.29999923706055,39.29999923706055,39.29999923706055,1000
2024-02-05,38.138423919677734,39.29999923706055,39.29999923706055,38.04999923706055,38.04999923706055,1100
2024-02-15,38.332515716552734,39.5,39.5,39.0,39.45000076293945,10000
2024-02-16,37.847293853759766,39.0,39.0,39.0,39.0,3000
2024-02-19,38.42955780029297,39.599998474121094,39.599998474121094,38.650001525878906,38.650001525878906,9100
2024-02-20,37.847293853759766,39.0,39.0,39.0,39.0,100
2024-02-21,37.847293853759766,39.0,39.0,39.0,39.0,0
2024-02-22,37.847293853759766,39.0,39.0,39.0,39.0,0
2024-02-23,38.332515716552734,39.5,39.5,39.20000076293945,39.20000076293945,4300
2024-02-26,38.332515716552734,39.5,39.5,39.5,39.5,0
2024-02-27,38.332515716552734,39.5,39.5,39.25,39.29999923706055,9000
2024-02-29,37.992862701416016,39.150001525878906,39.150001525878906,39.150001525878906,39.150001525878906,2000
2024-03-01,37.992862701416016,39.150001525878906,39.150001525878906,39.150001525878906,39.150001525878906,0
2024-03-04,37.992862701416016,39.150001525878906,39.150001525878906,39.150001525878906,39.150001525878906,0
2024-03-05,38.186946868896484,39.349998474121094,39.95000076293945,39.099998474121094,39.099998474121094,6000
2024-03-06,38.186946868896484,39.349998474121094,39.95000076293945,39.099998474121094,39.95000076293945,10001
2024-03-07,38.041385650634766,39.20000076293945,39.20000076293945,39.20000076293945,39.20000076293945,2000
2024-03-08,38.8177375793457,40.0,40.70000076293945,39.20000076293945,40.0,12000
2024-03-11,38.041385650634766,39.20000076293945,39.20000076293945,39.20000076293945,39.20000076293945,2000
2024-03-12,37.89581298828125,39.04999923706055,40.45000076293945,39.04999923706055,40.45000076293945,9622
2024-03-13,38.8177375793457,40.0,40.0,39.150001525878906,39.150001525878906,12006
2024-03-14,38.186946868896484,39.349998474121094,39.400001525878906,39.349998474121094,39.400001525878906,7000
2024-03-15,38.76921463012695,39.95000076293945,39.95000076293945,39.45000076293945,39.45000076293945,9023
2024-03-18,38.76921463012695,39.95000076293945,39.95000076293945,39.95000076293945,39.95000076293945,0
2024-03-19,38.186946868896484,39.349998474121094,39.349998474121094,39.349998474121094,39.349998474121094,11
2024-03-20,38.283992767333984,39.45000076293945,39.849998474121094,39.349998474121094,39.349998474121094,7000
2024-03-21,38.283992767333984,39.45000076293945,39.45000076293945,39.45000076293945,39.45000076293945,0
2024-03-22,38.86625671386719,40.04999923706055,40.04999923706055,39.900001525878906,39.900001525878906,20500
2024-03-25,38.62364959716797,39.79999923706055,40.0,39.5,39.75,14000
2024-03-26,38.62364959716797,39.79999923706055,39.79999923706055,39.79999923706055,39.79999923706055,0
2024-03-27,38.91477966308594,40.099998474121094,40.150001525878906,39.79999923706055,40.150001525878906,5000
2024-03-28,38.332515716552734,39.5,39.5,39.5,39.5,5500
2024-03-29,38.332515716552734,39.5,39.5,39.5,39.5,0
2024-04-01,38.8177375793457,40.0,40.54999923706055,40.0,40.0,23010
2024-04-02,41.38941192626953,42.650001525878906,43.400001525878906,40.29999923706055,40.29999923706055,77267
2024-04-03,41.24384307861328,42.5,42.95000076293945,42.0,42.650001525878906,39818
2024-04-08,41.583499908447266,42.849998474121094,43.599998474121094,42.0,42.0,21961
2024-04-09,41.0982780456543,42.349998474121094,43.95000076293945,42.349998474121094,43.95000076293945,17336
2024-04-10,41.43793487548828,42.70000076293945,43.099998474121094,42.29999923706055,43.099998474121094,3346
2024-04-11,41.0982780456543,42.349998474121094,42.54999923706055,42.20000076293945,42.45000076293945,13620
2024-04-12,41.72906494140625,43.0,43.0,42.900001525878906,42.900001525878906,5046
2024-04-15,41.92315673828125,43.20000076293945,43.20000076293945,43.150001525878906,43.150001525878906,1080
2024-04-16,41.24384307861328,42.5,43.29999923706055,42.349998474121094,43.29999923706055,11048
2024-04-17,41.24384307861328,42.5,42.5,42.5,42.5,0
2024-04-18,40.61305618286133,41.849998474121094,43.29999923706055,41.849998474121094,43.29999923706055,9033
2024-04-19,40.66157913208008,41.900001525878906,42.0,41.70000076293945,41.849998474121094,5100
2024-04-22,40.61305618286133,41.849998474121094,41.900001525878906,41.849998474121094,41.900001525878906,2111
2024-04-23,40.61305618286133,41.849998474121094,41.849998474121094,41.849998474121094,41.849998474121094,0
2024-04-24,40.61305618286133,41.849998474121094,41.849998474121094,41.849998474121094,41.849998474121094,0
2024-04-25,40.61305618286133,41.849998474121094,41.849998474121094,41.849998474121094,41.849998474121094,0
2024-04-26,41.6805419921875,42.95000076293945,42.95000076293945,42.95000076293945,42.95000076293945,3000
2024-04-29,41.6805419921875,42.95000076293945,42.95000076293945,42.95000076293945,42.95000076293945,0
2024-04-30,43.13621139526367,44.45000076293945,45.79999923706055,43.5,44.5,30137
2024-05-02,43.13621139526367,44.45000076293945,44.45000076293945,44.45000076293945,44.45000076293945,0
2024-05-03,43.66995620727539,45.0,45.150001525878906,44.54999923706055,44.54999923706055,4600
2024-05-06,50.17192840576172,51.70000076293945,52.20000076293945,46.20000076293945,46.20000076293945,124449
2024-05-07,48.91035079956055,50.400001525878906,52.0,49.900001525878906,50.599998474121094,86709
2024-05-08,49.39556884765625,50.900001525878906,50.900001525878906,48.650001525878906,48.650001525878906,24342
2024-05-09,49.00739288330078,50.5,50.70000076293945,48.5,48.5,16064
2024-05-10,48.61921310424805,50.099998474121094,51.0,48.849998474121094,50.20000076293945,20020
2024-05-13,50.46305847167969,52.0,52.099998474121094,50.0,51.0,42182
2024-05-14,50.07487869262695,51.599998474121094,52.0,50.099998474121094,50.099998474121094,20569
2024-05-15,47.066505432128906,48.5,51.900001525878906,48.0,51.900001525878906,69672
2024-05-16,46.82389450073242,48.25,49.79999923706055,48.0,48.349998474121094,52229
2024-05-17,46.3871955871582,47.79999923706055,48.75,47.349998474121094,48.5,13031
2024-05-20,45.75640869140625,47.150001525878906,48.5,46.54999923706055,47.0,18141
2024-05-21,45.1256217956543,46.5,47.150001525878906,46.099998474121094,46.099998474121094,4114
2024-05-22,44.59187698364258,45.95000076293945,46.150001525878906,44.54999923706055,45.849998474121094,22420
2024-05-23,42.50542068481445,43.79999923706055,44.900001525878906,42.849998474121094,44.20000076293945,29747
2024-05-24,43.52438735961914,44.849998474121094,45.25,43.04999923706055,43.900001525878906,23040
2024-05-27,42.69950866699219,44.0,44.900001525878906,43.25,44.900001525878906,13171
2024-05-28,42.16576385498047,43.45000076293945,43.599998474121094,43.04999923706055,43.04999923706055,6010
2024-05-29,43.42734146118164,44.75,44.75,44.75,44.75,3000
2024-05-30,43.42734146118164,44.75,44.75,44.75,44.75,0
2024-05-31,44.78596496582031,46.150001525878906,46.150001525878906,44.75,44.900001525878906,10270
2024-06-03,43.76699447631836,45.099998474121094,46.150001525878906,45.099998474121094,45.349998474121094,10020
2024-06-04,43.76699447631836,45.099998474121094,45.099998474121094,45.099998474121094,45.099998474121094,0
2024-06-05,43.76699447631836,45.099998474121094,45.099998474121094,45.099998474121094,45.099998474121094,0
2024-06-06,43.76699447631836,45.099998474121094,45.099998474121094,45.099998474121094,45.099998474121094,0
2024-06-07,44.34926223754883,45.70000076293945,45.70000076293945,44.5,44.849998474121094,11021
2024-06-11,45.416751861572266,46.79999923706055,46.79999923706055,44.5,45.70000076293945,14095
2024-06-12,48.47364807128906,49.95000076293945,50.0,46.79999923706055,46.79999923706055,34460
2024-06-13,48.085472106933594,49.54999923706055,49.95000076293945,47.54999923706055,48.70000076293945,23763
2024-06-14,46.24162673950195,47.650001525878906,47.650001525878906,45.650001525878906,47.599998474121094,14520
2024-06-17,44.88300704956055,46.25,46.5,45.29999923706055,45.599998474121094,31150
2024-06-18,44.98004913330078,46.349998474121094,46.349998474121094,44.95000076293945,44.95000076293945,4292
2024-06-19,44.59187698364258,45.95000076293945,46.150001525878906,45.04999923706055,45.04999923706055,4530
2024-06-20,46.3871955871582,47.79999923706055,48.099998474121094,45.20000076293945,45.20000076293945,33289
2024-06-21,44.64039993286133,46.0,47.650001525878906,46.0,46.0,33
2024-06-24,46.24162673950195,47.650001525878906,47.650001525878906,46.0,46.0,9010
2024-06-25,44.7374382019043,46.099998474121094,47.5,45.849998474121094,45.849998474121094,3530
2024-06-26,44.49483108520508,45.849998474121094,47.45000076293945,45.849998474121094,47.45000076293945,3100
2024-06-27,46.09606170654297,47.5,47.5,45.849998474121094,45.849998474121094,6030
2024-06-28,46.09606170654297,47.5,47.5,47.5,47.5,1105
2024-07-01,44.49483108520508,45.849998474121094,45.849998474121094,45.849998474121094,45.849998474121094,1000
2024-07-02,46.047542572021484,47.45000076293945,47.45000076293945,46.150001525878906,46.150001525878906,1010
2024-07-03,45.61083984375,47.0,47.0,47.0,47.0,8
2024-07-04,47.551727294921875,49.0,49.599998474121094,47.0,47.0,44556
2024-07-05,47.648773193359375,49.099998474121094,49.25,48.349998474121094,49.0,10293
2024-07-08,48.47364807128906,49.95000076293945,49.95000076293945,48.900001525878906,49.20000076293945,11591
2024-07-09,48.13399124145508,49.599998474121094,49.650001525878906,48.5,48.5,11025
2024-07-10,48.182518005371094,49.650001525878906,49.650001525878906,48.54999923706055,49.650001525878906,23022
2024-07-11,55.53071975708008,56.29999923706055,56.400001525878906,49.5,49.5,153138
2024-07-12,65.78861236572266,66.69999694824219,69.30000305175781,60.599998474121094,62.0,277201
2024-07-15,84.82489776611328,86.0,88.4000015258789,72.30000305175781,76.0,528283
2024-07-16,81.86589050292969,83.0,88.0,80.0999984741211,85.0,342865
2024-07-17,75.3560791015625,76.4000015258789,82.0,74.19999694824219,82.0,305157
2024-07-18,83.04949188232422,84.19999694824219,87.30000305175781,76.30000305175781,77.0,249862
2024-07-19,83.34539794921875,84.5,88.30000305175781,83.69999694824219,86.5,245280
2024-07-22,77.52600860595703,78.5999984741211,84.0,78.5999984741211,83.0,140609
2024-07-23,81.47135925292969,82.5999984741211,82.5999984741211,78.80000305175781,78.80000305175781,90578
2024-07-26,80.68228912353516,81.80000305175781,82.0,78.80000305175781,81.19999694824219,52155
2024-07-29,92.71559143066406,94.0,95.0999984741211,81.19999694824219,81.69999694824219,276864
2024-07-30,90.24974822998047,91.5,94.0,86.69999694824219,94.0,185054
2024-07-31,85.81123352050781,87.0,90.0,83.19999694824219,90.0,106565
2024-08-01,81.66862487792969,82.80000305175781,87.5,81.5,87.5,124438
2024-08-02,74.96154022216797,76.0,82.80000305175781,74.69999694824219,81.5,114190
2024-08-05,67.76128387451172,68.69999694824219,78.0,66.19999694824219,78.0,197347
2024-08-06,68.74761962890625,69.69999694824219,70.5,65.69999694824219,68.80000305175781,85768
2024-08-07,73.77793884277344,74.80000305175781,74.80000305175781,69.19999694824219,69.19999694824219,31137
2024-08-08,71.11483001708984,72.0999984741211,75.30000305175781,72.0,72.0,34763
2024-08-09,70.12849426269531,71.0999984741211,73.0,69.69999694824219,72.69999694824219,102040
2024-08-12,70.02986145019531,71.0,73.30000305175781,68.69999694824219,72.0,44984
2024-08-13,67.07085418701172,68.0,71.30000305175781,68.0,68.5,43647
2024-08-14,66.87358856201172,67.80000305175781,68.69999694824219,67.69999694824219,67.69999694824219,12122
2024-08-15,71.01619720458984,72.0,72.5999984741211,67.0999984741211,67.0999984741211,56126
2024-08-16,78.11781311035156,79.19999694824219,79.19999694824219,71.0,71.0,105450
2024-08-19,89.26341247558594,90.5,90.5,79.0999984741211,79.4000015258789,170546
2024-08-20,88.4743423461914,89.69999694824219,97.0999984741211,87.19999694824219,90.69999694824219,229185
2024-08-21,84.33173370361328,85.5,89.30000305175781,84.5,89.30000305175781,78295
2024-08-22,83.83856201171875,85.0,88.0,84.19999694824219,88.0,5507
2024-08-23,84.33173370361328,85.5,86.9000015258789,84.5999984741211,86.9000015258789,33321
2024-08-26,82.55632781982422,83.69999694824219,86.69999694824219,83.69999694824219,86.69999694824219,68722
2024-08-27,82.16179656982422,83.30000305175781,85.69999694824219,82.30000305175781,85.69999694824219,16716
2024-08-28,79.79458618164062,80.9000015258789,81.9000015258789,78.0,81.9000015258789,80056
2024-08-29,78.01918029785156,79.0999984741211,80.30000305175781,78.30000305175781,80.30000305175781,18200
2024-08-30,82.35906219482422,83.5,84.0,79.0,80.4000015258789,68844
2024-09-02,79.89321899414062,81.0,83.0,81.0,83.0,25820
2024-09-03,77.92054748535156,79.0,80.80000305175781,79.0,80.80000305175781,18192
2024-09-04,76.44104766845703,77.5,78.0,74.69999694824219,78.0,55139
2024-09-05,76.44104766845703,77.5,78.5999984741211,77.5,78.19999694824219,10716
2024-09-06,76.6383056640625,77.69999694824219,79.19999694824219,77.30000305175781,78.30000305175781,8558
2024-09-09,77.92054748535156,79.0,79.0,77.5,78.0,17705
2024-09-10,82.26042938232422,83.4000015258789,87.80000305175781,79.30000305175781,79.30000305175781,100979
2024-09-11,85.12080383300781,86.30000305175781,88.80000305175781,83.30000305175781,84.0,61220
2024-09-12,82.45769500732422,83.5999984741211,86.5,80.80000305175781,84.69999694824219,120404
2024-09-13,79.79458618164062,80.9000015258789,83.19999694824219,79.19999694824219,83.19999694824219,43260
2024-09-16,79.30142211914062,80.4000015258789,82.0,79.69999694824219,82.0,42512
2024-09-18,77.32875061035156,78.4000015258789,80.0,78.4000015258789,79.69999694824219,41692
2024-09-19,77.92054748535156,79.0,79.5,77.69999694824219,78.0999984741211,54530
2024-09-20,79.40005493164062,80.5,80.5,78.69999694824219,79.5,18668
2024-09-23,78.4137191772461,79.5,79.5,79.0,79.19999694824219,17910
2024-09-24,77.72328186035156,78.80000305175781,79.69999694824219,78.19999694824219,78.5,22441
2024-09-25,77.52600860595703,78.5999984741211,79.80000305175781,78.19999694824219,78.19999694824219,8150
2024-09-26,76.5396728515625,77.5999984741211,79.69999694824219,77.5999984741211,78.5999984741211,66161
2024-09-27,76.93421173095703,78.0,78.0,77.0999984741211,77.9000015258789,15875
2024-09-30,78.11781311035156,79.19999694824219,79.5,77.19999694824219,77.19999694824219,26200
2024-10-01,77.92054748535156,79.0,80.4000015258789,79.0,79.30000305175781,34370
2024-10-04,77.92054748535156,79.0,79.80000305175781,78.9000015258789,79.19999694824219,25010
2024-10-07,78.01918029785156,79.0999984741211,79.80000305175781,78.0,79.5,21779
2024-10-08,77.42738342285156,78.5,78.80000305175781,78.30000305175781,78.30000305175781,1329
2024-10-09,77.32875061035156,78.4000015258789,78.80000305175781,78.19999694824219,78.19999694824219,11801
2024-10-11,83.24676513671875,84.4000015258789,84.4000015258789,79.19999694824219,79.9000015258789,31743
2024-10-14,81.37272644042969,82.5,84.69999694824219,81.69999694824219,84.30000305175781,84137
2024-10-15,83.34539794921875,84.5,84.5,81.80000305175781,83.30000305175781,77859
2024-10-16,97.35136413574219,98.69999694824219,98.69999694824219,84.69999694824219,86.0,331892
2024-10-17,93.7019271850586,95.0,107.0,92.0,100.0,230184
2024-10-18,92.51832580566406,93.80000305175781,95.5,91.19999694824219,92.69999694824219,127022
2024-10-21,90.24974822998047,91.5,94.0,90.0999984741211,93.69999694824219,76647
2024-10-22,91.236083984375,92.5,94.0,90.80000305175781,90.80000305175781,27926
2024-10-23,91.236083984375,92.5,93.5,91.5,92.69999694824219,103605
2024-10-24,86.89620208740234,88.0999984741211,92.0,88.0999984741211,92.0,64681
2024-10-25,86.60031127929688,87.80000305175781,90.0,87.69999694824219,87.69999694824219,110367
2024-10-28,84.72626495361328,85.9000015258789,88.19999694824219,85.69999694824219,88.0,38235
2024-10-29,84.33173370361328,85.5,86.0999984741211,85.0,85.5,39772
2024-10-30,83.73992919921875,84.9000015258789,85.5999984741211,83.19999694824219,85.5999984741211,43390
2024-11-01,83.83856201171875,85.0,85.5,83.30000305175781,83.30000305175781,31857
2024-11-04,85.61397552490234,86.80000305175781,87.5999984741211,84.69999694824219,86.0,21266
2024-11-05,85.41670227050781,86.5999984741211,86.9000015258789,86.5999984741211,86.9000015258789,7506
2024-11-06,86.79756927490234,88.0,88.5,86.19999694824219,86.19999694824219,15100
2024-11-07,86.20577239990234,87.4000015258789,88.0,86.80000305175781,87.5,16308
2024-11-08,84.82489776611328,86.0,87.9000015258789,84.80000305175781,87.9000015258789,29300
2024-11-11,81.86589050292969,83.0,85.5,81.0,84.80000305175781,56497
2024-11-12,80.38639068603516,81.5,83.0,81.0999984741211,82.19999694824219,27416
2024-11-13,78.4137191772461,79.5,81.4000015258789,78.30000305175781,80.9000015258789,50853
2024-11-14,78.5123519897461,79.5999984741211,80.19999694824219,78.5,79.19999694824219,14006
2024-11-15,74.07383728027344,75.0999984741211,78.80000305175781,74.69999694824219,78.5,80601
2024-11-18,71.01619720458984,72.0,75.80000305175781,71.4000015258789,75.0,81047
2024-11-19,70.42439270019531,71.4000015258789,72.4000015258789,68.0999984741211,71.30000305175781,162123
2024-11-20,70.42439270019531,71.4000015258789,71.4000015258789,71.4000015258789,71.4000015258789,0
2024-11-21,67.95855712890625,68.9000015258789,72.0,67.69999694824219,72.0,38593
2024-11-22,69.04352569580078,70.0,70.0,69.30000305175781,69.9000015258789,10508
2024-11-25,72.59432983398438,73.5999984741211,73.5999984741211,70.0,70.19999694824219,16330
2024-11-26,72.8902359008789,73.9000015258789,73.9000015258789,71.0,73.5999984741211,8472
2024-11-27,74.27111053466797,75.30000305175781,75.9000015258789,73.5999984741211,74.19999694824219,21244
2024-11-28,74.27111053466797,75.30000305175781,78.30000305175781,73.69999694824219,76.19999694824219,36640
2024-11-29,75.9478759765625,77.0,78.30000305175781,75.4000015258789,75.4000015258789,33230
2024-12-02,75.7506103515625,76.80000305175781,78.19999694824219,76.0,78.19999694824219,18112
2024-12-03,78.9068832397461,80.0,80.4000015258789,78.0,80.30000305175781,29792
2024-12-04,77.92054748535156,79.0,81.5,78.0,81.5,11341
2024-12-05,74.36974334716797,75.4000015258789,78.0,75.19999694824219,77.0,9181
2024-12-06,75.7506103515625,76.80000305175781,78.9000015258789,74.80000305175781,78.9000015258789,20388
2024-12-09,80.68228912353516,81.80000305175781,82.19999694824219,77.5,78.30000305175781,50653
2024-12-10,79.40005493164062,80.5,81.5,77.69999694824219,80.80000305175781,17339
2024-12-11,80.18912506103516,81.30000305175781,83.80000305175781,80.0,80.80000305175781,56606
2024-12-12,78.5123519897461,79.5999984741211,81.30000305175781,78.69999694824219,80.19999694824219,19114
2024-12-13,79.20278930664062,80.30000305175781,80.30000305175781,79.5,79.80000305175781,6005
2024-12-16,76.24378204345703,77.30000305175781,78.5,77.0,77.0,8389
2024-12-17,73.1861343383789,74.19999694824219,77.0,74.0999984741211,76.5,37367
2024-12-18,74.27111053466797,75.30000305175781,75.30000305175781,75.0,75.30000305175781,4000
2024-12-19,72.69296264648438,73.69999694824219,73.80000305175781,73.5,73.69999694824219,13000
2024-12-20,72.9888687133789,74.0,74.0,73.19999694824219,73.19999694824219,2130
2024-12-23,73.97520446777344,75.0,75.0,73.5,73.5,1001
2024-12-24,72.39706420898438,73.4000015258789,75.0,72.19999694824219,75.0,23256
2024-12-25,71.01619720458984,72.0,74.80000305175781,72.0,73.5,11218
2024-12-26,70.02986145019531,71.0,72.19999694824219,71.0,71.5,30347
2024-12-27,68.55035400390625,69.5,70.5999984741211,68.5999984741211,70.5999984741211,56350
2024-12-30,69.04352569580078,70.0,70.0,68.0,70.0,43563
2024-12-31,69.73395538330078,70.69999694824219,70.69999694824219,68.5,70.0,6340
2025-01-02,74.27111053466797,75.30000305175781,75.30000305175781,70.5,70.5,33018
2025-01-03,72.00253295898438,73.0,75.5999984741211,72.30000305175781,75.5999984741211,30825
2025-01-06,75.2574462890625,76.30000305175781,77.19999694824219,72.5,73.5999984741211,68919
2025-01-07,76.0465087890625,77.0999984741211,82.5999984741211,77.0999984741211,77.5,86117
2025-01-08,73.77793884277344,74.80000305175781,78.4000015258789,74.80000305175781,77.0,14885
2025-01-09,73.38340759277344,74.4000015258789,76.4000015258789,74.4000015258789,74.4000015258789,2444
2025-01-10,73.6792984008789,74.69999694824219,74.69999694824219,74.69999694824219,74.69999694824219,60
2025-01-13,73.6792984008789,74.69999694824219,76.5,74.69999694824219,76.5,33200
2025-01-14,74.27111053466797,75.30000305175781,75.30000305175781,74.4000015258789,74.4000015258789,2000
2025-01-15,73.97520446777344,75.0,75.30000305175781,73.69999694824219,75.30000305175781,54500
2025-01-16,74.46836853027344,75.5,75.5,74.30000305175781,74.30000305175781,7600
2025-01-17,73.87657165527344,74.9000015258789,74.9000015258789,73.5,74.19999694824219,21000
2025-01-20,75.8492431640625,76.9000015258789,76.9000015258789,75.0,75.0,7027
2025-01-21,73.97520446777344,75.0,75.0,74.19999694824219,74.69999694824219,6625
2025-01-22,73.97520446777344,75.0,76.0,74.19999694824219,76.0,27114
2025-02-03,74.17247009277344,75.19999694824219,75.30000305175781,74.5,74.5,35148
2025-02-04,77.23011779785156,78.30000305175781,78.30000305175781,75.0,75.0,48239
2025-02-05,85.12080383300781,86.30000305175781,90.80000305175781,78.30000305175781,78.30000305175781,255652
2025-02-06,84.92353057861328,86.0999984741211,90.0,85.80000305175781,87.0,62697
2025-02-07,84.82489776611328,86.0,87.80000305175781,85.69999694824219,86.4000015258789,67898
2025-02-10,83.14813232421875,84.30000305175781,85.69999694824219,82.69999694824219,85.69999694824219,36109
2025-02-11,77.92054748535156,79.0,83.19999694824219,77.80000305175781,81.0999984741211,98855
2025-02-12,78.2164535522461,79.30000305175781,79.69999694824219,77.5,79.69999694824219,20895
2025-02-13,78.11781311035156,79.19999694824219,80.30000305175781,79.0,79.30000305175781,73010
2025-02-14,77.42738342285156,78.5,80.30000305175781,78.0999984741211,78.0999984741211,75180
2025-02-17,76.44104766845703,77.5,78.0,76.0999984741211,78.0,44196
2025-02-18,75.9478759765625,77.0,77.0,75.80000305175781,76.0999984741211,25465
2025-02-19,75.15880584716797,76.19999694824219,78.9000015258789,75.5,75.5,9156
2025-02-20,76.93421173095703,78.0,79.0,76.5,79.0,8210
2025-02-21,75.55333709716797,76.5999984741211,79.0999984741211,75.9000015258789,79.0,47243
2025-02-24,77.92054748535156,79.0,79.30000305175781,76.69999694824219,78.80000305175781,41500
2025-02-25,78.61097717285156,79.69999694824219,79.69999694824219,77.0999984741211,79.4000015258789,7032
2025-02-26,76.1451416015625,77.19999694824219,79.9000015258789,77.19999694824219,79.0999984741211,1640
2025-02-27,76.44104766845703,77.5,79.80000305175781,76.80000305175781,79.80000305175781,13425
2025-03-03,74.96154022216797,76.0,76.5999984741211,76.0,76.4000015258789,16555
2025-03-04,76.44104766845703,77.5,77.5,75.0999984741211,77.5,7306
2025-03-05,76.24378204345703,77.30000305175781,77.30000305175781,75.69999694824219,75.69999694824219,2001
2025-03-06,74.96154022216797,76.0,77.5,75.30000305175781,77.5,13930
2025-03-07,75.45470428466797,76.5,76.5,75.0999984741211,75.0999984741211,3620
2025-03-10,74.96154022216797,76.0,76.5,74.9000015258789,76.0,12450
2025-03-11,73.97520446777344,75.0,76.0,74.69999694824219,74.69999694824219,15030
2025-03-12,75.15880584716797,76.19999694824219,76.19999694824219,75.80000305175781,75.9000015258789,15050
2025-03-13,73.38340759277344,74.4000015258789,76.30000305175781,73.0999984741211,74.69999694824219,71485
2025-03-14,71.70662689208984,72.69999694824219,73.69999694824219,72.0,72.30000305175781,12911
2025-03-17,71.60799407958984,72.5999984741211,72.5999984741211,72.5999984741211,72.5999984741211,1000
2025-03-18,71.60799407958984,72.5999984741211,72.5999984741211,72.5999984741211,72.5999984741211,0
2025-03-19,71.80526733398438,72.80000305175781,73.0,71.5,72.80000305175781,17485
2025-03-20,71.60799407958984,72.5999984741211,73.5,72.5999984741211,72.80000305175781,10213
2025-03-21,72.7916030883789,73.80000305175781,73.80000305175781,72.9000015258789,72.9000015258789,1431
2025-03-24,71.01619720458984,72.0,72.0,71.5,71.5,2000
2025-03-25,72.49569702148438,73.5,73.5,73.5,73.5,1080
2025-03-26,73.4820327758789,74.5,75.0,73.30000305175781,73.5,31120
2025-03-27,73.77793884277344,74.80000305175781,74.80000305175781,72.19999694824219,72.19999694824219,21
2025-03-28,70.81893157958984,71.80000305175781,71.80000305175781,68.69999694824219,71.5,38208
2025-03-31,67.85992431640625,68.80000305175781,70.19999694824219,68.4000015258789,68.5999984741211,31448
2025-04-01,70.52302551269531,71.5,71.5,69.30000305175781,69.30000305175781,16111
2025-04-02,70.52302551269531,71.5,71.5,71.5,71.5,0
2025-04-07,59.1801643371582,60.0,69.69999694824219,59.0,69.69999694824219,83954
2025-04-08,55.925254821777344,56.70000076293945,59.79999923706055,56.400001525878906,59.79999923706055,53335
2025-04-09,44.4344367980957,45.04999923706055,54.20000076293945,45.04999923706055,54.20000076293945,95578
2025-04-10,54.24848175048828,55.0,55.20000076293945,46.20000076293945,46.20000076293945,50110
2025-04-11,52.27581024169922,53.0,54.5,51.5,54.5,21919
2025-04-14,53.06488037109375,53.79999923706055,54.0,53.099998474121094,53.900001525878906,23300
2025-04-15,53.95258331298828,54.70000076293945,54.70000076293945,54.0,54.0,12000
2025-04-16,53.26214599609375,54.0,55.400001525878906,54.0,55.20000076293945,20000
2025-04-17,52.37444305419922,53.099998474121094,54.5,53.099998474121094,54.0,7050
2025-04-18,54.14984893798828,54.900001525878906,54.900001525878906,54.900001525878906,54.900001525878906,3000
2025-04-21,52.473079681396484,53.20000076293945,53.20000076293945,52.900001525878906,53.0,9110
2025-04-22,52.27581024169922,53.0,53.0,52.599998474121094,53.0,17000
2025-04-23,54.24848175048828,55.0,55.0,53.599998474121094,53.599998474121094,21600
2025-04-24,54.24848175048828,55.0,55.0,55.0,55.0,5900
2025-04-25,57.010223388671875,57.79999923706055,57.79999923706055,55.0,55.20000076293945,29300
2025-04-28,65.09818267822266,66.0,67.69999694824219,58.20000076293945,58.20000076293945,107018
2025-04-29,62.1391716003418,63.0,68.5,57.5,66.69999694824219,184319
2025-04-30,61.94190216064453,62.79999923706055,62.79999923706055,58.599998474121094,60.70000076293945,69211
2025-05-02,59.87059783935547,60.70000076293945,62.599998474121094,60.599998474121094,62.599998474121094,33027
2025-05-05,58.58836364746094,59.400001525878906,60.5,57.5,60.5,42819
2025-05-06,58.78562545776367,59.599998474121094,59.599998474121094,59.0,59.400001525878906,14062
2025-05-07,58.78562545776367,59.599998474121094,60.0,59.599998474121094,60.0,2501
2025-05-08,58.78562545776367,59.599998474121094,60.29999923706055,59.0,59.0,8239
2025-05-09,59.3774299621582,60.20000076293945,60.29999923706055,58.599998474121094,60.29999923706055,34700
2025-05-12,59.4760627746582,60.29999923706055,60.29999923706055,60.0,60.099998474121094,6006
2025-05-13,60.166500091552734,61.0,62.400001525878906,60.0,60.0,19435
2025-05-14,61.152835845947266,62.0,62.0,62.0,62.0,3501
2025-05-15,63.02687454223633,63.900001525878906,63.900001525878906,62.400001525878906,63.0,29550
2025-05-16,62.33644104003906,63.20000076293945,64.19999694824219,63.20000076293945,63.79999923706055,8950
2025-05-19,64.11184692382812,65.0,65.0,63.099998474121094,63.099998474121094,202
2025-05-20,66.28177642822266,67.19999694824219,67.19999694824219,64.9000015258789,65.0,33636
2025-05-21,65.88725280761719,66.80000305175781,66.80000305175781,65.0999984741211,65.0999984741211,3050
2025-05-22,63.520042419433594,64.4000015258789,66.19999694824219,64.0,66.19999694824219,12358
2025-05-23,61.448734283447266,62.29999923706055,62.5,62.0,62.29999923706055,3320
2025-05-26,63.12550735473633,64.0,64.4000015258789,64.0,64.0999984741211,5820
2025-05-27,60.56103515625,61.400001525878906,62.5,61.20000076293945,62.29999923706055,28210
2025-05-28,60.363765716552734,61.20000076293945,62.099998474121094,60.70000076293945,61.900001525878906,51410
2025-05-29,64.11184692382812,65.0,65.0,61.79999923706055,62.0,43495
2025-06-02,74.96154022216797,76.0,77.0,63.099998474121094,63.099998474121094,187050
2025-06-03,71.31210327148438,72.30000305175781,76.69999694824219,69.69999694824219,75.80000305175781,107030
2025-06-04,68.05718994140625,69.0,71.30000305175781,67.69999694824219,71.0,67192
2025-06-05,72.00253295898438,73.0,73.5,70.0999984741211,70.69999694824219,53710
2025-06-06,82.65496063232422,83.80000305175781,85.4000015258789,73.0,74.19999694824219,262571
2025-06-09,87.29074096679688,88.5,94.5999984741211,83.0,83.0,327905
2025-06-10,78.9068832397461,80.0,88.5,77.80000305175781,87.0999984741211,223475
2025-06-11,79.30142211914062,80.4000015258789,83.0,72.9000015258789,77.69999694824219,231349
2025-06-12,83.73992919921875,84.9000015258789,85.0,79.30000305175781,79.30000305175781,99311
2025-06-13,81.07682037353516,82.19999694824219,86.0,81.0,86.0,40567
2025-06-16,81.17546081542969,82.30000305175781,82.5,80.80000305175781,82.0,28518
2025-06-17,80.38639068603516,81.5,82.80000305175781,80.0,82.5999984741211,61483
2025-06-18,84.52899932861328,85.69999694824219,85.69999694824219,80.69999694824219,80.69999694824219,57756
2025-06-19,88.77024841308594,90.0,94.19999694824219,84.0,84.0,289093
2025-06-20,88.4743423461914,89.69999694824219,91.9000015258789,86.5999984741211,90.5,226593
2025-06-23,88.77024841308594,90.0,91.30000305175781,86.5,89.0,122172
2025-06-24,89.55931854248047,90.80000305175781,93.19999694824219,88.19999694824219,88.19999694824219,150439
2025-06-25,93.5046615600586,94.80000305175781,97.9000015258789,91.0,91.0,270035
2025-06-26,91.433349609375,92.69999694824219,96.19999694824219,91.5,96.0,148758
2025-06-27,88.67161560058594,89.9000015258789,92.80000305175781,89.80000305175781,91.69999694824219,47962
2025-06-30,88.77024841308594,90.0,91.0,87.80000305175781,91.0,64958
2025-07-01,90.24974822998047,91.5,93.69999694824219,87.69999694824219,87.69999694824219,68765
2025-07-02,97.45000457763672,98.80000305175781,100.0,93.0,93.0,136911
2025-07-03,107.5,107.5,111.0,98.0,98.0,417140
2025-07-04,119.5,119.5,120.5,105.5,110.5,656001
2025-07-07,108.5,108.5,118.5,107.5,116.5,305996
2025-07-08,106.0,106.0,108.0,101.5,107.0,136306
2025-07-09,111.0,111.0,113.5,104.0,104.0,184253
2025-07-10,105.5,105.5,112.5,102.0,112.5,225233
2025-07-11,104.0,104.0,108.0,102.5,108.0,224661
2025-07-14,114.5,114.5,119.0,104.0,104.0,394515
2025-07-15,111.5,111.5,117.5,111.5,111.5,337844
2025-07-16,106.5,106.5,114.0,104.5,114.0,168838
2025-07-17,105.0,105.0,108.0,105.0,105.0,61372
2025-07-18,120.0,120.0,120.5,107.0,107.0,593570
2025-07-21,118.0,118.0,122.0,115.5,122.0,266096
2025-07-22,114.5,114.5,118.5,112.0,118.5,268016
2025-07-23,114.5,114.5,116.0,112.5,115.5,153715
2025-07-24,115.5,115.5,116.0,113.0,116.0,85390
2025-07-25,114.5,114.5,115.5,113.0,115.0,99836
2025-07-28,115.0,115.0,118.0,113.0,115.0,150844
2025-07-29,116.5,116.5,126.0,99.0,110.5,2660759
2025-07-30,108.5,108.5,113.0,104.0,113.0,941311
2025-07-31,111.5,111.5,113.5,104.0,107.5,734805
2025-08-04,116.0,116.0,116.0,103.0,107.5,716558
2025-08-05,127.5,127.5,127.5,110.5,114.0,778348
2025-08-06,140.0,140.0,140.0,133.0,133.0,535200
2025-08-07,147.0,147.0,154.0,133.5,143.0,1367420
2025-08-08,144.0,144.0,145.5,139.0,142.0,729636
2025-08-11,130.0,130.0,141.5,130.0,138.0,935741
2025-08-12,133.0,133.0,134.0,122.0,125.5,735069
2025-08-13,140.0,140.0,141.5,131.0,136.0,1082592
2025-08-14,132.0,132.0,137.0,132.0,135.0,543343
2025-08-15,125.5,125.5,131.5,125.5,131.5,410397
2025-08-18,121.0,121.0,127.5,120.0,124.0,406601
2025-08-19,121.0,121.0,125.0,115.0,119.5,594516
2025-08-20,119.0,119.0,121.0,113.0,121.0,525171
2025-08-21,119.0,119.0,120.5,116.0,116.0,309509
2025-08-22,123.0,123.0,130.0,117.5,118.0,564101
2025-08-25,119.5,119.5,123.5,119.5,121.0,377338
2025-08-26,120.0,120.0,121.0,116.5,121.0,232150
2025-08-27,116.5,116.5,120.5,116.5,119.0,202340
2025-08-28,115.5,115.5,118.0,115.0,118.0,101077
2025-08-29,112.5,112.5,116.0,112.5,116.0,149353
2025-09-01,105.0,105.0,113.0,103.5,113.0,246100
2025-09-02,102.5,102.5,107.0,99.30000305175781,99.30000305175781,149010
2025-09-03,100.5,100.5,103.5,99.69999694824219,100.0,201000
2025-09-04,99.5,99.5,103.5,99.0,102.0,170002
2025-09-05,99.0,99.0,102.0,98.0,100.5,159004
2025-09-08,99.5,99.5,102.0,98.5,100.0,122000
2025-09-09,98.5,98.5,100.0,96.69999694824219,100.0,137075
2025-09-10,108.0,108.0,108.0,98.80000305175781,98.80000305175781,238950
2025-09-11,103.0,103.0,112.5,99.9000015258789,112.0,376015
2025-09-12,100.0,100.0,103.0,99.19999694824219,103.0,98000
2025-09-15,98.0999984741211,98.0999984741211,99.0999984741211,98.0999984741211,99.0999984741211,71000
2025-09-16,98.5999984741211,98.5999984741211,100.0,98.5999984741211,98.5999984741211,41000
2025-09-17,96.80000305175781,96.80000305175781,99.5,96.80000305175781,98.80000305175781,85003
2025-09-18,97.19999694824219,97.19999694824219,98.0,96.9000015258789,97.0,58000
2025-09-19,97.19999694824219,97.19999694824219,97.5,97.0,97.5,36000
2025-09-22,97.5,97.5,100.0,97.30000305175781,97.5,56017
2025-09-23,97.0,97.0,97.69999694824219,96.0,97.4000015258789,78000
2025-09-24,92.5999984741211,92.5999984741211,96.0,92.5999984741211,96.0,101000
2025-09-25,92.69999694824219,92.69999694824219,96.4000015258789,92.4000015258789,92.5999984741211,60000
2025-09-26,89.80000305175781,89.80000305175781,92.69999694824219,89.19999694824219,92.69999694824219,74000
2025-09-30,90.0999984741211,90.0999984741211,90.80000305175781,89.80000305175781,89.9000015258789,39010
2025-10-01,90.0,90.0,92.0,89.5999984741211,90.30000305175781,47154
2025-10-02,85.4000015258789,85.4000015258789,89.4000015258789,85.0,89.4000015258789,151001
2025-10-03,85.80000305175781,85.80000305175781,88.0,84.5,86.4000015258789,62000
2025-10-07,84.30000305175781,84.30000305175781,86.0,84.0,84.0,56000
2025-10-08,82.5,82.5,84.30000305175781,82.0,84.30000305175781,57000
2025-10-09,87.69999694824219,87.69999694824219,90.69999694824219,84.0,85.5,423000
2025-10-13,79.0,79.0,83.80000305175781,79.0,83.80000305175781,468028
2025-10-14,78.30000305175781,78.30000305175781,82.5,78.19999694824219,80.0999984741211,153002
2025-10-15,77.5,77.5,79.0,77.19999694824219,77.19999694824219,49000
2025-10-16,78.5,78.5,80.0,76.69999694824219,77.5,87000
2025-10-17,78.9000015258789,78.9000015258789,79.69999694824219,77.19999694824219,77.80000305175781,42060
2025-10-20,79.19999694824219,79.19999694824219,79.5,77.69999694824219,79.0,50000
2025-10-21,79.0,79.0,81.9000015258789,78.5,78.5,79061
2025-10-22,80.4000015258789,80.4000015258789,82.19999694824219,79.69999694824219,80.4000015258789,65015
2025-10-23,80.4000015258789,80.4000015258789,82.0,79.80000305175781,82.0,54000
2025-10-27,78.30000305175781,78.30000305175781,80.4000015258789,77.9000015258789,80.0,66003
2025-10-28,78.0,78.0,78.30000305175781,76.69999694824219,78.30000305175781,73000
2025-10-29,77.0,77.0,77.5,75.5,77.5,66000
2025-10-30,74.69999694824219,74.69999694824219,76.5,74.5999984741211,75.5,71030
2025-10-31,75.4000015258789,75.4000015258789,76.0,73.80000305175781,73.80000305175781,35000
2025-11-03,76.0,76.0,76.0,74.5999984741211,75.4000015258789,17000
2025-11-04,73.30000305175781,73.30000305175781,75.19999694824219,73.0,75.19999694824219,37000
2025-11-05,73.0,73.0,73.4000015258789,71.0,72.5,34000
2025-11-06,73.0999984741211,73.0999984741211,73.5,72.5,73.0,20028
2025-11-07,71.5999984741211,71.5999984741211,73.0,71.5,72.30000305175781,23005
2025-11-10,72.5999984741211,72.5999984741211,75.9000015258789,72.5999984741211,75.9000015258789,50250
2025-11-11,70.80000305175781,70.80000305175781,72.5999984741211,69.69999694824219,72.5999984741211,64000
2025-11-12,73.19999694824219,73.19999694824219,74.5,71.0999984741211,71.80000305175781,37060
2025-11-13,75.5999984741211,75.5999984741211,77.69999694824219,72.5999984741211,73.19999694824219,70040
2025-11-14,74.80000305175781,74.80000305175781,77.69999694824219,74.0,74.0999984741211,33002
2025-11-17,70.19999694824219,70.19999694824219,76.69999694824219,70.0999984741211,76.69999694824219,77104
2025-11-18,66.4000015258789,66.4000015258789,71.9000015258789,66.4000015258789,71.9000015258789,77002
2025-11-19,67.19999694824219,67.19999694824219,67.9000015258789,66.0999984741211,67.4000015258789,41000
2025-11-20,68.5,68.5,69.5,65.4000015258789,65.5,67000
2025-11-21,66.80000305175781,66.80000305175781,66.80000305175781,65.5,65.69999694824219,15000
2025-11-24,70.0,70.0,70.0,67.0,67.0,56010
2025-11-25,70.0,70.0,72.5,68.80000305175781,71.0,55000
2025-11-26,70.0,70.0,71.4000015258789,69.0,69.0999984741211,32000
2025-11-27,70.0,70.0,70.0,68.0999984741211,70.0,25000
2025-11-28,71.0999984741211,71.0999984741211,72.30000305175781,69.19999694824219,71.30000305175781,55000
2025-12-01,71.19999694824219,71.19999694824219,71.19999694824219,69.30000305175781,69.30000305175781,31000
2025-12-02,70.19999694824219,70.19999694824219,70.69999694824219,69.30000305175781,70.5,13000
2025-12-03,70.0,70.0,70.19999694824219,69.0999984741211,70.19999694824219,29000
2025-12-04,71.30000305175781,71.30000305175781,72.0,70.0999984741211,72.0,12000
2025-12-05,70.0,70.0,71.5,69.5999984741211,70.0,55001
2025-12-08,69.0999984741211,69.0999984741211,70.5999984741211,69.0999984741211,70.5,14000
2025-12-09,69.9000015258789,69.9000015258789,70.0,69.30000305175781,70.0,9000
2025-12-10,64.0999984741211,64.0999984741211,67.0,63.79999923706055,66.0,107225
2025-12-11,61.400001525878906,61.400001525878906,64.80000305175781,61.099998474121094,64.80000305175781,60002
2025-12-12,61.5,61.5,62.5,61.20000076293945,61.400001525878906,26002
2025-12-15,61.70000076293945,61.70000076293945,62.0,60.0,60.0,15000
2025-12-16,61.70000076293945,61.70000076293945,62.0,61.70000076293945,62.0,4002
2025-12-17,61.599998474121094,61.599998474121094,61.599998474121094,60.70000076293945,60.70000076293945,10025
2025-12-18,60.599998474121094,60.599998474121094,60.599998474121094,60.5,60.599998474121094,9002
2025-12-19,60.400001525878906,60.400001525878906,60.900001525878906,60.29999923706055,60.5,8000
2025-12-22,62.0,62.0,62.0,60.400001525878906,60.400001525878906,25000
2025-12-23,62.099998474121094,62.099998474121094,62.599998474121094,62.099998474121094,62.5,13000
2025-12-24,61.5,61.5,62.099998474121094,61.5,62.099998474121094,9000
2025-12-26,61.29999923706055,61.29999923706055,61.5,60.29999923706055,61.400001525878906,12000
2025-12-29,59.5,59.5,60.599998474121094,59.0,60.5,66000
2025-12-30,57.5,57.5,59.5,57.099998474121094,59.5,82000
2025-12-31,57.20000076293945,57.20000076293945,57.79999923706055,57.0,57.5,42008
2026-01-02,57.29999923706055,57.29999923706055,57.79999923706055,57.099998474121094,57.5,50000
2026-01-05,57.599998474121094,57.599998474121094,58.5,57.20000076293945,57.5,35000
2026-01-06,55.5,55.5,57.900001525878906,55.5,57.900001525878906,116025
2026-01-07,56.0,56.0,56.0,55.400001525878906,55.400001525878906,56150
2026-01-08,56.79999923706055,56.79999923706055,56.79999923706055,55.79999923706055,55.79999923706055,49000
2026-01-09,57.0,57.0,57.5,57.0,57.5,16000
2026-01-12,57.5,57.5,57.599998474121094,57.0,57.0,9000
2026-01-13,58.099998474121094,58.099998474121094,60.900001525878906,57.5,58.0,24000
2026-01-14,58.79999923706055,58.79999923706055,58.79999923706055,58.099998474121094,58.20000076293945,28033
2026-01-15,59.099998474121094,59.099998474121094,59.599998474121094,58.79999923706055,58.79999923706055,36082
2026-01-16,58.400001525878906,58.400001525878906,59.5,58.20000076293945,59.5,31715
2026-01-19,60.20000076293945,60.20000076293945,60.5,58.599998474121094,58.599998474121094,72000
2026-01-20,61.79999923706055,61.79999923706055,61.79999923706055,60.70000076293945,60.70000076293945,88049
2026-01-21,61.0,61.0,61.5,60.20000076293945,61.0,41000
2026-01-22,59.099998474121094,59.099998474121094,61.0,58.5,61.0,57000
2026-01-23,58.900001525878906,58.900001525878906,59.0,58.5,58.70000076293945,26020
2026-01-26,59.0,59.0,59.099998474121094,58.70000076293945,59.0,40000
2026-01-27,58.599998474121094,58.599998474121094,59.0,58.599998474121094,59.0,18015
2026-01-28,58.5,58.5,58.599998474121094,57.5,58.599998474121094,47000
2026-01-29,56.29999923706055,56.29999923706055,58.0,55.70000076293945,58.0,55052
2026-01-30,55.29999923706055,55.29999923706055,56.20000076293945,55.0,55.0,54000
2026-02-02,53.099998474121094,53.099998474121094,55.5,52.5,55.5,32000
2026-02-03,54.0,54.0,54.5,53.099998474121094,54.400001525878906,16000
2026-02-04,55.70000076293945,55.70000076293945,55.900001525878906,54.599998474121094,54.599998474121094,40000
2026-02-05,55.900001525878906,55.900001525878906,55.900001525878906,54.599998474121094,55.20000076293945,34000
2026-02-06,55.70000076293945,55.70000076293945,56.400001525878906,54.0,55.20000076293945,37050
2026-02-09,56.29999923706055,56.29999923706055,56.5,55.0,55.79999923706055,41000
2026-02-10,56.70000076293945,56.70000076293945,56.70000076293945,56.099998474121094,56.70000076293945,23075
2026-02-11,55.5,55.5,56.79999923706055,54.599998474121094,56.79999923706055,25090
2026-02-23,54.20000076293945,54.20000076293945,54.20000076293945,52.599998474121094,54.0,71100
2026-02-24,54.20000076293945,54.20000076293945,54.79999923706055,53.599998474121094,54.79999923706055,31000
2026-02-25,53.900001525878906,53.900001525878906,54.20000076293945,53.400001525878906,54.20000076293945,31007
2026-02-26,55.79999923706055,55.79999923706055,55.79999923706055,53.0,53.29999923706055,58001
2026-03-02,54.79999923706055,54.79999923706055,55.400001525878906,54.20000076293945,55.400001525878906,42200
2026-03-03,54.400001525878906,54.400001525878906,55.20000076293945,54.0,54.79999923706055,28000
2026-03-04,50.5,50.5,54.20000076293945,50.20000076293945,54.20000076293945,67010
2026-03-05,51.5,51.5,51.5,50.5,51.20000076293945,25000
2026-03-06,52.0,52.0,52.599998474121094,51.400001525878906,51.400001525878906,21102
2026-03-09,50.099998474121094,50.099998474121094,51.599998474121094,49.900001525878906,51.599998474121094,61000
2026-03-10,50.599998474121094,50.599998474121094,51.5,50.5,51.0,21008
2026-03-11,52.0,52.0,52.099998474121094,50.900001525878906,51.0,40105
2026-03-12,57.20000076293945,57.20000076293945,57.20000076293945,53.20000076293945,54.79999923706055,90000
2026-03-13,62.900001525878906,62.900001525878906,62.900001525878906,58.79999923706055,59.900001525878906,255000
2026-03-16,61.79999923706055,61.79999923706055,68.80000305175781,61.599998474121094,64.5999984741211,690010
2026-03-17,60.0,60.0,63.79999923706055,59.900001525878906,62.900001525878906,112000
2026-03-18,63.0,63.0,66.0,60.0,60.0,565140
2026-03-19,69.30000305175781,69.30000305175781,69.30000305175781,66.9000015258789,67.5,459000
2026-03-20,68.30000305175781,68.30000305175781,75.19999694824219,66.4000015258789,71.69999694824219,838030
2026-03-23,66.69999694824219,66.69999694824219,68.19999694824219,65.0,65.69999694824219,153000
2026-03-24,69.4000015258789,69.4000015258789,73.30000305175781,66.5999984741211,69.5,1143080
2026-03-25,76.30000305175781,76.30000305175781,76.30000305175781,68.69999694824219,69.0,1574110
2026-03-26,78.9000015258789,78.9000015258789,83.9000015258789,75.5,76.80000305175781,2750255
2026-03-27,79.9000015258789,79.9000015258789,86.69999694824219,73.0999984741211,78.0,2150000
2026-03-30,83.0,83.0,87.80000305175781,77.30000305175781,78.0,1768073
2026-03-31,83.19999694824219,83.19999694824219,90.5,82.0999984741211,86.0999984741211,1554223
2026-04-01,85.69999694824219,85.69999694824219,91.5,85.69999694824219,88.9000015258789,3094310
2026-04-02,77.19999694824219,77.19999694824219,94.19999694824219,77.19999694824219,85.19999694824219,3860011
2026-04-07,75.5,75.5,77.19999694824219,71.0999984741211,77.19999694824219,660100
2026-04-08,76.5999984741211,76.5999984741211,79.5999984741211,76.19999694824219,79.5999984741211,313000
2026-04-09,70.0,70.0,75.0999984741211,69.5999984741211,75.0999984741211,536111
2026-04-10,68.30000305175781,68.30000305175781,71.9000015258789,67.4000015258789,71.30000305175781,339001
2026-04-13,70.0,70.0,71.5,67.0999984741211,68.0999984741211,228000
2026-04-14,69.69999694824219,69.69999694824219,71.80000305175781,69.5,71.30000305175781,142034
2026-04-15,70.4000015258789,70.4000015258789,72.5,70.19999694824219,70.5999984741211,143050
2026-04-16,70.9000015258789,70.9000015258789,71.9000015258789,69.80000305175781,71.9000015258789,72000
2026-04-17,69.5999984741211,69.5999984741211,71.0,69.4000015258789,70.9000015258789,99000
2026-04-20,70.30000305175781,70.30000305175781,72.19999694824219,69.69999694824219,69.69999694824219,139002
2026-04-21,77.30000305175781,77.30000305175781,77.30000305175781,71.9000015258789,71.9000015258789,2119266
2026-04-22,77.5,77.5,85.0,76.30000305175781,77.0999984741211,1881067
2026-04-23,75.0,75.0,84.9000015258789,70.19999694824219,78.9000015258789,2036020
2026-04-24,74.0999984741211,74.0999984741211,78.9000015258789,74.0999984741211,75.30000305175781,307060
2026-04-27,69.0,69.0,74.19999694824219,68.80000305175781,73.9000015258789,268190
2026-04-28,68.80000305175781,68.80000305175781,70.4000015258789,68.5,68.5,95005
2026-04-29,70.69999694824219,70.69999694824219,73.80000305175781,69.0,69.69999694824219,162000
2026-04-30,69.0,69.0,70.80000305175781,69.0,70.5999984741211,143270
2026-05-04,71.69999694824219,71.69999694824219,72.0,69.0,69.0,111007
2026-05-05,73.9000015258789,73.9000015258789,75.5999984741211,70.30000305175781,70.30000305175781,476000
2026-05-06,71.80000305175781,71.80000305175781,81.19999694824219,71.0999984741211,75.80000305175781,1688000
2026-05-07,74.5999984741211,74.5999984741211,76.5999984741211,71.80000305175781,72.5,649003
2026-05-08,72.9000015258789,72.9000015258789,75.80000305175781,72.0999984741211,74.5,106000
2026-05-11,71.19999694824219,71.19999694824219,73.0,69.0999984741211,69.0999984741211,120300
2026-05-12,69.19999694824219,69.19999694824219,73.80000305175781,69.0,73.0,211010
2026-05-13,72.4000015258789,72.4000015258789,72.9000015258789,69.0,69.0,725000
2026-05-14,70.0999984741211,70.0999984741211,72.30000305175781,69.19999694824219,72.0,166001
2026-05-15,71.0,71.0,71.30000305175781,69.19999694824219,69.69999694824219,66000
2026-05-18,71.69999694824219,71.69999694824219,71.80000305175781,70.4000015258789,70.5,63000
2026-05-19,64.5999984741211,64.5999984741211,78.80000305175781,64.5999984741211,72.0,2616010
2026-05-20,67.69999694824219,67.69999694824219,70.80000305175781,64.80000305175781,65.0,468024
2026-05-21,68.30000305175781,68.30000305175781,71.0999984741211,67.80000305175781,70.9000015258789,93008
2026-05-22,68.19999694824219,68.19999694824219,69.9000015258789,67.69999694824219,69.9000015258789,96093
2026-05-25,68.9000015258789,68.9000015258789,69.80000305175781,68.0,69.80000305175781,122000
2026-05-26,64.5999984741211,64.5999984741211,68.0999984741211,62.099998474121094,68.0,392100
2026-05-27,62.599998474121094,62.599998474121094,64.80000305175781,62.099998474121094,64.80000305175781,148318
2026-05-28,61.0,61.0,61.5,60.5,60.900001525878906,134004
2026-05-29,60.900001525878906,60.900001525878906,61.79999923706055,60.79999923706055,61.70000076293945,52000
2026-06-01,63.400001525878906,63.400001525878906,64.9000015258789,61.29999923706055,61.79999923706055,142016
2026-06-02,63.099998474121094,63.099998474121094,64.5,62.5,64.0,122200
2026-06-03,63.20000076293945,63.20000076293945,64.0,63.20000076293945,64.0,44073
2026-06-04,61.599998474121094,61.599998474121094,62.599998474121094,61.5,62.599998474121094,43000
2026-06-05,62.5,62.5,63.20000076293945,60.599998474121094,61.70000076293945,51050
2026-06-08,60.0,60.0,61.20000076293945,57.599998474121094,57.599998474121094,61009
2026-06-09,61.29999923706055,61.29999923706055,63.29999923706055,60.0,63.29999923706055,41000
2026-06-10,58.70000076293945,58.70000076293945,61.0,57.79999923706055,60.900001525878906,81000
2026-06-11,57.599998474121094,57.599998474121094,58.5,56.599998474121094,58.29999923706055,67000
2026-06-12,59.5,59.5,60.0,58.70000076293945,59.599998474121094,25001
2026-06-15,59.20000076293945,59.20000076293945,60.0,58.79999923706055,60.0,26000
2026-06-16,58.20000076293945,58.20000076293945,60.0,58.0,59.20000076293945,38000
2026-06-17,58.20000076293945,58.20000076293945,59.70000076293945,57.599998474121094,57.599998474121094,23029
2026-06-18,59.29999923706055,59.29999923706055,59.5,58.400001525878906,58.400001525878906,23000
2026-06-22,59.900001525878906,59.900001525878906,59.900001525878906,59.29999923706055,59.400001525878906,22000
2026-06-23,58.5,58.5,59.900001525878906,58.5,59.900001525878906,22000
2026-06-24,58.20000076293945,58.20000076293945,58.5,57.900001525878906,58.5,9000
2026-06-25,58.400001525878906,58.400001525878906,58.900001525878906,57.900001525878906,58.29999923706055,44000
2026-06-26,55.900001525878906,55.900001525878906,58.0,55.79999923706055,58.0,59000
2026-06-29,56.400001525878906,56.400001525878906,56.5,56.400001525878906,56.400001525878906,10053
2026-06-30,56.900001525878906,56.900001525878906,57.5,56.5,56.5,24050
2026-07-01,58.5,58.5,60.0,58.099998474121094,58.29999923706055,70000
2026-07-02,58.29999923706055,58.29999923706055,58.70000076293945,58.0,58.29999923706055,15000
2026-07-03,58.70000076293945,58.70000076293945,59.5,58.70000076293945,59.5,9040
2026-07-06,58.5,58.5,60.29999923706055,58.5,60.29999923706055,6001
2026-07-07,56.70000076293945,56.70000076293945,58.5,56.70000076293945,58.5,28000
2026-07-08,57.79999923706055,57.79999923706055,58.5,56.599998474121094,58.5,17000
2026-07-09,57.5,57.5,57.5,56.599998474121094,56.599998474121094,8000
2026-07-10,57.5,57.5,57.5,57.5,57.5,0
2026-07-13,56.599998474121094,56.599998474121094,57.29999923706055,56.599998474121094,57.29999923706055,20000
2026-07-14,54.5,54.5,56.70000076293945,54.0,56.70000076293945,18000
2026-07-15,54.79999923706055,54.79999923706055,54.900001525878906,54.599998474121094,54.599998474121094,14045
2026-07-16,54.79999923706055,54.79999923706055,55.0,54.5,54.5,7079
2026-07-17,53.70000076293945,53.70000076293945,54.0,52.5,53.599998474121094,32000
2026-07-20,53.20000076293945,53.20000076293945,53.70000076293945,53.20000076293945,53.599998474121094,9000
2026-07-21,53.29999923706055,53.29999923706055,54.5,53.0,53.0,19000
2026-07-22,53.5,53.5,53.599998474121094,53.5,53.5,4000
2026-07-23,52.29999923706055,52.29999923706055,53.70000076293945,52.29999923706055,53.70000076293945,10000
2026-07-24,53.29999923706055,53.29999923706055,53.29999923706055,51.099998474121094,51.099998474121094,20000
2026-07-27,52.70000076293945,52.70000076293945,54.599998474121094,51.0,54.599998474121094,9000
2026-07-28,49.349998474121094,49.349998474121094,51.5,49.099998474121094,51.5,35000
2026-07-29,45.5,45.5,49.400001525878906,45.099998474121094,49.400001525878906,53025
2026-07-30,44.54999923706055,44.54999923706055,45.599998474121094,44.25,44.25,23000
2026-07-31,45.79999923706055,45.79999923706055,46.0,45.650001525878906,45.650001525878906,8000
2026-08-03,47.099998474121094,47.099998474121094,47.099998474121094,45.79999923706055,45.79999923706055,18000
2026-08-04,47.099998474121094,47.099998474121094,47.099998474121094,47.099998474121094,47.099998474121094,5000
2026-08-05,48.400001525878906,48.400001525878906,49.0,47.599998474121094,47.599998474121094,11000
2026-08-06,49.400001525878906,49.400001525878906,49.400001525878906,48.400001525878906,48.400001525878906,10000
2026-08-07,54.29999923706055,54.29999923706055,54.29999923706055,54.099998474121094,54.20000076293945,65000
2026-08-10,57.1,57.1,58.5,55.5,55.7,61484
2026-08-11,54.4,54.4,57.1,54.0,57.1,23379
2026-08-12,54.4,54.4,54.6,54.4,54.5,9051
2026-08-13,54.5,54.5,54.6,53.0,54.6,11026
