Date,Adj Close,Close,High,Low,Open,Volume
2016-08-12,13.4,13.4,13.5,13.3,13.45,162276
2016-08-15,13.4,13.4,13.5,13.3,13.45,162276
2016-08-16,13.4,13.4,13.5,13.3,13.45,162276
2016-08-17,13.4,13.4,13.5,13.3,13.45,162276
2016-08-18,13.4,13.4,13.5,13.3,13.45,162276
2016-08-19,13.4,13.4,13.5,13.3,13.45,162276
2016-08-22,13.4,13.4,13.5,13.3,13.45,162276
2016-08-23,13.4,13.4,13.5,13.3,13.45,162276
2016-08-24,13.4,13.4,13.5,13.3,13.45,162276
2016-08-25,13.4,13.4,13.5,13.3,13.45,162276
2016-08-26,13.4,13.4,13.5,13.3,13.45,162276
2016-08-29,13.4,13.4,13.5,13.3,13.45,162276
2016-08-30,13.4,13.4,13.5,13.3,13.45,162276
2016-08-31,13.4,13.4,13.5,13.3,13.45,162276
2016-09-01,13.4,13.4,13.5,13.3,13.45,162276
2016-09-02,13.4,13.4,13.5,13.3,13.45,162276
2016-09-05,13.4,13.4,13.5,13.3,13.45,162276
2016-09-06,13.4,13.4,13.5,13.3,13.45,162276
2016-09-07,13.4,13.4,13.5,13.3,13.45,162276
2016-09-08,13.4,13.4,13.5,13.3,13.45,162276
2016-09-09,13.4,13.4,13.5,13.3,13.45,162276
2016-09-12,13.4,13.4,13.5,13.3,13.45,162276
2016-09-13,13.4,13.4,13.5,13.3,13.45,162276
2016-09-14,13.4,13.4,13.5,13.3,13.45,162276
2016-09-19,13.4,13.4,13.5,13.3,13.45,162276
2016-09-20,13.4,13.4,13.5,13.3,13.45,162276
2016-09-21,13.4,13.4,13.5,13.3,13.45,162276
2016-09-22,13.4,13.4,13.5,13.3,13.45,162276
2016-09-23,13.4,13.4,13.5,13.3,13.45,162276
2016-09-26,13.4,13.4,13.5,13.3,13.45,162276
2016-09-29,13.4,13.4,13.5,13.3,13.45,162276
2016-09-30,13.4,13.4,13.5,13.3,13.45,162276
2016-10-03,13.4,13.4,13.5,13.3,13.45,162276
2016-10-04,13.4,13.4,13.5,13.3,13.45,162276
2016-10-05,13.4,13.4,13.5,13.3,13.45,162276
2016-10-06,13.4,13.4,13.5,13.3,13.45,162276
2016-10-07,13.4,13.4,13.5,13.3,13.45,162276
2016-10-11,13.4,13.4,13.5,13.3,13.45,162276
2016-10-12,13.4,13.4,13.5,13.3,13.45,162276
2016-10-13,13.4,13.4,13.5,13.3,13.45,162276
2016-10-14,13.4,13.4,13.5,13.3,13.45,162276
2016-10-17,13.4,13.4,13.5,13.3,13.45,162276
2016-10-18,13.4,13.4,13.5,13.3,13.45,162276
2016-10-19,13.4,13.4,13.5,13.3,13.45,162276
2016-10-20,13.4,13.4,13.5,13.3,13.45,162276
2016-10-21,13.4,13.4,13.5,13.3,13.45,162276
2016-10-24,13.4,13.4,13.5,13.3,13.45,162276
2016-10-25,13.4,13.4,13.5,13.3,13.45,162276
2016-10-26,13.4,13.4,13.5,13.3,13.45,162276
2016-10-27,13.4,13.4,13.5,13.3,13.45,162276
2016-10-28,13.4,13.4,13.5,13.3,13.45,162276
2016-10-31,13.4,13.4,13.5,13.3,13.45,162276
2016-11-01,13.4,13.4,13.5,13.3,13.45,162276
2016-11-02,13.4,13.4,13.5,13.3,13.45,162276
2016-11-03,13.4,13.4,13.5,13.3,13.45,162276
2016-11-04,13.4,13.4,13.5,13.3,13.45,162276
2016-11-07,13.4,13.4,13.5,13.3,13.45,162276
2016-11-08,13.4,13.4,13.5,13.3,13.45,162276
2016-11-09,13.4,13.4,13.5,13.3,13.45,162276
2016-11-10,13.4,13.4,13.5,13.3,13.45,162276
2016-11-11,13.4,13.4,13.5,13.3,13.45,162276
2016-11-14,13.4,13.4,13.5,13.3,13.45,162276
2016-11-15,13.4,13.4,13.5,13.3,13.45,162276
2016-11-16,13.4,13.4,13.5,13.3,13.45,162276
2016-11-17,13.4,13.4,13.5,13.3,13.45,162276
2016-11-18,13.4,13.4,13.5,13.3,13.45,162276
2016-11-21,13.4,13.4,13.5,13.3,13.45,162276
2016-11-22,13.4,13.4,13.5,13.3,13.45,162276
2016-11-23,13.4,13.4,13.5,13.3,13.45,162276
2016-11-24,13.4,13.4,13.5,13.3,13.45,162276
2016-11-25,13.4,13.4,13.5,13.3,13.45,162276
2016-11-28,13.4,13.4,13.5,13.3,13.45,162276
2016-11-29,13.4,13.4,13.5,13.3,13.45,162276
2016-11-30,13.4,13.4,13.5,13.3,13.45,162276
2016-12-01,13.4,13.4,13.5,13.3,13.45,162276
2016-12-02,13.4,13.4,13.5,13.3,13.45,162276
2016-12-05,13.4,13.4,13.5,13.3,13.45,162276
2016-12-06,13.4,13.4,13.5,13.3,13.45,162276
2016-12-07,13.4,13.4,13.5,13.3,13.45,162276
2016-12-08,13.4,13.4,13.5,13.3,13.45,162276
2016-12-09,13.4,13.4,13.5,13.3,13.45,162276
2016-12-12,13.4,13.4,13.5,13.3,13.45,162276
2016-12-13,13.4,13.4,13.5,13.3,13.45,162276
2016-12-14,13.4,13.4,13.5,13.3,13.45,162276
2016-12-15,13.4,13.4,13.5,13.3,13.45,162276
2016-12-16,13.4,13.4,13.5,13.3,13.45,162276
2016-12-19,13.4,13.4,13.5,13.3,13.45,162276
2016-12-20,13.4,13.4,13.5,13.3,13.45,162276
2016-12-21,13.4,13.4,13.5,13.3,13.45,162276
2016-12-22,13.4,13.4,13.5,13.3,13.45,162276
2016-12-23,13.4,13.4,13.5,13.3,13.45,162276
2016-12-26,13.4,13.4,13.5,13.3,13.45,162276
2016-12-27,13.4,13.4,13.5,13.3,13.45,162276
2016-12-28,13.4,13.4,13.5,13.3,13.45,162276
2016-12-29,13.4,13.4,13.5,13.3,13.45,162276
2016-12-30,13.4,13.4,13.5,13.3,13.45,162276
2017-01-03,13.4,13.4,13.5,13.3,13.45,162276
2017-01-04,13.4,13.4,13.5,13.3,13.45,162276
2017-01-05,13.4,13.4,13.5,13.3,13.45,162276
2017-01-06,13.4,13.4,13.5,13.3,13.45,162276
2017-01-09,13.4,13.4,13.5,13.3,13.45,162276
2017-01-10,13.4,13.4,13.5,13.3,13.45,162276
2017-01-11,13.4,13.4,13.5,13.3,13.45,162276
2017-01-12,13.4,13.4,13.5,13.3,13.45,162276
2017-01-13,13.4,13.4,13.5,13.3,13.45,162276
2017-01-16,13.4,13.4,13.5,13.3,13.45,162276
2017-01-17,13.4,13.4,13.5,13.3,13.45,162276
2017-01-18,13.4,13.4,13.5,13.3,13.45,162276
2017-01-19,13.4,13.4,13.5,13.3,13.45,162276
2017-01-20,13.4,13.4,13.5,13.3,13.45,162276
2017-01-23,13.4,13.4,13.5,13.3,13.45,162276
2017-01-24,13.4,13.4,13.5,13.3,13.45,162276
2017-02-02,13.4,13.4,13.5,13.3,13.45,162276
2017-02-03,13.4,13.4,13.5,13.3,13.45,162276
2017-02-06,13.4,13.4,13.5,13.3,13.45,162276
2017-02-07,13.4,13.4,13.5,13.3,13.45,162276
2017-02-08,13.4,13.4,13.5,13.3,13.45,162276
2017-02-09,13.4,13.4,13.5,13.3,13.45,162276
2017-02-10,13.4,13.4,13.5,13.3,13.45,162276
2017-02-13,13.4,13.4,13.5,13.3,13.45,162276
2017-02-14,13.4,13.4,13.5,13.3,13.45,162276
2017-02-15,13.4,13.4,13.5,13.3,13.45,162276
2017-02-16,13.4,13.4,13.5,13.3,13.45,162276
2017-02-17,13.4,13.4,13.5,13.3,13.45,162276
2017-02-20,13.4,13.4,13.5,13.3,13.45,162276
2017-02-21,13.4,13.4,13.5,13.3,13.45,162276
2017-02-22,13.4,13.4,13.5,13.3,13.45,162276
2017-02-23,13.4,13.4,13.5,13.3,13.45,162276
2017-02-24,13.4,13.4,13.5,13.3,13.45,162276
2017-03-01,13.4,13.4,13.5,13.3,13.45,162276
2017-03-02,13.4,13.4,13.5,13.3,13.45,162276
2017-03-03,13.4,13.4,13.5,13.3,13.45,162276
2017-03-06,13.4,13.4,13.5,13.3,13.45,162276
2017-03-07,13.4,13.4,13.5,13.3,13.45,162276
2017-03-08,13.4,13.4,13.5,13.3,13.45,162276
2017-03-09,13.4,13.4,13.5,13.3,13.45,162276
2017-03-10,13.4,13.4,13.5,13.3,13.45,162276
2017-03-13,13.4,13.4,13.5,13.3,13.45,162276
2017-03-14,13.4,13.4,13.5,13.3,13.45,162276
2017-03-15,13.4,13.4,13.5,13.3,13.45,162276
2017-03-16,13.4,13.4,13.5,13.3,13.45,162276
2017-03-17,13.4,13.4,13.5,13.3,13.45,162276
2017-03-20,13.4,13.4,13.5,13.3,13.45,162276
2017-03-21,13.4,13.4,13.5,13.3,13.45,162276
2017-03-22,13.4,13.4,13.5,13.3,13.45,162276
2017-03-23,13.4,13.4,13.5,13.3,13.45,162276
2017-03-24,13.4,13.4,13.5,13.3,13.45,162276
2017-03-27,13.4,13.4,13.5,13.3,13.45,162276
2017-03-28,13.4,13.4,13.5,13.3,13.45,162276
2017-03-29,13.4,13.4,13.5,13.3,13.45,162276
2017-03-30,13.4,13.4,13.5,13.3,13.45,162276
2017-03-31,13.4,13.4,13.5,13.3,13.45,162276
2017-04-05,13.4,13.4,13.5,13.3,13.45,162276
2017-04-06,13.4,13.4,13.5,13.3,13.45,162276
2017-04-07,13.4,13.4,13.5,13.3,13.45,162276
2017-04-10,13.4,13.4,13.5,13.3,13.45,162276
2017-04-11,13.4,13.4,13.5,13.3,13.45,162276
2017-04-12,13.4,13.4,13.5,13.3,13.45,162276
2017-04-13,13.4,13.4,13.5,13.3,13.45,162276
2017-04-14,13.4,13.4,13.5,13.3,13.45,162276
2017-04-17,13.4,13.4,13.5,13.3,13.45,162276
2017-04-18,13.4,13.4,13.5,13.3,13.45,162276
2017-04-19,13.4,13.4,13.5,13.3,13.45,162276
2017-04-21,13.4,13.4,13.5,13.3,13.45,162276
2017-04-24,13.4,13.4,13.5,13.3,13.45,162276
2017-04-25,13.4,13.4,13.5,13.3,13.45,162276
2017-04-26,13.4,13.4,13.5,13.3,13.45,162276
2017-04-27,13.4,13.4,13.5,13.3,13.45,162276
2017-04-28,13.4,13.4,13.5,13.3,13.45,162276
2017-05-02,13.4,13.4,13.5,13.3,13.45,162276
2017-05-03,13.4,13.4,13.5,13.3,13.45,162276
2017-05-04,13.4,13.4,13.5,13.3,13.45,162276
2017-05-05,13.4,13.4,13.5,13.3,13.45,162276
2017-05-08,13.4,13.4,13.5,13.3,13.45,162276
2017-05-09,13.4,13.4,13.5,13.3,13.45,162276
2017-05-10,13.4,13.4,13.5,13.3,13.45,162276
2017-05-11,13.4,13.4,13.5,13.3,13.45,162276
2017-05-12,13.4,13.4,13.5,13.3,13.45,162276
2017-05-15,13.4,13.4,13.5,13.3,13.45,162276
2017-05-16,13.4,13.4,13.5,13.3,13.45,162276
2017-05-17,13.4,13.4,13.5,13.3,13.45,162276
2017-05-18,13.4,13.4,13.5,13.3,13.45,162276
2017-05-19,13.4,13.4,13.5,13.3,13.45,162276
2017-05-22,13.4,13.4,13.5,13.3,13.45,162276
2017-05-23,13.4,13.4,13.5,13.3,13.45,162276
2017-05-24,13.4,13.4,13.5,13.3,13.45,162276
2017-05-25,13.4,13.4,13.5,13.3,13.45,162276
2017-05-26,13.4,13.4,13.5,13.3,13.45,162276
2017-05-31,13.4,13.4,13.5,13.3,13.45,162276
2017-06-01,13.4,13.4,13.5,13.3,13.45,162276
2017-06-02,13.4,13.4,13.5,13.3,13.45,162276
2017-06-05,13.4,13.4,13.5,13.3,13.45,162276
2017-06-06,13.4,13.4,13.5,13.3,13.45,162276
2017-06-07,13.4,13.4,13.5,13.3,13.45,162276
2017-06-08,13.4,13.4,13.5,13.3,13.45,162276
2017-06-09,13.4,13.4,13.5,13.3,13.45,162276
2017-06-12,13.4,13.4,13.5,13.3,13.45,162276
2017-06-13,13.4,13.4,13.5,13.3,13.45,162276
2017-06-14,13.4,13.4,13.5,13.3,13.45,162276
2017-06-15,13.4,13.4,13.5,13.3,13.45,162276
2017-06-16,13.4,13.4,13.5,13.3,13.45,162276
2017-06-19,13.4,13.4,13.5,13.3,13.45,162276
2017-06-20,13.4,13.4,13.5,13.3,13.45,162276
2017-06-21,13.4,13.4,13.5,13.3,13.45,162276
2017-06-22,13.4,13.4,13.5,13.3,13.45,162276
2017-06-23,13.4,13.4,13.5,13.3,13.45,162276
2017-06-26,13.4,13.4,13.5,13.3,13.45,162276
2017-06-27,13.4,13.4,13.5,13.3,13.45,162276
2017-06-28,13.4,13.4,13.5,13.3,13.45,162276
2017-06-29,13.4,13.4,13.5,13.3,13.45,162276
2017-06-30,13.4,13.4,13.5,13.3,13.45,162276
2017-07-03,13.4,13.4,13.5,13.3,13.45,162276
2017-07-04,13.4,13.4,13.5,13.3,13.45,162276
2017-07-05,13.4,13.4,13.5,13.3,13.45,162276
2017-07-06,13.4,13.4,13.5,13.3,13.45,162276
2017-07-07,13.4,13.4,13.5,13.3,13.45,162276
2017-07-10,13.4,13.4,13.5,13.3,13.45,162276
2017-07-11,13.4,13.4,13.5,13.3,13.45,162276
2017-07-12,13.4,13.4,13.5,13.3,13.45,162276
2017-07-13,13.4,13.4,13.5,13.3,13.45,162276
2017-07-14,13.4,13.4,13.5,13.3,13.45,162276
2017-07-17,13.4,13.4,13.5,13.3,13.45,162276
2017-07-18,13.4,13.4,13.5,13.3,13.45,162276
2017-07-19,13.4,13.4,13.5,13.3,13.45,162276
2017-07-20,13.4,13.4,13.5,13.3,13.45,162276
2017-07-21,13.4,13.4,13.5,13.3,13.45,162276
2017-07-24,13.4,13.4,13.5,13.3,13.45,162276
2017-07-25,13.4,13.4,13.5,13.3,13.45,162276
2017-07-26,13.4,13.4,13.5,13.3,13.45,162276
2017-07-27,13.4,13.4,13.5,13.3,13.45,162276
2017-07-28,13.4,13.4,13.5,13.3,13.45,162276
2017-07-31,13.4,13.4,13.5,13.3,13.45,162276
2017-08-01,13.4,13.4,13.5,13.3,13.45,162276
2017-08-02,13.4,13.4,13.5,13.3,13.45,162276
2017-08-03,13.4,13.4,13.5,13.3,13.45,162276
2017-08-04,13.4,13.4,13.5,13.3,13.45,162276
2017-08-07,13.4,13.4,13.5,13.3,13.45,162276
2017-08-08,13.4,13.4,13.5,13.3,13.45,162276
2017-08-09,13.4,13.4,13.5,13.3,13.45,162276
2017-08-10,13.4,13.4,13.5,13.3,13.45,162276
2017-08-11,13.4,13.4,13.5,13.3,13.45,162276
2017-08-14,13.4,13.4,13.5,13.3,13.45,162276
2017-08-15,13.4,13.4,13.5,13.3,13.45,162276
2017-08-16,13.4,13.4,13.5,13.3,13.45,162276
2017-08-17,13.4,13.4,13.5,13.3,13.45,162276
2017-08-18,13.4,13.4,13.5,13.3,13.45,162276
2017-08-21,13.4,13.4,13.5,13.3,13.45,162276
2017-08-22,13.4,13.4,13.5,13.3,13.45,162276
2017-08-23,13.4,13.4,13.5,13.3,13.45,162276
2017-08-24,13.4,13.4,13.5,13.3,13.45,162276
2017-08-25,13.4,13.4,13.5,13.3,13.45,162276
2017-08-28,13.4,13.4,13.5,13.3,13.45,162276
2017-08-29,13.4,13.4,13.5,13.3,13.45,162276
2017-08-30,13.4,13.4,13.5,13.3,13.45,162276
2017-08-31,13.4,13.4,13.5,13.3,13.45,162276
2017-09-01,13.4,13.4,13.5,13.3,13.45,162276
2017-09-04,13.4,13.4,13.5,13.3,13.45,162276
2017-09-05,13.4,13.4,13.5,13.3,13.45,162276
2017-09-06,13.4,13.4,13.5,13.3,13.45,162276
2017-09-07,13.4,13.4,13.5,13.3,13.45,162276
2017-09-08,13.4,13.4,13.5,13.3,13.45,162276
2017-09-11,13.4,13.4,13.5,13.3,13.45,162276
2017-09-12,13.4,13.4,13.5,13.3,13.45,162276
2017-09-13,13.4,13.4,13.5,13.3,13.45,162276
2017-09-14,13.4,13.4,13.5,13.3,13.45,162276
2017-09-15,13.4,13.4,13.5,13.3,13.45,162276
2017-09-18,13.4,13.4,13.5,13.3,13.45,162276
2017-09-19,13.4,13.4,13.5,13.3,13.45,162276
2017-09-20,13.4,13.4,13.5,13.3,13.45,162276
2017-09-21,13.4,13.4,13.5,13.3,13.45,162276
2017-09-22,13.4,13.4,13.5,13.3,13.45,162276
2017-09-25,13.4,13.4,13.5,13.3,13.45,162276
2017-09-26,13.4,13.4,13.5,13.3,13.45,162276
2017-09-27,13.4,13.4,13.5,13.3,13.45,162276
2017-09-28,13.4,13.4,13.5,13.3,13.45,162276
2017-09-29,13.4,13.4,13.5,13.3,13.45,162276
2017-10-02,13.4,13.4,13.5,13.3,13.45,162276
2017-10-03,13.4,13.4,13.5,13.3,13.45,162276
2017-10-05,13.4,13.4,13.5,13.3,13.45,162276
2017-10-06,13.4,13.4,13.5,13.3,13.45,162276
2017-10-11,13.4,13.4,13.5,13.3,13.45,162276
2017-10-12,13.4,13.4,13.5,13.3,13.45,162276
2017-10-13,13.4,13.4,13.5,13.3,13.45,162276
2017-10-16,13.4,13.4,13.5,13.3,13.45,162276
2017-10-17,13.4,13.4,13.5,13.3,13.45,162276
2017-10-18,13.4,13.4,13.5,13.3,13.45,162276
2017-10-19,13.4,13.4,13.5,13.3,13.45,162276
2017-10-20,13.4,13.4,13.5,13.3,13.45,162276
2017-10-23,13.4,13.4,13.5,13.3,13.45,162276
2017-10-24,13.4,13.4,13.5,13.3,13.45,162276
2017-10-25,13.4,13.4,13.5,13.3,13.45,162276
2017-10-26,13.4,13.4,13.5,13.3,13.45,162276
2017-10-27,13.4,13.4,13.5,13.3,13.45,162276
2017-10-30,13.4,13.4,13.5,13.3,13.45,162276
2017-10-31,13.4,13.4,13.5,13.3,13.45,162276
2017-11-01,13.4,13.4,13.5,13.3,13.45,162276
2017-11-02,13.4,13.4,13.5,13.3,13.45,162276
2017-11-03,13.4,13.4,13.5,13.3,13.45,162276
2017-11-06,13.4,13.4,13.5,13.3,13.45,162276
2017-11-07,13.4,13.4,13.5,13.3,13.45,162276
2017-11-08,13.4,13.4,13.5,13.3,13.45,162276
2017-11-09,13.4,13.4,13.5,13.3,13.45,162276
2017-11-10,13.4,13.4,13.5,13.3,13.45,162276
2017-11-13,13.4,13.4,13.5,13.3,13.45,162276
2017-11-14,13.4,13.4,13.5,13.3,13.45,162276
2017-11-15,13.4,13.4,13.5,13.3,13.45,162276
2017-11-16,13.4,13.4,13.5,13.3,13.45,162276
2017-11-17,13.4,13.4,13.5,13.3,13.45,162276
2017-11-20,13.4,13.4,13.5,13.3,13.45,162276
2017-11-21,13.4,13.4,13.5,13.3,13.45,162276
2017-11-22,13.4,13.4,13.5,13.3,13.45,162276
2017-11-23,13.4,13.4,13.5,13.3,13.45,162276
2017-11-24,13.4,13.4,13.5,13.3,13.45,162276
2017-11-27,13.4,13.4,13.5,13.3,13.45,162276
2017-11-28,13.4,13.4,13.5,13.3,13.45,162276
2017-11-29,13.4,13.4,13.5,13.3,13.45,162276
2017-11-30,13.4,13.4,13.5,13.3,13.45,162276
2017-12-01,13.4,13.4,13.5,13.3,13.45,162276
2017-12-04,13.4,13.4,13.5,13.3,13.45,162276
2017-12-05,13.4,13.4,13.5,13.3,13.45,162276
2017-12-06,13.4,13.4,13.5,13.3,13.45,162276
2017-12-07,13.4,13.4,13.5,13.3,13.45,162276
2017-12-08,13.4,13.4,13.5,13.3,13.45,162276
2017-12-11,13.4,13.4,13.5,13.3,13.45,162276
2017-12-12,13.4,13.4,13.5,13.3,13.45,162276
2017-12-13,13.4,13.4,13.5,13.3,13.45,162276
2017-12-14,13.4,13.4,13.5,13.3,13.45,162276
2017-12-15,13.4,13.4,13.5,13.3,13.45,162276
2017-12-18,13.4,13.4,13.5,13.3,13.45,162276
2017-12-19,13.4,13.4,13.5,13.3,13.45,162276
2017-12-20,13.4,13.4,13.5,13.3,13.45,162276
2017-12-21,13.4,13.4,13.5,13.3,13.45,162276
2017-12-22,13.4,13.4,13.5,13.3,13.45,162276
2017-12-25,13.4,13.4,13.5,13.3,13.45,162276
2017-12-26,13.4,13.4,13.5,13.3,13.45,162276
2017-12-27,13.4,13.4,13.5,13.3,13.45,162276
2017-12-28,13.4,13.4,13.5,13.3,13.45,162276
2017-12-29,13.4,13.4,13.5,13.3,13.45,162276
2018-01-02,13.4,13.4,13.5,13.3,13.45,162276
2018-01-03,13.4,13.4,13.5,13.3,13.45,162276
2018-01-04,13.4,13.4,13.5,13.3,13.45,162276
2018-01-05,13.4,13.4,13.5,13.3,13.45,162276
2018-01-08,13.4,13.4,13.5,13.3,13.45,162276
2018-01-09,13.4,13.4,13.5,13.3,13.45,162276
2018-01-10,13.4,13.4,13.5,13.3,13.45,162276
2018-01-11,13.4,13.4,13.5,13.3,13.45,162276
2018-01-12,13.4,13.4,13.5,13.3,13.45,162276
2018-01-15,13.4,13.4,13.5,13.3,13.45,162276
2018-01-16,13.4,13.4,13.5,13.3,13.45,162276
2018-01-17,13.4,13.4,13.5,13.3,13.45,162276
2018-01-18,13.4,13.4,13.5,13.3,13.45,162276
2018-01-19,13.4,13.4,13.5,13.3,13.45,162276
2018-01-22,13.4,13.4,13.5,13.3,13.45,162276
2018-01-23,13.4,13.4,13.5,13.3,13.45,162276
2018-01-24,13.4,13.4,13.5,13.3,13.45,162276
2018-01-25,13.4,13.4,13.5,13.3,13.45,162276
2018-01-26,13.4,13.4,13.5,13.3,13.45,162276
2018-01-29,13.4,13.4,13.5,13.3,13.45,162276
2018-01-30,13.4,13.4,13.5,13.3,13.45,162276
2018-01-31,13.4,13.4,13.5,13.3,13.45,162276
2018-02-01,13.4,13.4,13.5,13.3,13.45,162276
2018-02-02,13.4,13.4,13.5,13.3,13.45,162276
2018-02-05,13.4,13.4,13.5,13.3,13.45,162276
2018-02-06,13.4,13.4,13.5,13.3,13.45,162276
2018-02-07,13.4,13.4,13.5,13.3,13.45,162276
2018-02-08,13.4,13.4,13.5,13.3,13.45,162276
2018-02-09,13.4,13.4,13.5,13.3,13.45,162276
2018-02-12,13.4,13.4,13.5,13.3,13.45,162276
2018-02-21,13.4,13.4,13.5,13.3,13.45,162276
2018-02-22,13.4,13.4,13.5,13.3,13.45,162276
2018-02-23,13.4,13.4,13.5,13.3,13.45,162276
2018-02-26,13.4,13.4,13.5,13.3,13.45,162276
2018-02-27,13.4,13.4,13.5,13.3,13.45,162276
2018-03-01,13.4,13.4,13.5,13.3,13.45,162276
2018-03-02,13.4,13.4,13.5,13.3,13.45,162276
2018-03-05,13.4,13.4,13.5,13.3,13.45,162276
2018-03-06,13.4,13.4,13.5,13.3,13.45,162276
2018-03-07,13.4,13.4,13.5,13.3,13.45,162276
2018-03-08,13.4,13.4,13.5,13.3,13.45,162276
2018-03-09,13.4,13.4,13.5,13.3,13.45,162276
2018-03-12,13.4,13.4,13.5,13.3,13.45,162276
2018-03-13,13.4,13.4,13.5,13.3,13.45,162276
2018-03-14,13.4,13.4,13.5,13.3,13.45,162276
2018-03-15,13.4,13.4,13.5,13.3,13.45,162276
2018-03-16,13.4,13.4,13.5,13.3,13.45,162276
2018-03-19,13.4,13.4,13.5,13.3,13.45,162276
2018-03-20,13.4,13.4,13.5,13.3,13.45,162276
2018-03-21,13.4,13.4,13.5,13.3,13.45,162276
2018-03-22,13.4,13.4,13.5,13.3,13.45,162276
2018-03-23,13.4,13.4,13.5,13.3,13.45,162276
2018-03-26,13.4,13.4,13.5,13.3,13.45,162276
2018-03-27,13.4,13.4,13.5,13.3,13.45,162276
2018-03-28,13.4,13.4,13.5,13.3,13.45,162276
2018-03-29,13.4,13.4,13.5,13.3,13.45,162276
2018-03-30,13.4,13.4,13.5,13.3,13.45,162276
2018-04-02,13.4,13.4,13.5,13.3,13.45,162276
2018-04-03,13.4,13.4,13.5,13.3,13.45,162276
2018-04-09,13.4,13.4,13.5,13.3,13.45,162276
2018-04-10,13.4,13.4,13.5,13.3,13.45,162276
2018-04-11,13.4,13.4,13.5,13.3,13.45,162276
2018-04-12,13.4,13.4,13.5,13.3,13.45,162276
2018-04-13,13.4,13.4,13.5,13.3,13.45,162276
2018-04-16,13.4,13.4,13.5,13.3,13.45,162276
2018-04-17,13.4,13.4,13.5,13.3,13.45,162276
2018-04-18,13.4,13.4,13.5,13.3,13.45,162276
2018-04-19,13.4,13.4,13.5,13.3,13.45,162276
2018-04-20,13.4,13.4,13.5,13.3,13.45,162276
2018-04-23,13.4,13.4,13.5,13.3,13.45,162276
2018-04-24,13.4,13.4,13.5,13.3,13.45,162276
2018-04-25,13.4,13.4,13.5,13.3,13.45,162276
2018-04-26,13.4,13.4,13.5,13.3,13.45,162276
2018-04-27,13.4,13.4,13.5,13.3,13.45,162276
2018-04-30,13.4,13.4,13.5,13.3,13.45,162276
2018-05-02,13.4,13.4,13.5,13.3,13.45,162276
2018-05-03,13.4,13.4,13.5,13.3,13.45,162276
2018-05-04,13.4,13.4,13.5,13.3,13.45,162276
2018-05-07,13.4,13.4,13.5,13.3,13.45,162276
2018-05-08,13.4,13.4,13.5,13.3,13.45,162276
2018-05-09,13.4,13.4,13.5,13.3,13.45,162276
2018-05-10,13.4,13.4,13.5,13.3,13.45,162276
2018-05-11,13.4,13.4,13.5,13.3,13.45,162276
2018-05-14,13.4,13.4,13.5,13.3,13.45,162276
2018-05-15,13.4,13.4,13.5,13.3,13.45,162276
2018-05-16,13.4,13.4,13.5,13.3,13.45,162276
2018-05-17,13.4,13.4,13.5,13.3,13.45,162276
2018-05-18,13.4,13.4,13.5,13.3,13.45,162276
2018-05-21,13.4,13.4,13.5,13.3,13.45,162276
2018-05-22,13.4,13.4,13.5,13.3,13.45,162276
2018-05-23,13.4,13.4,13.5,13.3,13.45,162276
2018-05-24,13.4,13.4,13.5,13.3,13.45,162276
2018-05-25,13.4,13.4,13.5,13.3,13.45,162276
2018-05-28,13.4,13.4,13.5,13.3,13.45,162276
2018-05-29,13.4,13.4,13.5,13.3,13.45,162276
2018-05-30,13.4,13.4,13.5,13.3,13.45,162276
2018-05-31,13.4,13.4,13.5,13.3,13.45,162276
2018-06-01,13.4,13.4,13.5,13.3,13.45,162276
2018-06-04,13.4,13.4,13.5,13.3,13.45,162276
2018-06-05,13.4,13.4,13.5,13.3,13.45,162276
2018-06-06,13.4,13.4,13.5,13.3,13.45,162276
2018-06-07,13.4,13.4,13.5,13.3,13.45,162276
2018-06-08,13.4,13.4,13.5,13.3,13.45,162276
2018-06-11,13.4,13.4,13.5,13.3,13.45,162276
2018-06-12,13.4,13.4,13.5,13.3,13.45,162276
2018-06-13,13.4,13.4,13.5,13.3,13.45,162276
2018-06-14,13.4,13.4,13.5,13.3,13.45,162276
2018-06-15,13.4,13.4,13.5,13.3,13.45,162276
2018-06-19,13.4,13.4,13.5,13.3,13.45,162276
2018-06-20,13.4,13.4,13.5,13.3,13.45,162276
2018-06-21,13.4,13.4,13.5,13.3,13.45,162276
2018-06-22,13.4,13.4,13.5,13.3,13.45,162276
2018-06-25,13.4,13.4,13.5,13.3,13.45,162276
2018-06-26,13.4,13.4,13.5,13.3,13.45,162276
2018-06-27,13.4,13.4,13.5,13.3,13.45,162276
2018-06-28,13.4,13.4,13.5,13.3,13.45,162276
2018-06-29,13.4,13.4,13.5,13.3,13.45,162276
2018-07-02,13.4,13.4,13.5,13.3,13.45,162276
2018-07-03,13.4,13.4,13.5,13.3,13.45,162276
2018-07-04,13.4,13.4,13.5,13.3,13.45,162276
2018-07-05,13.4,13.4,13.5,13.3,13.45,162276
2018-07-06,13.4,13.4,13.5,13.3,13.45,162276
2018-07-09,13.4,13.4,13.5,13.3,13.45,162276
2018-07-10,13.4,13.4,13.5,13.3,13.45,162276
2018-07-11,13.4,13.4,13.5,13.3,13.45,162276
2018-07-12,13.4,13.4,13.5,13.3,13.45,162276
2018-07-13,13.4,13.4,13.5,13.3,13.45,162276
2018-07-16,13.4,13.4,13.5,13.3,13.45,162276
2018-07-17,13.4,13.4,13.5,13.3,13.45,162276
2018-07-18,13.4,13.4,13.5,13.3,13.45,162276
2018-07-19,13.4,13.4,13.5,13.3,13.45,162276
2018-07-20,13.4,13.4,13.5,13.3,13.45,162276
2018-07-23,13.4,13.4,13.5,13.3,13.45,162276
2018-07-24,13.4,13.4,13.5,13.3,13.45,162276
2018-07-25,13.4,13.4,13.5,13.3,13.45,162276
2018-07-26,13.4,13.4,13.5,13.3,13.45,162276
2018-07-27,13.4,13.4,13.5,13.3,13.45,162276
2018-07-30,13.4,13.4,13.5,13.3,13.45,162276
2018-07-31,13.4,13.4,13.5,13.3,13.45,162276
2018-08-01,13.4,13.4,13.5,13.3,13.45,162276
2018-08-02,13.4,13.4,13.5,13.3,13.45,162276
2018-08-03,13.4,13.4,13.5,13.3,13.45,162276
2018-08-06,13.4,13.4,13.5,13.3,13.45,162276
2018-08-07,13.4,13.4,13.5,13.3,13.45,162276
2018-08-08,13.4,13.4,13.5,13.3,13.45,162276
2018-08-09,13.4,13.4,13.5,13.3,13.45,162276
2018-08-10,13.4,13.4,13.5,13.3,13.45,162276
2018-08-13,13.4,13.4,13.5,13.3,13.45,162276
2018-08-14,13.4,13.4,13.5,13.3,13.45,162276
2018-08-15,13.4,13.4,13.5,13.3,13.45,162276
2018-08-16,13.4,13.4,13.5,13.3,13.45,162276
2018-08-17,13.4,13.4,13.5,13.3,13.45,162276
2018-08-20,13.4,13.4,13.5,13.3,13.45,162276
2018-08-21,13.4,13.4,13.5,13.3,13.45,162276
2018-08-22,13.4,13.4,13.5,13.3,13.45,162276
2018-08-23,13.4,13.4,13.5,13.3,13.45,162276
2018-08-24,13.4,13.4,13.5,13.3,13.45,162276
2018-08-27,13.4,13.4,13.5,13.3,13.45,162276
2018-08-28,13.4,13.4,13.5,13.3,13.45,162276
2018-08-29,13.4,13.4,13.5,13.3,13.45,162276
2018-08-30,13.4,13.4,13.5,13.3,13.45,162276
2018-08-31,13.4,13.4,13.5,13.3,13.45,162276
2018-09-03,13.4,13.4,13.5,13.3,13.45,162276
2018-09-04,13.4,13.4,13.5,13.3,13.45,162276
2018-09-05,13.4,13.4,13.5,13.3,13.45,162276
2018-09-06,13.4,13.4,13.5,13.3,13.45,162276
2018-09-07,13.4,13.4,13.5,13.3,13.45,162276
2018-09-10,13.4,13.4,13.5,13.3,13.45,162276
2018-09-11,13.4,13.4,13.5,13.3,13.45,162276
2018-09-12,13.4,13.4,13.5,13.3,13.45,162276
2018-09-13,13.4,13.4,13.5,13.3,13.45,162276
2018-09-14,13.4,13.4,13.5,13.3,13.45,162276
2018-09-17,13.4,13.4,13.5,13.3,13.45,162276
2018-09-18,13.4,13.4,13.5,13.3,13.45,162276
2018-09-19,13.4,13.4,13.5,13.3,13.45,162276
2018-09-20,13.4,13.4,13.5,13.3,13.45,162276
2018-09-21,13.4,13.4,13.5,13.3,13.45,162276
2018-09-25,13.4,13.4,13.5,13.3,13.45,162276
2018-09-26,13.4,13.4,13.5,13.3,13.45,162276
2018-09-27,13.4,13.4,13.5,13.3,13.45,162276
2018-09-28,13.4,13.4,13.5,13.3,13.45,162276
2018-10-01,13.4,13.4,13.5,13.3,13.45,162276
2018-10-02,13.4,13.4,13.5,13.3,13.45,162276
2018-10-03,13.4,13.4,13.5,13.3,13.45,162276
2018-10-04,13.4,13.4,13.5,13.3,13.45,162276
2018-10-05,13.4,13.4,13.5,13.3,13.45,162276
2018-10-08,13.4,13.4,13.5,13.3,13.45,162276
2018-10-09,13.4,13.4,13.5,13.3,13.45,162276
2018-10-11,13.4,13.4,13.5,13.3,13.45,162276
2018-10-12,13.4,13.4,13.5,13.3,13.45,162276
2018-10-15,13.4,13.4,13.5,13.3,13.45,162276
2018-10-16,13.4,13.4,13.5,13.3,13.45,162276
2018-10-17,13.4,13.4,13.5,13.3,13.45,162276
2018-10-18,13.4,13.4,13.5,13.3,13.45,162276
2018-10-19,13.4,13.4,13.5,13.3,13.45,162276
2018-10-22,13.4,13.4,13.5,13.3,13.45,162276
2018-10-23,13.4,13.4,13.5,13.3,13.45,162276
2018-10-24,13.4,13.4,13.5,13.3,13.45,162276
2018-10-25,13.4,13.4,13.5,13.3,13.45,162276
2018-10-26,13.4,13.4,13.5,13.3,13.45,162276
2018-10-29,13.4,13.4,13.5,13.3,13.45,162276
2018-10-30,13.4,13.4,13.5,13.3,13.45,162276
2018-10-31,13.4,13.4,13.5,13.3,13.45,162276
2018-11-01,13.4,13.4,13.5,13.3,13.45,162276
2018-11-02,13.4,13.4,13.5,13.3,13.45,162276
2018-11-05,13.4,13.4,13.5,13.3,13.45,162276
2018-11-06,13.4,13.4,13.5,13.3,13.45,162276
2018-11-07,13.4,13.4,13.5,13.3,13.45,162276
2018-11-08,13.4,13.4,13.5,13.3,13.45,162276
2018-11-09,13.4,13.4,13.5,13.3,13.45,162276
2018-11-12,13.4,13.4,13.5,13.3,13.45,162276
2018-11-13,13.4,13.4,13.5,13.3,13.45,162276
2018-11-14,13.4,13.4,13.5,13.3,13.45,162276
2018-11-15,13.4,13.4,13.5,13.3,13.45,162276
2018-11-16,13.4,13.4,13.5,13.3,13.45,162276
2018-11-19,13.4,13.4,13.5,13.3,13.45,162276
2018-11-20,13.4,13.4,13.5,13.3,13.45,162276
2018-11-21,13.4,13.4,13.5,13.3,13.45,162276
2018-11-22,13.4,13.4,13.5,13.3,13.45,162276
2018-11-23,13.4,13.4,13.5,13.3,13.45,162276
2018-11-26,13.4,13.4,13.5,13.3,13.45,162276
2018-11-27,13.4,13.4,13.5,13.3,13.45,162276
2018-11-28,13.4,13.4,13.5,13.3,13.45,162276
2018-11-29,13.4,13.4,13.5,13.3,13.45,162276
2018-11-30,13.4,13.4,13.5,13.3,13.45,162276
2018-12-03,13.4,13.4,13.5,13.3,13.45,162276
2018-12-04,13.4,13.4,13.5,13.3,13.45,162276
2018-12-05,13.4,13.4,13.5,13.3,13.45,162276
2018-12-06,13.4,13.4,13.5,13.3,13.45,162276
2018-12-07,13.4,13.4,13.5,13.3,13.45,162276
2018-12-10,13.4,13.4,13.5,13.3,13.45,162276
2018-12-11,13.4,13.4,13.5,13.3,13.45,162276
2018-12-12,13.4,13.4,13.5,13.3,13.45,162276
2018-12-13,13.4,13.4,13.5,13.3,13.45,162276
2018-12-14,13.4,13.4,13.5,13.3,13.45,162276
2018-12-17,13.4,13.4,13.5,13.3,13.45,162276
2018-12-18,13.4,13.4,13.5,13.3,13.45,162276
2018-12-19,13.4,13.4,13.5,13.3,13.45,162276
2018-12-20,13.4,13.4,13.5,13.3,13.45,162276
2018-12-21,13.4,13.4,13.5,13.3,13.45,162276
2018-12-24,13.4,13.4,13.5,13.3,13.45,162276
2018-12-25,13.4,13.4,13.5,13.3,13.45,162276
2018-12-26,13.4,13.4,13.5,13.3,13.45,162276
2018-12-27,13.4,13.4,13.5,13.3,13.45,162276
2018-12-28,13.4,13.4,13.5,13.3,13.45,162276
2019-01-02,13.4,13.4,13.5,13.3,13.45,162276
2019-01-03,13.4,13.4,13.5,13.3,13.45,162276
2019-01-04,13.4,13.4,13.5,13.3,13.45,162276
2019-01-07,13.4,13.4,13.5,13.3,13.45,162276
2019-01-08,13.4,13.4,13.5,13.3,13.45,162276
2019-01-09,13.4,13.4,13.5,13.3,13.45,162276
2019-01-10,13.4,13.4,13.5,13.3,13.45,162276
2019-01-11,13.4,13.4,13.5,13.3,13.45,162276
2019-01-14,13.4,13.4,13.5,13.3,13.45,162276
2019-01-15,13.4,13.4,13.5,13.3,13.45,162276
2019-01-16,13.4,13.4,13.5,13.3,13.45,162276
2019-01-17,13.4,13.4,13.5,13.3,13.45,162276
2019-01-18,13.4,13.4,13.5,13.3,13.45,162276
2019-01-21,13.4,13.4,13.5,13.3,13.45,162276
2019-01-22,13.4,13.4,13.5,13.3,13.45,162276
2019-01-23,13.4,13.4,13.5,13.3,13.45,162276
2019-01-24,13.4,13.4,13.5,13.3,13.45,162276
2019-01-25,13.4,13.4,13.5,13.3,13.45,162276
2019-01-28,13.4,13.4,13.5,13.3,13.45,162276
2019-01-29,13.4,13.4,13.5,13.3,13.45,162276
2019-01-30,13.4,13.4,13.5,13.3,13.45,162276
2019-02-11,13.4,13.4,13.5,13.3,13.45,162276
2019-02-12,13.4,13.4,13.5,13.3,13.45,162276
2019-02-13,13.4,13.4,13.5,13.3,13.45,162276
2019-02-14,13.4,13.4,13.5,13.3,13.45,162276
2019-02-15,13.4,13.4,13.5,13.3,13.45,162276
2019-02-18,13.4,13.4,13.5,13.3,13.45,162276
2019-02-19,13.4,13.4,13.5,13.3,13.45,162276
2019-02-20,13.4,13.4,13.5,13.3,13.45,162276
2019-02-21,13.4,13.4,13.5,13.3,13.45,162276
2019-02-22,13.4,13.4,13.5,13.3,13.45,162276
2019-02-25,13.4,13.4,13.5,13.3,13.45,162276
2019-02-26,13.4,13.4,13.5,13.3,13.45,162276
2019-02-27,13.4,13.4,13.5,13.3,13.45,162276
2019-03-04,13.4,13.4,13.5,13.3,13.45,162276
2019-03-05,13.4,13.4,13.5,13.3,13.45,162276
2019-03-06,13.4,13.4,13.5,13.3,13.45,162276
2019-03-07,13.4,13.4,13.5,13.3,13.45,162276
2019-03-08,13.4,13.4,13.5,13.3,13.45,162276
2019-03-11,13.4,13.4,13.5,13.3,13.45,162276
2019-03-12,13.4,13.4,13.5,13.3,13.45,162276
2019-03-13,13.4,13.4,13.5,13.3,13.45,162276
2019-03-14,13.4,13.4,13.5,13.3,13.45,162276
2019-03-15,13.4,13.4,13.5,13.3,13.45,162276
2019-03-18,13.4,13.4,13.5,13.3,13.45,162276
2019-03-19,13.4,13.4,13.5,13.3,13.45,162276
2019-03-20,13.4,13.4,13.5,13.3,13.45,162276
2019-03-21,13.4,13.4,13.5,13.3,13.45,162276
2019-03-22,13.4,13.4,13.5,13.3,13.45,162276
2019-03-25,13.4,13.4,13.5,13.3,13.45,162276
2019-03-26,13.4,13.4,13.5,13.3,13.45,162276
2019-03-27,13.4,13.4,13.5,13.3,13.45,162276
2019-03-28,13.4,13.4,13.5,13.3,13.45,162276
2019-03-29,13.4,13.4,13.5,13.3,13.45,162276
2019-04-01,13.4,13.4,13.5,13.3,13.45,162276
2019-04-02,13.4,13.4,13.5,13.3,13.45,162276
2019-04-03,13.4,13.4,13.5,13.3,13.45,162276
2019-04-08,13.4,13.4,13.5,13.3,13.45,162276
2019-04-09,13.4,13.4,13.5,13.3,13.45,162276
2019-04-10,13.4,13.4,13.5,13.3,13.45,162276
2019-04-11,13.4,13.4,13.5,13.3,13.45,162276
2019-04-12,13.4,13.4,13.5,13.3,13.45,162276
2019-04-15,13.4,13.4,13.5,13.3,13.45,162276
2019-04-16,13.4,13.4,13.5,13.3,13.45,162276
2019-04-17,13.4,13.4,13.5,13.3,13.45,162276
2019-04-18,13.4,13.4,13.5,13.3,13.45,162276
2019-04-19,13.4,13.4,13.5,13.3,13.45,162276
2019-04-22,13.4,13.4,13.5,13.3,13.45,162276
2019-04-23,13.4,13.4,13.5,13.3,13.45,162276
2019-04-24,13.4,13.4,13.5,13.3,13.45,162276
2019-04-25,13.4,13.4,13.5,13.3,13.45,162276
2019-04-26,13.4,13.4,13.5,13.3,13.45,162276
2019-04-29,13.4,13.4,13.5,13.3,13.45,162276
2019-04-30,13.4,13.4,13.5,13.3,13.45,162276
2019-05-02,13.4,13.4,13.5,13.3,13.45,162276
2019-05-03,13.4,13.4,13.5,13.3,13.45,162276
2019-05-06,13.4,13.4,13.5,13.3,13.45,162276
2019-05-07,13.4,13.4,13.5,13.3,13.45,162276
2019-05-08,13.4,13.4,13.5,13.3,13.45,162276
2019-05-09,13.4,13.4,13.5,13.3,13.45,162276
2019-05-10,13.4,13.4,13.5,13.3,13.45,162276
2019-05-13,13.4,13.4,13.5,13.3,13.45,162276
2019-05-14,13.4,13.4,13.5,13.3,13.45,162276
2019-05-15,13.4,13.4,13.5,13.3,13.45,162276
2019-05-16,13.4,13.4,13.5,13.3,13.45,162276
2019-05-17,13.4,13.4,13.5,13.3,13.45,162276
2019-05-20,13.4,13.4,13.5,13.3,13.45,162276
2019-05-21,13.4,13.4,13.5,13.3,13.45,162276
2019-05-22,13.4,13.4,13.5,13.3,13.45,162276
2019-05-23,13.4,13.4,13.5,13.3,13.45,162276
2019-05-24,13.4,13.4,13.5,13.3,13.45,162276
2019-05-27,13.4,13.4,13.5,13.3,13.45,162276
2019-05-28,13.4,13.4,13.5,13.3,13.45,162276
2019-05-29,13.4,13.4,13.5,13.3,13.45,162276
2019-05-30,13.4,13.4,13.5,13.3,13.45,162276
2019-05-31,13.4,13.4,13.5,13.3,13.45,162276
2019-06-03,13.4,13.4,13.5,13.3,13.45,162276
2019-06-04,13.4,13.4,13.5,13.3,13.45,162276
2019-06-05,13.4,13.4,13.5,13.3,13.45,162276
2019-06-06,13.4,13.4,13.5,13.3,13.45,162276
2019-06-10,13.4,13.4,13.5,13.3,13.45,162276
2019-06-11,13.4,13.4,13.5,13.3,13.45,162276
2019-06-12,13.4,13.4,13.5,13.3,13.45,162276
2019-06-13,13.4,13.4,13.5,13.3,13.45,162276
2019-06-14,13.4,13.4,13.5,13.3,13.45,162276
2019-06-17,13.4,13.4,13.5,13.3,13.45,162276
2019-06-18,13.4,13.4,13.5,13.3,13.45,162276
2019-06-19,13.4,13.4,13.5,13.3,13.45,162276
2019-06-20,13.4,13.4,13.5,13.3,13.45,162276
2019-06-21,13.4,13.4,13.5,13.3,13.45,162276
2019-06-24,13.4,13.4,13.5,13.3,13.45,162276
2019-06-25,13.4,13.4,13.5,13.3,13.45,162276
2019-06-26,13.4,13.4,13.5,13.3,13.45,162276
2019-06-27,13.4,13.4,13.5,13.3,13.45,162276
2019-06-28,13.4,13.4,13.5,13.3,13.45,162276
2019-07-01,13.4,13.4,13.5,13.3,13.45,162276
2019-07-02,13.4,13.4,13.5,13.3,13.45,162276
2019-07-03,13.4,13.4,13.5,13.3,13.45,162276
2019-07-04,13.4,13.4,13.5,13.3,13.45,162276
2019-07-05,13.4,13.4,13.5,13.3,13.45,162276
2019-07-08,13.4,13.4,13.5,13.3,13.45,162276
2019-07-09,13.4,13.4,13.5,13.3,13.45,162276
2019-07-10,13.4,13.4,13.5,13.3,13.45,162276
2019-07-11,13.4,13.4,13.5,13.3,13.45,162276
2019-07-12,13.4,13.4,13.5,13.3,13.45,162276
2019-07-15,13.4,13.4,13.5,13.3,13.45,162276
2019-07-16,13.4,13.4,13.5,13.3,13.45,162276
2019-07-17,13.4,13.4,13.5,13.3,13.45,162276
2019-07-18,13.4,13.4,13.5,13.3,13.45,162276
2019-07-19,13.4,13.4,13.5,13.3,13.45,162276
2019-07-22,13.4,13.4,13.5,13.3,13.45,162276
2019-07-23,13.4,13.4,13.5,13.3,13.45,162276
2019-07-24,13.4,13.4,13.5,13.3,13.45,162276
2019-07-25,13.4,13.4,13.5,13.3,13.45,162276
2019-07-26,13.4,13.4,13.5,13.3,13.45,162276
2019-07-29,13.4,13.4,13.5,13.3,13.45,162276
2019-07-30,13.4,13.4,13.5,13.3,13.45,162276
2019-07-31,13.4,13.4,13.5,13.3,13.45,162276
2019-08-01,13.4,13.4,13.5,13.3,13.45,162276
2019-08-02,13.4,13.4,13.5,13.3,13.45,162276
2019-08-05,13.4,13.4,13.5,13.3,13.45,162276
2019-08-06,13.4,13.4,13.5,13.3,13.45,162276
2019-08-07,13.4,13.4,13.5,13.3,13.45,162276
2019-08-08,13.4,13.4,13.5,13.3,13.45,162276
2019-08-12,13.4,13.4,13.5,13.3,13.45,162276
2019-08-13,13.4,13.4,13.5,13.3,13.45,162276
2019-08-14,13.4,13.4,13.5,13.3,13.45,162276
2019-08-15,13.4,13.4,13.5,13.3,13.45,162276
2019-08-16,13.4,13.4,13.5,13.3,13.45,162276
2019-08-19,13.4,13.4,13.5,13.3,13.45,162276
2019-08-20,13.4,13.4,13.5,13.3,13.45,162276
2019-08-21,13.4,13.4,13.5,13.3,13.45,162276
2019-08-22,13.4,13.4,13.5,13.3,13.45,162276
2019-08-23,13.4,13.4,13.5,13.3,13.45,162276
2019-08-26,13.4,13.4,13.5,13.3,13.45,162276
2019-08-27,13.4,13.4,13.5,13.3,13.45,162276
2019-08-28,13.4,13.4,13.5,13.3,13.45,162276
2019-08-29,13.4,13.4,13.5,13.3,13.45,162276
2019-08-30,13.4,13.4,13.5,13.3,13.45,162276
2019-09-02,13.4,13.4,13.5,13.3,13.45,162276
2019-09-03,13.4,13.4,13.5,13.3,13.45,162276
2019-09-04,13.4,13.4,13.5,13.3,13.45,162276
2019-09-05,13.4,13.4,13.5,13.3,13.45,162276
2019-09-06,13.4,13.4,13.5,13.3,13.45,162276
2019-09-09,13.4,13.4,13.5,13.3,13.45,162276
2019-09-10,13.4,13.4,13.5,13.3,13.45,162276
2019-09-11,13.4,13.4,13.5,13.3,13.45,162276
2019-09-12,13.4,13.4,13.5,13.3,13.45,162276
2019-09-16,13.4,13.4,13.5,13.3,13.45,162276
2019-09-17,13.4,13.4,13.5,13.3,13.45,162276
2019-09-18,13.4,13.4,13.5,13.3,13.45,162276
2019-09-19,13.4,13.4,13.5,13.3,13.45,162276
2019-09-20,13.4,13.4,13.5,13.3,13.45,162276
2019-09-23,13.4,13.4,13.5,13.3,13.45,162276
2019-09-24,13.4,13.4,13.5,13.3,13.45,162276
2019-09-25,13.4,13.4,13.5,13.3,13.45,162276
2019-09-26,13.4,13.4,13.5,13.3,13.45,162276
2019-09-27,13.4,13.4,13.5,13.3,13.45,162276
2019-10-01,13.4,13.4,13.5,13.3,13.45,162276
2019-10-02,13.4,13.4,13.5,13.3,13.45,162276
2019-10-03,13.4,13.4,13.5,13.3,13.45,162276
2019-10-04,13.4,13.4,13.5,13.3,13.45,162276
2019-10-07,13.4,13.4,13.5,13.3,13.45,162276
2019-10-08,13.4,13.4,13.5,13.3,13.45,162276
2019-10-09,13.4,13.4,13.5,13.3,13.45,162276
2019-10-14,13.4,13.4,13.5,13.3,13.45,162276
2019-10-15,13.4,13.4,13.5,13.3,13.45,162276
2019-10-16,13.4,13.4,13.5,13.3,13.45,162276
2019-10-17,13.4,13.4,13.5,13.3,13.45,162276
2019-10-18,13.4,13.4,13.5,13.3,13.45,162276
2019-10-21,13.4,13.4,13.5,13.3,13.45,162276
2019-10-22,13.4,13.4,13.5,13.3,13.45,162276
2019-10-23,13.4,13.4,13.5,13.3,13.45,162276
2019-10-24,13.4,13.4,13.5,13.3,13.45,162276
2019-10-25,13.4,13.4,13.5,13.3,13.45,162276
2019-10-28,13.4,13.4,13.5,13.3,13.45,162276
2019-10-29,13.4,13.4,13.5,13.3,13.45,162276
2019-10-30,13.4,13.4,13.5,13.3,13.45,162276
2019-10-31,13.4,13.4,13.5,13.3,13.45,162276
2019-11-01,13.4,13.4,13.5,13.3,13.45,162276
2019-11-04,13.4,13.4,13.5,13.3,13.45,162276
2019-11-05,13.4,13.4,13.5,13.3,13.45,162276
2019-11-06,13.4,13.4,13.5,13.3,13.45,162276
2019-11-07,13.4,13.4,13.5,13.3,13.45,162276
2019-11-08,13.4,13.4,13.5,13.3,13.45,162276
2019-11-11,13.4,13.4,13.5,13.3,13.45,162276
2019-11-12,13.4,13.4,13.5,13.3,13.45,162276
2019-11-13,13.4,13.4,13.5,13.3,13.45,162276
2019-11-14,13.4,13.4,13.5,13.3,13.45,162276
2019-11-20,13.4,13.4,13.5,13.3,13.45,162276
2019-11-21,13.4,13.4,13.5,13.3,13.45,162276
2019-11-22,13.4,13.4,13.5,13.3,13.45,162276
2019-11-25,13.4,13.4,13.5,13.3,13.45,162276
2019-11-26,13.4,13.4,13.5,13.3,13.45,162276
2019-11-27,13.4,13.4,13.5,13.3,13.45,162276
2019-11-28,13.4,13.4,13.5,13.3,13.45,162276
2019-11-29,13.4,13.4,13.5,13.3,13.45,162276
2019-12-02,13.4,13.4,13.5,13.3,13.45,162276
2019-12-03,13.4,13.4,13.5,13.3,13.45,162276
2019-12-04,13.4,13.4,13.5,13.3,13.45,162276
2019-12-05,13.4,13.4,13.5,13.3,13.45,162276
2019-12-06,13.4,13.4,13.5,13.3,13.45,162276
2019-12-09,13.4,13.4,13.5,13.3,13.45,162276
2019-12-10,13.4,13.4,13.5,13.3,13.45,162276
2019-12-11,13.4,13.4,13.5,13.3,13.45,162276
2019-12-12,13.4,13.4,13.5,13.3,13.45,162276
2019-12-13,13.4,13.4,13.5,13.3,13.45,162276
2019-12-16,13.4,13.4,13.5,13.3,13.45,162276
2019-12-17,13.4,13.4,13.5,13.3,13.45,162276
2019-12-18,13.4,13.4,13.5,13.3,13.45,162276
2019-12-19,13.4,13.4,13.5,13.3,13.45,162276
2019-12-20,13.4,13.4,13.5,13.3,13.45,162276
2019-12-23,13.4,13.4,13.5,13.3,13.45,162276
2019-12-24,13.4,13.4,13.5,13.3,13.45,162276
2019-12-25,13.4,13.4,13.5,13.3,13.45,162276
2019-12-26,13.4,13.4,13.5,13.3,13.45,162276
2019-12-27,13.4,13.4,13.5,13.3,13.45,162276
2019-12-30,13.4,13.4,13.5,13.3,13.45,162276
2019-12-31,13.4,13.4,13.5,13.3,13.45,162276
2020-01-02,13.4,13.4,13.5,13.3,13.45,162276
2020-01-03,13.4,13.4,13.5,13.3,13.45,162276
2020-01-06,13.4,13.4,13.5,13.3,13.45,162276
2020-01-07,13.4,13.4,13.5,13.3,13.45,162276
2020-01-08,13.4,13.4,13.5,13.3,13.45,162276
2020-01-09,13.4,13.4,13.5,13.3,13.45,162276
2020-01-10,13.4,13.4,13.5,13.3,13.45,162276
2020-01-13,13.4,13.4,13.5,13.3,13.45,162276
2020-01-14,13.4,13.4,13.5,13.3,13.45,162276
2020-01-15,13.4,13.4,13.5,13.3,13.45,162276
2020-01-16,13.4,13.4,13.5,13.3,13.45,162276
2020-01-17,13.4,13.4,13.5,13.3,13.45,162276
2020-01-20,13.4,13.4,13.5,13.3,13.45,162276
2020-01-30,13.4,13.4,13.5,13.3,13.45,162276
2020-01-31,13.4,13.4,13.5,13.3,13.45,162276
2020-02-03,13.4,13.4,13.5,13.3,13.45,162276
2020-02-04,13.4,13.4,13.5,13.3,13.45,162276
2020-02-05,13.4,13.4,13.5,13.3,13.45,162276
2020-02-06,13.4,13.4,13.5,13.3,13.45,162276
2020-02-07,13.4,13.4,13.5,13.3,13.45,162276
2020-02-10,13.4,13.4,13.5,13.3,13.45,162276
2020-02-11,13.4,13.4,13.5,13.3,13.45,162276
2020-02-12,13.4,13.4,13.5,13.3,13.45,162276
2020-02-13,13.4,13.4,13.5,13.3,13.45,162276
2020-02-14,13.4,13.4,13.5,13.3,13.45,162276
2020-02-17,13.4,13.4,13.5,13.3,13.45,162276
2020-02-18,13.4,13.4,13.5,13.3,13.45,162276
2020-02-19,13.4,13.4,13.5,13.3,13.45,162276
2020-02-20,13.4,13.4,13.5,13.3,13.45,162276
2020-02-21,13.4,13.4,13.5,13.3,13.45,162276
2020-02-24,13.4,13.4,13.5,13.3,13.45,162276
2020-02-25,13.4,13.4,13.5,13.3,13.45,162276
2020-02-26,13.4,13.4,13.5,13.3,13.45,162276
2020-02-27,13.4,13.4,13.5,13.3,13.45,162276
2020-03-02,13.4,13.4,13.5,13.3,13.45,162276
2020-03-03,13.4,13.4,13.5,13.3,13.45,162276
2020-03-04,13.4,13.4,13.5,13.3,13.45,162276
2020-03-05,13.4,13.4,13.5,13.3,13.45,162276
2020-03-06,13.4,13.4,13.5,13.3,13.45,162276
2020-03-09,13.4,13.4,13.5,13.3,13.45,162276
2020-03-10,13.4,13.4,13.5,13.3,13.45,162276
2020-03-11,13.4,13.4,13.5,13.3,13.45,162276
2020-03-12,13.4,13.4,13.5,13.3,13.45,162276
2020-03-13,13.4,13.4,13.5,13.3,13.45,162276
2020-03-16,13.4,13.4,13.5,13.3,13.45,162276
2020-03-17,13.4,13.4,13.5,13.3,13.45,162276
2020-03-18,13.4,13.4,13.5,13.3,13.45,162276
2020-03-19,13.4,13.4,13.5,13.3,13.45,162276
2020-03-20,13.4,13.4,13.5,13.3,13.45,162276
2020-03-23,13.4,13.4,13.5,13.3,13.45,162276
2020-03-24,13.4,13.4,13.5,13.3,13.45,162276
2020-03-25,13.4,13.4,13.5,13.3,13.45,162276
2020-03-26,13.4,13.4,13.5,13.3,13.45,162276
2020-03-27,13.4,13.4,13.5,13.3,13.45,162276
2020-03-30,13.4,13.4,13.5,13.3,13.45,162276
2020-03-31,13.4,13.4,13.5,13.3,13.45,162276
2020-04-01,13.4,13.4,13.5,13.3,13.45,162276
2020-04-07,13.4,13.4,13.5,13.3,13.45,162276
2020-04-08,13.4,13.4,13.5,13.3,13.45,162276
2020-04-09,13.4,13.4,13.5,13.3,13.45,162276
2020-04-10,13.4,13.4,13.5,13.3,13.45,162276
2020-04-13,13.4,13.4,13.5,13.3,13.45,162276
2020-04-14,13.4,13.4,13.5,13.3,13.45,162276
2020-04-15,13.4,13.4,13.5,13.3,13.45,162276
2020-04-16,13.4,13.4,13.5,13.3,13.45,162276
2020-04-17,13.4,13.4,13.5,13.3,13.45,162276
2020-04-20,13.4,13.4,13.5,13.3,13.45,162276
2020-04-21,13.4,13.4,13.5,13.3,13.45,162276
2020-04-22,13.4,13.4,13.5,13.3,13.45,162276
2020-04-23,13.4,13.4,13.5,13.3,13.45,162276
2020-04-24,13.4,13.4,13.5,13.3,13.45,162276
2020-04-27,13.4,13.4,13.5,13.3,13.45,162276
2020-04-28,13.4,13.4,13.5,13.3,13.45,162276
2020-04-29,13.4,13.4,13.5,13.3,13.45,162276
2020-05-04,13.4,13.4,13.5,13.3,13.45,162276
2020-05-05,13.4,13.4,13.5,13.3,13.45,162276
2020-05-06,13.4,13.4,13.5,13.3,13.45,162276
2020-05-07,13.4,13.4,13.5,13.3,13.45,162276
2020-05-08,13.4,13.4,13.5,13.3,13.45,162276
2020-05-11,13.4,13.4,13.5,13.3,13.45,162276
2020-05-12,13.4,13.4,13.5,13.3,13.45,162276
2020-05-13,13.4,13.4,13.5,13.3,13.45,162276
2020-05-14,13.4,13.4,13.5,13.3,13.45,162276
2020-05-15,13.4,13.4,13.5,13.3,13.45,162276
2020-05-18,13.4,13.4,13.5,13.3,13.45,162276
2020-05-19,13.4,13.4,13.5,13.3,13.45,162276
2020-05-20,13.4,13.4,13.5,13.3,13.45,162276
2020-05-21,13.4,13.4,13.5,13.3,13.45,162276
2020-05-22,13.4,13.4,13.5,13.3,13.45,162276
2020-05-25,13.4,13.4,13.5,13.3,13.45,162276
2020-05-26,13.4,13.4,13.5,13.3,13.45,162276
2020-05-27,13.4,13.4,13.5,13.3,13.45,162276
2020-05-28,13.4,13.4,13.5,13.3,13.45,162276
2020-05-29,13.4,13.4,13.5,13.3,13.45,162276
2020-06-01,13.4,13.4,13.5,13.3,13.45,162276
2020-06-02,13.4,13.4,13.5,13.3,13.45,162276
2020-06-03,13.4,13.4,13.5,13.3,13.45,162276
2020-06-04,13.4,13.4,13.5,13.3,13.45,162276
2020-06-05,13.4,13.4,13.5,13.3,13.45,162276
2020-06-08,13.4,13.4,13.5,13.3,13.45,162276
2020-06-09,13.4,13.4,13.5,13.3,13.45,162276
2020-06-10,13.4,13.4,13.5,13.3,13.45,162276
2020-06-11,13.4,13.4,13.5,13.3,13.45,162276
2020-06-12,13.4,13.4,13.5,13.3,13.45,162276
2020-06-15,13.4,13.4,13.5,13.3,13.45,162276
2020-06-16,13.4,13.4,13.5,13.3,13.45,162276
2020-06-17,13.4,13.4,13.5,13.3,13.45,162276
2020-06-18,13.4,13.4,13.5,13.3,13.45,162276
2020-06-19,13.4,13.4,13.5,13.3,13.45,162276
2020-06-22,13.4,13.4,13.5,13.3,13.45,162276
2020-06-23,13.4,13.4,13.5,13.3,13.45,162276
2020-06-24,13.4,13.4,13.5,13.3,13.45,162276
2020-06-29,13.4,13.4,13.5,13.3,13.45,162276
2020-06-30,13.4,13.4,13.5,13.3,13.45,162276
2020-07-01,13.4,13.4,13.5,13.3,13.45,162276
2020-07-02,13.4,13.4,13.5,13.3,13.45,162276
2020-07-03,13.4,13.4,13.5,13.3,13.45,162276
2020-07-06,13.4,13.4,13.5,13.3,13.45,162276
2020-07-07,13.4,13.4,13.5,13.3,13.45,162276
2020-07-08,13.4,13.4,13.5,13.3,13.45,162276
2020-07-09,13.4,13.4,13.5,13.3,13.45,162276
2020-07-10,13.4,13.4,13.5,13.3,13.45,162276
2020-07-13,13.4,13.4,13.5,13.3,13.45,162276
2020-07-14,13.4,13.4,13.5,13.3,13.45,162276
2020-07-15,13.4,13.4,13.5,13.3,13.45,162276
2020-07-16,13.4,13.4,13.5,13.3,13.45,162276
2020-07-17,13.4,13.4,13.5,13.3,13.45,162276
2020-07-20,13.4,13.4,13.5,13.3,13.45,162276
2020-07-21,13.4,13.4,13.5,13.3,13.45,162276
2020-07-22,13.4,13.4,13.5,13.3,13.45,162276
2020-07-23,13.4,13.4,13.5,13.3,13.45,162276
2020-07-24,13.4,13.4,13.5,13.3,13.45,162276
2020-07-27,13.4,13.4,13.5,13.3,13.45,162276
2020-07-28,13.4,13.4,13.5,13.3,13.45,162276
2020-07-29,13.4,13.4,13.5,13.3,13.45,162276
2020-07-30,13.4,13.4,13.5,13.3,13.45,162276
2020-07-31,13.4,13.4,13.5,13.3,13.45,162276
2020-08-03,13.4,13.4,13.5,13.3,13.45,162276
2020-08-04,13.4,13.4,13.5,13.3,13.45,162276
2020-08-05,13.4,13.4,13.5,13.3,13.45,162276
2020-08-06,13.4,13.4,13.5,13.3,13.45,162276
2020-08-07,13.4,13.4,13.5,13.3,13.45,162276
2020-08-10,13.4,13.4,13.5,13.3,13.45,162276
2020-08-11,13.4,13.4,13.5,13.3,13.45,162276
2020-08-12,13.4,13.4,13.5,13.3,13.45,162276
2020-08-13,13.4,13.4,13.5,13.3,13.45,162276
2020-08-14,13.4,13.4,13.5,13.3,13.45,162276
2020-08-17,13.4,13.4,13.5,13.3,13.45,162276
2020-08-18,13.4,13.4,13.5,13.3,13.45,162276
2020-08-19,13.4,13.4,13.5,13.3,13.45,162276
2020-08-20,13.4,13.4,13.5,13.3,13.45,162276
2020-08-21,13.4,13.4,13.5,13.3,13.45,162276
2020-08-24,13.4,13.4,13.5,13.3,13.45,162276
2020-08-25,13.4,13.4,13.5,13.3,13.45,162276
2020-08-26,13.4,13.4,13.5,13.3,13.45,162276
2020-08-27,13.4,13.4,13.5,13.3,13.45,162276
2020-08-28,13.4,13.4,13.5,13.3,13.45,162276
2020-08-31,13.4,13.4,13.5,13.3,13.45,162276
2020-09-01,13.4,13.4,13.5,13.3,13.45,162276
2020-09-02,13.4,13.4,13.5,13.3,13.45,162276
2020-09-03,13.4,13.4,13.5,13.3,13.45,162276
2020-09-04,13.4,13.4,13.5,13.3,13.45,162276
2020-09-07,13.4,13.4,13.5,13.3,13.45,162276
2020-09-08,13.4,13.4,13.5,13.3,13.45,162276
2020-09-09,13.4,13.4,13.5,13.3,13.45,162276
2020-09-10,13.4,13.4,13.5,13.3,13.45,162276
2020-09-11,13.4,13.4,13.5,13.3,13.45,162276
2020-09-14,13.4,13.4,13.5,13.3,13.45,162276
2020-09-15,13.4,13.4,13.5,13.3,13.45,162276
2020-09-16,13.4,13.4,13.5,13.3,13.45,162276
2020-09-17,13.4,13.4,13.5,13.3,13.45,162276
2020-09-18,13.4,13.4,13.5,13.3,13.45,162276
2020-09-21,13.4,13.4,13.5,13.3,13.45,162276
2020-09-22,13.4,13.4,13.5,13.3,13.45,162276
2020-09-23,13.4,13.4,13.5,13.3,13.45,162276
2020-09-24,13.4,13.4,13.5,13.3,13.45,162276
2020-09-25,13.4,13.4,13.5,13.3,13.45,162276
2020-09-28,13.4,13.4,13.5,13.3,13.45,162276
2020-09-29,13.4,13.4,13.5,13.3,13.45,162276
2020-09-30,13.4,13.4,13.5,13.3,13.45,162276
2020-10-05,13.4,13.4,13.5,13.3,13.45,162276
2020-10-06,13.4,13.4,13.5,13.3,13.45,162276
2020-10-07,13.4,13.4,13.5,13.3,13.45,162276
2020-10-08,13.4,13.4,13.5,13.3,13.45,162276
2020-10-12,13.4,13.4,13.5,13.3,13.45,162276
2020-10-13,13.4,13.4,13.5,13.3,13.45,162276
2020-10-14,13.4,13.4,13.5,13.3,13.45,162276
2020-10-15,13.4,13.4,13.5,13.3,13.45,162276
2020-10-16,13.4,13.4,13.5,13.3,13.45,162276
2020-10-19,13.4,13.4,13.5,13.3,13.45,162276
2020-10-20,13.4,13.4,13.5,13.3,13.45,162276
2020-10-21,13.4,13.4,13.5,13.3,13.45,162276
2020-10-22,13.4,13.4,13.5,13.3,13.45,162276
2020-10-23,13.4,13.4,13.5,13.3,13.45,162276
2020-10-26,13.4,13.4,13.5,13.3,13.45,162276
2020-10-27,13.4,13.4,13.5,13.3,13.45,162276
2020-10-28,13.4,13.4,13.5,13.3,13.45,162276
2020-10-29,13.4,13.4,13.5,13.3,13.45,162276
2020-10-30,13.4,13.4,13.5,13.3,13.45,162276
2020-11-02,13.4,13.4,13.5,13.3,13.45,162276
2020-11-03,13.4,13.4,13.5,13.3,13.45,162276
2020-11-04,13.4,13.4,13.5,13.3,13.45,162276
2020-11-05,13.4,13.4,13.5,13.3,13.45,162276
2020-11-06,13.4,13.4,13.5,13.3,13.45,162276
2020-11-09,13.4,13.4,13.5,13.3,13.45,162276
2020-11-10,13.4,13.4,13.5,13.3,13.45,162276
2020-11-11,13.4,13.4,13.5,13.3,13.45,162276
2020-11-12,13.4,13.4,13.5,13.3,13.45,162276
2020-11-13,13.4,13.4,13.5,13.3,13.45,162276
2020-11-16,13.4,13.4,13.5,13.3,13.45,162276
2020-11-17,13.4,13.4,13.5,13.3,13.45,162276
2020-11-18,13.4,13.4,13.5,13.3,13.45,162276
2020-11-19,13.4,13.4,13.5,13.3,13.45,162276
2020-11-20,13.4,13.4,13.5,13.3,13.45,162276
2020-11-23,13.4,13.4,13.5,13.3,13.45,162276
2020-11-24,13.4,13.4,13.5,13.3,13.45,162276
2020-11-25,13.4,13.4,13.5,13.3,13.45,162276
2020-11-26,13.4,13.4,13.5,13.3,13.45,162276
2020-11-27,13.4,13.4,13.5,13.3,13.45,162276
2020-11-30,13.4,13.4,13.5,13.3,13.45,162276
2020-12-01,13.4,13.4,13.5,13.3,13.45,162276
2020-12-02,13.4,13.4,13.5,13.3,13.45,162276
2020-12-04,13.4,13.4,13.5,13.3,13.45,162276
2020-12-07,13.4,13.4,13.5,13.3,13.45,162276
2020-12-08,13.4,13.4,13.5,13.3,13.45,162276
2020-12-09,13.4,13.4,13.5,13.3,13.45,162276
2020-12-10,13.4,13.4,13.5,13.3,13.45,162276
2020-12-11,13.4,13.4,13.5,13.3,13.45,162276
2020-12-14,13.4,13.4,13.5,13.3,13.45,162276
2020-12-15,13.4,13.4,13.5,13.3,13.45,162276
2020-12-16,13.4,13.4,13.5,13.3,13.45,162276
2020-12-17,13.4,13.4,13.5,13.3,13.45,162276
2020-12-18,13.4,13.4,13.5,13.3,13.45,162276
2020-12-21,13.4,13.4,13.5,13.3,13.45,162276
2020-12-22,13.4,13.4,13.5,13.3,13.45,162276
2020-12-23,13.4,13.4,13.5,13.3,13.45,162276
2020-12-24,13.4,13.4,13.5,13.3,13.45,162276
2020-12-25,13.4,13.4,13.5,13.3,13.45,162276
2020-12-28,13.4,13.4,13.5,13.3,13.45,162276
2020-12-29,13.4,13.4,13.5,13.3,13.45,162276
2020-12-30,13.4,13.4,13.5,13.3,13.45,162276
2020-12-31,13.4,13.4,13.5,13.3,13.45,162276
2021-01-04,13.4,13.4,13.5,13.3,13.45,162276
2021-01-05,13.4,13.4,13.5,13.3,13.45,162276
2021-01-06,13.4,13.4,13.5,13.3,13.45,162276
2021-01-07,13.4,13.4,13.5,13.3,13.45,162276
2021-01-08,13.4,13.4,13.5,13.3,13.45,162276
2021-01-11,13.4,13.4,13.5,13.3,13.45,162276
2021-01-12,13.4,13.4,13.5,13.3,13.45,162276
2021-01-13,13.4,13.4,13.5,13.3,13.45,162276
2021-01-14,13.4,13.4,13.5,13.3,13.45,162276
2021-01-15,13.4,13.4,13.5,13.3,13.45,162276
2021-01-18,13.4,13.4,13.5,13.3,13.45,162276
2021-01-19,13.4,13.4,13.5,13.3,13.45,162276
2021-01-20,13.4,13.4,13.5,13.3,13.45,162276
2021-01-21,13.4,13.4,13.5,13.3,13.45,162276
2021-01-22,13.4,13.4,13.5,13.3,13.45,162276
2021-01-25,13.4,13.4,13.5,13.3,13.45,162276
2021-01-26,13.4,13.4,13.5,13.3,13.45,162276
2021-01-27,13.4,13.4,13.5,13.3,13.45,162276
2021-01-28,13.4,13.4,13.5,13.3,13.45,162276
2021-01-29,13.4,13.4,13.5,13.3,13.45,162276
2021-02-01,13.4,13.4,13.5,13.3,13.45,162276
2021-02-02,13.4,13.4,13.5,13.3,13.45,162276
2021-02-03,13.4,13.4,13.5,13.3,13.45,162276
2021-02-04,13.4,13.4,13.5,13.3,13.45,162276
2021-02-05,13.4,13.4,13.5,13.3,13.45,162276
2021-02-17,13.4,13.4,13.5,13.3,13.45,162276
2021-02-18,13.4,13.4,13.5,13.3,13.45,162276
2021-02-19,13.4,13.4,13.5,13.3,13.45,162276
2021-02-22,13.4,13.4,13.5,13.3,13.45,162276
2021-02-23,13.4,13.4,13.5,13.3,13.45,162276
2021-02-24,13.4,13.4,13.5,13.3,13.45,162276
2021-02-25,13.4,13.4,13.5,13.3,13.45,162276
2021-02-26,13.4,13.4,13.5,13.3,13.45,162276
2021-03-02,13.4,13.4,13.5,13.3,13.45,162276
2021-03-03,13.4,13.4,13.5,13.3,13.45,162276
2021-03-04,13.4,13.4,13.5,13.3,13.45,162276
2021-03-05,13.4,13.4,13.5,13.3,13.45,162276
2021-03-08,13.4,13.4,13.5,13.3,13.45,162276
2021-03-09,13.4,13.4,13.5,13.3,13.45,162276
2021-03-10,13.4,13.4,13.5,13.3,13.45,162276
2021-03-11,13.4,13.4,13.5,13.3,13.45,162276
2021-03-12,13.4,13.4,13.5,13.3,13.45,162276
2021-03-15,13.4,13.4,13.5,13.3,13.45,162276
2021-03-16,13.4,13.4,13.5,13.3,13.45,162276
2021-03-17,13.4,13.4,13.5,13.3,13.45,162276
2021-03-18,13.4,13.4,13.5,13.3,13.45,162276
2021-03-19,13.4,13.4,13.5,13.3,13.45,162276
2021-03-22,13.4,13.4,13.5,13.3,13.45,162276
2021-03-23,13.4,13.4,13.5,13.3,13.45,162276
2021-03-24,13.4,13.4,13.5,13.3,13.45,162276
2021-03-25,13.4,13.4,13.5,13.3,13.45,162276
2021-03-26,13.4,13.4,13.5,13.3,13.45,162276
2021-03-29,13.4,13.4,13.5,13.3,13.45,162276
2021-03-30,13.4,13.4,13.5,13.3,13.45,162276
2021-03-31,13.4,13.4,13.5,13.3,13.45,162276
2021-04-01,13.4,13.4,13.5,13.3,13.45,162276
2021-04-06,13.4,13.4,13.5,13.3,13.45,162276
2021-04-07,13.4,13.4,13.5,13.3,13.45,162276
2021-04-08,13.4,13.4,13.5,13.3,13.45,162276
2021-04-09,13.4,13.4,13.5,13.3,13.45,162276
2021-04-12,13.4,13.4,13.5,13.3,13.45,162276
2021-04-13,13.4,13.4,13.5,13.3,13.45,162276
2021-04-14,13.4,13.4,13.5,13.3,13.45,162276
2021-04-15,13.4,13.4,13.5,13.3,13.45,162276
2021-04-16,13.4,13.4,13.5,13.3,13.45,162276
2021-04-19,13.4,13.4,13.5,13.3,13.45,162276
2021-04-20,13.4,13.4,13.5,13.3,13.45,162276
2021-04-21,13.4,13.4,13.5,13.3,13.45,162276
2021-04-22,13.4,13.4,13.5,13.3,13.45,162276
2021-04-23,13.4,13.4,13.5,13.3,13.45,162276
2021-04-26,13.4,13.4,13.5,13.3,13.45,162276
2021-04-27,13.4,13.4,13.5,13.3,13.45,162276
2021-04-28,13.4,13.4,13.5,13.3,13.45,162276
2021-04-29,13.4,13.4,13.5,13.3,13.45,162276
2021-05-03,13.4,13.4,13.5,13.3,13.45,162276
2021-05-04,13.4,13.4,13.5,13.3,13.45,162276
2021-05-05,13.4,13.4,13.5,13.3,13.45,162276
2021-05-06,13.4,13.4,13.5,13.3,13.45,162276
2021-05-07,13.4,13.4,13.5,13.3,13.45,162276
2021-05-10,13.4,13.4,13.5,13.3,13.45,162276
2021-05-11,13.4,13.4,13.5,13.3,13.45,162276
2021-05-12,13.4,13.4,13.5,13.3,13.45,162276
2021-05-13,13.4,13.4,13.5,13.3,13.45,162276
2021-05-14,13.4,13.4,13.5,13.3,13.45,162276
2021-05-17,13.4,13.4,13.5,13.3,13.45,162276
2021-05-18,13.4,13.4,13.5,13.3,13.45,162276
2021-05-19,13.4,13.4,13.5,13.3,13.45,162276
2021-05-20,13.4,13.4,13.5,13.3,13.45,162276
2021-05-21,13.4,13.4,13.5,13.3,13.45,162276
2021-05-24,13.4,13.4,13.5,13.3,13.45,162276
2021-05-25,13.4,13.4,13.5,13.3,13.45,162276
2021-05-26,13.4,13.4,13.5,13.3,13.45,162276
2021-05-27,13.4,13.4,13.5,13.3,13.45,162276
2021-05-28,13.4,13.4,13.5,13.3,13.45,162276
2021-05-31,13.4,13.4,13.5,13.3,13.45,162276
2021-06-01,13.4,13.4,13.5,13.3,13.45,162276
2021-06-02,13.4,13.4,13.5,13.3,13.45,162276
2021-06-03,13.4,13.4,13.5,13.3,13.45,162276
2021-06-04,13.4,13.4,13.5,13.3,13.45,162276
2021-06-07,13.4,13.4,13.5,13.3,13.45,162276
2021-06-08,13.4,13.4,13.5,13.3,13.45,162276
2021-06-09,13.4,13.4,13.5,13.3,13.45,162276
2021-06-10,13.4,13.4,13.5,13.3,13.45,162276
2021-06-11,13.4,13.4,13.5,13.3,13.45,162276
2021-06-15,13.4,13.4,13.5,13.3,13.45,162276
2021-06-16,13.4,13.4,13.5,13.3,13.45,162276
2021-06-17,13.4,13.4,13.5,13.3,13.45,162276
2021-06-18,13.4,13.4,13.5,13.3,13.45,162276
2021-06-21,13.4,13.4,13.5,13.3,13.45,162276
2021-06-22,13.4,13.4,13.5,13.3,13.45,162276
2021-06-23,13.4,13.4,13.5,13.3,13.45,162276
2021-06-24,13.4,13.4,13.5,13.3,13.45,162276
2021-06-25,13.4,13.4,13.5,13.3,13.45,162276
2021-06-28,13.4,13.4,13.5,13.3,13.45,162276
2021-06-29,13.4,13.4,13.5,13.3,13.45,162276
2021-06-30,13.4,13.4,13.5,13.3,13.45,162276
2021-07-01,13.4,13.4,13.5,13.3,13.45,162276
2021-07-02,13.4,13.4,13.5,13.3,13.45,162276
2021-07-05,13.4,13.4,13.5,13.3,13.45,162276
2021-07-06,13.4,13.4,13.5,13.3,13.45,162276
2021-07-07,13.4,13.4,13.5,13.3,13.45,162276
2021-07-08,13.4,13.4,13.5,13.3,13.45,162276
2021-07-09,13.4,13.4,13.5,13.3,13.45,162276
2021-07-12,13.4,13.4,13.5,13.3,13.45,162276
2021-07-13,13.4,13.4,13.5,13.3,13.45,162276
2021-07-14,13.4,13.4,13.5,13.3,13.45,162276
2021-07-15,13.4,13.4,13.5,13.3,13.45,162276
2021-07-16,13.4,13.4,13.5,13.3,13.45,162276
2021-07-19,13.4,13.4,13.5,13.3,13.45,162276
2021-07-20,13.4,13.4,13.5,13.3,13.45,162276
2021-07-21,13.4,13.4,13.5,13.3,13.45,162276
2021-07-22,13.4,13.4,13.5,13.3,13.45,162276
2021-07-23,13.4,13.4,13.5,13.3,13.45,162276
2021-07-26,13.4,13.4,13.5,13.3,13.45,162276
2021-07-27,13.4,13.4,13.5,13.3,13.45,162276
2021-07-28,13.4,13.4,13.5,13.3,13.45,162276
2021-07-29,13.4,13.4,13.5,13.3,13.45,162276
2021-07-30,13.4,13.4,13.5,13.3,13.45,162276
2021-08-02,13.4,13.4,13.5,13.3,13.45,162276
2021-08-03,13.4,13.4,13.5,13.3,13.45,162276
2021-08-04,13.4,13.4,13.5,13.3,13.45,162276
2021-08-05,13.4,13.4,13.5,13.3,13.45,162276
2021-08-06,13.4,13.4,13.5,13.3,13.45,162276
2021-08-09,10.1,10.1,10.3,10.1,10.3,49000
2021-08-10,9.95,9.95,10.1,9.95,10.1,63000
2021-08-11,10.0,10.0,10.6,10.0,10.6,452000
2021-08-12,10.1,10.1,10.35,10.0,10.15,208000
2021-08-13,9.98,9.98,10.15,9.98,10.15,57000
2021-08-16,9.9,9.9,10.05,9.74,10.05,108000
2021-08-17,9.89,9.89,9.9,9.8,9.9,42000
2021-08-18,9.85,9.85,9.89,9.4,9.6,49000
2021-08-19,9.55,9.55,9.93,9.41,9.89,48000
2021-08-20,9.61,9.61,9.7,9.35,9.35,257000
2021-08-23,9.92,9.92,10.1,9.6,9.61,182000
2021-08-24,9.78,9.78,10.1,9.76,10.1,35000
2021-08-25,9.79,9.79,9.9,9.78,9.78,62000
2021-08-26,9.8,9.8,9.8,9.61,9.7,31000
2021-08-27,9.72,9.72,9.76,9.68,9.69,36000
2021-08-30,9.73,9.73,9.85,9.66,9.66,29000
2021-08-31,9.97,9.97,10.05,9.7,9.78,45000
2021-09-01,9.94,9.94,10.0,9.8,10.0,55000
2021-09-02,9.98,9.98,9.98,9.9,9.9,28000
2021-09-03,9.98,9.98,10.0,9.85,9.96,72000
2021-09-06,9.93,9.93,9.99,9.83,9.99,34000
2021-09-07,9.87,9.87,9.99,9.8,9.85,43000
2021-09-08,9.74,9.74,9.82,9.58,9.82,38000
2021-09-09,9.64,9.64,9.85,9.54,9.85,38000
2021-09-10,9.6,9.6,9.66,9.52,9.64,125000
2021-09-13,10.55,10.55,10.55,10.1,10.1,471000
2021-09-14,10.55,10.55,11.2,10.3,11.0,1921000
2021-09-15,10.6,10.6,10.9,10.25,10.5,457000
2021-09-16,10.5,10.5,10.85,10.45,10.6,483000
2021-09-17,10.5,10.5,10.75,10.45,10.5,179000
2021-09-22,10.5,10.5,10.5,10.25,10.35,112000
2021-09-23,10.45,10.45,10.7,10.4,10.5,101000
2021-09-24,10.6,10.6,10.65,10.4,10.5,83000
2021-09-27,10.9,10.9,11.1,10.65,10.65,390000
2021-09-28,10.75,10.75,10.95,10.75,10.9,130000
2021-09-29,11.0,11.0,11.0,10.4,10.65,633000
2021-09-30,10.95,10.95,11.2,10.75,11.0,492000
2021-10-01,10.75,10.75,10.95,10.65,10.8,223000
2021-10-04,10.35,10.35,10.9,10.35,10.9,248000
2021-10-05,10.5,10.5,10.5,10.25,10.35,88000
2021-10-06,10.4,10.4,10.6,10.3,10.3,88000
2021-10-07,10.75,10.75,10.75,10.5,10.5,136000
2021-10-08,10.7,10.7,11.0,10.65,11.0,189000
2021-10-12,10.8,10.8,10.9,10.65,10.9,147000
2021-10-13,10.7,10.7,10.9,10.5,10.9,131000
2021-10-14,10.7,10.7,10.75,10.5,10.7,236000
2021-10-15,10.8,10.8,10.8,10.65,10.75,133000
2021-10-18,10.7,10.7,10.8,10.6,10.8,37000
2021-10-19,10.75,10.75,10.75,10.7,10.7,80000
2021-10-20,10.6,10.6,10.8,10.6,10.7,95000
2021-10-21,10.55,10.55,10.75,10.45,10.75,207000
2021-10-22,10.5,10.5,10.6,10.35,10.6,152000
2021-10-25,10.45,10.45,10.5,10.35,10.5,149000
2021-10-26,10.45,10.45,10.6,10.4,10.55,85000
2021-10-27,10.6,10.6,10.75,10.4,10.5,179000
2021-10-28,11.1,11.1,11.25,10.7,10.7,628000
2021-10-29,11.35,11.35,11.75,11.2,11.25,1048000
2021-11-01,12.05,12.05,12.45,11.6,11.6,2513000
2021-11-02,11.8,11.8,13.15,11.8,12.5,2425000
2021-11-03,12.4,12.4,12.8,12.15,12.8,1026000
2021-11-04,12.5,12.5,12.8,12.0,12.8,908000
2021-11-05,12.1,12.1,12.6,12.1,12.6,756000
2021-11-08,12.0,12.0,12.4,12.0,12.2,405000
2021-11-09,11.85,11.85,12.2,11.75,12.05,269000
2021-11-10,11.8,11.8,12.05,11.8,12.05,150000
2021-11-11,11.25,11.25,11.8,11.2,11.8,542000
2021-11-12,10.75,10.75,11.15,10.5,10.75,1114000
2021-11-15,10.5,10.5,10.85,10.5,10.85,711000
2021-11-16,10.65,10.65,10.85,10.5,10.6,381000
2021-11-17,11.05,11.05,11.35,10.7,10.8,531000
2021-11-18,11.1,11.1,11.35,11.0,11.1,184000
2021-11-19,11.05,11.05,11.15,11.0,11.15,139000
2021-11-22,11.15,11.15,11.3,10.75,10.95,284000
2021-11-23,10.9,10.9,11.2,10.85,11.2,135000
2021-11-24,10.8,10.8,10.95,10.8,10.8,97000
2021-11-25,10.65,10.65,10.85,10.65,10.85,183000
2021-11-26,10.6,10.6,10.75,10.45,10.65,218000
2021-11-29,10.4,10.4,10.5,10.25,10.45,114000
2021-11-30,10.45,10.45,10.75,10.45,10.65,47000
2021-12-01,10.35,10.35,10.55,10.2,10.45,352000
2021-12-02,10.3,10.3,10.45,10.2,10.35,121000
2021-12-03,10.25,10.25,10.35,10.2,10.3,160000
2021-12-06,10.4,10.4,10.4,10.2,10.3,113000
2021-12-07,10.55,10.55,10.55,10.45,10.5,22000
2021-12-08,10.65,10.65,10.75,10.45,10.65,119000
2021-12-09,10.55,10.55,10.65,10.55,10.65,45000
2021-12-10,10.45,10.45,10.65,10.45,10.55,110000
2021-12-13,11.45,11.45,11.45,10.8,10.8,956000
2021-12-14,11.55,11.55,11.7,11.0,11.4,1077000
2021-12-15,11.35,11.35,11.5,11.2,11.5,300000
2021-12-16,11.3,11.3,11.45,11.1,11.4,234000
2021-12-17,11.15,11.15,11.3,11.05,11.25,185000
2021-12-20,10.95,10.95,11.15,10.95,11.15,140000
2021-12-21,11.0,11.0,11.0,10.85,10.95,66000
2021-12-22,11.05,11.05,11.2,11.0,11.0,86000
2021-12-23,11.25,11.25,11.3,11.05,11.1,287000
2021-12-24,11.45,11.45,11.75,11.4,11.75,592000
2021-12-27,11.4,11.4,11.6,11.3,11.55,299000
2021-12-28,11.5,11.5,11.5,11.35,11.5,131000
2021-12-29,11.5,11.5,11.5,11.4,11.45,96000
2021-12-30,11.45,11.45,11.5,11.35,11.4,147000
2022-01-03,11.35,11.35,11.45,11.3,11.45,144000
2022-01-04,11.4,11.4,11.45,11.3,11.35,134000
2022-01-05,11.2,11.2,11.45,11.05,11.45,213000
2022-01-06,11.0,11.0,11.2,10.95,11.2,122000
2022-01-07,10.85,10.85,11.05,10.5,11.0,134000
2022-01-10,10.85,10.85,10.9,10.75,10.85,108000
2022-01-11,10.85,10.85,11.2,10.85,11.0,54000
2022-01-12,10.65,10.65,10.8,10.55,10.8,106000
2022-01-13,10.75,10.75,11.0,10.75,11.0,4000
2022-01-14,10.55,10.55,10.65,10.5,10.65,68000
2022-01-17,10.65,10.65,10.8,10.55,10.8,105000
2022-01-18,10.6,10.6,10.7,10.35,10.65,149000
2022-01-19,10.6,10.6,10.6,10.45,10.55,30000
2022-01-20,10.7,10.7,10.7,10.55,10.7,58000
2022-01-21,10.4,10.4,10.65,10.25,10.6,124000
2022-01-24,10.35,10.35,10.4,10.3,10.4,46000
2022-01-25,10.2,10.2,10.45,10.1,10.3,176000
2022-01-26,10.3,10.3,10.35,10.2,10.35,42000
2022-02-07,10.45,10.45,10.65,10.35,10.65,178000
2022-02-08,10.45,10.45,10.5,10.45,10.5,51000
2022-02-09,10.7,10.7,10.7,10.45,10.45,71000
2022-02-10,10.7,10.7,10.9,10.6,10.7,44000
2022-02-11,10.65,10.65,10.7,10.45,10.7,83000
2022-02-14,10.55,10.55,10.7,10.35,10.5,68000
2022-02-15,10.55,10.55,10.65,10.45,10.55,25000
2022-02-16,10.4,10.4,10.75,10.4,10.75,49000
2022-02-17,10.5,10.5,10.5,10.4,10.45,37000
2022-02-18,10.5,10.5,10.55,10.4,10.5,34000
2022-02-21,10.45,10.45,10.55,10.4,10.45,57000
2022-02-22,10.4,10.4,10.4,10.3,10.35,78000
2022-02-23,10.45,10.45,10.45,10.35,10.4,42000
2022-02-24,10.15,10.15,10.4,10.15,10.35,141000
2022-02-25,10.4,10.4,10.45,10.15,10.15,53000
2022-03-01,10.3,10.3,10.5,10.3,10.4,79000
2022-03-02,10.25,10.25,10.45,10.2,10.45,34000
2022-03-03,10.35,10.35,10.65,10.1,10.65,171000
2022-03-04,10.3,10.3,10.3,10.15,10.2,105000
2022-03-07,10.1,10.1,10.2,10.0,10.15,105000
2022-03-08,10.1,10.1,10.55,10.05,10.25,64000
2022-03-09,10.2,10.2,10.35,10.15,10.35,15000
2022-03-10,10.2,10.2,10.35,9.99,10.2,473000
2022-03-11,10.1,10.1,10.15,10.0,10.1,44000
2022-03-14,10.1,10.1,10.2,10.05,10.1,41000
2022-03-15,10.0,10.0,10.1,10.0,10.05,79000
2022-03-16,10.0,10.0,10.2,10.0,10.2,153000
2022-03-17,10.1,10.1,10.35,10.0,10.0,138000
2022-03-18,10.1,10.1,10.15,9.99,10.15,77000
2022-03-21,10.05,10.05,10.15,9.96,10.15,124000
2022-03-22,10.1,10.1,10.1,9.97,10.05,68000
2022-03-23,10.3,10.3,10.3,10.1,10.1,1195000
2022-03-24,10.2,10.2,10.3,10.15,10.25,55000
2022-03-25,10.15,10.15,10.2,10.05,10.2,33000
2022-03-28,10.05,10.05,10.1,10.0,10.1,21000
2022-03-29,10.05,10.05,10.25,10.05,10.1,36000
2022-03-30,10.05,10.05,10.15,9.99,10.1,226000
2022-03-31,10.0,10.0,10.3,10.0,10.15,62000
2022-04-01,10.1,10.1,10.1,10.0,10.1,103000
2022-04-06,10.1,10.1,10.1,10.0,10.0,57000
2022-04-07,9.98,9.98,10.05,9.98,10.0,130000
2022-04-08,9.99,9.99,10.0,9.87,10.0,83000
2022-04-11,9.79,9.79,9.9,9.7,9.9,210000
2022-04-12,9.89,9.89,9.98,9.64,9.65,540000
2022-04-13,9.96,9.96,9.97,9.84,9.87,62000
2022-04-14,9.82,9.82,9.95,9.79,9.95,53000
2022-04-15,9.88,9.88,9.96,9.8,9.96,72000
2022-04-18,9.98,9.98,9.98,9.83,9.98,29000
2022-04-19,10.0,10.0,10.05,9.91,10.0,20000
2022-04-20,9.99,9.99,10.0,9.88,9.95,55000
2022-04-21,9.98,9.98,10.0,9.88,10.0,32000
2022-04-22,9.82,9.82,9.96,9.8,9.81,34000
2022-04-25,9.69,9.69,9.81,9.52,9.52,72000
2022-04-26,9.75,9.75,10.0,9.57,10.0,42000
2022-04-27,9.64,9.64,9.66,9.35,9.6,119000
2022-04-28,9.79,9.79,9.92,9.64,9.64,18000
2022-04-29,9.77,9.77,9.88,9.6,9.87,50000
2022-05-03,9.67,9.67,9.8,9.55,9.55,24000
2022-05-04,9.69,9.69,9.69,9.5,9.53,26000
2022-05-05,9.7,9.7,9.84,9.65,9.7,11000
2022-05-06,9.69,9.69,9.69,9.55,9.55,4000
2022-05-09,9.48,9.48,9.6,9.4,9.51,27000
2022-05-10,9.54,9.54,9.54,9.21,9.21,30000
2022-05-11,9.23,9.23,9.7,9.1,9.7,88000
2022-05-12,9.1,9.1,9.22,9.1,9.22,49000
2022-05-13,9.11,9.11,9.12,9.07,9.1,14000
2022-05-16,9.04,9.04,9.12,8.99,9.11,147000
2022-05-17,9.1,9.1,9.1,9.04,9.06,77000
2022-05-18,9.3,9.3,9.39,9.1,9.1,44000
2022-05-19,9.19,9.19,9.35,9.09,9.35,44000
2022-05-20,9.21,9.21,9.27,9.1,9.27,9000
2022-05-23,9.16,9.16,9.16,9.08,9.14,55000
2022-05-24,9.2,9.2,9.33,9.16,9.23,42000
2022-05-25,9.26,9.26,9.27,9.2,9.2,22000
2022-05-26,9.22,9.22,9.24,9.13,9.18,39000
2022-05-27,9.22,9.22,9.25,9.2,9.2,46000
2022-05-30,9.42,9.42,9.5,9.25,9.25,28000
2022-05-31,9.28,9.28,9.35,9.28,9.35,44000
2022-06-01,9.4,9.4,9.45,9.29,9.29,72000
2022-06-02,9.44,9.44,9.5,9.28,9.41,38000
2022-06-06,9.44,9.44,9.44,9.43,9.44,14000
2022-06-07,9.52,9.52,9.58,9.44,9.44,21000
2022-06-08,10.45,10.45,10.45,9.9,10.0,455000
2022-06-09,10.8,10.8,10.95,9.9,10.15,672000
2022-06-10,10.55,10.55,10.75,10.45,10.45,280000
2022-06-13,10.35,10.35,10.45,10.2,10.2,39000
2022-06-14,10.25,10.25,10.4,10.25,10.4,124000
2022-06-15,10.2,10.2,10.3,10.2,10.3,63000
2022-06-16,10.2,10.2,10.45,10.1,10.2,50000
2022-06-17,10.1,10.1,10.25,10.0,10.15,37000
2022-06-20,9.95,9.95,10.15,9.9,10.1,90000
2022-06-21,9.89,9.89,10.1,9.8,10.0,62000
2022-06-22,9.71,9.71,9.94,9.71,9.91,61000
2022-06-23,9.84,9.84,9.99,9.71,9.71,28000
2022-06-24,9.89,9.89,9.92,9.8,9.84,8000
2022-06-27,10.15,10.15,10.35,9.81,9.82,98000
2022-06-28,10.15,10.15,10.2,9.92,10.15,82000
2022-06-29,9.98,9.98,10.1,9.98,10.1,57000
2022-06-30,9.95,9.95,9.99,9.91,9.92,14000
2022-07-01,9.28,9.28,9.91,9.28,9.9,39000
2022-07-04,9.87,9.87,9.87,9.75,9.82,26000
2022-07-05,9.93,9.93,9.98,9.75,9.86,41000
2022-07-06,9.83,9.83,9.93,9.83,9.91,49000
2022-07-07,9.89,9.89,9.98,9.7,9.8,47000
2022-07-08,9.85,9.85,10.2,9.85,10.2,57000
2022-07-11,9.87,9.87,10.0,9.85,9.85,19000
2022-07-12,9.94,9.94,9.95,9.76,9.81,42000
2022-07-13,10.0,10.0,10.0,9.82,9.82,85000
2022-07-14,9.95,9.95,9.96,9.91,9.96,14000
2022-07-15,9.97,9.97,10.2,9.86,9.95,187000
2022-07-18,10.2,10.2,10.4,9.9,9.9,367000
2022-07-19,10.2,10.2,10.5,10.15,10.2,275000
2022-07-20,10.25,10.25,10.65,10.25,10.65,108000
2022-07-21,10.35,10.35,10.35,10.15,10.15,28000
2022-07-22,10.15,10.15,10.4,10.15,10.35,51000
2022-07-25,10.15,10.15,10.3,10.15,10.15,41000
2022-07-26,10.0,10.0,10.2,10.0,10.15,43000
2022-07-27,9.96,9.96,10.2,9.96,10.0,32000
2022-07-28,9.97,9.97,10.1,9.96,10.0,49000
2022-07-29,9.98,9.98,10.2,9.98,10.0,69000
2022-08-01,10.0,10.0,10.2,9.99,10.0,114000
2022-08-02,10.2,10.2,10.25,9.98,9.98,42000
2022-08-03,10.0,10.0,10.2,10.0,10.0,48000
2022-08-04,10.2,10.2,10.25,10.0,10.0,56000
2022-08-05,10.4,10.4,10.4,10.1,10.15,77000
2022-08-08,11.2,11.2,11.3,10.4,10.4,791000
2022-08-09,10.85,10.85,11.2,10.8,11.2,192000
2022-08-10,10.9,10.9,10.95,10.7,10.75,135000
2022-08-11,10.7,10.7,11.0,10.7,11.0,147000
2022-08-12,10.65,10.65,10.7,10.45,10.65,116000
2022-08-15,10.55,10.55,10.7,10.45,10.7,78000
2022-08-16,10.75,10.75,10.95,10.55,10.9,155000
2022-08-17,10.6,10.6,10.8,10.6,10.6,57000
2022-08-18,10.95,10.95,11.05,10.7,10.7,145000
2022-08-19,10.85,10.85,11.0,10.8,10.95,79000
2022-08-22,10.8,10.8,10.95,10.8,10.85,29000
2022-08-23,10.8,10.8,11.0,10.8,10.8,91000
2022-08-24,10.8,10.8,10.85,10.65,10.85,30000
2022-08-25,10.85,10.85,10.9,10.6,10.75,90000
2022-08-26,10.75,10.75,10.85,10.75,10.85,42000
2022-08-29,10.45,10.45,10.65,10.35,10.35,45000
2022-08-30,10.6,10.6,10.65,10.5,10.55,24000
2022-08-31,10.65,10.65,10.95,10.65,10.95,32000
2022-09-01,10.6,10.6,10.7,10.6,10.6,53000
2022-09-02,10.5,10.5,10.8,10.5,10.8,25000
2022-09-05,10.35,10.35,10.6,10.35,10.6,35000
2022-09-06,10.3,10.3,10.45,10.25,10.35,67000
2022-09-07,10.45,10.45,10.45,10.15,10.3,71000
2022-09-08,10.45,10.45,10.6,10.3,10.45,45000
2022-09-12,10.45,10.45,10.55,10.3,10.45,87000
2022-09-13,10.45,10.45,10.6,10.45,10.45,25000
2022-09-14,10.5,10.5,10.5,10.2,10.2,22000
2022-09-15,10.45,10.45,10.95,10.4,10.4,39000
2022-09-16,10.5,10.5,10.5,10.25,10.4,53000
2022-09-19,10.4,10.4,10.65,10.4,10.6,29000
2022-09-20,10.45,10.45,10.45,10.4,10.4,27000
2022-09-21,10.35,10.35,10.45,10.3,10.45,46000
2022-09-22,10.35,10.35,10.6,10.35,10.5,15000
2022-09-23,10.4,10.4,10.5,10.1,10.35,95000
2022-09-26,10.15,10.15,10.4,9.96,10.4,59000
2022-09-27,9.84,9.84,10.1,9.75,10.0,70000
2022-09-28,9.69,9.69,9.9,9.62,9.85,68000
2022-09-29,10.0,10.0,10.0,9.7,9.99,63000
2022-09-30,9.9,9.9,9.9,9.7,9.77,15000
2022-10-03,9.88,9.88,9.9,9.83,9.9,9000
2022-10-04,10.05,10.05,10.05,10.05,10.05,2000
2022-10-05,10.2,10.2,10.3,9.98,10.05,11000
2022-10-06,9.94,9.94,10.2,9.94,10.2,35000
2022-10-07,10.0,10.0,10.0,9.91,9.94,19000
2022-10-11,9.61,9.61,9.94,9.6,9.92,83000
2022-10-12,9.79,9.79,9.81,9.46,9.46,24000
2022-10-13,9.41,9.41,9.7,9.4,9.5,30000
2022-10-14,9.76,9.76,9.78,9.73,9.73,3000
2022-10-17,9.8,9.8,9.8,9.42,9.42,17000
2022-10-18,9.85,9.85,9.88,9.85,9.88,21000
2022-10-19,9.79,9.79,9.85,9.62,9.85,9000
2022-10-20,9.78,9.78,9.78,9.78,9.78,1000
2022-10-21,9.76,9.76,9.77,9.5,9.5,10000
2022-10-24,9.88,9.88,9.88,9.87,9.87,3000
2022-10-25,9.63,9.63,9.7,9.52,9.7,9000
2022-10-26,9.8,9.8,9.8,9.8,9.8,1000
2022-10-27,9.78,9.78,9.8,9.44,9.78,44000
2022-10-28,9.22,9.22,9.5,9.21,9.46,40000
2022-10-31,9.34,9.34,9.55,9.3,9.55,8000
2022-11-01,9.32,9.32,9.68,9.31,9.68,12000
2022-11-02,9.37,9.37,9.39,9.25,9.26,38000
2022-11-03,9.45,9.45,9.45,9.28,9.45,13000
2022-11-04,9.49,9.49,9.5,9.35,9.5,6000
2022-11-07,9.57,9.57,9.57,9.49,9.49,3000
2022-11-08,9.42,9.42,9.57,9.31,9.57,57000
2022-11-09,9.4,9.4,9.48,9.32,9.37,36000
2022-11-10,9.3,9.3,9.43,9.3,9.31,33000
2022-11-11,9.55,9.55,9.6,9.36,9.6,120000
2022-11-14,9.45,9.45,9.7,9.43,9.7,12000
2022-11-15,9.56,9.56,9.56,9.43,9.46,18000
2022-11-16,9.56,9.56,9.56,9.54,9.54,4000
2022-11-17,9.55,9.55,9.56,9.38,9.56,34000
2022-11-18,9.41,9.41,9.51,9.4,9.5,43000
2022-11-21,9.38,9.38,9.41,9.35,9.35,35000
2022-11-22,9.32,9.32,9.47,9.32,9.32,16000
2022-11-23,9.35,9.35,9.4,9.32,9.32,24000
2022-11-24,9.36,9.36,9.36,9.35,9.35,13000
2022-11-25,9.44,9.44,9.44,9.33,9.39,34000
2022-11-28,9.48,9.48,9.48,9.26,9.35,33000
2022-11-29,9.51,9.51,9.51,9.48,9.48,19000
2022-11-30,9.8,9.8,9.99,9.5,9.51,49000
2022-12-01,9.77,9.77,9.95,9.56,9.95,80000
2022-12-02,9.77,9.77,9.77,9.77,9.77,1000
2022-12-05,9.82,9.82,9.83,9.7,9.8,27000
2022-12-06,9.54,9.54,9.82,9.53,9.82,15000
2022-12-07,9.68,9.68,9.68,9.52,9.52,3000
2022-12-08,9.71,9.71,9.71,9.36,9.41,13000
2022-12-09,9.64,9.64,9.64,9.58,9.6,14000
2022-12-12,9.41,9.41,9.64,9.31,9.64,23000
2022-12-13,9.52,9.52,9.52,9.38,9.39,31000
2022-12-14,9.6,9.6,9.6,9.43,9.43,17000
2022-12-15,9.74,9.74,9.85,9.6,9.6,57000
2022-12-16,9.71,9.71,9.86,9.7,9.74,63000
2022-12-19,9.6,9.6,9.76,9.52,9.52,26000
2022-12-20,9.56,9.56,9.77,9.56,9.6,28000
2022-12-21,9.7,9.7,9.74,9.69,9.74,22000
2022-12-22,9.73,9.73,9.75,9.63,9.7,10000
2022-12-23,9.78,9.78,9.81,9.75,9.81,6000
2022-12-26,9.82,9.82,9.82,9.7,9.7,5000
2022-12-27,10.0,10.0,10.0,9.82,9.82,37000
2022-12-28,10.05,10.05,10.05,10.05,10.05,2000
2022-12-29,9.96,9.96,9.96,9.68,9.68,5000
2022-12-30,9.99,9.99,9.99,9.95,9.95,17000
2023-01-03,9.73,9.73,10.0,9.71,10.0,7000
2023-01-04,9.99,9.99,9.99,9.73,9.73,6000
2023-01-05,9.96,9.96,10.0,9.9,10.0,10000
2023-01-06,9.85,9.85,9.85,9.81,9.81,21000
2023-01-09,9.98,9.98,9.99,9.8,9.8,55000
2023-01-10,9.95,9.95,9.95,9.82,9.82,6000
2023-01-11,9.94,9.94,10.0,9.8,9.9,16000
2023-01-12,9.81,9.81,9.95,9.75,9.75,24000
2023-01-13,9.8,9.8,9.98,9.78,9.98,59000
2023-01-16,9.81,9.81,9.85,9.72,9.81,13000
2023-01-17,9.66,9.66,9.83,9.02,9.02,33000
2023-01-30,9.99,9.99,10.0,9.6,9.99,126000
2023-01-31,9.87,9.87,9.88,9.66,9.7,51000
2023-02-01,10.0,10.0,10.0,9.66,9.87,20000
2023-02-02,10.1,10.1,10.3,9.8,9.98,79000
2023-02-03,10.15,10.15,10.45,9.88,10.45,134000
2023-02-06,9.99,9.99,10.0,9.9,10.0,33000
2023-02-07,10.1,10.1,10.2,9.77,10.2,86000
2023-02-08,10.0,10.0,10.1,9.92,10.1,10000
2023-02-09,10.0,10.0,10.1,9.93,10.1,88000
2023-02-10,9.99,9.99,9.99,9.82,9.95,87000
2023-02-13,10.15,10.15,10.25,9.85,9.88,83000
2023-02-14,10.1,10.1,10.25,10.0,10.25,34000
2023-02-15,10.15,10.15,10.35,9.98,10.15,43000
2023-02-16,10.2,10.2,10.3,10.05,10.15,49000
2023-02-17,10.25,10.25,10.5,10.15,10.15,104000
2023-02-20,10.55,10.55,10.6,10.35,10.35,166000
2023-02-21,10.45,10.45,10.7,10.3,10.5,90000
2023-02-22,10.45,10.45,10.65,10.2,10.4,66000
2023-02-23,10.45,10.45,10.45,10.3,10.45,25000
2023-02-24,10.55,10.55,10.65,10.3,10.4,98000
2023-03-01,10.45,10.45,10.8,10.4,10.55,43000
2023-03-02,10.5,10.5,10.75,10.4,10.55,51000
2023-03-03,10.75,10.75,10.75,10.55,10.6,74000
2023-03-06,10.75,10.75,10.8,10.6,10.8,79000
2023-03-07,10.75,10.75,10.8,10.65,10.75,88000
2023-03-08,10.85,10.85,10.9,10.5,10.7,105000
2023-03-09,10.75,10.75,11.0,10.7,10.85,36000
2023-03-10,10.75,10.75,10.9,10.65,10.8,137000
2023-03-13,10.75,10.75,10.75,10.65,10.7,104000
2023-03-14,10.7,10.7,10.75,10.55,10.7,65000
2023-03-15,11.0,11.0,11.1,10.7,10.7,376000
2023-03-16,11.05,11.05,11.4,11.0,11.1,418000
2023-03-17,11.55,11.55,11.65,11.05,11.05,527000
2023-03-20,12.6,12.6,12.7,11.45,11.5,1070000
2023-03-21,12.2,12.2,12.8,11.9,12.6,564000
2023-03-22,12.35,12.35,12.6,12.15,12.2,292000
2023-03-23,12.35,12.35,12.5,11.85,12.2,242000
2023-03-24,12.4,12.4,12.65,12.2,12.3,89000
2023-03-27,12.3,12.3,12.5,12.2,12.5,170000
2023-03-28,12.0,12.0,12.3,12.0,12.3,116000
2023-03-29,12.35,12.35,12.45,12.05,12.05,133000
2023-03-30,12.3,12.3,12.5,12.15,12.35,77000
2023-03-31,12.2,12.2,12.3,12.0,12.25,167000
2023-04-06,12.3,12.3,12.35,12.2,12.2,83000
2023-04-07,12.25,12.25,12.35,12.2,12.3,68000
2023-04-10,12.35,12.35,12.5,12.1,12.5,156000
2023-04-11,12.4,12.4,12.45,12.3,12.35,141000
2023-04-12,12.55,12.55,12.75,12.45,12.45,647000
2023-04-13,12.5,12.5,12.6,12.4,12.6,173000
2023-04-14,12.45,12.45,12.5,12.35,12.5,141000
2023-04-17,12.8,12.8,13.05,12.4,12.45,563000
2023-04-18,14.05,14.05,14.05,12.95,12.95,2515000
2023-04-19,14.55,14.55,14.9,13.95,14.05,2426000
2023-04-20,14.2,14.2,14.45,13.8,14.45,1150000
2023-04-21,13.8,13.8,14.3,13.3,13.95,957000
2023-04-24,13.85,13.85,14.0,13.45,13.45,250000
2023-04-25,13.25,13.25,13.95,12.9,13.75,479000
2023-04-26,13.05,13.05,13.35,12.9,13.25,180000
2023-04-27,13.65,13.65,14.1,13.05,13.1,333000
2023-04-28,13.65,13.65,14.0,13.3,13.75,159000
2023-05-02,13.6,13.6,13.8,13.35,13.75,147000
2023-05-03,13.3,13.3,13.5,13.3,13.4,107000
2023-05-04,13.6,13.6,13.6,13.25,13.3,137000
2023-05-05,13.45,13.45,13.85,13.35,13.85,119000
2023-05-08,13.25,13.25,13.65,13.25,13.35,226000
2023-05-09,12.85,12.85,13.2,12.7,13.2,283000
2023-05-10,12.6,12.6,12.85,12.45,12.8,278000
2023-05-11,13.85,13.85,13.85,13.05,13.05,1520000
2023-05-12,13.65,13.65,13.75,13.15,13.75,582000
2023-05-15,13.2,13.2,13.65,13.2,13.6,282000
2023-05-16,13.1,13.1,13.3,13.05,13.3,154000
2023-05-17,13.35,13.35,13.35,13.1,13.1,140000
2023-05-18,13.95,13.95,14.1,13.3,13.5,577000
2023-05-19,14.2,14.2,14.45,13.75,14.0,684000
2023-05-22,15.5,15.5,15.6,14.2,14.5,3254000
2023-05-23,14.75,14.75,15.5,14.6,15.45,2288000
2023-05-24,14.35,14.35,14.8,14.25,14.55,1047000
2023-05-25,14.45,14.45,14.7,14.3,14.3,445000
2023-05-26,15.85,15.85,15.85,14.65,14.65,6306000
2023-05-29,17.4,17.4,17.4,15.65,16.2,4807000
2023-05-30,16.25,16.25,18.25,16.2,17.4,9098000
2023-05-31,16.45,16.45,16.75,15.9,16.1,1872000
2023-06-01,18.05,18.05,18.05,16.65,16.65,3804000
2023-06-02,18.25,18.25,19.25,17.45,18.6,6528000
2023-06-05,17.5,17.5,18.6,17.45,18.25,2621000
2023-06-06,17.1,17.1,17.75,16.95,17.55,1634000
2023-06-07,17.15,17.15,17.5,17.05,17.25,1006000
2023-06-08,16.75,16.75,17.7,16.7,17.2,1505000
2023-06-09,16.7,16.7,16.95,16.4,16.9,1177000
2023-06-12,16.1,16.1,16.85,16.1,16.8,1158000
2023-06-13,15.85,15.85,16.4,14.7,14.7,1849000
2023-06-14,15.65,15.65,16.2,15.5,15.85,591000
2023-06-15,15.95,15.95,16.1,15.6,15.7,516000
2023-06-16,16.8,16.8,17.5,15.7,15.95,1753000
2023-06-19,16.65,16.65,16.95,16.4,16.5,645000
2023-06-20,16.2,16.2,16.7,16.0,16.7,751000
2023-06-21,15.8,15.8,16.45,15.8,16.1,885000
2023-06-26,15.5,15.5,15.7,15.0,15.55,675000
2023-06-27,15.05,15.05,15.45,15.0,15.4,584000
2023-06-28,15.65,15.65,16.5,15.05,15.05,1420000
2023-06-29,15.35,15.35,15.75,15.2,15.75,398000
2023-06-30,15.7,15.7,15.85,15.15,15.4,279000
2023-07-03,16.05,16.05,16.4,15.8,15.8,660000
2023-07-04,16.35,16.35,16.55,15.7,16.05,763000
2023-07-05,16.1,16.1,16.55,16.0,16.5,351000
2023-07-06,15.85,15.85,16.25,15.8,16.1,375000
2023-07-07,15.85,15.85,16.2,15.55,15.65,242000
2023-07-10,15.4,15.4,15.95,15.35,15.95,294000
2023-07-11,15.4,15.4,15.6,14.85,15.35,471000
2023-07-12,15.1,15.1,15.7,15.0,15.7,424000
2023-07-13,15.7,15.7,16.2,15.1,15.1,1039000
2023-07-14,16.1,16.1,16.4,15.6,15.7,958000
2023-07-17,17.25,17.25,17.45,16.4,16.6,3516000
2023-07-18,16.95,16.95,18.1,16.8,17.3,7046000
2023-07-19,16.15,16.15,17.1,16.05,17.0,1411000
2023-07-20,16.45,16.45,16.6,16.0,16.15,706000
2023-07-21,16.1,16.1,16.4,16.0,16.4,303000
2023-07-24,15.7,15.7,16.15,15.55,16.1,605000
2023-07-25,16.1,16.1,16.15,15.7,15.75,383000
2023-07-26,15.7,15.7,16.3,15.65,16.3,396000
2023-07-27,15.6,15.6,15.95,15.45,15.7,575000
2023-07-28,15.5,15.5,15.8,15.5,15.65,355000
2023-07-31,16.0,16.0,16.25,15.6,15.6,546000
2023-08-01,15.75,15.75,16.2,15.7,15.95,321000
2023-08-02,15.2,15.2,15.7,14.9,15.6,666000
2023-08-04,15.1,15.1,15.45,14.95,15.2,250000
2023-08-07,15.5,15.5,15.5,15.1,15.1,143000
2023-08-08,14.95,14.95,15.4,14.95,15.4,368000
2023-08-09,14.25,14.25,14.95,14.25,14.95,591000
2023-08-10,13.65,13.65,14.1,13.5,14.1,628000
2023-08-11,13.6,13.6,14.15,13.5,13.5,178000
2023-08-14,13.55,13.55,13.7,13.35,13.6,331000
2023-08-15,13.7,13.7,14.2,13.6,13.95,164000
2023-08-16,13.85,13.85,13.9,13.45,13.65,145000
2023-08-17,13.95,13.95,14.05,13.55,13.75,110000
2023-08-18,13.75,13.75,14.35,13.65,13.8,263000
2023-08-21,13.8,13.8,13.9,13.75,13.8,73000
2023-08-22,13.65,13.65,13.95,13.6,13.85,93000
2023-08-23,14.0,14.0,14.2,13.7,13.7,266000
2023-08-24,14.15,14.15,14.6,14.05,14.05,224000
2023-08-25,14.05,14.05,14.2,13.95,13.95,145000
2023-08-28,13.95,13.95,14.45,13.9,14.35,173000
2023-08-29,13.95,13.95,14.2,13.75,13.75,69000
2023-08-30,14.35,14.35,14.55,13.8,13.95,150000
2023-08-31,14.5,14.5,14.65,14.3,14.5,106000
2023-09-01,14.5,14.5,14.85,14.45,14.45,215000
2023-09-04,14.6,14.6,14.6,14.4,14.6,58000
2023-09-05,15.0,15.0,15.0,14.6,14.75,200000
2023-09-06,14.9,14.9,15.1,14.75,15.1,154000
2023-09-07,14.85,14.85,15.0,14.65,14.95,70000
2023-09-08,14.8,14.8,15.0,14.6,15.0,62000
2023-09-11,14.35,14.35,14.75,14.3,14.6,129000
2023-09-12,14.55,14.55,14.6,14.25,14.45,125000
2023-09-13,14.6,14.6,14.75,14.35,14.6,63000
2023-09-14,14.55,14.55,14.65,14.45,14.45,135000
2023-09-15,14.55,14.55,14.7,14.55,14.6,35000
2023-09-18,14.7,14.7,14.9,14.6,14.6,124000
2023-09-19,14.6,14.6,14.75,14.5,14.7,41000
2023-09-20,14.6,14.6,14.6,14.5,14.55,33000
2023-09-21,14.6,14.6,14.6,14.45,14.55,88000
2023-09-22,14.5,14.5,14.7,14.4,14.5,47000
2023-09-25,14.4,14.4,14.5,14.35,14.5,100000
2023-09-26,14.35,14.35,14.45,14.25,14.35,68000
2023-09-27,14.3,14.3,14.35,14.2,14.35,76000
2023-09-28,14.4,14.4,14.9,14.25,14.9,89000
2023-10-02,14.35,14.35,14.5,14.3,14.4,53000
2023-10-03,14.6,14.6,14.7,14.1,14.25,157000
2023-10-04,14.55,14.55,14.6,14.35,14.6,95000
2023-10-05,14.6,14.6,14.8,14.35,14.65,76000
2023-10-06,14.6,14.6,14.75,14.45,14.6,82000
2023-10-11,14.4,14.4,14.9,14.3,14.9,118000
2023-10-12,14.25,14.25,14.35,14.1,14.3,94000
2023-10-13,13.8,13.8,14.2,13.7,14.1,298000
2023-10-16,13.75,13.75,13.8,13.45,13.8,143000
2023-10-17,13.75,13.75,14.0,13.45,14.0,64000
2023-10-18,13.7,13.7,13.75,13.5,13.75,69000
2023-10-19,13.7,13.7,13.85,13.35,13.7,136000
2023-10-20,13.65,13.65,13.7,13.5,13.65,50000
2023-10-23,13.6,13.6,13.65,13.5,13.65,16000
2023-10-24,13.8,13.8,13.85,13.6,13.65,57000
2023-10-25,13.75,13.75,13.95,13.6,13.85,69000
2023-10-26,13.55,13.55,13.65,13.5,13.55,41000
2023-10-27,13.55,13.55,13.6,13.45,13.5,91000
2023-10-30,13.55,13.55,13.8,13.4,13.55,74000
2023-10-31,13.55,13.55,13.55,13.35,13.55,87000
2023-11-01,13.55,13.55,13.55,13.4,13.5,37000
2023-11-02,13.55,13.55,13.55,13.45,13.55,50000
2023-11-03,13.9,13.9,14.15,13.5,13.55,180000
2023-11-06,14.15,14.15,14.35,13.8,13.95,84000
2023-11-07,14.1,14.1,14.25,14.0,14.25,65000
2023-11-08,13.85,13.85,14.1,13.6,13.95,109000
2023-11-09,13.75,13.75,14.0,13.65,14.0,25000
2023-11-10,13.6,13.6,13.9,13.4,13.6,162000
2023-11-13,13.6,13.6,13.6,13.4,13.4,102000
2023-11-14,13.75,13.75,13.8,13.65,13.8,63000
2023-11-15,14.0,14.0,14.3,13.65,13.9,100000
2023-11-16,14.1,14.1,14.35,13.85,14.25,44000
2023-11-17,14.1,14.1,14.2,13.95,14.05,26000
2023-11-20,14.05,14.05,14.3,13.95,14.0,65000
2023-11-21,14.3,14.3,14.5,14.05,14.1,235000
2023-11-22,14.55,14.55,14.85,14.1,14.1,200000
2023-11-23,14.55,14.55,14.7,14.35,14.7,122000
2023-11-24,14.3,14.3,14.75,14.3,14.6,153000
2023-11-27,14.2,14.2,14.3,14.2,14.3,19000
2023-11-28,14.3,14.3,14.6,14.2,14.25,123000
2023-11-29,14.3,14.3,14.45,14.3,14.35,48000
2023-11-30,14.15,14.15,14.35,14.0,14.3,208000
2023-12-01,14.15,14.15,14.45,14.05,14.2,154000
2023-12-04,14.15,14.15,14.45,14.0,14.25,159000
2023-12-05,14.15,14.15,14.2,13.95,14.15,87000
2023-12-06,14.15,14.15,14.4,14.1,14.2,41000
2023-12-07,13.95,13.95,14.15,13.85,14.15,142000
2023-12-08,14.05,14.05,14.25,13.8,13.85,584000
2023-12-11,14.1,14.1,14.55,14.0,14.2,216000
2023-12-12,14.1,14.1,14.15,13.9,14.0,160000
2023-12-13,14.05,14.05,14.15,14.05,14.15,190000
2023-12-14,14.05,14.05,14.25,14.0,14.25,147000
2023-12-15,14.05,14.05,14.3,14.0,14.25,165000
2023-12-18,14.05,14.05,14.3,14.0,14.05,83000
2023-12-19,14.3,14.3,14.45,14.0,14.1,400000
2023-12-20,15.35,15.35,15.45,14.3,14.35,1915000
2023-12-21,15.5,15.5,16.4,15.2,15.4,1624000
2023-12-22,17.05,17.05,17.05,15.75,15.75,5228000
2023-12-25,18.75,18.75,18.75,17.6,17.7,12468000
2023-12-26,20.6,20.6,20.6,18.3,18.75,27183000
2023-12-27,22.65,22.65,22.65,20.7,21.4,25964000
2023-12-28,24.9,24.9,24.9,22.2,22.4,5392000
2023-12-29,24.7,24.7,24.9,24.05,24.9,3464000
2024-01-02,25.15,25.15,26.6,24.0,24.5,4594000
2024-01-03,26.0,26.0,26.75,24.9,25.15,2339000
2024-01-04,25.1,25.1,26.0,24.9,25.5,1051000
2024-01-05,24.95,24.95,25.75,24.3,25.75,1031000
2024-01-08,24.9,24.9,25.3,24.85,25.05,574000
2024-01-09,26.0,26.0,26.0,24.6,24.6,1235000
2024-01-10,28.05,28.05,28.6,26.15,26.15,1643000
2024-01-11,27.85,27.85,28.1,26.7,27.25,1236000
2024-01-12,27.25,27.25,27.85,27.25,27.85,481000
2024-01-15,28.0,28.0,28.15,26.8,26.8,569000
2024-01-16,27.8,27.8,27.8,27.15,27.15,501000
2024-01-17,26.65,26.65,28.0,26.45,28.0,1248000
2024-01-18,27.5,27.5,27.6,26.25,26.7,854000
2024-01-19,30.25,30.25,30.25,25.5,27.7,5487000
2024-01-22,30.5,30.5,33.25,29.55,31.25,20412000
2024-01-23,29.75,29.75,30.8,29.1,29.9,6573000
2024-01-24,30.05,30.05,32.7,29.3,30.05,11925000
2024-01-25,30.05,30.05,31.85,29.9,30.1,7039000
2024-01-26,27.7,27.7,30.45,27.35,30.05,6610000
2024-01-29,27.1,27.1,28.3,25.3,27.8,9438000
2024-01-30,29.8,29.8,29.8,26.8,26.85,7526000
2024-01-31,30.55,30.55,32.75,30.3,31.0,30586000
2024-02-01,28.85,28.85,31.05,28.8,29.65,6405000
2024-02-02,29.7,29.7,30.15,28.4,28.7,6524000
2024-02-05,28.8,28.8,30.7,28.8,29.45,3842000
2024-02-15,29.6,29.6,31.25,27.85,28.65,5913000
2024-02-16,32.45,32.45,32.55,29.45,29.45,10403000
2024-02-19,35.65,35.65,35.65,33.0,33.0,3484000
2024-02-20,39.2,39.2,39.2,36.2,37.5,8744000
2024-02-21,36.25,36.25,40.55,35.7,39.85,17667000
2024-02-22,39.85,39.85,39.85,36.05,36.95,12033000
2024-02-23,39.25,39.25,43.5,38.8,42.15,21185000
2024-02-26,40.1,40.1,42.3,38.45,39.35,8711000
2024-02-27,37.5,37.5,41.3,37.0,40.7,6815000
2024-02-29,38.8,38.8,39.8,36.5,36.5,5156000
2024-03-01,39.4,39.4,39.5,38.2,39.0,3069000
2024-03-04,39.0,39.0,41.5,39.0,40.0,5946000
2024-03-05,38.1,38.1,39.5,38.0,39.25,2161000
2024-03-06,36.85,36.85,39.15,36.35,38.6,3553000
2024-03-07,35.7,35.7,37.55,34.3,37.0,5589000
2024-03-08,33.25,33.25,36.4,32.65,36.35,3366000
2024-03-11,36.55,36.55,36.55,32.7,33.0,7866000
2024-03-12,38.05,38.05,39.3,36.6,38.0,13132000
2024-03-13,36.1,36.1,37.9,35.8,37.8,3109000
2024-03-14,34.2,34.2,35.9,34.2,35.45,1960000
2024-03-15,34.15,34.15,35.0,33.8,33.8,1175000
2024-03-18,33.6,33.6,34.25,33.0,33.65,1817000
2024-03-19,36.4,36.4,36.5,33.4,33.6,3261000
2024-03-20,35.9,35.9,36.7,35.6,36.0,1921000
2024-03-21,35.9,35.9,36.6,35.35,35.9,1222000
2024-03-22,36.8,36.8,38.95,35.85,35.85,5151000
2024-03-25,37.7,37.7,37.9,36.5,36.85,1992000
2024-03-26,36.15,36.15,38.6,36.0,38.05,2564000
2024-03-27,36.2,36.2,36.7,35.7,36.15,1195000
2024-03-28,34.25,34.25,37.3,34.25,37.3,1642000
2024-03-29,34.05,34.05,35.15,33.95,34.5,705000
2024-04-01,33.95,33.95,34.3,33.8,34.1,600000
2024-04-02,33.65,33.65,34.45,33.6,33.6,536000
2024-04-03,31.9,31.9,33.4,31.7,33.3,1338000
2024-04-08,30.65,30.65,32.15,30.1,32.0,1763000
2024-04-09,30.15,30.15,30.8,29.75,30.5,1420000
2024-04-10,33.15,33.15,33.15,30.5,30.5,2519000
2024-04-11,31.5,31.5,34.45,31.5,33.15,3166000
2024-04-12,31.45,31.45,32.25,31.3,31.5,866000
2024-04-15,30.6,30.6,31.45,30.5,31.45,761000
2024-04-16,29.4,29.4,30.6,29.1,30.6,750000
2024-04-17,30.0,30.0,30.15,29.8,30.05,329000
2024-04-18,29.7,29.7,30.55,29.6,29.8,408000
2024-04-19,28.5,28.5,29.35,27.55,29.35,1004000
2024-04-22,27.85,27.85,28.7,27.3,28.25,766000
2024-04-23,27.65,27.65,28.7,27.4,28.0,349000
2024-04-24,27.9,27.9,28.4,27.45,28.4,319000
2024-04-25,26.5,26.5,27.9,26.5,27.9,602000
2024-04-26,26.3,26.3,27.05,26.1,27.0,610000
2024-04-29,26.2,26.2,26.75,25.8,26.75,743000
2024-04-30,25.9,25.9,26.4,25.5,26.3,513000
2024-05-02,25.45,25.45,26.3,25.0,26.3,914000
2024-05-03,24.85,24.85,25.6,24.65,25.5,848000
2024-05-06,23.85,23.85,24.8,23.7,24.8,1381000
2024-05-07,26.2,26.2,26.2,24.0,24.05,1079000
2024-05-08,24.8,24.8,27.3,24.7,27.0,2528000
2024-05-09,24.1,24.1,25.2,24.1,24.85,536000
2024-05-10,24.05,24.05,24.6,23.85,24.6,320000
2024-05-13,24.3,24.3,24.5,23.4,24.0,347000
2024-05-14,24.55,24.55,24.55,24.2,24.55,141000
2024-05-15,24.2,24.2,25.25,24.15,25.25,255000
2024-05-16,24.55,24.55,24.7,24.15,24.7,298000
2024-05-17,24.55,24.55,25.1,24.3,24.55,405000
2024-05-20,26.25,26.25,26.3,24.3,25.0,932000
2024-05-21,26.0,26.0,27.15,25.95,27.15,810000
2024-05-22,25.75,25.75,26.2,25.5,25.7,259000
2024-05-23,25.1,25.1,25.8,25.1,25.75,218000
2024-05-24,25.8,25.8,25.8,24.65,25.1,469000
2024-05-27,28.35,28.35,28.35,25.9,26.0,1752000
2024-05-28,28.95,28.95,29.6,27.5,28.35,1687000
2024-05-29,29.0,29.0,29.4,28.2,28.95,758000
2024-05-30,30.0,30.0,30.8,28.5,29.0,767000
2024-05-31,29.2,29.2,30.25,28.85,30.0,469000
2024-06-03,29.0,29.0,29.5,28.55,29.2,325000
2024-06-04,27.95,27.95,28.75,27.75,28.6,429000
2024-06-05,26.9,26.9,28.3,26.8,28.3,266000
2024-06-06,27.5,27.5,28.5,26.85,27.1,228000
2024-06-07,27.8,27.8,28.45,27.1,27.5,119000
2024-06-11,28.5,28.5,29.55,28.15,29.0,413000
2024-06-12,28.35,28.35,28.65,27.75,28.65,320000
2024-06-13,28.4,28.4,29.0,28.0,28.4,251000
2024-06-14,28.9,28.9,28.9,28.05,28.35,326000
2024-06-17,31.75,31.75,31.75,28.95,28.95,1988000
2024-06-18,30.65,30.65,32.85,30.4,31.3,1350000
2024-06-19,30.9,30.9,31.5,30.0,30.65,504000
2024-06-20,31.0,31.0,31.1,30.45,30.9,307000
2024-06-21,32.1,32.1,32.3,30.6,30.7,1085000
2024-06-24,30.7,30.7,32.0,30.6,31.95,497000
2024-06-25,30.9,30.9,31.75,30.0,31.75,201000
2024-06-26,30.35,30.35,31.1,30.2,31.05,241000
2024-06-27,30.55,30.55,30.9,30.2,30.2,129000
2024-06-28,31.1,31.1,31.4,30.3,30.3,311000
2024-07-01,30.8,30.8,31.7,30.7,31.1,180000
2024-07-02,30.0,30.0,31.2,29.9,31.2,350000
2024-07-03,30.15,30.15,30.3,29.6,30.0,288000
2024-07-04,31.4,31.4,31.5,29.85,30.3,533000
2024-07-05,34.5,34.5,34.5,32.3,32.45,2032000
2024-07-08,37.95,37.95,37.95,37.95,37.95,2658000
2024-07-09,38.7,38.7,41.6,36.9,40.4,6393000
2024-07-10,37.5,37.5,38.7,35.05,38.7,1739000
2024-07-11,36.45,36.45,37.5,36.05,37.5,1197000
2024-07-12,35.5,35.5,37.5,35.45,36.2,812000
2024-07-15,33.9,33.9,35.9,33.3,35.5,821000
2024-07-16,33.85,33.85,34.2,33.4,33.9,580000
2024-07-17,33.45,33.45,33.95,33.2,33.9,390000
2024-07-18,32.45,32.45,33.25,31.55,33.25,463000
2024-07-19,31.7,31.7,32.6,31.7,32.5,405000
2024-07-22,30.4,30.4,31.5,30.0,31.5,492000
2024-07-23,30.4,30.4,32.0,30.4,31.8,292000
2024-07-26,30.15,30.15,30.15,29.0,29.5,245000
2024-07-29,29.4,29.4,30.95,29.25,29.25,279000
2024-07-30,31.2,31.2,31.2,29.3,29.45,215000
2024-07-31,31.15,31.15,31.2,30.55,31.2,98000
2024-08-01,31.65,31.65,32.05,31.2,31.2,149000
2024-08-02,30.05,30.05,31.6,30.0,31.6,180000
2024-08-05,27.05,27.05,29.8,27.05,29.8,579000
2024-08-06,26.8,26.8,28.0,25.05,27.1,1455000
2024-08-07,29.45,29.45,29.45,27.4,27.5,301000
2024-08-08,30.1,30.1,30.8,28.5,28.5,198000
2024-08-09,31.5,31.5,32.1,30.4,30.8,468000
2024-08-12,31.25,31.25,32.05,31.1,31.9,117000
2024-08-13,31.0,31.0,31.0,28.9,28.9,161000
2024-08-14,30.2,30.2,31.25,30.0,31.0,141000
2024-08-15,30.45,30.45,31.2,30.15,30.35,91000
2024-08-16,30.8,30.8,31.15,30.35,31.15,132000
2024-08-19,30.85,30.85,31.3,30.55,30.8,85000
2024-08-20,32.3,32.3,32.8,31.1,31.2,403000
2024-08-21,31.2,31.2,32.5,31.2,32.25,180000
2024-08-22,31.0,31.0,31.4,30.8,31.05,154000
2024-08-23,30.5,30.5,31.0,30.3,31.0,99000
2024-08-26,30.8,30.8,30.8,30.35,30.6,112000
2024-08-27,30.8,30.8,31.0,29.45,31.0,251000
2024-08-28,31.0,31.0,32.1,29.8,31.0,300000
2024-08-29,31.0,31.0,31.05,29.95,30.0,77000
2024-08-30,31.1,31.1,31.8,30.7,31.8,86000
2024-09-02,31.1,31.1,31.8,30.55,30.9,104000
2024-09-03,31.1,31.1,31.5,30.8,31.0,123000
2024-09-04,30.35,30.35,30.8,29.5,30.0,229000
2024-09-05,30.1,30.1,31.15,30.05,31.15,128000
2024-09-06,30.75,30.75,31.6,30.15,30.15,325000
2024-09-09,30.65,30.65,30.7,29.8,30.7,148000
2024-09-10,30.0,30.0,30.65,29.4,29.8,223000
2024-09-11,30.0,30.0,30.05,29.5,30.05,58000
2024-09-12,30.0,30.0,30.15,29.8,30.1,83000
2024-09-13,30.0,30.0,30.2,29.7,29.7,63000
2024-09-16,31.15,31.15,31.85,30.4,30.4,263000
2024-09-18,33.6,33.6,33.95,30.7,31.0,714000
2024-09-19,32.5,32.5,34.0,32.0,34.0,408000
2024-09-20,32.55,32.55,33.0,31.9,32.6,165000
2024-09-23,32.75,32.75,33.15,32.1,32.55,133000
2024-09-24,33.1,33.1,33.5,32.15,32.15,251000
2024-09-25,33.35,33.35,34.0,33.05,33.05,354000
2024-09-26,34.85,34.85,35.7,33.3,33.3,701000
2024-09-27,34.15,34.15,35.5,33.95,35.5,416000
2024-09-30,33.7,33.7,34.65,33.7,33.9,149000
2024-10-01,33.0,33.0,34.0,32.0,33.7,238000
2024-10-04,32.9,32.9,33.0,31.95,33.0,96000
2024-10-07,33.65,33.65,34.5,33.15,33.6,144000
2024-10-08,33.55,33.55,35.0,33.55,34.05,305000
2024-10-09,33.2,33.2,33.65,32.5,33.25,182000
2024-10-11,35.3,35.3,36.5,32.7,33.2,1670000
2024-10-14,34.5,34.5,34.65,32.8,34.55,616000
2024-10-15,34.5,34.5,35.8,33.2,34.05,494000
2024-10-16,34.75,34.75,35.0,33.55,33.65,181000
2024-10-17,34.75,34.75,35.6,34.3,34.9,286000
2024-10-18,34.65,34.65,35.3,34.4,35.3,182000
2024-10-21,35.6,35.6,35.6,34.0,34.3,310000
2024-10-22,37.2,37.2,37.8,35.2,35.5,884000
2024-10-23,36.8,36.8,38.1,36.1,38.0,652000
2024-10-24,36.9,36.9,37.4,36.45,36.8,270000
2024-10-25,36.9,36.9,37.5,36.7,37.3,178000
2024-10-28,36.2,36.2,36.9,34.7,36.9,579000
2024-10-29,35.85,35.85,36.35,35.45,36.0,198000
2024-10-30,35.65,35.65,35.85,35.4,35.85,120000
2024-11-01,35.0,35.0,35.65,34.4,35.0,159000
2024-11-04,33.8,33.8,34.7,33.35,34.7,351000
2024-11-05,33.7,33.7,34.1,33.5,33.8,88000
2024-11-06,33.95,33.95,34.15,33.7,33.7,65000
2024-11-07,34.15,34.15,34.35,33.85,34.2,63000
2024-11-08,34.15,34.15,34.95,33.95,34.15,93000
2024-11-11,34.0,34.0,34.25,33.7,34.0,161000
2024-11-12,32.4,32.4,33.8,30.6,33.8,739000
2024-11-13,32.05,32.05,32.4,31.4,32.4,179000
2024-11-14,32.3,32.3,32.45,31.7,32.05,66000
2024-11-15,32.3,32.3,32.45,31.6,32.3,261000
2024-11-18,31.0,31.0,32.0,30.5,32.0,208000
2024-11-19,31.0,31.0,31.0,30.55,30.9,54000
2024-11-20,30.35,30.35,31.0,29.0,31.0,541000
2024-11-21,31.2,31.2,31.65,29.95,30.4,109000
2024-11-22,31.7,31.7,32.25,31.55,31.9,74000
2024-11-25,31.6,31.6,32.05,31.6,31.95,99000
2024-11-26,32.0,32.0,32.0,31.05,31.2,58000
2024-11-27,31.9,31.9,32.0,31.5,32.0,54000
2024-11-28,32.35,32.35,32.35,31.05,31.9,115000
2024-11-29,34.1,34.1,34.15,32.2,32.2,256000
2024-12-02,34.9,34.9,35.55,34.1,34.1,378000
2024-12-03,35.2,35.2,35.7,34.6,35.05,289000
2024-12-04,35.2,35.2,35.8,34.9,35.2,282000
2024-12-05,34.95,34.95,36.0,34.3,36.0,143000
2024-12-06,34.5,34.5,34.9,34.0,34.35,111000
2024-12-09,33.95,33.95,34.5,33.2,34.5,175000
2024-12-10,34.2,34.2,34.5,33.15,33.35,41000
2024-12-11,37.0,37.0,37.0,33.0,34.0,446000
2024-12-12,37.0,37.0,37.6,36.4,36.95,678000
2024-12-13,37.1,37.1,38.0,36.5,37.0,710000
2024-12-16,37.95,37.95,38.5,37.0,37.1,835000
2024-12-17,37.85,37.85,38.45,37.1,38.2,311000
2024-12-18,38.05,38.05,38.2,37.5,38.1,359000
2024-12-19,40.95,40.95,41.0,37.4,37.8,1678000
2024-12-20,40.15,40.15,41.95,40.15,41.3,1140000
2024-12-23,42.6,42.6,43.0,40.3,40.3,1538000
2024-12-24,45.0,45.0,45.0,42.25,43.3,1718000
2024-12-25,41.9,41.9,46.8,41.0,46.3,2300000
2024-12-27,37.75,37.75,46.05,37.75,46.05,5945000
2024-12-30,34.0,34.0,37.05,34.0,35.7,3528000
2024-12-31,36.75,36.75,37.15,34.7,35.0,1755000
2025-01-02,34.35,34.35,36.15,34.1,36.05,880000
2025-01-03,33.0,33.0,34.75,32.35,34.1,796000
2025-01-06,32.95,32.95,34.2,32.6,33.55,499000
2025-01-07,31.65,31.65,32.85,31.5,32.7,580000
2025-01-08,32.6,32.6,34.5,32.35,33.5,559000
2025-01-09,31.85,31.85,32.65,31.5,32.6,470000
2025-01-10,31.8,31.8,31.9,31.2,31.8,182000
2025-01-13,31.2,31.2,32.5,30.05,31.75,344000
2025-01-14,31.85,31.85,32.6,30.55,31.2,225000
2025-01-15,31.85,31.85,31.9,31.1,31.7,121000
2025-01-16,32.1,32.1,32.35,31.6,32.0,127000
2025-01-17,31.8,31.8,32.1,31.5,32.0,90000
2025-01-20,31.8,31.8,32.0,31.15,31.7,135000
2025-01-21,32.8,32.8,33.8,31.95,31.95,326000
2025-01-22,32.7,32.7,32.85,32.3,32.6,150000
2025-02-03,32.6,32.6,32.6,31.0,32.0,152000
2025-02-04,32.2,32.2,32.6,31.85,32.6,70000
2025-02-05,32.3,32.3,33.4,32.3,32.45,204000
2025-02-06,34.75,34.75,34.9,32.3,32.3,469000
2025-02-07,37.6,37.6,37.6,34.2,35.2,991000
2025-02-10,37.5,37.5,38.1,36.2,36.7,644000
2025-02-11,36.3,36.3,38.15,36.0,37.9,679000
2025-02-12,35.35,35.35,37.0,34.9,36.3,417000
2025-02-13,35.05,35.05,35.9,35.0,35.35,332000
2025-02-14,34.4,34.4,35.75,33.8,35.05,366000
2025-02-17,34.25,34.25,35.35,33.55,35.35,297000
2025-02-18,34.75,34.75,35.1,33.5,34.0,345000
2025-02-19,34.8,34.8,35.35,34.65,34.75,211000
2025-02-20,34.4,34.4,35.8,34.2,35.8,216000
2025-02-21,35.0,35.0,35.35,34.0,34.0,198000
2025-02-24,34.4,34.4,35.25,33.95,34.9,285000
2025-02-25,37.8,37.8,37.8,33.8,34.2,1002000
2025-02-26,37.2,37.2,40.0,37.05,40.0,2034000
2025-02-27,37.95,37.95,38.15,36.2,36.6,1151000
2025-03-03,37.0,37.0,38.15,36.7,37.9,844000
2025-03-04,36.25,36.25,37.05,35.65,36.9,576000
2025-03-05,35.65,35.65,36.25,35.5,36.25,655000
2025-03-06,36.7,36.7,37.65,35.6,35.75,640000
2025-03-07,35.75,35.75,38.0,35.6,36.05,518000
2025-03-10,36.85,36.85,37.1,34.6,36.05,625000
2025-03-11,35.65,35.65,36.6,35.0,36.1,475000
2025-03-12,34.7,34.7,35.65,34.1,34.1,674000
2025-03-13,33.85,33.85,36.2,33.7,35.0,528000
2025-03-14,33.45,33.45,34.65,32.45,33.75,434000
2025-03-17,32.55,32.55,33.55,32.55,33.55,368000
2025-03-18,32.7,32.7,33.0,32.15,32.55,198000
2025-03-19,32.55,32.55,33.4,32.35,33.4,171000
2025-03-20,32.65,32.65,33.15,32.4,32.4,166000
2025-03-21,32.65,32.65,33.4,32.5,32.55,109000
2025-03-24,31.7,31.7,32.75,31.1,32.55,467000
2025-03-25,31.65,31.65,32.0,31.2,31.7,211000
2025-03-26,31.45,31.45,31.95,31.0,31.95,206000
2025-03-27,31.0,31.0,31.25,30.25,31.25,247000
2025-03-28,29.5,29.5,31.0,27.9,31.0,940000
2025-03-31,27.0,27.0,28.9,26.55,28.9,501000
2025-04-01,27.15,27.15,27.45,26.3,27.1,311000
2025-04-02,27.5,27.5,27.7,26.6,27.15,89000
2025-04-07,24.75,24.75,24.75,24.75,24.75,29000
2025-04-08,22.3,22.3,22.3,22.3,22.3,260000
2025-04-09,20.1,20.1,23.95,20.1,20.1,831000
2025-04-10,22.1,22.1,22.1,21.4,22.1,215000
2025-04-11,20.35,20.35,22.15,19.9,20.8,318000
2025-04-14,20.65,20.65,22.35,20.45,20.9,177000
2025-04-15,22.7,22.7,22.7,20.75,20.75,236000
2025-04-16,22.35,22.35,24.6,22.35,24.6,304000
2025-04-17,22.15,22.15,22.85,22.0,22.85,62000
2025-04-18,21.8,21.8,22.85,21.8,22.85,60000
2025-04-21,20.65,20.65,21.7,20.65,21.7,71000
2025-04-22,20.5,20.5,21.0,20.1,20.1,106000
2025-04-23,22.55,22.55,22.55,22.55,22.55,105000
2025-04-24,24.8,24.8,24.8,24.8,24.8,232000
2025-04-25,27.25,27.25,27.25,26.5,27.25,726000
2025-04-28,26.6,26.6,27.25,25.8,26.75,464000
2025-04-29,26.75,26.75,27.5,26.0,27.5,158000
2025-04-30,26.5,26.5,27.95,26.4,27.3,221000
2025-05-02,26.15,26.15,27.2,26.05,27.2,118000
2025-05-05,25.5,25.5,26.25,23.75,25.6,177000
2025-05-06,25.4,25.4,25.8,25.35,25.5,43000
2025-05-07,25.65,25.65,26.9,25.0,25.45,108000
2025-05-08,27.7,27.7,28.2,25.65,25.65,451000
2025-05-09,27.5,27.5,28.35,26.5,26.55,297000
2025-05-12,30.25,30.25,30.25,28.1,29.9,947000
2025-05-13,32.95,32.95,33.25,30.0,30.4,1687000
2025-05-14,33.8,33.8,35.3,31.8,32.8,1672000
2025-05-15,32.95,32.95,35.3,32.65,35.05,694000
2025-05-16,32.3,32.3,33.1,32.25,32.95,351000
2025-05-19,31.3,31.3,32.25,31.3,31.8,373000
2025-05-20,31.75,31.75,33.4,31.05,31.95,558000
2025-05-21,32.65,32.65,33.4,31.05,31.5,832000
2025-05-22,35.9,35.9,35.9,31.5,32.95,2434000
2025-05-23,38.25,38.25,38.3,34.5,36.3,2985000
2025-05-26,35.4,35.4,37.6,34.9,37.0,2108000
2025-05-27,35.45,35.45,36.4,34.5,34.5,896000
2025-05-28,35.2,35.2,36.6,35.2,36.6,955000
2025-05-29,34.4,34.4,35.55,34.05,35.35,673000
2025-06-02,34.25,34.25,34.85,33.2,34.2,515000
2025-06-03,34.1,34.1,35.0,33.6,35.0,458000
2025-06-04,35.05,35.05,36.7,34.1,34.15,1092000
2025-06-05,35.0,35.0,35.35,34.3,35.1,553000
2025-06-06,38.25,38.25,38.4,34.7,35.0,3863000
2025-06-09,40.75,40.75,42.0,38.9,39.8,7601000
2025-06-10,38.3,38.3,41.75,38.05,41.0,4788000
2025-06-11,37.0,37.0,39.4,36.65,39.3,3179000
2025-06-12,35.75,35.75,37.65,35.75,37.0,1909000
2025-06-13,36.95,36.95,37.4,34.45,35.7,1615000
2025-06-16,35.3,35.3,36.7,35.1,36.0,1104000
2025-06-17,36.4,36.4,36.75,35.2,36.05,973000
2025-06-18,35.8,35.8,37.65,35.8,37.65,872000
2025-06-19,34.3,34.3,35.8,34.3,35.4,952000
2025-06-20,33.45,33.45,34.6,33.35,34.3,519000
2025-06-23,33.05,33.05,33.65,32.0,32.2,534000
2025-06-24,33.6,33.6,34.4,33.4,33.7,470000
2025-06-25,33.3,33.3,34.15,33.3,34.0,429000
2025-06-26,33.9,33.9,34.3,33.2,33.2,373000
2025-06-27,34.9,34.9,35.3,34.0,34.4,635000
2025-06-30,34.2,34.2,35.4,34.05,35.0,411000
2025-07-01,34.4,34.4,34.5,34.2,34.2,267000
2025-07-02,37.8,37.8,37.8,34.4,34.4,2376000
2025-07-03,37.7,37.7,38.15,36.75,37.9,1939000
2025-07-04,37.4,37.4,38.75,36.25,37.8,1433000
2025-07-07,34.95,34.95,37.15,34.8,36.8,1162000
2025-07-08,36.6,36.6,36.8,34.2,34.2,791000
2025-07-09,35.8,35.8,36.4,35.65,36.4,509000
2025-07-10,35.5,35.5,36.3,35.35,35.7,696000
2025-07-11,34.6,34.6,35.45,33.25,34.65,1831000
2025-07-14,34.2,34.2,35.35,33.9,34.5,413000
2025-07-15,34.45,34.45,35.25,34.15,34.85,414000
2025-07-16,33.45,33.45,34.85,33.35,34.85,860000
2025-07-17,33.4,33.4,33.9,33.1,33.75,404000
2025-07-18,33.3,33.3,33.75,33.3,33.4,411000
2025-07-21,33.25,33.25,33.5,33.15,33.3,274000
2025-07-22,31.65,31.65,33.35,31.65,33.3,927000
2025-07-23,31.65,31.65,32.35,31.6,31.65,410000
2025-07-24,31.05,31.05,32.05,30.65,31.7,673000
2025-07-25,30.4,30.4,31.3,30.35,31.05,471000
2025-07-28,29.8,29.8,30.7,29.3,30.0,687000
2025-07-29,29.0,29.0,30.1,28.8,29.65,813000
2025-07-30,29.5,29.5,29.7,28.4,28.8,489000
2025-07-31,30.2,30.2,31.15,29.25,29.5,624000
2025-08-01,31.6,31.6,31.7,29.55,29.55,598000
2025-08-04,30.85,30.85,31.7,30.6,31.0,425000
2025-08-05,32.0,32.0,33.1,31.05,31.55,905000
2025-08-06,33.15,33.15,34.4,32.3,32.5,1675000
2025-08-07,33.15,33.15,34.0,31.4,33.55,1882000
2025-08-08,32.4,32.4,33.05,32.0,32.8,1254000
2025-08-11,30.3,30.3,32.0,29.2,32.0,2006000
2025-08-12,30.25,30.25,32.7,30.0,32.4,2550000
2025-08-13,29.6,29.6,31.3,29.4,30.3,2178000
2025-08-14,29.75,29.75,30.2,28.7,29.6,1387000
2025-08-15,26.8,26.8,26.8,26.8,26.8,1356000
2025-08-18,26.8,26.8,27.0,24.15,26.0,2468000
2025-08-19,25.65,25.65,26.7,25.25,26.7,1093000
2025-08-20,24.65,24.65,25.55,24.5,25.45,589000
2025-08-21,24.9,24.9,25.4,24.45,25.0,515000
2025-08-22,24.5,24.5,25.45,24.5,24.9,371000
2025-08-25,24.35,24.35,25.0,24.35,25.0,490000
2025-08-26,24.1,24.1,24.7,23.6,24.35,693000
2025-08-27,24.6,24.6,25.05,24.0,24.3,434000
2025-08-28,23.9,23.9,24.65,23.8,24.65,718000
2025-08-29,24.0,24.0,24.7,23.95,24.35,690000
2025-09-01,24.2,24.2,24.75,24.1,24.1,320000
2025-09-02,25.0,25.0,25.2,23.7,24.3,593000
2025-09-03,24.1,24.1,25.35,24.1,25.0,461000
2025-09-04,24.05,24.05,24.55,23.75,24.1,551000
2025-09-05,24.3,24.3,24.3,23.65,24.15,316000
2025-09-08,24.0,24.0,24.35,23.85,24.3,298000
2025-09-09,23.8,23.8,24.35,23.8,24.05,330000
2025-09-10,26.15,26.15,26.15,26.15,26.15,322000
2025-09-11,28.75,28.75,28.75,28.75,28.75,742000
2025-09-12,29.8,29.8,31.6,28.85,31.6,5194000
2025-09-15,32.6,32.6,32.6,30.15,30.65,4275000
2025-09-16,30.7,30.7,32.85,30.6,32.75,2288000
2025-09-17,28.9,28.9,30.2,28.9,30.2,1682000
2025-09-18,28.3,28.3,29.3,28.1,29.3,931000
2025-09-19,28.35,28.35,28.85,27.95,28.3,527000
2025-09-22,28.1,28.1,28.75,27.8,28.75,566000
2025-09-23,28.4,28.4,29.1,28.2,28.45,533000
2025-09-24,28.7,28.7,29.4,28.2,28.4,672000
2025-09-25,28.15,28.15,29.2,28.0,28.7,845000
2025-09-26,27.25,27.25,28.6,27.1,27.85,542000
2025-09-30,26.8,26.8,27.25,26.7,27.15,388000
2025-10-01,25.75,25.75,27.1,25.15,27.1,1197000
2025-10-02,26.4,26.4,26.7,25.3,25.75,452000
2025-10-03,26.65,26.65,26.85,25.9,26.4,313000
2025-10-07,27.6,27.6,27.8,26.05,26.75,449000
2025-10-08,27.2,27.2,27.6,26.9,27.55,291000
2025-10-09,28.75,28.75,29.2,27.3,27.3,766000
2025-10-13,26.55,26.55,27.9,26.0,26.1,744000
2025-10-14,25.25,25.25,27.3,25.25,26.7,953000
2025-10-15,25.05,25.05,25.35,24.7,25.25,385000
2025-10-16,25.05,25.05,25.5,24.8,25.45,378000
2025-10-17,24.85,24.85,25.25,24.5,24.5,272000
2025-10-20,24.5,24.5,24.85,24.15,24.85,750000
2025-10-21,24.7,24.7,25.2,24.45,25.0,339000
2025-10-22,24.85,24.85,25.15,24.45,24.45,418000
2025-10-23,25.75,25.75,25.75,24.7,25.0,363000
2025-10-27,25.25,25.25,25.95,25.1,25.95,339000
2025-10-28,24.8,24.8,25.45,24.7,25.45,260000
2025-10-29,24.8,24.8,25.25,24.75,24.8,237000
2025-10-30,25.3,25.3,26.2,24.65,24.85,430000
2025-10-31,24.7,24.7,25.45,24.7,25.4,376000
2025-11-03,24.0,24.0,24.8,23.8,24.8,505000
2025-11-04,25.05,25.05,25.35,23.8,24.4,354000
2025-11-05,24.65,24.65,24.95,24.0,24.9,284000
2025-11-06,24.65,24.65,24.65,24.0,24.2,306000
2025-11-07,23.8,23.8,24.3,23.75,24.3,363000
2025-11-10,23.0,23.0,23.85,23.0,23.85,512000
2025-11-11,25.3,25.3,25.3,24.85,24.9,1714000
2025-11-12,23.4,23.4,23.75,22.8,22.9,2139000
2025-11-13,22.1,22.1,23.15,21.4,23.15,1250000
2025-11-14,21.3,21.3,22.0,20.95,21.7,813000
2025-11-17,20.2,20.2,21.3,19.8,21.3,869000
2025-11-18,19.95,19.95,20.45,19.65,20.0,568000
2025-11-19,19.4,19.4,20.0,19.35,19.95,564000
2025-11-20,19.4,19.4,20.2,19.0,20.2,341000
2025-11-21,18.75,18.75,19.25,18.5,19.25,571000
2025-11-24,18.85,18.85,19.55,18.5,19.5,295000
2025-11-25,19.5,19.5,19.9,19.0,19.0,207000
2025-11-26,20.2,20.2,20.2,19.5,19.5,216000
2025-11-27,19.7,19.7,20.1,19.45,20.1,204000
2025-11-28,20.0,20.0,20.3,19.65,20.15,136000
2025-12-01,20.0,20.0,20.45,19.65,20.45,157000
2025-12-02,19.65,19.65,20.25,19.35,20.25,164000
2025-12-03,20.05,20.05,20.5,19.75,19.8,133000
2025-12-04,20.0,20.0,20.5,19.85,20.1,105000
2025-12-05,20.2,20.2,20.25,19.65,19.8,102000
2025-12-08,20.75,20.75,21.0,19.9,20.2,241000
2025-12-09,20.6,20.6,20.75,20.15,20.4,158000
2025-12-10,19.3,19.3,20.2,18.8,20.05,821000
2025-12-11,19.05,19.05,19.35,18.2,18.95,391000
2025-12-12,19.1,19.1,19.3,18.9,19.2,109000
2025-12-15,19.4,19.4,20.2,18.85,19.05,350000
2025-12-16,19.05,19.05,19.9,19.05,19.9,178000
2025-12-17,19.1,19.1,19.6,18.9,19.05,145000
2025-12-18,19.1,19.1,19.7,18.9,19.7,147000
2025-12-19,19.1,19.1,19.7,18.95,19.7,127000
2025-12-22,19.7,19.7,19.7,19.15,19.4,219000
2025-12-23,19.45,19.45,20.4,19.2,20.0,176000
2025-12-24,19.4,19.4,19.95,19.05,19.65,210000
2025-12-26,19.05,19.05,19.4,18.95,19.35,244000
2025-12-29,19.25,19.25,19.4,19.0,19.2,138000
2025-12-30,19.1,19.1,19.25,18.85,19.25,158000
2025-12-31,18.65,18.65,19.4,18.3,19.1,371000
2026-01-02,18.7,18.7,19.1,18.7,18.8,129000
2026-01-05,18.45,18.45,19.0,18.4,18.9,206000
2026-01-06,18.5,18.5,18.7,18.4,18.5,200000
2026-01-07,20.35,20.35,20.35,18.5,18.5,617000
2026-01-08,22.35,22.35,22.35,19.65,20.35,2826000
2026-01-09,22.6,22.6,23.25,21.7,22.35,1782000
2026-01-12,24.6,24.6,24.85,23.0,24.5,3182000
2026-01-13,24.15,24.15,25.45,24.0,25.45,2210000
2026-01-14,22.7,22.7,24.3,22.7,24.3,1806000
2026-01-15,23.25,23.25,23.5,21.9,22.8,1184000
2026-01-16,22.45,22.45,23.25,22.15,23.25,976000
2026-01-19,22.1,22.1,22.55,22.0,22.5,861000
2026-01-20,21.6,21.6,22.75,21.6,22.1,756000
2026-01-21,21.1,21.1,21.7,20.9,21.4,599000
2026-01-22,21.25,21.25,21.7,21.1,21.15,426000
2026-01-23,21.8,21.8,22.75,21.65,21.65,591000
2026-01-26,21.15,21.15,21.85,21.0,21.85,469000
2026-01-27,20.2,20.2,21.25,20.1,21.25,768000
2026-01-28,21.25,21.25,21.25,20.0,20.55,592000
2026-01-29,20.35,20.35,21.0,20.2,21.0,408000
2026-01-30,20.0,20.0,20.55,19.7,20.5,343000
2026-02-02,19.45,19.45,20.0,19.05,19.9,334000
2026-02-03,19.85,19.85,20.5,19.7,20.5,287000
2026-02-04,20.35,20.35,20.4,19.85,19.85,174000
2026-02-05,20.0,20.0,20.15,19.85,20.1,266000
2026-02-06,19.95,19.95,20.0,19.35,20.0,220000
2026-02-09,19.9,19.9,20.3,19.9,20.1,260000
2026-02-10,19.25,19.25,19.8,19.15,19.15,579000
2026-02-11,18.85,18.85,19.2,18.75,18.85,560000
2026-02-23,18.8,18.8,19.25,18.55,18.85,367000
2026-02-24,18.8,18.8,19.3,18.75,18.85,424000
2026-02-25,18.9,18.9,19.4,18.65,19.4,254000
2026-02-26,19.0,19.0,19.4,18.85,18.9,462000
2026-03-02,19.0,19.0,19.1,18.0,19.0,436000
2026-03-03,18.4,18.4,19.3,18.3,18.8,503000
2026-03-04,17.45,17.45,18.0,17.0,18.0,636000
2026-03-05,17.55,17.55,18.1,17.5,17.5,374000
2026-03-06,18.0,18.0,18.35,17.3,17.6,284000
2026-03-09,17.1,17.1,18.0,16.75,18.0,401000
2026-03-10,17.55,17.55,17.9,17.4,17.9,231000
2026-03-11,18.4,18.4,18.55,17.65,17.65,310000
2026-03-12,17.65,17.65,18.35,17.2,18.0,566000
2026-03-13,17.35,17.35,17.5,17.05,17.4,334000
2026-03-16,17.2,17.2,17.45,16.95,17.4,382000
2026-03-17,17.4,17.4,17.7,17.15,17.15,336000
2026-03-18,18.1,18.1,18.2,17.25,17.3,483000
2026-03-19,19.9,19.9,19.9,17.75,18.1,1019000
2026-03-20,21.2,21.2,21.85,21.05,21.8,3212000
2026-03-23,19.15,19.15,19.85,19.1,19.6,1082000
2026-03-24,18.8,18.8,20.0,18.15,20.0,511000
2026-03-25,18.65,18.65,19.1,18.4,19.1,318000
2026-03-26,18.0,18.0,18.9,17.85,18.8,528000
2026-03-27,18.55,18.55,18.6,17.6,17.85,294000
2026-03-30,18.0,18.0,18.3,17.75,18.05,225000
2026-03-31,17.65,17.65,18.1,17.5,18.1,205000
2026-04-01,18.0,18.0,18.55,17.85,18.25,256000
2026-04-02,17.75,17.75,18.15,17.65,18.0,260000
2026-04-07,17.65,17.65,18.0,17.4,17.75,299000
2026-04-08,18.1,18.1,18.2,17.7,18.0,218000
2026-04-09,17.8,17.8,18.2,17.65,18.2,214000
2026-04-10,17.7,17.7,18.25,17.6,18.0,266000
2026-04-13,19.1,19.1,19.45,18.1,18.1,998000
2026-04-14,18.6,18.6,19.15,18.45,19.1,628000
2026-04-15,19.05,19.05,19.75,18.45,18.6,603000
2026-04-16,19.45,19.45,19.7,18.8,19.2,500000
2026-04-17,20.0,20.0,20.6,19.15,19.4,1038000
2026-04-20,19.85,19.85,20.75,19.8,20.75,736000
2026-04-21,20.5,20.5,20.7,19.7,20.0,987000
2026-04-22,22.5,22.5,22.55,20.55,21.1,2542000
2026-04-23,23.25,23.25,24.6,20.5,24.6,3244000
2026-04-24,21.55,21.55,23.25,21.5,23.25,1372000
2026-04-27,20.6,20.6,21.6,20.05,21.6,1091000
2026-04-28,20.85,20.85,21.4,20.7,21.1,387000
2026-04-29,20.6,20.6,21.0,20.5,20.85,330000
2026-04-30,20.6,20.6,21.05,20.4,21.05,330000
2026-05-04,20.3,20.3,21.0,20.25,20.65,559000
2026-05-05,20.85,20.85,21.0,20.3,20.5,440000
2026-05-06,20.6,20.6,21.9,20.5,21.9,551000
2026-05-07,20.5,20.5,20.6,20.35,20.6,288000
2026-05-08,20.55,20.55,20.9,20.45,20.9,361000
2026-05-11,20.85,20.85,21.15,20.55,21.0,426000
2026-05-12,21.35,21.35,21.35,20.6,21.35,599000
2026-05-13,20.5,20.5,21.4,20.35,21.4,662000
2026-05-14,19.6,19.6,20.55,19.5,20.5,593000
2026-05-15,18.65,18.65,19.95,18.55,19.55,532000
2026-05-18,18.6,18.6,18.9,18.25,18.65,238000
2026-05-19,18.1,18.1,19.3,18.1,19.3,277000
2026-05-20,18.35,18.35,18.4,18.0,18.4,239000
2026-05-21,18.45,18.45,18.8,18.3,18.5,237000
2026-05-22,19.4,19.4,19.4,18.5,19.0,588000
2026-05-25,20.25,20.25,20.5,19.2,20.1,875000
2026-05-26,19.8,19.8,20.35,19.5,20.35,538000
2026-05-27,19.3,19.3,20.0,19.2,19.9,428000
2026-05-28,19.05,19.05,19.9,18.95,19.8,534000
2026-05-29,19.05,19.05,19.3,18.95,19.1,314000
2026-06-01,19.1,19.1,19.3,18.8,19.3,549000
2026-06-02,20.0,20.0,20.5,19.0,19.0,1086000
2026-06-03,21.0,21.0,21.75,20.2,20.2,1611000
2026-06-04,19.9,19.9,21.0,19.7,21.0,783000
2026-06-05,20.05,20.05,20.45,19.4,19.9,416000
2026-06-08,19.1,19.1,19.25,18.15,18.15,308000
2026-06-09,18.9,18.9,19.65,18.8,19.65,391000
2026-06-10,18.0,18.0,18.9,18.0,18.9,622000
2026-06-11,17.9,17.9,18.3,17.65,18.2,302000
2026-06-12,18.15,18.15,18.35,17.9,18.0,240000
2026-06-15,18.0,18.0,18.15,17.85,18.15,308000
2026-06-16,17.55,17.55,18.0,17.45,18.0,478000
2026-06-17,17.35,17.35,17.6,17.3,17.6,291000
2026-06-18,17.1,17.1,17.6,16.9,17.35,679000
2026-06-22,17.1,17.1,17.45,16.75,17.35,588000
2026-06-23,16.9,16.9,17.25,16.8,17.25,293000
2026-06-24,16.9,16.9,17.3,16.75,17.1,260000
2026-06-25,16.9,16.9,17.25,16.9,17.25,173000
2026-06-26,16.4,16.4,17.0,16.2,17.0,369000
2026-06-29,16.3,16.3,16.9,16.3,16.4,192000
2026-06-30,16.65,16.65,16.8,16.3,16.4,136000
2026-07-01,16.3,16.3,16.95,16.15,16.95,382000
2026-07-02,16.35,16.35,16.5,15.9,16.35,414000
2026-07-03,16.75,16.75,16.85,16.35,16.35,233000
2026-07-06,16.6,16.6,17.3,16.5,17.3,396000
2026-07-07,16.15,16.15,16.6,16.1,16.6,215000
2026-07-08,16.05,16.05,16.4,15.9,16.4,169000
2026-07-09,15.85,15.85,16.15,15.8,16.0,194000
2026-07-13,17.4,17.4,17.4,17.4,17.4,674000
2026-07-14,16.6,16.6,17.95,16.0,17.55,1277000
2026-07-15,16.9,16.9,17.2,16.55,16.85,420000
2026-07-16,16.6,16.6,17.15,16.55,16.7,243000
2026-07-17,15.85,15.85,16.5,15.85,16.2,378000
2026-07-20,15.5,15.5,16.3,15.5,15.85,267000
2026-07-21,15.85,15.85,16.0,15.6,15.65,126000
2026-07-22,15.9,15.9,16.15,15.85,16.15,104000
2026-07-23,15.8,15.8,16.0,15.8,15.85,106000
2026-07-24,15.55,15.55,16.15,15.55,16.15,109000
2026-07-27,15.3,15.3,15.6,15.25,15.55,111000
2026-07-28,14.8,14.8,15.35,14.8,15.35,198000
2026-07-29,14.3,14.3,15.35,14.2,14.8,148000
2026-07-30,14.0,14.0,14.35,13.9,14.25,191000
2026-07-31,14.5,14.5,15.0,14.25,14.25,61000
2026-08-03,15.05,15.05,15.3,14.2,14.45,206000
2026-08-04,15.15,15.15,15.5,15.0,15.1,72000
2026-08-05,15.2,15.2,15.35,15.05,15.25,101000
2026-08-06,15.15,15.15,15.2,14.9,15.2,59000
2026-08-07,15.1,15.1,15.95,15.1,15.25,123000
2026-08-10,15.45,15.45,15.5,15.1,15.25,89000
2026-08-11,14.85,14.85,15.1,14.7,15.0,210000
2026-08-12,14.8,14.8,15.3,14.7,14.7,214000
2026-08-13,14.7,14.7,15.0,14.7,14.8,109000
2026-08-14,14.1,14.1,14.95,13.9,14.3,525000
2026-08-17,13.75,13.75,14.0,13.4,14.0,207000
2026-08-18,13.5,13.5,13.8,13.2,13.8,316000
2026-08-19,13.5,13.5,13.7,13.3,13.45,99000
2026-08-20,13.65,13.65,14.4,13.4,13.5,73000
2026-08-21,13.5,13.5,13.75,13.45,13.65,137000
2026-08-24,13.4,13.4,13.5,13.3,13.45,162276
2026-08-25,13.35,13.35,13.4,13.1,13.3,88717
2026-08-26,14.65,14.65,14.65,14.55,14.65,687680
2026-08-27,14.15,14.15,14.65,14.0,14.65,386732
2026-08-28,13.9,13.9,14.35,13.85,14.35,203150
2026-08-31,13.45,13.45,13.9,13.3,13.7,143933
2026-09-01,13.55,13.55,13.6,13.35,13.5,164103
2026-09-02,13.5,13.5,13.6,13.2,13.2,184392
2026-09-03,13.3,13.3,13.6,13.3,13.6,98168
2026-09-04,13.5,13.5,13.8,13.25,13.8,108065
2026-09-07,13.3,13.3,13.7,13.25,13.7,140787
