Date,Adj Close,Close,High,Low,Open,Volume
2016-08-12,159.5,159.5,160.0,159.5,159.5,19221
2016-08-15,159.5,159.5,160.0,159.5,159.5,19221
2016-08-16,159.5,159.5,160.0,159.5,159.5,19221
2016-08-17,159.5,159.5,160.0,159.5,159.5,19221
2016-08-18,159.5,159.5,160.0,159.5,159.5,19221
2016-08-19,159.5,159.5,160.0,159.5,159.5,19221
2016-08-22,159.5,159.5,160.0,159.5,159.5,19221
2016-08-23,159.5,159.5,160.0,159.5,159.5,19221
2016-08-24,159.5,159.5,160.0,159.5,159.5,19221
2016-08-25,159.5,159.5,160.0,159.5,159.5,19221
2016-08-26,159.5,159.5,160.0,159.5,159.5,19221
2016-08-29,159.5,159.5,160.0,159.5,159.5,19221
2016-08-30,159.5,159.5,160.0,159.5,159.5,19221
2016-08-31,159.5,159.5,160.0,159.5,159.5,19221
2016-09-01,159.5,159.5,160.0,159.5,159.5,19221
2016-09-02,159.5,159.5,160.0,159.5,159.5,19221
2016-09-05,159.5,159.5,160.0,159.5,159.5,19221
2016-09-06,159.5,159.5,160.0,159.5,159.5,19221
2016-09-07,159.5,159.5,160.0,159.5,159.5,19221
2016-09-08,159.5,159.5,160.0,159.5,159.5,19221
2016-09-09,159.5,159.5,160.0,159.5,159.5,19221
2016-09-12,159.5,159.5,160.0,159.5,159.5,19221
2016-09-13,159.5,159.5,160.0,159.5,159.5,19221
2016-09-14,159.5,159.5,160.0,159.5,159.5,19221
2016-09-19,159.5,159.5,160.0,159.5,159.5,19221
2016-09-20,159.5,159.5,160.0,159.5,159.5,19221
2016-09-21,159.5,159.5,160.0,159.5,159.5,19221
2016-09-22,159.5,159.5,160.0,159.5,159.5,19221
2016-09-23,159.5,159.5,160.0,159.5,159.5,19221
2016-09-26,159.5,159.5,160.0,159.5,159.5,19221
2016-09-29,159.5,159.5,160.0,159.5,159.5,19221
2016-09-30,159.5,159.5,160.0,159.5,159.5,19221
2016-10-03,159.5,159.5,160.0,159.5,159.5,19221
2016-10-04,159.5,159.5,160.0,159.5,159.5,19221
2016-10-05,159.5,159.5,160.0,159.5,159.5,19221
2016-10-06,159.5,159.5,160.0,159.5,159.5,19221
2016-10-07,159.5,159.5,160.0,159.5,159.5,19221
2016-10-11,159.5,159.5,160.0,159.5,159.5,19221
2016-10-12,159.5,159.5,160.0,159.5,159.5,19221
2016-10-13,159.5,159.5,160.0,159.5,159.5,19221
2016-10-14,159.5,159.5,160.0,159.5,159.5,19221
2016-10-17,159.5,159.5,160.0,159.5,159.5,19221
2016-10-18,159.5,159.5,160.0,159.5,159.5,19221
2016-10-19,159.5,159.5,160.0,159.5,159.5,19221
2016-10-20,159.5,159.5,160.0,159.5,159.5,19221
2016-10-21,159.5,159.5,160.0,159.5,159.5,19221
2016-10-24,159.5,159.5,160.0,159.5,159.5,19221
2016-10-25,159.5,159.5,160.0,159.5,159.5,19221
2016-10-26,159.5,159.5,160.0,159.5,159.5,19221
2016-10-27,159.5,159.5,160.0,159.5,159.5,19221
2016-10-28,159.5,159.5,160.0,159.5,159.5,19221
2016-10-31,159.5,159.5,160.0,159.5,159.5,19221
2016-11-01,159.5,159.5,160.0,159.5,159.5,19221
2016-11-02,159.5,159.5,160.0,159.5,159.5,19221
2016-11-03,159.5,159.5,160.0,159.5,159.5,19221
2016-11-04,159.5,159.5,160.0,159.5,159.5,19221
2016-11-07,159.5,159.5,160.0,159.5,159.5,19221
2016-11-08,159.5,159.5,160.0,159.5,159.5,19221
2016-11-09,159.5,159.5,160.0,159.5,159.5,19221
2016-11-10,159.5,159.5,160.0,159.5,159.5,19221
2016-11-11,159.5,159.5,160.0,159.5,159.5,19221
2016-11-14,159.5,159.5,160.0,159.5,159.5,19221
2016-11-15,159.5,159.5,160.0,159.5,159.5,19221
2016-11-16,159.5,159.5,160.0,159.5,159.5,19221
2016-11-17,159.5,159.5,160.0,159.5,159.5,19221
2016-11-18,159.5,159.5,160.0,159.5,159.5,19221
2016-11-21,159.5,159.5,160.0,159.5,159.5,19221
2016-11-22,159.5,159.5,160.0,159.5,159.5,19221
2016-11-23,159.5,159.5,160.0,159.5,159.5,19221
2016-11-24,159.5,159.5,160.0,159.5,159.5,19221
2016-11-25,159.5,159.5,160.0,159.5,159.5,19221
2016-11-28,159.5,159.5,160.0,159.5,159.5,19221
2016-11-29,159.5,159.5,160.0,159.5,159.5,19221
2016-11-30,159.5,159.5,160.0,159.5,159.5,19221
2016-12-01,159.5,159.5,160.0,159.5,159.5,19221
2016-12-02,159.5,159.5,160.0,159.5,159.5,19221
2016-12-05,159.5,159.5,160.0,159.5,159.5,19221
2016-12-06,159.5,159.5,160.0,159.5,159.5,19221
2016-12-07,159.5,159.5,160.0,159.5,159.5,19221
2016-12-08,159.5,159.5,160.0,159.5,159.5,19221
2016-12-09,159.5,159.5,160.0,159.5,159.5,19221
2016-12-12,159.5,159.5,160.0,159.5,159.5,19221
2016-12-13,159.5,159.5,160.0,159.5,159.5,19221
2016-12-14,159.5,159.5,160.0,159.5,159.5,19221
2016-12-15,159.5,159.5,160.0,159.5,159.5,19221
2016-12-16,159.5,159.5,160.0,159.5,159.5,19221
2016-12-19,159.5,159.5,160.0,159.5,159.5,19221
2016-12-20,159.5,159.5,160.0,159.5,159.5,19221
2016-12-21,159.5,159.5,160.0,159.5,159.5,19221
2016-12-22,159.5,159.5,160.0,159.5,159.5,19221
2016-12-23,159.5,159.5,160.0,159.5,159.5,19221
2016-12-26,159.5,159.5,160.0,159.5,159.5,19221
2016-12-27,159.5,159.5,160.0,159.5,159.5,19221
2016-12-28,159.5,159.5,160.0,159.5,159.5,19221
2016-12-29,159.5,159.5,160.0,159.5,159.5,19221
2016-12-30,159.5,159.5,160.0,159.5,159.5,19221
2017-01-03,159.5,159.5,160.0,159.5,159.5,19221
2017-01-04,159.5,159.5,160.0,159.5,159.5,19221
2017-01-05,159.5,159.5,160.0,159.5,159.5,19221
2017-01-06,159.5,159.5,160.0,159.5,159.5,19221
2017-01-09,159.5,159.5,160.0,159.5,159.5,19221
2017-01-10,159.5,159.5,160.0,159.5,159.5,19221
2017-01-11,159.5,159.5,160.0,159.5,159.5,19221
2017-01-12,159.5,159.5,160.0,159.5,159.5,19221
2017-01-13,159.5,159.5,160.0,159.5,159.5,19221
2017-01-16,159.5,159.5,160.0,159.5,159.5,19221
2017-01-17,159.5,159.5,160.0,159.5,159.5,19221
2017-01-18,159.5,159.5,160.0,159.5,159.5,19221
2017-01-19,159.5,159.5,160.0,159.5,159.5,19221
2017-01-20,159.5,159.5,160.0,159.5,159.5,19221
2017-01-23,159.5,159.5,160.0,159.5,159.5,19221
2017-01-24,159.5,159.5,160.0,159.5,159.5,19221
2017-02-02,159.5,159.5,160.0,159.5,159.5,19221
2017-02-03,159.5,159.5,160.0,159.5,159.5,19221
2017-02-06,159.5,159.5,160.0,159.5,159.5,19221
2017-02-07,159.5,159.5,160.0,159.5,159.5,19221
2017-02-08,159.5,159.5,160.0,159.5,159.5,19221
2017-02-09,159.5,159.5,160.0,159.5,159.5,19221
2017-02-10,159.5,159.5,160.0,159.5,159.5,19221
2017-02-13,159.5,159.5,160.0,159.5,159.5,19221
2017-02-14,159.5,159.5,160.0,159.5,159.5,19221
2017-02-15,159.5,159.5,160.0,159.5,159.5,19221
2017-02-16,159.5,159.5,160.0,159.5,159.5,19221
2017-02-17,159.5,159.5,160.0,159.5,159.5,19221
2017-02-20,159.5,159.5,160.0,159.5,159.5,19221
2017-02-21,159.5,159.5,160.0,159.5,159.5,19221
2017-02-22,159.5,159.5,160.0,159.5,159.5,19221
2017-02-23,159.5,159.5,160.0,159.5,159.5,19221
2017-02-24,159.5,159.5,160.0,159.5,159.5,19221
2017-03-01,159.5,159.5,160.0,159.5,159.5,19221
2017-03-02,159.5,159.5,160.0,159.5,159.5,19221
2017-03-03,159.5,159.5,160.0,159.5,159.5,19221
2017-03-06,159.5,159.5,160.0,159.5,159.5,19221
2017-03-07,159.5,159.5,160.0,159.5,159.5,19221
2017-03-08,159.5,159.5,160.0,159.5,159.5,19221
2017-03-09,159.5,159.5,160.0,159.5,159.5,19221
2017-03-10,159.5,159.5,160.0,159.5,159.5,19221
2017-03-13,159.5,159.5,160.0,159.5,159.5,19221
2017-03-14,159.5,159.5,160.0,159.5,159.5,19221
2017-03-15,159.5,159.5,160.0,159.5,159.5,19221
2017-03-16,159.5,159.5,160.0,159.5,159.5,19221
2017-03-17,159.5,159.5,160.0,159.5,159.5,19221
2017-03-20,159.5,159.5,160.0,159.5,159.5,19221
2017-03-21,159.5,159.5,160.0,159.5,159.5,19221
2017-03-22,159.5,159.5,160.0,159.5,159.5,19221
2017-03-23,159.5,159.5,160.0,159.5,159.5,19221
2017-03-24,159.5,159.5,160.0,159.5,159.5,19221
2017-03-27,159.5,159.5,160.0,159.5,159.5,19221
2017-03-28,159.5,159.5,160.0,159.5,159.5,19221
2017-03-29,159.5,159.5,160.0,159.5,159.5,19221
2017-03-30,159.5,159.5,160.0,159.5,159.5,19221
2017-03-31,159.5,159.5,160.0,159.5,159.5,19221
2017-04-05,159.5,159.5,160.0,159.5,159.5,19221
2017-04-06,159.5,159.5,160.0,159.5,159.5,19221
2017-04-07,159.5,159.5,160.0,159.5,159.5,19221
2017-04-10,159.5,159.5,160.0,159.5,159.5,19221
2017-04-11,159.5,159.5,160.0,159.5,159.5,19221
2017-04-12,159.5,159.5,160.0,159.5,159.5,19221
2017-04-13,159.5,159.5,160.0,159.5,159.5,19221
2017-04-14,159.5,159.5,160.0,159.5,159.5,19221
2017-04-17,159.5,159.5,160.0,159.5,159.5,19221
2017-04-18,159.5,159.5,160.0,159.5,159.5,19221
2017-04-19,159.5,159.5,160.0,159.5,159.5,19221
2017-04-21,159.5,159.5,160.0,159.5,159.5,19221
2017-04-24,159.5,159.5,160.0,159.5,159.5,19221
2017-04-25,159.5,159.5,160.0,159.5,159.5,19221
2017-04-26,159.5,159.5,160.0,159.5,159.5,19221
2017-04-27,159.5,159.5,160.0,159.5,159.5,19221
2017-04-28,159.5,159.5,160.0,159.5,159.5,19221
2017-05-02,159.5,159.5,160.0,159.5,159.5,19221
2017-05-03,159.5,159.5,160.0,159.5,159.5,19221
2017-05-04,159.5,159.5,160.0,159.5,159.5,19221
2017-05-05,159.5,159.5,160.0,159.5,159.5,19221
2017-05-08,159.5,159.5,160.0,159.5,159.5,19221
2017-05-09,159.5,159.5,160.0,159.5,159.5,19221
2017-05-10,159.5,159.5,160.0,159.5,159.5,19221
2017-05-11,159.5,159.5,160.0,159.5,159.5,19221
2017-05-12,159.5,159.5,160.0,159.5,159.5,19221
2017-05-15,159.5,159.5,160.0,159.5,159.5,19221
2017-05-16,159.5,159.5,160.0,159.5,159.5,19221
2017-05-17,159.5,159.5,160.0,159.5,159.5,19221
2017-05-18,159.5,159.5,160.0,159.5,159.5,19221
2017-05-19,159.5,159.5,160.0,159.5,159.5,19221
2017-05-22,159.5,159.5,160.0,159.5,159.5,19221
2017-05-23,159.5,159.5,160.0,159.5,159.5,19221
2017-05-24,159.5,159.5,160.0,159.5,159.5,19221
2017-05-25,159.5,159.5,160.0,159.5,159.5,19221
2017-05-26,159.5,159.5,160.0,159.5,159.5,19221
2017-05-31,159.5,159.5,160.0,159.5,159.5,19221
2017-06-01,159.5,159.5,160.0,159.5,159.5,19221
2017-06-02,159.5,159.5,160.0,159.5,159.5,19221
2017-06-05,159.5,159.5,160.0,159.5,159.5,19221
2017-06-06,159.5,159.5,160.0,159.5,159.5,19221
2017-06-07,159.5,159.5,160.0,159.5,159.5,19221
2017-06-08,159.5,159.5,160.0,159.5,159.5,19221
2017-06-09,159.5,159.5,160.0,159.5,159.5,19221
2017-06-12,159.5,159.5,160.0,159.5,159.5,19221
2017-06-13,159.5,159.5,160.0,159.5,159.5,19221
2017-06-14,159.5,159.5,160.0,159.5,159.5,19221
2017-06-15,159.5,159.5,160.0,159.5,159.5,19221
2017-06-16,159.5,159.5,160.0,159.5,159.5,19221
2017-06-19,159.5,159.5,160.0,159.5,159.5,19221
2017-06-20,159.5,159.5,160.0,159.5,159.5,19221
2017-06-21,159.5,159.5,160.0,159.5,159.5,19221
2017-06-22,159.5,159.5,160.0,159.5,159.5,19221
2017-06-23,159.5,159.5,160.0,159.5,159.5,19221
2017-06-26,159.5,159.5,160.0,159.5,159.5,19221
2017-06-27,159.5,159.5,160.0,159.5,159.5,19221
2017-06-28,159.5,159.5,160.0,159.5,159.5,19221
2017-06-29,159.5,159.5,160.0,159.5,159.5,19221
2017-06-30,159.5,159.5,160.0,159.5,159.5,19221
2017-07-03,159.5,159.5,160.0,159.5,159.5,19221
2017-07-04,159.5,159.5,160.0,159.5,159.5,19221
2017-07-05,159.5,159.5,160.0,159.5,159.5,19221
2017-07-06,159.5,159.5,160.0,159.5,159.5,19221
2017-07-07,159.5,159.5,160.0,159.5,159.5,19221
2017-07-10,159.5,159.5,160.0,159.5,159.5,19221
2017-07-11,159.5,159.5,160.0,159.5,159.5,19221
2017-07-12,159.5,159.5,160.0,159.5,159.5,19221
2017-07-13,159.5,159.5,160.0,159.5,159.5,19221
2017-07-14,159.5,159.5,160.0,159.5,159.5,19221
2017-07-17,159.5,159.5,160.0,159.5,159.5,19221
2017-07-18,159.5,159.5,160.0,159.5,159.5,19221
2017-07-19,159.5,159.5,160.0,159.5,159.5,19221
2017-07-20,159.5,159.5,160.0,159.5,159.5,19221
2017-07-21,159.5,159.5,160.0,159.5,159.5,19221
2017-07-24,159.5,159.5,160.0,159.5,159.5,19221
2017-07-25,159.5,159.5,160.0,159.5,159.5,19221
2017-07-26,159.5,159.5,160.0,159.5,159.5,19221
2017-07-27,159.5,159.5,160.0,159.5,159.5,19221
2017-07-28,159.5,159.5,160.0,159.5,159.5,19221
2017-07-31,159.5,159.5,160.0,159.5,159.5,19221
2017-08-01,159.5,159.5,160.0,159.5,159.5,19221
2017-08-02,159.5,159.5,160.0,159.5,159.5,19221
2017-08-03,159.5,159.5,160.0,159.5,159.5,19221
2017-08-04,159.5,159.5,160.0,159.5,159.5,19221
2017-08-07,159.5,159.5,160.0,159.5,159.5,19221
2017-08-08,159.5,159.5,160.0,159.5,159.5,19221
2017-08-09,159.5,159.5,160.0,159.5,159.5,19221
2017-08-10,159.5,159.5,160.0,159.5,159.5,19221
2017-08-11,159.5,159.5,160.0,159.5,159.5,19221
2017-08-14,159.5,159.5,160.0,159.5,159.5,19221
2017-08-15,159.5,159.5,160.0,159.5,159.5,19221
2017-08-16,159.5,159.5,160.0,159.5,159.5,19221
2017-08-17,159.5,159.5,160.0,159.5,159.5,19221
2017-08-18,159.5,159.5,160.0,159.5,159.5,19221
2017-08-21,159.5,159.5,160.0,159.5,159.5,19221
2017-08-22,159.5,159.5,160.0,159.5,159.5,19221
2017-08-23,159.5,159.5,160.0,159.5,159.5,19221
2017-08-24,159.5,159.5,160.0,159.5,159.5,19221
2017-08-25,159.5,159.5,160.0,159.5,159.5,19221
2017-08-28,159.5,159.5,160.0,159.5,159.5,19221
2017-08-29,159.5,159.5,160.0,159.5,159.5,19221
2017-08-30,159.5,159.5,160.0,159.5,159.5,19221
2017-08-31,159.5,159.5,160.0,159.5,159.5,19221
2017-09-01,159.5,159.5,160.0,159.5,159.5,19221
2017-09-04,159.5,159.5,160.0,159.5,159.5,19221
2017-09-05,159.5,159.5,160.0,159.5,159.5,19221
2017-09-06,159.5,159.5,160.0,159.5,159.5,19221
2017-09-07,159.5,159.5,160.0,159.5,159.5,19221
2017-09-08,159.5,159.5,160.0,159.5,159.5,19221
2017-09-11,159.5,159.5,160.0,159.5,159.5,19221
2017-09-12,159.5,159.5,160.0,159.5,159.5,19221
2017-09-13,159.5,159.5,160.0,159.5,159.5,19221
2017-09-14,159.5,159.5,160.0,159.5,159.5,19221
2017-09-15,159.5,159.5,160.0,159.5,159.5,19221
2017-09-18,159.5,159.5,160.0,159.5,159.5,19221
2017-09-19,159.5,159.5,160.0,159.5,159.5,19221
2017-09-20,159.5,159.5,160.0,159.5,159.5,19221
2017-09-21,159.5,159.5,160.0,159.5,159.5,19221
2017-09-22,159.5,159.5,160.0,159.5,159.5,19221
2017-09-25,159.5,159.5,160.0,159.5,159.5,19221
2017-09-26,159.5,159.5,160.0,159.5,159.5,19221
2017-09-27,159.5,159.5,160.0,159.5,159.5,19221
2017-09-28,159.5,159.5,160.0,159.5,159.5,19221
2017-09-29,159.5,159.5,160.0,159.5,159.5,19221
2017-10-02,159.5,159.5,160.0,159.5,159.5,19221
2017-10-03,159.5,159.5,160.0,159.5,159.5,19221
2017-10-05,159.5,159.5,160.0,159.5,159.5,19221
2017-10-06,159.5,159.5,160.0,159.5,159.5,19221
2017-10-11,159.5,159.5,160.0,159.5,159.5,19221
2017-10-12,159.5,159.5,160.0,159.5,159.5,19221
2017-10-13,159.5,159.5,160.0,159.5,159.5,19221
2017-10-16,159.5,159.5,160.0,159.5,159.5,19221
2017-10-17,159.5,159.5,160.0,159.5,159.5,19221
2017-10-18,159.5,159.5,160.0,159.5,159.5,19221
2017-10-19,159.5,159.5,160.0,159.5,159.5,19221
2017-10-20,159.5,159.5,160.0,159.5,159.5,19221
2017-10-23,159.5,159.5,160.0,159.5,159.5,19221
2017-10-24,159.5,159.5,160.0,159.5,159.5,19221
2017-10-25,159.5,159.5,160.0,159.5,159.5,19221
2017-10-26,159.5,159.5,160.0,159.5,159.5,19221
2017-10-27,159.5,159.5,160.0,159.5,159.5,19221
2017-10-30,159.5,159.5,160.0,159.5,159.5,19221
2017-10-31,159.5,159.5,160.0,159.5,159.5,19221
2017-11-01,159.5,159.5,160.0,159.5,159.5,19221
2017-11-02,159.5,159.5,160.0,159.5,159.5,19221
2017-11-03,159.5,159.5,160.0,159.5,159.5,19221
2017-11-06,159.5,159.5,160.0,159.5,159.5,19221
2017-11-07,159.5,159.5,160.0,159.5,159.5,19221
2017-11-08,159.5,159.5,160.0,159.5,159.5,19221
2017-11-09,159.5,159.5,160.0,159.5,159.5,19221
2017-11-10,159.5,159.5,160.0,159.5,159.5,19221
2017-11-13,159.5,159.5,160.0,159.5,159.5,19221
2017-11-14,159.5,159.5,160.0,159.5,159.5,19221
2017-11-15,159.5,159.5,160.0,159.5,159.5,19221
2017-11-16,159.5,159.5,160.0,159.5,159.5,19221
2017-11-17,159.5,159.5,160.0,159.5,159.5,19221
2017-11-20,159.5,159.5,160.0,159.5,159.5,19221
2017-11-21,159.5,159.5,160.0,159.5,159.5,19221
2017-11-22,159.5,159.5,160.0,159.5,159.5,19221
2017-11-23,159.5,159.5,160.0,159.5,159.5,19221
2017-11-24,159.5,159.5,160.0,159.5,159.5,19221
2017-11-27,159.5,159.5,160.0,159.5,159.5,19221
2017-11-28,159.5,159.5,160.0,159.5,159.5,19221
2017-11-29,159.5,159.5,160.0,159.5,159.5,19221
2017-11-30,159.5,159.5,160.0,159.5,159.5,19221
2017-12-01,159.5,159.5,160.0,159.5,159.5,19221
2017-12-04,159.5,159.5,160.0,159.5,159.5,19221
2017-12-05,159.5,159.5,160.0,159.5,159.5,19221
2017-12-06,159.5,159.5,160.0,159.5,159.5,19221
2017-12-07,159.5,159.5,160.0,159.5,159.5,19221
2017-12-08,159.5,159.5,160.0,159.5,159.5,19221
2017-12-11,159.5,159.5,160.0,159.5,159.5,19221
2017-12-12,159.5,159.5,160.0,159.5,159.5,19221
2017-12-13,159.5,159.5,160.0,159.5,159.5,19221
2017-12-14,159.5,159.5,160.0,159.5,159.5,19221
2017-12-15,159.5,159.5,160.0,159.5,159.5,19221
2017-12-18,159.5,159.5,160.0,159.5,159.5,19221
2017-12-19,159.5,159.5,160.0,159.5,159.5,19221
2017-12-20,159.5,159.5,160.0,159.5,159.5,19221
2017-12-21,159.5,159.5,160.0,159.5,159.5,19221
2017-12-22,159.5,159.5,160.0,159.5,159.5,19221
2017-12-25,159.5,159.5,160.0,159.5,159.5,19221
2017-12-26,159.5,159.5,160.0,159.5,159.5,19221
2017-12-27,159.5,159.5,160.0,159.5,159.5,19221
2017-12-28,159.5,159.5,160.0,159.5,159.5,19221
2017-12-29,159.5,159.5,160.0,159.5,159.5,19221
2018-01-02,159.5,159.5,160.0,159.5,159.5,19221
2018-01-03,159.5,159.5,160.0,159.5,159.5,19221
2018-01-04,159.5,159.5,160.0,159.5,159.5,19221
2018-01-05,159.5,159.5,160.0,159.5,159.5,19221
2018-01-08,159.5,159.5,160.0,159.5,159.5,19221
2018-01-09,159.5,159.5,160.0,159.5,159.5,19221
2018-01-10,159.5,159.5,160.0,159.5,159.5,19221
2018-01-11,159.5,159.5,160.0,159.5,159.5,19221
2018-01-12,159.5,159.5,160.0,159.5,159.5,19221
2018-01-15,159.5,159.5,160.0,159.5,159.5,19221
2018-01-16,159.5,159.5,160.0,159.5,159.5,19221
2018-01-17,159.5,159.5,160.0,159.5,159.5,19221
2018-01-18,159.5,159.5,160.0,159.5,159.5,19221
2018-01-19,159.5,159.5,160.0,159.5,159.5,19221
2018-01-22,159.5,159.5,160.0,159.5,159.5,19221
2018-01-23,159.5,159.5,160.0,159.5,159.5,19221
2018-01-24,159.5,159.5,160.0,159.5,159.5,19221
2018-01-25,159.5,159.5,160.0,159.5,159.5,19221
2018-01-26,159.5,159.5,160.0,159.5,159.5,19221
2018-01-29,159.5,159.5,160.0,159.5,159.5,19221
2018-01-30,159.5,159.5,160.0,159.5,159.5,19221
2018-01-31,159.5,159.5,160.0,159.5,159.5,19221
2018-02-01,159.5,159.5,160.0,159.5,159.5,19221
2018-02-02,159.5,159.5,160.0,159.5,159.5,19221
2018-02-05,159.5,159.5,160.0,159.5,159.5,19221
2018-02-06,159.5,159.5,160.0,159.5,159.5,19221
2018-02-07,159.5,159.5,160.0,159.5,159.5,19221
2018-02-08,159.5,159.5,160.0,159.5,159.5,19221
2018-02-09,159.5,159.5,160.0,159.5,159.5,19221
2018-02-12,159.5,159.5,160.0,159.5,159.5,19221
2018-02-21,159.5,159.5,160.0,159.5,159.5,19221
2018-02-22,159.5,159.5,160.0,159.5,159.5,19221
2018-02-23,159.5,159.5,160.0,159.5,159.5,19221
2018-02-26,159.5,159.5,160.0,159.5,159.5,19221
2018-02-27,159.5,159.5,160.0,159.5,159.5,19221
2018-03-01,159.5,159.5,160.0,159.5,159.5,19221
2018-03-02,159.5,159.5,160.0,159.5,159.5,19221
2018-03-05,159.5,159.5,160.0,159.5,159.5,19221
2018-03-06,159.5,159.5,160.0,159.5,159.5,19221
2018-03-07,159.5,159.5,160.0,159.5,159.5,19221
2018-03-08,159.5,159.5,160.0,159.5,159.5,19221
2018-03-09,159.5,159.5,160.0,159.5,159.5,19221
2018-03-12,159.5,159.5,160.0,159.5,159.5,19221
2018-03-13,159.5,159.5,160.0,159.5,159.5,19221
2018-03-14,159.5,159.5,160.0,159.5,159.5,19221
2018-03-15,159.5,159.5,160.0,159.5,159.5,19221
2018-03-16,159.5,159.5,160.0,159.5,159.5,19221
2018-03-19,159.5,159.5,160.0,159.5,159.5,19221
2018-03-20,159.5,159.5,160.0,159.5,159.5,19221
2018-03-21,159.5,159.5,160.0,159.5,159.5,19221
2018-03-22,159.5,159.5,160.0,159.5,159.5,19221
2018-03-23,159.5,159.5,160.0,159.5,159.5,19221
2018-03-26,159.5,159.5,160.0,159.5,159.5,19221
2018-03-27,159.5,159.5,160.0,159.5,159.5,19221
2018-03-28,159.5,159.5,160.0,159.5,159.5,19221
2018-03-29,159.5,159.5,160.0,159.5,159.5,19221
2018-03-30,159.5,159.5,160.0,159.5,159.5,19221
2018-04-02,159.5,159.5,160.0,159.5,159.5,19221
2018-04-03,159.5,159.5,160.0,159.5,159.5,19221
2018-04-09,159.5,159.5,160.0,159.5,159.5,19221
2018-04-10,159.5,159.5,160.0,159.5,159.5,19221
2018-04-11,159.5,159.5,160.0,159.5,159.5,19221
2018-04-12,159.5,159.5,160.0,159.5,159.5,19221
2018-04-13,159.5,159.5,160.0,159.5,159.5,19221
2018-04-16,159.5,159.5,160.0,159.5,159.5,19221
2018-04-17,159.5,159.5,160.0,159.5,159.5,19221
2018-04-18,159.5,159.5,160.0,159.5,159.5,19221
2018-04-19,159.5,159.5,160.0,159.5,159.5,19221
2018-04-20,159.5,159.5,160.0,159.5,159.5,19221
2018-04-23,159.5,159.5,160.0,159.5,159.5,19221
2018-04-24,159.5,159.5,160.0,159.5,159.5,19221
2018-04-25,159.5,159.5,160.0,159.5,159.5,19221
2018-04-26,159.5,159.5,160.0,159.5,159.5,19221
2018-04-27,159.5,159.5,160.0,159.5,159.5,19221
2018-04-30,159.5,159.5,160.0,159.5,159.5,19221
2018-05-02,159.5,159.5,160.0,159.5,159.5,19221
2018-05-03,159.5,159.5,160.0,159.5,159.5,19221
2018-05-04,159.5,159.5,160.0,159.5,159.5,19221
2018-05-07,159.5,159.5,160.0,159.5,159.5,19221
2018-05-08,159.5,159.5,160.0,159.5,159.5,19221
2018-05-09,159.5,159.5,160.0,159.5,159.5,19221
2018-05-10,159.5,159.5,160.0,159.5,159.5,19221
2018-05-11,159.5,159.5,160.0,159.5,159.5,19221
2018-05-14,159.5,159.5,160.0,159.5,159.5,19221
2018-05-15,159.5,159.5,160.0,159.5,159.5,19221
2018-05-16,159.5,159.5,160.0,159.5,159.5,19221
2018-05-17,159.5,159.5,160.0,159.5,159.5,19221
2018-05-18,159.5,159.5,160.0,159.5,159.5,19221
2018-05-21,159.5,159.5,160.0,159.5,159.5,19221
2018-05-22,159.5,159.5,160.0,159.5,159.5,19221
2018-05-23,159.5,159.5,160.0,159.5,159.5,19221
2018-05-24,159.5,159.5,160.0,159.5,159.5,19221
2018-05-25,159.5,159.5,160.0,159.5,159.5,19221
2018-05-28,159.5,159.5,160.0,159.5,159.5,19221
2018-05-29,159.5,159.5,160.0,159.5,159.5,19221
2018-05-30,159.5,159.5,160.0,159.5,159.5,19221
2018-05-31,159.5,159.5,160.0,159.5,159.5,19221
2018-06-01,159.5,159.5,160.0,159.5,159.5,19221
2018-06-04,159.5,159.5,160.0,159.5,159.5,19221
2018-06-05,159.5,159.5,160.0,159.5,159.5,19221
2018-06-06,159.5,159.5,160.0,159.5,159.5,19221
2018-06-07,159.5,159.5,160.0,159.5,159.5,19221
2018-06-08,159.5,159.5,160.0,159.5,159.5,19221
2018-06-11,159.5,159.5,160.0,159.5,159.5,19221
2018-06-12,159.5,159.5,160.0,159.5,159.5,19221
2018-06-13,159.5,159.5,160.0,159.5,159.5,19221
2018-06-14,159.5,159.5,160.0,159.5,159.5,19221
2018-06-15,159.5,159.5,160.0,159.5,159.5,19221
2018-06-19,159.5,159.5,160.0,159.5,159.5,19221
2018-06-20,159.5,159.5,160.0,159.5,159.5,19221
2018-06-21,159.5,159.5,160.0,159.5,159.5,19221
2018-06-22,159.5,159.5,160.0,159.5,159.5,19221
2018-06-25,159.5,159.5,160.0,159.5,159.5,19221
2018-06-26,159.5,159.5,160.0,159.5,159.5,19221
2018-06-27,159.5,159.5,160.0,159.5,159.5,19221
2018-06-28,159.5,159.5,160.0,159.5,159.5,19221
2018-06-29,159.5,159.5,160.0,159.5,159.5,19221
2018-07-02,159.5,159.5,160.0,159.5,159.5,19221
2018-07-03,159.5,159.5,160.0,159.5,159.5,19221
2018-07-04,159.5,159.5,160.0,159.5,159.5,19221
2018-07-05,159.5,159.5,160.0,159.5,159.5,19221
2018-07-06,159.5,159.5,160.0,159.5,159.5,19221
2018-07-09,159.5,159.5,160.0,159.5,159.5,19221
2018-07-10,159.5,159.5,160.0,159.5,159.5,19221
2018-07-11,159.5,159.5,160.0,159.5,159.5,19221
2018-07-12,159.5,159.5,160.0,159.5,159.5,19221
2018-07-13,159.5,159.5,160.0,159.5,159.5,19221
2018-07-16,159.5,159.5,160.0,159.5,159.5,19221
2018-07-17,159.5,159.5,160.0,159.5,159.5,19221
2018-07-18,159.5,159.5,160.0,159.5,159.5,19221
2018-07-19,159.5,159.5,160.0,159.5,159.5,19221
2018-07-20,159.5,159.5,160.0,159.5,159.5,19221
2018-07-23,159.5,159.5,160.0,159.5,159.5,19221
2018-07-24,159.5,159.5,160.0,159.5,159.5,19221
2018-07-25,159.5,159.5,160.0,159.5,159.5,19221
2018-07-26,159.5,159.5,160.0,159.5,159.5,19221
2018-07-27,159.5,159.5,160.0,159.5,159.5,19221
2018-07-30,159.5,159.5,160.0,159.5,159.5,19221
2018-07-31,159.5,159.5,160.0,159.5,159.5,19221
2018-08-01,159.5,159.5,160.0,159.5,159.5,19221
2018-08-02,159.5,159.5,160.0,159.5,159.5,19221
2018-08-03,159.5,159.5,160.0,159.5,159.5,19221
2018-08-06,159.5,159.5,160.0,159.5,159.5,19221
2018-08-07,159.5,159.5,160.0,159.5,159.5,19221
2018-08-08,159.5,159.5,160.0,159.5,159.5,19221
2018-08-09,159.5,159.5,160.0,159.5,159.5,19221
2018-08-10,159.5,159.5,160.0,159.5,159.5,19221
2018-08-13,159.5,159.5,160.0,159.5,159.5,19221
2018-08-14,159.5,159.5,160.0,159.5,159.5,19221
2018-08-15,159.5,159.5,160.0,159.5,159.5,19221
2018-08-16,159.5,159.5,160.0,159.5,159.5,19221
2018-08-17,159.5,159.5,160.0,159.5,159.5,19221
2018-08-20,159.5,159.5,160.0,159.5,159.5,19221
2018-08-21,159.5,159.5,160.0,159.5,159.5,19221
2018-08-22,159.5,159.5,160.0,159.5,159.5,19221
2018-08-23,159.5,159.5,160.0,159.5,159.5,19221
2018-08-24,159.5,159.5,160.0,159.5,159.5,19221
2018-08-27,159.5,159.5,160.0,159.5,159.5,19221
2018-08-28,159.5,159.5,160.0,159.5,159.5,19221
2018-08-29,159.5,159.5,160.0,159.5,159.5,19221
2018-08-30,159.5,159.5,160.0,159.5,159.5,19221
2018-08-31,159.5,159.5,160.0,159.5,159.5,19221
2018-09-03,159.5,159.5,160.0,159.5,159.5,19221
2018-09-04,159.5,159.5,160.0,159.5,159.5,19221
2018-09-05,159.5,159.5,160.0,159.5,159.5,19221
2018-09-06,159.5,159.5,160.0,159.5,159.5,19221
2018-09-07,159.5,159.5,160.0,159.5,159.5,19221
2018-09-10,159.5,159.5,160.0,159.5,159.5,19221
2018-09-11,159.5,159.5,160.0,159.5,159.5,19221
2018-09-12,159.5,159.5,160.0,159.5,159.5,19221
2018-09-13,159.5,159.5,160.0,159.5,159.5,19221
2018-09-14,159.5,159.5,160.0,159.5,159.5,19221
2018-09-17,159.5,159.5,160.0,159.5,159.5,19221
2018-09-18,159.5,159.5,160.0,159.5,159.5,19221
2018-09-19,159.5,159.5,160.0,159.5,159.5,19221
2018-09-20,159.5,159.5,160.0,159.5,159.5,19221
2018-09-21,159.5,159.5,160.0,159.5,159.5,19221
2018-09-25,159.5,159.5,160.0,159.5,159.5,19221
2018-09-26,159.5,159.5,160.0,159.5,159.5,19221
2018-09-27,159.5,159.5,160.0,159.5,159.5,19221
2018-09-28,159.5,159.5,160.0,159.5,159.5,19221
2018-10-01,159.5,159.5,160.0,159.5,159.5,19221
2018-10-02,159.5,159.5,160.0,159.5,159.5,19221
2018-10-03,159.5,159.5,160.0,159.5,159.5,19221
2018-10-04,159.5,159.5,160.0,159.5,159.5,19221
2018-10-05,159.5,159.5,160.0,159.5,159.5,19221
2018-10-08,159.5,159.5,160.0,159.5,159.5,19221
2018-10-09,159.5,159.5,160.0,159.5,159.5,19221
2018-10-11,159.5,159.5,160.0,159.5,159.5,19221
2018-10-12,159.5,159.5,160.0,159.5,159.5,19221
2018-10-15,159.5,159.5,160.0,159.5,159.5,19221
2018-10-16,159.5,159.5,160.0,159.5,159.5,19221
2018-10-17,159.5,159.5,160.0,159.5,159.5,19221
2018-10-18,159.5,159.5,160.0,159.5,159.5,19221
2018-10-19,159.5,159.5,160.0,159.5,159.5,19221
2018-10-22,159.5,159.5,160.0,159.5,159.5,19221
2018-10-23,159.5,159.5,160.0,159.5,159.5,19221
2018-10-24,159.5,159.5,160.0,159.5,159.5,19221
2018-10-25,159.5,159.5,160.0,159.5,159.5,19221
2018-10-26,159.5,159.5,160.0,159.5,159.5,19221
2018-10-29,159.5,159.5,160.0,159.5,159.5,19221
2018-10-30,159.5,159.5,160.0,159.5,159.5,19221
2018-10-31,159.5,159.5,160.0,159.5,159.5,19221
2018-11-01,159.5,159.5,160.0,159.5,159.5,19221
2018-11-02,159.5,159.5,160.0,159.5,159.5,19221
2018-11-05,159.5,159.5,160.0,159.5,159.5,19221
2018-11-06,159.5,159.5,160.0,159.5,159.5,19221
2018-11-07,159.5,159.5,160.0,159.5,159.5,19221
2018-11-08,159.5,159.5,160.0,159.5,159.5,19221
2018-11-09,159.5,159.5,160.0,159.5,159.5,19221
2018-11-12,159.5,159.5,160.0,159.5,159.5,19221
2018-11-13,159.5,159.5,160.0,159.5,159.5,19221
2018-11-14,159.5,159.5,160.0,159.5,159.5,19221
2018-11-15,159.5,159.5,160.0,159.5,159.5,19221
2018-11-16,159.5,159.5,160.0,159.5,159.5,19221
2018-11-19,159.5,159.5,160.0,159.5,159.5,19221
2018-11-20,159.5,159.5,160.0,159.5,159.5,19221
2018-11-21,159.5,159.5,160.0,159.5,159.5,19221
2018-11-22,159.5,159.5,160.0,159.5,159.5,19221
2018-11-23,159.5,159.5,160.0,159.5,159.5,19221
2018-11-26,159.5,159.5,160.0,159.5,159.5,19221
2018-11-27,159.5,159.5,160.0,159.5,159.5,19221
2018-11-28,159.5,159.5,160.0,159.5,159.5,19221
2018-11-29,159.5,159.5,160.0,159.5,159.5,19221
2018-11-30,159.5,159.5,160.0,159.5,159.5,19221
2018-12-03,159.5,159.5,160.0,159.5,159.5,19221
2018-12-04,159.5,159.5,160.0,159.5,159.5,19221
2018-12-05,159.5,159.5,160.0,159.5,159.5,19221
2018-12-06,159.5,159.5,160.0,159.5,159.5,19221
2018-12-07,159.5,159.5,160.0,159.5,159.5,19221
2018-12-10,159.5,159.5,160.0,159.5,159.5,19221
2018-12-11,159.5,159.5,160.0,159.5,159.5,19221
2018-12-12,159.5,159.5,160.0,159.5,159.5,19221
2018-12-13,159.5,159.5,160.0,159.5,159.5,19221
2018-12-14,159.5,159.5,160.0,159.5,159.5,19221
2018-12-17,159.5,159.5,160.0,159.5,159.5,19221
2018-12-18,159.5,159.5,160.0,159.5,159.5,19221
2018-12-19,159.5,159.5,160.0,159.5,159.5,19221
2018-12-20,159.5,159.5,160.0,159.5,159.5,19221
2018-12-21,159.5,159.5,160.0,159.5,159.5,19221
2018-12-24,159.5,159.5,160.0,159.5,159.5,19221
2018-12-25,159.5,159.5,160.0,159.5,159.5,19221
2018-12-26,159.5,159.5,160.0,159.5,159.5,19221
2018-12-27,159.5,159.5,160.0,159.5,159.5,19221
2018-12-28,159.5,159.5,160.0,159.5,159.5,19221
2019-01-02,159.5,159.5,160.0,159.5,159.5,19221
2019-01-03,159.5,159.5,160.0,159.5,159.5,19221
2019-01-04,159.5,159.5,160.0,159.5,159.5,19221
2019-01-07,159.5,159.5,160.0,159.5,159.5,19221
2019-01-08,159.5,159.5,160.0,159.5,159.5,19221
2019-01-09,159.5,159.5,160.0,159.5,159.5,19221
2019-01-10,159.5,159.5,160.0,159.5,159.5,19221
2019-01-11,159.5,159.5,160.0,159.5,159.5,19221
2019-01-14,159.5,159.5,160.0,159.5,159.5,19221
2019-01-15,159.5,159.5,160.0,159.5,159.5,19221
2019-01-16,159.5,159.5,160.0,159.5,159.5,19221
2019-01-17,159.5,159.5,160.0,159.5,159.5,19221
2019-01-18,159.5,159.5,160.0,159.5,159.5,19221
2019-01-21,159.5,159.5,160.0,159.5,159.5,19221
2019-01-22,159.5,159.5,160.0,159.5,159.5,19221
2019-01-23,159.5,159.5,160.0,159.5,159.5,19221
2019-01-24,159.5,159.5,160.0,159.5,159.5,19221
2019-01-25,159.5,159.5,160.0,159.5,159.5,19221
2019-01-28,159.5,159.5,160.0,159.5,159.5,19221
2019-01-29,159.5,159.5,160.0,159.5,159.5,19221
2019-01-30,159.5,159.5,160.0,159.5,159.5,19221
2019-02-11,159.5,159.5,160.0,159.5,159.5,19221
2019-02-12,159.5,159.5,160.0,159.5,159.5,19221
2019-02-13,159.5,159.5,160.0,159.5,159.5,19221
2019-02-14,159.5,159.5,160.0,159.5,159.5,19221
2019-02-15,159.5,159.5,160.0,159.5,159.5,19221
2019-02-18,159.5,159.5,160.0,159.5,159.5,19221
2019-02-19,159.5,159.5,160.0,159.5,159.5,19221
2019-02-20,159.5,159.5,160.0,159.5,159.5,19221
2019-02-21,159.5,159.5,160.0,159.5,159.5,19221
2019-02-22,159.5,159.5,160.0,159.5,159.5,19221
2019-02-25,159.5,159.5,160.0,159.5,159.5,19221
2019-02-26,159.5,159.5,160.0,159.5,159.5,19221
2019-02-27,159.5,159.5,160.0,159.5,159.5,19221
2019-03-04,159.5,159.5,160.0,159.5,159.5,19221
2019-03-05,159.5,159.5,160.0,159.5,159.5,19221
2019-03-06,159.5,159.5,160.0,159.5,159.5,19221
2019-03-07,159.5,159.5,160.0,159.5,159.5,19221
2019-03-08,159.5,159.5,160.0,159.5,159.5,19221
2019-03-11,159.5,159.5,160.0,159.5,159.5,19221
2019-03-12,159.5,159.5,160.0,159.5,159.5,19221
2019-03-13,159.5,159.5,160.0,159.5,159.5,19221
2019-03-14,159.5,159.5,160.0,159.5,159.5,19221
2019-03-15,159.5,159.5,160.0,159.5,159.5,19221
2019-03-18,159.5,159.5,160.0,159.5,159.5,19221
2019-03-19,159.5,159.5,160.0,159.5,159.5,19221
2019-03-20,159.5,159.5,160.0,159.5,159.5,19221
2019-03-21,159.5,159.5,160.0,159.5,159.5,19221
2019-03-22,159.5,159.5,160.0,159.5,159.5,19221
2019-03-25,159.5,159.5,160.0,159.5,159.5,19221
2019-03-26,159.5,159.5,160.0,159.5,159.5,19221
2019-03-27,159.5,159.5,160.0,159.5,159.5,19221
2019-03-28,159.5,159.5,160.0,159.5,159.5,19221
2019-03-29,159.5,159.5,160.0,159.5,159.5,19221
2019-04-01,159.5,159.5,160.0,159.5,159.5,19221
2019-04-02,159.5,159.5,160.0,159.5,159.5,19221
2019-04-03,159.5,159.5,160.0,159.5,159.5,19221
2019-04-08,159.5,159.5,160.0,159.5,159.5,19221
2019-04-09,159.5,159.5,160.0,159.5,159.5,19221
2019-04-10,159.5,159.5,160.0,159.5,159.5,19221
2019-04-11,159.5,159.5,160.0,159.5,159.5,19221
2019-04-12,159.5,159.5,160.0,159.5,159.5,19221
2019-04-15,159.5,159.5,160.0,159.5,159.5,19221
2019-04-16,159.5,159.5,160.0,159.5,159.5,19221
2019-04-17,159.5,159.5,160.0,159.5,159.5,19221
2019-04-18,159.5,159.5,160.0,159.5,159.5,19221
2019-04-19,159.5,159.5,160.0,159.5,159.5,19221
2019-04-22,159.5,159.5,160.0,159.5,159.5,19221
2019-04-23,159.5,159.5,160.0,159.5,159.5,19221
2019-04-24,159.5,159.5,160.0,159.5,159.5,19221
2019-04-25,159.5,159.5,160.0,159.5,159.5,19221
2019-04-26,159.5,159.5,160.0,159.5,159.5,19221
2019-04-29,159.5,159.5,160.0,159.5,159.5,19221
2019-04-30,159.5,159.5,160.0,159.5,159.5,19221
2019-05-02,159.5,159.5,160.0,159.5,159.5,19221
2019-05-03,159.5,159.5,160.0,159.5,159.5,19221
2019-05-06,159.5,159.5,160.0,159.5,159.5,19221
2019-05-07,159.5,159.5,160.0,159.5,159.5,19221
2019-05-08,159.5,159.5,160.0,159.5,159.5,19221
2019-05-09,159.5,159.5,160.0,159.5,159.5,19221
2019-05-10,159.5,159.5,160.0,159.5,159.5,19221
2019-05-13,159.5,159.5,160.0,159.5,159.5,19221
2019-05-14,159.5,159.5,160.0,159.5,159.5,19221
2019-05-15,159.5,159.5,160.0,159.5,159.5,19221
2019-05-16,159.5,159.5,160.0,159.5,159.5,19221
2019-05-17,159.5,159.5,160.0,159.5,159.5,19221
2019-05-20,159.5,159.5,160.0,159.5,159.5,19221
2019-05-21,159.5,159.5,160.0,159.5,159.5,19221
2019-05-22,159.5,159.5,160.0,159.5,159.5,19221
2019-05-23,159.5,159.5,160.0,159.5,159.5,19221
2019-05-24,159.5,159.5,160.0,159.5,159.5,19221
2019-05-27,159.5,159.5,160.0,159.5,159.5,19221
2019-05-28,159.5,159.5,160.0,159.5,159.5,19221
2019-05-29,159.5,159.5,160.0,159.5,159.5,19221
2019-05-30,159.5,159.5,160.0,159.5,159.5,19221
2019-05-31,159.5,159.5,160.0,159.5,159.5,19221
2019-06-03,159.5,159.5,160.0,159.5,159.5,19221
2019-06-04,159.5,159.5,160.0,159.5,159.5,19221
2019-06-05,159.5,159.5,160.0,159.5,159.5,19221
2019-06-06,159.5,159.5,160.0,159.5,159.5,19221
2019-06-10,159.5,159.5,160.0,159.5,159.5,19221
2019-06-11,159.5,159.5,160.0,159.5,159.5,19221
2019-06-12,159.5,159.5,160.0,159.5,159.5,19221
2019-06-13,159.5,159.5,160.0,159.5,159.5,19221
2019-06-14,159.5,159.5,160.0,159.5,159.5,19221
2019-06-17,159.5,159.5,160.0,159.5,159.5,19221
2019-06-18,159.5,159.5,160.0,159.5,159.5,19221
2019-06-19,159.5,159.5,160.0,159.5,159.5,19221
2019-06-20,159.5,159.5,160.0,159.5,159.5,19221
2019-06-21,159.5,159.5,160.0,159.5,159.5,19221
2019-06-24,159.5,159.5,160.0,159.5,159.5,19221
2019-06-25,159.5,159.5,160.0,159.5,159.5,19221
2019-06-26,159.5,159.5,160.0,159.5,159.5,19221
2019-06-27,159.5,159.5,160.0,159.5,159.5,19221
2019-06-28,159.5,159.5,160.0,159.5,159.5,19221
2019-07-01,159.5,159.5,160.0,159.5,159.5,19221
2019-07-02,159.5,159.5,160.0,159.5,159.5,19221
2019-07-03,159.5,159.5,160.0,159.5,159.5,19221
2019-07-04,159.5,159.5,160.0,159.5,159.5,19221
2019-07-05,159.5,159.5,160.0,159.5,159.5,19221
2019-07-08,159.5,159.5,160.0,159.5,159.5,19221
2019-07-09,159.5,159.5,160.0,159.5,159.5,19221
2019-07-10,159.5,159.5,160.0,159.5,159.5,19221
2019-07-11,159.5,159.5,160.0,159.5,159.5,19221
2019-07-12,159.5,159.5,160.0,159.5,159.5,19221
2019-07-15,159.5,159.5,160.0,159.5,159.5,19221
2019-07-16,159.5,159.5,160.0,159.5,159.5,19221
2019-07-17,159.5,159.5,160.0,159.5,159.5,19221
2019-07-18,159.5,159.5,160.0,159.5,159.5,19221
2019-07-19,159.5,159.5,160.0,159.5,159.5,19221
2019-07-22,159.5,159.5,160.0,159.5,159.5,19221
2019-07-23,159.5,159.5,160.0,159.5,159.5,19221
2019-07-24,159.5,159.5,160.0,159.5,159.5,19221
2019-07-25,159.5,159.5,160.0,159.5,159.5,19221
2019-07-26,159.5,159.5,160.0,159.5,159.5,19221
2019-07-29,159.5,159.5,160.0,159.5,159.5,19221
2019-07-30,159.5,159.5,160.0,159.5,159.5,19221
2019-07-31,159.5,159.5,160.0,159.5,159.5,19221
2019-08-01,159.5,159.5,160.0,159.5,159.5,19221
2019-08-02,159.5,159.5,160.0,159.5,159.5,19221
2019-08-05,159.5,159.5,160.0,159.5,159.5,19221
2019-08-06,159.5,159.5,160.0,159.5,159.5,19221
2019-08-07,159.5,159.5,160.0,159.5,159.5,19221
2019-08-08,159.5,159.5,160.0,159.5,159.5,19221
2019-08-12,159.5,159.5,160.0,159.5,159.5,19221
2019-08-13,159.5,159.5,160.0,159.5,159.5,19221
2019-08-14,159.5,159.5,160.0,159.5,159.5,19221
2019-08-15,159.5,159.5,160.0,159.5,159.5,19221
2019-08-16,159.5,159.5,160.0,159.5,159.5,19221
2019-08-19,159.5,159.5,160.0,159.5,159.5,19221
2019-08-20,159.5,159.5,160.0,159.5,159.5,19221
2019-08-21,159.5,159.5,160.0,159.5,159.5,19221
2019-08-22,159.5,159.5,160.0,159.5,159.5,19221
2019-08-23,159.5,159.5,160.0,159.5,159.5,19221
2019-08-26,159.5,159.5,160.0,159.5,159.5,19221
2019-08-27,159.5,159.5,160.0,159.5,159.5,19221
2019-08-28,159.5,159.5,160.0,159.5,159.5,19221
2019-08-29,159.5,159.5,160.0,159.5,159.5,19221
2019-08-30,159.5,159.5,160.0,159.5,159.5,19221
2019-09-02,159.5,159.5,160.0,159.5,159.5,19221
2019-09-03,159.5,159.5,160.0,159.5,159.5,19221
2019-09-04,159.5,159.5,160.0,159.5,159.5,19221
2019-09-05,159.5,159.5,160.0,159.5,159.5,19221
2019-09-06,159.5,159.5,160.0,159.5,159.5,19221
2019-09-09,159.5,159.5,160.0,159.5,159.5,19221
2019-09-10,159.5,159.5,160.0,159.5,159.5,19221
2019-09-11,159.5,159.5,160.0,159.5,159.5,19221
2019-09-12,159.5,159.5,160.0,159.5,159.5,19221
2019-09-16,159.5,159.5,160.0,159.5,159.5,19221
2019-09-17,159.5,159.5,160.0,159.5,159.5,19221
2019-09-18,159.5,159.5,160.0,159.5,159.5,19221
2019-09-19,159.5,159.5,160.0,159.5,159.5,19221
2019-09-20,159.5,159.5,160.0,159.5,159.5,19221
2019-09-23,159.5,159.5,160.0,159.5,159.5,19221
2019-09-24,159.5,159.5,160.0,159.5,159.5,19221
2019-09-25,159.5,159.5,160.0,159.5,159.5,19221
2019-09-26,159.5,159.5,160.0,159.5,159.5,19221
2019-09-27,159.5,159.5,160.0,159.5,159.5,19221
2019-10-01,159.5,159.5,160.0,159.5,159.5,19221
2019-10-02,159.5,159.5,160.0,159.5,159.5,19221
2019-10-03,159.5,159.5,160.0,159.5,159.5,19221
2019-10-04,159.5,159.5,160.0,159.5,159.5,19221
2019-10-07,159.5,159.5,160.0,159.5,159.5,19221
2019-10-08,159.5,159.5,160.0,159.5,159.5,19221
2019-10-09,159.5,159.5,160.0,159.5,159.5,19221
2019-10-14,159.5,159.5,160.0,159.5,159.5,19221
2019-10-15,159.5,159.5,160.0,159.5,159.5,19221
2019-10-16,159.5,159.5,160.0,159.5,159.5,19221
2019-10-17,159.5,159.5,160.0,159.5,159.5,19221
2019-10-18,159.5,159.5,160.0,159.5,159.5,19221
2019-10-21,159.5,159.5,160.0,159.5,159.5,19221
2019-10-22,159.5,159.5,160.0,159.5,159.5,19221
2019-10-23,159.5,159.5,160.0,159.5,159.5,19221
2019-10-24,159.5,159.5,160.0,159.5,159.5,19221
2019-10-25,159.5,159.5,160.0,159.5,159.5,19221
2019-10-28,159.5,159.5,160.0,159.5,159.5,19221
2019-10-29,159.5,159.5,160.0,159.5,159.5,19221
2019-10-30,159.5,159.5,160.0,159.5,159.5,19221
2019-10-31,159.5,159.5,160.0,159.5,159.5,19221
2019-11-01,159.5,159.5,160.0,159.5,159.5,19221
2019-11-04,159.5,159.5,160.0,159.5,159.5,19221
2019-11-05,159.5,159.5,160.0,159.5,159.5,19221
2019-11-06,159.5,159.5,160.0,159.5,159.5,19221
2019-11-07,159.5,159.5,160.0,159.5,159.5,19221
2019-11-08,159.5,159.5,160.0,159.5,159.5,19221
2019-11-11,159.5,159.5,160.0,159.5,159.5,19221
2019-11-12,159.5,159.5,160.0,159.5,159.5,19221
2019-11-13,159.5,159.5,160.0,159.5,159.5,19221
2019-11-14,159.5,159.5,160.0,159.5,159.5,19221
2019-11-20,159.5,159.5,160.0,159.5,159.5,19221
2019-11-21,159.5,159.5,160.0,159.5,159.5,19221
2019-11-22,159.5,159.5,160.0,159.5,159.5,19221
2019-11-25,159.5,159.5,160.0,159.5,159.5,19221
2019-11-26,159.5,159.5,160.0,159.5,159.5,19221
2019-11-27,159.5,159.5,160.0,159.5,159.5,19221
2019-11-28,159.5,159.5,160.0,159.5,159.5,19221
2019-11-29,159.5,159.5,160.0,159.5,159.5,19221
2019-12-02,159.5,159.5,160.0,159.5,159.5,19221
2019-12-03,159.5,159.5,160.0,159.5,159.5,19221
2019-12-04,159.5,159.5,160.0,159.5,159.5,19221
2019-12-05,159.5,159.5,160.0,159.5,159.5,19221
2019-12-06,159.5,159.5,160.0,159.5,159.5,19221
2019-12-09,159.5,159.5,160.0,159.5,159.5,19221
2019-12-10,159.5,159.5,160.0,159.5,159.5,19221
2019-12-11,159.5,159.5,160.0,159.5,159.5,19221
2019-12-12,159.5,159.5,160.0,159.5,159.5,19221
2019-12-13,159.5,159.5,160.0,159.5,159.5,19221
2019-12-16,159.5,159.5,160.0,159.5,159.5,19221
2019-12-17,159.5,159.5,160.0,159.5,159.5,19221
2019-12-18,159.5,159.5,160.0,159.5,159.5,19221
2019-12-19,159.5,159.5,160.0,159.5,159.5,19221
2019-12-20,159.5,159.5,160.0,159.5,159.5,19221
2019-12-23,159.5,159.5,160.0,159.5,159.5,19221
2019-12-24,159.5,159.5,160.0,159.5,159.5,19221
2019-12-25,159.5,159.5,160.0,159.5,159.5,19221
2019-12-26,159.5,159.5,160.0,159.5,159.5,19221
2019-12-27,159.5,159.5,160.0,159.5,159.5,19221
2019-12-30,159.5,159.5,160.0,159.5,159.5,19221
2019-12-31,159.5,159.5,160.0,159.5,159.5,19221
2020-01-02,159.5,159.5,160.0,159.5,159.5,19221
2020-01-03,159.5,159.5,160.0,159.5,159.5,19221
2020-01-06,159.5,159.5,160.0,159.5,159.5,19221
2020-01-07,159.5,159.5,160.0,159.5,159.5,19221
2020-01-08,159.5,159.5,160.0,159.5,159.5,19221
2020-01-09,159.5,159.5,160.0,159.5,159.5,19221
2020-01-10,159.5,159.5,160.0,159.5,159.5,19221
2020-01-13,159.5,159.5,160.0,159.5,159.5,19221
2020-01-14,159.5,159.5,160.0,159.5,159.5,19221
2020-01-15,159.5,159.5,160.0,159.5,159.5,19221
2020-01-16,159.5,159.5,160.0,159.5,159.5,19221
2020-01-17,159.5,159.5,160.0,159.5,159.5,19221
2020-01-20,159.5,159.5,160.0,159.5,159.5,19221
2020-01-30,159.5,159.5,160.0,159.5,159.5,19221
2020-01-31,159.5,159.5,160.0,159.5,159.5,19221
2020-02-03,159.5,159.5,160.0,159.5,159.5,19221
2020-02-04,159.5,159.5,160.0,159.5,159.5,19221
2020-02-05,159.5,159.5,160.0,159.5,159.5,19221
2020-02-06,159.5,159.5,160.0,159.5,159.5,19221
2020-02-07,159.5,159.5,160.0,159.5,159.5,19221
2020-02-10,159.5,159.5,160.0,159.5,159.5,19221
2020-02-11,159.5,159.5,160.0,159.5,159.5,19221
2020-02-12,159.5,159.5,160.0,159.5,159.5,19221
2020-02-13,159.5,159.5,160.0,159.5,159.5,19221
2020-02-14,159.5,159.5,160.0,159.5,159.5,19221
2020-02-17,159.5,159.5,160.0,159.5,159.5,19221
2020-02-18,159.5,159.5,160.0,159.5,159.5,19221
2020-02-19,159.5,159.5,160.0,159.5,159.5,19221
2020-02-20,159.5,159.5,160.0,159.5,159.5,19221
2020-02-21,159.5,159.5,160.0,159.5,159.5,19221
2020-02-24,159.5,159.5,160.0,159.5,159.5,19221
2020-02-25,159.5,159.5,160.0,159.5,159.5,19221
2020-02-26,159.5,159.5,160.0,159.5,159.5,19221
2020-02-27,159.5,159.5,160.0,159.5,159.5,19221
2020-03-02,159.5,159.5,160.0,159.5,159.5,19221
2020-03-03,159.5,159.5,160.0,159.5,159.5,19221
2020-03-04,159.5,159.5,160.0,159.5,159.5,19221
2020-03-05,159.5,159.5,160.0,159.5,159.5,19221
2020-03-06,159.5,159.5,160.0,159.5,159.5,19221
2020-03-09,159.5,159.5,160.0,159.5,159.5,19221
2020-03-10,159.5,159.5,160.0,159.5,159.5,19221
2020-03-11,159.5,159.5,160.0,159.5,159.5,19221
2020-03-12,159.5,159.5,160.0,159.5,159.5,19221
2020-03-13,159.5,159.5,160.0,159.5,159.5,19221
2020-03-16,159.5,159.5,160.0,159.5,159.5,19221
2020-03-17,159.5,159.5,160.0,159.5,159.5,19221
2020-03-18,159.5,159.5,160.0,159.5,159.5,19221
2020-03-19,159.5,159.5,160.0,159.5,159.5,19221
2020-03-20,159.5,159.5,160.0,159.5,159.5,19221
2020-03-23,159.5,159.5,160.0,159.5,159.5,19221
2020-03-24,159.5,159.5,160.0,159.5,159.5,19221
2020-03-25,159.5,159.5,160.0,159.5,159.5,19221
2020-03-26,159.5,159.5,160.0,159.5,159.5,19221
2020-03-27,159.5,159.5,160.0,159.5,159.5,19221
2020-03-30,159.5,159.5,160.0,159.5,159.5,19221
2020-03-31,159.5,159.5,160.0,159.5,159.5,19221
2020-04-01,159.5,159.5,160.0,159.5,159.5,19221
2020-04-07,159.5,159.5,160.0,159.5,159.5,19221
2020-04-08,159.5,159.5,160.0,159.5,159.5,19221
2020-04-09,159.5,159.5,160.0,159.5,159.5,19221
2020-04-10,159.5,159.5,160.0,159.5,159.5,19221
2020-04-13,159.5,159.5,160.0,159.5,159.5,19221
2020-04-14,159.5,159.5,160.0,159.5,159.5,19221
2020-04-15,159.5,159.5,160.0,159.5,159.5,19221
2020-04-16,159.5,159.5,160.0,159.5,159.5,19221
2020-04-17,159.5,159.5,160.0,159.5,159.5,19221
2020-04-20,159.5,159.5,160.0,159.5,159.5,19221
2020-04-21,159.5,159.5,160.0,159.5,159.5,19221
2020-04-22,159.5,159.5,160.0,159.5,159.5,19221
2020-04-23,159.5,159.5,160.0,159.5,159.5,19221
2020-04-24,159.5,159.5,160.0,159.5,159.5,19221
2020-04-27,159.5,159.5,160.0,159.5,159.5,19221
2020-04-28,159.5,159.5,160.0,159.5,159.5,19221
2020-04-29,159.5,159.5,160.0,159.5,159.5,19221
2020-05-04,159.5,159.5,160.0,159.5,159.5,19221
2020-05-05,159.5,159.5,160.0,159.5,159.5,19221
2020-05-06,159.5,159.5,160.0,159.5,159.5,19221
2020-05-07,159.5,159.5,160.0,159.5,159.5,19221
2020-05-08,159.5,159.5,160.0,159.5,159.5,19221
2020-05-11,159.5,159.5,160.0,159.5,159.5,19221
2020-05-12,159.5,159.5,160.0,159.5,159.5,19221
2020-05-13,159.5,159.5,160.0,159.5,159.5,19221
2020-05-14,159.5,159.5,160.0,159.5,159.5,19221
2020-05-15,159.5,159.5,160.0,159.5,159.5,19221
2020-05-18,159.5,159.5,160.0,159.5,159.5,19221
2020-05-19,159.5,159.5,160.0,159.5,159.5,19221
2020-05-20,159.5,159.5,160.0,159.5,159.5,19221
2020-05-21,159.5,159.5,160.0,159.5,159.5,19221
2020-05-22,159.5,159.5,160.0,159.5,159.5,19221
2020-05-25,159.5,159.5,160.0,159.5,159.5,19221
2020-05-26,159.5,159.5,160.0,159.5,159.5,19221
2020-05-27,159.5,159.5,160.0,159.5,159.5,19221
2020-05-28,159.5,159.5,160.0,159.5,159.5,19221
2020-05-29,159.5,159.5,160.0,159.5,159.5,19221
2020-06-01,159.5,159.5,160.0,159.5,159.5,19221
2020-06-02,159.5,159.5,160.0,159.5,159.5,19221
2020-06-03,159.5,159.5,160.0,159.5,159.5,19221
2020-06-04,159.5,159.5,160.0,159.5,159.5,19221
2020-06-05,159.5,159.5,160.0,159.5,159.5,19221
2020-06-08,159.5,159.5,160.0,159.5,159.5,19221
2020-06-09,159.5,159.5,160.0,159.5,159.5,19221
2020-06-10,159.5,159.5,160.0,159.5,159.5,19221
2020-06-11,159.5,159.5,160.0,159.5,159.5,19221
2020-06-12,159.5,159.5,160.0,159.5,159.5,19221
2020-06-15,159.5,159.5,160.0,159.5,159.5,19221
2020-06-16,159.5,159.5,160.0,159.5,159.5,19221
2020-06-17,159.5,159.5,160.0,159.5,159.5,19221
2020-06-18,159.5,159.5,160.0,159.5,159.5,19221
2020-06-19,159.5,159.5,160.0,159.5,159.5,19221
2020-06-22,159.5,159.5,160.0,159.5,159.5,19221
2020-06-23,159.5,159.5,160.0,159.5,159.5,19221
2020-06-24,159.5,159.5,160.0,159.5,159.5,19221
2020-06-29,159.5,159.5,160.0,159.5,159.5,19221
2020-06-30,159.5,159.5,160.0,159.5,159.5,19221
2020-07-01,159.5,159.5,160.0,159.5,159.5,19221
2020-07-02,159.5,159.5,160.0,159.5,159.5,19221
2020-07-03,159.5,159.5,160.0,159.5,159.5,19221
2020-07-06,159.5,159.5,160.0,159.5,159.5,19221
2020-07-07,159.5,159.5,160.0,159.5,159.5,19221
2020-07-08,159.5,159.5,160.0,159.5,159.5,19221
2020-07-09,159.5,159.5,160.0,159.5,159.5,19221
2020-07-10,159.5,159.5,160.0,159.5,159.5,19221
2020-07-13,159.5,159.5,160.0,159.5,159.5,19221
2020-07-14,159.5,159.5,160.0,159.5,159.5,19221
2020-07-15,159.5,159.5,160.0,159.5,159.5,19221
2020-07-16,159.5,159.5,160.0,159.5,159.5,19221
2020-07-17,159.5,159.5,160.0,159.5,159.5,19221
2020-07-20,159.5,159.5,160.0,159.5,159.5,19221
2020-07-21,159.5,159.5,160.0,159.5,159.5,19221
2020-07-22,159.5,159.5,160.0,159.5,159.5,19221
2020-07-23,159.5,159.5,160.0,159.5,159.5,19221
2020-07-24,159.5,159.5,160.0,159.5,159.5,19221
2020-07-27,159.5,159.5,160.0,159.5,159.5,19221
2020-07-28,159.5,159.5,160.0,159.5,159.5,19221
2020-07-29,159.5,159.5,160.0,159.5,159.5,19221
2020-07-30,159.5,159.5,160.0,159.5,159.5,19221
2020-07-31,159.5,159.5,160.0,159.5,159.5,19221
2020-08-03,159.5,159.5,160.0,159.5,159.5,19221
2020-08-04,159.5,159.5,160.0,159.5,159.5,19221
2020-08-05,159.5,159.5,160.0,159.5,159.5,19221
2020-08-06,159.5,159.5,160.0,159.5,159.5,19221
2020-08-07,159.5,159.5,160.0,159.5,159.5,19221
2020-08-10,159.5,159.5,160.0,159.5,159.5,19221
2020-08-11,159.5,159.5,160.0,159.5,159.5,19221
2020-08-12,159.5,159.5,160.0,159.5,159.5,19221
2020-08-13,159.5,159.5,160.0,159.5,159.5,19221
2020-08-14,159.5,159.5,160.0,159.5,159.5,19221
2020-08-17,159.5,159.5,160.0,159.5,159.5,19221
2020-08-18,159.5,159.5,160.0,159.5,159.5,19221
2020-08-19,159.5,159.5,160.0,159.5,159.5,19221
2020-08-20,159.5,159.5,160.0,159.5,159.5,19221
2020-08-21,159.5,159.5,160.0,159.5,159.5,19221
2020-08-24,159.5,159.5,160.0,159.5,159.5,19221
2020-08-25,159.5,159.5,160.0,159.5,159.5,19221
2020-08-26,159.5,159.5,160.0,159.5,159.5,19221
2020-08-27,159.5,159.5,160.0,159.5,159.5,19221
2020-08-28,159.5,159.5,160.0,159.5,159.5,19221
2020-08-31,159.5,159.5,160.0,159.5,159.5,19221
2020-09-01,159.5,159.5,160.0,159.5,159.5,19221
2020-09-02,159.5,159.5,160.0,159.5,159.5,19221
2020-09-03,159.5,159.5,160.0,159.5,159.5,19221
2020-09-04,159.5,159.5,160.0,159.5,159.5,19221
2020-09-07,159.5,159.5,160.0,159.5,159.5,19221
2020-09-08,159.5,159.5,160.0,159.5,159.5,19221
2020-09-09,159.5,159.5,160.0,159.5,159.5,19221
2020-09-10,159.5,159.5,160.0,159.5,159.5,19221
2020-09-11,159.5,159.5,160.0,159.5,159.5,19221
2020-09-14,159.5,159.5,160.0,159.5,159.5,19221
2020-09-15,159.5,159.5,160.0,159.5,159.5,19221
2020-09-16,159.5,159.5,160.0,159.5,159.5,19221
2020-09-17,159.5,159.5,160.0,159.5,159.5,19221
2020-09-18,159.5,159.5,160.0,159.5,159.5,19221
2020-09-21,159.5,159.5,160.0,159.5,159.5,19221
2020-09-22,159.5,159.5,160.0,159.5,159.5,19221
2020-09-23,159.5,159.5,160.0,159.5,159.5,19221
2020-09-24,159.5,159.5,160.0,159.5,159.5,19221
2020-09-25,159.5,159.5,160.0,159.5,159.5,19221
2020-09-28,159.5,159.5,160.0,159.5,159.5,19221
2020-09-29,159.5,159.5,160.0,159.5,159.5,19221
2020-09-30,159.5,159.5,160.0,159.5,159.5,19221
2020-10-05,159.5,159.5,160.0,159.5,159.5,19221
2020-10-06,159.5,159.5,160.0,159.5,159.5,19221
2020-10-07,159.5,159.5,160.0,159.5,159.5,19221
2020-10-08,159.5,159.5,160.0,159.5,159.5,19221
2020-10-12,159.5,159.5,160.0,159.5,159.5,19221
2020-10-13,159.5,159.5,160.0,159.5,159.5,19221
2020-10-14,159.5,159.5,160.0,159.5,159.5,19221
2020-10-15,159.5,159.5,160.0,159.5,159.5,19221
2020-10-16,159.5,159.5,160.0,159.5,159.5,19221
2020-10-19,159.5,159.5,160.0,159.5,159.5,19221
2020-10-20,159.5,159.5,160.0,159.5,159.5,19221
2020-10-21,159.5,159.5,160.0,159.5,159.5,19221
2020-10-22,159.5,159.5,160.0,159.5,159.5,19221
2020-10-23,159.5,159.5,160.0,159.5,159.5,19221
2020-10-26,159.5,159.5,160.0,159.5,159.5,19221
2020-10-27,159.5,159.5,160.0,159.5,159.5,19221
2020-10-28,159.5,159.5,160.0,159.5,159.5,19221
2020-10-29,159.5,159.5,160.0,159.5,159.5,19221
2020-10-30,159.5,159.5,160.0,159.5,159.5,19221
2020-11-02,159.5,159.5,160.0,159.5,159.5,19221
2020-11-03,159.5,159.5,160.0,159.5,159.5,19221
2020-11-04,159.5,159.5,160.0,159.5,159.5,19221
2020-11-05,159.5,159.5,160.0,159.5,159.5,19221
2020-11-06,159.5,159.5,160.0,159.5,159.5,19221
2020-11-09,159.5,159.5,160.0,159.5,159.5,19221
2020-11-10,159.5,159.5,160.0,159.5,159.5,19221
2020-11-11,159.5,159.5,160.0,159.5,159.5,19221
2020-11-12,159.5,159.5,160.0,159.5,159.5,19221
2020-11-13,159.5,159.5,160.0,159.5,159.5,19221
2020-11-16,159.5,159.5,160.0,159.5,159.5,19221
2020-11-17,159.5,159.5,160.0,159.5,159.5,19221
2020-11-18,159.5,159.5,160.0,159.5,159.5,19221
2020-11-19,159.5,159.5,160.0,159.5,159.5,19221
2020-11-20,159.5,159.5,160.0,159.5,159.5,19221
2020-11-23,159.5,159.5,160.0,159.5,159.5,19221
2020-11-24,159.5,159.5,160.0,159.5,159.5,19221
2020-11-25,159.5,159.5,160.0,159.5,159.5,19221
2020-11-26,159.5,159.5,160.0,159.5,159.5,19221
2020-11-27,159.5,159.5,160.0,159.5,159.5,19221
2020-11-30,159.5,159.5,160.0,159.5,159.5,19221
2020-12-01,159.5,159.5,160.0,159.5,159.5,19221
2020-12-02,159.5,159.5,160.0,159.5,159.5,19221
2020-12-04,159.5,159.5,160.0,159.5,159.5,19221
2020-12-07,159.5,159.5,160.0,159.5,159.5,19221
2020-12-08,159.5,159.5,160.0,159.5,159.5,19221
2020-12-09,159.5,159.5,160.0,159.5,159.5,19221
2020-12-10,159.5,159.5,160.0,159.5,159.5,19221
2020-12-11,159.5,159.5,160.0,159.5,159.5,19221
2020-12-14,159.5,159.5,160.0,159.5,159.5,19221
2020-12-15,159.5,159.5,160.0,159.5,159.5,19221
2020-12-16,159.5,159.5,160.0,159.5,159.5,19221
2020-12-17,159.5,159.5,160.0,159.5,159.5,19221
2020-12-18,159.5,159.5,160.0,159.5,159.5,19221
2020-12-21,159.5,159.5,160.0,159.5,159.5,19221
2020-12-22,159.5,159.5,160.0,159.5,159.5,19221
2020-12-23,159.5,159.5,160.0,159.5,159.5,19221
2020-12-24,159.5,159.5,160.0,159.5,159.5,19221
2020-12-25,159.5,159.5,160.0,159.5,159.5,19221
2020-12-28,159.5,159.5,160.0,159.5,159.5,19221
2020-12-29,159.5,159.5,160.0,159.5,159.5,19221
2020-12-30,159.5,159.5,160.0,159.5,159.5,19221
2020-12-31,159.5,159.5,160.0,159.5,159.5,19221
2021-01-04,159.5,159.5,160.0,159.5,159.5,19221
2021-01-05,159.5,159.5,160.0,159.5,159.5,19221
2021-01-06,159.5,159.5,160.0,159.5,159.5,19221
2021-01-07,159.5,159.5,160.0,159.5,159.5,19221
2021-01-08,159.5,159.5,160.0,159.5,159.5,19221
2021-01-11,159.5,159.5,160.0,159.5,159.5,19221
2021-01-12,159.5,159.5,160.0,159.5,159.5,19221
2021-01-13,159.5,159.5,160.0,159.5,159.5,19221
2021-01-14,159.5,159.5,160.0,159.5,159.5,19221
2021-01-15,159.5,159.5,160.0,159.5,159.5,19221
2021-01-18,159.5,159.5,160.0,159.5,159.5,19221
2021-01-19,159.5,159.5,160.0,159.5,159.5,19221
2021-01-20,159.5,159.5,160.0,159.5,159.5,19221
2021-01-21,159.5,159.5,160.0,159.5,159.5,19221
2021-01-22,159.5,159.5,160.0,159.5,159.5,19221
2021-01-25,159.5,159.5,160.0,159.5,159.5,19221
2021-01-26,159.5,159.5,160.0,159.5,159.5,19221
2021-01-27,159.5,159.5,160.0,159.5,159.5,19221
2021-01-28,159.5,159.5,160.0,159.5,159.5,19221
2021-01-29,159.5,159.5,160.0,159.5,159.5,19221
2021-02-01,159.5,159.5,160.0,159.5,159.5,19221
2021-02-02,159.5,159.5,160.0,159.5,159.5,19221
2021-02-03,159.5,159.5,160.0,159.5,159.5,19221
2021-02-04,159.5,159.5,160.0,159.5,159.5,19221
2021-02-05,159.5,159.5,160.0,159.5,159.5,19221
2021-02-17,159.5,159.5,160.0,159.5,159.5,19221
2021-02-18,159.5,159.5,160.0,159.5,159.5,19221
2021-02-19,159.5,159.5,160.0,159.5,159.5,19221
2021-02-22,159.5,159.5,160.0,159.5,159.5,19221
2021-02-23,159.5,159.5,160.0,159.5,159.5,19221
2021-02-24,159.5,159.5,160.0,159.5,159.5,19221
2021-02-25,159.5,159.5,160.0,159.5,159.5,19221
2021-02-26,159.5,159.5,160.0,159.5,159.5,19221
2021-03-02,159.5,159.5,160.0,159.5,159.5,19221
2021-03-03,159.5,159.5,160.0,159.5,159.5,19221
2021-03-04,159.5,159.5,160.0,159.5,159.5,19221
2021-03-05,159.5,159.5,160.0,159.5,159.5,19221
2021-03-08,159.5,159.5,160.0,159.5,159.5,19221
2021-03-09,159.5,159.5,160.0,159.5,159.5,19221
2021-03-10,159.5,159.5,160.0,159.5,159.5,19221
2021-03-11,159.5,159.5,160.0,159.5,159.5,19221
2021-03-12,159.5,159.5,160.0,159.5,159.5,19221
2021-03-15,159.5,159.5,160.0,159.5,159.5,19221
2021-03-16,159.5,159.5,160.0,159.5,159.5,19221
2021-03-17,159.5,159.5,160.0,159.5,159.5,19221
2021-03-18,159.5,159.5,160.0,159.5,159.5,19221
2021-03-19,159.5,159.5,160.0,159.5,159.5,19221
2021-03-22,159.5,159.5,160.0,159.5,159.5,19221
2021-03-23,159.5,159.5,160.0,159.5,159.5,19221
2021-03-24,159.5,159.5,160.0,159.5,159.5,19221
2021-03-25,159.5,159.5,160.0,159.5,159.5,19221
2021-03-26,159.5,159.5,160.0,159.5,159.5,19221
2021-03-29,159.5,159.5,160.0,159.5,159.5,19221
2021-03-30,159.5,159.5,160.0,159.5,159.5,19221
2021-03-31,159.5,159.5,160.0,159.5,159.5,19221
2021-04-01,159.5,159.5,160.0,159.5,159.5,19221
2021-04-06,159.5,159.5,160.0,159.5,159.5,19221
2021-04-07,159.5,159.5,160.0,159.5,159.5,19221
2021-04-08,159.5,159.5,160.0,159.5,159.5,19221
2021-04-09,159.5,159.5,160.0,159.5,159.5,19221
2021-04-12,159.5,159.5,160.0,159.5,159.5,19221
2021-04-13,159.5,159.5,160.0,159.5,159.5,19221
2021-04-14,159.5,159.5,160.0,159.5,159.5,19221
2021-04-15,159.5,159.5,160.0,159.5,159.5,19221
2021-04-16,159.5,159.5,160.0,159.5,159.5,19221
2021-04-19,159.5,159.5,160.0,159.5,159.5,19221
2021-04-20,159.5,159.5,160.0,159.5,159.5,19221
2021-04-21,159.5,159.5,160.0,159.5,159.5,19221
2021-04-22,159.5,159.5,160.0,159.5,159.5,19221
2021-04-23,159.5,159.5,160.0,159.5,159.5,19221
2021-04-26,159.5,159.5,160.0,159.5,159.5,19221
2021-04-27,159.5,159.5,160.0,159.5,159.5,19221
2021-04-28,159.5,159.5,160.0,159.5,159.5,19221
2021-04-29,159.5,159.5,160.0,159.5,159.5,19221
2021-05-03,159.5,159.5,160.0,159.5,159.5,19221
2021-05-04,159.5,159.5,160.0,159.5,159.5,19221
2021-05-05,159.5,159.5,160.0,159.5,159.5,19221
2021-05-06,159.5,159.5,160.0,159.5,159.5,19221
2021-05-07,159.5,159.5,160.0,159.5,159.5,19221
2021-05-10,159.5,159.5,160.0,159.5,159.5,19221
2021-05-11,159.5,159.5,160.0,159.5,159.5,19221
2021-05-12,159.5,159.5,160.0,159.5,159.5,19221
2021-05-13,159.5,159.5,160.0,159.5,159.5,19221
2021-05-14,159.5,159.5,160.0,159.5,159.5,19221
2021-05-17,159.5,159.5,160.0,159.5,159.5,19221
2021-05-18,159.5,159.5,160.0,159.5,159.5,19221
2021-05-19,159.5,159.5,160.0,159.5,159.5,19221
2021-05-20,159.5,159.5,160.0,159.5,159.5,19221
2021-05-21,159.5,159.5,160.0,159.5,159.5,19221
2021-05-24,159.5,159.5,160.0,159.5,159.5,19221
2021-05-25,159.5,159.5,160.0,159.5,159.5,19221
2021-05-26,159.5,159.5,160.0,159.5,159.5,19221
2021-05-27,159.5,159.5,160.0,159.5,159.5,19221
2021-05-28,159.5,159.5,160.0,159.5,159.5,19221
2021-05-31,159.5,159.5,160.0,159.5,159.5,19221
2021-06-01,159.5,159.5,160.0,159.5,159.5,19221
2021-06-02,159.5,159.5,160.0,159.5,159.5,19221
2021-06-03,159.5,159.5,160.0,159.5,159.5,19221
2021-06-04,159.5,159.5,160.0,159.5,159.5,19221
2021-06-07,159.5,159.5,160.0,159.5,159.5,19221
2021-06-08,159.5,159.5,160.0,159.5,159.5,19221
2021-06-09,159.5,159.5,160.0,159.5,159.5,19221
2021-06-10,159.5,159.5,160.0,159.5,159.5,19221
2021-06-11,159.5,159.5,160.0,159.5,159.5,19221
2021-06-15,159.5,159.5,160.0,159.5,159.5,19221
2021-06-16,159.5,159.5,160.0,159.5,159.5,19221
2021-06-17,159.5,159.5,160.0,159.5,159.5,19221
2021-06-18,159.5,159.5,160.0,159.5,159.5,19221
2021-06-21,159.5,159.5,160.0,159.5,159.5,19221
2021-06-22,159.5,159.5,160.0,159.5,159.5,19221
2021-06-23,159.5,159.5,160.0,159.5,159.5,19221
2021-06-24,159.5,159.5,160.0,159.5,159.5,19221
2021-06-25,159.5,159.5,160.0,159.5,159.5,19221
2021-06-28,159.5,159.5,160.0,159.5,159.5,19221
2021-06-29,159.5,159.5,160.0,159.5,159.5,19221
2021-06-30,159.5,159.5,160.0,159.5,159.5,19221
2021-07-01,159.5,159.5,160.0,159.5,159.5,19221
2021-07-02,159.5,159.5,160.0,159.5,159.5,19221
2021-07-05,159.5,159.5,160.0,159.5,159.5,19221
2021-07-06,159.5,159.5,160.0,159.5,159.5,19221
2021-07-07,159.5,159.5,160.0,159.5,159.5,19221
2021-07-08,159.5,159.5,160.0,159.5,159.5,19221
2021-07-09,159.5,159.5,160.0,159.5,159.5,19221
2021-07-12,159.5,159.5,160.0,159.5,159.5,19221
2021-07-13,159.5,159.5,160.0,159.5,159.5,19221
2021-07-14,159.5,159.5,160.0,159.5,159.5,19221
2021-07-15,159.5,159.5,160.0,159.5,159.5,19221
2021-07-16,159.5,159.5,160.0,159.5,159.5,19221
2021-07-19,159.5,159.5,160.0,159.5,159.5,19221
2021-07-20,159.5,159.5,160.0,159.5,159.5,19221
2021-07-21,159.5,159.5,160.0,159.5,159.5,19221
2021-07-22,159.5,159.5,160.0,159.5,159.5,19221
2021-07-23,159.5,159.5,160.0,159.5,159.5,19221
2021-07-26,159.5,159.5,160.0,159.5,159.5,19221
2021-07-27,159.5,159.5,160.0,159.5,159.5,19221
2021-07-28,159.5,159.5,160.0,159.5,159.5,19221
2021-07-29,159.5,159.5,160.0,159.5,159.5,19221
2021-07-30,159.5,159.5,160.0,159.5,159.5,19221
2021-08-02,159.5,159.5,160.0,159.5,159.5,19221
2021-08-03,159.5,159.5,160.0,159.5,159.5,19221
2021-08-04,159.5,159.5,160.0,159.5,159.5,19221
2021-08-05,159.5,159.5,160.0,159.5,159.5,19221
2021-08-06,159.5,159.5,160.0,159.5,159.5,19221
2021-08-09,185.5,185.5,186.0,184.0,186.0,24000
2021-08-10,185.0,185.0,185.5,184.0,185.5,22000
2021-08-11,185.0,185.0,185.0,183.5,185.0,29000
2021-08-12,185.0,185.0,185.5,184.0,185.5,20000
2021-08-13,185.0,185.0,185.5,183.5,185.5,23000
2021-08-16,185.0,185.0,185.5,184.0,185.5,15000
2021-08-17,185.0,185.0,185.0,183.5,185.0,32000
2021-08-18,185.0,185.0,185.0,183.5,185.0,35000
2021-08-19,185.0,185.0,185.5,184.5,185.0,18000
2021-08-20,184.0,184.0,185.0,183.5,185.0,19000
2021-08-23,184.5,184.5,184.5,183.5,184.0,31000
2021-08-24,184.0,184.0,185.0,183.5,185.0,24000
2021-08-25,183.0,183.0,184.5,183.0,184.5,23000
2021-08-26,184.5,184.5,184.5,183.0,184.0,15000
2021-08-27,184.5,184.5,184.5,183.0,184.5,26000
2021-08-30,184.5,184.5,186.0,183.5,185.0,30000
2021-08-31,185.0,185.0,185.5,184.0,185.5,17000
2021-09-01,184.5,184.5,185.0,184.0,185.0,13000
2021-09-02,184.0,184.0,185.0,183.5,184.5,25000
2021-09-03,184.5,184.5,184.5,184.0,184.0,18000
2021-09-06,184.0,184.0,185.0,183.5,184.5,23000
2021-09-07,184.0,184.0,184.5,183.5,184.5,14000
2021-09-08,184.5,184.5,184.5,183.5,184.5,20000
2021-09-09,184.0,184.0,184.5,182.5,184.5,20000
2021-09-10,184.0,184.0,184.0,182.5,184.0,24000
2021-09-13,184.0,184.0,184.5,183.0,184.0,14000
2021-09-14,184.5,184.5,184.5,184.0,184.5,12000
2021-09-15,184.5,184.5,184.5,183.5,184.5,10000
2021-09-16,185.0,185.0,185.0,183.5,184.5,18000
2021-09-17,185.0,185.0,185.0,184.0,184.5,30000
2021-09-22,184.5,184.5,185.5,184.0,184.5,52000
2021-09-23,185.0,185.0,185.0,184.0,185.0,36000
2021-09-24,185.0,185.0,185.0,184.5,185.0,15000
2021-09-27,184.5,184.5,185.0,184.0,184.5,29000
2021-09-28,184.0,184.0,185.0,184.0,184.5,19000
2021-09-29,184.5,184.5,185.0,182.5,185.0,33000
2021-09-30,184.5,184.5,184.5,183.5,184.5,22000
2021-10-01,184.5,184.5,184.5,183.5,184.5,12000
2021-10-04,184.0,184.0,185.0,183.5,185.0,10000
2021-10-05,182.5,182.5,184.5,181.0,184.5,40000
2021-10-06,182.5,182.5,184.0,182.0,184.0,23000
2021-10-07,182.5,182.5,183.0,181.5,182.5,37000
2021-10-08,182.5,182.5,183.0,181.5,183.0,10000
2021-10-12,179.0,179.0,182.5,179.0,182.5,44000
2021-10-13,179.5,179.5,180.0,178.5,179.5,28000
2021-10-14,180.0,180.0,180.5,177.0,180.5,58000
2021-10-15,181.0,181.0,182.0,180.5,180.5,51000
2021-10-18,181.5,181.5,182.5,180.0,182.5,28000
2021-10-19,181.5,181.5,182.0,180.5,182.0,21000
2021-10-20,180.0,180.0,182.0,180.0,182.0,16000
2021-10-21,181.0,181.0,181.5,180.0,181.5,23000
2021-10-22,181.0,181.0,181.5,180.5,181.5,14000
2021-10-25,181.0,181.0,181.5,180.5,181.5,8000
2021-10-26,180.5,180.5,181.0,180.0,181.0,19000
2021-10-27,179.5,179.5,181.0,179.0,181.0,24000
2021-10-28,180.0,180.0,180.0,178.5,179.5,21000
2021-10-29,180.0,180.0,180.0,179.0,180.0,14000
2021-11-01,178.5,178.5,180.0,178.5,180.0,16000
2021-11-02,177.5,177.5,178.5,176.5,178.5,29000
2021-11-03,177.5,177.5,178.0,176.5,177.5,16000
2021-11-04,177.0,177.0,178.0,176.5,178.0,27000
2021-11-05,177.0,177.0,177.5,176.0,177.5,14000
2021-11-08,175.5,175.5,178.0,174.0,176.5,41000
2021-11-09,173.5,173.5,175.5,172.0,175.5,59000
2021-11-10,167.0,167.0,173.5,167.0,173.5,105000
2021-11-11,168.5,168.5,169.0,167.0,168.5,50000
2021-11-12,170.0,170.0,171.0,168.5,168.5,58000
2021-11-15,171.0,171.0,172.0,170.0,172.0,29000
2021-11-16,172.0,172.0,172.0,171.0,172.0,20000
2021-11-17,172.0,172.0,172.0,171.0,172.0,20000
2021-11-18,172.5,172.5,173.0,171.0,172.0,38000
2021-11-19,173.0,173.0,173.5,172.0,173.0,39000
2021-11-22,173.0,173.0,174.5,172.0,174.5,25000
2021-11-23,173.5,173.5,174.0,173.0,174.0,6000
2021-11-24,173.5,173.5,173.5,172.5,173.0,12000
2021-11-25,174.5,174.5,174.5,173.0,174.0,25000
2021-11-26,175.0,175.0,175.0,173.5,174.5,22000
2021-11-29,174.5,174.5,174.5,173.0,174.5,24000
2021-11-30,174.5,174.5,175.5,174.5,174.5,12000
2021-12-01,175.0,175.0,175.0,174.5,175.0,11000
2021-12-02,175.5,175.5,175.5,175.0,175.0,7000
2021-12-03,175.5,175.5,175.5,175.0,175.5,6000
2021-12-06,175.5,175.5,175.5,174.5,175.5,27000
2021-12-07,176.5,176.5,176.5,174.5,175.5,34000
2021-12-08,178.0,178.0,178.0,176.0,177.0,24000
2021-12-09,179.0,179.0,179.0,177.0,178.0,22000
2021-12-10,180.0,180.0,180.0,178.0,179.0,18000
2021-12-13,179.0,179.0,180.0,178.0,180.0,34000
2021-12-14,179.0,179.0,179.5,177.5,179.5,25000
2021-12-15,177.0,177.0,180.0,177.0,180.0,27000
2021-12-16,177.5,177.5,178.0,176.0,178.0,31000
2021-12-17,176.5,176.5,177.5,176.0,177.5,21000
2021-12-20,177.5,177.5,177.5,177.0,177.0,16000
2021-12-21,177.5,177.5,177.5,176.5,177.5,18000
2021-12-22,178.5,178.5,178.5,177.5,178.0,13000
2021-12-23,179.0,179.0,179.0,178.0,179.0,16000
2021-12-24,179.0,179.0,179.5,179.0,179.5,5000
2021-12-27,177.5,177.5,179.5,177.5,179.5,21000
2021-12-28,177.5,177.5,178.5,176.5,178.5,27000
2021-12-29,177.0,177.0,178.5,176.0,178.5,52000
2021-12-30,180.0,180.0,180.0,176.5,178.0,52000
2022-01-03,180.0,180.0,180.0,179.0,180.0,20000
2022-01-04,178.5,178.5,180.0,178.0,180.0,29000
2022-01-05,179.0,179.0,179.0,177.5,179.0,14000
2022-01-06,177.5,177.5,178.0,176.5,178.0,21000
2022-01-07,177.5,177.5,177.5,176.5,177.5,20000
2022-01-10,177.5,177.5,177.5,176.5,177.5,8000
2022-01-11,177.5,177.5,177.5,176.5,177.0,44000
2022-01-12,176.5,176.5,178.5,176.5,178.5,20000
2022-01-13,174.5,174.5,177.5,174.5,177.5,31000
2022-01-14,175.0,175.0,175.5,174.0,174.5,28000
2022-01-17,174.0,174.0,176.0,172.5,175.5,54000
2022-01-18,176.0,176.0,176.0,174.0,174.5,31000
2022-01-19,176.0,176.0,176.0,171.5,176.0,76000
2022-01-20,175.5,175.5,176.0,174.0,175.5,25000
2022-01-21,175.5,175.5,176.0,174.0,176.0,21000
2022-01-24,175.5,175.5,175.5,173.5,175.0,35000
2022-01-25,175.5,175.5,176.0,174.0,176.0,29000
2022-01-26,175.5,175.5,176.5,174.0,175.5,39000
2022-02-07,176.5,176.5,178.0,176.0,178.0,34000
2022-02-08,176.5,176.5,178.0,176.0,178.0,48000
2022-02-09,177.0,177.0,177.5,176.5,177.5,29000
2022-02-10,178.5,178.5,178.5,177.0,177.5,46000
2022-02-11,179.0,179.0,179.5,178.0,178.5,49000
2022-02-14,179.5,179.5,179.5,178.0,179.5,36000
2022-02-15,180.5,180.5,180.5,179.0,180.0,68000
2022-02-16,181.5,181.5,182.0,180.5,180.5,73000
2022-02-17,182.0,182.0,182.5,181.0,181.5,41000
2022-02-18,182.5,182.5,183.0,181.5,181.5,27000
2022-02-21,183.0,183.0,183.0,181.5,182.5,14000
2022-02-22,183.0,183.0,183.0,182.0,183.0,37000
2022-02-23,182.0,182.0,183.0,182.0,183.0,15000
2022-02-24,180.0,180.0,182.5,180.0,182.5,25000
2022-02-25,180.0,180.0,181.5,179.5,181.5,31000
2022-03-01,180.0,180.0,180.5,179.5,180.0,20000
2022-03-02,180.0,180.0,181.0,180.0,180.5,15000
2022-03-03,180.5,180.5,181.0,179.5,181.0,17000
2022-03-04,180.5,180.5,181.0,178.5,181.0,19000
2022-03-07,177.5,177.5,180.5,177.5,180.5,40000
2022-03-08,175.0,175.0,178.5,170.0,178.5,66000
2022-03-09,176.5,176.5,176.5,175.0,176.5,44000
2022-03-10,178.0,178.0,178.0,176.5,178.0,31000
2022-03-11,178.0,178.0,179.0,177.0,178.5,22000
2022-03-14,178.0,178.0,178.5,176.5,178.0,30000
2022-03-15,178.0,178.0,178.0,177.0,178.0,24000
2022-03-16,178.5,178.5,178.5,177.0,178.0,25000
2022-03-17,180.0,180.0,180.0,178.0,178.5,32000
2022-03-18,180.5,180.5,181.0,179.5,180.5,34000
2022-03-21,179.5,179.5,181.0,179.5,180.5,27000
2022-03-22,180.5,180.5,180.5,179.5,180.5,10000
2022-03-23,180.5,180.5,181.0,179.5,181.0,18000
2022-03-24,180.5,180.5,181.0,179.5,180.5,21000
2022-03-25,180.5,180.5,181.0,179.5,181.0,13000
2022-03-28,180.0,180.0,181.0,179.0,181.0,16000
2022-03-29,180.5,180.5,182.0,179.5,182.0,15000
2022-03-30,180.0,180.0,181.0,180.0,181.0,13000
2022-03-31,180.0,180.0,180.5,180.0,180.5,5000
2022-04-01,180.5,180.5,180.5,179.5,180.0,15000
2022-04-06,180.0,180.0,180.0,179.0,180.0,17000
2022-04-07,178.0,178.0,181.0,178.0,181.0,53000
2022-04-08,179.0,179.0,179.5,177.5,179.0,49000
2022-04-11,178.5,178.5,179.0,177.5,179.0,33000
2022-04-12,179.0,179.0,179.0,178.5,179.0,7000
2022-04-13,178.5,178.5,179.0,178.0,179.0,42000
2022-04-14,178.5,178.5,179.0,178.0,179.0,26000
2022-04-15,179.0,179.0,179.0,178.0,178.5,13000
2022-04-18,179.0,179.0,179.0,178.0,179.0,22000
2022-04-19,179.0,179.0,180.0,178.5,180.0,23000
2022-04-20,179.0,179.0,180.0,178.5,180.0,14000
2022-04-21,178.5,178.5,179.5,178.0,179.5,16000
2022-04-22,179.0,179.0,179.0,177.5,178.5,12000
2022-04-25,175.5,175.5,179.0,174.5,179.0,95000
2022-04-26,177.0,177.0,177.0,175.0,176.0,15000
2022-04-27,175.0,175.0,176.5,174.0,176.5,27000
2022-04-28,174.0,174.0,175.5,173.0,175.5,48000
2022-04-29,174.0,174.0,175.0,173.5,175.0,25000
2022-05-03,175.0,175.0,175.0,173.0,173.5,40000
2022-05-04,176.0,176.0,176.0,174.5,175.5,46000
2022-05-05,176.5,176.5,176.5,175.0,176.0,28000
2022-05-06,176.0,176.0,176.5,175.0,176.5,26000
2022-05-09,173.0,173.0,176.0,173.0,176.0,30000
2022-05-10,173.0,173.0,173.5,171.5,173.5,39000
2022-05-11,174.0,174.0,174.0,171.0,173.0,54000
2022-05-12,172.0,172.0,173.5,171.0,173.5,46000
2022-05-13,175.0,175.0,175.0,171.0,172.0,49000
2022-05-16,176.0,176.0,176.0,174.5,176.0,139000
2022-05-17,176.5,176.5,177.0,175.5,176.0,23000
2022-05-18,177.5,177.5,177.5,176.0,177.0,23000
2022-05-19,176.0,176.0,176.5,175.0,176.0,31000
2022-05-20,174.0,174.0,176.5,174.0,176.5,29000
2022-05-23,175.0,175.0,175.0,174.0,175.0,9000
2022-05-24,174.5,174.5,175.0,173.5,175.0,17000
2022-05-25,175.0,175.0,175.0,174.0,174.5,14000
2022-05-26,175.0,175.0,175.5,174.0,175.0,11000
2022-05-27,176.0,176.0,176.0,174.5,176.0,21000
2022-05-30,174.0,174.0,177.0,174.0,177.0,35000
2022-05-31,176.5,176.5,176.5,174.0,175.0,30000
2022-06-01,176.0,176.0,176.5,175.0,176.5,19000
2022-06-02,176.0,176.0,176.0,174.5,175.5,20000
2022-06-06,175.5,175.5,176.0,174.5,176.0,25000
2022-06-07,176.0,176.0,176.0,175.0,175.5,27000
2022-06-08,176.5,176.5,176.5,175.0,176.0,23000
2022-06-09,179.0,179.0,181.0,176.5,176.5,99000
2022-06-10,179.0,179.0,179.0,178.0,178.5,18000
2022-06-13,178.5,178.5,180.5,177.5,178.5,37000
2022-06-14,179.0,179.0,179.0,177.0,178.5,17000
2022-06-15,178.0,178.0,179.0,177.5,179.0,17000
2022-06-16,178.0,178.0,179.0,177.0,178.5,38000
2022-06-17,178.0,178.0,179.0,177.0,178.0,34000
2022-06-20,176.0,176.0,179.0,176.0,179.0,19000
2022-06-21,177.0,177.0,178.0,175.0,178.0,38000
2022-06-22,173.0,173.0,177.0,171.0,177.0,80000
2022-06-23,174.0,174.0,174.5,173.0,174.0,37000
2022-06-24,175.0,175.0,177.5,174.5,176.0,37000
2022-06-27,175.0,175.0,178.0,175.0,178.0,26000
2022-06-28,176.5,176.5,176.5,174.5,176.0,25000
2022-06-29,176.0,176.0,177.0,175.0,177.0,13000
2022-06-30,176.5,176.5,177.5,174.5,177.5,25000
2022-07-01,173.0,173.0,176.5,172.0,176.5,63000
2022-07-04,176.5,176.5,177.5,174.5,176.5,343000
2022-07-05,170.0,170.0,173.0,165.5,173.0,113000
2022-07-06,169.0,169.0,170.0,166.0,170.0,22000
2022-07-07,169.0,169.0,169.5,167.5,167.5,51000
2022-07-08,169.0,169.0,169.5,168.0,169.5,30000
2022-07-11,169.0,169.0,169.5,168.0,169.5,19000
2022-07-12,169.0,169.0,169.0,167.0,169.0,45000
2022-07-13,169.5,169.5,170.5,169.0,170.0,29000
2022-07-14,170.0,170.0,170.0,168.0,169.5,56000
2022-07-15,169.5,169.5,170.0,168.5,169.5,61000
2022-07-18,169.5,169.5,172.5,169.0,170.0,51000
2022-07-19,169.0,169.0,170.0,168.5,169.5,40000
2022-07-20,168.5,168.5,169.5,168.0,169.0,45000
2022-07-21,168.5,168.5,168.5,167.0,168.5,41000
2022-07-22,168.0,168.0,168.5,167.5,168.5,18000
2022-07-25,167.5,167.5,168.0,167.0,168.0,27000
2022-07-26,168.0,168.0,168.0,167.5,167.5,15000
2022-07-27,168.0,168.0,168.5,167.0,168.0,46000
2022-07-28,169.0,169.0,169.5,168.0,168.5,132000
2022-07-29,168.5,168.5,169.0,168.0,168.5,97000
2022-08-01,170.0,170.0,170.0,168.5,168.5,130000
2022-08-02,169.5,169.5,170.0,169.0,169.5,40000
2022-08-03,170.0,170.0,170.0,168.5,169.0,75000
2022-08-04,169.5,169.5,170.0,168.5,169.5,51000
2022-08-05,170.5,170.5,170.5,169.0,170.0,78000
2022-08-08,170.0,170.0,170.0,169.0,169.5,76000
2022-08-09,170.0,170.0,170.0,168.5,169.5,67000
2022-08-10,168.5,168.5,170.0,168.5,169.5,75000
2022-08-11,168.5,168.5,169.0,167.0,168.5,60000
2022-08-12,171.0,171.0,172.0,168.0,168.5,142000
2022-08-15,171.5,171.5,172.0,171.0,171.0,50000
2022-08-16,173.0,173.0,173.0,171.5,172.0,118000
2022-08-17,175.5,175.5,177.5,173.0,173.0,225000
2022-08-18,176.5,176.5,177.0,175.5,175.5,86000
2022-08-19,176.5,176.5,177.5,176.0,177.0,98000
2022-08-22,177.0,177.0,177.5,176.0,176.5,110000
2022-08-23,177.5,177.5,177.5,176.5,177.0,63000
2022-08-24,178.0,178.0,178.0,177.0,177.5,59000
2022-08-25,178.5,178.5,179.0,177.0,178.0,161000
2022-08-26,178.5,178.5,179.0,178.0,178.5,92000
2022-08-29,178.5,178.5,178.5,177.5,178.5,53000
2022-08-30,179.0,179.0,179.5,178.0,178.5,64000
2022-08-31,178.5,178.5,179.5,178.0,179.5,71000
2022-09-01,178.5,178.5,178.5,178.0,178.5,26000
2022-09-02,179.0,179.0,179.0,178.0,178.5,44000
2022-09-05,179.0,179.0,179.5,178.5,179.0,48000
2022-09-06,175.0,175.0,179.5,174.5,179.5,156000
2022-09-07,176.0,176.0,176.0,174.0,176.0,44000
2022-09-08,177.0,177.0,177.5,176.0,176.5,57000
2022-09-12,177.0,177.0,178.5,177.0,178.0,37000
2022-09-13,177.5,177.5,178.5,177.0,178.0,36000
2022-09-14,177.5,177.5,178.5,176.5,177.0,48000
2022-09-15,178.0,178.0,178.5,177.5,178.5,27000
2022-09-16,177.5,177.5,179.0,174.5,179.0,61000
2022-09-19,176.0,176.0,177.5,175.5,177.5,35000
2022-09-20,174.5,174.5,176.0,174.5,176.0,53000
2022-09-21,175.0,175.0,175.5,174.0,175.5,24000
2022-09-22,177.0,177.0,178.0,172.5,175.0,121000
2022-09-23,176.0,176.0,176.5,175.0,176.5,36000
2022-09-26,174.5,174.5,176.0,173.0,176.0,38000
2022-09-27,174.0,174.0,175.5,169.0,175.5,154000
2022-09-28,168.0,168.0,173.0,168.0,173.0,51000
2022-09-29,170.0,170.0,170.5,168.5,170.0,45000
2022-09-30,169.5,169.5,170.0,167.0,170.0,52000
2022-10-03,168.5,168.5,169.0,167.0,168.5,44000
2022-10-04,168.5,168.5,170.0,167.0,169.5,103000
2022-10-05,169.0,169.0,169.0,167.5,168.5,66000
2022-10-06,167.5,167.5,168.5,167.0,168.5,76000
2022-10-07,167.5,167.5,168.0,166.5,168.0,34000
2022-10-11,165.0,165.0,167.5,164.5,167.5,42000
2022-10-12,164.0,164.0,165.5,163.0,164.5,72000
2022-10-13,160.5,160.5,165.0,160.5,164.5,55000
2022-10-14,164.0,164.0,164.0,162.5,163.5,33000
2022-10-17,160.5,160.5,164.0,160.0,164.0,33000
2022-10-18,157.5,157.5,161.5,155.0,161.5,71000
2022-10-19,159.0,159.0,159.5,156.5,158.0,27000
2022-10-20,159.5,159.5,159.5,157.0,159.0,30000
2022-10-21,158.5,158.5,159.0,158.5,159.0,13000
2022-10-24,159.0,159.0,161.5,159.0,159.5,50000
2022-10-25,160.0,160.0,160.0,158.5,160.0,12000
2022-10-26,158.0,158.0,160.0,158.0,160.0,28000
2022-10-27,159.0,159.0,161.0,158.0,161.0,26000
2022-10-28,157.5,157.5,159.0,156.5,159.0,39000
2022-10-31,155.5,155.5,159.0,155.5,158.0,42000
2022-11-01,152.0,152.0,156.5,152.0,155.5,42000
2022-11-02,155.0,155.0,155.0,151.0,153.5,103000
2022-11-03,155.0,155.0,156.0,153.0,156.0,53000
2022-11-04,157.0,157.0,157.0,153.5,155.0,35000
2022-11-07,157.0,157.0,157.5,155.5,157.0,59000
2022-11-08,157.0,157.0,157.0,155.5,157.0,52000
2022-11-09,160.5,160.5,161.0,156.5,157.5,108000
2022-11-10,163.0,163.0,163.0,160.0,161.0,84000
2022-11-11,164.0,164.0,166.0,163.5,165.5,38000
2022-11-14,166.5,166.5,166.5,164.0,165.5,89000
2022-11-15,167.0,167.0,167.5,166.0,166.5,86000
2022-11-16,168.0,168.0,168.0,166.0,168.0,43000
2022-11-17,167.0,167.0,168.5,167.0,168.0,34000
2022-11-18,167.0,167.0,167.5,165.5,167.5,40000
2022-11-21,164.5,164.5,167.0,164.5,167.0,28000
2022-11-22,165.5,165.5,165.5,164.0,165.0,18000
2022-11-23,165.5,165.5,166.0,165.0,166.0,12000
2022-11-24,166.0,166.0,166.0,166.0,166.0,6000
2022-11-25,167.0,167.0,167.0,165.0,166.5,17000
2022-11-28,167.5,167.5,167.5,166.0,166.0,15000
2022-11-29,165.5,165.5,167.5,165.5,167.5,24000
2022-11-30,166.0,166.0,166.0,165.0,166.0,9000
2022-12-01,166.5,166.5,167.0,165.5,167.0,27000
2022-12-02,167.0,167.0,167.0,165.5,167.0,15000
2022-12-05,167.5,167.5,167.5,167.0,167.0,11000
2022-12-06,167.5,167.5,167.5,165.0,167.0,30000
2022-12-07,167.0,167.0,167.5,166.0,167.5,19000
2022-12-08,166.0,166.0,167.0,165.0,167.0,20000
2022-12-09,167.0,167.0,167.0,165.5,166.5,13000
2022-12-12,165.0,165.0,167.0,164.5,167.0,30000
2022-12-13,165.5,165.5,165.5,165.0,165.5,8000
2022-12-14,166.5,166.5,166.5,165.0,166.0,20000
2022-12-15,165.5,165.5,166.5,165.0,166.0,25000
2022-12-16,165.5,165.5,166.0,164.0,166.0,10000
2022-12-19,165.5,165.5,165.5,165.5,165.5,1000
2022-12-20,163.5,163.5,166.0,163.5,165.5,21000
2022-12-21,164.5,164.5,165.5,164.0,164.5,9000
2022-12-22,166.5,166.5,166.5,164.5,165.5,7000
2022-12-23,166.0,166.0,166.0,165.0,166.0,16000
2022-12-26,165.0,165.0,165.5,164.5,165.5,13000
2022-12-27,164.5,164.5,165.5,164.5,165.0,17000
2022-12-28,165.0,165.0,165.0,164.0,164.5,5000
2022-12-29,165.0,165.0,165.0,164.0,165.0,10000
2022-12-30,165.5,165.5,165.5,164.5,165.5,12000
2023-01-03,165.5,165.5,165.5,164.0,165.5,40000
2023-01-04,165.5,165.5,166.0,164.5,165.5,71000
2023-01-05,165.0,165.0,166.0,165.0,165.5,19000
2023-01-06,162.0,162.0,165.5,162.0,165.5,22000
2023-01-09,164.0,164.0,165.0,163.5,164.5,33000
2023-01-10,164.0,164.0,165.0,164.0,165.0,23000
2023-01-11,164.0,164.0,164.5,163.0,164.5,20000
2023-01-12,163.5,163.5,164.5,163.0,164.5,26000
2023-01-13,162.5,162.5,164.5,162.5,164.5,20000
2023-01-16,162.5,162.5,163.5,162.5,163.5,3000
2023-01-17,163.0,163.0,163.5,162.5,163.0,22000
2023-01-30,163.5,163.5,166.0,163.0,164.5,25000
2023-01-31,165.0,165.0,165.0,163.0,164.5,12000
2023-02-01,165.0,165.0,165.5,164.5,165.5,13000
2023-02-02,164.5,164.5,166.5,164.0,165.5,51000
2023-02-03,164.5,164.5,165.0,163.0,165.0,33000
2023-02-06,163.5,163.5,164.5,163.0,164.5,29000
2023-02-07,164.0,164.0,164.5,162.5,164.5,16000
2023-02-08,163.0,163.0,164.5,163.0,164.5,31000
2023-02-09,162.5,162.5,164.0,162.0,164.0,28000
2023-02-10,158.5,158.5,162.0,158.0,161.0,239000
2023-02-13,155.0,155.0,160.0,155.0,160.0,144000
2023-02-14,155.0,155.0,156.5,151.5,156.5,162000
2023-02-15,156.0,156.0,156.0,154.0,156.0,69000
2023-02-16,159.0,159.0,162.0,155.0,156.0,165000
2023-02-17,160.0,160.0,161.0,159.0,160.0,85000
2023-02-20,161.5,161.5,161.5,160.0,161.5,47000
2023-02-21,162.0,162.0,162.5,161.5,162.0,51000
2023-02-22,162.0,162.0,162.0,161.0,162.0,39000
2023-02-23,162.5,162.5,162.5,160.5,162.0,70000
2023-02-24,160.5,160.5,162.5,159.5,162.5,53000
2023-03-01,160.5,160.5,161.0,159.5,161.0,74000
2023-03-02,161.0,161.0,161.0,159.5,161.0,43000
2023-03-03,160.0,160.0,161.0,159.5,161.0,70000
2023-03-06,160.0,160.0,161.0,159.5,161.0,52000
2023-03-07,160.0,160.0,160.5,159.0,160.0,59000
2023-03-08,158.5,158.5,160.5,158.5,160.0,70000
2023-03-09,159.0,159.0,159.5,157.5,159.0,55000
2023-03-10,159.0,159.0,159.0,158.0,159.0,45000
2023-03-13,157.0,157.0,159.5,156.5,159.5,62000
2023-03-14,156.0,156.0,157.5,155.0,157.5,71000
2023-03-15,156.0,156.0,156.0,154.5,156.0,102000
2023-03-16,155.0,155.0,156.0,154.5,156.0,48000
2023-03-17,155.0,155.0,155.5,154.0,155.5,48000
2023-03-20,155.5,155.5,155.5,154.0,155.5,52000
2023-03-21,154.0,154.0,155.5,154.0,155.5,61000
2023-03-22,154.5,154.5,155.0,153.5,154.5,48000
2023-03-23,155.5,155.5,155.5,154.0,155.0,82000
2023-03-24,155.0,155.0,157.0,155.0,156.0,51000
2023-03-27,156.0,156.0,158.0,155.0,156.0,63000
2023-03-28,153.5,153.5,157.5,153.5,157.5,79000
2023-03-29,151.0,151.0,154.5,151.0,154.5,76000
2023-03-30,152.5,152.5,153.0,151.5,152.5,28000
2023-03-31,152.0,152.0,153.0,152.0,153.0,39000
2023-04-06,150.0,150.0,152.5,149.5,152.5,131000
2023-04-07,150.0,150.0,150.5,149.0,150.0,65000
2023-04-10,151.0,151.0,151.0,149.0,150.0,37000
2023-04-11,151.5,151.5,151.5,150.0,151.0,25000
2023-04-12,151.0,151.0,151.5,150.0,151.5,52000
2023-04-13,151.0,151.0,151.0,149.5,151.0,35000
2023-04-14,151.5,151.5,152.0,150.5,151.5,45000
2023-04-17,151.0,151.0,151.5,150.5,151.5,37000
2023-04-18,150.5,150.5,151.0,150.0,151.0,52000
2023-04-19,151.5,151.5,151.5,150.5,151.5,69000
2023-04-20,151.5,151.5,151.5,150.5,151.5,57000
2023-04-21,150.0,150.0,151.5,149.5,151.5,54000
2023-04-24,145.0,145.0,150.5,145.0,150.5,172000
2023-04-25,145.0,145.0,146.0,142.5,146.0,75000
2023-04-26,143.0,143.0,145.0,142.0,145.0,77000
2023-04-27,145.5,145.5,145.5,142.0,143.0,82000
2023-04-28,146.0,146.0,146.5,145.0,146.0,81000
2023-05-02,146.0,146.0,147.0,145.5,146.0,26000
2023-05-03,145.5,145.5,145.5,144.5,144.5,76000
2023-05-04,146.5,146.5,147.5,145.0,145.5,81000
2023-05-05,146.5,146.5,147.0,146.0,147.0,45000
2023-05-08,146.0,146.0,146.5,145.5,146.0,41000
2023-05-09,146.0,146.0,146.5,145.0,146.0,43000
2023-05-10,145.5,145.5,146.0,144.0,146.0,45000
2023-05-11,145.0,145.0,146.0,144.5,145.5,35000
2023-05-12,145.0,145.0,145.5,144.0,145.0,48000
2023-05-15,145.0,145.0,146.0,144.5,146.0,32000
2023-05-16,146.0,146.0,146.0,145.0,146.0,24000
2023-05-17,147.0,147.0,147.0,146.0,146.5,64000
2023-05-18,147.5,147.5,148.0,147.0,148.0,59000
2023-05-19,147.5,147.5,148.0,147.0,147.5,38000
2023-05-22,147.5,147.5,148.0,147.0,148.0,23000
2023-05-23,148.0,148.0,148.0,147.0,148.0,28000
2023-05-24,148.0,148.0,148.5,147.5,148.5,33000
2023-05-25,148.0,148.0,148.5,147.5,148.5,22000
2023-05-26,148.0,148.0,148.0,147.0,148.0,23000
2023-05-29,150.5,150.5,150.5,149.0,150.5,87000
2023-05-30,151.5,151.5,151.5,150.5,151.0,58000
2023-05-31,151.5,151.5,151.5,150.5,151.5,71000
2023-06-01,151.0,151.0,152.0,150.5,151.5,36000
2023-06-02,151.5,151.5,152.0,150.5,151.5,72000
2023-06-05,152.5,152.5,153.0,151.5,152.5,96000
2023-06-06,155.0,155.0,156.0,152.5,153.0,98000
2023-06-07,154.0,154.0,155.5,153.0,155.5,80000
2023-06-08,154.5,154.5,154.5,153.5,154.5,42000
2023-06-09,154.5,154.5,155.0,153.0,155.0,38000
2023-06-12,155.0,155.0,155.5,154.0,155.0,52000
2023-06-13,156.0,156.0,156.0,154.5,155.5,76000
2023-06-14,155.5,155.5,156.5,155.0,156.5,68000
2023-06-15,156.0,156.0,156.0,155.0,156.0,49000
2023-06-16,156.5,156.5,156.5,155.0,156.0,23000
2023-06-19,157.0,157.0,157.0,156.0,157.0,30000
2023-06-20,157.0,157.0,157.5,156.5,157.5,30000
2023-06-21,155.5,155.5,157.0,155.0,157.0,55000
2023-06-26,155.5,155.5,157.0,155.0,157.0,34000
2023-06-27,156.5,156.5,157.0,155.0,156.5,57000
2023-06-28,157.0,157.0,157.0,156.0,157.0,35000
2023-06-29,157.5,157.5,157.5,156.5,157.5,51000
2023-06-30,158.0,158.0,158.0,157.0,157.5,34000
2023-07-03,159.0,159.0,159.5,158.0,159.0,122000
2023-07-04,160.5,160.5,160.5,158.5,159.5,273000
2023-07-05,151.0,151.0,153.0,150.0,151.0,218000
2023-07-06,151.5,151.5,152.5,150.5,151.0,53000
2023-07-07,151.5,151.5,152.0,149.0,152.0,86000
2023-07-10,151.0,151.0,152.5,150.5,152.5,42000
2023-07-11,150.0,150.0,152.0,149.0,152.0,55000
2023-07-12,148.0,148.0,151.5,147.0,151.5,88000
2023-07-13,147.5,147.5,148.5,146.5,148.5,55000
2023-07-14,148.0,148.0,148.5,146.5,148.5,40000
2023-07-17,148.5,148.5,148.5,147.0,148.0,96000
2023-07-18,147.0,147.0,149.0,147.0,149.0,63000
2023-07-19,148.0,148.0,148.0,147.0,148.0,47000
2023-07-20,148.0,148.0,148.5,147.0,148.5,51000
2023-07-21,144.5,144.5,148.0,142.0,148.0,110000
2023-07-24,144.5,144.5,145.5,144.0,145.0,26000
2023-07-25,145.0,145.0,145.0,144.0,144.5,26000
2023-07-26,143.0,143.0,145.0,142.5,145.0,46000
2023-07-27,145.5,145.5,145.5,143.5,144.5,62000
2023-07-28,146.5,146.5,147.0,145.0,145.5,104000
2023-07-31,147.0,147.0,150.0,146.5,149.5,41000
2023-08-01,147.5,147.5,148.0,146.0,147.5,59000
2023-08-02,147.5,147.5,147.5,145.5,147.0,44000
2023-08-04,147.5,147.5,147.5,146.0,147.0,120000
2023-08-07,148.5,148.5,148.5,147.0,147.5,124000
2023-08-08,148.0,148.0,149.0,147.0,149.0,63000
2023-08-09,147.5,147.5,148.0,146.5,148.0,71000
2023-08-10,147.5,147.5,148.0,147.0,147.5,34000
2023-08-11,148.0,148.0,148.5,147.5,148.0,29000
2023-08-14,147.0,147.0,148.0,146.5,147.5,24000
2023-08-15,147.0,147.0,148.0,146.0,147.0,31000
2023-08-16,146.0,146.0,147.0,146.0,147.0,44000
2023-08-17,147.0,147.0,147.0,146.0,146.0,53000
2023-08-18,147.0,147.0,147.0,146.0,147.0,29000
2023-08-21,147.0,147.0,147.5,146.0,147.0,32000
2023-08-22,148.0,148.0,148.0,146.5,147.5,145000
2023-08-23,148.0,148.0,148.0,147.0,148.0,46000
2023-08-24,148.5,148.5,149.0,147.5,148.0,70000
2023-08-25,150.0,150.0,150.0,148.5,148.5,51000
2023-08-28,150.5,150.5,152.0,150.0,150.0,85000
2023-08-29,151.0,151.0,151.5,150.5,151.5,30000
2023-08-30,151.5,151.5,152.0,150.0,151.0,111000
2023-08-31,151.5,151.5,152.0,151.0,152.0,38000
2023-09-01,151.0,151.0,152.0,150.0,152.0,56000
2023-09-04,151.5,151.5,151.5,150.5,151.5,69000
2023-09-05,152.0,152.0,152.5,151.0,151.5,113000
2023-09-06,152.5,152.5,153.0,152.0,153.0,81000
2023-09-07,153.0,153.0,153.0,152.0,152.5,33000
2023-09-08,153.0,153.0,153.0,152.0,153.0,25000
2023-09-11,152.5,152.5,154.0,152.0,153.5,45000
2023-09-12,152.5,152.5,153.0,151.0,152.5,35000
2023-09-13,152.0,152.0,152.5,151.5,152.5,28000
2023-09-14,152.5,152.5,153.0,151.5,153.0,35000
2023-09-15,151.0,151.0,152.5,150.0,152.5,97000
2023-09-18,151.5,151.5,151.5,150.0,151.0,86000
2023-09-19,151.5,151.5,152.0,151.0,152.0,67000
2023-09-20,152.5,152.5,152.5,150.5,152.0,135000
2023-09-21,152.0,152.0,152.5,151.0,152.5,64000
2023-09-22,152.0,152.0,152.5,151.5,152.0,66000
2023-09-25,152.5,152.5,153.0,151.5,152.0,76000
2023-09-26,152.5,152.5,153.0,152.0,152.5,103000
2023-09-27,152.5,152.5,153.0,151.5,153.0,48000
2023-09-28,153.0,153.0,153.0,151.5,152.5,87000
2023-10-02,152.5,152.5,153.0,152.0,152.5,42000
2023-10-03,153.0,153.0,153.0,151.5,152.5,59000
2023-10-04,151.5,151.5,152.5,151.5,152.5,46000
2023-10-05,152.0,152.0,152.0,150.5,152.0,55000
2023-10-06,152.5,152.5,153.0,152.0,152.5,44000
2023-10-11,152.0,152.0,153.5,152.0,153.5,55000
2023-10-12,152.0,152.0,152.5,151.0,152.5,72000
2023-10-13,151.0,151.0,152.0,150.5,152.0,54000
2023-10-16,151.5,151.5,152.0,150.5,151.5,41000
2023-10-17,150.5,150.5,152.5,150.5,152.5,50000
2023-10-18,151.0,151.0,151.5,150.5,151.5,20000
2023-10-19,152.5,152.5,152.5,150.5,151.0,26000
2023-10-20,151.5,151.5,152.5,151.0,152.5,24000
2023-10-23,151.5,151.5,151.5,150.5,151.5,26000
2023-10-24,151.5,151.5,152.0,150.5,151.5,40000
2023-10-25,151.0,151.0,152.0,150.5,152.0,30000
2023-10-26,149.5,149.5,151.0,149.0,151.0,40000
2023-10-27,149.5,149.5,150.5,149.0,150.5,43000
2023-10-30,150.0,150.0,150.5,149.5,150.5,29000
2023-10-31,150.0,150.0,150.5,149.5,150.5,36000
2023-11-01,148.5,148.5,151.0,148.5,151.0,38000
2023-11-02,148.5,148.5,150.0,148.0,150.0,31000
2023-11-03,147.5,147.5,149.0,147.0,149.0,45000
2023-11-06,144.5,144.5,148.5,144.5,148.0,81000
2023-11-07,146.5,146.5,146.5,143.0,144.5,122000
2023-11-08,146.5,146.5,147.5,145.5,146.5,58000
2023-11-09,146.0,146.0,147.5,146.0,147.5,37000
2023-11-10,146.0,146.0,147.0,145.5,146.5,25000
2023-11-13,146.0,146.0,147.0,145.5,146.5,43000
2023-11-14,145.0,145.0,146.5,144.5,146.5,50000
2023-11-15,145.0,145.0,146.5,144.0,146.0,71000
2023-11-16,147.0,147.0,147.0,145.0,145.5,83000
2023-11-17,147.0,147.0,147.5,146.0,147.5,58000
2023-11-20,147.5,147.5,147.5,146.0,147.0,65000
2023-11-21,148.0,148.0,148.0,146.5,148.0,59000
2023-11-22,149.0,149.0,149.0,147.0,148.0,162000
2023-11-23,150.0,150.0,150.0,148.5,149.0,142000
2023-11-24,150.5,150.5,150.5,149.5,150.5,114000
2023-11-27,151.0,151.0,151.0,150.0,150.5,70000
2023-11-28,150.0,150.0,151.0,149.5,151.0,58000
2023-11-29,148.5,148.5,150.5,148.5,150.0,55000
2023-11-30,148.0,148.0,149.0,147.5,148.5,50000
2023-12-01,148.0,148.0,148.5,147.0,148.5,77000
2023-12-04,148.5,148.5,148.5,146.5,148.0,59000
2023-12-05,148.0,148.0,148.5,147.0,148.0,62000
2023-12-06,147.0,147.0,148.0,147.0,148.0,62000
2023-12-07,147.0,147.0,148.0,146.0,147.5,27000
2023-12-08,146.5,146.5,148.0,146.0,148.0,43000
2023-12-11,147.0,147.0,147.0,146.0,147.0,51000
2023-12-12,147.0,147.0,147.0,146.0,147.0,52000
2023-12-13,147.0,147.0,147.5,146.5,147.0,45000
2023-12-14,147.5,147.5,148.0,147.0,147.5,68000
2023-12-15,147.5,147.5,148.0,147.0,147.5,47000
2023-12-18,147.0,147.0,148.5,146.5,148.0,70000
2023-12-19,148.0,148.0,148.0,147.0,147.5,37000
2023-12-20,146.5,146.5,148.0,146.5,148.0,35000
2023-12-21,147.0,147.0,147.0,146.0,147.0,39000
2023-12-22,146.5,146.5,147.5,146.0,147.5,40000
2023-12-25,146.0,146.0,147.5,145.0,147.0,50000
2023-12-26,146.5,146.5,146.5,145.5,146.5,39000
2023-12-27,147.0,147.0,147.0,146.0,147.0,30000
2023-12-28,146.5,146.5,147.0,146.0,146.5,64000
2023-12-29,146.0,146.0,146.5,145.0,146.0,63000
2024-01-02,146.0,146.0,146.5,145.0,146.0,58000
2024-01-03,146.5,146.5,146.5,145.5,146.5,29000
2024-01-04,146.0,146.0,146.5,145.5,146.0,43000
2024-01-05,147.5,147.5,147.5,145.5,146.5,81000
2024-01-08,147.5,147.5,147.5,147.0,147.5,41000
2024-01-09,146.5,146.5,147.5,146.5,147.5,37000
2024-01-10,147.5,147.5,147.5,146.0,146.5,114000
2024-01-11,147.5,147.5,148.0,147.0,147.5,50000
2024-01-12,147.5,147.5,147.5,147.0,147.0,39000
2024-01-15,147.5,147.5,148.0,147.0,148.0,59000
2024-01-16,147.5,147.5,147.5,146.5,147.5,13000
2024-01-17,145.5,145.5,147.5,145.5,147.5,44000
2024-01-18,146.0,146.0,146.5,145.0,146.0,50000
2024-01-19,146.0,146.0,146.0,145.0,146.0,48000
2024-01-22,146.5,146.5,146.5,145.5,146.0,62000
2024-01-23,145.0,145.0,146.5,145.0,146.5,46000
2024-01-24,146.0,146.0,146.0,145.0,145.5,30000
2024-01-25,146.0,146.0,146.5,145.5,146.0,36000
2024-01-26,146.0,146.0,146.5,145.5,146.0,41000
2024-01-29,146.5,146.5,146.5,145.5,146.0,79000
2024-01-30,148.0,148.0,148.0,146.0,146.5,181000
2024-01-31,149.0,149.0,149.0,147.5,147.5,94000
2024-02-01,149.5,149.5,150.0,149.0,149.5,97000
2024-02-02,150.0,150.0,150.5,149.5,150.0,62000
2024-02-05,151.0,151.0,151.5,150.5,151.5,74000
2024-02-15,153.5,153.5,154.0,151.5,154.0,143000
2024-02-16,153.0,153.0,154.5,152.5,153.0,189000
2024-02-19,154.5,154.5,154.5,153.0,154.0,107000
2024-02-20,155.0,155.0,155.0,154.5,154.5,90000
2024-02-21,156.0,156.0,156.5,155.0,155.0,159000
2024-02-22,157.5,157.5,158.0,156.0,157.0,144000
2024-02-23,159.0,159.0,159.5,158.0,158.0,147000
2024-02-26,157.5,157.5,159.5,157.5,159.5,101000
2024-02-27,158.5,158.5,158.5,157.5,158.0,55000
2024-02-29,158.5,158.5,159.0,158.5,159.0,49000
2024-03-01,158.0,158.0,159.0,156.5,158.5,134000
2024-03-04,158.0,158.0,159.0,157.0,159.0,58000
2024-03-05,162.5,162.5,165.0,160.5,162.0,319000
2024-03-06,162.0,162.0,164.0,161.0,163.0,109000
2024-03-07,161.5,161.5,163.0,161.0,163.0,75000
2024-03-08,162.0,162.0,163.0,160.0,163.0,146000
2024-03-11,162.5,162.5,163.0,161.5,162.5,128000
2024-03-12,166.0,166.0,166.0,164.5,164.5,150000
2024-03-13,167.0,167.0,168.5,166.5,168.0,74000
2024-03-14,167.0,167.0,168.0,166.5,168.0,60000
2024-03-15,167.5,167.5,167.5,166.5,167.5,59000
2024-03-18,168.5,168.5,168.5,167.5,168.5,102000
2024-03-19,168.0,168.0,169.5,168.0,169.5,78000
2024-03-20,167.5,167.5,170.0,167.0,170.0,100000
2024-03-21,168.0,168.0,169.0,167.0,168.5,74000
2024-03-22,168.0,168.0,168.0,167.0,168.0,62000
2024-03-25,168.0,168.0,169.0,167.5,168.5,36000
2024-03-26,168.0,168.0,169.0,167.0,168.5,42000
2024-03-27,168.5,168.5,168.5,167.0,168.5,52000
2024-03-28,169.0,169.0,169.0,168.0,169.0,41000
2024-03-29,168.0,168.0,169.5,168.0,169.0,35000
2024-04-01,168.0,168.0,168.5,167.0,168.0,89000
2024-04-02,168.0,168.0,168.5,167.5,168.5,43000
2024-04-03,168.0,168.0,168.5,167.5,168.0,42000
2024-04-08,178.0,178.0,180.0,174.0,174.0,403000
2024-04-09,177.5,177.5,179.0,176.0,179.0,114000
2024-04-10,176.5,176.5,178.0,176.0,178.0,75000
2024-04-11,177.5,177.5,178.5,175.5,176.5,194000
2024-04-12,178.0,178.0,178.0,176.5,178.0,49000
2024-04-15,176.0,176.0,178.0,175.5,178.0,61000
2024-04-16,173.5,173.5,176.0,173.0,175.5,70000
2024-04-17,175.0,175.0,176.5,174.0,174.5,95000
2024-04-18,175.0,175.0,176.0,174.5,175.5,103000
2024-04-19,174.0,174.0,175.0,173.0,175.0,98000
2024-04-22,175.0,175.0,176.0,172.5,173.5,74000
2024-04-23,177.0,177.0,177.0,174.5,175.5,111000
2024-04-24,178.0,178.0,178.0,177.0,177.0,85000
2024-04-25,180.0,180.0,181.0,178.0,178.0,144000
2024-04-26,183.0,183.0,185.0,181.0,183.0,340000
2024-04-29,181.5,181.5,184.5,181.5,184.5,90000
2024-04-30,186.0,186.0,186.0,182.5,183.0,187000
2024-05-02,183.0,183.0,187.0,181.0,187.0,131000
2024-05-03,183.0,183.0,186.0,181.5,186.0,57000
2024-05-06,184.5,184.5,186.5,183.5,186.0,181000
2024-05-07,185.0,185.0,186.0,184.5,186.0,72000
2024-05-08,185.5,185.5,185.5,183.5,185.0,61000
2024-05-09,186.0,186.0,186.0,183.5,186.0,185000
2024-05-10,187.0,187.0,187.5,186.0,186.5,110000
2024-05-13,190.0,190.0,190.0,187.0,188.0,190000
2024-05-14,189.0,189.0,190.0,187.5,190.0,74000
2024-05-15,186.0,186.0,189.5,185.5,189.0,77000
2024-05-16,186.0,186.0,187.0,184.0,186.0,176000
2024-05-17,186.5,186.5,187.5,186.0,187.5,76000
2024-05-20,188.0,188.0,188.0,185.5,186.5,72000
2024-05-21,186.5,186.5,188.5,186.5,188.5,38000
2024-05-22,188.0,188.0,188.0,187.0,187.5,91000
2024-05-23,188.5,188.5,189.5,188.0,189.0,81000
2024-05-24,188.0,188.0,188.5,187.0,188.5,46000
2024-05-27,188.5,188.5,189.0,188.0,188.5,34000
2024-05-28,186.5,186.5,188.0,185.5,187.0,81000
2024-05-29,187.0,187.0,188.5,185.5,187.5,79000
2024-05-30,187.0,187.0,188.0,186.0,187.5,49000
2024-05-31,187.5,187.5,187.5,186.0,187.5,45000
2024-06-03,183.0,183.0,187.5,183.0,186.5,75000
2024-06-04,179.0,179.0,182.0,177.0,182.0,273000
2024-06-05,181.0,181.0,181.0,178.0,178.0,154000
2024-06-06,183.5,183.5,183.5,181.5,182.5,65000
2024-06-07,181.5,181.5,184.0,180.5,183.5,45000
2024-06-11,177.0,177.0,181.0,177.0,180.0,117000
2024-06-12,175.5,175.5,178.5,173.0,176.5,213000
2024-06-13,176.0,176.0,177.0,174.5,174.5,116000
2024-06-14,176.5,176.5,177.0,175.0,175.0,75000
2024-06-17,175.5,175.5,177.5,173.5,177.0,120000
2024-06-18,175.5,175.5,177.0,174.5,175.5,57000
2024-06-19,174.0,174.0,176.0,173.5,174.5,97000
2024-06-20,175.5,175.5,175.5,174.0,174.5,50000
2024-06-21,175.5,175.5,177.0,174.5,176.0,76000
2024-06-24,175.0,175.0,176.0,174.5,176.0,34000
2024-06-25,176.0,176.0,176.0,174.0,175.5,83000
2024-06-26,175.0,175.0,177.0,174.5,177.0,73000
2024-06-27,175.0,175.0,176.0,174.5,175.5,78000
2024-06-28,175.5,175.5,176.0,175.0,176.0,75000
2024-07-01,177.0,177.0,179.0,175.0,175.5,135000
2024-07-02,168.5,168.5,170.5,168.5,170.0,83000
2024-07-03,170.0,170.0,170.0,168.0,169.0,70000
2024-07-04,168.5,168.5,170.5,168.0,170.0,76000
2024-07-05,169.5,169.5,169.5,167.5,168.5,59000
2024-07-08,167.5,167.5,168.5,166.5,167.0,88000
2024-07-09,165.5,165.5,168.0,165.5,167.5,90000
2024-07-10,166.5,166.5,166.5,165.0,165.0,78000
2024-07-11,166.0,166.0,167.0,165.5,166.5,40000
2024-07-12,165.5,165.5,167.0,165.0,165.5,59000
2024-07-15,168.5,168.5,168.5,165.0,165.5,93000
2024-07-16,168.5,168.5,169.0,167.5,168.5,27000
2024-07-17,168.0,168.0,169.0,166.5,167.5,53000
2024-07-18,166.0,166.0,168.5,165.5,168.5,38000
2024-07-19,165.5,165.5,166.5,164.0,166.5,63000
2024-07-22,164.5,164.5,166.5,163.5,166.5,55000
2024-07-23,168.0,168.0,168.0,165.5,165.5,55000
2024-07-26,168.5,168.5,172.0,167.5,172.0,181000
2024-07-29,170.0,170.0,172.0,169.0,172.0,103000
2024-07-30,170.5,170.5,171.5,169.0,170.5,178000
2024-07-31,171.0,171.0,172.5,170.0,170.5,125000
2024-08-01,172.5,172.5,173.0,171.0,172.5,119000
2024-08-02,172.0,172.0,177.0,170.5,177.0,138000
2024-08-05,166.0,166.0,172.0,165.5,172.0,115000
2024-08-06,167.5,167.5,168.5,163.0,166.5,188000
2024-08-07,171.0,171.0,173.0,167.0,167.5,212000
2024-08-08,171.0,171.0,171.5,169.5,171.0,73000
2024-08-09,171.0,171.0,173.0,170.0,172.0,45000
2024-08-12,171.0,171.0,172.0,170.0,171.5,64000
2024-08-13,172.0,172.0,172.0,170.0,171.5,73000
2024-08-14,172.0,172.0,173.0,171.5,173.0,60000
2024-08-15,172.0,172.0,172.0,171.0,172.0,35000
2024-08-16,170.0,170.0,172.0,170.0,171.5,90000
2024-08-19,170.0,170.0,171.5,169.0,170.0,58000
2024-08-20,168.0,168.0,170.0,168.0,169.0,58000
2024-08-21,167.5,167.5,168.0,166.5,167.5,50000
2024-08-22,167.5,167.5,168.5,166.5,167.5,55000
2024-08-23,166.5,166.5,167.5,166.0,167.5,35000
2024-08-26,166.0,166.0,167.0,166.0,167.0,51000
2024-08-27,165.5,165.5,166.5,165.0,166.0,80000
2024-08-28,166.0,166.0,166.5,164.5,166.5,80000
2024-08-29,165.0,165.0,166.5,165.0,166.5,65000
2024-08-30,165.0,165.0,166.0,164.5,165.5,52000
2024-09-02,164.5,164.5,166.0,164.0,166.0,74000
2024-09-03,164.0,164.0,165.5,164.0,165.5,35000
2024-09-04,163.0,163.0,164.0,161.5,163.0,82000
2024-09-05,162.5,162.5,164.0,162.0,163.5,70000
2024-09-06,162.5,162.5,162.5,160.0,161.0,117000
2024-09-09,162.5,162.5,162.5,158.5,158.5,74000
2024-09-10,160.0,160.0,163.5,160.0,163.5,45000
2024-09-11,159.0,159.0,160.5,157.5,160.0,152000
2024-09-12,160.5,160.5,161.5,159.0,161.0,52000
2024-09-13,161.5,161.5,162.0,160.0,160.5,99000
2024-09-16,161.0,161.0,163.0,160.5,161.5,104000
2024-09-18,161.0,161.0,162.5,160.0,162.0,49000
2024-09-19,161.5,161.5,161.5,160.0,161.0,58000
2024-09-20,162.0,162.0,162.5,161.5,162.5,95000
2024-09-23,162.5,162.5,164.5,162.0,164.5,88000
2024-09-24,163.0,163.0,163.0,162.0,162.5,107000
2024-09-25,163.0,163.0,164.0,163.0,163.5,78000
2024-09-26,161.5,161.5,163.5,161.5,163.5,85000
2024-09-27,162.0,162.0,162.5,161.0,162.0,96000
2024-09-30,162.0,162.0,162.5,161.0,162.0,33000
2024-10-01,158.5,158.5,162.5,158.5,162.5,81000
2024-10-04,158.0,158.0,160.5,157.5,160.5,61000
2024-10-07,158.0,158.0,158.0,157.0,158.0,55000
2024-10-08,156.5,156.5,158.0,155.0,158.0,68000
2024-10-09,157.5,157.5,157.5,156.0,157.5,63000
2024-10-11,158.0,158.0,158.5,156.5,158.0,56000
2024-10-14,158.0,158.0,158.5,157.0,158.5,36000
2024-10-15,158.0,158.0,158.5,157.5,158.5,36000
2024-10-16,158.5,158.5,158.5,156.0,158.0,63000
2024-10-17,159.0,159.0,159.0,158.0,158.5,37000
2024-10-18,158.5,158.5,160.0,157.5,159.5,61000
2024-10-21,157.5,157.5,159.0,157.0,159.0,40000
2024-10-22,157.5,157.5,158.0,157.0,157.5,27000
2024-10-23,157.5,157.5,158.5,157.5,158.5,14000
2024-10-24,158.0,158.0,158.5,157.0,158.0,27000
2024-10-25,158.5,158.5,158.5,157.5,158.5,23000
2024-10-28,160.0,160.0,160.0,158.5,159.0,80000
2024-10-29,160.0,160.0,161.0,159.5,161.0,82000
2024-10-30,160.5,160.5,161.5,159.5,161.0,63000
2024-11-01,160.5,160.5,160.5,159.0,160.0,41000
2024-11-04,158.0,158.0,160.5,157.5,160.5,51000
2024-11-05,158.0,158.0,158.5,157.5,158.0,18000
2024-11-06,158.5,158.5,159.0,157.5,158.5,59000
2024-11-07,158.5,158.5,159.0,157.5,159.0,38000
2024-11-08,158.5,158.5,159.0,157.5,159.0,45000
2024-11-11,158.5,158.5,159.0,157.0,158.5,43000
2024-11-12,156.0,156.0,158.5,155.5,158.5,64000
2024-11-13,157.0,157.0,157.5,155.5,157.0,59000
2024-11-14,157.0,157.0,158.5,155.5,157.0,117000
2024-11-15,157.0,157.0,157.5,155.0,157.5,70000
2024-11-18,155.5,155.5,157.5,155.0,157.0,43000
2024-11-19,156.0,156.0,156.5,155.0,156.0,22000
2024-11-20,156.5,156.5,157.0,155.0,156.5,48000
2024-11-21,156.5,156.5,157.0,155.5,156.5,30000
2024-11-22,157.5,157.5,158.0,155.5,157.5,80000
2024-11-25,158.5,158.5,158.5,156.5,157.5,31000
2024-11-26,159.0,159.0,159.0,158.5,158.5,6000
2024-11-27,158.5,158.5,159.0,157.5,159.0,17000
2024-11-28,158.5,158.5,158.5,156.5,158.5,25000
2024-11-29,158.5,158.5,158.5,157.0,158.5,37000
2024-12-02,159.0,159.0,159.0,158.0,159.0,11000
2024-12-03,159.0,159.0,159.0,158.0,159.0,23000
2024-12-04,158.5,158.5,159.5,157.5,159.5,23000
2024-12-05,159.0,159.0,159.5,158.0,158.5,71000
2024-12-06,163.0,163.0,163.5,159.5,159.5,191000
2024-12-09,167.0,167.0,167.0,164.0,164.0,212000
2024-12-10,167.0,167.0,168.0,165.5,168.0,86000
2024-12-11,167.0,167.0,168.0,166.0,167.5,55000
2024-12-12,167.0,167.0,168.0,166.0,167.5,70000
2024-12-13,166.5,166.5,167.0,164.5,167.0,47000
2024-12-16,164.0,164.0,167.0,164.0,166.5,53000
2024-12-17,163.5,163.5,164.5,162.0,164.0,61000
2024-12-18,163.0,163.0,164.0,162.0,164.0,45000
2024-12-19,164.0,164.0,164.0,161.5,162.0,44000
2024-12-20,164.0,164.0,164.5,162.5,164.0,44000
2024-12-23,164.5,164.5,165.0,163.5,164.0,55000
2024-12-24,165.0,165.0,165.0,164.0,165.0,35000
2024-12-25,165.0,165.0,166.0,164.5,165.5,25000
2024-12-26,164.5,164.5,165.5,164.0,165.5,50000
2024-12-27,164.0,164.0,165.0,163.5,165.0,65000
2024-12-30,164.5,164.5,164.5,163.0,164.5,39000
2024-12-31,165.0,165.0,165.0,163.5,163.5,39000
2025-01-02,165.5,165.5,166.0,164.0,165.0,95000
2025-01-03,167.0,167.0,168.0,165.0,165.5,154000
2025-01-06,169.5,169.5,170.0,167.5,167.5,190000
2025-01-07,168.0,168.0,171.0,168.0,170.5,93000
2025-01-08,166.0,166.0,168.5,166.0,168.0,44000
2025-01-09,164.0,164.0,167.0,163.0,166.5,56000
2025-01-10,163.0,163.0,164.5,162.5,164.5,68000
2025-01-13,161.5,161.5,163.5,160.0,163.0,68000
2025-01-14,162.0,162.0,162.5,161.0,162.5,44000
2025-01-15,162.0,162.0,163.0,161.0,162.5,29000
2025-01-16,162.0,162.0,163.0,161.0,163.0,32000
2025-01-17,162.0,162.0,162.5,161.0,162.5,34000
2025-01-20,160.5,160.5,163.5,160.5,163.5,44000
2025-01-21,161.0,161.0,161.5,160.5,160.5,22000
2025-01-22,161.5,161.5,162.0,160.5,162.0,39000
2025-02-03,162.0,162.0,162.5,160.5,161.5,22000
2025-02-04,162.0,162.0,163.0,160.5,163.0,72000
2025-02-05,161.0,161.0,163.5,161.0,162.5,41000
2025-02-06,162.5,162.5,162.5,161.0,162.0,49000
2025-02-07,162.0,162.0,162.5,160.5,162.0,87000
2025-02-10,162.5,162.5,162.5,161.5,162.5,46000
2025-02-11,164.0,164.0,164.5,162.5,164.5,116000
2025-02-12,165.0,165.0,165.5,164.0,164.5,96000
2025-02-13,166.5,166.5,168.0,165.0,165.5,140000
2025-02-14,168.5,168.5,169.0,167.0,167.0,88000
2025-02-17,170.0,170.0,170.5,168.5,168.5,118000
2025-02-18,172.5,172.5,173.5,170.0,170.5,150000
2025-02-19,173.5,173.5,174.0,172.5,172.5,47000
2025-02-20,172.5,172.5,174.0,171.0,174.0,57000
2025-02-21,172.0,172.0,172.5,171.0,172.0,65000
2025-02-24,167.5,167.5,172.0,167.5,172.0,78000
2025-02-25,169.5,169.5,169.5,168.0,168.5,65000
2025-02-26,170.0,170.0,170.0,169.5,169.5,40000
2025-02-27,169.0,169.0,171.0,168.5,170.0,34000
2025-03-03,166.0,166.0,169.0,166.0,169.0,82000
2025-03-04,167.5,167.5,168.0,165.0,166.5,77000
2025-03-05,167.5,167.5,169.5,167.0,169.0,48000
2025-03-06,168.5,168.5,169.0,167.5,168.5,44000
2025-03-07,168.5,168.5,169.0,167.5,169.0,31000
2025-03-10,168.0,168.0,170.0,167.5,168.5,23000
2025-03-11,166.5,166.5,168.5,165.5,167.5,39000
2025-03-12,166.5,166.5,167.5,166.5,167.5,20000
2025-03-13,166.5,166.5,167.5,165.5,167.0,46000
2025-03-14,167.0,167.0,167.0,165.5,166.0,39000
2025-03-17,166.0,166.0,167.5,165.5,167.0,49000
2025-03-18,165.0,165.0,167.5,165.0,167.5,47000
2025-03-19,166.0,166.0,166.5,165.0,166.5,32000
2025-03-20,166.5,166.5,167.5,166.0,167.5,50000
2025-03-21,166.5,166.5,167.0,165.5,167.0,27000
2025-03-24,167.0,167.0,167.5,166.0,167.5,43000
2025-03-25,166.0,166.0,167.5,166.0,167.0,49000
2025-03-26,166.5,166.5,166.5,166.0,166.5,15000
2025-03-27,166.0,166.0,166.5,165.0,166.5,14000
2025-03-28,164.0,164.0,166.0,163.0,166.0,44000
2025-03-31,161.5,161.5,164.0,161.0,164.0,46000
2025-04-01,161.5,161.5,162.5,161.0,162.0,41000
2025-04-02,161.5,161.5,162.0,161.0,162.0,29000
2025-04-07,145.5,145.5,145.5,145.5,145.5,25000
2025-04-08,140.0,140.0,142.5,137.0,142.5,89000
2025-04-09,133.5,133.5,145.0,132.5,145.0,89000
2025-04-10,146.5,146.5,146.5,141.0,143.5,123000
2025-04-11,147.5,147.5,147.5,143.5,147.5,56000
2025-04-14,148.5,148.5,159.5,147.0,159.5,48000
2025-04-15,151.5,151.5,153.5,149.0,151.0,53000
2025-04-16,151.5,151.5,154.0,149.5,154.0,32000
2025-04-17,151.5,151.5,151.5,149.5,151.5,18000
2025-04-18,152.0,152.0,152.0,150.0,152.0,10000
2025-04-21,151.0,151.0,152.5,150.5,152.0,22000
2025-04-22,151.0,151.0,151.0,149.0,149.0,22000
2025-04-23,151.5,151.5,152.5,150.5,152.5,38000
2025-04-24,151.5,151.5,152.0,151.0,152.0,14000
2025-04-25,152.5,152.5,153.0,151.0,152.5,107000
2025-04-28,152.0,152.0,153.5,151.5,153.0,33000
2025-04-29,152.0,152.0,153.0,151.0,153.0,39000
2025-04-30,152.0,152.0,152.0,151.5,152.0,9000
2025-05-02,152.0,152.0,153.5,151.5,152.0,78000
2025-05-05,150.0,150.0,153.0,149.0,152.5,62000
2025-05-06,149.5,149.5,151.5,148.5,151.0,30000
2025-05-07,145.5,145.5,150.5,145.5,150.5,16000
2025-05-08,149.5,149.5,150.0,146.5,146.5,12000
2025-05-09,150.0,150.0,151.0,147.0,151.0,34000
2025-05-12,150.5,150.5,151.0,149.0,150.5,34000
2025-05-13,151.5,151.5,152.5,151.0,152.0,28000
2025-05-14,152.5,152.5,152.5,151.0,152.0,29000
2025-05-15,153.0,153.0,153.0,152.0,152.5,34000
2025-05-16,153.0,153.0,154.0,152.0,153.0,61000
2025-05-19,153.0,153.0,153.5,152.0,153.5,22000
2025-05-20,153.0,153.0,153.5,152.5,153.0,14000
2025-05-21,153.0,153.0,153.5,152.5,153.0,16000
2025-05-22,153.5,153.5,153.5,152.5,153.0,17000
2025-05-23,152.5,152.5,153.5,152.5,153.5,17000
2025-05-26,153.0,153.0,153.5,152.5,153.5,35000
2025-05-27,151.0,151.0,153.0,151.0,153.0,21000
2025-05-28,151.5,151.5,152.5,151.5,152.5,33000
2025-05-29,153.0,153.0,153.0,152.0,152.0,11000
2025-06-02,152.5,152.5,152.5,151.5,152.5,8000
2025-06-03,153.0,153.0,153.0,152.0,153.0,15000
2025-06-04,154.0,154.0,154.0,152.5,153.0,47000
2025-06-05,157.5,157.5,157.5,153.5,154.0,80000
2025-06-06,158.5,158.5,158.5,156.5,157.5,35000
2025-06-09,159.0,159.0,159.5,157.0,159.5,29000
2025-06-10,158.5,158.5,160.0,158.0,159.5,29000
2025-06-11,158.0,158.0,159.5,157.0,159.5,32000
2025-06-12,158.0,158.0,158.5,158.0,158.5,15000
2025-06-13,159.0,159.0,159.0,158.0,158.0,11000
2025-06-16,159.0,159.0,159.0,159.0,159.0,6000
2025-06-17,159.0,159.0,159.5,158.0,159.0,19000
2025-06-18,159.0,159.0,159.0,158.0,158.5,25000
2025-06-19,158.5,158.5,159.0,158.5,159.0,20000
2025-06-20,159.0,159.0,159.0,158.5,158.5,16000
2025-06-23,157.0,157.0,159.0,157.0,159.0,14000
2025-06-24,158.5,158.5,158.5,158.0,158.5,7000
2025-06-25,159.0,159.0,159.0,158.0,159.0,18000
2025-06-26,158.0,158.0,159.0,158.0,159.0,18000
2025-06-27,159.0,159.0,159.0,157.5,158.5,28000
2025-06-30,159.0,159.0,159.0,158.5,159.0,7000
2025-07-01,158.0,158.0,159.0,156.5,158.5,42000
2025-07-02,157.5,157.5,158.0,157.0,158.0,16000
2025-07-03,158.5,158.5,158.5,156.0,157.5,67000
2025-07-04,158.0,158.0,158.5,157.5,158.5,15000
2025-07-07,161.5,161.5,165.0,160.0,162.5,93000
2025-07-08,162.0,162.0,162.5,160.0,162.0,40000
2025-07-09,162.0,162.0,162.5,161.0,162.0,138000
2025-07-10,151.5,151.5,152.5,150.5,152.5,82000
2025-07-11,152.0,152.0,154.0,151.0,152.5,30000
2025-07-14,152.0,152.0,152.0,150.5,152.0,26000
2025-07-15,152.0,152.0,152.5,151.0,152.0,11000
2025-07-16,150.5,150.5,152.0,150.0,152.0,38000
2025-07-17,150.5,150.5,151.0,149.5,151.0,49000
2025-07-18,150.5,150.5,151.0,150.0,150.5,28000
2025-07-21,150.5,150.5,151.0,149.5,151.0,25000
2025-07-22,150.5,150.5,151.0,149.0,151.0,29000
2025-07-23,150.0,150.0,150.5,149.5,150.5,29000
2025-07-24,151.0,151.0,151.0,149.5,150.0,13000
2025-07-25,151.0,151.0,151.0,150.0,151.0,34000
2025-07-28,151.0,151.0,151.5,150.5,151.0,24000
2025-07-29,151.0,151.0,151.5,150.0,151.0,29000
2025-07-30,152.0,152.0,152.0,151.0,151.5,29000
2025-07-31,151.5,151.5,152.0,151.0,152.0,12000
2025-08-01,151.5,151.5,151.5,150.5,151.5,17000
2025-08-04,151.5,151.5,151.5,150.5,151.5,43000
2025-08-05,152.5,152.5,153.0,151.0,151.5,119000
2025-08-06,151.0,151.0,152.5,151.0,151.0,49000
2025-08-07,152.0,152.0,152.5,151.0,151.0,57000
2025-08-08,152.0,152.0,152.5,151.5,152.0,33000
2025-08-11,151.5,151.5,152.0,150.5,152.0,31000
2025-08-12,151.0,151.0,151.5,150.0,151.5,33000
2025-08-13,151.0,151.0,151.5,150.5,151.0,46000
2025-08-14,152.0,152.0,152.0,150.5,151.0,19000
2025-08-15,151.5,151.5,152.0,151.0,152.0,17000
2025-08-18,150.0,150.0,151.5,150.0,151.5,22000
2025-08-19,150.0,150.0,151.0,149.0,150.5,44000
2025-08-20,149.5,149.5,150.0,149.0,150.0,34000
2025-08-21,150.0,150.0,150.5,149.0,150.0,52000
2025-08-22,149.0,149.0,150.5,149.0,150.0,37000
2025-08-25,150.5,150.5,150.5,150.5,150.5,9000
2025-08-26,149.0,149.0,151.0,149.0,150.5,30000
2025-08-27,150.5,150.5,150.5,149.0,150.0,42000
2025-08-28,151.5,151.5,152.5,150.5,151.5,59000
2025-08-29,153.0,153.0,155.0,152.0,152.0,167000
2025-09-01,152.5,152.5,154.0,152.0,153.5,64000
2025-09-02,154.0,154.0,154.0,152.0,152.5,105000
2025-09-03,155.0,155.0,155.0,154.0,154.0,120000
2025-09-04,154.0,154.0,156.0,154.0,156.0,37000
2025-09-05,153.0,153.0,155.5,152.5,154.0,68000
2025-09-08,153.0,153.0,153.5,150.5,153.0,83000
2025-09-09,152.5,152.5,153.0,152.0,153.0,37000
2025-09-10,153.0,153.0,153.5,152.0,153.0,18000
2025-09-11,152.0,152.0,153.5,151.5,153.5,33000
2025-09-12,152.0,152.0,152.5,150.5,152.5,43000
2025-09-15,150.0,150.0,152.5,150.0,152.5,58000
2025-09-16,150.0,150.0,151.5,149.0,151.0,77000
2025-09-17,150.0,150.0,150.5,148.5,150.5,55000
2025-09-18,150.0,150.0,150.5,149.5,150.0,50000
2025-09-19,150.5,150.5,151.0,149.5,150.0,50000
2025-09-22,151.0,151.0,151.0,150.0,151.0,42000
2025-09-23,150.5,150.5,152.0,150.0,151.5,29000
2025-09-24,150.0,150.0,151.0,150.0,150.5,25000
2025-09-25,150.5,150.5,151.0,149.5,150.0,34000
2025-09-26,150.0,150.0,151.0,149.5,151.0,25000
2025-09-30,150.0,150.0,150.5,150.0,150.0,12000
2025-10-01,151.0,151.0,151.0,149.5,150.5,25000
2025-10-02,151.5,151.5,152.0,151.0,151.5,20000
2025-10-03,152.0,152.0,152.0,151.0,152.0,14000
2025-10-07,152.0,152.0,153.0,151.0,152.5,20000
2025-10-08,152.0,152.0,152.0,151.0,152.0,20000
2025-10-09,152.0,152.0,153.0,151.5,152.5,17000
2025-10-13,151.0,151.0,151.5,150.0,151.5,28000
2025-10-14,150.0,150.0,152.5,150.0,151.5,41000
2025-10-15,150.5,150.5,151.0,150.0,151.0,19000
2025-10-16,149.5,149.5,151.0,149.0,150.0,62000
2025-10-17,150.0,150.0,150.0,149.0,150.0,19000
2025-10-20,150.0,150.0,150.0,150.0,150.0,8000
2025-10-21,149.0,149.0,151.0,148.5,150.5,51000
2025-10-22,150.0,150.0,150.0,148.5,149.5,39000
2025-10-23,150.0,150.0,150.0,149.0,150.0,11000
2025-10-27,148.0,148.0,150.5,148.0,150.0,45000
2025-10-28,148.5,148.5,149.5,148.0,149.0,34000
2025-10-29,148.5,148.5,149.0,147.5,149.0,23000
2025-10-30,149.5,149.5,149.5,147.5,148.5,66000
2025-10-31,150.0,150.0,150.0,149.0,149.5,16000
2025-11-03,150.0,150.0,151.0,147.0,151.0,92000
2025-11-04,150.5,150.5,151.0,149.0,151.0,46000
2025-11-05,150.5,150.5,151.0,148.5,150.5,66000
2025-11-06,151.0,151.0,152.0,150.5,151.0,42000
2025-11-07,151.5,151.5,151.5,149.5,151.0,39000
2025-11-10,152.5,152.5,153.0,151.0,151.5,98000
2025-11-11,153.0,153.0,153.0,152.0,152.5,23000
2025-11-12,153.5,153.5,154.0,152.5,153.0,36000
2025-11-13,154.0,154.0,154.5,153.5,153.5,51000
2025-11-14,155.0,155.0,155.0,153.0,153.5,80000
2025-11-17,154.5,154.5,155.5,154.0,155.5,46000
2025-11-18,153.5,153.5,154.5,153.0,154.0,41000
2025-11-19,153.5,153.5,154.0,152.5,154.0,27000
2025-11-20,154.0,154.0,154.5,152.5,154.0,29000
2025-11-21,154.0,154.0,154.0,150.5,151.0,67000
2025-11-24,154.5,154.5,154.5,153.5,154.0,51000
2025-11-25,154.5,154.5,155.0,154.0,155.0,11000
2025-11-26,154.5,154.5,155.0,154.0,154.5,22000
2025-11-27,154.0,154.0,154.5,153.5,154.5,20000
2025-11-28,154.0,154.0,154.5,153.5,154.5,28000
2025-12-01,154.0,154.0,154.5,153.0,154.0,47000
2025-12-02,154.5,154.5,154.5,153.5,154.0,12000
2025-12-03,154.5,154.5,154.5,154.0,154.5,25000
2025-12-04,154.0,154.0,154.5,153.5,154.5,33000
2025-12-05,154.5,154.5,154.5,154.0,154.5,55000
2025-12-08,154.0,154.0,156.0,154.0,154.5,101000
2025-12-09,155.0,155.0,155.0,154.0,154.5,18000
2025-12-10,154.5,154.5,155.0,154.5,155.0,5000
2025-12-11,154.5,154.5,155.0,153.5,155.0,20000
2025-12-12,155.0,155.0,155.0,154.0,154.5,13000
2025-12-15,155.0,155.0,155.0,153.0,154.5,65000
2025-12-16,153.5,153.5,154.5,153.5,154.5,29000
2025-12-17,154.5,154.5,154.5,153.0,154.5,24000
2025-12-18,154.5,154.5,154.5,154.0,154.5,28000
2025-12-19,155.0,155.0,155.5,154.0,155.0,44000
2025-12-22,155.0,155.0,155.5,154.0,155.0,42000
2025-12-23,156.0,156.0,157.5,153.5,155.0,139000
2025-12-24,156.5,156.5,157.0,156.0,157.0,43000
2025-12-26,157.0,157.0,157.5,156.0,157.0,37000
2025-12-29,157.5,157.5,158.0,156.5,158.0,20000
2025-12-30,157.5,157.5,158.0,157.0,158.0,27000
2025-12-31,157.5,157.5,158.0,155.5,157.5,48000
2026-01-02,157.5,157.5,158.0,156.0,158.0,42000
2026-01-05,157.5,157.5,158.0,156.5,158.0,45000
2026-01-06,158.5,158.5,159.0,156.0,158.0,82000
2026-01-07,157.5,157.5,159.0,157.0,158.5,58000
2026-01-08,158.5,158.5,158.5,157.0,157.5,81000
2026-01-09,159.0,159.0,159.5,158.0,158.5,97000
2026-01-12,159.5,159.5,160.5,158.5,159.0,92000
2026-01-13,160.0,160.0,160.5,158.5,159.5,66000
2026-01-14,160.5,160.5,162.0,159.0,161.5,47000
2026-01-15,162.5,162.5,162.5,160.5,161.0,201000
2026-01-16,164.0,164.0,164.0,162.0,163.0,96000
2026-01-19,167.0,167.0,167.5,164.0,164.0,165000
2026-01-20,166.5,166.5,167.5,165.0,166.0,112000
2026-01-21,168.0,168.0,168.0,165.5,166.0,146000
2026-01-22,170.5,170.5,170.5,168.5,168.5,128000
2026-01-23,173.5,173.5,173.5,170.0,170.0,173000
2026-01-26,169.0,169.0,175.0,169.0,172.5,164000
2026-01-27,170.5,170.5,171.0,168.5,169.5,131000
2026-01-28,172.5,172.5,172.5,169.5,171.5,137000
2026-01-29,173.0,173.0,174.0,171.5,171.5,104000
2026-01-30,173.5,173.5,174.0,170.0,173.0,107000
2026-02-02,167.0,167.0,173.5,165.5,173.5,152000
2026-02-03,167.5,167.5,170.5,166.5,170.0,73000
2026-02-04,172.0,172.0,172.5,168.0,170.0,157000
2026-02-05,173.0,173.0,173.5,172.0,173.0,121000
2026-02-06,174.0,174.0,174.5,169.5,174.0,196000
2026-02-09,175.0,175.0,176.0,173.0,174.5,129000
2026-02-10,175.5,175.5,182.5,174.0,182.5,151000
2026-02-11,176.0,176.0,176.5,174.5,176.5,55000
2026-02-23,178.0,178.0,178.0,176.0,176.5,157000
2026-02-24,180.0,180.0,181.0,178.0,179.0,182000
2026-02-25,179.5,179.5,181.0,177.5,180.5,117000
2026-02-26,178.0,178.0,180.0,176.0,179.5,94000
2026-03-02,177.0,177.0,177.5,174.5,174.5,78000
2026-03-03,173.5,173.5,177.5,172.0,177.0,103000
2026-03-04,169.0,169.0,173.5,168.5,173.5,153000
2026-03-05,172.0,172.0,172.0,169.5,171.5,81000
2026-03-06,171.5,171.5,172.0,169.5,172.0,56000
2026-03-09,168.0,168.0,168.0,163.0,168.0,121000
2026-03-10,169.5,169.5,172.0,168.0,172.0,71000
2026-03-11,169.5,169.5,171.0,169.0,169.0,55000
2026-03-12,166.5,166.5,169.5,166.5,169.5,37000
2026-03-13,166.5,166.5,169.0,165.0,169.0,91000
2026-03-16,167.0,167.0,169.0,165.5,168.0,24000
2026-03-17,168.5,168.5,169.0,167.0,168.0,71000
2026-03-18,173.0,173.0,173.0,169.0,169.5,246000
2026-03-19,173.0,173.0,173.5,170.5,171.0,68000
2026-03-20,170.5,170.5,174.5,170.5,173.0,79000
2026-03-23,169.5,169.5,171.5,167.5,170.5,47000
2026-03-24,169.0,169.0,171.0,167.5,170.0,62000
2026-03-25,169.5,169.5,170.0,168.5,169.5,42000
2026-03-26,170.0,170.0,171.0,169.0,169.5,87000
2026-03-27,169.5,169.5,169.5,168.0,169.5,31000
2026-03-30,164.5,164.5,169.5,164.5,169.5,50000
2026-03-31,164.5,164.5,166.5,162.5,165.5,83000
2026-04-01,164.5,164.5,166.0,164.0,165.0,59000
2026-04-02,165.0,165.0,165.0,164.0,164.5,22000
2026-04-07,166.5,166.5,167.0,164.5,167.0,50000
2026-04-08,168.5,168.5,168.5,166.0,166.5,75000
2026-04-09,169.0,169.0,169.5,168.0,169.0,63000
2026-04-10,171.5,171.5,171.5,169.5,169.5,194000
2026-04-13,170.5,170.5,173.5,170.0,171.5,125000
2026-04-14,171.0,171.0,171.5,170.0,171.0,46000
2026-04-15,174.0,174.0,174.0,171.0,171.5,132000
2026-04-16,173.5,173.5,175.0,172.0,174.0,74000
2026-04-17,173.5,173.5,174.5,172.0,173.5,60000
2026-04-20,174.0,174.0,174.5,172.5,174.0,36000
2026-04-21,174.0,174.0,175.0,172.5,174.5,47000
2026-04-22,175.0,175.0,176.5,173.0,174.5,150000
2026-04-23,175.5,175.5,177.0,173.0,176.0,136000
2026-04-24,176.0,176.0,176.5,174.0,176.0,107000
2026-04-27,176.0,176.0,177.5,173.5,176.5,71000
2026-04-28,175.5,175.5,177.0,174.5,176.5,42000
2026-04-29,175.5,175.5,175.5,174.0,175.0,26000
2026-04-30,176.0,176.0,176.5,175.0,176.0,84000
2026-05-04,177.0,177.0,177.5,176.0,176.0,84000
2026-05-05,178.0,178.0,178.0,177.0,177.5,76000
2026-05-06,176.0,176.0,179.0,175.5,178.0,59000
2026-05-07,176.0,176.0,177.0,174.0,175.0,80000
2026-05-08,174.0,174.0,177.0,172.0,176.0,100000
2026-05-11,174.5,174.5,176.0,174.0,175.0,104000
2026-05-12,175.0,175.0,176.0,174.0,175.5,24000
2026-05-13,173.5,173.5,175.0,172.5,175.0,42000
2026-05-14,173.0,173.0,174.5,172.0,174.5,59000
2026-05-15,171.5,171.5,174.0,171.0,174.0,50000
2026-05-18,170.0,170.0,172.5,169.0,172.5,36000
2026-05-19,169.0,169.0,170.0,167.0,169.0,44000
2026-05-20,168.5,168.5,171.0,168.0,169.5,42000
2026-05-21,170.5,170.5,170.5,168.0,169.0,130000
2026-05-22,168.5,168.5,171.5,168.0,171.0,75000
2026-05-25,168.5,168.5,170.5,167.0,168.5,130000
2026-05-26,167.5,167.5,170.0,167.5,168.5,48000
2026-05-27,168.0,168.0,169.0,167.0,169.0,45000
2026-05-28,167.0,167.0,168.5,166.0,168.0,58000
2026-05-29,167.0,167.0,168.0,165.0,166.5,106000
2026-06-01,168.0,168.0,169.0,167.0,168.0,55000
2026-06-02,170.0,170.0,170.0,167.5,169.0,120000
2026-06-03,170.0,170.0,171.0,169.0,170.0,61000
2026-06-04,171.5,171.5,172.0,169.0,170.5,72000
2026-06-05,171.5,171.5,172.5,170.5,172.0,37000
2026-06-08,171.0,171.0,171.0,166.5,170.0,119000
2026-06-09,172.5,172.5,172.5,171.0,172.5,31000
2026-06-10,172.0,172.0,173.0,171.0,172.5,28000
2026-06-11,172.0,172.0,172.5,170.0,172.0,41000
2026-06-12,173.0,173.0,174.0,172.0,172.5,48000
2026-06-15,173.0,173.0,175.0,171.5,174.0,35000
2026-06-16,171.5,171.5,173.5,171.5,173.0,27000
2026-06-17,171.0,171.0,172.0,170.5,171.5,19000
2026-06-18,172.0,172.0,172.5,171.0,171.5,78000
2026-06-22,173.5,173.5,173.5,171.0,172.5,93000
2026-06-23,171.5,171.5,174.0,171.5,174.0,37000
2026-06-24,172.0,172.0,172.0,170.0,171.5,26000
2026-06-25,172.5,172.5,172.5,171.0,172.5,21000
2026-06-26,171.0,171.0,172.0,170.5,172.0,25000
2026-06-29,170.0,170.0,171.5,170.0,171.5,42000
2026-06-30,171.0,171.0,172.0,170.5,170.5,44000
2026-07-01,170.5,170.5,172.0,170.5,172.0,30000
2026-07-02,171.0,171.0,171.5,170.0,170.5,134000
2026-07-03,172.0,172.0,173.0,171.0,171.0,198000
2026-07-06,163.5,163.5,163.5,160.5,162.0,126000
2026-07-07,160.0,160.0,164.5,159.0,164.0,111000
2026-07-08,160.0,160.0,161.0,157.0,161.0,132000
2026-07-09,157.5,157.5,161.0,156.5,159.0,132000
2026-07-13,158.0,158.0,158.5,156.0,157.5,152000
2026-07-14,157.5,157.5,159.0,154.5,158.0,126000
2026-07-15,156.5,156.5,159.0,156.5,157.0,55000
2026-07-16,157.5,157.5,157.5,155.0,156.5,60000
2026-07-17,153.5,153.5,157.5,152.5,157.5,142000
2026-07-20,156.0,156.0,156.5,153.0,156.0,86000
2026-07-21,157.5,157.5,158.5,156.0,158.0,81000
2026-07-22,158.0,158.0,159.0,156.5,159.0,70000
2026-07-23,156.5,156.5,159.0,155.5,158.5,64000
2026-07-24,156.0,156.0,157.0,154.0,157.0,39000
2026-07-27,157.0,157.0,157.0,155.0,156.5,74000
2026-07-28,155.0,155.0,157.0,154.0,157.0,46000
2026-07-29,156.5,156.5,158.5,154.5,156.5,192000
2026-07-30,157.5,157.5,161.0,156.5,157.5,220000
2026-07-31,161.5,161.5,161.5,159.0,159.0,158000
2026-08-03,160.0,160.0,162.0,158.5,161.5,101000
2026-08-04,159.5,159.5,161.5,159.0,160.5,95000
2026-08-05,158.5,158.5,160.5,157.5,160.5,126000
2026-08-06,158.5,158.5,159.0,157.0,158.5,49000
2026-08-07,158.5,158.5,160.0,157.5,159.0,41000
2026-08-10,159.5,159.5,159.5,157.5,159.5,160000
2026-08-11,159.5,159.5,160.5,159.0,159.5,60000
2026-08-12,159.0,159.0,160.0,158.5,160.0,68000
2026-08-13,160.0,160.0,160.0,159.0,160.0,57000
2026-08-14,159.0,159.0,160.0,158.5,160.0,47000
2026-08-17,160.0,160.0,161.0,158.5,159.5,219000
2026-08-18,158.5,158.5,160.5,158.0,160.0,67000
2026-08-19,158.5,158.5,159.0,157.5,159.0,119000
2026-08-20,159.5,159.5,159.5,158.0,159.5,125000
2026-08-21,159.5,159.5,160.0,159.0,160.0,53000
2026-08-24,159.5,159.5,160.0,159.5,159.5,19221
2026-08-25,159.0,159.0,160.0,158.5,159.5,43499
2026-08-26,159.0,159.0,160.0,158.0,159.5,83096
2026-08-27,159.0,159.0,159.5,158.5,159.5,134746
2026-08-28,158.5,158.5,159.5,158.0,159.0,145298
2026-08-31,158.5,158.5,159.0,157.5,158.5,69536
2026-09-01,158.5,158.5,159.5,158.0,159.5,77034
2026-09-02,158.5,158.5,158.5,157.5,158.0,38694
2026-09-03,157.5,157.5,159.0,157.0,158.5,40206
2026-09-04,158.0,158.0,158.5,157.0,158.5,14831
2026-09-07,158.0,158.0,159.0,157.5,159.0,51159
2026-09-08,157.5,157.5,158.0,156.5,157.0,38193
2026-09-09,158.0,158.0,158.0,157.5,157.5,19112
2026-09-10,158.0,158.0,158.5,157.5,157.5,13053
2026-09-11,157.5,157.5,158.0,156.5,158.0,36860
2026-09-14,156.5,156.5,158.0,156.0,158.0,31440
2026-09-15,157.0,157.0,157.5,156.5,157.5,7541
2026-09-16,156.0,156.0,157.0,155.5,157.0,35812
2026-09-17,156.5,156.5,157.0,156.5,156.5,22092
2026-09-18,158.0,158.0,158.0,156.0,157.5,63301
2026-09-21,156.5,156.5,158.5,156.5,158.0,33078
2026-09-22,156.0,156.0,157.5,155.5,157.5,41098
2026-09-23,155.0,155.0,156.0,154.5,156.0,59599
2026-09-24,155.5,155.5,155.5,155.0,155.0,25117
2026-09-25,155.5,155.5,155.5,155.0,155.0,25117
2026-09-28,155.5,155.5,155.5,155.0,155.0,25117
2026-09-29,155.5,155.5,156.5,154.5,156.5,36310
2026-09-30,156.0,156.0,157.0,155.5,156.0,48000
2026-10-01,156.5,156.5,157.5,156.0,157.0,91132
2026-10-02,157.5,157.5,157.5,156.0,157.0,57749
2026-10-05,158.0,158.0,158.0,157.0,158.0,29264
2026-10-06,161.0,161.0,161.0,160.0,160.0,64087
2026-10-07,161.0,161.0,161.0,160.0,160.0,64087
2026-10-08,161.0,161.0,161.0,160.0,160.0,64087
2026-10-09,161.0,161.0,161.0,160.0,160.0,64087
