,Adj Close,Close,High,Low,Open,Volume,Dividends,Stock Splits
2020-01-02,6.979179859161377,9.5,9.539999961853027,9.479999542236328,9.510000228881836,82000,,
2020-01-03,6.957140922546387,9.470000267028809,9.539999961853027,9.470000267028809,9.5,119302,,
2020-01-06,6.832250118255615,9.300000190734863,9.510000228881836,9.300000190734863,9.4399995803833,111000,,
2020-01-07,6.883675575256348,9.369999885559082,9.5,9.359999656677246,9.5,45000,,
2020-01-08,6.84694242477417,9.319999694824219,9.390000343322754,9.300000190734863,9.3100004196167,112000,,
2020-01-09,6.876328945159912,9.359999656677246,9.449999809265137,9.300000190734863,9.329999923706055,66000,,
2020-01-10,6.832250118255615,9.300000190734863,9.449999809265137,9.300000190734863,9.399999618530273,95000,,
2020-01-13,6.780823707580566,9.229999542236328,9.4399995803833,9.210000038146973,9.300000190734863,85000,,
2020-01-14,6.736745357513428,9.170000076293945,9.329999923706055,9.170000076293945,9.210000038146973,237000,,
2020-01-15,6.729398727416992,9.15999984741211,9.220000267028809,9.149999618530273,9.220000267028809,105000,,
2020-01-16,6.714706897735596,9.140000343322754,9.239999771118164,9.140000343322754,9.149999618530273,78000,,
2020-01-17,6.751439094543457,9.1899995803833,9.239999771118164,9.170000076293945,9.170000076293945,99283,,
2020-01-20,6.839597225189209,9.3100004196167,9.4399995803833,9.199999809265137,9.289999961853027,268507,,
2020-01-30,6.244530200958252,8.5,8.779999732971191,8.380000114440918,8.430000305175781,578000,,
2020-01-31,6.185758113861084,8.420000076293945,8.420000076293945,8.050000190734863,8.050000190734863,175342,,
2020-02-03,5.980055809020996,8.140000343322754,8.390000343322754,8.130000114440918,8.390000343322754,240000,,
2020-02-04,6.002094745635986,8.170000076293945,8.369999885559082,8.140000343322754,8.140000343322754,165000,,
2020-02-05,6.038827419281006,8.220000267028809,8.34000015258789,8.210000038146973,8.260000228881836,115000,,
2020-02-06,6.038827419281006,8.220000267028809,8.390000343322754,8.220000267028809,8.279999732971191,126000,,
2020-02-07,6.1563720703125,8.380000114440918,8.399999618530273,8.25,8.369999885559082,77136,,
2020-02-10,6.538389682769775,8.899999618530273,9.100000381469727,8.380000114440918,8.399999618530273,435344,,
2020-02-11,6.5530829429626465,8.920000076293945,9.270000457763672,8.899999618530273,9.270000457763672,260000,,
2020-02-12,6.5530829429626465,8.920000076293945,9.0,8.899999618530273,9.0,142000,,
2020-02-13,6.560429096221924,8.930000305175781,9.229999542236328,8.869999885559082,9.229999542236328,140000,,
2020-02-14,6.494311332702637,8.84000015258789,8.920000076293945,8.770000457763672,8.899999618530273,126241,,
2020-02-17,6.442885398864746,8.770000457763672,8.84000015258789,8.699999809265137,8.84000015258789,109000,,
2020-02-18,6.259222984313965,8.520000457763672,8.680000305175781,8.5,8.649999618530273,197000,,
2020-02-19,6.266569137573242,8.529999732971191,8.600000381469727,8.40999984741211,8.600000381469727,98000,,
2020-02-20,6.207797527313232,8.449999809265137,8.5600004196167,8.449999809265137,8.529999732971191,94000,,
2020-02-21,6.193104267120361,8.430000305175781,8.489999771118164,8.40999984741211,8.40999984741211,61245,,
2020-02-24,6.134332180023193,8.350000381469727,8.430000305175781,8.300000190734863,8.420000076293945,71000,,
2020-02-25,6.104946136474609,8.3100004196167,8.34000015258789,8.260000228881836,8.34000015258789,38000,,
2020-02-26,6.075560569763184,8.270000457763672,8.279999732971191,8.210000038146973,8.229999542236328,70000,,
2020-02-27,5.965363025665283,8.119999885559082,8.260000228881836,8.109999656677246,8.260000228881836,120000,,
2020-03-02,5.8992438316345215,8.029999732971191,8.109999656677246,8.029999732971191,8.029999732971191,136000,,
2020-03-03,6.00944185256958,8.180000305175781,8.279999732971191,8.100000381469727,8.279999732971191,46000,,
2020-03-04,5.913937091827393,8.050000190734863,8.1899995803833,8.0,8.1899995803833,243000,,
2020-03-05,5.913937091827393,8.050000190734863,8.130000114440918,8.0,8.119999885559082,222000,,
2020-03-06,5.891897678375244,8.020000457763672,8.079999923706055,8.010000228881836,8.079999923706055,94000,,
2020-03-09,5.730274200439453,7.800000190734863,8.039999961853027,7.800000190734863,8.020000457763672,137000,,
2020-03-10,5.722928047180176,7.789999961853027,7.800000190734863,7.550000190734863,7.800000190734863,202000,,
2020-03-11,5.69354248046875,7.75,7.980000019073486,7.75,7.75,83000,,
2020-03-12,5.429067134857178,7.389999866485596,7.599999904632568,7.099999904632568,7.570000171661377,197000,,
2020-03-13,5.429067134857178,7.389999866485596,7.389999866485596,7.389999866485596,7.389999866485596,0,,
2020-03-16,4.856040000915527,6.610000133514404,6.809999942779541,6.46999979019165,6.71999979019165,135000,,
2020-03-17,4.407903671264648,6.0,6.349999904632568,5.989999771118164,6.349999904632568,409000,,
2020-03-18,4.407903671264648,6.0,6.0,6.0,6.0,0,,
2020-03-19,3.8936479091644287,5.300000190734863,5.71999979019165,5.300000190734863,5.699999809265137,661000,,
2020-03-20,4.11404275894165,5.599999904632568,5.650000095367432,5.130000114440918,5.130000114440918,244000,,
2020-03-23,4.025885105133057,5.480000019073486,5.539999961853027,5.400000095367432,5.539999961853027,115000,,
2020-03-24,4.385863780975342,5.96999979019165,6.019999980926514,5.550000190734863,5.75,295000,,
2020-03-25,4.819307804107666,6.559999942779541,6.559999942779541,6.559999942779541,6.559999942779541,188000,,
2020-03-26,5.296830177307129,7.210000038146973,7.210000038146973,7.010000228881836,7.179999828338623,973000,,
2020-03-27,5.509879112243652,7.5,7.809999942779541,7.300000190734863,7.670000076293945,1083000,,
2020-03-30,5.4070281982421875,7.360000133514404,7.489999771118164,7.269999980926514,7.489999771118164,298000,,
2020-03-31,5.4070281982421875,7.360000133514404,7.570000171661377,7.360000133514404,7.480000019073486,176000,,
2020-04-01,5.495185852050781,7.480000019073486,7.579999923706055,7.320000171661377,7.320000171661377,144000,,
2020-04-06,5.480493068695068,7.460000038146973,7.550000190734863,7.409999847412109,7.449999809265137,253000,,
2020-04-07,5.620077133178711,7.650000095367432,7.699999809265137,7.5,7.5,347000,,
2020-04-08,5.649462699890137,7.690000057220459,7.710000038146973,7.599999904632568,7.610000133514404,283000,,
2020-04-09,5.855165004730225,7.96999979019165,7.96999979019165,7.78000020980835,7.889999866485596,286000,,
2020-04-10,5.913937091827393,8.050000190734863,8.100000381469727,7.849999904632568,7.900000095367432,260000,,
2020-04-13,5.950669288635254,8.100000381469727,8.130000114440918,7.909999847412109,8.0,129000,,
2020-04-14,6.1563720703125,8.380000114440918,8.399999618530273,8.050000190734863,8.050000190734863,292000,,
2020-04-15,6.244530200958252,8.5,8.600000381469727,8.380000114440918,8.380000114440918,212000,,
2020-04-16,6.303300857543945,8.579999923706055,8.59000015258789,8.399999618530273,8.5,168000,,
2020-04-17,6.479617595672607,8.819999694824219,8.970000267028809,8.619999885559082,8.619999885559082,454000,,
2020-04-20,6.479617595672607,8.819999694824219,8.960000038146973,8.600000381469727,8.949999809265137,339000,,
2020-04-21,6.406152725219727,8.720000267028809,8.869999885559082,8.300000190734863,8.869999885559082,251000,,
2020-04-22,7.037952423095703,9.579999923706055,9.59000015258789,8.579999923706055,8.600000381469727,1156000,,
2020-04-23,7.677097797393799,10.449999809265137,10.5,9.630000114440918,9.699999809265137,730000,,
2020-04-24,7.419971466064453,10.100000381469727,10.25,9.949999809265137,10.25,1691000,,
2020-04-27,7.111417770385742,9.680000305175781,10.350000381469727,9.649999618530273,10.199999809265137,1520000,,
2020-04-28,6.868982315063477,9.350000381469727,9.779999732971191,9.100000381469727,9.75,1453000,,
2020-04-29,6.839597225189209,9.3100004196167,9.539999961853027,9.300000190734863,9.359999656677246,748000,,
2020-04-30,6.780823707580566,9.229999542236328,9.369999885559082,9.199999809265137,9.34000015258789,620000,,
2020-05-04,6.832250118255615,9.300000190734863,9.489999771118164,9.0,9.1899995803833,1752000,,
2020-05-05,6.795517444610596,9.25,9.380000114440918,9.220000267028809,9.380000114440918,312000,,
2020-05-06,6.810211181640625,9.270000457763672,9.380000114440918,9.25,9.25,321000,,
2020-05-07,6.868982315063477,9.350000381469727,9.399999618530273,9.279999732971191,9.300000190734863,192000,,
2020-05-08,6.839597225189209,9.3100004196167,9.380000114440918,9.289999961853027,9.359999656677246,286000,,
2020-05-11,6.942448139190674,9.449999809265137,9.479999542236328,9.149999618530273,9.149999618530273,390000,,
2020-05-12,6.824903964996338,9.289999961853027,9.449999809265137,9.289999961853027,9.350000381469727,208000,,
2020-05-13,6.883675575256348,9.369999885559082,9.470000267028809,9.279999732971191,9.279999732971191,131000,,
2020-05-14,6.84694242477417,9.319999694824219,9.420000076293945,9.319999694824219,9.369999885559082,443000,,
2020-05-15,6.891021728515625,9.380000114440918,9.460000038146973,9.350000381469727,9.4399995803833,216000,,
2020-05-18,6.979179859161377,9.5,9.800000190734863,9.300000190734863,9.359999656677246,273000,,
2020-05-19,6.957140922546387,9.470000267028809,9.600000381469727,9.4399995803833,9.59000015258789,299000,,
2020-05-20,6.891021728515625,9.380000114440918,9.5,9.380000114440918,9.5,119000,,
2020-05-21,6.891021728515625,9.380000114440918,9.5,9.319999694824219,9.34000015258789,207000,,
2020-05-22,6.868982315063477,9.350000381469727,9.369999885559082,9.279999732971191,9.359999656677246,226000,,
2020-05-25,6.832250118255615,9.300000190734863,9.380000114440918,9.260000228881836,9.380000114440918,141000,,
2020-05-26,6.810211181640625,9.270000457763672,9.380000114440918,9.270000457763672,9.279999732971191,184000,,
2020-05-27,7.3391594886779785,9.989999771118164,10.149999618530273,9.260000228881836,9.300000190734863,2199000,,
2020-05-28,7.199576377868652,9.800000190734863,10.100000381469727,9.649999618530273,10.100000381469727,763000,,
2020-05-29,7.324466228485107,9.970000267028809,9.970000267028809,9.699999809265137,9.800000190734863,246000,,
2020-06-01,7.324466228485107,9.970000267028809,10.100000381469727,9.949999809265137,10.0,246000,,
2020-06-02,7.302425861358643,9.9399995803833,10.149999618530273,9.9399995803833,9.979999542236328,472000,,
2020-06-03,7.302425861358643,9.9399995803833,10.0,9.930000305175781,9.989999771118164,115000,,
2020-06-04,7.3097734451293945,9.949999809265137,10.0,9.930000305175781,9.9399995803833,127000,,
2020-06-05,7.258347988128662,9.880000114440918,10.050000190734863,9.869999885559082,10.0,417000,,
2020-06-08,7.302425861358643,9.9399995803833,10.0,9.859999656677246,9.949999809265137,343000,,
2020-06-09,7.346505641937256,10.0,10.100000381469727,9.9399995803833,9.9399995803833,506000,,
2020-06-10,7.302425861358643,9.9399995803833,10.149999618530273,9.930000305175781,9.9399995803833,355000,,
2020-06-11,7.140804290771484,9.720000267028809,10.25,9.720000267028809,9.9399995803833,1176000,,
2020-06-12,7.170189380645752,9.760000228881836,9.850000381469727,9.449999809265137,9.449999809265137,309000,,
2020-06-15,7.7505645751953125,10.550000190734863,10.600000381469727,9.699999809265137,10.0,1641000,,
2020-06-16,8.375017166137695,11.399999618530273,11.600000381469727,10.300000190734863,10.600000381469727,10196000,,
2020-06-17,7.970959186553955,10.850000381469727,11.399999618530273,10.800000190734863,11.199999809265137,3175000,,
2020-06-18,8.742341041564941,11.899999618530273,11.899999618530273,10.949999809265137,11.0,5656000,,
2020-06-19,8.558679580688477,11.649999618530273,12.25,11.5,12.199999809265137,3616000,,
2020-06-22,7.970959186553955,10.850000381469727,11.649999618530273,10.75,11.600000381469727,2284000,,
2020-06-23,7.897493839263916,10.75,11.050000190734863,10.550000190734863,10.899999618530273,1027000,,
2020-06-24,8.2280855178833,11.199999809265137,11.649999618530273,10.850000381469727,10.850000381469727,1847000,,
2020-06-29,8.0076904296875,10.899999618530273,11.199999809265137,10.899999618530273,11.199999809265137,835000,,
2020-06-30,8.154622077941895,11.100000381469727,11.350000381469727,10.899999618530273,11.100000381469727,984000,,
2020-07-01,8.081155776977539,11.0,11.350000381469727,11.0,11.350000381469727,762000,,
2020-07-02,8.317456245422363,10.850000381469727,11.100000381469727,10.600000381469727,10.600000381469727,827000,,
2020-07-03,8.24079704284668,10.75,11.0,10.699999809265137,11.0,487000,,
2020-07-06,9.0457124710083,11.800000190734863,11.800000190734863,10.649999618530273,10.899999618530273,4852000,,
2020-07-07,8.624089241027832,11.25,12.199999809265137,11.050000190734863,11.800000190734863,3478000,,
2020-07-08,8.585760116577148,11.199999809265137,11.5,11.199999809265137,11.25,901000,,
2020-07-09,9.42900562286377,12.300000190734863,12.300000190734863,11.100000381469727,11.300000190734863,5270000,,
2020-07-10,10.348908424377441,13.5,13.5,11.5,12.25,9401000,,
2020-07-13,10.387237548828125,13.550000190734863,14.699999809265137,12.899999618530273,13.350000381469727,9458000,,
2020-07-14,10.118931770324707,13.199999809265137,14.449999809265137,13.149999618530273,13.550000190734863,4704000,,
2020-07-15,9.50566291809082,12.399999618530273,13.550000190734863,12.350000381469727,13.350000381469727,2651000,,
2020-07-16,10.04227352142334,13.100000381469727,13.5,12.199999809265137,12.550000190734863,5839000,,
2020-07-17,10.00394344329834,13.050000190734863,13.800000190734863,12.949999809265137,12.949999809265137,3997000,,
2020-07-20,9.812297821044922,12.800000190734863,13.350000381469727,12.649999618530273,13.050000190734863,1809000,,
2020-07-21,9.50566291809082,12.399999618530273,13.300000190734863,12.350000381469727,12.800000190734863,2674000,,
2020-07-22,9.658981323242188,12.600000381469727,12.75,12.25,12.449999809265137,1877000,,
2020-07-23,9.50566291809082,12.399999618530273,12.850000381469727,12.350000381469727,12.699999809265137,2438000,,
2020-07-24,9.237358093261719,12.050000190734863,12.5,12.050000190734863,12.399999618530273,745000,,
2020-07-27,8.7390775680542,11.399999618530273,12.300000190734863,11.399999618530273,12.149999618530273,3314000,,
2020-07-28,8.279126167297363,10.800000190734863,11.600000381469727,10.800000190734863,11.5,1072000,,
2020-07-29,8.585760116577148,11.199999809265137,11.350000381469727,10.649999618530273,10.649999618530273,937000,,
2020-07-30,8.89239501953125,11.600000381469727,11.75,11.350000381469727,11.350000381469727,972000,,
2020-07-31,9.35234546661377,12.199999809265137,12.399999618530273,11.350000381469727,11.399999618530273,1293000,,
2020-08-03,9.390674591064453,12.25,12.75,12.100000381469727,12.350000381469727,3437000,,
2020-08-04,9.467334747314453,12.350000381469727,12.399999618530273,12.100000381469727,12.100000381469727,1988000,,
2020-08-05,9.467334747314453,12.350000381469727,12.800000190734863,12.199999809265137,12.350000381469727,1672000,,
2020-08-06,9.199029922485352,12.0,12.600000381469727,12.0,12.600000381469727,1071000,,
2020-08-07,9.237358093261719,12.050000190734863,12.350000381469727,11.850000381469727,12.199999809265137,1237000,,
2020-08-10,10.118931770324707,13.199999809265137,13.25,12.25,12.25,8284000,,
2020-08-11,9.50566291809082,12.399999618530273,13.199999809265137,12.25,12.949999809265137,2655000,,
2020-08-12,9.888956069946289,12.899999618530273,13.300000190734863,12.649999618530273,12.949999809265137,3340000,,
2020-08-13,9.697309494018555,12.649999618530273,13.149999618530273,12.649999618530273,13.100000381469727,2251000,,
2020-08-14,9.850625991821289,12.850000381469727,13.050000190734863,12.600000381469727,12.850000381469727,1505000,,
2020-08-17,9.850625991821289,12.850000381469727,13.050000190734863,12.800000190734863,12.850000381469727,817000,,
2020-08-18,9.773967742919922,12.75,13.100000381469727,12.75,12.850000381469727,1397000,,
2020-08-19,9.620651245117188,12.550000190734863,13.0,12.449999809265137,12.800000190734863,1092000,,
2020-08-20,8.930724143981934,11.649999618530273,12.550000190734863,11.300000190734863,12.449999809265137,1990000,,
2020-08-21,9.237358093261719,12.050000190734863,12.25,11.850000381469727,11.850000381469727,745000,,
2020-08-24,9.237358093261719,12.050000190734863,12.199999809265137,12.0,12.100000381469727,405000,,
2020-08-25,9.620651245117188,12.550000190734863,12.75,12.149999618530273,12.199999809265137,1148000,,
2020-08-26,9.582321166992188,12.5,12.75,12.350000381469727,12.75,897000,,
2020-08-27,9.582321166992188,12.5,12.899999618530273,12.199999809265137,12.649999618530273,3325000,,
2020-08-28,9.965614318847656,13.0,13.300000190734863,12.449999809265137,12.5,4180000,,
2020-08-31,10.118931770324707,13.199999809265137,13.800000190734863,13.149999618530273,13.350000381469727,3863000,,
2020-09-01,10.157261848449707,13.25,13.449999809265137,12.75,13.199999809265137,1647000,,
2020-09-02,11.153823852539062,14.550000190734863,14.550000190734863,13.100000381469727,13.399999618530273,12656000,,
2020-09-03,11.69043254852295,15.25,16.0,14.850000381469727,15.949999809265137,22192000,,
2020-09-04,11.72876262664795,15.300000190734863,15.550000190734863,14.199999809265137,14.300000190734863,9274000,,
2020-09-07,12.227042198181152,15.949999809265137,16.799999237060547,15.649999618530273,15.800000190734863,10516000,,
2020-09-08,13.031959533691406,17.0,17.149999618530273,16.0,16.0,14206000,,
2020-09-09,13.568568229675293,17.700000762939453,17.700000762939453,16.450000762939453,16.649999618530273,8576000,,
2020-09-10,13.415249824523926,17.5,18.700000762939453,16.899999618530273,17.950000762939453,13143000,,
2020-09-11,12.878639221191406,16.799999237060547,18.0,16.25,17.700000762939453,8576000,,
2020-09-14,12.801982879638672,16.700000762939453,17.5,16.700000762939453,17.100000381469727,5312000,,
2020-09-15,12.955299377441406,16.899999618530273,17.450000762939453,16.850000381469727,16.899999618530273,3974000,,
2020-09-16,12.955299377441406,16.899999618530273,17.549999237060547,16.899999618530273,17.049999237060547,5069000,,
2020-09-17,13.14694595336914,17.149999618530273,17.5,16.850000381469727,16.899999618530273,3461000,,
2020-09-18,12.99362850189209,16.950000762939453,17.700000762939453,16.950000762939453,17.25,7101000,,
2020-09-21,12.99362850189209,16.950000762939453,17.299999237060547,16.75,17.100000381469727,1938000,,
2020-09-22,12.34203052520752,16.100000381469727,16.899999618530273,16.049999237060547,16.899999618530273,3141000,,
2020-09-23,12.725324630737305,16.600000381469727,16.899999618530273,16.100000381469727,16.100000381469727,5839000,,
2020-09-24,12.457018852233887,16.25,17.0,16.200000762939453,16.25,2754000,,
2020-09-25,11.498785972595215,15.0,16.600000381469727,14.649999618530273,16.450000762939453,4432000,,
2020-09-28,11.882079124450684,15.5,15.649999618530273,15.149999618530273,15.199999809265137,1435000,,
2020-09-29,11.920408248901367,15.550000190734863,16.0,15.350000381469727,15.899999618530273,869000,,
2020-09-30,12.073725700378418,15.75,16.200000762939453,15.5,15.550000190734863,2342000,,
2020-10-05,12.418689727783203,16.200000762939453,16.399999618530273,15.449999809265137,15.800000190734863,8686000,,
2020-10-06,12.34203052520752,16.100000381469727,16.350000381469727,15.850000381469727,16.100000381469727,2091000,,
2020-10-07,12.878639221191406,16.799999237060547,17.049999237060547,16.149999618530273,16.149999618530273,9243000,,
2020-10-08,12.99362850189209,16.950000762939453,17.649999618530273,16.850000381469727,17.100000381469727,6814000,,
2020-10-12,13.10861587524414,17.100000381469727,17.299999237060547,16.799999237060547,16.950000762939453,3033000,,
2020-10-13,12.801982879638672,16.700000762939453,17.200000762939453,16.700000762939453,17.200000762939453,1982000,,
2020-10-14,14.066847801208496,18.350000381469727,18.350000381469727,16.700000762939453,16.799999237060547,11557000,,
2020-10-15,14.6801176071167,19.149999618530273,19.799999237060547,18.25,18.600000381469727,25458000,,
2020-10-16,13.606897354125977,17.75,19.5,17.75,19.0,10446000,,
2020-10-19,13.568568229675293,17.700000762939453,18.350000381469727,17.299999237060547,17.850000381469727,5068000,,
2020-10-20,13.453579902648926,17.549999237060547,18.25,17.5,17.700000762939453,4491000,,
2020-10-21,13.338591575622559,17.399999618530273,18.25,17.399999618530273,17.75,6495000,,
2020-10-22,13.223604202270508,17.25,17.700000762939453,16.950000762939453,17.399999618530273,4391000,,
2020-10-23,13.376922607421875,17.450000762939453,17.549999237060547,17.25,17.450000762939453,1741000,,
2020-10-26,13.10861587524414,17.100000381469727,17.850000381469727,17.100000381469727,17.850000381469727,3260000,,
2020-10-27,14.028517723083496,18.299999237060547,18.399999618530273,16.899999618530273,17.100000381469727,8344000,,
2020-10-28,13.760214805603027,17.950000762939453,18.850000381469727,17.549999237060547,18.850000381469727,8586000,,
2020-10-29,13.760214805603027,17.950000762939453,18.100000381469727,17.399999618530273,17.649999618530273,4628000,,
2020-10-30,13.223604202270508,17.25,18.0,17.049999237060547,17.799999237060547,2603000,,
2020-11-02,12.955299377441406,16.899999618530273,17.450000762939453,16.899999618530273,17.25,1970000,,
2020-11-03,13.14694595336914,17.149999618530273,17.549999237060547,17.100000381469727,17.350000381469727,2899000,,
2020-11-04,13.07028579711914,17.049999237060547,17.549999237060547,17.049999237060547,17.25,1420000,,
2020-11-05,13.683555603027344,17.850000381469727,18.0,17.200000762939453,17.200000762939453,5149000,,
2020-11-06,13.491909980773926,17.600000381469727,18.149999618530273,17.549999237060547,17.850000381469727,3957000,,
2020-11-09,13.453579902648926,17.549999237060547,17.899999618530273,17.200000762939453,17.350000381469727,3882000,,
2020-11-10,13.415249824523926,17.5,17.75,17.399999618530273,17.649999618530273,2201000,,
2020-11-11,13.606897354125977,17.75,18.299999237060547,17.549999237060547,17.75,7434000,,
2020-11-12,13.338591575622559,17.399999618530273,18.700000762939453,17.399999618530273,18.450000762939453,19481000,,
2020-11-13,13.376922607421875,17.450000762939453,17.700000762939453,17.450000762939453,17.600000381469727,1195000,,
2020-11-16,13.18527603149414,17.200000762939453,17.700000762939453,17.200000762939453,17.549999237060547,2087000,,
2020-11-17,13.491909980773926,17.600000381469727,17.899999618530273,17.25,17.25,4317000,,
2020-11-18,13.338591575622559,17.399999618530273,17.799999237060547,17.350000381469727,17.549999237060547,1505000,,
2020-11-19,13.798543930053711,18.0,18.100000381469727,17.350000381469727,17.399999618530273,7232000,,
2020-11-20,13.530238151550293,17.649999618530273,18.200000762939453,17.649999618530273,17.850000381469727,2811000,,
2020-11-23,13.338591575622559,17.399999618530273,17.75,17.350000381469727,17.700000762939453,2340000,,
2020-11-24,13.376922607421875,17.450000762939453,17.600000381469727,17.299999237060547,17.450000762939453,2042000,,
2020-11-25,13.376922607421875,17.450000762939453,17.799999237060547,17.450000762939453,17.549999237060547,1689000,,
2020-11-26,13.453579902648926,17.549999237060547,17.75,17.399999618530273,17.399999618530273,1356000,,
2020-11-27,13.530238151550293,17.649999618530273,17.950000762939453,17.649999618530273,17.700000762939453,1964000,,
2020-11-30,13.875203132629395,18.100000381469727,18.399999618530273,17.75,17.75,4858000,,
2020-12-01,13.721884727478027,17.899999618530273,18.600000381469727,17.850000381469727,18.600000381469727,3084000,,
2020-12-02,13.721884727478027,17.899999618530273,18.149999618530273,17.799999237060547,18.0,2063000,,
2020-12-03,13.606897354125977,17.75,18.399999618530273,17.75,18.049999237060547,3459000,,
2020-12-04,13.530238151550293,17.649999618530273,17.950000762939453,17.600000381469727,17.799999237060547,1640000,,
2020-12-07,13.14694595336914,17.149999618530273,17.850000381469727,17.049999237060547,17.850000381469727,4522000,,
2020-12-08,13.18527603149414,17.200000762939453,17.5,17.200000762939453,17.25,1206000,,
2020-12-09,13.223604202270508,17.25,17.600000381469727,17.200000762939453,17.399999618530273,1655000,,
2020-12-10,12.648664474487305,16.5,17.399999618530273,16.350000381469727,17.200000762939453,5315000,,
2020-12-11,12.112054824829102,15.800000190734863,16.700000762939453,15.550000190734863,16.450000762939453,3927000,,
2020-12-14,12.572007179260254,16.399999618530273,16.399999618530273,15.75,15.850000381469727,1491000,,
2020-12-15,12.380359649658203,16.149999618530273,16.600000381469727,16.0,16.600000381469727,1019000,,
2020-12-16,12.801982879638672,16.700000762939453,16.899999618530273,16.299999237060547,16.350000381469727,3509000,,
2020-12-17,12.648664474487305,16.5,16.700000762939453,16.399999618530273,16.700000762939453,905000,,
2020-12-18,12.686993598937988,16.549999237060547,16.899999618530273,16.399999618530273,16.600000381469727,2549000,,
2020-12-21,12.49534797668457,16.299999237060547,16.649999618530273,16.200000762939453,16.649999618530273,893000,,
2020-12-22,12.265372276306152,16.0,16.600000381469727,15.949999809265137,16.399999618530273,1113000,,
2020-12-23,13.07028579711914,17.049999237060547,17.149999618530273,15.949999809265137,16.25,4888000,,
2020-12-24,12.955299377441406,16.899999618530273,17.299999237060547,16.799999237060547,17.100000381469727,7547000,,
2020-12-25,12.840311050415039,16.75,17.200000762939453,16.75,17.049999237060547,1002000,,
2020-12-28,12.686993598937988,16.549999237060547,16.899999618530273,16.549999237060547,16.850000381469727,1128000,,
2020-12-29,12.801982879638672,16.700000762939453,16.899999618530273,16.549999237060547,16.700000762939453,1126000,,
2020-12-30,12.572007179260254,16.399999618530273,16.950000762939453,16.350000381469727,16.899999618530273,1051000,,
2020-12-31,12.878639221191406,16.799999237060547,17.200000762939453,16.5,16.5,2806000,,
2021-01-04,13.491909980773926,17.600000381469727,17.899999618530273,16.850000381469727,16.899999618530273,8099000,,
2021-01-05,13.338591575622559,17.399999618530273,18.200000762939453,17.399999618530273,17.5,7839000,,
2021-01-06,12.801982879638672,16.700000762939453,17.75,16.549999237060547,17.25,2957000,,
2021-01-07,13.223604202270508,17.25,17.950000762939453,16.950000762939453,17.0,6702000,,
2021-01-08,12.99362850189209,16.950000762939453,17.450000762939453,16.899999618530273,17.25,1606000,,
2021-01-11,12.878639221191406,16.799999237060547,17.100000381469727,16.799999237060547,17.100000381469727,1028000,,
2021-01-12,12.418689727783203,16.200000762939453,16.899999618530273,16.200000762939453,16.799999237060547,1315000,,
2021-01-13,12.457018852233887,16.25,16.5,16.25,16.350000381469727,841000,,
2021-01-14,12.49534797668457,16.299999237060547,16.399999618530273,16.25,16.350000381469727,626000,,
2021-01-15,12.188713073730469,15.899999618530273,16.399999618530273,15.75,16.350000381469727,1483000,,
2021-01-18,12.150384902954102,15.850000381469727,15.899999618530273,15.25,15.899999618530273,779000,,
2021-01-19,12.380359649658203,16.149999618530273,16.399999618530273,16.0,16.100000381469727,790000,,
2021-01-20,11.997066497802734,15.649999618530273,16.450000762939453,15.600000381469727,16.25,1341000,,
2021-01-21,11.882079124450684,15.5,15.899999618530273,15.350000381469727,15.899999618530273,999000,,
2021-01-22,12.188713073730469,15.899999618530273,16.25,15.550000190734863,15.550000190734863,2781000,,
2021-01-25,12.265372276306152,16.0,16.0,15.699999809265137,15.699999809265137,655000,,
2021-01-26,12.150384902954102,15.850000381469727,16.100000381469727,15.800000190734863,16.049999237060547,409000,,
2021-01-27,12.188713073730469,15.899999618530273,16.0,15.800000190734863,15.899999618530273,417000,,
2021-01-28,12.035396575927734,15.699999809265137,15.899999618530273,15.649999618530273,15.800000190734863,288000,,
2021-01-29,11.95873737335205,15.600000381469727,16.049999237060547,15.600000381469727,15.850000381469727,953000,,
2021-02-01,12.265372276306152,16.0,16.100000381469727,15.300000190734863,15.75,1031000,,
2021-02-02,12.227042198181152,15.949999809265137,16.450000762939453,15.899999618530273,16.399999618530273,2327000,,
2021-02-03,12.303701400756836,16.049999237060547,16.149999618530273,15.850000381469727,15.949999809265137,546000,,
2021-02-04,12.265372276306152,16.0,16.100000381469727,15.899999618530273,16.049999237060547,542000,,
2021-02-05,12.303701400756836,16.049999237060547,16.299999237060547,16.049999237060547,16.149999618530273,826000,,
2021-02-17,12.457018852233887,16.25,16.399999618530273,16.049999237060547,16.25,1062000,,
2021-02-18,12.725324630737305,16.600000381469727,16.600000381469727,16.25,16.25,920000,,
2021-02-19,13.18527603149414,17.200000762939453,17.399999618530273,16.549999237060547,16.600000381469727,2897000,,
2021-02-22,13.415249824523926,17.5,17.700000762939453,17.299999237060547,17.350000381469727,2517000,,
2021-02-23,13.223604202270508,17.25,17.700000762939453,17.25,17.549999237060547,1611000,,
2021-02-24,13.300262451171875,17.350000381469727,17.649999618530273,17.25,17.5,1194000,,
2021-02-25,13.338591575622559,17.399999618530273,17.649999618530273,17.399999618530273,17.600000381469727,1109000,,
2021-02-26,13.300262451171875,17.350000381469727,17.450000762939453,17.0,17.200000762939453,883000,,
2021-03-02,13.261933326721191,17.299999237060547,17.700000762939453,17.299999237060547,17.549999237060547,1062000,,
2021-03-03,13.300262451171875,17.350000381469727,17.5,17.200000762939453,17.350000381469727,799000,,
2021-03-04,13.07028579711914,17.049999237060547,17.5,17.049999237060547,17.399999618530273,909000,,
2021-03-05,13.10861587524414,17.100000381469727,17.299999237060547,17.0,17.0,520000,,
2021-03-08,12.801982879638672,16.700000762939453,17.350000381469727,16.700000762939453,17.350000381469727,941000,,
2021-03-09,12.840311050415039,16.75,16.899999618530273,16.600000381469727,16.700000762939453,482000,,
2021-03-10,12.955299377441406,16.899999618530273,17.049999237060547,16.75,16.899999618530273,485000,,
2021-03-11,13.07028579711914,17.049999237060547,17.149999618530273,16.950000762939453,17.100000381469727,489000,,
2021-03-12,13.10861587524414,17.100000381469727,17.25,17.049999237060547,17.100000381469727,565000,,
2021-03-15,13.338591575622559,17.399999618530273,17.450000762939453,17.149999618530273,17.149999618530273,1097000,,
2021-03-16,13.223604202270508,17.25,17.600000381469727,17.25,17.600000381469727,987000,,
2021-03-17,13.338591575622559,17.399999618530273,17.600000381469727,17.299999237060547,17.299999237060547,937000,,
2021-03-18,13.683555603027344,17.850000381469727,18.5,17.450000762939453,17.450000762939453,6839000,,
2021-03-19,13.798543930053711,18.0,18.100000381469727,17.299999237060547,17.700000762939453,2370000,,
2021-03-22,14.181836128234863,18.5,18.799999237060547,18.200000762939453,18.200000762939453,4489000,,
2021-03-23,14.411810874938965,18.799999237060547,19.5,18.600000381469727,19.049999237060547,8701000,,
2021-03-24,14.296822547912598,18.649999618530273,19.200000762939453,18.5,18.75,2778000,,
2021-03-25,14.373483657836914,18.75,19.100000381469727,18.5,18.649999618530273,2425000,,
2021-03-26,14.641788482666016,19.100000381469727,20.399999618530273,18.799999237060547,18.950000762939453,17011000,,
2021-03-29,14.8717622756958,19.399999618530273,19.450000762939453,18.700000762939453,19.100000381469727,3348000,,
2021-03-30,14.756773948669434,19.25,19.75,19.200000762939453,19.700000762939453,3866000,,
2021-03-31,16.213289260864258,21.149999618530273,21.149999618530273,19.25,19.399999618530273,23674000,,
2021-04-01,17.823118209838867,23.25,23.25,21.25,22.0,31323000,,
2021-04-07,19.164642333984375,25.0,25.450000762939453,24.0,24.950000762939453,9702000,,
2021-04-08,18.934669494628906,24.700000762939453,25.799999237060547,24.649999618530273,25.5,7212000,,
2021-04-09,18.35972785949707,23.950000762939453,25.200000762939453,23.5,25.200000762939453,5965000,,
2021-04-12,18.398059844970703,24.0,24.649999618530273,23.799999237060547,24.549999237060547,3728000,,
2021-04-13,18.474716186523438,24.100000381469727,25.600000381469727,23.75,24.0,10844000,,
2021-04-14,17.4398250579834,22.75,24.700000762939453,21.700000762939453,24.350000381469727,7313000,,
2021-04-15,17.938106536865234,23.399999618530273,23.600000381469727,22.549999237060547,22.950000762939453,1957000,,
2021-04-16,17.7081298828125,23.100000381469727,23.850000381469727,23.049999237060547,23.700000762939453,2408000,,
2021-04-19,18.0914249420166,23.600000381469727,24.0,22.850000381469727,23.399999618530273,2977000,,
2021-04-20,18.0914249420166,23.600000381469727,24.299999237060547,23.600000381469727,23.950000762939453,2754000,,
2021-04-21,18.0147647857666,23.5,24.049999237060547,23.399999618530273,23.850000381469727,2103000,,
2021-04-22,17.09486198425293,22.299999237060547,23.850000381469727,22.25,23.850000381469727,3200000,,
2021-04-23,17.861448287963867,23.299999237060547,23.5,22.049999237060547,22.350000381469727,4376000,,
2021-04-26,18.474716186523438,24.100000381469727,24.149999618530273,23.350000381469727,23.5,2737000,,
2021-04-27,18.129751205444336,23.649999618530273,24.950000762939453,23.600000381469727,24.850000381469727,3251000,,
2021-04-28,18.283071517944336,23.850000381469727,24.200000762939453,23.299999237060547,23.649999618530273,2073000,,
2021-04-29,17.823118209838867,23.25,23.950000762939453,23.200000762939453,23.899999618530273,1565000,,
2021-05-03,16.366605758666992,21.350000381469727,23.0,21.299999237060547,23.0,2733000,,
2021-05-04,15.446702003479004,20.149999618530273,21.799999237060547,19.25,21.350000381469727,2520000,,
2021-05-05,15.983312606811523,20.850000381469727,21.75,19.5,20.149999618530273,1429000,,
2021-05-06,15.523360252380371,20.25,21.700000762939453,20.0,21.25,1715000,,
2021-05-07,16.82655906677246,21.950000762939453,21.950000762939453,20.600000381469727,20.899999618530273,1605000,,
2021-05-10,16.51992416381836,21.549999237060547,22.200000762939453,21.149999618530273,22.049999237060547,1371000,,
2021-05-11,15.101739883422852,19.700000762939453,21.350000381469727,19.450000762939453,21.299999237060547,2110000,,
2021-05-12,14.335153579711914,18.700000762939453,20.700000762939453,18.0,20.049999237060547,3642000,,
2021-05-13,14.83343505859375,19.350000381469727,20.149999618530273,17.799999237060547,18.700000762939453,2635000,,
2021-05-14,15.025081634521484,19.600000381469727,20.5,19.100000381469727,20.0,3606000,,
2021-05-17,13.530238151550293,17.649999618530273,19.200000762939453,17.649999618530273,18.0,2475000,,
2021-05-18,14.6801176071167,19.149999618530273,19.200000762939453,17.700000762939453,18.100000381469727,1604000,,
2021-05-19,14.718448638916016,19.200000762939453,19.399999618530273,18.5,19.0,1256000,,
2021-05-20,14.181836128234863,18.5,19.350000381469727,18.5,19.200000762939453,1073000,,
2021-05-21,14.526800155639648,18.950000762939453,19.100000381469727,18.700000762939453,18.899999618530273,753000,,
2021-05-24,14.79510498046875,19.299999237060547,19.450000762939453,18.600000381469727,18.899999618530273,697000,,
2021-05-25,15.255057334899902,19.899999618530273,20.200000762939453,19.600000381469727,19.700000762939453,1176000,,
2021-05-26,15.331714630126953,20.0,20.149999618530273,19.5,20.100000381469727,572000,,
2021-05-27,15.331714630126953,20.0,20.200000762939453,19.799999237060547,20.0,711000,,
2021-05-28,15.485034942626953,20.200000762939453,20.399999618530273,20.149999618530273,20.299999237060547,677000,,
2021-05-31,16.059974670410156,20.950000762939453,21.25,20.200000762939453,20.450000762939453,1458000,,
2021-06-01,16.09830093383789,21.0,21.299999237060547,20.899999618530273,21.100000381469727,867000,,
2021-06-02,15.753334999084473,20.549999237060547,21.25,20.5,21.100000381469727,832000,,
2021-06-03,15.906654357910156,20.75,21.100000381469727,20.5,20.600000381469727,748000,,
2021-06-04,15.715008735656738,20.5,20.799999237060547,20.450000762939453,20.600000381469727,390000,,
2021-06-07,15.255057334899902,19.899999618530273,20.350000381469727,19.649999618530273,20.299999237060547,840000,,
2021-06-08,15.331714630126953,20.0,20.149999618530273,19.899999618530273,20.0,454000,,
2021-06-09,15.37004566192627,20.049999237060547,20.200000762939453,19.850000381469727,20.100000381469727,467000,,
2021-06-10,15.638347625732422,20.399999618530273,20.799999237060547,20.049999237060547,20.100000381469727,2251000,,
2021-06-11,15.408371925354004,20.100000381469727,20.649999618530273,20.0,20.549999237060547,964000,,
2021-06-15,15.331714630126953,20.0,20.25,19.799999237060547,20.25,470000,,
2021-06-16,15.140069961547852,19.75,20.200000762939453,19.75,20.0,541000,,
2021-06-17,15.37004566192627,20.049999237060547,20.149999618530273,19.75,19.799999237060547,398000,,
2021-06-18,15.408371925354004,20.100000381469727,20.649999618530273,20.049999237060547,20.200000762939453,1142000,,
2021-06-21,14.79510498046875,19.299999237060547,19.950000762939453,19.299999237060547,19.600000381469727,1181000,,
2021-06-22,14.8717622756958,19.399999618530273,19.600000381469727,19.25,19.5,637000,,
2021-06-23,15.025081634521484,19.600000381469727,19.649999618530273,19.299999237060547,19.399999618530273,521000,,
2021-06-24,15.140069961547852,19.75,19.75,19.5,19.649999618530273,429000,,
2021-06-25,15.101739883422852,19.700000762939453,20.0,19.700000762939453,19.850000381469727,572000,,
2021-06-28,15.140069961547852,19.75,19.850000381469727,19.549999237060547,19.700000762939453,412000,,
2021-06-29,14.910094261169434,19.450000762939453,19.850000381469727,19.399999618530273,19.850000381469727,727000,,
2021-06-30,14.9484224319458,19.5,19.649999618530273,19.350000381469727,19.5,643000,,
2021-07-01,14.986749649047852,19.549999237060547,19.950000762939453,19.5,19.799999237060547,924000,,
2021-07-02,14.986749649047852,19.549999237060547,19.700000762939453,19.5,19.600000381469727,527000,,
2021-07-05,15.255057334899902,19.899999618530273,19.950000762939453,19.600000381469727,19.649999618530273,691000,,
2021-07-06,15.293386459350586,19.950000762939453,20.149999618530273,19.899999618530273,20.100000381469727,772000,,
2021-07-07,16.404935836791992,21.399999618530273,21.850000381469727,20.0,20.0,4905000,,
2021-07-08,16.09830093383789,21.0,21.450000762939453,20.799999237060547,21.299999237060547,2183000,,
2021-07-09,16.596582412719727,21.649999618530273,22.350000381469727,20.399999618530273,20.950000762939453,4611000,,
2021-07-12,17.554813385009766,22.899999618530273,23.200000762939453,21.75,22.299999237060547,5515000,,
2021-07-13,16.864885330200195,22.0,23.200000762939453,21.049999237060547,23.0,4678000,,
2021-07-14,16.673240661621094,21.75,22.149999618530273,21.100000381469727,22.0,1734000,,
2021-07-15,17.171520233154297,22.399999618530273,23.0,21.5,21.950000762939453,7608000,,
2021-07-16,16.941547393798828,22.100000381469727,22.700000762939453,21.899999618530273,22.149999618530273,1835000,,
2021-07-19,16.788227081298828,21.899999618530273,22.200000762939453,21.799999237060547,21.799999237060547,1264000,,
2021-07-20,16.289947509765625,21.25,21.850000381469727,21.100000381469727,21.850000381469727,1339000,,
2021-07-21,16.09830093383789,21.0,21.700000762939453,21.0,21.649999618530273,939000,,
2021-07-22,16.979873657226562,22.149999618530273,22.700000762939453,21.100000381469727,21.100000381469727,3242000,,
2021-07-23,17.7847900390625,23.200000762939453,23.950000762939453,22.200000762939453,22.299999237060547,8866000,,
2021-07-26,18.16808319091797,23.700000762939453,24.75,23.0,23.600000381469727,15650000,,
2021-07-27,17.248178482055664,22.5,23.899999618530273,22.0,23.799999237060547,4271000,,
2021-07-28,16.634912490844727,21.700000762939453,22.450000762939453,20.850000381469727,22.399999618530273,2548000,,
2021-07-29,16.979873657226562,22.149999618530273,22.350000381469727,21.549999237060547,22.200000762939453,1532000,,
2021-07-30,16.864885330200195,22.0,23.0,22.0,22.200000762939453,1545000,,
2021-08-02,17.401498794555664,22.700000762939453,22.700000762939453,22.100000381469727,22.25,1126000,,
2021-08-03,17.7847900390625,23.200000762939453,23.549999237060547,22.600000381469727,22.799999237060547,2526000,,
2021-08-04,17.554813385009766,22.899999618530273,23.700000762939453,22.899999618530273,23.700000762939453,1702000,,
2021-08-05,17.861448287963867,23.299999237060547,23.700000762939453,22.950000762939453,23.200000762939453,1730000,,
2021-08-06,17.4398250579834,22.75,23.350000381469727,22.75,23.25,1352000,,
2021-08-09,16.71156883239746,21.799999237060547,22.75,21.799999237060547,22.75,1520000,,
2021-08-10,16.673240661621094,21.75,22.149999618530273,21.299999237060547,21.899999618530273,1311000,,
2021-08-11,15.713631629943848,19.649999618530273,22.899999618530273,19.399999618530273,20.600000381469727,26310000,,
2021-08-12,15.793598175048828,19.75,20.049999237060547,19.450000762939453,19.450000762939453,1054000,,
2021-08-13,15.393756866455078,19.25,20.299999237060547,19.200000762939453,20.0,1386000,,
2021-08-16,14.913952827453613,18.649999618530273,19.5,18.25,19.399999618530273,1622000,,
2021-08-17,14.913952827453613,18.649999618530273,18.649999618530273,18.649999618530273,18.649999618530273,0,,
2021-08-18,14.794000625610352,18.5,18.600000381469727,17.549999237060547,17.899999618530273,1141000,,
2021-08-19,14.31419563293457,17.899999618530273,18.700000762939453,17.899999618530273,18.600000381469727,721000,,
2021-08-20,14.4341459274292,18.049999237060547,18.299999237060547,17.75,18.0,614000,,
2021-08-23,14.714035034179688,18.399999618530273,18.600000381469727,18.200000762939453,18.299999237060547,423000,,
2021-08-24,14.554098129272461,18.200000762939453,18.600000381469727,18.200000762939453,18.549999237060547,343000,,
2021-08-25,14.913952827453613,18.649999618530273,19.049999237060547,18.25,18.299999237060547,693000,,
2021-08-26,14.953937530517578,18.700000762939453,19.0,18.399999618530273,19.0,531000,,
2021-08-27,14.993921279907227,18.75,19.0,18.600000381469727,18.75,491000,,
2021-08-30,14.993921279907227,18.75,19.0,18.549999237060547,18.850000381469727,322000,,
2021-08-31,15.07388973236084,18.850000381469727,19.0,18.75,18.850000381469727,426000,,
2021-09-01,15.353776931762695,19.200000762939453,19.25,18.799999237060547,18.850000381469727,434000,,
2021-09-02,15.033904075622559,18.799999237060547,19.25,18.700000762939453,19.100000381469727,463000,,
2021-09-03,14.953937530517578,18.700000762939453,18.950000762939453,18.600000381469727,18.799999237060547,386000,,
2021-09-06,14.594084739685059,18.25,18.799999237060547,18.25,18.799999237060547,436000,,
2021-09-07,14.354181289672852,17.950000762939453,18.299999237060547,17.899999618530273,18.25,436000,,
2021-09-08,14.034310340881348,17.549999237060547,18.049999237060547,17.549999237060547,18.0,393000,,
2021-09-09,14.154263496398926,17.700000762939453,17.899999618530273,17.350000381469727,17.350000381469727,275000,,
2021-09-10,14.194246292114258,17.75,17.899999618530273,17.75,17.899999618530273,157000,,
2021-09-13,14.23422908782959,17.799999237060547,17.950000762939453,17.700000762939453,17.799999237060547,172000,,
2021-09-14,14.074294090270996,17.600000381469727,17.799999237060547,17.600000381469727,17.799999237060547,337000,,
2021-09-15,13.754425048828125,17.200000762939453,17.649999618530273,17.049999237060547,17.600000381469727,630000,,
2021-09-16,14.034310340881348,17.549999237060547,17.549999237060547,17.100000381469727,17.299999237060547,484000,,
2021-09-17,13.874374389648438,17.350000381469727,17.549999237060547,17.049999237060547,17.549999237060547,278000,,
2021-09-22,13.874374389648438,17.350000381469727,17.450000762939453,17.049999237060547,17.149999618530273,224000,,
2021-09-23,14.074294090270996,17.600000381469727,17.700000762939453,17.450000762939453,17.5,212000,,
2021-09-24,14.194246292114258,17.75,17.850000381469727,17.399999618530273,17.850000381469727,241000,,
2021-09-27,14.31419563293457,17.899999618530273,17.899999618530273,17.649999618530273,17.75,193000,,
2021-09-28,14.154263496398926,17.700000762939453,17.850000381469727,17.700000762939453,17.700000762939453,113000,,
2021-09-29,13.994325637817383,17.5,17.600000381469727,17.399999618530273,17.5,118000,,
2021-09-30,14.034310340881348,17.549999237060547,17.850000381469727,17.450000762939453,17.600000381469727,155000,,
2021-10-01,13.874374389648438,17.350000381469727,17.950000762939453,17.299999237060547,17.600000381469727,312000,,
2021-10-04,13.194650650024414,16.5,17.399999618530273,16.5,17.399999618530273,657000,,
2021-10-05,13.514521598815918,16.899999618530273,17.149999618530273,16.25,16.399999618530273,252000,,
2021-10-06,13.514521598815918,16.899999618530273,17.25,16.799999237060547,17.0,187000,,
2021-10-07,13.834390640258789,17.299999237060547,17.5,17.049999237060547,17.049999237060547,228000,,
2021-10-08,13.354586601257324,16.700000762939453,17.200000762939453,16.700000762939453,17.100000381469727,684000,,
2021-10-12,12.794812202453613,16.0,16.700000762939453,15.75,16.700000762939453,934000,,
2021-10-13,12.394975662231445,15.5,16.200000762939453,15.449999809265137,16.100000381469727,576000,,
2021-10-14,12.394975662231445,15.5,15.800000190734863,15.25,15.800000190734863,231000,,
2021-10-15,12.634878158569336,15.800000190734863,16.0,15.699999809265137,15.699999809265137,252000,,
2021-10-18,12.994731903076172,16.25,16.299999237060547,16.0,16.0,281000,,
2021-10-19,13.634471893310547,17.049999237060547,17.100000381469727,16.299999237060547,16.299999237060547,560000,,
2021-10-20,13.714441299438477,17.149999618530273,17.450000762939453,17.049999237060547,17.350000381469727,531000,,
2021-10-21,13.674455642700195,17.100000381469727,17.350000381469727,17.049999237060547,17.149999618530273,315000,,
2021-10-22,13.954344749450684,17.450000762939453,17.649999618530273,17.049999237060547,17.100000381469727,494000,,
2021-10-25,14.154263496398926,17.700000762939453,17.75,17.5,17.600000381469727,241000,,
2021-10-26,14.194246292114258,17.75,17.850000381469727,17.649999618530273,17.75,323000,,
2021-10-27,14.31419563293457,17.899999618530273,17.950000762939453,17.649999618530273,17.799999237060547,226000,,
2021-10-28,14.554098129272461,18.200000762939453,18.399999618530273,18.0,18.0,364000,,
2021-10-29,14.4341459274292,18.049999237060547,18.299999237060547,17.899999618530273,18.299999237060547,294000,,
2021-11-01,14.714035034179688,18.399999618530273,18.5,18.100000381469727,18.100000381469727,376000,,
2021-11-02,14.594084739685059,18.25,18.899999618530273,18.100000381469727,18.450000762939453,760000,,
2021-11-03,14.794000625610352,18.5,18.549999237060547,18.299999237060547,18.350000381469727,293000,,
2021-11-04,14.714035034179688,18.399999618530273,18.600000381469727,18.299999237060547,18.549999237060547,320000,,
2021-11-05,14.754018783569336,18.450000762939453,18.600000381469727,18.399999618530273,18.600000381469727,215000,,
2021-11-08,15.193840026855469,19.0,19.0,18.600000381469727,18.600000381469727,545000,,
2021-11-09,15.193840026855469,19.0,19.25,18.75,18.950000762939453,449000,,
2021-11-10,15.713631629943848,19.649999618530273,20.299999237060547,19.5,19.799999237060547,1788000,,
2021-11-11,15.91355037689209,19.899999618530273,20.25,19.450000762939453,19.649999618530273,1264000,,
2021-11-12,15.353776931762695,19.200000762939453,20.149999618530273,19.0,20.149999618530273,1243000,,
2021-11-15,15.91355037689209,19.899999618530273,20.100000381469727,19.350000381469727,19.350000381469727,880000,,
2021-11-16,16.633256912231445,20.799999237060547,21.399999618530273,20.200000762939453,21.0,2754000,,
2021-11-17,18.232608795166016,22.799999237060547,22.850000381469727,20.549999237060547,20.649999618530273,9684000,,
2021-11-18,17.632850646972656,22.049999237060547,23.549999237060547,22.049999237060547,22.950000762939453,12122000,,
2021-11-19,17.073078155517578,21.350000381469727,22.299999237060547,21.350000381469727,22.25,2339000,,
2021-11-22,17.35296630859375,21.700000762939453,22.25,21.399999618530273,21.5,1423000,,
2021-11-23,18.512495040893555,23.149999618530273,23.799999237060547,21.5,21.5,10722000,,
2021-11-24,18.472511291503906,23.100000381469727,23.5,22.549999237060547,23.450000762939453,6142000,,
2021-11-25,17.712818145751953,22.149999618530273,23.049999237060547,22.100000381469727,23.049999237060547,2389000,,
2021-11-26,17.233015060424805,21.549999237060547,22.149999618530273,21.299999237060547,22.149999618530273,1707000,,
2021-11-29,16.673242568969727,20.850000381469727,21.649999618530273,20.5,20.700000762939453,1696000,,
2021-11-30,17.392948150634766,21.75,22.0,20.950000762939453,20.950000762939453,1396000,,
2021-12-01,17.632850646972656,22.049999237060547,22.200000762939453,21.399999618530273,21.75,1100000,,
2021-12-02,17.35296630859375,21.700000762939453,22.299999237060547,21.600000381469727,22.0,1177000,,
2021-12-03,17.592866897583008,22.0,22.549999237060547,21.899999618530273,21.899999618530273,1054000,,
2021-12-06,19.352153778076172,24.200000762939453,24.200000762939453,21.75,21.950000762939453,11242000,,
2021-12-07,20.71160316467285,25.899999618530273,26.600000381469727,24.75,25.200000762939453,40173000,,
2021-12-08,22.51087188720703,28.149999618530273,28.450000762939453,25.049999237060547,25.600000381469727,35896000,,
2021-12-09,22.990678787231445,28.75,29.600000381469727,27.600000381469727,28.899999618530273,28668000,,
2021-12-10,22.39092254638672,28.0,29.399999618530273,27.850000381469727,28.200000762939453,12092000,,
2021-12-13,23.47048568725586,29.350000381469727,30.299999237060547,28.149999618530273,28.5,24393000,,
2021-12-14,23.99027442932129,30.0,30.149999618530273,28.649999618530273,29.350000381469727,18753000,,
2021-12-15,24.23017692565918,30.299999237060547,32.5,29.549999237060547,29.600000381469727,31427000,,
2021-12-16,24.19019317626953,30.25,31.200000762939453,29.600000381469727,30.299999237060547,12320000,,
2021-12-17,23.71038818359375,29.649999618530273,30.649999618530273,29.100000381469727,30.25,9161000,,
2021-12-20,23.510467529296875,29.399999618530273,30.100000381469727,29.299999237060547,29.850000381469727,5295000,,
2021-12-21,24.310142517089844,30.399999618530273,31.299999237060547,29.5,29.899999618530273,14082000,,
2021-12-22,24.630014419555664,30.799999237060547,31.5,30.299999237060547,30.350000381469727,13531000,,
2021-12-23,24.869918823242188,31.100000381469727,31.799999237060547,30.850000381469727,31.049999237060547,11053000,,
2021-12-24,23.95029067993164,29.950000762939453,31.5,29.899999618530273,31.299999237060547,7872000,,
2021-12-27,24.470081329345703,30.600000381469727,30.700000762939453,29.350000381469727,29.450000762939453,5307000,,
2021-12-28,23.99027442932129,30.0,30.850000381469727,30.0,30.600000381469727,3865000,,
2021-12-29,25.429689407348633,31.799999237060547,32.79999923706055,30.25,30.450000762939453,20888000,,
2021-12-30,25.149805068969727,31.450000762939453,31.600000381469727,30.600000381469727,31.350000381469727,6795000,,
2022-01-03,25.509658813476562,31.899999618530273,32.400001525878906,30.850000381469727,31.600000381469727,7587000,,
2022-01-04,25.429689407348633,31.799999237060547,33.5,31.799999237060547,32.29999923706055,12236000,,
2022-01-05,24.19019317626953,30.25,31.600000381469727,30.25,31.350000381469727,5488000,,
2022-01-06,24.390111923217773,30.5,30.649999618530273,29.200000762939453,29.600000381469727,3257000,,
2022-01-07,23.39051628112793,29.25,30.75,29.0,30.299999237060547,4291000,,
2022-01-10,23.7503719329834,29.700000762939453,30.25,29.0,29.0,2019000,,
2022-01-11,23.230579376220703,29.049999237060547,30.100000381469727,28.75,29.799999237060547,2606000,,
2022-01-12,23.19059944152832,29.0,29.700000762939453,28.950000762939453,29.399999618530273,2157000,,
2022-01-13,22.47089195251465,28.100000381469727,29.350000381469727,27.799999237060547,29.299999237060547,3066000,,
2022-01-14,22.830745697021484,28.549999237060547,28.649999618530273,27.25,28.0,3850000,,
2022-01-17,23.39051628112793,29.25,29.799999237060547,28.549999237060547,28.850000381469727,3435000,,
2022-01-18,23.030662536621094,28.799999237060547,29.899999618530273,28.799999237060547,29.5,2292000,,
2022-01-19,23.47048568725586,29.350000381469727,29.5,28.350000381469727,28.350000381469727,1525000,,
2022-01-20,24.23017692565918,30.299999237060547,30.299999237060547,29.0,29.399999618530273,2345000,,
2022-01-21,22.830745697021484,28.549999237060547,29.850000381469727,28.549999237060547,29.649999618530273,3106000,,
2022-01-24,23.11063003540039,28.899999618530273,28.899999618530273,27.899999618530273,28.299999237060547,1914000,,
2022-01-25,22.71079444885254,28.399999618530273,29.299999237060547,28.200000762939453,28.799999237060547,2497000,,
2022-01-26,22.230987548828125,27.799999237060547,28.700000762939453,27.799999237060547,28.200000762939453,1802000,,
2022-02-07,22.990678787231445,28.75,28.950000762939453,28.0,28.100000381469727,1186000,,
2022-02-08,23.230579376220703,29.049999237060547,29.5,28.799999237060547,28.850000381469727,1290000,,
2022-02-09,23.910306930541992,29.899999618530273,31.100000381469727,29.25,29.25,7762000,,
2022-02-10,25.3497257232666,31.700000762939453,32.0,29.649999618530273,30.399999618530273,15324000,,
2022-02-11,23.99027442932129,30.0,31.0,30.0,31.0,9995000,,
2022-02-14,22.55085563659668,28.200000762939453,29.5,28.100000381469727,29.5,4226000,,
2022-02-15,22.71079444885254,28.399999618530273,28.799999237060547,28.200000762939453,28.75,1936000,,
2022-02-16,22.830745697021484,28.549999237060547,29.25,28.549999237060547,28.850000381469727,1847000,,
2022-02-17,22.750774383544922,28.450000762939453,29.100000381469727,28.450000762939453,28.700000762939453,1503000,,
2022-02-18,22.39092254638672,28.0,28.549999237060547,28.0,28.149999618530273,2108000,,
2022-02-21,22.191003799438477,27.75,27.950000762939453,27.5,27.799999237060547,1438000,,
2022-02-22,20.51168441772461,25.649999618530273,27.75,25.149999618530273,27.75,4879000,,
2022-02-23,20.99148941040039,26.25,26.399999618530273,25.850000381469727,25.950000762939453,2073000,,
2022-02-24,19.911928176879883,24.899999618530273,26.100000381469727,24.75,25.899999618530273,2994000,,
2022-02-25,20.071863174438477,25.100000381469727,25.450000762939453,24.899999618530273,25.200000762939453,1547000,,
2022-03-01,20.591650009155273,25.75,25.850000381469727,25.100000381469727,25.350000381469727,997000,,
2022-03-02,20.591650009155273,25.75,25.850000381469727,25.149999618530273,25.75,1176000,,
2022-03-03,20.631635665893555,25.799999237060547,26.350000381469727,25.799999237060547,26.0,832000,,
2022-03-04,20.111845016479492,25.149999618530273,25.600000381469727,25.100000381469727,25.5,750000,,
2022-03-07,18.79237937927246,23.5,24.799999237060547,23.299999237060547,24.799999237060547,1904000,,
2022-03-08,18.59246253967285,23.25,24.25,23.049999237060547,23.100000381469727,1658000,,
2022-03-09,19.11225128173828,23.899999618530273,24.100000381469727,23.350000381469727,23.399999618530273,956000,,
2022-03-10,19.19222068786621,24.0,24.649999618530273,24.0,24.600000381469727,745000,,
2022-03-11,18.87234878540039,23.600000381469727,24.100000381469727,23.350000381469727,24.0,565000,,
2022-03-14,19.232200622558594,24.049999237060547,24.299999237060547,23.600000381469727,23.600000381469727,665000,,
2022-03-15,18.432527542114258,23.049999237060547,24.149999618530273,23.049999237060547,24.149999618530273,1058000,,
2022-03-16,18.272592544555664,22.850000381469727,23.5,22.350000381469727,23.25,1080000,,
2022-03-17,19.03228187561035,23.799999237060547,23.899999618530273,23.100000381469727,23.399999618530273,864000,,
2022-03-18,19.5120906829834,24.399999618530273,24.399999618530273,23.700000762939453,23.950000762939453,646000,,
2022-03-21,19.712007522583008,24.649999618530273,24.75,24.350000381469727,24.450000762939453,617000,,
2022-03-22,21.671213150024414,27.100000381469727,27.100000381469727,25.350000381469727,25.600000381469727,6357000,,
2022-03-23,22.310955047607422,27.899999618530273,28.600000381469727,27.649999618530273,28.0,11053000,,
2022-03-24,22.830745697021484,28.549999237060547,28.649999618530273,27.049999237060547,27.049999237060547,5106000,,
2022-03-25,22.47089195251465,28.100000381469727,28.399999618530273,28.049999237060547,28.299999237060547,2468000,,
2022-03-28,22.191003799438477,27.75,28.200000762939453,27.5,28.200000762939453,1245000,,
2022-03-29,21.871131896972656,27.350000381469727,28.149999618530273,27.350000381469727,28.049999237060547,1205000,,
2022-03-30,22.270971298217773,27.850000381469727,28.0,27.549999237060547,27.700000762939453,1356000,,
2022-03-31,21.751182556152344,27.200000762939453,27.899999618530273,27.200000762939453,27.850000381469727,724000,,
2022-04-01,21.751182556152344,27.200000762939453,27.350000381469727,26.700000762939453,27.0,756000,,
2022-04-06,21.83115005493164,27.299999237060547,27.700000762939453,27.149999618530273,27.200000762939453,749000,,
2022-04-07,20.831554412841797,26.049999237060547,27.299999237060547,26.0,27.299999237060547,1029000,,
2022-04-08,21.271377563476562,26.600000381469727,26.850000381469727,26.25,26.5,550000,,
2022-04-11,20.51168441772461,25.649999618530273,26.350000381469727,25.25,26.25,1303000,,
2022-04-12,20.071863174438477,25.100000381469727,25.600000381469727,25.049999237060547,25.5,677000,,
2022-04-13,20.311765670776367,25.399999618530273,25.600000381469727,25.149999618530273,25.149999618530273,445000,,
2022-04-14,20.071863174438477,25.100000381469727,25.799999237060547,25.049999237060547,25.799999237060547,586000,,
2022-04-15,19.592056274414062,24.5,25.049999237060547,24.5,25.049999237060547,757000,,
2022-04-18,19.352153778076172,24.200000762939453,24.5,24.0,24.149999618530273,530000,,
2022-04-19,19.472105026245117,24.350000381469727,25.100000381469727,24.299999237060547,24.899999618530273,653000,,
2022-04-20,19.5120906829834,24.399999618530273,24.700000762939453,24.299999237060547,24.700000762939453,516000,,
2022-04-21,19.4321231842041,24.299999237060547,24.600000381469727,24.25,24.600000381469727,358000,,
2022-04-22,19.072269439697266,23.850000381469727,24.200000762939453,23.799999237060547,24.100000381469727,617000,,
2022-04-25,18.472511291503906,23.100000381469727,23.5,22.850000381469727,23.5,577000,,
2022-04-26,18.31257438659668,22.899999618530273,23.350000381469727,22.799999237060547,23.200000762939453,564000,,
2022-04-27,17.912736892700195,22.399999618530273,22.600000381469727,21.700000762939453,22.100000381469727,992000,,
2022-04-28,17.992706298828125,22.5,22.850000381469727,22.299999237060547,22.649999618530273,325000,,
2022-04-29,18.15264129638672,22.700000762939453,23.149999618530273,22.600000381469727,22.799999237060547,375000,,
2022-05-03,17.792787551879883,22.25,22.600000381469727,22.200000762939453,22.600000381469727,327000,,
2022-05-04,18.472511291503906,23.100000381469727,23.100000381469727,22.700000762939453,22.75,467000,,
2022-05-05,18.432527542114258,23.049999237060547,23.649999618530273,23.049999237060547,23.549999237060547,443000,,
2022-05-06,18.272592544555664,22.850000381469727,22.850000381469727,22.5,22.549999237060547,244000,,
2022-05-09,17.672836303710938,22.100000381469727,22.799999237060547,22.0,22.799999237060547,544000,,
2022-05-10,17.712818145751953,22.149999618530273,22.149999618530273,21.200000762939453,21.200000762939453,598000,,
2022-05-11,17.35296630859375,21.700000762939453,22.200000762939453,21.5,22.200000762939453,338000,,
2022-05-12,16.5133056640625,20.649999618530273,21.75,20.649999618530273,21.350000381469727,578000,,
2022-05-13,17.153047561645508,21.450000762939453,21.5,20.700000762939453,20.700000762939453,424000,,
2022-05-16,16.993112564086914,21.25,21.799999237060547,21.100000381469727,21.549999237060547,542000,,
2022-05-17,17.51289939880371,21.899999618530273,22.149999618530273,21.25,21.450000762939453,498000,,
2022-05-18,17.712818145751953,22.149999618530273,22.25,22.0,22.200000762939453,363000,,
2022-05-19,17.912736892700195,22.399999618530273,22.450000762939453,21.600000381469727,21.600000381469727,320000,,
2022-05-20,18.032690048217773,22.549999237060547,22.799999237060547,22.399999618530273,22.649999618530273,328000,,
2022-05-23,17.952720642089844,22.450000762939453,22.950000762939453,22.399999618530273,22.950000762939453,289000,,
2022-05-24,17.632850646972656,22.049999237060547,22.549999237060547,22.0,22.5,325000,,
2022-05-25,17.712818145751953,22.149999618530273,22.450000762939453,22.049999237060547,22.049999237060547,272000,,
2022-05-26,17.51289939880371,21.899999618530273,22.350000381469727,21.899999618530273,22.25,269000,,
2022-05-27,17.51289939880371,21.899999618530273,22.149999618530273,21.850000381469727,22.100000381469727,191000,,
2022-05-30,17.752803802490234,22.200000762939453,22.399999618530273,22.200000762939453,22.299999237060547,206000,,
2022-05-31,18.272592544555664,22.850000381469727,23.100000381469727,22.350000381469727,22.399999618530273,735000,,
2022-06-01,18.512495040893555,23.149999618530273,23.5,23.0,23.149999618530273,590000,,
2022-06-02,18.31257438659668,22.899999618530273,23.200000762939453,22.899999618530273,23.0,273000,,
2022-06-06,18.11265754699707,22.649999618530273,23.0,22.549999237060547,23.0,209000,,
2022-06-07,18.032690048217773,22.549999237060547,22.75,22.549999237060547,22.700000762939453,252000,,
2022-06-08,18.032690048217773,22.549999237060547,23.200000762939453,22.549999237060547,22.600000381469727,263000,,
2022-06-09,17.952720642089844,22.450000762939453,22.700000762939453,22.350000381469727,22.649999618530273,270000,,
2022-06-10,17.632850646972656,22.049999237060547,22.25,22.049999237060547,22.100000381469727,464000,,
2022-06-13,17.153047561645508,21.450000762939453,21.899999618530273,21.450000762939453,21.899999618530273,547000,,
2022-06-14,16.833173751831055,21.049999237060547,21.299999237060547,20.850000381469727,21.049999237060547,495000,,
2022-06-15,16.913143157958984,21.149999618530273,21.399999618530273,21.049999237060547,21.399999618530273,285000,,
2022-06-16,16.55328941345215,20.700000762939453,21.5,20.700000762939453,21.5,458000,,
2022-06-17,16.393354415893555,20.5,20.700000762939453,20.049999237060547,20.700000762939453,599000,,
2022-06-20,15.473729133605957,19.350000381469727,20.450000762939453,19.350000381469727,20.299999237060547,800000,,
2022-06-21,16.993112564086914,21.25,21.25,19.450000762939453,19.450000762939453,716000,,
2022-06-22,16.833173751831055,21.049999237060547,21.799999237060547,20.799999237060547,21.299999237060547,1394000,,
2022-06-23,16.833173751831055,21.049999237060547,21.600000381469727,20.850000381469727,21.100000381469727,740000,,
2022-06-24,17.193029403686523,21.5,21.899999618530273,21.100000381469727,21.100000381469727,1117000,,
2022-06-27,17.325963973999023,19.549999237060547,20.0,18.649999618530273,18.649999618530273,1657000,,
2022-06-28,16.572664260864258,18.700000762939453,19.549999237060547,18.649999618530273,19.399999618530273,949000,,
2022-06-29,15.775047302246094,17.799999237060547,18.450000762939453,17.799999237060547,18.299999237060547,965000,,
2022-06-30,14.933121681213379,16.850000381469727,17.950000762939453,16.850000381469727,17.850000381469727,875000,,
2022-07-01,13.913947105407715,15.699999809265137,16.799999237060547,15.699999809265137,16.799999237060547,803000,,
2022-07-04,13.825322151184082,15.600000381469727,16.149999618530273,15.600000381469727,16.0,432000,,
2022-07-05,14.31275463104248,16.149999618530273,16.149999618530273,15.399999618530273,15.899999618530273,351000,,
2022-07-06,13.470827102661133,15.199999809265137,16.25,15.199999809265137,16.25,578000,,
2022-07-07,14.135506629943848,15.949999809265137,15.949999809265137,15.300000190734863,15.649999618530273,466000,,
2022-07-08,14.445690155029297,16.299999237060547,16.700000762939453,16.200000762939453,16.5,623000,,
2022-07-11,14.224129676818848,16.049999237060547,16.399999618530273,16.0,16.350000381469727,261000,,
2022-07-12,13.51513957977295,15.25,16.049999237060547,15.149999618530273,16.049999237060547,434000,,
2022-07-13,13.958258628845215,15.75,15.949999809265137,15.600000381469727,15.949999809265137,322000,,
2022-07-14,14.31275463104248,16.149999618530273,16.149999618530273,15.600000381469727,15.600000381469727,322000,,
2022-07-15,14.534314155578613,16.399999618530273,16.5,16.100000381469727,16.149999618530273,346000,,
2022-07-18,14.977433204650879,16.899999618530273,16.899999618530273,16.399999618530273,16.399999618530273,379000,,
2022-07-19,14.933121681213379,16.850000381469727,17.0,16.799999237060547,17.0,162000,,
2022-07-20,14.933121681213379,16.850000381469727,17.149999618530273,16.799999237060547,17.149999618530273,232000,,
2022-07-21,15.420552253723145,17.399999618530273,17.5,16.850000381469727,16.850000381469727,401000,,
2022-07-22,15.597801208496094,17.600000381469727,18.549999237060547,17.5,18.549999237060547,872000,,
2022-07-25,15.509175300598145,17.5,17.75,17.5,17.75,190000,,
2022-07-26,15.066058158874512,17.0,17.299999237060547,16.899999618530273,17.299999237060547,196000,,
2022-07-27,15.066058158874512,17.0,17.100000381469727,16.450000762939453,17.0,387000,,
2022-07-28,14.977433204650879,16.899999618530273,17.450000762939453,16.899999618530273,17.399999618530273,189000,,
2022-07-29,15.021745681762695,16.950000762939453,17.200000762939453,16.850000381469727,17.200000762939453,149000,,
2022-08-01,14.933121681213379,16.850000381469727,16.950000762939453,16.799999237060547,16.950000762939453,154000,,
2022-08-02,14.445690155029297,16.299999237060547,16.799999237060547,16.200000762939453,16.799999237060547,277000,,
2022-08-03,14.135506629943848,15.949999809265137,16.399999618530273,15.899999618530273,16.299999237060547,282000,,
2022-08-04,14.002571105957031,15.800000190734863,16.25,15.550000190734863,16.25,299000,,
2022-08-05,14.445690155029297,16.299999237060547,16.450000762939453,16.100000381469727,16.100000381469727,265000,,
2022-08-08,14.31275463104248,16.149999618530273,16.549999237060547,16.100000381469727,16.549999237060547,178000,,
2022-08-09,14.401378631591797,16.25,16.350000381469727,16.200000762939453,16.350000381469727,174000,,
2022-08-10,14.888809204101562,16.799999237060547,16.799999237060547,16.350000381469727,16.350000381469727,362000,,
2022-08-11,14.933121681213379,16.850000381469727,17.100000381469727,16.75,17.0,252000,,
2022-08-12,15.198993682861328,17.149999618530273,17.200000762939453,17.0,17.049999237060547,326000,,
2022-08-15,15.287616729736328,17.25,17.399999618530273,17.149999618530273,17.350000381469727,237000,,
2022-08-16,16.528348922729492,18.649999618530273,18.950000762939453,17.25,17.399999618530273,3771000,,
2022-08-17,16.21816635131836,18.299999237060547,18.649999618530273,18.0,18.649999618530273,1414000,,
2022-08-18,16.484039306640625,18.600000381469727,18.75,18.100000381469727,18.100000381469727,750000,,
2022-08-19,16.395414352416992,18.5,18.75,18.450000762939453,18.75,453000,,
2022-08-22,16.04092025756836,18.100000381469727,18.5,18.100000381469727,18.5,280000,,
2022-08-23,15.775047302246094,17.799999237060547,18.100000381469727,17.799999237060547,17.850000381469727,327000,,
2022-08-24,15.907984733581543,17.950000762939453,18.200000762939453,17.850000381469727,17.899999618530273,155000,,
2022-08-25,15.95229721069336,18.0,18.100000381469727,17.899999618530273,18.049999237060547,252000,,
2022-08-26,16.04092025756836,18.100000381469727,18.25,18.0,18.25,234000,,
2022-08-29,15.509175300598145,17.5,17.649999618530273,17.200000762939453,17.399999618530273,260000,,
2022-08-30,15.86367130279541,17.899999618530273,17.899999618530273,17.600000381469727,17.600000381469727,138000,,
2022-08-31,16.484039306640625,18.600000381469727,18.649999618530273,17.850000381469727,17.850000381469727,643000,,
2022-09-01,16.395414352416992,18.5,18.799999237060547,18.450000762939453,18.600000381469727,551000,,
2022-09-02,16.572664260864258,18.700000762939453,18.799999237060547,18.399999618530273,18.600000381469727,365000,,
2022-09-05,15.907984733581543,17.950000762939453,18.799999237060547,17.950000762939453,18.799999237060547,461000,,
2022-09-06,15.420552253723145,17.399999618530273,18.100000381469727,17.399999618530273,18.100000381469727,296000,,
2022-09-07,15.110367774963379,17.049999237060547,17.25,16.799999237060547,17.25,265000,,
2022-09-08,15.376240730285645,17.350000381469727,17.649999618530273,17.200000762939453,17.299999237060547,209000,,
2022-09-12,15.73073673248291,17.75,17.75,17.5,17.549999237060547,102000,,
2022-09-13,15.73073673248291,17.75,17.950000762939453,17.700000762939453,17.799999237060547,109000,,
2022-09-14,15.553487777709961,17.549999237060547,17.649999618530273,17.299999237060547,17.299999237060547,133000,,
2022-09-15,15.420552253723145,17.399999618530273,17.799999237060547,17.399999618530273,17.549999237060547,138000,,
2022-09-16,15.243306159973145,17.200000762939453,17.399999618530273,17.149999618530273,17.350000381469727,111000,,
2022-09-19,15.066058158874512,17.0,17.299999237060547,16.950000762939453,17.200000762939453,137000,,
2022-09-20,15.154681205749512,17.100000381469727,17.25,17.100000381469727,17.100000381469727,105000,,
2022-09-21,14.844497680664062,16.75,17.149999618530273,16.600000381469727,17.100000381469727,127000,,
2022-09-22,14.933121681213379,16.850000381469727,16.899999618530273,16.549999237060547,16.549999237060547,77000,,
2022-09-23,14.711563110351562,16.600000381469727,17.0,16.600000381469727,16.899999618530273,112000,,
2022-09-26,13.736700057983398,15.5,16.149999618530273,15.25,16.049999237060547,435000,,
2022-09-27,13.913947105407715,15.699999809265137,15.75,15.300000190734863,15.600000381469727,131000,,
2022-09-28,15.287616729736328,17.25,17.25,16.149999618530273,16.649999618530273,2889000,,
2022-09-29,15.376240730285645,17.350000381469727,18.600000381469727,17.0,18.0,6314000,,
2022-09-30,15.553487777709961,17.549999237060547,17.899999618530273,16.600000381469727,16.799999237060547,1424000,,
2022-10-03,15.642111778259277,17.649999618530273,18.299999237060547,17.299999237060547,17.299999237060547,1021000,,
2022-10-04,15.597801208496094,17.600000381469727,18.200000762939453,17.450000762939453,18.100000381469727,794000,,
2022-10-05,15.198993682861328,17.149999618530273,17.899999618530273,17.149999618530273,17.899999618530273,769000,,
2022-10-06,15.066058158874512,17.0,17.350000381469727,16.950000762939453,17.200000762939453,476000,,
2022-10-07,15.287616729736328,17.25,17.25,17.0,17.149999618530273,220000,,
2022-10-11,14.224129676818848,16.049999237060547,16.850000381469727,16.0,16.850000381469727,618000,,
2022-10-12,14.224129676818848,16.049999237060547,16.25,15.850000381469727,16.049999237060547,338000,,
2022-10-13,13.38220500946045,15.100000381469727,16.25,15.050000190734863,16.25,642000,,
2022-10-14,13.648075103759766,15.399999618530273,16.0,15.399999618530273,15.600000381469727,250000,,
2022-10-17,13.559452056884766,15.300000190734863,15.300000190734863,14.5,15.25,339000,,
2022-10-18,13.736700057983398,15.5,15.699999809265137,15.399999618530273,15.5,213000,,
2022-10-19,13.51513957977295,15.25,15.75,15.25,15.550000190734863,122000,,
2022-10-20,13.38220500946045,15.100000381469727,15.25,14.850000381469727,15.25,187000,,
2022-10-21,13.116332054138184,14.800000190734863,15.199999809265137,14.75,15.199999809265137,194000,,
2022-10-24,13.249267578125,14.949999809265137,15.25,14.850000381469727,15.0,105000,,
2022-10-25,13.16064453125,14.850000381469727,15.199999809265137,14.75,15.0,106000,,
2022-10-26,13.204955101013184,14.899999618530273,15.050000190734863,14.850000381469727,14.850000381469727,167000,,
2022-10-27,13.337891578674316,15.050000190734863,15.149999618530273,15.0,15.0,140000,,
2022-10-28,13.116332054138184,14.800000190734863,15.100000381469727,14.75,15.050000190734863,101000,,
2022-10-31,13.204955101013184,14.899999618530273,15.0,14.850000381469727,15.0,103000,,
2022-11-01,13.426515579223633,15.149999618530273,15.25,14.850000381469727,15.0,156000,,
2022-11-02,13.781011581420898,15.550000190734863,15.800000190734863,15.149999618530273,15.149999618530273,280000,,
2022-11-03,13.825322151184082,15.600000381469727,15.649999618530273,15.300000190734863,15.600000381469727,101000,,
2022-11-04,13.958258628845215,15.75,15.800000190734863,15.550000190734863,15.649999618530273,155000,,
2022-11-07,14.046883583068848,15.850000381469727,16.0,15.75,15.850000381469727,274000,,
2022-11-08,14.091194152832031,15.899999618530273,16.25,15.850000381469727,16.049999237060547,364000,,
2022-11-09,14.224129676818848,16.049999237060547,16.149999618530273,15.949999809265137,15.949999809265137,191000,,
2022-11-10,14.091194152832031,15.899999618530273,16.100000381469727,15.800000190734863,16.0,104000,,
2022-11-11,14.179818153381348,16.0,16.450000762939453,15.75,16.200000762939453,517000,,
2022-11-14,14.091194152832031,15.899999618530273,16.200000762939453,15.850000381469727,16.049999237060547,363000,,
2022-11-15,14.091194152832031,15.899999618530273,16.100000381469727,15.850000381469727,16.0,349000,,
2022-11-16,14.35706615447998,16.200000762939453,16.299999237060547,15.949999809265137,16.149999618530273,402000,,
2022-11-17,14.578627586364746,16.450000762939453,16.549999237060547,16.149999618530273,16.200000762939453,515000,,
2022-11-18,14.534314155578613,16.399999618530273,16.899999618530273,16.399999618530273,16.549999237060547,263000,,
2022-11-21,14.26844310760498,16.100000381469727,16.5,16.049999237060547,16.5,154000,,
2022-11-22,14.26844310760498,16.100000381469727,16.299999237060547,16.049999237060547,16.200000762939453,101000,,
2022-11-23,14.31275463104248,16.149999618530273,16.25,16.049999237060547,16.25,205000,,
2022-11-24,14.35706615447998,16.200000762939453,16.350000381469727,16.100000381469727,16.25,134000,,
2022-11-25,14.445690155029297,16.299999237060547,16.700000762939453,16.299999237060547,16.299999237060547,299000,,
2022-11-28,14.35706615447998,16.200000762939453,16.350000381469727,16.0,16.299999237060547,225000,,
2022-11-29,14.490001678466797,16.350000381469727,16.5,16.149999618530273,16.299999237060547,199000,,
2022-11-30,15.021745681762695,16.950000762939453,17.200000762939453,16.450000762939453,16.5,506000,,
2022-12-01,14.977433204650879,16.899999618530273,17.25,16.899999618530273,17.25,391000,,
2022-12-02,15.243306159973145,17.200000762939453,17.350000381469727,17.049999237060547,17.100000381469727,291000,,
2022-12-05,15.198993682861328,17.149999618530273,17.399999618530273,17.100000381469727,17.149999618530273,314000,,
2022-12-06,15.066058158874512,17.0,17.200000762939453,16.899999618530273,17.149999618530273,275000,,
2022-12-07,14.66724967956543,16.549999237060547,17.0,16.5,17.0,235000,,
2022-12-08,14.75587272644043,16.649999618530273,16.700000762939453,16.5,16.600000381469727,80000,,
2022-12-09,14.711563110351562,16.600000381469727,16.850000381469727,16.549999237060547,16.700000762939453,178000,,
2022-12-12,14.534314155578613,16.399999618530273,16.600000381469727,16.350000381469727,16.600000381469727,61000,,
2022-12-13,14.31275463104248,16.149999618530273,16.5,16.049999237060547,16.450000762939453,302000,,
2022-12-14,14.534314155578613,16.399999618530273,16.399999618530273,16.200000762939453,16.25,149000,,
2022-12-15,14.31275463104248,16.149999618530273,16.450000762939453,16.049999237060547,16.399999618530273,245000,,
2022-12-16,14.179818153381348,16.0,16.200000762939453,16.0,16.149999618530273,152000,,
2022-12-19,14.26844310760498,16.100000381469727,16.100000381469727,15.800000190734863,16.0,81000,,
2022-12-20,13.869634628295898,15.649999618530273,16.149999618530273,15.649999618530273,16.149999618530273,220000,,
2022-12-21,13.913947105407715,15.699999809265137,15.899999618530273,15.699999809265137,15.699999809265137,88000,,
2022-12-22,13.958258628845215,15.75,15.949999809265137,15.75,15.949999809265137,78000,,
2022-12-23,13.781011581420898,15.550000190734863,15.75,15.399999618530273,15.75,138000,,
2022-12-26,13.825322151184082,15.600000381469727,15.699999809265137,15.5,15.699999809265137,102000,,
2022-12-27,13.869634628295898,15.649999618530273,15.699999809265137,15.600000381469727,15.699999809265137,82000,,
2022-12-28,13.648075103759766,15.399999618530273,15.649999618530273,15.399999618530273,15.649999618530273,132000,,
2022-12-29,13.51513957977295,15.25,15.449999809265137,15.199999809265137,15.449999809265137,125000,,
2022-12-30,13.470827102661133,15.199999809265137,15.449999809265137,15.199999809265137,15.449999809265137,101000,,
2023-01-03,13.470827102661133,15.199999809265137,15.199999809265137,15.0,15.149999618530273,84000,,
2023-01-04,13.559452056884766,15.300000190734863,15.449999809265137,15.199999809265137,15.300000190734863,81000,,
2023-01-05,13.781011581420898,15.550000190734863,15.75,15.449999809265137,15.449999809265137,139000,,
2023-01-06,13.958258628845215,15.75,15.800000190734863,15.550000190734863,15.550000190734863,117000,,
2023-01-09,13.958258628845215,15.75,16.0,15.75,15.850000381469727,199000,,
2023-01-10,13.958258628845215,15.75,15.949999809265137,15.75,15.949999809265137,102000,,
2023-01-11,13.958258628845215,15.75,15.949999809265137,15.75,15.949999809265137,47000,,
2023-01-12,13.781011581420898,15.550000190734863,15.899999618530273,15.5,15.899999618530273,113000,,
2023-01-13,13.781011581420898,15.550000190734863,15.75,15.5,15.75,88000,,
2023-01-16,13.825322151184082,15.600000381469727,15.600000381469727,15.399999618530273,15.600000381469727,148000,,
2023-01-17,13.825322151184082,15.600000381469727,15.600000381469727,15.449999809265137,15.600000381469727,83000,,
2023-01-30,13.736700057983398,15.5,15.850000381469727,15.5,15.800000190734863,138000,,
2023-01-31,14.002571105957031,15.800000190734863,15.850000381469727,15.550000190734863,15.550000190734863,291000,,
2023-02-01,14.31275463104248,16.149999618530273,16.149999618530273,15.699999809265137,15.949999809265137,261000,,
2023-02-02,14.578627586364746,16.450000762939453,16.549999237060547,16.399999618530273,16.5,450000,,
2023-02-03,14.401378631591797,16.25,16.450000762939453,16.25,16.450000762939453,226000,,
2023-02-06,14.401378631591797,16.25,16.399999618530273,16.149999618530273,16.299999237060547,145000,,
2023-02-07,14.490001678466797,16.350000381469727,16.450000762939453,16.25,16.450000762939453,126000,,
2023-02-08,14.534314155578613,16.399999618530273,16.5,16.350000381469727,16.5,231000,,
2023-02-09,14.622937202453613,16.5,16.700000762939453,16.399999618530273,16.450000762939453,218000,,
2023-02-10,14.800186157226562,16.700000762939453,17.049999237060547,16.600000381469727,17.0,492000,,
2023-02-13,14.800186157226562,16.700000762939453,16.799999237060547,16.450000762939453,16.799999237060547,197000,,
2023-02-14,14.844497680664062,16.75,16.799999237060547,16.549999237060547,16.549999237060547,200000,,
2023-02-15,14.711563110351562,16.600000381469727,16.850000381469727,16.600000381469727,16.850000381469727,158000,,
2023-02-16,14.800186157226562,16.700000762939453,16.799999237060547,16.649999618530273,16.700000762939453,132000,,
2023-02-17,14.844497680664062,16.75,16.850000381469727,16.75,16.75,110000,,
2023-02-20,14.977433204650879,16.899999618530273,16.950000762939453,16.75,16.75,159000,,
2023-02-21,16.439727783203125,18.549999237060547,18.549999237060547,16.950000762939453,17.0,2197000,,
2023-02-22,17.19302749633789,19.399999618530273,19.799999237060547,18.899999618530273,19.0,6906000,,
2023-02-23,17.148719787597656,19.350000381469727,19.600000381469727,19.0,19.25,1778000,,
2023-02-24,17.813396453857422,20.100000381469727,20.25,19.350000381469727,19.350000381469727,3968000,,
2023-03-01,18.30082893371582,20.649999618530273,21.700000762939453,20.0,20.049999237060547,3749000,,
2023-03-02,18.079267501831055,20.399999618530273,21.0,20.049999237060547,20.5,1389000,,
2023-03-03,18.079267501831055,20.399999618530273,20.649999618530273,20.200000762939453,20.399999618530273,738000,,
2023-03-06,18.30082893371582,20.649999618530273,20.950000762939453,20.399999618530273,20.950000762939453,847000,,
2023-03-07,20.117618560791016,22.700000762939453,22.700000762939453,20.549999237060547,20.649999618530273,5240000,,
2023-03-08,21.00385856628418,23.700000762939453,24.700000762939453,22.549999237060547,22.649999618530273,9758000,,
2023-03-09,20.82660675048828,23.5,24.399999618530273,23.25,23.700000762939453,3160000,,
2023-03-10,20.33917808532715,22.950000762939453,23.649999618530273,22.600000381469727,23.5,2024000,,
2023-03-13,19.67449951171875,22.200000762939453,22.700000762939453,22.100000381469727,22.149999618530273,1278000,,
2023-03-14,19.940370559692383,22.5,23.799999237060547,22.200000762939453,22.200000762939453,1794000,,
2023-03-15,19.98468017578125,22.549999237060547,23.5,22.549999237060547,23.0,1176000,,
2023-03-16,19.940370559692383,22.5,23.450000762939453,22.5,22.5,1654000,,
2023-03-17,19.763120651245117,22.299999237060547,23.100000381469727,22.299999237060547,23.0,1229000,,
2023-03-20,20.38348960876465,23.0,23.0,22.299999237060547,22.399999618530273,1081000,,
2023-03-21,20.161928176879883,22.75,23.399999618530273,22.600000381469727,23.25,830000,,
2023-03-22,20.161928176879883,22.75,23.700000762939453,22.75,23.25,1909000,,
2023-03-23,20.206241607666016,22.799999237060547,23.0,22.700000762939453,22.899999618530273,462000,,
2023-03-24,20.073307037353516,22.649999618530273,22.950000762939453,22.5,22.799999237060547,687000,,
2023-03-27,19.763120651245117,22.299999237060547,22.850000381469727,22.25,22.799999237060547,779000,,
2023-03-28,19.09844398498535,21.549999237060547,22.450000762939453,21.350000381469727,22.450000762939453,1088000,,
2023-03-29,19.14275550842285,21.600000381469727,22.100000381469727,21.549999237060547,21.549999237060547,578000,,
2023-03-30,19.32000160217285,21.799999237060547,21.899999618530273,21.649999618530273,21.649999618530273,391000,,
2023-03-31,19.452939987182617,21.950000762939453,22.0,21.600000381469727,21.899999618530273,352000,,
2023-04-06,19.98468017578125,22.549999237060547,22.799999237060547,22.049999237060547,22.049999237060547,893000,,
2023-04-07,19.98468017578125,22.549999237060547,23.149999618530273,22.5,22.649999618530273,655000,,
2023-04-10,20.161928176879883,22.75,22.899999618530273,22.5,22.649999618530273,555000,,
2023-04-11,20.161928176879883,22.75,22.950000762939453,22.649999618530273,22.899999618530273,381000,,
2023-04-12,20.206241607666016,22.799999237060547,22.850000381469727,22.600000381469727,22.75,326000,,
2023-04-13,20.250553131103516,22.850000381469727,23.5,22.75,23.0,1347000,,
2023-04-14,19.940370559692383,22.5,22.899999618530273,22.5,22.850000381469727,534000,,
2023-04-17,20.294864654541016,22.899999618530273,23.0,22.549999237060547,22.700000762939453,753000,,
2023-04-18,20.47211265563965,23.100000381469727,23.299999237060547,22.799999237060547,22.899999618530273,1184000,,
2023-04-19,22.510461807250977,25.399999618530273,25.399999618530273,23.25,23.5,7343000,,
2023-04-20,21.668537139892578,24.450000762939453,26.5,23.600000381469727,25.799999237060547,12130000,,
2023-04-21,20.250553131103516,22.850000381469727,24.299999237060547,22.799999237060547,24.299999237060547,4464000,,
2023-04-24,20.206241607666016,22.799999237060547,23.299999237060547,22.299999237060547,22.850000381469727,1148000,,
2023-04-25,19.58587646484375,22.100000381469727,23.0,22.0,22.850000381469727,1609000,,
2023-04-26,19.89605712890625,22.450000762939453,22.5,21.899999618530273,22.100000381469727,890000,,
2023-04-27,19.763120651245117,22.299999237060547,22.75,22.149999618530273,22.5,470000,,
2023-04-28,20.02899169921875,22.600000381469727,23.0,22.549999237060547,22.700000762939453,686000,,
2023-05-02,20.56073760986328,23.200000762939453,23.25,22.700000762939453,22.850000381469727,765000,,
2023-05-03,20.073307037353516,22.649999618530273,23.149999618530273,22.649999618530273,23.149999618530273,460000,,
2023-05-04,19.89605712890625,22.450000762939453,22.899999618530273,22.450000762939453,22.549999237060547,534000,,
2023-05-05,19.67449951171875,22.200000762939453,22.600000381469727,22.200000762939453,22.600000381469727,373000,,
2023-05-08,19.32000160217285,21.799999237060547,22.399999618530273,21.799999237060547,22.399999618530273,550000,,
2023-05-09,18.876882553100586,21.299999237060547,21.899999618530273,21.25,21.899999618530273,673000,,
2023-05-10,19.00981903076172,21.450000762939453,21.549999237060547,21.100000381469727,21.350000381469727,266000,,
2023-05-11,18.433765411376953,20.799999237060547,21.549999237060547,20.5,21.549999237060547,703000,,
2023-05-12,18.38945198059082,20.75,20.950000762939453,20.399999618530273,20.5,282000,,
2023-05-15,17.990644454956055,20.299999237060547,20.75,20.200000762939453,20.75,470000,,
2023-05-16,18.25651741027832,20.600000381469727,20.850000381469727,20.399999618530273,20.399999618530273,221000,,
2023-05-17,18.566701889038086,20.950000762939453,21.299999237060547,20.899999618530273,20.950000762939453,348000,,
2023-05-18,18.566701889038086,20.950000762939453,21.350000381469727,20.950000762939453,21.100000381469727,430000,,
2023-05-19,18.433765411376953,20.799999237060547,21.25,20.799999237060547,21.200000762939453,301000,,
2023-05-22,18.69963836669922,21.100000381469727,21.149999618530273,20.799999237060547,20.799999237060547,282000,,
2023-05-23,18.876882553100586,21.299999237060547,21.450000762939453,21.149999618530273,21.299999237060547,329000,,
2023-05-24,18.83257293701172,21.25,21.399999618530273,21.149999618530273,21.299999237060547,348000,,
2023-05-25,18.743947982788086,21.149999618530273,21.450000762939453,21.149999618530273,21.149999618530273,253000,,
2023-05-26,18.25651741027832,20.600000381469727,21.350000381469727,20.600000381469727,21.25,413000,,
2023-05-29,18.69963836669922,21.100000381469727,21.149999618530273,20.799999237060547,20.899999618530273,266000,,
2023-05-30,18.788259506225586,21.200000762939453,21.299999237060547,21.049999237060547,21.25,296000,,
2023-05-31,19.05413055419922,21.5,21.75,21.299999237060547,21.299999237060547,358000,,
2023-06-01,18.876882553100586,21.299999237060547,21.649999618530273,20.899999618530273,21.649999618530273,211000,,
2023-06-02,18.743947982788086,21.149999618530273,21.700000762939453,20.950000762939453,21.700000762939453,596000,,
2023-06-05,19.89605712890625,22.450000762939453,22.850000381469727,21.299999237060547,21.299999237060547,1568000,,
2023-06-06,19.58587646484375,22.100000381469727,22.600000381469727,21.950000762939453,22.5,824000,,
2023-06-07,19.71881103515625,22.25,22.399999618530273,22.149999618530273,22.200000762939453,503000,,
2023-06-08,19.541561126708984,22.049999237060547,22.399999618530273,22.049999237060547,22.350000381469727,413000,,
2023-06-09,19.452939987182617,21.950000762939453,22.350000381469727,21.850000381469727,22.350000381469727,420000,,
2023-06-12,18.96550941467285,21.399999618530273,22.049999237060547,21.399999618530273,22.049999237060547,517000,,
2023-06-13,19.14275550842285,21.600000381469727,21.899999618530273,21.25,21.700000762939453,476000,,
2023-06-14,19.09844398498535,21.549999237060547,21.950000762939453,21.450000762939453,21.799999237060547,348000,,
2023-06-15,18.743947982788086,21.149999618530273,21.5,21.049999237060547,21.399999618530273,601000,,
2023-06-16,18.83257293701172,21.25,21.399999618530273,21.149999618530273,21.299999237060547,406000,,
2023-06-19,19.00981903076172,21.450000762939453,21.549999237060547,21.25,21.25,301000,,
2023-06-20,18.655323028564453,21.049999237060547,21.549999237060547,20.950000762939453,21.549999237060547,436000,,
2023-06-21,18.92119598388672,21.350000381469727,21.399999618530273,21.149999618530273,21.25,260000,,
2023-06-26,18.83257293701172,21.25,21.450000762939453,21.200000762939453,21.450000762939453,213000,,
2023-06-27,18.52238655090332,20.899999618530273,21.399999618530273,20.850000381469727,21.399999618530273,476000,,
2023-06-28,18.611011505126953,21.0,21.200000762939453,20.950000762939453,20.950000762939453,293000,,
2023-06-29,18.743947982788086,21.149999618530273,21.25,21.0,21.100000381469727,376000,,
2023-06-30,18.790925979614258,20.0,20.200000762939453,19.899999618530273,20.200000762939453,392000,,
2023-07-03,18.696971893310547,19.899999618530273,20.100000381469727,19.899999618530273,20.100000381469727,443000,,
2023-07-04,18.2741756439209,19.450000762939453,19.899999618530273,19.450000762939453,19.899999618530273,566000,,
2023-07-05,18.227197647094727,19.399999618530273,19.700000762939453,19.399999618530273,19.450000762939453,351000,,
2023-07-06,17.9923095703125,19.149999618530273,19.649999618530273,19.049999237060547,19.649999618530273,371000,,
2023-07-07,17.851381301879883,19.0,19.200000762939453,18.799999237060547,19.100000381469727,396000,,
2023-07-10,17.663469314575195,18.799999237060547,19.049999237060547,18.700000762939453,19.0,267000,,
2023-07-11,17.47555923461914,18.600000381469727,19.0,18.600000381469727,19.0,354000,,
2023-07-12,17.24067497253418,18.350000381469727,18.75,18.299999237060547,18.75,316000,,
2023-07-13,17.710447311401367,18.850000381469727,19.350000381469727,18.350000381469727,18.350000381469727,652000,,
2023-07-14,17.851381301879883,19.0,19.25,18.799999237060547,18.899999618530273,287000,,
2023-07-17,17.757423400878906,18.899999618530273,19.200000762939453,18.75,19.049999237060547,280000,,
2023-07-18,17.146718978881836,18.25,19.049999237060547,18.200000762939453,19.049999237060547,625000,,
2023-07-19,17.052762985229492,18.149999618530273,18.5,18.0,18.299999237060547,275000,,
2023-07-20,17.33462905883789,18.450000762939453,18.600000381469727,18.149999618530273,18.200000762939453,232000,,
2023-07-21,17.193695068359375,18.299999237060547,18.549999237060547,18.25,18.450000762939453,131000,,
2023-07-24,16.81787872314453,17.899999618530273,18.700000762939453,17.899999618530273,18.700000762939453,426000,,
2023-07-25,17.099740982055664,18.200000762939453,18.350000381469727,17.799999237060547,17.899999618530273,256000,,
2023-07-26,16.81787872314453,17.899999618530273,18.299999237060547,17.899999618530273,18.25,226000,,
2023-07-27,17.33462905883789,18.450000762939453,18.5,18.0,18.0,264000,,
2023-07-28,17.47555923461914,18.600000381469727,18.600000381469727,18.299999237060547,18.450000762939453,187000,,
2023-07-31,17.193695068359375,18.299999237060547,18.75,18.299999237060547,18.649999618530273,280000,,
2023-08-01,17.193695068359375,18.299999237060547,18.5,18.149999618530273,18.350000381469727,151000,,
2023-08-02,16.864856719970703,17.950000762939453,18.299999237060547,17.950000762939453,18.25,285000,,
2023-08-04,16.864856719970703,17.950000762939453,18.25,17.950000762939453,17.950000762939453,161000,,
2023-08-07,17.193695068359375,18.299999237060547,18.299999237060547,18.0,18.0,142000,,
2023-08-08,17.052762985229492,18.149999618530273,18.450000762939453,18.149999618530273,18.399999618530273,91000,,
2023-08-09,16.95880889892578,18.049999237060547,18.149999618530273,18.0,18.049999237060547,85000,,
2023-08-10,16.442060470581055,17.5,17.950000762939453,17.5,17.950000762939453,536000,,
2023-08-11,16.442060470581055,17.5,17.75,17.5,17.600000381469727,107000,,
2023-08-14,15.878332138061523,16.899999618530273,17.549999237060547,16.899999618530273,17.5,257000,,
2023-08-15,16.16019630432129,17.200000762939453,17.350000381469727,16.899999618530273,16.899999618530273,133000,,
2023-08-16,16.254148483276367,17.299999237060547,17.399999618530273,17.0,17.200000762939453,81000,,
2023-08-17,16.67694664001465,17.75,17.899999618530273,17.299999237060547,17.299999237060547,314000,,
2023-08-18,16.442060470581055,17.5,18.0,17.5,17.899999618530273,179000,,
2023-08-21,16.536014556884766,17.600000381469727,17.700000762939453,17.5,17.549999237060547,129000,,
2023-08-22,16.395084381103516,17.450000762939453,17.700000762939453,17.450000762939453,17.5,99000,,
2023-08-23,16.770902633666992,17.850000381469727,17.950000762939453,17.149999618530273,17.649999618530273,257000,,
2023-08-24,16.91183090209961,18.0,18.100000381469727,17.899999618530273,17.950000762939453,150000,,
2023-08-25,16.95880889892578,18.049999237060547,18.25,17.950000762939453,17.950000762939453,168000,,
2023-08-28,16.864856719970703,17.950000762939453,18.25,17.899999618530273,18.200000762939453,77000,,
2023-08-29,16.67694664001465,17.75,18.100000381469727,17.700000762939453,18.100000381469727,111000,,
2023-08-30,16.770902633666992,17.850000381469727,18.0,17.799999237060547,17.799999237060547,77000,,
2023-08-31,16.864856719970703,17.950000762939453,18.149999618530273,17.899999618530273,18.149999618530273,51000,,
2023-09-01,17.052762985229492,18.149999618530273,18.25,18.049999237060547,18.100000381469727,85000,,
2023-09-04,17.146718978881836,18.25,18.25,18.049999237060547,18.149999618530273,166000,,
2023-09-05,17.38160514831543,18.5,18.700000762939453,18.350000381469727,18.350000381469727,262000,,
2023-09-06,17.38160514831543,18.5,18.649999618530273,18.399999618530273,18.649999618530273,149000,,
2023-09-07,17.47555923461914,18.600000381469727,18.799999237060547,18.5,18.700000762939453,226000,,
2023-09-08,17.33462905883789,18.450000762939453,18.799999237060547,18.399999618530273,18.799999237060547,107000,,
2023-09-11,16.864856719970703,17.950000762939453,18.450000762939453,17.950000762939453,18.450000762939453,159000,,
2023-09-12,17.193695068359375,18.299999237060547,18.299999237060547,17.850000381469727,18.0,140000,,
2023-09-13,17.193695068359375,18.299999237060547,18.350000381469727,18.100000381469727,18.299999237060547,105000,,
2023-09-14,17.193695068359375,18.299999237060547,18.549999237060547,18.299999237060547,18.350000381469727,179000,,
2023-09-15,17.146718978881836,18.25,18.5,18.25,18.350000381469727,124000,,
2023-09-18,17.099740982055664,18.200000762939453,18.299999237060547,18.200000762939453,18.25,55000,,
2023-09-19,17.052762985229492,18.149999618530273,18.450000762939453,18.149999618530273,18.450000762939453,124000,,
2023-09-20,16.81787872314453,17.899999618530273,18.149999618530273,17.899999618530273,18.049999237060547,103000,,
2023-09-21,16.91183090209961,18.0,18.0,17.799999237060547,17.850000381469727,54000,,
2023-09-22,16.72392463684082,17.799999237060547,18.0,17.799999237060547,18.0,36000,,
2023-09-25,16.582990646362305,17.649999618530273,17.899999618530273,17.649999618530273,17.850000381469727,121000,,
2023-09-26,16.629968643188477,17.700000762939453,17.75,17.649999618530273,17.649999618530273,60000,,
2023-09-27,16.395084381103516,17.450000762939453,17.700000762939453,17.399999618530273,17.700000762939453,92000,,
2023-09-28,16.442060470581055,17.5,17.649999618530273,17.299999237060547,17.299999237060547,70000,,
2023-10-02,16.34810447692871,17.399999618530273,17.5,17.350000381469727,17.5,93000,,
2023-10-03,16.395084381103516,17.450000762939453,17.5,17.350000381469727,17.450000762939453,71000,,
2023-10-04,16.34810447692871,17.399999618530273,17.450000762939453,17.350000381469727,17.450000762939453,71000,,
2023-10-05,16.442060470581055,17.5,17.600000381469727,17.399999618530273,17.600000381469727,94000,,
2023-10-06,16.582990646362305,17.649999618530273,17.75,17.399999618530273,17.600000381469727,109000,,
2023-10-11,16.442060470581055,17.5,17.649999618530273,17.5,17.5,81000,,
2023-10-12,16.395084381103516,17.450000762939453,17.600000381469727,17.299999237060547,17.350000381469727,157000,,
2023-10-13,16.30112648010254,17.350000381469727,17.450000762939453,17.350000381469727,17.450000762939453,54000,,
2023-10-16,16.16019630432129,17.200000762939453,17.5,17.200000762939453,17.5,51000,,
2023-10-17,16.113218307495117,17.149999618530273,17.350000381469727,17.149999618530273,17.299999237060547,110000,,
2023-10-18,15.878332138061523,16.899999618530273,17.100000381469727,16.899999618530273,17.049999237060547,127000,,
2023-10-19,15.972284317016602,17.0,17.200000762939453,16.950000762939453,16.950000762939453,63000,,
2023-10-20,16.066240310668945,17.100000381469727,17.149999618530273,16.899999618530273,17.0,90000,,
2023-10-23,16.066240310668945,17.100000381469727,17.299999237060547,17.100000381469727,17.100000381469727,45000,,
2023-10-24,16.16019630432129,17.200000762939453,17.25,17.100000381469727,17.100000381469727,69000,,
2023-10-25,16.254148483276367,17.299999237060547,17.549999237060547,17.149999618530273,17.200000762939453,163000,,
2023-10-26,16.113218307495117,17.149999618530273,17.549999237060547,17.149999618530273,17.5,76000,,
2023-10-27,16.16019630432129,17.200000762939453,17.299999237060547,17.149999618530273,17.149999618530273,54000,,
2023-10-30,16.066240310668945,17.100000381469727,17.25,17.100000381469727,17.100000381469727,40000,,
2023-10-31,15.878332138061523,16.899999618530273,17.149999618530273,16.899999618530273,17.100000381469727,130000,,
2023-11-01,15.878332138061523,16.899999618530273,17.200000762939453,16.899999618530273,16.950000762939453,100000,,
2023-11-02,15.972284317016602,17.0,17.100000381469727,16.950000762939453,17.100000381469727,75000,,
2023-11-03,15.972284317016602,17.0,17.100000381469727,16.950000762939453,17.100000381469727,47000,,
2023-11-06,16.019262313842773,17.049999237060547,17.200000762939453,17.049999237060547,17.149999618530273,53000,,
2023-11-07,16.16019630432129,17.200000762939453,17.25,17.049999237060547,17.149999618530273,104000,,
2023-11-08,17.757423400878906,18.899999618530273,18.899999618530273,17.700000762939453,17.700000762939453,2404000,,
2023-11-09,17.851381301879883,19.0,20.049999237060547,18.899999618530273,19.0,5712000,,
2023-11-10,17.38160514831543,18.5,19.100000381469727,18.450000762939453,19.049999237060547,617000,,
2023-11-13,17.47555923461914,18.600000381469727,19.0,18.5,18.75,396000,,
2023-11-14,17.47555923461914,18.600000381469727,18.75,18.200000762939453,18.649999618530273,442000,,
2023-11-15,17.851381301879883,19.0,19.25,18.649999618530273,19.100000381469727,874000,,
2023-11-16,17.522539138793945,18.649999618530273,19.0,18.600000381469727,19.0,510000,,
2023-11-17,17.569517135620117,18.700000762939453,19.100000381469727,18.649999618530273,18.649999618530273,429000,,
2023-11-20,18.36812973022461,19.549999237060547,19.549999237060547,18.799999237060547,19.100000381469727,767000,,
2023-11-21,18.086265563964844,19.25,19.899999618530273,19.25,19.899999618530273,635000,,
2023-11-22,17.94533348083496,19.100000381469727,19.350000381469727,19.049999237060547,19.25,428000,,
2023-11-23,18.086265563964844,19.25,19.549999237060547,19.100000381469727,19.100000381469727,586000,,
2023-11-24,17.80440330505371,18.950000762939453,19.450000762939453,18.950000762939453,19.450000762939453,365000,,
2023-11-27,17.94533348083496,19.100000381469727,19.600000381469727,18.950000762939453,19.100000381469727,483000,,
2023-11-28,17.9923095703125,19.149999618530273,19.399999618530273,18.950000762939453,19.200000762939453,194000,,
2023-11-29,18.039287567138672,19.200000762939453,19.350000381469727,19.100000381469727,19.350000381469727,244000,,
2023-11-30,17.89835548400879,19.049999237060547,19.25,19.049999237060547,19.25,174000,,
2023-12-01,18.227197647094727,19.399999618530273,19.450000762939453,19.049999237060547,19.049999237060547,300000,,
2023-12-04,18.227197647094727,19.399999618530273,19.5,19.25,19.5,250000,,
2023-12-05,18.133241653442383,19.299999237060547,19.399999618530273,19.200000762939453,19.399999618530273,176000,,
2023-12-06,17.9923095703125,19.149999618530273,19.350000381469727,19.100000381469727,19.299999237060547,246000,,
2023-12-07,18.086265563964844,19.25,19.649999618530273,19.200000762939453,19.299999237060547,438000,,
2023-12-08,18.039287567138672,19.200000762939453,19.25,19.100000381469727,19.149999618530273,155000,,
2023-12-11,17.80440330505371,18.950000762939453,19.299999237060547,18.899999618530273,19.299999237060547,232000,,
2023-12-12,17.80440330505371,18.950000762939453,19.0,18.649999618530273,18.950000762939453,243000,,
2023-12-13,17.663469314575195,18.799999237060547,19.049999237060547,18.75,18.899999618530273,142000,,
2023-12-14,17.663469314575195,18.799999237060547,19.049999237060547,18.799999237060547,18.899999618530273,194000,,
2023-12-15,17.710447311401367,18.850000381469727,19.0,18.799999237060547,18.799999237060547,86000,,
2023-12-18,17.663469314575195,18.799999237060547,18.950000762939453,18.799999237060547,18.899999618530273,57000,,
2023-12-19,17.569517135620117,18.700000762939453,19.0,18.649999618530273,19.0,108000,,
2023-12-20,17.80440330505371,18.950000762939453,19.0,18.75,18.75,174000,,
2023-12-21,17.616493225097656,18.75,18.899999618530273,18.649999618530273,18.899999618530273,122000,,
2023-12-22,17.38160514831543,18.5,18.700000762939453,18.350000381469727,18.700000762939453,162000,,
2023-12-25,17.28765106201172,18.399999618530273,18.600000381469727,18.399999618530273,18.600000381469727,84000,,
2023-12-26,17.33462905883789,18.450000762939453,18.549999237060547,18.399999618530273,18.399999618530273,83000,,
2023-12-27,17.757423400878906,18.899999618530273,18.950000762939453,18.5,18.600000381469727,177000,,
2023-12-28,17.522539138793945,18.649999618530273,19.100000381469727,18.649999618530273,19.100000381469727,101000,,
2023-12-29,17.38160514831543,18.5,18.75,18.450000762939453,18.700000762939453,126000,,
2024-01-02,17.522539138793945,18.649999618530273,18.700000762939453,18.399999618530273,18.5,105000,,
2024-01-03,17.522539138793945,18.649999618530273,18.799999237060547,18.649999618530273,18.649999618530273,57000,,
2024-01-04,17.47555923461914,18.600000381469727,18.850000381469727,18.600000381469727,18.850000381469727,89000,,
2024-01-05,17.569517135620117,18.700000762939453,18.799999237060547,18.600000381469727,18.600000381469727,95000,,
2024-01-08,19.307674407958984,20.549999237060547,20.549999237060547,18.799999237060547,18.950000762939453,4379000,,
2024-01-09,19.02581214904785,20.25,22.5,20.149999618530273,20.899999618530273,21331000,,
2024-01-10,20.106290817260742,21.399999618530273,22.149999618530273,19.5,19.899999618530273,9097000,,
2024-01-11,19.871402740478516,21.149999618530273,22.799999237060547,21.0,21.049999237060547,12446000,,
2024-01-12,19.54256248474121,20.799999237060547,21.899999618530273,20.799999237060547,20.850000381469727,3411000,,
2024-01-15,19.54256248474121,20.799999237060547,21.450000762939453,20.450000762939453,20.799999237060547,2144988,,
2024-01-16,19.07278823852539,20.299999237060547,21.049999237060547,20.299999237060547,20.899999618530273,1354000,,
2024-01-17,19.07278823852539,20.299999237060547,21.299999237060547,20.299999237060547,20.399999618530273,2834000,,
2024-01-18,19.354652404785156,20.600000381469727,21.600000381469727,20.350000381469727,20.350000381469727,3769000,,
2024-01-19,19.354652404785156,20.600000381469727,21.399999618530273,20.350000381469727,20.75,2281000,,
2024-01-22,18.97883415222168,20.200000762939453,20.899999618530273,20.200000762939453,20.850000381469727,1281000,,
2024-01-23,19.119766235351562,20.350000381469727,20.600000381469727,20.200000762939453,20.25,935000,,
2024-01-24,19.401630401611328,20.649999618530273,20.950000762939453,20.399999618530273,20.600000381469727,1131000,,
2024-01-25,19.636516571044922,20.899999618530273,21.600000381469727,20.5,20.899999618530273,2927000,,
2024-01-26,19.777450561523438,21.049999237060547,22.799999237060547,21.049999237060547,21.5,7173000,,
2024-01-29,19.495586395263672,20.75,21.149999618530273,20.700000762939453,21.100000381469727,948000,,
2024-01-30,19.4486083984375,20.700000762939453,21.0,20.649999618530273,21.0,550000,,
2024-01-31,19.918380737304688,21.200000762939453,21.5,20.799999237060547,20.899999618530273,1223000,,
2024-02-01,21.468631744384766,22.850000381469727,23.299999237060547,21.799999237060547,22.25,12717000,,
2024-02-02,20.52908706665039,21.850000381469727,23.100000381469727,21.850000381469727,23.0,5845000,,
2024-02-05,19.730470657348633,21.0,21.799999237060547,20.950000762939453,21.799999237060547,2329000,,
2024-02-15,19.871402740478516,21.149999618530273,21.350000381469727,20.850000381469727,21.25,1157000,,
2024-02-16,20.388154983520508,21.700000762939453,21.799999237060547,21.299999237060547,21.350000381469727,1334000,,
2024-02-19,20.76397132873535,22.100000381469727,22.299999237060547,21.75,21.850000381469727,1339000,,
2024-02-20,20.247220993041992,21.549999237060547,22.299999237060547,21.549999237060547,22.200000762939453,1314000,,
2024-02-21,20.48210906982422,21.799999237060547,22.049999237060547,21.649999618530273,21.700000762939453,800000,,
2024-02-22,20.247220993041992,21.549999237060547,22.0,21.5,21.950000762939453,962000,,
2024-02-23,19.871402740478516,21.149999618530273,21.75,21.100000381469727,21.700000762939453,1063000,,
2024-02-26,20.200244903564453,21.5,21.600000381469727,21.100000381469727,21.399999618530273,625000,,
2024-02-27,19.636516571044922,20.899999618530273,21.700000762939453,20.850000381469727,21.600000381469727,946000,,
2024-02-29,19.636516571044922,20.899999618530273,21.049999237060547,20.799999237060547,20.799999237060547,437000,,
2024-03-01,19.589540481567383,20.850000381469727,21.149999618530273,20.799999237060547,21.0,447000,,
2024-03-04,19.636516571044922,20.899999618530273,21.049999237060547,20.75,21.0,330000,,
2024-03-05,19.495586395263672,20.75,21.100000381469727,20.700000762939453,20.950000762939453,452000,,
2024-03-06,19.495586395263672,20.75,20.950000762939453,20.700000762939453,20.799999237060547,330000,,
2024-03-07,18.97883415222168,20.200000762939453,20.799999237060547,20.200000762939453,20.799999237060547,658000,,
2024-03-08,18.884878158569336,20.100000381469727,20.600000381469727,19.899999618530273,20.399999618530273,559000,,
2024-03-11,18.884878158569336,20.100000381469727,20.350000381469727,20.100000381469727,20.100000381469727,309000,,
2024-03-12,18.97883415222168,20.200000762939453,20.450000762939453,20.049999237060547,20.25,399000,,
2024-03-13,18.696971893310547,19.899999618530273,20.350000381469727,19.799999237060547,20.299999237060547,648000,,
2024-03-14,19.02581214904785,20.25,20.399999618530273,19.899999618530273,20.0,421000,,
2024-03-15,18.97883415222168,20.200000762939453,20.600000381469727,20.200000762939453,20.450000762939453,346000,,
2024-03-18,18.97883415222168,20.200000762939453,20.200000762939453,20.200000762939453,20.200000762939453,0,,
2024-03-19,19.119766235351562,20.350000381469727,20.649999618530273,20.350000381469727,20.600000381469727,296000,,
2024-03-20,19.119766235351562,20.350000381469727,20.350000381469727,20.350000381469727,20.350000381469727,0,,
2024-03-21,19.54256248474121,20.799999237060547,20.899999618530273,20.649999618530273,20.75,451000,,
2024-03-22,19.918380737304688,21.200000762939453,21.299999237060547,20.799999237060547,20.950000762939453,779000,,
2024-03-25,19.918380737304688,21.200000762939453,21.200000762939453,21.200000762939453,21.200000762939453,0,,
2024-03-26,19.918380737304688,21.200000762939453,21.200000762939453,21.200000762939453,21.200000762939453,0,,
2024-03-27,21.186767578125,22.549999237060547,22.600000381469727,21.799999237060547,22.0,2536000,,
2024-03-28,21.60956573486328,23.0,23.799999237060547,22.850000381469727,22.850000381469727,4560000,,
2024-03-29,21.703519821166992,23.100000381469727,23.350000381469727,22.399999618530273,23.25,1586000,,
2024-04-01,22.07933807373047,23.5,23.649999618530273,23.200000762939453,23.25,1560000,,
2024-04-02,22.64306640625,24.100000381469727,24.299999237060547,23.350000381469727,23.600000381469727,2483000,,
2024-04-03,24.099361419677734,25.649999618530273,26.0,24.100000381469727,24.100000381469727,5313000,,
2024-04-08,24.99193000793457,26.600000381469727,26.850000381469727,26.100000381469727,26.149999618530273,4384000,,
2024-04-09,24.663089752197266,26.25,26.549999237060547,25.5,26.299999237060547,2788000,,
2024-04-10,25.273794174194336,26.899999618530273,27.149999618530273,26.350000381469727,26.549999237060547,2726000,,
2024-04-11,25.320772171020508,26.950000762939453,27.200000762939453,26.149999618530273,26.899999618530273,1765000,,
2024-04-12,24.804019927978516,26.399999618530273,27.600000381469727,26.25,27.450000762939453,2067000,,
2024-04-15,24.240293502807617,25.799999237060547,26.700000762939453,25.5,26.399999618530273,1599000,,
2024-04-16,23.065858840942383,24.549999237060547,25.950000762939453,24.200000762939453,25.950000762939453,2497000,,
2024-04-17,23.676565170288086,25.200000762939453,25.700000762939453,24.700000762939453,24.700000762939453,1149000,,
2024-04-18,22.64306640625,24.100000381469727,25.200000762939453,24.100000381469727,25.200000762939453,1157000,,
2024-04-19,21.703519821166992,23.100000381469727,24.100000381469727,22.549999237060547,24.100000381469727,1957000,,
2024-04-22,21.327701568603516,22.700000762939453,23.350000381469727,22.649999618530273,23.100000381469727,588000,,
2024-04-23,21.421653747558594,22.799999237060547,23.299999237060547,22.75,23.0,346000,,
2024-04-24,22.78399658203125,24.25,25.0,23.049999237060547,23.100000381469727,2049000,,
2024-04-25,22.549110412597656,24.0,24.899999618530273,23.700000762939453,24.899999618530273,689000,,
2024-04-26,22.69004249572754,24.149999618530273,24.5,24.149999618530273,24.200000762939453,382000,,
2024-04-29,22.549110412597656,24.0,24.600000381469727,23.850000381469727,24.5,328000,,
2024-04-30,22.502134323120117,23.950000762939453,24.25,23.850000381469727,24.0,247000,,
2024-05-02,22.408180236816406,23.850000381469727,24.100000381469727,23.700000762939453,24.049999237060547,343000,,
2024-05-03,21.985382080078125,23.399999618530273,24.299999237060547,23.399999618530273,24.0,332000,,
2024-05-06,21.7504940032959,23.149999618530273,23.649999618530273,23.0,23.600000381469727,562000,,
2024-05-07,21.938404083251953,23.350000381469727,23.350000381469727,22.899999618530273,23.299999237060547,279000,,
2024-05-08,21.985382080078125,23.399999618530273,23.399999618530273,23.0,23.350000381469727,252000,,
2024-05-09,21.468631744384766,22.850000381469727,23.399999618530273,22.850000381469727,23.399999618530273,376000,,
2024-05-10,21.60956573486328,23.0,23.350000381469727,22.850000381469727,22.899999618530273,239000,,
2024-05-13,21.60956573486328,23.0,23.25,22.850000381469727,23.25,182000,,
2024-05-14,22.924928665161133,24.399999618530273,24.450000762939453,23.0,23.200000762939453,875000,,
2024-05-15,22.549110412597656,24.0,24.799999237060547,24.0,24.5,689000,,
2024-05-16,23.159814834594727,24.649999618530273,25.149999618530273,24.0,24.049999237060547,805000,,
2024-05-17,22.971906661987305,24.450000762939453,25.0,24.450000762939453,24.649999618530273,604000,,
2024-05-20,23.441679000854492,24.950000762939453,25.350000381469727,24.649999618530273,24.700000762939453,1280000,,
2024-05-21,23.39470100402832,24.899999618530273,25.200000762939453,24.700000762939453,25.0,456000,,
2024-05-22,23.34772491455078,24.850000381469727,25.100000381469727,24.700000762939453,25.0,551000,,
2024-05-23,22.69004249572754,24.149999618530273,25.0,24.149999618530273,24.899999618530273,474000,,
2024-05-24,22.549110412597656,24.0,24.100000381469727,23.600000381469727,23.950000762939453,239000,,
2024-05-27,23.39470100402832,24.899999618530273,25.0,24.0,24.25,521000,,
2024-05-28,23.441679000854492,24.950000762939453,25.0,24.649999618530273,24.899999618530273,344000,,
2024-05-29,23.34772491455078,24.850000381469727,25.100000381469727,24.799999237060547,24.799999237060547,446000,,
2024-05-30,22.87795066833496,24.350000381469727,24.950000762939453,24.350000381469727,24.850000381469727,334000,,
2024-05-31,23.018882751464844,24.5,25.149999618530273,24.350000381469727,24.649999618530273,303000,,
2024-06-03,23.065858840942383,24.549999237060547,24.799999237060547,24.5,24.799999237060547,321000,,
2024-06-04,22.26724624633789,23.700000762939453,24.799999237060547,23.700000762939453,24.799999237060547,466000,,
2024-06-05,22.07933807373047,23.5,24.299999237060547,23.5,23.75,353000,,
2024-06-06,22.07933807373047,23.5,23.75,23.149999618530273,23.5,296000,,
2024-06-07,22.22026824951172,23.649999618530273,23.799999237060547,23.549999237060547,23.649999618530273,162000,,
2024-06-11,22.26724624633789,23.700000762939453,24.5,23.649999618530273,23.700000762939453,335000,,
2024-06-12,21.89142608642578,23.299999237060547,24.25,23.25,24.25,328000,,
2024-06-13,21.60956573486328,23.0,23.5,22.850000381469727,23.399999618530273,637000,,
2024-06-14,21.65654182434082,23.049999237060547,23.399999618530273,22.950000762939453,22.950000762939453,262000,,
2024-06-17,22.032360076904297,23.450000762939453,23.5,22.950000762939453,23.25,287000,,
2024-06-18,21.844449996948242,23.25,23.549999237060547,23.200000762939453,23.549999237060547,291000,,
2024-06-19,21.65654182434082,23.049999237060547,23.299999237060547,22.899999618530273,23.25,311000,,
2024-06-20,22.07933807373047,23.5,23.5,23.049999237060547,23.100000381469727,178000,,
2024-06-21,22.31422233581543,23.75,24.049999237060547,23.549999237060547,23.549999237060547,550000,,
2024-06-24,21.938404083251953,23.350000381469727,23.799999237060547,23.350000381469727,23.799999237060547,221000,,
2024-06-25,21.89142608642578,23.299999237060547,23.399999618530273,23.049999237060547,23.350000381469727,145000,,
2024-06-26,22.032360076904297,23.450000762939453,23.5,23.299999237060547,23.299999237060547,121000,,
2024-06-27,22.126314163208008,23.549999237060547,23.649999618530273,23.299999237060547,23.450000762939453,158000,,
2024-06-28,22.408180236816406,23.850000381469727,24.25,23.549999237060547,23.549999237060547,518000,,
2024-07-01,22.26724624633789,23.700000762939453,24.350000381469727,23.700000762939453,23.850000381469727,639000,,
2024-07-02,22.461721420288086,23.100000381469727,23.350000381469727,23.0,23.100000381469727,226000,,
2024-07-03,22.510339736938477,23.149999618530273,23.399999618530273,23.049999237060547,23.399999618530273,278000,,
2024-07-04,22.607576370239258,23.25,23.450000762939453,23.049999237060547,23.149999618530273,290000,,
2024-07-05,23.093761444091797,23.75,24.0,23.450000762939453,23.549999237060547,810000,,
2024-07-08,24.989879608154297,25.700000762939453,26.0,23.75,24.200000762939453,3854000,,
2024-07-09,25.524681091308594,26.25,27.850000381469727,25.700000762939453,25.75,9580000,,
2024-07-10,25.524681091308594,26.25,26.700000762939453,25.0,26.200000762939453,2055000,,
2024-07-11,25.18435287475586,25.899999618530273,26.799999237060547,25.799999237060547,26.350000381469727,1503000,,
2024-07-12,24.795406341552734,25.5,26.350000381469727,25.5,25.850000381469727,974000,,
2024-07-15,24.309223175048828,25.0,25.799999237060547,24.799999237060547,25.549999237060547,884000,,
2024-07-16,24.163366317749023,24.850000381469727,25.200000762939453,24.850000381469727,25.0,543000,,
2024-07-17,24.163366317749023,24.850000381469727,25.5,24.850000381469727,25.0,425000,,
2024-07-18,23.23961639404297,23.899999618530273,24.850000381469727,23.799999237060547,24.850000381469727,1096000,,
2024-07-19,22.704814910888672,23.350000381469727,23.950000762939453,23.350000381469727,23.950000762939453,545000,,
2024-07-22,22.315866470336914,22.950000762939453,23.700000762939453,22.850000381469727,23.600000381469727,447000,,
2024-07-23,22.413101196289062,23.049999237060547,23.350000381469727,23.049999237060547,23.049999237060547,196000,,
2024-07-26,21.926918029785156,22.549999237060547,22.850000381469727,22.100000381469727,22.850000381469727,245000,,
2024-07-29,21.392114639282227,22.0,22.799999237060547,21.950000762939453,22.700000762939453,506000,,
2024-07-30,22.2186279296875,22.850000381469727,22.850000381469727,22.0,22.200000762939453,294000,,
2024-07-31,22.07277488708496,22.700000762939453,23.0,22.700000762939453,23.0,142000,,
2024-08-01,22.413101196289062,23.049999237060547,23.149999618530273,22.799999237060547,22.899999618530273,215000,,
2024-08-02,21.68382453918457,22.299999237060547,23.0,22.299999237060547,23.0,266000,,
2024-08-05,19.6418514251709,20.200000762939453,21.600000381469727,20.149999618530273,21.600000381469727,807000,,
2024-08-06,19.20428466796875,19.75,20.600000381469727,18.549999237060547,20.299999237060547,758000,,
2024-08-07,20.468364715576172,21.049999237060547,21.25,19.950000762939453,19.950000762939453,233000,,
2024-08-08,20.41974639892578,21.0,21.5,20.799999237060547,20.799999237060547,236000,,
2024-08-09,20.85731315612793,21.450000762939453,21.700000762939453,21.399999618530273,21.700000762939453,160000,,
2024-08-12,20.90593147277832,21.5,21.75,21.299999237060547,21.450000762939453,124000,,
2024-08-13,21.0031681060791,21.600000381469727,21.75,21.299999237060547,21.5,119000,,
2024-08-14,20.95454978942871,21.549999237060547,22.0,21.399999618530273,21.950000762939453,173000,,
2024-08-15,20.90593147277832,21.5,21.700000762939453,21.399999618530273,21.700000762939453,107000,,
2024-08-16,20.808692932128906,21.399999618530273,21.700000762939453,21.399999618530273,21.700000762939453,177000,,
2024-08-19,20.95454978942871,21.549999237060547,21.799999237060547,21.450000762939453,21.5,95000,,
2024-08-20,21.19763946533203,21.799999237060547,22.149999618530273,21.600000381469727,21.600000381469727,159000,,
2024-08-21,21.05178451538086,21.649999618530273,22.0,21.649999618530273,22.0,100000,,
2024-08-22,21.392114639282227,22.0,22.25,21.899999618530273,22.0,310000,,
2024-08-23,21.05178451538086,21.649999618530273,22.0,21.600000381469727,22.0,139000,,
2024-08-26,23.142377853393555,23.799999237060547,23.799999237060547,21.850000381469727,22.0,1653000,,
2024-08-27,25.427446365356445,26.149999618530273,26.149999618530273,23.450000762939453,24.200000762939453,14279000,,
2024-08-28,27.226327896118164,28.0,28.700000762939453,26.100000381469727,26.149999618530273,21509000,,
2024-08-29,28.295934677124023,29.100000381469727,29.950000762939453,27.299999237060547,27.450000762939453,18427000,,
2024-08-30,29.073827743530273,29.899999618530273,30.799999237060547,29.0,30.0,19000000,,
2024-09-02,28.393171310424805,29.200000762939453,30.899999618530273,29.200000762939453,30.200000762939453,12105000,,
2024-09-03,27.42080307006836,28.200000762939453,29.200000762939453,28.0,29.200000762939453,2965000,,
2024-09-04,26.497051239013672,27.25,28.0,26.5,26.799999237060547,1792000,,
2024-09-05,25.962249755859375,26.700000762939453,27.950000762939453,26.700000762939453,27.649999618530273,1203000,,
2024-09-06,26.93461799621582,27.700000762939453,28.049999237060547,27.200000762939453,27.399999618530273,1180000,,
2024-09-09,27.858367919921875,28.649999618530273,28.850000381469727,27.200000762939453,27.200000762939453,1090000,,
2024-09-10,26.545669555664062,27.299999237060547,29.0,27.200000762939453,29.0,1342000,,
2024-09-11,26.497051239013672,27.25,27.799999237060547,27.200000762939453,27.75,525000,,
2024-09-12,27.129091262817383,27.899999618530273,28.100000381469727,27.700000762939453,27.75,813000,,
2024-09-13,28.9279727935791,29.75,30.0,28.5,28.5,2920000,,
2024-09-16,29.94896125793457,30.799999237060547,30.799999237060547,29.700000762939453,30.100000381469727,5210000,,
2024-09-18,28.87935447692871,29.700000762939453,31.950000762939453,29.5,31.100000381469727,12894000,,
2024-09-19,29.26830291748047,30.100000381469727,30.850000381469727,29.5,29.600000381469727,5946000,,
2024-09-20,27.906986236572266,28.700000762939453,30.5,28.5,30.100000381469727,4084000,,
2024-09-23,29.171066284179688,30.0,30.450000762939453,28.649999618530273,28.700000762939453,5169000,,
2024-09-24,31.11580467224121,32.0,32.0,29.299999237060547,29.75,16335000,,
2024-09-25,34.22738265991211,35.20000076293945,35.20000076293945,32.70000076293945,33.29999923706055,33654000,,
2024-09-26,32.52573776245117,33.45000076293945,36.70000076293945,33.20000076293945,35.150001525878906,44645000,,
2024-09-27,32.86606979370117,33.79999923706055,35.70000076293945,33.5,34.04999923706055,18190000,,
2024-09-30,34.81080627441406,35.79999923706055,36.79999923706055,32.900001525878906,33.5,22534000,,
2024-10-01,38.26271438598633,39.349998474121094,39.349998474121094,35.0,35.79999923706055,39826000,,
2024-10-04,42.054954528808594,43.25,43.25,41.04999923706055,42.5,16924000,,
2024-10-07,43.46488952636719,44.70000076293945,47.0,43.75,44.5,89588000,,
2024-10-08,40.88811111450195,42.04999923706055,44.54999923706055,42.04999923706055,44.5,18499000,,
2024-10-09,44.97206115722656,46.25,46.25,42.79999923706055,43.099998474121094,20047000,,
2024-10-11,43.5621223449707,44.79999923706055,47.54999923706055,44.70000076293945,46.79999923706055,48246000,,
2024-10-14,44.53449249267578,45.79999923706055,47.20000076293945,42.70000076293945,44.349998474121094,36169000,,
2024-10-15,42.39527893066406,43.599998474121094,48.25,42.849998474121094,46.25,28595000,,
2024-10-16,46.62508773803711,47.95000076293945,47.95000076293945,42.79999923706055,43.0,28762000,,
2024-10-17,45.117916107177734,46.400001525878906,49.79999923706055,46.099998474121094,49.04999923706055,35235000,,
2024-10-18,43.22179412841797,44.45000076293945,47.75,43.650001525878906,47.75,16415000,,
2024-10-21,43.27041244506836,44.5,45.650001525878906,44.150001525878906,44.599998474121094,9510000,,
2024-10-22,43.07594299316406,44.29999923706055,45.5,43.79999923706055,44.04999923706055,7075000,,
2024-10-23,43.51350784301758,44.75,46.20000076293945,44.20000076293945,44.29999923706055,10753000,,
2024-10-24,42.10356903076172,43.29999923706055,46.29999923706055,42.849998474121094,44.70000076293945,12432000,,
2024-10-25,42.29804611206055,43.5,44.70000076293945,43.150001525878906,43.70000076293945,6429000,,
2024-10-28,39.915740966796875,41.04999923706055,43.650001525878906,40.0,43.599998474121094,9905000,,
2024-10-29,39.186466217041016,40.29999923706055,41.45000076293945,40.04999923706055,41.0,4427000,,
2024-10-30,38.9433708190918,40.04999923706055,41.5,39.79999923706055,40.75,4508000,,
2024-11-01,41.17981719970703,42.349998474121094,43.29999923706055,37.849998474121094,38.04999923706055,14135000,,
2024-11-04,42.49251937866211,43.70000076293945,46.25,41.79999923706055,42.70000076293945,33686000,,
2024-11-05,42.39527893066406,43.599998474121094,45.29999923706055,43.20000076293945,43.5,15533000,,
2024-11-06,41.42291259765625,42.599998474121094,44.150001525878906,42.5,43.79999923706055,6612000,,
2024-11-07,42.58975601196289,43.79999923706055,44.650001525878906,42.5,42.599998474121094,8172000,,
2024-11-08,41.131202697753906,42.29999923706055,45.29999923706055,40.900001525878906,44.29999923706055,12868000,,
2024-11-11,38.4085693359375,39.5,42.150001525878906,39.150001525878906,41.900001525878906,6843000,,
2024-11-12,37.48482131958008,38.54999923706055,40.04999923706055,38.0,39.75,4275000,,
2024-11-13,37.09587478637695,38.150001525878906,39.599998474121094,38.150001525878906,39.0,3021000,,
2024-11-14,35.345603942871094,36.349998474121094,38.70000076293945,36.20000076293945,38.349998474121094,5448000,,
2024-11-15,35.58869934082031,36.599998474121094,37.29999923706055,35.650001525878906,36.900001525878906,4899000,,
2024-11-18,34.71356964111328,35.70000076293945,37.150001525878906,35.70000076293945,37.0,1849000,,
2024-11-19,35.9776496887207,37.0,38.25,36.0,36.04999923706055,5301000,,
2024-11-20,36.220741271972656,37.25,37.900001525878906,36.400001525878906,37.099998474121094,3086694,,
2024-11-21,36.561065673828125,37.599998474121094,37.75,36.79999923706055,37.04999923706055,2035000,,
2024-11-22,35.9776496887207,37.0,38.5,37.0,37.900001525878906,2465000,,
2024-11-25,38.45718765258789,39.54999923706055,40.29999923706055,37.25,37.45000076293945,6623000,,
2024-11-26,38.55442810058594,39.650001525878906,40.29999923706055,38.70000076293945,39.75,3724000,,
2024-11-27,37.922386169433594,39.0,40.400001525878906,38.25,39.400001525878906,5809000,,
2024-11-28,37.24172592163086,38.29999923706055,40.20000076293945,38.0,38.95000076293945,5739000,,
2024-11-29,38.359954833984375,39.45000076293945,39.70000076293945,38.29999923706055,38.54999923706055,4384000,,
2024-12-02,37.82514953613281,38.900001525878906,40.29999923706055,38.849998474121094,40.04999923706055,4267000,,
2024-12-03,39.964359283447266,41.099998474121094,42.099998474121094,39.099998474121094,39.20000076293945,11029000,,
2024-12-04,41.27705764770508,42.45000076293945,43.5,41.25,41.5,16835000,,
2024-12-05,43.22179412841797,44.45000076293945,45.20000076293945,41.75,42.79999923706055,17823000,,
2024-12-06,43.173179626464844,44.400001525878906,46.75,44.25,44.849998474121094,32653000,,
2024-12-09,44.048309326171875,45.29999923706055,45.29999923706055,44.04999923706055,44.400001525878906,9144000,,
2024-12-10,43.4162712097168,44.650001525878906,46.5,44.099998474121094,45.29999923706055,11394000,,
2024-12-11,44.87482452392578,46.150001525878906,46.349998474121094,43.0,45.0,15768000,,
2024-12-12,44.096927642822266,45.349998474121094,47.5,45.349998474121094,46.29999923706055,16035000,,
2024-12-13,44.2427864074707,45.5,47.349998474121094,45.04999923706055,46.400001525878906,12710000,,
2024-12-16,44.826202392578125,46.099998474121094,46.650001525878906,44.5,46.099998474121094,10138000,,
2024-12-17,44.19416809082031,45.45000076293945,47.75,44.95000076293945,46.150001525878906,16121000,,
2024-12-18,46.187522888183594,47.5,47.5,43.20000076293945,45.150001525878906,14022000,,
2024-12-19,50.75765609741211,52.20000076293945,52.20000076293945,46.0,46.849998474121094,49714000,,
2024-12-20,51.53554916381836,53.0,57.400001525878906,52.5,53.5,80578000,,
2024-12-23,51.53554916381836,53.0,54.20000076293945,51.5,53.599998474121094,24702000,,
2024-12-24,50.56318283081055,52.0,56.79999923706055,50.900001525878906,53.0,39080000,,
2024-12-25,53.18857955932617,54.70000076293945,56.70000076293945,52.20000076293945,52.70000076293945,30719000,,
2024-12-26,52.31344223022461,53.79999923706055,55.599998474121094,53.70000076293945,55.0,15559000,,
2024-12-27,52.410682678222656,53.900001525878906,55.79999923706055,53.400001525878906,53.599998474121094,12989000,,
2024-12-30,52.89686965942383,54.400001525878906,57.20000076293945,53.79999923706055,54.599998474121094,32085000,,
2024-12-31,52.410682678222656,53.900001525878906,55.29999923706055,52.70000076293945,54.0,15106000,,
2025-01-02,49.88252258300781,51.29999923706055,53.900001525878906,49.70000076293945,53.900001525878906,14583000,,
2025-01-03,49.1046257019043,50.5,52.29999923706055,49.900001525878906,52.0,9366000,,
2025-01-06,49.59081268310547,51.0,51.900001525878906,50.099998474121094,51.29999923706055,5101000,,
2025-01-07,51.04936218261719,52.5,52.599998474121094,50.29999923706055,51.5,5672000,,
2025-01-08,50.36870574951172,51.79999923706055,52.0,50.099998474121094,51.0,8747000,,
2025-01-09,49.1046257019043,50.5,52.20000076293945,50.20000076293945,51.400001525878906,7264000,,
2025-01-10,51.43831253051758,52.900001525878906,54.5,50.5,50.5,28246000,,
2025-01-13,46.333377838134766,47.650001525878906,53.0,47.650001525878906,52.400001525878906,14228000,,
2025-01-14,44.728965759277344,46.0,47.400001525878906,45.70000076293945,46.900001525878906,8038000,,
2025-01-15,45.36101150512695,46.650001525878906,48.29999923706055,46.0,46.20000076293945,10837000,,
2025-01-16,49.88252258300781,51.29999923706055,51.29999923706055,47.79999923706055,47.95000076293945,18001000,,
2025-01-17,52.11897277832031,53.599998474121094,54.900001525878906,50.5,50.5,43764000,,
2025-01-20,52.79962921142578,54.29999923706055,54.70000076293945,53.0,54.0,17921000,,
2025-01-21,52.11897277832031,53.599998474121094,56.79999923706055,53.099998474121094,54.20000076293945,26278000,,
2025-01-22,50.56318283081055,52.0,54.5,51.599998474121094,53.599998474121094,14319000,,
2025-02-03,45.506858825683594,46.79999923706055,50.0,46.79999923706055,49.70000076293945,8877422,,
2025-02-04,45.506858825683594,46.79999923706055,47.650001525878906,44.70000076293945,46.79999923706055,7722163,,
2025-02-05,45.993045806884766,47.29999923706055,48.25,47.0,47.54999923706055,5224310,,
2025-02-06,47.889163970947266,49.25,49.70000076293945,47.79999923706055,48.29999923706055,7750870,,
2025-02-07,47.743309020996094,49.099998474121094,50.599998474121094,48.349998474121094,49.25,8753232,,
2025-02-10,45.74995422363281,47.04999923706055,48.75,47.04999923706055,48.45000076293945,5812310,,
2025-02-11,45.7985725402832,47.099998474121094,48.099998474121094,46.5,47.04999923706055,4997104,,
2025-02-12,45.215152740478516,46.5,48.5,45.5,47.25,6028523,,
2025-02-13,45.555477142333984,46.849998474121094,47.099998474121094,46.0,46.5,2625501,,
2025-02-14,44.87482452392578,46.150001525878906,47.79999923706055,46.04999923706055,46.849998474121094,3453488,,
2025-02-17,44.58311080932617,45.849998474121094,46.70000076293945,45.849998474121094,46.5,2246722,,
2025-02-18,44.437255859375,45.70000076293945,46.54999923706055,45.45000076293945,46.0,2679713,,
2025-02-19,44.2427864074707,45.5,46.150001525878906,45.5,46.04999923706055,2553178,,
2025-02-20,41.471534729003906,42.650001525878906,45.650001525878906,42.650001525878906,45.5,6575811,,
2025-02-21,42.832847595214844,44.04999923706055,44.5,42.25,42.95000076293945,4596535,,
2025-02-24,43.02732467651367,44.25,44.5,43.29999923706055,44.0,1918301,,
2025-02-25,42.29804611206055,43.5,44.099998474121094,43.20000076293945,44.0,2193839,,
2025-02-26,44.58311080932617,45.849998474121094,46.099998474121094,43.04999923706055,43.04999923706055,4536809,,
2025-02-27,44.92344284057617,46.20000076293945,47.400001525878906,46.0,46.29999923706055,6907719,,
2025-03-03,45.409629821777344,46.70000076293945,47.0,45.599998474121094,46.0,3648825,,
2025-03-04,46.187522888183594,47.5,48.45000076293945,45.79999923706055,46.04999923706055,6820374,,
2025-03-05,48.42396926879883,49.79999923706055,49.79999923706055,47.70000076293945,47.70000076293945,9840369,,
2025-03-06,49.1046257019043,50.5,51.79999923706055,49.95000076293945,50.29999923706055,15554954,,
2025-03-07,48.521209716796875,49.900001525878906,51.20000076293945,49.849998474121094,49.95000076293945,6106561,,
2025-03-10,47.79193115234375,49.150001525878906,50.900001525878906,48.099998474121094,50.400001525878906,7343660,,
2025-03-11,46.965415954589844,48.29999923706055,49.0,46.650001525878906,47.5,4840560,,
2025-03-12,49.20186233520508,50.599998474121094,51.20000076293945,48.70000076293945,48.70000076293945,7596451,,
2025-03-13,48.618446350097656,50.0,52.099998474121094,49.95000076293945,51.20000076293945,9264953,,
2025-03-14,49.68804931640625,51.099998474121094,51.400001525878906,49.349998474121094,50.20000076293945,5918366,,
2025-03-17,54.64712905883789,56.20000076293945,56.20000076293945,52.099998474121094,52.099998474121094,17406474,,
2025-03-18,57.175289154052734,58.79999923706055,61.5,55.400001525878906,57.900001525878906,93808006,,
2025-03-19,62.81502914428711,64.5999984741211,64.5999984741211,59.0,60.0,77565769,,
2025-03-20,66.9962158203125,68.9000015258789,70.9000015258789,64.5999984741211,65.69999694824219,151074327,,
2025-03-21,65.53766632080078,67.4000015258789,69.80000305175781,66.0999984741211,69.5999984741211,47155917,,
2025-03-24,61.55094909667969,63.29999923706055,66.69999694824219,60.79999923706055,66.69999694824219,5968067,,
2025-03-25,59.120025634765625,60.79999923706055,63.400001525878906,60.20000076293945,63.400001525878906,3173212,,
2025-03-26,58.63384246826172,60.29999923706055,62.20000076293945,60.29999923706055,61.0,2374473,,
2025-03-27,55.81397247314453,57.400001525878906,59.29999923706055,57.20000076293945,59.20000076293945,3372232,,
2025-03-28,54.45265579223633,56.0,58.5,55.20000076293945,57.0,2761178,,
2025-03-31,49.00739288330078,50.400001525878906,54.20000076293945,50.400001525878906,53.5,4400770,,
2025-04-01,48.81291580200195,50.20000076293945,51.70000076293945,50.0,50.5,2445768,,
2025-04-02,49.00739288330078,50.400001525878906,52.0,50.20000076293945,50.79999923706055,2067091,,
2025-04-07,44.14554977416992,45.400001525878906,45.400001525878906,45.400001525878906,45.400001525878906,288064,,
2025-04-08,39.76988983154297,40.900001525878906,40.900001525878906,40.900001525878906,40.900001525878906,901035,,
2025-04-09,35.831790924072266,36.849998474121094,38.0,36.849998474121094,36.849998474121094,2389076,,
2025-04-10,39.38093948364258,40.5,40.5,40.29999923706055,40.5,4649001,,
2025-04-11,36.07488250732422,37.099998474121094,37.95000076293945,36.45000076293945,36.45000076293945,7883326,,
2025-04-14,36.852779388427734,37.900001525878906,40.79999923706055,37.70000076293945,38.45000076293945,9802850,,
2025-04-15,40.49916458129883,41.650001525878906,41.650001525878906,38.5,38.599998474121094,8715530,,
2025-04-16,40.353309631347656,41.5,43.70000076293945,41.099998474121094,42.599998474121094,32078832,,
2025-04-17,39.137847900390625,40.25,41.849998474121094,39.849998474121094,41.45000076293945,8955155,,
2025-04-18,39.2837028503418,40.400001525878906,41.79999923706055,40.20000076293945,40.849998474121094,7321799,,
2025-04-21,35.92903137207031,36.95000076293945,40.650001525878906,36.849998474121094,40.5,7449904,,
2025-04-22,36.512447357177734,37.54999923706055,39.5,36.349998474121094,36.349998474121094,10318806,,
2025-04-23,38.99198913574219,40.099998474121094,41.29999923706055,39.20000076293945,39.95000076293945,9999427,,
2025-04-24,38.4085693359375,39.5,40.70000076293945,39.099998474121094,40.650001525878906,6093101,,
2025-04-25,39.089229583740234,40.20000076293945,41.349998474121094,40.20000076293945,40.900001525878906,6102006,,
2025-04-28,42.97870635986328,44.20000076293945,44.20000076293945,40.79999923706055,41.29999923706055,7233345,,
2025-04-29,47.25712585449219,48.599998474121094,48.599998474121094,48.599998474121094,48.599998474121094,3639869,,
2025-04-30,43.31903076171875,44.54999923706055,48.599998474121094,44.25,48.599998474121094,26838221,,
2025-05-02,43.80521774291992,45.04999923706055,46.20000076293945,44.599998474121094,45.70000076293945,10830999,,
2025-05-05,42.0063362121582,43.20000076293945,45.900001525878906,41.54999923706055,45.400001525878906,8596132,,
2025-05-06,42.29804611206055,43.5,44.5,43.0,43.20000076293945,4666414,,
2025-05-07,44.048309326171875,45.29999923706055,47.5,43.54999923706055,44.20000076293945,21713807,,
2025-05-08,44.34001541137695,45.599998474121094,46.45000076293945,45.25,46.0,12757670,,
2025-05-09,46.965415954589844,48.29999923706055,49.900001525878906,45.900001525878906,46.099998474121094,38736922,,
2025-05-12,47.64607620239258,49.0,49.099998474121094,47.900001525878906,48.650001525878906,15032706,,
2025-05-13,49.20186233520508,50.599998474121094,51.5,48.349998474121094,50.400001525878906,16021233,,
2025-05-14,52.50791931152344,54.0,55.599998474121094,50.599998474121094,51.0,29419189,,
2025-05-15,51.92449951171875,53.400001525878906,54.5,52.29999923706055,54.0,13231289,,
2025-05-16,52.11897277832031,53.599998474121094,54.099998474121094,52.29999923706055,53.400001525878906,7608175,,
2025-05-19,51.14659881591797,52.599998474121094,54.20000076293945,52.0,53.5,7740857,,
2025-05-20,50.85489273071289,52.29999923706055,55.0,52.20000076293945,53.099998474121094,13444608,,
2025-05-21,50.66041564941406,52.099998474121094,53.29999923706055,52.099998474121094,52.70000076293945,4564300,,
2025-05-22,49.1046257019043,50.5,51.79999923706055,50.29999923706055,51.599998474121094,5054963,,
2025-05-23,50.56318283081055,52.0,52.900001525878906,51.099998474121094,51.79999923706055,2317075,,
2025-05-26,52.11897277832031,53.599998474121094,54.79999923706055,51.29999923706055,52.0,9271483,,
2025-05-27,50.66041564941406,52.099998474121094,55.20000076293945,52.099998474121094,54.70000076293945,13636601,,
2025-05-28,49.1046257019043,50.5,53.70000076293945,50.0,52.70000076293945,6745273,,
2025-05-29,49.00739288330078,50.400001525878906,52.0,50.099998474121094,51.20000076293945,5463513,,
2025-06-02,46.91679763793945,48.25,49.95000076293945,47.650001525878906,49.599998474121094,5196446,,
2025-06-03,46.28475570678711,47.599998474121094,49.20000076293945,47.599998474121094,48.79999923706055,3724422,,
2025-06-04,46.91679763793945,48.25,49.150001525878906,48.0,48.0,3753802,,
2025-06-05,46.965415954589844,48.29999923706055,49.70000076293945,48.099998474121094,48.5,3746181,,
2025-06-06,49.396339416503906,50.79999923706055,52.5,48.79999923706055,49.5,15815732,,
2025-06-09,50.56318283081055,52.0,52.0,50.20000076293945,50.79999923706055,10545536,,
2025-06-10,50.75765609741211,52.20000076293945,52.5,51.20000076293945,52.099998474121094,6222205,,
2025-06-11,52.60515213012695,54.099998474121094,55.20000076293945,52.400001525878906,52.5,25839194,,
2025-06-12,52.60515213012695,54.099998474121094,54.900001525878906,53.70000076293945,54.29999923706055,11305486,,
2025-06-13,50.75765609741211,52.20000076293945,54.099998474121094,52.0,53.900001525878906,7818591,,
2025-06-16,52.702392578125,54.20000076293945,55.79999923706055,52.29999923706055,52.400001525878906,15097146,,
2025-06-17,52.50791931152344,54.0,58.0,54.0,55.0,20916825,,
2025-06-18,52.11897277832031,53.599998474121094,55.20000076293945,53.599998474121094,54.5,5787962,,
2025-06-19,50.95213317871094,52.400001525878906,55.5,52.400001525878906,54.0,8831991,,
2025-06-20,50.06169891357422,50.599998474121094,52.5,50.5,51.900001525878906,4535129,,
2025-06-23,50.160640716552734,50.70000076293945,51.0,48.95000076293945,49.599998474121094,3028911,,
2025-06-24,52.04042434692383,52.599998474121094,53.099998474121094,51.599998474121094,51.70000076293945,5044111,,
2025-06-25,51.74361801147461,52.29999923706055,53.5,51.79999923706055,52.599998474121094,4224527,,
2025-06-26,51.150001525878906,51.70000076293945,53.79999923706055,51.599998474121094,52.0,5153324,,
2025-06-27,49.665958404541016,50.20000076293945,52.099998474121094,50.20000076293945,51.79999923706055,4172385,,
2025-06-30,48.676597595214844,49.20000076293945,50.79999923706055,49.150001525878906,50.5,2996950,,
2025-07-01,48.82499694824219,49.349998474121094,51.20000076293945,49.349998474121094,49.5,3476500,,
2025-07-02,49.07233810424805,49.599998474121094,49.849998474121094,49.0,49.099998474121094,1528130,,
2025-07-03,49.02287292480469,49.54999923706055,50.400001525878906,49.349998474121094,50.0,1943146,,
2025-07-04,48.478721618652344,49.0,51.099998474121094,49.0,49.45000076293945,4870168,,
2025-07-07,47.29148864746094,47.79999923706055,49.150001525878906,47.75,48.95000076293945,2098082,,
2025-07-08,46.302127838134766,46.79999923706055,47.45000076293945,46.25,47.04999923706055,2210050,,
2025-07-09,48.52819061279297,49.04999923706055,49.45000076293945,46.650001525878906,46.79999923706055,3031303,,
2025-07-10,48.28084945678711,48.79999923706055,50.5,48.79999923706055,49.04999923706055,4289050,,
2025-07-11,48.082977294921875,48.599998474121094,49.599998474121094,48.5,48.5,1678748,,
2025-07-14,46.99468231201172,47.5,48.5,47.5,48.04999923706055,1571832,,
2025-07-15,47.39042663574219,47.900001525878906,48.849998474121094,47.400001525878906,47.400001525878906,2013641,,
2025-07-16,48.37978744506836,48.900001525878906,49.29999923706055,48.04999923706055,48.04999923706055,2088994,,
2025-07-17,48.62712860107422,49.150001525878906,49.54999923706055,48.400001525878906,48.75,2066200,,
2025-07-18,51.74361801147461,52.29999923706055,52.599998474121094,49.400001525878906,49.70000076293945,8633961,,
2025-07-21,51.446807861328125,52.0,53.0,51.70000076293945,52.5,6862239,,
2025-07-22,49.3691520690918,49.900001525878906,53.099998474121094,49.79999923706055,52.099998474121094,6545918,,
2025-07-23,49.02287292480469,49.54999923706055,51.20000076293945,49.54999923706055,50.70000076293945,3071600,,
2025-07-24,48.577659606933594,49.099998474121094,50.5,49.099998474121094,49.70000076293945,3719954,,
2025-07-25,48.181915283203125,48.70000076293945,49.5,48.45000076293945,49.099998474121094,1937049,,
2025-07-28,48.478721618652344,49.0,49.900001525878906,48.849998474121094,49.54999923706055,1666156,,
2025-07-29,47.48936080932617,48.0,49.5,48.0,49.0,1592688,,
2025-07-30,47.34095764160156,47.849998474121094,48.45000076293945,47.400001525878906,48.150001525878906,1260500,,
2025-07-31,49.3691520690918,49.900001525878906,50.5,48.150001525878906,48.150001525878906,4817031,,
2025-08-04,49.46808624267578,50.0,50.400001525878906,49.20000076293945,49.900001525878906,1546189,,
2025-08-05,49.07233810424805,49.599998474121094,51.400001525878906,49.599998474121094,50.5,2765011,,
2025-08-06,47.63776779174805,48.150001525878906,49.650001525878906,48.04999923706055,49.400001525878906,2951040,,
2025-08-07,48.77553176879883,49.29999923706055,50.400001525878906,49.099998474121094,49.20000076293945,2957000,,
2025-08-08,48.28084945678711,48.79999923706055,50.29999923706055,48.79999923706055,49.75,2043198,,
2025-08-11,48.03350830078125,48.54999923706055,49.099998474121094,48.400001525878906,48.95000076293945,1279015,,
2025-08-12,52.53510665893555,53.099998474121094,53.20000076293945,48.70000076293945,48.70000076293945,11977627,,
2025-08-13,50.65531921386719,51.20000076293945,54.599998474121094,49.70000076293945,54.0,14417470,,
2025-08-14,55.7010612487793,56.29999923706055,56.29999923706055,50.400001525878906,51.20000076293945,21966720,,
2025-08-15,53.425533294677734,54.0,58.20000076293945,53.0,56.900001525878906,30222093,,
2025-08-18,54.01914596557617,54.599998474121094,56.599998474121094,53.79999923706055,54.0,11416090,,
2025-08-19,51.446807861328125,52.0,55.5,52.0,55.099998474121094,6872221,,
2025-08-20,48.676597595214844,49.20000076293945,52.5,49.20000076293945,52.0,5613129,,
2025-08-21,49.3691520690918,49.900001525878906,51.20000076293945,49.400001525878906,49.400001525878906,3298356,,
2025-08-22,48.77553176879883,49.29999923706055,51.0,49.099998474121094,50.29999923706055,2810172,,
2025-08-25,50.55638122558594,51.099998474121094,52.29999923706055,50.400001525878906,50.5,4179614,,
2025-08-26,50.95212936401367,51.5,52.20000076293945,50.900001525878906,51.400001525878906,2423360,,
2025-08-27,51.54574203491211,52.099998474121094,53.20000076293945,52.0,52.29999923706055,4097906,,
2025-08-28,50.75425338745117,51.29999923706055,52.79999923706055,50.900001525878906,52.5,3111505,,
2025-08-29,51.150001525878906,51.70000076293945,53.400001525878906,51.599998474121094,52.20000076293945,5207445,,
2025-09-01,49.665958404541016,50.20000076293945,52.599998474121094,49.95000076293945,51.70000076293945,3135312,,
2025-09-02,49.567020416259766,50.099998474121094,51.29999923706055,49.54999923706055,50.79999923706055,2137210,,
2025-09-03,49.567020416259766,50.099998474121094,50.79999923706055,49.900001525878906,50.5,1565304,,
2025-09-04,49.12181091308594,49.650001525878906,51.099998474121094,49.650001525878906,50.599998474121094,2120107,,
2025-09-05,51.051063537597656,51.599998474121094,52.0,50.099998474121094,50.5,4064835,,
2025-09-08,52.4361686706543,53.0,54.900001525878906,52.099998474121094,52.400001525878906,12691425,,
2025-09-09,57.0861701965332,57.70000076293945,58.29999923706055,52.400001525878906,53.400001525878906,27293885,,
2025-09-10,55.50318908691406,56.099998474121094,59.0,56.099998474121094,58.0,19592655,,
2025-09-11,50.55638122558594,51.099998474121094,57.20000076293945,51.099998474121094,56.70000076293945,11897401,,
2025-09-12,50.65531921386719,51.20000076293945,53.5,50.70000076293945,52.20000076293945,8908304,,
2025-09-15,50.75425338745117,51.29999923706055,51.79999923706055,50.400001525878906,51.70000076293945,3143100,,
2025-09-16,50.85319137573242,51.400001525878906,51.79999923706055,50.70000076293945,51.70000076293945,1826118,,
2025-09-17,51.446807861328125,52.0,52.29999923706055,51.0,51.400001525878906,2593408,,
2025-09-18,52.83191680908203,53.400001525878906,53.400001525878906,51.599998474121094,52.29999923706055,3511819,,
2025-09-19,53.62340545654297,54.20000076293945,58.0,53.599998474121094,53.70000076293945,14632776,,
2025-09-22,54.11808776855469,54.70000076293945,56.099998474121094,54.20000076293945,54.20000076293945,5260252,,
2025-09-23,54.711700439453125,55.29999923706055,56.29999923706055,54.29999923706055,55.400001525878906,6951241,,
2025-09-24,53.72233963012695,54.29999923706055,55.70000076293945,53.20000076293945,55.70000076293945,4361314,,
2025-09-25,52.23829650878906,52.79999923706055,54.70000076293945,52.79999923706055,54.099998474121094,2943908,,
2025-09-26,53.227657318115234,53.79999923706055,54.0,51.400001525878906,52.599998474121094,2948409,,
2025-09-30,55.00851058959961,55.599998474121094,55.79999923706055,53.5,53.5,4753327,,
2025-10-01,54.51382827758789,55.099998474121094,57.29999923706055,55.0,56.099998474121094,5592160,,
2025-10-02,53.92021179199219,54.5,56.70000076293945,54.5,56.0,4069853,,
2025-10-03,53.12872314453125,53.70000076293945,54.900001525878906,53.599998474121094,54.5,1865357,,
2025-10-07,53.02978515625,53.599998474121094,54.400001525878906,53.400001525878906,53.79999923706055,1824023,,
2025-10-08,54.61276626586914,55.20000076293945,55.29999923706055,52.5,53.599998474121094,2701532,,
2025-10-09,53.02978515625,53.599998474121094,55.79999923706055,53.599998474121094,55.20000076293945,2468656,,
2025-10-13,52.6340446472168,53.20000076293945,53.400001525878906,50.70000076293945,51.099998474121094,2217355,,
2025-10-14,52.53510665893555,53.099998474121094,55.400001525878906,52.5,54.0,2880620,,
2025-10-15,51.74361801147461,52.29999923706055,53.900001525878906,51.79999923706055,53.900001525878906,2258071,,
2025-10-16,52.930850982666016,53.5,54.5,52.29999923706055,52.29999923706055,2260008,,
2025-10-17,53.425533294677734,54.0,54.0,52.900001525878906,53.5,950667,,
2025-10-20,54.51382827758789,55.099998474121094,57.0,54.0,54.0,6523661,,
2025-10-21,54.51382827758789,55.099998474121094,56.400001525878906,54.599998474121094,56.0,2447655,,
2025-10-22,53.8212776184082,54.400001525878906,55.79999923706055,54.20000076293945,55.20000076293945,2053701,,
2025-10-23,52.73297882080078,53.29999923706055,54.29999923706055,53.099998474121094,54.0,1430493,,
2025-10-27,54.01914596557617,54.599998474121094,54.70000076293945,53.099998474121094,54.099998474121094,1937183,,
2025-10-28,53.425533294677734,54.0,55.70000076293945,54.0,54.79999923706055,3108785,,
2025-10-29,54.909576416015625,55.5,55.599998474121094,54.20000076293945,54.5,3067616,,
2025-10-30,56.39361572265625,57.0,58.79999923706055,53.599998474121094,55.400001525878906,9939936,,
2025-10-31,60.84574508666992,61.5,62.70000076293945,57.0,57.0,21369379,,
2025-11-03,57.679786682128906,58.29999923706055,65.0,57.29999923706055,63.0,21922282,,
2025-11-04,59.26276779174805,59.900001525878906,60.5,57.900001525878906,58.20000076293945,9098766,,
2025-11-05,65.10000610351562,65.80000305175781,65.80000305175781,57.29999923706055,57.900001525878906,16851735,,
2025-11-06,66.88085174560547,67.5999984741211,71.0,65.69999694824219,66.19999694824219,53686371,,
2025-11-07,65.79255676269531,66.5,68.9000015258789,63.20000076293945,67.30000305175781,20361647,,
2025-11-10,61.63723373413086,62.29999923706055,66.69999694824219,61.29999923706055,66.5,12888934,,
2025-11-11,64.70425415039062,65.4000015258789,66.0,62.599998474121094,63.0,10427184,,
2025-11-12,65.10000610351562,65.80000305175781,67.0,63.5,65.4000015258789,10725024,,
2025-11-13,68.76063537597656,69.5,69.5,64.5,65.80000305175781,15482572,,
2025-11-14,67.77127838134766,68.5,71.5,66.69999694824219,68.30000305175781,23156495,,
2025-11-17,67.87020874023438,68.5999984741211,74.0,68.0,70.69999694824219,33627615,,
2025-11-18,62.72553253173828,63.400001525878906,67.5,63.0,67.0,20438208,,
2025-11-19,61.24148941040039,61.900001525878906,64.5999984741211,61.5,63.5,7462230,,
2025-11-20,62.03297805786133,62.70000076293945,65.69999694824219,61.900001525878906,63.900001525878906,8814350,,
2025-11-21,58.174468994140625,58.79999923706055,62.599998474121094,58.0,61.099998474121094,7858125,,
2025-11-24,60.944679260253906,61.599998474121094,62.099998474121094,58.900001525878906,59.5,5985028,,
2025-11-25,64.6053237915039,65.30000305175781,66.4000015258789,63.400001525878906,63.5,12008360,,
2025-11-26,67.27659606933594,68.0,69.5,65.5999984741211,66.19999694824219,19459218,,
2025-11-27,69.35425567626953,70.0999984741211,72.5999984741211,68.5,70.0,26177149,,
2025-11-28,68.26596069335938,69.0,72.30000305175781,68.5999984741211,70.19999694824219,16112281,,
2025-12-01,67.07872772216797,67.80000305175781,69.4000015258789,66.9000015258789,68.5999984741211,8384399,,
2025-12-02,67.37553405761719,68.0999984741211,69.4000015258789,67.19999694824219,68.69999694824219,7611261,,
2025-12-03,74.10319519042969,74.9000015258789,74.9000015258789,68.30000305175781,68.30000305175781,23493217,,
2025-12-04,69.94786834716797,70.69999694824219,81.69999694824219,70.19999694824219,77.0999984741211,82616750,,
2025-12-05,69.94786834716797,70.69999694824219,71.4000015258789,68.5,70.69999694824219,15581078,,
2025-12-08,70.54149627685547,71.30000305175781,72.0,70.0,70.69999694824219,8131834,,
2025-12-09,69.75,70.5,71.4000015258789,69.5999984741211,70.19999694824219,7981345,,
2025-12-10,70.64042663574219,71.4000015258789,73.19999694824219,70.30000305175781,71.0,9648710,,
2025-12-11,68.3648910522461,69.0999984741211,71.4000015258789,68.69999694824219,71.4000015258789,3699546,,
2025-12-12,68.46382904052734,69.19999694824219,69.30000305175781,68.0999984741211,69.0999984741211,1339986,,
2025-12-15,69.35425567626953,70.0999984741211,70.80000305175781,68.0999984741211,68.0999984741211,1069040,,
2025-12-16,68.46382904052734,69.19999694824219,70.5999984741211,68.5999984741211,70.5,960216,,
2025-12-17,68.26596069335938,69.0,70.5,69.0,70.5,570972,,
2025-12-18,68.06808471679688,68.80000305175781,69.5,68.80000305175781,69.5,619929,,
2025-12-19,69.45318603515625,70.19999694824219,70.5,69.30000305175781,69.80000305175781,811589,,
2025-12-22,72.71808624267578,73.5,73.5,70.9000015258789,71.0,2335370,,
2025-12-23,74.5978775024414,75.4000015258789,76.0,74.30000305175781,74.30000305175781,3298271,,
2025-12-24,76.57659912109375,77.4000015258789,77.5,75.5,77.0,4172530,,
2025-12-26,74.99362182617188,75.80000305175781,79.80000305175781,74.0999984741211,78.0,13874026,,
2025-12-29,72.91595458984375,73.69999694824219,75.80000305175781,72.19999694824219,75.80000305175781,7012943,,
2025-12-30,72.52021789550781,73.30000305175781,74.4000015258789,72.80000305175781,72.80000305175781,2672264,,
2025-12-31,72.42127227783203,73.19999694824219,75.19999694824219,72.9000015258789,74.0,3568272,,
2026-01-02,71.53085327148438,72.30000305175781,75.0,72.0999984741211,73.80000305175781,3269624,,
2026-01-05,68.95851135253906,69.69999694824219,72.69999694824219,69.4000015258789,72.5999984741211,4346984,,
2026-01-06,67.87020874023438,68.5999984741211,70.5,68.5,70.4000015258789,2354855,,
2026-01-07,66.2872314453125,67.0,69.80000305175781,67.0,68.5,3242138,,
2026-01-08,67.4744644165039,68.19999694824219,69.69999694824219,66.4000015258789,67.0999984741211,3778192,,
2026-01-09,68.95851135253906,69.69999694824219,69.69999694824219,66.80000305175781,68.80000305175781,2737944,,
2026-01-12,68.46382904052734,69.19999694824219,71.69999694824219,69.0999984741211,71.5,2975927,,
2026-01-13,66.2872314453125,67.0,70.0,66.80000305175781,70.0,2847939,,
2026-01-14,67.4744644165039,68.19999694824219,68.9000015258789,67.0999984741211,68.0,1101079,,
2026-01-15,66.78191375732422,67.5,68.4000015258789,67.4000015258789,68.30000305175781,1163252,,
2026-01-16,65.49574279785156,66.19999694824219,68.69999694824219,66.0,67.80000305175781,2317147,,
2026-01-19,62.72553253173828,63.400001525878906,66.80000305175781,62.79999923706055,66.30000305175781,4615453,,
2026-01-20,67.27659606933594,68.0,69.69999694824219,63.400001525878906,63.79999923706055,9003314,,
2026-01-21,64.4074478149414,65.0999984741211,69.5999984741211,65.0,68.0,5869653,,
2026-01-22,64.50637817382812,65.19999694824219,67.0,65.0999984741211,66.4000015258789,1739190,,
2026-01-23,64.30850982666016,65.0,66.0999984741211,64.5,65.5999984741211,1399155,,
2026-01-26,63.61595916748047,64.30000305175781,66.19999694824219,64.0999984741211,65.0,1418065,,
2026-01-27,64.9021224975586,65.5999984741211,68.5,64.80000305175781,64.80000305175781,4522316,,
2026-01-28,70.73936462402344,71.5,72.0999984741211,66.0,66.0999984741211,14826666,,
2026-01-29,68.16702270507812,68.9000015258789,73.5,68.0999984741211,71.80000305175781,15760698,,
2026-01-30,65.99042510986328,66.69999694824219,69.4000015258789,66.5,67.5,3555496,,
2026-02-02,63.8138313293457,64.5,68.0,63.900001525878906,65.5,3147104,,
2026-02-03,64.70425415039062,65.4000015258789,69.9000015258789,64.80000305175781,66.4000015258789,2932707,,
2026-02-04,66.97978210449219,67.69999694824219,67.9000015258789,64.80000305175781,65.0,2461290,,
2026-02-05,67.17765808105469,67.9000015258789,71.69999694824219,66.80000305175781,68.30000305175781,6066340,,
2026-02-06,63.319149017333984,64.0,67.4000015258789,61.20000076293945,67.0,3767893,,
2026-02-09,64.50637817382812,65.19999694824219,67.30000305175781,64.5,66.0,2115010,,
2026-02-10,66.6829833984375,67.4000015258789,70.30000305175781,65.5,66.80000305175781,7561150,,
2026-02-11,64.50637817382812,65.19999694824219,67.5,64.5,67.5,2783844,,
2026-02-23,67.6723403930664,68.4000015258789,69.30000305175781,66.0999984741211,66.80000305175781,5034532,,
2026-02-24,68.95851135253906,69.69999694824219,72.0,68.0999984741211,68.4000015258789,5954389,,
2026-02-25,70.24468231201172,71.0,71.9000015258789,69.0,70.5,4020037,,
2026-02-26,69.35425567626953,70.0999984741211,71.80000305175781,69.80000305175781,70.0999984741211,4074823,,
2026-03-02,70.24468231201172,71.0,72.80000305175781,66.80000305175781,67.30000305175781,6432717,,
2026-03-03,70.73936462402344,71.5,74.30000305175781,70.19999694824219,71.69999694824219,12459488,,
2026-03-04,65.49574279785156,66.19999694824219,69.9000015258789,64.80000305175781,69.9000015258789,5488010,,
2026-03-05,65.99042510986328,66.69999694824219,70.5,65.0999984741211,68.5999984741211,3895303,,
2026-03-06,65.10000610351562,65.80000305175781,67.5999984741211,65.5,66.9000015258789,1680496,,
2026-03-09,59.06489562988281,59.70000076293945,61.0,59.29999923706055,60.0,3295110,,
2026-03-10,61.14255142211914,61.79999923706055,62.20000076293945,60.0,62.0,1942912,,
2026-03-11,64.20957946777344,64.9000015258789,65.69999694824219,62.79999923706055,62.79999923706055,1577382,,
2026-03-12,63.61595916748047,64.30000305175781,66.5,64.19999694824219,65.0,1680030,,
2026-03-13,66.2872314453125,67.0,67.5,62.29999923706055,63.099998474121094,2740316,,
2026-03-16,67.6723403930664,68.4000015258789,68.80000305175781,65.69999694824219,67.5,3145044,,
2026-03-17,67.27659606933594,68.0,69.69999694824219,68.0,69.19999694824219,4484111,,
2026-03-18,65.2978744506836,66.0,68.69999694824219,65.5999984741211,68.5,3044225,,
2026-03-19,64.9021224975586,65.5999984741211,68.5,65.0,65.19999694824219,2780042,,
2026-03-20,64.4074478149414,65.0999984741211,68.19999694824219,65.0,67.0,3161418,,
2026-03-23,61.835105895996094,62.5,64.69999694824219,62.20000076293945,63.900001525878906,1733462,,
2026-03-24,60.054256439208984,60.70000076293945,64.80000305175781,60.5,64.0999984741211,1553069,,
2026-03-25,62.923404693603516,63.599998474121094,64.5999984741211,62.20000076293945,63.599998474121094,1336957,,
2026-03-26,62.03297805786133,62.70000076293945,66.19999694824219,62.70000076293945,64.80000305175781,1918297,,
2026-03-27,61.63723373413086,62.29999923706055,62.70000076293945,61.0,62.0,806079,,
2026-03-30,59.955318450927734,60.599998474121094,61.0,59.5,60.70000076293945,1253389,,
2026-03-31,57.38298034667969,58.0,61.400001525878906,58.0,60.20000076293945,1606769,,
2026-04-01,59.85638427734375,60.5,62.70000076293945,60.0,62.70000076293945,1011004,,
2026-04-02,57.976593017578125,58.599998474121094,61.099998474121094,58.599998474121094,60.0,1133022,,
2026-04-07,59.955318450927734,60.599998474121094,61.099998474121094,58.599998474121094,59.0,1137026,,
2026-04-08,60.44999694824219,61.099998474121094,62.5,60.79999923706055,61.599998474121094,1491103,,
2026-04-09,60.3510627746582,61.0,63.099998474121094,60.900001525878906,61.79999923706055,2186002,,
2026-04-10,64.30850982666016,65.0,66.9000015258789,60.900001525878906,61.5,4722370,,
2026-04-13,66.18830108642578,66.9000015258789,69.0,62.599998474121094,64.4000015258789,5105234,,
2026-04-14,67.96914672851562,68.69999694824219,71.19999694824219,67.30000305175781,68.0,7138565,,
2026-04-15,69.94786834716797,70.69999694824219,72.5,69.4000015258789,70.0,9393594,,
2026-04-16,71.23403930664062,72.0,73.5999984741211,71.4000015258789,72.5,7140204,,
2026-04-17,78.3574447631836,79.19999694824219,79.19999694824219,72.4000015258789,72.5,16203235,,
2026-04-20,76.77446746826172,77.5999984741211,84.0999984741211,75.80000305175781,83.30000305175781,30415544,,
2026-04-21,80.03936004638672,80.9000015258789,82.0,76.19999694824219,78.19999694824219,10351998,,
2026-04-22,76.18085479736328,77.0,80.5999984741211,76.80000305175781,80.30000305175781,8447273,,
2026-04-23,70.24468231201172,71.0,78.5,69.30000305175781,77.5999984741211,10578266,,
2026-04-24,67.37553405761719,68.0999984741211,72.69999694824219,66.5999984741211,71.5,5120524,,
2026-04-27,66.18830108642578,66.9000015258789,68.5999984741211,64.19999694824219,68.19999694824219,4108008,,
2026-04-28,70.24468231201172,71.0,71.0,67.4000015258789,69.0,4458671,,
2026-04-29,69.55213165283203,70.30000305175781,72.9000015258789,69.5999984741211,69.5999984741211,3746078,,
2026-04-30,68.66170501708984,69.4000015258789,72.4000015258789,69.4000015258789,70.4000015258789,3875983,,
2026-05-04,68.3648910522461,69.0999984741211,70.5999984741211,68.5,70.4000015258789,2692568,,
2026-05-05,70.04681396484375,70.80000305175781,71.4000015258789,68.9000015258789,69.5,2837432,,
2026-05-06,67.87020874023438,68.5999984741211,71.69999694824219,66.19999694824219,71.5,3868280,,
2026-05-07,68.46382904052734,69.19999694824219,69.69999694824219,67.4000015258789,69.0,2255614,,
2026-05-08,66.08936309814453,66.80000305175781,70.0999984741211,66.19999694824219,68.19999694824219,2659006,,
2026-05-11,65.49574279785156,66.19999694824219,67.4000015258789,64.5999984741211,66.5,2993783,,
2026-05-12,66.08936309814453,66.80000305175781,68.5,66.0999984741211,67.5,2453611,,
2026-05-13,63.319149017333984,64.0,66.30000305175781,64.0,65.69999694824219,2521130,,
2026-05-14,63.91276550292969,64.5999984741211,66.5999984741211,63.900001525878906,65.19999694824219,2226053,,
2026-05-15,61.73617172241211,62.400001525878906,65.69999694824219,62.400001525878906,65.0999984741211,2152059,,
2026-05-18,62.03297805786133,62.70000076293945,63.099998474121094,60.0,61.20000076293945,1610020,,
2026-05-19,60.84574508666992,61.5,63.0,61.0,62.70000076293945,1146066,,
2026-05-20,60.3510627746582,61.0,62.400001525878906,61.0,61.70000076293945,1038680,,
2026-05-21,61.835105895996094,62.5,63.099998474121094,61.900001525878906,62.20000076293945,855115,,
2026-05-22,66.08936309814453,66.80000305175781,68.0999984741211,63.099998474121094,63.099998474121094,3347540,,
2026-05-25,67.27659606933594,68.0,69.80000305175781,67.5,67.5,3379786,,
2026-05-26,68.06808471679688,68.80000305175781,69.30000305175781,66.30000305175781,68.80000305175781,2011133,,
2026-05-27,66.88085174560547,67.5999984741211,69.5999984741211,66.80000305175781,69.5999984741211,2413231,,
2026-05-28,63.71489334106445,64.4000015258789,68.5999984741211,64.4000015258789,68.0,2442181,,
2026-05-29,65.00106048583984,65.69999694824219,67.0999984741211,64.4000015258789,65.0,1545500,,
2026-06-01,65.2978744506836,66.0,67.9000015258789,66.0,66.0,1803500,,
2026-06-02,62.923404693603516,63.599998474121094,68.0,63.0,67.0,2901595,,
2026-06-03,64.50637817382812,65.19999694824219,68.19999694824219,65.0,65.0,3231300,,
2026-06-04,62.23085403442383,62.900001525878906,65.19999694824219,62.79999923706055,64.80000305175781,1778022,,
2026-06-05,61.14255142211914,61.79999923706055,62.79999923706055,61.20000076293945,62.79999923706055,1059013,,
2026-06-08,58.273406982421875,58.900001525878906,59.29999923706055,55.70000076293945,55.70000076293945,1678175,,
2026-06-09,58.96595764160156,59.599998474121094,60.70000076293945,58.79999923706055,60.70000076293945,804004,,
2026-06-10,55.80000305175781,56.400001525878906,60.0,56.29999923706055,58.099998474121094,1561001,,
2026-06-11,55.5,55.5,56.29999923706055,54.5,55.0,973077,,
2026-06-12,55.599998474121094,55.599998474121094,57.599998474121094,55.599998474121094,57.599998474121094,838012,,
2026-06-15,56.099998474121094,56.099998474121094,57.099998474121094,55.900001525878906,56.5,681567,,
2026-06-16,55.29999923706055,55.29999923706055,57.20000076293945,55.29999923706055,56.599998474121094,1085286,,
2026-06-17,54.5,54.5,55.29999923706055,53.5,55.29999923706055,1131607,,
2026-06-18,56.20000076293945,56.20000076293945,56.900001525878906,54.70000076293945,54.70000076293945,1436515,,
2026-06-22,56.900001525878906,56.900001525878906,56.900001525878906,55.70000076293945,56.29999923706055,1220090,,
2026-06-23,55.29999923706055,55.29999923706055,57.900001525878906,55.0,57.79999923706055,1238002,,
2026-06-24,54.29999923706055,54.29999923706055,55.20000076293945,53.79999923706055,54.900001525878906,812250,,
2026-06-25,54.900001525878906,54.900001525878906,57.5,54.400001525878906,55.20000076293945,1238157,,
2026-06-26,51.79999923706055,51.79999923706055,54.900001525878906,51.0,54.900001525878906,1466076,,
2026-06-29,50.5,50.5,52.29999923706055,50.29999923706055,51.29999923706055,1009006,,
2026-06-30,52.20000076293945,52.20000076293945,52.29999923706055,51.099998474121094,52.29999923706055,716486,,
2026-07-01,52.29999923706055,52.29999923706055,54.900001525878906,51.5,52.79999923706055,954696,,
2026-07-02,52.0,52.0,52.70000076293945,51.099998474121094,52.0,478189,,
2026-07-03,53.29999923706055,53.29999923706055,53.5,51.599998474121094,52.20000076293945,512185,,
2026-07-06,52.900001525878906,52.900001525878906,54.70000076293945,52.5,53.599998474121094,680403,,
2026-07-07,51.20000076293945,51.20000076293945,54.099998474121094,50.70000076293945,52.599998474121094,726092,,
2026-07-08,50.900001525878906,50.900001525878906,52.400001525878906,50.099998474121094,51.900001525878906,641000,,
2026-07-09,50.29999923706055,50.29999923706055,51.70000076293945,50.0,51.70000076293945,503426,,
2026-07-10,50.29999923706055,50.29999923706055,50.29999923706055,50.29999923706055,50.29999923706055,0,,
2026-07-13,49.150001525878906,49.150001525878906,50.900001525878906,48.900001525878906,50.79999923706055,1133200,,
2026-07-14,47.04999923706055,47.04999923706055,49.79999923706055,45.45000076293945,49.150001525878906,1347016,,
2026-07-15,50.5,50.5,51.099998474121094,47.45000076293945,48.29999923706055,1308459,,
2026-07-16,49.5,49.5,50.29999923706055,47.95000076293945,49.099998474121094,917142,,
2026-07-17,48.95000076293945,48.95000076293945,49.349998474121094,46.95000076293945,47.650001525878906,1128531,,
2026-07-20,44.25,44.25,50.5,44.099998474121094,50.29999923706055,3266250,,
2026-07-21,47.0,47.0,47.70000076293945,44.849998474121094,44.95000076293945,1014003,,
2026-07-22,51.70000076293945,51.70000076293945,51.70000076293945,48.95000076293945,50.0,1959125,,
2026-07-23,56.79999923706055,56.79999923706055,56.79999923706055,53.0,56.5,8309292,,
2026-07-24,60.599998474121094,60.599998474121094,62.0,56.099998474121094,56.79999923706055,20643333,,
2026-07-27,63.29999923706055,63.29999923706055,66.5999984741211,57.900001525878906,59.900001525878906,16815455,,
2026-07-28,61.79999923706055,61.79999923706055,69.0,60.79999923706055,61.70000076293945,48245895,,
2026-07-29,62.599998474121094,62.599998474121094,63.400001525878906,58.29999923706055,61.400001525878906,27434899,,
2026-07-30,56.400001525878906,56.400001525878906,63.29999923706055,56.400001525878906,62.0,14423412,,
2026-07-31,56.29999923706055,56.29999923706055,60.599998474121094,56.20000076293945,59.70000076293945,17629100,,
2026-08-03,61.900001525878906,61.900001525878906,61.900001525878906,54.29999923706055,56.099998474121094,8103043,,
2026-08-04,65.5,65.5,66.5999984741211,62.099998474121094,62.5,20097971,,
2026-08-05,63.5,63.5,69.0,62.79999923706055,67.5,19466127,,
2026-08-06,62.599998474121094,62.599998474121094,65.0999984741211,62.400001525878906,64.5,7890401,,
2026-08-07,59.400001525878906,59.400001525878906,63.099998474121094,59.0,61.599998474121094,5773320,,
2026-08-10,58.2,58.2,59.6,57.8,58.0,4597502,,
2026-08-11,58.0,58.0,59.2,56.5,58.2,3014458,,
2026-08-12,58.8,58.8,59.4,57.4,57.4,2450536,,
2026-08-13,58.1,58.1,60.0,58.1,59.5,1881859,,
2026-08-14,55.5,55.5,58.70000076293945,55.29999923706055,58.400001525878906,2874401,0.0,0.0
2026-08-17,57.29999923706055,57.29999923706055,57.29999923706055,55.29999923706055,55.5,1602935,0.0,0.0
2026-08-18,55.5,55.5,58.400001525878906,55.0,57.0,1958304,0.0,0.0
2026-08-19,55.20000076293945,55.20000076293945,56.20000076293945,54.20000076293945,54.5,864023,0.0,0.0
2026-08-20,58.599998474121094,58.599998474121094,59.5,55.599998474121094,56.20000076293945,2247298,0.0,0.0
