Date,Adj Close,Close,High,Low,Open,Volume
2016-08-12,45.2,45.2,46.75,45.2,46.75,297887
2016-08-15,45.2,45.2,46.75,45.2,46.75,297887
2016-08-16,45.2,45.2,46.75,45.2,46.75,297887
2016-08-17,45.2,45.2,46.75,45.2,46.75,297887
2016-08-18,45.2,45.2,46.75,45.2,46.75,297887
2016-08-19,45.2,45.2,46.75,45.2,46.75,297887
2016-08-22,45.2,45.2,46.75,45.2,46.75,297887
2016-08-23,45.2,45.2,46.75,45.2,46.75,297887
2016-08-24,45.2,45.2,46.75,45.2,46.75,297887
2016-08-25,45.2,45.2,46.75,45.2,46.75,297887
2016-08-26,45.2,45.2,46.75,45.2,46.75,297887
2016-08-29,45.2,45.2,46.75,45.2,46.75,297887
2016-08-30,45.2,45.2,46.75,45.2,46.75,297887
2016-08-31,45.2,45.2,46.75,45.2,46.75,297887
2016-09-01,45.2,45.2,46.75,45.2,46.75,297887
2016-09-02,45.2,45.2,46.75,45.2,46.75,297887
2016-09-05,45.2,45.2,46.75,45.2,46.75,297887
2016-09-06,45.2,45.2,46.75,45.2,46.75,297887
2016-09-07,45.2,45.2,46.75,45.2,46.75,297887
2016-09-08,45.2,45.2,46.75,45.2,46.75,297887
2016-09-09,45.2,45.2,46.75,45.2,46.75,297887
2016-09-12,45.2,45.2,46.75,45.2,46.75,297887
2016-09-13,45.2,45.2,46.75,45.2,46.75,297887
2016-09-14,45.2,45.2,46.75,45.2,46.75,297887
2016-09-19,45.2,45.2,46.75,45.2,46.75,297887
2016-09-20,45.2,45.2,46.75,45.2,46.75,297887
2016-09-21,45.2,45.2,46.75,45.2,46.75,297887
2016-09-22,45.2,45.2,46.75,45.2,46.75,297887
2016-09-23,45.2,45.2,46.75,45.2,46.75,297887
2016-09-26,45.2,45.2,46.75,45.2,46.75,297887
2016-09-29,45.2,45.2,46.75,45.2,46.75,297887
2016-09-30,45.2,45.2,46.75,45.2,46.75,297887
2016-10-03,45.2,45.2,46.75,45.2,46.75,297887
2016-10-04,45.2,45.2,46.75,45.2,46.75,297887
2016-10-05,45.2,45.2,46.75,45.2,46.75,297887
2016-10-06,45.2,45.2,46.75,45.2,46.75,297887
2016-10-07,45.2,45.2,46.75,45.2,46.75,297887
2016-10-11,45.2,45.2,46.75,45.2,46.75,297887
2016-10-12,45.2,45.2,46.75,45.2,46.75,297887
2016-10-13,45.2,45.2,46.75,45.2,46.75,297887
2016-10-14,45.2,45.2,46.75,45.2,46.75,297887
2016-10-17,45.2,45.2,46.75,45.2,46.75,297887
2016-10-18,45.2,45.2,46.75,45.2,46.75,297887
2016-10-19,45.2,45.2,46.75,45.2,46.75,297887
2016-10-20,45.2,45.2,46.75,45.2,46.75,297887
2016-10-21,45.2,45.2,46.75,45.2,46.75,297887
2016-10-24,45.2,45.2,46.75,45.2,46.75,297887
2016-10-25,45.2,45.2,46.75,45.2,46.75,297887
2016-10-26,45.2,45.2,46.75,45.2,46.75,297887
2016-10-27,45.2,45.2,46.75,45.2,46.75,297887
2016-10-28,45.2,45.2,46.75,45.2,46.75,297887
2016-10-31,45.2,45.2,46.75,45.2,46.75,297887
2016-11-01,45.2,45.2,46.75,45.2,46.75,297887
2016-11-02,45.2,45.2,46.75,45.2,46.75,297887
2016-11-03,45.2,45.2,46.75,45.2,46.75,297887
2016-11-04,45.2,45.2,46.75,45.2,46.75,297887
2016-11-07,45.2,45.2,46.75,45.2,46.75,297887
2016-11-08,45.2,45.2,46.75,45.2,46.75,297887
2016-11-09,45.2,45.2,46.75,45.2,46.75,297887
2016-11-10,45.2,45.2,46.75,45.2,46.75,297887
2016-11-11,45.2,45.2,46.75,45.2,46.75,297887
2016-11-14,45.2,45.2,46.75,45.2,46.75,297887
2016-11-15,45.2,45.2,46.75,45.2,46.75,297887
2016-11-16,45.2,45.2,46.75,45.2,46.75,297887
2016-11-17,45.2,45.2,46.75,45.2,46.75,297887
2016-11-18,45.2,45.2,46.75,45.2,46.75,297887
2016-11-21,45.2,45.2,46.75,45.2,46.75,297887
2016-11-22,45.2,45.2,46.75,45.2,46.75,297887
2016-11-23,45.2,45.2,46.75,45.2,46.75,297887
2016-11-24,45.2,45.2,46.75,45.2,46.75,297887
2016-11-25,45.2,45.2,46.75,45.2,46.75,297887
2016-11-28,45.2,45.2,46.75,45.2,46.75,297887
2016-11-29,45.2,45.2,46.75,45.2,46.75,297887
2016-11-30,45.2,45.2,46.75,45.2,46.75,297887
2016-12-01,45.2,45.2,46.75,45.2,46.75,297887
2016-12-02,45.2,45.2,46.75,45.2,46.75,297887
2016-12-05,45.2,45.2,46.75,45.2,46.75,297887
2016-12-06,45.2,45.2,46.75,45.2,46.75,297887
2016-12-07,45.2,45.2,46.75,45.2,46.75,297887
2016-12-08,45.2,45.2,46.75,45.2,46.75,297887
2016-12-09,45.2,45.2,46.75,45.2,46.75,297887
2016-12-12,45.2,45.2,46.75,45.2,46.75,297887
2016-12-13,45.2,45.2,46.75,45.2,46.75,297887
2016-12-14,45.2,45.2,46.75,45.2,46.75,297887
2016-12-15,45.2,45.2,46.75,45.2,46.75,297887
2016-12-16,45.2,45.2,46.75,45.2,46.75,297887
2016-12-19,45.2,45.2,46.75,45.2,46.75,297887
2016-12-20,45.2,45.2,46.75,45.2,46.75,297887
2016-12-21,45.2,45.2,46.75,45.2,46.75,297887
2016-12-22,45.2,45.2,46.75,45.2,46.75,297887
2016-12-23,45.2,45.2,46.75,45.2,46.75,297887
2016-12-26,45.2,45.2,46.75,45.2,46.75,297887
2016-12-27,45.2,45.2,46.75,45.2,46.75,297887
2016-12-28,45.2,45.2,46.75,45.2,46.75,297887
2016-12-29,45.2,45.2,46.75,45.2,46.75,297887
2016-12-30,45.2,45.2,46.75,45.2,46.75,297887
2017-01-03,45.2,45.2,46.75,45.2,46.75,297887
2017-01-04,45.2,45.2,46.75,45.2,46.75,297887
2017-01-05,45.2,45.2,46.75,45.2,46.75,297887
2017-01-06,45.2,45.2,46.75,45.2,46.75,297887
2017-01-09,45.2,45.2,46.75,45.2,46.75,297887
2017-01-10,45.2,45.2,46.75,45.2,46.75,297887
2017-01-11,45.2,45.2,46.75,45.2,46.75,297887
2017-01-12,45.2,45.2,46.75,45.2,46.75,297887
2017-01-13,45.2,45.2,46.75,45.2,46.75,297887
2017-01-16,45.2,45.2,46.75,45.2,46.75,297887
2017-01-17,45.2,45.2,46.75,45.2,46.75,297887
2017-01-18,45.2,45.2,46.75,45.2,46.75,297887
2017-01-19,45.2,45.2,46.75,45.2,46.75,297887
2017-01-20,45.2,45.2,46.75,45.2,46.75,297887
2017-01-23,45.2,45.2,46.75,45.2,46.75,297887
2017-01-24,45.2,45.2,46.75,45.2,46.75,297887
2017-02-02,45.2,45.2,46.75,45.2,46.75,297887
2017-02-03,45.2,45.2,46.75,45.2,46.75,297887
2017-02-06,45.2,45.2,46.75,45.2,46.75,297887
2017-02-07,45.2,45.2,46.75,45.2,46.75,297887
2017-02-08,45.2,45.2,46.75,45.2,46.75,297887
2017-02-09,45.2,45.2,46.75,45.2,46.75,297887
2017-02-10,45.2,45.2,46.75,45.2,46.75,297887
2017-02-13,45.2,45.2,46.75,45.2,46.75,297887
2017-02-14,45.2,45.2,46.75,45.2,46.75,297887
2017-02-15,45.2,45.2,46.75,45.2,46.75,297887
2017-02-16,45.2,45.2,46.75,45.2,46.75,297887
2017-02-17,45.2,45.2,46.75,45.2,46.75,297887
2017-02-20,45.2,45.2,46.75,45.2,46.75,297887
2017-02-21,45.2,45.2,46.75,45.2,46.75,297887
2017-02-22,45.2,45.2,46.75,45.2,46.75,297887
2017-02-23,45.2,45.2,46.75,45.2,46.75,297887
2017-02-24,45.2,45.2,46.75,45.2,46.75,297887
2017-03-01,45.2,45.2,46.75,45.2,46.75,297887
2017-03-02,45.2,45.2,46.75,45.2,46.75,297887
2017-03-03,45.2,45.2,46.75,45.2,46.75,297887
2017-03-06,45.2,45.2,46.75,45.2,46.75,297887
2017-03-07,45.2,45.2,46.75,45.2,46.75,297887
2017-03-08,45.2,45.2,46.75,45.2,46.75,297887
2017-03-09,45.2,45.2,46.75,45.2,46.75,297887
2017-03-10,45.2,45.2,46.75,45.2,46.75,297887
2017-03-13,45.2,45.2,46.75,45.2,46.75,297887
2017-03-14,45.2,45.2,46.75,45.2,46.75,297887
2017-03-15,45.2,45.2,46.75,45.2,46.75,297887
2017-03-16,45.2,45.2,46.75,45.2,46.75,297887
2017-03-17,45.2,45.2,46.75,45.2,46.75,297887
2017-03-20,45.2,45.2,46.75,45.2,46.75,297887
2017-03-21,45.2,45.2,46.75,45.2,46.75,297887
2017-03-22,45.2,45.2,46.75,45.2,46.75,297887
2017-03-23,45.2,45.2,46.75,45.2,46.75,297887
2017-03-24,45.2,45.2,46.75,45.2,46.75,297887
2017-03-27,45.2,45.2,46.75,45.2,46.75,297887
2017-03-28,45.2,45.2,46.75,45.2,46.75,297887
2017-03-29,45.2,45.2,46.75,45.2,46.75,297887
2017-03-30,45.2,45.2,46.75,45.2,46.75,297887
2017-03-31,45.2,45.2,46.75,45.2,46.75,297887
2017-04-05,45.2,45.2,46.75,45.2,46.75,297887
2017-04-06,45.2,45.2,46.75,45.2,46.75,297887
2017-04-07,45.2,45.2,46.75,45.2,46.75,297887
2017-04-10,45.2,45.2,46.75,45.2,46.75,297887
2017-04-11,45.2,45.2,46.75,45.2,46.75,297887
2017-04-12,45.2,45.2,46.75,45.2,46.75,297887
2017-04-13,45.2,45.2,46.75,45.2,46.75,297887
2017-04-14,45.2,45.2,46.75,45.2,46.75,297887
2017-04-17,45.2,45.2,46.75,45.2,46.75,297887
2017-04-18,45.2,45.2,46.75,45.2,46.75,297887
2017-04-19,45.2,45.2,46.75,45.2,46.75,297887
2017-04-21,45.2,45.2,46.75,45.2,46.75,297887
2017-04-24,45.2,45.2,46.75,45.2,46.75,297887
2017-04-25,45.2,45.2,46.75,45.2,46.75,297887
2017-04-26,45.2,45.2,46.75,45.2,46.75,297887
2017-04-27,45.2,45.2,46.75,45.2,46.75,297887
2017-04-28,45.2,45.2,46.75,45.2,46.75,297887
2017-05-02,45.2,45.2,46.75,45.2,46.75,297887
2017-05-03,45.2,45.2,46.75,45.2,46.75,297887
2017-05-04,45.2,45.2,46.75,45.2,46.75,297887
2017-05-05,45.2,45.2,46.75,45.2,46.75,297887
2017-05-08,45.2,45.2,46.75,45.2,46.75,297887
2017-05-09,45.2,45.2,46.75,45.2,46.75,297887
2017-05-10,45.2,45.2,46.75,45.2,46.75,297887
2017-05-11,45.2,45.2,46.75,45.2,46.75,297887
2017-05-12,45.2,45.2,46.75,45.2,46.75,297887
2017-05-15,45.2,45.2,46.75,45.2,46.75,297887
2017-05-16,45.2,45.2,46.75,45.2,46.75,297887
2017-05-17,45.2,45.2,46.75,45.2,46.75,297887
2017-05-18,45.2,45.2,46.75,45.2,46.75,297887
2017-05-19,45.2,45.2,46.75,45.2,46.75,297887
2017-05-22,45.2,45.2,46.75,45.2,46.75,297887
2017-05-23,45.2,45.2,46.75,45.2,46.75,297887
2017-05-24,45.2,45.2,46.75,45.2,46.75,297887
2017-05-25,45.2,45.2,46.75,45.2,46.75,297887
2017-05-26,45.2,45.2,46.75,45.2,46.75,297887
2017-05-31,45.2,45.2,46.75,45.2,46.75,297887
2017-06-01,45.2,45.2,46.75,45.2,46.75,297887
2017-06-02,45.2,45.2,46.75,45.2,46.75,297887
2017-06-05,45.2,45.2,46.75,45.2,46.75,297887
2017-06-06,45.2,45.2,46.75,45.2,46.75,297887
2017-06-07,45.2,45.2,46.75,45.2,46.75,297887
2017-06-08,45.2,45.2,46.75,45.2,46.75,297887
2017-06-09,45.2,45.2,46.75,45.2,46.75,297887
2017-06-12,45.2,45.2,46.75,45.2,46.75,297887
2017-06-13,45.2,45.2,46.75,45.2,46.75,297887
2017-06-14,45.2,45.2,46.75,45.2,46.75,297887
2017-06-15,45.2,45.2,46.75,45.2,46.75,297887
2017-06-16,45.2,45.2,46.75,45.2,46.75,297887
2017-06-19,45.2,45.2,46.75,45.2,46.75,297887
2017-06-20,45.2,45.2,46.75,45.2,46.75,297887
2017-06-21,45.2,45.2,46.75,45.2,46.75,297887
2017-06-22,45.2,45.2,46.75,45.2,46.75,297887
2017-06-23,45.2,45.2,46.75,45.2,46.75,297887
2017-06-26,45.2,45.2,46.75,45.2,46.75,297887
2017-06-27,45.2,45.2,46.75,45.2,46.75,297887
2017-06-28,45.2,45.2,46.75,45.2,46.75,297887
2017-06-29,45.2,45.2,46.75,45.2,46.75,297887
2017-06-30,45.2,45.2,46.75,45.2,46.75,297887
2017-07-03,45.2,45.2,46.75,45.2,46.75,297887
2017-07-04,45.2,45.2,46.75,45.2,46.75,297887
2017-07-05,45.2,45.2,46.75,45.2,46.75,297887
2017-07-06,45.2,45.2,46.75,45.2,46.75,297887
2017-07-07,45.2,45.2,46.75,45.2,46.75,297887
2017-07-10,45.2,45.2,46.75,45.2,46.75,297887
2017-07-11,45.2,45.2,46.75,45.2,46.75,297887
2017-07-12,45.2,45.2,46.75,45.2,46.75,297887
2017-07-13,45.2,45.2,46.75,45.2,46.75,297887
2017-07-14,45.2,45.2,46.75,45.2,46.75,297887
2017-07-17,45.2,45.2,46.75,45.2,46.75,297887
2017-07-18,45.2,45.2,46.75,45.2,46.75,297887
2017-07-19,45.2,45.2,46.75,45.2,46.75,297887
2017-07-20,45.2,45.2,46.75,45.2,46.75,297887
2017-07-21,45.2,45.2,46.75,45.2,46.75,297887
2017-07-24,45.2,45.2,46.75,45.2,46.75,297887
2017-07-25,45.2,45.2,46.75,45.2,46.75,297887
2017-07-26,45.2,45.2,46.75,45.2,46.75,297887
2017-07-27,45.2,45.2,46.75,45.2,46.75,297887
2017-07-28,45.2,45.2,46.75,45.2,46.75,297887
2017-07-31,45.2,45.2,46.75,45.2,46.75,297887
2017-08-01,45.2,45.2,46.75,45.2,46.75,297887
2017-08-02,45.2,45.2,46.75,45.2,46.75,297887
2017-08-03,45.2,45.2,46.75,45.2,46.75,297887
2017-08-04,45.2,45.2,46.75,45.2,46.75,297887
2017-08-07,45.2,45.2,46.75,45.2,46.75,297887
2017-08-08,45.2,45.2,46.75,45.2,46.75,297887
2017-08-09,45.2,45.2,46.75,45.2,46.75,297887
2017-08-10,45.2,45.2,46.75,45.2,46.75,297887
2017-08-11,45.2,45.2,46.75,45.2,46.75,297887
2017-08-14,45.2,45.2,46.75,45.2,46.75,297887
2017-08-15,45.2,45.2,46.75,45.2,46.75,297887
2017-08-16,45.2,45.2,46.75,45.2,46.75,297887
2017-08-17,45.2,45.2,46.75,45.2,46.75,297887
2017-08-18,45.2,45.2,46.75,45.2,46.75,297887
2017-08-21,45.2,45.2,46.75,45.2,46.75,297887
2017-08-22,45.2,45.2,46.75,45.2,46.75,297887
2017-08-23,45.2,45.2,46.75,45.2,46.75,297887
2017-08-24,45.2,45.2,46.75,45.2,46.75,297887
2017-08-25,45.2,45.2,46.75,45.2,46.75,297887
2017-08-28,45.2,45.2,46.75,45.2,46.75,297887
2017-08-29,45.2,45.2,46.75,45.2,46.75,297887
2017-08-30,45.2,45.2,46.75,45.2,46.75,297887
2017-08-31,45.2,45.2,46.75,45.2,46.75,297887
2017-09-01,45.2,45.2,46.75,45.2,46.75,297887
2017-09-04,45.2,45.2,46.75,45.2,46.75,297887
2017-09-05,45.2,45.2,46.75,45.2,46.75,297887
2017-09-06,45.2,45.2,46.75,45.2,46.75,297887
2017-09-07,45.2,45.2,46.75,45.2,46.75,297887
2017-09-08,45.2,45.2,46.75,45.2,46.75,297887
2017-09-11,45.2,45.2,46.75,45.2,46.75,297887
2017-09-12,45.2,45.2,46.75,45.2,46.75,297887
2017-09-13,45.2,45.2,46.75,45.2,46.75,297887
2017-09-14,45.2,45.2,46.75,45.2,46.75,297887
2017-09-15,45.2,45.2,46.75,45.2,46.75,297887
2017-09-18,45.2,45.2,46.75,45.2,46.75,297887
2017-09-19,45.2,45.2,46.75,45.2,46.75,297887
2017-09-20,45.2,45.2,46.75,45.2,46.75,297887
2017-09-21,45.2,45.2,46.75,45.2,46.75,297887
2017-09-22,45.2,45.2,46.75,45.2,46.75,297887
2017-09-25,45.2,45.2,46.75,45.2,46.75,297887
2017-09-26,45.2,45.2,46.75,45.2,46.75,297887
2017-09-27,45.2,45.2,46.75,45.2,46.75,297887
2017-09-28,45.2,45.2,46.75,45.2,46.75,297887
2017-09-29,45.2,45.2,46.75,45.2,46.75,297887
2017-10-02,45.2,45.2,46.75,45.2,46.75,297887
2017-10-03,45.2,45.2,46.75,45.2,46.75,297887
2017-10-05,45.2,45.2,46.75,45.2,46.75,297887
2017-10-06,45.2,45.2,46.75,45.2,46.75,297887
2017-10-11,45.2,45.2,46.75,45.2,46.75,297887
2017-10-12,45.2,45.2,46.75,45.2,46.75,297887
2017-10-13,45.2,45.2,46.75,45.2,46.75,297887
2017-10-16,45.2,45.2,46.75,45.2,46.75,297887
2017-10-17,45.2,45.2,46.75,45.2,46.75,297887
2017-10-18,45.2,45.2,46.75,45.2,46.75,297887
2017-10-19,45.2,45.2,46.75,45.2,46.75,297887
2017-10-20,45.2,45.2,46.75,45.2,46.75,297887
2017-10-23,45.2,45.2,46.75,45.2,46.75,297887
2017-10-24,45.2,45.2,46.75,45.2,46.75,297887
2017-10-25,45.2,45.2,46.75,45.2,46.75,297887
2017-10-26,45.2,45.2,46.75,45.2,46.75,297887
2017-10-27,45.2,45.2,46.75,45.2,46.75,297887
2017-10-30,45.2,45.2,46.75,45.2,46.75,297887
2017-10-31,45.2,45.2,46.75,45.2,46.75,297887
2017-11-01,45.2,45.2,46.75,45.2,46.75,297887
2017-11-02,45.2,45.2,46.75,45.2,46.75,297887
2017-11-03,45.2,45.2,46.75,45.2,46.75,297887
2017-11-06,45.2,45.2,46.75,45.2,46.75,297887
2017-11-07,45.2,45.2,46.75,45.2,46.75,297887
2017-11-08,45.2,45.2,46.75,45.2,46.75,297887
2017-11-09,45.2,45.2,46.75,45.2,46.75,297887
2017-11-10,45.2,45.2,46.75,45.2,46.75,297887
2017-11-13,45.2,45.2,46.75,45.2,46.75,297887
2017-11-14,45.2,45.2,46.75,45.2,46.75,297887
2017-11-15,45.2,45.2,46.75,45.2,46.75,297887
2017-11-16,45.2,45.2,46.75,45.2,46.75,297887
2017-11-17,45.2,45.2,46.75,45.2,46.75,297887
2017-11-20,45.2,45.2,46.75,45.2,46.75,297887
2017-11-21,45.2,45.2,46.75,45.2,46.75,297887
2017-11-22,45.2,45.2,46.75,45.2,46.75,297887
2017-11-23,45.2,45.2,46.75,45.2,46.75,297887
2017-11-24,45.2,45.2,46.75,45.2,46.75,297887
2017-11-27,45.2,45.2,46.75,45.2,46.75,297887
2017-11-28,45.2,45.2,46.75,45.2,46.75,297887
2017-11-29,45.2,45.2,46.75,45.2,46.75,297887
2017-11-30,45.2,45.2,46.75,45.2,46.75,297887
2017-12-01,45.2,45.2,46.75,45.2,46.75,297887
2017-12-04,45.2,45.2,46.75,45.2,46.75,297887
2017-12-05,45.2,45.2,46.75,45.2,46.75,297887
2017-12-06,45.2,45.2,46.75,45.2,46.75,297887
2017-12-07,45.2,45.2,46.75,45.2,46.75,297887
2017-12-08,45.2,45.2,46.75,45.2,46.75,297887
2017-12-11,45.2,45.2,46.75,45.2,46.75,297887
2017-12-12,45.2,45.2,46.75,45.2,46.75,297887
2017-12-13,45.2,45.2,46.75,45.2,46.75,297887
2017-12-14,45.2,45.2,46.75,45.2,46.75,297887
2017-12-15,45.2,45.2,46.75,45.2,46.75,297887
2017-12-18,45.2,45.2,46.75,45.2,46.75,297887
2017-12-19,45.2,45.2,46.75,45.2,46.75,297887
2017-12-20,45.2,45.2,46.75,45.2,46.75,297887
2017-12-21,45.2,45.2,46.75,45.2,46.75,297887
2017-12-22,45.2,45.2,46.75,45.2,46.75,297887
2017-12-25,45.2,45.2,46.75,45.2,46.75,297887
2017-12-26,45.2,45.2,46.75,45.2,46.75,297887
2017-12-27,45.2,45.2,46.75,45.2,46.75,297887
2017-12-28,45.2,45.2,46.75,45.2,46.75,297887
2017-12-29,45.2,45.2,46.75,45.2,46.75,297887
2018-01-02,45.2,45.2,46.75,45.2,46.75,297887
2018-01-03,45.2,45.2,46.75,45.2,46.75,297887
2018-01-04,45.2,45.2,46.75,45.2,46.75,297887
2018-01-05,45.2,45.2,46.75,45.2,46.75,297887
2018-01-08,45.2,45.2,46.75,45.2,46.75,297887
2018-01-09,45.2,45.2,46.75,45.2,46.75,297887
2018-01-10,45.2,45.2,46.75,45.2,46.75,297887
2018-01-11,45.2,45.2,46.75,45.2,46.75,297887
2018-01-12,45.2,45.2,46.75,45.2,46.75,297887
2018-01-15,45.2,45.2,46.75,45.2,46.75,297887
2018-01-16,45.2,45.2,46.75,45.2,46.75,297887
2018-01-17,45.2,45.2,46.75,45.2,46.75,297887
2018-01-18,45.2,45.2,46.75,45.2,46.75,297887
2018-01-19,45.2,45.2,46.75,45.2,46.75,297887
2018-01-22,45.2,45.2,46.75,45.2,46.75,297887
2018-01-23,45.2,45.2,46.75,45.2,46.75,297887
2018-01-24,45.2,45.2,46.75,45.2,46.75,297887
2018-01-25,45.2,45.2,46.75,45.2,46.75,297887
2018-01-26,45.2,45.2,46.75,45.2,46.75,297887
2018-01-29,45.2,45.2,46.75,45.2,46.75,297887
2018-01-30,45.2,45.2,46.75,45.2,46.75,297887
2018-01-31,45.2,45.2,46.75,45.2,46.75,297887
2018-02-01,45.2,45.2,46.75,45.2,46.75,297887
2018-02-02,45.2,45.2,46.75,45.2,46.75,297887
2018-02-05,45.2,45.2,46.75,45.2,46.75,297887
2018-02-06,45.2,45.2,46.75,45.2,46.75,297887
2018-02-07,45.2,45.2,46.75,45.2,46.75,297887
2018-02-08,45.2,45.2,46.75,45.2,46.75,297887
2018-02-09,45.2,45.2,46.75,45.2,46.75,297887
2018-02-12,45.2,45.2,46.75,45.2,46.75,297887
2018-02-21,45.2,45.2,46.75,45.2,46.75,297887
2018-02-22,45.2,45.2,46.75,45.2,46.75,297887
2018-02-23,45.2,45.2,46.75,45.2,46.75,297887
2018-02-26,45.2,45.2,46.75,45.2,46.75,297887
2018-02-27,45.2,45.2,46.75,45.2,46.75,297887
2018-03-01,45.2,45.2,46.75,45.2,46.75,297887
2018-03-02,45.2,45.2,46.75,45.2,46.75,297887
2018-03-05,45.2,45.2,46.75,45.2,46.75,297887
2018-03-06,45.2,45.2,46.75,45.2,46.75,297887
2018-03-07,45.2,45.2,46.75,45.2,46.75,297887
2018-03-08,45.2,45.2,46.75,45.2,46.75,297887
2018-03-09,45.2,45.2,46.75,45.2,46.75,297887
2018-03-12,45.2,45.2,46.75,45.2,46.75,297887
2018-03-13,45.2,45.2,46.75,45.2,46.75,297887
2018-03-14,45.2,45.2,46.75,45.2,46.75,297887
2018-03-15,45.2,45.2,46.75,45.2,46.75,297887
2018-03-16,45.2,45.2,46.75,45.2,46.75,297887
2018-03-19,45.2,45.2,46.75,45.2,46.75,297887
2018-03-20,45.2,45.2,46.75,45.2,46.75,297887
2018-03-21,45.2,45.2,46.75,45.2,46.75,297887
2018-03-22,45.2,45.2,46.75,45.2,46.75,297887
2018-03-23,45.2,45.2,46.75,45.2,46.75,297887
2018-03-26,45.2,45.2,46.75,45.2,46.75,297887
2018-03-27,45.2,45.2,46.75,45.2,46.75,297887
2018-03-28,45.2,45.2,46.75,45.2,46.75,297887
2018-03-29,45.2,45.2,46.75,45.2,46.75,297887
2018-03-30,45.2,45.2,46.75,45.2,46.75,297887
2018-04-02,45.2,45.2,46.75,45.2,46.75,297887
2018-04-03,45.2,45.2,46.75,45.2,46.75,297887
2018-04-09,45.2,45.2,46.75,45.2,46.75,297887
2018-04-10,45.2,45.2,46.75,45.2,46.75,297887
2018-04-11,45.2,45.2,46.75,45.2,46.75,297887
2018-04-12,45.2,45.2,46.75,45.2,46.75,297887
2018-04-13,45.2,45.2,46.75,45.2,46.75,297887
2018-04-16,45.2,45.2,46.75,45.2,46.75,297887
2018-04-17,45.2,45.2,46.75,45.2,46.75,297887
2018-04-18,45.2,45.2,46.75,45.2,46.75,297887
2018-04-19,45.2,45.2,46.75,45.2,46.75,297887
2018-04-20,45.2,45.2,46.75,45.2,46.75,297887
2018-04-23,45.2,45.2,46.75,45.2,46.75,297887
2018-04-24,45.2,45.2,46.75,45.2,46.75,297887
2018-04-25,45.2,45.2,46.75,45.2,46.75,297887
2018-04-26,45.2,45.2,46.75,45.2,46.75,297887
2018-04-27,45.2,45.2,46.75,45.2,46.75,297887
2018-04-30,45.2,45.2,46.75,45.2,46.75,297887
2018-05-02,45.2,45.2,46.75,45.2,46.75,297887
2018-05-03,45.2,45.2,46.75,45.2,46.75,297887
2018-05-04,45.2,45.2,46.75,45.2,46.75,297887
2018-05-07,45.2,45.2,46.75,45.2,46.75,297887
2018-05-08,45.2,45.2,46.75,45.2,46.75,297887
2018-05-09,45.2,45.2,46.75,45.2,46.75,297887
2018-05-10,45.2,45.2,46.75,45.2,46.75,297887
2018-05-11,45.2,45.2,46.75,45.2,46.75,297887
2018-05-14,45.2,45.2,46.75,45.2,46.75,297887
2018-05-15,45.2,45.2,46.75,45.2,46.75,297887
2018-05-16,45.2,45.2,46.75,45.2,46.75,297887
2018-05-17,45.2,45.2,46.75,45.2,46.75,297887
2018-05-18,45.2,45.2,46.75,45.2,46.75,297887
2018-05-21,45.2,45.2,46.75,45.2,46.75,297887
2018-05-22,45.2,45.2,46.75,45.2,46.75,297887
2018-05-23,45.2,45.2,46.75,45.2,46.75,297887
2018-05-24,45.2,45.2,46.75,45.2,46.75,297887
2018-05-25,45.2,45.2,46.75,45.2,46.75,297887
2018-05-28,45.2,45.2,46.75,45.2,46.75,297887
2018-05-29,45.2,45.2,46.75,45.2,46.75,297887
2018-05-30,45.2,45.2,46.75,45.2,46.75,297887
2018-05-31,45.2,45.2,46.75,45.2,46.75,297887
2018-06-01,45.2,45.2,46.75,45.2,46.75,297887
2018-06-04,45.2,45.2,46.75,45.2,46.75,297887
2018-06-05,45.2,45.2,46.75,45.2,46.75,297887
2018-06-06,45.2,45.2,46.75,45.2,46.75,297887
2018-06-07,45.2,45.2,46.75,45.2,46.75,297887
2018-06-08,45.2,45.2,46.75,45.2,46.75,297887
2018-06-11,45.2,45.2,46.75,45.2,46.75,297887
2018-06-12,45.2,45.2,46.75,45.2,46.75,297887
2018-06-13,45.2,45.2,46.75,45.2,46.75,297887
2018-06-14,45.2,45.2,46.75,45.2,46.75,297887
2018-06-15,45.2,45.2,46.75,45.2,46.75,297887
2018-06-19,45.2,45.2,46.75,45.2,46.75,297887
2018-06-20,45.2,45.2,46.75,45.2,46.75,297887
2018-06-21,45.2,45.2,46.75,45.2,46.75,297887
2018-06-22,45.2,45.2,46.75,45.2,46.75,297887
2018-06-25,45.2,45.2,46.75,45.2,46.75,297887
2018-06-26,45.2,45.2,46.75,45.2,46.75,297887
2018-06-27,45.2,45.2,46.75,45.2,46.75,297887
2018-06-28,45.2,45.2,46.75,45.2,46.75,297887
2018-06-29,45.2,45.2,46.75,45.2,46.75,297887
2018-07-02,45.2,45.2,46.75,45.2,46.75,297887
2018-07-03,45.2,45.2,46.75,45.2,46.75,297887
2018-07-04,45.2,45.2,46.75,45.2,46.75,297887
2018-07-05,45.2,45.2,46.75,45.2,46.75,297887
2018-07-06,45.2,45.2,46.75,45.2,46.75,297887
2018-07-09,45.2,45.2,46.75,45.2,46.75,297887
2018-07-10,45.2,45.2,46.75,45.2,46.75,297887
2018-07-11,45.2,45.2,46.75,45.2,46.75,297887
2018-07-12,45.2,45.2,46.75,45.2,46.75,297887
2018-07-13,45.2,45.2,46.75,45.2,46.75,297887
2018-07-16,45.2,45.2,46.75,45.2,46.75,297887
2018-07-17,45.2,45.2,46.75,45.2,46.75,297887
2018-07-18,45.2,45.2,46.75,45.2,46.75,297887
2018-07-19,45.2,45.2,46.75,45.2,46.75,297887
2018-07-20,45.2,45.2,46.75,45.2,46.75,297887
2018-07-23,45.2,45.2,46.75,45.2,46.75,297887
2018-07-24,45.2,45.2,46.75,45.2,46.75,297887
2018-07-25,45.2,45.2,46.75,45.2,46.75,297887
2018-07-26,45.2,45.2,46.75,45.2,46.75,297887
2018-07-27,45.2,45.2,46.75,45.2,46.75,297887
2018-07-30,45.2,45.2,46.75,45.2,46.75,297887
2018-07-31,45.2,45.2,46.75,45.2,46.75,297887
2018-08-01,45.2,45.2,46.75,45.2,46.75,297887
2018-08-02,45.2,45.2,46.75,45.2,46.75,297887
2018-08-03,45.2,45.2,46.75,45.2,46.75,297887
2018-08-06,45.2,45.2,46.75,45.2,46.75,297887
2018-08-07,45.2,45.2,46.75,45.2,46.75,297887
2018-08-08,45.2,45.2,46.75,45.2,46.75,297887
2018-08-09,45.2,45.2,46.75,45.2,46.75,297887
2018-08-10,45.2,45.2,46.75,45.2,46.75,297887
2018-08-13,45.2,45.2,46.75,45.2,46.75,297887
2018-08-14,45.2,45.2,46.75,45.2,46.75,297887
2018-08-15,45.2,45.2,46.75,45.2,46.75,297887
2018-08-16,45.2,45.2,46.75,45.2,46.75,297887
2018-08-17,45.2,45.2,46.75,45.2,46.75,297887
2018-08-20,45.2,45.2,46.75,45.2,46.75,297887
2018-08-21,45.2,45.2,46.75,45.2,46.75,297887
2018-08-22,45.2,45.2,46.75,45.2,46.75,297887
2018-08-23,45.2,45.2,46.75,45.2,46.75,297887
2018-08-24,45.2,45.2,46.75,45.2,46.75,297887
2018-08-27,45.2,45.2,46.75,45.2,46.75,297887
2018-08-28,45.2,45.2,46.75,45.2,46.75,297887
2018-08-29,45.2,45.2,46.75,45.2,46.75,297887
2018-08-30,45.2,45.2,46.75,45.2,46.75,297887
2018-08-31,45.2,45.2,46.75,45.2,46.75,297887
2018-09-03,45.2,45.2,46.75,45.2,46.75,297887
2018-09-04,45.2,45.2,46.75,45.2,46.75,297887
2018-09-05,45.2,45.2,46.75,45.2,46.75,297887
2018-09-06,45.2,45.2,46.75,45.2,46.75,297887
2018-09-07,45.2,45.2,46.75,45.2,46.75,297887
2018-09-10,45.2,45.2,46.75,45.2,46.75,297887
2018-09-11,45.2,45.2,46.75,45.2,46.75,297887
2018-09-12,45.2,45.2,46.75,45.2,46.75,297887
2018-09-13,45.2,45.2,46.75,45.2,46.75,297887
2018-09-14,45.2,45.2,46.75,45.2,46.75,297887
2018-09-17,45.2,45.2,46.75,45.2,46.75,297887
2018-09-18,45.2,45.2,46.75,45.2,46.75,297887
2018-09-19,45.2,45.2,46.75,45.2,46.75,297887
2018-09-20,45.2,45.2,46.75,45.2,46.75,297887
2018-09-21,45.2,45.2,46.75,45.2,46.75,297887
2018-09-25,45.2,45.2,46.75,45.2,46.75,297887
2018-09-26,45.2,45.2,46.75,45.2,46.75,297887
2018-09-27,45.2,45.2,46.75,45.2,46.75,297887
2018-09-28,45.2,45.2,46.75,45.2,46.75,297887
2018-10-01,45.2,45.2,46.75,45.2,46.75,297887
2018-10-02,45.2,45.2,46.75,45.2,46.75,297887
2018-10-03,45.2,45.2,46.75,45.2,46.75,297887
2018-10-04,45.2,45.2,46.75,45.2,46.75,297887
2018-10-05,45.2,45.2,46.75,45.2,46.75,297887
2018-10-08,45.2,45.2,46.75,45.2,46.75,297887
2018-10-09,45.2,45.2,46.75,45.2,46.75,297887
2018-10-11,45.2,45.2,46.75,45.2,46.75,297887
2018-10-12,45.2,45.2,46.75,45.2,46.75,297887
2018-10-15,45.2,45.2,46.75,45.2,46.75,297887
2018-10-16,45.2,45.2,46.75,45.2,46.75,297887
2018-10-17,45.2,45.2,46.75,45.2,46.75,297887
2018-10-18,45.2,45.2,46.75,45.2,46.75,297887
2018-10-19,45.2,45.2,46.75,45.2,46.75,297887
2018-10-22,45.2,45.2,46.75,45.2,46.75,297887
2018-10-23,45.2,45.2,46.75,45.2,46.75,297887
2018-10-24,45.2,45.2,46.75,45.2,46.75,297887
2018-10-25,45.2,45.2,46.75,45.2,46.75,297887
2018-10-26,45.2,45.2,46.75,45.2,46.75,297887
2018-10-29,45.2,45.2,46.75,45.2,46.75,297887
2018-10-30,45.2,45.2,46.75,45.2,46.75,297887
2018-10-31,45.2,45.2,46.75,45.2,46.75,297887
2018-11-01,45.2,45.2,46.75,45.2,46.75,297887
2018-11-02,45.2,45.2,46.75,45.2,46.75,297887
2018-11-05,45.2,45.2,46.75,45.2,46.75,297887
2018-11-06,45.2,45.2,46.75,45.2,46.75,297887
2018-11-07,45.2,45.2,46.75,45.2,46.75,297887
2018-11-08,45.2,45.2,46.75,45.2,46.75,297887
2018-11-09,45.2,45.2,46.75,45.2,46.75,297887
2018-11-12,45.2,45.2,46.75,45.2,46.75,297887
2018-11-13,45.2,45.2,46.75,45.2,46.75,297887
2018-11-14,45.2,45.2,46.75,45.2,46.75,297887
2018-11-15,45.2,45.2,46.75,45.2,46.75,297887
2018-11-16,45.2,45.2,46.75,45.2,46.75,297887
2018-11-19,45.2,45.2,46.75,45.2,46.75,297887
2018-11-20,45.2,45.2,46.75,45.2,46.75,297887
2018-11-21,45.2,45.2,46.75,45.2,46.75,297887
2018-11-22,45.2,45.2,46.75,45.2,46.75,297887
2018-11-23,45.2,45.2,46.75,45.2,46.75,297887
2018-11-26,45.2,45.2,46.75,45.2,46.75,297887
2018-11-27,45.2,45.2,46.75,45.2,46.75,297887
2018-11-28,45.2,45.2,46.75,45.2,46.75,297887
2018-11-29,45.2,45.2,46.75,45.2,46.75,297887
2018-11-30,45.2,45.2,46.75,45.2,46.75,297887
2018-12-03,45.2,45.2,46.75,45.2,46.75,297887
2018-12-04,45.2,45.2,46.75,45.2,46.75,297887
2018-12-05,45.2,45.2,46.75,45.2,46.75,297887
2018-12-06,45.2,45.2,46.75,45.2,46.75,297887
2018-12-07,45.2,45.2,46.75,45.2,46.75,297887
2018-12-10,45.2,45.2,46.75,45.2,46.75,297887
2018-12-11,45.2,45.2,46.75,45.2,46.75,297887
2018-12-12,45.2,45.2,46.75,45.2,46.75,297887
2018-12-13,45.2,45.2,46.75,45.2,46.75,297887
2018-12-14,45.2,45.2,46.75,45.2,46.75,297887
2018-12-17,45.2,45.2,46.75,45.2,46.75,297887
2018-12-18,45.2,45.2,46.75,45.2,46.75,297887
2018-12-19,45.2,45.2,46.75,45.2,46.75,297887
2018-12-20,45.2,45.2,46.75,45.2,46.75,297887
2018-12-21,45.2,45.2,46.75,45.2,46.75,297887
2018-12-24,45.2,45.2,46.75,45.2,46.75,297887
2018-12-25,45.2,45.2,46.75,45.2,46.75,297887
2018-12-26,45.2,45.2,46.75,45.2,46.75,297887
2018-12-27,45.2,45.2,46.75,45.2,46.75,297887
2018-12-28,45.2,45.2,46.75,45.2,46.75,297887
2019-01-02,45.2,45.2,46.75,45.2,46.75,297887
2019-01-03,45.2,45.2,46.75,45.2,46.75,297887
2019-01-04,45.2,45.2,46.75,45.2,46.75,297887
2019-01-07,45.2,45.2,46.75,45.2,46.75,297887
2019-01-08,45.2,45.2,46.75,45.2,46.75,297887
2019-01-09,45.2,45.2,46.75,45.2,46.75,297887
2019-01-10,45.2,45.2,46.75,45.2,46.75,297887
2019-01-11,45.2,45.2,46.75,45.2,46.75,297887
2019-01-14,45.2,45.2,46.75,45.2,46.75,297887
2019-01-15,45.2,45.2,46.75,45.2,46.75,297887
2019-01-16,45.2,45.2,46.75,45.2,46.75,297887
2019-01-17,45.2,45.2,46.75,45.2,46.75,297887
2019-01-18,45.2,45.2,46.75,45.2,46.75,297887
2019-01-21,45.2,45.2,46.75,45.2,46.75,297887
2019-01-22,45.2,45.2,46.75,45.2,46.75,297887
2019-01-23,45.2,45.2,46.75,45.2,46.75,297887
2019-01-24,45.2,45.2,46.75,45.2,46.75,297887
2019-01-25,45.2,45.2,46.75,45.2,46.75,297887
2019-01-28,45.2,45.2,46.75,45.2,46.75,297887
2019-01-29,45.2,45.2,46.75,45.2,46.75,297887
2019-01-30,45.2,45.2,46.75,45.2,46.75,297887
2019-02-11,45.2,45.2,46.75,45.2,46.75,297887
2019-02-12,45.2,45.2,46.75,45.2,46.75,297887
2019-02-13,45.2,45.2,46.75,45.2,46.75,297887
2019-02-14,45.2,45.2,46.75,45.2,46.75,297887
2019-02-15,45.2,45.2,46.75,45.2,46.75,297887
2019-02-18,45.2,45.2,46.75,45.2,46.75,297887
2019-02-19,45.2,45.2,46.75,45.2,46.75,297887
2019-02-20,45.2,45.2,46.75,45.2,46.75,297887
2019-02-21,45.2,45.2,46.75,45.2,46.75,297887
2019-02-22,45.2,45.2,46.75,45.2,46.75,297887
2019-02-25,45.2,45.2,46.75,45.2,46.75,297887
2019-02-26,45.2,45.2,46.75,45.2,46.75,297887
2019-02-27,45.2,45.2,46.75,45.2,46.75,297887
2019-03-04,45.2,45.2,46.75,45.2,46.75,297887
2019-03-05,45.2,45.2,46.75,45.2,46.75,297887
2019-03-06,45.2,45.2,46.75,45.2,46.75,297887
2019-03-07,45.2,45.2,46.75,45.2,46.75,297887
2019-03-08,45.2,45.2,46.75,45.2,46.75,297887
2019-03-11,45.2,45.2,46.75,45.2,46.75,297887
2019-03-12,45.2,45.2,46.75,45.2,46.75,297887
2019-03-13,45.2,45.2,46.75,45.2,46.75,297887
2019-03-14,45.2,45.2,46.75,45.2,46.75,297887
2019-03-15,45.2,45.2,46.75,45.2,46.75,297887
2019-03-18,45.2,45.2,46.75,45.2,46.75,297887
2019-03-19,45.2,45.2,46.75,45.2,46.75,297887
2019-03-20,45.2,45.2,46.75,45.2,46.75,297887
2019-03-21,45.2,45.2,46.75,45.2,46.75,297887
2019-03-22,45.2,45.2,46.75,45.2,46.75,297887
2019-03-25,45.2,45.2,46.75,45.2,46.75,297887
2019-03-26,45.2,45.2,46.75,45.2,46.75,297887
2019-03-27,45.2,45.2,46.75,45.2,46.75,297887
2019-03-28,45.2,45.2,46.75,45.2,46.75,297887
2019-03-29,45.2,45.2,46.75,45.2,46.75,297887
2019-04-01,45.2,45.2,46.75,45.2,46.75,297887
2019-04-02,45.2,45.2,46.75,45.2,46.75,297887
2019-04-03,45.2,45.2,46.75,45.2,46.75,297887
2019-04-08,45.2,45.2,46.75,45.2,46.75,297887
2019-04-09,45.2,45.2,46.75,45.2,46.75,297887
2019-04-10,45.2,45.2,46.75,45.2,46.75,297887
2019-04-11,45.2,45.2,46.75,45.2,46.75,297887
2019-04-12,45.2,45.2,46.75,45.2,46.75,297887
2019-04-15,45.2,45.2,46.75,45.2,46.75,297887
2019-04-16,45.2,45.2,46.75,45.2,46.75,297887
2019-04-17,45.2,45.2,46.75,45.2,46.75,297887
2019-04-18,45.2,45.2,46.75,45.2,46.75,297887
2019-04-19,45.2,45.2,46.75,45.2,46.75,297887
2019-04-22,45.2,45.2,46.75,45.2,46.75,297887
2019-04-23,45.2,45.2,46.75,45.2,46.75,297887
2019-04-24,45.2,45.2,46.75,45.2,46.75,297887
2019-04-25,45.2,45.2,46.75,45.2,46.75,297887
2019-04-26,45.2,45.2,46.75,45.2,46.75,297887
2019-04-29,45.2,45.2,46.75,45.2,46.75,297887
2019-04-30,45.2,45.2,46.75,45.2,46.75,297887
2019-05-02,45.2,45.2,46.75,45.2,46.75,297887
2019-05-03,45.2,45.2,46.75,45.2,46.75,297887
2019-05-06,45.2,45.2,46.75,45.2,46.75,297887
2019-05-07,45.2,45.2,46.75,45.2,46.75,297887
2019-05-08,45.2,45.2,46.75,45.2,46.75,297887
2019-05-09,45.2,45.2,46.75,45.2,46.75,297887
2019-05-10,45.2,45.2,46.75,45.2,46.75,297887
2019-05-13,45.2,45.2,46.75,45.2,46.75,297887
2019-05-14,45.2,45.2,46.75,45.2,46.75,297887
2019-05-15,45.2,45.2,46.75,45.2,46.75,297887
2019-05-16,45.2,45.2,46.75,45.2,46.75,297887
2019-05-17,45.2,45.2,46.75,45.2,46.75,297887
2019-05-20,45.2,45.2,46.75,45.2,46.75,297887
2019-05-21,45.2,45.2,46.75,45.2,46.75,297887
2019-05-22,45.2,45.2,46.75,45.2,46.75,297887
2019-05-23,45.2,45.2,46.75,45.2,46.75,297887
2019-05-24,45.2,45.2,46.75,45.2,46.75,297887
2019-05-27,45.2,45.2,46.75,45.2,46.75,297887
2019-05-28,45.2,45.2,46.75,45.2,46.75,297887
2019-05-29,45.2,45.2,46.75,45.2,46.75,297887
2019-05-30,45.2,45.2,46.75,45.2,46.75,297887
2019-05-31,45.2,45.2,46.75,45.2,46.75,297887
2019-06-03,45.2,45.2,46.75,45.2,46.75,297887
2019-06-04,45.2,45.2,46.75,45.2,46.75,297887
2019-06-05,45.2,45.2,46.75,45.2,46.75,297887
2019-06-06,45.2,45.2,46.75,45.2,46.75,297887
2019-06-10,45.2,45.2,46.75,45.2,46.75,297887
2019-06-11,45.2,45.2,46.75,45.2,46.75,297887
2019-06-12,45.2,45.2,46.75,45.2,46.75,297887
2019-06-13,45.2,45.2,46.75,45.2,46.75,297887
2019-06-14,45.2,45.2,46.75,45.2,46.75,297887
2019-06-17,45.2,45.2,46.75,45.2,46.75,297887
2019-06-18,45.2,45.2,46.75,45.2,46.75,297887
2019-06-19,45.2,45.2,46.75,45.2,46.75,297887
2019-06-20,45.2,45.2,46.75,45.2,46.75,297887
2019-06-21,45.2,45.2,46.75,45.2,46.75,297887
2019-06-24,45.2,45.2,46.75,45.2,46.75,297887
2019-06-25,45.2,45.2,46.75,45.2,46.75,297887
2019-06-26,45.2,45.2,46.75,45.2,46.75,297887
2019-06-27,45.2,45.2,46.75,45.2,46.75,297887
2019-06-28,45.2,45.2,46.75,45.2,46.75,297887
2019-07-01,45.2,45.2,46.75,45.2,46.75,297887
2019-07-02,45.2,45.2,46.75,45.2,46.75,297887
2019-07-03,45.2,45.2,46.75,45.2,46.75,297887
2019-07-04,45.2,45.2,46.75,45.2,46.75,297887
2019-07-05,45.2,45.2,46.75,45.2,46.75,297887
2019-07-08,45.2,45.2,46.75,45.2,46.75,297887
2019-07-09,45.2,45.2,46.75,45.2,46.75,297887
2019-07-10,45.2,45.2,46.75,45.2,46.75,297887
2019-07-11,45.2,45.2,46.75,45.2,46.75,297887
2019-07-12,45.2,45.2,46.75,45.2,46.75,297887
2019-07-15,45.2,45.2,46.75,45.2,46.75,297887
2019-07-16,45.2,45.2,46.75,45.2,46.75,297887
2019-07-17,45.2,45.2,46.75,45.2,46.75,297887
2019-07-18,45.2,45.2,46.75,45.2,46.75,297887
2019-07-19,45.2,45.2,46.75,45.2,46.75,297887
2019-07-22,45.2,45.2,46.75,45.2,46.75,297887
2019-07-23,45.2,45.2,46.75,45.2,46.75,297887
2019-07-24,45.2,45.2,46.75,45.2,46.75,297887
2019-07-25,45.2,45.2,46.75,45.2,46.75,297887
2019-07-26,45.2,45.2,46.75,45.2,46.75,297887
2019-07-29,45.2,45.2,46.75,45.2,46.75,297887
2019-07-30,45.2,45.2,46.75,45.2,46.75,297887
2019-07-31,45.2,45.2,46.75,45.2,46.75,297887
2019-08-01,45.2,45.2,46.75,45.2,46.75,297887
2019-08-02,45.2,45.2,46.75,45.2,46.75,297887
2019-08-05,45.2,45.2,46.75,45.2,46.75,297887
2019-08-06,45.2,45.2,46.75,45.2,46.75,297887
2019-08-07,45.2,45.2,46.75,45.2,46.75,297887
2019-08-08,45.2,45.2,46.75,45.2,46.75,297887
2019-08-12,45.2,45.2,46.75,45.2,46.75,297887
2019-08-13,45.2,45.2,46.75,45.2,46.75,297887
2019-08-14,45.2,45.2,46.75,45.2,46.75,297887
2019-08-15,45.2,45.2,46.75,45.2,46.75,297887
2019-08-16,45.2,45.2,46.75,45.2,46.75,297887
2019-08-19,45.2,45.2,46.75,45.2,46.75,297887
2019-08-20,45.2,45.2,46.75,45.2,46.75,297887
2019-08-21,45.2,45.2,46.75,45.2,46.75,297887
2019-08-22,45.2,45.2,46.75,45.2,46.75,297887
2019-08-23,45.2,45.2,46.75,45.2,46.75,297887
2019-08-26,45.2,45.2,46.75,45.2,46.75,297887
2019-08-27,45.2,45.2,46.75,45.2,46.75,297887
2019-08-28,45.2,45.2,46.75,45.2,46.75,297887
2019-08-29,45.2,45.2,46.75,45.2,46.75,297887
2019-08-30,45.2,45.2,46.75,45.2,46.75,297887
2019-09-02,45.2,45.2,46.75,45.2,46.75,297887
2019-09-03,45.2,45.2,46.75,45.2,46.75,297887
2019-09-04,45.2,45.2,46.75,45.2,46.75,297887
2019-09-05,45.2,45.2,46.75,45.2,46.75,297887
2019-09-06,45.2,45.2,46.75,45.2,46.75,297887
2019-09-09,45.2,45.2,46.75,45.2,46.75,297887
2019-09-10,45.2,45.2,46.75,45.2,46.75,297887
2019-09-11,45.2,45.2,46.75,45.2,46.75,297887
2019-09-12,45.2,45.2,46.75,45.2,46.75,297887
2019-09-16,45.2,45.2,46.75,45.2,46.75,297887
2019-09-17,45.2,45.2,46.75,45.2,46.75,297887
2019-09-18,45.2,45.2,46.75,45.2,46.75,297887
2019-09-19,45.2,45.2,46.75,45.2,46.75,297887
2019-09-20,45.2,45.2,46.75,45.2,46.75,297887
2019-09-23,45.2,45.2,46.75,45.2,46.75,297887
2019-09-24,45.2,45.2,46.75,45.2,46.75,297887
2019-09-25,45.2,45.2,46.75,45.2,46.75,297887
2019-09-26,45.2,45.2,46.75,45.2,46.75,297887
2019-09-27,45.2,45.2,46.75,45.2,46.75,297887
2019-10-01,45.2,45.2,46.75,45.2,46.75,297887
2019-10-02,45.2,45.2,46.75,45.2,46.75,297887
2019-10-03,45.2,45.2,46.75,45.2,46.75,297887
2019-10-04,45.2,45.2,46.75,45.2,46.75,297887
2019-10-07,45.2,45.2,46.75,45.2,46.75,297887
2019-10-08,45.2,45.2,46.75,45.2,46.75,297887
2019-10-09,45.2,45.2,46.75,45.2,46.75,297887
2019-10-14,45.2,45.2,46.75,45.2,46.75,297887
2019-10-15,45.2,45.2,46.75,45.2,46.75,297887
2019-10-16,45.2,45.2,46.75,45.2,46.75,297887
2019-10-17,45.2,45.2,46.75,45.2,46.75,297887
2019-10-18,45.2,45.2,46.75,45.2,46.75,297887
2019-10-21,45.2,45.2,46.75,45.2,46.75,297887
2019-10-22,45.2,45.2,46.75,45.2,46.75,297887
2019-10-23,45.2,45.2,46.75,45.2,46.75,297887
2019-10-24,45.2,45.2,46.75,45.2,46.75,297887
2019-10-25,45.2,45.2,46.75,45.2,46.75,297887
2019-10-28,45.2,45.2,46.75,45.2,46.75,297887
2019-10-29,45.2,45.2,46.75,45.2,46.75,297887
2019-10-30,45.2,45.2,46.75,45.2,46.75,297887
2019-10-31,45.2,45.2,46.75,45.2,46.75,297887
2019-11-01,45.2,45.2,46.75,45.2,46.75,297887
2019-11-04,45.2,45.2,46.75,45.2,46.75,297887
2019-11-05,45.2,45.2,46.75,45.2,46.75,297887
2019-11-06,45.2,45.2,46.75,45.2,46.75,297887
2019-11-07,45.2,45.2,46.75,45.2,46.75,297887
2019-11-08,45.2,45.2,46.75,45.2,46.75,297887
2019-11-11,45.2,45.2,46.75,45.2,46.75,297887
2019-11-12,45.2,45.2,46.75,45.2,46.75,297887
2019-11-13,45.2,45.2,46.75,45.2,46.75,297887
2019-11-14,45.2,45.2,46.75,45.2,46.75,297887
2019-11-20,45.2,45.2,46.75,45.2,46.75,297887
2019-11-21,45.2,45.2,46.75,45.2,46.75,297887
2019-11-22,45.2,45.2,46.75,45.2,46.75,297887
2019-11-25,45.2,45.2,46.75,45.2,46.75,297887
2019-11-26,45.2,45.2,46.75,45.2,46.75,297887
2019-11-27,45.2,45.2,46.75,45.2,46.75,297887
2019-11-28,45.2,45.2,46.75,45.2,46.75,297887
2019-11-29,45.2,45.2,46.75,45.2,46.75,297887
2019-12-02,45.2,45.2,46.75,45.2,46.75,297887
2019-12-03,45.2,45.2,46.75,45.2,46.75,297887
2019-12-04,45.2,45.2,46.75,45.2,46.75,297887
2019-12-05,45.2,45.2,46.75,45.2,46.75,297887
2019-12-06,45.2,45.2,46.75,45.2,46.75,297887
2019-12-09,45.2,45.2,46.75,45.2,46.75,297887
2019-12-10,45.2,45.2,46.75,45.2,46.75,297887
2019-12-11,45.2,45.2,46.75,45.2,46.75,297887
2019-12-12,45.2,45.2,46.75,45.2,46.75,297887
2019-12-13,45.2,45.2,46.75,45.2,46.75,297887
2019-12-16,45.2,45.2,46.75,45.2,46.75,297887
2019-12-17,45.2,45.2,46.75,45.2,46.75,297887
2019-12-18,45.2,45.2,46.75,45.2,46.75,297887
2019-12-19,45.2,45.2,46.75,45.2,46.75,297887
2019-12-20,45.2,45.2,46.75,45.2,46.75,297887
2019-12-23,45.2,45.2,46.75,45.2,46.75,297887
2019-12-24,45.2,45.2,46.75,45.2,46.75,297887
2019-12-25,45.2,45.2,46.75,45.2,46.75,297887
2019-12-26,45.2,45.2,46.75,45.2,46.75,297887
2019-12-27,45.2,45.2,46.75,45.2,46.75,297887
2019-12-30,45.2,45.2,46.75,45.2,46.75,297887
2019-12-31,45.2,45.2,46.75,45.2,46.75,297887
2020-01-02,45.2,45.2,46.75,45.2,46.75,297887
2020-01-03,45.2,45.2,46.75,45.2,46.75,297887
2020-01-06,45.2,45.2,46.75,45.2,46.75,297887
2020-01-07,45.2,45.2,46.75,45.2,46.75,297887
2020-01-08,45.2,45.2,46.75,45.2,46.75,297887
2020-01-09,45.2,45.2,46.75,45.2,46.75,297887
2020-01-10,45.2,45.2,46.75,45.2,46.75,297887
2020-01-13,45.2,45.2,46.75,45.2,46.75,297887
2020-01-14,45.2,45.2,46.75,45.2,46.75,297887
2020-01-15,45.2,45.2,46.75,45.2,46.75,297887
2020-01-16,45.2,45.2,46.75,45.2,46.75,297887
2020-01-17,45.2,45.2,46.75,45.2,46.75,297887
2020-01-20,45.2,45.2,46.75,45.2,46.75,297887
2020-01-30,45.2,45.2,46.75,45.2,46.75,297887
2020-01-31,45.2,45.2,46.75,45.2,46.75,297887
2020-02-03,45.2,45.2,46.75,45.2,46.75,297887
2020-02-04,45.2,45.2,46.75,45.2,46.75,297887
2020-02-05,45.2,45.2,46.75,45.2,46.75,297887
2020-02-06,45.2,45.2,46.75,45.2,46.75,297887
2020-02-07,45.2,45.2,46.75,45.2,46.75,297887
2020-02-10,45.2,45.2,46.75,45.2,46.75,297887
2020-02-11,45.2,45.2,46.75,45.2,46.75,297887
2020-02-12,45.2,45.2,46.75,45.2,46.75,297887
2020-02-13,45.2,45.2,46.75,45.2,46.75,297887
2020-02-14,45.2,45.2,46.75,45.2,46.75,297887
2020-02-17,45.2,45.2,46.75,45.2,46.75,297887
2020-02-18,45.2,45.2,46.75,45.2,46.75,297887
2020-02-19,45.2,45.2,46.75,45.2,46.75,297887
2020-02-20,45.2,45.2,46.75,45.2,46.75,297887
2020-02-21,45.2,45.2,46.75,45.2,46.75,297887
2020-02-24,45.2,45.2,46.75,45.2,46.75,297887
2020-02-25,45.2,45.2,46.75,45.2,46.75,297887
2020-02-26,45.2,45.2,46.75,45.2,46.75,297887
2020-02-27,45.2,45.2,46.75,45.2,46.75,297887
2020-03-02,45.2,45.2,46.75,45.2,46.75,297887
2020-03-03,45.2,45.2,46.75,45.2,46.75,297887
2020-03-04,45.2,45.2,46.75,45.2,46.75,297887
2020-03-05,45.2,45.2,46.75,45.2,46.75,297887
2020-03-06,45.2,45.2,46.75,45.2,46.75,297887
2020-03-09,45.2,45.2,46.75,45.2,46.75,297887
2020-03-10,45.2,45.2,46.75,45.2,46.75,297887
2020-03-11,45.2,45.2,46.75,45.2,46.75,297887
2020-03-12,45.2,45.2,46.75,45.2,46.75,297887
2020-03-13,45.2,45.2,46.75,45.2,46.75,297887
2020-03-16,45.2,45.2,46.75,45.2,46.75,297887
2020-03-17,45.2,45.2,46.75,45.2,46.75,297887
2020-03-18,45.2,45.2,46.75,45.2,46.75,297887
2020-03-19,45.2,45.2,46.75,45.2,46.75,297887
2020-03-20,45.2,45.2,46.75,45.2,46.75,297887
2020-03-23,45.2,45.2,46.75,45.2,46.75,297887
2020-03-24,45.2,45.2,46.75,45.2,46.75,297887
2020-03-25,45.2,45.2,46.75,45.2,46.75,297887
2020-03-26,45.2,45.2,46.75,45.2,46.75,297887
2020-03-27,45.2,45.2,46.75,45.2,46.75,297887
2020-03-30,45.2,45.2,46.75,45.2,46.75,297887
2020-03-31,45.2,45.2,46.75,45.2,46.75,297887
2020-04-01,45.2,45.2,46.75,45.2,46.75,297887
2020-04-07,45.2,45.2,46.75,45.2,46.75,297887
2020-04-08,45.2,45.2,46.75,45.2,46.75,297887
2020-04-09,45.2,45.2,46.75,45.2,46.75,297887
2020-04-10,45.2,45.2,46.75,45.2,46.75,297887
2020-04-13,45.2,45.2,46.75,45.2,46.75,297887
2020-04-14,45.2,45.2,46.75,45.2,46.75,297887
2020-04-15,45.2,45.2,46.75,45.2,46.75,297887
2020-04-16,45.2,45.2,46.75,45.2,46.75,297887
2020-04-17,45.2,45.2,46.75,45.2,46.75,297887
2020-04-20,45.2,45.2,46.75,45.2,46.75,297887
2020-04-21,45.2,45.2,46.75,45.2,46.75,297887
2020-04-22,45.2,45.2,46.75,45.2,46.75,297887
2020-04-23,45.2,45.2,46.75,45.2,46.75,297887
2020-04-24,45.2,45.2,46.75,45.2,46.75,297887
2020-04-27,45.2,45.2,46.75,45.2,46.75,297887
2020-04-28,45.2,45.2,46.75,45.2,46.75,297887
2020-04-29,45.2,45.2,46.75,45.2,46.75,297887
2020-05-04,45.2,45.2,46.75,45.2,46.75,297887
2020-05-05,45.2,45.2,46.75,45.2,46.75,297887
2020-05-06,45.2,45.2,46.75,45.2,46.75,297887
2020-05-07,45.2,45.2,46.75,45.2,46.75,297887
2020-05-08,45.2,45.2,46.75,45.2,46.75,297887
2020-05-11,45.2,45.2,46.75,45.2,46.75,297887
2020-05-12,45.2,45.2,46.75,45.2,46.75,297887
2020-05-13,45.2,45.2,46.75,45.2,46.75,297887
2020-05-14,45.2,45.2,46.75,45.2,46.75,297887
2020-05-15,45.2,45.2,46.75,45.2,46.75,297887
2020-05-18,45.2,45.2,46.75,45.2,46.75,297887
2020-05-19,45.2,45.2,46.75,45.2,46.75,297887
2020-05-20,45.2,45.2,46.75,45.2,46.75,297887
2020-05-21,45.2,45.2,46.75,45.2,46.75,297887
2020-05-22,45.2,45.2,46.75,45.2,46.75,297887
2020-05-25,45.2,45.2,46.75,45.2,46.75,297887
2020-05-26,45.2,45.2,46.75,45.2,46.75,297887
2020-05-27,45.2,45.2,46.75,45.2,46.75,297887
2020-05-28,45.2,45.2,46.75,45.2,46.75,297887
2020-05-29,45.2,45.2,46.75,45.2,46.75,297887
2020-06-01,45.2,45.2,46.75,45.2,46.75,297887
2020-06-02,45.2,45.2,46.75,45.2,46.75,297887
2020-06-03,45.2,45.2,46.75,45.2,46.75,297887
2020-06-04,45.2,45.2,46.75,45.2,46.75,297887
2020-06-05,45.2,45.2,46.75,45.2,46.75,297887
2020-06-08,45.2,45.2,46.75,45.2,46.75,297887
2020-06-09,45.2,45.2,46.75,45.2,46.75,297887
2020-06-10,45.2,45.2,46.75,45.2,46.75,297887
2020-06-11,45.2,45.2,46.75,45.2,46.75,297887
2020-06-12,45.2,45.2,46.75,45.2,46.75,297887
2020-06-15,45.2,45.2,46.75,45.2,46.75,297887
2020-06-16,45.2,45.2,46.75,45.2,46.75,297887
2020-06-17,45.2,45.2,46.75,45.2,46.75,297887
2020-06-18,45.2,45.2,46.75,45.2,46.75,297887
2020-06-19,45.2,45.2,46.75,45.2,46.75,297887
2020-06-22,45.2,45.2,46.75,45.2,46.75,297887
2020-06-23,45.2,45.2,46.75,45.2,46.75,297887
2020-06-24,45.2,45.2,46.75,45.2,46.75,297887
2020-06-29,45.2,45.2,46.75,45.2,46.75,297887
2020-06-30,45.2,45.2,46.75,45.2,46.75,297887
2020-07-01,45.2,45.2,46.75,45.2,46.75,297887
2020-07-02,45.2,45.2,46.75,45.2,46.75,297887
2020-07-03,45.2,45.2,46.75,45.2,46.75,297887
2020-07-06,45.2,45.2,46.75,45.2,46.75,297887
2020-07-07,45.2,45.2,46.75,45.2,46.75,297887
2020-07-08,45.2,45.2,46.75,45.2,46.75,297887
2020-07-09,45.2,45.2,46.75,45.2,46.75,297887
2020-07-10,45.2,45.2,46.75,45.2,46.75,297887
2020-07-13,45.2,45.2,46.75,45.2,46.75,297887
2020-07-14,45.2,45.2,46.75,45.2,46.75,297887
2020-07-15,45.2,45.2,46.75,45.2,46.75,297887
2020-07-16,45.2,45.2,46.75,45.2,46.75,297887
2020-07-17,45.2,45.2,46.75,45.2,46.75,297887
2020-07-20,45.2,45.2,46.75,45.2,46.75,297887
2020-07-21,45.2,45.2,46.75,45.2,46.75,297887
2020-07-22,45.2,45.2,46.75,45.2,46.75,297887
2020-07-23,45.2,45.2,46.75,45.2,46.75,297887
2020-07-24,45.2,45.2,46.75,45.2,46.75,297887
2020-07-27,45.2,45.2,46.75,45.2,46.75,297887
2020-07-28,45.2,45.2,46.75,45.2,46.75,297887
2020-07-29,45.2,45.2,46.75,45.2,46.75,297887
2020-07-30,45.2,45.2,46.75,45.2,46.75,297887
2020-07-31,45.2,45.2,46.75,45.2,46.75,297887
2020-08-03,45.2,45.2,46.75,45.2,46.75,297887
2020-08-04,45.2,45.2,46.75,45.2,46.75,297887
2020-08-05,45.2,45.2,46.75,45.2,46.75,297887
2020-08-06,45.2,45.2,46.75,45.2,46.75,297887
2020-08-07,45.2,45.2,46.75,45.2,46.75,297887
2020-08-10,45.2,45.2,46.75,45.2,46.75,297887
2020-08-11,45.2,45.2,46.75,45.2,46.75,297887
2020-08-12,45.2,45.2,46.75,45.2,46.75,297887
2020-08-13,45.2,45.2,46.75,45.2,46.75,297887
2020-08-14,45.2,45.2,46.75,45.2,46.75,297887
2020-08-17,45.2,45.2,46.75,45.2,46.75,297887
2020-08-18,45.2,45.2,46.75,45.2,46.75,297887
2020-08-19,45.2,45.2,46.75,45.2,46.75,297887
2020-08-20,45.2,45.2,46.75,45.2,46.75,297887
2020-08-21,45.2,45.2,46.75,45.2,46.75,297887
2020-08-24,45.2,45.2,46.75,45.2,46.75,297887
2020-08-25,45.2,45.2,46.75,45.2,46.75,297887
2020-08-26,45.2,45.2,46.75,45.2,46.75,297887
2020-08-27,45.2,45.2,46.75,45.2,46.75,297887
2020-08-28,45.2,45.2,46.75,45.2,46.75,297887
2020-08-31,45.2,45.2,46.75,45.2,46.75,297887
2020-09-01,45.2,45.2,46.75,45.2,46.75,297887
2020-09-02,45.2,45.2,46.75,45.2,46.75,297887
2020-09-03,45.2,45.2,46.75,45.2,46.75,297887
2020-09-04,45.2,45.2,46.75,45.2,46.75,297887
2020-09-07,45.2,45.2,46.75,45.2,46.75,297887
2020-09-08,45.2,45.2,46.75,45.2,46.75,297887
2020-09-09,45.2,45.2,46.75,45.2,46.75,297887
2020-09-10,45.2,45.2,46.75,45.2,46.75,297887
2020-09-11,45.2,45.2,46.75,45.2,46.75,297887
2020-09-14,45.2,45.2,46.75,45.2,46.75,297887
2020-09-15,45.2,45.2,46.75,45.2,46.75,297887
2020-09-16,45.2,45.2,46.75,45.2,46.75,297887
2020-09-17,45.2,45.2,46.75,45.2,46.75,297887
2020-09-18,45.2,45.2,46.75,45.2,46.75,297887
2020-09-21,45.2,45.2,46.75,45.2,46.75,297887
2020-09-22,45.2,45.2,46.75,45.2,46.75,297887
2020-09-23,45.2,45.2,46.75,45.2,46.75,297887
2020-09-24,45.2,45.2,46.75,45.2,46.75,297887
2020-09-25,45.2,45.2,46.75,45.2,46.75,297887
2020-09-28,45.2,45.2,46.75,45.2,46.75,297887
2020-09-29,45.2,45.2,46.75,45.2,46.75,297887
2020-09-30,45.2,45.2,46.75,45.2,46.75,297887
2020-10-05,45.2,45.2,46.75,45.2,46.75,297887
2020-10-06,45.2,45.2,46.75,45.2,46.75,297887
2020-10-07,45.2,45.2,46.75,45.2,46.75,297887
2020-10-08,45.2,45.2,46.75,45.2,46.75,297887
2020-10-12,45.2,45.2,46.75,45.2,46.75,297887
2020-10-13,45.2,45.2,46.75,45.2,46.75,297887
2020-10-14,45.2,45.2,46.75,45.2,46.75,297887
2020-10-15,45.2,45.2,46.75,45.2,46.75,297887
2020-10-16,45.2,45.2,46.75,45.2,46.75,297887
2020-10-19,45.2,45.2,46.75,45.2,46.75,297887
2020-10-20,45.2,45.2,46.75,45.2,46.75,297887
2020-10-21,45.2,45.2,46.75,45.2,46.75,297887
2020-10-22,45.2,45.2,46.75,45.2,46.75,297887
2020-10-23,45.2,45.2,46.75,45.2,46.75,297887
2020-10-26,45.2,45.2,46.75,45.2,46.75,297887
2020-10-27,45.2,45.2,46.75,45.2,46.75,297887
2020-10-28,45.2,45.2,46.75,45.2,46.75,297887
2020-10-29,45.2,45.2,46.75,45.2,46.75,297887
2020-10-30,45.2,45.2,46.75,45.2,46.75,297887
2020-11-02,45.2,45.2,46.75,45.2,46.75,297887
2020-11-03,45.2,45.2,46.75,45.2,46.75,297887
2020-11-04,45.2,45.2,46.75,45.2,46.75,297887
2020-11-05,45.2,45.2,46.75,45.2,46.75,297887
2020-11-06,45.2,45.2,46.75,45.2,46.75,297887
2020-11-09,45.2,45.2,46.75,45.2,46.75,297887
2020-11-10,45.2,45.2,46.75,45.2,46.75,297887
2020-11-11,45.2,45.2,46.75,45.2,46.75,297887
2020-11-12,45.2,45.2,46.75,45.2,46.75,297887
2020-11-13,45.2,45.2,46.75,45.2,46.75,297887
2020-11-16,45.2,45.2,46.75,45.2,46.75,297887
2020-11-17,45.2,45.2,46.75,45.2,46.75,297887
2020-11-18,45.2,45.2,46.75,45.2,46.75,297887
2020-11-19,45.2,45.2,46.75,45.2,46.75,297887
2020-11-20,45.2,45.2,46.75,45.2,46.75,297887
2020-11-23,45.2,45.2,46.75,45.2,46.75,297887
2020-11-24,45.2,45.2,46.75,45.2,46.75,297887
2020-11-25,45.2,45.2,46.75,45.2,46.75,297887
2020-11-26,45.2,45.2,46.75,45.2,46.75,297887
2020-11-27,45.2,45.2,46.75,45.2,46.75,297887
2020-11-30,45.2,45.2,46.75,45.2,46.75,297887
2020-12-01,45.2,45.2,46.75,45.2,46.75,297887
2020-12-02,45.2,45.2,46.75,45.2,46.75,297887
2020-12-04,45.2,45.2,46.75,45.2,46.75,297887
2020-12-07,45.2,45.2,46.75,45.2,46.75,297887
2020-12-08,45.2,45.2,46.75,45.2,46.75,297887
2020-12-09,45.2,45.2,46.75,45.2,46.75,297887
2020-12-10,45.2,45.2,46.75,45.2,46.75,297887
2020-12-11,45.2,45.2,46.75,45.2,46.75,297887
2020-12-14,45.2,45.2,46.75,45.2,46.75,297887
2020-12-15,45.2,45.2,46.75,45.2,46.75,297887
2020-12-16,45.2,45.2,46.75,45.2,46.75,297887
2020-12-17,45.2,45.2,46.75,45.2,46.75,297887
2020-12-18,45.2,45.2,46.75,45.2,46.75,297887
2020-12-21,45.2,45.2,46.75,45.2,46.75,297887
2020-12-22,45.2,45.2,46.75,45.2,46.75,297887
2020-12-23,45.2,45.2,46.75,45.2,46.75,297887
2020-12-24,45.2,45.2,46.75,45.2,46.75,297887
2020-12-25,45.2,45.2,46.75,45.2,46.75,297887
2020-12-28,45.2,45.2,46.75,45.2,46.75,297887
2020-12-29,45.2,45.2,46.75,45.2,46.75,297887
2020-12-30,45.2,45.2,46.75,45.2,46.75,297887
2020-12-31,45.2,45.2,46.75,45.2,46.75,297887
2021-01-04,45.2,45.2,46.75,45.2,46.75,297887
2021-01-05,45.2,45.2,46.75,45.2,46.75,297887
2021-01-06,45.2,45.2,46.75,45.2,46.75,297887
2021-01-07,45.2,45.2,46.75,45.2,46.75,297887
2021-01-08,45.2,45.2,46.75,45.2,46.75,297887
2021-01-11,45.2,45.2,46.75,45.2,46.75,297887
2021-01-12,45.2,45.2,46.75,45.2,46.75,297887
2021-01-13,45.2,45.2,46.75,45.2,46.75,297887
2021-01-14,45.2,45.2,46.75,45.2,46.75,297887
2021-01-15,45.2,45.2,46.75,45.2,46.75,297887
2021-01-18,45.2,45.2,46.75,45.2,46.75,297887
2021-01-19,45.2,45.2,46.75,45.2,46.75,297887
2021-01-20,45.2,45.2,46.75,45.2,46.75,297887
2021-01-21,45.2,45.2,46.75,45.2,46.75,297887
2021-01-22,45.2,45.2,46.75,45.2,46.75,297887
2021-01-25,45.2,45.2,46.75,45.2,46.75,297887
2021-01-26,45.2,45.2,46.75,45.2,46.75,297887
2021-01-27,45.2,45.2,46.75,45.2,46.75,297887
2021-01-28,45.2,45.2,46.75,45.2,46.75,297887
2021-01-29,45.2,45.2,46.75,45.2,46.75,297887
2021-02-01,45.2,45.2,46.75,45.2,46.75,297887
2021-02-02,45.2,45.2,46.75,45.2,46.75,297887
2021-02-03,45.2,45.2,46.75,45.2,46.75,297887
2021-02-04,45.2,45.2,46.75,45.2,46.75,297887
2021-02-05,45.2,45.2,46.75,45.2,46.75,297887
2021-02-17,45.2,45.2,46.75,45.2,46.75,297887
2021-02-18,45.2,45.2,46.75,45.2,46.75,297887
2021-02-19,45.2,45.2,46.75,45.2,46.75,297887
2021-02-22,45.2,45.2,46.75,45.2,46.75,297887
2021-02-23,45.2,45.2,46.75,45.2,46.75,297887
2021-02-24,45.2,45.2,46.75,45.2,46.75,297887
2021-02-25,45.2,45.2,46.75,45.2,46.75,297887
2021-02-26,45.2,45.2,46.75,45.2,46.75,297887
2021-03-02,45.2,45.2,46.75,45.2,46.75,297887
2021-03-03,45.2,45.2,46.75,45.2,46.75,297887
2021-03-04,45.2,45.2,46.75,45.2,46.75,297887
2021-03-05,45.2,45.2,46.75,45.2,46.75,297887
2021-03-08,45.2,45.2,46.75,45.2,46.75,297887
2021-03-09,45.2,45.2,46.75,45.2,46.75,297887
2021-03-10,45.2,45.2,46.75,45.2,46.75,297887
2021-03-11,45.2,45.2,46.75,45.2,46.75,297887
2021-03-12,45.2,45.2,46.75,45.2,46.75,297887
2021-03-15,45.2,45.2,46.75,45.2,46.75,297887
2021-03-16,45.2,45.2,46.75,45.2,46.75,297887
2021-03-17,45.2,45.2,46.75,45.2,46.75,297887
2021-03-18,45.2,45.2,46.75,45.2,46.75,297887
2021-03-19,45.2,45.2,46.75,45.2,46.75,297887
2021-03-22,45.2,45.2,46.75,45.2,46.75,297887
2021-03-23,45.2,45.2,46.75,45.2,46.75,297887
2021-03-24,45.2,45.2,46.75,45.2,46.75,297887
2021-03-25,45.2,45.2,46.75,45.2,46.75,297887
2021-03-26,45.2,45.2,46.75,45.2,46.75,297887
2021-03-29,45.2,45.2,46.75,45.2,46.75,297887
2021-03-30,45.2,45.2,46.75,45.2,46.75,297887
2021-03-31,45.2,45.2,46.75,45.2,46.75,297887
2021-04-01,45.2,45.2,46.75,45.2,46.75,297887
2021-04-06,45.2,45.2,46.75,45.2,46.75,297887
2021-04-07,45.2,45.2,46.75,45.2,46.75,297887
2021-04-08,45.2,45.2,46.75,45.2,46.75,297887
2021-04-09,45.2,45.2,46.75,45.2,46.75,297887
2021-04-12,45.2,45.2,46.75,45.2,46.75,297887
2021-04-13,45.2,45.2,46.75,45.2,46.75,297887
2021-04-14,45.2,45.2,46.75,45.2,46.75,297887
2021-04-15,45.2,45.2,46.75,45.2,46.75,297887
2021-04-16,45.2,45.2,46.75,45.2,46.75,297887
2021-04-19,45.2,45.2,46.75,45.2,46.75,297887
2021-04-20,45.2,45.2,46.75,45.2,46.75,297887
2021-04-21,45.2,45.2,46.75,45.2,46.75,297887
2021-04-22,45.2,45.2,46.75,45.2,46.75,297887
2021-04-23,45.2,45.2,46.75,45.2,46.75,297887
2021-04-26,45.2,45.2,46.75,45.2,46.75,297887
2021-04-27,45.2,45.2,46.75,45.2,46.75,297887
2021-04-28,45.2,45.2,46.75,45.2,46.75,297887
2021-04-29,45.2,45.2,46.75,45.2,46.75,297887
2021-05-03,45.2,45.2,46.75,45.2,46.75,297887
2021-05-04,45.2,45.2,46.75,45.2,46.75,297887
2021-05-05,45.2,45.2,46.75,45.2,46.75,297887
2021-05-06,45.2,45.2,46.75,45.2,46.75,297887
2021-05-07,45.2,45.2,46.75,45.2,46.75,297887
2021-05-10,45.2,45.2,46.75,45.2,46.75,297887
2021-05-11,45.2,45.2,46.75,45.2,46.75,297887
2021-05-12,45.2,45.2,46.75,45.2,46.75,297887
2021-05-13,45.2,45.2,46.75,45.2,46.75,297887
2021-05-14,45.2,45.2,46.75,45.2,46.75,297887
2021-05-17,45.2,45.2,46.75,45.2,46.75,297887
2021-05-18,45.2,45.2,46.75,45.2,46.75,297887
2021-05-19,45.2,45.2,46.75,45.2,46.75,297887
2021-05-20,45.2,45.2,46.75,45.2,46.75,297887
2021-05-21,45.2,45.2,46.75,45.2,46.75,297887
2021-05-24,45.2,45.2,46.75,45.2,46.75,297887
2021-05-25,45.2,45.2,46.75,45.2,46.75,297887
2021-05-26,45.2,45.2,46.75,45.2,46.75,297887
2021-05-27,45.2,45.2,46.75,45.2,46.75,297887
2021-05-28,45.2,45.2,46.75,45.2,46.75,297887
2021-05-31,45.2,45.2,46.75,45.2,46.75,297887
2021-06-01,45.2,45.2,46.75,45.2,46.75,297887
2021-06-02,45.2,45.2,46.75,45.2,46.75,297887
2021-06-03,45.2,45.2,46.75,45.2,46.75,297887
2021-06-04,45.2,45.2,46.75,45.2,46.75,297887
2021-06-07,45.2,45.2,46.75,45.2,46.75,297887
2021-06-08,45.2,45.2,46.75,45.2,46.75,297887
2021-06-09,45.2,45.2,46.75,45.2,46.75,297887
2021-06-10,45.2,45.2,46.75,45.2,46.75,297887
2021-06-11,45.2,45.2,46.75,45.2,46.75,297887
2021-06-15,45.2,45.2,46.75,45.2,46.75,297887
2021-06-16,45.2,45.2,46.75,45.2,46.75,297887
2021-06-17,45.2,45.2,46.75,45.2,46.75,297887
2021-06-18,45.2,45.2,46.75,45.2,46.75,297887
2021-06-21,45.2,45.2,46.75,45.2,46.75,297887
2021-06-22,45.2,45.2,46.75,45.2,46.75,297887
2021-06-23,45.2,45.2,46.75,45.2,46.75,297887
2021-06-24,45.2,45.2,46.75,45.2,46.75,297887
2021-06-25,45.2,45.2,46.75,45.2,46.75,297887
2021-06-28,45.2,45.2,46.75,45.2,46.75,297887
2021-06-29,45.2,45.2,46.75,45.2,46.75,297887
2021-06-30,45.2,45.2,46.75,45.2,46.75,297887
2021-07-01,45.2,45.2,46.75,45.2,46.75,297887
2021-07-02,45.2,45.2,46.75,45.2,46.75,297887
2021-07-05,45.2,45.2,46.75,45.2,46.75,297887
2021-07-06,45.2,45.2,46.75,45.2,46.75,297887
2021-07-07,45.2,45.2,46.75,45.2,46.75,297887
2021-07-08,45.2,45.2,46.75,45.2,46.75,297887
2021-07-09,45.2,45.2,46.75,45.2,46.75,297887
2021-07-12,45.2,45.2,46.75,45.2,46.75,297887
2021-07-13,45.2,45.2,46.75,45.2,46.75,297887
2021-07-14,45.2,45.2,46.75,45.2,46.75,297887
2021-07-15,45.2,45.2,46.75,45.2,46.75,297887
2021-07-16,45.2,45.2,46.75,45.2,46.75,297887
2021-07-19,45.2,45.2,46.75,45.2,46.75,297887
2021-07-20,45.2,45.2,46.75,45.2,46.75,297887
2021-07-21,45.2,45.2,46.75,45.2,46.75,297887
2021-07-22,45.2,45.2,46.75,45.2,46.75,297887
2021-07-23,45.2,45.2,46.75,45.2,46.75,297887
2021-07-26,45.2,45.2,46.75,45.2,46.75,297887
2021-07-27,45.2,45.2,46.75,45.2,46.75,297887
2021-07-28,45.2,45.2,46.75,45.2,46.75,297887
2021-07-29,45.2,45.2,46.75,45.2,46.75,297887
2021-07-30,45.2,45.2,46.75,45.2,46.75,297887
2021-08-02,45.2,45.2,46.75,45.2,46.75,297887
2021-08-03,45.2,45.2,46.75,45.2,46.75,297887
2021-08-04,45.2,45.2,46.75,45.2,46.75,297887
2021-08-05,45.2,45.2,46.75,45.2,46.75,297887
2021-08-06,45.2,45.2,46.75,45.2,46.75,297887
2021-08-09,26.0,26.0,27.95,25.6,27.3,3744000
2021-08-10,26.6,26.6,26.75,25.05,26.0,3639000
2021-08-11,27.1,27.1,28.65,26.6,27.5,5577000
2021-08-12,27.6,27.6,28.5,27.4,27.4,3225000
2021-08-13,27.0,27.0,28.8,26.9,27.9,3173000
2021-08-16,25.9,25.9,27.5,25.2,27.4,2394000
2021-08-17,25.85,25.85,26.95,25.6,26.35,1812000
2021-08-18,28.4,28.4,28.4,25.1,25.1,3681000
2021-08-19,28.4,28.4,29.35,27.7,27.7,5710000
2021-08-20,31.0,31.0,31.0,27.8,28.6,10166000
2021-08-23,30.15,30.15,32.55,30.1,31.8,14667000
2021-08-24,31.65,31.65,33.15,30.25,30.55,18896000
2021-08-25,31.5,31.5,32.95,30.45,31.65,11681000
2021-08-26,31.8,31.8,32.4,31.25,31.6,5495000
2021-08-27,32.1,32.1,33.45,31.8,31.8,11298000
2021-08-30,34.6,34.6,35.0,31.85,32.4,14861000
2021-08-31,33.7,33.7,36.8,33.5,34.1,20990000
2021-09-01,32.2,32.2,33.85,31.8,33.55,9071000
2021-09-02,35.4,35.4,35.4,33.05,33.1,14900000
2021-09-03,35.95,35.95,37.0,34.5,35.15,18634000
2021-09-06,33.85,33.85,36.8,33.7,35.7,6889000
2021-09-07,31.55,31.55,34.65,31.1,34.5,6749000
2021-09-08,30.6,30.6,32.65,30.3,32.0,4381000
2021-09-09,32.05,32.05,32.65,30.3,30.3,4477000
2021-09-10,31.35,31.35,32.75,31.3,32.2,2619000
2021-09-13,30.9,30.9,32.1,30.85,31.05,1931000
2021-09-14,30.85,30.85,31.9,30.7,31.15,2056000
2021-09-15,33.9,33.9,33.9,30.1,30.85,10297000
2021-09-16,32.35,32.35,33.5,32.2,33.25,8836000
2021-09-17,32.3,32.3,33.25,32.0,32.0,2835000
2021-09-22,30.8,30.8,31.8,30.75,31.0,2119000
2021-09-23,30.75,30.75,31.65,30.6,31.4,1490000
2021-09-24,31.0,31.0,31.6,31.0,31.3,1059000
2021-09-27,32.4,32.4,32.75,30.8,31.05,3216000
2021-09-28,32.4,32.4,33.3,31.75,32.05,2513000
2021-09-29,30.8,30.8,32.15,30.65,31.1,2081000
2021-09-30,31.5,31.5,31.85,30.8,31.2,1172000
2021-10-01,28.7,28.7,31.3,28.4,31.1,3807000
2021-10-04,27.5,27.5,29.7,27.1,29.7,2667000
2021-10-05,28.9,28.9,29.2,26.2,26.85,1996000
2021-10-06,27.8,27.8,29.35,27.5,28.9,1675000
2021-10-07,29.95,29.95,30.25,28.5,28.55,2077000
2021-10-08,29.45,29.45,30.8,29.05,29.95,2087000
2021-10-12,29.5,29.5,30.45,29.25,30.4,1453000
2021-10-13,28.75,28.75,30.35,28.55,29.8,1263000
2021-10-14,28.9,28.9,29.7,28.2,29.2,869000
2021-10-15,29.35,29.35,29.85,29.3,29.6,695000
2021-10-18,29.55,29.55,30.05,29.35,29.85,781000
2021-10-19,30.75,30.75,30.8,29.45,29.65,1531000
2021-10-20,30.8,30.8,31.15,30.3,30.9,1491000
2021-10-21,30.85,30.85,32.0,30.5,31.15,2168000
2021-10-22,32.15,32.15,32.75,30.5,31.05,3575000
2021-10-25,32.3,32.3,32.7,30.85,32.0,3613000
2021-10-26,31.15,31.15,32.8,31.1,32.55,1891000
2021-10-27,31.2,31.2,32.05,31.0,31.2,1892000
2021-10-28,31.15,31.15,32.0,31.0,31.45,1415000
2021-10-29,31.6,31.6,32.0,31.3,31.5,1237000
2021-11-01,33.5,33.5,33.8,31.75,31.8,3623000
2021-11-02,31.0,31.0,35.25,30.8,34.05,5851000
2021-11-03,31.05,31.05,31.8,30.05,31.1,1912000
2021-11-04,30.7,30.7,31.6,30.55,31.6,1206000
2021-11-05,30.05,30.05,31.15,30.05,30.9,1500000
2021-11-08,29.5,29.5,30.4,29.2,30.2,1499000
2021-11-09,30.0,30.0,30.35,29.5,29.5,858000
2021-11-10,30.15,30.15,31.5,29.85,30.8,1612000
2021-11-11,32.55,32.55,32.95,30.65,30.75,4922000
2021-11-12,33.55,33.55,34.0,31.9,32.55,5187000
2021-11-15,36.1,36.1,36.7,33.95,34.25,10171000
2021-11-16,36.95,36.95,37.5,35.35,36.1,9339000
2021-11-17,38.65,38.65,39.8,35.95,36.95,9441000
2021-11-18,37.6,37.6,40.0,37.6,38.65,6365000
2021-11-19,36.8,36.8,38.7,36.35,38.3,5407000
2021-11-22,39.4,39.4,39.8,37.05,37.25,6852000
2021-11-23,37.15,37.15,39.1,36.95,39.0,4536000
2021-11-24,38.55,38.55,38.75,36.05,36.85,3986000
2021-11-25,40.95,40.95,41.0,37.7,38.25,4129000
2021-11-26,36.95,36.95,41.95,36.95,40.9,9526000
2021-11-29,37.55,37.55,37.85,35.85,36.0,3701000
2021-11-30,38.2,38.2,39.2,37.6,37.6,3100000
2021-12-01,42.0,42.0,42.0,37.6,37.6,13224000
2021-12-02,39.95,39.95,46.2,39.95,41.35,31635000
2021-12-03,39.75,39.75,41.7,39.2,40.4,8288000
2021-12-06,38.8,38.8,39.65,38.5,39.65,3614000
2021-12-07,38.5,38.5,39.65,38.35,39.4,2767000
2021-12-08,40.5,40.5,41.25,38.7,39.0,4690000
2021-12-09,38.9,38.9,41.0,38.75,40.3,4001000
2021-12-10,38.55,38.55,39.7,38.3,38.7,2278000
2021-12-13,37.7,37.7,38.4,37.5,38.35,2059000
2021-12-14,36.1,36.1,38.05,36.1,37.75,2010000
2021-12-15,37.6,37.6,38.4,36.2,36.25,1807000
2021-12-16,37.55,37.55,38.45,37.4,38.2,1025000
2021-12-17,36.6,36.6,37.7,36.5,37.7,1066000
2021-12-20,36.5,36.5,37.3,36.3,36.9,822000
2021-12-21,37.55,37.55,38.1,37.0,37.0,1617000
2021-12-22,39.55,39.55,40.15,38.35,38.5,5400000
2021-12-23,39.0,39.0,39.95,38.8,39.55,2499000
2021-12-24,38.8,38.8,39.75,38.65,39.1,1460000
2021-12-27,38.9,38.9,39.5,38.5,39.0,961000
2021-12-28,38.6,38.6,39.7,38.6,39.25,872000
2021-12-29,40.5,40.5,41.95,38.9,39.05,10142000
2021-12-30,41.95,41.95,41.95,39.8,40.9,5513000
2022-01-03,40.65,40.65,43.5,40.65,42.7,5767000
2022-01-04,39.85,39.85,41.05,39.65,40.75,1790000
2022-01-05,40.0,40.0,40.3,38.9,39.9,1747000
2022-01-06,40.1,40.1,40.4,39.2,39.2,950000
2022-01-07,39.3,39.3,40.8,38.95,40.75,1705000
2022-01-10,39.7,39.7,40.4,38.8,39.2,1049000
2022-01-11,39.05,39.05,40.6,38.9,40.5,1666000
2022-01-12,37.65,37.65,39.5,37.55,39.5,1884000
2022-01-13,37.15,37.15,37.85,36.8,37.85,888000
2022-01-14,37.0,37.0,37.25,35.9,37.0,1496000
2022-01-17,38.65,38.65,38.65,36.75,37.0,851000
2022-01-18,37.65,37.65,39.0,37.65,38.65,756000
2022-01-19,37.15,37.15,37.6,36.85,36.85,402000
2022-01-20,37.9,37.9,37.9,36.95,37.1,372000
2022-01-21,36.5,36.5,37.3,36.3,37.3,990000
2022-01-24,35.5,35.5,36.15,34.2,35.6,1193000
2022-01-25,35.35,35.35,36.2,35.2,35.3,796000
2022-01-26,34.95,34.95,35.85,34.75,35.35,586000
2022-02-07,36.3,36.3,36.4,35.3,35.5,358000
2022-02-08,37.5,37.5,37.8,36.4,36.4,783000
2022-02-09,38.1,38.1,38.35,37.3,37.65,836000
2022-02-10,37.3,37.3,38.3,37.1,38.1,619000
2022-02-11,37.5,37.5,37.75,37.05,37.2,342000
2022-02-14,36.15,36.15,37.1,36.05,37.1,550000
2022-02-15,36.45,36.45,37.15,35.9,35.95,585000
2022-02-16,37.15,37.15,37.25,36.75,37.2,316000
2022-02-17,36.5,36.5,37.8,36.45,37.35,670000
2022-02-18,36.8,36.8,37.1,36.35,36.55,342000
2022-02-21,36.65,36.65,36.75,36.4,36.7,268000
2022-02-22,35.35,35.35,36.5,35.3,36.5,720000
2022-02-23,35.6,35.6,35.85,35.35,35.35,200000
2022-02-24,33.75,33.75,35.3,33.65,35.3,917000
2022-02-25,33.75,33.75,34.7,33.4,34.7,467000
2022-03-01,34.75,34.75,34.85,34.2,34.2,318000
2022-03-02,34.5,34.5,34.55,34.05,34.4,297000
2022-03-03,34.5,34.5,35.0,34.35,35.0,283000
2022-03-04,34.0,34.0,34.6,33.85,34.3,316000
2022-03-07,31.55,31.55,33.7,31.3,33.7,799000
2022-03-08,31.5,31.5,32.3,30.2,31.0,743000
2022-03-09,31.6,31.6,32.15,31.5,32.15,343000
2022-03-10,32.2,32.2,32.75,32.15,32.2,277000
2022-03-11,31.75,31.75,32.2,31.5,32.2,188000
2022-03-14,32.7,32.7,33.3,31.75,31.75,464000
2022-03-15,31.6,31.6,32.35,31.45,32.35,394000
2022-03-16,31.7,31.7,32.2,31.55,32.2,210000
2022-03-17,32.35,32.35,32.7,32.25,32.3,272000
2022-03-18,33.25,33.25,33.3,32.5,32.65,435000
2022-03-21,33.3,33.3,33.9,33.25,33.8,263000
2022-03-22,34.25,34.25,34.3,33.3,33.6,271000
2022-03-23,34.6,34.6,34.75,34.3,34.35,279000
2022-03-24,35.0,35.0,35.15,34.3,34.5,248000
2022-03-25,35.0,35.0,35.5,34.8,34.8,650000
2022-03-28,34.9,34.9,35.05,34.35,35.0,292000
2022-03-29,35.35,35.35,36.05,35.2,35.5,587000
2022-03-30,35.7,35.7,35.8,35.5,35.8,448000
2022-03-31,35.65,35.65,36.0,35.15,35.4,394000
2022-04-01,35.85,35.85,35.95,35.45,35.5,222000
2022-04-06,35.6,35.6,35.6,35.1,35.25,258000
2022-04-07,34.8,34.8,36.1,34.55,35.55,385000
2022-04-08,35.75,35.75,35.75,34.75,34.8,284000
2022-04-11,35.75,35.75,36.85,35.7,35.7,650000
2022-04-12,36.3,36.3,36.75,35.25,36.0,777000
2022-04-13,36.15,36.15,37.6,36.15,36.8,937000
2022-04-14,35.85,35.85,36.4,35.75,36.4,336000
2022-04-15,35.5,35.5,35.85,35.2,35.5,365000
2022-04-18,34.9,34.9,35.2,34.8,35.2,246000
2022-04-19,35.55,35.55,35.85,35.1,35.5,177000
2022-04-20,35.7,35.7,35.95,35.25,35.95,108000
2022-04-21,35.35,35.35,35.85,35.3,35.85,115000
2022-04-22,34.0,34.0,35.15,34.0,35.1,633000
2022-04-25,33.75,33.75,34.15,32.9,33.0,571000
2022-04-26,33.9,33.9,34.5,33.75,34.2,305000
2022-04-27,32.65,32.65,33.5,31.8,33.5,498000
2022-04-28,32.85,32.85,33.35,32.5,32.7,220000
2022-04-29,33.55,33.55,33.9,33.3,33.45,183000
2022-05-03,33.55,33.55,33.75,33.35,33.55,95000
2022-05-04,33.75,33.75,34.0,33.55,33.55,131000
2022-05-05,34.15,34.15,34.7,34.0,34.15,217000
2022-05-06,33.7,33.7,33.85,33.2,33.85,100000
2022-05-09,34.45,34.45,35.65,34.45,34.75,1076000
2022-05-10,36.95,36.95,37.1,34.0,34.45,2635000
2022-05-11,35.0,35.0,37.4,35.0,36.7,2556000
2022-05-12,33.8,33.8,35.4,33.6,35.05,1900000
2022-05-13,34.9,34.9,34.9,34.2,34.2,539000
2022-05-16,35.9,35.9,36.5,35.5,35.7,1312000
2022-05-17,37.4,37.4,37.55,35.9,35.9,2267000
2022-05-18,36.75,36.75,37.85,36.7,37.6,1608000
2022-05-19,38.5,38.5,39.4,35.9,36.0,4038000
2022-05-20,40.6,40.6,41.25,37.9,39.2,10312000
2022-05-23,39.9,39.9,41.4,39.75,40.65,6636000
2022-05-24,37.45,37.45,40.25,37.1,39.8,4577000
2022-05-25,38.4,38.4,38.9,37.75,37.95,2618000
2022-05-26,38.5,38.5,39.1,38.2,38.8,2128000
2022-05-27,38.9,38.9,39.9,38.6,38.95,2600000
2022-05-30,39.2,39.2,40.15,39.0,39.3,2256000
2022-05-31,40.1,40.1,40.9,39.05,39.05,3517000
2022-06-01,39.7,39.7,40.75,39.55,40.3,1927000
2022-06-02,39.6,39.6,40.2,39.35,39.35,995000
2022-06-06,38.05,38.05,39.95,38.05,39.95,1416000
2022-06-07,39.05,39.05,39.8,38.05,38.1,1408000
2022-06-08,38.85,38.85,39.45,38.45,39.05,1031000
2022-06-09,39.15,39.15,39.9,39.15,39.5,986000
2022-06-10,39.2,39.2,39.3,38.55,38.8,552000
2022-06-13,38.0,38.0,38.8,38.0,38.5,765000
2022-06-14,37.75,37.75,37.8,36.5,37.6,1218000
2022-06-15,37.15,37.15,38.2,36.8,37.65,612000
2022-06-16,36.5,36.5,38.1,36.5,37.6,791000
2022-06-17,35.15,35.15,36.05,35.0,35.1,1148000
2022-06-20,33.7,33.7,35.6,33.6,35.6,1225000
2022-06-21,34.7,34.7,34.85,34.0,34.2,292000
2022-06-22,33.5,33.5,34.85,33.5,34.5,652000
2022-06-23,33.65,33.65,34.0,33.0,33.5,715000
2022-06-24,34.2,34.2,34.6,33.6,34.4,480000
2022-06-27,34.6,34.6,35.05,34.4,34.6,574000
2022-06-28,33.8,33.8,34.55,33.6,34.55,621000
2022-06-29,34.15,34.15,34.2,33.55,33.6,408000
2022-06-30,33.1,33.1,34.15,33.1,34.1,775000
2022-07-01,31.05,31.05,33.25,31.05,33.1,1193000
2022-07-04,31.3,31.3,31.8,31.0,31.2,318000
2022-07-05,31.8,31.8,32.1,30.7,31.95,392000
2022-07-06,30.0,30.0,31.6,30.0,31.5,597000
2022-07-07,31.3,31.3,31.55,29.75,30.55,500000
2022-07-08,32.45,32.45,32.6,31.85,31.85,429000
2022-07-11,32.0,32.0,32.25,31.35,32.25,409000
2022-07-12,31.35,31.35,31.5,30.6,31.4,358000
2022-07-13,31.3,31.3,32.05,31.2,31.65,400000
2022-07-14,31.75,31.75,31.9,30.7,31.2,298000
2022-07-15,32.2,32.2,32.55,31.8,31.9,366000
2022-07-18,32.7,32.7,32.8,32.3,32.3,206000
2022-07-19,33.2,33.2,33.2,32.4,32.45,303000
2022-07-20,33.4,33.4,34.2,33.35,33.35,434000
2022-07-21,34.05,34.05,34.1,33.4,33.4,345000
2022-07-22,34.55,34.55,34.8,34.0,34.45,460000
2022-07-25,34.15,34.15,34.55,34.1,34.2,166000
2022-07-26,33.4,33.4,34.15,33.0,34.1,282000
2022-07-27,34.0,34.0,34.2,33.25,33.25,117000
2022-07-28,33.6,33.6,34.25,33.6,34.0,138000
2022-07-29,33.9,33.9,34.3,33.85,33.85,222000
2022-08-01,33.55,33.55,33.95,33.55,33.95,96000
2022-08-02,32.6,32.6,33.4,32.6,33.4,237000
2022-08-03,32.2,32.2,32.9,32.0,32.6,233000
2022-08-04,31.65,31.65,32.6,31.15,32.3,275000
2022-08-05,32.85,32.85,32.95,32.45,32.6,173000
2022-08-08,34.4,34.4,34.5,33.0,33.0,704000
2022-08-09,35.0,35.0,35.0,34.0,34.0,530000
2022-08-10,36.65,36.65,38.3,36.65,37.0,2793000
2022-08-11,37.55,37.55,37.8,36.8,37.3,1068000
2022-08-12,38.15,38.15,38.8,37.85,38.3,1322000
2022-08-15,39.6,39.6,39.9,38.35,38.8,1946000
2022-08-16,39.8,39.8,40.4,39.4,39.6,1560000
2022-08-17,39.4,39.4,40.05,39.25,40.0,904000
2022-08-18,40.9,40.9,41.2,39.85,39.95,3682000
2022-08-19,41.6,41.6,41.7,40.5,40.95,1730000
2022-08-22,41.0,41.0,42.35,41.0,41.8,2205000
2022-08-23,40.7,40.7,41.0,40.1,40.6,1353000
2022-08-24,41.25,41.25,41.65,41.0,41.0,1195000
2022-08-25,41.35,41.35,41.7,40.9,41.4,1456000
2022-08-26,39.65,39.65,40.25,39.5,39.95,1434000
2022-08-29,38.65,38.65,38.95,38.15,38.3,553000
2022-08-30,39.2,39.2,39.3,38.85,38.85,568000
2022-08-31,39.1,39.1,39.4,39.05,39.3,439000
2022-09-01,38.3,38.3,38.8,38.3,38.8,659000
2022-09-02,38.4,38.4,38.85,38.2,38.6,353000
2022-09-05,36.8,36.8,38.75,36.8,38.45,859000
2022-09-06,36.3,36.3,37.35,35.9,37.05,633000
2022-09-07,36.15,36.15,36.9,35.65,36.3,249000
2022-09-08,37.1,37.1,37.4,36.35,36.7,608000
2022-09-12,36.8,36.8,37.55,36.65,37.4,613000
2022-09-13,37.8,37.8,37.85,36.85,37.2,499000
2022-09-14,38.0,38.0,38.05,36.8,36.8,662000
2022-09-15,37.9,37.9,38.6,37.85,38.05,612000
2022-09-16,38.15,38.15,38.3,37.0,37.9,1020000
2022-09-19,37.6,37.6,38.95,37.45,38.8,1666000
2022-09-20,38.3,38.3,38.45,37.4,37.6,1157000
2022-09-21,37.6,37.6,38.25,37.6,38.0,517000
2022-09-22,38.1,38.1,38.3,37.05,37.35,939000
2022-09-23,37.75,37.75,38.75,37.75,38.05,945000
2022-09-26,35.7,35.7,37.65,35.7,37.65,1052000
2022-09-27,36.15,36.15,36.35,34.9,35.8,680000
2022-09-28,33.75,33.75,36.1,33.65,36.1,753000
2022-09-29,34.05,34.05,34.9,33.75,34.8,394000
2022-09-30,34.0,34.0,34.25,32.85,33.55,350000
2022-10-03,33.85,33.85,34.1,33.4,33.7,227000
2022-10-04,34.8,34.8,35.1,34.1,34.6,412000
2022-10-05,34.8,34.8,35.5,34.55,35.45,244000
2022-10-06,34.2,34.2,34.75,34.05,34.75,433000
2022-10-07,33.45,33.45,34.1,33.3,34.0,571000
2022-10-11,30.35,30.35,31.35,30.2,31.15,1185000
2022-10-12,30.45,30.45,30.85,29.65,30.8,485000
2022-10-13,28.3,28.3,30.8,28.1,30.5,825000
2022-10-14,29.5,29.5,29.6,29.05,29.05,271000
2022-10-17,29.15,29.15,29.2,27.95,29.0,432000
2022-10-18,29.3,29.3,29.7,29.0,29.6,282000
2022-10-19,29.7,29.7,30.25,29.2,29.3,508000
2022-10-20,28.9,28.9,29.5,28.5,29.5,464000
2022-10-21,28.25,28.25,28.95,27.95,28.95,275000
2022-10-24,28.5,28.5,29.1,28.25,29.0,367000
2022-10-25,27.2,27.2,28.5,27.2,28.5,574000
2022-10-26,26.95,26.95,27.5,26.95,27.5,360000
2022-10-27,27.7,27.7,27.7,27.25,27.45,219000
2022-10-28,26.7,26.7,27.65,26.6,27.5,329000
2022-10-31,28.25,28.25,28.45,26.95,27.05,473000
2022-11-01,29.0,29.0,29.2,28.25,28.45,345000
2022-11-02,29.35,29.35,29.55,29.0,29.15,272000
2022-11-03,29.95,29.95,30.05,28.9,29.1,288000
2022-11-04,30.4,30.4,30.55,29.5,29.7,304000
2022-11-07,31.85,31.85,32.1,30.85,30.85,551000
2022-11-08,32.45,32.45,33.2,31.95,31.95,1089000
2022-11-09,32.35,32.35,32.8,32.15,32.35,605000
2022-11-10,32.7,32.7,32.95,32.2,32.35,278000
2022-11-11,33.05,33.05,34.3,32.5,34.3,857000
2022-11-14,33.05,33.05,33.7,32.85,33.2,794000
2022-11-15,34.0,34.0,34.1,33.1,33.1,779000
2022-11-16,33.8,33.8,34.4,33.35,34.05,599000
2022-11-17,36.5,36.5,36.9,33.9,33.9,2190000
2022-11-18,36.75,36.75,37.8,36.35,37.0,2354000
2022-11-21,37.2,37.2,37.8,36.05,36.75,981000
2022-11-22,37.05,37.05,37.45,36.8,37.25,488000
2022-11-23,36.85,36.85,38.1,36.85,37.1,654000
2022-11-24,36.9,36.9,37.45,36.7,37.45,383000
2022-11-25,36.5,36.5,37.1,36.5,36.95,384000
2022-11-28,37.4,37.4,38.8,36.0,36.45,1607000
2022-11-29,37.85,37.85,38.1,36.95,37.1,683000
2022-11-30,38.15,38.15,38.6,37.65,37.65,605000
2022-12-01,38.25,38.25,38.65,38.2,38.35,615000
2022-12-02,38.75,38.75,39.25,38.45,38.45,866000
2022-12-05,37.85,37.85,39.15,37.65,38.85,682000
2022-12-06,37.8,37.8,38.3,37.05,37.8,749000
2022-12-07,37.6,37.6,38.5,37.05,37.8,668000
2022-12-08,38.6,38.6,38.9,37.6,37.6,967000
2022-12-09,38.35,38.35,39.45,38.35,38.95,765000
2022-12-12,38.1,38.1,38.25,37.2,38.2,366000
2022-12-13,37.2,37.2,38.5,37.2,38.5,456000
2022-12-14,37.9,37.9,38.0,37.4,37.75,384000
2022-12-15,38.05,38.05,38.5,37.9,37.9,369000
2022-12-16,37.35,37.35,37.5,37.1,37.5,402000
2022-12-19,37.05,37.05,37.25,37.0,37.2,213000
2022-12-20,37.35,37.35,38.35,37.0,37.05,1027000
2022-12-21,37.25,37.25,37.7,37.05,37.7,289000
2022-12-22,37.4,37.4,37.85,37.3,37.45,230000
2022-12-23,36.85,36.85,37.15,36.75,37.1,279000
2022-12-26,36.65,36.65,37.0,36.4,36.85,575000
2022-12-27,37.15,37.15,37.35,36.8,36.9,218000
2022-12-28,36.0,36.0,37.15,36.0,37.15,431000
2022-12-29,35.85,35.85,36.0,35.4,35.9,192000
2022-12-30,35.6,35.6,36.2,35.6,36.2,243000
2023-01-03,35.65,35.65,35.8,35.1,35.35,137000
2023-01-04,37.0,37.0,37.05,35.65,35.65,498000
2023-01-05,37.05,37.05,37.35,36.8,37.3,420000
2023-01-06,38.0,38.0,38.0,36.85,37.3,1179000
2023-01-09,38.05,38.05,38.75,38.05,38.35,1663000
2023-01-10,36.15,36.15,36.75,36.15,36.3,1444000
2023-01-11,36.2,36.2,36.35,35.95,36.35,319000
2023-01-12,35.85,35.85,36.5,35.75,36.5,339000
2023-01-13,35.45,35.45,36.1,35.45,36.0,507000
2023-01-16,35.45,35.45,35.65,35.25,35.65,245000
2023-01-17,35.3,35.3,35.55,35.3,35.45,329000
2023-01-30,36.35,36.35,36.85,35.95,35.95,879000
2023-01-31,36.85,36.85,37.0,36.3,36.5,828000
2023-02-01,37.9,37.9,37.9,37.0,37.0,1268000
2023-02-02,39.95,39.95,40.2,37.9,38.0,3491000
2023-02-03,39.5,39.5,40.7,39.2,40.0,2808000
2023-02-06,39.15,39.15,39.75,38.55,39.1,775000
2023-02-07,38.7,38.7,39.5,38.55,39.5,605000
2023-02-08,38.6,38.6,39.3,38.6,39.0,677000
2023-02-09,41.3,41.3,41.4,38.9,38.9,4736000
2023-02-10,39.25,39.25,41.45,39.15,41.0,2865000
2023-02-13,39.1,39.1,39.8,38.95,39.5,921000
2023-02-14,39.3,39.3,39.6,39.25,39.4,511000
2023-02-15,39.15,39.15,39.9,39.1,39.45,723000
2023-02-16,40.3,40.3,40.7,39.5,39.55,1409000
2023-02-17,40.6,40.6,41.0,40.1,40.4,1288000
2023-02-20,40.5,40.5,40.9,40.3,40.8,985000
2023-02-21,40.55,40.55,41.65,40.3,40.6,1932000
2023-02-22,40.5,40.5,40.5,39.45,40.2,1271000
2023-02-23,43.7,43.7,44.45,40.6,40.6,5259000
2023-02-24,48.05,48.05,48.05,43.8,43.95,14037000
2023-03-01,47.3,47.3,48.8,46.25,47.95,10447000
2023-03-02,46.5,46.5,47.6,45.5,47.0,4781000
2023-03-03,51.1,51.1,51.1,46.3,46.65,7727000
2023-03-06,49.7,49.7,53.9,49.6,52.7,18782000
2023-03-07,49.5,49.5,50.5,49.1,49.3,4614000
2023-03-08,50.4,50.4,50.4,49.15,50.0,3508000
2023-03-09,47.6,47.6,50.7,47.4,50.4,5435000
2023-03-10,45.55,45.55,47.4,45.25,46.85,3707000
2023-03-13,45.05,45.05,46.1,43.0,46.1,3651000
2023-03-14,45.15,45.15,46.75,44.5,44.9,2383000
2023-03-15,45.0,45.0,46.15,45.0,45.8,1360000
2023-03-16,43.45,43.45,44.9,43.0,44.1,2581000
2023-03-17,45.7,45.7,45.85,44.0,44.0,2200000
2023-03-20,47.05,47.05,47.3,44.9,45.4,2941000
2023-03-21,48.75,48.75,49.35,47.1,47.5,9573000
2023-03-22,49.9,49.9,49.9,48.3,48.8,7123000
2023-03-23,50.8,50.8,51.3,49.7,50.3,7911000
2023-03-24,50.5,50.5,50.8,49.0,50.7,5235000
2023-03-27,50.6,50.6,51.5,49.5,50.6,3969000
2023-03-28,49.65,49.65,52.3,48.8,51.0,6791000
2023-03-29,44.85,44.85,49.0,44.7,48.5,9472000
2023-03-30,46.05,46.05,46.7,45.25,45.6,3337000
2023-03-31,47.55,47.55,48.2,46.0,46.2,3034000
2023-04-06,47.6,47.6,47.6,44.15,44.15,2839000
2023-04-07,47.3,47.3,47.9,46.9,47.65,1485000
2023-04-10,47.3,47.3,47.8,46.85,47.3,1254000
2023-04-11,47.25,47.25,47.8,47.05,47.5,1024000
2023-04-12,48.15,48.15,48.5,47.0,47.7,1509000
2023-04-13,47.5,47.5,48.2,47.35,48.1,906000
2023-04-14,46.5,46.5,47.55,46.3,47.4,1584000
2023-04-17,47.15,47.15,47.6,46.65,46.65,940000
2023-04-18,48.25,48.25,49.4,47.5,47.5,3167000
2023-04-19,47.55,47.55,48.85,47.15,48.3,1775000
2023-04-20,45.8,45.8,47.8,45.5,47.45,1988000
2023-04-21,44.8,44.8,46.2,44.4,45.9,1202000
2023-04-24,44.9,44.9,45.6,44.3,44.4,462000
2023-04-25,43.05,43.05,45.1,42.75,44.9,1614000
2023-04-26,42.95,42.95,43.35,41.55,41.55,721000
2023-04-27,42.9,42.9,43.15,42.05,42.6,595000
2023-04-28,43.55,43.55,43.65,43.1,43.35,655000
2023-05-02,43.9,43.9,44.0,43.15,43.55,373000
2023-05-03,43.1,43.1,43.9,43.0,43.9,408000
2023-05-04,42.6,42.6,43.6,42.5,43.45,471000
2023-05-05,43.25,43.25,43.35,42.85,42.95,342000
2023-05-08,43.0,43.0,43.5,42.75,43.5,298000
2023-05-09,40.6,40.6,42.85,40.6,42.8,1178000
2023-05-10,40.95,40.95,41.05,40.5,40.8,350000
2023-05-11,39.35,39.35,40.95,39.3,40.95,1108000
2023-05-12,40.0,40.0,40.3,39.0,39.0,397000
2023-05-15,39.65,39.65,40.25,39.0,40.25,314000
2023-05-16,40.0,40.0,40.3,39.8,39.8,245000
2023-05-17,41.05,41.05,41.1,39.85,39.85,662000
2023-05-18,41.4,41.4,42.05,40.75,41.35,978000
2023-05-19,41.1,41.1,42.15,41.0,41.85,862000
2023-05-22,41.75,41.75,42.15,41.15,41.15,543000
2023-05-23,41.8,41.8,42.75,41.25,42.75,643000
2023-05-24,41.75,41.75,42.05,41.3,41.75,395000
2023-05-25,41.75,41.75,42.5,41.05,42.5,422000
2023-05-26,41.35,41.35,42.25,41.2,42.25,565000
2023-05-29,41.9,41.9,42.2,41.4,41.4,528000
2023-05-30,41.05,41.05,42.4,41.05,42.2,881000
2023-05-31,41.9,41.9,42.05,41.15,41.15,494000
2023-06-01,41.9,41.9,42.0,41.65,42.0,281000
2023-06-02,42.0,42.0,42.3,41.95,42.2,457000
2023-06-05,42.25,42.25,42.45,42.05,42.1,452000
2023-06-06,41.7,41.7,42.45,41.5,42.4,573000
2023-06-07,42.15,42.15,42.35,41.8,41.8,432000
2023-06-08,42.35,42.35,43.5,42.2,42.4,970000
2023-06-09,41.7,41.7,42.8,41.6,42.6,698000
2023-06-12,39.9,39.9,41.6,39.5,41.6,1309000
2023-06-13,40.15,40.15,40.5,39.9,40.3,328000
2023-06-14,40.3,40.3,40.4,39.9,40.15,362000
2023-06-15,40.15,40.15,40.5,40.0,40.15,327000
2023-06-16,40.35,40.35,40.7,40.15,40.15,343000
2023-06-19,40.2,40.2,40.6,40.2,40.35,247000
2023-06-20,40.5,40.5,40.8,40.15,40.7,325000
2023-06-21,40.65,40.65,40.8,40.4,40.65,263000
2023-06-26,40.35,40.35,40.85,40.1,40.65,342000
2023-06-27,40.25,40.25,40.85,40.0,40.35,421000
2023-06-28,40.45,40.45,40.65,40.25,40.4,97000
2023-06-29,40.7,40.7,40.95,40.5,40.5,347000
2023-06-30,41.45,41.45,41.5,40.65,40.7,409000
2023-07-03,42.2,42.2,42.25,41.6,41.6,521000
2023-07-04,42.35,42.35,42.45,41.85,42.45,584000
2023-07-05,42.1,42.1,42.4,42.0,42.2,315000
2023-07-06,41.9,41.9,42.95,41.9,42.1,611000
2023-07-07,41.55,41.55,42.3,41.0,41.9,504000
2023-07-10,39.8,39.8,40.7,39.7,40.7,983000
2023-07-11,39.85,39.85,40.15,39.75,40.15,377000
2023-07-12,39.35,39.35,40.1,39.3,40.0,350000
2023-07-13,38.8,38.8,39.8,38.8,39.6,718000
2023-07-14,39.1,39.1,39.35,38.8,38.9,204000
2023-07-17,40.15,40.15,40.3,39.1,39.1,351000
2023-07-18,39.45,39.45,40.5,39.25,40.4,358000
2023-07-19,39.05,39.05,39.95,39.0,39.65,218000
2023-07-20,38.9,38.9,39.65,38.9,39.65,323000
2023-07-21,38.55,38.55,38.85,38.25,38.6,278000
2023-07-24,37.55,37.55,38.5,37.3,38.4,518000
2023-07-25,38.2,38.2,38.35,37.65,37.65,398000
2023-07-26,37.3,37.3,38.2,37.2,38.2,524000
2023-07-27,38.3,38.3,38.4,37.3,37.3,281000
2023-07-28,38.35,38.35,39.0,38.1,38.15,250000
2023-07-31,38.05,38.05,38.6,37.7,38.6,279000
2023-08-01,37.65,37.65,38.1,37.35,38.05,304000
2023-08-02,36.95,36.95,37.8,36.9,37.7,459000
2023-08-04,37.6,37.6,37.7,36.65,37.2,182000
2023-08-07,38.1,38.1,38.15,37.35,37.35,145000
2023-08-08,37.9,37.9,38.45,37.8,38.45,142000
2023-08-09,36.9,36.9,37.5,36.75,37.0,458000
2023-08-10,35.55,35.55,37.2,35.45,37.2,519000
2023-08-11,35.65,35.65,36.0,35.5,35.55,234000
2023-08-14,35.45,35.45,36.0,34.8,35.6,542000
2023-08-15,35.6,35.6,35.7,35.3,35.5,402000
2023-08-16,35.4,35.4,35.45,34.8,35.45,190000
2023-08-17,36.2,36.2,36.4,34.9,35.75,519000
2023-08-18,36.2,36.2,36.4,35.8,36.2,185000
2023-08-21,36.2,36.2,36.6,36.0,36.6,169000
2023-08-22,36.1,36.1,36.35,36.0,36.35,180000
2023-08-23,36.5,36.5,36.6,36.1,36.35,189000
2023-08-24,37.45,37.45,38.4,36.6,36.6,749000
2023-08-25,32.9,32.9,33.55,32.85,33.55,494000
2023-08-28,31.0,31.0,32.9,30.6,32.9,642000
2023-08-29,30.9,30.9,31.1,30.5,31.05,190000
2023-08-30,30.85,30.85,31.1,30.8,31.0,225000
2023-08-31,30.9,30.9,31.05,30.75,31.05,130000
2023-09-01,31.1,31.1,31.55,30.95,30.95,228000
2023-09-04,31.15,31.15,31.25,30.8,31.25,174000
2023-09-05,31.55,31.55,31.75,30.8,30.8,192000
2023-09-06,31.85,31.85,31.9,31.45,31.8,173000
2023-09-07,32.1,32.1,32.55,31.95,31.95,211000
2023-09-08,31.7,31.7,32.35,31.6,32.35,129000
2023-09-11,31.45,31.45,32.15,31.4,32.15,170000
2023-09-12,32.05,32.05,32.8,31.45,31.5,129000
2023-09-13,32.05,32.05,32.25,32.05,32.25,46000
2023-09-14,32.3,32.3,32.5,32.1,32.15,167000
2023-09-15,31.6,31.6,32.4,31.55,32.4,299000
2023-09-18,31.5,31.5,31.8,31.3,31.6,219000
2023-09-19,32.2,32.2,32.95,31.7,31.9,537000
2023-09-20,32.55,32.55,33.3,32.4,32.4,1304000
2023-09-21,31.9,31.9,32.6,31.85,32.6,196000
2023-09-22,32.95,32.95,32.95,31.65,32.1,160000
2023-09-25,33.5,33.5,33.6,33.1,33.3,426000
2023-09-26,33.15,33.15,33.5,33.0,33.5,116000
2023-09-27,33.2,33.2,33.2,32.15,33.15,164000
2023-09-28,33.1,33.1,33.65,33.1,33.2,146000
2023-10-02,33.25,33.25,33.55,32.9,33.5,238000
2023-10-03,33.4,33.4,33.5,32.7,33.4,222000
2023-10-04,32.85,32.85,33.2,32.25,32.55,116000
2023-10-05,33.15,33.15,33.65,32.85,32.85,165000
2023-10-06,33.1,33.1,33.55,32.9,33.55,82000
2023-10-11,31.4,31.4,32.6,31.25,32.6,275000
2023-10-12,31.0,31.0,31.2,30.65,31.0,238000
2023-10-13,30.6,30.6,31.05,30.6,31.0,188000
2023-10-16,29.5,29.5,30.6,29.45,30.6,273000
2023-10-17,29.55,29.55,29.9,29.2,29.7,121000
2023-10-18,28.4,28.4,29.35,28.0,29.35,292000
2023-10-19,28.6,28.6,28.9,28.35,28.4,113000
2023-10-20,28.9,28.9,28.95,28.05,28.9,121000
2023-10-23,29.0,29.0,29.2,29.0,29.2,65000
2023-10-24,29.45,29.45,29.7,29.0,29.7,103000
2023-10-25,29.7,29.7,29.95,29.6,29.6,83000
2023-10-26,29.35,29.35,29.55,29.3,29.3,29000
2023-10-27,29.25,29.25,29.6,29.2,29.5,91000
2023-10-30,29.0,29.0,29.5,29.0,29.25,50000
2023-10-31,28.3,28.3,29.2,28.25,29.05,90000
2023-11-01,28.1,28.1,28.6,28.0,28.3,104000
2023-11-02,28.8,28.8,28.85,28.25,28.25,70000
2023-11-03,28.8,28.8,29.05,28.75,28.95,45000
2023-11-06,29.2,29.2,29.5,29.0,29.0,106000
2023-11-07,29.7,29.7,29.8,29.45,29.75,70000
2023-11-08,30.05,30.05,30.2,29.85,29.9,112000
2023-11-09,29.65,29.65,30.0,29.45,30.0,82000
2023-11-10,29.4,29.4,29.7,29.3,29.65,45000
2023-11-13,29.45,29.45,29.45,29.0,29.4,54000
2023-11-14,29.4,29.4,29.5,29.25,29.4,59000
2023-11-15,29.55,29.55,30.2,29.5,29.7,75000
2023-11-16,29.5,29.5,29.7,29.25,29.25,59000
2023-11-17,30.35,30.35,30.35,29.6,29.7,204000
2023-11-20,33.35,33.35,33.35,31.7,31.7,868000
2023-11-21,34.5,34.5,35.65,34.5,34.6,3077000
2023-11-22,35.1,35.1,35.2,33.7,34.4,872000
2023-11-23,34.7,34.7,35.3,34.55,35.1,459000
2023-11-24,34.15,34.15,34.85,34.0,34.85,293000
2023-11-27,34.2,34.2,35.05,34.2,34.2,365000
2023-11-28,34.55,34.55,34.9,34.45,34.8,199000
2023-11-29,34.35,34.35,34.8,34.3,34.8,210000
2023-11-30,34.95,34.95,35.15,34.4,34.65,620000
2023-12-01,34.55,34.55,35.3,34.55,35.3,239000
2023-12-04,34.85,34.85,35.15,34.55,34.6,171000
2023-12-05,34.3,34.3,34.85,34.2,34.85,120000
2023-12-06,34.2,34.2,34.5,34.1,34.3,183000
2023-12-07,33.7,33.7,34.8,33.5,34.8,308000
2023-12-08,33.5,33.5,34.15,33.5,34.1,220000
2023-12-11,33.0,33.0,33.5,33.0,33.5,192000
2023-12-12,32.95,32.95,33.15,32.65,33.05,228000
2023-12-13,33.25,33.25,33.5,33.0,33.0,103000
2023-12-14,33.25,33.25,33.65,33.2,33.4,144000
2023-12-15,32.6,32.6,33.35,32.6,33.35,218000
2023-12-18,32.7,32.7,32.9,32.55,32.6,65000
2023-12-19,32.3,32.3,32.7,32.0,32.7,103000
2023-12-20,32.5,32.5,32.6,32.3,32.3,50000
2023-12-21,32.1,32.1,32.5,32.05,32.5,89000
2023-12-22,32.35,32.35,32.4,32.0,32.1,75000
2023-12-25,32.25,32.25,32.6,32.25,32.6,74000
2023-12-26,32.5,32.5,32.75,32.4,32.5,95000
2023-12-27,32.6,32.6,33.0,32.6,33.0,88000
2023-12-28,32.85,32.85,32.95,32.6,32.7,61000
2023-12-29,32.75,32.75,32.95,32.65,32.95,40000
2024-01-02,32.9,32.9,32.95,32.45,32.75,46000
2024-01-03,32.65,32.65,32.95,32.55,32.95,67000
2024-01-04,32.4,32.4,32.85,32.3,32.85,78000
2024-01-05,32.4,32.4,32.6,32.1,32.1,48000
2024-01-08,32.1,32.1,32.4,32.1,32.4,77000
2024-01-09,31.55,31.55,32.3,31.55,32.1,158000
2024-01-10,31.25,31.25,31.5,31.2,31.5,51000
2024-01-11,31.3,31.3,31.8,31.2,31.8,36000
2024-01-12,31.0,31.0,31.4,30.9,31.3,36000
2024-01-15,31.5,31.5,31.85,31.05,31.05,76000
2024-01-16,31.4,31.4,31.6,31.4,31.6,36000
2024-01-17,31.0,31.0,31.45,31.0,31.45,45000
2024-01-18,30.9,30.9,31.15,30.85,31.05,56000
2024-01-19,31.15,31.15,31.4,30.95,31.4,58000
2024-01-22,31.7,31.7,31.75,31.2,31.2,45000
2024-01-23,31.65,31.65,31.85,31.55,31.7,43000
2024-01-24,31.85,31.85,32.1,31.6,31.6,64000
2024-01-25,31.75,31.75,32.25,31.65,32.25,37000
2024-01-26,31.4,31.4,31.75,31.4,31.75,33000
2024-01-29,32.0,32.0,32.05,31.4,31.4,53000
2024-01-30,31.8,31.8,32.2,31.5,32.2,57000
2024-01-31,31.7,31.7,31.8,31.6,31.7,50000
2024-02-01,31.55,31.55,31.75,31.55,31.75,60000
2024-02-02,31.7,31.7,31.9,31.5,31.55,71000
2024-02-05,31.6,31.6,32.05,31.6,32.0,89000
2024-02-15,31.75,31.75,32.05,31.75,32.05,40000
2024-02-16,32.3,32.3,32.6,32.0,32.2,214000
2024-02-19,32.7,32.7,32.7,32.5,32.6,162000
2024-02-20,32.9,32.9,33.35,32.7,32.75,219000
2024-02-21,36.15,36.15,36.15,32.95,32.95,1829000
2024-02-22,36.9,36.9,39.75,36.8,38.5,6990000
2024-02-23,36.45,36.45,37.65,36.0,37.65,1615000
2024-02-26,36.0,36.0,36.45,35.75,36.45,878000
2024-02-27,36.1,36.1,37.5,35.75,36.35,1027000
2024-02-29,36.0,36.0,36.4,35.75,36.1,337000
2024-03-01,36.05,36.05,36.75,36.05,36.3,550000
2024-03-04,37.0,37.0,37.45,36.6,36.65,1052000
2024-03-05,37.2,37.2,37.4,36.6,37.4,551000
2024-03-06,37.75,37.75,38.3,37.3,37.4,1314000
2024-03-07,37.0,37.0,38.35,36.9,38.15,947000
2024-03-08,35.75,35.75,37.3,35.7,37.3,768000
2024-03-11,35.5,35.5,36.05,35.5,35.95,255000
2024-03-12,35.9,35.9,35.95,35.45,35.8,192000
2024-03-13,35.45,35.45,36.4,35.0,36.4,474000
2024-03-14,35.2,35.2,35.5,34.8,35.2,343000
2024-03-15,34.8,34.8,35.15,34.55,34.8,235000
2024-03-18,34.2,34.2,34.8,34.05,34.8,268000
2024-03-19,34.7,34.7,34.8,34.15,34.15,127000
2024-03-20,34.8,34.8,35.2,34.4,34.9,193000
2024-03-21,34.7,34.7,35.15,34.4,34.8,209000
2024-03-22,34.15,34.15,34.7,34.1,34.7,208000
2024-03-25,34.1,34.1,34.2,34.1,34.1,110000
2024-03-26,34.0,34.0,34.55,33.5,34.5,367000
2024-03-27,33.85,33.85,34.2,33.5,34.0,388000
2024-03-28,33.85,33.85,33.95,33.65,33.75,100000
2024-03-29,33.6,33.6,33.9,33.6,33.65,109000
2024-04-01,34.5,34.5,34.7,33.6,33.6,144000
2024-04-02,33.95,33.95,34.55,33.85,34.5,199000
2024-04-03,33.55,33.55,34.1,33.5,34.05,147000
2024-04-08,33.4,33.4,33.55,33.2,33.45,115000
2024-04-09,33.45,33.45,33.5,33.05,33.4,248000
2024-04-10,33.45,33.45,34.0,33.45,33.6,157000
2024-04-11,33.1,33.1,33.7,33.0,33.7,179000
2024-04-12,33.05,33.05,33.3,33.05,33.2,119000
2024-04-15,32.45,32.45,33.05,32.45,33.05,221000
2024-04-16,31.2,31.2,32.4,31.0,32.4,307000
2024-04-17,31.4,31.4,31.8,31.35,31.35,92000
2024-04-18,31.5,31.5,31.7,31.25,31.35,105000
2024-04-19,30.3,30.3,31.5,30.0,31.5,263000
2024-04-22,30.05,30.05,30.55,30.05,30.45,107000
2024-04-23,30.35,30.35,30.55,30.1,30.25,71000
2024-04-24,31.2,31.2,31.2,30.7,30.8,64000
2024-04-25,31.0,31.0,31.45,31.0,31.1,54000
2024-04-26,31.2,31.2,31.2,31.0,31.05,44000
2024-04-29,31.15,31.15,31.35,30.95,31.15,63000
2024-04-30,31.15,31.15,31.25,31.0,31.15,70000
2024-05-02,31.25,31.25,31.25,30.8,30.9,49000
2024-05-03,31.4,31.4,31.55,31.2,31.3,90000
2024-05-06,31.4,31.4,32.25,31.4,31.45,118000
2024-05-07,31.0,31.0,31.8,31.0,31.4,75000
2024-05-08,31.1,31.1,31.1,30.8,31.0,41000
2024-05-09,31.55,31.55,31.8,31.1,31.1,99000
2024-05-10,31.6,31.6,32.0,31.6,31.9,84000
2024-05-13,31.5,31.5,31.8,31.5,31.6,107000
2024-05-14,32.9,32.9,33.2,31.75,31.75,218000
2024-05-15,32.55,32.55,33.05,32.5,32.75,133000
2024-05-16,32.35,32.35,32.7,32.2,32.6,90000
2024-05-17,32.5,32.5,32.65,31.9,32.35,109000
2024-05-20,32.6,32.6,32.8,32.5,32.75,61000
2024-05-21,33.55,33.55,33.55,32.6,32.8,127000
2024-05-22,32.9,32.9,34.4,32.9,33.8,198000
2024-05-23,32.5,32.5,32.9,32.5,32.9,115000
2024-05-24,32.75,32.75,32.95,32.25,32.25,44000
2024-05-27,32.7,32.7,33.0,32.5,32.55,75000
2024-05-28,33.0,33.0,33.3,32.75,32.8,89000
2024-05-29,33.0,33.0,33.2,32.85,33.2,48000
2024-05-30,32.65,32.65,32.95,32.65,32.9,51000
2024-05-31,32.5,32.5,33.3,32.5,32.65,98000
2024-06-03,32.25,32.25,32.55,32.25,32.5,87000
2024-06-04,32.0,32.0,32.5,32.0,32.5,76000
2024-06-05,31.55,31.55,32.2,31.55,32.0,97000
2024-06-06,31.15,31.15,31.6,31.15,31.6,75000
2024-06-07,31.75,31.75,31.8,31.15,31.15,48000
2024-06-11,31.1,31.1,31.7,31.05,31.7,99000
2024-06-12,30.8,30.8,30.95,30.7,30.9,100000
2024-06-13,30.95,30.95,31.05,30.7,30.85,94000
2024-06-14,31.3,31.3,31.45,30.85,30.95,107000
2024-06-17,31.7,31.7,31.95,31.3,31.3,67000
2024-06-18,31.5,31.5,31.7,31.45,31.7,46000
2024-06-19,30.8,30.8,31.5,30.7,31.5,211000
2024-06-20,31.0,31.0,31.3,30.75,30.75,47000
2024-06-21,31.1,31.1,31.15,30.8,31.0,45000
2024-06-24,30.95,30.95,31.05,30.85,30.95,36000
2024-06-25,30.9,30.9,31.25,30.75,31.25,57000
2024-06-26,30.9,30.9,31.65,30.85,31.0,70000
2024-06-27,31.05,31.05,31.3,30.9,31.0,60000
2024-06-28,31.3,31.3,31.4,31.1,31.1,50000
2024-07-01,31.1,31.1,31.3,30.85,31.3,58000
2024-07-02,30.9,30.9,31.15,30.8,31.1,55000
2024-07-03,31.15,31.15,31.35,30.9,30.9,107000
2024-07-04,31.55,31.55,31.7,31.25,31.35,88000
2024-07-05,31.85,31.85,32.2,31.3,31.4,188000
2024-07-08,31.85,31.85,32.6,31.5,32.4,139000
2024-07-09,31.4,31.4,32.0,31.1,32.0,168000
2024-07-10,31.05,31.05,31.25,31.0,31.1,86000
2024-07-11,31.5,31.5,31.55,31.1,31.1,111000
2024-07-12,31.45,31.45,31.95,31.1,31.1,127000
2024-07-15,30.9,30.9,31.5,30.9,31.45,119000
2024-07-16,31.05,31.05,31.1,30.95,31.05,51000
2024-07-17,31.15,31.15,31.35,30.95,31.15,81000
2024-07-18,31.0,31.0,31.45,30.95,31.45,22000
2024-07-19,30.75,30.75,31.3,30.6,31.2,134000
2024-07-22,29.7,29.7,30.75,29.6,30.75,138000
2024-07-23,30.0,30.0,30.05,29.9,30.0,35000
2024-07-26,29.4,29.4,29.75,29.05,29.75,105000
2024-07-29,28.75,28.75,29.5,28.75,29.5,84000
2024-07-30,28.75,28.75,28.8,28.2,28.8,100000
2024-07-31,29.0,29.0,29.0,28.3,28.55,69000
2024-08-01,29.3,29.3,29.3,28.8,29.1,50000
2024-08-02,28.55,28.55,28.8,28.3,28.7,106000
2024-08-05,25.7,25.7,28.5,25.7,28.5,305000
2024-08-06,24.3,24.3,25.7,23.15,25.7,251000
2024-08-07,25.95,25.95,26.3,24.25,24.25,76000
2024-08-08,25.7,25.7,26.0,25.5,25.5,29000
2024-08-09,26.1,26.1,27.0,26.1,26.4,112000
2024-08-12,26.7,26.7,26.9,26.5,26.9,49000
2024-08-13,26.9,26.9,27.15,26.7,27.15,26000
2024-08-14,27.4,27.4,27.5,26.95,26.95,54000
2024-08-15,27.4,27.4,28.0,27.4,27.7,53000
2024-08-16,28.1,28.1,28.1,27.45,27.45,60000
2024-08-19,29.2,29.2,29.7,28.2,28.2,128000
2024-08-20,29.25,29.25,29.7,29.2,29.4,63000
2024-08-21,29.25,29.25,29.45,28.95,29.25,31000
2024-08-22,30.45,30.45,31.05,29.2,29.2,684000
2024-08-23,29.75,29.75,30.7,29.55,30.5,187000
2024-08-26,29.3,29.3,30.45,29.3,30.25,192000
2024-08-27,28.3,28.3,28.6,28.05,28.6,58000
2024-08-28,28.2,28.2,28.35,28.15,28.15,43000
2024-08-29,28.15,28.15,28.4,28.1,28.4,41000
2024-08-30,27.75,27.75,28.4,27.75,28.2,146000
2024-09-02,27.95,27.95,28.1,27.9,27.9,51000
2024-09-03,27.95,27.95,28.1,27.8,28.1,79000
2024-09-04,27.3,27.3,27.8,26.85,27.8,103000
2024-09-05,27.55,27.55,28.1,27.35,27.35,58000
2024-09-06,27.2,27.2,27.5,27.1,27.5,23000
2024-09-09,27.0,27.0,27.15,26.7,26.7,39000
2024-09-10,26.75,26.75,27.3,26.55,27.3,54000
2024-09-11,26.15,26.15,26.75,26.1,26.75,32000
2024-09-12,26.2,26.2,26.95,26.2,26.35,20000
2024-09-13,26.4,26.4,26.45,26.2,26.3,35000
2024-09-16,26.5,26.5,26.75,26.15,26.4,35000
2024-09-18,26.8,26.8,27.95,26.5,26.5,129000
2024-09-19,27.2,27.2,27.45,26.9,26.9,89000
2024-09-20,26.8,26.8,27.3,26.7,27.25,89000
2024-09-23,26.8,26.8,27.05,26.8,27.0,43000
2024-09-24,26.65,26.65,26.7,26.5,26.7,78000
2024-09-25,26.85,26.85,27.15,26.85,26.95,60000
2024-09-26,26.95,26.95,27.3,26.95,27.3,50000
2024-09-27,27.15,27.15,27.4,27.15,27.35,79000
2024-09-30,27.05,27.05,27.35,27.05,27.25,53000
2024-10-01,26.9,26.9,27.0,26.7,27.0,29000
2024-10-04,26.95,26.95,27.4,26.6,27.35,40000
2024-10-07,26.75,26.75,27.5,26.75,27.5,35000
2024-10-08,26.45,26.45,26.8,26.45,26.75,45000
2024-10-09,26.35,26.35,26.95,26.35,26.65,66000
2024-10-11,26.6,26.6,27.2,26.6,27.2,38000
2024-10-14,26.5,26.5,26.65,26.35,26.6,35000
2024-10-15,27.2,27.2,27.2,26.6,26.6,83000
2024-10-16,26.75,26.75,27.15,26.75,27.15,38000
2024-10-17,26.8,26.8,27.1,26.7,27.1,103000
2024-10-18,26.65,26.65,27.15,26.55,27.15,41000
2024-10-21,26.75,26.75,26.85,26.5,26.65,81000
2024-10-22,26.55,26.55,26.95,26.2,26.95,94000
2024-10-23,26.65,26.65,27.05,26.6,26.75,144000
2024-10-24,26.95,26.95,27.1,26.45,26.55,109000
2024-10-25,26.95,26.95,27.4,26.7,26.7,103000
2024-10-28,26.95,26.95,27.0,26.7,26.75,55000
2024-10-29,26.9,26.9,27.1,26.6,26.75,73000
2024-10-30,26.95,26.95,27.1,26.5,26.8,78000
2024-11-01,26.85,26.85,26.95,26.6,26.9,52000
2024-11-04,26.95,26.95,27.4,26.95,27.4,53000
2024-11-05,26.9,26.9,27.0,26.8,26.95,30000
2024-11-06,26.9,26.9,27.1,26.7,26.8,56000
2024-11-07,27.05,27.05,27.1,26.9,27.0,29000
2024-11-08,26.7,26.7,27.0,26.65,27.0,101000
2024-11-11,26.4,26.4,26.95,26.15,26.95,112000
2024-11-12,25.5,25.5,26.25,25.3,26.25,195000
2024-11-13,25.15,25.15,25.5,25.05,25.5,90000
2024-11-14,24.4,24.4,25.2,24.3,25.2,171000
2024-11-15,23.9,23.9,25.0,23.85,25.0,161000
2024-11-18,23.4,23.4,23.9,23.05,23.9,105000
2024-11-19,24.25,24.25,24.5,23.5,23.5,93000
2024-11-20,24.25,24.25,24.65,23.9,24.4,75000
2024-11-21,24.15,24.15,24.15,23.9,24.05,51000
2024-11-22,24.05,24.05,24.35,24.0,24.2,23000
2024-11-25,24.05,24.05,24.05,24.0,24.05,28000
2024-11-26,24.15,24.15,24.25,24.1,24.1,23000
2024-11-27,24.25,24.25,24.45,23.9,24.05,47000
2024-11-28,23.9,23.9,24.5,23.8,24.25,26000
2024-11-29,23.8,23.8,24.2,23.55,23.75,24000
2024-12-02,26.15,26.15,26.15,23.95,23.95,321000
2024-12-03,26.5,26.5,27.4,25.9,26.5,807000
2024-12-04,26.25,26.25,26.8,25.9,26.8,227000
2024-12-05,26.1,26.1,26.65,26.05,26.65,95000
2024-12-06,26.55,26.55,26.6,26.15,26.35,83000
2024-12-09,26.35,26.35,27.9,26.25,27.0,375000
2024-12-10,25.8,25.8,26.75,25.8,26.75,68000
2024-12-11,25.9,25.9,26.1,25.85,25.85,54000
2024-12-12,26.05,26.05,26.2,25.9,26.15,55000
2024-12-13,25.65,25.65,26.05,25.6,26.05,42000
2024-12-16,25.25,25.25,26.05,25.25,26.05,46000
2024-12-17,24.9,24.9,25.25,24.9,25.25,34000
2024-12-18,24.85,24.85,24.85,24.75,24.85,30000
2024-12-19,24.55,24.55,24.75,24.55,24.75,23000
2024-12-20,24.7,24.7,25.05,24.55,24.55,16000
2024-12-23,24.8,24.8,25.3,24.55,25.2,29000
2024-12-24,24.55,24.55,25.0,23.9,24.9,65000
2024-12-25,24.8,24.8,24.8,24.6,24.6,14000
2024-12-26,24.85,24.85,25.25,24.75,24.75,24000
2024-12-27,24.95,24.95,24.95,24.7,24.7,9000
2024-12-30,24.5,24.5,24.95,24.5,24.95,51000
2024-12-31,24.05,24.05,24.45,24.0,24.45,39000
2025-01-02,23.9,23.9,24.15,23.8,24.05,50000
2025-01-03,23.75,23.75,23.95,23.75,23.95,21000
2025-01-06,25.1,25.1,25.55,23.75,23.75,175000
2025-01-07,24.65,24.65,25.9,24.55,25.9,43000
2025-01-08,24.6,24.6,24.7,24.55,24.7,14000
2025-01-09,24.3,24.3,25.55,24.3,25.5,62000
2025-01-10,24.05,24.05,24.3,24.05,24.3,23000
2025-01-13,23.0,23.0,23.95,22.6,23.95,108000
2025-01-14,23.4,23.4,23.5,23.0,23.0,60000
2025-01-15,23.35,23.35,23.9,23.35,23.9,21000
2025-01-16,23.4,23.4,23.6,23.35,23.35,36000
2025-01-17,23.3,23.3,23.4,23.3,23.3,9000
2025-01-20,23.4,23.4,23.5,23.3,23.3,18000
2025-01-21,23.4,23.4,23.4,22.8,23.3,30000
2025-01-22,23.5,23.5,24.0,23.1,23.5,143000
2025-02-03,23.5,23.5,24.15,23.45,24.15,24000
2025-02-04,23.55,23.55,23.7,23.45,23.55,28000
2025-02-05,23.55,23.55,23.7,23.55,23.65,38000
2025-02-06,24.2,24.2,24.2,23.6,23.6,64000
2025-02-07,24.2,24.2,24.25,24.1,24.25,13000
2025-02-10,24.1,24.1,24.2,24.0,24.0,54000
2025-02-11,24.3,24.3,24.5,24.1,24.1,26000
2025-02-12,24.4,24.4,24.4,24.15,24.2,45000
2025-02-13,24.4,24.4,24.6,24.2,24.4,31000
2025-02-14,24.3,24.3,24.35,24.2,24.3,29000
2025-02-17,24.35,24.35,24.55,24.25,24.3,83000
2025-02-18,26.75,26.75,26.75,24.9,24.9,594000
2025-02-19,25.9,25.9,26.95,25.9,26.85,693000
2025-02-20,25.85,25.85,26.15,25.85,25.9,95000
2025-02-21,26.3,26.3,26.6,25.95,25.95,196000
2025-02-24,26.45,26.45,26.65,25.95,26.25,67000
2025-02-25,26.3,26.3,26.45,26.25,26.4,60000
2025-02-26,26.3,26.3,26.5,26.15,26.3,56000
2025-02-27,26.35,26.35,27.25,26.3,26.5,101000
2025-03-03,26.05,26.05,26.2,26.0,26.05,76000
2025-03-04,26.2,26.2,26.2,25.6,25.95,45000
2025-03-05,26.1,26.1,26.45,26.1,26.2,57000
2025-03-06,26.1,26.1,26.55,26.1,26.55,51000
2025-03-07,25.9,25.9,26.1,25.85,26.0,28000
2025-03-10,25.65,25.65,26.0,25.65,26.0,39000
2025-03-11,25.2,25.2,25.55,25.15,25.55,86000
2025-03-12,25.3,25.3,25.6,25.3,25.4,21000
2025-03-13,25.2,25.2,25.65,25.2,25.65,37000
2025-03-14,24.85,24.85,25.2,24.85,25.2,51000
2025-03-17,24.8,24.8,24.95,24.8,24.95,25000
2025-03-18,24.85,24.85,24.9,24.7,24.7,74000
2025-03-19,24.7,24.7,24.9,24.7,24.85,55000
2025-03-20,24.8,24.8,25.0,24.8,24.8,61000
2025-03-21,24.8,24.8,25.05,24.8,25.0,25000
2025-03-24,24.75,24.75,24.9,24.7,24.9,5000
2025-03-25,24.7,24.7,24.9,24.7,24.9,12000
2025-03-26,24.6,24.6,24.8,24.6,24.8,15000
2025-03-27,24.45,24.45,24.6,24.35,24.6,56000
2025-03-28,24.0,24.0,24.15,23.75,24.15,48000
2025-03-31,22.55,22.55,24.85,22.4,24.85,151000
2025-04-01,22.85,22.85,23.0,22.65,22.7,33000
2025-04-02,22.65,22.65,22.85,22.05,22.85,68000
2025-04-07,20.4,20.4,20.4,20.4,20.4,84000
2025-04-08,18.4,18.4,19.5,18.4,18.4,357000
2025-04-09,16.6,16.6,18.4,16.6,17.15,380000
2025-04-10,18.25,18.25,18.25,17.75,17.75,202000
2025-04-11,18.05,18.05,18.3,17.6,18.2,79000
2025-04-14,18.6,18.6,18.75,18.25,18.25,112000
2025-04-15,19.25,19.25,19.3,18.7,18.75,125000
2025-04-16,18.85,18.85,19.1,18.85,19.1,112000
2025-04-17,19.3,19.3,19.3,18.75,18.75,35000
2025-04-18,19.0,19.0,19.3,19.0,19.3,53000
2025-04-21,18.7,18.7,19.05,18.7,19.05,39000
2025-04-22,18.7,18.7,19.0,18.5,18.5,58000
2025-04-23,19.0,19.0,19.2,18.9,19.1,36000
2025-04-24,20.05,20.05,20.25,19.0,19.0,127000
2025-04-25,20.1,20.1,20.45,19.95,20.4,50000
2025-04-28,20.3,20.3,20.3,19.7,19.7,37000
2025-04-29,20.55,20.55,20.6,20.3,20.5,75000
2025-04-30,20.35,20.35,20.55,20.3,20.5,48000
2025-05-02,20.25,20.25,20.25,20.2,20.25,61000
2025-05-05,20.0,20.0,20.4,19.95,20.3,75000
2025-05-06,20.05,20.05,20.2,20.0,20.0,29000
2025-05-07,19.9,19.9,20.0,19.8,19.9,80000
2025-05-08,19.95,19.95,20.05,19.9,20.0,26000
2025-05-09,21.9,21.9,21.9,20.15,20.15,454000
2025-05-12,21.9,21.9,22.0,21.6,21.75,146000
2025-05-13,21.6,21.6,22.0,21.5,21.95,132000
2025-05-14,21.55,21.55,21.95,21.5,21.95,136000
2025-05-15,21.4,21.4,21.55,21.4,21.5,22000
2025-05-16,21.4,21.4,21.45,21.35,21.45,54000
2025-05-19,21.2,21.2,21.2,21.15,21.15,5000
2025-05-20,21.2,21.2,21.25,21.1,21.15,16000
2025-05-21,21.2,21.2,21.25,21.15,21.2,21000
2025-05-22,21.15,21.15,21.2,21.05,21.2,22000
2025-05-23,21.05,21.05,21.15,21.0,21.15,49000
2025-05-26,20.9,20.9,21.0,20.85,20.9,27000
2025-05-27,20.8,20.8,21.1,20.8,21.1,29000
2025-05-28,20.8,20.8,20.8,20.65,20.8,23000
2025-05-29,20.75,20.75,20.8,20.7,20.7,18000
2025-06-02,20.6,20.6,20.7,20.55,20.6,26000
2025-06-03,20.5,20.5,20.6,20.5,20.55,22000
2025-06-04,20.55,20.55,20.55,20.5,20.5,38000
2025-06-05,20.65,20.65,20.65,20.55,20.55,12000
2025-06-06,20.55,20.55,20.6,20.5,20.6,21000
2025-06-09,20.5,20.5,20.5,20.45,20.5,8000
2025-06-10,21.7,21.7,22.55,20.55,20.55,303000
2025-06-11,21.1,21.1,22.15,21.05,22.05,285000
2025-06-12,21.15,21.15,21.2,20.9,20.95,30000
2025-06-13,20.8,20.8,20.95,20.7,20.9,22000
2025-06-16,20.5,20.5,20.6,20.45,20.6,27000
2025-06-17,20.7,20.7,21.1,20.4,20.4,32000
2025-06-18,20.8,20.8,20.8,20.6,20.7,33000
2025-06-19,20.6,20.6,20.8,20.6,20.8,73000
2025-06-20,20.25,20.25,20.6,20.15,20.6,70000
2025-06-23,20.15,20.15,20.15,20.1,20.15,9000
2025-06-24,20.45,20.45,20.8,20.45,20.8,56000
2025-06-25,20.5,20.5,20.6,20.5,20.55,27000
2025-06-26,20.65,20.65,21.1,20.6,20.65,55000
2025-06-27,20.65,20.65,21.0,20.6,21.0,34000
2025-06-30,20.45,20.45,20.65,20.45,20.65,17000
2025-07-01,20.6,20.6,20.65,20.6,20.6,49000
2025-07-02,20.5,20.5,20.5,20.5,20.5,9000
2025-07-03,20.45,20.45,20.55,20.4,20.45,21000
2025-07-04,20.15,20.15,20.45,20.15,20.45,34000
2025-07-07,19.95,19.95,20.4,19.85,20.15,55000
2025-07-08,19.65,19.65,19.85,19.65,19.75,22000
2025-07-09,19.45,19.45,19.85,19.45,19.85,49000
2025-07-10,19.45,19.45,19.6,19.4,19.5,20000
2025-07-11,19.5,19.5,19.95,19.1,19.45,143000
2025-07-14,19.55,19.55,19.55,19.2,19.4,25000
2025-07-15,19.95,19.95,20.0,19.5,20.0,21000
2025-07-16,19.75,19.75,19.9,19.6,19.65,34000
2025-07-17,19.85,19.85,19.85,19.65,19.7,8000
2025-07-18,19.7,19.7,19.7,19.7,19.7,1000
2025-07-21,19.6,19.6,19.6,19.5,19.5,9000
2025-07-22,19.35,19.35,19.6,19.35,19.45,15000
2025-07-23,19.5,19.5,19.5,19.35,19.35,13000
2025-07-24,19.5,19.5,19.55,19.5,19.5,10000
2025-07-25,19.5,19.5,19.6,19.5,19.5,19000
2025-07-28,19.5,19.5,19.55,19.4,19.5,34000
2025-07-29,19.8,19.8,19.8,19.4,19.5,43000
2025-07-30,19.8,19.8,19.8,19.5,19.5,16000
2025-07-31,19.85,19.85,20.15,19.65,19.65,18000
2025-08-01,19.85,19.85,19.85,19.5,19.5,12000
2025-08-04,19.85,19.85,20.0,19.6,19.85,21000
2025-08-05,20.15,20.15,20.2,19.85,19.85,57000
2025-08-06,20.25,20.25,20.5,20.1,20.2,51000
2025-08-07,20.45,20.45,20.45,20.0,20.1,76000
2025-08-08,20.4,20.4,20.45,19.8,20.3,55000
2025-08-11,20.05,20.05,20.2,20.0,20.1,28000
2025-08-12,20.1,20.1,20.2,20.0,20.2,30000
2025-08-13,20.0,20.0,20.1,20.0,20.1,62000
2025-08-14,20.05,20.05,20.15,19.9,20.0,49000
2025-08-15,20.05,20.05,20.05,19.65,19.8,20000
2025-08-18,20.2,20.2,20.4,19.9,20.4,132000
2025-08-19,20.35,20.35,20.4,19.9,19.95,24000
2025-08-20,19.9,19.9,20.0,19.8,20.0,16000
2025-08-21,20.15,20.15,20.5,20.0,20.2,24000
2025-08-22,19.95,19.95,20.85,19.9,20.85,27000
2025-08-25,20.0,20.0,20.3,20.0,20.05,178000
2025-08-26,19.95,19.95,20.0,19.65,19.7,46000
2025-08-27,19.9,19.9,20.2,19.75,20.2,73000
2025-08-28,19.9,19.9,19.9,19.8,19.85,111000
2025-08-29,19.85,19.85,20.0,19.85,20.0,25000
2025-09-01,20.05,20.05,20.6,19.7,20.0,80000
2025-09-02,20.0,20.0,20.1,19.85,20.05,37000
2025-09-03,19.85,19.85,20.4,19.85,20.4,32000
2025-09-04,19.85,19.85,20.15,19.85,19.85,19000
2025-09-05,19.95,19.95,20.75,19.85,20.75,38000
2025-09-08,19.95,19.95,20.3,19.95,20.3,107000
2025-09-09,20.0,20.0,20.0,19.9,19.95,55000
2025-09-10,20.0,20.0,20.0,19.85,20.0,25000
2025-09-11,19.75,19.75,20.0,19.75,20.0,68000
2025-09-12,19.8,19.8,19.95,19.65,19.95,109000
2025-09-15,19.7,19.7,19.95,19.6,19.8,51000
2025-09-16,19.65,19.65,19.75,19.6,19.7,45000
2025-09-17,19.6,19.6,19.7,19.6,19.65,49000
2025-09-18,19.95,19.95,20.45,19.9,20.45,69000
2025-09-19,20.6,20.6,21.9,19.85,20.2,930000
2025-09-22,21.05,21.05,21.85,20.75,20.75,738000
2025-09-23,22.4,22.4,23.15,21.05,21.3,2447000
2025-09-24,22.2,22.2,22.3,21.3,22.3,588000
2025-09-25,22.4,22.4,22.5,21.8,22.2,308000
2025-09-26,21.9,21.9,22.6,21.85,22.5,214000
2025-09-30,21.95,21.95,22.0,21.4,21.9,136000
2025-10-01,22.0,22.0,22.6,21.95,22.6,188000
2025-10-02,21.85,21.85,22.4,21.55,22.05,100000
2025-10-03,22.0,22.0,22.55,21.95,22.15,224000
2025-10-07,21.8,21.8,22.0,21.75,22.0,112000
2025-10-08,21.3,21.3,21.4,21.1,21.35,164000
2025-10-09,21.55,21.55,21.55,21.1,21.55,73000
2025-10-13,20.8,20.8,21.45,20.4,21.45,113000
2025-10-14,20.75,20.75,21.2,20.75,21.2,41000
2025-10-15,20.8,20.8,21.0,20.7,20.7,36000
2025-10-16,21.0,21.0,21.15,21.0,21.1,42000
2025-10-17,21.15,21.15,21.4,21.1,21.25,45000
2025-10-20,22.0,22.0,22.2,21.4,21.4,245000
2025-10-21,21.85,21.85,22.95,21.85,22.3,463000
2025-10-22,21.55,21.55,21.9,21.55,21.6,58000
2025-10-23,21.75,21.75,22.2,21.55,21.7,106000
2025-10-27,21.5,21.5,22.1,21.5,22.05,66000
2025-10-28,20.9,20.9,21.45,20.7,21.4,112000
2025-10-29,21.0,21.0,21.15,20.8,20.9,94000
2025-10-30,21.25,21.25,21.45,20.9,21.1,84000
2025-10-31,21.7,21.7,21.8,21.45,21.45,119000
2025-11-03,21.75,21.75,22.0,21.7,21.9,47000
2025-11-04,21.1,21.1,21.8,21.1,21.8,84000
2025-11-05,20.9,20.9,21.5,20.8,20.9,51000
2025-11-06,21.2,21.2,21.2,20.8,20.8,26000
2025-11-07,20.9,20.9,21.2,20.9,21.2,57000
2025-11-10,20.25,20.25,20.85,20.25,20.85,97000
2025-11-11,20.3,20.3,20.5,20.05,20.3,67000
2025-11-12,20.75,20.75,20.75,20.45,20.45,86000
2025-11-13,21.0,21.0,21.55,20.65,20.75,99000
2025-11-14,20.7,20.7,20.9,20.6,20.6,44000
2025-11-17,20.45,20.45,20.7,20.45,20.7,9000
2025-11-18,20.4,20.4,20.6,20.25,20.5,114000
2025-11-19,20.0,20.0,20.3,19.9,20.25,138000
2025-11-20,20.0,20.0,20.85,20.0,20.45,91000
2025-11-21,19.55,19.55,20.0,19.5,20.0,121000
2025-11-24,19.85,19.85,20.1,19.7,19.95,20000
2025-11-25,19.8,19.8,20.4,19.8,20.4,7000
2025-11-26,20.1,20.1,20.25,19.9,20.15,135000
2025-11-27,20.0,20.0,20.1,20.0,20.1,61000
2025-11-28,20.0,20.0,20.1,19.95,20.0,79000
2025-12-01,19.8,19.8,20.3,19.65,20.3,11000
2025-12-02,19.9,19.9,19.9,19.6,19.75,49000
2025-12-03,20.0,20.0,20.05,20.0,20.0,27000
2025-12-04,20.0,20.0,20.05,20.0,20.05,30000
2025-12-05,20.0,20.0,20.0,19.95,20.0,35000
2025-12-08,20.15,20.15,20.3,19.8,19.95,19000
2025-12-09,20.05,20.05,20.2,20.0,20.15,44000
2025-12-10,20.2,20.2,20.35,20.0,20.35,80000
2025-12-11,20.3,20.3,20.6,20.2,20.25,48000
2025-12-12,20.15,20.15,20.3,20.05,20.3,31000
2025-12-15,20.15,20.15,20.2,20.05,20.1,30000
2025-12-16,21.0,21.0,21.4,20.0,20.05,321000
2025-12-17,20.7,20.7,21.4,20.7,21.4,162000
2025-12-18,20.75,20.75,21.3,20.6,21.3,30000
2025-12-19,20.45,20.45,20.75,20.25,20.45,22000
2025-12-22,20.6,20.6,21.2,20.5,20.9,75000
2025-12-23,20.5,20.5,20.85,20.5,20.85,19000
2025-12-24,20.3,20.3,20.85,20.15,20.85,63000
2025-12-26,20.65,20.65,20.65,20.35,20.35,47000
2025-12-29,20.8,20.8,21.0,20.35,20.45,70000
2025-12-30,20.9,20.9,20.95,20.75,20.95,16000
2025-12-31,20.55,20.55,20.85,20.4,20.45,37000
2026-01-02,20.75,20.75,20.75,20.4,20.5,93000
2026-01-05,20.75,20.75,21.5,20.65,21.0,82000
2026-01-06,20.55,20.55,20.7,20.5,20.7,42000
2026-01-07,20.7,20.7,20.8,20.5,20.5,41000
2026-01-08,20.6,20.6,20.8,20.6,20.7,25000
2026-01-09,20.5,20.5,20.6,20.3,20.55,53000
2026-01-12,20.7,20.7,21.0,20.6,20.6,121000
2026-01-13,22.75,22.75,22.75,20.65,20.8,699000
2026-01-14,25.0,25.0,25.0,24.15,24.15,1330000
2026-01-15,26.25,26.25,27.5,25.6,27.5,3562000
2026-01-16,25.1,25.1,25.85,25.05,25.75,756000
2026-01-19,25.6,25.6,26.9,25.15,25.5,813000
2026-01-20,25.4,25.4,25.5,24.9,25.45,515000
2026-01-21,24.4,24.4,25.55,24.35,25.55,280000
2026-01-22,24.4,24.4,24.7,24.1,24.6,237000
2026-01-23,25.95,25.95,26.5,24.05,24.35,741000
2026-01-26,25.15,25.15,26.0,24.95,25.9,281000
2026-01-27,24.85,24.85,25.4,24.7,25.15,175000
2026-01-28,24.45,24.45,24.85,24.3,24.8,163000
2026-01-29,24.7,24.7,25.3,24.15,24.8,374000
2026-01-30,23.6,23.6,24.4,23.3,24.4,217000
2026-02-02,22.55,22.55,23.55,21.25,23.55,593000
2026-02-03,24.8,24.8,24.8,23.1,23.3,1029000
2026-02-04,27.25,27.25,27.25,26.0,26.5,2949000
2026-02-05,29.0,29.0,29.55,27.7,28.5,5494000
2026-02-06,27.6,27.6,28.9,26.1,28.5,2338000
2026-02-09,26.25,26.25,29.0,26.1,28.05,1271000
2026-02-10,28.0,28.0,28.1,26.25,26.35,1225000
2026-02-11,27.2,27.2,27.35,26.55,27.35,711000
2026-02-23,29.1,29.1,29.8,26.95,27.0,2729000
2026-02-24,31.05,31.05,31.5,28.5,28.9,3462000
2026-02-25,32.05,32.05,33.0,29.7,32.3,4822000
2026-02-26,35.25,35.25,35.25,33.6,33.6,4822000
2026-03-02,38.75,38.75,38.75,33.9,35.1,5540000
2026-03-03,40.5,40.5,42.6,38.65,41.3,12966000
2026-03-04,36.45,36.45,38.15,36.45,37.4,1702000
2026-03-05,36.5,36.5,39.6,35.55,38.05,1140000
2026-03-06,35.9,35.9,37.1,35.55,36.0,565000
2026-03-09,32.6,32.6,32.65,32.35,32.65,710000
2026-03-10,31.75,31.75,33.7,31.5,33.6,602000
2026-03-11,33.25,33.25,33.45,31.95,32.6,465000
2026-03-12,33.6,33.6,34.0,32.9,33.0,386000
2026-03-13,34.55,34.55,34.9,32.5,32.5,405000
2026-03-16,38.0,38.0,38.0,35.2,35.75,969000
2026-03-17,38.6,38.6,40.9,38.1,39.55,1328000
2026-03-18,37.9,37.9,39.6,35.6,39.05,2275000
2026-03-19,36.45,36.45,38.3,36.0,36.65,1260000
2026-03-20,34.8,34.8,37.2,34.8,36.6,1091000
2026-03-23,33.4,33.4,34.0,33.0,33.0,809000
2026-03-24,36.7,36.7,36.7,34.05,34.5,1606000
2026-03-25,38.8,38.8,39.85,36.15,37.1,4743000
2026-03-26,36.35,36.35,41.4,36.35,38.9,2696000
2026-03-27,39.95,39.95,39.95,35.5,36.05,4093000
2026-03-30,38.75,38.75,43.4,37.55,39.95,12087000
2026-03-31,37.4,37.4,39.5,36.2,38.6,4282000
2026-04-01,37.05,37.05,39.05,37.05,38.8,3063000
2026-04-02,35.75,35.75,37.8,35.5,37.5,1628000
2026-04-07,35.4,35.4,36.6,35.25,35.8,1005000
2026-04-08,36.85,36.85,37.55,35.8,36.0,1018000
2026-04-09,36.35,36.35,37.5,35.5,37.5,1104000
2026-04-10,37.75,37.75,38.3,35.8,36.35,1812000
2026-04-13,41.5,41.5,41.5,37.45,37.9,6112000
2026-04-14,40.35,40.35,43.85,39.35,41.5,5921000
2026-04-15,42.95,42.95,44.35,40.1,40.9,10643000
2026-04-16,47.2,47.2,47.2,44.8,44.8,3213000
2026-04-17,49.65,49.65,51.9,46.15,51.9,21570000
2026-04-20,54.6,54.6,54.6,50.9,51.0,11349000
2026-04-21,56.6,56.6,60.0,55.9,58.6,13399000
2026-04-22,52.3,52.3,55.0,52.3,55.0,2590000
2026-04-23,47.8,47.8,52.6,47.1,52.6,2292000
2026-04-24,44.95,44.95,47.8,43.1,47.8,1498000
2026-04-27,42.1,42.1,44.5,41.9,44.5,1152000
2026-04-28,46.0,46.0,46.0,42.6,42.6,929000
2026-04-29,45.25,45.25,46.5,44.5,45.1,720000
2026-04-30,45.35,45.35,46.2,44.6,45.6,530000
2026-05-04,46.8,46.8,46.8,44.6,45.95,789000
2026-05-05,49.35,49.35,49.35,46.1,47.0,659000
2026-05-06,47.8,47.8,50.0,47.35,50.0,1011000
2026-05-07,52.5,52.5,52.5,46.7,46.95,6807000
2026-05-08,48.8,48.8,54.3,48.0,52.3,8153000
2026-05-11,49.95,49.95,51.3,45.05,48.9,4500000
2026-05-12,54.9,54.9,54.9,48.6,51.1,7072000
2026-05-13,54.3,54.3,58.9,54.3,54.8,10403000
2026-05-14,53.0,53.0,59.4,52.5,54.7,4547000
2026-05-15,54.0,54.0,56.2,53.1,54.6,3378000
2026-05-18,56.1,56.1,57.0,53.7,53.8,4449000
2026-05-19,53.9,53.9,56.5,53.3,56.1,2481000
2026-05-20,55.3,55.3,58.3,54.1,54.8,5154000
2026-05-21,60.8,60.8,60.8,55.9,56.3,10326000
2026-05-22,66.8,66.8,66.8,61.1,61.3,9437000
2026-05-25,67.9,67.9,73.4,66.7,71.2,13803000
2026-05-26,69.5,69.5,69.9,64.0,67.9,6088000
2026-05-27,68.9,68.9,70.9,67.1,70.2,5296000
2026-05-28,75.7,75.7,75.7,69.1,69.1,13492000
2026-05-29,74.2,74.2,78.0,70.6,76.0,13865000
2026-06-01,70.1,70.1,75.5,70.0,74.6,4851000
2026-06-02,69.8,69.8,70.4,65.9,70.1,4099000
2026-06-03,72.2,72.2,76.0,70.0,72.2,7756000
2026-06-04,68.2,68.2,74.2,68.1,71.7,2415000
2026-06-05,67.4,67.4,69.0,65.0,67.2,2303000
2026-06-08,66.0,66.0,69.7,60.7,60.7,3804000
2026-06-09,70.1,70.1,71.8,66.1,66.6,7575000
2026-06-10,68.2,68.2,74.0,66.8,68.8,8946000
2026-06-11,72.6,72.6,73.8,67.9,68.0,6900000
2026-06-12,68.0,68.0,75.3,66.9,75.3,9007000
2026-06-15,69.4,69.4,72.8,69.0,69.6,4672000
2026-06-16,65.2,65.2,70.4,65.0,69.9,3652000
2026-06-17,68.7,68.7,69.5,64.5,65.0,2981000
2026-06-18,67.1,67.1,70.7,67.0,68.4,2686000
2026-06-22,67.2,67.2,68.0,65.8,66.8,1860000
2026-06-23,61.2,61.2,67.2,60.5,67.2,3138000
2026-06-24,60.7,60.7,62.6,58.5,60.0,2290000
2026-06-25,58.0,58.0,61.1,57.8,60.7,1901000
2026-06-26,58.5,58.5,62.1,57.9,58.1,6384000
2026-06-29,58.4,58.4,62.5,57.6,61.0,4882000
2026-06-30,58.6,58.6,59.7,58.0,58.6,1623000
2026-07-01,61.7,61.7,64.4,60.7,60.7,6170000
2026-07-02,62.2,62.2,65.0,60.0,60.9,4656000
2026-07-03,65.6,65.6,67.5,62.3,63.5,6386000
2026-07-06,63.5,63.5,67.0,62.4,66.6,3665000
2026-07-07,60.5,60.5,65.4,57.7,63.0,2541000
2026-07-08,60.0,60.0,63.5,59.5,60.0,2786000
2026-07-09,60.0,60.0,63.3,59.8,61.9,1495000
2026-07-13,55.4,55.4,60.3,54.1,60.1,1643000
2026-07-14,53.4,53.4,55.8,50.6,55.0,1254000
2026-07-15,52.7,52.7,54.0,52.5,54.0,808000
2026-07-16,52.4,52.4,55.6,52.1,52.7,2260000
2026-07-17,47.3,47.3,50.9,47.3,50.0,1338000
2026-07-20,44.7,44.7,47.3,42.8,47.3,1557000
2026-07-21,44.6,44.6,45.9,43.9,45.0,947000
2026-07-22,45.25,45.25,47.2,45.15,46.0,762000
2026-07-23,44.1,44.1,46.0,43.95,45.3,539000
2026-07-24,43.55,43.55,45.0,42.55,43.9,742000
2026-07-27,43.6,43.6,45.5,43.0,44.0,985000
2026-07-28,40.2,40.2,43.15,40.2,43.15,736000
2026-07-29,37.6,37.6,41.45,36.25,40.3,1201000
2026-07-30,36.65,36.65,39.2,36.0,36.5,1100000
2026-07-31,39.85,39.85,40.3,38.7,39.4,736000
2026-08-03,40.25,40.25,42.0,39.2,39.25,526000
2026-08-04,42.05,42.05,43.0,40.4,41.0,1337000
2026-08-05,43.5,43.5,44.0,42.65,43.45,767000
2026-08-06,42.85,42.85,43.1,41.3,42.8,337000
2026-08-07,41.9,41.9,43.75,41.8,43.2,297000
2026-08-10,44.65,44.65,45.4,43.8,45.4,579000
2026-08-11,44.75,44.75,46.3,44.35,45.0,419000
2026-08-12,47.2,47.2,48.85,44.85,45.0,619000
2026-08-13,47.8,47.8,50.0,47.8,48.0,1461000
2026-08-14,47.1,47.1,49.4,46.7,48.0,645000
2026-08-17,48.2,48.2,48.85,46.0,47.3,671000
2026-08-18,46.25,46.25,48.0,45.9,47.6,392000
2026-08-19,47.0,47.0,47.2,44.65,44.7,436000
2026-08-20,46.0,46.0,47.6,45.9,47.5,239000
2026-08-21,46.45,46.45,48.05,46.3,46.3,822000
2026-08-24,45.2,45.2,46.75,45.2,46.75,297887
2026-08-25,47.0,47.0,47.25,44.1,46.1,401203
2026-08-26,47.1,47.1,47.3,46.25,46.75,320364
2026-08-27,47.0,47.0,47.8,46.05,47.1,382111
2026-08-28,46.35,46.35,47.9,46.2,47.4,388306
2026-08-31,45.5,45.5,46.6,45.05,46.35,232555
2026-09-01,47.1,47.1,47.6,45.6,45.65,452333
2026-09-02,47.4,47.4,47.5,46.5,46.5,233715
2026-09-03,44.2,44.2,47.7,44.0,47.2,560177
2026-09-04,44.5,44.5,45.25,43.95,45.15,222303
2026-09-07,45.4,45.4,45.75,44.4,44.6,222372
2026-09-08,43.25,43.25,45.5,43.2,45.45,319853
2026-09-09,43.35,43.35,44.5,43.25,43.75,269107
2026-09-10,42.4,42.4,43.85,42.0,43.85,355800
2026-09-11,41.05,41.05,42.75,40.9,42.75,267977
2026-09-14,40.85,40.85,41.5,40.15,41.05,264698
2026-09-15,42.5,42.5,43.45,41.0,41.0,529985
2026-09-16,42.3,42.3,43.1,42.05,43.0,293307
2026-09-17,43.05,43.05,44.25,42.6,42.6,324622
2026-09-18,44.2,44.2,44.25,43.2,43.2,299490
2026-09-21,44.25,44.25,47.4,44.25,46.0,578511
2026-09-22,44.3,44.3,45.25,43.95,45.25,290243
2026-09-23,44.45,44.45,45.8,43.95,44.65,671134
2026-09-24,44.75,44.75,45.5,43.85,44.5,519074
2026-09-25,44.75,44.75,45.5,43.85,44.5,519074
2026-09-28,44.75,44.75,45.5,43.85,44.5,519074
2026-09-29,46.05,46.05,47.4,45.3,46.0,718771
2026-09-30,46.4,46.4,46.95,45.7,46.25,430057
