Date,Adj Close,Close,High,Low,Open,Volume
2016-08-12,18.0,18.0,18.0,18.0,18.0,2015
2016-08-15,18.0,18.0,18.0,18.0,18.0,2015
2016-08-16,18.0,18.0,18.0,18.0,18.0,2015
2016-08-17,18.0,18.0,18.0,18.0,18.0,2015
2016-08-18,18.0,18.0,18.0,18.0,18.0,2015
2016-08-19,18.0,18.0,18.0,18.0,18.0,2015
2016-08-22,18.0,18.0,18.0,18.0,18.0,2015
2016-08-23,18.0,18.0,18.0,18.0,18.0,2015
2016-08-24,18.0,18.0,18.0,18.0,18.0,2015
2016-08-25,18.0,18.0,18.0,18.0,18.0,2015
2016-08-26,18.0,18.0,18.0,18.0,18.0,2015
2016-08-29,18.0,18.0,18.0,18.0,18.0,2015
2016-08-30,18.0,18.0,18.0,18.0,18.0,2015
2016-08-31,18.0,18.0,18.0,18.0,18.0,2015
2016-09-01,18.0,18.0,18.0,18.0,18.0,2015
2016-09-02,18.0,18.0,18.0,18.0,18.0,2015
2016-09-05,18.0,18.0,18.0,18.0,18.0,2015
2016-09-06,18.0,18.0,18.0,18.0,18.0,2015
2016-09-07,18.0,18.0,18.0,18.0,18.0,2015
2016-09-08,18.0,18.0,18.0,18.0,18.0,2015
2016-09-09,18.0,18.0,18.0,18.0,18.0,2015
2016-09-12,18.0,18.0,18.0,18.0,18.0,2015
2016-09-13,18.0,18.0,18.0,18.0,18.0,2015
2016-09-14,18.0,18.0,18.0,18.0,18.0,2015
2016-09-19,18.0,18.0,18.0,18.0,18.0,2015
2016-09-20,18.0,18.0,18.0,18.0,18.0,2015
2016-09-21,18.0,18.0,18.0,18.0,18.0,2015
2016-09-22,18.0,18.0,18.0,18.0,18.0,2015
2016-09-23,18.0,18.0,18.0,18.0,18.0,2015
2016-09-26,18.0,18.0,18.0,18.0,18.0,2015
2016-09-29,18.0,18.0,18.0,18.0,18.0,2015
2016-09-30,18.0,18.0,18.0,18.0,18.0,2015
2016-10-03,18.0,18.0,18.0,18.0,18.0,2015
2016-10-04,18.0,18.0,18.0,18.0,18.0,2015
2016-10-05,18.0,18.0,18.0,18.0,18.0,2015
2016-10-06,18.0,18.0,18.0,18.0,18.0,2015
2016-10-07,18.0,18.0,18.0,18.0,18.0,2015
2016-10-11,18.0,18.0,18.0,18.0,18.0,2015
2016-10-12,18.0,18.0,18.0,18.0,18.0,2015
2016-10-13,18.0,18.0,18.0,18.0,18.0,2015
2016-10-14,18.0,18.0,18.0,18.0,18.0,2015
2016-10-17,18.0,18.0,18.0,18.0,18.0,2015
2016-10-18,18.0,18.0,18.0,18.0,18.0,2015
2016-10-19,18.0,18.0,18.0,18.0,18.0,2015
2016-10-20,18.0,18.0,18.0,18.0,18.0,2015
2016-10-21,18.0,18.0,18.0,18.0,18.0,2015
2016-10-24,18.0,18.0,18.0,18.0,18.0,2015
2016-10-25,18.0,18.0,18.0,18.0,18.0,2015
2016-10-26,18.0,18.0,18.0,18.0,18.0,2015
2016-10-27,18.0,18.0,18.0,18.0,18.0,2015
2016-10-28,18.0,18.0,18.0,18.0,18.0,2015
2016-10-31,18.0,18.0,18.0,18.0,18.0,2015
2016-11-01,18.0,18.0,18.0,18.0,18.0,2015
2016-11-02,18.0,18.0,18.0,18.0,18.0,2015
2016-11-03,18.0,18.0,18.0,18.0,18.0,2015
2016-11-04,18.0,18.0,18.0,18.0,18.0,2015
2016-11-07,18.0,18.0,18.0,18.0,18.0,2015
2016-11-08,18.0,18.0,18.0,18.0,18.0,2015
2016-11-09,18.0,18.0,18.0,18.0,18.0,2015
2016-11-10,18.0,18.0,18.0,18.0,18.0,2015
2016-11-11,18.0,18.0,18.0,18.0,18.0,2015
2016-11-14,18.0,18.0,18.0,18.0,18.0,2015
2016-11-15,18.0,18.0,18.0,18.0,18.0,2015
2016-11-16,18.0,18.0,18.0,18.0,18.0,2015
2016-11-17,18.0,18.0,18.0,18.0,18.0,2015
2016-11-18,18.0,18.0,18.0,18.0,18.0,2015
2016-11-21,18.0,18.0,18.0,18.0,18.0,2015
2016-11-22,18.0,18.0,18.0,18.0,18.0,2015
2016-11-23,18.0,18.0,18.0,18.0,18.0,2015
2016-11-24,18.0,18.0,18.0,18.0,18.0,2015
2016-11-25,18.0,18.0,18.0,18.0,18.0,2015
2016-11-28,18.0,18.0,18.0,18.0,18.0,2015
2016-11-29,18.0,18.0,18.0,18.0,18.0,2015
2016-11-30,18.0,18.0,18.0,18.0,18.0,2015
2016-12-01,18.0,18.0,18.0,18.0,18.0,2015
2016-12-02,18.0,18.0,18.0,18.0,18.0,2015
2016-12-05,18.0,18.0,18.0,18.0,18.0,2015
2016-12-06,18.0,18.0,18.0,18.0,18.0,2015
2016-12-07,18.0,18.0,18.0,18.0,18.0,2015
2016-12-08,18.0,18.0,18.0,18.0,18.0,2015
2016-12-09,18.0,18.0,18.0,18.0,18.0,2015
2016-12-12,18.0,18.0,18.0,18.0,18.0,2015
2016-12-13,18.0,18.0,18.0,18.0,18.0,2015
2016-12-14,18.0,18.0,18.0,18.0,18.0,2015
2016-12-15,18.0,18.0,18.0,18.0,18.0,2015
2016-12-16,18.0,18.0,18.0,18.0,18.0,2015
2016-12-19,18.0,18.0,18.0,18.0,18.0,2015
2016-12-20,18.0,18.0,18.0,18.0,18.0,2015
2016-12-21,18.0,18.0,18.0,18.0,18.0,2015
2016-12-22,18.0,18.0,18.0,18.0,18.0,2015
2016-12-23,18.0,18.0,18.0,18.0,18.0,2015
2016-12-26,18.0,18.0,18.0,18.0,18.0,2015
2016-12-27,18.0,18.0,18.0,18.0,18.0,2015
2016-12-28,18.0,18.0,18.0,18.0,18.0,2015
2016-12-29,18.0,18.0,18.0,18.0,18.0,2015
2016-12-30,18.0,18.0,18.0,18.0,18.0,2015
2017-01-03,18.0,18.0,18.0,18.0,18.0,2015
2017-01-04,18.0,18.0,18.0,18.0,18.0,2015
2017-01-05,18.0,18.0,18.0,18.0,18.0,2015
2017-01-06,18.0,18.0,18.0,18.0,18.0,2015
2017-01-09,18.0,18.0,18.0,18.0,18.0,2015
2017-01-10,18.0,18.0,18.0,18.0,18.0,2015
2017-01-11,18.0,18.0,18.0,18.0,18.0,2015
2017-01-12,18.0,18.0,18.0,18.0,18.0,2015
2017-01-13,18.0,18.0,18.0,18.0,18.0,2015
2017-01-16,18.0,18.0,18.0,18.0,18.0,2015
2017-01-17,18.0,18.0,18.0,18.0,18.0,2015
2017-01-18,18.0,18.0,18.0,18.0,18.0,2015
2017-01-19,18.0,18.0,18.0,18.0,18.0,2015
2017-01-20,18.0,18.0,18.0,18.0,18.0,2015
2017-01-23,18.0,18.0,18.0,18.0,18.0,2015
2017-01-24,18.0,18.0,18.0,18.0,18.0,2015
2017-02-02,18.0,18.0,18.0,18.0,18.0,2015
2017-02-03,18.0,18.0,18.0,18.0,18.0,2015
2017-02-06,18.0,18.0,18.0,18.0,18.0,2015
2017-02-07,18.0,18.0,18.0,18.0,18.0,2015
2017-02-08,18.0,18.0,18.0,18.0,18.0,2015
2017-02-09,18.0,18.0,18.0,18.0,18.0,2015
2017-02-10,18.0,18.0,18.0,18.0,18.0,2015
2017-02-13,18.0,18.0,18.0,18.0,18.0,2015
2017-02-14,18.0,18.0,18.0,18.0,18.0,2015
2017-02-15,18.0,18.0,18.0,18.0,18.0,2015
2017-02-16,18.0,18.0,18.0,18.0,18.0,2015
2017-02-17,18.0,18.0,18.0,18.0,18.0,2015
2017-02-20,18.0,18.0,18.0,18.0,18.0,2015
2017-02-21,18.0,18.0,18.0,18.0,18.0,2015
2017-02-22,18.0,18.0,18.0,18.0,18.0,2015
2017-02-23,18.0,18.0,18.0,18.0,18.0,2015
2017-02-24,18.0,18.0,18.0,18.0,18.0,2015
2017-03-01,18.0,18.0,18.0,18.0,18.0,2015
2017-03-02,18.0,18.0,18.0,18.0,18.0,2015
2017-03-03,18.0,18.0,18.0,18.0,18.0,2015
2017-03-06,18.0,18.0,18.0,18.0,18.0,2015
2017-03-07,18.0,18.0,18.0,18.0,18.0,2015
2017-03-08,18.0,18.0,18.0,18.0,18.0,2015
2017-03-09,18.0,18.0,18.0,18.0,18.0,2015
2017-03-10,18.0,18.0,18.0,18.0,18.0,2015
2017-03-13,18.0,18.0,18.0,18.0,18.0,2015
2017-03-14,18.0,18.0,18.0,18.0,18.0,2015
2017-03-15,18.0,18.0,18.0,18.0,18.0,2015
2017-03-16,18.0,18.0,18.0,18.0,18.0,2015
2017-03-17,18.0,18.0,18.0,18.0,18.0,2015
2017-03-20,18.0,18.0,18.0,18.0,18.0,2015
2017-03-21,18.0,18.0,18.0,18.0,18.0,2015
2017-03-22,18.0,18.0,18.0,18.0,18.0,2015
2017-03-23,18.0,18.0,18.0,18.0,18.0,2015
2017-03-24,18.0,18.0,18.0,18.0,18.0,2015
2017-03-27,18.0,18.0,18.0,18.0,18.0,2015
2017-03-28,18.0,18.0,18.0,18.0,18.0,2015
2017-03-29,18.0,18.0,18.0,18.0,18.0,2015
2017-03-30,18.0,18.0,18.0,18.0,18.0,2015
2017-03-31,18.0,18.0,18.0,18.0,18.0,2015
2017-04-05,18.0,18.0,18.0,18.0,18.0,2015
2017-04-06,18.0,18.0,18.0,18.0,18.0,2015
2017-04-07,18.0,18.0,18.0,18.0,18.0,2015
2017-04-10,18.0,18.0,18.0,18.0,18.0,2015
2017-04-11,18.0,18.0,18.0,18.0,18.0,2015
2017-04-12,18.0,18.0,18.0,18.0,18.0,2015
2017-04-13,18.0,18.0,18.0,18.0,18.0,2015
2017-04-14,18.0,18.0,18.0,18.0,18.0,2015
2017-04-17,18.0,18.0,18.0,18.0,18.0,2015
2017-04-18,18.0,18.0,18.0,18.0,18.0,2015
2017-04-19,18.0,18.0,18.0,18.0,18.0,2015
2017-04-21,18.0,18.0,18.0,18.0,18.0,2015
2017-04-24,18.0,18.0,18.0,18.0,18.0,2015
2017-04-25,18.0,18.0,18.0,18.0,18.0,2015
2017-04-26,18.0,18.0,18.0,18.0,18.0,2015
2017-04-27,18.0,18.0,18.0,18.0,18.0,2015
2017-04-28,18.0,18.0,18.0,18.0,18.0,2015
2017-05-02,18.0,18.0,18.0,18.0,18.0,2015
2017-05-03,18.0,18.0,18.0,18.0,18.0,2015
2017-05-04,18.0,18.0,18.0,18.0,18.0,2015
2017-05-05,18.0,18.0,18.0,18.0,18.0,2015
2017-05-08,18.0,18.0,18.0,18.0,18.0,2015
2017-05-09,18.0,18.0,18.0,18.0,18.0,2015
2017-05-10,18.0,18.0,18.0,18.0,18.0,2015
2017-05-11,18.0,18.0,18.0,18.0,18.0,2015
2017-05-12,18.0,18.0,18.0,18.0,18.0,2015
2017-05-15,18.0,18.0,18.0,18.0,18.0,2015
2017-05-16,18.0,18.0,18.0,18.0,18.0,2015
2017-05-17,18.0,18.0,18.0,18.0,18.0,2015
2017-05-18,18.0,18.0,18.0,18.0,18.0,2015
2017-05-19,18.0,18.0,18.0,18.0,18.0,2015
2017-05-22,18.0,18.0,18.0,18.0,18.0,2015
2017-05-23,18.0,18.0,18.0,18.0,18.0,2015
2017-05-24,18.0,18.0,18.0,18.0,18.0,2015
2017-05-25,18.0,18.0,18.0,18.0,18.0,2015
2017-05-26,18.0,18.0,18.0,18.0,18.0,2015
2017-05-31,18.0,18.0,18.0,18.0,18.0,2015
2017-06-01,18.0,18.0,18.0,18.0,18.0,2015
2017-06-02,18.0,18.0,18.0,18.0,18.0,2015
2017-06-05,18.0,18.0,18.0,18.0,18.0,2015
2017-06-06,18.0,18.0,18.0,18.0,18.0,2015
2017-06-07,18.0,18.0,18.0,18.0,18.0,2015
2017-06-08,18.0,18.0,18.0,18.0,18.0,2015
2017-06-09,18.0,18.0,18.0,18.0,18.0,2015
2017-06-12,18.0,18.0,18.0,18.0,18.0,2015
2017-06-13,18.0,18.0,18.0,18.0,18.0,2015
2017-06-14,18.0,18.0,18.0,18.0,18.0,2015
2017-06-15,18.0,18.0,18.0,18.0,18.0,2015
2017-06-16,18.0,18.0,18.0,18.0,18.0,2015
2017-06-19,18.0,18.0,18.0,18.0,18.0,2015
2017-06-20,18.0,18.0,18.0,18.0,18.0,2015
2017-06-21,18.0,18.0,18.0,18.0,18.0,2015
2017-06-22,18.0,18.0,18.0,18.0,18.0,2015
2017-06-23,18.0,18.0,18.0,18.0,18.0,2015
2017-06-26,18.0,18.0,18.0,18.0,18.0,2015
2017-06-27,18.0,18.0,18.0,18.0,18.0,2015
2017-06-28,18.0,18.0,18.0,18.0,18.0,2015
2017-06-29,18.0,18.0,18.0,18.0,18.0,2015
2017-06-30,18.0,18.0,18.0,18.0,18.0,2015
2017-07-03,18.0,18.0,18.0,18.0,18.0,2015
2017-07-04,18.0,18.0,18.0,18.0,18.0,2015
2017-07-05,18.0,18.0,18.0,18.0,18.0,2015
2017-07-06,18.0,18.0,18.0,18.0,18.0,2015
2017-07-07,18.0,18.0,18.0,18.0,18.0,2015
2017-07-10,18.0,18.0,18.0,18.0,18.0,2015
2017-07-11,18.0,18.0,18.0,18.0,18.0,2015
2017-07-12,18.0,18.0,18.0,18.0,18.0,2015
2017-07-13,18.0,18.0,18.0,18.0,18.0,2015
2017-07-14,18.0,18.0,18.0,18.0,18.0,2015
2017-07-17,18.0,18.0,18.0,18.0,18.0,2015
2017-07-18,18.0,18.0,18.0,18.0,18.0,2015
2017-07-19,18.0,18.0,18.0,18.0,18.0,2015
2017-07-20,18.0,18.0,18.0,18.0,18.0,2015
2017-07-21,18.0,18.0,18.0,18.0,18.0,2015
2017-07-24,18.0,18.0,18.0,18.0,18.0,2015
2017-07-25,18.0,18.0,18.0,18.0,18.0,2015
2017-07-26,18.0,18.0,18.0,18.0,18.0,2015
2017-07-27,18.0,18.0,18.0,18.0,18.0,2015
2017-07-28,18.0,18.0,18.0,18.0,18.0,2015
2017-07-31,18.0,18.0,18.0,18.0,18.0,2015
2017-08-01,18.0,18.0,18.0,18.0,18.0,2015
2017-08-02,18.0,18.0,18.0,18.0,18.0,2015
2017-08-03,18.0,18.0,18.0,18.0,18.0,2015
2017-08-04,18.0,18.0,18.0,18.0,18.0,2015
2017-08-07,18.0,18.0,18.0,18.0,18.0,2015
2017-08-08,18.0,18.0,18.0,18.0,18.0,2015
2017-08-09,18.0,18.0,18.0,18.0,18.0,2015
2017-08-10,18.0,18.0,18.0,18.0,18.0,2015
2017-08-11,18.0,18.0,18.0,18.0,18.0,2015
2017-08-14,18.0,18.0,18.0,18.0,18.0,2015
2017-08-15,18.0,18.0,18.0,18.0,18.0,2015
2017-08-16,18.0,18.0,18.0,18.0,18.0,2015
2017-08-17,18.0,18.0,18.0,18.0,18.0,2015
2017-08-18,18.0,18.0,18.0,18.0,18.0,2015
2017-08-21,18.0,18.0,18.0,18.0,18.0,2015
2017-08-22,18.0,18.0,18.0,18.0,18.0,2015
2017-08-23,18.0,18.0,18.0,18.0,18.0,2015
2017-08-24,18.0,18.0,18.0,18.0,18.0,2015
2017-08-25,18.0,18.0,18.0,18.0,18.0,2015
2017-08-28,18.0,18.0,18.0,18.0,18.0,2015
2017-08-29,18.0,18.0,18.0,18.0,18.0,2015
2017-08-30,18.0,18.0,18.0,18.0,18.0,2015
2017-08-31,18.0,18.0,18.0,18.0,18.0,2015
2017-09-01,18.0,18.0,18.0,18.0,18.0,2015
2017-09-04,18.0,18.0,18.0,18.0,18.0,2015
2017-09-05,18.0,18.0,18.0,18.0,18.0,2015
2017-09-06,18.0,18.0,18.0,18.0,18.0,2015
2017-09-07,18.0,18.0,18.0,18.0,18.0,2015
2017-09-08,18.0,18.0,18.0,18.0,18.0,2015
2017-09-11,18.0,18.0,18.0,18.0,18.0,2015
2017-09-12,18.0,18.0,18.0,18.0,18.0,2015
2017-09-13,18.0,18.0,18.0,18.0,18.0,2015
2017-09-14,18.0,18.0,18.0,18.0,18.0,2015
2017-09-15,18.0,18.0,18.0,18.0,18.0,2015
2017-09-18,18.0,18.0,18.0,18.0,18.0,2015
2017-09-19,18.0,18.0,18.0,18.0,18.0,2015
2017-09-20,18.0,18.0,18.0,18.0,18.0,2015
2017-09-21,18.0,18.0,18.0,18.0,18.0,2015
2017-09-22,18.0,18.0,18.0,18.0,18.0,2015
2017-09-25,18.0,18.0,18.0,18.0,18.0,2015
2017-09-26,18.0,18.0,18.0,18.0,18.0,2015
2017-09-27,18.0,18.0,18.0,18.0,18.0,2015
2017-09-28,18.0,18.0,18.0,18.0,18.0,2015
2017-09-29,18.0,18.0,18.0,18.0,18.0,2015
2017-10-02,18.0,18.0,18.0,18.0,18.0,2015
2017-10-03,18.0,18.0,18.0,18.0,18.0,2015
2017-10-05,18.0,18.0,18.0,18.0,18.0,2015
2017-10-06,18.0,18.0,18.0,18.0,18.0,2015
2017-10-11,18.0,18.0,18.0,18.0,18.0,2015
2017-10-12,18.0,18.0,18.0,18.0,18.0,2015
2017-10-13,18.0,18.0,18.0,18.0,18.0,2015
2017-10-16,18.0,18.0,18.0,18.0,18.0,2015
2017-10-17,18.0,18.0,18.0,18.0,18.0,2015
2017-10-18,18.0,18.0,18.0,18.0,18.0,2015
2017-10-19,18.0,18.0,18.0,18.0,18.0,2015
2017-10-20,18.0,18.0,18.0,18.0,18.0,2015
2017-10-23,18.0,18.0,18.0,18.0,18.0,2015
2017-10-24,18.0,18.0,18.0,18.0,18.0,2015
2017-10-25,18.0,18.0,18.0,18.0,18.0,2015
2017-10-26,18.0,18.0,18.0,18.0,18.0,2015
2017-10-27,18.0,18.0,18.0,18.0,18.0,2015
2017-10-30,18.0,18.0,18.0,18.0,18.0,2015
2017-10-31,18.0,18.0,18.0,18.0,18.0,2015
2017-11-01,18.0,18.0,18.0,18.0,18.0,2015
2017-11-02,18.0,18.0,18.0,18.0,18.0,2015
2017-11-03,18.0,18.0,18.0,18.0,18.0,2015
2017-11-06,18.0,18.0,18.0,18.0,18.0,2015
2017-11-07,18.0,18.0,18.0,18.0,18.0,2015
2017-11-08,18.0,18.0,18.0,18.0,18.0,2015
2017-11-09,18.0,18.0,18.0,18.0,18.0,2015
2017-11-10,18.0,18.0,18.0,18.0,18.0,2015
2017-11-13,18.0,18.0,18.0,18.0,18.0,2015
2017-11-14,18.0,18.0,18.0,18.0,18.0,2015
2017-11-15,18.0,18.0,18.0,18.0,18.0,2015
2017-11-16,18.0,18.0,18.0,18.0,18.0,2015
2017-11-17,18.0,18.0,18.0,18.0,18.0,2015
2017-11-20,18.0,18.0,18.0,18.0,18.0,2015
2017-11-21,18.0,18.0,18.0,18.0,18.0,2015
2017-11-22,18.0,18.0,18.0,18.0,18.0,2015
2017-11-23,18.0,18.0,18.0,18.0,18.0,2015
2017-11-24,18.0,18.0,18.0,18.0,18.0,2015
2017-11-27,18.0,18.0,18.0,18.0,18.0,2015
2017-11-28,18.0,18.0,18.0,18.0,18.0,2015
2017-11-29,18.0,18.0,18.0,18.0,18.0,2015
2017-11-30,18.0,18.0,18.0,18.0,18.0,2015
2017-12-01,18.0,18.0,18.0,18.0,18.0,2015
2017-12-04,18.0,18.0,18.0,18.0,18.0,2015
2017-12-05,18.0,18.0,18.0,18.0,18.0,2015
2017-12-06,18.0,18.0,18.0,18.0,18.0,2015
2017-12-07,18.0,18.0,18.0,18.0,18.0,2015
2017-12-08,18.0,18.0,18.0,18.0,18.0,2015
2017-12-11,18.0,18.0,18.0,18.0,18.0,2015
2017-12-12,18.0,18.0,18.0,18.0,18.0,2015
2017-12-13,18.0,18.0,18.0,18.0,18.0,2015
2017-12-14,18.0,18.0,18.0,18.0,18.0,2015
2017-12-15,18.0,18.0,18.0,18.0,18.0,2015
2017-12-18,18.0,18.0,18.0,18.0,18.0,2015
2017-12-19,18.0,18.0,18.0,18.0,18.0,2015
2017-12-20,18.0,18.0,18.0,18.0,18.0,2015
2017-12-21,18.0,18.0,18.0,18.0,18.0,2015
2017-12-22,18.0,18.0,18.0,18.0,18.0,2015
2017-12-25,18.0,18.0,18.0,18.0,18.0,2015
2017-12-26,18.0,18.0,18.0,18.0,18.0,2015
2017-12-27,18.0,18.0,18.0,18.0,18.0,2015
2017-12-28,18.0,18.0,18.0,18.0,18.0,2015
2017-12-29,18.0,18.0,18.0,18.0,18.0,2015
2018-01-02,18.0,18.0,18.0,18.0,18.0,2015
2018-01-03,18.0,18.0,18.0,18.0,18.0,2015
2018-01-04,18.0,18.0,18.0,18.0,18.0,2015
2018-01-05,18.0,18.0,18.0,18.0,18.0,2015
2018-01-08,18.0,18.0,18.0,18.0,18.0,2015
2018-01-09,18.0,18.0,18.0,18.0,18.0,2015
2018-01-10,18.0,18.0,18.0,18.0,18.0,2015
2018-01-11,18.0,18.0,18.0,18.0,18.0,2015
2018-01-12,18.0,18.0,18.0,18.0,18.0,2015
2018-01-15,18.0,18.0,18.0,18.0,18.0,2015
2018-01-16,18.0,18.0,18.0,18.0,18.0,2015
2018-01-17,18.0,18.0,18.0,18.0,18.0,2015
2018-01-18,18.0,18.0,18.0,18.0,18.0,2015
2018-01-19,18.0,18.0,18.0,18.0,18.0,2015
2018-01-22,18.0,18.0,18.0,18.0,18.0,2015
2018-01-23,18.0,18.0,18.0,18.0,18.0,2015
2018-01-24,18.0,18.0,18.0,18.0,18.0,2015
2018-01-25,18.0,18.0,18.0,18.0,18.0,2015
2018-01-26,18.0,18.0,18.0,18.0,18.0,2015
2018-01-29,18.0,18.0,18.0,18.0,18.0,2015
2018-01-30,18.0,18.0,18.0,18.0,18.0,2015
2018-01-31,18.0,18.0,18.0,18.0,18.0,2015
2018-02-01,18.0,18.0,18.0,18.0,18.0,2015
2018-02-02,18.0,18.0,18.0,18.0,18.0,2015
2018-02-05,18.0,18.0,18.0,18.0,18.0,2015
2018-02-06,18.0,18.0,18.0,18.0,18.0,2015
2018-02-07,18.0,18.0,18.0,18.0,18.0,2015
2018-02-08,18.0,18.0,18.0,18.0,18.0,2015
2018-02-09,18.0,18.0,18.0,18.0,18.0,2015
2018-02-12,18.0,18.0,18.0,18.0,18.0,2015
2018-02-21,18.0,18.0,18.0,18.0,18.0,2015
2018-02-22,18.0,18.0,18.0,18.0,18.0,2015
2018-02-23,18.0,18.0,18.0,18.0,18.0,2015
2018-02-26,18.0,18.0,18.0,18.0,18.0,2015
2018-02-27,18.0,18.0,18.0,18.0,18.0,2015
2018-03-01,18.0,18.0,18.0,18.0,18.0,2015
2018-03-02,18.0,18.0,18.0,18.0,18.0,2015
2018-03-05,18.0,18.0,18.0,18.0,18.0,2015
2018-03-06,18.0,18.0,18.0,18.0,18.0,2015
2018-03-07,18.0,18.0,18.0,18.0,18.0,2015
2018-03-08,18.0,18.0,18.0,18.0,18.0,2015
2018-03-09,18.0,18.0,18.0,18.0,18.0,2015
2018-03-12,18.0,18.0,18.0,18.0,18.0,2015
2018-03-13,18.0,18.0,18.0,18.0,18.0,2015
2018-03-14,18.0,18.0,18.0,18.0,18.0,2015
2018-03-15,18.0,18.0,18.0,18.0,18.0,2015
2018-03-16,18.0,18.0,18.0,18.0,18.0,2015
2018-03-19,18.0,18.0,18.0,18.0,18.0,2015
2018-03-20,18.0,18.0,18.0,18.0,18.0,2015
2018-03-21,18.0,18.0,18.0,18.0,18.0,2015
2018-03-22,18.0,18.0,18.0,18.0,18.0,2015
2018-03-23,18.0,18.0,18.0,18.0,18.0,2015
2018-03-26,18.0,18.0,18.0,18.0,18.0,2015
2018-03-27,18.0,18.0,18.0,18.0,18.0,2015
2018-03-28,18.0,18.0,18.0,18.0,18.0,2015
2018-03-29,18.0,18.0,18.0,18.0,18.0,2015
2018-03-30,18.0,18.0,18.0,18.0,18.0,2015
2018-04-02,18.0,18.0,18.0,18.0,18.0,2015
2018-04-03,18.0,18.0,18.0,18.0,18.0,2015
2018-04-09,18.0,18.0,18.0,18.0,18.0,2015
2018-04-10,18.0,18.0,18.0,18.0,18.0,2015
2018-04-11,18.0,18.0,18.0,18.0,18.0,2015
2018-04-12,18.0,18.0,18.0,18.0,18.0,2015
2018-04-13,18.0,18.0,18.0,18.0,18.0,2015
2018-04-16,18.0,18.0,18.0,18.0,18.0,2015
2018-04-17,18.0,18.0,18.0,18.0,18.0,2015
2018-04-18,18.0,18.0,18.0,18.0,18.0,2015
2018-04-19,18.0,18.0,18.0,18.0,18.0,2015
2018-04-20,18.0,18.0,18.0,18.0,18.0,2015
2018-04-23,18.0,18.0,18.0,18.0,18.0,2015
2018-04-24,18.0,18.0,18.0,18.0,18.0,2015
2018-04-25,18.0,18.0,18.0,18.0,18.0,2015
2018-04-26,18.0,18.0,18.0,18.0,18.0,2015
2018-04-27,18.0,18.0,18.0,18.0,18.0,2015
2018-04-30,18.0,18.0,18.0,18.0,18.0,2015
2018-05-02,18.0,18.0,18.0,18.0,18.0,2015
2018-05-03,18.0,18.0,18.0,18.0,18.0,2015
2018-05-04,18.0,18.0,18.0,18.0,18.0,2015
2018-05-07,18.0,18.0,18.0,18.0,18.0,2015
2018-05-08,18.0,18.0,18.0,18.0,18.0,2015
2018-05-09,18.0,18.0,18.0,18.0,18.0,2015
2018-05-10,18.0,18.0,18.0,18.0,18.0,2015
2018-05-11,18.0,18.0,18.0,18.0,18.0,2015
2018-05-14,18.0,18.0,18.0,18.0,18.0,2015
2018-05-15,18.0,18.0,18.0,18.0,18.0,2015
2018-05-16,18.0,18.0,18.0,18.0,18.0,2015
2018-05-17,18.0,18.0,18.0,18.0,18.0,2015
2018-05-18,18.0,18.0,18.0,18.0,18.0,2015
2018-05-21,18.0,18.0,18.0,18.0,18.0,2015
2018-05-22,18.0,18.0,18.0,18.0,18.0,2015
2018-05-23,18.0,18.0,18.0,18.0,18.0,2015
2018-05-24,18.0,18.0,18.0,18.0,18.0,2015
2018-05-25,18.0,18.0,18.0,18.0,18.0,2015
2018-05-28,18.0,18.0,18.0,18.0,18.0,2015
2018-05-29,18.0,18.0,18.0,18.0,18.0,2015
2018-05-30,18.0,18.0,18.0,18.0,18.0,2015
2018-05-31,18.0,18.0,18.0,18.0,18.0,2015
2018-06-01,18.0,18.0,18.0,18.0,18.0,2015
2018-06-04,18.0,18.0,18.0,18.0,18.0,2015
2018-06-05,18.0,18.0,18.0,18.0,18.0,2015
2018-06-06,18.0,18.0,18.0,18.0,18.0,2015
2018-06-07,18.0,18.0,18.0,18.0,18.0,2015
2018-06-08,18.0,18.0,18.0,18.0,18.0,2015
2018-06-11,18.0,18.0,18.0,18.0,18.0,2015
2018-06-12,18.0,18.0,18.0,18.0,18.0,2015
2018-06-13,18.0,18.0,18.0,18.0,18.0,2015
2018-06-14,18.0,18.0,18.0,18.0,18.0,2015
2018-06-15,18.0,18.0,18.0,18.0,18.0,2015
2018-06-19,18.0,18.0,18.0,18.0,18.0,2015
2018-06-20,18.0,18.0,18.0,18.0,18.0,2015
2018-06-21,18.0,18.0,18.0,18.0,18.0,2015
2018-06-22,18.0,18.0,18.0,18.0,18.0,2015
2018-06-25,18.0,18.0,18.0,18.0,18.0,2015
2018-06-26,18.0,18.0,18.0,18.0,18.0,2015
2018-06-27,18.0,18.0,18.0,18.0,18.0,2015
2018-06-28,18.0,18.0,18.0,18.0,18.0,2015
2018-06-29,18.0,18.0,18.0,18.0,18.0,2015
2018-07-02,18.0,18.0,18.0,18.0,18.0,2015
2018-07-03,18.0,18.0,18.0,18.0,18.0,2015
2018-07-04,18.0,18.0,18.0,18.0,18.0,2015
2018-07-05,18.0,18.0,18.0,18.0,18.0,2015
2018-07-06,18.0,18.0,18.0,18.0,18.0,2015
2018-07-09,18.0,18.0,18.0,18.0,18.0,2015
2018-07-10,18.0,18.0,18.0,18.0,18.0,2015
2018-07-11,18.0,18.0,18.0,18.0,18.0,2015
2018-07-12,18.0,18.0,18.0,18.0,18.0,2015
2018-07-13,18.0,18.0,18.0,18.0,18.0,2015
2018-07-16,18.0,18.0,18.0,18.0,18.0,2015
2018-07-17,18.0,18.0,18.0,18.0,18.0,2015
2018-07-18,18.0,18.0,18.0,18.0,18.0,2015
2018-07-19,18.0,18.0,18.0,18.0,18.0,2015
2018-07-20,18.0,18.0,18.0,18.0,18.0,2015
2018-07-23,18.0,18.0,18.0,18.0,18.0,2015
2018-07-24,18.0,18.0,18.0,18.0,18.0,2015
2018-07-25,18.0,18.0,18.0,18.0,18.0,2015
2018-07-26,18.0,18.0,18.0,18.0,18.0,2015
2018-07-27,18.0,18.0,18.0,18.0,18.0,2015
2018-07-30,18.0,18.0,18.0,18.0,18.0,2015
2018-07-31,18.0,18.0,18.0,18.0,18.0,2015
2018-08-01,18.0,18.0,18.0,18.0,18.0,2015
2018-08-02,18.0,18.0,18.0,18.0,18.0,2015
2018-08-03,18.0,18.0,18.0,18.0,18.0,2015
2018-08-06,18.0,18.0,18.0,18.0,18.0,2015
2018-08-07,18.0,18.0,18.0,18.0,18.0,2015
2018-08-08,18.0,18.0,18.0,18.0,18.0,2015
2018-08-09,18.0,18.0,18.0,18.0,18.0,2015
2018-08-10,18.0,18.0,18.0,18.0,18.0,2015
2018-08-13,18.0,18.0,18.0,18.0,18.0,2015
2018-08-14,18.0,18.0,18.0,18.0,18.0,2015
2018-08-15,18.0,18.0,18.0,18.0,18.0,2015
2018-08-16,18.0,18.0,18.0,18.0,18.0,2015
2018-08-17,18.0,18.0,18.0,18.0,18.0,2015
2018-08-20,18.0,18.0,18.0,18.0,18.0,2015
2018-08-21,18.0,18.0,18.0,18.0,18.0,2015
2018-08-22,18.0,18.0,18.0,18.0,18.0,2015
2018-08-23,18.0,18.0,18.0,18.0,18.0,2015
2018-08-24,18.0,18.0,18.0,18.0,18.0,2015
2018-08-27,18.0,18.0,18.0,18.0,18.0,2015
2018-08-28,18.0,18.0,18.0,18.0,18.0,2015
2018-08-29,18.0,18.0,18.0,18.0,18.0,2015
2018-08-30,18.0,18.0,18.0,18.0,18.0,2015
2018-08-31,18.0,18.0,18.0,18.0,18.0,2015
2018-09-03,18.0,18.0,18.0,18.0,18.0,2015
2018-09-04,18.0,18.0,18.0,18.0,18.0,2015
2018-09-05,18.0,18.0,18.0,18.0,18.0,2015
2018-09-06,18.0,18.0,18.0,18.0,18.0,2015
2018-09-07,18.0,18.0,18.0,18.0,18.0,2015
2018-09-10,18.0,18.0,18.0,18.0,18.0,2015
2018-09-11,18.0,18.0,18.0,18.0,18.0,2015
2018-09-12,18.0,18.0,18.0,18.0,18.0,2015
2018-09-13,18.0,18.0,18.0,18.0,18.0,2015
2018-09-14,18.0,18.0,18.0,18.0,18.0,2015
2018-09-17,18.0,18.0,18.0,18.0,18.0,2015
2018-09-18,18.0,18.0,18.0,18.0,18.0,2015
2018-09-19,18.0,18.0,18.0,18.0,18.0,2015
2018-09-20,18.0,18.0,18.0,18.0,18.0,2015
2018-09-21,18.0,18.0,18.0,18.0,18.0,2015
2018-09-25,18.0,18.0,18.0,18.0,18.0,2015
2018-09-26,18.0,18.0,18.0,18.0,18.0,2015
2018-09-27,18.0,18.0,18.0,18.0,18.0,2015
2018-09-28,18.0,18.0,18.0,18.0,18.0,2015
2018-10-01,18.0,18.0,18.0,18.0,18.0,2015
2018-10-02,18.0,18.0,18.0,18.0,18.0,2015
2018-10-03,18.0,18.0,18.0,18.0,18.0,2015
2018-10-04,18.0,18.0,18.0,18.0,18.0,2015
2018-10-05,18.0,18.0,18.0,18.0,18.0,2015
2018-10-08,18.0,18.0,18.0,18.0,18.0,2015
2018-10-09,18.0,18.0,18.0,18.0,18.0,2015
2018-10-11,18.0,18.0,18.0,18.0,18.0,2015
2018-10-12,18.0,18.0,18.0,18.0,18.0,2015
2018-10-15,18.0,18.0,18.0,18.0,18.0,2015
2018-10-16,18.0,18.0,18.0,18.0,18.0,2015
2018-10-17,18.0,18.0,18.0,18.0,18.0,2015
2018-10-18,18.0,18.0,18.0,18.0,18.0,2015
2018-10-19,18.0,18.0,18.0,18.0,18.0,2015
2018-10-22,18.0,18.0,18.0,18.0,18.0,2015
2018-10-23,18.0,18.0,18.0,18.0,18.0,2015
2018-10-24,18.0,18.0,18.0,18.0,18.0,2015
2018-10-25,18.0,18.0,18.0,18.0,18.0,2015
2018-10-26,18.0,18.0,18.0,18.0,18.0,2015
2018-10-29,18.0,18.0,18.0,18.0,18.0,2015
2018-10-30,18.0,18.0,18.0,18.0,18.0,2015
2018-10-31,18.0,18.0,18.0,18.0,18.0,2015
2018-11-01,18.0,18.0,18.0,18.0,18.0,2015
2018-11-02,18.0,18.0,18.0,18.0,18.0,2015
2018-11-05,18.0,18.0,18.0,18.0,18.0,2015
2018-11-06,18.0,18.0,18.0,18.0,18.0,2015
2018-11-07,18.0,18.0,18.0,18.0,18.0,2015
2018-11-08,18.0,18.0,18.0,18.0,18.0,2015
2018-11-09,18.0,18.0,18.0,18.0,18.0,2015
2018-11-12,18.0,18.0,18.0,18.0,18.0,2015
2018-11-13,18.0,18.0,18.0,18.0,18.0,2015
2018-11-14,18.0,18.0,18.0,18.0,18.0,2015
2018-11-15,18.0,18.0,18.0,18.0,18.0,2015
2018-11-16,18.0,18.0,18.0,18.0,18.0,2015
2018-11-19,18.0,18.0,18.0,18.0,18.0,2015
2018-11-20,18.0,18.0,18.0,18.0,18.0,2015
2018-11-21,18.0,18.0,18.0,18.0,18.0,2015
2018-11-22,18.0,18.0,18.0,18.0,18.0,2015
2018-11-23,18.0,18.0,18.0,18.0,18.0,2015
2018-11-26,18.0,18.0,18.0,18.0,18.0,2015
2018-11-27,18.0,18.0,18.0,18.0,18.0,2015
2018-11-28,18.0,18.0,18.0,18.0,18.0,2015
2018-11-29,18.0,18.0,18.0,18.0,18.0,2015
2018-11-30,18.0,18.0,18.0,18.0,18.0,2015
2018-12-03,18.0,18.0,18.0,18.0,18.0,2015
2018-12-04,18.0,18.0,18.0,18.0,18.0,2015
2018-12-05,18.0,18.0,18.0,18.0,18.0,2015
2018-12-06,18.0,18.0,18.0,18.0,18.0,2015
2018-12-07,18.0,18.0,18.0,18.0,18.0,2015
2018-12-10,18.0,18.0,18.0,18.0,18.0,2015
2018-12-11,18.0,18.0,18.0,18.0,18.0,2015
2018-12-12,18.0,18.0,18.0,18.0,18.0,2015
2018-12-13,18.0,18.0,18.0,18.0,18.0,2015
2018-12-14,18.0,18.0,18.0,18.0,18.0,2015
2018-12-17,18.0,18.0,18.0,18.0,18.0,2015
2018-12-18,18.0,18.0,18.0,18.0,18.0,2015
2018-12-19,18.0,18.0,18.0,18.0,18.0,2015
2018-12-20,18.0,18.0,18.0,18.0,18.0,2015
2018-12-21,18.0,18.0,18.0,18.0,18.0,2015
2018-12-24,18.0,18.0,18.0,18.0,18.0,2015
2018-12-25,18.0,18.0,18.0,18.0,18.0,2015
2018-12-26,18.0,18.0,18.0,18.0,18.0,2015
2018-12-27,18.0,18.0,18.0,18.0,18.0,2015
2018-12-28,18.0,18.0,18.0,18.0,18.0,2015
2019-01-02,18.0,18.0,18.0,18.0,18.0,2015
2019-01-03,18.0,18.0,18.0,18.0,18.0,2015
2019-01-04,18.0,18.0,18.0,18.0,18.0,2015
2019-01-07,18.0,18.0,18.0,18.0,18.0,2015
2019-01-08,18.0,18.0,18.0,18.0,18.0,2015
2019-01-09,18.0,18.0,18.0,18.0,18.0,2015
2019-01-10,18.0,18.0,18.0,18.0,18.0,2015
2019-01-11,18.0,18.0,18.0,18.0,18.0,2015
2019-01-14,18.0,18.0,18.0,18.0,18.0,2015
2019-01-15,18.0,18.0,18.0,18.0,18.0,2015
2019-01-16,18.0,18.0,18.0,18.0,18.0,2015
2019-01-17,18.0,18.0,18.0,18.0,18.0,2015
2019-01-18,18.0,18.0,18.0,18.0,18.0,2015
2019-01-21,18.0,18.0,18.0,18.0,18.0,2015
2019-01-22,18.0,18.0,18.0,18.0,18.0,2015
2019-01-23,18.0,18.0,18.0,18.0,18.0,2015
2019-01-24,18.0,18.0,18.0,18.0,18.0,2015
2019-01-25,18.0,18.0,18.0,18.0,18.0,2015
2019-01-28,18.0,18.0,18.0,18.0,18.0,2015
2019-01-29,18.0,18.0,18.0,18.0,18.0,2015
2019-01-30,18.0,18.0,18.0,18.0,18.0,2015
2019-02-11,18.0,18.0,18.0,18.0,18.0,2015
2019-02-12,18.0,18.0,18.0,18.0,18.0,2015
2019-02-13,18.0,18.0,18.0,18.0,18.0,2015
2019-02-14,18.0,18.0,18.0,18.0,18.0,2015
2019-02-15,18.0,18.0,18.0,18.0,18.0,2015
2019-02-18,18.0,18.0,18.0,18.0,18.0,2015
2019-02-19,18.0,18.0,18.0,18.0,18.0,2015
2019-02-20,18.0,18.0,18.0,18.0,18.0,2015
2019-02-21,18.0,18.0,18.0,18.0,18.0,2015
2019-02-22,18.0,18.0,18.0,18.0,18.0,2015
2019-02-25,18.0,18.0,18.0,18.0,18.0,2015
2019-02-26,18.0,18.0,18.0,18.0,18.0,2015
2019-02-27,18.0,18.0,18.0,18.0,18.0,2015
2019-03-04,18.0,18.0,18.0,18.0,18.0,2015
2019-03-05,18.0,18.0,18.0,18.0,18.0,2015
2019-03-06,18.0,18.0,18.0,18.0,18.0,2015
2019-03-07,18.0,18.0,18.0,18.0,18.0,2015
2019-03-08,18.0,18.0,18.0,18.0,18.0,2015
2019-03-11,18.0,18.0,18.0,18.0,18.0,2015
2019-03-12,18.0,18.0,18.0,18.0,18.0,2015
2019-03-13,18.0,18.0,18.0,18.0,18.0,2015
2019-03-14,18.0,18.0,18.0,18.0,18.0,2015
2019-03-15,18.0,18.0,18.0,18.0,18.0,2015
2019-03-18,18.0,18.0,18.0,18.0,18.0,2015
2019-03-19,18.0,18.0,18.0,18.0,18.0,2015
2019-03-20,18.0,18.0,18.0,18.0,18.0,2015
2019-03-21,18.0,18.0,18.0,18.0,18.0,2015
2019-03-22,18.0,18.0,18.0,18.0,18.0,2015
2019-03-25,18.0,18.0,18.0,18.0,18.0,2015
2019-03-26,18.0,18.0,18.0,18.0,18.0,2015
2019-03-27,18.0,18.0,18.0,18.0,18.0,2015
2019-03-28,18.0,18.0,18.0,18.0,18.0,2015
2019-03-29,18.0,18.0,18.0,18.0,18.0,2015
2019-04-01,18.0,18.0,18.0,18.0,18.0,2015
2019-04-02,18.0,18.0,18.0,18.0,18.0,2015
2019-04-03,18.0,18.0,18.0,18.0,18.0,2015
2019-04-08,18.0,18.0,18.0,18.0,18.0,2015
2019-04-09,18.0,18.0,18.0,18.0,18.0,2015
2019-04-10,18.0,18.0,18.0,18.0,18.0,2015
2019-04-11,18.0,18.0,18.0,18.0,18.0,2015
2019-04-12,18.0,18.0,18.0,18.0,18.0,2015
2019-04-15,18.0,18.0,18.0,18.0,18.0,2015
2019-04-16,18.0,18.0,18.0,18.0,18.0,2015
2019-04-17,18.0,18.0,18.0,18.0,18.0,2015
2019-04-18,18.0,18.0,18.0,18.0,18.0,2015
2019-04-19,18.0,18.0,18.0,18.0,18.0,2015
2019-04-22,18.0,18.0,18.0,18.0,18.0,2015
2019-04-23,18.0,18.0,18.0,18.0,18.0,2015
2019-04-24,18.0,18.0,18.0,18.0,18.0,2015
2019-04-25,18.0,18.0,18.0,18.0,18.0,2015
2019-04-26,18.0,18.0,18.0,18.0,18.0,2015
2019-04-29,18.0,18.0,18.0,18.0,18.0,2015
2019-04-30,18.0,18.0,18.0,18.0,18.0,2015
2019-05-02,18.0,18.0,18.0,18.0,18.0,2015
2019-05-03,18.0,18.0,18.0,18.0,18.0,2015
2019-05-06,18.0,18.0,18.0,18.0,18.0,2015
2019-05-07,18.0,18.0,18.0,18.0,18.0,2015
2019-05-08,18.0,18.0,18.0,18.0,18.0,2015
2019-05-09,18.0,18.0,18.0,18.0,18.0,2015
2019-05-10,18.0,18.0,18.0,18.0,18.0,2015
2019-05-13,18.0,18.0,18.0,18.0,18.0,2015
2019-05-14,18.0,18.0,18.0,18.0,18.0,2015
2019-05-15,18.0,18.0,18.0,18.0,18.0,2015
2019-05-16,18.0,18.0,18.0,18.0,18.0,2015
2019-05-17,18.0,18.0,18.0,18.0,18.0,2015
2019-05-20,18.0,18.0,18.0,18.0,18.0,2015
2019-05-21,18.0,18.0,18.0,18.0,18.0,2015
2019-05-22,18.0,18.0,18.0,18.0,18.0,2015
2019-05-23,18.0,18.0,18.0,18.0,18.0,2015
2019-05-24,18.0,18.0,18.0,18.0,18.0,2015
2019-05-27,18.0,18.0,18.0,18.0,18.0,2015
2019-05-28,18.0,18.0,18.0,18.0,18.0,2015
2019-05-29,18.0,18.0,18.0,18.0,18.0,2015
2019-05-30,18.0,18.0,18.0,18.0,18.0,2015
2019-05-31,18.0,18.0,18.0,18.0,18.0,2015
2019-06-03,18.0,18.0,18.0,18.0,18.0,2015
2019-06-04,18.0,18.0,18.0,18.0,18.0,2015
2019-06-05,18.0,18.0,18.0,18.0,18.0,2015
2019-06-06,18.0,18.0,18.0,18.0,18.0,2015
2019-06-10,18.0,18.0,18.0,18.0,18.0,2015
2019-06-11,18.0,18.0,18.0,18.0,18.0,2015
2019-06-12,18.0,18.0,18.0,18.0,18.0,2015
2019-06-13,18.0,18.0,18.0,18.0,18.0,2015
2019-06-14,18.0,18.0,18.0,18.0,18.0,2015
2019-06-17,18.0,18.0,18.0,18.0,18.0,2015
2019-06-18,18.0,18.0,18.0,18.0,18.0,2015
2019-06-19,18.0,18.0,18.0,18.0,18.0,2015
2019-06-20,18.0,18.0,18.0,18.0,18.0,2015
2019-06-21,18.0,18.0,18.0,18.0,18.0,2015
2019-06-24,18.0,18.0,18.0,18.0,18.0,2015
2019-06-25,18.0,18.0,18.0,18.0,18.0,2015
2019-06-26,18.0,18.0,18.0,18.0,18.0,2015
2019-06-27,18.0,18.0,18.0,18.0,18.0,2015
2019-06-28,18.0,18.0,18.0,18.0,18.0,2015
2019-07-01,18.0,18.0,18.0,18.0,18.0,2015
2019-07-02,18.0,18.0,18.0,18.0,18.0,2015
2019-07-03,18.0,18.0,18.0,18.0,18.0,2015
2019-07-04,18.0,18.0,18.0,18.0,18.0,2015
2019-07-05,18.0,18.0,18.0,18.0,18.0,2015
2019-07-08,18.0,18.0,18.0,18.0,18.0,2015
2019-07-09,18.0,18.0,18.0,18.0,18.0,2015
2019-07-10,18.0,18.0,18.0,18.0,18.0,2015
2019-07-11,18.0,18.0,18.0,18.0,18.0,2015
2019-07-12,18.0,18.0,18.0,18.0,18.0,2015
2019-07-15,18.0,18.0,18.0,18.0,18.0,2015
2019-07-16,18.0,18.0,18.0,18.0,18.0,2015
2019-07-17,18.0,18.0,18.0,18.0,18.0,2015
2019-07-18,18.0,18.0,18.0,18.0,18.0,2015
2019-07-19,18.0,18.0,18.0,18.0,18.0,2015
2019-07-22,18.0,18.0,18.0,18.0,18.0,2015
2019-07-23,18.0,18.0,18.0,18.0,18.0,2015
2019-07-24,18.0,18.0,18.0,18.0,18.0,2015
2019-07-25,18.0,18.0,18.0,18.0,18.0,2015
2019-07-26,18.0,18.0,18.0,18.0,18.0,2015
2019-07-29,18.0,18.0,18.0,18.0,18.0,2015
2019-07-30,18.0,18.0,18.0,18.0,18.0,2015
2019-07-31,18.0,18.0,18.0,18.0,18.0,2015
2019-08-01,18.0,18.0,18.0,18.0,18.0,2015
2019-08-02,18.0,18.0,18.0,18.0,18.0,2015
2019-08-05,18.0,18.0,18.0,18.0,18.0,2015
2019-08-06,18.0,18.0,18.0,18.0,18.0,2015
2019-08-07,18.0,18.0,18.0,18.0,18.0,2015
2019-08-08,18.0,18.0,18.0,18.0,18.0,2015
2019-08-12,18.0,18.0,18.0,18.0,18.0,2015
2019-08-13,18.0,18.0,18.0,18.0,18.0,2015
2019-08-14,18.0,18.0,18.0,18.0,18.0,2015
2019-08-15,18.0,18.0,18.0,18.0,18.0,2015
2019-08-16,18.0,18.0,18.0,18.0,18.0,2015
2019-08-19,18.0,18.0,18.0,18.0,18.0,2015
2019-08-20,18.0,18.0,18.0,18.0,18.0,2015
2019-08-21,18.0,18.0,18.0,18.0,18.0,2015
2019-08-22,18.0,18.0,18.0,18.0,18.0,2015
2019-08-23,18.0,18.0,18.0,18.0,18.0,2015
2019-08-26,18.0,18.0,18.0,18.0,18.0,2015
2019-08-27,18.0,18.0,18.0,18.0,18.0,2015
2019-08-28,18.0,18.0,18.0,18.0,18.0,2015
2019-08-29,18.0,18.0,18.0,18.0,18.0,2015
2019-08-30,18.0,18.0,18.0,18.0,18.0,2015
2019-09-02,18.0,18.0,18.0,18.0,18.0,2015
2019-09-03,18.0,18.0,18.0,18.0,18.0,2015
2019-09-04,18.0,18.0,18.0,18.0,18.0,2015
2019-09-05,18.0,18.0,18.0,18.0,18.0,2015
2019-09-06,18.0,18.0,18.0,18.0,18.0,2015
2019-09-09,18.0,18.0,18.0,18.0,18.0,2015
2019-09-10,18.0,18.0,18.0,18.0,18.0,2015
2019-09-11,18.0,18.0,18.0,18.0,18.0,2015
2019-09-12,18.0,18.0,18.0,18.0,18.0,2015
2019-09-16,18.0,18.0,18.0,18.0,18.0,2015
2019-09-17,18.0,18.0,18.0,18.0,18.0,2015
2019-09-18,18.0,18.0,18.0,18.0,18.0,2015
2019-09-19,18.0,18.0,18.0,18.0,18.0,2015
2019-09-20,18.0,18.0,18.0,18.0,18.0,2015
2019-09-23,18.0,18.0,18.0,18.0,18.0,2015
2019-09-24,18.0,18.0,18.0,18.0,18.0,2015
2019-09-25,18.0,18.0,18.0,18.0,18.0,2015
2019-09-26,18.0,18.0,18.0,18.0,18.0,2015
2019-09-27,18.0,18.0,18.0,18.0,18.0,2015
2019-10-01,18.0,18.0,18.0,18.0,18.0,2015
2019-10-02,18.0,18.0,18.0,18.0,18.0,2015
2019-10-03,18.0,18.0,18.0,18.0,18.0,2015
2019-10-04,18.0,18.0,18.0,18.0,18.0,2015
2019-10-07,18.0,18.0,18.0,18.0,18.0,2015
2019-10-08,18.0,18.0,18.0,18.0,18.0,2015
2019-10-09,18.0,18.0,18.0,18.0,18.0,2015
2019-10-14,18.0,18.0,18.0,18.0,18.0,2015
2019-10-15,18.0,18.0,18.0,18.0,18.0,2015
2019-10-16,18.0,18.0,18.0,18.0,18.0,2015
2019-10-17,18.0,18.0,18.0,18.0,18.0,2015
2019-10-18,18.0,18.0,18.0,18.0,18.0,2015
2019-10-21,18.0,18.0,18.0,18.0,18.0,2015
2019-10-22,18.0,18.0,18.0,18.0,18.0,2015
2019-10-23,18.0,18.0,18.0,18.0,18.0,2015
2019-10-24,18.0,18.0,18.0,18.0,18.0,2015
2019-10-25,18.0,18.0,18.0,18.0,18.0,2015
2019-10-28,18.0,18.0,18.0,18.0,18.0,2015
2019-10-29,18.0,18.0,18.0,18.0,18.0,2015
2019-10-30,18.0,18.0,18.0,18.0,18.0,2015
2019-10-31,18.0,18.0,18.0,18.0,18.0,2015
2019-11-01,18.0,18.0,18.0,18.0,18.0,2015
2019-11-04,18.0,18.0,18.0,18.0,18.0,2015
2019-11-05,18.0,18.0,18.0,18.0,18.0,2015
2019-11-06,18.0,18.0,18.0,18.0,18.0,2015
2019-11-07,18.0,18.0,18.0,18.0,18.0,2015
2019-11-08,18.0,18.0,18.0,18.0,18.0,2015
2019-11-11,18.0,18.0,18.0,18.0,18.0,2015
2019-11-12,18.0,18.0,18.0,18.0,18.0,2015
2019-11-13,18.0,18.0,18.0,18.0,18.0,2015
2019-11-14,18.0,18.0,18.0,18.0,18.0,2015
2019-11-20,18.0,18.0,18.0,18.0,18.0,2015
2019-11-21,18.0,18.0,18.0,18.0,18.0,2015
2019-11-22,18.0,18.0,18.0,18.0,18.0,2015
2019-11-25,18.0,18.0,18.0,18.0,18.0,2015
2019-11-26,18.0,18.0,18.0,18.0,18.0,2015
2019-11-27,18.0,18.0,18.0,18.0,18.0,2015
2019-11-28,18.0,18.0,18.0,18.0,18.0,2015
2019-11-29,18.0,18.0,18.0,18.0,18.0,2015
2019-12-02,18.0,18.0,18.0,18.0,18.0,2015
2019-12-03,18.0,18.0,18.0,18.0,18.0,2015
2019-12-04,18.0,18.0,18.0,18.0,18.0,2015
2019-12-05,18.0,18.0,18.0,18.0,18.0,2015
2019-12-06,18.0,18.0,18.0,18.0,18.0,2015
2019-12-09,18.0,18.0,18.0,18.0,18.0,2015
2019-12-10,18.0,18.0,18.0,18.0,18.0,2015
2019-12-11,18.0,18.0,18.0,18.0,18.0,2015
2019-12-12,18.0,18.0,18.0,18.0,18.0,2015
2019-12-13,18.0,18.0,18.0,18.0,18.0,2015
2019-12-16,18.0,18.0,18.0,18.0,18.0,2015
2019-12-17,18.0,18.0,18.0,18.0,18.0,2015
2019-12-18,18.0,18.0,18.0,18.0,18.0,2015
2019-12-19,18.0,18.0,18.0,18.0,18.0,2015
2019-12-20,18.0,18.0,18.0,18.0,18.0,2015
2019-12-23,18.0,18.0,18.0,18.0,18.0,2015
2019-12-24,18.0,18.0,18.0,18.0,18.0,2015
2019-12-25,18.0,18.0,18.0,18.0,18.0,2015
2019-12-26,18.0,18.0,18.0,18.0,18.0,2015
2019-12-27,18.0,18.0,18.0,18.0,18.0,2015
2019-12-30,18.0,18.0,18.0,18.0,18.0,2015
2019-12-31,18.0,18.0,18.0,18.0,18.0,2015
2020-01-02,18.0,18.0,18.0,18.0,18.0,2015
2020-01-03,18.0,18.0,18.0,18.0,18.0,2015
2020-01-06,18.0,18.0,18.0,18.0,18.0,2015
2020-01-07,18.0,18.0,18.0,18.0,18.0,2015
2020-01-08,18.0,18.0,18.0,18.0,18.0,2015
2020-01-09,18.0,18.0,18.0,18.0,18.0,2015
2020-01-10,18.0,18.0,18.0,18.0,18.0,2015
2020-01-13,18.0,18.0,18.0,18.0,18.0,2015
2020-01-14,18.0,18.0,18.0,18.0,18.0,2015
2020-01-15,18.0,18.0,18.0,18.0,18.0,2015
2020-01-16,18.0,18.0,18.0,18.0,18.0,2015
2020-01-17,18.0,18.0,18.0,18.0,18.0,2015
2020-01-20,18.0,18.0,18.0,18.0,18.0,2015
2020-01-30,18.0,18.0,18.0,18.0,18.0,2015
2020-01-31,18.0,18.0,18.0,18.0,18.0,2015
2020-02-03,18.0,18.0,18.0,18.0,18.0,2015
2020-02-04,18.0,18.0,18.0,18.0,18.0,2015
2020-02-05,18.0,18.0,18.0,18.0,18.0,2015
2020-02-06,18.0,18.0,18.0,18.0,18.0,2015
2020-02-07,18.0,18.0,18.0,18.0,18.0,2015
2020-02-10,18.0,18.0,18.0,18.0,18.0,2015
2020-02-11,18.0,18.0,18.0,18.0,18.0,2015
2020-02-12,18.0,18.0,18.0,18.0,18.0,2015
2020-02-13,18.0,18.0,18.0,18.0,18.0,2015
2020-02-14,18.0,18.0,18.0,18.0,18.0,2015
2020-02-17,18.0,18.0,18.0,18.0,18.0,2015
2020-02-18,18.0,18.0,18.0,18.0,18.0,2015
2020-02-19,18.0,18.0,18.0,18.0,18.0,2015
2020-02-20,18.0,18.0,18.0,18.0,18.0,2015
2020-02-21,18.0,18.0,18.0,18.0,18.0,2015
2020-02-24,18.0,18.0,18.0,18.0,18.0,2015
2020-02-25,18.0,18.0,18.0,18.0,18.0,2015
2020-02-26,18.0,18.0,18.0,18.0,18.0,2015
2020-02-27,18.0,18.0,18.0,18.0,18.0,2015
2020-03-02,18.0,18.0,18.0,18.0,18.0,2015
2020-03-03,18.0,18.0,18.0,18.0,18.0,2015
2020-03-04,18.0,18.0,18.0,18.0,18.0,2015
2020-03-05,18.0,18.0,18.0,18.0,18.0,2015
2020-03-06,18.0,18.0,18.0,18.0,18.0,2015
2020-03-09,18.0,18.0,18.0,18.0,18.0,2015
2020-03-10,18.0,18.0,18.0,18.0,18.0,2015
2020-03-11,18.0,18.0,18.0,18.0,18.0,2015
2020-03-12,18.0,18.0,18.0,18.0,18.0,2015
2020-03-13,18.0,18.0,18.0,18.0,18.0,2015
2020-03-16,18.0,18.0,18.0,18.0,18.0,2015
2020-03-17,18.0,18.0,18.0,18.0,18.0,2015
2020-03-18,18.0,18.0,18.0,18.0,18.0,2015
2020-03-19,18.0,18.0,18.0,18.0,18.0,2015
2020-03-20,18.0,18.0,18.0,18.0,18.0,2015
2020-03-23,18.0,18.0,18.0,18.0,18.0,2015
2020-03-24,18.0,18.0,18.0,18.0,18.0,2015
2020-03-25,18.0,18.0,18.0,18.0,18.0,2015
2020-03-26,18.0,18.0,18.0,18.0,18.0,2015
2020-03-27,18.0,18.0,18.0,18.0,18.0,2015
2020-03-30,18.0,18.0,18.0,18.0,18.0,2015
2020-03-31,18.0,18.0,18.0,18.0,18.0,2015
2020-04-01,18.0,18.0,18.0,18.0,18.0,2015
2020-04-07,18.0,18.0,18.0,18.0,18.0,2015
2020-04-08,18.0,18.0,18.0,18.0,18.0,2015
2020-04-09,18.0,18.0,18.0,18.0,18.0,2015
2020-04-10,18.0,18.0,18.0,18.0,18.0,2015
2020-04-13,18.0,18.0,18.0,18.0,18.0,2015
2020-04-14,18.0,18.0,18.0,18.0,18.0,2015
2020-04-15,18.0,18.0,18.0,18.0,18.0,2015
2020-04-16,18.0,18.0,18.0,18.0,18.0,2015
2020-04-17,18.0,18.0,18.0,18.0,18.0,2015
2020-04-20,18.0,18.0,18.0,18.0,18.0,2015
2020-04-21,18.0,18.0,18.0,18.0,18.0,2015
2020-04-22,18.0,18.0,18.0,18.0,18.0,2015
2020-04-23,18.0,18.0,18.0,18.0,18.0,2015
2020-04-24,18.0,18.0,18.0,18.0,18.0,2015
2020-04-27,18.0,18.0,18.0,18.0,18.0,2015
2020-04-28,18.0,18.0,18.0,18.0,18.0,2015
2020-04-29,18.0,18.0,18.0,18.0,18.0,2015
2020-05-04,18.0,18.0,18.0,18.0,18.0,2015
2020-05-05,18.0,18.0,18.0,18.0,18.0,2015
2020-05-06,18.0,18.0,18.0,18.0,18.0,2015
2020-05-07,18.0,18.0,18.0,18.0,18.0,2015
2020-05-08,18.0,18.0,18.0,18.0,18.0,2015
2020-05-11,18.0,18.0,18.0,18.0,18.0,2015
2020-05-12,18.0,18.0,18.0,18.0,18.0,2015
2020-05-13,18.0,18.0,18.0,18.0,18.0,2015
2020-05-14,18.0,18.0,18.0,18.0,18.0,2015
2020-05-15,18.0,18.0,18.0,18.0,18.0,2015
2020-05-18,18.0,18.0,18.0,18.0,18.0,2015
2020-05-19,18.0,18.0,18.0,18.0,18.0,2015
2020-05-20,18.0,18.0,18.0,18.0,18.0,2015
2020-05-21,18.0,18.0,18.0,18.0,18.0,2015
2020-05-22,18.0,18.0,18.0,18.0,18.0,2015
2020-05-25,18.0,18.0,18.0,18.0,18.0,2015
2020-05-26,18.0,18.0,18.0,18.0,18.0,2015
2020-05-27,18.0,18.0,18.0,18.0,18.0,2015
2020-05-28,18.0,18.0,18.0,18.0,18.0,2015
2020-05-29,18.0,18.0,18.0,18.0,18.0,2015
2020-06-01,18.0,18.0,18.0,18.0,18.0,2015
2020-06-02,18.0,18.0,18.0,18.0,18.0,2015
2020-06-03,18.0,18.0,18.0,18.0,18.0,2015
2020-06-04,18.0,18.0,18.0,18.0,18.0,2015
2020-06-05,18.0,18.0,18.0,18.0,18.0,2015
2020-06-08,18.0,18.0,18.0,18.0,18.0,2015
2020-06-09,18.0,18.0,18.0,18.0,18.0,2015
2020-06-10,18.0,18.0,18.0,18.0,18.0,2015
2020-06-11,18.0,18.0,18.0,18.0,18.0,2015
2020-06-12,18.0,18.0,18.0,18.0,18.0,2015
2020-06-15,18.0,18.0,18.0,18.0,18.0,2015
2020-06-16,18.0,18.0,18.0,18.0,18.0,2015
2020-06-17,18.0,18.0,18.0,18.0,18.0,2015
2020-06-18,18.0,18.0,18.0,18.0,18.0,2015
2020-06-19,18.0,18.0,18.0,18.0,18.0,2015
2020-06-22,18.0,18.0,18.0,18.0,18.0,2015
2020-06-23,18.0,18.0,18.0,18.0,18.0,2015
2020-06-24,18.0,18.0,18.0,18.0,18.0,2015
2020-06-29,18.0,18.0,18.0,18.0,18.0,2015
2020-06-30,18.0,18.0,18.0,18.0,18.0,2015
2020-07-01,18.0,18.0,18.0,18.0,18.0,2015
2020-07-02,18.0,18.0,18.0,18.0,18.0,2015
2020-07-03,18.0,18.0,18.0,18.0,18.0,2015
2020-07-06,18.0,18.0,18.0,18.0,18.0,2015
2020-07-07,18.0,18.0,18.0,18.0,18.0,2015
2020-07-08,18.0,18.0,18.0,18.0,18.0,2015
2020-07-09,18.0,18.0,18.0,18.0,18.0,2015
2020-07-10,18.0,18.0,18.0,18.0,18.0,2015
2020-07-13,18.0,18.0,18.0,18.0,18.0,2015
2020-07-14,18.0,18.0,18.0,18.0,18.0,2015
2020-07-15,18.0,18.0,18.0,18.0,18.0,2015
2020-07-16,18.0,18.0,18.0,18.0,18.0,2015
2020-07-17,18.0,18.0,18.0,18.0,18.0,2015
2020-07-20,18.0,18.0,18.0,18.0,18.0,2015
2020-07-21,18.0,18.0,18.0,18.0,18.0,2015
2020-07-22,18.0,18.0,18.0,18.0,18.0,2015
2020-07-23,18.0,18.0,18.0,18.0,18.0,2015
2020-07-24,18.0,18.0,18.0,18.0,18.0,2015
2020-07-27,18.0,18.0,18.0,18.0,18.0,2015
2020-07-28,18.0,18.0,18.0,18.0,18.0,2015
2020-07-29,18.0,18.0,18.0,18.0,18.0,2015
2020-07-30,18.0,18.0,18.0,18.0,18.0,2015
2020-07-31,18.0,18.0,18.0,18.0,18.0,2015
2020-08-03,18.0,18.0,18.0,18.0,18.0,2015
2020-08-04,18.0,18.0,18.0,18.0,18.0,2015
2020-08-05,18.0,18.0,18.0,18.0,18.0,2015
2020-08-06,18.0,18.0,18.0,18.0,18.0,2015
2020-08-07,18.0,18.0,18.0,18.0,18.0,2015
2020-08-10,18.0,18.0,18.0,18.0,18.0,2015
2020-08-11,18.0,18.0,18.0,18.0,18.0,2015
2020-08-12,18.0,18.0,18.0,18.0,18.0,2015
2020-08-13,18.0,18.0,18.0,18.0,18.0,2015
2020-08-14,18.0,18.0,18.0,18.0,18.0,2015
2020-08-17,18.0,18.0,18.0,18.0,18.0,2015
2020-08-18,18.0,18.0,18.0,18.0,18.0,2015
2020-08-19,18.0,18.0,18.0,18.0,18.0,2015
2020-08-20,18.0,18.0,18.0,18.0,18.0,2015
2020-08-21,18.0,18.0,18.0,18.0,18.0,2015
2020-08-24,18.0,18.0,18.0,18.0,18.0,2015
2020-08-25,18.0,18.0,18.0,18.0,18.0,2015
2020-08-26,18.0,18.0,18.0,18.0,18.0,2015
2020-08-27,18.0,18.0,18.0,18.0,18.0,2015
2020-08-28,18.0,18.0,18.0,18.0,18.0,2015
2020-08-31,18.0,18.0,18.0,18.0,18.0,2015
2020-09-01,18.0,18.0,18.0,18.0,18.0,2015
2020-09-02,18.0,18.0,18.0,18.0,18.0,2015
2020-09-03,18.0,18.0,18.0,18.0,18.0,2015
2020-09-04,18.0,18.0,18.0,18.0,18.0,2015
2020-09-07,18.0,18.0,18.0,18.0,18.0,2015
2020-09-08,18.0,18.0,18.0,18.0,18.0,2015
2020-09-09,18.0,18.0,18.0,18.0,18.0,2015
2020-09-10,18.0,18.0,18.0,18.0,18.0,2015
2020-09-11,18.0,18.0,18.0,18.0,18.0,2015
2020-09-14,18.0,18.0,18.0,18.0,18.0,2015
2020-09-15,18.0,18.0,18.0,18.0,18.0,2015
2020-09-16,18.0,18.0,18.0,18.0,18.0,2015
2020-09-17,18.0,18.0,18.0,18.0,18.0,2015
2020-09-18,18.0,18.0,18.0,18.0,18.0,2015
2020-09-21,18.0,18.0,18.0,18.0,18.0,2015
2020-09-22,18.0,18.0,18.0,18.0,18.0,2015
2020-09-23,18.0,18.0,18.0,18.0,18.0,2015
2020-09-24,18.0,18.0,18.0,18.0,18.0,2015
2020-09-25,18.0,18.0,18.0,18.0,18.0,2015
2020-09-28,18.0,18.0,18.0,18.0,18.0,2015
2020-09-29,18.0,18.0,18.0,18.0,18.0,2015
2020-09-30,18.0,18.0,18.0,18.0,18.0,2015
2020-10-05,18.0,18.0,18.0,18.0,18.0,2015
2020-10-06,18.0,18.0,18.0,18.0,18.0,2015
2020-10-07,18.0,18.0,18.0,18.0,18.0,2015
2020-10-08,18.0,18.0,18.0,18.0,18.0,2015
2020-10-12,18.0,18.0,18.0,18.0,18.0,2015
2020-10-13,18.0,18.0,18.0,18.0,18.0,2015
2020-10-14,18.0,18.0,18.0,18.0,18.0,2015
2020-10-15,18.0,18.0,18.0,18.0,18.0,2015
2020-10-16,18.0,18.0,18.0,18.0,18.0,2015
2020-10-19,18.0,18.0,18.0,18.0,18.0,2015
2020-10-20,18.0,18.0,18.0,18.0,18.0,2015
2020-10-21,18.0,18.0,18.0,18.0,18.0,2015
2020-10-22,18.0,18.0,18.0,18.0,18.0,2015
2020-10-23,18.0,18.0,18.0,18.0,18.0,2015
2020-10-26,18.0,18.0,18.0,18.0,18.0,2015
2020-10-27,18.0,18.0,18.0,18.0,18.0,2015
2020-10-28,18.0,18.0,18.0,18.0,18.0,2015
2020-10-29,18.0,18.0,18.0,18.0,18.0,2015
2020-10-30,18.0,18.0,18.0,18.0,18.0,2015
2020-11-02,18.0,18.0,18.0,18.0,18.0,2015
2020-11-03,18.0,18.0,18.0,18.0,18.0,2015
2020-11-04,18.0,18.0,18.0,18.0,18.0,2015
2020-11-05,18.0,18.0,18.0,18.0,18.0,2015
2020-11-06,18.0,18.0,18.0,18.0,18.0,2015
2020-11-09,18.0,18.0,18.0,18.0,18.0,2015
2020-11-10,18.0,18.0,18.0,18.0,18.0,2015
2020-11-11,18.0,18.0,18.0,18.0,18.0,2015
2020-11-12,18.0,18.0,18.0,18.0,18.0,2015
2020-11-13,18.0,18.0,18.0,18.0,18.0,2015
2020-11-16,18.0,18.0,18.0,18.0,18.0,2015
2020-11-17,18.0,18.0,18.0,18.0,18.0,2015
2020-11-18,18.0,18.0,18.0,18.0,18.0,2015
2020-11-19,18.0,18.0,18.0,18.0,18.0,2015
2020-11-20,18.0,18.0,18.0,18.0,18.0,2015
2020-11-23,18.0,18.0,18.0,18.0,18.0,2015
2020-11-24,18.0,18.0,18.0,18.0,18.0,2015
2020-11-25,18.0,18.0,18.0,18.0,18.0,2015
2020-11-26,18.0,18.0,18.0,18.0,18.0,2015
2020-11-27,18.0,18.0,18.0,18.0,18.0,2015
2020-11-30,18.0,18.0,18.0,18.0,18.0,2015
2020-12-01,18.0,18.0,18.0,18.0,18.0,2015
2020-12-02,18.0,18.0,18.0,18.0,18.0,2015
2020-12-04,18.0,18.0,18.0,18.0,18.0,2015
2020-12-07,18.0,18.0,18.0,18.0,18.0,2015
2020-12-08,18.0,18.0,18.0,18.0,18.0,2015
2020-12-09,18.0,18.0,18.0,18.0,18.0,2015
2020-12-10,18.0,18.0,18.0,18.0,18.0,2015
2020-12-11,18.0,18.0,18.0,18.0,18.0,2015
2020-12-14,18.0,18.0,18.0,18.0,18.0,2015
2020-12-15,18.0,18.0,18.0,18.0,18.0,2015
2020-12-16,18.0,18.0,18.0,18.0,18.0,2015
2020-12-17,18.0,18.0,18.0,18.0,18.0,2015
2020-12-18,18.0,18.0,18.0,18.0,18.0,2015
2020-12-21,18.0,18.0,18.0,18.0,18.0,2015
2020-12-22,18.0,18.0,18.0,18.0,18.0,2015
2020-12-23,18.0,18.0,18.0,18.0,18.0,2015
2020-12-24,18.0,18.0,18.0,18.0,18.0,2015
2020-12-25,18.0,18.0,18.0,18.0,18.0,2015
2020-12-28,18.0,18.0,18.0,18.0,18.0,2015
2020-12-29,18.0,18.0,18.0,18.0,18.0,2015
2020-12-30,18.0,18.0,18.0,18.0,18.0,2015
2020-12-31,18.0,18.0,18.0,18.0,18.0,2015
2021-01-04,18.0,18.0,18.0,18.0,18.0,2015
2021-01-05,18.0,18.0,18.0,18.0,18.0,2015
2021-01-06,18.0,18.0,18.0,18.0,18.0,2015
2021-01-07,18.0,18.0,18.0,18.0,18.0,2015
2021-01-08,18.0,18.0,18.0,18.0,18.0,2015
2021-01-11,18.0,18.0,18.0,18.0,18.0,2015
2021-01-12,18.0,18.0,18.0,18.0,18.0,2015
2021-01-13,18.0,18.0,18.0,18.0,18.0,2015
2021-01-14,18.0,18.0,18.0,18.0,18.0,2015
2021-01-15,18.0,18.0,18.0,18.0,18.0,2015
2021-01-18,18.0,18.0,18.0,18.0,18.0,2015
2021-01-19,18.0,18.0,18.0,18.0,18.0,2015
2021-01-20,18.0,18.0,18.0,18.0,18.0,2015
2021-01-21,18.0,18.0,18.0,18.0,18.0,2015
2021-01-22,18.0,18.0,18.0,18.0,18.0,2015
2021-01-25,18.0,18.0,18.0,18.0,18.0,2015
2021-01-26,18.0,18.0,18.0,18.0,18.0,2015
2021-01-27,18.0,18.0,18.0,18.0,18.0,2015
2021-01-28,18.0,18.0,18.0,18.0,18.0,2015
2021-01-29,18.0,18.0,18.0,18.0,18.0,2015
2021-02-01,18.0,18.0,18.0,18.0,18.0,2015
2021-02-02,18.0,18.0,18.0,18.0,18.0,2015
2021-02-03,18.0,18.0,18.0,18.0,18.0,2015
2021-02-04,18.0,18.0,18.0,18.0,18.0,2015
2021-02-05,18.0,18.0,18.0,18.0,18.0,2015
2021-02-17,18.0,18.0,18.0,18.0,18.0,2015
2021-02-18,18.0,18.0,18.0,18.0,18.0,2015
2021-02-19,18.0,18.0,18.0,18.0,18.0,2015
2021-02-22,18.0,18.0,18.0,18.0,18.0,2015
2021-02-23,18.0,18.0,18.0,18.0,18.0,2015
2021-02-24,18.0,18.0,18.0,18.0,18.0,2015
2021-02-25,18.0,18.0,18.0,18.0,18.0,2015
2021-02-26,18.0,18.0,18.0,18.0,18.0,2015
2021-03-02,18.0,18.0,18.0,18.0,18.0,2015
2021-03-03,18.0,18.0,18.0,18.0,18.0,2015
2021-03-04,18.0,18.0,18.0,18.0,18.0,2015
2021-03-05,18.0,18.0,18.0,18.0,18.0,2015
2021-03-08,18.0,18.0,18.0,18.0,18.0,2015
2021-03-09,18.0,18.0,18.0,18.0,18.0,2015
2021-03-10,18.0,18.0,18.0,18.0,18.0,2015
2021-03-11,18.0,18.0,18.0,18.0,18.0,2015
2021-03-12,18.0,18.0,18.0,18.0,18.0,2015
2021-03-15,18.0,18.0,18.0,18.0,18.0,2015
2021-03-16,18.0,18.0,18.0,18.0,18.0,2015
2021-03-17,18.0,18.0,18.0,18.0,18.0,2015
2021-03-18,18.0,18.0,18.0,18.0,18.0,2015
2021-03-19,18.0,18.0,18.0,18.0,18.0,2015
2021-03-22,18.0,18.0,18.0,18.0,18.0,2015
2021-03-23,18.0,18.0,18.0,18.0,18.0,2015
2021-03-24,18.0,18.0,18.0,18.0,18.0,2015
2021-03-25,18.0,18.0,18.0,18.0,18.0,2015
2021-03-26,18.0,18.0,18.0,18.0,18.0,2015
2021-03-29,18.0,18.0,18.0,18.0,18.0,2015
2021-03-30,18.0,18.0,18.0,18.0,18.0,2015
2021-03-31,18.0,18.0,18.0,18.0,18.0,2015
2021-04-01,18.0,18.0,18.0,18.0,18.0,2015
2021-04-06,18.0,18.0,18.0,18.0,18.0,2015
2021-04-07,18.0,18.0,18.0,18.0,18.0,2015
2021-04-08,18.0,18.0,18.0,18.0,18.0,2015
2021-04-09,18.0,18.0,18.0,18.0,18.0,2015
2021-04-12,18.0,18.0,18.0,18.0,18.0,2015
2021-04-13,18.0,18.0,18.0,18.0,18.0,2015
2021-04-14,18.0,18.0,18.0,18.0,18.0,2015
2021-04-15,18.0,18.0,18.0,18.0,18.0,2015
2021-04-16,18.0,18.0,18.0,18.0,18.0,2015
2021-04-19,18.0,18.0,18.0,18.0,18.0,2015
2021-04-20,18.0,18.0,18.0,18.0,18.0,2015
2021-04-21,18.0,18.0,18.0,18.0,18.0,2015
2021-04-22,18.0,18.0,18.0,18.0,18.0,2015
2021-04-23,18.0,18.0,18.0,18.0,18.0,2015
2021-04-26,18.0,18.0,18.0,18.0,18.0,2015
2021-04-27,18.0,18.0,18.0,18.0,18.0,2015
2021-04-28,18.0,18.0,18.0,18.0,18.0,2015
2021-04-29,18.0,18.0,18.0,18.0,18.0,2015
2021-05-03,18.0,18.0,18.0,18.0,18.0,2015
2021-05-04,18.0,18.0,18.0,18.0,18.0,2015
2021-05-05,18.0,18.0,18.0,18.0,18.0,2015
2021-05-06,18.0,18.0,18.0,18.0,18.0,2015
2021-05-07,18.0,18.0,18.0,18.0,18.0,2015
2021-05-10,18.0,18.0,18.0,18.0,18.0,2015
2021-05-11,18.0,18.0,18.0,18.0,18.0,2015
2021-05-12,18.0,18.0,18.0,18.0,18.0,2015
2021-05-13,18.0,18.0,18.0,18.0,18.0,2015
2021-05-14,18.0,18.0,18.0,18.0,18.0,2015
2021-05-17,18.0,18.0,18.0,18.0,18.0,2015
2021-05-18,18.0,18.0,18.0,18.0,18.0,2015
2021-05-19,18.0,18.0,18.0,18.0,18.0,2015
2021-05-20,18.0,18.0,18.0,18.0,18.0,2015
2021-05-21,18.0,18.0,18.0,18.0,18.0,2015
2021-05-24,18.0,18.0,18.0,18.0,18.0,2015
2021-05-25,18.0,18.0,18.0,18.0,18.0,2015
2021-05-26,18.0,18.0,18.0,18.0,18.0,2015
2021-05-27,18.0,18.0,18.0,18.0,18.0,2015
2021-05-28,18.0,18.0,18.0,18.0,18.0,2015
2021-05-31,18.0,18.0,18.0,18.0,18.0,2015
2021-06-01,18.0,18.0,18.0,18.0,18.0,2015
2021-06-02,18.0,18.0,18.0,18.0,18.0,2015
2021-06-03,18.0,18.0,18.0,18.0,18.0,2015
2021-06-04,18.0,18.0,18.0,18.0,18.0,2015
2021-06-07,18.0,18.0,18.0,18.0,18.0,2015
2021-06-08,18.0,18.0,18.0,18.0,18.0,2015
2021-06-09,18.0,18.0,18.0,18.0,18.0,2015
2021-06-10,18.0,18.0,18.0,18.0,18.0,2015
2021-06-11,18.0,18.0,18.0,18.0,18.0,2015
2021-06-15,18.0,18.0,18.0,18.0,18.0,2015
2021-06-16,18.0,18.0,18.0,18.0,18.0,2015
2021-06-17,18.0,18.0,18.0,18.0,18.0,2015
2021-06-18,18.0,18.0,18.0,18.0,18.0,2015
2021-06-21,18.0,18.0,18.0,18.0,18.0,2015
2021-06-22,18.0,18.0,18.0,18.0,18.0,2015
2021-06-23,18.0,18.0,18.0,18.0,18.0,2015
2021-06-24,18.0,18.0,18.0,18.0,18.0,2015
2021-06-25,18.0,18.0,18.0,18.0,18.0,2015
2021-06-28,18.0,18.0,18.0,18.0,18.0,2015
2021-06-29,18.0,18.0,18.0,18.0,18.0,2015
2021-06-30,18.0,18.0,18.0,18.0,18.0,2015
2021-07-01,18.0,18.0,18.0,18.0,18.0,2015
2021-07-02,18.0,18.0,18.0,18.0,18.0,2015
2021-07-05,18.0,18.0,18.0,18.0,18.0,2015
2021-07-06,18.0,18.0,18.0,18.0,18.0,2015
2021-07-07,18.0,18.0,18.0,18.0,18.0,2015
2021-07-08,18.0,18.0,18.0,18.0,18.0,2015
2021-07-09,18.0,18.0,18.0,18.0,18.0,2015
2021-07-12,18.0,18.0,18.0,18.0,18.0,2015
2021-07-13,18.0,18.0,18.0,18.0,18.0,2015
2021-07-14,18.0,18.0,18.0,18.0,18.0,2015
2021-07-15,18.0,18.0,18.0,18.0,18.0,2015
2021-07-16,18.0,18.0,18.0,18.0,18.0,2015
2021-07-19,18.0,18.0,18.0,18.0,18.0,2015
2021-07-20,18.0,18.0,18.0,18.0,18.0,2015
2021-07-21,18.0,18.0,18.0,18.0,18.0,2015
2021-07-22,18.0,18.0,18.0,18.0,18.0,2015
2021-07-23,18.0,18.0,18.0,18.0,18.0,2015
2021-07-26,18.0,18.0,18.0,18.0,18.0,2015
2021-07-27,18.0,18.0,18.0,18.0,18.0,2015
2021-07-28,18.0,18.0,18.0,18.0,18.0,2015
2021-07-29,18.0,18.0,18.0,18.0,18.0,2015
2021-07-30,18.0,18.0,18.0,18.0,18.0,2015
2021-08-02,18.0,18.0,18.0,18.0,18.0,2015
2021-08-03,18.0,18.0,18.0,18.0,18.0,2015
2021-08-04,18.0,18.0,18.0,18.0,18.0,2015
2021-08-05,18.0,18.0,18.0,18.0,18.0,2015
2021-08-06,18.0,18.0,18.0,18.0,18.0,2015
2021-08-09,18.15,18.15,18.5,18.05,18.45,37000
2021-08-10,18.0,18.0,18.2,18.0,18.2,71000
2021-08-11,17.7,17.7,18.05,17.6,18.0,77000
2021-08-12,17.9,17.9,18.0,17.75,18.0,29000
2021-08-13,17.8,17.8,18.2,17.8,17.9,45000
2021-08-16,17.85,17.85,18.0,17.65,17.9,84000
2021-08-17,17.1,17.1,17.8,17.0,17.8,85000
2021-08-18,17.15,17.15,17.25,16.5,16.5,72000
2021-08-19,16.95,16.95,17.15,16.6,17.15,80000
2021-08-20,16.95,16.95,17.0,16.85,16.85,23000
2021-08-23,17.05,17.05,17.2,17.0,17.0,20000
2021-08-24,16.95,16.95,17.1,16.95,17.1,25000
2021-08-25,16.95,16.95,17.0,16.9,16.95,37000
2021-08-26,17.3,17.3,17.9,17.05,17.9,21000
2021-08-27,17.4,17.4,17.5,17.2,17.2,38000
2021-08-30,17.2,17.2,17.4,17.15,17.4,24000
2021-08-31,17.4,17.4,17.4,16.9,17.2,36000
2021-09-01,17.2,17.2,17.4,17.2,17.4,14000
2021-09-02,17.2,17.2,17.4,17.1,17.2,47000
2021-09-03,17.0,17.0,17.2,17.0,17.2,14000
2021-09-06,16.8,16.8,17.0,16.8,17.0,22000
2021-09-07,17.0,17.0,17.15,16.8,16.8,12000
2021-09-08,16.9,16.9,16.9,16.75,16.8,10000
2021-09-09,16.9,16.9,16.9,16.8,16.9,14000
2021-09-10,16.8,16.8,17.0,16.8,16.9,20000
2021-09-13,16.8,16.8,17.0,16.8,16.9,18000
2021-09-14,16.75,16.75,16.8,16.75,16.8,13000
2021-09-15,16.9,16.9,16.9,16.75,16.75,14000
2021-09-16,17.0,17.0,17.0,16.5,16.8,24000
2021-09-17,16.65,16.65,16.95,16.6,16.65,12000
2021-09-22,16.5,16.5,16.6,16.4,16.45,15000
2021-09-23,16.65,16.65,16.95,16.5,16.5,10000
2021-09-24,16.6,16.6,16.95,16.5,16.65,46000
2021-09-27,16.8,16.8,16.8,16.6,16.6,18000
2021-09-28,16.95,16.95,16.95,16.7,16.7,13000
2021-09-29,16.6,16.6,16.9,16.6,16.9,7000
2021-09-30,16.55,16.55,16.6,16.55,16.6,13000
2021-10-01,16.5,16.5,16.55,16.5,16.55,25000
2021-10-04,15.6,15.6,16.5,15.15,16.5,82000
2021-10-05,15.9,15.9,15.95,15.6,15.6,21000
2021-10-06,15.8,15.8,16.05,15.8,16.05,7000
2021-10-07,15.75,15.75,16.0,15.7,15.85,22000
2021-10-08,15.7,15.7,15.7,15.5,15.55,20000
2021-10-12,15.7,15.7,15.7,15.55,15.7,28000
2021-10-13,15.65,15.65,15.65,15.55,15.55,26000
2021-10-14,15.7,15.7,15.7,15.5,15.65,15000
2021-10-15,16.0,16.0,16.0,15.9,16.0,36000
2021-10-18,15.65,15.65,16.0,15.65,16.0,6000
2021-10-19,15.9,15.9,16.0,15.65,15.65,20000
2021-10-20,15.7,15.7,15.9,15.7,15.9,14000
2021-10-21,15.7,15.7,15.8,15.7,15.8,12000
2021-10-22,15.7,15.7,15.8,15.6,15.8,73000
2021-10-25,15.45,15.45,15.6,15.3,15.35,25000
2021-10-26,15.6,15.6,15.7,15.5,15.6,22000
2021-10-27,15.5,15.5,15.6,15.5,15.6,7000
2021-10-28,15.7,15.7,15.85,15.65,15.65,12000
2021-10-29,15.95,15.95,15.95,15.7,15.7,11000
2021-11-01,16.0,16.0,16.6,15.6,15.6,25000
2021-11-02,15.7,15.7,15.95,15.55,15.95,32000
2021-11-03,15.6,15.6,15.7,15.6,15.7,7000
2021-11-04,15.6,15.6,15.6,15.55,15.6,14000
2021-11-05,15.8,15.8,15.9,15.45,15.9,9000
2021-11-08,15.5,15.5,15.8,15.4,15.45,18000
2021-11-09,15.75,15.75,15.75,15.5,15.6,17000
2021-11-10,15.8,15.8,15.8,15.4,15.6,22000
2021-11-11,15.7,15.7,15.85,15.45,15.7,14000
2021-11-12,15.8,15.8,15.85,15.7,15.7,6000
2021-11-15,15.45,15.45,15.8,15.25,15.25,13000
2021-11-16,15.7,15.7,15.7,15.7,15.7,1000
2021-11-17,15.5,15.5,15.8,15.4,15.8,24000
2021-11-18,15.65,15.65,15.75,15.45,15.75,29000
2021-11-19,15.65,15.65,15.65,15.4,15.65,25000
2021-11-22,15.7,15.7,15.75,15.65,15.65,16000
2021-11-23,15.7,15.7,15.7,15.45,15.6,7000
2021-11-24,15.4,15.4,15.65,15.4,15.4,23000
2021-11-25,15.65,15.65,15.65,15.45,15.45,10000
2021-11-26,15.65,15.65,15.65,15.5,15.65,11000
2021-11-29,17.2,17.2,17.2,15.7,15.7,371000
2021-11-30,16.2,16.2,16.95,15.9,16.5,260000
2021-12-01,16.1,16.1,16.45,16.1,16.2,37000
2021-12-02,16.3,16.3,16.3,16.0,16.0,26000
2021-12-03,16.2,16.2,16.2,15.85,15.85,11000
2021-12-06,16.1,16.1,16.1,16.0,16.1,23000
2021-12-07,16.35,16.35,16.35,16.05,16.15,21000
2021-12-08,16.2,16.2,16.8,16.2,16.8,37000
2021-12-09,16.4,16.4,16.5,16.2,16.2,18000
2021-12-10,16.25,16.25,16.55,16.25,16.45,32000
2021-12-13,16.8,16.8,17.2,16.05,16.05,153000
2021-12-14,16.2,16.2,17.0,16.2,16.5,52000
2021-12-15,16.35,16.35,16.4,16.35,16.4,4000
2021-12-16,16.55,16.55,16.55,16.25,16.55,26000
2021-12-17,16.8,16.8,16.8,16.6,16.8,34000
2021-12-20,16.8,16.8,16.9,16.65,16.9,13000
2021-12-21,16.85,16.85,16.85,16.55,16.85,15000
2021-12-22,16.85,16.85,16.85,16.7,16.7,16000
2021-12-23,17.0,17.0,17.0,16.8,16.95,77000
2021-12-24,17.0,17.0,17.25,16.9,17.2,32000
2021-12-27,17.2,17.2,17.2,16.9,16.9,76000
2021-12-28,17.45,17.45,17.8,17.4,17.5,103000
2021-12-29,17.6,17.6,17.8,17.4,17.6,93000
2021-12-30,17.85,17.85,18.1,17.75,18.1,67000
2022-01-03,17.75,17.75,18.05,17.3,18.05,31000
2022-01-04,17.8,17.8,17.95,17.8,17.8,27000
2022-01-05,17.6,17.6,17.8,17.6,17.8,17000
2022-01-06,17.8,17.8,18.0,17.7,17.9,21000
2022-01-07,17.65,17.65,18.2,17.65,17.95,31000
2022-01-10,17.65,17.65,17.65,16.8,17.65,23000
2022-01-11,17.3,17.3,17.6,17.05,17.6,38000
2022-01-12,17.05,17.05,17.3,17.05,17.3,14000
2022-01-13,17.1,17.1,17.45,17.0,17.05,15000
2022-01-14,17.0,17.0,17.0,16.95,16.95,3000
2022-01-17,17.1,17.1,17.35,17.0,17.05,14000
2022-01-18,17.15,17.15,17.55,17.15,17.55,7000
2022-01-19,17.5,17.5,17.5,17.15,17.2,12000
2022-01-20,17.25,17.25,17.25,17.25,17.25,2000
2022-01-21,17.25,17.25,17.7,17.25,17.7,12000
2022-01-24,17.5,17.5,17.7,17.05,17.5,52000
2022-01-25,17.45,17.45,17.45,17.2,17.45,5000
2022-01-26,17.1,17.1,17.4,17.1,17.1,14000
2022-02-07,17.55,17.55,17.6,17.15,17.15,28000
2022-02-08,17.65,17.65,17.65,17.6,17.6,6000
2022-02-09,17.6,17.6,17.6,17.45,17.5,33000
2022-02-10,17.65,17.65,17.65,17.5,17.55,32000
2022-02-11,17.65,17.65,18.0,17.65,17.95,19000
2022-02-14,17.25,17.25,17.4,17.2,17.4,20000
2022-02-15,17.3,17.3,17.3,17.3,17.3,11000
2022-02-17,17.3,17.3,17.85,17.05,17.3,25000
2022-02-18,17.25,17.25,17.35,17.25,17.3,9000
2022-02-21,17.25,17.25,17.3,17.25,17.25,18000
2022-02-22,17.45,17.45,17.45,17.05,17.1,12000
2022-02-23,17.15,17.15,17.45,17.1,17.1,17000
2022-02-24,17.2,17.2,17.2,16.5,17.1,36000
2022-02-25,17.05,17.05,17.2,16.5,17.2,15000
2022-03-01,16.8,16.8,16.8,16.65,16.7,7000
2022-03-02,16.75,16.75,16.8,16.75,16.8,9000
2022-03-03,16.95,16.95,17.3,16.9,17.3,10000
2022-03-04,16.95,16.95,16.95,16.95,16.95,3000
2022-03-07,16.45,16.45,16.8,16.1,16.8,26000
2022-03-08,16.05,16.05,16.1,16.0,16.1,41000
2022-03-09,16.45,16.45,16.65,16.2,16.2,4000
2022-03-10,16.65,16.65,16.65,16.3,16.5,8000
2022-03-14,16.3,16.3,16.6,16.25,16.6,7000
2022-03-15,16.15,16.15,16.3,16.15,16.3,6000
2022-03-16,16.5,16.5,16.5,16.5,16.5,1000
2022-03-17,16.5,16.5,16.55,16.5,16.55,10000
2022-03-18,16.55,16.55,16.75,16.35,16.5,23000
2022-03-21,16.55,16.55,16.6,16.5,16.5,13000
2022-03-22,16.55,16.55,16.8,16.55,16.55,19000
2022-03-23,16.6,16.6,16.6,16.45,16.55,11000
2022-03-24,16.65,16.65,16.65,16.35,16.5,8000
2022-03-25,16.4,16.4,16.55,16.35,16.55,7000
2022-03-28,16.9,16.9,16.9,16.35,16.35,17000
2022-03-29,16.5,16.5,16.75,16.5,16.55,22000
2022-03-30,16.55,16.55,16.6,16.55,16.6,4000
2022-03-31,16.75,16.75,16.75,16.45,16.5,17000
2022-04-01,16.7,16.7,16.8,16.7,16.75,7000
2022-04-06,16.75,16.75,16.8,16.45,16.5,20000
2022-04-07,16.75,16.75,16.9,16.7,16.7,21000
2022-04-08,17.05,17.05,17.05,16.8,16.8,29000
2022-04-11,18.75,18.75,18.75,18.75,18.75,515000
2022-04-12,20.6,20.6,20.6,20.6,20.6,555000
2022-04-13,22.65,22.65,22.65,22.65,22.65,892000
2022-04-14,24.9,24.9,24.9,24.9,24.9,722000
2022-04-15,27.35,27.35,27.35,27.35,27.35,1022000
2022-04-18,30.05,30.05,30.05,30.05,30.05,4545000
2022-04-19,31.0,31.0,33.05,29.9,33.05,4073000
2022-04-20,31.4,31.4,32.0,29.5,30.3,2143000
2022-04-21,29.7,29.7,30.9,29.7,30.0,578000
2022-04-22,30.5,30.5,31.0,29.7,29.7,555000
2022-04-25,29.4,29.4,30.5,29.4,30.5,400000
2022-04-26,26.65,26.65,30.2,26.65,30.2,477000
2022-04-27,26.9,26.9,26.9,24.6,25.5,846000
2022-04-28,25.9,25.9,26.35,25.6,26.0,510000
2022-04-29,27.5,27.5,27.7,26.85,26.85,489000
2022-05-03,28.2,28.2,29.5,27.95,27.95,624000
2022-05-04,26.05,26.05,28.6,25.8,28.6,440000
2022-05-05,28.6,28.6,28.65,26.55,26.55,1314000
2022-05-06,29.0,29.0,29.0,25.75,25.75,1781000
2022-05-09,28.35,28.35,29.95,28.0,28.5,1221000
2022-05-10,25.55,25.55,27.0,25.55,25.55,2080000
2022-05-11,23.0,23.0,24.55,23.0,24.5,1624000
2022-05-12,20.7,20.7,23.15,20.7,22.8,883000
2022-05-13,22.75,22.75,22.75,20.7,20.7,802000
2022-05-16,21.85,21.85,23.9,21.55,23.9,826000
2022-05-17,21.75,21.75,22.7,21.75,21.85,335000
2022-05-18,22.3,22.3,22.35,21.25,21.65,365000
2022-05-19,21.4,21.4,22.75,21.25,21.3,371000
2022-05-20,23.5,23.5,23.5,21.65,21.75,1509000
2022-05-23,23.5,23.5,25.05,22.5,25.05,1334000
2022-05-24,21.8,21.8,23.05,21.65,23.0,842000
2022-05-25,22.0,22.0,22.4,21.25,21.85,529000
2022-05-26,21.4,21.4,22.5,21.3,22.3,401000
2022-05-27,23.5,23.5,23.5,21.6,21.7,976000
2022-05-30,25.05,25.05,25.85,23.5,24.35,2073000
2022-05-31,24.5,24.5,24.9,23.8,24.8,1089000
2022-06-01,24.0,24.0,24.6,23.85,24.5,545000
2022-06-02,25.45,25.45,26.2,24.05,24.05,929000
2022-06-06,25.1,25.1,26.4,24.6,25.45,802000
2022-06-07,27.6,27.6,27.6,24.85,25.1,1632000
2022-06-08,25.7,25.7,26.5,25.5,26.5,1603000
2022-06-09,26.7,26.7,27.5,25.75,25.9,1777000
2022-06-10,26.55,26.55,26.85,26.05,26.5,798000
2022-06-13,27.45,27.45,28.55,26.15,26.5,1734000
2022-06-14,26.35,26.35,27.85,25.8,27.2,850000
2022-06-15,25.65,25.65,26.8,25.5,26.35,455000
2022-06-16,24.95,24.95,26.2,24.65,26.15,524000
2022-06-17,23.6,23.6,24.4,23.15,24.2,454000
2022-06-20,22.9,22.9,24.7,22.8,23.6,468000
2022-06-21,24.1,24.1,24.75,22.85,22.9,395000
2022-06-22,23.8,23.8,25.0,23.8,24.5,416000
2022-06-23,23.15,23.15,24.3,23.15,24.2,307000
2022-06-24,23.6,23.6,24.0,23.1,23.1,197000
2022-06-27,25.5,25.5,25.9,24.05,24.4,653000
2022-06-28,25.2,25.2,26.1,24.95,25.15,465000
2022-06-29,25.5,25.5,25.8,24.6,25.0,274000
2022-06-30,23.8,23.8,25.35,23.6,25.25,353000
2022-07-01,22.05,22.05,23.45,22.05,23.4,457000
2022-07-04,21.6,21.6,22.6,21.35,22.6,221000
2022-07-05,22.8,22.8,22.85,21.7,21.7,244000
2022-07-06,22.1,22.1,22.8,22.1,22.8,61000
2022-07-07,22.8,22.8,23.0,22.0,22.95,122000
2022-07-08,22.75,22.75,23.3,22.6,23.15,264000
2022-07-11,22.4,22.4,23.1,22.15,22.95,233000
2022-07-12,20.85,20.85,22.05,20.45,22.05,271000
2022-07-13,21.25,21.25,21.8,21.0,21.05,179000
2022-07-14,21.3,21.3,21.4,20.75,21.25,211000
2022-07-15,21.0,21.0,21.4,20.75,21.4,133000
2022-07-18,21.95,21.95,22.05,21.05,21.55,161000
2022-07-19,21.9,21.9,21.9,21.4,21.8,140000
2022-07-20,24.05,24.05,24.05,22.3,22.3,1522000
2022-07-21,22.7,22.7,23.35,22.3,22.95,1105000
2022-07-22,22.5,22.5,22.7,22.05,22.45,397000
2022-07-25,22.55,22.55,22.95,22.5,22.8,262000
2022-07-26,22.8,22.8,23.2,22.4,22.55,354000
2022-07-27,22.6,22.6,22.8,22.3,22.8,261000
2022-07-28,22.5,22.5,22.7,22.3,22.7,163000
2022-07-29,22.7,22.7,22.8,22.4,22.7,174000
2022-08-01,23.2,23.2,23.6,22.55,22.7,330000
2022-08-02,22.25,22.25,23.15,22.25,23.15,252000
2022-08-03,21.15,21.15,22.45,21.05,22.25,420000
2022-08-04,20.95,20.95,21.1,20.4,21.05,263000
2022-08-05,21.4,21.4,21.5,20.8,20.8,181000
2022-08-08,20.85,20.85,21.05,20.4,21.05,61000
2022-08-09,20.9,20.9,20.9,20.55,20.55,99000
2022-08-10,20.7,20.7,20.9,20.6,20.9,90000
2022-08-11,20.45,20.45,21.0,20.1,21.0,325000
2022-08-12,20.2,20.2,20.25,20.05,20.2,149000
2022-08-15,20.35,20.35,20.8,20.2,20.8,131000
2022-08-16,20.8,20.8,21.05,20.0,20.1,241000
2022-08-17,20.75,20.75,21.2,20.5,20.8,129000
2022-08-18,20.75,20.75,21.0,20.4,20.7,174000
2022-08-19,22.75,22.75,22.8,20.7,20.75,1610000
2022-08-22,21.35,21.35,21.8,20.95,21.6,803000
2022-08-23,21.2,21.2,21.55,21.05,21.35,175000
2022-08-24,21.45,21.45,21.6,21.15,21.5,109000
2022-08-25,21.6,21.6,22.15,21.4,22.15,133000
2022-08-26,21.5,21.5,21.7,21.4,21.7,228000
2022-08-29,21.25,21.25,21.35,20.85,20.85,101000
2022-08-30,21.45,21.45,21.6,21.1,21.1,117000
2022-08-31,22.4,22.4,23.35,21.5,21.5,504000
2022-09-01,24.6,24.6,24.6,22.6,22.7,2380000
2022-09-02,23.8,23.8,24.6,22.9,24.6,1308000
2022-09-05,22.55,22.55,23.65,22.55,23.65,632000
2022-09-06,21.55,21.55,22.95,21.3,22.6,477000
2022-09-07,22.0,22.0,22.0,21.2,21.25,223000
2022-09-08,22.05,22.05,22.05,21.5,21.95,165000
2022-09-12,21.65,21.65,22.0,21.6,22.0,118000
2022-09-13,21.95,21.95,22.0,21.6,21.7,189000
2022-09-14,21.7,21.7,21.85,21.45,21.6,199000
2022-09-15,21.75,21.75,22.75,21.55,21.7,175000
2022-09-16,21.6,21.6,21.75,21.45,21.65,137000
2022-09-19,21.25,21.25,21.65,21.2,21.6,133000
2022-09-20,21.25,21.25,21.6,21.25,21.25,65000
2022-09-21,20.75,20.75,21.8,20.75,21.3,168000
2022-09-22,21.1,21.1,21.45,20.75,20.75,85000
2022-09-23,20.6,20.6,21.35,20.6,21.35,89000
2022-09-26,19.9,19.9,20.55,19.9,20.3,223000
2022-09-27,19.45,19.45,19.6,19.05,19.1,190000
2022-09-28,17.55,17.55,19.4,17.55,19.25,240000
2022-09-29,17.85,17.85,18.5,17.55,17.7,327000
2022-09-30,17.7,17.7,17.85,17.3,17.85,88000
2022-10-03,18.3,18.3,18.5,17.8,17.8,87000
2022-10-04,18.75,18.75,19.0,18.4,18.4,76000
2022-10-05,18.5,18.5,19.85,18.4,19.35,146000
2022-10-06,18.5,18.5,18.55,18.25,18.3,35000
2022-10-07,18.3,18.3,18.6,18.3,18.6,35000
2022-10-11,18.35,18.35,18.65,17.4,17.8,121000
2022-10-12,17.8,17.8,17.9,17.6,17.8,36000
2022-10-13,17.4,17.4,18.05,17.4,17.7,113000
2022-10-14,18.0,18.0,18.0,17.45,17.45,35000
2022-10-17,17.6,17.6,17.6,17.55,17.55,18000
2022-10-18,17.75,17.75,17.85,17.7,17.7,22000
2022-10-19,18.1,18.1,18.25,17.7,17.7,67000
2022-10-20,17.9,17.9,18.05,17.8,18.05,41000
2022-10-21,19.15,19.15,19.65,18.1,18.1,396000
2022-10-24,19.05,19.05,19.6,18.5,18.85,229000
2022-10-25,18.25,18.25,18.8,18.15,18.8,116000
2022-10-26,18.0,18.0,18.8,18.0,18.75,57000
2022-10-27,18.45,18.45,18.7,18.3,18.4,56000
2022-10-28,18.3,18.3,18.9,18.1,18.65,51000
2022-10-31,18.1,18.1,18.65,18.05,18.3,77000
2022-11-01,18.2,18.2,18.65,18.2,18.3,65000
2022-11-02,18.1,18.1,18.55,18.05,18.55,43000
2022-11-03,18.25,18.25,18.4,17.95,18.15,30000
2022-11-04,18.45,18.45,18.55,18.2,18.5,44000
2022-11-07,18.35,18.35,19.15,18.25,19.15,67000
2022-11-08,18.5,18.5,19.1,18.15,19.1,88000
2022-11-09,18.3,18.3,18.85,18.1,18.2,166000
2022-11-10,18.15,18.15,18.6,18.1,18.2,46000
2022-11-11,18.35,18.35,18.6,18.25,18.6,92000
2022-11-14,18.6,18.6,18.6,18.3,18.5,64000
2022-11-15,18.5,18.5,18.85,18.45,18.65,30000
2022-11-16,18.4,18.4,18.9,18.3,18.9,44000
2022-11-17,18.5,18.5,18.6,18.45,18.5,65000
2022-11-18,18.6,18.6,18.8,18.45,18.8,19000
2022-11-21,18.5,18.5,18.6,18.4,18.5,26000
2022-11-22,18.5,18.5,18.6,18.3,18.5,29000
2022-11-23,18.4,18.4,18.5,18.3,18.5,52000
2022-11-24,18.35,18.35,18.4,18.25,18.3,55000
2022-11-25,18.25,18.25,18.55,18.25,18.5,40000
2022-11-28,18.4,18.4,18.5,18.2,18.2,29000
2022-11-29,18.4,18.4,18.55,18.35,18.55,48000
2022-11-30,18.5,18.5,18.6,18.4,18.4,43000
2022-12-01,18.7,18.7,19.2,18.5,18.6,80000
2022-12-02,18.9,18.9,19.0,18.65,18.65,143000
2022-12-05,19.85,19.85,19.85,18.95,19.0,254000
2022-12-06,19.35,19.35,20.05,19.1,20.0,126000
2022-12-07,19.0,19.0,19.3,18.85,19.05,65000
2022-12-08,18.65,18.65,19.25,18.6,19.25,108000
2022-12-09,18.8,18.8,18.95,18.65,18.7,17000
2022-12-12,19.1,19.1,19.2,18.8,18.9,143000
2022-12-13,19.6,19.6,19.7,19.15,19.15,145000
2022-12-14,19.3,19.3,19.6,19.1,19.45,58000
2022-12-15,19.15,19.15,19.4,18.8,19.4,79000
2022-12-16,19.0,19.0,19.25,18.7,18.75,91000
2022-12-19,19.35,19.35,20.0,19.0,19.1,130000
2022-12-20,18.75,18.75,19.35,18.6,19.0,81000
2022-12-21,18.6,18.6,18.85,18.6,18.7,52000
2022-12-22,18.7,18.7,18.75,18.6,18.6,21000
2022-12-23,18.6,18.6,18.95,18.55,18.95,16000
2022-12-26,19.2,19.2,19.8,18.8,19.0,116000
2022-12-27,18.9,18.9,19.2,18.85,19.2,49000
2022-12-28,19.1,19.1,19.25,18.8,19.25,22000
2022-12-29,19.0,19.0,19.1,19.0,19.0,18000
2022-12-30,18.95,18.95,19.1,18.75,18.9,43000
2023-01-03,19.25,19.25,19.4,18.85,18.95,72000
2023-01-04,19.0,19.0,19.25,19.0,19.25,17000
2023-01-05,19.25,19.25,19.25,19.0,19.0,40000
2023-01-06,19.6,19.6,20.55,19.2,19.65,415000
2023-01-09,18.9,18.9,19.3,18.8,19.3,237000
2023-01-10,18.75,18.75,19.05,18.65,19.05,105000
2023-01-11,18.9,18.9,19.35,18.8,19.0,78000
2023-01-12,18.65,18.65,18.9,18.65,18.9,55000
2023-01-13,18.75,18.75,19.15,18.75,19.15,41000
2023-01-16,18.75,18.75,19.2,18.75,18.8,36000
2023-01-17,18.7,18.7,18.9,18.7,18.8,35000
2023-01-30,18.95,18.95,18.95,18.6,18.95,79000
2023-01-31,18.8,18.8,18.9,18.55,18.8,97000
2023-02-01,18.8,18.8,19.3,18.8,18.9,120000
2023-02-02,18.9,18.9,19.15,18.85,19.0,69000
2023-02-03,18.95,18.95,19.1,18.85,19.0,78000
2023-02-06,18.85,18.85,19.15,18.8,18.9,150000
2023-02-07,18.75,18.75,18.85,18.6,18.85,173000
2023-02-08,18.95,18.95,18.95,18.7,18.9,86000
2023-02-09,18.95,18.95,19.25,18.95,19.1,92000
2023-02-10,19.05,19.05,19.3,19.0,19.2,70000
2023-02-13,20.95,20.95,20.95,19.6,19.6,1214000
2023-02-14,21.05,21.05,21.9,20.8,21.0,1284000
2023-02-15,20.6,20.6,21.25,20.15,21.25,315000
2023-02-16,20.25,20.25,20.6,20.2,20.6,169000
2023-02-17,20.2,20.2,20.75,20.05,20.1,192000
2023-02-20,20.1,20.1,20.4,20.1,20.3,163000
2023-02-21,20.0,20.0,20.1,19.8,20.1,198000
2023-02-22,19.7,19.7,19.8,19.65,19.8,106000
2023-02-23,19.8,19.8,19.9,19.4,19.7,152000
2023-02-24,19.95,19.95,20.25,19.7,19.7,131000
2023-03-01,20.45,20.45,20.75,19.85,20.25,221000
2023-03-02,20.25,20.25,20.6,20.15,20.35,86000
2023-03-03,20.65,20.65,21.45,20.45,21.0,385000
2023-03-06,20.55,20.55,20.95,20.55,20.85,145000
2023-03-07,20.95,20.95,21.45,20.8,21.45,305000
2023-03-08,20.95,20.95,20.95,20.5,20.5,114000
2023-03-09,21.55,21.55,21.95,20.8,20.95,306000
2023-03-10,20.7,20.7,21.75,20.6,20.95,367000
2023-03-13,20.8,20.8,21.1,20.25,20.3,110000
2023-03-14,20.9,20.9,21.8,20.6,20.8,442000
2023-03-15,20.55,20.55,21.0,20.45,21.0,198000
2023-03-16,19.55,19.55,20.5,19.5,20.25,196000
2023-03-17,20.15,20.15,20.35,19.9,19.9,59000
2023-03-20,20.1,20.1,20.35,20.0,20.35,55000
2023-03-21,20.25,20.25,20.5,20.1,20.5,40000
2023-03-22,20.65,20.65,21.0,20.2,20.5,180000
2023-03-23,21.1,21.1,21.7,21.0,21.7,522000
2023-03-24,21.0,21.0,21.2,20.8,21.2,167000
2023-03-27,21.15,21.15,21.45,20.7,20.95,186000
2023-03-28,21.6,21.6,22.15,20.75,20.95,543000
2023-03-29,21.6,21.6,22.1,21.4,22.0,238000
2023-03-30,21.75,21.75,21.8,21.4,21.65,186000
2023-03-31,23.1,23.1,23.15,21.95,22.0,660000
2023-04-06,24.8,24.8,25.4,22.5,23.4,1785000
2023-04-07,24.5,24.5,25.5,23.55,24.6,1554000
2023-04-10,26.95,26.95,26.95,23.85,24.5,2686000
2023-04-11,25.9,25.9,26.8,25.6,26.6,1413000
2023-04-12,25.8,25.8,26.45,25.75,26.0,635000
2023-04-13,24.95,24.95,25.8,24.9,25.8,730000
2023-04-14,25.1,25.1,25.55,25.05,25.05,261000
2023-04-17,27.6,27.6,27.6,25.4,25.45,1818000
2023-04-18,26.7,26.7,28.05,26.6,27.85,1162000
2023-04-19,26.9,26.9,27.3,26.05,26.7,543000
2023-04-20,25.8,25.8,27.0,25.35,26.9,508000
2023-04-21,24.5,24.5,25.8,24.3,25.35,382000
2023-04-24,24.85,24.85,25.2,24.5,24.5,168000
2023-04-25,23.3,23.3,24.7,23.05,24.5,482000
2023-04-26,23.9,23.9,23.9,22.2,23.1,256000
2023-04-27,23.45,23.45,23.75,22.5,23.75,140000
2023-04-28,23.9,23.9,24.6,23.45,23.5,213000
2023-05-02,24.4,24.4,24.7,24.1,24.45,225000
2023-05-03,24.0,24.0,24.45,23.7,23.75,151000
2023-05-04,23.95,23.95,24.7,23.75,24.7,124000
2023-05-05,23.6,23.6,24.35,23.5,24.35,112000
2023-05-08,23.9,23.9,24.25,23.75,23.9,100000
2023-05-09,22.8,22.8,23.9,22.8,23.9,160000
2023-05-10,22.9,22.9,23.15,22.6,22.95,124000
2023-05-11,21.85,21.85,22.95,21.75,22.95,286000
2023-05-12,22.1,22.1,22.75,21.8,22.75,68000
2023-05-15,21.65,21.65,21.8,21.4,21.8,87000
2023-05-16,22.0,22.0,22.4,21.4,21.6,61000
2023-05-17,22.15,22.15,22.35,22.1,22.35,82000
2023-05-18,22.2,22.2,22.5,22.1,22.5,52000
2023-05-19,22.2,22.2,22.35,21.8,22.2,87000
2023-05-22,22.5,22.5,22.95,22.2,22.95,54000
2023-05-23,22.35,22.35,22.75,22.25,22.75,76000
2023-05-24,24.55,24.55,24.55,22.35,22.35,516000
2023-05-25,23.85,23.85,24.55,23.6,24.45,332000
2023-05-26,23.3,23.3,24.0,23.1,23.5,167000
2023-05-29,23.95,23.95,24.25,23.6,23.8,126000
2023-05-30,23.2,23.2,24.3,23.2,24.3,119000
2023-05-31,23.75,23.75,23.9,23.25,23.5,37000
2023-06-01,23.5,23.5,23.8,23.35,23.75,47000
2023-06-02,24.05,24.05,24.45,23.65,23.65,172000
2023-06-05,24.25,24.25,24.8,24.2,24.7,223000
2023-06-06,23.65,23.65,24.55,23.65,24.3,101000
2023-06-07,23.7,23.7,23.85,23.4,23.65,45000
2023-06-08,23.4,23.4,23.5,23.25,23.45,79000
2023-06-09,23.35,23.35,23.8,23.2,23.25,87000
2023-06-12,22.75,22.75,23.75,22.75,23.75,137000
2023-06-13,22.85,22.85,23.25,22.7,22.8,40000
2023-06-14,22.9,22.9,23.65,22.85,23.2,77000
2023-06-15,23.0,23.0,23.0,22.75,22.9,104000
2023-06-16,22.9,22.9,23.55,22.9,23.55,74000
2023-06-19,23.0,23.0,23.6,22.8,23.6,75000
2023-06-20,23.15,23.15,23.45,23.05,23.1,39000
2023-06-21,23.0,23.0,23.3,23.0,23.3,35000
2023-06-26,22.95,22.95,23.1,22.9,23.0,25000
2023-06-27,22.95,22.95,23.2,22.9,23.2,67000
2023-06-28,23.5,23.5,25.1,23.5,25.1,151000
2023-06-29,23.65,23.65,24.05,23.5,24.05,70000
2023-06-30,23.6,23.6,23.8,23.4,23.8,89000
2023-07-03,23.5,23.5,24.75,23.5,23.75,114000
2023-07-04,23.45,23.45,24.0,23.4,24.0,30000
2023-07-05,23.5,23.5,23.8,23.25,23.8,115000
2023-07-06,23.05,23.05,23.5,23.0,23.45,68000
2023-07-07,23.0,23.0,23.65,22.95,23.25,72000
2023-07-10,23.5,23.5,23.85,23.0,23.85,93000
2023-07-11,23.3,23.3,23.6,23.15,23.6,82000
2023-07-12,22.55,22.55,23.3,22.5,23.3,109000
2023-07-13,22.7,22.7,22.8,22.45,22.55,82000
2023-07-14,22.55,22.55,23.25,22.5,23.25,83000
2023-07-17,24.8,24.8,24.8,22.75,23.0,578000
2023-07-18,25.9,25.9,26.2,24.05,25.75,1120000
2023-07-19,26.9,26.9,27.2,25.9,26.0,1227000
2023-07-20,26.35,26.35,27.6,25.1,27.6,1029000
2023-07-21,28.95,28.95,28.95,26.0,26.7,2741000
2023-07-24,31.8,31.8,31.8,29.85,30.5,1989000
2023-07-25,34.95,34.95,34.95,32.5,34.1,2161000
2023-07-26,33.8,33.8,37.5,32.65,36.3,3234000
2023-07-27,31.7,31.7,33.7,31.1,32.65,1573000
2023-07-28,30.95,30.95,31.5,29.95,31.4,887000
2023-07-31,28.85,28.85,31.8,28.75,31.0,943000
2023-08-01,28.0,28.0,29.75,28.0,29.0,569000
2023-08-02,25.9,25.9,28.0,25.5,28.0,788000
2023-08-04,28.45,28.45,28.45,25.6,26.0,401000
2023-08-07,30.1,30.1,30.5,27.35,28.45,1087000
2023-08-08,28.3,28.3,29.65,28.1,29.65,375000
2023-08-09,27.55,27.55,28.45,27.2,27.55,192000
2023-08-10,27.1,27.1,28.1,26.05,26.05,174000
2023-08-11,27.05,27.05,28.0,26.95,27.4,84000
2023-08-14,26.0,26.0,27.05,25.85,27.05,210000
2023-08-15,26.55,26.55,27.2,26.25,26.4,129000
2023-08-16,27.9,27.9,27.9,25.9,26.5,223000
2023-08-17,27.55,27.55,27.9,27.0,27.9,264000
2023-08-18,26.5,26.5,28.0,26.5,27.4,192000
2023-08-21,26.35,26.35,26.95,26.05,26.2,93000
2023-08-22,26.0,26.0,26.8,26.0,26.3,148000
2023-08-23,25.6,25.6,26.0,25.6,26.0,124000
2023-08-24,25.25,25.25,26.45,24.8,25.6,188000
2023-08-25,24.85,24.85,25.4,24.6,25.4,93000
2023-08-28,24.95,24.95,25.3,24.9,24.95,99000
2023-08-29,25.1,25.1,25.1,24.85,25.0,68000
2023-08-30,25.15,25.15,25.45,25.1,25.45,57000
2023-08-31,25.1,25.1,25.6,25.05,25.6,79000
2023-09-01,26.0,26.0,26.4,25.2,26.0,205000
2023-09-04,25.8,25.8,26.2,25.5,25.7,112000
2023-09-05,25.6,25.6,26.1,25.6,25.9,133000
2023-09-06,28.15,28.15,28.15,25.9,26.2,475000
2023-09-07,28.0,28.0,29.2,27.95,28.4,778000
2023-09-08,26.5,26.5,27.85,26.1,27.85,286000
2023-09-11,26.35,26.35,26.9,26.2,26.55,120000
2023-09-12,26.6,26.6,27.4,26.45,27.4,69000
2023-09-13,26.65,26.65,26.9,26.45,26.45,87000
2023-09-14,26.6,26.6,27.3,26.5,27.0,125000
2023-09-15,26.15,26.15,26.8,25.6,26.8,148000
2023-09-18,26.05,26.05,26.1,25.6,26.1,71000
2023-09-19,25.8,25.8,26.2,25.8,26.1,57000
2023-09-20,25.4,25.4,25.95,25.3,25.75,88000
2023-09-21,25.4,25.4,25.6,25.25,25.25,35000
2023-09-22,26.4,26.4,26.5,25.2,25.4,108000
2023-09-25,26.35,26.35,27.3,26.25,26.3,72000
2023-09-26,25.9,25.9,27.0,25.9,26.1,74000
2023-09-27,26.3,26.3,26.4,25.6,26.4,32000
2023-09-28,26.2,26.2,26.65,25.9,26.45,41000
2023-10-02,26.3,26.3,27.0,26.15,26.4,37000
2023-10-03,26.35,26.35,26.6,26.2,26.3,37000
2023-10-04,26.0,26.0,26.55,25.85,26.55,48000
2023-10-05,26.0,26.0,26.55,25.95,26.0,50000
2023-10-06,25.8,25.8,26.0,25.8,25.95,28000
2023-10-11,25.0,25.0,26.2,25.0,26.2,102000
2023-10-12,25.3,25.3,25.35,24.65,24.65,35000
2023-10-13,25.2,25.2,25.95,24.95,25.2,60000
2023-10-16,24.25,24.25,24.7,24.15,24.7,121000
2023-10-17,24.5,24.5,24.85,24.25,24.65,41000
2023-10-18,23.95,23.95,24.2,23.8,24.2,65000
2023-10-19,23.7,23.7,24.0,23.55,24.0,49000
2023-10-20,23.65,23.65,23.75,23.3,23.75,61000
2023-10-23,23.6,23.6,23.65,23.35,23.65,38000
2023-10-24,24.85,24.85,24.85,23.5,23.5,75000
2023-10-25,24.6,24.6,24.85,24.35,24.75,63000
2023-10-26,24.3,24.3,24.35,24.05,24.35,28000
2023-10-27,24.2,24.2,24.9,23.7,23.7,49000
2023-10-30,24.95,24.95,25.0,24.2,24.2,71000
2023-10-31,24.3,24.3,24.95,24.0,24.95,39000
2023-11-01,26.2,26.2,26.7,24.3,24.3,229000
2023-11-02,25.85,25.85,26.3,25.2,26.0,143000
2023-11-03,25.35,25.35,25.9,25.35,25.8,88000
2023-11-06,26.3,26.3,26.5,25.15,26.0,131000
2023-11-07,26.0,26.0,26.3,25.5,26.3,118000
2023-11-08,25.9,25.9,26.2,25.65,25.65,51000
2023-11-09,26.05,26.05,26.5,25.65,26.05,61000
2023-11-10,25.9,25.9,26.05,25.4,26.05,76000
2023-11-13,25.65,25.65,25.95,25.2,25.9,76000
2023-11-14,25.55,25.55,25.65,25.15,25.65,46000
2023-11-15,25.3,25.3,25.9,25.2,25.9,49000
2023-11-16,25.6,25.6,25.7,25.15,25.3,65000
2023-11-17,26.05,26.05,26.5,25.4,25.6,188000
2023-11-20,26.0,26.0,26.5,25.75,25.9,171000
2023-11-21,25.95,25.95,26.4,25.9,26.05,87000
2023-11-22,25.7,25.7,25.95,25.6,25.7,68000
2023-11-23,26.2,26.2,26.2,25.8,26.0,103000
2023-11-24,26.05,26.05,26.5,25.95,25.95,103000
2023-11-27,27.0,27.0,27.5,26.1,26.15,372000
2023-11-28,26.3,26.3,27.2,26.2,27.2,182000
2023-11-29,26.2,26.2,26.5,26.2,26.45,68000
2023-11-30,25.8,25.8,26.6,25.8,26.6,90000
2023-12-01,25.8,25.8,26.1,25.8,26.0,64000
2023-12-04,26.65,26.65,26.8,26.25,26.5,263000
2023-12-05,26.8,26.8,27.2,26.45,27.0,153000
2023-12-06,26.3,26.3,26.8,26.25,26.8,103000
2023-12-07,26.0,26.0,26.4,26.0,26.4,129000
2023-12-08,25.5,25.5,26.2,25.5,26.2,182000
2023-12-11,25.15,25.15,25.6,25.1,25.6,138000
2023-12-12,25.1,25.1,25.6,24.95,25.6,105000
2023-12-13,25.1,25.1,25.35,24.85,24.85,80000
2023-12-14,25.1,25.1,25.5,25.0,25.15,125000
2023-12-15,25.15,25.15,25.15,25.05,25.05,74000
2023-12-18,25.1,25.1,25.7,25.05,25.15,72000
2023-12-19,25.15,25.15,25.15,25.05,25.15,80000
2023-12-20,25.1,25.1,25.15,25.0,25.05,59000
2023-12-21,25.3,25.3,25.3,25.0,25.1,40000
2023-12-22,25.05,25.05,25.15,25.0,25.15,74000
2023-12-25,24.9,24.9,25.1,24.9,25.05,78000
2023-12-26,24.95,24.95,25.0,24.8,25.0,69000
2023-12-27,25.0,25.0,25.2,24.9,24.95,41000
2023-12-28,24.9,24.9,25.6,24.9,25.6,68000
2023-12-29,25.0,25.0,25.0,24.7,24.85,58000
2024-01-02,25.0,25.0,25.0,24.9,25.0,26000
2024-01-03,25.0,25.0,25.0,24.8,24.9,40000
2024-01-04,24.85,24.85,25.0,24.8,25.0,32000
2024-01-05,24.75,24.75,24.8,24.7,24.75,63000
2024-01-08,24.5,24.5,24.7,24.5,24.65,73000
2024-01-09,24.05,24.05,24.5,24.05,24.5,87000
2024-01-10,23.6,23.6,24.15,23.5,24.05,117000
2024-01-11,23.8,23.8,24.2,23.7,24.2,58000
2024-01-12,23.8,23.8,24.1,23.8,24.1,27000
2024-01-15,24.1,24.1,24.1,23.85,23.95,40000
2024-01-16,24.3,24.3,24.3,23.95,23.95,43000
2024-01-17,23.85,23.85,24.3,23.85,24.3,45000
2024-01-18,24.0,24.0,24.25,23.85,23.85,41000
2024-01-19,24.15,24.15,24.9,24.0,24.15,68000
2024-01-22,24.1,24.1,24.45,24.1,24.25,47000
2024-01-23,24.05,24.05,24.4,24.05,24.15,67000
2024-01-24,24.35,24.35,24.6,24.1,24.15,70000
2024-01-25,24.05,24.05,24.5,24.05,24.35,38000
2024-01-26,24.0,24.0,24.15,23.95,24.0,50000
2024-01-29,23.9,23.9,24.0,23.85,24.0,57000
2024-01-30,24.0,24.0,24.05,23.9,23.9,43000
2024-01-31,24.0,24.0,24.0,23.85,24.0,37000
2024-02-01,23.85,23.85,24.0,23.8,24.0,55000
2024-02-02,23.75,23.75,23.9,23.7,23.75,70000
2024-02-05,23.9,23.9,24.0,23.4,23.7,78000
2024-02-15,23.8,23.8,24.1,23.7,23.8,93000
2024-02-16,24.05,24.05,24.15,23.8,23.8,64000
2024-02-19,24.0,24.0,24.05,23.85,24.05,90000
2024-02-20,24.0,24.0,24.1,23.9,23.9,98000
2024-02-21,24.95,24.95,25.25,24.0,24.0,245000
2024-02-22,24.8,24.8,24.9,24.45,24.9,90000
2024-02-23,24.4,24.4,24.95,24.4,24.8,72000
2024-02-26,24.4,24.4,24.4,24.3,24.4,52000
2024-02-27,24.1,24.1,24.35,24.0,24.1,32000
2024-02-29,24.15,24.15,24.3,24.05,24.3,69000
2024-03-01,24.15,24.15,24.3,24.05,24.15,40000
2024-03-04,24.15,24.15,24.4,24.1,24.15,43000
2024-03-05,24.0,24.0,24.2,24.0,24.15,59000
2024-03-06,24.15,24.15,24.5,24.0,24.0,93000
2024-03-07,24.05,24.05,24.2,24.0,24.0,126000
2024-03-08,24.0,24.0,24.1,23.95,24.05,129000
2024-03-11,24.05,24.05,24.3,23.95,24.1,62000
2024-03-12,23.85,23.85,23.85,23.5,23.65,64000
2024-03-13,23.45,23.45,23.85,23.45,23.85,108000
2024-03-14,23.45,23.45,23.7,23.3,23.7,57000
2024-03-15,22.9,22.9,23.4,22.0,23.4,159000
2024-03-18,22.45,22.45,22.85,22.3,22.85,63000
2024-03-19,22.35,22.35,22.4,22.1,22.15,33000
2024-03-20,22.65,22.65,22.7,22.4,22.4,31000
2024-03-21,22.75,22.75,23.0,22.6,22.95,27000
2024-03-22,22.75,22.75,23.3,22.65,23.3,31000
2024-03-25,22.95,22.95,23.0,22.75,22.75,17000
2024-03-26,22.85,22.85,23.35,22.7,23.35,70000
2024-03-27,22.95,22.95,23.35,22.85,23.35,27000
2024-03-28,23.0,23.0,23.3,23.0,23.25,29000
2024-03-29,22.75,22.75,23.25,22.5,22.5,25000
2024-04-01,22.8,22.8,22.8,22.55,22.8,65000
2024-04-02,22.6,22.6,22.85,22.6,22.85,42000
2024-04-03,22.7,22.7,22.7,22.6,22.7,11000
2024-04-08,22.75,22.75,23.15,22.6,22.9,40000
2024-04-09,22.8,22.8,22.85,22.7,22.8,28000
2024-04-10,22.8,22.8,22.85,22.7,22.85,34000
2024-04-11,22.5,22.5,22.75,22.2,22.2,46000
2024-04-12,22.45,22.45,22.55,22.35,22.4,44000
2024-04-15,22.75,22.75,22.9,22.45,22.45,73000
2024-04-16,23.3,23.3,23.35,21.1,22.55,171000
2024-04-17,23.2,23.2,23.25,22.5,23.1,80000
2024-04-18,22.7,22.7,22.75,22.6,22.7,45000
2024-04-19,22.3,22.3,22.7,22.2,22.65,36000
2024-04-22,22.2,22.2,22.35,22.2,22.3,23000
2024-04-23,22.9,22.9,22.9,22.2,22.25,21000
2024-04-24,22.75,22.75,23.25,22.75,23.1,12000
2024-04-25,22.3,22.3,22.45,21.8,22.0,45000
2024-04-26,22.1,22.1,22.25,21.95,22.0,93000
2024-04-29,22.2,22.2,22.3,22.2,22.2,45000
2024-04-30,22.1,22.1,22.15,22.0,22.1,29000
2024-05-02,22.1,22.1,22.1,22.0,22.0,28000
2024-05-03,21.9,21.9,22.15,21.75,22.1,39000
2024-05-06,21.85,21.85,22.0,21.75,22.0,22000
2024-05-07,21.75,21.75,21.75,21.6,21.7,40000
2024-05-08,21.55,21.55,21.65,21.4,21.65,20000
2024-05-09,21.75,21.75,21.75,21.25,21.25,6000
2024-05-10,21.4,21.4,21.75,21.2,21.7,12000
2024-05-13,21.5,21.5,21.5,21.15,21.25,25000
2024-05-14,21.5,21.5,22.0,21.1,21.5,37000
2024-05-15,21.5,21.5,21.85,21.35,21.35,14000
2024-05-16,21.65,21.65,21.95,21.55,21.55,29000
2024-05-17,21.7,21.7,21.95,21.6,21.95,20000
2024-05-20,21.7,21.7,21.7,21.55,21.7,77000
2024-05-21,21.5,21.5,21.65,20.95,21.5,34000
2024-05-22,21.5,21.5,21.7,21.2,21.2,25000
2024-05-23,21.5,21.5,21.65,21.25,21.6,119000
2024-05-24,21.4,21.4,21.5,21.25,21.25,10000
2024-05-27,21.4,21.4,21.5,21.35,21.4,33000
2024-05-28,21.5,21.5,21.6,21.5,21.5,17000
2024-05-29,21.5,21.5,21.5,21.4,21.45,16000
2024-05-30,21.4,21.4,21.65,21.4,21.5,29000
2024-05-31,21.4,21.4,21.4,21.3,21.35,19000
2024-06-03,21.7,21.7,21.7,21.4,21.4,57000
2024-06-04,23.85,23.85,23.85,22.0,22.0,602000
2024-06-05,23.4,23.4,23.85,22.8,23.85,547000
2024-06-06,22.2,22.2,23.5,22.05,23.4,192000
2024-06-07,23.0,23.0,23.45,22.5,22.5,115000
2024-06-11,24.2,24.2,24.75,23.35,23.35,442000
2024-06-12,23.5,23.5,24.8,23.3,24.8,146000
2024-06-13,23.1,23.1,23.5,23.1,23.5,102000
2024-06-14,23.3,23.3,23.45,23.2,23.2,42000
2024-06-17,23.6,23.6,23.8,22.85,22.85,114000
2024-06-18,23.8,23.8,24.2,23.45,23.45,158000
2024-06-19,23.55,23.55,24.0,23.4,23.8,99000
2024-06-20,24.5,24.5,25.4,24.0,24.0,278000
2024-06-21,24.5,24.5,24.75,23.8,24.5,147000
2024-06-24,23.95,23.95,24.3,23.8,24.1,104000
2024-06-25,23.9,23.9,24.9,23.9,24.9,173000
2024-06-26,24.4,24.4,24.5,23.85,23.9,78000
2024-06-27,24.45,24.45,24.75,24.05,24.1,61000
2024-06-28,24.55,24.55,24.8,24.4,24.8,88000
2024-07-01,24.65,24.65,25.1,24.4,24.75,137000
2024-07-02,24.55,24.55,24.9,24.3,24.5,107000
2024-07-03,24.05,24.05,24.75,24.05,24.55,83000
2024-07-04,23.8,23.8,24.5,23.8,24.1,121000
2024-07-05,24.05,24.05,24.5,23.6,24.05,190000
2024-07-08,24.15,24.15,24.35,23.7,24.05,107000
2024-07-09,24.25,24.25,24.7,22.8,24.0,157000
2024-07-10,23.9,23.9,24.3,22.9,23.55,128000
2024-07-11,23.55,23.55,24.0,22.8,23.7,197000
2024-07-12,23.4,23.4,23.65,23.05,23.55,102000
2024-07-15,22.9,22.9,23.7,22.8,23.5,132000
2024-07-16,22.8,22.8,23.1,22.8,23.0,57000
2024-07-17,22.8,22.8,22.95,22.7,22.8,41000
2024-07-18,22.6,22.6,22.85,22.55,22.55,17000
2024-07-19,22.25,22.25,22.6,22.15,22.6,44000
2024-07-22,21.5,21.5,22.6,21.5,22.5,86000
2024-07-23,21.8,21.8,22.25,21.8,22.25,12000
2024-07-26,22.0,22.0,22.0,21.3,21.35,25000
2024-07-29,21.4,21.4,22.0,21.4,22.0,42000
2024-07-30,21.55,21.55,21.55,21.5,21.5,30000
2024-07-31,21.75,21.75,21.75,21.4,21.45,14000
2024-08-01,21.75,21.75,22.05,21.75,21.75,21000
2024-08-02,21.2,21.2,21.7,21.2,21.7,26000
2024-08-05,19.1,19.1,21.2,19.1,21.2,138000
2024-08-06,19.65,19.65,20.6,19.2,20.6,62000
2024-08-07,20.4,20.4,20.5,19.65,19.65,42000
2024-08-08,20.1,20.1,20.4,20.1,20.4,3000
2024-08-09,20.15,20.15,20.6,20.15,20.6,37000
2024-08-12,20.35,20.35,20.6,20.2,20.2,30000
2024-08-13,20.3,20.3,21.3,20.3,21.3,26000
2024-08-14,20.0,20.0,20.35,20.0,20.35,21000
2024-08-15,20.2,20.2,21.05,20.2,21.05,28000
2024-08-16,20.1,20.1,20.5,20.1,20.15,21000
2024-08-19,20.3,20.3,20.35,20.2,20.2,26000
2024-08-20,20.4,20.4,20.45,20.25,20.35,18000
2024-08-21,22.4,22.4,22.4,20.4,20.4,164000
2024-08-22,23.05,23.05,23.5,22.4,23.0,354000
2024-08-23,22.4,22.4,23.1,22.2,22.8,126000
2024-08-26,22.35,22.35,22.45,22.3,22.4,71000
2024-08-27,22.25,22.25,22.4,22.2,22.35,41000
2024-08-28,22.55,22.55,23.0,22.2,22.25,61000
2024-08-29,22.35,22.35,22.5,22.2,22.25,33000
2024-08-30,22.6,22.6,22.6,22.25,22.3,39000
2024-09-02,22.8,22.8,22.8,22.6,22.6,10000
2024-09-03,22.6,22.6,23.45,22.6,23.45,38000
2024-09-04,21.1,21.1,22.45,21.1,21.75,94000
2024-09-05,21.5,21.5,22.2,21.5,22.15,50000
2024-09-06,21.4,21.4,22.2,21.4,21.5,25000
2024-09-09,21.35,21.35,22.4,21.1,22.4,16000
2024-09-10,21.5,21.5,22.0,21.4,21.4,17000
2024-09-11,21.4,21.4,21.6,21.4,21.5,18000
2024-09-12,21.9,21.9,22.1,21.55,22.1,8000
2024-09-13,21.65,21.65,22.15,21.65,21.7,8000
2024-09-16,21.75,21.75,21.9,21.7,21.7,31000
2024-09-18,21.8,21.8,21.8,21.8,21.8,14000
2024-09-19,21.85,21.85,21.85,21.7,21.8,9000
2024-09-20,22.3,22.3,22.95,21.9,21.9,78000
2024-09-23,22.2,22.2,22.4,22.15,22.35,61000
2024-09-24,22.2,22.2,22.3,22.15,22.25,24000
2024-09-25,22.2,22.2,22.35,22.2,22.25,42000
2024-09-26,22.3,22.3,22.3,22.25,22.3,36000
2024-09-27,22.55,22.55,22.8,22.45,22.45,35000
2024-09-30,22.8,22.8,22.9,22.55,22.6,64000
2024-10-01,22.85,22.85,22.95,22.8,22.8,26000
2024-10-04,22.45,22.45,23.0,22.45,23.0,27000
2024-10-07,22.7,22.7,23.0,22.45,22.45,29000
2024-10-08,22.55,22.55,22.7,22.55,22.7,7000
2024-10-09,22.0,22.0,22.6,22.0,22.6,47000
2024-10-11,21.8,21.8,22.05,21.8,22.05,16000
2024-10-14,21.7,21.7,21.8,21.7,21.8,9000
2024-10-15,21.8,21.8,22.65,21.7,22.65,9000
2024-10-16,21.95,21.95,22.2,21.6,21.8,358000
2024-10-17,22.05,22.05,22.1,22.0,22.1,9000
2024-10-18,22.0,22.0,22.2,22.0,22.0,23000
2024-10-21,22.55,22.55,22.85,22.1,22.1,20000
2024-10-22,22.55,22.55,22.6,22.55,22.6,22000
2024-10-23,22.65,22.65,22.65,22.55,22.6,17000
2024-10-24,22.6,22.6,22.65,22.55,22.65,19000
2024-10-25,22.55,22.55,22.6,22.55,22.6,10000
2024-10-28,22.55,22.55,22.7,22.5,22.7,20000
2024-10-29,22.3,22.3,22.55,21.95,22.55,28000
2024-10-30,22.25,22.25,22.35,22.25,22.35,11000
2024-11-01,22.0,22.0,22.3,21.55,22.1,17000
2024-11-04,22.15,22.15,22.3,22.05,22.3,9000
2024-11-05,22.5,22.5,22.55,22.35,22.55,9000
2024-11-06,22.7,22.7,22.7,22.5,22.6,17000
2024-11-07,22.55,22.55,22.7,22.5,22.7,27000
2024-11-08,23.6,23.6,24.8,23.5,24.8,425000
2024-11-11,22.4,22.4,23.4,22.35,23.4,187000
2024-11-12,22.8,22.8,23.15,22.7,23.15,41000
2024-11-13,22.7,22.7,23.1,22.7,23.1,21000
2024-11-14,22.25,22.25,22.75,22.05,22.75,56000
2024-11-15,22.2,22.2,22.4,21.7,22.4,45000
2024-11-18,21.7,21.7,22.1,21.7,22.1,23000
2024-11-19,21.9,21.9,22.4,21.05,21.7,36000
2024-11-20,21.8,21.8,21.85,21.4,21.85,21000
2024-11-21,21.8,21.8,22.0,21.7,21.7,25000
2024-11-22,21.75,21.75,21.9,21.75,21.8,23000
2024-11-25,22.1,22.1,22.2,21.9,22.2,22000
2024-11-26,21.8,21.8,22.0,21.8,22.0,34000
2024-11-27,21.8,21.8,22.0,21.8,22.0,23000
2024-11-28,21.85,21.85,22.2,21.8,21.8,41000
2024-11-29,22.45,22.45,22.45,22.15,22.15,74000
2024-12-02,22.6,22.6,22.65,22.35,22.65,42000
2024-12-03,22.65,22.65,22.7,22.6,22.6,17000
2024-12-04,23.1,23.1,23.3,22.7,22.7,76000
2024-12-05,22.7,22.7,23.1,22.55,23.1,52000
2024-12-06,22.7,22.7,22.7,22.4,22.55,53000
2024-12-09,22.25,22.25,22.7,21.9,22.7,85000
2024-12-10,22.0,22.0,22.2,21.9,22.2,49000
2024-12-11,22.45,22.45,22.45,21.8,22.0,46000
2024-12-12,22.6,22.6,22.6,22.5,22.5,30000
2024-12-13,22.6,22.6,22.8,22.45,22.8,36000
2024-12-16,22.6,22.6,22.6,22.3,22.55,24000
2024-12-17,23.1,23.1,23.2,22.3,22.6,62000
2024-12-18,23.1,23.1,23.55,22.9,22.9,59000
2024-12-19,23.0,23.0,23.0,22.6,22.95,50000
2024-12-20,23.0,23.0,23.4,22.7,23.0,63000
2024-12-23,23.0,23.0,23.2,23.0,23.1,80000
2024-12-24,23.15,23.15,23.4,23.15,23.4,26000
2024-12-25,23.4,23.4,23.45,23.2,23.45,30000
2024-12-26,23.45,23.45,23.55,23.4,23.45,33000
2024-12-27,23.6,23.6,23.75,23.5,23.75,56000
2024-12-30,23.6,23.6,23.7,23.3,23.6,24000
2024-12-31,23.5,23.5,23.6,23.2,23.6,78000
2025-01-02,23.7,23.7,23.8,23.5,23.5,52000
2025-01-03,23.7,23.7,23.75,23.65,23.75,33000
2025-01-06,23.9,23.9,23.9,23.75,23.75,53000
2025-01-07,23.95,23.95,24.3,23.95,24.0,53000
2025-01-08,23.75,23.75,24.8,23.75,24.8,203000
2025-01-09,23.75,23.75,24.2,23.7,24.2,38000
2025-01-10,24.15,24.15,24.15,23.75,23.75,83000
2025-01-13,26.4,26.4,26.5,24.45,24.5,676000
2025-01-14,26.0,26.0,27.45,25.2,27.45,242000
2025-01-15,25.7,25.7,25.8,25.45,25.8,127000
2025-01-16,25.65,25.65,26.1,25.35,25.7,100000
2025-01-17,25.7,25.7,26.0,25.35,26.0,85000
2025-01-20,25.65,25.65,25.95,25.5,25.95,82000
2025-01-21,25.35,25.35,25.6,25.35,25.55,86000
2025-01-22,25.7,25.7,25.7,25.35,25.35,39000
2025-02-03,25.65,25.65,26.2,25.5,25.7,58000
2025-02-04,25.4,25.4,25.8,25.4,25.75,46000
2025-02-05,25.1,25.1,25.4,25.0,25.4,54000
2025-02-06,24.5,24.5,25.1,24.5,25.1,87000
2025-02-07,23.8,23.8,24.5,23.55,24.5,99000
2025-02-10,23.9,23.9,24.3,23.9,24.0,60000
2025-02-11,24.2,24.2,24.25,23.8,23.9,37000
2025-02-12,24.1,24.1,24.35,24.1,24.3,31000
2025-02-13,24.25,24.25,24.25,24.0,24.0,32000
2025-02-14,24.35,24.35,24.35,24.2,24.2,13000
2025-02-17,25.2,25.2,25.2,24.1,24.1,39000
2025-02-18,24.65,24.65,25.2,24.65,25.2,47000
2025-02-19,24.65,24.65,25.05,24.5,24.7,36000
2025-02-20,25.0,25.0,25.05,24.75,24.8,30000
2025-02-21,25.0,25.0,25.0,24.95,24.95,21000
2025-02-24,24.95,24.95,25.05,24.95,25.0,15000
2025-02-25,24.9,24.9,24.95,24.9,24.95,12000
2025-02-26,25.0,25.0,25.0,24.85,24.9,18000
2025-02-27,24.5,24.5,25.0,24.5,25.0,28000
2025-03-03,23.95,23.95,24.5,23.95,24.5,29000
2025-03-04,24.0,24.0,24.6,23.65,23.8,13000
2025-03-05,24.25,24.25,24.25,24.0,24.0,9000
2025-03-06,24.25,24.25,24.25,23.95,24.1,13000
2025-03-07,24.4,24.4,24.4,23.5,24.4,32000
2025-03-10,24.35,24.35,24.5,24.05,24.5,19000
2025-03-11,24.35,24.35,24.35,24.2,24.35,19000
2025-03-12,24.35,24.35,24.5,24.3,24.5,11000
2025-03-13,25.0,25.0,25.15,24.5,25.0,183000
2025-03-14,25.0,25.0,25.3,25.0,25.3,34000
2025-03-17,25.0,25.0,25.2,25.0,25.0,41000
2025-03-18,25.05,25.05,25.2,24.9,25.2,76000
2025-03-19,25.2,25.2,25.4,25.05,25.05,94000
2025-03-20,25.2,25.2,25.2,25.0,25.0,49000
2025-03-21,25.6,25.6,25.75,24.95,25.1,66000
2025-03-24,25.55,25.55,26.0,25.35,26.0,49000
2025-03-25,25.2,25.2,25.55,25.2,25.55,53000
2025-03-26,25.2,25.2,25.5,25.15,25.2,27000
2025-03-27,25.15,25.15,25.2,25.0,25.0,34000
2025-03-28,25.1,25.1,25.15,24.25,25.05,561000
2025-03-31,24.75,24.75,24.75,24.3,24.4,47000
2025-04-01,24.75,24.75,24.9,24.7,24.75,42000
2025-04-02,24.65,24.65,24.75,24.6,24.75,7000
2025-04-07,22.4,22.4,22.6,22.2,22.2,143000
2025-04-08,20.2,20.2,20.95,20.2,20.45,132000
2025-04-09,18.95,18.95,19.8,18.75,19.8,98000
2025-04-10,20.8,20.8,20.8,20.2,20.2,62000
2025-04-11,21.35,21.35,21.35,19.4,20.8,22000
2025-04-14,21.5,21.5,21.6,21.0,21.0,8000
2025-04-15,22.2,22.2,22.2,21.5,21.5,13000
2025-04-16,22.5,22.5,22.5,22.5,22.5,1000
2025-04-17,22.05,22.05,22.1,21.15,22.1,9000
2025-04-18,21.95,21.95,21.95,21.95,21.95,2000
2025-04-21,21.2,21.2,21.65,21.2,21.65,5000
2025-04-22,20.9,20.9,21.0,20.9,21.0,2000
2025-04-23,21.45,21.45,21.45,21.0,21.0,21000
2025-04-24,21.1,21.1,21.1,20.4,20.4,3000
2025-04-25,21.1,21.1,21.1,21.1,21.1,3000
2025-04-28,20.65,20.65,21.1,20.6,21.1,7000
2025-04-29,21.5,21.5,21.5,20.7,20.7,3000
2025-04-30,21.65,21.65,21.65,21.0,21.0,2000
2025-05-02,22.0,22.0,22.0,21.65,21.65,4000
2025-05-05,21.8,21.8,21.8,21.8,21.8,1000
2025-05-06,21.8,21.8,21.8,21.8,21.8,2000
2025-05-07,21.4,21.4,21.5,21.4,21.5,3000
2025-05-08,21.9,21.9,21.9,21.9,21.9,4000
2025-05-09,21.9,21.9,21.9,21.9,21.9,1000
2025-05-12,21.9,21.9,21.9,21.9,21.9,4000
2025-05-13,22.0,22.0,22.0,21.9,21.9,3000
2025-05-14,22.2,22.2,22.2,21.6,21.75,24000
2025-05-15,22.4,22.4,22.4,22.4,22.4,1000
2025-05-16,22.4,22.4,22.45,22.0,22.4,56000
2025-05-19,22.0,22.0,22.2,22.0,22.2,2000
2025-05-20,22.4,22.4,22.4,21.5,22.4,23000
2025-05-21,22.4,22.4,22.4,21.65,21.65,4000
2025-05-22,21.8,21.8,21.8,21.8,21.8,4000
2025-05-23,22.15,22.15,22.15,22.15,22.15,2000
2025-05-28,21.55,21.55,21.75,21.55,21.75,26000
2025-05-29,21.5,21.5,21.6,21.5,21.55,5000
2025-06-02,21.75,21.75,21.75,21.0,21.2,4000
2025-06-03,21.8,21.8,21.8,21.6,21.75,16000
2025-06-04,22.4,22.4,22.4,21.8,21.8,7000
2025-06-06,22.3,22.3,22.3,21.75,21.75,5000
2025-06-09,22.2,22.2,22.2,22.0,22.0,2000
2025-06-10,22.0,22.0,22.9,21.8,22.9,15000
2025-06-11,21.95,21.95,21.95,21.7,21.75,8000
2025-06-12,21.75,21.75,21.75,21.75,21.75,1000
2025-06-13,23.9,23.9,23.9,23.9,23.9,59000
2025-06-16,24.45,24.45,26.25,22.8,26.25,987000
2025-06-17,23.8,23.8,23.8,22.8,22.8,618000
2025-06-18,24.75,24.75,26.15,24.5,26.15,490000
2025-06-19,23.15,23.15,24.6,22.9,24.6,148000
2025-06-20,23.0,23.0,23.15,22.8,22.9,49000
2025-06-23,22.95,22.95,23.15,22.85,22.9,26000
2025-06-24,23.05,23.05,23.05,22.95,22.95,17000
2025-06-25,23.6,23.6,23.6,23.05,23.05,28000
2025-06-26,23.15,23.15,23.25,23.0,23.25,11000
2025-06-27,24.0,24.0,24.0,23.45,23.7,50000
2025-06-30,23.5,23.5,23.85,23.25,23.85,26000
2025-07-01,23.6,23.6,23.6,23.5,23.5,5000
2025-07-02,23.6,23.6,23.6,23.1,23.1,7000
2025-07-03,23.7,23.7,23.9,23.6,23.6,4000
2025-07-04,23.3,23.3,23.3,23.3,23.3,4000
2025-07-07,22.4,22.4,23.0,22.4,23.0,49000
2025-07-08,22.35,22.35,22.35,21.75,21.75,8000
2025-07-09,22.3,22.3,22.3,22.3,22.3,4000
2025-07-10,22.5,22.5,22.5,22.3,22.3,5000
2025-07-11,22.5,22.5,22.5,22.1,22.1,2000
2025-07-14,22.75,22.75,23.5,22.4,23.5,5000
2025-07-16,22.5,22.5,22.55,22.45,22.45,6000
2025-07-17,22.8,22.8,22.8,22.8,22.8,1000
2025-07-18,22.8,22.8,22.8,22.35,22.35,4000
2025-07-21,22.4,22.4,22.8,22.4,22.8,15000
2025-07-22,22.3,22.3,22.5,22.3,22.5,19000
2025-07-23,22.3,22.3,22.3,22.3,22.3,2000
2025-07-24,22.3,22.3,22.3,22.3,22.3,1000
2025-07-25,22.2,22.2,22.25,22.2,22.25,2000
2025-07-28,22.65,22.65,22.65,22.65,22.65,1000
2025-07-29,22.45,22.45,22.6,22.45,22.6,8000
2025-07-30,22.6,22.6,22.6,22.1,22.15,6000
2025-08-01,22.2,22.2,22.6,22.2,22.6,13000
2025-08-04,22.3,22.3,22.3,22.0,22.0,7000
2025-08-05,22.4,22.4,22.4,22.05,22.3,22000
2025-08-06,22.25,22.25,22.25,22.2,22.2,9000
2025-08-07,22.0,22.0,22.3,22.0,22.25,16000
2025-08-08,22.0,22.0,22.0,22.0,22.0,7000
2025-08-11,22.2,22.2,22.2,21.9,22.0,19000
2025-08-12,22.2,22.2,22.65,22.15,22.15,29000
2025-08-13,22.6,22.6,22.6,22.05,22.1,34000
2025-08-14,22.55,22.55,22.55,22.3,22.55,3000
2025-08-15,22.55,22.55,22.55,22.15,22.55,11000
2025-08-18,23.45,23.45,23.45,22.15,22.4,23000
2025-08-19,22.5,22.5,23.2,22.5,23.2,18000
2025-08-20,22.5,22.5,22.85,22.3,22.35,13000
2025-08-21,22.5,22.5,22.5,22.5,22.5,1000
2025-08-22,22.3,22.3,22.8,22.3,22.8,5000
2025-08-25,22.2,22.2,22.3,22.1,22.3,28000
2025-08-26,22.5,22.5,22.5,22.5,22.5,1000
2025-08-27,22.15,22.15,22.6,22.1,22.55,24000
2025-08-28,22.45,22.45,22.5,22.15,22.2,18000
2025-08-29,22.25,22.25,22.25,22.2,22.25,4000
2025-09-01,22.35,22.35,22.35,22.15,22.25,31000
2025-09-02,22.25,22.25,22.35,22.25,22.35,11000
2025-09-03,22.25,22.25,22.25,22.25,22.25,2000
2025-09-04,22.35,22.35,22.35,22.25,22.25,13000
2025-09-05,22.45,22.45,22.5,22.25,22.3,17000
2025-09-08,22.35,22.35,22.45,22.3,22.45,19000
2025-09-09,22.5,22.5,22.5,22.4,22.45,14000
2025-09-10,22.5,22.5,22.65,22.45,22.45,25000
2025-09-11,22.55,22.55,22.65,22.5,22.5,26000
2025-09-12,22.6,22.6,22.6,22.5,22.55,17000
2025-09-15,22.45,22.45,22.7,22.45,22.7,6000
2025-09-16,22.45,22.45,22.7,22.4,22.6,9000
2025-09-17,22.6,22.6,22.6,22.3,22.5,15000
2025-09-18,22.5,22.5,22.5,22.25,22.5,14000
2025-09-19,22.55,22.55,22.55,22.5,22.5,16000
2025-09-22,22.6,22.6,22.6,22.3,22.5,8000
2025-09-23,22.6,22.6,23.0,22.6,22.6,10000
2025-09-24,22.6,22.6,23.0,22.6,23.0,6000
2025-09-25,22.3,22.3,22.5,22.3,22.5,2000
2025-09-26,22.15,22.15,22.3,22.1,22.3,7000
2025-09-30,22.2,22.2,22.2,22.1,22.2,13000
2025-10-01,22.55,22.55,22.55,22.2,22.2,17000
2025-10-02,22.0,22.0,22.3,22.0,22.3,10000
2025-10-03,23.9,23.9,24.2,22.1,22.1,140000
2025-10-07,25.35,25.35,26.2,25.0,26.2,407000
2025-10-08,24.5,24.5,25.7,24.35,25.7,73000
2025-10-09,23.25,23.25,24.45,22.9,24.45,136000
2025-10-13,22.85,22.85,22.85,22.35,22.6,37000
2025-10-14,23.25,23.25,23.9,22.85,22.85,51000
2025-10-15,23.15,23.15,23.25,23.0,23.25,12000
2025-10-16,22.9,22.9,23.5,22.9,23.45,29000
2025-10-17,22.8,22.8,23.0,22.8,22.9,27000
2025-10-20,23.05,23.05,23.25,22.8,22.9,45000
2025-10-21,24.0,24.0,24.0,23.0,23.1,23000
2025-10-22,23.4,23.4,23.45,23.35,23.35,9000
2025-10-23,23.8,23.8,24.0,23.45,24.0,11000
2025-10-27,23.5,23.5,23.85,23.5,23.85,28000
2025-10-28,23.8,23.8,23.95,23.5,23.5,25000
2025-10-29,23.8,23.8,23.9,23.8,23.9,35000
2025-10-30,23.75,23.75,23.8,23.7,23.8,12000
2025-10-31,23.75,23.75,23.8,23.65,23.75,6000
2025-11-03,23.9,23.9,23.9,23.8,23.8,6000
2025-11-04,24.85,24.85,24.95,23.7,23.9,50000
2025-11-05,23.9,23.9,24.8,23.45,24.5,43000
2025-11-06,22.9,22.9,23.5,22.8,23.1,42000
2025-11-07,22.6,22.6,22.85,22.55,22.55,19000
2025-11-10,22.25,22.25,22.55,22.0,22.3,61000
2025-11-11,21.55,21.55,22.25,21.4,22.0,59000
2025-11-12,21.45,21.45,21.6,21.2,21.55,34000
2025-11-13,21.7,21.7,21.75,21.3,21.35,23000
2025-11-17,21.85,21.85,21.95,21.85,21.95,4000
2025-11-18,21.5,21.5,21.6,21.5,21.55,9000
2025-11-19,21.6,21.6,21.6,21.5,21.55,19000
2025-11-20,21.6,21.6,21.7,21.55,21.7,12000
2025-11-21,21.55,21.55,21.8,21.55,21.6,28000
2025-11-24,21.1,21.1,21.55,20.8,21.55,23000
2025-11-25,21.2,21.2,21.2,21.0,21.15,20000
2025-11-26,21.2,21.2,21.2,20.9,21.0,4000
2025-11-27,21.45,21.45,21.5,21.4,21.5,10000
2025-11-28,21.55,21.55,21.55,21.45,21.45,6000
2025-12-01,21.6,21.6,21.6,21.6,21.6,2000
2025-12-02,21.7,21.7,21.8,21.7,21.7,7000
2025-12-03,21.7,21.7,21.7,21.65,21.7,7000
2025-12-04,21.7,21.7,21.75,21.7,21.75,2000
2025-12-05,21.4,21.4,21.7,21.3,21.7,3000
2025-12-08,21.35,21.35,21.6,20.8,21.4,12000
2025-12-10,21.25,21.25,21.35,21.05,21.15,10000
2025-12-11,21.2,21.2,21.2,21.2,21.2,5000
2025-12-12,21.25,21.25,21.25,21.2,21.2,6000
2025-12-15,21.25,21.25,21.25,21.25,21.25,1000
2025-12-16,21.25,21.25,21.25,21.25,21.25,5000
2025-12-17,21.5,21.5,21.5,21.3,21.5,3000
2025-12-18,21.7,21.7,21.85,21.7,21.85,11000
2025-12-19,21.5,21.5,21.7,21.5,21.7,7000
2025-12-22,21.5,21.5,21.5,21.5,21.5,4000
2025-12-23,21.4,21.4,21.5,21.4,21.5,8000
2025-12-24,21.4,21.4,21.4,21.4,21.4,12000
2025-12-26,21.6,21.6,21.6,21.25,21.25,5000
2025-12-29,21.6,21.6,21.6,21.4,21.4,4000
2025-12-30,21.5,21.5,21.6,21.5,21.6,11000
2025-12-31,21.75,21.75,21.75,21.2,21.4,10000
2026-01-02,22.45,22.45,22.5,21.75,21.75,16000
2026-01-05,21.7,21.7,22.45,21.7,22.45,7000
2026-01-06,21.7,21.7,21.7,21.4,21.7,32000
2026-01-07,21.85,21.85,21.85,21.7,21.7,12000
2026-01-08,21.85,21.85,23.0,21.05,21.5,48000
2026-01-09,21.55,21.55,21.55,21.45,21.5,7000
2026-01-12,21.6,21.6,21.6,21.25,21.45,9000
2026-01-13,21.6,21.6,21.6,21.6,21.6,1000
2026-01-14,21.5,21.5,21.6,21.3,21.6,5000
2026-01-15,21.5,21.5,21.6,21.4,21.4,12000
2026-01-16,21.5,21.5,21.55,21.25,21.5,31000
2026-01-19,21.0,21.0,21.9,20.8,21.55,26000
2026-01-20,21.0,21.0,21.3,21.0,21.3,5000
2026-01-21,21.6,21.6,21.75,21.0,21.75,27000
2026-01-22,21.35,21.35,21.8,21.05,21.8,22000
2026-01-23,21.15,21.15,21.15,21.1,21.1,5000
2026-01-26,21.1,21.1,21.15,21.1,21.15,6000
2026-01-27,21.15,21.15,21.65,21.15,21.15,12000
2026-01-28,21.1,21.1,21.35,21.1,21.1,7000
2026-01-29,20.95,20.95,21.1,20.65,21.0,29000
2026-01-30,20.8,20.8,20.85,20.8,20.85,28000
2026-02-02,20.75,20.75,20.75,20.75,20.75,3000
2026-02-03,20.75,20.75,20.8,20.75,20.8,11000
2026-02-04,20.85,20.85,20.85,20.6,20.75,8000
2026-02-05,20.7,20.7,20.7,20.7,20.7,1000
2026-02-06,20.25,20.25,21.15,20.25,21.15,23000
2026-02-09,20.5,20.5,21.15,20.45,21.15,21000
2026-02-10,20.25,20.25,20.25,20.15,20.15,4000
2026-02-11,20.7,20.7,20.8,20.4,20.8,7000
2026-02-23,20.9,20.9,20.9,20.7,20.7,8000
2026-02-24,20.95,20.95,21.3,20.9,21.3,25000
2026-02-25,21.0,21.0,21.5,20.95,21.5,8000
2026-02-26,20.95,20.95,21.1,20.9,21.0,24000
2026-03-02,20.85,20.85,20.85,20.85,20.85,1000
2026-03-03,20.4,20.4,20.55,20.3,20.55,10000
2026-03-04,20.3,20.3,20.8,20.0,20.2,22000
2026-03-05,20.7,20.7,21.1,20.3,21.1,16000
2026-03-06,20.65,20.65,20.7,20.1,20.7,14000
2026-03-09,20.55,20.55,20.55,20.0,20.5,26000
2026-03-10,20.4,20.4,20.55,20.0,20.55,28000
2026-03-11,20.4,20.4,20.4,20.15,20.3,3000
2026-03-12,20.1,20.1,20.3,20.1,20.3,12000
2026-03-13,20.2,20.2,20.2,20.1,20.1,26000
2026-03-16,20.45,20.45,20.85,20.2,20.3,11000
2026-03-17,20.45,20.45,20.45,20.2,20.45,13000
2026-03-18,20.4,20.4,20.5,20.4,20.5,37000
2026-03-19,20.2,20.2,20.5,20.2,20.5,14000
2026-03-20,20.85,20.85,21.0,20.45,20.5,81000
2026-03-23,20.95,20.95,20.95,20.8,20.85,21000
2026-03-24,20.8,20.8,20.95,20.75,20.95,7000
2026-03-25,20.85,20.85,21.0,20.85,20.9,11000
2026-03-27,20.85,20.85,20.85,20.3,20.3,3000
2026-03-30,20.7,20.7,20.7,20.5,20.5,3000
2026-03-31,20.4,20.4,20.9,20.4,20.6,15000
2026-04-01,20.6,20.6,20.75,20.5,20.55,11000
2026-04-02,20.7,20.7,20.7,20.55,20.7,9000
2026-04-07,20.85,20.85,21.0,20.65,20.7,30000
2026-04-08,20.8,20.8,21.0,20.65,21.0,31000
2026-04-09,20.6,20.6,20.8,20.5,20.8,40000
2026-04-10,20.8,20.8,21.05,20.5,20.5,33000
2026-04-13,20.8,20.8,20.8,20.6,20.8,5000
2026-04-14,20.75,20.75,20.8,20.55,20.8,20000
2026-04-15,20.95,20.95,20.95,20.65,20.65,29000
2026-04-16,20.8,20.8,20.9,20.65,20.9,15000
2026-04-17,20.8,20.8,20.8,20.5,20.7,38000
2026-04-20,20.5,20.5,20.8,20.5,20.8,37000
2026-04-21,20.6,20.6,20.9,20.5,20.9,26000
2026-04-22,20.65,20.65,20.7,20.5,20.65,21000
2026-04-23,20.0,20.0,20.55,20.0,20.55,43000
2026-04-24,20.0,20.0,20.1,20.0,20.1,14000
2026-04-27,19.65,19.65,20.05,19.55,20.05,26000
2026-04-28,19.65,19.65,19.65,19.65,19.65,5000
2026-04-29,20.1,20.1,20.35,20.0,20.3,12000
2026-04-30,20.15,20.15,20.25,20.0,20.0,12000
2026-05-04,20.0,20.0,20.05,19.95,20.05,9000
2026-05-05,20.0,20.0,20.35,20.0,20.25,35000
2026-05-06,19.85,19.85,20.15,19.85,20.1,46000
2026-05-07,19.7,19.7,19.85,19.65,19.85,41000
2026-05-08,19.6,19.6,19.75,19.55,19.75,14000
2026-05-11,19.6,19.6,20.05,19.6,20.05,5000
2026-05-12,19.1,19.1,19.45,19.0,19.35,39000
2026-05-13,19.1,19.1,19.1,19.0,19.0,7000
2026-05-14,19.2,19.2,19.35,19.0,19.2,25000
2026-05-15,19.15,19.15,19.2,19.0,19.2,13000
2026-05-18,19.1,19.1,19.15,19.1,19.15,5000
2026-05-19,19.1,19.1,19.15,19.1,19.15,7000
2026-05-20,18.95,18.95,19.0,18.95,19.0,6000
2026-05-21,19.45,19.45,19.5,18.95,18.95,28000
2026-05-22,19.95,19.95,19.95,19.45,19.45,30000
2026-05-25,19.6,19.6,19.7,19.2,19.2,23000
2026-05-26,19.2,19.2,19.5,19.2,19.5,13000
2026-05-27,19.1,19.1,19.2,19.05,19.2,17000
2026-05-28,19.05,19.05,19.1,19.05,19.1,18000
2026-05-29,19.05,19.05,19.3,19.05,19.1,10000
2026-06-01,18.95,18.95,19.3,18.95,19.05,12000
2026-06-02,19.1,19.1,19.35,18.95,19.0,27000
2026-06-03,19.2,19.2,19.3,19.0,19.05,31000
2026-06-04,19.35,19.35,19.35,19.2,19.3,24000
2026-06-05,19.35,19.35,19.6,19.35,19.35,21000
2026-06-08,19.1,19.1,19.35,19.05,19.35,21000
2026-06-09,19.1,19.1,19.1,19.1,19.1,2000
2026-06-10,19.0,19.0,19.15,19.0,19.1,6000
2026-06-11,19.0,19.0,19.0,18.85,18.85,2000
2026-06-12,19.1,19.1,19.1,19.05,19.05,7000
2026-06-15,19.1,19.1,19.1,19.0,19.05,10000
2026-06-16,19.1,19.1,19.1,19.0,19.0,5000
2026-06-17,19.1,19.1,19.15,19.1,19.15,2000
2026-06-18,19.1,19.1,19.1,19.0,19.05,32000
2026-06-22,19.1,19.1,19.1,18.85,19.0,28000
2026-06-23,18.9,18.9,19.1,18.9,19.1,6000
2026-06-24,18.8,18.8,18.8,18.6,18.6,7000
2026-06-25,18.85,18.85,19.1,18.8,18.85,11000
2026-06-26,19.15,19.15,19.2,19.05,19.1,19000
2026-06-29,19.4,19.4,19.55,19.1,19.45,17000
2026-06-30,19.35,19.35,19.4,19.1,19.4,13000
2026-07-01,19.05,19.05,19.05,19.0,19.0,8000
2026-07-02,19.1,19.1,19.7,19.1,19.7,22000
2026-07-03,19.2,19.2,19.25,19.05,19.05,13000
2026-07-06,19.2,19.2,19.2,19.1,19.2,4000
2026-07-07,19.15,19.15,19.2,19.0,19.2,29000
2026-07-08,19.05,19.05,19.1,19.0,19.1,8000
2026-07-09,19.1,19.1,19.4,19.1,19.4,7000
2026-07-13,18.95,18.95,19.1,18.95,19.1,9000
2026-07-14,18.9,18.9,19.0,18.85,19.0,7000
2026-07-15,19.2,19.2,19.2,19.0,19.0,9000
2026-07-16,19.25,19.25,19.25,18.85,19.2,15000
2026-07-17,18.9,18.9,19.3,18.9,19.3,10000
2026-07-20,19.0,19.0,19.0,18.7,18.85,18000
2026-07-21,19.0,19.0,19.0,19.0,19.0,2000
2026-07-22,18.9,18.9,18.95,18.9,18.95,3000
2026-07-23,18.95,18.95,19.0,18.5,18.9,16000
2026-07-24,18.75,18.75,18.8,18.6,18.6,4000
2026-07-27,19.1,19.1,19.4,19.1,19.4,3000
2026-07-28,19.0,19.0,19.0,19.0,19.0,5000
2026-07-29,18.15,18.15,19.0,18.0,19.0,21000
2026-07-31,18.5,18.5,18.5,17.95,18.5,6000
2026-08-03,18.45,18.45,18.45,18.45,18.45,2000
2026-08-04,18.35,18.35,18.5,18.35,18.5,4000
2026-08-05,18.3,18.3,18.5,18.3,18.35,6000
2026-08-06,18.1,18.1,18.45,18.1,18.3,5000
2026-08-07,18.35,18.35,18.35,18.1,18.15,12000
2026-08-10,18.1,18.1,18.1,17.95,18.0,7000
2026-08-11,17.95,17.95,18.1,17.9,18.1,4000
2026-08-12,18.1,18.1,18.1,17.9,17.9,7000
2026-08-14,18.1,18.1,18.1,18.0,18.1,6000
2026-08-17,19.1,19.1,19.8,17.65,18.0,53000
2026-08-18,18.3,18.3,18.5,18.25,18.3,24000
2026-08-20,17.9,17.9,18.1,17.8,18.1,24000
2026-08-21,18.3,18.3,18.3,17.8,17.8,3000
2026-08-24,18.0,18.0,18.0,18.0,18.0,2015
2026-08-25,17.9,17.9,18.3,17.9,18.0,9127
2026-08-26,18.35,18.35,18.35,18.35,18.35,5018
2026-08-27,18.2,18.2,18.35,18.15,18.35,5120
2026-08-28,18.0,18.0,18.0,17.95,18.0,9119
2026-08-31,18.0,18.0,18.0,17.8,17.8,4005
2026-09-01,18.3,18.3,18.3,18.25,18.25,16130
2026-09-02,18.15,18.15,18.45,18.15,18.15,9004
2026-09-03,18.05,18.05,18.15,18.05,18.15,11023
2026-09-04,18.05,18.05,18.3,18.05,18.3,4044
2026-09-07,18.15,18.15,18.2,18.15,18.2,2679
2026-09-08,18.25,18.25,18.25,18.1,18.1,11631
2026-09-09,18.3,18.3,18.3,18.3,18.3,1206
2026-09-10,18.2,18.2,18.2,18.2,18.2,1027
2026-09-11,18.1,18.1,18.1,18.1,18.1,2003
2026-09-14,18.05,18.05,18.1,17.9,17.95,5080
2026-09-15,18.05,18.05,18.05,18.05,18.05,6302
2026-09-16,18.05,18.05,18.05,18.05,18.05,2007
2026-09-17,18.1,18.1,18.15,18.1,18.15,5008
2026-09-18,18.1,18.1,18.1,18.1,18.1,1006
2026-09-21,18.0,18.0,18.05,18.0,18.05,3110
2026-09-22,18.3,18.3,18.35,18.1,18.1,6004
2026-09-23,18.3,18.3,18.35,18.1,18.1,6004
2026-09-24,18.1,18.1,18.3,18.1,18.25,4058
2026-09-25,18.1,18.1,18.3,18.1,18.25,4058
2026-09-28,18.1,18.1,18.3,18.1,18.25,4058
2026-09-29,18.0,18.0,18.0,18.0,18.0,7014
2026-09-30,18.0,18.0,18.05,18.0,18.05,6006
2026-10-01,18.0,18.0,18.0,18.0,18.0,2020
2026-10-02,18.05,18.05,18.05,17.95,18.05,27005
2026-10-05,18.0,18.0,18.05,18.0,18.05,9007
2026-10-06,17.9,17.9,17.9,17.9,17.9,6007
2026-10-07,17.9,17.9,17.9,17.9,17.9,6007
2026-10-08,17.9,17.9,17.9,17.9,17.9,6007
