Date,Adj Close,Close,High,Low,Open,Volume
2016-08-12,168.5,168.5,168.5,166.5,168.0,20288
2016-08-15,168.5,168.5,168.5,166.5,168.0,20288
2016-08-16,168.5,168.5,168.5,166.5,168.0,20288
2016-08-17,168.5,168.5,168.5,166.5,168.0,20288
2016-08-18,168.5,168.5,168.5,166.5,168.0,20288
2016-08-19,168.5,168.5,168.5,166.5,168.0,20288
2016-08-22,168.5,168.5,168.5,166.5,168.0,20288
2016-08-23,168.5,168.5,168.5,166.5,168.0,20288
2016-08-24,168.5,168.5,168.5,166.5,168.0,20288
2016-08-25,168.5,168.5,168.5,166.5,168.0,20288
2016-08-26,168.5,168.5,168.5,166.5,168.0,20288
2016-08-29,168.5,168.5,168.5,166.5,168.0,20288
2016-08-30,168.5,168.5,168.5,166.5,168.0,20288
2016-08-31,168.5,168.5,168.5,166.5,168.0,20288
2016-09-01,168.5,168.5,168.5,166.5,168.0,20288
2016-09-02,168.5,168.5,168.5,166.5,168.0,20288
2016-09-05,168.5,168.5,168.5,166.5,168.0,20288
2016-09-06,168.5,168.5,168.5,166.5,168.0,20288
2016-09-07,168.5,168.5,168.5,166.5,168.0,20288
2016-09-08,168.5,168.5,168.5,166.5,168.0,20288
2016-09-09,168.5,168.5,168.5,166.5,168.0,20288
2016-09-12,168.5,168.5,168.5,166.5,168.0,20288
2016-09-13,168.5,168.5,168.5,166.5,168.0,20288
2016-09-14,168.5,168.5,168.5,166.5,168.0,20288
2016-09-15,168.5,168.5,168.5,166.5,168.0,20288
2016-09-16,168.5,168.5,168.5,166.5,168.0,20288
2016-09-19,168.5,168.5,168.5,166.5,168.0,20288
2016-09-20,168.5,168.5,168.5,166.5,168.0,20288
2016-09-21,168.5,168.5,168.5,166.5,168.0,20288
2016-09-22,168.5,168.5,168.5,166.5,168.0,20288
2016-09-23,168.5,168.5,168.5,166.5,168.0,20288
2016-09-26,168.5,168.5,168.5,166.5,168.0,20288
2016-09-27,168.5,168.5,168.5,166.5,168.0,20288
2016-09-28,168.5,168.5,168.5,166.5,168.0,20288
2016-09-29,168.5,168.5,168.5,166.5,168.0,20288
2016-09-30,168.5,168.5,168.5,166.5,168.0,20288
2016-10-03,168.5,168.5,168.5,166.5,168.0,20288
2016-10-04,168.5,168.5,168.5,166.5,168.0,20288
2016-10-05,168.5,168.5,168.5,166.5,168.0,20288
2016-10-06,168.5,168.5,168.5,166.5,168.0,20288
2016-10-07,168.5,168.5,168.5,166.5,168.0,20288
2016-10-10,168.5,168.5,168.5,166.5,168.0,20288
2016-10-11,168.5,168.5,168.5,166.5,168.0,20288
2016-10-12,168.5,168.5,168.5,166.5,168.0,20288
2016-10-13,168.5,168.5,168.5,166.5,168.0,20288
2016-10-14,168.5,168.5,168.5,166.5,168.0,20288
2016-10-17,168.5,168.5,168.5,166.5,168.0,20288
2016-10-18,168.5,168.5,168.5,166.5,168.0,20288
2016-10-19,168.5,168.5,168.5,166.5,168.0,20288
2016-10-20,168.5,168.5,168.5,166.5,168.0,20288
2016-10-21,168.5,168.5,168.5,166.5,168.0,20288
2016-10-24,168.5,168.5,168.5,166.5,168.0,20288
2016-10-25,168.5,168.5,168.5,166.5,168.0,20288
2016-10-26,168.5,168.5,168.5,166.5,168.0,20288
2016-10-27,168.5,168.5,168.5,166.5,168.0,20288
2016-10-28,168.5,168.5,168.5,166.5,168.0,20288
2016-10-31,168.5,168.5,168.5,166.5,168.0,20288
2016-11-01,168.5,168.5,168.5,166.5,168.0,20288
2016-11-02,168.5,168.5,168.5,166.5,168.0,20288
2016-11-03,168.5,168.5,168.5,166.5,168.0,20288
2016-11-04,168.5,168.5,168.5,166.5,168.0,20288
2016-11-07,168.5,168.5,168.5,166.5,168.0,20288
2016-11-08,168.5,168.5,168.5,166.5,168.0,20288
2016-11-09,168.5,168.5,168.5,166.5,168.0,20288
2016-11-10,168.5,168.5,168.5,166.5,168.0,20288
2016-11-11,168.5,168.5,168.5,166.5,168.0,20288
2016-11-14,168.5,168.5,168.5,166.5,168.0,20288
2016-11-15,168.5,168.5,168.5,166.5,168.0,20288
2016-11-16,168.5,168.5,168.5,166.5,168.0,20288
2016-11-17,168.5,168.5,168.5,166.5,168.0,20288
2016-11-18,168.5,168.5,168.5,166.5,168.0,20288
2016-11-21,168.5,168.5,168.5,166.5,168.0,20288
2016-11-22,168.5,168.5,168.5,166.5,168.0,20288
2016-11-23,168.5,168.5,168.5,166.5,168.0,20288
2016-11-24,168.5,168.5,168.5,166.5,168.0,20288
2016-11-25,168.5,168.5,168.5,166.5,168.0,20288
2016-11-28,168.5,168.5,168.5,166.5,168.0,20288
2016-11-29,168.5,168.5,168.5,166.5,168.0,20288
2016-11-30,168.5,168.5,168.5,166.5,168.0,20288
2016-12-01,168.5,168.5,168.5,166.5,168.0,20288
2016-12-02,168.5,168.5,168.5,166.5,168.0,20288
2016-12-05,168.5,168.5,168.5,166.5,168.0,20288
2016-12-06,168.5,168.5,168.5,166.5,168.0,20288
2016-12-07,168.5,168.5,168.5,166.5,168.0,20288
2016-12-08,168.5,168.5,168.5,166.5,168.0,20288
2016-12-09,168.5,168.5,168.5,166.5,168.0,20288
2016-12-12,168.5,168.5,168.5,166.5,168.0,20288
2016-12-13,168.5,168.5,168.5,166.5,168.0,20288
2016-12-14,168.5,168.5,168.5,166.5,168.0,20288
2016-12-15,168.5,168.5,168.5,166.5,168.0,20288
2016-12-16,168.5,168.5,168.5,166.5,168.0,20288
2016-12-19,168.5,168.5,168.5,166.5,168.0,20288
2016-12-20,168.5,168.5,168.5,166.5,168.0,20288
2016-12-21,168.5,168.5,168.5,166.5,168.0,20288
2016-12-22,168.5,168.5,168.5,166.5,168.0,20288
2016-12-23,168.5,168.5,168.5,166.5,168.0,20288
2016-12-26,168.5,168.5,168.5,166.5,168.0,20288
2016-12-27,168.5,168.5,168.5,166.5,168.0,20288
2016-12-28,168.5,168.5,168.5,166.5,168.0,20288
2016-12-29,168.5,168.5,168.5,166.5,168.0,20288
2016-12-30,168.5,168.5,168.5,166.5,168.0,20288
2017-01-02,168.5,168.5,168.5,166.5,168.0,20288
2017-01-03,168.5,168.5,168.5,166.5,168.0,20288
2017-01-04,168.5,168.5,168.5,166.5,168.0,20288
2017-01-05,168.5,168.5,168.5,166.5,168.0,20288
2017-01-06,168.5,168.5,168.5,166.5,168.0,20288
2017-01-09,168.5,168.5,168.5,166.5,168.0,20288
2017-01-10,168.5,168.5,168.5,166.5,168.0,20288
2017-01-11,168.5,168.5,168.5,166.5,168.0,20288
2017-01-12,168.5,168.5,168.5,166.5,168.0,20288
2017-01-13,168.5,168.5,168.5,166.5,168.0,20288
2017-01-16,168.5,168.5,168.5,166.5,168.0,20288
2017-01-17,168.5,168.5,168.5,166.5,168.0,20288
2017-01-18,168.5,168.5,168.5,166.5,168.0,20288
2017-01-19,168.5,168.5,168.5,166.5,168.0,20288
2017-01-20,168.5,168.5,168.5,166.5,168.0,20288
2017-01-23,168.5,168.5,168.5,166.5,168.0,20288
2017-01-24,168.5,168.5,168.5,166.5,168.0,20288
2017-01-25,168.5,168.5,168.5,166.5,168.0,20288
2017-01-26,168.5,168.5,168.5,166.5,168.0,20288
2017-01-27,168.5,168.5,168.5,166.5,168.0,20288
2017-01-30,168.5,168.5,168.5,166.5,168.0,20288
2017-01-31,168.5,168.5,168.5,166.5,168.0,20288
2017-02-01,168.5,168.5,168.5,166.5,168.0,20288
2017-02-02,168.5,168.5,168.5,166.5,168.0,20288
2017-02-03,168.5,168.5,168.5,166.5,168.0,20288
2017-02-06,168.5,168.5,168.5,166.5,168.0,20288
2017-02-07,168.5,168.5,168.5,166.5,168.0,20288
2017-02-08,168.5,168.5,168.5,166.5,168.0,20288
2017-02-09,168.5,168.5,168.5,166.5,168.0,20288
2017-02-10,168.5,168.5,168.5,166.5,168.0,20288
2017-02-13,168.5,168.5,168.5,166.5,168.0,20288
2017-02-14,168.5,168.5,168.5,166.5,168.0,20288
2017-02-15,168.5,168.5,168.5,166.5,168.0,20288
2017-02-16,168.5,168.5,168.5,166.5,168.0,20288
2017-02-17,168.5,168.5,168.5,166.5,168.0,20288
2017-02-20,168.5,168.5,168.5,166.5,168.0,20288
2017-02-21,168.5,168.5,168.5,166.5,168.0,20288
2017-02-22,168.5,168.5,168.5,166.5,168.0,20288
2017-02-23,168.5,168.5,168.5,166.5,168.0,20288
2017-02-24,168.5,168.5,168.5,166.5,168.0,20288
2017-02-27,168.5,168.5,168.5,166.5,168.0,20288
2017-02-28,168.5,168.5,168.5,166.5,168.0,20288
2017-03-01,168.5,168.5,168.5,166.5,168.0,20288
2017-03-02,168.5,168.5,168.5,166.5,168.0,20288
2017-03-03,168.5,168.5,168.5,166.5,168.0,20288
2017-03-06,168.5,168.5,168.5,166.5,168.0,20288
2017-03-07,168.5,168.5,168.5,166.5,168.0,20288
2017-03-08,168.5,168.5,168.5,166.5,168.0,20288
2017-03-09,168.5,168.5,168.5,166.5,168.0,20288
2017-03-10,168.5,168.5,168.5,166.5,168.0,20288
2017-03-13,168.5,168.5,168.5,166.5,168.0,20288
2017-03-14,168.5,168.5,168.5,166.5,168.0,20288
2017-03-15,168.5,168.5,168.5,166.5,168.0,20288
2017-03-16,168.5,168.5,168.5,166.5,168.0,20288
2017-03-17,168.5,168.5,168.5,166.5,168.0,20288
2017-03-20,168.5,168.5,168.5,166.5,168.0,20288
2017-03-21,168.5,168.5,168.5,166.5,168.0,20288
2017-03-22,168.5,168.5,168.5,166.5,168.0,20288
2017-03-23,168.5,168.5,168.5,166.5,168.0,20288
2017-03-24,168.5,168.5,168.5,166.5,168.0,20288
2017-03-27,168.5,168.5,168.5,166.5,168.0,20288
2017-03-28,168.5,168.5,168.5,166.5,168.0,20288
2017-03-29,168.5,168.5,168.5,166.5,168.0,20288
2017-03-30,168.5,168.5,168.5,166.5,168.0,20288
2017-03-31,168.5,168.5,168.5,166.5,168.0,20288
2017-04-03,168.5,168.5,168.5,166.5,168.0,20288
2017-04-04,168.5,168.5,168.5,166.5,168.0,20288
2017-04-05,168.5,168.5,168.5,166.5,168.0,20288
2017-04-06,168.5,168.5,168.5,166.5,168.0,20288
2017-04-07,168.5,168.5,168.5,166.5,168.0,20288
2017-04-10,168.5,168.5,168.5,166.5,168.0,20288
2017-04-11,168.5,168.5,168.5,166.5,168.0,20288
2017-04-12,168.5,168.5,168.5,166.5,168.0,20288
2017-04-13,168.5,168.5,168.5,166.5,168.0,20288
2017-04-14,168.5,168.5,168.5,166.5,168.0,20288
2017-04-17,168.5,168.5,168.5,166.5,168.0,20288
2017-04-18,168.5,168.5,168.5,166.5,168.0,20288
2017-04-19,168.5,168.5,168.5,166.5,168.0,20288
2017-04-21,168.5,168.5,168.5,166.5,168.0,20288
2017-04-24,168.5,168.5,168.5,166.5,168.0,20288
2017-04-25,168.5,168.5,168.5,166.5,168.0,20288
2017-04-26,168.5,168.5,168.5,166.5,168.0,20288
2017-04-27,168.5,168.5,168.5,166.5,168.0,20288
2017-04-28,168.5,168.5,168.5,166.5,168.0,20288
2017-05-01,168.5,168.5,168.5,166.5,168.0,20288
2017-05-02,168.5,168.5,168.5,166.5,168.0,20288
2017-05-03,168.5,168.5,168.5,166.5,168.0,20288
2017-05-04,168.5,168.5,168.5,166.5,168.0,20288
2017-05-05,168.5,168.5,168.5,166.5,168.0,20288
2017-05-08,168.5,168.5,168.5,166.5,168.0,20288
2017-05-09,168.5,168.5,168.5,166.5,168.0,20288
2017-05-10,168.5,168.5,168.5,166.5,168.0,20288
2017-05-11,168.5,168.5,168.5,166.5,168.0,20288
2017-05-12,168.5,168.5,168.5,166.5,168.0,20288
2017-05-15,168.5,168.5,168.5,166.5,168.0,20288
2017-05-16,168.5,168.5,168.5,166.5,168.0,20288
2017-05-17,168.5,168.5,168.5,166.5,168.0,20288
2017-05-18,168.5,168.5,168.5,166.5,168.0,20288
2017-05-19,168.5,168.5,168.5,166.5,168.0,20288
2017-05-22,168.5,168.5,168.5,166.5,168.0,20288
2017-05-23,168.5,168.5,168.5,166.5,168.0,20288
2017-05-24,168.5,168.5,168.5,166.5,168.0,20288
2017-05-25,168.5,168.5,168.5,166.5,168.0,20288
2017-05-26,168.5,168.5,168.5,166.5,168.0,20288
2017-05-29,168.5,168.5,168.5,166.5,168.0,20288
2017-05-30,168.5,168.5,168.5,166.5,168.0,20288
2017-05-31,168.5,168.5,168.5,166.5,168.0,20288
2017-06-01,168.5,168.5,168.5,166.5,168.0,20288
2017-06-02,168.5,168.5,168.5,166.5,168.0,20288
2017-06-05,168.5,168.5,168.5,166.5,168.0,20288
2017-06-06,168.5,168.5,168.5,166.5,168.0,20288
2017-06-07,168.5,168.5,168.5,166.5,168.0,20288
2017-06-08,168.5,168.5,168.5,166.5,168.0,20288
2017-06-09,168.5,168.5,168.5,166.5,168.0,20288
2017-06-12,168.5,168.5,168.5,166.5,168.0,20288
2017-06-13,168.5,168.5,168.5,166.5,168.0,20288
2017-06-14,168.5,168.5,168.5,166.5,168.0,20288
2017-06-15,168.5,168.5,168.5,166.5,168.0,20288
2017-06-16,168.5,168.5,168.5,166.5,168.0,20288
2017-06-19,168.5,168.5,168.5,166.5,168.0,20288
2017-06-20,168.5,168.5,168.5,166.5,168.0,20288
2017-06-21,168.5,168.5,168.5,166.5,168.0,20288
2017-06-22,168.5,168.5,168.5,166.5,168.0,20288
2017-06-23,168.5,168.5,168.5,166.5,168.0,20288
2017-06-26,168.5,168.5,168.5,166.5,168.0,20288
2017-06-27,168.5,168.5,168.5,166.5,168.0,20288
2017-06-28,168.5,168.5,168.5,166.5,168.0,20288
2017-06-29,168.5,168.5,168.5,166.5,168.0,20288
2017-06-30,168.5,168.5,168.5,166.5,168.0,20288
2017-07-03,168.5,168.5,168.5,166.5,168.0,20288
2017-07-04,168.5,168.5,168.5,166.5,168.0,20288
2017-07-05,168.5,168.5,168.5,166.5,168.0,20288
2017-07-06,168.5,168.5,168.5,166.5,168.0,20288
2017-07-07,168.5,168.5,168.5,166.5,168.0,20288
2017-07-10,168.5,168.5,168.5,166.5,168.0,20288
2017-07-11,168.5,168.5,168.5,166.5,168.0,20288
2017-07-12,168.5,168.5,168.5,166.5,168.0,20288
2017-07-13,168.5,168.5,168.5,166.5,168.0,20288
2017-07-14,168.5,168.5,168.5,166.5,168.0,20288
2017-07-17,168.5,168.5,168.5,166.5,168.0,20288
2017-07-18,168.5,168.5,168.5,166.5,168.0,20288
2017-07-19,168.5,168.5,168.5,166.5,168.0,20288
2017-07-20,168.5,168.5,168.5,166.5,168.0,20288
2017-07-21,168.5,168.5,168.5,166.5,168.0,20288
2017-07-24,168.5,168.5,168.5,166.5,168.0,20288
2017-07-25,168.5,168.5,168.5,166.5,168.0,20288
2017-07-26,168.5,168.5,168.5,166.5,168.0,20288
2017-07-27,168.5,168.5,168.5,166.5,168.0,20288
2017-07-28,168.5,168.5,168.5,166.5,168.0,20288
2017-07-31,168.5,168.5,168.5,166.5,168.0,20288
2017-08-01,168.5,168.5,168.5,166.5,168.0,20288
2017-08-02,168.5,168.5,168.5,166.5,168.0,20288
2017-08-03,168.5,168.5,168.5,166.5,168.0,20288
2017-08-04,168.5,168.5,168.5,166.5,168.0,20288
2017-08-07,168.5,168.5,168.5,166.5,168.0,20288
2017-08-08,168.5,168.5,168.5,166.5,168.0,20288
2017-08-09,168.5,168.5,168.5,166.5,168.0,20288
2017-08-10,168.5,168.5,168.5,166.5,168.0,20288
2017-08-11,168.5,168.5,168.5,166.5,168.0,20288
2017-08-14,168.5,168.5,168.5,166.5,168.0,20288
2017-08-15,168.5,168.5,168.5,166.5,168.0,20288
2017-08-16,168.5,168.5,168.5,166.5,168.0,20288
2017-08-17,168.5,168.5,168.5,166.5,168.0,20288
2017-08-18,168.5,168.5,168.5,166.5,168.0,20288
2017-08-21,168.5,168.5,168.5,166.5,168.0,20288
2017-08-22,168.5,168.5,168.5,166.5,168.0,20288
2017-08-23,168.5,168.5,168.5,166.5,168.0,20288
2017-08-24,168.5,168.5,168.5,166.5,168.0,20288
2017-08-25,168.5,168.5,168.5,166.5,168.0,20288
2017-08-28,168.5,168.5,168.5,166.5,168.0,20288
2017-08-29,168.5,168.5,168.5,166.5,168.0,20288
2017-08-30,168.5,168.5,168.5,166.5,168.0,20288
2017-08-31,168.5,168.5,168.5,166.5,168.0,20288
2017-09-01,168.5,168.5,168.5,166.5,168.0,20288
2017-09-04,168.5,168.5,168.5,166.5,168.0,20288
2017-09-05,168.5,168.5,168.5,166.5,168.0,20288
2017-09-06,168.5,168.5,168.5,166.5,168.0,20288
2017-09-07,168.5,168.5,168.5,166.5,168.0,20288
2017-09-08,168.5,168.5,168.5,166.5,168.0,20288
2017-09-11,168.5,168.5,168.5,166.5,168.0,20288
2017-09-12,168.5,168.5,168.5,166.5,168.0,20288
2017-09-13,168.5,168.5,168.5,166.5,168.0,20288
2017-09-14,168.5,168.5,168.5,166.5,168.0,20288
2017-09-15,168.5,168.5,168.5,166.5,168.0,20288
2017-09-18,168.5,168.5,168.5,166.5,168.0,20288
2017-09-19,168.5,168.5,168.5,166.5,168.0,20288
2017-09-20,168.5,168.5,168.5,166.5,168.0,20288
2017-09-21,168.5,168.5,168.5,166.5,168.0,20288
2017-09-22,168.5,168.5,168.5,166.5,168.0,20288
2017-09-25,168.5,168.5,168.5,166.5,168.0,20288
2017-09-26,168.5,168.5,168.5,166.5,168.0,20288
2017-09-27,168.5,168.5,168.5,166.5,168.0,20288
2017-09-28,168.5,168.5,168.5,166.5,168.0,20288
2017-09-29,168.5,168.5,168.5,166.5,168.0,20288
2017-10-02,168.5,168.5,168.5,166.5,168.0,20288
2017-10-03,168.5,168.5,168.5,166.5,168.0,20288
2017-10-04,168.5,168.5,168.5,166.5,168.0,20288
2017-10-05,168.5,168.5,168.5,166.5,168.0,20288
2017-10-06,168.5,168.5,168.5,166.5,168.0,20288
2017-10-09,168.5,168.5,168.5,166.5,168.0,20288
2017-10-10,168.5,168.5,168.5,166.5,168.0,20288
2017-10-11,168.5,168.5,168.5,166.5,168.0,20288
2017-10-12,168.5,168.5,168.5,166.5,168.0,20288
2017-10-13,168.5,168.5,168.5,166.5,168.0,20288
2017-10-16,168.5,168.5,168.5,166.5,168.0,20288
2017-10-17,168.5,168.5,168.5,166.5,168.0,20288
2017-10-18,168.5,168.5,168.5,166.5,168.0,20288
2017-10-19,168.5,168.5,168.5,166.5,168.0,20288
2017-10-20,168.5,168.5,168.5,166.5,168.0,20288
2017-10-23,168.5,168.5,168.5,166.5,168.0,20288
2017-10-24,168.5,168.5,168.5,166.5,168.0,20288
2017-10-25,168.5,168.5,168.5,166.5,168.0,20288
2017-10-26,168.5,168.5,168.5,166.5,168.0,20288
2017-10-27,168.5,168.5,168.5,166.5,168.0,20288
2017-10-30,168.5,168.5,168.5,166.5,168.0,20288
2017-10-31,168.5,168.5,168.5,166.5,168.0,20288
2017-11-01,168.5,168.5,168.5,166.5,168.0,20288
2017-11-02,168.5,168.5,168.5,166.5,168.0,20288
2017-11-03,168.5,168.5,168.5,166.5,168.0,20288
2017-11-06,168.5,168.5,168.5,166.5,168.0,20288
2017-11-07,168.5,168.5,168.5,166.5,168.0,20288
2017-11-08,168.5,168.5,168.5,166.5,168.0,20288
2017-11-09,168.5,168.5,168.5,166.5,168.0,20288
2017-11-10,168.5,168.5,168.5,166.5,168.0,20288
2017-11-13,168.5,168.5,168.5,166.5,168.0,20288
2017-11-14,168.5,168.5,168.5,166.5,168.0,20288
2017-11-15,168.5,168.5,168.5,166.5,168.0,20288
2017-11-16,168.5,168.5,168.5,166.5,168.0,20288
2017-11-17,168.5,168.5,168.5,166.5,168.0,20288
2017-11-20,168.5,168.5,168.5,166.5,168.0,20288
2017-11-21,168.5,168.5,168.5,166.5,168.0,20288
2017-11-22,168.5,168.5,168.5,166.5,168.0,20288
2017-11-23,168.5,168.5,168.5,166.5,168.0,20288
2017-11-24,168.5,168.5,168.5,166.5,168.0,20288
2017-11-27,168.5,168.5,168.5,166.5,168.0,20288
2017-11-28,168.5,168.5,168.5,166.5,168.0,20288
2017-11-29,168.5,168.5,168.5,166.5,168.0,20288
2017-11-30,168.5,168.5,168.5,166.5,168.0,20288
2017-12-01,168.5,168.5,168.5,166.5,168.0,20288
2017-12-04,168.5,168.5,168.5,166.5,168.0,20288
2017-12-05,168.5,168.5,168.5,166.5,168.0,20288
2017-12-06,168.5,168.5,168.5,166.5,168.0,20288
2017-12-07,168.5,168.5,168.5,166.5,168.0,20288
2017-12-08,168.5,168.5,168.5,166.5,168.0,20288
2017-12-11,168.5,168.5,168.5,166.5,168.0,20288
2017-12-12,168.5,168.5,168.5,166.5,168.0,20288
2017-12-13,168.5,168.5,168.5,166.5,168.0,20288
2017-12-14,168.5,168.5,168.5,166.5,168.0,20288
2017-12-15,168.5,168.5,168.5,166.5,168.0,20288
2017-12-18,168.5,168.5,168.5,166.5,168.0,20288
2017-12-19,168.5,168.5,168.5,166.5,168.0,20288
2017-12-20,168.5,168.5,168.5,166.5,168.0,20288
2017-12-21,168.5,168.5,168.5,166.5,168.0,20288
2017-12-22,168.5,168.5,168.5,166.5,168.0,20288
2017-12-25,168.5,168.5,168.5,166.5,168.0,20288
2017-12-26,168.5,168.5,168.5,166.5,168.0,20288
2017-12-27,168.5,168.5,168.5,166.5,168.0,20288
2017-12-28,168.5,168.5,168.5,166.5,168.0,20288
2017-12-29,168.5,168.5,168.5,166.5,168.0,20288
2018-01-01,168.5,168.5,168.5,166.5,168.0,20288
2018-01-02,168.5,168.5,168.5,166.5,168.0,20288
2018-01-03,168.5,168.5,168.5,166.5,168.0,20288
2018-01-04,168.5,168.5,168.5,166.5,168.0,20288
2018-01-05,168.5,168.5,168.5,166.5,168.0,20288
2018-01-08,168.5,168.5,168.5,166.5,168.0,20288
2018-01-09,168.5,168.5,168.5,166.5,168.0,20288
2018-01-10,168.5,168.5,168.5,166.5,168.0,20288
2018-01-11,168.5,168.5,168.5,166.5,168.0,20288
2018-01-12,168.5,168.5,168.5,166.5,168.0,20288
2018-01-15,168.5,168.5,168.5,166.5,168.0,20288
2018-01-16,168.5,168.5,168.5,166.5,168.0,20288
2018-01-17,168.5,168.5,168.5,166.5,168.0,20288
2018-01-18,168.5,168.5,168.5,166.5,168.0,20288
2018-01-19,168.5,168.5,168.5,166.5,168.0,20288
2018-01-22,168.5,168.5,168.5,166.5,168.0,20288
2018-01-23,168.5,168.5,168.5,166.5,168.0,20288
2018-01-24,168.5,168.5,168.5,166.5,168.0,20288
2018-01-25,168.5,168.5,168.5,166.5,168.0,20288
2018-01-26,168.5,168.5,168.5,166.5,168.0,20288
2018-01-29,168.5,168.5,168.5,166.5,168.0,20288
2018-01-30,168.5,168.5,168.5,166.5,168.0,20288
2018-01-31,168.5,168.5,168.5,166.5,168.0,20288
2018-02-01,168.5,168.5,168.5,166.5,168.0,20288
2018-02-02,168.5,168.5,168.5,166.5,168.0,20288
2018-02-05,168.5,168.5,168.5,166.5,168.0,20288
2018-02-06,168.5,168.5,168.5,166.5,168.0,20288
2018-02-07,168.5,168.5,168.5,166.5,168.0,20288
2018-02-08,168.5,168.5,168.5,166.5,168.0,20288
2018-02-09,168.5,168.5,168.5,166.5,168.0,20288
2018-02-12,168.5,168.5,168.5,166.5,168.0,20288
2018-02-13,168.5,168.5,168.5,166.5,168.0,20288
2018-02-14,168.5,168.5,168.5,166.5,168.0,20288
2018-02-15,168.5,168.5,168.5,166.5,168.0,20288
2018-02-16,168.5,168.5,168.5,166.5,168.0,20288
2018-02-19,168.5,168.5,168.5,166.5,168.0,20288
2018-02-20,168.5,168.5,168.5,166.5,168.0,20288
2018-02-21,168.5,168.5,168.5,166.5,168.0,20288
2018-02-22,168.5,168.5,168.5,166.5,168.0,20288
2018-02-23,168.5,168.5,168.5,166.5,168.0,20288
2018-02-26,168.5,168.5,168.5,166.5,168.0,20288
2018-02-27,168.5,168.5,168.5,166.5,168.0,20288
2018-02-28,168.5,168.5,168.5,166.5,168.0,20288
2018-03-01,168.5,168.5,168.5,166.5,168.0,20288
2018-03-02,168.5,168.5,168.5,166.5,168.0,20288
2018-03-05,168.5,168.5,168.5,166.5,168.0,20288
2018-03-06,168.5,168.5,168.5,166.5,168.0,20288
2018-03-07,168.5,168.5,168.5,166.5,168.0,20288
2018-03-08,168.5,168.5,168.5,166.5,168.0,20288
2018-03-09,168.5,168.5,168.5,166.5,168.0,20288
2018-03-12,168.5,168.5,168.5,166.5,168.0,20288
2018-03-13,168.5,168.5,168.5,166.5,168.0,20288
2018-03-14,168.5,168.5,168.5,166.5,168.0,20288
2018-03-15,168.5,168.5,168.5,166.5,168.0,20288
2018-03-16,168.5,168.5,168.5,166.5,168.0,20288
2018-03-19,168.5,168.5,168.5,166.5,168.0,20288
2018-03-20,168.5,168.5,168.5,166.5,168.0,20288
2018-03-21,168.5,168.5,168.5,166.5,168.0,20288
2018-03-22,168.5,168.5,168.5,166.5,168.0,20288
2018-03-23,168.5,168.5,168.5,166.5,168.0,20288
2018-03-26,168.5,168.5,168.5,166.5,168.0,20288
2018-03-27,168.5,168.5,168.5,166.5,168.0,20288
2018-03-28,168.5,168.5,168.5,166.5,168.0,20288
2018-03-29,168.5,168.5,168.5,166.5,168.0,20288
2018-03-30,168.5,168.5,168.5,166.5,168.0,20288
2018-04-02,168.5,168.5,168.5,166.5,168.0,20288
2018-04-03,168.5,168.5,168.5,166.5,168.0,20288
2018-04-04,168.5,168.5,168.5,166.5,168.0,20288
2018-04-05,168.5,168.5,168.5,166.5,168.0,20288
2018-04-06,168.5,168.5,168.5,166.5,168.0,20288
2018-04-09,168.5,168.5,168.5,166.5,168.0,20288
2018-04-10,168.5,168.5,168.5,166.5,168.0,20288
2018-04-11,168.5,168.5,168.5,166.5,168.0,20288
2018-04-12,168.5,168.5,168.5,166.5,168.0,20288
2018-04-13,168.5,168.5,168.5,166.5,168.0,20288
2018-04-16,168.5,168.5,168.5,166.5,168.0,20288
2018-04-17,168.5,168.5,168.5,166.5,168.0,20288
2018-04-18,168.5,168.5,168.5,166.5,168.0,20288
2018-04-19,168.5,168.5,168.5,166.5,168.0,20288
2018-04-20,168.5,168.5,168.5,166.5,168.0,20288
2018-04-23,168.5,168.5,168.5,166.5,168.0,20288
2018-04-24,168.5,168.5,168.5,166.5,168.0,20288
2018-04-25,168.5,168.5,168.5,166.5,168.0,20288
2018-04-26,168.5,168.5,168.5,166.5,168.0,20288
2018-04-27,168.5,168.5,168.5,166.5,168.0,20288
2018-04-30,168.5,168.5,168.5,166.5,168.0,20288
2018-05-01,168.5,168.5,168.5,166.5,168.0,20288
2018-05-02,168.5,168.5,168.5,166.5,168.0,20288
2018-05-03,168.5,168.5,168.5,166.5,168.0,20288
2018-05-04,168.5,168.5,168.5,166.5,168.0,20288
2018-05-07,168.5,168.5,168.5,166.5,168.0,20288
2018-05-08,168.5,168.5,168.5,166.5,168.0,20288
2018-05-09,168.5,168.5,168.5,166.5,168.0,20288
2018-05-10,168.5,168.5,168.5,166.5,168.0,20288
2018-05-11,168.5,168.5,168.5,166.5,168.0,20288
2018-05-14,168.5,168.5,168.5,166.5,168.0,20288
2018-05-15,168.5,168.5,168.5,166.5,168.0,20288
2018-05-16,168.5,168.5,168.5,166.5,168.0,20288
2018-05-17,168.5,168.5,168.5,166.5,168.0,20288
2018-05-18,168.5,168.5,168.5,166.5,168.0,20288
2018-05-21,168.5,168.5,168.5,166.5,168.0,20288
2018-05-22,168.5,168.5,168.5,166.5,168.0,20288
2018-05-23,168.5,168.5,168.5,166.5,168.0,20288
2018-05-24,168.5,168.5,168.5,166.5,168.0,20288
2018-05-25,168.5,168.5,168.5,166.5,168.0,20288
2018-05-28,168.5,168.5,168.5,166.5,168.0,20288
2018-05-29,168.5,168.5,168.5,166.5,168.0,20288
2018-05-30,168.5,168.5,168.5,166.5,168.0,20288
2018-05-31,168.5,168.5,168.5,166.5,168.0,20288
2018-06-01,168.5,168.5,168.5,166.5,168.0,20288
2018-06-04,168.5,168.5,168.5,166.5,168.0,20288
2018-06-05,168.5,168.5,168.5,166.5,168.0,20288
2018-06-06,168.5,168.5,168.5,166.5,168.0,20288
2018-06-07,168.5,168.5,168.5,166.5,168.0,20288
2018-06-08,168.5,168.5,168.5,166.5,168.0,20288
2018-06-11,168.5,168.5,168.5,166.5,168.0,20288
2018-06-12,168.5,168.5,168.5,166.5,168.0,20288
2018-06-13,168.5,168.5,168.5,166.5,168.0,20288
2018-06-14,168.5,168.5,168.5,166.5,168.0,20288
2018-06-15,168.5,168.5,168.5,166.5,168.0,20288
2018-06-18,168.5,168.5,168.5,166.5,168.0,20288
2018-06-19,168.5,168.5,168.5,166.5,168.0,20288
2018-06-20,168.5,168.5,168.5,166.5,168.0,20288
2018-06-21,168.5,168.5,168.5,166.5,168.0,20288
2018-06-22,168.5,168.5,168.5,166.5,168.0,20288
2018-06-25,168.5,168.5,168.5,166.5,168.0,20288
2018-06-26,168.5,168.5,168.5,166.5,168.0,20288
2018-06-27,168.5,168.5,168.5,166.5,168.0,20288
2018-06-28,168.5,168.5,168.5,166.5,168.0,20288
2018-06-29,168.5,168.5,168.5,166.5,168.0,20288
2018-07-02,168.5,168.5,168.5,166.5,168.0,20288
2018-07-03,168.5,168.5,168.5,166.5,168.0,20288
2018-07-04,168.5,168.5,168.5,166.5,168.0,20288
2018-07-05,168.5,168.5,168.5,166.5,168.0,20288
2018-07-06,168.5,168.5,168.5,166.5,168.0,20288
2018-07-09,168.5,168.5,168.5,166.5,168.0,20288
2018-07-10,168.5,168.5,168.5,166.5,168.0,20288
2018-07-11,168.5,168.5,168.5,166.5,168.0,20288
2018-07-12,168.5,168.5,168.5,166.5,168.0,20288
2018-07-13,168.5,168.5,168.5,166.5,168.0,20288
2018-07-16,168.5,168.5,168.5,166.5,168.0,20288
2018-07-17,168.5,168.5,168.5,166.5,168.0,20288
2018-07-18,168.5,168.5,168.5,166.5,168.0,20288
2018-07-19,168.5,168.5,168.5,166.5,168.0,20288
2018-07-20,168.5,168.5,168.5,166.5,168.0,20288
2018-07-23,168.5,168.5,168.5,166.5,168.0,20288
2018-07-24,168.5,168.5,168.5,166.5,168.0,20288
2018-07-25,168.5,168.5,168.5,166.5,168.0,20288
2018-07-26,168.5,168.5,168.5,166.5,168.0,20288
2018-07-27,168.5,168.5,168.5,166.5,168.0,20288
2018-07-30,168.5,168.5,168.5,166.5,168.0,20288
2018-07-31,168.5,168.5,168.5,166.5,168.0,20288
2018-08-01,168.5,168.5,168.5,166.5,168.0,20288
2018-08-02,168.5,168.5,168.5,166.5,168.0,20288
2018-08-03,168.5,168.5,168.5,166.5,168.0,20288
2018-08-06,168.5,168.5,168.5,166.5,168.0,20288
2018-08-07,168.5,168.5,168.5,166.5,168.0,20288
2018-08-08,168.5,168.5,168.5,166.5,168.0,20288
2018-08-09,168.5,168.5,168.5,166.5,168.0,20288
2018-08-10,168.5,168.5,168.5,166.5,168.0,20288
2018-08-13,168.5,168.5,168.5,166.5,168.0,20288
2018-08-14,168.5,168.5,168.5,166.5,168.0,20288
2018-08-15,168.5,168.5,168.5,166.5,168.0,20288
2018-08-16,168.5,168.5,168.5,166.5,168.0,20288
2018-08-17,168.5,168.5,168.5,166.5,168.0,20288
2018-08-20,168.5,168.5,168.5,166.5,168.0,20288
2018-08-21,168.5,168.5,168.5,166.5,168.0,20288
2018-08-22,168.5,168.5,168.5,166.5,168.0,20288
2018-08-23,168.5,168.5,168.5,166.5,168.0,20288
2018-08-24,168.5,168.5,168.5,166.5,168.0,20288
2018-08-27,168.5,168.5,168.5,166.5,168.0,20288
2018-08-28,168.5,168.5,168.5,166.5,168.0,20288
2018-08-29,168.5,168.5,168.5,166.5,168.0,20288
2018-08-30,168.5,168.5,168.5,166.5,168.0,20288
2018-08-31,168.5,168.5,168.5,166.5,168.0,20288
2018-09-03,168.5,168.5,168.5,166.5,168.0,20288
2018-09-04,168.5,168.5,168.5,166.5,168.0,20288
2018-09-05,168.5,168.5,168.5,166.5,168.0,20288
2018-09-06,168.5,168.5,168.5,166.5,168.0,20288
2018-09-07,168.5,168.5,168.5,166.5,168.0,20288
2018-09-10,168.5,168.5,168.5,166.5,168.0,20288
2018-09-11,168.5,168.5,168.5,166.5,168.0,20288
2018-09-12,168.5,168.5,168.5,166.5,168.0,20288
2018-09-13,168.5,168.5,168.5,166.5,168.0,20288
2018-09-14,168.5,168.5,168.5,166.5,168.0,20288
2018-09-17,168.5,168.5,168.5,166.5,168.0,20288
2018-09-18,168.5,168.5,168.5,166.5,168.0,20288
2018-09-19,168.5,168.5,168.5,166.5,168.0,20288
2018-09-20,168.5,168.5,168.5,166.5,168.0,20288
2018-09-21,168.5,168.5,168.5,166.5,168.0,20288
2018-09-24,168.5,168.5,168.5,166.5,168.0,20288
2018-09-25,168.5,168.5,168.5,166.5,168.0,20288
2018-09-26,168.5,168.5,168.5,166.5,168.0,20288
2018-09-27,168.5,168.5,168.5,166.5,168.0,20288
2018-09-28,168.5,168.5,168.5,166.5,168.0,20288
2018-10-01,168.5,168.5,168.5,166.5,168.0,20288
2018-10-02,168.5,168.5,168.5,166.5,168.0,20288
2018-10-03,168.5,168.5,168.5,166.5,168.0,20288
2018-10-04,168.5,168.5,168.5,166.5,168.0,20288
2018-10-05,168.5,168.5,168.5,166.5,168.0,20288
2018-10-08,168.5,168.5,168.5,166.5,168.0,20288
2018-10-09,168.5,168.5,168.5,166.5,168.0,20288
2018-10-10,168.5,168.5,168.5,166.5,168.0,20288
2018-10-11,168.5,168.5,168.5,166.5,168.0,20288
2018-10-12,168.5,168.5,168.5,166.5,168.0,20288
2018-10-15,168.5,168.5,168.5,166.5,168.0,20288
2018-10-16,168.5,168.5,168.5,166.5,168.0,20288
2018-10-17,168.5,168.5,168.5,166.5,168.0,20288
2018-10-18,168.5,168.5,168.5,166.5,168.0,20288
2018-10-19,168.5,168.5,168.5,166.5,168.0,20288
2018-10-22,168.5,168.5,168.5,166.5,168.0,20288
2018-10-23,168.5,168.5,168.5,166.5,168.0,20288
2018-10-24,168.5,168.5,168.5,166.5,168.0,20288
2018-10-25,168.5,168.5,168.5,166.5,168.0,20288
2018-10-26,168.5,168.5,168.5,166.5,168.0,20288
2018-10-29,168.5,168.5,168.5,166.5,168.0,20288
2018-10-30,168.5,168.5,168.5,166.5,168.0,20288
2018-10-31,168.5,168.5,168.5,166.5,168.0,20288
2018-11-01,168.5,168.5,168.5,166.5,168.0,20288
2018-11-02,168.5,168.5,168.5,166.5,168.0,20288
2018-11-05,168.5,168.5,168.5,166.5,168.0,20288
2018-11-06,168.5,168.5,168.5,166.5,168.0,20288
2018-11-07,168.5,168.5,168.5,166.5,168.0,20288
2018-11-08,168.5,168.5,168.5,166.5,168.0,20288
2018-11-09,168.5,168.5,168.5,166.5,168.0,20288
2018-11-12,168.5,168.5,168.5,166.5,168.0,20288
2018-11-13,168.5,168.5,168.5,166.5,168.0,20288
2018-11-14,168.5,168.5,168.5,166.5,168.0,20288
2018-11-15,168.5,168.5,168.5,166.5,168.0,20288
2018-11-16,168.5,168.5,168.5,166.5,168.0,20288
2018-11-19,168.5,168.5,168.5,166.5,168.0,20288
2018-11-20,168.5,168.5,168.5,166.5,168.0,20288
2018-11-21,168.5,168.5,168.5,166.5,168.0,20288
2018-11-22,168.5,168.5,168.5,166.5,168.0,20288
2018-11-23,168.5,168.5,168.5,166.5,168.0,20288
2018-11-26,168.5,168.5,168.5,166.5,168.0,20288
2018-11-27,168.5,168.5,168.5,166.5,168.0,20288
2018-11-28,168.5,168.5,168.5,166.5,168.0,20288
2018-11-29,168.5,168.5,168.5,166.5,168.0,20288
2018-11-30,168.5,168.5,168.5,166.5,168.0,20288
2018-12-03,168.5,168.5,168.5,166.5,168.0,20288
2018-12-04,168.5,168.5,168.5,166.5,168.0,20288
2018-12-05,168.5,168.5,168.5,166.5,168.0,20288
2018-12-06,168.5,168.5,168.5,166.5,168.0,20288
2018-12-07,168.5,168.5,168.5,166.5,168.0,20288
2018-12-10,168.5,168.5,168.5,166.5,168.0,20288
2018-12-11,168.5,168.5,168.5,166.5,168.0,20288
2018-12-12,168.5,168.5,168.5,166.5,168.0,20288
2018-12-13,168.5,168.5,168.5,166.5,168.0,20288
2018-12-14,168.5,168.5,168.5,166.5,168.0,20288
2018-12-17,168.5,168.5,168.5,166.5,168.0,20288
2018-12-18,168.5,168.5,168.5,166.5,168.0,20288
2018-12-19,168.5,168.5,168.5,166.5,168.0,20288
2018-12-20,168.5,168.5,168.5,166.5,168.0,20288
2018-12-21,168.5,168.5,168.5,166.5,168.0,20288
2018-12-24,168.5,168.5,168.5,166.5,168.0,20288
2018-12-25,168.5,168.5,168.5,166.5,168.0,20288
2018-12-26,168.5,168.5,168.5,166.5,168.0,20288
2018-12-27,168.5,168.5,168.5,166.5,168.0,20288
2018-12-28,168.5,168.5,168.5,166.5,168.0,20288
2018-12-31,168.5,168.5,168.5,166.5,168.0,20288
2019-01-01,168.5,168.5,168.5,166.5,168.0,20288
2019-01-02,168.5,168.5,168.5,166.5,168.0,20288
2019-01-03,168.5,168.5,168.5,166.5,168.0,20288
2019-01-04,168.5,168.5,168.5,166.5,168.0,20288
2019-01-07,168.5,168.5,168.5,166.5,168.0,20288
2019-01-08,168.5,168.5,168.5,166.5,168.0,20288
2019-01-09,168.5,168.5,168.5,166.5,168.0,20288
2019-01-10,168.5,168.5,168.5,166.5,168.0,20288
2019-01-11,168.5,168.5,168.5,166.5,168.0,20288
2019-01-14,168.5,168.5,168.5,166.5,168.0,20288
2019-01-15,168.5,168.5,168.5,166.5,168.0,20288
2019-01-16,168.5,168.5,168.5,166.5,168.0,20288
2019-01-17,168.5,168.5,168.5,166.5,168.0,20288
2019-01-18,168.5,168.5,168.5,166.5,168.0,20288
2019-01-21,168.5,168.5,168.5,166.5,168.0,20288
2019-01-22,168.5,168.5,168.5,166.5,168.0,20288
2019-01-23,168.5,168.5,168.5,166.5,168.0,20288
2019-01-24,168.5,168.5,168.5,166.5,168.0,20288
2019-01-25,168.5,168.5,168.5,166.5,168.0,20288
2019-01-28,168.5,168.5,168.5,166.5,168.0,20288
2019-01-29,168.5,168.5,168.5,166.5,168.0,20288
2019-01-30,168.5,168.5,168.5,166.5,168.0,20288
2019-01-31,168.5,168.5,168.5,166.5,168.0,20288
2019-02-01,168.5,168.5,168.5,166.5,168.0,20288
2019-02-04,168.5,168.5,168.5,166.5,168.0,20288
2019-02-05,168.5,168.5,168.5,166.5,168.0,20288
2019-02-06,168.5,168.5,168.5,166.5,168.0,20288
2019-02-07,168.5,168.5,168.5,166.5,168.0,20288
2019-02-08,168.5,168.5,168.5,166.5,168.0,20288
2019-02-11,168.5,168.5,168.5,166.5,168.0,20288
2019-02-12,168.5,168.5,168.5,166.5,168.0,20288
2019-02-13,168.5,168.5,168.5,166.5,168.0,20288
2019-02-14,168.5,168.5,168.5,166.5,168.0,20288
2019-02-15,168.5,168.5,168.5,166.5,168.0,20288
2019-02-18,168.5,168.5,168.5,166.5,168.0,20288
2019-02-19,168.5,168.5,168.5,166.5,168.0,20288
2019-02-20,168.5,168.5,168.5,166.5,168.0,20288
2019-02-21,168.5,168.5,168.5,166.5,168.0,20288
2019-02-22,168.5,168.5,168.5,166.5,168.0,20288
2019-02-25,168.5,168.5,168.5,166.5,168.0,20288
2019-02-26,168.5,168.5,168.5,166.5,168.0,20288
2019-02-27,168.5,168.5,168.5,166.5,168.0,20288
2019-02-28,168.5,168.5,168.5,166.5,168.0,20288
2019-03-01,168.5,168.5,168.5,166.5,168.0,20288
2019-03-04,168.5,168.5,168.5,166.5,168.0,20288
2019-03-05,168.5,168.5,168.5,166.5,168.0,20288
2019-03-06,168.5,168.5,168.5,166.5,168.0,20288
2019-03-07,168.5,168.5,168.5,166.5,168.0,20288
2019-03-08,168.5,168.5,168.5,166.5,168.0,20288
2019-03-11,168.5,168.5,168.5,166.5,168.0,20288
2019-03-12,168.5,168.5,168.5,166.5,168.0,20288
2019-03-13,168.5,168.5,168.5,166.5,168.0,20288
2019-03-14,168.5,168.5,168.5,166.5,168.0,20288
2019-03-15,168.5,168.5,168.5,166.5,168.0,20288
2019-03-18,168.5,168.5,168.5,166.5,168.0,20288
2019-03-19,168.5,168.5,168.5,166.5,168.0,20288
2019-03-20,168.5,168.5,168.5,166.5,168.0,20288
2019-03-21,168.5,168.5,168.5,166.5,168.0,20288
2019-03-22,168.5,168.5,168.5,166.5,168.0,20288
2019-03-25,168.5,168.5,168.5,166.5,168.0,20288
2019-03-26,168.5,168.5,168.5,166.5,168.0,20288
2019-03-27,168.5,168.5,168.5,166.5,168.0,20288
2019-03-28,168.5,168.5,168.5,166.5,168.0,20288
2019-03-29,168.5,168.5,168.5,166.5,168.0,20288
2019-04-01,168.5,168.5,168.5,166.5,168.0,20288
2019-04-02,168.5,168.5,168.5,166.5,168.0,20288
2019-04-03,168.5,168.5,168.5,166.5,168.0,20288
2019-04-04,168.5,168.5,168.5,166.5,168.0,20288
2019-04-05,168.5,168.5,168.5,166.5,168.0,20288
2019-04-08,168.5,168.5,168.5,166.5,168.0,20288
2019-04-09,168.5,168.5,168.5,166.5,168.0,20288
2019-04-10,168.5,168.5,168.5,166.5,168.0,20288
2019-04-11,168.5,168.5,168.5,166.5,168.0,20288
2019-04-12,168.5,168.5,168.5,166.5,168.0,20288
2019-04-15,168.5,168.5,168.5,166.5,168.0,20288
2019-04-16,168.5,168.5,168.5,166.5,168.0,20288
2019-04-17,168.5,168.5,168.5,166.5,168.0,20288
2019-04-18,168.5,168.5,168.5,166.5,168.0,20288
2019-04-19,168.5,168.5,168.5,166.5,168.0,20288
2019-04-22,168.5,168.5,168.5,166.5,168.0,20288
2019-04-23,168.5,168.5,168.5,166.5,168.0,20288
2019-04-24,168.5,168.5,168.5,166.5,168.0,20288
2019-04-25,168.5,168.5,168.5,166.5,168.0,20288
2019-04-26,168.5,168.5,168.5,166.5,168.0,20288
2019-04-29,168.5,168.5,168.5,166.5,168.0,20288
2019-04-30,168.5,168.5,168.5,166.5,168.0,20288
2019-05-01,168.5,168.5,168.5,166.5,168.0,20288
2019-05-02,168.5,168.5,168.5,166.5,168.0,20288
2019-05-03,168.5,168.5,168.5,166.5,168.0,20288
2019-05-06,168.5,168.5,168.5,166.5,168.0,20288
2019-05-07,168.5,168.5,168.5,166.5,168.0,20288
2019-05-08,168.5,168.5,168.5,166.5,168.0,20288
2019-05-09,168.5,168.5,168.5,166.5,168.0,20288
2019-05-10,168.5,168.5,168.5,166.5,168.0,20288
2019-05-13,168.5,168.5,168.5,166.5,168.0,20288
2019-05-14,168.5,168.5,168.5,166.5,168.0,20288
2019-05-15,168.5,168.5,168.5,166.5,168.0,20288
2019-05-16,168.5,168.5,168.5,166.5,168.0,20288
2019-05-17,168.5,168.5,168.5,166.5,168.0,20288
2019-05-20,168.5,168.5,168.5,166.5,168.0,20288
2019-05-21,168.5,168.5,168.5,166.5,168.0,20288
2019-05-22,168.5,168.5,168.5,166.5,168.0,20288
2019-05-23,168.5,168.5,168.5,166.5,168.0,20288
2019-05-24,168.5,168.5,168.5,166.5,168.0,20288
2019-05-27,168.5,168.5,168.5,166.5,168.0,20288
2019-05-28,168.5,168.5,168.5,166.5,168.0,20288
2019-05-29,168.5,168.5,168.5,166.5,168.0,20288
2019-05-30,168.5,168.5,168.5,166.5,168.0,20288
2019-05-31,168.5,168.5,168.5,166.5,168.0,20288
2019-06-03,168.5,168.5,168.5,166.5,168.0,20288
2019-06-04,168.5,168.5,168.5,166.5,168.0,20288
2019-06-05,168.5,168.5,168.5,166.5,168.0,20288
2019-06-06,168.5,168.5,168.5,166.5,168.0,20288
2019-06-07,168.5,168.5,168.5,166.5,168.0,20288
2019-06-10,168.5,168.5,168.5,166.5,168.0,20288
2019-06-11,168.5,168.5,168.5,166.5,168.0,20288
2019-06-12,168.5,168.5,168.5,166.5,168.0,20288
2019-06-13,168.5,168.5,168.5,166.5,168.0,20288
2019-06-14,168.5,168.5,168.5,166.5,168.0,20288
2019-06-17,168.5,168.5,168.5,166.5,168.0,20288
2019-06-18,168.5,168.5,168.5,166.5,168.0,20288
2019-06-19,168.5,168.5,168.5,166.5,168.0,20288
2019-06-20,168.5,168.5,168.5,166.5,168.0,20288
2019-06-21,168.5,168.5,168.5,166.5,168.0,20288
2019-06-24,168.5,168.5,168.5,166.5,168.0,20288
2019-06-25,168.5,168.5,168.5,166.5,168.0,20288
2019-06-26,168.5,168.5,168.5,166.5,168.0,20288
2019-06-27,168.5,168.5,168.5,166.5,168.0,20288
2019-06-28,168.5,168.5,168.5,166.5,168.0,20288
2019-07-01,168.5,168.5,168.5,166.5,168.0,20288
2019-07-02,168.5,168.5,168.5,166.5,168.0,20288
2019-07-03,168.5,168.5,168.5,166.5,168.0,20288
2019-07-04,168.5,168.5,168.5,166.5,168.0,20288
2019-07-05,168.5,168.5,168.5,166.5,168.0,20288
2019-07-08,168.5,168.5,168.5,166.5,168.0,20288
2019-07-09,168.5,168.5,168.5,166.5,168.0,20288
2019-07-10,168.5,168.5,168.5,166.5,168.0,20288
2019-07-11,168.5,168.5,168.5,166.5,168.0,20288
2019-07-12,168.5,168.5,168.5,166.5,168.0,20288
2019-07-15,168.5,168.5,168.5,166.5,168.0,20288
2019-07-16,168.5,168.5,168.5,166.5,168.0,20288
2019-07-17,168.5,168.5,168.5,166.5,168.0,20288
2019-07-18,168.5,168.5,168.5,166.5,168.0,20288
2019-07-19,168.5,168.5,168.5,166.5,168.0,20288
2019-07-22,168.5,168.5,168.5,166.5,168.0,20288
2019-07-23,168.5,168.5,168.5,166.5,168.0,20288
2019-07-24,168.5,168.5,168.5,166.5,168.0,20288
2019-07-25,168.5,168.5,168.5,166.5,168.0,20288
2019-07-26,168.5,168.5,168.5,166.5,168.0,20288
2019-07-29,168.5,168.5,168.5,166.5,168.0,20288
2019-07-30,168.5,168.5,168.5,166.5,168.0,20288
2019-07-31,168.5,168.5,168.5,166.5,168.0,20288
2019-08-01,168.5,168.5,168.5,166.5,168.0,20288
2019-08-02,168.5,168.5,168.5,166.5,168.0,20288
2019-08-05,168.5,168.5,168.5,166.5,168.0,20288
2019-08-06,168.5,168.5,168.5,166.5,168.0,20288
2019-08-07,168.5,168.5,168.5,166.5,168.0,20288
2019-08-08,168.5,168.5,168.5,166.5,168.0,20288
2019-08-09,168.5,168.5,168.5,166.5,168.0,20288
2019-08-12,168.5,168.5,168.5,166.5,168.0,20288
2019-08-13,168.5,168.5,168.5,166.5,168.0,20288
2019-08-14,168.5,168.5,168.5,166.5,168.0,20288
2019-08-15,168.5,168.5,168.5,166.5,168.0,20288
2019-08-16,168.5,168.5,168.5,166.5,168.0,20288
2019-08-19,168.5,168.5,168.5,166.5,168.0,20288
2019-08-20,168.5,168.5,168.5,166.5,168.0,20288
2019-08-21,168.5,168.5,168.5,166.5,168.0,20288
2019-08-22,168.5,168.5,168.5,166.5,168.0,20288
2019-08-23,168.5,168.5,168.5,166.5,168.0,20288
2019-08-26,168.5,168.5,168.5,166.5,168.0,20288
2019-08-27,168.5,168.5,168.5,166.5,168.0,20288
2019-08-28,168.5,168.5,168.5,166.5,168.0,20288
2019-08-29,168.5,168.5,168.5,166.5,168.0,20288
2019-08-30,168.5,168.5,168.5,166.5,168.0,20288
2019-09-02,168.5,168.5,168.5,166.5,168.0,20288
2019-09-03,168.5,168.5,168.5,166.5,168.0,20288
2019-09-04,168.5,168.5,168.5,166.5,168.0,20288
2019-09-05,168.5,168.5,168.5,166.5,168.0,20288
2019-09-06,168.5,168.5,168.5,166.5,168.0,20288
2019-09-09,168.5,168.5,168.5,166.5,168.0,20288
2019-09-10,168.5,168.5,168.5,166.5,168.0,20288
2019-09-11,168.5,168.5,168.5,166.5,168.0,20288
2019-09-12,168.5,168.5,168.5,166.5,168.0,20288
2019-09-13,168.5,168.5,168.5,166.5,168.0,20288
2019-09-16,168.5,168.5,168.5,166.5,168.0,20288
2019-09-17,168.5,168.5,168.5,166.5,168.0,20288
2019-09-18,168.5,168.5,168.5,166.5,168.0,20288
2019-09-19,168.5,168.5,168.5,166.5,168.0,20288
2019-09-20,168.5,168.5,168.5,166.5,168.0,20288
2019-09-23,168.5,168.5,168.5,166.5,168.0,20288
2019-09-24,168.5,168.5,168.5,166.5,168.0,20288
2019-09-25,168.5,168.5,168.5,166.5,168.0,20288
2019-09-26,168.5,168.5,168.5,166.5,168.0,20288
2019-09-27,168.5,168.5,168.5,166.5,168.0,20288
2019-09-30,168.5,168.5,168.5,166.5,168.0,20288
2019-10-01,168.5,168.5,168.5,166.5,168.0,20288
2019-10-02,168.5,168.5,168.5,166.5,168.0,20288
2019-10-03,168.5,168.5,168.5,166.5,168.0,20288
2019-10-04,168.5,168.5,168.5,166.5,168.0,20288
2019-10-07,168.5,168.5,168.5,166.5,168.0,20288
2019-10-08,168.5,168.5,168.5,166.5,168.0,20288
2019-10-09,168.5,168.5,168.5,166.5,168.0,20288
2019-10-10,168.5,168.5,168.5,166.5,168.0,20288
2019-10-11,168.5,168.5,168.5,166.5,168.0,20288
2019-10-14,168.5,168.5,168.5,166.5,168.0,20288
2019-10-15,168.5,168.5,168.5,166.5,168.0,20288
2019-10-16,168.5,168.5,168.5,166.5,168.0,20288
2019-10-17,168.5,168.5,168.5,166.5,168.0,20288
2019-10-18,168.5,168.5,168.5,166.5,168.0,20288
2019-10-21,168.5,168.5,168.5,166.5,168.0,20288
2019-10-22,168.5,168.5,168.5,166.5,168.0,20288
2019-10-23,168.5,168.5,168.5,166.5,168.0,20288
2019-10-24,168.5,168.5,168.5,166.5,168.0,20288
2019-10-25,168.5,168.5,168.5,166.5,168.0,20288
2019-10-28,168.5,168.5,168.5,166.5,168.0,20288
2019-10-29,168.5,168.5,168.5,166.5,168.0,20288
2019-10-30,168.5,168.5,168.5,166.5,168.0,20288
2019-10-31,168.5,168.5,168.5,166.5,168.0,20288
2019-11-01,168.5,168.5,168.5,166.5,168.0,20288
2019-11-04,168.5,168.5,168.5,166.5,168.0,20288
2019-11-05,168.5,168.5,168.5,166.5,168.0,20288
2019-11-06,168.5,168.5,168.5,166.5,168.0,20288
2019-11-07,168.5,168.5,168.5,166.5,168.0,20288
2019-11-08,168.5,168.5,168.5,166.5,168.0,20288
2019-11-11,168.5,168.5,168.5,166.5,168.0,20288
2019-11-12,168.5,168.5,168.5,166.5,168.0,20288
2019-11-13,168.5,168.5,168.5,166.5,168.0,20288
2019-11-14,168.5,168.5,168.5,166.5,168.0,20288
2019-11-20,168.5,168.5,168.5,166.5,168.0,20288
2019-11-21,168.5,168.5,168.5,166.5,168.0,20288
2019-11-22,168.5,168.5,168.5,166.5,168.0,20288
2019-11-25,168.5,168.5,168.5,166.5,168.0,20288
2019-11-26,168.5,168.5,168.5,166.5,168.0,20288
2019-11-27,168.5,168.5,168.5,166.5,168.0,20288
2019-11-28,168.5,168.5,168.5,166.5,168.0,20288
2019-11-29,168.5,168.5,168.5,166.5,168.0,20288
2019-12-02,168.5,168.5,168.5,166.5,168.0,20288
2019-12-03,168.5,168.5,168.5,166.5,168.0,20288
2019-12-04,168.5,168.5,168.5,166.5,168.0,20288
2019-12-05,168.5,168.5,168.5,166.5,168.0,20288
2019-12-06,168.5,168.5,168.5,166.5,168.0,20288
2019-12-09,168.5,168.5,168.5,166.5,168.0,20288
2019-12-10,168.5,168.5,168.5,166.5,168.0,20288
2019-12-11,168.5,168.5,168.5,166.5,168.0,20288
2019-12-12,168.5,168.5,168.5,166.5,168.0,20288
2019-12-13,168.5,168.5,168.5,166.5,168.0,20288
2019-12-16,168.5,168.5,168.5,166.5,168.0,20288
2019-12-17,168.5,168.5,168.5,166.5,168.0,20288
2019-12-18,168.5,168.5,168.5,166.5,168.0,20288
2019-12-19,168.5,168.5,168.5,166.5,168.0,20288
2019-12-20,168.5,168.5,168.5,166.5,168.0,20288
2019-12-23,168.5,168.5,168.5,166.5,168.0,20288
2019-12-24,168.5,168.5,168.5,166.5,168.0,20288
2019-12-25,168.5,168.5,168.5,166.5,168.0,20288
2019-12-26,168.5,168.5,168.5,166.5,168.0,20288
2019-12-27,168.5,168.5,168.5,166.5,168.0,20288
2019-12-30,168.5,168.5,168.5,166.5,168.0,20288
2019-12-31,168.5,168.5,168.5,166.5,168.0,20288
2020-01-01,168.5,168.5,168.5,166.5,168.0,20288
2020-01-02,168.5,168.5,168.5,166.5,168.0,20288
2020-01-03,168.5,168.5,168.5,166.5,168.0,20288
2020-01-06,168.5,168.5,168.5,166.5,168.0,20288
2020-01-07,168.5,168.5,168.5,166.5,168.0,20288
2020-01-08,168.5,168.5,168.5,166.5,168.0,20288
2020-01-09,168.5,168.5,168.5,166.5,168.0,20288
2020-01-10,168.5,168.5,168.5,166.5,168.0,20288
2020-01-13,168.5,168.5,168.5,166.5,168.0,20288
2020-01-14,168.5,168.5,168.5,166.5,168.0,20288
2020-01-15,168.5,168.5,168.5,166.5,168.0,20288
2020-01-16,168.5,168.5,168.5,166.5,168.0,20288
2020-01-17,168.5,168.5,168.5,166.5,168.0,20288
2020-01-20,168.5,168.5,168.5,166.5,168.0,20288
2020-01-21,168.5,168.5,168.5,166.5,168.0,20288
2020-01-22,168.5,168.5,168.5,166.5,168.0,20288
2020-01-23,168.5,168.5,168.5,166.5,168.0,20288
2020-01-24,168.5,168.5,168.5,166.5,168.0,20288
2020-01-27,168.5,168.5,168.5,166.5,168.0,20288
2020-01-28,168.5,168.5,168.5,166.5,168.0,20288
2020-01-29,168.5,168.5,168.5,166.5,168.0,20288
2020-01-30,168.5,168.5,168.5,166.5,168.0,20288
2020-01-31,168.5,168.5,168.5,166.5,168.0,20288
2020-02-03,168.5,168.5,168.5,166.5,168.0,20288
2020-02-04,168.5,168.5,168.5,166.5,168.0,20288
2020-02-05,168.5,168.5,168.5,166.5,168.0,20288
2020-02-06,168.5,168.5,168.5,166.5,168.0,20288
2020-02-07,168.5,168.5,168.5,166.5,168.0,20288
2020-02-10,168.5,168.5,168.5,166.5,168.0,20288
2020-02-11,168.5,168.5,168.5,166.5,168.0,20288
2020-02-12,168.5,168.5,168.5,166.5,168.0,20288
2020-02-13,168.5,168.5,168.5,166.5,168.0,20288
2020-02-14,168.5,168.5,168.5,166.5,168.0,20288
2020-02-17,168.5,168.5,168.5,166.5,168.0,20288
2020-02-18,168.5,168.5,168.5,166.5,168.0,20288
2020-02-19,168.5,168.5,168.5,166.5,168.0,20288
2020-02-20,168.5,168.5,168.5,166.5,168.0,20288
2020-02-21,168.5,168.5,168.5,166.5,168.0,20288
2020-02-24,168.5,168.5,168.5,166.5,168.0,20288
2020-02-25,168.5,168.5,168.5,166.5,168.0,20288
2020-02-26,168.5,168.5,168.5,166.5,168.0,20288
2020-02-27,168.5,168.5,168.5,166.5,168.0,20288
2020-02-28,168.5,168.5,168.5,166.5,168.0,20288
2020-03-02,168.5,168.5,168.5,166.5,168.0,20288
2020-03-03,168.5,168.5,168.5,166.5,168.0,20288
2020-03-04,168.5,168.5,168.5,166.5,168.0,20288
2020-03-05,168.5,168.5,168.5,166.5,168.0,20288
2020-03-06,168.5,168.5,168.5,166.5,168.0,20288
2020-03-09,168.5,168.5,168.5,166.5,168.0,20288
2020-03-10,168.5,168.5,168.5,166.5,168.0,20288
2020-03-11,168.5,168.5,168.5,166.5,168.0,20288
2020-03-12,168.5,168.5,168.5,166.5,168.0,20288
2020-03-13,168.5,168.5,168.5,166.5,168.0,20288
2020-03-16,168.5,168.5,168.5,166.5,168.0,20288
2020-03-17,168.5,168.5,168.5,166.5,168.0,20288
2020-03-18,168.5,168.5,168.5,166.5,168.0,20288
2020-03-19,168.5,168.5,168.5,166.5,168.0,20288
2020-03-20,168.5,168.5,168.5,166.5,168.0,20288
2020-03-23,168.5,168.5,168.5,166.5,168.0,20288
2020-03-24,168.5,168.5,168.5,166.5,168.0,20288
2020-03-25,168.5,168.5,168.5,166.5,168.0,20288
2020-03-26,168.5,168.5,168.5,166.5,168.0,20288
2020-03-27,168.5,168.5,168.5,166.5,168.0,20288
2020-03-30,168.5,168.5,168.5,166.5,168.0,20288
2020-03-31,168.5,168.5,168.5,166.5,168.0,20288
2020-04-01,168.5,168.5,168.5,166.5,168.0,20288
2020-04-02,168.5,168.5,168.5,166.5,168.0,20288
2020-04-03,168.5,168.5,168.5,166.5,168.0,20288
2020-04-07,168.5,168.5,168.5,166.5,168.0,20288
2020-04-08,168.5,168.5,168.5,166.5,168.0,20288
2020-04-09,168.5,168.5,168.5,166.5,168.0,20288
2020-04-10,168.5,168.5,168.5,166.5,168.0,20288
2020-04-13,168.5,168.5,168.5,166.5,168.0,20288
2020-04-14,168.5,168.5,168.5,166.5,168.0,20288
2020-04-15,168.5,168.5,168.5,166.5,168.0,20288
2020-04-16,168.5,168.5,168.5,166.5,168.0,20288
2020-04-17,168.5,168.5,168.5,166.5,168.0,20288
2020-04-20,168.5,168.5,168.5,166.5,168.0,20288
2020-04-21,168.5,168.5,168.5,166.5,168.0,20288
2020-04-22,168.5,168.5,168.5,166.5,168.0,20288
2020-04-23,168.5,168.5,168.5,166.5,168.0,20288
2020-04-24,168.5,168.5,168.5,166.5,168.0,20288
2020-04-27,168.5,168.5,168.5,166.5,168.0,20288
2020-04-28,168.5,168.5,168.5,166.5,168.0,20288
2020-04-29,168.5,168.5,168.5,166.5,168.0,20288
2020-05-01,168.5,168.5,168.5,166.5,168.0,20288
2020-05-04,168.5,168.5,168.5,166.5,168.0,20288
2020-05-05,168.5,168.5,168.5,166.5,168.0,20288
2020-05-06,168.5,168.5,168.5,166.5,168.0,20288
2020-05-07,168.5,168.5,168.5,166.5,168.0,20288
2020-05-08,168.5,168.5,168.5,166.5,168.0,20288
2020-05-11,168.5,168.5,168.5,166.5,168.0,20288
2020-05-12,168.5,168.5,168.5,166.5,168.0,20288
2020-05-13,168.5,168.5,168.5,166.5,168.0,20288
2020-05-14,168.5,168.5,168.5,166.5,168.0,20288
2020-05-15,168.5,168.5,168.5,166.5,168.0,20288
2020-05-18,168.5,168.5,168.5,166.5,168.0,20288
2020-05-19,168.5,168.5,168.5,166.5,168.0,20288
2020-05-20,168.5,168.5,168.5,166.5,168.0,20288
2020-05-21,168.5,168.5,168.5,166.5,168.0,20288
2020-05-22,168.5,168.5,168.5,166.5,168.0,20288
2020-05-25,168.5,168.5,168.5,166.5,168.0,20288
2020-05-26,168.5,168.5,168.5,166.5,168.0,20288
2020-05-27,168.5,168.5,168.5,166.5,168.0,20288
2020-05-28,168.5,168.5,168.5,166.5,168.0,20288
2020-05-29,168.5,168.5,168.5,166.5,168.0,20288
2020-06-01,168.5,168.5,168.5,166.5,168.0,20288
2020-06-02,168.5,168.5,168.5,166.5,168.0,20288
2020-06-03,168.5,168.5,168.5,166.5,168.0,20288
2020-06-04,168.5,168.5,168.5,166.5,168.0,20288
2020-06-05,168.5,168.5,168.5,166.5,168.0,20288
2020-06-08,168.5,168.5,168.5,166.5,168.0,20288
2020-06-09,168.5,168.5,168.5,166.5,168.0,20288
2020-06-10,168.5,168.5,168.5,166.5,168.0,20288
2020-06-11,168.5,168.5,168.5,166.5,168.0,20288
2020-06-12,168.5,168.5,168.5,166.5,168.0,20288
2020-06-15,168.5,168.5,168.5,166.5,168.0,20288
2020-06-16,168.5,168.5,168.5,166.5,168.0,20288
2020-06-17,168.5,168.5,168.5,166.5,168.0,20288
2020-06-18,168.5,168.5,168.5,166.5,168.0,20288
2020-06-19,168.5,168.5,168.5,166.5,168.0,20288
2020-06-22,168.5,168.5,168.5,166.5,168.0,20288
2020-06-23,168.5,168.5,168.5,166.5,168.0,20288
2020-06-24,168.5,168.5,168.5,166.5,168.0,20288
2020-06-25,168.5,168.5,168.5,166.5,168.0,20288
2020-06-26,168.5,168.5,168.5,166.5,168.0,20288
2020-06-29,168.5,168.5,168.5,166.5,168.0,20288
2020-06-30,168.5,168.5,168.5,166.5,168.0,20288
2020-07-01,168.5,168.5,168.5,166.5,168.0,20288
2020-07-02,168.5,168.5,168.5,166.5,168.0,20288
2020-07-03,168.5,168.5,168.5,166.5,168.0,20288
2020-07-06,168.5,168.5,168.5,166.5,168.0,20288
2020-07-07,168.5,168.5,168.5,166.5,168.0,20288
2020-07-08,168.5,168.5,168.5,166.5,168.0,20288
2020-07-09,168.5,168.5,168.5,166.5,168.0,20288
2020-07-10,168.5,168.5,168.5,166.5,168.0,20288
2020-07-13,168.5,168.5,168.5,166.5,168.0,20288
2020-07-14,168.5,168.5,168.5,166.5,168.0,20288
2020-07-15,168.5,168.5,168.5,166.5,168.0,20288
2020-07-16,168.5,168.5,168.5,166.5,168.0,20288
2020-07-17,168.5,168.5,168.5,166.5,168.0,20288
2020-07-20,168.5,168.5,168.5,166.5,168.0,20288
2020-07-21,168.5,168.5,168.5,166.5,168.0,20288
2020-07-22,168.5,168.5,168.5,166.5,168.0,20288
2020-07-23,168.5,168.5,168.5,166.5,168.0,20288
2020-07-24,168.5,168.5,168.5,166.5,168.0,20288
2020-07-27,168.5,168.5,168.5,166.5,168.0,20288
2020-07-28,168.5,168.5,168.5,166.5,168.0,20288
2020-07-29,168.5,168.5,168.5,166.5,168.0,20288
2020-07-30,168.5,168.5,168.5,166.5,168.0,20288
2020-07-31,168.5,168.5,168.5,166.5,168.0,20288
2020-08-03,168.5,168.5,168.5,166.5,168.0,20288
2020-08-04,168.5,168.5,168.5,166.5,168.0,20288
2020-08-05,168.5,168.5,168.5,166.5,168.0,20288
2020-08-06,168.5,168.5,168.5,166.5,168.0,20288
2020-08-07,168.5,168.5,168.5,166.5,168.0,20288
2020-08-10,168.5,168.5,168.5,166.5,168.0,20288
2020-08-11,168.5,168.5,168.5,166.5,168.0,20288
2020-08-12,168.5,168.5,168.5,166.5,168.0,20288
2020-08-13,168.5,168.5,168.5,166.5,168.0,20288
2020-08-14,168.5,168.5,168.5,166.5,168.0,20288
2020-08-17,168.5,168.5,168.5,166.5,168.0,20288
2020-08-18,168.5,168.5,168.5,166.5,168.0,20288
2020-08-19,168.5,168.5,168.5,166.5,168.0,20288
2020-08-20,168.5,168.5,168.5,166.5,168.0,20288
2020-08-21,168.5,168.5,168.5,166.5,168.0,20288
2020-08-24,168.5,168.5,168.5,166.5,168.0,20288
2020-08-25,168.5,168.5,168.5,166.5,168.0,20288
2020-08-26,168.5,168.5,168.5,166.5,168.0,20288
2020-08-27,168.5,168.5,168.5,166.5,168.0,20288
2020-08-28,168.5,168.5,168.5,166.5,168.0,20288
2020-08-31,168.5,168.5,168.5,166.5,168.0,20288
2020-09-01,168.5,168.5,168.5,166.5,168.0,20288
2020-09-02,168.5,168.5,168.5,166.5,168.0,20288
2020-09-03,168.5,168.5,168.5,166.5,168.0,20288
2020-09-04,168.5,168.5,168.5,166.5,168.0,20288
2020-09-07,168.5,168.5,168.5,166.5,168.0,20288
2020-09-08,168.5,168.5,168.5,166.5,168.0,20288
2020-09-09,168.5,168.5,168.5,166.5,168.0,20288
2020-09-10,168.5,168.5,168.5,166.5,168.0,20288
2020-09-11,168.5,168.5,168.5,166.5,168.0,20288
2020-09-14,168.5,168.5,168.5,166.5,168.0,20288
2020-09-15,168.5,168.5,168.5,166.5,168.0,20288
2020-09-16,168.5,168.5,168.5,166.5,168.0,20288
2020-09-17,168.5,168.5,168.5,166.5,168.0,20288
2020-09-18,168.5,168.5,168.5,166.5,168.0,20288
2020-09-21,168.5,168.5,168.5,166.5,168.0,20288
2020-09-22,168.5,168.5,168.5,166.5,168.0,20288
2020-09-23,168.5,168.5,168.5,166.5,168.0,20288
2020-09-24,168.5,168.5,168.5,166.5,168.0,20288
2020-09-25,168.5,168.5,168.5,166.5,168.0,20288
2020-09-28,168.5,168.5,168.5,166.5,168.0,20288
2020-09-29,168.5,168.5,168.5,166.5,168.0,20288
2020-09-30,168.5,168.5,168.5,166.5,168.0,20288
2020-10-01,168.5,168.5,168.5,166.5,168.0,20288
2020-10-02,168.5,168.5,168.5,166.5,168.0,20288
2020-10-05,168.5,168.5,168.5,166.5,168.0,20288
2020-10-06,168.5,168.5,168.5,166.5,168.0,20288
2020-10-07,168.5,168.5,168.5,166.5,168.0,20288
2020-10-08,168.5,168.5,168.5,166.5,168.0,20288
2020-10-09,168.5,168.5,168.5,166.5,168.0,20288
2020-10-12,168.5,168.5,168.5,166.5,168.0,20288
2020-10-13,168.5,168.5,168.5,166.5,168.0,20288
2020-10-14,168.5,168.5,168.5,166.5,168.0,20288
2020-10-15,168.5,168.5,168.5,166.5,168.0,20288
2020-10-16,168.5,168.5,168.5,166.5,168.0,20288
2020-10-19,168.5,168.5,168.5,166.5,168.0,20288
2020-10-20,168.5,168.5,168.5,166.5,168.0,20288
2020-10-21,168.5,168.5,168.5,166.5,168.0,20288
2020-10-22,168.5,168.5,168.5,166.5,168.0,20288
2020-10-23,168.5,168.5,168.5,166.5,168.0,20288
2020-10-26,168.5,168.5,168.5,166.5,168.0,20288
2020-10-27,168.5,168.5,168.5,166.5,168.0,20288
2020-10-28,168.5,168.5,168.5,166.5,168.0,20288
2020-10-29,168.5,168.5,168.5,166.5,168.0,20288
2020-10-30,168.5,168.5,168.5,166.5,168.0,20288
2020-11-02,168.5,168.5,168.5,166.5,168.0,20288
2020-11-03,168.5,168.5,168.5,166.5,168.0,20288
2020-11-04,168.5,168.5,168.5,166.5,168.0,20288
2020-11-05,168.5,168.5,168.5,166.5,168.0,20288
2020-11-06,168.5,168.5,168.5,166.5,168.0,20288
2020-11-09,168.5,168.5,168.5,166.5,168.0,20288
2020-11-10,168.5,168.5,168.5,166.5,168.0,20288
2020-11-11,168.5,168.5,168.5,166.5,168.0,20288
2020-11-12,168.5,168.5,168.5,166.5,168.0,20288
2020-11-13,168.5,168.5,168.5,166.5,168.0,20288
2020-11-16,168.5,168.5,168.5,166.5,168.0,20288
2020-11-17,168.5,168.5,168.5,166.5,168.0,20288
2020-11-18,168.5,168.5,168.5,166.5,168.0,20288
2020-11-19,168.5,168.5,168.5,166.5,168.0,20288
2020-11-20,168.5,168.5,168.5,166.5,168.0,20288
2020-11-23,168.5,168.5,168.5,166.5,168.0,20288
2020-11-24,168.5,168.5,168.5,166.5,168.0,20288
2020-11-25,168.5,168.5,168.5,166.5,168.0,20288
2020-11-26,168.5,168.5,168.5,166.5,168.0,20288
2020-11-27,168.5,168.5,168.5,166.5,168.0,20288
2020-11-30,168.5,168.5,168.5,166.5,168.0,20288
2020-12-01,168.5,168.5,168.5,166.5,168.0,20288
2020-12-02,168.5,168.5,168.5,166.5,168.0,20288
2020-12-04,168.5,168.5,168.5,166.5,168.0,20288
2020-12-07,168.5,168.5,168.5,166.5,168.0,20288
2020-12-08,168.5,168.5,168.5,166.5,168.0,20288
2020-12-09,168.5,168.5,168.5,166.5,168.0,20288
2020-12-10,168.5,168.5,168.5,166.5,168.0,20288
2020-12-11,168.5,168.5,168.5,166.5,168.0,20288
2020-12-14,168.5,168.5,168.5,166.5,168.0,20288
2020-12-15,168.5,168.5,168.5,166.5,168.0,20288
2020-12-16,168.5,168.5,168.5,166.5,168.0,20288
2020-12-17,168.5,168.5,168.5,166.5,168.0,20288
2020-12-18,168.5,168.5,168.5,166.5,168.0,20288
2020-12-21,168.5,168.5,168.5,166.5,168.0,20288
2020-12-22,168.5,168.5,168.5,166.5,168.0,20288
2020-12-23,168.5,168.5,168.5,166.5,168.0,20288
2020-12-24,168.5,168.5,168.5,166.5,168.0,20288
2020-12-25,168.5,168.5,168.5,166.5,168.0,20288
2020-12-28,168.5,168.5,168.5,166.5,168.0,20288
2020-12-29,168.5,168.5,168.5,166.5,168.0,20288
2020-12-30,168.5,168.5,168.5,166.5,168.0,20288
2020-12-31,168.5,168.5,168.5,166.5,168.0,20288
2021-01-01,168.5,168.5,168.5,166.5,168.0,20288
2021-01-04,168.5,168.5,168.5,166.5,168.0,20288
2021-01-05,168.5,168.5,168.5,166.5,168.0,20288
2021-01-06,168.5,168.5,168.5,166.5,168.0,20288
2021-01-07,168.5,168.5,168.5,166.5,168.0,20288
2021-01-08,168.5,168.5,168.5,166.5,168.0,20288
2021-01-11,168.5,168.5,168.5,166.5,168.0,20288
2021-01-12,168.5,168.5,168.5,166.5,168.0,20288
2021-01-13,168.5,168.5,168.5,166.5,168.0,20288
2021-01-14,168.5,168.5,168.5,166.5,168.0,20288
2021-01-15,168.5,168.5,168.5,166.5,168.0,20288
2021-01-18,168.5,168.5,168.5,166.5,168.0,20288
2021-01-19,168.5,168.5,168.5,166.5,168.0,20288
2021-01-20,168.5,168.5,168.5,166.5,168.0,20288
2021-01-21,168.5,168.5,168.5,166.5,168.0,20288
2021-01-22,168.5,168.5,168.5,166.5,168.0,20288
2021-01-25,168.5,168.5,168.5,166.5,168.0,20288
2021-01-26,168.5,168.5,168.5,166.5,168.0,20288
2021-01-27,168.5,168.5,168.5,166.5,168.0,20288
2021-01-28,168.5,168.5,168.5,166.5,168.0,20288
2021-01-29,168.5,168.5,168.5,166.5,168.0,20288
2021-02-01,168.5,168.5,168.5,166.5,168.0,20288
2021-02-02,168.5,168.5,168.5,166.5,168.0,20288
2021-02-03,168.5,168.5,168.5,166.5,168.0,20288
2021-02-04,168.5,168.5,168.5,166.5,168.0,20288
2021-02-05,168.5,168.5,168.5,166.5,168.0,20288
2021-02-08,168.5,168.5,168.5,166.5,168.0,20288
2021-02-09,168.5,168.5,168.5,166.5,168.0,20288
2021-02-10,168.5,168.5,168.5,166.5,168.0,20288
2021-02-11,168.5,168.5,168.5,166.5,168.0,20288
2021-02-12,168.5,168.5,168.5,166.5,168.0,20288
2021-02-15,168.5,168.5,168.5,166.5,168.0,20288
2021-02-16,168.5,168.5,168.5,166.5,168.0,20288
2021-02-17,168.5,168.5,168.5,166.5,168.0,20288
2021-02-18,168.5,168.5,168.5,166.5,168.0,20288
2021-02-19,168.5,168.5,168.5,166.5,168.0,20288
2021-02-22,168.5,168.5,168.5,166.5,168.0,20288
2021-02-23,168.5,168.5,168.5,166.5,168.0,20288
2021-02-24,168.5,168.5,168.5,166.5,168.0,20288
2021-02-25,168.5,168.5,168.5,166.5,168.0,20288
2021-02-26,168.5,168.5,168.5,166.5,168.0,20288
2021-03-01,168.5,168.5,168.5,166.5,168.0,20288
2021-03-02,168.5,168.5,168.5,166.5,168.0,20288
2021-03-03,168.5,168.5,168.5,166.5,168.0,20288
2021-03-04,168.5,168.5,168.5,166.5,168.0,20288
2021-03-05,168.5,168.5,168.5,166.5,168.0,20288
2021-03-08,168.5,168.5,168.5,166.5,168.0,20288
2021-03-09,168.5,168.5,168.5,166.5,168.0,20288
2021-03-10,168.5,168.5,168.5,166.5,168.0,20288
2021-03-11,168.5,168.5,168.5,166.5,168.0,20288
2021-03-12,168.5,168.5,168.5,166.5,168.0,20288
2021-03-15,168.5,168.5,168.5,166.5,168.0,20288
2021-03-16,168.5,168.5,168.5,166.5,168.0,20288
2021-03-17,168.5,168.5,168.5,166.5,168.0,20288
2021-03-18,168.5,168.5,168.5,166.5,168.0,20288
2021-03-19,168.5,168.5,168.5,166.5,168.0,20288
2021-03-22,168.5,168.5,168.5,166.5,168.0,20288
2021-03-23,168.5,168.5,168.5,166.5,168.0,20288
2021-03-24,168.5,168.5,168.5,166.5,168.0,20288
2021-03-25,168.5,168.5,168.5,166.5,168.0,20288
2021-03-26,168.5,168.5,168.5,166.5,168.0,20288
2021-03-29,168.5,168.5,168.5,166.5,168.0,20288
2021-03-30,168.5,168.5,168.5,166.5,168.0,20288
2021-03-31,168.5,168.5,168.5,166.5,168.0,20288
2021-04-01,168.5,168.5,168.5,166.5,168.0,20288
2021-04-02,168.5,168.5,168.5,166.5,168.0,20288
2021-04-05,168.5,168.5,168.5,166.5,168.0,20288
2021-04-06,168.5,168.5,168.5,166.5,168.0,20288
2021-04-07,168.5,168.5,168.5,166.5,168.0,20288
2021-04-08,168.5,168.5,168.5,166.5,168.0,20288
2021-04-09,168.5,168.5,168.5,166.5,168.0,20288
2021-04-12,168.5,168.5,168.5,166.5,168.0,20288
2021-04-13,168.5,168.5,168.5,166.5,168.0,20288
2021-04-14,168.5,168.5,168.5,166.5,168.0,20288
2021-04-15,168.5,168.5,168.5,166.5,168.0,20288
2021-04-16,168.5,168.5,168.5,166.5,168.0,20288
2021-04-19,168.5,168.5,168.5,166.5,168.0,20288
2021-04-20,168.5,168.5,168.5,166.5,168.0,20288
2021-04-21,168.5,168.5,168.5,166.5,168.0,20288
2021-04-22,168.5,168.5,168.5,166.5,168.0,20288
2021-04-23,168.5,168.5,168.5,166.5,168.0,20288
2021-04-26,168.5,168.5,168.5,166.5,168.0,20288
2021-04-27,168.5,168.5,168.5,166.5,168.0,20288
2021-04-28,168.5,168.5,168.5,166.5,168.0,20288
2021-04-29,168.5,168.5,168.5,166.5,168.0,20288
2021-04-30,168.5,168.5,168.5,166.5,168.0,20288
2021-05-03,168.5,168.5,168.5,166.5,168.0,20288
2021-05-04,168.5,168.5,168.5,166.5,168.0,20288
2021-05-05,168.5,168.5,168.5,166.5,168.0,20288
2021-05-06,168.5,168.5,168.5,166.5,168.0,20288
2021-05-07,168.5,168.5,168.5,166.5,168.0,20288
2021-05-10,168.5,168.5,168.5,166.5,168.0,20288
2021-05-11,168.5,168.5,168.5,166.5,168.0,20288
2021-05-12,168.5,168.5,168.5,166.5,168.0,20288
2021-05-13,168.5,168.5,168.5,166.5,168.0,20288
2021-05-14,168.5,168.5,168.5,166.5,168.0,20288
2021-05-17,168.5,168.5,168.5,166.5,168.0,20288
2021-05-18,168.5,168.5,168.5,166.5,168.0,20288
2021-05-19,168.5,168.5,168.5,166.5,168.0,20288
2021-05-20,168.5,168.5,168.5,166.5,168.0,20288
2021-05-21,168.5,168.5,168.5,166.5,168.0,20288
2021-05-24,168.5,168.5,168.5,166.5,168.0,20288
2021-05-25,168.5,168.5,168.5,166.5,168.0,20288
2021-05-26,168.5,168.5,168.5,166.5,168.0,20288
2021-05-27,168.5,168.5,168.5,166.5,168.0,20288
2021-05-28,168.5,168.5,168.5,166.5,168.0,20288
2021-05-31,168.5,168.5,168.5,166.5,168.0,20288
2021-06-01,168.5,168.5,168.5,166.5,168.0,20288
2021-06-02,168.5,168.5,168.5,166.5,168.0,20288
2021-06-03,168.5,168.5,168.5,166.5,168.0,20288
2021-06-04,168.5,168.5,168.5,166.5,168.0,20288
2021-06-07,168.5,168.5,168.5,166.5,168.0,20288
2021-06-08,168.5,168.5,168.5,166.5,168.0,20288
2021-06-09,168.5,168.5,168.5,166.5,168.0,20288
2021-06-10,168.5,168.5,168.5,166.5,168.0,20288
2021-06-11,168.5,168.5,168.5,166.5,168.0,20288
2021-06-14,168.5,168.5,168.5,166.5,168.0,20288
2021-06-15,168.5,168.5,168.5,166.5,168.0,20288
2021-06-16,168.5,168.5,168.5,166.5,168.0,20288
2021-06-17,168.5,168.5,168.5,166.5,168.0,20288
2021-06-18,168.5,168.5,168.5,166.5,168.0,20288
2021-06-21,168.5,168.5,168.5,166.5,168.0,20288
2021-06-22,168.5,168.5,168.5,166.5,168.0,20288
2021-06-23,168.5,168.5,168.5,166.5,168.0,20288
2021-06-24,168.5,168.5,168.5,166.5,168.0,20288
2021-06-25,168.5,168.5,168.5,166.5,168.0,20288
2021-06-28,168.5,168.5,168.5,166.5,168.0,20288
2021-06-29,168.5,168.5,168.5,166.5,168.0,20288
2021-06-30,168.5,168.5,168.5,166.5,168.0,20288
2021-07-01,168.5,168.5,168.5,166.5,168.0,20288
2021-07-02,168.5,168.5,168.5,166.5,168.0,20288
2021-07-05,168.5,168.5,168.5,166.5,168.0,20288
2021-07-06,168.5,168.5,168.5,166.5,168.0,20288
2021-07-07,168.5,168.5,168.5,166.5,168.0,20288
2021-07-08,168.5,168.5,168.5,166.5,168.0,20288
2021-07-09,168.5,168.5,168.5,166.5,168.0,20288
2021-07-12,168.5,168.5,168.5,166.5,168.0,20288
2021-07-13,168.5,168.5,168.5,166.5,168.0,20288
2021-07-14,168.5,168.5,168.5,166.5,168.0,20288
2021-07-15,168.5,168.5,168.5,166.5,168.0,20288
2021-07-16,168.5,168.5,168.5,166.5,168.0,20288
2021-07-19,168.5,168.5,168.5,166.5,168.0,20288
2021-07-20,168.5,168.5,168.5,166.5,168.0,20288
2021-07-21,168.5,168.5,168.5,166.5,168.0,20288
2021-07-22,168.5,168.5,168.5,166.5,168.0,20288
2021-07-23,168.5,168.5,168.5,166.5,168.0,20288
2021-07-26,168.5,168.5,168.5,166.5,168.0,20288
2021-07-27,168.5,168.5,168.5,166.5,168.0,20288
2021-07-28,168.5,168.5,168.5,166.5,168.0,20288
2021-07-29,168.5,168.5,168.5,166.5,168.0,20288
2021-07-30,168.5,168.5,168.5,166.5,168.0,20288
2021-08-02,168.5,168.5,168.5,166.5,168.0,20288
2021-08-03,168.5,168.5,168.5,166.5,168.0,20288
2021-08-04,168.5,168.5,168.5,166.5,168.0,20288
2021-08-05,168.5,168.5,168.5,166.5,168.0,20288
2021-08-06,168.5,168.5,168.5,166.5,168.0,20288
2021-08-09,120.5,120.5,121.0,120.5,121.0,6000
2021-08-10,120.5,120.5,120.5,119.5,119.5,9000
2021-08-11,119.5,119.5,120.0,117.0,120.0,18000
2021-08-12,120.0,120.0,120.0,119.5,119.5,11000
2021-08-13,118.0,118.0,120.0,118.0,120.0,18000
2021-08-16,118.5,118.5,118.5,117.5,118.0,4000
2021-08-17,118.5,118.5,119.5,117.0,118.5,16000
2021-08-18,118.5,118.5,118.5,117.0,117.0,23000
2021-08-19,117.0,117.0,118.5,117.0,118.5,20000
2021-08-20,116.0,116.0,116.0,115.5,116.0,28000
2021-08-23,118.0,118.0,118.5,116.0,116.0,15000
2021-08-24,119.0,119.0,119.0,118.0,118.0,3000
2021-08-25,120.0,120.0,120.0,119.5,120.0,17000
2021-08-26,122.5,122.5,122.5,120.5,120.5,16000
2021-08-27,122.0,122.0,123.5,120.0,123.5,14000
2021-08-30,122.0,122.0,122.5,120.5,122.5,9000
2021-08-31,122.5,122.5,122.5,121.5,122.5,14000
2021-09-01,121.5,121.5,122.0,121.5,122.0,10000
2021-09-02,120.0,120.0,121.0,120.0,120.5,14000
2021-09-03,121.0,121.0,121.0,120.0,120.0,8000
2021-09-06,121.0,121.0,122.0,121.0,121.0,31000
2021-09-07,121.5,121.5,121.5,120.5,121.0,15000
2021-09-08,120.5,120.5,121.5,120.5,121.5,28000
2021-09-09,121.0,121.0,121.0,120.0,120.5,33000
2021-09-10,120.5,120.5,121.0,120.0,121.0,9000
2021-09-13,121.0,121.0,121.0,120.0,120.5,3000
2021-09-14,120.0,120.0,121.0,120.0,120.5,20000
2021-09-15,120.5,120.5,120.5,120.5,120.5,2000
2021-09-16,120.0,120.0,121.0,120.0,121.0,30000
2021-09-17,121.0,121.0,121.0,120.0,120.0,3000
2021-09-20,168.0,168.0,169.0,168.0,169.0,3011
2021-09-21,168.0,168.0,169.0,168.0,169.0,3011
2021-09-22,120.0,120.0,120.0,119.0,119.0,21000
2021-09-23,119.5,119.5,119.5,119.0,119.5,8000
2021-09-24,121.5,121.5,125.0,120.5,120.5,28000
2021-09-27,121.0,121.0,121.5,121.0,121.5,4000
2021-09-28,120.5,120.5,121.0,120.5,121.0,4000
2021-09-29,119.5,119.5,120.5,119.0,120.0,25000
2021-09-30,120.0,120.0,120.0,119.5,119.5,7000
2021-10-01,117.0,117.0,119.5,117.0,119.5,47000
2021-10-04,116.0,116.0,118.0,115.5,117.5,59000
2021-10-05,118.0,118.0,118.0,116.0,117.5,17000
2021-10-06,117.0,117.0,118.0,116.5,118.0,9000
2021-10-07,118.5,118.5,118.5,118.0,118.0,8000
2021-10-08,117.0,117.0,118.0,117.0,118.0,8000
2021-10-11,168.0,168.0,169.0,168.0,169.0,3011
2021-10-12,117.0,117.0,118.0,116.5,117.0,17000
2021-10-13,116.0,116.0,117.5,116.0,117.0,14000
2021-10-14,117.5,117.5,117.5,116.0,116.0,9000
2021-10-15,116.5,116.5,117.5,116.5,117.5,10000
2021-10-18,117.0,117.0,118.0,117.0,118.0,5000
2021-10-19,117.0,117.0,117.0,115.0,116.5,30000
2021-10-20,117.0,117.0,118.0,117.0,118.0,5000
2021-10-21,116.5,116.5,118.5,116.5,117.0,12000
2021-10-22,116.0,116.0,117.0,115.5,117.0,23000
2021-10-25,118.5,118.5,118.5,116.5,118.5,10000
2021-10-26,117.0,117.0,117.5,117.0,117.5,9000
2021-10-27,117.0,117.0,117.0,116.5,116.5,3000
2021-10-28,117.0,117.0,117.5,116.5,116.5,7000
2021-10-29,117.0,117.0,118.0,117.0,117.0,5000
2021-11-01,117.5,117.5,118.0,116.0,117.5,39000
2021-11-02,117.0,117.0,118.0,117.0,118.0,11000
2021-11-03,117.5,117.5,117.5,117.0,117.5,10000
2021-11-04,117.5,117.5,117.5,117.5,117.5,3000
2021-11-05,118.5,118.5,118.5,117.0,118.0,19000
2021-11-08,119.5,119.5,120.0,119.0,119.5,15000
2021-11-09,118.5,118.5,119.5,117.5,118.5,41000
2021-11-10,118.5,118.5,119.0,118.5,118.5,19000
2021-11-11,118.0,118.0,118.5,118.0,118.0,20000
2021-11-12,120.0,120.0,120.5,119.0,119.5,13000
2021-11-15,121.0,121.0,121.0,119.0,120.0,28000
2021-11-16,121.5,121.5,121.5,121.0,121.0,9000
2021-11-17,121.0,121.0,121.5,120.0,121.5,4000
2021-11-18,121.0,121.0,121.0,120.0,121.0,5000
2021-11-19,119.5,119.5,120.0,119.5,120.0,4000
2021-11-22,119.5,119.5,120.0,119.5,119.5,17000
2021-11-23,119.5,119.5,119.5,119.0,119.0,31000
2021-11-24,119.5,119.5,120.0,119.0,120.0,22000
2021-11-25,119.0,119.0,119.5,119.0,119.5,16000
2021-11-26,118.0,118.0,119.0,118.0,119.0,23000
2021-11-29,118.0,118.0,118.0,118.0,118.0,5000
2021-11-30,118.5,118.5,119.0,118.5,119.0,8000
2021-12-01,119.0,119.0,119.0,118.0,118.5,10000
2021-12-02,118.5,118.5,119.0,118.5,119.0,3000
2021-12-03,118.0,118.0,119.0,118.0,118.5,13000
2021-12-06,118.0,118.0,118.5,117.5,117.5,13000
2021-12-07,118.5,118.5,118.5,118.0,118.0,5000
2021-12-08,119.0,119.0,119.5,118.0,118.5,23000
2021-12-09,119.0,119.0,119.0,118.0,118.5,12000
2021-12-10,119.0,119.0,119.0,117.5,119.0,17000
2021-12-13,119.0,119.0,119.0,118.5,118.5,13000
2021-12-14,118.0,118.0,118.5,118.0,118.5,12000
2021-12-15,118.0,118.0,118.5,118.0,118.5,14000
2021-12-16,118.5,118.5,119.0,118.0,118.5,9000
2021-12-17,118.5,118.5,118.5,118.0,118.5,6000
2021-12-20,118.5,118.5,119.0,118.0,119.0,10000
2021-12-21,118.5,118.5,119.0,118.5,119.0,4000
2021-12-22,118.5,118.5,119.0,118.0,119.0,8000
2021-12-23,118.5,118.5,118.5,118.5,118.5,6000
2021-12-24,118.5,118.5,119.0,118.5,119.0,10000
2021-12-27,121.0,121.0,122.0,118.5,118.5,67000
2021-12-28,122.5,122.5,123.0,122.0,122.5,38000
2021-12-29,122.0,122.0,123.0,121.5,123.0,17000
2021-12-30,122.5,122.5,122.5,122.0,122.0,9000
2021-12-31,168.0,168.0,169.0,168.0,169.0,3011
2022-01-03,121.0,121.0,123.0,121.0,123.0,19000
2022-01-04,121.5,121.5,121.5,121.0,121.0,14000
2022-01-05,122.0,122.0,122.0,121.5,121.5,9000
2022-01-06,122.0,122.0,122.0,121.0,121.0,3000
2022-01-07,122.0,122.0,122.5,121.0,122.5,15000
2022-01-10,124.0,124.0,125.0,121.5,121.5,63000
2022-01-11,122.5,122.5,124.0,122.0,124.0,38000
2022-01-12,122.5,122.5,123.0,121.5,123.0,18000
2022-01-13,122.0,122.0,123.5,121.5,123.5,21000
2022-01-14,121.5,121.5,121.5,121.0,121.0,6000
2022-01-17,121.5,121.5,121.5,121.0,121.0,3000
2022-01-18,122.0,122.0,122.0,122.0,122.0,5000
2022-01-19,123.0,123.0,123.0,122.0,122.0,14000
2022-01-20,123.0,123.0,123.0,122.5,122.5,10000
2022-01-21,122.5,122.5,123.0,122.0,122.5,14000
2022-01-24,121.5,121.5,121.5,120.5,121.0,21000
2022-01-25,121.0,121.0,121.0,120.5,121.0,12000
2022-01-26,122.0,122.0,122.0,121.0,121.5,5000
2022-01-27,168.0,168.0,169.0,168.0,169.0,3011
2022-01-28,168.0,168.0,169.0,168.0,169.0,3011
2022-01-31,168.0,168.0,169.0,168.0,169.0,3011
2022-02-01,168.0,168.0,169.0,168.0,169.0,3011
2022-02-02,168.0,168.0,169.0,168.0,169.0,3011
2022-02-03,168.0,168.0,169.0,168.0,169.0,3011
2022-02-04,168.0,168.0,169.0,168.0,169.0,3011
2022-02-08,123.5,123.5,123.5,123.0,123.5,10000
2022-02-09,124.0,124.0,124.0,123.0,123.5,13000
2022-02-10,123.5,123.5,124.0,123.0,124.0,8000
2022-02-11,123.0,123.0,123.5,123.0,123.0,6000
2022-02-14,123.0,123.0,123.0,122.0,122.5,22000
2022-02-15,123.0,123.0,123.5,123.0,123.0,9000
2022-02-16,123.5,123.5,123.5,123.0,123.5,17000
2022-02-17,122.5,122.5,123.5,122.5,123.5,16000
2022-02-18,123.0,123.0,123.0,122.0,122.0,8000
2022-02-21,124.0,124.0,124.0,123.0,123.0,12000
2022-02-22,123.0,123.0,123.0,122.0,123.0,29000
2022-02-23,124.0,124.0,124.0,123.0,123.0,23000
2022-02-24,122.5,122.5,123.5,122.5,123.5,33000
2022-02-25,124.0,124.0,124.0,122.5,122.5,12000
2022-02-28,168.0,168.0,169.0,168.0,169.0,3011
2022-03-01,123.5,123.5,123.5,122.5,123.0,30000
2022-03-02,123.0,123.0,123.0,122.0,122.0,10000
2022-03-03,123.5,123.5,123.5,123.0,123.0,7000
2022-03-04,123.5,123.5,123.5,122.0,123.5,11000
2022-03-07,121.0,121.0,123.0,121.0,123.0,25000
2022-03-08,121.0,121.0,122.5,120.5,121.5,19000
2022-03-09,122.0,122.0,122.0,120.5,121.0,30000
2022-03-10,123.0,123.0,123.0,122.5,123.0,8000
2022-03-11,123.0,123.0,123.0,123.0,123.0,6000
2022-03-14,125.0,125.0,126.0,124.5,125.0,55000
2022-03-15,125.0,125.0,125.0,123.5,125.0,19000
2022-03-16,125.0,125.0,125.0,124.5,125.0,21000
2022-03-17,126.0,126.0,126.0,125.0,125.5,23000
2022-03-18,126.0,126.0,126.0,125.0,126.0,16000
2022-03-21,126.0,126.0,126.0,125.0,126.0,16000
2022-03-22,125.5,125.5,126.0,125.5,126.0,20000
2022-03-23,126.0,126.0,126.0,125.5,126.0,34000
2022-03-24,126.0,126.0,126.0,125.5,126.0,21000
2022-03-25,127.0,127.0,127.0,126.0,126.0,31000
2022-03-28,128.0,128.0,128.0,126.5,127.0,18000
2022-03-29,128.0,128.0,128.0,127.0,127.5,36000
2022-03-30,129.0,129.0,129.5,128.0,128.0,51000
2022-03-31,130.0,130.0,130.0,129.0,130.0,24000
2022-04-01,131.0,131.0,131.0,129.0,129.0,56000
2022-04-04,168.0,168.0,169.0,168.0,169.0,3011
2022-04-05,168.0,168.0,169.0,168.0,169.0,3011
2022-04-06,131.5,131.5,131.5,130.5,131.5,35000
2022-04-07,131.0,131.0,132.0,130.0,130.0,43000
2022-04-08,131.0,131.0,131.0,130.5,130.5,43000
2022-04-11,130.0,130.0,131.5,130.0,131.5,58000
2022-04-12,129.5,129.5,130.0,129.5,129.5,25000
2022-04-13,130.0,130.0,130.0,130.0,130.0,23000
2022-04-14,130.5,130.5,131.5,130.0,130.0,8000
2022-04-15,130.0,130.0,131.0,129.5,131.0,18000
2022-04-18,129.5,129.5,131.0,129.5,130.0,34000
2022-04-19,130.5,130.5,130.5,129.5,129.5,25000
2022-04-20,130.5,130.5,130.5,130.0,130.5,6000
2022-04-21,130.0,130.0,130.5,129.5,130.5,33000
2022-04-22,130.5,130.5,130.5,130.0,130.0,13000
2022-04-25,129.5,129.5,130.0,129.0,129.5,29000
2022-04-26,129.5,129.5,130.0,129.5,129.5,15000
2022-04-27,128.5,128.5,129.5,128.0,129.0,14000
2022-04-28,128.5,128.5,129.0,128.0,129.0,15000
2022-04-29,129.0,129.0,129.0,128.5,128.5,6000
2022-05-02,168.0,168.0,169.0,168.0,169.0,3011
2022-05-03,129.0,129.0,129.5,129.0,129.5,3000
2022-05-04,129.5,129.5,129.5,129.0,129.0,6000
2022-05-05,130.0,130.0,130.0,129.0,129.5,4000
2022-05-06,130.5,130.5,130.5,128.5,128.5,10000
2022-05-09,130.0,130.0,131.5,129.5,130.5,19000
2022-05-10,129.0,129.0,130.0,129.0,129.0,11000
2022-05-11,130.0,130.0,130.0,129.5,129.5,5000
2022-05-12,129.0,129.0,130.0,128.0,130.0,46000
2022-05-13,130.0,130.0,130.0,129.0,129.0,7000
2022-05-16,130.0,130.0,130.0,129.5,130.0,8000
2022-05-17,130.0,130.0,130.0,130.0,130.0,3000
2022-05-18,130.5,130.5,130.5,129.5,129.5,4000
2022-05-19,130.5,130.5,130.5,129.5,129.5,10000
2022-05-20,131.5,131.5,131.5,131.0,131.0,8000
2022-05-23,133.0,133.0,134.0,131.5,131.5,37000
2022-05-24,133.0,133.0,133.0,132.5,133.0,8000
2022-05-25,133.0,133.0,133.0,133.0,133.0,2000
2022-05-26,133.0,133.0,133.0,132.5,133.0,6000
2022-05-27,132.5,132.5,133.0,132.0,132.5,12000
2022-05-30,133.5,133.5,133.5,133.0,133.0,11000
2022-05-31,134.0,134.0,134.0,133.5,134.0,11000
2022-06-01,133.0,133.0,133.5,132.5,133.5,9000
2022-06-02,132.5,132.5,133.0,132.5,133.0,6000
2022-06-03,168.0,168.0,169.0,168.0,169.0,3011
2022-06-06,133.5,133.5,133.5,133.0,133.0,11000
2022-06-07,133.5,133.5,133.5,133.0,133.5,3000
2022-06-08,133.5,133.5,133.5,132.5,133.5,7000
2022-06-09,134.0,134.0,134.0,133.5,133.5,7000
2022-06-10,132.0,132.0,134.5,129.0,134.5,79000
2022-06-13,132.0,132.0,132.0,129.5,130.0,17000
2022-06-14,131.5,131.5,131.5,129.5,130.0,21000
2022-06-15,131.0,131.0,132.0,130.0,132.0,26000
2022-06-16,123.5,123.5,125.5,123.5,125.0,32000
2022-06-17,121.5,121.5,123.0,121.0,123.0,16000
2022-06-20,119.5,119.5,121.0,118.5,121.0,68000
2022-06-21,120.0,120.0,120.5,120.0,120.5,7000
2022-06-22,121.0,121.0,121.0,120.0,120.0,3000
2022-06-23,120.5,120.5,120.5,120.0,120.0,3000
2022-06-24,120.5,120.5,120.5,120.0,120.0,2000
2022-06-27,121.5,121.5,121.5,120.5,121.0,6000
2022-06-29,120.5,120.5,120.5,120.0,120.0,3000
2022-06-30,120.5,120.5,122.0,119.5,122.0,5000
2022-07-01,118.0,118.0,120.0,118.0,119.5,28000
2022-07-04,118.0,118.0,120.0,116.5,120.0,17000
2022-07-05,118.5,118.5,119.0,118.0,119.0,7000
2022-07-06,117.5,117.5,119.5,117.0,118.5,16000
2022-07-07,117.5,117.5,118.5,117.5,118.0,11000
2022-07-08,120.0,120.0,121.0,119.0,119.5,25000
2022-07-11,122.0,122.0,123.0,121.5,121.5,16000
2022-07-12,121.5,121.5,122.5,121.0,122.0,14000
2022-07-13,122.5,122.5,123.0,122.0,123.0,8000
2022-07-14,122.0,122.0,122.5,122.0,122.5,3000
2022-07-15,122.0,122.0,122.5,121.5,121.5,4000
2022-07-18,123.0,123.0,123.0,122.5,123.0,5000
2022-07-19,124.0,124.0,124.0,123.0,123.0,9000
2022-07-20,124.5,124.5,125.0,124.0,124.0,9000
2022-07-21,125.0,125.0,125.0,125.0,125.0,3000
2022-07-22,124.5,124.5,125.0,124.0,125.0,15000
2022-07-25,125.0,125.0,125.0,124.0,124.0,6000
2022-07-26,124.0,124.0,124.0,123.5,124.0,12000
2022-07-27,123.5,123.5,123.5,122.5,123.5,6000
2022-07-28,123.0,123.0,123.5,123.0,123.5,3000
2022-07-29,123.5,123.5,123.5,122.5,123.0,14000
2022-08-01,123.5,123.5,123.5,123.5,123.5,4000
2022-08-02,123.0,123.0,123.5,123.0,123.5,3000
2022-08-03,122.5,122.5,123.0,121.5,123.0,21000
2022-08-04,122.5,122.5,123.0,122.0,122.5,10000
2022-08-05,122.5,122.5,122.5,122.0,122.5,5000
2022-08-08,123.0,123.0,123.0,121.5,122.0,10000
2022-08-09,122.5,122.5,122.5,122.0,122.0,16000
2022-08-10,122.0,122.0,122.5,121.0,121.0,7000
2022-08-11,122.5,122.5,122.5,122.0,122.0,4000
2022-08-12,122.5,122.5,122.5,122.5,122.5,3000
2022-08-15,122.5,122.5,122.5,122.0,122.5,18000
2022-08-16,123.5,123.5,123.5,122.5,122.5,5000
2022-08-17,123.5,123.5,123.5,122.5,122.5,6000
2022-08-18,123.5,123.5,123.5,122.0,122.0,5000
2022-08-19,122.5,122.5,123.0,122.5,123.0,6000
2022-08-22,122.5,122.5,122.5,121.5,122.0,9000
2022-08-23,123.0,123.0,123.0,122.0,123.0,4000
2022-08-24,123.0,123.0,123.0,123.0,123.0,2000
2022-08-25,122.5,122.5,123.0,122.5,123.0,4000
2022-08-26,123.0,123.0,123.0,123.0,123.0,5000
2022-08-29,123.0,123.0,123.0,123.0,123.0,3000
2022-08-30,122.5,122.5,122.5,122.5,122.5,4000
2022-08-31,123.0,123.0,123.0,122.5,122.5,2000
2022-09-01,122.5,122.5,123.0,121.5,122.0,15000
2022-09-02,123.0,123.0,123.0,121.5,121.5,8000
2022-09-05,123.0,123.0,123.0,122.0,122.5,5000
2022-09-06,122.0,122.0,122.0,121.5,122.0,11000
2022-09-07,121.5,121.5,121.5,121.0,121.0,4000
2022-09-08,121.0,121.0,121.0,121.0,121.0,2000
2022-09-09,168.0,168.0,169.0,168.0,169.0,3011
2022-09-12,121.0,121.0,121.5,120.5,120.5,13000
2022-09-13,122.0,122.0,122.0,120.5,120.5,8000
2022-09-14,122.0,122.0,122.0,120.0,120.5,12000
2022-09-15,121.0,121.0,121.0,120.0,120.5,11000
2022-09-16,120.5,120.5,120.5,119.5,120.5,31000
2022-09-19,121.0,121.0,121.0,121.0,121.0,4000
2022-09-20,121.5,121.5,121.5,121.5,121.5,1000
2022-09-21,121.0,121.0,121.0,119.5,119.5,6000
2022-09-22,120.5,120.5,120.5,119.5,119.5,2000
2022-09-23,120.0,120.0,121.0,120.0,121.0,6000
2022-09-26,118.5,118.5,120.0,118.0,118.5,24000
2022-09-27,117.5,117.5,118.0,117.5,118.0,19000
2022-09-28,117.5,117.5,118.0,115.0,117.5,59000
2022-09-29,118.0,118.0,118.0,116.5,117.0,7000
2022-10-03,117.5,117.5,117.5,115.0,116.0,24000
2022-10-04,117.5,117.5,117.5,115.0,116.0,16000
2022-10-05,117.5,117.5,117.5,117.0,117.0,6000
2022-10-06,117.0,117.0,117.5,114.0,117.5,28000
2022-10-07,117.0,117.0,117.0,117.0,117.0,2000
2022-10-10,168.0,168.0,169.0,168.0,169.0,3011
2022-10-11,114.0,114.0,115.0,113.5,114.0,22000
2022-10-12,114.0,114.0,115.0,113.0,114.0,40000
2022-10-13,111.5,111.5,114.0,111.5,113.5,39000
2022-10-14,113.5,113.5,113.5,113.0,113.0,5000
2022-10-18,112.0,112.0,112.0,111.5,112.0,22000
2022-10-20,111.0,111.0,111.0,110.5,111.0,14000
2022-10-21,110.5,110.5,111.0,110.0,111.0,10000
2022-10-24,110.5,110.5,110.5,110.5,110.5,5000
2022-10-25,109.5,109.5,110.0,109.5,110.0,11000
2022-10-26,110.0,110.0,110.0,108.5,108.5,7000
2022-10-27,111.0,111.0,111.0,111.0,111.0,3000
2022-10-31,110.0,110.0,110.0,109.0,110.0,22000
2022-11-01,111.0,111.0,111.0,109.5,110.0,3000
2022-11-02,110.0,110.0,110.0,110.0,110.0,7000
2022-11-03,110.0,110.0,110.0,109.5,109.5,6000
2022-11-04,109.5,109.5,110.0,109.5,110.0,7000
2022-11-07,110.5,110.5,111.0,110.0,110.0,5000
2022-11-08,110.5,110.5,110.5,109.0,110.0,18000
2022-11-09,113.5,113.5,113.5,110.0,110.0,20000
2022-11-10,113.0,113.0,113.5,112.0,113.5,6000
2022-11-11,112.5,112.5,113.5,111.5,113.5,9000
2022-11-14,113.5,113.5,113.5,112.5,112.5,4000
2022-11-15,113.5,113.5,113.5,113.5,113.5,6000
2022-11-16,113.5,113.5,113.5,113.5,113.5,3000
2022-11-17,113.5,113.5,113.5,113.5,113.5,3000
2022-11-18,112.0,112.0,113.5,112.0,113.5,10000
2022-11-21,112.0,112.0,113.5,112.0,113.5,6000
2022-11-22,112.0,112.0,112.5,112.0,112.0,14000
2022-11-23,112.0,112.0,112.0,111.5,111.5,6000
2022-11-24,112.5,112.5,112.5,112.5,112.5,2000
2022-11-25,113.0,113.0,113.5,113.0,113.5,6000
2022-11-28,113.5,113.5,113.5,113.0,113.0,8000
2022-11-29,113.5,113.5,113.5,113.5,113.5,5000
2022-11-30,114.5,114.5,114.5,113.0,113.0,23000
2022-12-01,114.5,114.5,114.5,113.5,114.5,28000
2022-12-02,115.0,115.0,116.0,115.0,115.0,36000
2022-12-05,114.5,114.5,115.0,114.5,115.0,2000
2022-12-06,114.5,114.5,114.5,114.5,114.5,3000
2022-12-07,114.0,114.0,114.5,114.0,114.5,19000
2022-12-08,115.0,115.0,115.0,113.5,113.5,38000
2022-12-09,115.0,115.0,115.0,115.0,115.0,14000
2022-12-12,115.0,115.0,115.5,114.5,115.0,14000
2022-12-13,114.0,114.0,114.5,114.0,114.5,10000
2022-12-14,113.5,113.5,114.0,113.5,114.0,14000
2022-12-15,114.5,114.5,114.5,114.0,114.0,3000
2022-12-16,114.0,114.0,114.5,114.0,114.0,7000
2022-12-20,112.5,112.5,114.0,112.5,113.5,23000
2022-12-21,113.0,113.0,113.0,112.5,112.5,5000
2022-12-22,114.0,114.0,114.5,114.0,114.5,3000
2022-12-23,114.0,114.0,114.0,114.0,114.0,1000
2022-12-26,114.0,114.0,114.0,114.0,114.0,4000
2022-12-27,115.0,115.0,116.0,115.0,115.0,7000
2022-12-28,115.0,115.0,115.5,115.0,115.5,2000
2022-12-29,115.5,115.5,115.5,115.0,115.5,5000
2022-12-30,116.0,116.0,116.0,116.0,116.0,8000
2023-01-02,168.0,168.0,169.0,168.0,169.0,3011
2023-01-03,115.5,115.5,115.5,115.0,115.0,2000
2023-01-04,116.0,116.0,116.5,116.0,116.5,4000
2023-01-05,116.0,116.0,117.0,116.0,116.5,15000
2023-01-06,116.5,116.5,116.5,115.5,116.0,5000
2023-01-09,117.0,117.0,117.0,116.0,116.5,12000
2023-01-10,117.5,117.5,118.5,117.0,117.5,9000
2023-01-11,115.5,115.5,117.0,115.5,117.0,34000
2023-01-13,116.0,116.0,116.5,115.5,115.5,8000
2023-01-16,116.0,116.0,116.0,115.0,115.5,9000
2023-01-17,117.0,117.0,117.0,116.0,116.0,5000
2023-01-18,168.0,168.0,169.0,168.0,169.0,3011
2023-01-19,168.0,168.0,169.0,168.0,169.0,3011
2023-01-20,168.0,168.0,169.0,168.0,169.0,3011
2023-01-23,168.0,168.0,169.0,168.0,169.0,3011
2023-01-24,168.0,168.0,169.0,168.0,169.0,3011
2023-01-25,168.0,168.0,169.0,168.0,169.0,3011
2023-01-26,168.0,168.0,169.0,168.0,169.0,3011
2023-01-27,168.0,168.0,169.0,168.0,169.0,3011
2023-01-30,116.5,116.5,117.0,116.5,117.0,5000
2023-01-31,117.0,117.0,117.0,116.0,116.0,5000
2023-02-01,117.5,117.5,117.5,116.0,117.0,19000
2023-02-02,117.5,117.5,117.5,117.0,117.0,4000
2023-02-03,117.0,117.0,117.5,117.0,117.5,6000
2023-02-06,117.0,117.0,118.0,117.0,117.0,3000
2023-02-07,117.0,117.0,117.0,117.0,117.0,11000
2023-02-08,118.0,118.0,118.0,117.0,117.0,8000
2023-02-09,118.5,118.5,118.5,117.0,117.0,4000
2023-02-10,118.0,118.0,118.0,117.5,117.5,2000
2023-02-13,117.0,117.0,117.5,117.0,117.5,11000
2023-02-14,117.5,117.5,118.0,117.5,117.5,11000
2023-02-15,117.0,117.0,117.5,117.0,117.5,9000
2023-02-16,118.0,118.0,118.0,117.0,117.0,4000
2023-02-17,118.0,118.0,118.0,117.0,117.0,4000
2023-02-20,119.0,119.0,119.0,118.5,118.5,6000
2023-02-21,120.0,120.0,121.0,119.0,119.0,25000
2023-02-22,120.0,120.0,120.5,119.5,119.5,18000
2023-02-23,121.0,121.0,121.0,119.5,119.5,4000
2023-02-24,121.0,121.0,122.0,121.0,121.5,11000
2023-02-27,168.0,168.0,169.0,168.0,169.0,3011
2023-02-28,168.0,168.0,169.0,168.0,169.0,3011
2023-03-01,122.5,122.5,122.5,119.0,120.5,17000
2023-03-02,121.5,121.5,122.0,120.0,122.0,11000
2023-03-03,122.0,122.0,122.0,121.5,121.5,9000
2023-03-06,123.0,123.0,124.0,123.0,123.0,19000
2023-03-07,122.5,122.5,122.5,121.5,122.5,10000
2023-03-08,123.0,123.0,123.0,122.0,122.0,9000
2023-03-09,123.5,123.5,124.0,123.0,123.0,20000
2023-03-10,122.5,122.5,122.5,121.0,121.5,22000
2023-03-13,124.5,124.5,124.5,120.0,120.5,24000
2023-03-14,124.5,124.5,125.5,123.5,124.0,44000
2023-03-15,125.5,125.5,126.5,124.5,124.5,31000
2023-03-16,122.5,122.5,127.0,121.5,125.0,67000
2023-03-17,125.0,125.0,125.0,123.0,123.5,24000
2023-03-20,126.0,126.0,126.0,125.5,125.5,22000
2023-03-21,128.0,128.0,128.5,125.5,127.0,64000
2023-03-22,127.5,127.5,128.5,126.0,128.0,28000
2023-03-23,125.0,125.0,127.5,125.0,127.5,24000
2023-03-24,127.0,127.0,127.5,126.0,126.0,30000
2023-03-27,126.0,126.0,128.0,125.5,128.0,26000
2023-03-28,125.5,125.5,126.0,125.5,126.0,2000
2023-03-29,124.5,124.5,126.5,124.5,126.5,8000
2023-03-30,125.5,125.5,125.5,124.5,125.0,14000
2023-03-31,125.5,125.5,125.5,125.5,125.5,5000
2023-04-03,168.0,168.0,169.0,168.0,169.0,3011
2023-04-04,168.0,168.0,169.0,168.0,169.0,3011
2023-04-05,168.0,168.0,169.0,168.0,169.0,3011
2023-04-06,126.5,126.5,126.5,124.5,125.5,4000
2023-04-07,126.0,126.0,127.0,125.5,126.5,5000
2023-04-10,126.0,126.0,126.5,125.0,125.5,11000
2023-04-11,130.0,130.0,132.0,125.5,126.5,78000
2023-04-12,128.5,128.5,129.5,128.0,129.5,35000
2023-04-13,127.0,127.0,128.0,126.0,128.0,32000
2023-04-14,132.0,132.0,135.0,126.0,126.0,145000
2023-04-17,145.0,145.0,145.0,133.0,133.0,298000
2023-04-18,153.5,153.5,159.0,149.0,149.5,435000
2023-04-19,153.5,153.5,157.5,150.0,151.0,208000
2023-04-20,152.5,152.5,159.5,152.0,155.0,251000
2023-04-21,142.0,142.0,150.0,139.5,150.0,282000
2023-04-24,142.5,142.5,146.5,140.0,140.0,64000
2023-04-25,137.0,137.0,143.0,136.0,143.0,127000
2023-04-26,140.0,140.0,140.0,136.5,137.0,32000
2023-04-27,143.5,143.5,145.0,139.0,139.0,62000
2023-04-28,151.0,151.0,153.5,142.0,144.5,191000
2023-05-01,168.0,168.0,169.0,168.0,169.0,3011
2023-05-02,152.5,152.5,158.0,151.5,152.5,140000
2023-05-03,148.0,148.0,154.0,146.5,154.0,80000
2023-05-04,146.0,146.0,149.5,143.0,149.5,55000
2023-05-05,143.5,143.5,147.5,143.0,146.0,81000
2023-05-08,147.0,147.0,153.0,143.0,145.0,112000
2023-05-09,142.0,142.0,147.0,140.0,147.0,98000
2023-05-10,145.5,145.5,146.0,139.5,143.0,39000
2023-05-11,144.0,144.0,148.0,142.0,148.0,45000
2023-05-12,149.5,149.5,150.0,142.0,144.5,71000
2023-05-15,147.5,147.5,151.5,144.0,151.0,42000
2023-05-16,147.0,147.0,150.0,147.0,150.0,20000
2023-05-17,146.5,146.5,148.0,146.0,148.0,39000
2023-05-18,145.5,145.5,148.0,145.0,148.0,49000
2023-05-19,143.0,143.0,147.0,143.0,146.0,41000
2023-05-22,144.5,144.5,145.0,142.5,145.0,28000
2023-05-23,145.0,145.0,145.5,144.0,145.5,19000
2023-05-24,147.5,147.5,148.0,145.5,146.0,51000
2023-05-25,148.0,148.0,148.5,146.0,148.5,34000
2023-05-26,145.0,145.0,147.0,145.0,147.0,34000
2023-05-29,146.5,146.5,146.5,145.5,146.5,12000
2023-05-30,146.5,146.5,147.0,146.5,147.0,10000
2023-05-31,144.0,144.0,146.5,144.0,146.5,30000
2023-06-01,143.0,143.0,143.0,141.5,143.0,27000
2023-06-02,142.5,142.5,144.0,141.0,143.5,30000
2023-06-05,143.0,143.0,143.0,140.0,142.5,31000
2023-06-06,144.0,144.0,144.0,141.5,141.5,3000
2023-06-07,145.0,145.0,146.0,144.0,144.0,24000
2023-06-08,145.0,145.0,145.0,143.5,143.5,3000
2023-06-09,142.5,142.5,143.5,142.0,143.5,54000
2023-06-12,141.0,141.0,141.0,140.0,141.0,57000
2023-06-13,140.5,140.5,141.5,137.0,139.0,37000
2023-06-14,140.0,140.0,141.5,140.0,141.5,67000
2023-06-15,133.0,133.0,134.0,132.5,133.0,29000
2023-06-16,132.0,132.0,133.5,132.0,133.0,11000
2023-06-19,130.0,130.0,130.0,127.5,130.0,27000
2023-06-20,130.0,130.0,130.0,129.0,129.0,10000
2023-06-21,128.5,128.5,128.5,127.5,128.0,17000
2023-06-22,168.0,168.0,169.0,168.0,169.0,3011
2023-06-23,168.0,168.0,169.0,168.0,169.0,3011
2023-06-26,129.0,129.0,130.0,127.5,130.0,5000
2023-06-27,128.0,128.0,128.5,126.5,128.0,22000
2023-06-28,128.0,128.0,128.0,126.5,127.0,4000
2023-06-29,127.5,127.5,128.0,126.0,128.0,13000
2023-06-30,126.5,126.5,127.0,125.5,127.0,19000
2023-07-03,128.5,128.5,128.5,127.5,127.5,6000
2023-07-04,126.5,126.5,127.5,126.5,127.5,26000
2023-07-05,129.0,129.0,129.0,127.0,127.0,5000
2023-07-06,127.5,127.5,130.0,127.5,130.0,7000
2023-07-07,127.5,127.5,127.5,126.5,127.5,11000
2023-07-10,130.5,130.5,132.0,128.5,128.5,21000
2023-07-11,129.5,129.5,130.0,129.0,130.0,21000
2023-07-12,129.0,129.0,129.0,128.5,129.0,12000
2023-07-13,129.0,129.0,130.0,129.0,129.5,16000
2023-07-14,128.5,128.5,128.5,127.5,127.5,21000
2023-07-17,129.5,129.5,129.5,128.0,128.0,14000
2023-07-18,136.0,136.0,140.0,132.0,132.0,139000
2023-07-19,138.0,138.0,144.5,136.5,139.0,262000
2023-07-20,137.0,137.0,139.0,136.5,138.0,54000
2023-07-21,137.0,137.0,137.0,134.5,135.5,27000
2023-07-24,132.5,132.5,135.5,132.5,135.5,26000
2023-07-25,133.5,133.5,133.5,131.5,133.0,28000
2023-07-26,136.5,136.5,136.5,134.0,134.0,13000
2023-07-27,137.0,137.0,138.0,136.5,138.0,19000
2023-07-28,136.0,136.0,136.0,135.0,135.0,3000
2023-07-31,134.5,134.5,137.5,134.5,137.0,9000
2023-08-01,134.5,134.5,134.5,134.0,134.0,6000
2023-08-02,131.5,131.5,135.5,127.0,135.5,42000
2023-08-03,168.0,168.0,169.0,168.0,169.0,3011
2023-08-04,136.5,136.5,144.0,134.5,134.5,67000
2023-08-07,137.5,137.5,137.5,136.0,136.5,9000
2023-08-08,135.5,135.5,136.5,130.0,136.0,31000
2023-08-09,135.0,135.0,137.5,133.0,137.5,10000
2023-08-10,135.0,135.0,135.0,133.5,135.0,11000
2023-08-11,136.0,136.0,137.0,136.0,137.0,24000
2023-08-14,133.5,133.5,136.0,132.0,136.0,16000
2023-08-15,135.0,135.0,135.0,130.5,132.0,15000
2023-08-16,134.5,134.5,134.5,132.0,132.0,7000
2023-08-17,134.0,134.0,135.0,133.5,133.5,6000
2023-08-18,133.5,133.5,134.0,133.5,134.0,3000
2023-08-21,133.5,133.5,134.0,133.0,133.5,6000
2023-08-22,133.0,133.0,133.0,133.0,133.0,3000
2023-08-23,135.5,135.5,138.0,131.5,133.5,34000
2023-08-24,135.0,135.0,138.0,135.0,137.0,14000
2023-08-25,133.5,133.5,134.0,133.0,134.0,6000
2023-08-28,133.0,133.0,134.0,132.5,133.5,7000
2023-08-29,135.0,135.0,135.0,135.0,135.0,4000
2023-08-30,135.0,135.0,135.0,135.0,135.0,2000
2023-08-31,137.0,137.0,141.0,137.0,137.0,51000
2023-09-01,139.0,139.0,139.5,138.0,139.5,5000
2023-09-04,136.5,136.5,136.5,136.5,136.5,3000
2023-09-05,138.5,138.5,138.5,138.0,138.0,9000
2023-09-06,138.0,138.0,138.5,138.0,138.5,6000
2023-09-07,138.0,138.0,138.0,138.0,138.0,3000
2023-09-08,139.5,139.5,139.5,139.5,139.5,1000
2023-09-11,136.5,136.5,139.0,136.0,139.0,14000
2023-09-12,136.5,136.5,136.5,135.0,136.0,7000
2023-09-13,136.0,136.0,136.0,136.0,136.0,1000
2023-09-14,136.0,136.0,136.5,135.0,136.0,14000
2023-09-18,136.0,136.0,137.0,135.5,136.0,8000
2023-09-19,136.0,136.0,138.0,135.0,135.5,9000
2023-09-20,135.5,135.5,136.0,135.0,136.0,5000
2023-09-21,133.5,133.5,135.0,133.0,134.5,13000
2023-09-22,132.5,132.5,133.5,132.5,133.0,11000
2023-09-25,134.0,134.0,134.0,132.5,133.0,9000
2023-09-27,134.5,134.5,134.5,133.0,133.0,8000
2023-09-28,133.5,133.5,134.0,133.5,134.0,3000
2023-09-29,168.0,168.0,169.0,168.0,169.0,3011
2023-10-02,135.0,135.0,135.0,133.5,133.5,2000
2023-10-04,135.0,135.0,136.0,134.0,134.0,10000
2023-10-05,135.0,135.0,136.0,134.5,134.5,4000
2023-10-06,135.5,135.5,136.5,135.5,136.5,8000
2023-10-09,168.0,168.0,169.0,168.0,169.0,3011
2023-10-10,168.0,168.0,169.0,168.0,169.0,3011
2023-10-11,136.0,136.0,136.5,135.5,136.5,4000
2023-10-12,136.5,136.5,136.5,136.0,136.5,7000
2023-10-13,136.5,136.5,137.0,136.5,136.5,14000
2023-10-16,137.0,137.0,137.0,135.5,136.0,11000
2023-10-17,136.5,136.5,136.5,136.5,136.5,1000
2023-10-18,136.0,136.0,136.0,135.5,136.0,17000
2023-10-19,136.0,136.0,136.0,135.0,135.5,8000
2023-10-20,136.0,136.0,136.0,134.0,134.5,6000
2023-10-23,134.5,134.5,134.5,134.0,134.0,4000
2023-10-24,135.0,135.0,135.0,134.5,134.5,3000
2023-10-25,136.0,136.0,136.0,134.5,135.0,5000
2023-10-26,135.0,135.0,137.5,133.0,135.5,11000
2023-10-27,136.0,136.0,136.0,134.5,135.5,5000
2023-10-30,136.0,136.0,136.0,135.0,135.5,3000
2023-10-31,136.5,136.5,139.0,136.0,136.0,11000
2023-11-01,137.0,137.0,137.0,136.0,136.5,11000
2023-11-02,138.0,138.0,138.0,137.0,137.5,9000
2023-11-03,138.0,138.0,138.0,136.5,136.5,3000
2023-11-06,141.0,141.0,143.0,139.0,139.0,22000
2023-11-07,141.0,141.0,141.0,138.0,138.0,9000
2023-11-08,141.5,141.5,143.0,140.0,141.5,18000
2023-11-09,138.0,138.0,140.0,136.5,138.5,31000
2023-11-10,138.5,138.5,138.5,138.5,138.5,1000
2023-11-13,138.0,138.0,138.0,136.0,136.5,5000
2023-11-14,138.0,138.0,138.0,138.0,138.0,3000
2023-11-15,137.0,137.0,138.0,137.0,138.0,3000
2023-11-16,138.0,138.0,138.0,137.0,137.0,2000
2023-11-17,137.0,137.0,137.0,136.5,136.5,3000
2023-11-20,137.5,137.5,138.5,136.0,138.5,16000
2023-11-21,139.0,139.0,139.0,138.0,138.0,2000
2023-11-23,139.0,139.0,139.0,139.0,139.0,1000
2023-11-27,139.0,139.0,139.5,137.0,137.0,14000
2023-11-28,139.5,139.5,140.0,138.0,138.0,3000
2023-11-29,142.0,142.0,142.0,139.5,139.5,31000
2023-11-30,143.5,143.5,144.0,141.5,142.5,36000
2023-12-01,143.5,143.5,145.0,143.0,145.0,25000
2023-12-04,142.5,142.5,143.5,141.5,143.5,12000
2023-12-05,142.5,142.5,142.5,140.0,140.0,7000
2023-12-06,142.5,142.5,142.5,141.0,141.5,6000
2023-12-07,140.0,140.0,141.5,140.0,141.5,11000
2023-12-08,141.0,141.0,141.5,139.5,141.0,10000
2023-12-11,139.5,139.5,141.0,139.0,141.0,11000
2023-12-12,139.0,139.0,140.0,139.0,139.0,19000
2023-12-13,141.0,141.0,141.0,140.0,140.0,4000
2023-12-14,141.5,141.5,141.5,139.5,140.0,17000
2023-12-15,141.0,141.0,141.5,141.0,141.5,2000
2023-12-18,141.0,141.0,141.0,140.0,140.0,4000
2023-12-19,140.5,140.5,140.5,139.5,140.0,6000
2023-12-20,140.0,140.0,140.0,139.5,139.5,3000
2023-12-21,139.5,139.5,140.0,139.5,139.5,10000
2023-12-25,140.5,140.5,142.0,139.5,139.5,8000
2023-12-26,139.0,139.0,140.0,139.0,140.0,8000
2023-12-27,140.5,140.5,141.5,139.0,139.0,5000
2023-12-28,140.0,140.0,140.0,139.0,140.0,8000
2023-12-29,140.0,140.0,141.5,140.0,140.0,6000
2024-01-01,168.0,168.0,169.0,168.0,169.0,3011
2024-01-02,142.0,142.0,142.0,140.5,140.5,2000
2024-01-03,141.0,141.0,141.0,139.0,140.0,28000
2024-01-04,141.0,141.0,141.5,139.5,141.5,13000
2024-01-05,141.0,141.0,141.0,141.0,141.0,4000
2024-01-08,141.5,141.5,142.0,141.0,141.0,6000
2024-01-09,142.5,142.5,143.0,141.5,141.5,14000
2024-01-10,142.0,142.0,143.0,139.5,143.0,16000
2024-01-11,142.0,142.0,142.5,140.5,141.0,11000
2024-01-12,142.5,142.5,142.5,141.5,141.5,2000
2024-01-15,142.0,142.0,142.5,142.0,142.0,6000
2024-01-16,142.5,142.5,142.5,140.5,141.5,12000
2024-01-17,141.0,141.0,143.0,141.0,143.0,9000
2024-01-18,141.0,141.0,142.0,140.5,141.0,6000
2024-01-19,142.0,142.0,142.0,140.5,142.0,12000
2024-01-22,141.5,141.5,141.5,140.5,140.5,13000
2024-01-23,142.0,142.0,142.0,141.5,142.0,10000
2024-01-24,142.0,142.0,143.0,142.0,142.5,9000
2024-01-25,142.5,142.5,143.0,142.0,142.5,8000
2024-01-26,142.5,142.5,143.0,142.5,143.0,6000
2024-01-29,143.0,143.0,143.5,142.0,143.5,11000
2024-01-30,142.5,142.5,142.5,142.0,142.0,2000
2024-01-31,141.0,141.0,142.0,141.0,142.0,21000
2024-02-01,140.0,140.0,141.0,139.0,140.5,21000
2024-02-02,140.0,140.0,141.5,139.5,139.5,15000
2024-02-05,140.5,140.5,140.5,140.5,140.5,1000
2024-02-06,168.0,168.0,169.0,168.0,169.0,3011
2024-02-07,168.0,168.0,169.0,168.0,169.0,3011
2024-02-08,168.0,168.0,169.0,168.0,169.0,3011
2024-02-09,168.0,168.0,169.0,168.0,169.0,3011
2024-02-12,168.0,168.0,169.0,168.0,169.0,3011
2024-02-13,168.0,168.0,169.0,168.0,169.0,3011
2024-02-14,168.0,168.0,169.0,168.0,169.0,3011
2024-02-15,144.0,144.0,146.0,141.0,141.0,66000
2024-02-16,144.0,144.0,145.0,144.0,145.0,8000
2024-02-19,147.5,147.5,148.0,144.5,144.5,33000
2024-02-20,146.5,146.5,148.0,146.5,148.0,16000
2024-02-21,146.0,146.0,146.5,145.0,146.5,12000
2024-02-22,146.5,146.5,146.5,146.0,146.0,8000
2024-02-23,146.5,146.5,147.0,146.5,147.0,6000
2024-02-26,147.0,147.0,147.5,147.0,147.0,24000
2024-02-27,146.5,146.5,146.5,144.0,146.5,37000
2024-02-28,168.0,168.0,169.0,168.0,169.0,3011
2024-02-29,147.5,147.5,147.5,146.0,146.5,13000
2024-03-01,146.5,146.5,147.5,146.0,147.5,15000
2024-03-04,147.0,147.0,147.0,147.0,147.0,10000
2024-03-05,147.5,147.5,147.5,147.0,147.0,5000
2024-03-06,146.5,146.5,147.0,146.0,146.5,10000
2024-03-07,147.0,147.0,147.0,146.5,146.5,7000
2024-03-08,147.0,147.0,147.0,146.5,147.0,19000
2024-03-11,147.0,147.0,147.0,146.0,147.0,19000
2024-03-12,147.0,147.0,147.0,146.0,146.0,25000
2024-03-13,147.0,147.0,147.0,146.0,147.0,12000
2024-03-14,146.5,146.5,146.5,146.0,146.0,4000
2024-03-15,147.0,147.0,147.5,146.0,147.0,16000
2024-03-18,147.0,147.0,147.0,145.5,147.0,17000
2024-03-19,148.0,148.0,148.0,147.0,147.0,38000
2024-03-20,148.0,148.0,148.0,147.0,147.0,34000
2024-03-21,149.0,149.0,149.0,148.5,148.5,10000
2024-03-22,149.5,149.5,150.0,148.5,150.0,7000
2024-03-25,148.0,148.0,149.0,147.0,149.0,19000
2024-03-26,148.0,148.0,148.5,146.5,147.5,24000
2024-03-27,148.0,148.0,148.5,146.5,147.0,6000
2024-03-28,147.5,147.5,147.5,146.5,146.5,5000
2024-03-29,146.5,146.5,147.0,145.5,147.0,35000
2024-04-01,147.0,147.0,147.0,145.5,146.0,13000
2024-04-02,148.0,148.0,148.0,147.0,147.0,18000
2024-04-03,148.5,148.5,148.5,147.5,148.0,8000
2024-04-04,168.0,168.0,169.0,168.0,169.0,3011
2024-04-05,168.0,168.0,169.0,168.0,169.0,3011
2024-04-08,151.5,151.5,152.0,148.5,148.5,44000
2024-04-09,150.5,150.5,152.0,150.0,151.5,18000
2024-04-10,151.5,151.5,152.5,150.5,150.5,16000
2024-04-11,155.5,155.5,160.0,154.5,160.0,58000
2024-04-12,156.5,156.5,158.5,155.5,155.5,23000
2024-04-15,158.0,158.0,158.0,155.5,158.0,21000
2024-04-16,156.5,156.5,159.0,155.5,159.0,32000
2024-04-17,157.5,157.5,158.0,156.5,158.0,12000
2024-04-18,156.0,156.0,157.5,155.5,157.5,23000
2024-04-19,154.0,154.0,155.0,150.0,155.0,56000
2024-04-22,152.0,152.0,154.0,151.5,154.0,14000
2024-04-23,153.5,153.5,155.0,151.5,152.0,20000
2024-04-24,154.5,154.5,156.0,153.5,153.5,12000
2024-04-25,155.5,155.5,156.0,153.0,155.0,9000
2024-04-26,156.0,156.0,156.0,153.5,153.5,9000
2024-04-29,156.0,156.0,156.5,155.5,156.0,9000
2024-04-30,155.5,155.5,157.5,155.5,156.0,12000
2024-05-01,168.0,168.0,169.0,168.0,169.0,3011
2024-05-02,155.0,155.0,156.0,155.0,156.0,10000
2024-05-03,156.0,156.0,156.5,155.5,155.5,22000
2024-05-06,158.0,158.0,160.0,156.0,156.5,72000
2024-05-07,159.5,159.5,160.0,157.5,158.5,31000
2024-05-08,153.0,153.0,155.0,152.0,152.0,78000
2024-05-09,155.5,155.5,157.5,150.0,152.0,30000
2024-05-10,151.0,151.0,155.5,151.0,155.5,34000
2024-05-13,150.0,150.0,150.5,149.0,149.0,35000
2024-05-14,151.5,151.5,151.5,150.0,150.0,24000
2024-05-15,151.0,151.0,151.5,149.5,151.5,11000
2024-05-16,151.0,151.0,151.0,150.0,150.5,6000
2024-05-17,150.5,150.5,151.0,150.0,150.0,8000
2024-05-20,149.0,149.0,151.0,148.5,151.0,28000
2024-05-21,148.5,148.5,149.0,148.0,149.0,11000
2024-05-22,148.0,148.0,149.0,147.0,148.5,42000
2024-05-23,146.0,146.0,148.0,145.5,148.0,24000
2024-05-24,147.0,147.0,147.0,145.5,145.5,9000
2024-05-27,147.0,147.0,147.0,146.0,146.0,7000
2024-05-28,148.0,148.0,148.0,147.0,148.0,16000
2024-05-29,154.5,154.5,155.0,148.0,148.0,109000
2024-05-30,152.5,152.5,155.0,151.5,153.5,62000
2024-05-31,152.5,152.5,153.5,151.5,153.5,26000
2024-06-03,167.5,167.5,167.5,154.0,154.0,177000
2024-06-04,184.0,184.0,184.0,184.0,184.0,83000
2024-06-05,202.0,202.0,202.0,194.0,202.0,577000
2024-06-06,191.5,191.5,207.0,191.5,194.0,295000
2024-06-07,185.5,185.5,191.5,182.5,191.5,180000
2024-06-10,168.0,168.0,169.0,168.0,169.0,3011
2024-06-11,173.5,173.5,188.5,170.0,188.0,192000
2024-06-12,179.0,179.0,179.5,173.0,174.0,52000
2024-06-13,181.5,181.5,182.0,176.5,181.0,61000
2024-06-14,179.5,179.5,183.0,178.5,183.0,44000
2024-06-17,185.0,185.0,186.0,178.0,179.5,91000
2024-06-18,172.5,172.5,179.0,172.0,177.0,97000
2024-06-19,169.5,169.5,174.0,169.0,173.0,53000
2024-06-20,172.5,172.5,173.0,169.0,170.0,16000
2024-06-21,171.5,171.5,173.0,167.5,172.0,33000
2024-06-24,172.5,172.5,175.0,170.5,171.5,16000
2024-06-25,169.0,169.0,172.0,168.0,172.0,12000
2024-06-26,165.5,165.5,169.0,165.5,168.5,47000
2024-06-27,165.0,165.0,167.5,163.5,167.0,26000
2024-06-28,165.0,165.0,167.5,165.0,165.0,18000
2024-07-01,164.5,164.5,166.0,164.0,164.0,20000
2024-07-02,165.0,165.0,166.0,165.0,165.0,16000
2024-07-03,181.5,181.5,181.5,172.5,172.5,258000
2024-07-04,173.5,173.5,191.5,173.5,191.5,325000
2024-07-05,173.5,173.5,175.5,172.5,175.0,54000
2024-07-08,174.5,174.5,178.5,173.0,178.0,55000
2024-07-09,169.0,169.0,174.0,168.0,173.0,73000
2024-07-10,172.0,172.0,172.0,168.0,168.0,19000
2024-07-11,170.5,170.5,171.5,169.0,171.0,26000
2024-07-12,171.0,171.0,173.5,170.0,170.5,29000
2024-07-15,169.5,169.5,174.0,167.5,170.0,33000
2024-07-16,171.0,171.0,173.0,168.5,168.5,19000
2024-07-17,169.5,169.5,170.0,168.0,170.0,12000
2024-07-18,168.0,168.0,169.0,167.0,169.0,10000
2024-07-19,164.5,164.5,167.0,164.0,167.0,32000
2024-07-22,161.0,161.0,162.5,160.5,162.0,16000
2024-07-23,162.5,162.5,163.5,161.0,161.0,6000
2024-07-24,168.0,168.0,169.0,168.0,169.0,3011
2024-07-25,168.0,168.0,169.0,168.0,169.0,3011
2024-07-26,162.5,162.5,167.0,162.0,162.0,25000
2024-07-29,163.5,163.5,163.5,160.0,163.0,18000
2024-07-30,162.0,162.0,162.0,161.0,161.0,14000
2024-07-31,161.0,161.0,163.5,160.5,163.5,12000
2024-08-01,166.0,166.0,168.5,162.0,163.0,41000
2024-08-02,164.5,164.5,170.0,163.0,167.0,63000
2024-08-05,156.5,156.5,161.5,154.0,161.5,53000
2024-08-06,153.0,153.0,156.5,148.0,153.5,59000
2024-08-07,158.0,158.0,159.0,153.0,153.0,14000
2024-08-08,158.0,158.0,158.0,155.0,158.0,12000
2024-08-09,156.5,156.5,160.0,156.0,156.0,15000
2024-08-12,159.0,159.0,159.5,159.0,159.5,4000
2024-08-13,157.0,157.0,157.0,156.0,156.0,5000
2024-08-14,156.0,156.0,159.0,155.0,157.0,22000
2024-08-15,157.5,157.5,157.5,155.0,157.0,12000
2024-08-16,158.0,158.0,159.0,157.5,157.5,4000
2024-08-19,159.5,159.5,159.5,157.0,157.0,14000
2024-08-20,158.5,158.5,160.0,158.5,159.0,15000
2024-08-21,160.5,160.5,163.0,158.0,158.5,29000
2024-08-22,161.5,161.5,162.5,159.5,162.0,37000
2024-08-23,160.0,160.0,160.5,160.0,160.5,7000
2024-08-26,159.0,159.0,161.5,156.5,158.5,20000
2024-08-27,158.0,158.0,158.0,157.0,157.0,5000
2024-08-28,157.5,157.5,157.5,157.0,157.5,9000
2024-08-29,157.5,157.5,157.5,156.5,156.5,2000
2024-08-30,159.5,159.5,163.0,159.0,159.0,27000
2024-09-02,160.0,160.0,160.0,160.0,160.0,1000
2024-09-03,159.5,159.5,159.5,157.5,158.5,6000
2024-09-04,155.5,155.5,155.5,154.5,154.5,9000
2024-09-05,154.5,154.5,155.5,154.5,155.5,11000
2024-09-06,153.0,153.0,155.5,151.5,154.5,27000
2024-09-09,151.5,151.5,153.0,149.0,149.0,13000
2024-09-10,150.5,150.5,151.5,150.0,151.5,9000
2024-09-11,150.5,150.5,151.0,150.5,151.0,6000
2024-09-12,151.5,151.5,151.5,150.0,150.5,9000
2024-09-13,151.5,151.5,151.5,151.0,151.0,3000
2024-09-16,152.0,152.0,152.0,152.0,152.0,2000
2024-09-17,168.0,168.0,169.0,168.0,169.0,3011
2024-09-18,153.5,153.5,155.0,152.0,152.0,9000
2024-09-19,153.0,153.0,154.5,153.0,154.0,6000
2024-09-20,154.0,154.0,154.0,153.0,153.0,11000
2024-09-23,154.0,154.0,154.5,154.0,154.5,3000
2024-09-25,155.0,155.0,155.0,154.0,155.0,7000
2024-09-26,153.5,153.5,153.5,153.5,153.5,3000
2024-09-27,153.5,153.5,155.0,152.0,153.0,10000
2024-09-30,153.0,153.0,153.5,152.0,153.5,3000
2024-10-01,153.5,153.5,153.5,153.5,153.5,1000
2024-10-02,168.0,168.0,169.0,168.0,169.0,3011
2024-10-03,168.0,168.0,169.0,168.0,169.0,3011
2024-10-04,152.5,152.5,152.5,151.5,151.5,6000
2024-10-08,154.0,154.0,154.0,151.0,151.5,6000
2024-10-09,154.0,154.0,154.0,150.0,153.5,18000
2024-10-10,168.0,168.0,169.0,168.0,169.0,3011
2024-10-14,151.5,151.5,153.0,151.5,153.0,3000
2024-10-15,151.5,151.5,152.5,151.5,152.0,5000
2024-10-16,152.0,152.0,152.5,152.0,152.0,5000
2024-10-17,153.5,153.5,153.5,151.0,152.5,19000
2024-10-18,156.0,156.0,158.5,151.0,152.0,66000
2024-10-21,155.5,155.5,156.0,155.0,155.0,9000
2024-10-22,158.0,158.0,158.0,155.0,156.0,10000
2024-10-23,161.0,161.0,161.0,159.0,159.0,7000
2024-10-24,161.0,161.0,164.5,161.0,161.5,27000
2024-10-25,162.0,162.0,163.5,159.0,163.5,14000
2024-10-28,157.0,157.0,162.0,157.0,158.0,20000
2024-10-29,156.5,156.5,158.5,156.5,157.0,6000
2024-10-30,156.5,156.5,165.0,156.5,165.0,20000
2024-10-31,168.0,168.0,169.0,168.0,169.0,3011
2024-11-01,156.5,156.5,163.0,154.0,154.0,13000
2024-11-04,157.0,157.0,157.0,157.0,157.0,1000
2024-11-06,158.0,158.0,160.5,157.5,160.5,5000
2024-11-07,158.5,158.5,158.5,158.0,158.0,3000
2024-11-08,158.0,158.0,158.5,152.0,158.5,38000
2024-11-11,156.0,156.0,157.0,156.0,157.0,4000
2024-11-12,155.0,155.0,155.5,153.5,155.5,14000
2024-11-13,155.0,155.0,155.0,155.0,155.0,3000
2024-11-14,154.5,154.5,154.5,150.5,152.0,10000
2024-11-15,155.0,155.0,155.0,153.0,154.5,6000
2024-11-18,152.0,152.0,153.0,151.0,152.0,13000
2024-11-19,154.5,154.5,154.5,153.5,153.5,3000
2024-11-20,155.0,155.0,155.0,152.5,152.5,5000
2024-11-21,155.0,155.0,155.0,155.0,155.0,1000
2024-11-22,154.0,154.0,154.0,154.0,154.0,2000
2024-11-25,156.0,156.0,156.0,154.0,154.0,3000
2024-11-26,160.0,160.0,160.0,155.0,156.0,14000
2024-11-27,156.0,156.0,158.5,155.0,156.0,15000
2024-11-28,153.0,153.0,155.0,153.0,155.0,5000
2024-11-29,154.5,154.5,155.5,152.5,152.5,6000
2024-12-02,154.5,154.5,154.5,154.5,154.5,2000
2024-12-03,154.5,154.5,154.5,154.0,154.0,5000
2024-12-04,156.0,156.0,156.5,154.5,154.5,7000
2024-12-05,161.0,161.0,161.0,155.5,156.0,25000
2024-12-06,161.5,161.5,161.5,159.5,159.5,21000
2024-12-09,160.0,160.0,161.5,160.0,161.5,8000
2024-12-10,158.5,158.5,158.5,158.0,158.0,8000
2024-12-11,159.0,159.0,159.0,158.0,158.0,5000
2024-12-12,157.0,157.0,159.0,157.0,159.0,7000
2024-12-13,158.5,158.5,159.0,158.0,158.0,6000
2024-12-16,156.5,156.5,156.5,155.5,155.5,2000
2024-12-17,160.5,160.5,162.0,158.0,158.0,43000
2024-12-18,161.5,161.5,161.5,158.5,158.5,9000
2024-12-19,159.0,159.0,160.0,158.0,160.0,9000
2024-12-20,158.0,158.0,160.0,157.0,160.0,22000
2024-12-23,159.5,159.5,159.5,159.5,159.5,1000
2024-12-24,159.5,159.5,160.0,159.0,159.5,14000
2024-12-25,161.5,161.5,161.5,160.0,160.0,17000
2024-12-26,166.5,166.5,169.0,162.0,162.5,69000
2024-12-27,167.0,167.0,168.0,166.0,167.0,18000
2024-12-30,167.0,167.0,169.5,167.0,168.5,19000
2024-12-31,166.5,166.5,167.0,163.5,165.5,35000
2025-01-01,168.0,168.0,169.0,168.0,169.0,3011
2025-01-02,164.0,164.0,164.5,164.0,164.5,13000
2025-01-03,166.5,166.5,168.0,164.0,166.0,41000
2025-01-06,165.0,165.0,167.5,165.0,167.5,24000
2025-01-07,166.0,166.0,166.0,165.5,166.0,9000
2025-01-08,165.0,165.0,165.5,164.5,165.5,9000
2025-01-09,164.5,164.5,164.5,162.0,164.0,11000
2025-01-10,166.0,166.0,168.0,166.0,166.0,19000
2025-01-13,165.0,165.0,169.0,164.0,168.0,31000
2025-01-14,167.5,167.5,169.0,165.5,165.5,19000
2025-01-15,168.0,168.0,169.0,166.5,166.5,6000
2025-01-16,176.0,176.0,176.0,169.0,169.0,67000
2025-01-17,177.0,177.0,177.0,172.5,175.0,35000
2025-01-20,175.5,175.5,177.0,175.0,177.0,16000
2025-01-21,174.0,174.0,174.5,173.0,174.0,11000
2025-01-22,175.0,175.0,175.5,173.0,175.5,20000
2025-01-23,168.0,168.0,169.0,168.0,169.0,3011
2025-01-24,168.0,168.0,169.0,168.0,169.0,3011
2025-01-27,168.0,168.0,169.0,168.0,169.0,3011
2025-01-28,168.0,168.0,169.0,168.0,169.0,3011
2025-01-29,168.0,168.0,169.0,168.0,169.0,3011
2025-01-30,168.0,168.0,169.0,168.0,169.0,3011
2025-01-31,168.0,168.0,169.0,168.0,169.0,3011
2025-02-03,171.5,171.5,175.5,171.0,175.0,20000
2025-02-04,173.0,173.0,173.0,171.5,172.0,4000
2025-02-05,173.5,173.5,173.5,170.5,173.0,15000
2025-02-06,174.5,174.5,174.5,173.5,173.5,7000
2025-02-07,177.5,177.5,178.0,175.0,175.0,21000
2025-02-10,176.0,176.0,176.0,173.5,176.0,6000
2025-02-11,169.0,169.0,172.0,168.0,172.0,51000
2025-02-12,170.0,170.0,170.0,168.0,168.0,4000
2025-02-13,168.0,168.0,169.0,163.0,169.0,61000
2025-02-14,165.5,165.5,166.5,164.5,164.5,15000
2025-02-17,168.0,168.0,169.0,166.0,166.0,17000
2025-02-18,170.5,170.5,170.5,168.5,168.5,10000
2025-02-19,171.5,171.5,171.5,170.5,170.5,12000
2025-02-20,171.0,171.0,171.0,169.0,170.5,17000
2025-02-21,172.5,172.5,173.5,170.5,173.5,8000
2025-02-25,168.0,168.0,169.5,167.5,169.5,19000
2025-02-26,169.5,169.5,169.5,168.0,168.0,3000
2025-02-27,168.0,168.0,168.5,167.5,168.5,10000
2025-02-28,168.0,168.0,169.0,168.0,169.0,3011
2025-03-03,168.5,168.5,169.5,168.0,168.0,6000
2025-03-04,169.5,169.5,169.5,168.0,168.0,7000
2025-03-05,168.5,168.5,169.0,168.5,169.0,6000
2025-03-06,169.5,169.5,169.5,168.5,168.5,2000
2025-03-07,169.0,169.0,170.5,168.0,168.5,7000
2025-03-10,170.5,170.5,171.0,169.0,169.0,14000
2025-03-11,171.0,171.0,171.0,169.0,169.5,8000
2025-03-12,171.0,171.0,171.5,170.5,171.5,13000
2025-03-13,170.0,170.0,171.5,170.0,171.5,17000
2025-03-14,169.0,169.0,170.0,169.0,170.0,8000
2025-03-17,170.0,170.0,170.0,167.0,169.0,23000
2025-03-18,170.5,170.5,170.5,170.0,170.5,3000
2025-03-19,169.5,169.5,169.5,168.5,169.5,4000
2025-03-20,169.0,169.0,170.5,168.5,168.5,10000
2025-03-21,171.0,171.0,171.5,169.0,169.0,14000
2025-03-24,173.0,173.0,177.0,172.5,177.0,6000
2025-03-25,172.0,172.0,172.0,169.5,171.0,21000
2025-03-26,169.0,169.0,171.0,168.0,171.0,21000
2025-03-27,169.5,169.5,170.5,169.0,169.0,4000
2025-03-28,168.0,168.0,171.5,168.0,171.5,7000
2025-03-31,162.5,162.5,167.0,162.0,167.0,22000
2025-04-01,164.0,164.0,164.0,161.0,162.5,11000
2025-04-02,165.5,165.5,165.5,164.0,164.0,6000
2025-04-03,168.0,168.0,169.0,168.0,169.0,3011
2025-04-04,168.0,168.0,169.0,168.0,169.0,3011
2025-04-07,149.0,149.0,149.0,149.0,149.0,23000
2025-04-08,142.0,142.0,149.5,137.5,137.5,69000
2025-04-09,135.5,135.5,141.5,135.0,140.0,56000
2025-04-10,149.0,149.0,149.0,149.0,149.0,16000
2025-04-11,158.0,158.0,162.5,148.5,148.5,85000
2025-04-14,158.0,158.0,158.0,158.0,158.0,15000
2025-04-15,160.0,160.0,160.0,160.0,160.0,1000
2025-04-16,158.0,158.0,161.0,158.0,161.0,4000
2025-04-17,158.0,158.0,158.0,155.5,155.5,2000
2025-04-21,152.0,152.0,155.0,150.0,155.0,9000
2025-04-22,152.0,152.0,152.0,152.0,152.0,3000
2025-04-23,154.5,154.5,156.0,154.5,155.0,4000
2025-04-24,154.5,154.5,156.0,154.5,156.0,6000
2025-04-25,163.0,163.0,165.5,160.0,160.0,22000
2025-04-28,173.0,173.0,175.5,165.0,165.0,57000
2025-04-29,174.0,174.0,174.0,166.0,172.5,25000
2025-04-30,168.0,168.0,170.0,167.0,170.0,11000
2025-05-01,168.0,168.0,169.0,168.0,169.0,3011
2025-05-02,172.0,172.0,172.0,167.0,167.0,17000
2025-05-05,176.5,176.5,178.0,172.0,173.0,80000
2025-05-06,173.5,173.5,179.0,173.5,179.0,38000
2025-05-07,174.0,174.0,175.5,169.0,173.0,19000
2025-05-08,171.5,171.5,174.5,171.5,174.0,9000
2025-05-09,172.0,172.0,175.0,171.5,175.0,9000
2025-05-12,174.0,174.0,175.0,172.0,173.0,9000
2025-05-13,172.0,172.0,174.0,171.5,174.0,9000
2025-05-14,172.5,172.5,172.5,170.0,172.0,11000
2025-05-15,171.5,171.5,171.5,170.5,171.0,13000
2025-05-16,171.0,171.0,172.5,170.5,172.5,17000
2025-05-19,172.5,172.5,174.0,172.0,172.0,14000
2025-05-20,173.5,173.5,174.0,173.0,173.5,16000
2025-05-21,174.0,174.0,174.0,172.0,172.0,10000
2025-05-22,172.0,172.0,172.0,170.5,172.0,11000
2025-05-23,172.0,172.0,172.5,172.0,172.0,7000
2025-05-26,172.0,172.0,173.5,172.0,173.5,4000
2025-05-27,172.5,172.5,172.5,172.0,172.0,8000
2025-05-28,172.0,172.0,172.5,172.0,172.5,4000
2025-05-29,170.0,170.0,170.5,170.0,170.0,3000
2025-05-30,168.0,168.0,169.0,168.0,169.0,3011
2025-06-02,170.5,170.5,170.5,170.5,170.5,3000
2025-06-03,169.0,169.0,169.0,169.0,169.0,1000
2025-06-04,170.0,170.0,170.0,170.0,170.0,1000
2025-06-05,171.5,171.5,171.5,170.0,170.5,8000
2025-06-06,170.0,170.0,170.0,170.0,170.0,1000
2025-06-09,170.5,170.5,170.5,170.0,170.5,4000
2025-06-10,170.0,170.0,170.0,168.0,168.0,15000
2025-06-11,169.5,169.5,169.5,168.0,168.0,7000
2025-06-12,168.5,168.5,168.5,168.5,168.5,9000
2025-06-13,170.0,170.0,170.0,168.0,168.5,8000
2025-06-16,170.0,170.0,170.0,169.0,169.0,9000
2025-06-17,164.5,164.5,166.0,163.0,163.0,11000
2025-06-18,163.0,163.0,163.0,162.5,162.5,3000
2025-06-19,162.5,162.5,163.0,162.5,163.0,4000
2025-06-20,160.0,160.0,161.0,160.0,161.0,4000
2025-06-24,163.5,163.5,163.5,158.0,161.0,8000
2025-06-25,160.5,160.5,160.5,160.5,160.5,1000
2025-06-26,160.0,160.0,160.5,160.0,160.5,3000
2025-06-27,160.0,160.0,163.5,160.0,160.0,10000
2025-06-30,159.0,159.0,159.0,159.0,159.0,2000
2025-07-01,161.5,161.5,161.5,160.0,160.0,2000
2025-07-03,160.5,160.5,161.0,160.5,161.0,2000
2025-07-04,160.5,160.5,160.5,157.0,157.0,3000
2025-07-07,160.0,160.0,160.0,160.0,160.0,2000
2025-07-08,160.5,160.5,160.5,157.5,158.0,17000
2025-07-09,160.0,160.0,160.0,158.0,158.0,4000
2025-07-10,160.0,160.0,161.0,160.0,161.0,5000
2025-07-11,161.0,161.0,161.0,160.0,160.0,3000
2025-07-14,160.0,160.0,160.0,160.0,160.0,4000
2025-07-15,160.0,160.0,160.5,160.0,160.5,2000
2025-07-17,160.5,160.5,160.5,160.5,160.5,1000
2025-07-18,159.5,159.5,159.5,159.5,159.5,1000
2025-07-21,159.5,159.5,159.5,159.5,159.5,1000
2025-07-22,159.5,159.5,159.5,159.5,159.5,1000
2025-07-23,161.0,161.0,161.0,160.5,161.0,4000
2025-07-24,161.0,161.0,161.5,160.0,161.5,4000
2025-07-25,161.0,161.0,161.0,161.0,161.0,1000
2025-07-28,160.0,160.0,161.0,160.0,161.0,3000
2025-07-29,161.0,161.0,161.0,160.0,161.0,4000
2025-07-30,159.5,159.5,160.0,159.5,160.0,6000
2025-07-31,160.0,160.0,160.0,160.0,160.0,2000
2025-08-01,160.5,160.5,160.5,160.0,160.0,2000
2025-08-04,159.5,159.5,159.5,159.5,159.5,2000
2025-08-05,161.0,161.0,162.0,161.0,161.5,13000
2025-08-06,162.0,162.0,162.0,160.0,162.0,11000
2025-08-07,164.0,164.0,164.0,162.0,164.0,15000
2025-08-08,164.0,164.0,165.5,164.0,164.5,6000
2025-08-11,165.5,165.5,165.5,165.5,165.5,6000
2025-08-12,166.0,166.0,167.0,166.0,166.0,10000
2025-08-13,168.0,168.0,169.5,167.5,169.5,3000
2025-08-14,167.0,167.0,167.0,167.0,167.0,2000
2025-08-15,167.0,167.0,169.0,165.0,169.0,8000
2025-08-18,167.5,167.5,167.5,166.0,167.0,6000
2025-08-19,168.0,168.0,169.5,168.0,169.0,5000
2025-08-20,166.0,166.0,167.0,166.0,167.0,5000
2025-08-21,167.5,167.5,171.0,166.0,166.0,5000
2025-08-22,167.5,167.5,167.5,161.5,166.0,16000
2025-08-25,163.5,163.5,165.0,162.5,165.0,24000
2025-08-26,164.0,164.0,164.0,162.0,163.5,16000
2025-08-27,165.0,165.0,165.0,164.0,165.0,14000
2025-08-28,170.5,170.5,171.0,165.0,165.0,34000
2025-08-29,174.0,174.0,174.0,170.5,170.5,28000
2025-09-01,172.5,172.5,173.0,172.5,173.0,18000
2025-09-02,170.5,170.5,172.5,170.0,172.5,8000
2025-09-03,168.5,168.5,170.0,168.5,170.0,8000
2025-09-04,168.0,168.0,169.0,167.5,169.0,18000
2025-09-05,170.5,170.5,170.5,168.5,168.5,3000
2025-09-08,171.0,171.0,171.0,170.5,171.0,7000
2025-09-09,170.0,170.0,172.0,170.0,172.0,11000
2025-09-10,173.0,173.0,173.0,172.0,172.5,15000
2025-09-11,174.5,174.5,176.0,174.5,174.5,18000
2025-09-12,175.0,175.0,175.0,174.0,174.5,4000
2025-09-15,174.0,174.0,176.0,174.0,176.0,7000
2025-09-16,174.0,174.0,174.0,172.0,173.0,9000
2025-09-17,174.0,174.0,175.5,173.0,175.0,11000
2025-09-19,173.5,173.5,173.5,171.0,172.0,12000
2025-09-22,172.0,172.0,174.0,172.0,174.0,2000
2025-09-23,173.0,173.0,173.5,172.0,173.5,3000
2025-09-24,171.5,171.5,171.5,171.0,171.0,4000
2025-09-25,175.0,175.0,177.0,175.0,177.0,20000
2025-09-26,172.5,172.5,175.5,172.0,173.0,9000
2025-09-29,168.0,168.0,169.0,168.0,169.0,3011
2025-09-30,174.0,174.0,175.5,172.0,174.5,5000
2025-10-01,173.5,173.5,175.5,173.5,175.5,5000
2025-10-02,174.5,174.5,174.5,172.0,173.0,6000
2025-10-03,173.5,173.5,174.5,173.5,174.5,2000
2025-10-06,168.0,168.0,169.0,168.0,169.0,3011
2025-10-07,175.0,175.0,175.0,174.5,174.5,6000
2025-10-08,175.0,175.0,176.0,175.0,176.0,3000
2025-10-09,174.0,174.0,174.0,172.5,173.5,5000
2025-10-10,168.0,168.0,169.0,168.0,169.0,3011
2025-10-13,175.0,175.0,176.0,174.5,175.0,6000
2025-10-14,173.5,173.5,175.0,173.5,175.0,9000
2025-10-15,174.5,174.5,174.5,173.0,173.0,3000
2025-10-16,175.5,175.5,175.5,175.0,175.0,4000
2025-10-17,175.0,175.0,175.5,175.0,175.5,3000
2025-10-20,175.0,175.0,175.0,174.5,174.5,4000
2025-10-21,175.5,175.5,176.0,174.5,175.0,7000
2025-10-22,175.5,175.5,175.5,175.0,175.5,9000
2025-10-23,176.0,176.0,176.0,173.5,174.5,9000
2025-10-24,168.0,168.0,169.0,168.0,169.0,3011
2025-10-27,175.0,175.0,175.5,175.0,175.5,9000
2025-10-28,174.0,174.0,174.5,173.5,174.5,7000
2025-10-29,174.5,174.5,175.0,174.0,174.0,6000
2025-10-30,174.0,174.0,174.0,174.0,174.0,2000
2025-10-31,174.0,174.0,174.0,171.5,172.5,18000
2025-11-03,174.0,174.0,175.0,173.5,175.0,7000
2025-11-04,175.0,175.0,175.0,173.5,175.0,9000
2025-11-05,174.0,174.0,174.0,172.0,173.0,9000
2025-11-06,174.0,174.0,176.0,174.0,175.5,5000
2025-11-07,172.5,172.5,173.5,172.5,173.5,7000
2025-11-10,173.5,173.5,173.5,172.5,173.5,7000
2025-11-11,172.5,172.5,174.0,172.5,173.5,14000
2025-11-12,174.5,174.5,174.5,172.0,172.0,14000
2025-11-13,173.5,173.5,176.0,173.5,176.0,3000
2025-11-14,172.0,172.0,173.5,172.0,173.5,4000
2025-11-17,172.5,172.5,174.0,172.5,173.0,10000
2025-11-18,170.0,170.0,172.0,170.0,172.0,16000
2025-11-19,170.5,170.5,170.5,170.0,170.0,4000
2025-11-20,171.5,171.5,174.5,171.0,171.0,8000
2025-11-21,172.0,172.0,172.0,170.0,170.0,2000
2025-11-24,170.0,170.0,171.0,170.0,171.0,4000
2025-11-25,171.0,171.0,171.0,170.0,170.5,4000
2025-11-26,173.0,173.0,173.0,172.5,172.5,2000
2025-11-27,173.0,173.0,173.0,173.0,173.0,4000
2025-11-28,172.5,172.5,173.0,172.5,173.0,4000
2025-12-01,171.5,171.5,171.5,171.5,171.5,1000
2025-12-02,173.0,173.0,173.0,171.5,172.0,5000
2025-12-03,173.0,173.0,173.0,173.0,173.0,1000
2025-12-04,173.5,173.5,174.0,173.5,173.5,5000
2025-12-05,175.0,175.0,176.5,175.0,176.5,4000
2025-12-08,177.5,177.5,180.0,176.0,180.0,12000
2025-12-09,177.5,177.5,178.0,177.0,177.0,8000
2025-12-10,183.0,183.0,183.0,178.0,178.0,32000
2025-12-12,181.5,181.5,182.5,180.5,182.5,12000
2025-12-15,180.5,180.5,181.5,180.0,181.5,5000
2025-12-16,180.0,180.0,180.0,178.0,179.5,10000
2025-12-17,180.0,180.0,180.0,180.0,180.0,2000
2025-12-18,177.5,177.5,178.0,177.5,178.0,2000
2025-12-19,180.0,180.0,181.0,180.0,180.5,5000
2025-12-22,178.5,178.5,179.0,178.5,179.0,5000
2025-12-23,179.0,179.0,179.0,178.0,178.5,6000
2025-12-24,179.5,179.5,179.5,178.0,178.0,5000
2025-12-25,168.0,168.0,169.0,168.0,169.0,3011
2025-12-26,179.0,179.0,179.5,178.5,178.5,4000
2025-12-29,180.0,180.0,181.5,180.0,181.5,5000
2025-12-30,180.5,180.5,181.0,180.5,180.5,6000
2025-12-31,181.0,181.0,182.0,181.0,181.5,11000
2026-01-01,168.0,168.0,169.0,168.0,169.0,3011
2026-01-02,182.0,182.0,182.0,180.0,180.0,11000
2026-01-05,182.0,182.0,183.5,182.0,183.0,10000
2026-01-06,181.5,181.5,182.0,180.0,182.0,15000
2026-01-07,186.0,186.0,186.0,180.5,180.5,16000
2026-01-08,185.0,185.0,187.0,182.5,182.5,14000
2026-01-09,185.5,185.5,186.0,182.5,182.5,8000
2026-01-12,182.0,182.0,182.5,180.0,182.0,35000
2026-01-13,183.0,183.0,183.0,182.0,182.0,6000
2026-01-14,185.0,185.0,185.0,181.5,181.5,21000
2026-01-15,185.5,185.5,185.5,183.0,183.5,7000
2026-01-16,184.0,184.0,184.5,183.0,184.5,5000
2026-01-19,181.0,181.0,183.0,180.0,183.0,28000
2026-01-20,180.5,180.5,180.5,180.5,180.5,1000
2026-01-21,180.0,180.0,180.5,179.0,180.5,8000
2026-01-22,183.0,183.0,183.0,182.0,182.0,12000
2026-01-23,182.0,182.0,184.5,182.0,183.0,6000
2026-01-26,184.0,184.0,187.0,184.0,185.5,18000
2026-01-27,185.0,185.0,187.0,185.0,187.0,2000
2026-01-29,184.5,184.5,184.5,176.0,183.5,21000
2026-01-30,181.0,181.0,181.0,180.5,180.5,3000
2026-02-02,177.5,177.5,181.0,176.5,181.0,21000
2026-02-03,180.0,180.0,180.0,177.5,177.5,2000
2026-02-04,178.0,178.0,179.5,178.0,179.5,9000
2026-02-05,179.5,179.5,179.5,176.5,177.0,11000
2026-02-06,177.5,177.5,179.0,176.5,176.5,5000
2026-02-09,176.0,176.0,177.5,176.0,177.5,10000
2026-02-10,177.0,177.0,177.0,175.0,175.0,11000
2026-02-11,176.5,176.5,178.0,176.0,177.0,11000
2026-02-12,168.0,168.0,169.0,168.0,169.0,3011
2026-02-13,168.0,168.0,169.0,168.0,169.0,3011
2026-02-16,168.0,168.0,169.0,168.0,169.0,3011
2026-02-17,168.0,168.0,169.0,168.0,169.0,3011
2026-02-18,168.0,168.0,169.0,168.0,169.0,3011
2026-02-19,168.0,168.0,169.0,168.0,169.0,3011
2026-02-20,168.0,168.0,169.0,168.0,169.0,3011
2026-02-23,177.5,177.5,178.5,175.0,175.0,17000
2026-02-24,173.0,173.0,176.0,173.0,176.0,37000
2026-02-25,170.0,170.0,173.0,168.0,173.0,56000
2026-02-26,170.0,170.0,171.0,167.5,170.0,19000
2026-02-27,168.0,168.0,169.0,168.0,169.0,3011
2026-03-02,171.5,171.5,173.5,170.5,170.5,9000
2026-03-03,169.0,169.0,171.5,169.0,170.0,9000
2026-03-04,166.5,166.5,169.0,166.5,168.0,19000
2026-03-05,169.0,169.0,169.0,168.0,168.0,4000
2026-03-06,171.0,171.0,171.0,168.0,169.0,4000
2026-03-09,169.5,169.5,169.5,169.0,169.0,3000
2026-03-10,167.5,167.5,171.0,167.5,171.0,13000
2026-03-11,168.5,168.5,169.0,168.0,168.0,8000
2026-03-13,168.5,168.5,170.0,168.5,169.5,6000
2026-03-16,169.0,169.0,169.0,167.5,168.5,8000
2026-03-17,170.0,170.0,170.0,170.0,170.0,1000
2026-03-18,170.0,170.0,170.0,170.0,170.0,2000
2026-03-19,170.0,170.0,170.0,170.0,170.0,1000
2026-03-20,170.0,170.0,170.5,168.5,168.5,3000
2026-03-23,167.0,167.0,168.0,166.5,168.0,13000
2026-03-24,167.5,167.5,168.5,167.0,167.0,5000
2026-03-25,168.5,168.5,168.5,168.5,168.5,1000
2026-03-26,169.0,169.0,169.0,168.5,168.5,3000
2026-03-27,168.5,168.5,168.5,168.5,168.5,1000
2026-03-30,170.0,170.0,170.0,167.0,167.0,4000
2026-03-31,167.0,167.0,167.0,167.0,167.0,2000
2026-04-01,168.5,168.5,169.0,168.5,169.0,2000
2026-04-02,168.0,168.0,168.0,168.0,168.0,2000
2026-04-03,168.0,168.0,169.0,168.0,169.0,3011
2026-04-06,168.0,168.0,169.0,168.0,169.0,3011
2026-04-07,169.0,169.0,169.0,169.0,169.0,2000
2026-04-08,170.0,170.0,170.0,170.0,170.0,1000
2026-04-09,170.0,170.0,170.0,169.0,169.0,3000
2026-04-10,169.5,169.5,170.5,169.5,170.5,7000
2026-04-13,169.0,169.0,169.5,169.0,169.0,7000
2026-04-14,170.5,170.5,171.5,170.0,171.5,4000
2026-04-15,170.0,170.0,170.0,168.5,170.0,20000
2026-04-16,169.0,169.0,170.5,168.0,170.5,18000
2026-04-17,169.5,169.5,170.0,169.0,169.0,7000
2026-04-20,172.0,172.0,172.5,170.0,170.0,18000
2026-04-21,172.5,172.5,173.5,171.0,171.5,20000
2026-04-22,175.0,175.0,175.0,171.5,171.5,25000
2026-04-23,172.5,172.5,175.0,172.0,175.0,11000
2026-04-24,173.5,173.5,175.5,173.5,174.0,8000
2026-04-27,172.5,172.5,173.0,171.0,173.0,23000
2026-04-28,172.5,172.5,172.5,170.0,171.5,15000
2026-04-29,169.0,169.0,172.0,168.0,170.5,28000
2026-04-30,169.0,169.0,169.0,168.5,169.0,5000
2026-05-01,168.0,168.0,169.0,168.0,169.0,3011
2026-05-04,169.5,169.5,170.5,169.0,170.5,14000
2026-05-05,171.5,171.5,172.5,170.5,170.5,12000
2026-05-06,172.5,172.5,172.5,171.5,171.5,4000
2026-05-07,171.5,171.5,174.0,171.0,174.0,9000
2026-05-08,172.5,172.5,172.5,171.5,172.0,8000
2026-05-11,175.0,175.0,178.5,174.0,174.0,22000
2026-05-12,175.0,175.0,175.5,175.0,175.5,4000
2026-05-13,173.5,173.5,174.0,173.0,174.0,6000
2026-05-14,173.5,173.5,174.5,173.5,174.5,2000
2026-05-15,173.5,173.5,174.0,173.5,173.5,7000
2026-05-18,172.5,172.5,173.0,172.0,173.0,8000
2026-05-19,171.5,171.5,172.0,171.0,172.0,7000
2026-05-20,173.0,173.0,173.0,171.0,171.0,2000
2026-05-21,174.0,174.0,174.0,172.0,173.5,8000
2026-05-22,173.0,173.0,175.0,170.5,175.0,18000
2026-05-25,172.0,172.0,173.0,172.0,173.0,23000
2026-05-26,172.5,172.5,172.5,170.0,172.0,19000
2026-05-27,172.0,172.0,172.5,171.5,172.5,7000
2026-05-28,189.0,189.0,189.0,189.0,189.0,117000
2026-05-29,186.0,186.0,191.0,179.0,191.0,124000
2026-06-01,181.5,181.5,182.0,177.0,179.5,66000
2026-06-02,181.0,181.0,183.0,179.0,183.0,33000
2026-06-03,184.0,184.0,185.5,182.0,185.5,27000
2026-06-04,184.0,184.0,184.0,182.0,184.0,8000
2026-06-05,180.5,180.5,182.0,178.5,179.5,10000
2026-06-08,181.5,181.5,181.5,175.0,175.0,14000
2026-06-09,181.5,181.5,182.0,179.0,181.0,15000
2026-06-10,182.0,182.0,182.5,181.5,181.5,15000
2026-06-11,181.0,181.0,181.5,179.0,181.5,10000
2026-06-12,182.0,182.0,184.0,182.0,184.0,3000
2026-06-15,180.5,180.5,182.5,180.5,182.0,14000
2026-06-16,180.0,180.0,181.0,179.5,180.0,21000
2026-06-17,172.0,172.0,172.5,172.0,172.5,8000
2026-06-18,172.0,172.0,172.5,172.0,172.5,8000
2026-06-19,168.0,168.0,169.0,168.0,169.0,3011
2026-06-22,172.5,172.5,174.0,170.5,172.0,48000
2026-06-23,172.5,172.5,173.0,172.0,172.0,10000
2026-06-24,171.5,171.5,172.5,171.0,172.5,4000
2026-06-25,172.0,172.0,172.0,171.5,171.5,3000
2026-06-26,171.0,171.0,172.0,171.0,172.0,6000
2026-06-29,169.0,169.0,170.0,169.0,170.0,7000
2026-06-30,169.5,169.5,172.5,169.5,172.5,6000
2026-07-01,169.5,169.5,170.0,169.5,170.0,8000
2026-07-02,169.0,169.0,169.5,169.0,169.5,2000
2026-07-03,169.0,169.0,171.5,168.5,168.5,6000
2026-07-06,171.5,171.5,171.5,171.5,171.5,2000
2026-07-07,170.0,170.0,171.0,170.0,170.5,8000
2026-07-08,171.0,171.0,171.0,169.5,169.5,4000
2026-07-09,171.5,171.5,171.5,171.5,171.5,1000
2026-07-10,168.0,168.0,169.0,168.0,169.0,3011
2026-07-13,171.5,171.5,172.5,171.5,172.5,4000
2026-07-14,170.0,170.0,170.0,169.0,169.5,7000
2026-07-15,170.0,170.0,170.0,170.0,170.0,2000
2026-07-16,169.0,169.0,169.5,168.0,169.5,24000
2026-07-17,166.5,166.5,169.0,166.5,169.0,15000
2026-07-20,166.0,166.0,167.0,166.0,166.0,7000
2026-07-21,171.5,171.5,171.5,171.5,171.5,1000
2026-07-22,169.5,169.5,169.5,169.5,169.5,1000
2026-07-23,168.0,168.0,168.0,168.0,168.0,3000
2026-07-24,168.0,168.0,168.0,168.0,168.0,3000
2026-07-27,168.0,168.0,168.5,168.0,168.5,5000
2026-07-28,168.0,168.0,169.0,167.0,168.0,5000
2026-07-29,168.0,168.0,169.0,166.0,166.5,6000
2026-07-30,167.5,167.5,168.0,166.0,168.0,15000
2026-07-31,167.0,167.0,168.5,167.0,168.5,6000
2026-08-03,169.0,169.0,169.0,166.5,166.5,5000
2026-08-05,169.5,169.5,170.0,168.5,168.5,9000
2026-08-06,169.0,169.0,170.0,169.0,170.0,2000
2026-08-07,169.5,169.5,169.5,167.0,167.5,6000
2026-08-11,169.0,169.0,169.5,169.0,169.5,3000
2026-08-12,169.0,169.0,169.0,169.0,169.0,3000
2026-08-13,170.0,170.0,170.0,170.0,170.0,1000
2026-08-14,169.0,169.0,169.0,168.0,168.0,2000
2026-08-17,168.0,168.0,168.0,168.0,168.0,2000
2026-08-18,169.5,169.5,169.5,169.0,169.0,2000
2026-08-19,168.5,168.5,169.5,168.5,169.5,3000
2026-08-20,168.5,168.5,168.5,168.5,168.5,3000
2026-08-21,168.0,168.0,169.0,168.0,169.0,3000
2026-08-24,168.5,168.5,168.5,166.5,168.0,20288
2026-08-25,168.5,168.5,169.0,168.5,168.5,8678
