Date,Adj Close,Close,High,Low,Open,Volume
2016-08-12,50.5,50.5,50.9,50.5,50.5,8106
2016-08-15,50.5,50.5,50.9,50.5,50.5,8106
2016-08-16,50.5,50.5,50.9,50.5,50.5,8106
2016-08-17,50.5,50.5,50.9,50.5,50.5,8106
2016-08-18,50.5,50.5,50.9,50.5,50.5,8106
2016-08-19,50.5,50.5,50.9,50.5,50.5,8106
2016-08-22,50.5,50.5,50.9,50.5,50.5,8106
2016-08-23,50.5,50.5,50.9,50.5,50.5,8106
2016-08-24,50.5,50.5,50.9,50.5,50.5,8106
2016-08-25,50.5,50.5,50.9,50.5,50.5,8106
2016-08-26,50.5,50.5,50.9,50.5,50.5,8106
2016-08-29,50.5,50.5,50.9,50.5,50.5,8106
2016-08-30,50.5,50.5,50.9,50.5,50.5,8106
2016-08-31,50.5,50.5,50.9,50.5,50.5,8106
2016-09-01,50.5,50.5,50.9,50.5,50.5,8106
2016-09-02,50.5,50.5,50.9,50.5,50.5,8106
2016-09-05,50.5,50.5,50.9,50.5,50.5,8106
2016-09-06,50.5,50.5,50.9,50.5,50.5,8106
2016-09-07,50.5,50.5,50.9,50.5,50.5,8106
2016-09-08,50.5,50.5,50.9,50.5,50.5,8106
2016-09-09,50.5,50.5,50.9,50.5,50.5,8106
2016-09-12,50.5,50.5,50.9,50.5,50.5,8106
2016-09-13,50.5,50.5,50.9,50.5,50.5,8106
2016-09-14,50.5,50.5,50.9,50.5,50.5,8106
2016-09-19,50.5,50.5,50.9,50.5,50.5,8106
2016-09-20,50.5,50.5,50.9,50.5,50.5,8106
2016-09-21,50.5,50.5,50.9,50.5,50.5,8106
2016-09-22,50.5,50.5,50.9,50.5,50.5,8106
2016-09-23,50.5,50.5,50.9,50.5,50.5,8106
2016-09-26,50.5,50.5,50.9,50.5,50.5,8106
2016-09-29,50.5,50.5,50.9,50.5,50.5,8106
2016-09-30,50.5,50.5,50.9,50.5,50.5,8106
2016-10-03,50.5,50.5,50.9,50.5,50.5,8106
2016-10-04,50.5,50.5,50.9,50.5,50.5,8106
2016-10-05,50.5,50.5,50.9,50.5,50.5,8106
2016-10-06,50.5,50.5,50.9,50.5,50.5,8106
2016-10-07,50.5,50.5,50.9,50.5,50.5,8106
2016-10-11,50.5,50.5,50.9,50.5,50.5,8106
2016-10-12,50.5,50.5,50.9,50.5,50.5,8106
2016-10-13,50.5,50.5,50.9,50.5,50.5,8106
2016-10-14,50.5,50.5,50.9,50.5,50.5,8106
2016-10-17,50.5,50.5,50.9,50.5,50.5,8106
2016-10-18,50.5,50.5,50.9,50.5,50.5,8106
2016-10-19,50.5,50.5,50.9,50.5,50.5,8106
2016-10-20,50.5,50.5,50.9,50.5,50.5,8106
2016-10-21,50.5,50.5,50.9,50.5,50.5,8106
2016-10-24,50.5,50.5,50.9,50.5,50.5,8106
2016-10-25,50.5,50.5,50.9,50.5,50.5,8106
2016-10-26,50.5,50.5,50.9,50.5,50.5,8106
2016-10-27,50.5,50.5,50.9,50.5,50.5,8106
2016-10-28,50.5,50.5,50.9,50.5,50.5,8106
2016-10-31,50.5,50.5,50.9,50.5,50.5,8106
2016-11-01,50.5,50.5,50.9,50.5,50.5,8106
2016-11-02,50.5,50.5,50.9,50.5,50.5,8106
2016-11-03,50.5,50.5,50.9,50.5,50.5,8106
2016-11-04,50.5,50.5,50.9,50.5,50.5,8106
2016-11-07,50.5,50.5,50.9,50.5,50.5,8106
2016-11-08,50.5,50.5,50.9,50.5,50.5,8106
2016-11-09,50.5,50.5,50.9,50.5,50.5,8106
2016-11-10,50.5,50.5,50.9,50.5,50.5,8106
2016-11-11,50.5,50.5,50.9,50.5,50.5,8106
2016-11-14,50.5,50.5,50.9,50.5,50.5,8106
2016-11-15,50.5,50.5,50.9,50.5,50.5,8106
2016-11-16,50.5,50.5,50.9,50.5,50.5,8106
2016-11-17,50.5,50.5,50.9,50.5,50.5,8106
2016-11-18,50.5,50.5,50.9,50.5,50.5,8106
2016-11-21,50.5,50.5,50.9,50.5,50.5,8106
2016-11-22,50.5,50.5,50.9,50.5,50.5,8106
2016-11-23,50.5,50.5,50.9,50.5,50.5,8106
2016-11-24,50.5,50.5,50.9,50.5,50.5,8106
2016-11-25,50.5,50.5,50.9,50.5,50.5,8106
2016-11-28,50.5,50.5,50.9,50.5,50.5,8106
2016-11-29,50.5,50.5,50.9,50.5,50.5,8106
2016-11-30,50.5,50.5,50.9,50.5,50.5,8106
2016-12-01,50.5,50.5,50.9,50.5,50.5,8106
2016-12-02,50.5,50.5,50.9,50.5,50.5,8106
2016-12-05,50.5,50.5,50.9,50.5,50.5,8106
2016-12-06,50.5,50.5,50.9,50.5,50.5,8106
2016-12-07,50.5,50.5,50.9,50.5,50.5,8106
2016-12-08,50.5,50.5,50.9,50.5,50.5,8106
2016-12-09,50.5,50.5,50.9,50.5,50.5,8106
2016-12-12,50.5,50.5,50.9,50.5,50.5,8106
2016-12-13,50.5,50.5,50.9,50.5,50.5,8106
2016-12-14,50.5,50.5,50.9,50.5,50.5,8106
2016-12-15,50.5,50.5,50.9,50.5,50.5,8106
2016-12-16,50.5,50.5,50.9,50.5,50.5,8106
2016-12-19,50.5,50.5,50.9,50.5,50.5,8106
2016-12-20,50.5,50.5,50.9,50.5,50.5,8106
2016-12-21,50.5,50.5,50.9,50.5,50.5,8106
2016-12-22,50.5,50.5,50.9,50.5,50.5,8106
2016-12-23,50.5,50.5,50.9,50.5,50.5,8106
2016-12-26,50.5,50.5,50.9,50.5,50.5,8106
2016-12-27,50.5,50.5,50.9,50.5,50.5,8106
2016-12-28,50.5,50.5,50.9,50.5,50.5,8106
2016-12-29,50.5,50.5,50.9,50.5,50.5,8106
2016-12-30,50.5,50.5,50.9,50.5,50.5,8106
2017-01-03,50.5,50.5,50.9,50.5,50.5,8106
2017-01-04,50.5,50.5,50.9,50.5,50.5,8106
2017-01-05,50.5,50.5,50.9,50.5,50.5,8106
2017-01-06,50.5,50.5,50.9,50.5,50.5,8106
2017-01-09,50.5,50.5,50.9,50.5,50.5,8106
2017-01-10,50.5,50.5,50.9,50.5,50.5,8106
2017-01-11,50.5,50.5,50.9,50.5,50.5,8106
2017-01-12,50.5,50.5,50.9,50.5,50.5,8106
2017-01-13,50.5,50.5,50.9,50.5,50.5,8106
2017-01-16,50.5,50.5,50.9,50.5,50.5,8106
2017-01-17,50.5,50.5,50.9,50.5,50.5,8106
2017-01-18,50.5,50.5,50.9,50.5,50.5,8106
2017-01-19,50.5,50.5,50.9,50.5,50.5,8106
2017-01-20,50.5,50.5,50.9,50.5,50.5,8106
2017-01-23,50.5,50.5,50.9,50.5,50.5,8106
2017-01-24,50.5,50.5,50.9,50.5,50.5,8106
2017-02-02,50.5,50.5,50.9,50.5,50.5,8106
2017-02-03,50.5,50.5,50.9,50.5,50.5,8106
2017-02-06,50.5,50.5,50.9,50.5,50.5,8106
2017-02-07,50.5,50.5,50.9,50.5,50.5,8106
2017-02-08,50.5,50.5,50.9,50.5,50.5,8106
2017-02-09,50.5,50.5,50.9,50.5,50.5,8106
2017-02-10,50.5,50.5,50.9,50.5,50.5,8106
2017-02-13,50.5,50.5,50.9,50.5,50.5,8106
2017-02-14,50.5,50.5,50.9,50.5,50.5,8106
2017-02-15,50.5,50.5,50.9,50.5,50.5,8106
2017-02-16,50.5,50.5,50.9,50.5,50.5,8106
2017-02-17,50.5,50.5,50.9,50.5,50.5,8106
2017-02-20,50.5,50.5,50.9,50.5,50.5,8106
2017-02-21,50.5,50.5,50.9,50.5,50.5,8106
2017-02-22,50.5,50.5,50.9,50.5,50.5,8106
2017-02-23,50.5,50.5,50.9,50.5,50.5,8106
2017-02-24,50.5,50.5,50.9,50.5,50.5,8106
2017-03-01,50.5,50.5,50.9,50.5,50.5,8106
2017-03-02,50.5,50.5,50.9,50.5,50.5,8106
2017-03-03,50.5,50.5,50.9,50.5,50.5,8106
2017-03-06,50.5,50.5,50.9,50.5,50.5,8106
2017-03-07,50.5,50.5,50.9,50.5,50.5,8106
2017-03-08,50.5,50.5,50.9,50.5,50.5,8106
2017-03-09,50.5,50.5,50.9,50.5,50.5,8106
2017-03-10,50.5,50.5,50.9,50.5,50.5,8106
2017-03-13,50.5,50.5,50.9,50.5,50.5,8106
2017-03-14,50.5,50.5,50.9,50.5,50.5,8106
2017-03-15,50.5,50.5,50.9,50.5,50.5,8106
2017-03-16,50.5,50.5,50.9,50.5,50.5,8106
2017-03-17,50.5,50.5,50.9,50.5,50.5,8106
2017-03-20,50.5,50.5,50.9,50.5,50.5,8106
2017-03-21,50.5,50.5,50.9,50.5,50.5,8106
2017-03-22,50.5,50.5,50.9,50.5,50.5,8106
2017-03-23,50.5,50.5,50.9,50.5,50.5,8106
2017-03-24,50.5,50.5,50.9,50.5,50.5,8106
2017-03-27,50.5,50.5,50.9,50.5,50.5,8106
2017-03-28,50.5,50.5,50.9,50.5,50.5,8106
2017-03-29,50.5,50.5,50.9,50.5,50.5,8106
2017-03-30,50.5,50.5,50.9,50.5,50.5,8106
2017-03-31,50.5,50.5,50.9,50.5,50.5,8106
2017-04-05,50.5,50.5,50.9,50.5,50.5,8106
2017-04-06,50.5,50.5,50.9,50.5,50.5,8106
2017-04-07,50.5,50.5,50.9,50.5,50.5,8106
2017-04-10,50.5,50.5,50.9,50.5,50.5,8106
2017-04-11,50.5,50.5,50.9,50.5,50.5,8106
2017-04-12,50.5,50.5,50.9,50.5,50.5,8106
2017-04-13,50.5,50.5,50.9,50.5,50.5,8106
2017-04-14,50.5,50.5,50.9,50.5,50.5,8106
2017-04-17,50.5,50.5,50.9,50.5,50.5,8106
2017-04-18,50.5,50.5,50.9,50.5,50.5,8106
2017-04-19,50.5,50.5,50.9,50.5,50.5,8106
2017-04-21,50.5,50.5,50.9,50.5,50.5,8106
2017-04-24,50.5,50.5,50.9,50.5,50.5,8106
2017-04-25,50.5,50.5,50.9,50.5,50.5,8106
2017-04-26,50.5,50.5,50.9,50.5,50.5,8106
2017-04-27,50.5,50.5,50.9,50.5,50.5,8106
2017-04-28,50.5,50.5,50.9,50.5,50.5,8106
2017-05-02,50.5,50.5,50.9,50.5,50.5,8106
2017-05-03,50.5,50.5,50.9,50.5,50.5,8106
2017-05-04,50.5,50.5,50.9,50.5,50.5,8106
2017-05-05,50.5,50.5,50.9,50.5,50.5,8106
2017-05-08,50.5,50.5,50.9,50.5,50.5,8106
2017-05-09,50.5,50.5,50.9,50.5,50.5,8106
2017-05-10,50.5,50.5,50.9,50.5,50.5,8106
2017-05-11,50.5,50.5,50.9,50.5,50.5,8106
2017-05-12,50.5,50.5,50.9,50.5,50.5,8106
2017-05-15,50.5,50.5,50.9,50.5,50.5,8106
2017-05-16,50.5,50.5,50.9,50.5,50.5,8106
2017-05-17,50.5,50.5,50.9,50.5,50.5,8106
2017-05-18,50.5,50.5,50.9,50.5,50.5,8106
2017-05-19,50.5,50.5,50.9,50.5,50.5,8106
2017-05-22,50.5,50.5,50.9,50.5,50.5,8106
2017-05-23,50.5,50.5,50.9,50.5,50.5,8106
2017-05-24,50.5,50.5,50.9,50.5,50.5,8106
2017-05-25,50.5,50.5,50.9,50.5,50.5,8106
2017-05-26,50.5,50.5,50.9,50.5,50.5,8106
2017-05-31,50.5,50.5,50.9,50.5,50.5,8106
2017-06-01,50.5,50.5,50.9,50.5,50.5,8106
2017-06-02,50.5,50.5,50.9,50.5,50.5,8106
2017-06-05,50.5,50.5,50.9,50.5,50.5,8106
2017-06-06,50.5,50.5,50.9,50.5,50.5,8106
2017-06-07,50.5,50.5,50.9,50.5,50.5,8106
2017-06-08,50.5,50.5,50.9,50.5,50.5,8106
2017-06-09,50.5,50.5,50.9,50.5,50.5,8106
2017-06-12,50.5,50.5,50.9,50.5,50.5,8106
2017-06-13,50.5,50.5,50.9,50.5,50.5,8106
2017-06-14,50.5,50.5,50.9,50.5,50.5,8106
2017-06-15,50.5,50.5,50.9,50.5,50.5,8106
2017-06-16,50.5,50.5,50.9,50.5,50.5,8106
2017-06-19,50.5,50.5,50.9,50.5,50.5,8106
2017-06-20,50.5,50.5,50.9,50.5,50.5,8106
2017-06-21,50.5,50.5,50.9,50.5,50.5,8106
2017-06-22,50.5,50.5,50.9,50.5,50.5,8106
2017-06-23,50.5,50.5,50.9,50.5,50.5,8106
2017-06-26,50.5,50.5,50.9,50.5,50.5,8106
2017-06-27,50.5,50.5,50.9,50.5,50.5,8106
2017-06-28,50.5,50.5,50.9,50.5,50.5,8106
2017-06-29,50.5,50.5,50.9,50.5,50.5,8106
2017-06-30,50.5,50.5,50.9,50.5,50.5,8106
2017-07-03,50.5,50.5,50.9,50.5,50.5,8106
2017-07-04,50.5,50.5,50.9,50.5,50.5,8106
2017-07-05,50.5,50.5,50.9,50.5,50.5,8106
2017-07-06,50.5,50.5,50.9,50.5,50.5,8106
2017-07-07,50.5,50.5,50.9,50.5,50.5,8106
2017-07-10,50.5,50.5,50.9,50.5,50.5,8106
2017-07-11,50.5,50.5,50.9,50.5,50.5,8106
2017-07-12,50.5,50.5,50.9,50.5,50.5,8106
2017-07-13,50.5,50.5,50.9,50.5,50.5,8106
2017-07-14,50.5,50.5,50.9,50.5,50.5,8106
2017-07-17,50.5,50.5,50.9,50.5,50.5,8106
2017-07-18,50.5,50.5,50.9,50.5,50.5,8106
2017-07-19,50.5,50.5,50.9,50.5,50.5,8106
2017-07-20,50.5,50.5,50.9,50.5,50.5,8106
2017-07-21,50.5,50.5,50.9,50.5,50.5,8106
2017-07-24,50.5,50.5,50.9,50.5,50.5,8106
2017-07-25,50.5,50.5,50.9,50.5,50.5,8106
2017-07-26,50.5,50.5,50.9,50.5,50.5,8106
2017-07-27,50.5,50.5,50.9,50.5,50.5,8106
2017-07-28,50.5,50.5,50.9,50.5,50.5,8106
2017-07-31,50.5,50.5,50.9,50.5,50.5,8106
2017-08-01,50.5,50.5,50.9,50.5,50.5,8106
2017-08-02,50.5,50.5,50.9,50.5,50.5,8106
2017-08-03,50.5,50.5,50.9,50.5,50.5,8106
2017-08-04,50.5,50.5,50.9,50.5,50.5,8106
2017-08-07,50.5,50.5,50.9,50.5,50.5,8106
2017-08-08,50.5,50.5,50.9,50.5,50.5,8106
2017-08-09,50.5,50.5,50.9,50.5,50.5,8106
2017-08-10,50.5,50.5,50.9,50.5,50.5,8106
2017-08-11,50.5,50.5,50.9,50.5,50.5,8106
2017-08-14,50.5,50.5,50.9,50.5,50.5,8106
2017-08-15,50.5,50.5,50.9,50.5,50.5,8106
2017-08-16,50.5,50.5,50.9,50.5,50.5,8106
2017-08-17,50.5,50.5,50.9,50.5,50.5,8106
2017-08-18,50.5,50.5,50.9,50.5,50.5,8106
2017-08-21,50.5,50.5,50.9,50.5,50.5,8106
2017-08-22,50.5,50.5,50.9,50.5,50.5,8106
2017-08-23,50.5,50.5,50.9,50.5,50.5,8106
2017-08-24,50.5,50.5,50.9,50.5,50.5,8106
2017-08-25,50.5,50.5,50.9,50.5,50.5,8106
2017-08-28,50.5,50.5,50.9,50.5,50.5,8106
2017-08-29,50.5,50.5,50.9,50.5,50.5,8106
2017-08-30,50.5,50.5,50.9,50.5,50.5,8106
2017-08-31,50.5,50.5,50.9,50.5,50.5,8106
2017-09-01,50.5,50.5,50.9,50.5,50.5,8106
2017-09-04,50.5,50.5,50.9,50.5,50.5,8106
2017-09-05,50.5,50.5,50.9,50.5,50.5,8106
2017-09-06,50.5,50.5,50.9,50.5,50.5,8106
2017-09-07,50.5,50.5,50.9,50.5,50.5,8106
2017-09-08,50.5,50.5,50.9,50.5,50.5,8106
2017-09-11,50.5,50.5,50.9,50.5,50.5,8106
2017-09-12,50.5,50.5,50.9,50.5,50.5,8106
2017-09-13,50.5,50.5,50.9,50.5,50.5,8106
2017-09-14,50.5,50.5,50.9,50.5,50.5,8106
2017-09-15,50.5,50.5,50.9,50.5,50.5,8106
2017-09-18,50.5,50.5,50.9,50.5,50.5,8106
2017-09-19,50.5,50.5,50.9,50.5,50.5,8106
2017-09-20,50.5,50.5,50.9,50.5,50.5,8106
2017-09-21,50.5,50.5,50.9,50.5,50.5,8106
2017-09-22,50.5,50.5,50.9,50.5,50.5,8106
2017-09-25,50.5,50.5,50.9,50.5,50.5,8106
2017-09-26,50.5,50.5,50.9,50.5,50.5,8106
2017-09-27,50.5,50.5,50.9,50.5,50.5,8106
2017-09-28,50.5,50.5,50.9,50.5,50.5,8106
2017-09-29,50.5,50.5,50.9,50.5,50.5,8106
2017-10-02,50.5,50.5,50.9,50.5,50.5,8106
2017-10-03,50.5,50.5,50.9,50.5,50.5,8106
2017-10-05,50.5,50.5,50.9,50.5,50.5,8106
2017-10-06,50.5,50.5,50.9,50.5,50.5,8106
2017-10-11,50.5,50.5,50.9,50.5,50.5,8106
2017-10-12,50.5,50.5,50.9,50.5,50.5,8106
2017-10-13,50.5,50.5,50.9,50.5,50.5,8106
2017-10-16,50.5,50.5,50.9,50.5,50.5,8106
2017-10-17,50.5,50.5,50.9,50.5,50.5,8106
2017-10-18,50.5,50.5,50.9,50.5,50.5,8106
2017-10-19,50.5,50.5,50.9,50.5,50.5,8106
2017-10-20,50.5,50.5,50.9,50.5,50.5,8106
2017-10-23,50.5,50.5,50.9,50.5,50.5,8106
2017-10-24,50.5,50.5,50.9,50.5,50.5,8106
2017-10-25,50.5,50.5,50.9,50.5,50.5,8106
2017-10-26,50.5,50.5,50.9,50.5,50.5,8106
2017-10-27,50.5,50.5,50.9,50.5,50.5,8106
2017-10-30,50.5,50.5,50.9,50.5,50.5,8106
2017-10-31,50.5,50.5,50.9,50.5,50.5,8106
2017-11-01,50.5,50.5,50.9,50.5,50.5,8106
2017-11-02,50.5,50.5,50.9,50.5,50.5,8106
2017-11-03,50.5,50.5,50.9,50.5,50.5,8106
2017-11-06,50.5,50.5,50.9,50.5,50.5,8106
2017-11-07,50.5,50.5,50.9,50.5,50.5,8106
2017-11-08,50.5,50.5,50.9,50.5,50.5,8106
2017-11-09,50.5,50.5,50.9,50.5,50.5,8106
2017-11-10,50.5,50.5,50.9,50.5,50.5,8106
2017-11-13,50.5,50.5,50.9,50.5,50.5,8106
2017-11-14,50.5,50.5,50.9,50.5,50.5,8106
2017-11-15,50.5,50.5,50.9,50.5,50.5,8106
2017-11-16,50.5,50.5,50.9,50.5,50.5,8106
2017-11-17,50.5,50.5,50.9,50.5,50.5,8106
2017-11-20,50.5,50.5,50.9,50.5,50.5,8106
2017-11-21,50.5,50.5,50.9,50.5,50.5,8106
2017-11-22,50.5,50.5,50.9,50.5,50.5,8106
2017-11-23,50.5,50.5,50.9,50.5,50.5,8106
2017-11-24,50.5,50.5,50.9,50.5,50.5,8106
2017-11-27,50.5,50.5,50.9,50.5,50.5,8106
2017-11-28,50.5,50.5,50.9,50.5,50.5,8106
2017-11-29,50.5,50.5,50.9,50.5,50.5,8106
2017-11-30,50.5,50.5,50.9,50.5,50.5,8106
2017-12-01,50.5,50.5,50.9,50.5,50.5,8106
2017-12-04,50.5,50.5,50.9,50.5,50.5,8106
2017-12-05,50.5,50.5,50.9,50.5,50.5,8106
2017-12-06,50.5,50.5,50.9,50.5,50.5,8106
2017-12-07,50.5,50.5,50.9,50.5,50.5,8106
2017-12-08,50.5,50.5,50.9,50.5,50.5,8106
2017-12-11,50.5,50.5,50.9,50.5,50.5,8106
2017-12-12,50.5,50.5,50.9,50.5,50.5,8106
2017-12-13,50.5,50.5,50.9,50.5,50.5,8106
2017-12-14,50.5,50.5,50.9,50.5,50.5,8106
2017-12-15,50.5,50.5,50.9,50.5,50.5,8106
2017-12-18,50.5,50.5,50.9,50.5,50.5,8106
2017-12-19,50.5,50.5,50.9,50.5,50.5,8106
2017-12-20,50.5,50.5,50.9,50.5,50.5,8106
2017-12-21,50.5,50.5,50.9,50.5,50.5,8106
2017-12-22,50.5,50.5,50.9,50.5,50.5,8106
2017-12-25,50.5,50.5,50.9,50.5,50.5,8106
2017-12-26,50.5,50.5,50.9,50.5,50.5,8106
2017-12-27,50.5,50.5,50.9,50.5,50.5,8106
2017-12-28,50.5,50.5,50.9,50.5,50.5,8106
2017-12-29,50.5,50.5,50.9,50.5,50.5,8106
2018-01-02,50.5,50.5,50.9,50.5,50.5,8106
2018-01-03,50.5,50.5,50.9,50.5,50.5,8106
2018-01-04,50.5,50.5,50.9,50.5,50.5,8106
2018-01-05,50.5,50.5,50.9,50.5,50.5,8106
2018-01-08,50.5,50.5,50.9,50.5,50.5,8106
2018-01-09,50.5,50.5,50.9,50.5,50.5,8106
2018-01-10,50.5,50.5,50.9,50.5,50.5,8106
2018-01-11,50.5,50.5,50.9,50.5,50.5,8106
2018-01-12,50.5,50.5,50.9,50.5,50.5,8106
2018-01-15,50.5,50.5,50.9,50.5,50.5,8106
2018-01-16,50.5,50.5,50.9,50.5,50.5,8106
2018-01-17,50.5,50.5,50.9,50.5,50.5,8106
2018-01-18,50.5,50.5,50.9,50.5,50.5,8106
2018-01-19,50.5,50.5,50.9,50.5,50.5,8106
2018-01-22,50.5,50.5,50.9,50.5,50.5,8106
2018-01-23,50.5,50.5,50.9,50.5,50.5,8106
2018-01-24,50.5,50.5,50.9,50.5,50.5,8106
2018-01-25,50.5,50.5,50.9,50.5,50.5,8106
2018-01-26,50.5,50.5,50.9,50.5,50.5,8106
2018-01-29,50.5,50.5,50.9,50.5,50.5,8106
2018-01-30,50.5,50.5,50.9,50.5,50.5,8106
2018-01-31,50.5,50.5,50.9,50.5,50.5,8106
2018-02-01,50.5,50.5,50.9,50.5,50.5,8106
2018-02-02,50.5,50.5,50.9,50.5,50.5,8106
2018-02-05,50.5,50.5,50.9,50.5,50.5,8106
2018-02-06,50.5,50.5,50.9,50.5,50.5,8106
2018-02-07,50.5,50.5,50.9,50.5,50.5,8106
2018-02-08,50.5,50.5,50.9,50.5,50.5,8106
2018-02-09,50.5,50.5,50.9,50.5,50.5,8106
2018-02-12,50.5,50.5,50.9,50.5,50.5,8106
2018-02-21,50.5,50.5,50.9,50.5,50.5,8106
2018-02-22,50.5,50.5,50.9,50.5,50.5,8106
2018-02-23,50.5,50.5,50.9,50.5,50.5,8106
2018-02-26,50.5,50.5,50.9,50.5,50.5,8106
2018-02-27,50.5,50.5,50.9,50.5,50.5,8106
2018-03-01,50.5,50.5,50.9,50.5,50.5,8106
2018-03-02,50.5,50.5,50.9,50.5,50.5,8106
2018-03-05,50.5,50.5,50.9,50.5,50.5,8106
2018-03-06,50.5,50.5,50.9,50.5,50.5,8106
2018-03-07,50.5,50.5,50.9,50.5,50.5,8106
2018-03-08,50.5,50.5,50.9,50.5,50.5,8106
2018-03-09,50.5,50.5,50.9,50.5,50.5,8106
2018-03-12,50.5,50.5,50.9,50.5,50.5,8106
2018-03-13,50.5,50.5,50.9,50.5,50.5,8106
2018-03-14,50.5,50.5,50.9,50.5,50.5,8106
2018-03-15,50.5,50.5,50.9,50.5,50.5,8106
2018-03-16,50.5,50.5,50.9,50.5,50.5,8106
2018-03-19,50.5,50.5,50.9,50.5,50.5,8106
2018-03-20,50.5,50.5,50.9,50.5,50.5,8106
2018-03-21,50.5,50.5,50.9,50.5,50.5,8106
2018-03-22,50.5,50.5,50.9,50.5,50.5,8106
2018-03-23,50.5,50.5,50.9,50.5,50.5,8106
2018-03-26,50.5,50.5,50.9,50.5,50.5,8106
2018-03-27,50.5,50.5,50.9,50.5,50.5,8106
2018-03-28,50.5,50.5,50.9,50.5,50.5,8106
2018-03-29,50.5,50.5,50.9,50.5,50.5,8106
2018-03-30,50.5,50.5,50.9,50.5,50.5,8106
2018-04-02,50.5,50.5,50.9,50.5,50.5,8106
2018-04-03,50.5,50.5,50.9,50.5,50.5,8106
2018-04-09,50.5,50.5,50.9,50.5,50.5,8106
2018-04-10,50.5,50.5,50.9,50.5,50.5,8106
2018-04-11,50.5,50.5,50.9,50.5,50.5,8106
2018-04-12,50.5,50.5,50.9,50.5,50.5,8106
2018-04-13,50.5,50.5,50.9,50.5,50.5,8106
2018-04-16,50.5,50.5,50.9,50.5,50.5,8106
2018-04-17,50.5,50.5,50.9,50.5,50.5,8106
2018-04-18,50.5,50.5,50.9,50.5,50.5,8106
2018-04-19,50.5,50.5,50.9,50.5,50.5,8106
2018-04-20,50.5,50.5,50.9,50.5,50.5,8106
2018-04-23,50.5,50.5,50.9,50.5,50.5,8106
2018-04-24,50.5,50.5,50.9,50.5,50.5,8106
2018-04-25,50.5,50.5,50.9,50.5,50.5,8106
2018-04-26,50.5,50.5,50.9,50.5,50.5,8106
2018-04-27,50.5,50.5,50.9,50.5,50.5,8106
2018-04-30,50.5,50.5,50.9,50.5,50.5,8106
2018-05-02,50.5,50.5,50.9,50.5,50.5,8106
2018-05-03,50.5,50.5,50.9,50.5,50.5,8106
2018-05-04,50.5,50.5,50.9,50.5,50.5,8106
2018-05-07,50.5,50.5,50.9,50.5,50.5,8106
2018-05-08,50.5,50.5,50.9,50.5,50.5,8106
2018-05-09,50.5,50.5,50.9,50.5,50.5,8106
2018-05-10,50.5,50.5,50.9,50.5,50.5,8106
2018-05-11,50.5,50.5,50.9,50.5,50.5,8106
2018-05-14,50.5,50.5,50.9,50.5,50.5,8106
2018-05-15,50.5,50.5,50.9,50.5,50.5,8106
2018-05-16,50.5,50.5,50.9,50.5,50.5,8106
2018-05-17,50.5,50.5,50.9,50.5,50.5,8106
2018-05-18,50.5,50.5,50.9,50.5,50.5,8106
2018-05-21,50.5,50.5,50.9,50.5,50.5,8106
2018-05-22,50.5,50.5,50.9,50.5,50.5,8106
2018-05-23,50.5,50.5,50.9,50.5,50.5,8106
2018-05-24,50.5,50.5,50.9,50.5,50.5,8106
2018-05-25,50.5,50.5,50.9,50.5,50.5,8106
2018-05-28,50.5,50.5,50.9,50.5,50.5,8106
2018-05-29,50.5,50.5,50.9,50.5,50.5,8106
2018-05-30,50.5,50.5,50.9,50.5,50.5,8106
2018-05-31,50.5,50.5,50.9,50.5,50.5,8106
2018-06-01,50.5,50.5,50.9,50.5,50.5,8106
2018-06-04,50.5,50.5,50.9,50.5,50.5,8106
2018-06-05,50.5,50.5,50.9,50.5,50.5,8106
2018-06-06,50.5,50.5,50.9,50.5,50.5,8106
2018-06-07,50.5,50.5,50.9,50.5,50.5,8106
2018-06-08,50.5,50.5,50.9,50.5,50.5,8106
2018-06-11,50.5,50.5,50.9,50.5,50.5,8106
2018-06-12,50.5,50.5,50.9,50.5,50.5,8106
2018-06-13,50.5,50.5,50.9,50.5,50.5,8106
2018-06-14,50.5,50.5,50.9,50.5,50.5,8106
2018-06-15,50.5,50.5,50.9,50.5,50.5,8106
2018-06-19,50.5,50.5,50.9,50.5,50.5,8106
2018-06-20,50.5,50.5,50.9,50.5,50.5,8106
2018-06-21,50.5,50.5,50.9,50.5,50.5,8106
2018-06-22,50.5,50.5,50.9,50.5,50.5,8106
2018-06-25,50.5,50.5,50.9,50.5,50.5,8106
2018-06-26,50.5,50.5,50.9,50.5,50.5,8106
2018-06-27,50.5,50.5,50.9,50.5,50.5,8106
2018-06-28,50.5,50.5,50.9,50.5,50.5,8106
2018-06-29,50.5,50.5,50.9,50.5,50.5,8106
2018-07-02,50.5,50.5,50.9,50.5,50.5,8106
2018-07-03,50.5,50.5,50.9,50.5,50.5,8106
2018-07-04,50.5,50.5,50.9,50.5,50.5,8106
2018-07-05,50.5,50.5,50.9,50.5,50.5,8106
2018-07-06,50.5,50.5,50.9,50.5,50.5,8106
2018-07-09,50.5,50.5,50.9,50.5,50.5,8106
2018-07-10,50.5,50.5,50.9,50.5,50.5,8106
2018-07-11,50.5,50.5,50.9,50.5,50.5,8106
2018-07-12,50.5,50.5,50.9,50.5,50.5,8106
2018-07-13,50.5,50.5,50.9,50.5,50.5,8106
2018-07-16,50.5,50.5,50.9,50.5,50.5,8106
2018-07-17,50.5,50.5,50.9,50.5,50.5,8106
2018-07-18,50.5,50.5,50.9,50.5,50.5,8106
2018-07-19,50.5,50.5,50.9,50.5,50.5,8106
2018-07-20,50.5,50.5,50.9,50.5,50.5,8106
2018-07-23,50.5,50.5,50.9,50.5,50.5,8106
2018-07-24,50.5,50.5,50.9,50.5,50.5,8106
2018-07-25,50.5,50.5,50.9,50.5,50.5,8106
2018-07-26,50.5,50.5,50.9,50.5,50.5,8106
2018-07-27,50.5,50.5,50.9,50.5,50.5,8106
2018-07-30,50.5,50.5,50.9,50.5,50.5,8106
2018-07-31,50.5,50.5,50.9,50.5,50.5,8106
2018-08-01,50.5,50.5,50.9,50.5,50.5,8106
2018-08-02,50.5,50.5,50.9,50.5,50.5,8106
2018-08-03,50.5,50.5,50.9,50.5,50.5,8106
2018-08-06,50.5,50.5,50.9,50.5,50.5,8106
2018-08-07,50.5,50.5,50.9,50.5,50.5,8106
2018-08-08,50.5,50.5,50.9,50.5,50.5,8106
2018-08-09,50.5,50.5,50.9,50.5,50.5,8106
2018-08-10,50.5,50.5,50.9,50.5,50.5,8106
2018-08-13,50.5,50.5,50.9,50.5,50.5,8106
2018-08-14,50.5,50.5,50.9,50.5,50.5,8106
2018-08-15,50.5,50.5,50.9,50.5,50.5,8106
2018-08-16,50.5,50.5,50.9,50.5,50.5,8106
2018-08-17,50.5,50.5,50.9,50.5,50.5,8106
2018-08-20,50.5,50.5,50.9,50.5,50.5,8106
2018-08-21,50.5,50.5,50.9,50.5,50.5,8106
2018-08-22,50.5,50.5,50.9,50.5,50.5,8106
2018-08-23,50.5,50.5,50.9,50.5,50.5,8106
2018-08-24,50.5,50.5,50.9,50.5,50.5,8106
2018-08-27,50.5,50.5,50.9,50.5,50.5,8106
2018-08-28,50.5,50.5,50.9,50.5,50.5,8106
2018-08-29,50.5,50.5,50.9,50.5,50.5,8106
2018-08-30,50.5,50.5,50.9,50.5,50.5,8106
2018-08-31,50.5,50.5,50.9,50.5,50.5,8106
2018-09-03,50.5,50.5,50.9,50.5,50.5,8106
2018-09-04,50.5,50.5,50.9,50.5,50.5,8106
2018-09-05,50.5,50.5,50.9,50.5,50.5,8106
2018-09-06,50.5,50.5,50.9,50.5,50.5,8106
2018-09-07,50.5,50.5,50.9,50.5,50.5,8106
2018-09-10,50.5,50.5,50.9,50.5,50.5,8106
2018-09-11,50.5,50.5,50.9,50.5,50.5,8106
2018-09-12,50.5,50.5,50.9,50.5,50.5,8106
2018-09-13,50.5,50.5,50.9,50.5,50.5,8106
2018-09-14,50.5,50.5,50.9,50.5,50.5,8106
2018-09-17,50.5,50.5,50.9,50.5,50.5,8106
2018-09-18,50.5,50.5,50.9,50.5,50.5,8106
2018-09-19,50.5,50.5,50.9,50.5,50.5,8106
2018-09-20,50.5,50.5,50.9,50.5,50.5,8106
2018-09-21,50.5,50.5,50.9,50.5,50.5,8106
2018-09-25,50.5,50.5,50.9,50.5,50.5,8106
2018-09-26,50.5,50.5,50.9,50.5,50.5,8106
2018-09-27,50.5,50.5,50.9,50.5,50.5,8106
2018-09-28,50.5,50.5,50.9,50.5,50.5,8106
2018-10-01,50.5,50.5,50.9,50.5,50.5,8106
2018-10-02,50.5,50.5,50.9,50.5,50.5,8106
2018-10-03,50.5,50.5,50.9,50.5,50.5,8106
2018-10-04,50.5,50.5,50.9,50.5,50.5,8106
2018-10-05,50.5,50.5,50.9,50.5,50.5,8106
2018-10-08,50.5,50.5,50.9,50.5,50.5,8106
2018-10-09,50.5,50.5,50.9,50.5,50.5,8106
2018-10-11,50.5,50.5,50.9,50.5,50.5,8106
2018-10-12,50.5,50.5,50.9,50.5,50.5,8106
2018-10-15,50.5,50.5,50.9,50.5,50.5,8106
2018-10-16,50.5,50.5,50.9,50.5,50.5,8106
2018-10-17,50.5,50.5,50.9,50.5,50.5,8106
2018-10-18,50.5,50.5,50.9,50.5,50.5,8106
2018-10-19,50.5,50.5,50.9,50.5,50.5,8106
2018-10-22,50.5,50.5,50.9,50.5,50.5,8106
2018-10-23,50.5,50.5,50.9,50.5,50.5,8106
2018-10-24,50.5,50.5,50.9,50.5,50.5,8106
2018-10-25,50.5,50.5,50.9,50.5,50.5,8106
2018-10-26,50.5,50.5,50.9,50.5,50.5,8106
2018-10-29,50.5,50.5,50.9,50.5,50.5,8106
2018-10-30,50.5,50.5,50.9,50.5,50.5,8106
2018-10-31,50.5,50.5,50.9,50.5,50.5,8106
2018-11-01,50.5,50.5,50.9,50.5,50.5,8106
2018-11-02,50.5,50.5,50.9,50.5,50.5,8106
2018-11-05,50.5,50.5,50.9,50.5,50.5,8106
2018-11-06,50.5,50.5,50.9,50.5,50.5,8106
2018-11-07,50.5,50.5,50.9,50.5,50.5,8106
2018-11-08,50.5,50.5,50.9,50.5,50.5,8106
2018-11-09,50.5,50.5,50.9,50.5,50.5,8106
2018-11-12,50.5,50.5,50.9,50.5,50.5,8106
2018-11-13,50.5,50.5,50.9,50.5,50.5,8106
2018-11-14,50.5,50.5,50.9,50.5,50.5,8106
2018-11-15,50.5,50.5,50.9,50.5,50.5,8106
2018-11-16,50.5,50.5,50.9,50.5,50.5,8106
2018-11-19,50.5,50.5,50.9,50.5,50.5,8106
2018-11-20,50.5,50.5,50.9,50.5,50.5,8106
2018-11-21,50.5,50.5,50.9,50.5,50.5,8106
2018-11-22,50.5,50.5,50.9,50.5,50.5,8106
2018-11-23,50.5,50.5,50.9,50.5,50.5,8106
2018-11-26,50.5,50.5,50.9,50.5,50.5,8106
2018-11-27,50.5,50.5,50.9,50.5,50.5,8106
2018-11-28,50.5,50.5,50.9,50.5,50.5,8106
2018-11-29,50.5,50.5,50.9,50.5,50.5,8106
2018-11-30,50.5,50.5,50.9,50.5,50.5,8106
2018-12-03,50.5,50.5,50.9,50.5,50.5,8106
2018-12-04,50.5,50.5,50.9,50.5,50.5,8106
2018-12-05,50.5,50.5,50.9,50.5,50.5,8106
2018-12-06,50.5,50.5,50.9,50.5,50.5,8106
2018-12-07,50.5,50.5,50.9,50.5,50.5,8106
2018-12-10,50.5,50.5,50.9,50.5,50.5,8106
2018-12-11,50.5,50.5,50.9,50.5,50.5,8106
2018-12-12,50.5,50.5,50.9,50.5,50.5,8106
2018-12-13,50.5,50.5,50.9,50.5,50.5,8106
2018-12-14,50.5,50.5,50.9,50.5,50.5,8106
2018-12-17,50.5,50.5,50.9,50.5,50.5,8106
2018-12-18,50.5,50.5,50.9,50.5,50.5,8106
2018-12-19,50.5,50.5,50.9,50.5,50.5,8106
2018-12-20,50.5,50.5,50.9,50.5,50.5,8106
2018-12-21,50.5,50.5,50.9,50.5,50.5,8106
2018-12-24,50.5,50.5,50.9,50.5,50.5,8106
2018-12-25,50.5,50.5,50.9,50.5,50.5,8106
2018-12-26,50.5,50.5,50.9,50.5,50.5,8106
2018-12-27,50.5,50.5,50.9,50.5,50.5,8106
2018-12-28,50.5,50.5,50.9,50.5,50.5,8106
2019-01-02,50.5,50.5,50.9,50.5,50.5,8106
2019-01-03,50.5,50.5,50.9,50.5,50.5,8106
2019-01-04,50.5,50.5,50.9,50.5,50.5,8106
2019-01-07,50.5,50.5,50.9,50.5,50.5,8106
2019-01-08,50.5,50.5,50.9,50.5,50.5,8106
2019-01-09,50.5,50.5,50.9,50.5,50.5,8106
2019-01-10,50.5,50.5,50.9,50.5,50.5,8106
2019-01-11,50.5,50.5,50.9,50.5,50.5,8106
2019-01-14,50.5,50.5,50.9,50.5,50.5,8106
2019-01-15,50.5,50.5,50.9,50.5,50.5,8106
2019-01-16,50.5,50.5,50.9,50.5,50.5,8106
2019-01-17,50.5,50.5,50.9,50.5,50.5,8106
2019-01-18,50.5,50.5,50.9,50.5,50.5,8106
2019-01-21,50.5,50.5,50.9,50.5,50.5,8106
2019-01-22,50.5,50.5,50.9,50.5,50.5,8106
2019-01-23,50.5,50.5,50.9,50.5,50.5,8106
2019-01-24,50.5,50.5,50.9,50.5,50.5,8106
2019-01-25,50.5,50.5,50.9,50.5,50.5,8106
2019-01-28,50.5,50.5,50.9,50.5,50.5,8106
2019-01-29,50.5,50.5,50.9,50.5,50.5,8106
2019-01-30,50.5,50.5,50.9,50.5,50.5,8106
2019-02-11,50.5,50.5,50.9,50.5,50.5,8106
2019-02-12,50.5,50.5,50.9,50.5,50.5,8106
2019-02-13,50.5,50.5,50.9,50.5,50.5,8106
2019-02-14,50.5,50.5,50.9,50.5,50.5,8106
2019-02-15,50.5,50.5,50.9,50.5,50.5,8106
2019-02-18,50.5,50.5,50.9,50.5,50.5,8106
2019-02-19,50.5,50.5,50.9,50.5,50.5,8106
2019-02-20,50.5,50.5,50.9,50.5,50.5,8106
2019-02-21,50.5,50.5,50.9,50.5,50.5,8106
2019-02-22,50.5,50.5,50.9,50.5,50.5,8106
2019-02-25,50.5,50.5,50.9,50.5,50.5,8106
2019-02-26,50.5,50.5,50.9,50.5,50.5,8106
2019-02-27,50.5,50.5,50.9,50.5,50.5,8106
2019-03-04,50.5,50.5,50.9,50.5,50.5,8106
2019-03-05,50.5,50.5,50.9,50.5,50.5,8106
2019-03-06,50.5,50.5,50.9,50.5,50.5,8106
2019-03-07,50.5,50.5,50.9,50.5,50.5,8106
2019-03-08,50.5,50.5,50.9,50.5,50.5,8106
2019-03-11,50.5,50.5,50.9,50.5,50.5,8106
2019-03-12,50.5,50.5,50.9,50.5,50.5,8106
2019-03-13,50.5,50.5,50.9,50.5,50.5,8106
2019-03-14,50.5,50.5,50.9,50.5,50.5,8106
2019-03-15,50.5,50.5,50.9,50.5,50.5,8106
2019-03-18,50.5,50.5,50.9,50.5,50.5,8106
2019-03-19,50.5,50.5,50.9,50.5,50.5,8106
2019-03-20,50.5,50.5,50.9,50.5,50.5,8106
2019-03-21,50.5,50.5,50.9,50.5,50.5,8106
2019-03-22,50.5,50.5,50.9,50.5,50.5,8106
2019-03-25,50.5,50.5,50.9,50.5,50.5,8106
2019-03-26,50.5,50.5,50.9,50.5,50.5,8106
2019-03-27,50.5,50.5,50.9,50.5,50.5,8106
2019-03-28,50.5,50.5,50.9,50.5,50.5,8106
2019-03-29,50.5,50.5,50.9,50.5,50.5,8106
2019-04-01,50.5,50.5,50.9,50.5,50.5,8106
2019-04-02,50.5,50.5,50.9,50.5,50.5,8106
2019-04-03,50.5,50.5,50.9,50.5,50.5,8106
2019-04-08,50.5,50.5,50.9,50.5,50.5,8106
2019-04-09,50.5,50.5,50.9,50.5,50.5,8106
2019-04-10,50.5,50.5,50.9,50.5,50.5,8106
2019-04-11,50.5,50.5,50.9,50.5,50.5,8106
2019-04-12,50.5,50.5,50.9,50.5,50.5,8106
2019-04-15,50.5,50.5,50.9,50.5,50.5,8106
2019-04-16,50.5,50.5,50.9,50.5,50.5,8106
2019-04-17,50.5,50.5,50.9,50.5,50.5,8106
2019-04-18,50.5,50.5,50.9,50.5,50.5,8106
2019-04-19,50.5,50.5,50.9,50.5,50.5,8106
2019-04-22,50.5,50.5,50.9,50.5,50.5,8106
2019-04-23,50.5,50.5,50.9,50.5,50.5,8106
2019-04-24,50.5,50.5,50.9,50.5,50.5,8106
2019-04-25,50.5,50.5,50.9,50.5,50.5,8106
2019-04-26,50.5,50.5,50.9,50.5,50.5,8106
2019-04-29,50.5,50.5,50.9,50.5,50.5,8106
2019-04-30,50.5,50.5,50.9,50.5,50.5,8106
2019-05-02,50.5,50.5,50.9,50.5,50.5,8106
2019-05-03,50.5,50.5,50.9,50.5,50.5,8106
2019-05-06,50.5,50.5,50.9,50.5,50.5,8106
2019-05-07,50.5,50.5,50.9,50.5,50.5,8106
2019-05-08,50.5,50.5,50.9,50.5,50.5,8106
2019-05-09,50.5,50.5,50.9,50.5,50.5,8106
2019-05-10,50.5,50.5,50.9,50.5,50.5,8106
2019-05-13,50.5,50.5,50.9,50.5,50.5,8106
2019-05-14,50.5,50.5,50.9,50.5,50.5,8106
2019-05-15,50.5,50.5,50.9,50.5,50.5,8106
2019-05-16,50.5,50.5,50.9,50.5,50.5,8106
2019-05-17,50.5,50.5,50.9,50.5,50.5,8106
2019-05-20,50.5,50.5,50.9,50.5,50.5,8106
2019-05-21,50.5,50.5,50.9,50.5,50.5,8106
2019-05-22,50.5,50.5,50.9,50.5,50.5,8106
2019-05-23,50.5,50.5,50.9,50.5,50.5,8106
2019-05-24,50.5,50.5,50.9,50.5,50.5,8106
2019-05-27,50.5,50.5,50.9,50.5,50.5,8106
2019-05-28,50.5,50.5,50.9,50.5,50.5,8106
2019-05-29,50.5,50.5,50.9,50.5,50.5,8106
2019-05-30,50.5,50.5,50.9,50.5,50.5,8106
2019-05-31,50.5,50.5,50.9,50.5,50.5,8106
2019-06-03,50.5,50.5,50.9,50.5,50.5,8106
2019-06-04,50.5,50.5,50.9,50.5,50.5,8106
2019-06-05,50.5,50.5,50.9,50.5,50.5,8106
2019-06-06,50.5,50.5,50.9,50.5,50.5,8106
2019-06-10,50.5,50.5,50.9,50.5,50.5,8106
2019-06-11,50.5,50.5,50.9,50.5,50.5,8106
2019-06-12,50.5,50.5,50.9,50.5,50.5,8106
2019-06-13,50.5,50.5,50.9,50.5,50.5,8106
2019-06-14,50.5,50.5,50.9,50.5,50.5,8106
2019-06-17,50.5,50.5,50.9,50.5,50.5,8106
2019-06-18,50.5,50.5,50.9,50.5,50.5,8106
2019-06-19,50.5,50.5,50.9,50.5,50.5,8106
2019-06-20,50.5,50.5,50.9,50.5,50.5,8106
2019-06-21,50.5,50.5,50.9,50.5,50.5,8106
2019-06-24,50.5,50.5,50.9,50.5,50.5,8106
2019-06-25,50.5,50.5,50.9,50.5,50.5,8106
2019-06-26,50.5,50.5,50.9,50.5,50.5,8106
2019-06-27,50.5,50.5,50.9,50.5,50.5,8106
2019-06-28,50.5,50.5,50.9,50.5,50.5,8106
2019-07-01,50.5,50.5,50.9,50.5,50.5,8106
2019-07-02,50.5,50.5,50.9,50.5,50.5,8106
2019-07-03,50.5,50.5,50.9,50.5,50.5,8106
2019-07-04,50.5,50.5,50.9,50.5,50.5,8106
2019-07-05,50.5,50.5,50.9,50.5,50.5,8106
2019-07-08,50.5,50.5,50.9,50.5,50.5,8106
2019-07-09,50.5,50.5,50.9,50.5,50.5,8106
2019-07-10,50.5,50.5,50.9,50.5,50.5,8106
2019-07-11,50.5,50.5,50.9,50.5,50.5,8106
2019-07-12,50.5,50.5,50.9,50.5,50.5,8106
2019-07-15,50.5,50.5,50.9,50.5,50.5,8106
2019-07-16,50.5,50.5,50.9,50.5,50.5,8106
2019-07-17,50.5,50.5,50.9,50.5,50.5,8106
2019-07-18,50.5,50.5,50.9,50.5,50.5,8106
2019-07-19,50.5,50.5,50.9,50.5,50.5,8106
2019-07-22,50.5,50.5,50.9,50.5,50.5,8106
2019-07-23,50.5,50.5,50.9,50.5,50.5,8106
2019-07-24,50.5,50.5,50.9,50.5,50.5,8106
2019-07-25,50.5,50.5,50.9,50.5,50.5,8106
2019-07-26,50.5,50.5,50.9,50.5,50.5,8106
2019-07-29,50.5,50.5,50.9,50.5,50.5,8106
2019-07-30,50.5,50.5,50.9,50.5,50.5,8106
2019-07-31,50.5,50.5,50.9,50.5,50.5,8106
2019-08-01,50.5,50.5,50.9,50.5,50.5,8106
2019-08-02,50.5,50.5,50.9,50.5,50.5,8106
2019-08-05,50.5,50.5,50.9,50.5,50.5,8106
2019-08-06,50.5,50.5,50.9,50.5,50.5,8106
2019-08-07,50.5,50.5,50.9,50.5,50.5,8106
2019-08-08,50.5,50.5,50.9,50.5,50.5,8106
2019-08-12,50.5,50.5,50.9,50.5,50.5,8106
2019-08-13,50.5,50.5,50.9,50.5,50.5,8106
2019-08-14,50.5,50.5,50.9,50.5,50.5,8106
2019-08-15,50.5,50.5,50.9,50.5,50.5,8106
2019-08-16,50.5,50.5,50.9,50.5,50.5,8106
2019-08-19,50.5,50.5,50.9,50.5,50.5,8106
2019-08-20,50.5,50.5,50.9,50.5,50.5,8106
2019-08-21,50.5,50.5,50.9,50.5,50.5,8106
2019-08-22,50.5,50.5,50.9,50.5,50.5,8106
2019-08-23,50.5,50.5,50.9,50.5,50.5,8106
2019-08-26,50.5,50.5,50.9,50.5,50.5,8106
2019-08-27,50.5,50.5,50.9,50.5,50.5,8106
2019-08-28,50.5,50.5,50.9,50.5,50.5,8106
2019-08-29,50.5,50.5,50.9,50.5,50.5,8106
2019-08-30,50.5,50.5,50.9,50.5,50.5,8106
2019-09-02,50.5,50.5,50.9,50.5,50.5,8106
2019-09-03,50.5,50.5,50.9,50.5,50.5,8106
2019-09-04,50.5,50.5,50.9,50.5,50.5,8106
2019-09-05,50.5,50.5,50.9,50.5,50.5,8106
2019-09-06,50.5,50.5,50.9,50.5,50.5,8106
2019-09-09,50.5,50.5,50.9,50.5,50.5,8106
2019-09-10,50.5,50.5,50.9,50.5,50.5,8106
2019-09-11,50.5,50.5,50.9,50.5,50.5,8106
2019-09-12,50.5,50.5,50.9,50.5,50.5,8106
2019-09-16,50.5,50.5,50.9,50.5,50.5,8106
2019-09-17,50.5,50.5,50.9,50.5,50.5,8106
2019-09-18,50.5,50.5,50.9,50.5,50.5,8106
2019-09-19,50.5,50.5,50.9,50.5,50.5,8106
2019-09-20,50.5,50.5,50.9,50.5,50.5,8106
2019-09-23,50.5,50.5,50.9,50.5,50.5,8106
2019-09-24,50.5,50.5,50.9,50.5,50.5,8106
2019-09-25,50.5,50.5,50.9,50.5,50.5,8106
2019-09-26,50.5,50.5,50.9,50.5,50.5,8106
2019-09-27,50.5,50.5,50.9,50.5,50.5,8106
2019-10-01,50.5,50.5,50.9,50.5,50.5,8106
2019-10-02,50.5,50.5,50.9,50.5,50.5,8106
2019-10-03,50.5,50.5,50.9,50.5,50.5,8106
2019-10-04,50.5,50.5,50.9,50.5,50.5,8106
2019-10-07,50.5,50.5,50.9,50.5,50.5,8106
2019-10-08,50.5,50.5,50.9,50.5,50.5,8106
2019-10-09,50.5,50.5,50.9,50.5,50.5,8106
2019-10-14,50.5,50.5,50.9,50.5,50.5,8106
2019-10-15,50.5,50.5,50.9,50.5,50.5,8106
2019-10-16,50.5,50.5,50.9,50.5,50.5,8106
2019-10-17,50.5,50.5,50.9,50.5,50.5,8106
2019-10-18,50.5,50.5,50.9,50.5,50.5,8106
2019-10-21,50.5,50.5,50.9,50.5,50.5,8106
2019-10-22,50.5,50.5,50.9,50.5,50.5,8106
2019-10-23,50.5,50.5,50.9,50.5,50.5,8106
2019-10-24,50.5,50.5,50.9,50.5,50.5,8106
2019-10-25,50.5,50.5,50.9,50.5,50.5,8106
2019-10-28,50.5,50.5,50.9,50.5,50.5,8106
2019-10-29,50.5,50.5,50.9,50.5,50.5,8106
2019-10-30,50.5,50.5,50.9,50.5,50.5,8106
2019-10-31,50.5,50.5,50.9,50.5,50.5,8106
2019-11-01,50.5,50.5,50.9,50.5,50.5,8106
2019-11-04,50.5,50.5,50.9,50.5,50.5,8106
2019-11-05,50.5,50.5,50.9,50.5,50.5,8106
2019-11-06,50.5,50.5,50.9,50.5,50.5,8106
2019-11-07,50.5,50.5,50.9,50.5,50.5,8106
2019-11-08,50.5,50.5,50.9,50.5,50.5,8106
2019-11-11,50.5,50.5,50.9,50.5,50.5,8106
2019-11-12,50.5,50.5,50.9,50.5,50.5,8106
2019-11-13,50.5,50.5,50.9,50.5,50.5,8106
2019-11-14,50.5,50.5,50.9,50.5,50.5,8106
2019-11-20,50.5,50.5,50.9,50.5,50.5,8106
2019-11-21,50.5,50.5,50.9,50.5,50.5,8106
2019-11-22,50.5,50.5,50.9,50.5,50.5,8106
2019-11-25,50.5,50.5,50.9,50.5,50.5,8106
2019-11-26,50.5,50.5,50.9,50.5,50.5,8106
2019-11-27,50.5,50.5,50.9,50.5,50.5,8106
2019-11-28,50.5,50.5,50.9,50.5,50.5,8106
2019-11-29,50.5,50.5,50.9,50.5,50.5,8106
2019-12-02,50.5,50.5,50.9,50.5,50.5,8106
2019-12-03,50.5,50.5,50.9,50.5,50.5,8106
2019-12-04,50.5,50.5,50.9,50.5,50.5,8106
2019-12-05,50.5,50.5,50.9,50.5,50.5,8106
2019-12-06,50.5,50.5,50.9,50.5,50.5,8106
2019-12-09,50.5,50.5,50.9,50.5,50.5,8106
2019-12-10,50.5,50.5,50.9,50.5,50.5,8106
2019-12-11,50.5,50.5,50.9,50.5,50.5,8106
2019-12-12,50.5,50.5,50.9,50.5,50.5,8106
2019-12-13,50.5,50.5,50.9,50.5,50.5,8106
2019-12-16,50.5,50.5,50.9,50.5,50.5,8106
2019-12-17,50.5,50.5,50.9,50.5,50.5,8106
2019-12-18,50.5,50.5,50.9,50.5,50.5,8106
2019-12-19,50.5,50.5,50.9,50.5,50.5,8106
2019-12-20,50.5,50.5,50.9,50.5,50.5,8106
2019-12-23,50.5,50.5,50.9,50.5,50.5,8106
2019-12-24,50.5,50.5,50.9,50.5,50.5,8106
2019-12-25,50.5,50.5,50.9,50.5,50.5,8106
2019-12-26,50.5,50.5,50.9,50.5,50.5,8106
2019-12-27,50.5,50.5,50.9,50.5,50.5,8106
2019-12-30,50.5,50.5,50.9,50.5,50.5,8106
2019-12-31,50.5,50.5,50.9,50.5,50.5,8106
2020-01-02,50.5,50.5,50.9,50.5,50.5,8106
2020-01-03,50.5,50.5,50.9,50.5,50.5,8106
2020-01-06,50.5,50.5,50.9,50.5,50.5,8106
2020-01-07,50.5,50.5,50.9,50.5,50.5,8106
2020-01-08,50.5,50.5,50.9,50.5,50.5,8106
2020-01-09,50.5,50.5,50.9,50.5,50.5,8106
2020-01-10,50.5,50.5,50.9,50.5,50.5,8106
2020-01-13,50.5,50.5,50.9,50.5,50.5,8106
2020-01-14,50.5,50.5,50.9,50.5,50.5,8106
2020-01-15,50.5,50.5,50.9,50.5,50.5,8106
2020-01-16,50.5,50.5,50.9,50.5,50.5,8106
2020-01-17,50.5,50.5,50.9,50.5,50.5,8106
2020-01-20,50.5,50.5,50.9,50.5,50.5,8106
2020-01-30,50.5,50.5,50.9,50.5,50.5,8106
2020-01-31,50.5,50.5,50.9,50.5,50.5,8106
2020-02-03,50.5,50.5,50.9,50.5,50.5,8106
2020-02-04,50.5,50.5,50.9,50.5,50.5,8106
2020-02-05,50.5,50.5,50.9,50.5,50.5,8106
2020-02-06,50.5,50.5,50.9,50.5,50.5,8106
2020-02-07,50.5,50.5,50.9,50.5,50.5,8106
2020-02-10,50.5,50.5,50.9,50.5,50.5,8106
2020-02-11,50.5,50.5,50.9,50.5,50.5,8106
2020-02-12,50.5,50.5,50.9,50.5,50.5,8106
2020-02-13,50.5,50.5,50.9,50.5,50.5,8106
2020-02-14,50.5,50.5,50.9,50.5,50.5,8106
2020-02-17,50.5,50.5,50.9,50.5,50.5,8106
2020-02-18,50.5,50.5,50.9,50.5,50.5,8106
2020-02-19,50.5,50.5,50.9,50.5,50.5,8106
2020-02-20,50.5,50.5,50.9,50.5,50.5,8106
2020-02-21,50.5,50.5,50.9,50.5,50.5,8106
2020-02-24,50.5,50.5,50.9,50.5,50.5,8106
2020-02-25,50.5,50.5,50.9,50.5,50.5,8106
2020-02-26,50.5,50.5,50.9,50.5,50.5,8106
2020-02-27,50.5,50.5,50.9,50.5,50.5,8106
2020-03-02,50.5,50.5,50.9,50.5,50.5,8106
2020-03-03,50.5,50.5,50.9,50.5,50.5,8106
2020-03-04,50.5,50.5,50.9,50.5,50.5,8106
2020-03-05,50.5,50.5,50.9,50.5,50.5,8106
2020-03-06,50.5,50.5,50.9,50.5,50.5,8106
2020-03-09,50.5,50.5,50.9,50.5,50.5,8106
2020-03-10,50.5,50.5,50.9,50.5,50.5,8106
2020-03-11,50.5,50.5,50.9,50.5,50.5,8106
2020-03-12,50.5,50.5,50.9,50.5,50.5,8106
2020-03-13,50.5,50.5,50.9,50.5,50.5,8106
2020-03-16,50.5,50.5,50.9,50.5,50.5,8106
2020-03-17,50.5,50.5,50.9,50.5,50.5,8106
2020-03-18,50.5,50.5,50.9,50.5,50.5,8106
2020-03-19,50.5,50.5,50.9,50.5,50.5,8106
2020-03-20,50.5,50.5,50.9,50.5,50.5,8106
2020-03-23,50.5,50.5,50.9,50.5,50.5,8106
2020-03-24,50.5,50.5,50.9,50.5,50.5,8106
2020-03-25,50.5,50.5,50.9,50.5,50.5,8106
2020-03-26,50.5,50.5,50.9,50.5,50.5,8106
2020-03-27,50.5,50.5,50.9,50.5,50.5,8106
2020-03-30,50.5,50.5,50.9,50.5,50.5,8106
2020-03-31,50.5,50.5,50.9,50.5,50.5,8106
2020-04-01,50.5,50.5,50.9,50.5,50.5,8106
2020-04-07,50.5,50.5,50.9,50.5,50.5,8106
2020-04-08,50.5,50.5,50.9,50.5,50.5,8106
2020-04-09,50.5,50.5,50.9,50.5,50.5,8106
2020-04-10,50.5,50.5,50.9,50.5,50.5,8106
2020-04-13,50.5,50.5,50.9,50.5,50.5,8106
2020-04-14,50.5,50.5,50.9,50.5,50.5,8106
2020-04-15,50.5,50.5,50.9,50.5,50.5,8106
2020-04-16,50.5,50.5,50.9,50.5,50.5,8106
2020-04-17,50.5,50.5,50.9,50.5,50.5,8106
2020-04-20,50.5,50.5,50.9,50.5,50.5,8106
2020-04-21,50.5,50.5,50.9,50.5,50.5,8106
2020-04-22,50.5,50.5,50.9,50.5,50.5,8106
2020-04-23,50.5,50.5,50.9,50.5,50.5,8106
2020-04-24,50.5,50.5,50.9,50.5,50.5,8106
2020-04-27,50.5,50.5,50.9,50.5,50.5,8106
2020-04-28,50.5,50.5,50.9,50.5,50.5,8106
2020-04-29,50.5,50.5,50.9,50.5,50.5,8106
2020-05-04,50.5,50.5,50.9,50.5,50.5,8106
2020-05-05,50.5,50.5,50.9,50.5,50.5,8106
2020-05-06,50.5,50.5,50.9,50.5,50.5,8106
2020-05-07,50.5,50.5,50.9,50.5,50.5,8106
2020-05-08,50.5,50.5,50.9,50.5,50.5,8106
2020-05-11,50.5,50.5,50.9,50.5,50.5,8106
2020-05-12,50.5,50.5,50.9,50.5,50.5,8106
2020-05-13,50.5,50.5,50.9,50.5,50.5,8106
2020-05-14,50.5,50.5,50.9,50.5,50.5,8106
2020-05-15,50.5,50.5,50.9,50.5,50.5,8106
2020-05-18,50.5,50.5,50.9,50.5,50.5,8106
2020-05-19,50.5,50.5,50.9,50.5,50.5,8106
2020-05-20,50.5,50.5,50.9,50.5,50.5,8106
2020-05-21,50.5,50.5,50.9,50.5,50.5,8106
2020-05-22,50.5,50.5,50.9,50.5,50.5,8106
2020-05-25,50.5,50.5,50.9,50.5,50.5,8106
2020-05-26,50.5,50.5,50.9,50.5,50.5,8106
2020-05-27,50.5,50.5,50.9,50.5,50.5,8106
2020-05-28,50.5,50.5,50.9,50.5,50.5,8106
2020-05-29,50.5,50.5,50.9,50.5,50.5,8106
2020-06-01,50.5,50.5,50.9,50.5,50.5,8106
2020-06-02,50.5,50.5,50.9,50.5,50.5,8106
2020-06-03,50.5,50.5,50.9,50.5,50.5,8106
2020-06-04,50.5,50.5,50.9,50.5,50.5,8106
2020-06-05,50.5,50.5,50.9,50.5,50.5,8106
2020-06-08,50.5,50.5,50.9,50.5,50.5,8106
2020-06-09,50.5,50.5,50.9,50.5,50.5,8106
2020-06-10,50.5,50.5,50.9,50.5,50.5,8106
2020-06-11,50.5,50.5,50.9,50.5,50.5,8106
2020-06-12,50.5,50.5,50.9,50.5,50.5,8106
2020-06-15,50.5,50.5,50.9,50.5,50.5,8106
2020-06-16,50.5,50.5,50.9,50.5,50.5,8106
2020-06-17,50.5,50.5,50.9,50.5,50.5,8106
2020-06-18,50.5,50.5,50.9,50.5,50.5,8106
2020-06-19,50.5,50.5,50.9,50.5,50.5,8106
2020-06-22,50.5,50.5,50.9,50.5,50.5,8106
2020-06-23,50.5,50.5,50.9,50.5,50.5,8106
2020-06-24,50.5,50.5,50.9,50.5,50.5,8106
2020-06-29,50.5,50.5,50.9,50.5,50.5,8106
2020-06-30,50.5,50.5,50.9,50.5,50.5,8106
2020-07-01,50.5,50.5,50.9,50.5,50.5,8106
2020-07-02,50.5,50.5,50.9,50.5,50.5,8106
2020-07-03,50.5,50.5,50.9,50.5,50.5,8106
2020-07-06,50.5,50.5,50.9,50.5,50.5,8106
2020-07-07,50.5,50.5,50.9,50.5,50.5,8106
2020-07-08,50.5,50.5,50.9,50.5,50.5,8106
2020-07-09,50.5,50.5,50.9,50.5,50.5,8106
2020-07-10,50.5,50.5,50.9,50.5,50.5,8106
2020-07-13,50.5,50.5,50.9,50.5,50.5,8106
2020-07-14,50.5,50.5,50.9,50.5,50.5,8106
2020-07-15,50.5,50.5,50.9,50.5,50.5,8106
2020-07-16,50.5,50.5,50.9,50.5,50.5,8106
2020-07-17,50.5,50.5,50.9,50.5,50.5,8106
2020-07-20,50.5,50.5,50.9,50.5,50.5,8106
2020-07-21,50.5,50.5,50.9,50.5,50.5,8106
2020-07-22,50.5,50.5,50.9,50.5,50.5,8106
2020-07-23,50.5,50.5,50.9,50.5,50.5,8106
2020-07-24,50.5,50.5,50.9,50.5,50.5,8106
2020-07-27,50.5,50.5,50.9,50.5,50.5,8106
2020-07-28,50.5,50.5,50.9,50.5,50.5,8106
2020-07-29,50.5,50.5,50.9,50.5,50.5,8106
2020-07-30,50.5,50.5,50.9,50.5,50.5,8106
2020-07-31,50.5,50.5,50.9,50.5,50.5,8106
2020-08-03,50.5,50.5,50.9,50.5,50.5,8106
2020-08-04,50.5,50.5,50.9,50.5,50.5,8106
2020-08-05,50.5,50.5,50.9,50.5,50.5,8106
2020-08-06,50.5,50.5,50.9,50.5,50.5,8106
2020-08-07,50.5,50.5,50.9,50.5,50.5,8106
2020-08-10,50.5,50.5,50.9,50.5,50.5,8106
2020-08-11,50.5,50.5,50.9,50.5,50.5,8106
2020-08-12,50.5,50.5,50.9,50.5,50.5,8106
2020-08-13,50.5,50.5,50.9,50.5,50.5,8106
2020-08-14,50.5,50.5,50.9,50.5,50.5,8106
2020-08-17,50.5,50.5,50.9,50.5,50.5,8106
2020-08-18,50.5,50.5,50.9,50.5,50.5,8106
2020-08-19,50.5,50.5,50.9,50.5,50.5,8106
2020-08-20,50.5,50.5,50.9,50.5,50.5,8106
2020-08-21,50.5,50.5,50.9,50.5,50.5,8106
2020-08-24,50.5,50.5,50.9,50.5,50.5,8106
2020-08-25,50.5,50.5,50.9,50.5,50.5,8106
2020-08-26,50.5,50.5,50.9,50.5,50.5,8106
2020-08-27,50.5,50.5,50.9,50.5,50.5,8106
2020-08-28,50.5,50.5,50.9,50.5,50.5,8106
2020-08-31,50.5,50.5,50.9,50.5,50.5,8106
2020-09-01,50.5,50.5,50.9,50.5,50.5,8106
2020-09-02,50.5,50.5,50.9,50.5,50.5,8106
2020-09-03,50.5,50.5,50.9,50.5,50.5,8106
2020-09-04,50.5,50.5,50.9,50.5,50.5,8106
2020-09-07,50.5,50.5,50.9,50.5,50.5,8106
2020-09-08,50.5,50.5,50.9,50.5,50.5,8106
2020-09-09,50.5,50.5,50.9,50.5,50.5,8106
2020-09-10,50.5,50.5,50.9,50.5,50.5,8106
2020-09-11,50.5,50.5,50.9,50.5,50.5,8106
2020-09-14,50.5,50.5,50.9,50.5,50.5,8106
2020-09-15,50.5,50.5,50.9,50.5,50.5,8106
2020-09-16,50.5,50.5,50.9,50.5,50.5,8106
2020-09-17,50.5,50.5,50.9,50.5,50.5,8106
2020-09-18,50.5,50.5,50.9,50.5,50.5,8106
2020-09-21,50.5,50.5,50.9,50.5,50.5,8106
2020-09-22,50.5,50.5,50.9,50.5,50.5,8106
2020-09-23,50.5,50.5,50.9,50.5,50.5,8106
2020-09-24,50.5,50.5,50.9,50.5,50.5,8106
2020-09-25,50.5,50.5,50.9,50.5,50.5,8106
2020-09-28,50.5,50.5,50.9,50.5,50.5,8106
2020-09-29,50.5,50.5,50.9,50.5,50.5,8106
2020-09-30,50.5,50.5,50.9,50.5,50.5,8106
2020-10-05,50.5,50.5,50.9,50.5,50.5,8106
2020-10-06,50.5,50.5,50.9,50.5,50.5,8106
2020-10-07,50.5,50.5,50.9,50.5,50.5,8106
2020-10-08,50.5,50.5,50.9,50.5,50.5,8106
2020-10-12,50.5,50.5,50.9,50.5,50.5,8106
2020-10-13,50.5,50.5,50.9,50.5,50.5,8106
2020-10-14,50.5,50.5,50.9,50.5,50.5,8106
2020-10-15,50.5,50.5,50.9,50.5,50.5,8106
2020-10-16,50.5,50.5,50.9,50.5,50.5,8106
2020-10-19,50.5,50.5,50.9,50.5,50.5,8106
2020-10-20,50.5,50.5,50.9,50.5,50.5,8106
2020-10-21,50.5,50.5,50.9,50.5,50.5,8106
2020-10-22,50.5,50.5,50.9,50.5,50.5,8106
2020-10-23,50.5,50.5,50.9,50.5,50.5,8106
2020-10-26,50.5,50.5,50.9,50.5,50.5,8106
2020-10-27,50.5,50.5,50.9,50.5,50.5,8106
2020-10-28,50.5,50.5,50.9,50.5,50.5,8106
2020-10-29,50.5,50.5,50.9,50.5,50.5,8106
2020-10-30,50.5,50.5,50.9,50.5,50.5,8106
2020-11-02,50.5,50.5,50.9,50.5,50.5,8106
2020-11-03,50.5,50.5,50.9,50.5,50.5,8106
2020-11-04,50.5,50.5,50.9,50.5,50.5,8106
2020-11-05,50.5,50.5,50.9,50.5,50.5,8106
2020-11-06,50.5,50.5,50.9,50.5,50.5,8106
2020-11-09,50.5,50.5,50.9,50.5,50.5,8106
2020-11-10,50.5,50.5,50.9,50.5,50.5,8106
2020-11-11,50.5,50.5,50.9,50.5,50.5,8106
2020-11-12,50.5,50.5,50.9,50.5,50.5,8106
2020-11-13,50.5,50.5,50.9,50.5,50.5,8106
2020-11-16,50.5,50.5,50.9,50.5,50.5,8106
2020-11-17,50.5,50.5,50.9,50.5,50.5,8106
2020-11-18,50.5,50.5,50.9,50.5,50.5,8106
2020-11-19,50.5,50.5,50.9,50.5,50.5,8106
2020-11-20,50.5,50.5,50.9,50.5,50.5,8106
2020-11-23,50.5,50.5,50.9,50.5,50.5,8106
2020-11-24,50.5,50.5,50.9,50.5,50.5,8106
2020-11-25,50.5,50.5,50.9,50.5,50.5,8106
2020-11-26,50.5,50.5,50.9,50.5,50.5,8106
2020-11-27,50.5,50.5,50.9,50.5,50.5,8106
2020-11-30,50.5,50.5,50.9,50.5,50.5,8106
2020-12-01,50.5,50.5,50.9,50.5,50.5,8106
2020-12-02,50.5,50.5,50.9,50.5,50.5,8106
2020-12-04,50.5,50.5,50.9,50.5,50.5,8106
2020-12-07,50.5,50.5,50.9,50.5,50.5,8106
2020-12-08,50.5,50.5,50.9,50.5,50.5,8106
2020-12-09,50.5,50.5,50.9,50.5,50.5,8106
2020-12-10,50.5,50.5,50.9,50.5,50.5,8106
2020-12-11,50.5,50.5,50.9,50.5,50.5,8106
2020-12-14,50.5,50.5,50.9,50.5,50.5,8106
2020-12-15,50.5,50.5,50.9,50.5,50.5,8106
2020-12-16,50.5,50.5,50.9,50.5,50.5,8106
2020-12-17,50.5,50.5,50.9,50.5,50.5,8106
2020-12-18,50.5,50.5,50.9,50.5,50.5,8106
2020-12-21,50.5,50.5,50.9,50.5,50.5,8106
2020-12-22,50.5,50.5,50.9,50.5,50.5,8106
2020-12-23,50.5,50.5,50.9,50.5,50.5,8106
2020-12-24,50.5,50.5,50.9,50.5,50.5,8106
2020-12-25,50.5,50.5,50.9,50.5,50.5,8106
2020-12-28,50.5,50.5,50.9,50.5,50.5,8106
2020-12-29,50.5,50.5,50.9,50.5,50.5,8106
2020-12-30,50.5,50.5,50.9,50.5,50.5,8106
2020-12-31,50.5,50.5,50.9,50.5,50.5,8106
2021-01-04,50.5,50.5,50.9,50.5,50.5,8106
2021-01-05,50.5,50.5,50.9,50.5,50.5,8106
2021-01-06,50.5,50.5,50.9,50.5,50.5,8106
2021-01-07,50.5,50.5,50.9,50.5,50.5,8106
2021-01-08,50.5,50.5,50.9,50.5,50.5,8106
2021-01-11,50.5,50.5,50.9,50.5,50.5,8106
2021-01-12,50.5,50.5,50.9,50.5,50.5,8106
2021-01-13,50.5,50.5,50.9,50.5,50.5,8106
2021-01-14,50.5,50.5,50.9,50.5,50.5,8106
2021-01-15,50.5,50.5,50.9,50.5,50.5,8106
2021-01-18,50.5,50.5,50.9,50.5,50.5,8106
2021-01-19,50.5,50.5,50.9,50.5,50.5,8106
2021-01-20,50.5,50.5,50.9,50.5,50.5,8106
2021-01-21,50.5,50.5,50.9,50.5,50.5,8106
2021-01-22,50.5,50.5,50.9,50.5,50.5,8106
2021-01-25,50.5,50.5,50.9,50.5,50.5,8106
2021-01-26,50.5,50.5,50.9,50.5,50.5,8106
2021-01-27,50.5,50.5,50.9,50.5,50.5,8106
2021-01-28,50.5,50.5,50.9,50.5,50.5,8106
2021-01-29,50.5,50.5,50.9,50.5,50.5,8106
2021-02-01,50.5,50.5,50.9,50.5,50.5,8106
2021-02-02,50.5,50.5,50.9,50.5,50.5,8106
2021-02-03,50.5,50.5,50.9,50.5,50.5,8106
2021-02-04,50.5,50.5,50.9,50.5,50.5,8106
2021-02-05,50.5,50.5,50.9,50.5,50.5,8106
2021-02-17,50.5,50.5,50.9,50.5,50.5,8106
2021-02-18,50.5,50.5,50.9,50.5,50.5,8106
2021-02-19,50.5,50.5,50.9,50.5,50.5,8106
2021-02-22,50.5,50.5,50.9,50.5,50.5,8106
2021-02-23,50.5,50.5,50.9,50.5,50.5,8106
2021-02-24,50.5,50.5,50.9,50.5,50.5,8106
2021-02-25,50.5,50.5,50.9,50.5,50.5,8106
2021-02-26,50.5,50.5,50.9,50.5,50.5,8106
2021-03-02,50.5,50.5,50.9,50.5,50.5,8106
2021-03-03,50.5,50.5,50.9,50.5,50.5,8106
2021-03-04,50.5,50.5,50.9,50.5,50.5,8106
2021-03-05,50.5,50.5,50.9,50.5,50.5,8106
2021-03-08,50.5,50.5,50.9,50.5,50.5,8106
2021-03-09,50.5,50.5,50.9,50.5,50.5,8106
2021-03-10,50.5,50.5,50.9,50.5,50.5,8106
2021-03-11,50.5,50.5,50.9,50.5,50.5,8106
2021-03-12,50.5,50.5,50.9,50.5,50.5,8106
2021-03-15,50.5,50.5,50.9,50.5,50.5,8106
2021-03-16,50.5,50.5,50.9,50.5,50.5,8106
2021-03-17,50.5,50.5,50.9,50.5,50.5,8106
2021-03-18,50.5,50.5,50.9,50.5,50.5,8106
2021-03-19,50.5,50.5,50.9,50.5,50.5,8106
2021-03-22,50.5,50.5,50.9,50.5,50.5,8106
2021-03-23,50.5,50.5,50.9,50.5,50.5,8106
2021-03-24,50.5,50.5,50.9,50.5,50.5,8106
2021-03-25,50.5,50.5,50.9,50.5,50.5,8106
2021-03-26,50.5,50.5,50.9,50.5,50.5,8106
2021-03-29,50.5,50.5,50.9,50.5,50.5,8106
2021-03-30,50.5,50.5,50.9,50.5,50.5,8106
2021-03-31,50.5,50.5,50.9,50.5,50.5,8106
2021-04-01,50.5,50.5,50.9,50.5,50.5,8106
2021-04-06,50.5,50.5,50.9,50.5,50.5,8106
2021-04-07,50.5,50.5,50.9,50.5,50.5,8106
2021-04-08,50.5,50.5,50.9,50.5,50.5,8106
2021-04-09,50.5,50.5,50.9,50.5,50.5,8106
2021-04-12,50.5,50.5,50.9,50.5,50.5,8106
2021-04-13,50.5,50.5,50.9,50.5,50.5,8106
2021-04-14,50.5,50.5,50.9,50.5,50.5,8106
2021-04-15,50.5,50.5,50.9,50.5,50.5,8106
2021-04-16,50.5,50.5,50.9,50.5,50.5,8106
2021-04-19,50.5,50.5,50.9,50.5,50.5,8106
2021-04-20,50.5,50.5,50.9,50.5,50.5,8106
2021-04-21,50.5,50.5,50.9,50.5,50.5,8106
2021-04-22,50.5,50.5,50.9,50.5,50.5,8106
2021-04-23,50.5,50.5,50.9,50.5,50.5,8106
2021-04-26,50.5,50.5,50.9,50.5,50.5,8106
2021-04-27,50.5,50.5,50.9,50.5,50.5,8106
2021-04-28,50.5,50.5,50.9,50.5,50.5,8106
2021-04-29,50.5,50.5,50.9,50.5,50.5,8106
2021-05-03,50.5,50.5,50.9,50.5,50.5,8106
2021-05-04,50.5,50.5,50.9,50.5,50.5,8106
2021-05-05,50.5,50.5,50.9,50.5,50.5,8106
2021-05-06,50.5,50.5,50.9,50.5,50.5,8106
2021-05-07,50.5,50.5,50.9,50.5,50.5,8106
2021-05-10,50.5,50.5,50.9,50.5,50.5,8106
2021-05-11,50.5,50.5,50.9,50.5,50.5,8106
2021-05-12,50.5,50.5,50.9,50.5,50.5,8106
2021-05-13,50.5,50.5,50.9,50.5,50.5,8106
2021-05-14,50.5,50.5,50.9,50.5,50.5,8106
2021-05-17,50.5,50.5,50.9,50.5,50.5,8106
2021-05-18,50.5,50.5,50.9,50.5,50.5,8106
2021-05-19,50.5,50.5,50.9,50.5,50.5,8106
2021-05-20,50.5,50.5,50.9,50.5,50.5,8106
2021-05-21,50.5,50.5,50.9,50.5,50.5,8106
2021-05-24,50.5,50.5,50.9,50.5,50.5,8106
2021-05-25,50.5,50.5,50.9,50.5,50.5,8106
2021-05-26,50.5,50.5,50.9,50.5,50.5,8106
2021-05-27,50.5,50.5,50.9,50.5,50.5,8106
2021-05-28,50.5,50.5,50.9,50.5,50.5,8106
2021-05-31,50.5,50.5,50.9,50.5,50.5,8106
2021-06-01,50.5,50.5,50.9,50.5,50.5,8106
2021-06-02,50.5,50.5,50.9,50.5,50.5,8106
2021-06-03,50.5,50.5,50.9,50.5,50.5,8106
2021-06-04,50.5,50.5,50.9,50.5,50.5,8106
2021-06-07,50.5,50.5,50.9,50.5,50.5,8106
2021-06-08,50.5,50.5,50.9,50.5,50.5,8106
2021-06-09,50.5,50.5,50.9,50.5,50.5,8106
2021-06-10,50.5,50.5,50.9,50.5,50.5,8106
2021-06-11,50.5,50.5,50.9,50.5,50.5,8106
2021-06-15,50.5,50.5,50.9,50.5,50.5,8106
2021-06-16,50.5,50.5,50.9,50.5,50.5,8106
2021-06-17,50.5,50.5,50.9,50.5,50.5,8106
2021-06-18,50.5,50.5,50.9,50.5,50.5,8106
2021-06-21,50.5,50.5,50.9,50.5,50.5,8106
2021-06-22,50.5,50.5,50.9,50.5,50.5,8106
2021-06-23,50.5,50.5,50.9,50.5,50.5,8106
2021-06-24,50.5,50.5,50.9,50.5,50.5,8106
2021-06-25,50.5,50.5,50.9,50.5,50.5,8106
2021-06-28,50.5,50.5,50.9,50.5,50.5,8106
2021-06-29,50.5,50.5,50.9,50.5,50.5,8106
2021-06-30,50.5,50.5,50.9,50.5,50.5,8106
2021-07-01,50.5,50.5,50.9,50.5,50.5,8106
2021-07-02,50.5,50.5,50.9,50.5,50.5,8106
2021-07-05,50.5,50.5,50.9,50.5,50.5,8106
2021-07-06,50.5,50.5,50.9,50.5,50.5,8106
2021-07-07,50.5,50.5,50.9,50.5,50.5,8106
2021-07-08,50.5,50.5,50.9,50.5,50.5,8106
2021-07-09,50.5,50.5,50.9,50.5,50.5,8106
2021-07-12,50.5,50.5,50.9,50.5,50.5,8106
2021-07-13,50.5,50.5,50.9,50.5,50.5,8106
2021-07-14,50.5,50.5,50.9,50.5,50.5,8106
2021-07-15,50.5,50.5,50.9,50.5,50.5,8106
2021-07-16,50.5,50.5,50.9,50.5,50.5,8106
2021-07-19,50.5,50.5,50.9,50.5,50.5,8106
2021-07-20,50.5,50.5,50.9,50.5,50.5,8106
2021-07-21,50.5,50.5,50.9,50.5,50.5,8106
2021-07-22,50.5,50.5,50.9,50.5,50.5,8106
2021-07-23,50.5,50.5,50.9,50.5,50.5,8106
2021-07-26,50.5,50.5,50.9,50.5,50.5,8106
2021-07-27,50.5,50.5,50.9,50.5,50.5,8106
2021-07-28,50.5,50.5,50.9,50.5,50.5,8106
2021-07-29,50.5,50.5,50.9,50.5,50.5,8106
2021-07-30,50.5,50.5,50.9,50.5,50.5,8106
2021-08-02,50.5,50.5,50.9,50.5,50.5,8106
2021-08-03,50.5,50.5,50.9,50.5,50.5,8106
2021-08-04,50.5,50.5,50.9,50.5,50.5,8106
2021-08-05,50.5,50.5,50.9,50.5,50.5,8106
2021-08-06,50.5,50.5,50.9,50.5,50.5,8106
2021-08-09,41.15,41.15,41.85,41.1,41.1,49000
2021-08-10,41.2,41.2,41.5,40.9,41.0,40000
2021-08-11,40.9,40.9,41.2,40.9,41.15,28000
2021-08-12,41.1,41.1,41.2,40.9,40.9,14000
2021-08-13,40.95,40.95,41.15,40.95,41.05,30000
2021-08-16,40.7,40.7,40.9,40.6,40.9,20000
2021-08-17,40.5,40.5,41.2,40.5,40.7,42000
2021-08-18,40.6,40.6,40.9,40.3,40.5,30000
2021-08-19,40.15,40.15,41.1,40.15,40.65,22000
2021-08-20,39.7,39.7,40.2,39.65,40.2,47000
2021-08-23,39.9,39.9,40.2,39.8,40.2,26000
2021-08-24,40.05,40.05,40.5,40.0,40.1,30000
2021-08-25,40.15,40.15,40.5,40.15,40.5,5000
2021-08-26,40.1,40.1,40.5,40.05,40.2,24000
2021-08-27,40.1,40.1,40.4,40.1,40.15,29000
2021-08-30,40.25,40.25,40.25,40.2,40.2,13000
2021-08-31,40.4,40.4,40.45,40.2,40.25,21000
2021-09-01,41.5,41.5,42.15,40.45,40.45,96000
2021-09-02,41.1,41.1,41.7,41.0,41.7,25000
2021-09-03,41.4,41.4,41.75,41.1,41.1,49000
2021-09-06,40.5,40.5,41.4,40.5,41.4,121000
2021-09-07,39.0,39.0,39.4,38.8,38.8,61000
2021-09-08,39.2,39.2,39.55,39.1,39.1,22000
2021-09-09,38.85,38.85,39.6,38.85,38.9,46000
2021-09-10,38.95,38.95,39.5,38.85,38.85,36000
2021-09-13,38.95,38.95,38.95,38.95,38.95,4000
2021-09-14,39.0,39.0,39.4,38.95,38.95,34000
2021-09-15,39.4,39.4,39.5,39.0,39.1,30000
2021-09-16,39.0,39.0,39.2,39.0,39.15,19000
2021-09-17,39.1,39.1,39.1,39.0,39.1,7000
2021-09-22,39.0,39.0,39.1,38.9,39.0,38000
2021-09-23,40.05,40.05,41.0,39.0,39.05,87000
2021-09-24,40.0,40.0,40.55,40.0,40.2,13000
2021-09-27,40.6,40.6,40.85,39.8,39.8,19000
2021-09-28,40.25,40.25,40.6,40.25,40.6,27000
2021-09-29,40.25,40.25,40.25,39.95,40.05,39000
2021-09-30,40.1,40.1,40.45,39.95,40.45,24000
2021-10-01,39.9,39.9,40.2,39.9,40.0,75000
2021-10-04,39.8,39.8,40.4,39.6,40.4,50000
2021-10-05,39.7,39.7,40.15,39.6,40.15,27000
2021-10-06,39.65,39.65,39.9,39.55,39.75,26000
2021-10-07,39.65,39.65,39.75,39.6,39.65,8000
2021-10-08,39.65,39.65,39.95,39.65,39.75,27000
2021-10-12,39.75,39.75,39.95,39.7,39.7,6000
2021-10-13,39.45,39.45,39.9,39.0,39.8,25000
2021-10-14,39.6,39.6,39.6,39.3,39.55,5000
2021-10-15,40.0,40.0,40.0,39.5,39.5,28000
2021-10-18,40.05,40.05,40.1,39.9,40.05,23000
2021-10-19,40.4,40.4,40.45,40.0,40.05,38000
2021-10-20,44.4,44.4,44.4,41.4,41.4,827000
2021-10-21,45.3,45.3,48.0,45.1,47.0,1323000
2021-10-22,44.65,44.65,46.0,43.9,45.3,298000
2021-10-25,47.5,47.5,48.5,47.0,47.35,534000
2021-10-26,46.35,46.35,48.0,45.85,47.8,210000
2021-10-27,45.85,45.85,46.45,45.6,46.3,118000
2021-10-28,45.25,45.25,45.95,45.05,45.7,170000
2021-10-29,44.6,44.6,45.8,44.55,45.25,100000
2021-11-01,44.5,44.5,45.45,44.4,44.5,116000
2021-11-02,44.45,44.45,45.15,44.25,44.5,56000
2021-11-03,44.25,44.25,44.85,44.05,44.85,85000
2021-11-04,44.05,44.05,44.55,43.7,44.55,66000
2021-11-05,44.0,44.0,44.0,43.6,43.8,54000
2021-11-08,44.3,44.3,44.35,44.0,44.05,30000
2021-11-09,44.15,44.15,44.55,44.1,44.4,38000
2021-11-10,44.35,44.35,44.95,44.05,44.05,37000
2021-11-11,44.3,44.3,44.5,44.3,44.5,36000
2021-11-12,43.9,43.9,44.75,43.9,44.75,57000
2021-11-15,43.7,43.7,44.45,43.7,44.0,76000
2021-11-16,43.95,43.95,44.2,43.65,43.65,29000
2021-11-17,44.0,44.0,44.15,43.7,44.0,62000
2021-11-18,44.35,44.35,44.6,43.75,43.75,74000
2021-11-19,44.1,44.1,45.15,44.1,45.1,132000
2021-11-22,44.4,44.4,44.5,44.1,44.35,22000
2021-11-23,43.95,43.95,44.65,43.9,44.4,64000
2021-11-24,44.8,44.8,44.95,44.1,44.1,55000
2021-11-25,44.65,44.65,45.1,44.65,45.1,38000
2021-11-26,44.65,44.65,44.9,44.4,44.9,72000
2021-11-29,44.6,44.6,45.2,44.45,44.6,42000
2021-11-30,44.6,44.6,44.85,44.5,44.7,30000
2021-12-01,44.35,44.35,44.75,44.3,44.6,51000
2021-12-02,44.25,44.25,44.65,44.0,44.6,55000
2021-12-03,44.3,44.3,44.65,44.1,44.65,33000
2021-12-06,44.15,44.15,44.3,44.1,44.3,22000
2021-12-07,44.05,44.05,44.35,43.85,44.15,52000
2021-12-08,44.35,44.35,44.45,44.1,44.1,34000
2021-12-09,44.25,44.25,44.8,44.25,44.8,29000
2021-12-10,44.1,44.1,44.7,44.1,44.7,32000
2021-12-13,44.1,44.1,44.55,44.1,44.25,36000
2021-12-14,43.9,43.9,44.5,43.8,44.5,29000
2021-12-15,43.95,43.95,44.15,43.9,44.15,17000
2021-12-16,44.05,44.05,44.25,43.75,44.25,45000
2021-12-17,44.0,44.0,44.2,43.65,44.2,39000
2021-12-20,43.8,43.8,44.15,43.65,44.15,21000
2021-12-21,43.95,43.95,44.1,43.8,43.8,16000
2021-12-22,44.25,44.25,44.4,44.0,44.0,39000
2021-12-23,44.6,44.6,44.75,44.3,44.75,50000
2021-12-24,44.35,44.35,44.8,44.2,44.8,39000
2021-12-27,43.95,43.95,44.6,43.2,44.6,59000
2021-12-28,43.9,43.9,44.4,43.6,44.4,47000
2021-12-29,44.1,44.1,44.3,43.9,43.9,22000
2021-12-30,44.5,44.5,44.5,44.2,44.4,56000
2022-01-03,43.8,43.8,44.5,43.8,44.5,46000
2022-01-04,43.8,43.8,44.2,43.7,44.2,45000
2022-01-05,43.55,43.55,43.9,43.5,43.9,36000
2022-01-06,43.8,43.8,43.8,43.35,43.8,35000
2022-01-07,43.35,43.35,43.75,43.05,43.5,50000
2022-01-10,43.7,43.7,44.4,43.5,44.4,49000
2022-01-11,43.5,43.5,43.95,43.2,43.95,21000
2022-01-12,43.4,43.4,43.65,43.2,43.5,13000
2022-01-13,43.35,43.35,43.5,43.2,43.2,25000
2022-01-14,43.05,43.05,43.4,42.85,43.3,58000
2022-01-17,43.3,43.3,43.85,42.9,43.85,19000
2022-01-18,43.35,43.35,43.5,43.0,43.5,37000
2022-01-19,42.9,42.9,43.35,42.85,43.35,18000
2022-01-20,43.3,43.3,43.3,42.65,42.65,17000
2022-01-21,42.9,42.9,43.8,42.8,43.25,56000
2022-01-24,42.4,42.4,42.9,42.15,42.9,55000
2022-01-25,42.1,42.1,42.75,42.1,42.75,30000
2022-01-26,42.05,42.05,42.85,41.95,41.95,24000
2022-02-07,42.25,42.25,42.95,42.0,42.0,12000
2022-02-08,42.2,42.2,42.45,41.95,42.2,38000
2022-02-09,42.4,42.4,42.65,42.15,42.65,27000
2022-02-10,42.5,42.5,43.05,42.2,43.05,14000
2022-02-11,42.5,42.5,42.9,42.4,42.9,26000
2022-02-14,42.3,42.3,42.85,42.15,42.85,31000
2022-02-15,42.5,42.5,43.15,42.45,43.15,20000
2022-02-16,42.75,42.75,43.1,42.5,43.1,28000
2022-02-17,42.3,42.3,42.8,42.0,42.8,63000
2022-02-18,42.35,42.35,42.45,42.05,42.45,24000
2022-02-21,42.2,42.2,42.35,42.15,42.35,31000
2022-02-22,42.2,42.2,42.4,41.85,42.2,43000
2022-02-23,44.0,44.0,44.25,42.0,42.0,162000
2022-02-24,43.15,43.15,44.4,43.15,43.7,131000
2022-02-25,44.35,44.35,46.0,43.1,43.15,209000
2022-03-01,43.9,43.9,45.0,43.85,44.15,128000
2022-03-02,44.15,44.15,44.15,43.5,44.15,32000
2022-03-03,44.35,44.35,44.75,44.15,44.15,53000
2022-03-04,43.95,43.95,44.6,43.8,44.6,65000
2022-03-07,42.5,42.5,43.9,42.05,43.9,92000
2022-03-08,42.1,42.1,42.85,42.05,42.85,41000
2022-03-09,42.5,42.5,42.55,42.05,42.55,47000
2022-03-10,42.5,42.5,43.2,42.25,42.8,38000
2022-03-11,42.5,42.5,42.65,42.2,42.65,9000
2022-03-14,42.75,42.75,42.75,42.2,42.75,16000
2022-03-15,42.45,42.45,42.5,42.1,42.5,13000
2022-03-16,42.0,42.0,42.8,41.9,42.7,40000
2022-03-17,42.5,42.5,42.55,42.0,42.05,31000
2022-03-18,42.55,42.55,42.6,42.55,42.6,5000
2022-03-21,42.5,42.5,42.7,42.3,42.7,9000
2022-03-22,42.9,42.9,43.1,42.6,42.65,50000
2022-03-23,43.1,43.1,43.2,42.8,43.2,15000
2022-03-24,43.2,43.2,43.25,42.8,43.25,5000
2022-03-25,43.2,43.2,43.4,43.15,43.4,27000
2022-03-28,43.0,43.0,43.35,42.55,43.2,51000
2022-03-29,43.1,43.1,43.25,42.95,43.2,14000
2022-03-30,43.4,43.4,44.25,42.85,43.1,22000
2022-03-31,42.9,42.9,43.5,42.9,43.5,16000
2022-04-01,43.25,43.25,43.4,42.8,43.4,5000
2022-04-06,43.25,43.25,43.4,43.0,43.0,39000
2022-04-07,43.2,43.2,43.4,43.2,43.4,24000
2022-04-08,43.9,43.9,44.15,43.4,44.1,54000
2022-04-11,44.05,44.05,44.9,44.0,44.0,154000
2022-04-12,44.25,44.25,44.65,44.05,44.65,28000
2022-04-13,44.2,44.2,44.5,43.35,44.3,65000
2022-04-14,44.05,44.05,44.5,43.8,44.5,29000
2022-04-15,44.05,44.05,44.35,43.85,44.35,41000
2022-04-18,45.25,45.25,46.0,44.2,44.4,244000
2022-04-19,44.9,44.9,45.8,44.65,45.2,73000
2022-04-20,44.75,44.75,45.2,44.65,45.0,64000
2022-04-21,44.9,44.9,45.2,44.75,45.15,51000
2022-04-22,45.0,45.0,45.45,44.65,45.15,95000
2022-04-25,43.8,43.8,45.3,43.6,44.8,83000
2022-04-26,43.5,43.5,44.15,43.2,43.9,87000
2022-04-27,43.15,43.15,43.5,42.75,43.5,41000
2022-04-28,43.3,43.3,43.5,43.15,43.5,15000
2022-04-29,43.5,43.5,43.8,43.5,43.55,14000
2022-05-03,44.25,44.25,44.55,43.65,43.65,89000
2022-05-04,44.25,44.25,44.6,43.7,44.6,21000
2022-05-05,44.25,44.25,44.55,43.9,44.25,30000
2022-05-06,43.15,43.15,44.15,43.15,44.0,49000
2022-05-09,42.35,42.35,43.6,42.05,43.5,72000
2022-05-10,42.05,42.05,42.8,42.0,42.2,56000
2022-05-11,42.1,42.1,42.35,42.0,42.25,27000
2022-05-12,41.9,41.9,42.35,41.5,42.3,46000
2022-05-13,41.85,41.85,42.5,41.5,42.5,37000
2022-05-16,41.5,41.5,42.45,41.45,42.45,51000
2022-05-17,41.45,41.45,41.8,41.35,41.8,17000
2022-05-18,41.65,41.65,41.8,41.45,41.45,16000
2022-05-19,41.35,41.35,41.65,41.35,41.45,7000
2022-05-20,41.5,41.5,41.5,41.35,41.45,13000
2022-05-23,42.4,42.4,42.4,41.6,41.6,17000
2022-05-24,41.95,41.95,42.05,41.95,42.05,8000
2022-05-25,42.2,42.2,42.3,41.9,42.3,20000
2022-05-26,42.0,42.0,42.3,41.7,42.3,16000
2022-05-27,42.75,42.75,43.5,42.55,42.85,68000
2022-05-30,42.85,42.85,43.05,42.75,43.0,9000
2022-05-31,42.9,42.9,43.15,42.6,43.1,12000
2022-06-01,42.5,42.5,43.1,42.3,43.1,31000
2022-06-02,42.65,42.65,42.75,42.65,42.75,3000
2022-06-06,42.9,42.9,43.15,42.9,43.15,19000
2022-06-07,42.9,42.9,43.0,42.65,42.75,14000
2022-06-08,42.4,42.4,43.0,42.3,43.0,50000
2022-06-09,42.55,42.55,42.55,42.2,42.2,18000
2022-06-10,42.9,42.9,42.9,42.55,42.55,29000
2022-06-13,41.4,41.4,41.5,41.05,41.5,21000
2022-06-14,41.7,41.7,41.85,41.3,41.85,25000
2022-06-15,41.75,41.75,42.4,41.6,42.4,18000
2022-06-16,41.8,41.8,42.1,41.55,42.1,21000
2022-06-17,41.75,41.75,41.75,41.25,41.45,19000
2022-06-20,41.75,41.75,42.15,41.5,42.05,37000
2022-06-21,41.95,41.95,42.15,41.95,42.15,13000
2022-06-22,41.1,41.1,41.9,40.75,41.9,77000
2022-06-23,41.35,41.35,41.6,41.0,41.6,15000
2022-06-24,41.4,41.4,41.75,41.05,41.5,22000
2022-06-27,41.45,41.45,41.65,41.05,41.65,11000
2022-06-28,41.15,41.15,41.9,40.85,41.55,39000
2022-06-29,41.25,41.25,41.25,40.85,41.2,31000
2022-06-30,40.65,40.65,41.35,40.35,41.25,37000
2022-07-01,40.2,40.2,40.95,40.05,40.95,33000
2022-07-04,40.15,40.15,40.6,40.0,40.2,9000
2022-07-05,40.0,40.0,41.05,39.5,41.05,40000
2022-07-06,39.15,39.15,40.6,39.0,39.9,65000
2022-07-07,39.45,39.45,39.6,39.15,39.15,34000
2022-07-08,39.45,39.45,39.8,39.15,39.8,52000
2022-07-11,39.85,39.85,39.9,39.4,39.6,17000
2022-07-12,39.35,39.35,39.85,39.3,39.85,22000
2022-07-13,39.8,39.8,39.8,39.8,39.8,4000
2022-07-14,40.05,40.05,40.05,40.05,40.05,2000
2022-07-15,40.05,40.05,40.25,39.4,40.25,12000
2022-07-18,39.8,39.8,40.0,39.6,39.8,27000
2022-07-19,39.8,39.8,40.05,39.6,39.8,32000
2022-07-20,39.7,39.7,40.15,39.6,40.15,27000
2022-07-21,39.65,39.65,39.95,39.4,39.95,25000
2022-07-22,43.6,43.6,43.6,42.0,43.0,372000
2022-07-25,47.95,47.95,47.95,46.5,46.95,2805000
2022-07-26,45.9,45.9,47.9,45.9,47.4,1119000
2022-07-27,44.25,44.25,45.9,44.25,45.65,555000
2022-07-28,44.2,44.2,46.2,44.1,44.45,446000
2022-07-29,44.95,44.95,47.0,44.75,45.5,1042000
2022-08-01,44.4,44.4,45.55,44.3,45.0,280000
2022-08-02,44.6,44.6,47.5,44.5,44.75,1186000
2022-08-03,44.45,44.45,45.75,44.15,45.0,258000
2022-08-04,42.9,42.9,45.15,42.1,45.15,288000
2022-08-05,42.7,42.7,43.7,42.7,43.7,142000
2022-08-08,42.65,42.65,43.05,42.3,42.6,102000
2022-08-09,42.45,42.45,43.1,42.45,42.65,82000
2022-08-10,42.45,42.45,42.85,42.1,42.85,94000
2022-08-11,42.75,42.75,43.05,42.25,43.05,84000
2022-08-12,42.8,42.8,43.35,42.65,42.85,96000
2022-08-15,43.5,43.5,44.0,43.1,43.8,132000
2022-08-16,44.0,44.0,44.55,43.5,43.65,144000
2022-08-17,43.55,43.55,44.45,43.5,44.4,119000
2022-08-18,44.6,44.6,45.4,43.55,43.75,220000
2022-08-19,45.55,45.55,45.55,44.6,44.7,290000
2022-08-22,47.4,47.4,47.4,45.45,46.8,551000
2022-08-23,46.95,46.95,47.6,46.6,47.4,469000
2022-08-24,46.3,46.3,47.25,46.1,47.25,267000
2022-08-25,45.2,45.2,46.75,45.05,46.5,361000
2022-08-26,45.05,45.05,45.6,45.05,45.4,122000
2022-08-29,45.3,45.3,45.85,44.2,44.5,180000
2022-08-30,45.75,45.75,45.9,45.2,45.7,105000
2022-08-31,47.25,47.25,47.55,46.0,46.0,389000
2022-09-01,47.1,47.1,47.8,46.6,47.75,195000
2022-09-02,47.25,47.25,47.75,46.7,47.3,168000
2022-09-05,49.0,49.0,51.9,47.1,47.1,1799000
2022-09-06,48.65,48.65,49.95,47.05,49.95,794000
2022-09-07,48.8,48.8,49.95,48.15,49.0,327000
2022-09-08,48.95,48.95,49.35,48.5,49.35,124000
2022-09-12,49.3,49.3,49.65,48.6,49.65,171000
2022-09-13,50.6,50.6,50.8,49.05,49.5,263000
2022-09-14,50.3,50.3,50.9,49.0,49.4,168000
2022-09-15,49.75,49.75,50.9,49.75,50.9,127000
2022-09-16,48.9,48.9,50.1,48.25,50.1,187000
2022-09-19,48.05,48.05,49.0,48.0,48.9,142000
2022-09-20,48.6,48.6,48.65,48.0,48.65,68000
2022-09-21,47.7,47.7,48.9,47.35,48.9,181000
2022-09-22,49.3,49.3,50.2,47.1,48.15,180000
2022-09-23,48.55,48.55,49.55,47.8,49.5,194000
2022-09-26,45.25,45.25,48.35,45.25,48.35,224000
2022-09-27,45.55,45.55,46.15,44.1,46.15,76000
2022-09-28,42.4,42.4,46.35,42.4,45.9,160000
2022-09-29,43.8,43.8,44.25,42.75,42.75,86000
2022-09-30,43.6,43.6,43.6,42.9,43.6,74000
2022-10-03,43.25,43.25,44.75,43.25,43.6,69000
2022-10-04,43.9,43.9,44.3,43.25,44.15,54000
2022-10-05,44.05,44.05,44.6,43.6,44.1,68000
2022-10-06,43.5,43.5,44.45,43.5,44.45,38000
2022-10-07,44.3,44.3,46.6,44.3,45.8,295000
2022-10-11,42.6,42.6,44.65,42.6,44.5,128000
2022-10-12,42.8,42.8,43.3,42.35,43.3,73000
2022-10-13,40.4,40.4,43.05,40.4,42.85,85000
2022-10-14,42.6,42.6,43.15,41.0,41.0,70000
2022-10-17,43.4,43.4,43.5,42.0,42.6,149000
2022-10-18,43.4,43.4,44.0,43.15,44.0,29000
2022-10-19,43.15,43.15,44.65,43.15,43.95,22000
2022-10-20,42.9,42.9,43.75,42.3,43.1,64000
2022-10-21,42.55,42.55,43.3,42.25,42.95,38000
2022-10-24,42.8,42.8,43.45,42.45,43.0,17000
2022-10-25,42.0,42.0,43.2,42.0,42.8,30000
2022-10-26,41.8,41.8,42.7,41.45,42.7,77000
2022-10-27,42.95,42.95,43.55,42.0,42.0,29000
2022-10-28,41.75,41.75,43.3,41.75,42.8,39000
2022-10-31,42.25,42.25,42.75,41.6,42.0,61000
2022-11-01,43.6,43.6,44.5,42.35,42.9,84000
2022-11-02,43.55,43.55,44.05,43.45,44.05,17000
2022-11-03,44.2,44.2,44.4,43.0,43.25,72000
2022-11-04,43.9,43.9,44.55,43.75,44.2,26000
2022-11-07,43.8,43.8,44.4,43.5,43.9,48000
2022-11-08,43.45,43.45,44.25,43.45,43.95,23000
2022-11-09,43.95,43.95,43.95,43.45,43.6,33000
2022-11-10,44.2,44.2,44.45,44.05,44.1,43000
2022-11-11,44.3,44.3,45.4,44.2,44.85,91000
2022-11-14,45.55,45.55,46.4,45.3,46.0,174000
2022-11-15,44.6,44.6,45.7,44.6,45.7,63000
2022-11-16,43.65,43.65,45.2,43.6,44.9,75000
2022-11-17,44.4,44.4,45.2,43.7,43.95,69000
2022-11-18,44.6,44.6,45.0,44.25,44.5,72000
2022-11-21,46.35,46.35,46.8,44.3,44.95,283000
2022-11-22,44.4,44.4,46.5,44.4,46.35,207000
2022-11-23,45.35,45.35,45.35,44.4,44.9,86000
2022-11-24,45.05,45.05,45.6,44.5,45.35,65000
2022-11-25,44.85,44.85,45.4,44.4,45.0,89000
2022-11-28,44.8,44.8,45.05,44.6,44.95,17000
2022-11-29,44.35,44.35,44.9,44.1,44.9,69000
2022-11-30,44.7,44.7,45.1,44.4,44.65,22000
2022-12-01,44.8,44.8,45.15,44.3,44.65,50000
2022-12-02,45.5,45.5,46.3,44.7,44.95,116000
2022-12-05,47.0,47.0,47.2,45.6,45.6,182000
2022-12-06,46.25,46.25,47.8,46.25,47.2,103000
2022-12-07,46.75,46.75,47.3,46.15,46.8,123000
2022-12-08,47.0,47.0,47.65,46.6,47.65,78000
2022-12-09,47.0,47.0,47.5,46.6,47.5,84000
2022-12-12,47.9,47.9,48.15,46.6,46.6,121000
2022-12-13,48.95,48.95,50.0,47.95,47.95,294000
2022-12-14,49.1,49.1,49.45,48.2,48.95,136000
2022-12-15,48.9,48.9,49.5,48.4,49.5,78000
2022-12-16,49.1,49.1,49.55,48.6,48.9,157000
2022-12-19,49.05,49.05,50.7,49.0,49.7,184000
2022-12-20,47.0,47.0,49.6,47.0,49.6,171000
2022-12-21,49.15,49.15,49.5,47.5,48.15,147000
2022-12-22,49.4,49.4,49.75,48.5,49.75,63000
2022-12-23,48.75,48.75,49.4,48.5,49.4,56000
2022-12-26,48.6,48.6,49.6,48.55,48.55,103000
2022-12-27,47.8,47.8,49.25,47.4,49.25,90000
2022-12-28,47.3,47.3,48.2,47.25,47.9,58000
2022-12-29,47.5,47.5,47.8,46.6,47.8,56000
2022-12-30,47.55,47.55,48.15,47.45,48.15,5000
2023-01-03,47.1,47.1,48.3,46.9,48.3,37000
2023-01-04,46.65,46.65,47.65,46.5,47.35,37000
2023-01-05,46.5,46.5,47.05,46.25,47.05,27000
2023-01-06,47.25,47.25,49.0,47.05,47.05,183000
2023-01-09,46.75,46.75,47.6,46.75,47.5,53000
2023-01-10,47.25,47.25,47.55,46.7,47.1,75000
2023-01-11,47.1,47.1,47.7,46.95,47.7,19000
2023-01-12,46.95,46.95,47.4,46.4,47.4,20000
2023-01-13,46.9,46.9,47.3,46.8,47.3,8000
2023-01-16,47.2,47.2,47.7,46.8,47.15,48000
2023-01-17,47.15,47.15,47.45,46.9,47.45,20000
2023-01-30,46.65,46.65,47.2,46.65,47.2,34000
2023-01-31,46.85,46.85,47.0,46.3,47.0,19000
2023-02-01,47.05,47.05,47.15,46.65,47.1,25000
2023-02-02,47.4,47.4,47.75,47.0,47.35,49000
2023-02-03,47.6,47.6,47.8,47.25,47.35,66000
2023-02-06,47.8,47.8,47.95,47.5,47.95,56000
2023-02-07,48.4,48.4,48.4,47.5,47.7,57000
2023-02-08,48.35,48.35,48.5,48.1,48.4,41000
2023-02-09,48.2,48.2,48.55,48.2,48.35,20000
2023-02-10,47.0,47.0,48.45,46.7,48.45,88000
2023-02-13,46.65,46.65,47.05,46.6,47.0,23000
2023-02-14,46.35,46.35,46.9,46.25,46.9,39000
2023-02-15,46.3,46.3,46.75,46.2,46.75,36000
2023-02-16,46.2,46.2,46.7,45.8,46.7,47000
2023-02-17,45.9,45.9,46.45,45.6,46.2,62000
2023-02-20,46.1,46.1,46.4,45.5,46.4,57000
2023-02-21,45.9,45.9,46.8,45.65,46.45,104000
2023-02-22,45.85,45.85,46.1,45.65,45.9,31000
2023-02-23,46.3,46.3,46.45,45.95,46.0,29000
2023-02-24,46.05,46.05,46.85,46.05,46.3,35000
2023-03-01,46.2,46.2,46.5,46.05,46.5,48000
2023-03-02,46.45,46.45,46.5,46.0,46.5,25000
2023-03-03,46.55,46.55,46.8,46.3,46.8,56000
2023-03-06,46.3,46.3,46.85,46.0,46.7,95000
2023-03-07,46.5,46.5,46.65,46.4,46.65,13000
2023-03-08,46.3,46.3,46.6,46.25,46.5,39000
2023-03-09,46.1,46.1,46.3,46.0,46.2,24000
2023-03-10,44.95,44.95,46.25,44.95,46.1,118000
2023-03-13,46.7,46.7,46.95,45.05,46.15,134000
2023-03-14,48.5,48.5,48.75,45.0,46.5,389000
2023-03-15,47.75,47.75,49.25,47.6,48.85,287000
2023-03-16,46.85,46.85,47.75,46.65,47.6,78000
2023-03-17,47.3,47.3,47.65,46.85,46.85,34000
2023-03-20,46.6,46.6,47.35,46.6,47.35,50000
2023-03-21,46.7,46.7,46.75,46.3,46.5,64000
2023-03-22,46.65,46.65,46.75,46.5,46.7,34000
2023-03-23,46.6,46.6,46.65,46.35,46.65,16000
2023-03-24,46.75,46.75,47.15,46.55,46.65,42000
2023-03-27,46.75,46.75,47.0,46.5,46.75,78000
2023-03-28,46.25,46.25,46.8,46.15,46.8,17000
2023-03-29,46.2,46.2,46.8,46.15,46.8,22000
2023-03-30,46.3,46.3,46.85,46.2,46.8,17000
2023-03-31,46.55,46.55,46.55,46.1,46.1,21000
2023-04-06,46.8,46.8,47.65,46.55,46.55,19000
2023-04-07,46.75,46.75,46.95,46.6,46.6,27000
2023-04-10,46.85,46.85,46.95,46.5,46.75,21000
2023-04-11,46.8,46.8,46.8,46.25,46.5,34000
2023-04-12,46.75,46.75,47.1,46.65,47.05,61000
2023-04-13,46.8,46.8,46.9,46.5,46.9,34000
2023-04-14,47.0,47.0,47.3,46.9,47.15,79000
2023-04-17,46.9,46.9,47.1,46.9,47.0,60000
2023-04-18,46.35,46.35,47.2,46.3,46.9,67000
2023-04-19,46.25,46.25,46.75,46.15,46.75,55000
2023-04-20,45.8,45.8,46.5,45.8,46.5,64000
2023-04-21,45.9,45.9,46.3,45.7,46.3,19000
2023-04-24,45.6,45.6,46.15,45.3,46.15,87000
2023-04-25,44.55,44.55,45.5,44.35,45.5,69000
2023-04-26,44.3,44.3,44.7,44.15,44.7,26000
2023-04-27,44.85,44.85,44.85,44.35,44.85,23000
2023-04-28,45.35,45.35,45.65,44.95,44.95,54000
2023-05-02,46.2,46.2,46.25,45.3,45.75,64000
2023-05-03,46.1,46.1,46.25,45.65,46.2,24000
2023-05-04,46.5,46.5,46.7,45.6,46.0,25000
2023-05-05,46.3,46.3,46.65,46.0,46.15,14000
2023-05-08,46.1,46.1,46.65,45.8,46.65,10000
2023-05-09,45.05,45.05,46.15,44.5,46.0,99000
2023-05-10,45.1,45.1,45.5,44.85,45.45,26000
2023-05-11,44.5,44.5,45.2,44.45,44.8,37000
2023-05-12,44.7,44.7,44.9,44.5,44.5,19000
2023-05-15,44.8,44.8,45.15,44.7,45.15,27000
2023-05-16,45.1,45.1,45.25,44.8,45.25,14000
2023-05-17,44.9,44.9,45.5,44.65,45.5,32000
2023-05-18,45.1,45.1,45.2,44.85,44.9,10000
2023-05-19,44.9,44.9,45.4,44.9,45.4,26000
2023-05-22,45.15,45.15,45.35,45.0,45.0,24000
2023-05-23,45.15,45.15,45.55,45.15,45.15,46000
2023-05-24,45.3,45.3,45.5,45.15,45.45,16000
2023-05-25,45.2,45.2,45.4,45.15,45.15,29000
2023-05-26,45.1,45.1,45.45,45.0,45.45,24000
2023-05-29,45.1,45.1,45.35,45.1,45.25,18000
2023-05-30,45.25,45.25,45.3,45.0,45.25,48000
2023-05-31,45.2,45.2,45.45,44.85,45.3,34000
2023-06-01,45.8,45.8,45.85,45.0,45.65,66000
2023-06-02,45.8,45.8,45.9,45.5,45.7,55000
2023-06-05,45.95,45.95,46.0,45.75,46.0,42000
2023-06-06,46.0,46.0,46.5,45.7,45.8,30000
2023-06-07,46.0,46.0,46.4,45.95,46.25,70000
2023-06-08,45.7,45.7,45.9,45.6,45.8,58000
2023-06-09,45.75,45.75,46.0,45.6,45.95,26000
2023-06-12,45.65,45.65,46.05,45.5,46.05,62000
2023-06-13,45.9,45.9,45.9,45.7,45.9,36000
2023-06-14,45.9,45.9,46.15,45.5,45.5,55000
2023-06-15,44.75,44.75,45.5,44.5,45.0,121000
2023-06-16,44.6,44.6,45.2,44.3,45.2,39000
2023-06-19,44.85,44.85,45.0,44.4,44.5,42000
2023-06-20,44.85,44.85,45.15,44.45,45.0,17000
2023-06-21,44.7,44.7,44.95,44.5,44.95,17000
2023-06-26,44.5,44.5,45.15,44.3,44.8,27000
2023-06-27,44.65,44.65,44.9,44.5,44.7,31000
2023-06-28,45.15,45.15,45.2,44.95,45.05,26000
2023-06-29,45.05,45.05,45.4,44.8,45.4,34000
2023-06-30,44.9,44.9,45.0,44.75,45.0,18000
2023-07-03,45.45,45.45,45.95,44.7,45.4,108000
2023-07-04,45.5,45.5,45.6,45.3,45.4,11000
2023-07-05,45.55,45.55,45.85,45.45,45.7,62000
2023-07-06,45.15,45.15,45.55,44.8,45.55,55000
2023-07-07,45.0,45.0,45.45,44.8,45.45,20000
2023-07-10,45.2,45.2,45.25,45.0,45.25,7000
2023-07-11,44.9,44.9,45.5,44.85,45.5,18000
2023-07-12,46.55,46.55,47.25,46.0,47.0,266000
2023-07-13,46.0,46.0,46.7,45.7,46.6,105000
2023-07-14,45.6,45.6,46.05,45.35,46.05,126000
2023-07-17,45.95,45.95,46.25,45.55,45.9,57000
2023-07-18,47.05,47.05,47.15,45.8,46.5,239000
2023-07-19,49.85,49.85,51.7,47.15,47.5,882000
2023-07-20,48.3,48.3,49.85,48.1,49.3,244000
2023-07-21,48.8,48.8,49.15,48.15,48.5,224000
2023-07-24,47.0,47.0,49.85,47.0,49.15,277000
2023-07-25,47.6,47.6,47.6,46.9,47.55,54000
2023-07-26,47.5,47.5,48.65,47.45,47.9,61000
2023-07-27,47.15,47.15,47.85,47.05,47.5,51000
2023-07-28,47.25,47.25,47.45,46.75,47.25,115000
2023-07-31,48.4,48.4,48.95,47.95,47.95,140000
2023-08-01,48.4,48.4,49.15,47.9,48.5,97000
2023-08-02,47.25,47.25,48.65,47.05,48.55,102000
2023-08-04,47.4,47.4,47.65,47.0,47.5,54000
2023-08-07,47.75,47.75,47.75,47.15,47.15,40000
2023-08-08,47.6,47.6,47.85,47.25,47.8,56000
2023-08-09,47.55,47.55,47.85,47.45,47.65,33000
2023-08-10,46.3,46.3,47.75,46.15,47.75,86000
2023-08-11,46.1,46.1,46.75,45.9,46.6,39000
2023-08-14,45.5,45.5,46.5,45.0,46.15,86000
2023-08-15,45.35,45.35,46.0,45.15,45.5,31000
2023-08-16,45.45,45.45,45.8,45.3,45.55,19000
2023-08-17,45.6,45.6,45.85,45.2,45.45,54000
2023-08-18,45.35,45.35,45.95,45.35,45.65,40000
2023-08-21,45.3,45.3,45.95,45.0,45.95,30000
2023-08-22,45.25,45.25,45.55,44.6,45.3,49000
2023-08-23,45.25,45.25,45.65,45.2,45.65,26000
2023-08-24,45.05,45.05,45.5,45.05,45.15,22000
2023-08-25,45.25,45.25,45.35,44.65,45.0,41000
2023-08-28,45.1,45.1,45.4,45.05,45.4,18000
2023-08-29,45.2,45.2,45.55,45.15,45.55,11000
2023-08-30,45.2,45.2,45.65,45.2,45.25,32000
2023-08-31,45.25,45.25,45.45,45.2,45.45,24000
2023-09-01,45.45,45.45,45.45,45.3,45.4,14000
2023-09-04,45.45,45.45,45.65,45.35,45.65,19000
2023-09-05,45.85,45.85,46.4,45.7,45.7,45000
2023-09-06,46.4,46.4,46.4,46.35,46.35,12000
2023-09-07,46.3,46.3,46.5,46.3,46.4,18000
2023-09-08,46.35,46.35,46.6,46.15,46.15,20000
2023-09-11,45.6,45.6,46.7,45.55,46.3,39000
2023-09-12,45.55,45.55,45.95,45.5,45.95,7000
2023-09-13,45.4,45.4,46.35,45.3,46.35,13000
2023-09-14,45.5,45.5,46.25,45.4,46.25,18000
2023-09-15,45.7,45.7,45.75,45.4,45.4,12000
2023-09-18,46.15,46.15,46.55,45.7,45.7,28000
2023-09-19,46.1,46.1,46.2,46.0,46.0,17000
2023-09-20,45.6,45.6,46.15,45.6,46.15,17000
2023-09-21,45.65,45.65,46.15,45.2,45.2,14000
2023-09-22,45.35,45.35,46.6,45.35,45.5,16000
2023-09-25,45.35,45.35,45.8,45.2,45.25,37000
2023-09-26,45.45,45.45,45.65,45.3,45.65,16000
2023-09-27,45.6,45.6,45.6,45.4,45.4,6000
2023-09-28,45.7,45.7,45.75,45.5,45.75,11000
2023-10-02,45.95,45.95,46.05,45.5,45.5,12000
2023-10-03,45.95,45.95,45.95,45.6,45.95,7000
2023-10-04,45.8,45.8,46.25,45.5,45.9,39000
2023-10-05,45.95,45.95,46.1,45.65,46.1,39000
2023-10-06,45.95,45.95,46.15,45.8,46.15,12000
2023-10-11,46.0,46.0,47.1,46.0,46.2,232000
2023-10-12,46.05,46.05,46.6,46.0,46.0,125000
2023-10-13,46.2,46.2,46.9,46.05,46.4,85000
2023-10-16,45.7,45.7,46.35,45.05,46.35,71000
2023-10-17,45.5,45.5,46.45,45.4,46.45,25000
2023-10-18,45.5,45.5,45.9,45.25,45.9,30000
2023-10-19,46.05,46.05,46.05,45.55,45.8,56000
2023-10-20,46.05,46.05,46.55,45.6,46.1,57000
2023-10-23,45.9,45.9,46.2,45.6,46.2,30000
2023-10-24,45.45,45.45,46.1,45.3,46.1,44000
2023-10-25,45.5,45.5,46.0,45.45,46.0,24000
2023-10-26,45.5,45.5,45.85,45.45,45.45,26000
2023-10-27,45.55,45.55,45.85,45.2,45.5,176000
2023-10-30,48.7,48.7,50.1,46.65,47.5,883000
2023-10-31,47.25,47.25,49.3,47.25,48.9,264000
2023-11-01,51.9,51.9,51.9,47.5,47.5,1299000
2023-11-02,51.0,51.0,54.0,49.1,53.6,2397000
2023-11-03,52.0,52.0,56.1,50.1,50.5,3432000
2023-11-06,54.8,54.8,55.9,51.2,51.6,2181000
2023-11-07,57.9,57.9,60.1,54.7,54.8,2909000
2023-11-08,56.4,56.4,58.9,55.5,58.4,1342000
2023-11-09,53.5,53.5,58.8,53.1,56.8,1310000
2023-11-10,52.5,52.5,56.6,52.2,54.5,1200000
2023-11-13,50.3,50.3,52.5,49.05,52.5,604000
2023-11-14,51.0,51.0,51.5,50.0,50.3,377000
2023-11-15,50.1,50.1,51.9,49.8,51.9,388000
2023-11-16,50.5,50.5,50.9,50.3,50.3,162000
2023-11-17,50.5,50.5,51.3,50.1,50.7,202000
2023-11-20,49.35,49.35,51.1,49.35,50.2,310000
2023-11-21,49.05,49.05,49.75,48.8,49.6,268000
2023-11-22,49.35,49.35,50.1,49.0,49.0,157000
2023-11-23,51.3,51.3,52.9,49.35,49.35,438000
2023-11-24,50.6,50.6,52.6,50.6,51.5,284000
2023-11-27,51.2,51.2,53.5,51.0,51.0,399000
2023-11-28,50.8,50.8,51.5,50.3,51.5,206000
2023-11-29,51.1,51.1,51.6,50.7,50.9,121000
2023-11-30,50.8,50.8,51.8,50.6,51.8,80000
2023-12-01,51.0,51.0,52.0,51.0,51.5,161000
2023-12-04,51.2,51.2,51.8,51.0,51.5,162000
2023-12-05,49.9,49.9,51.4,49.9,51.4,177000
2023-12-06,49.3,49.3,50.1,49.3,50.0,158000
2023-12-07,49.1,49.1,49.55,49.05,49.3,137000
2023-12-08,48.9,48.9,49.7,48.9,49.7,81000
2023-12-11,49.2,49.2,49.5,48.7,49.45,53000
2023-12-12,49.35,49.35,49.9,48.9,49.3,115000
2023-12-13,49.1,49.1,49.65,49.05,49.65,65000
2023-12-14,48.55,48.55,49.5,48.5,49.45,132000
2023-12-15,48.85,48.85,49.15,48.25,48.6,133000
2023-12-18,48.7,48.7,49.35,48.65,48.85,47000
2023-12-19,48.8,48.8,49.25,48.75,49.1,50000
2023-12-20,49.0,49.0,49.35,48.8,48.85,106000
2023-12-21,49.05,49.05,50.1,48.95,49.35,141000
2023-12-22,49.45,49.45,49.9,49.4,49.9,50000
2023-12-25,50.3,50.3,50.8,49.85,49.9,144000
2023-12-26,50.4,50.4,52.2,50.3,51.6,423000
2023-12-27,50.4,50.4,51.2,49.8,51.2,166000
2023-12-28,50.3,50.3,50.6,49.95,50.2,73000
2023-12-29,50.3,50.3,50.7,49.6,50.7,125000
2024-01-02,50.7,50.7,51.3,50.2,50.4,143000
2024-01-03,50.7,50.7,51.5,50.5,51.0,100000
2024-01-04,50.6,50.6,52.0,50.5,51.6,140000
2024-01-05,51.1,51.1,51.1,50.7,50.7,42000
2024-01-08,50.7,50.7,51.1,50.6,51.1,40000
2024-01-09,51.5,51.5,52.2,50.8,52.1,215000
2024-01-10,51.9,51.9,52.8,50.8,51.5,299000
2024-01-11,53.1,53.1,53.7,52.2,52.5,271000
2024-01-12,51.6,51.6,53.7,51.6,53.7,255000
2024-01-15,52.0,52.0,52.6,51.4,52.0,142000
2024-01-16,51.2,51.2,52.8,51.2,52.0,107000
2024-01-17,49.75,49.75,51.7,49.75,51.7,118000
2024-01-18,49.8,49.8,50.0,49.2,49.75,70000
2024-01-19,50.5,50.5,51.0,50.2,50.2,22000
2024-01-22,50.9,50.9,51.4,50.6,51.3,27000
2024-01-23,50.2,50.2,51.4,50.0,51.4,67000
2024-01-24,50.1,50.1,50.8,50.1,50.4,41000
2024-01-25,50.0,50.0,50.4,49.9,50.1,33000
2024-01-26,50.0,50.0,50.7,50.0,50.5,39000
2024-01-29,50.0,50.0,50.6,49.8,50.6,57000
2024-01-30,49.9,49.9,50.5,49.9,50.0,63000
2024-01-31,49.9,49.9,50.1,49.9,50.1,33000
2024-02-01,50.1,50.1,50.3,49.9,50.3,38000
2024-02-02,49.4,49.4,50.5,49.1,50.3,143000
2024-02-05,49.55,49.55,49.7,49.4,49.55,44000
2024-02-15,54.5,54.5,54.5,54.5,54.5,316000
2024-02-16,57.2,57.2,59.8,55.2,59.8,1091000
2024-02-19,56.0,56.0,57.9,56.0,57.2,406000
2024-02-20,56.3,56.3,57.5,55.7,56.1,247000
2024-02-21,61.9,61.9,61.9,57.0,57.0,1354000
2024-02-22,60.0,60.0,61.9,59.8,61.9,997000
2024-02-23,61.0,61.0,64.7,60.0,60.0,796000
2024-02-26,61.2,61.2,63.0,61.0,62.2,308000
2024-02-27,64.3,64.3,66.7,61.1,62.2,1146000
2024-02-29,63.6,63.6,64.6,62.1,64.4,524000
2024-03-01,63.8,63.8,65.8,63.6,64.2,350000
2024-03-04,61.1,61.1,65.6,61.1,64.9,587000
2024-03-05,61.2,61.2,62.2,60.8,61.8,241000
2024-03-06,58.0,58.0,61.6,57.1,61.2,670000
2024-03-07,56.6,56.6,57.8,55.9,55.9,608000
2024-03-08,56.0,56.0,57.6,55.0,56.9,219000
2024-03-11,56.1,56.1,57.0,55.3,55.5,140000
2024-03-12,58.1,58.1,58.4,55.5,55.7,196000
2024-03-13,56.8,56.8,58.5,56.4,58.1,152000
2024-03-14,56.8,56.8,58.2,56.3,56.3,139000
2024-03-15,54.6,54.6,57.1,54.6,56.7,178000
2024-03-18,54.2,54.2,54.9,53.7,54.2,129000
2024-03-19,55.4,55.4,55.4,54.4,54.5,69000
2024-03-20,55.4,55.4,55.9,54.8,55.9,77000
2024-03-21,55.0,55.0,56.1,55.0,55.7,74000
2024-03-22,55.5,55.5,55.7,55.1,55.1,53000
2024-03-25,57.6,57.6,57.8,56.2,56.2,109000
2024-03-26,56.4,56.4,59.5,56.1,59.5,262000
2024-03-27,58.3,58.3,59.0,56.4,56.7,258000
2024-03-28,58.5,58.5,59.2,57.9,58.3,99000
2024-03-29,57.2,57.2,59.2,57.0,59.0,127000
2024-04-01,58.2,58.2,58.9,57.4,57.4,190000
2024-04-02,58.8,58.8,62.4,58.8,58.8,371000
2024-04-03,60.1,60.1,60.3,58.3,58.8,128000
2024-04-08,60.4,60.4,61.0,60.1,60.5,134000
2024-04-09,57.7,57.7,59.1,57.5,59.1,324000
2024-04-10,58.0,58.0,59.4,57.6,57.8,122000
2024-04-11,57.7,57.7,58.7,57.6,58.7,47000
2024-04-12,57.5,57.5,58.4,57.3,58.4,95000
2024-04-15,55.9,55.9,57.4,55.7,56.8,156000
2024-04-16,55.0,55.0,56.5,54.8,56.4,88000
2024-04-17,55.7,55.7,56.2,55.0,55.0,40000
2024-04-18,56.1,56.1,56.9,55.7,55.9,45000
2024-04-19,54.7,54.7,56.2,54.4,56.2,107000
2024-04-22,56.7,56.7,60.1,56.5,56.7,225000
2024-04-23,60.7,60.7,62.0,57.5,57.5,509000
2024-04-24,59.5,59.5,61.6,58.5,61.6,227000
2024-04-25,59.0,59.0,59.6,58.0,59.5,175000
2024-04-26,60.3,60.3,61.3,59.5,59.6,275000
2024-04-29,60.3,60.3,60.8,59.8,60.3,124000
2024-04-30,58.6,58.6,60.6,58.5,60.6,121000
2024-05-02,60.5,60.5,60.9,58.0,58.6,196000
2024-05-03,59.5,59.5,61.2,59.3,61.2,139000
2024-05-06,60.4,60.4,61.6,59.9,60.0,244000
2024-05-07,62.3,62.3,64.0,61.8,63.8,698000
2024-05-08,64.4,64.4,66.6,62.8,63.0,992000
2024-05-09,67.1,67.1,68.4,65.8,66.5,887000
2024-05-10,66.0,66.0,69.2,65.9,67.2,389000
2024-05-13,64.3,64.3,67.5,64.1,67.5,302000
2024-05-14,65.6,65.6,66.0,65.0,65.0,113000
2024-05-15,65.2,65.2,66.7,64.9,66.0,169000
2024-05-16,65.9,65.9,66.2,64.3,64.8,284000
2024-05-17,66.1,66.1,68.3,65.9,66.0,346000
2024-05-20,67.9,67.9,68.0,66.6,66.7,316000
2024-05-21,66.3,66.3,68.3,65.8,68.3,282000
2024-05-22,66.1,66.1,67.4,66.0,66.8,164000
2024-05-23,62.5,62.5,66.6,62.0,66.6,414000
2024-05-24,62.3,62.3,62.7,61.4,61.6,249000
2024-05-27,61.8,61.8,62.8,61.4,62.8,114000
2024-05-28,61.9,61.9,63.3,61.7,62.1,91000
2024-05-29,62.6,62.6,63.0,61.9,61.9,106000
2024-05-30,61.6,61.6,62.3,61.4,62.3,98000
2024-05-31,62.4,62.4,63.0,61.6,61.6,90000
2024-06-03,64.9,64.9,65.4,63.0,63.0,233000
2024-06-04,63.3,63.3,65.2,63.1,65.2,167000
2024-06-05,64.0,64.0,64.0,63.0,63.3,67000
2024-06-06,67.1,67.1,68.7,65.6,68.1,438000
2024-06-07,66.3,66.3,67.9,66.0,67.7,201000
2024-06-11,66.7,66.7,68.2,66.4,68.2,178000
2024-06-12,64.2,64.2,67.5,63.9,67.5,297000
2024-06-13,64.0,64.0,64.9,63.9,63.9,120000
2024-06-14,63.5,63.5,64.4,63.3,64.0,143000
2024-06-17,63.4,63.4,64.2,62.3,62.3,89000
2024-06-18,64.4,64.4,64.8,63.7,63.7,136000
2024-06-19,63.4,63.4,64.4,63.4,64.4,98000
2024-06-20,64.7,64.7,66.0,63.1,63.1,147000
2024-06-21,65.4,65.4,65.5,64.0,64.7,112000
2024-06-24,68.5,68.5,68.5,66.0,66.0,402000
2024-06-25,68.3,68.3,71.0,67.4,68.2,413000
2024-06-26,69.8,69.8,70.3,68.2,68.4,243000
2024-06-27,68.8,68.8,70.0,68.0,70.0,201000
2024-06-28,69.7,69.7,70.5,69.1,69.2,96000
2024-07-01,68.5,68.5,71.1,68.5,71.1,145000
2024-07-02,69.2,69.2,69.8,68.6,68.8,139000
2024-07-03,68.9,68.9,69.7,68.7,69.3,85000
2024-07-04,67.8,67.8,69.5,66.8,69.4,186000
2024-07-05,67.5,67.5,68.7,67.5,67.5,100000
2024-07-08,63.5,63.5,65.3,63.4,64.1,461000
2024-07-09,61.5,61.5,63.4,61.1,63.2,249000
2024-07-10,61.4,61.4,62.7,60.9,61.1,223000
2024-07-11,63.2,63.2,63.4,61.5,62.0,116000
2024-07-12,62.5,62.5,63.6,61.9,63.6,152000
2024-07-15,62.5,62.5,63.4,62.0,63.0,101000
2024-07-16,63.2,63.2,63.3,62.4,62.7,59000
2024-07-17,63.0,63.0,64.0,62.9,63.2,76000
2024-07-18,62.8,62.8,63.2,62.2,63.0,91000
2024-07-19,61.6,61.6,63.2,61.6,63.0,92000
2024-07-22,60.4,60.4,62.0,60.2,62.0,114000
2024-07-23,61.4,61.4,62.7,61.4,61.8,30000
2024-07-26,60.6,60.6,61.1,60.6,61.0,61000
2024-07-29,66.6,66.6,66.6,63.6,63.8,232000
2024-07-30,66.2,66.2,68.5,62.9,67.5,875000
2024-07-31,64.6,64.6,66.2,64.3,65.8,191000
2024-08-01,65.5,65.5,66.6,64.6,65.2,148000
2024-08-02,63.2,63.2,65.1,63.1,65.1,167000
2024-08-05,57.9,57.9,60.9,57.9,60.6,217000
2024-08-06,59.4,59.4,60.0,55.4,58.9,281000
2024-08-07,62.4,62.4,64.2,60.2,61.4,177000
2024-08-08,56.2,56.2,58.1,56.2,58.0,684000
2024-08-09,56.2,56.2,57.5,56.0,56.7,223000
2024-08-12,56.6,56.6,57.0,56.2,56.7,74000
2024-08-13,56.5,56.5,57.0,56.2,57.0,69000
2024-08-14,56.2,56.2,57.2,56.1,56.6,95000
2024-08-15,58.2,58.2,58.2,56.8,56.9,139000
2024-08-16,57.8,57.8,58.6,57.6,58.5,77000
2024-08-19,57.9,57.9,58.3,57.4,58.0,113000
2024-08-20,58.5,58.5,59.3,58.0,58.4,63000
2024-08-21,58.2,58.2,58.7,58.0,58.7,52000
2024-08-22,58.0,58.0,58.6,57.9,58.5,43000
2024-08-23,57.2,57.2,58.0,56.8,58.0,57000
2024-08-26,57.0,57.0,57.7,57.0,57.2,28000
2024-08-27,59.7,59.7,61.7,59.0,60.9,247000
2024-08-28,59.3,59.3,59.6,58.7,59.2,48000
2024-08-29,59.2,59.2,59.4,58.5,58.8,114000
2024-08-30,59.8,59.8,60.0,59.0,59.0,157000
2024-09-02,59.2,59.2,60.0,59.1,60.0,106000
2024-09-03,58.6,58.6,59.9,58.3,59.2,102000
2024-09-04,57.4,57.4,58.6,57.0,58.6,77000
2024-09-05,56.7,56.7,58.3,56.7,58.0,104000
2024-09-06,57.0,57.0,58.7,57.0,58.7,158000
2024-09-09,56.8,56.8,57.3,56.6,57.0,54000
2024-09-10,55.6,55.6,57.1,55.2,57.0,169000
2024-09-11,54.8,54.8,56.0,54.7,55.8,86000
2024-09-12,55.4,55.4,56.0,55.1,55.1,25000
2024-09-13,55.5,55.5,55.7,55.3,55.4,15000
2024-09-16,55.6,55.6,56.0,55.5,55.7,30000
2024-09-18,56.3,56.3,57.3,55.6,55.6,73000
2024-09-19,57.5,57.5,57.6,56.2,56.3,75000
2024-09-20,57.1,57.1,57.9,57.0,57.9,66000
2024-09-23,56.5,56.5,57.1,56.5,56.9,25000
2024-09-24,57.9,57.9,58.8,57.2,58.0,129000
2024-09-25,58.8,58.8,59.3,57.8,57.8,72000
2024-09-26,58.9,58.9,59.0,58.3,58.8,56000
2024-09-27,59.0,59.0,59.6,58.3,58.3,76000
2024-09-30,59.2,59.2,60.0,59.2,59.4,85000
2024-10-01,58.6,58.6,59.3,58.5,59.2,59000
2024-10-04,59.5,59.5,59.8,58.2,58.5,108000
2024-10-07,59.6,59.6,60.2,59.0,59.7,75000
2024-10-08,63.2,63.2,65.5,63.2,65.5,1482000
2024-10-09,62.2,62.2,64.9,61.9,63.9,457000
2024-10-11,62.5,62.5,63.2,61.9,63.2,181000
2024-10-14,65.7,65.7,66.9,64.2,64.8,453000
2024-10-15,65.4,65.4,66.4,65.1,65.9,197000
2024-10-16,65.6,65.6,67.3,65.2,65.6,313000
2024-10-17,65.6,65.6,66.0,65.4,66.0,68000
2024-10-18,64.5,64.5,66.4,63.8,66.4,154000
2024-10-21,64.9,64.9,65.8,64.2,64.3,93000
2024-10-22,64.8,64.8,65.2,63.6,65.1,144000
2024-10-23,65.4,65.4,66.1,64.9,65.0,105000
2024-10-24,65.5,65.5,66.2,65.1,65.1,75000
2024-10-25,65.4,65.4,65.5,64.9,65.5,55000
2024-10-28,65.5,65.5,66.1,65.2,65.6,71000
2024-10-29,64.5,64.5,66.1,63.6,66.1,85000
2024-10-30,64.5,64.5,65.5,64.4,65.5,69000
2024-11-01,65.1,65.1,65.2,64.2,64.3,59000
2024-11-04,64.7,64.7,66.0,64.7,65.2,95000
2024-11-05,64.8,64.8,65.6,64.5,64.7,78000
2024-11-06,62.8,62.8,63.6,62.7,63.6,256000
2024-11-07,64.4,64.4,64.8,62.6,62.6,90000
2024-11-08,65.7,65.7,65.7,64.3,64.4,171000
2024-11-11,65.5,65.5,67.4,64.5,67.4,296000
2024-11-12,63.4,63.4,65.2,63.1,65.1,161000
2024-11-13,63.4,63.4,64.5,63.4,63.4,73000
2024-11-14,61.2,61.2,63.9,61.2,63.4,193000
2024-11-15,63.9,63.9,63.9,61.2,61.6,188000
2024-11-18,63.2,63.2,64.5,62.8,63.6,150000
2024-11-19,63.8,63.8,68.2,63.8,66.2,406000
2024-11-20,63.8,63.8,64.8,63.0,64.4,178000
2024-11-21,63.9,63.9,64.4,63.6,64.3,37000
2024-11-22,64.4,64.4,64.9,63.9,63.9,71000
2024-11-25,64.3,64.3,65.0,63.6,65.0,23000
2024-11-26,64.5,64.5,65.0,64.3,64.7,54000
2024-11-27,65.0,65.0,65.2,64.2,64.5,73000
2024-11-28,63.3,63.3,65.1,63.2,65.0,86000
2024-11-29,63.9,63.9,64.8,63.5,63.5,62000
2024-12-02,63.3,63.3,64.5,63.3,64.0,51000
2024-12-03,63.8,63.8,64.0,63.0,63.0,32000
2024-12-04,65.1,65.1,65.7,64.1,64.7,180000
2024-12-05,64.2,64.2,65.2,64.0,65.1,44000
2024-12-06,63.9,63.9,65.0,63.7,65.0,67000
2024-12-09,62.8,62.8,63.9,62.8,63.8,124000
2024-12-10,62.8,62.8,63.5,62.8,62.8,24000
2024-12-11,63.9,63.9,64.2,62.8,62.8,89000
2024-12-12,63.6,63.6,64.6,63.2,64.6,23000
2024-12-13,62.7,62.7,63.5,62.5,63.0,94000
2024-12-16,62.0,62.0,63.3,62.0,63.3,76000
2024-12-17,61.6,61.6,62.6,61.6,61.7,73000
2024-12-18,62.4,62.4,62.6,61.6,61.8,23000
2024-12-19,60.7,60.7,61.6,59.8,61.6,72000
2024-12-20,61.0,61.0,61.6,60.7,60.7,20000
2024-12-23,61.3,61.3,62.6,60.8,61.0,89000
2024-12-24,60.9,60.9,61.8,60.8,60.8,30000
2024-12-25,60.7,60.7,61.3,60.5,60.9,32000
2024-12-26,61.8,61.8,62.3,60.7,60.7,64000
2024-12-27,61.0,61.0,61.9,61.0,61.8,18000
2024-12-30,60.8,60.8,61.6,60.3,60.3,23000
2024-12-31,61.3,61.3,61.3,60.3,60.5,29000
2025-01-02,60.8,60.8,61.4,60.8,61.3,24000
2025-01-03,60.9,60.9,60.9,60.8,60.8,7000
2025-01-06,61.2,61.2,61.9,60.6,60.9,62000
2025-01-07,62.2,62.2,62.4,61.3,61.3,40000
2025-01-08,61.3,61.3,62.3,61.2,62.3,16000
2025-01-09,61.0,61.0,61.8,60.6,61.4,30000
2025-01-10,61.2,61.2,62.0,60.1,60.8,37000
2025-01-13,59.0,59.0,60.4,58.5,60.4,144000
2025-01-14,59.2,59.2,60.0,59.0,59.8,27000
2025-01-15,57.6,57.6,59.0,57.6,58.9,94000
2025-01-16,58.4,58.4,59.1,58.0,59.1,49000
2025-01-17,58.5,58.5,59.1,57.6,57.8,74000
2025-01-20,59.1,59.1,59.6,58.0,58.2,46000
2025-01-21,59.8,59.8,60.0,59.1,59.1,27000
2025-01-22,59.3,59.3,59.7,59.1,59.5,24000
2025-02-03,59.7,59.7,60.4,59.0,59.0,47000
2025-02-04,60.8,60.8,60.8,59.5,59.7,127000
2025-02-05,60.7,60.7,61.4,60.2,60.9,63000
2025-02-06,60.3,60.3,60.7,59.8,60.7,89000
2025-02-07,59.9,59.9,60.5,59.7,60.5,26000
2025-02-10,59.3,59.3,60.3,59.3,59.6,59000
2025-02-11,59.7,59.7,59.9,59.5,59.7,39000
2025-02-12,59.6,59.6,59.9,59.1,59.7,30000
2025-02-13,60.4,60.4,60.4,59.0,59.6,49000
2025-02-14,60.3,60.3,60.7,60.0,60.6,17000
2025-02-17,59.8,59.8,60.6,59.7,60.3,44000
2025-02-18,59.9,59.9,59.9,59.6,59.7,8000
2025-02-19,59.7,59.7,59.8,59.6,59.8,11000
2025-02-20,59.8,59.8,60.6,59.3,59.7,29000
2025-02-21,60.0,60.0,60.3,59.9,60.0,35000
2025-02-24,58.1,58.1,59.7,58.0,59.7,245000
2025-02-25,57.6,57.6,58.2,57.1,58.2,52000
2025-02-26,57.4,57.4,58.2,57.2,57.5,62000
2025-02-27,57.3,57.3,57.4,57.2,57.2,28000
2025-03-03,57.9,57.9,58.0,57.2,57.5,20000
2025-03-04,57.6,57.6,58.3,57.3,57.3,30000
2025-03-05,57.9,57.9,58.2,57.6,57.7,14000
2025-03-06,58.5,58.5,58.7,58.4,58.5,92000
2025-03-07,57.9,57.9,58.5,57.9,58.5,23000
2025-03-10,57.7,57.7,57.9,57.6,57.9,20000
2025-03-11,58.0,58.0,58.0,56.1,56.8,31000
2025-03-12,57.5,57.5,58.0,57.5,58.0,7000
2025-03-13,57.5,57.5,58.0,57.0,57.9,37000
2025-03-14,57.3,57.3,57.3,57.0,57.0,20000
2025-03-17,57.7,57.7,58.1,57.1,57.3,34000
2025-03-18,58.1,58.1,58.1,57.5,58.0,27000
2025-03-19,58.0,58.0,58.0,57.3,57.5,73000
2025-03-20,57.7,57.7,57.8,57.6,57.7,21000
2025-03-21,57.2,57.2,57.6,56.8,57.6,90000
2025-03-24,57.4,57.4,57.6,57.1,57.2,15000
2025-03-25,56.9,56.9,57.3,56.7,57.3,42000
2025-03-26,56.6,56.6,56.9,56.5,56.8,36000
2025-03-27,55.8,55.8,56.1,55.4,55.4,30000
2025-03-28,55.7,55.7,55.7,53.6,55.5,100000
2025-03-31,52.6,52.6,53.5,52.3,53.5,83000
2025-04-01,52.3,52.3,52.6,51.7,52.0,143000
2025-04-02,52.9,52.9,53.0,52.5,52.7,8000
2025-04-07,47.65,47.65,47.65,47.65,47.65,48000
2025-04-08,45.0,45.0,45.0,43.15,43.2,175000
2025-04-09,43.45,43.45,46.0,43.0,46.0,102000
2025-04-10,47.2,47.2,47.75,46.5,47.7,73000
2025-04-11,46.5,46.5,46.6,45.65,46.6,25000
2025-04-14,46.75,46.75,47.65,46.55,46.55,13000
2025-04-15,47.95,47.95,48.2,46.75,46.75,38000
2025-04-16,48.9,48.9,49.0,48.5,49.0,20000
2025-04-17,48.0,48.0,48.0,47.9,48.0,17000
2025-04-18,47.5,47.5,48.2,47.0,48.2,15000
2025-04-21,47.8,47.8,47.8,46.2,47.6,18000
2025-04-22,47.0,47.0,47.5,47.0,47.45,4000
2025-04-23,46.8,46.8,47.2,46.2,46.65,68000
2025-04-24,47.1,47.1,47.5,46.6,47.5,24000
2025-04-25,47.2,47.2,47.2,46.85,47.1,59000
2025-04-28,48.15,48.15,48.15,47.2,47.6,44000
2025-04-29,48.4,48.4,48.5,48.0,48.1,26000
2025-04-30,48.7,48.7,49.6,48.4,48.85,36000
2025-05-02,49.9,49.9,50.5,49.5,49.7,86000
2025-05-05,49.2,49.2,49.8,49.0,49.3,51000
2025-05-06,49.2,49.2,49.35,49.0,49.0,45000
2025-05-07,48.9,48.9,49.3,48.85,49.0,46000
2025-05-08,49.9,49.9,50.0,49.05,49.5,23000
2025-05-09,50.4,50.4,51.5,50.0,50.0,44000
2025-05-12,50.3,50.3,50.5,50.1,50.2,15000
2025-05-13,50.5,50.5,51.0,50.3,50.6,27000
2025-05-14,51.7,51.7,51.9,50.6,51.2,48000
2025-05-15,51.1,51.1,51.6,51.1,51.6,9000
2025-05-16,51.1,51.1,51.9,50.9,51.1,40000
2025-05-19,50.9,50.9,51.0,50.6,50.9,10000
2025-05-20,50.3,50.3,50.9,50.0,50.9,15000
2025-05-21,50.6,50.6,50.7,50.4,50.4,3000
2025-05-22,50.8,50.8,50.8,50.6,50.6,12000
2025-05-23,51.0,51.0,51.4,50.6,51.4,24000
2025-05-26,50.6,50.6,50.6,50.4,50.4,2000
2025-05-27,50.9,50.9,50.9,50.2,50.2,7000
2025-05-28,50.7,50.7,51.6,50.7,51.6,8000
2025-05-29,50.7,50.7,50.7,50.5,50.5,3000
2025-06-02,49.7,49.7,50.5,49.5,50.2,16000
2025-06-03,49.8,49.8,49.8,49.8,49.8,1000
2025-06-04,50.1,50.1,50.3,49.85,49.85,4000
2025-06-05,50.2,50.2,50.9,50.1,50.1,73000
2025-06-06,50.5,50.5,50.6,50.2,50.3,16000
2025-06-09,51.3,51.3,51.5,50.5,50.5,43000
2025-06-10,51.5,51.5,51.6,50.9,51.0,41000
2025-06-11,50.9,50.9,51.5,50.7,51.5,32000
2025-06-12,50.9,50.9,51.0,50.7,50.9,27000
2025-06-13,50.7,50.7,50.9,50.3,50.9,53000
2025-06-16,48.7,48.7,48.7,48.05,48.6,38000
2025-06-17,48.65,48.65,48.7,48.2,48.7,10000
2025-06-18,48.25,48.25,48.6,48.2,48.2,18000
2025-06-19,48.05,48.05,48.2,48.05,48.2,17000
2025-06-20,47.65,47.65,47.95,47.55,47.95,7000
2025-06-23,47.95,47.95,47.95,47.1,47.25,3000
2025-06-24,48.25,48.25,48.55,48.0,48.55,6000
2025-06-25,48.25,48.25,48.45,48.25,48.25,7000
2025-06-26,48.6,48.6,48.75,48.1,48.45,20000
2025-06-27,48.25,48.25,48.4,48.25,48.4,6000
2025-06-30,48.1,48.1,48.15,48.0,48.05,19000
2025-07-01,48.05,48.05,48.5,47.85,48.15,13000
2025-07-02,48.1,48.1,48.55,48.05,48.55,11000
2025-07-03,48.25,48.25,48.55,48.15,48.55,8000
2025-07-04,48.2,48.2,48.5,48.2,48.5,17000
2025-07-07,47.95,47.95,48.05,47.5,48.05,21000
2025-07-09,47.75,47.75,47.75,47.25,47.6,11000
2025-07-10,48.35,48.35,48.35,47.75,48.35,4000
2025-07-11,49.15,49.15,49.15,48.3,48.35,18000
2025-07-14,48.45,48.45,48.6,48.45,48.6,2000
2025-07-15,48.65,48.65,48.85,48.2,48.5,11000
2025-07-16,48.8,48.8,48.8,48.8,48.8,2000
2025-07-17,49.4,49.4,49.4,48.6,48.65,4000
2025-07-18,48.8,48.8,50.1,48.8,50.1,12000
2025-07-21,48.45,48.45,48.45,48.2,48.3,12000
2025-07-22,48.55,48.55,48.55,48.15,48.45,5000
2025-07-23,48.7,48.7,49.1,48.7,48.95,12000
2025-07-24,48.6,48.6,48.7,48.6,48.7,6000
2025-07-25,48.4,48.4,48.6,48.3,48.6,16000
2025-07-28,48.5,48.5,48.5,48.2,48.3,16000
2025-07-29,47.9,47.9,48.3,47.8,48.3,37000
2025-07-30,47.85,47.85,48.1,47.8,47.95,27000
2025-07-31,47.05,47.05,48.45,47.05,48.0,62000
2025-08-01,47.6,47.6,47.6,47.15,47.25,22000
2025-08-04,47.3,47.3,47.6,46.8,47.6,57000
2025-08-05,48.3,48.3,48.35,47.8,48.35,63000
2025-08-06,48.0,48.0,48.6,47.7,48.4,19000
2025-08-07,47.95,47.95,47.95,47.65,47.95,15000
2025-08-08,46.7,46.7,47.7,46.65,47.7,78000
2025-08-11,46.3,46.3,47.2,45.9,46.7,101000
2025-08-12,46.75,46.75,46.75,46.2,46.2,10000
2025-08-13,46.6,46.6,46.6,46.5,46.55,30000
2025-08-14,46.55,46.55,46.65,46.35,46.35,41000
2025-08-15,46.8,46.8,46.95,46.5,46.5,27000
2025-08-18,47.85,47.85,47.85,46.85,47.0,39000
2025-08-19,48.1,48.1,48.4,47.45,47.85,53000
2025-08-20,47.5,47.5,47.6,47.5,47.5,14000
2025-08-21,47.4,47.4,48.0,47.05,47.05,7000
2025-08-22,48.7,48.7,50.0,47.6,47.6,102000
2025-08-25,48.7,48.7,50.1,48.6,49.3,78000
2025-08-26,48.4,48.4,49.15,48.2,48.55,23000
2025-08-27,49.15,49.15,49.25,48.0,48.4,37000
2025-08-28,48.7,48.7,49.3,48.5,48.5,32000
2025-08-29,48.75,48.75,49.5,48.5,49.5,14000
2025-09-01,49.9,49.9,50.0,48.6,48.75,98000
2025-09-02,49.9,49.9,50.6,49.6,50.6,21000
2025-09-03,49.8,49.8,49.9,49.2,49.85,35000
2025-09-04,50.7,50.7,50.7,49.9,50.4,58000
2025-09-05,52.4,52.4,54.1,52.0,52.0,158000
2025-09-08,52.0,52.0,52.4,51.6,52.4,43000
2025-09-09,51.5,51.5,52.2,51.5,51.9,29000
2025-09-10,51.2,51.2,51.3,50.7,50.7,30000
2025-09-11,50.8,50.8,51.9,50.2,51.9,31000
2025-09-12,51.0,51.0,51.1,50.6,50.7,14000
2025-09-15,51.1,51.1,51.6,50.6,51.6,26000
2025-09-16,51.5,51.5,52.0,51.1,51.1,12000
2025-09-17,52.5,52.5,53.0,51.5,51.5,77000
2025-09-18,52.2,52.2,53.1,52.2,53.1,19000
2025-09-19,52.3,52.3,52.7,51.6,52.1,34000
2025-09-22,53.4,53.4,53.6,51.2,52.5,62000
2025-09-23,53.0,53.0,53.5,52.8,53.4,24000
2025-09-24,53.7,53.7,53.8,52.8,53.6,31000
2025-09-25,52.9,52.9,53.2,52.9,53.2,15000
2025-09-26,52.6,52.6,53.6,52.3,53.6,21000
2025-09-30,52.5,52.5,53.5,52.3,53.5,13000
2025-10-01,52.9,52.9,53.4,52.1,52.9,18000
2025-10-02,52.2,52.2,53.3,52.1,53.3,53000
2025-10-03,52.0,52.0,52.4,51.6,52.2,33000
2025-10-07,53.6,53.6,55.9,53.1,55.0,130000
2025-10-08,53.5,53.5,54.0,53.2,53.8,26000
2025-10-09,53.2,53.2,53.5,52.8,53.5,13000
2025-10-13,54.8,54.8,55.2,52.1,52.3,274000
2025-10-14,55.0,55.0,55.6,54.1,55.0,59000
2025-10-15,55.0,55.0,55.2,54.8,54.9,71000
2025-10-16,54.8,54.8,55.4,54.8,55.4,18000
2025-10-17,54.4,54.4,55.2,54.0,54.7,28000
2025-10-20,54.3,54.3,54.8,54.2,54.3,11000
2025-10-21,56.1,56.1,56.5,54.4,54.9,77000
2025-10-22,55.4,55.4,56.1,55.3,56.1,34000
2025-10-23,54.8,54.8,55.4,54.3,54.8,25000
2025-10-27,54.7,54.7,54.7,54.3,54.4,20000
2025-10-28,53.8,53.8,55.0,53.7,54.3,27000
2025-10-29,53.4,53.4,54.1,53.3,54.1,59000
2025-10-30,52.7,52.7,53.5,52.7,53.3,17000
2025-10-31,52.8,52.8,53.1,52.8,53.1,4000
2025-11-03,52.6,52.6,52.8,52.2,52.5,19000
2025-11-04,52.2,52.2,52.4,52.1,52.4,43000
2025-11-05,52.7,52.7,52.7,51.8,52.0,24000
2025-11-06,55.2,55.2,57.0,55.0,57.0,117000
2025-11-07,54.4,54.4,55.2,54.1,55.2,31000
2025-11-10,54.9,54.9,55.2,53.8,54.4,29000
2025-11-11,54.2,54.2,55.0,54.2,54.8,37000
2025-11-12,55.2,55.2,55.2,54.3,54.8,32000
2025-11-13,55.2,55.2,55.3,54.8,55.2,15000
2025-11-14,54.8,54.8,55.8,54.8,55.8,19000
2025-11-17,53.0,53.0,54.8,52.6,54.4,62000
2025-11-18,52.3,52.3,53.2,52.3,53.2,43000
2025-11-19,52.1,52.1,52.2,52.1,52.1,19000
2025-11-20,52.7,52.7,52.9,52.3,52.9,29000
2025-11-21,52.5,52.5,52.9,52.5,52.5,11000
2025-11-24,52.8,52.8,53.9,52.6,53.9,27000
2025-11-25,53.2,53.2,54.5,52.0,52.6,36000
2025-11-26,53.5,53.5,54.4,53.3,53.3,38000
2025-11-27,53.8,53.8,54.3,53.5,54.0,28000
2025-11-28,54.6,54.6,54.6,53.8,53.8,17000
2025-12-01,54.3,54.3,55.3,54.3,54.5,24000
2025-12-02,55.9,55.9,56.4,54.9,54.9,59000
2025-12-03,55.1,55.1,56.0,55.0,55.2,51000
2025-12-04,55.1,55.1,55.9,55.0,55.6,24000
2025-12-05,55.7,55.7,56.0,55.2,55.7,28000
2025-12-08,55.6,55.6,56.3,55.0,56.3,17000
2025-12-09,56.4,56.4,57.0,55.6,56.1,92000
2025-12-10,57.2,57.2,58.1,56.1,56.4,152000
2025-12-11,57.4,57.4,58.4,57.2,57.8,99000
2025-12-12,57.9,57.9,58.5,57.7,58.0,147000
2025-12-15,58.6,58.6,58.8,58.0,58.1,81000
2025-12-16,58.8,58.8,59.3,58.2,58.8,79000
2025-12-17,58.6,58.6,58.9,58.5,58.5,36000
2025-12-18,58.2,58.2,58.7,58.0,58.7,47000
2025-12-19,57.9,57.9,58.5,57.9,58.5,28000
2025-12-22,57.6,57.6,58.9,57.5,58.9,37000
2025-12-23,57.7,57.7,58.1,57.5,57.5,27000
2025-12-24,58.0,58.0,58.0,57.3,57.5,20000
2025-12-26,58.3,58.3,58.6,58.0,58.2,20000
2025-12-29,58.2,58.2,58.9,57.3,58.9,20000
2025-12-30,58.0,58.0,58.2,57.3,57.3,11000
2025-12-31,58.5,58.5,58.5,58.0,58.0,18000
2026-01-02,58.5,58.5,58.9,58.3,58.5,43000
2026-01-05,58.0,58.0,58.9,57.3,57.5,21000
2026-01-06,57.9,57.9,58.1,57.4,58.0,14000
2026-01-07,55.8,55.8,57.3,55.5,57.2,178000
2026-01-08,55.6,55.6,56.8,55.5,55.6,113000
2026-01-09,55.5,55.5,55.7,55.3,55.6,48000
2026-01-12,56.6,56.6,56.9,55.3,55.3,57000
2026-01-13,56.3,56.3,56.6,56.0,56.6,19000
2026-01-14,56.3,56.3,57.2,55.6,55.8,51000
2026-01-15,55.7,55.7,56.4,55.6,56.4,68000
2026-01-16,55.7,55.7,55.9,55.3,55.8,78000
2026-01-19,55.5,55.5,56.5,55.4,56.5,53000
2026-01-20,55.7,55.7,56.6,55.5,55.5,67000
2026-01-21,55.4,55.4,55.8,55.4,55.5,34000
2026-01-22,55.7,55.7,55.9,55.0,55.4,36000
2026-01-23,56.2,56.2,56.6,56.0,56.1,43000
2026-01-26,56.5,56.5,56.7,56.1,56.3,49000
2026-01-27,56.9,56.9,56.9,56.2,56.3,55000
2026-01-28,56.1,56.1,56.9,55.7,56.8,65000
2026-01-29,56.8,56.8,57.1,55.7,56.8,53000
2026-01-30,56.2,56.2,56.7,55.5,55.5,34000
2026-02-02,55.5,55.5,55.6,55.2,55.5,11000
2026-02-03,55.9,55.9,55.9,55.3,55.4,13000
2026-02-04,55.8,55.8,55.9,55.3,55.3,10000
2026-02-05,56.4,56.4,56.9,56.1,56.5,66000
2026-02-06,56.1,56.1,56.4,55.4,56.4,32000
2026-02-09,56.6,56.6,56.7,56.1,56.3,35000
2026-02-10,56.6,56.6,57.4,56.1,57.0,46000
2026-02-11,56.0,56.0,56.3,55.8,56.2,30000
2026-02-23,56.0,56.0,56.4,55.3,55.3,49000
2026-02-24,55.1,55.1,56.1,55.0,55.8,70000
2026-02-25,55.3,55.3,55.3,54.8,55.2,61000
2026-02-26,55.0,55.0,55.5,54.7,55.3,99000
2026-03-02,55.0,55.0,55.0,54.5,54.6,8000
2026-03-03,54.4,54.4,54.8,54.2,54.8,30000
2026-03-04,53.3,53.3,53.8,52.7,53.6,48000
2026-03-05,51.9,51.9,52.7,51.5,52.6,171000
2026-03-06,52.1,52.1,52.2,51.1,51.6,33000
2026-03-09,51.0,51.0,52.1,50.9,52.1,48000
2026-03-10,51.0,51.0,51.4,50.9,51.0,26000
2026-03-11,51.3,51.3,51.7,51.0,51.0,34000
2026-03-12,51.5,51.5,51.6,51.0,51.0,22000
2026-03-13,51.5,51.5,51.5,51.4,51.4,4000
2026-03-16,51.5,51.5,52.0,51.2,51.5,23000
2026-03-17,52.0,52.0,52.1,51.5,52.0,25000
2026-03-18,51.8,51.8,52.5,51.5,52.0,57000
2026-03-19,51.7,51.7,51.8,51.5,51.8,4000
2026-03-20,51.5,51.5,51.5,51.5,51.5,27000
2026-03-23,51.3,51.3,51.6,51.3,51.6,15000
2026-03-24,51.3,51.3,52.8,51.3,51.4,14000
2026-03-25,51.2,51.2,51.2,51.0,51.0,25000
2026-03-26,50.9,50.9,51.2,50.9,51.2,19000
2026-03-27,50.8,50.8,50.9,50.5,50.9,8000
2026-03-30,51.5,51.5,51.8,51.3,51.5,16000
2026-03-31,50.9,50.9,51.5,50.8,51.4,20000
2026-04-01,51.5,51.5,52.5,51.5,51.5,16000
2026-04-02,51.9,51.9,52.1,51.6,52.1,18000
2026-04-07,51.2,51.2,52.1,50.9,52.1,12000
2026-04-08,51.8,51.8,52.6,51.8,52.5,30000
2026-04-09,51.5,51.5,51.6,51.0,51.6,23000
2026-04-10,51.2,51.2,51.5,50.9,51.5,18000
2026-04-13,51.0,51.0,51.0,50.6,50.8,19000
2026-04-14,50.9,50.9,51.1,50.7,51.0,22000
2026-04-15,51.6,51.6,52.0,50.8,50.9,33000
2026-04-16,51.2,51.2,51.5,51.2,51.5,13000
2026-04-17,50.8,50.8,51.2,50.8,51.2,51000
2026-04-20,51.0,51.0,51.7,50.8,50.9,34000
2026-04-21,52.5,52.5,52.5,50.9,51.0,28000
2026-04-22,51.6,51.6,52.3,51.1,51.6,55000
2026-04-23,51.2,51.2,52.3,51.1,51.2,46000
2026-04-24,51.1,51.1,51.6,51.0,51.1,35000
2026-04-27,51.1,51.1,51.4,50.8,51.0,28000
2026-04-28,51.1,51.1,51.1,50.8,50.9,11000
2026-04-29,50.7,50.7,51.1,50.7,51.1,106000
2026-04-30,50.1,50.1,51.0,50.1,50.8,42000
2026-05-04,49.75,49.75,50.8,49.05,50.1,58000
2026-05-05,50.0,50.0,50.0,49.7,50.0,22000
2026-05-06,50.3,50.3,50.8,50.1,50.3,45000
2026-05-07,50.8,50.8,51.0,50.3,50.3,25000
2026-05-08,51.3,51.3,51.4,50.7,51.1,25000
2026-05-11,49.6,49.6,50.9,49.05,50.7,219000
2026-05-12,49.55,49.55,50.4,49.0,49.6,110000
2026-05-13,49.6,49.6,50.0,49.55,49.8,41000
2026-05-14,49.45,49.45,50.1,48.6,49.25,87000
2026-05-15,49.25,49.25,49.55,49.15,49.15,10000
2026-05-18,49.8,49.8,49.9,49.3,49.3,21000
2026-05-19,50.8,50.8,50.9,49.8,49.8,43000
2026-05-20,50.6,50.6,51.2,50.1,50.8,28000
2026-05-21,51.0,51.0,51.1,49.95,50.3,56000
2026-05-22,51.1,51.1,51.2,50.4,51.0,20000
2026-05-25,51.7,51.7,51.8,51.1,51.1,42000
2026-05-26,51.2,51.2,51.9,51.2,51.9,18000
2026-05-27,50.3,50.3,51.4,50.0,50.4,78000
2026-05-28,50.0,50.0,50.1,49.8,49.8,21000
2026-05-29,50.7,50.7,50.7,49.85,50.0,30000
2026-06-01,49.75,49.75,51.0,49.35,50.2,157000
2026-06-02,50.2,50.2,50.2,49.55,49.75,59000
2026-06-03,50.7,50.7,50.8,49.65,50.0,70000
2026-06-04,52.0,52.0,52.5,51.8,52.5,105000
2026-06-05,52.5,52.5,52.5,51.7,52.0,79000
2026-06-08,52.3,52.3,52.4,51.4,52.0,52000
2026-06-09,53.0,53.0,53.2,52.4,52.5,104000
2026-06-10,53.0,53.0,53.4,52.1,53.0,121000
2026-06-11,53.1,53.1,53.2,52.6,53.2,108000
2026-06-12,50.8,50.8,51.3,50.7,50.7,73000
2026-06-15,50.9,50.9,51.0,50.5,51.0,42000
2026-06-16,51.1,51.1,51.2,50.3,50.3,6000
2026-06-17,50.3,50.3,50.8,50.1,50.5,27000
2026-06-18,51.2,51.2,51.2,50.2,50.2,16000
2026-06-22,50.7,50.7,50.9,50.0,50.9,46000
2026-06-23,50.4,50.4,50.8,50.0,50.3,20000
2026-06-24,50.8,50.8,51.2,49.95,49.95,25000
2026-06-25,50.5,50.5,50.6,50.0,50.5,16000
2026-06-26,50.6,50.6,51.0,50.2,50.2,26000
2026-06-29,50.6,50.6,51.1,50.6,50.9,36000
2026-06-30,50.9,50.9,50.9,50.5,50.5,22000
2026-07-01,51.6,51.6,51.8,50.2,50.2,43000
2026-07-02,51.8,51.8,52.1,51.6,52.0,22000
2026-07-03,52.5,52.5,52.8,52.0,52.3,51000
2026-07-06,50.9,50.9,51.5,50.5,50.9,121000
2026-07-07,50.1,50.1,51.5,50.0,51.5,69000
2026-07-08,50.6,50.6,51.2,49.9,50.1,64000
2026-07-09,50.7,50.7,51.0,50.1,50.1,14000
2026-07-13,50.7,50.7,51.0,50.2,50.8,45000
2026-07-14,50.2,50.2,50.3,49.8,50.2,52000
2026-07-15,50.2,50.2,51.1,50.0,51.1,24000
2026-07-16,50.7,50.7,50.7,50.2,50.7,22000
2026-07-17,50.1,50.1,50.5,49.7,49.7,28000
2026-07-20,50.1,50.1,50.7,49.7,50.7,39000
2026-07-21,50.2,50.2,50.7,50.2,50.7,11000
2026-07-22,50.1,50.1,50.7,50.0,50.1,27000
2026-07-23,50.3,50.3,50.6,50.0,50.1,23000
2026-07-24,51.0,51.0,51.0,49.8,50.3,24000
2026-07-27,50.3,50.3,50.5,50.1,50.3,10000
2026-07-28,50.0,50.0,50.3,49.7,50.3,44000
2026-07-29,48.8,48.8,50.6,48.8,50.6,106000
2026-07-30,48.8,48.8,49.9,48.8,49.9,13000
2026-07-31,49.65,49.65,49.65,48.8,49.0,42000
2026-08-03,49.9,49.9,49.9,49.6,49.7,15000
2026-08-04,50.4,50.4,50.5,50.0,50.0,9000
2026-08-05,50.7,50.7,50.9,50.4,50.5,39000
2026-08-06,51.0,51.0,51.3,50.8,51.0,59000
2026-08-07,50.8,50.8,51.2,50.7,51.2,45000
2026-08-10,50.8,50.8,51.2,50.8,50.8,15000
2026-08-11,50.4,50.4,50.8,50.1,50.8,22000
2026-08-12,50.6,50.6,50.9,50.3,50.3,11000
2026-08-13,50.9,50.9,50.9,50.3,50.3,11000
2026-08-14,50.5,50.5,50.9,50.3,50.9,15000
2026-08-17,50.6,50.6,50.9,50.0,50.8,40000
2026-08-18,49.7,49.7,50.1,49.55,50.1,65000
2026-08-19,50.0,50.0,50.0,49.7,49.7,6000
2026-08-20,50.1,50.1,50.6,49.75,50.3,42000
2026-08-21,50.5,50.5,50.5,49.6,49.9,9000
2026-08-24,50.5,50.5,50.9,50.5,50.5,8106
2026-08-25,50.4,50.4,50.8,50.1,50.7,20482
2026-08-26,50.6,50.6,50.8,50.1,50.8,19000
2026-08-27,50.7,50.7,50.9,50.3,50.7,27123
2026-08-28,50.8,50.8,50.9,50.2,50.9,22516
2026-08-31,50.4,50.4,50.9,50.4,50.9,7155
2026-09-01,50.5,50.5,50.8,50.1,50.1,16300
2026-09-02,50.6,50.6,50.8,50.5,50.5,19000
2026-09-03,50.3,50.3,50.8,50.3,50.6,58064
