Date,Adj Close,Close,High,Low,Open,Volume
2016-08-12,28.8,28.8,28.9,28.5,28.5,238457
2016-08-15,28.6,28.6,28.75,28.55,28.6,198404
2016-08-16,28.45,28.45,28.6,28.45,28.6,84317
2016-08-17,28.95,28.95,29.0,28.15,28.4,303465
2016-08-18,28.6,28.6,28.85,28.5,28.7,63070
2016-08-19,28.6,28.6,28.85,28.6,28.6,132488
2016-08-22,28.45,28.45,28.6,28.35,28.6,141045
2016-08-23,28.5,28.5,28.7,28.3,28.35,99842
2016-08-24,28.3,28.3,28.45,28.3,28.3,98387
2016-08-25,28.4,28.4,28.4,28.2,28.3,76622
2016-08-26,28.25,28.25,28.3,28.15,28.25,84548
2016-08-29,28.2,28.2,28.25,28.0,28.1,136116
2016-08-30,28.15,28.15,28.25,28.05,28.2,58598
2016-08-31,28.3,28.3,28.3,28.0,28.1,113005
2016-09-01,28.0,28.0,28.3,28.0,28.3,124391
2016-09-02,27.95,27.95,28.0,27.8,28.0,140266
2016-09-05,28.25,28.25,28.25,27.85,27.95,163971
2016-09-06,28.05,28.05,28.5,28.05,28.5,123003
2016-09-07,28.2,28.2,28.2,28.0,28.05,134668
2016-09-08,28.3,28.3,28.35,28.0,28.15,239437
2016-09-09,28.65,28.65,28.65,28.1,28.2,434201
2016-09-12,28.35,28.35,28.6,28.35,28.5,90510
2016-09-13,28.3,28.3,28.35,28.05,28.15,80638
2016-09-14,28.1,28.1,28.3,28.1,28.25,130837
2016-09-19,28.2,28.2,28.35,28.1,28.1,84437
2016-09-20,28.2,28.2,28.35,27.95,28.2,192119
2016-09-21,29.0,29.0,29.05,28.0,28.2,355987
2016-09-22,28.5,28.5,29.05,28.45,29.05,238407
2016-09-23,28.4,28.4,28.6,28.3,28.55,86291
2016-09-26,28.3,28.3,28.4,28.2,28.4,66185
2016-09-29,28.45,28.45,28.5,28.15,28.2,126578
2016-09-30,28.45,28.45,28.45,28.2,28.4,322249
2016-10-03,28.55,28.55,28.8,28.45,28.45,403082
2016-10-04,28.9,28.9,28.9,28.55,28.55,400745
2016-10-05,28.85,28.85,28.9,28.3,28.8,472255
2016-10-06,29.0,29.0,29.0,28.65,28.65,555782
2016-10-07,29.0,29.0,29.15,28.65,29.0,387886
2016-10-11,29.0,29.0,29.0,28.5,29.0,470140
2016-10-12,29.05,29.05,29.15,28.7,28.7,450500
2016-10-13,29.35,29.35,29.4,28.9,29.0,513347
2016-10-14,29.05,29.05,29.5,29.0,29.4,160599
2016-10-17,29.05,29.05,29.3,28.8,29.05,8771429
2016-10-18,29.5,29.5,29.5,29.1,29.1,542006
2016-10-19,29.35,29.35,29.55,29.35,29.5,213919
2016-10-20,29.2,29.2,29.35,29.1,29.35,222664
2016-10-21,29.1,29.1,29.4,29.1,29.4,156520
2016-10-24,29.05,29.05,29.2,28.95,29.1,195629
2016-10-25,28.95,28.95,29.3,28.95,29.05,240131
2016-10-26,29.1,29.1,29.15,28.85,28.9,140512
2016-10-27,29.05,29.05,29.15,29.0,29.1,85750
2016-10-28,29.0,29.0,29.15,29.0,29.1,127029
2016-10-31,28.9,28.9,28.95,28.8,28.9,98553
2016-11-01,29.0,29.0,29.05,28.9,28.9,71933
2016-11-02,28.9,28.9,29.05,28.8,29.0,137644
2016-11-03,28.8,28.8,28.9,28.7,28.9,90121
2016-11-04,28.8,28.8,28.9,28.75,28.8,125969
2016-11-07,29.0,29.0,29.3,28.75,28.8,201122
2016-11-08,29.1,29.1,29.3,29.0,29.0,202701
2016-11-09,29.0,29.0,29.35,28.6,29.1,556757
2016-11-10,29.05,29.05,29.3,28.8,29.3,276499
2016-11-11,29.05,29.05,29.2,28.8,29.0,243952
2016-11-14,29.0,29.0,29.1,28.9,29.05,229906
2016-11-15,29.2,29.2,29.25,28.9,28.9,223675
2016-11-16,29.4,29.4,29.5,29.1,29.1,236339
2016-11-17,29.35,29.35,29.45,29.2,29.4,254410
2016-11-18,30.3,30.3,30.6,29.35,29.45,898845
2016-11-21,31.2,31.2,31.3,30.25,30.5,883168
2016-11-22,31.55,31.55,32.4,31.2,31.2,1185511
2016-11-23,31.05,31.05,32.0,30.9,31.55,673181
2016-11-24,31.1,31.1,31.1,30.65,31.0,340317
2016-11-25,31.1,31.1,31.7,31.0,31.2,302640
2016-11-28,31.2,31.2,31.4,30.9,31.1,225138
2016-11-29,31.8,31.8,31.85,31.1,31.2,467606
2016-11-30,31.95,31.95,32.0,31.7,31.75,415994
2016-12-01,32.2,32.2,32.2,31.9,31.95,393054
2016-12-02,32.3,32.3,32.4,31.85,32.2,488310
2016-12-05,33.45,33.45,33.9,32.3,32.3,1201681
2016-12-06,33.25,33.25,34.0,33.2,33.75,425059
2016-12-07,32.75,32.75,33.3,32.65,33.25,309259
2016-12-08,33.0,33.0,33.1,32.4,32.7,392417
2016-12-09,33.25,33.25,33.45,32.8,33.0,299470
2016-12-12,32.45,32.45,33.45,32.35,33.45,445592
2016-12-13,32.35,32.35,32.5,32.1,32.4,321597
2016-12-14,32.3,32.3,32.75,32.15,32.25,176422
2016-12-15,32.95,32.95,33.0,32.05,32.05,295484
2016-12-16,32.95,32.95,33.0,32.75,33.0,188858
2016-12-19,32.6,32.6,33.0,32.55,32.55,151012
2016-12-20,32.45,32.45,32.8,32.1,32.8,191098
2016-12-21,32.45,32.45,32.65,32.2,32.25,129229
2016-12-22,31.8,31.8,32.3,31.65,32.3,283841
2016-12-23,31.65,31.65,31.8,31.55,31.7,131886
2016-12-26,31.45,31.45,31.7,31.3,31.65,126799
2016-12-27,31.35,31.35,31.4,31.1,31.3,104201
2016-12-28,31.9,31.9,31.9,31.5,31.5,137870
2016-12-29,31.6,31.6,31.9,31.25,31.9,162609
2016-12-30,32.15,32.15,32.2,31.2,31.2,222238
2017-01-03,32.2,32.2,32.4,32.15,32.4,141711
2017-01-04,32.2,32.2,32.4,32.2,32.3,109701
2017-01-05,32.3,32.3,32.45,32.15,32.4,206777
2017-01-06,32.2,32.2,32.45,32.2,32.3,159402
2017-01-09,32.25,32.25,32.45,32.2,32.2,98137
2017-01-10,32.25,32.25,32.4,32.2,32.25,172382
2017-01-11,33.0,33.0,33.45,32.35,32.35,403213
2017-01-12,33.05,33.05,33.4,32.9,33.1,243875
2017-01-13,32.7,32.7,33.05,32.65,33.05,114235
2017-01-16,31.9,31.9,32.65,31.7,32.65,295966
2017-01-17,32.0,32.0,32.15,31.9,31.9,105926
2017-01-18,32.45,32.45,32.9,32.0,32.0,231864
2017-01-19,32.05,32.05,32.5,32.0,32.5,105018
2017-01-20,32.1,32.1,32.2,32.0,32.05,36785
2017-01-23,31.95,31.95,32.2,31.9,32.05,102912
2017-01-24,32.3,32.3,32.3,31.8,31.95,163477
2017-02-02,32.5,32.5,32.55,32.3,32.5,174571
2017-02-03,32.9,32.9,32.9,32.5,32.7,232861
2017-02-06,32.95,32.95,33.05,32.9,32.9,270377
2017-02-07,33.05,33.05,33.1,32.8,32.95,230353
2017-02-08,33.2,33.2,33.2,32.95,33.0,248872
2017-02-09,33.6,33.6,33.6,33.2,33.3,373928
2017-02-10,33.95,33.95,34.5,33.6,33.6,1053175
2017-02-13,34.0,34.0,34.15,33.55,34.1,223627
2017-02-14,33.45,33.45,34.2,33.1,34.2,371990
2017-02-15,33.75,33.75,33.9,33.2,33.25,277043
2017-02-16,33.6,33.6,33.95,33.6,33.75,291055
2017-02-17,33.5,33.5,33.65,33.45,33.6,202467
2017-02-20,33.2,33.2,33.45,33.2,33.45,115852
2017-02-21,33.25,33.25,33.4,33.0,33.35,111558
2017-02-22,33.15,33.15,33.4,32.8,33.25,272451
2017-02-23,33.2,33.2,33.25,32.85,33.15,112531
2017-02-24,33.3,33.3,33.3,33.05,33.2,112306
2017-03-01,34.1,34.1,34.3,33.0,33.55,916508
2017-03-02,35.0,35.0,36.9,34.1,34.1,1309928
2017-03-03,34.85,34.85,35.9,34.8,35.0,647760
2017-03-06,35.0,35.0,35.0,34.5,34.85,249996
2017-03-07,35.25,35.25,36.2,34.9,35.05,450365
2017-03-08,35.25,35.25,35.5,35.0,35.25,240557
2017-03-09,34.95,34.95,35.4,34.95,35.25,260420
2017-03-10,34.45,34.45,34.8,34.15,34.8,447862
2017-03-13,35.25,35.25,35.35,34.7,34.7,444315
2017-03-14,35.5,35.5,35.7,35.1,35.25,513523
2017-03-15,35.5,35.5,36.0,35.25,35.5,230778
2017-03-16,35.3,35.3,35.6,35.0,35.5,296155
2017-03-17,35.55,35.55,35.55,35.2,35.5,361866
2017-03-20,35.5,35.5,35.6,35.2,35.55,186613
2017-03-21,35.1,35.1,35.5,35.1,35.5,339275
2017-03-22,35.05,35.05,35.1,34.8,35.1,316154
2017-03-23,34.95,34.95,35.1,34.7,35.05,296550
2017-03-24,35.05,35.05,35.5,34.95,35.0,245784
2017-03-27,34.65,34.65,35.05,34.5,35.05,268316
2017-03-28,34.85,34.85,35.0,34.6,34.65,196151
2017-03-29,35.1,35.1,35.1,34.65,34.85,324308
2017-03-30,35.0,35.0,35.2,34.9,35.1,361095
2017-03-31,35.0,35.0,35.05,34.9,35.0,196989
2017-04-05,35.4,35.4,35.55,35.05,35.05,501723
2017-04-06,35.4,35.4,35.5,35.4,35.5,187521
2017-04-07,35.25,35.25,35.5,35.15,35.5,195288
2017-04-10,35.25,35.25,35.35,35.05,35.25,307725
2017-04-11,34.55,34.55,35.05,34.5,35.05,488648
2017-04-12,33.85,33.85,34.5,33.55,34.5,610061
2017-04-13,34.75,34.75,35.2,34.15,34.15,450487
2017-04-14,33.95,33.95,34.75,33.9,34.75,239163
2017-04-17,33.3,33.3,34.3,33.05,34.0,425936
2017-04-18,33.95,33.95,33.95,33.35,33.35,302794
2017-04-19,33.4,33.4,33.75,33.3,33.7,223650
2017-04-21,34.0,34.0,34.4,34.0,34.2,207762
2017-04-24,34.3,34.3,34.45,34.1,34.2,196438
2017-04-25,34.7,34.7,34.8,34.1,34.5,200033
2017-04-26,34.9,34.9,35.05,34.7,34.7,185321
2017-04-27,34.7,34.7,34.9,34.6,34.9,97657
2017-04-28,34.7,34.7,35.0,34.7,35.0,106953
2017-05-02,34.9,34.9,34.9,34.5,34.7,149421
2017-05-03,34.85,34.85,34.9,34.7,34.9,172742
2017-05-04,34.9,34.9,34.9,34.7,34.7,72693
2017-05-05,34.8,34.8,34.9,34.75,34.75,178362
2017-05-08,34.95,34.95,34.95,34.75,34.8,253577
2017-05-09,35.05,35.05,35.05,34.9,34.95,371440
2017-05-10,35.3,35.3,35.3,35.0,35.05,504050
2017-05-11,35.4,35.4,36.2,35.05,36.1,1405494
2017-05-12,35.3,35.3,35.65,35.25,35.55,270062
2017-05-15,35.25,35.25,35.5,35.25,35.5,364996
2017-05-16,34.85,34.85,35.3,34.6,35.25,327666
2017-05-17,34.45,34.45,34.85,33.85,34.85,257188
2017-05-18,34.15,34.15,34.25,33.75,34.05,258739
2017-05-19,33.8,33.8,34.15,33.8,34.1,241300
2017-05-22,33.2,33.2,33.9,33.1,33.85,464314
2017-05-23,33.75,33.75,33.95,33.25,33.25,370234
2017-05-24,33.6,33.6,33.9,33.45,33.75,325527
2017-05-25,33.8,33.8,33.85,33.65,33.7,215691
2017-05-26,34.3,34.3,34.3,34.0,34.05,288764
2017-05-31,33.95,33.95,34.5,33.95,34.5,181645
2017-06-01,34.1,34.1,34.1,33.85,34.0,139915
2017-06-02,34.1,34.1,34.1,33.95,34.1,158263
2017-06-05,34.35,34.35,34.35,34.1,34.25,314321
2017-06-06,34.35,34.35,34.35,34.1,34.3,187074
2017-06-07,34.5,34.5,35.0,34.0,34.2,192877
2017-06-08,34.65,34.65,34.65,34.2,34.5,148527
2017-06-09,34.35,34.35,34.65,34.15,34.4,277112
2017-06-12,33.8,33.8,34.1,33.8,34.0,234708
2017-06-13,33.75,33.75,33.95,33.65,33.95,122500
2017-06-14,33.4,33.4,33.9,33.3,33.9,148044
2017-06-15,33.35,33.35,33.4,33.1,33.4,197740
2017-06-16,32.9,32.9,33.35,32.9,33.35,543432
2017-06-19,33.0,33.0,33.35,32.85,33.1,353817
2017-06-20,32.3,32.3,33.15,32.25,33.05,407624
2017-06-21,33.0,33.0,33.0,32.2,32.3,396422
2017-06-22,33.25,33.25,33.25,33.0,33.1,209737
2017-06-23,33.25,33.25,33.4,33.2,33.3,206947
2017-06-26,34.05,34.05,34.2,33.15,33.25,641679
2017-06-27,34.3,34.3,34.35,33.9,34.25,378728
2017-06-28,34.0,34.0,34.35,33.95,34.25,210358
2017-06-29,33.65,33.65,34.1,33.6,34.0,547607
2017-06-30,32.1,32.1,32.25,31.65,31.65,406055
2017-07-03,32.15,32.15,32.45,32.05,32.1,189694
2017-07-04,32.25,32.25,32.4,32.1,32.35,116701
2017-07-05,32.4,32.4,32.4,32.05,32.25,234833
2017-07-06,32.25,32.25,32.35,32.1,32.35,136588
2017-07-07,32.2,32.2,32.35,32.05,32.25,79619
2017-07-10,32.15,32.15,32.35,32.1,32.3,98840
2017-07-11,32.45,32.45,32.55,32.15,32.15,268486
2017-07-12,32.35,32.35,32.65,32.3,32.65,128401
2017-07-13,32.25,32.25,32.5,32.25,32.5,92306
2017-07-14,32.1,32.1,32.3,32.1,32.3,87685
2017-07-17,31.9,31.9,32.25,31.85,32.2,200144
2017-07-18,31.9,31.9,32.0,31.8,31.9,177210
2017-07-19,31.95,31.95,32.0,31.85,31.9,148399
2017-07-20,31.9,31.9,32.0,31.75,32.0,188542
2017-07-21,31.8,31.8,31.9,31.75,31.9,111291
2017-07-24,31.75,31.75,31.8,31.65,31.8,114250
2017-07-25,32.0,32.0,32.0,31.75,31.75,210497
2017-07-26,32.0,32.0,32.05,31.85,31.9,188073
2017-07-27,32.2,32.2,32.4,32.0,32.0,277580
2017-07-28,32.6,32.6,32.6,32.3,32.3,267787
2017-07-31,32.5,32.5,33.65,32.5,33.6,878380
2017-08-01,32.4,32.4,32.6,32.35,32.6,154451
2017-08-02,32.05,32.05,32.4,31.95,32.4,267185
2017-08-03,31.9,31.9,32.0,31.7,32.0,222394
2017-08-04,31.55,31.55,31.9,31.55,31.9,345480
2017-08-07,31.35,31.35,31.55,31.35,31.5,264040
2017-08-08,31.6,31.6,31.7,31.35,31.35,532180
2017-08-09,31.9,31.9,32.0,31.6,31.6,385691
2017-08-10,31.55,31.55,32.0,31.5,31.8,423212
2017-08-11,31.45,31.45,31.55,31.35,31.45,386315
2017-08-14,31.8,31.8,32.4,31.25,31.6,611910
2017-08-15,31.7,31.7,32.2,31.7,32.1,460519
2017-08-16,31.6,31.6,31.8,31.25,31.7,301611
2017-08-17,31.55,31.55,31.7,31.4,31.7,199312
2017-08-18,31.35,31.35,31.6,31.35,31.55,286542
2017-08-21,31.3,31.3,31.4,31.1,31.35,372107
2017-08-22,31.4,31.4,31.6,31.3,31.3,106414
2017-08-23,31.3,31.3,31.45,31.3,31.4,320958
2017-08-24,31.7,31.7,31.8,31.3,31.3,190643
2017-08-25,31.75,31.75,31.8,31.65,31.75,114647
2017-08-28,31.7,31.7,31.85,31.55,31.8,198188
2017-08-29,31.45,31.45,31.7,31.35,31.7,258046
2017-08-30,31.5,31.5,31.6,31.4,31.5,145718
2017-08-31,31.5,31.5,31.6,31.4,31.5,163051
2017-09-01,31.6,31.6,31.75,31.5,31.5,252100
2017-09-04,31.7,31.7,31.85,31.65,31.65,262194
2017-09-05,31.75,31.75,31.85,31.7,31.7,111260
2017-09-06,32.1,32.1,32.15,31.7,31.8,227608
2017-09-07,31.75,31.75,32.15,31.75,32.1,230518
2017-09-08,32.4,32.4,32.8,31.75,31.75,570419
2017-09-11,32.7,32.7,32.9,32.4,32.4,436788
2017-09-12,32.8,32.8,32.85,32.65,32.7,299139
2017-09-13,32.6,32.6,32.8,32.5,32.8,260998
2017-09-14,32.55,32.55,32.55,32.1,32.55,280065
2017-09-15,32.8,32.8,32.8,32.1,32.5,360756
2017-09-18,32.7,32.7,32.85,32.55,32.8,399419
2017-09-19,32.75,32.75,32.85,32.7,32.75,175654
2017-09-20,32.9,32.9,33.0,32.7,32.75,418695
2017-09-21,33.05,33.05,33.1,32.9,32.95,252711
2017-09-22,32.8,32.8,33.05,32.8,33.05,180970
2017-09-25,32.55,32.55,32.8,32.4,32.8,252135
2017-09-26,32.3,32.3,32.4,32.2,32.3,172161
2017-09-27,32.6,32.6,32.8,32.2,32.3,215429
2017-09-28,32.35,32.35,32.7,32.35,32.6,82407
2017-09-29,32.35,32.35,32.45,32.3,32.3,68856
2017-10-02,32.3,32.3,32.55,32.3,32.4,192020
2017-10-03,32.15,32.15,32.4,32.15,32.3,176686
2017-10-05,32.5,32.5,32.5,32.15,32.15,91480
2017-10-06,32.45,32.45,32.5,32.4,32.5,64710
2017-10-11,33.55,33.55,33.55,33.0,33.05,990216
2017-10-12,34.6,34.6,34.8,33.75,33.75,1176689
2017-10-13,34.6,34.6,34.9,34.2,34.65,504916
2017-10-16,34.55,34.55,34.85,34.15,34.6,327722
2017-10-17,34.15,34.15,34.7,34.1,34.7,282866
2017-10-18,34.3,34.3,34.35,33.95,34.1,240321
2017-10-19,34.1,34.1,34.35,34.1,34.3,159095
2017-10-20,35.0,35.0,35.0,34.0,34.0,1208137
2017-10-23,34.8,34.8,35.1,34.8,35.0,260335
2017-10-24,34.8,34.8,34.9,34.7,34.9,175663
2017-10-25,34.7,34.7,34.85,34.65,34.8,161924
2017-10-26,34.55,34.55,34.65,34.5,34.65,130173
2017-10-27,34.3,34.3,34.55,34.2,34.55,380557
2017-10-30,35.05,35.05,35.45,34.8,35.1,980062
2017-10-31,35.05,35.05,35.2,34.9,35.2,439602
2017-11-01,35.25,35.25,35.45,35.2,35.2,513460
2017-11-02,35.35,35.35,35.45,35.25,35.45,301040
2017-11-03,35.25,35.25,35.35,35.05,35.35,192322
2017-11-06,35.4,35.4,35.45,35.25,35.25,294408
2017-11-07,35.45,35.45,35.5,35.3,35.4,257053
2017-11-08,35.25,35.25,35.45,35.25,35.4,270461
2017-11-09,35.1,35.1,35.25,35.0,35.25,393198
2017-11-10,35.7,35.7,35.75,34.9,35.1,784263
2017-11-13,37.7,37.7,38.0,35.9,35.9,2028892
2017-11-14,37.35,37.35,38.0,37.15,38.0,654397
2017-11-15,37.4,37.4,37.6,37.25,37.6,397637
2017-11-16,37.15,37.15,37.4,37.05,37.4,303280
2017-11-17,37.45,37.45,37.7,37.25,37.25,505976
2017-11-20,37.9,37.9,38.0,37.5,37.5,574140
2017-11-21,39.0,39.0,39.35,38.0,38.0,1165384
2017-11-22,38.9,38.9,39.6,38.55,39.2,951229
2017-11-23,38.85,38.85,39.0,38.6,38.9,344690
2017-11-24,38.95,38.95,39.0,38.65,38.9,249075
2017-11-27,39.4,39.4,39.6,39.05,39.05,545458
2017-11-28,39.0,39.0,39.5,38.85,39.5,407637
2017-11-29,38.95,38.95,39.15,38.8,39.1,384707
2017-11-30,38.7,38.7,39.0,38.5,38.85,344288
2017-12-01,38.5,38.5,38.8,37.6,38.7,377295
2017-12-04,38.4,38.4,38.5,38.1,38.5,236803
2017-12-05,38.3,38.3,39.0,38.1,38.5,419722
2017-12-06,37.2,37.2,38.2,37.15,38.2,784797
2017-12-07,36.75,36.75,37.2,36.7,37.2,602498
2017-12-08,37.5,37.5,37.85,36.6,36.6,469193
2017-12-11,38.15,38.15,38.9,38.1,38.2,637727
2017-12-12,38.0,38.0,38.3,38.0,38.2,313248
2017-12-13,37.95,37.95,38.1,37.9,38.0,195860
2017-12-14,38.0,38.0,38.15,37.95,38.0,248815
2017-12-15,38.35,38.35,38.35,37.8,38.0,242327
2017-12-18,38.05,38.05,38.7,38.05,38.7,380599
2017-12-19,37.85,37.85,38.1,37.8,38.05,253496
2017-12-20,38.1,38.1,38.3,37.85,37.9,185508
2017-12-21,37.9,37.9,38.15,37.9,38.1,196181
2017-12-22,37.95,37.95,38.1,37.9,37.9,153715
2017-12-25,38.2,38.2,38.2,37.85,37.95,204646
2017-12-26,38.05,38.05,38.2,38.0,38.2,181292
2017-12-27,38.3,38.3,38.3,38.0,38.0,252647
2017-12-28,38.4,38.4,38.6,38.3,38.3,345273
2017-12-29,38.9,38.9,38.9,38.4,38.6,560766
2018-01-02,39.0,39.0,39.15,38.6,38.8,462405
2018-01-03,39.15,39.15,39.3,39.1,39.15,520485
2018-01-04,38.8,38.8,39.25,38.65,39.25,440974
2018-01-05,38.7,38.7,38.95,38.7,38.9,198775
2018-01-08,38.9,38.9,39.1,38.65,38.7,407354
2018-01-09,39.0,39.0,39.0,38.6,38.9,309406
2018-01-10,38.9,38.9,39.05,38.8,39.0,298904
2018-01-11,38.9,38.9,39.35,38.75,39.15,807995
2018-01-12,38.8,38.8,39.05,38.7,39.0,511382
2018-01-15,38.65,38.65,38.85,38.5,38.75,570007
2018-01-16,39.0,39.0,39.05,38.6,38.65,539553
2018-01-17,38.6,38.6,39.0,38.3,38.8,799166
2018-01-18,38.9,38.9,39.05,38.5,38.8,665074
2018-01-19,38.7,38.7,38.95,38.5,38.9,517973
2018-01-22,38.95,38.95,39.0,38.55,38.65,524721
2018-01-23,39.0,39.0,39.05,38.7,38.95,426360
2018-01-24,38.7,38.7,39.0,38.5,39.0,353766
2018-01-25,38.9,38.9,39.0,38.6,38.6,200504
2018-01-26,38.8,38.8,38.95,38.65,38.9,298275
2018-01-29,38.65,38.65,39.0,38.5,39.0,330121
2018-01-30,38.45,38.45,38.65,38.3,38.65,323299
2018-01-31,38.1,38.1,38.45,37.95,38.45,398844
2018-02-01,38.3,38.3,38.4,38.05,38.1,188614
2018-02-02,38.5,38.5,38.55,38.25,38.35,217632
2018-02-05,37.9,37.9,38.25,37.8,38.0,556218
2018-02-06,35.75,35.75,37.45,35.5,37.3,1355434
2018-02-07,36.05,36.05,37.15,36.0,36.15,593741
2018-02-08,37.3,37.3,37.4,36.2,36.65,355791
2018-02-09,36.95,36.95,37.0,36.1,36.5,434002
2018-02-12,36.3,36.3,36.9,36.2,36.9,747556
2018-02-21,37.1,37.1,37.1,36.65,36.65,369373
2018-02-22,37.2,37.2,37.25,37.0,37.1,151991
2018-02-23,37.65,37.65,37.65,37.3,37.4,372329
2018-02-26,38.3,38.3,38.3,37.95,38.0,410661
2018-02-27,39.55,39.55,39.6,39.2,39.25,2321654
2018-03-01,42.5,42.5,42.95,39.6,39.6,3944568
2018-03-02,42.85,42.85,43.0,41.7,42.5,1800722
2018-03-05,42.05,42.05,43.6,41.65,42.85,1816678
2018-03-06,42.0,42.0,42.3,41.75,42.1,915429
2018-03-07,41.9,41.9,42.5,41.9,42.0,609736
2018-03-08,41.9,41.9,42.0,41.7,41.7,551665
2018-03-09,42.25,42.25,42.35,41.9,42.0,631373
2018-03-12,42.15,42.15,42.3,41.9,42.25,1177000
2018-03-13,42.0,42.0,42.2,41.95,42.15,911593
2018-03-14,42.15,42.15,42.15,42.0,42.0,632033
2018-03-15,42.45,42.45,42.5,42.15,42.2,634920
2018-03-16,42.8,42.8,43.0,42.55,42.55,1502986
2018-03-19,44.2,44.2,44.8,42.9,42.9,1909401
2018-03-20,44.25,44.25,44.3,43.85,44.0,689654
2018-03-21,43.4,43.4,44.2,43.3,44.15,1039903
2018-03-22,42.6,42.6,43.45,42.55,43.4,990069
2018-03-23,42.15,42.15,42.3,41.5,41.8,780521
2018-03-26,42.8,42.8,43.25,42.15,42.15,856439
2018-03-27,43.15,43.15,43.6,43.1,43.3,731519
2018-03-28,43.1,43.1,43.3,43.0,43.1,527876
2018-03-29,43.3,43.3,43.35,43.0,43.0,385388
2018-03-30,43.05,43.05,43.3,43.05,43.3,441540
2018-04-02,43.15,43.15,43.25,43.0,43.1,302361
2018-04-03,43.15,43.15,43.2,42.75,43.15,230560
2018-04-09,43.35,43.35,43.35,43.05,43.1,332777
2018-04-10,43.6,43.6,43.85,43.25,43.35,567624
2018-04-11,44.4,44.4,44.8,44.0,44.05,1104997
2018-04-12,44.25,44.25,44.8,44.1,44.8,311046
2018-04-13,44.05,44.05,44.5,44.0,44.5,420451
2018-04-16,43.9,43.9,44.05,43.85,44.05,329395
2018-04-17,43.55,43.55,43.9,43.4,43.9,514195
2018-04-18,43.85,43.85,44.1,43.55,43.55,332479
2018-04-19,44.0,44.0,44.55,43.85,43.85,661307
2018-04-20,44.0,44.0,44.2,43.8,44.2,403040
2018-04-23,44.0,44.0,44.25,43.85,44.0,431386
2018-04-24,43.75,43.75,44.0,43.6,44.0,330112
2018-04-25,43.3,43.3,43.6,43.25,43.6,343919
2018-04-26,42.8,42.8,43.45,42.8,43.35,485200
2018-04-27,42.6,42.6,42.8,42.35,42.7,370802
2018-04-30,43.25,43.25,43.3,42.6,42.6,293048
2018-05-02,42.9,42.9,43.25,42.8,43.25,446640
2018-05-03,42.8,42.8,42.9,42.7,42.9,220342
2018-05-04,42.65,42.65,42.8,42.5,42.8,251110
2018-05-07,42.45,42.45,42.7,42.45,42.65,320390
2018-05-08,42.6,42.6,42.65,42.4,42.4,304332
2018-05-09,42.6,42.6,42.8,42.5,42.6,149390
2018-05-10,43.35,43.35,43.35,42.45,42.5,435931
2018-05-11,42.7,42.7,43.05,42.3,42.8,980126
2018-05-14,42.5,42.5,42.7,42.5,42.65,343678
2018-05-15,42.45,42.45,42.55,42.3,42.5,360792
2018-05-16,42.55,42.55,43.0,42.45,42.45,347551
2018-05-17,42.5,42.5,42.8,42.5,42.55,224434
2018-05-18,42.5,42.5,42.65,42.4,42.5,235201
2018-05-21,42.7,42.7,42.8,42.5,42.5,238562
2018-05-22,42.45,42.45,42.8,42.45,42.7,269532
2018-05-23,42.6,42.6,42.75,42.4,42.5,263426
2018-05-24,42.5,42.5,42.6,42.35,42.6,232828
2018-05-25,42.75,42.75,42.75,42.5,42.6,201354
2018-05-28,42.8,42.8,42.9,42.7,42.75,344865
2018-05-29,42.45,42.45,42.8,42.4,42.8,381420
2018-05-30,42.2,42.2,42.5,42.15,42.5,425622
2018-05-31,41.6,41.6,42.3,41.6,42.2,603791
2018-06-01,43.3,43.3,43.3,41.9,41.9,1393188
2018-06-04,43.15,43.15,43.65,42.95,43.5,894146
2018-06-05,43.2,43.2,43.25,43.1,43.2,562486
2018-06-06,43.15,43.15,43.3,43.05,43.2,805115
2018-06-07,43.0,43.0,43.25,43.0,43.15,653127
2018-06-08,43.0,43.0,43.1,42.85,43.0,533270
2018-06-11,42.75,42.75,43.05,42.6,43.05,728447
2018-06-12,42.9,42.9,43.0,42.65,42.7,749011
2018-06-13,42.8,42.8,43.0,42.8,43.0,941704
2018-06-14,42.4,42.4,42.95,42.4,42.8,1326580
2018-06-15,42.55,42.55,42.9,42.3,42.7,1933631
2018-06-19,35.35,35.35,35.75,35.0,35.5,2116207
2018-06-20,36.1,36.1,36.15,35.3,35.5,890226
2018-06-21,37.6,37.6,38.0,36.1,36.1,1340503
2018-06-22,37.1,37.1,37.9,36.9,37.6,765933
2018-06-25,36.35,36.35,37.4,36.3,37.4,474688
2018-06-26,35.7,35.7,36.05,35.65,36.05,489420
2018-06-27,35.55,35.55,36.05,35.5,36.05,411700
2018-06-28,35.35,35.35,35.55,35.25,35.55,297995
2018-06-29,35.2,35.2,35.35,35.1,35.35,374969
2018-07-02,34.6,34.6,35.4,34.6,35.35,373282
2018-07-03,33.45,33.45,34.7,33.0,34.6,615230
2018-07-04,33.7,33.7,34.35,33.45,33.45,317625
2018-07-05,33.2,33.2,33.9,33.2,33.7,404080
2018-07-06,32.7,32.7,33.4,32.55,33.2,461268
2018-07-09,33.35,33.35,33.35,32.7,32.75,416759
2018-07-10,34.2,34.2,34.35,33.4,33.4,305566
2018-07-11,33.95,33.95,34.25,33.8,34.0,192628
2018-07-12,33.8,33.8,34.05,33.8,34.05,110509
2018-07-13,33.9,33.9,34.0,33.6,33.85,173000
2018-07-16,34.15,34.15,34.4,33.9,33.9,240616
2018-07-17,35.3,35.3,35.3,34.15,34.15,554303
2018-07-18,35.45,35.45,35.5,34.65,35.5,588466
2018-07-19,35.5,35.5,35.75,35.2,35.45,396900
2018-07-20,35.7,35.7,35.8,35.45,35.8,417951
2018-07-23,35.75,35.75,36.0,35.15,35.7,329907
2018-07-24,35.85,35.85,36.05,35.6,35.7,302073
2018-07-25,36.25,36.25,36.45,35.7,35.85,326581
2018-07-26,36.5,36.5,36.5,36.25,36.25,293080
2018-07-27,36.45,36.45,36.6,36.15,36.6,302476
2018-07-30,36.4,36.4,36.5,36.3,36.45,236996
2018-07-31,35.4,35.4,35.9,35.1,35.9,608057
2018-08-01,35.65,35.65,35.85,35.4,35.4,307419
2018-08-02,35.25,35.25,35.65,35.25,35.65,427277
2018-08-03,35.2,35.2,35.5,35.0,35.3,482832
2018-08-06,35.55,35.55,35.85,35.0,35.25,470000
2018-08-07,35.5,35.5,35.85,35.5,35.8,473234
2018-08-08,35.95,35.95,36.45,35.25,35.55,1007753
2018-08-09,36.0,36.0,36.35,35.55,35.95,770998
2018-08-10,35.85,35.85,36.4,35.85,36.0,681055
2018-08-13,35.55,35.55,36.15,34.85,35.65,866968
2018-08-14,35.75,35.75,36.45,35.45,35.6,469026
2018-08-15,35.4,35.4,35.75,35.35,35.75,142813
2018-08-16,35.15,35.15,35.4,34.95,35.4,214841
2018-08-17,35.05,35.05,35.35,35.05,35.2,87707
2018-08-20,35.0,35.0,35.25,35.0,35.05,132545
2018-08-21,35.05,35.05,35.2,34.95,35.0,214729
2018-08-22,34.85,34.85,35.15,34.8,35.05,151002
2018-08-23,34.55,34.55,34.85,34.45,34.85,211571
2018-08-24,33.9,33.9,34.5,33.85,34.5,309466
2018-08-27,33.7,33.7,34.0,33.5,33.9,279456
2018-08-28,33.95,33.95,34.0,33.65,33.8,212174
2018-08-29,34.1,34.1,34.4,33.95,33.95,153504
2018-08-30,34.05,34.05,34.4,33.95,34.1,145934
2018-08-31,33.65,33.65,34.1,33.65,34.0,276233
2018-09-03,33.8,33.8,33.95,33.65,33.65,134395
2018-09-04,34.05,34.05,34.2,33.8,33.8,105903
2018-09-05,33.8,33.8,34.15,33.8,34.0,168206
2018-09-06,33.5,33.5,33.9,33.0,33.8,277206
2018-09-07,33.3,33.3,33.8,33.3,33.8,184642
2018-09-10,32.95,32.95,33.3,32.85,33.3,387944
2018-09-11,33.1,33.1,33.1,32.95,32.95,304403
2018-09-12,33.5,33.5,33.5,33.0,33.1,202212
2018-09-13,34.25,34.25,34.6,33.65,33.65,375713
2018-09-14,34.25,34.25,34.65,34.0,34.25,147595
2018-09-17,34.05,34.05,34.25,34.0,34.25,71226
2018-09-18,33.95,33.95,34.05,33.7,34.0,149063
2018-09-19,34.25,34.25,34.45,33.7,33.95,235862
2018-09-20,34.1,34.1,34.5,34.1,34.1,185289
2018-09-21,34.2,34.2,34.5,34.05,34.4,124179
2018-09-25,34.0,34.0,34.25,33.95,34.15,126795
2018-09-26,34.0,34.0,34.2,33.85,34.0,147496
2018-09-27,34.1,34.1,34.25,33.85,34.0,173063
2018-09-28,33.8,33.8,34.0,33.8,34.0,126079
2018-10-01,33.85,33.85,34.0,33.6,33.8,97007
2018-10-02,33.8,33.8,33.85,33.7,33.8,98608
2018-10-03,33.55,33.55,33.8,33.5,33.8,154541
2018-10-04,33.5,33.5,33.7,33.5,33.55,137485
2018-10-05,33.5,33.5,34.05,33.5,33.5,350308
2018-10-08,33.55,33.55,33.7,33.25,33.4,288838
2018-10-09,33.8,33.8,33.9,33.5,33.55,355216
2018-10-11,32.3,32.3,33.0,32.0,33.0,828794
2018-10-12,32.6,32.6,32.6,31.15,31.5,580405
2018-10-15,32.05,32.05,32.6,32.0,32.6,394018
2018-10-16,31.95,31.95,32.4,31.85,32.15,462582
2018-10-17,31.95,31.95,32.15,31.85,32.1,216832
2018-10-18,31.75,31.75,32.3,31.6,31.6,169867
2018-10-19,29.75,29.75,31.5,29.75,31.5,1729905
2018-10-22,30.05,30.05,30.15,29.5,29.5,459004
2018-10-23,29.95,29.95,30.2,29.95,30.05,236642
2018-10-24,29.7,29.7,30.05,29.5,29.95,278853
2018-10-25,29.25,29.25,29.5,29.0,29.5,223825
2018-10-26,29.5,29.5,29.5,28.85,29.25,576676
2018-10-29,28.65,28.65,29.5,28.5,29.5,329733
2018-10-30,28.5,28.5,28.6,27.9,28.55,811415
2018-10-31,29.45,29.45,29.45,28.85,28.85,219265
2018-11-01,29.8,29.8,29.85,29.2,29.5,167674
2018-11-02,29.9,29.9,29.9,29.7,29.7,101455
2018-11-05,29.55,29.55,29.9,29.4,29.9,140062
2018-11-06,29.6,29.6,29.9,29.5,29.5,109581
2018-11-07,29.95,29.95,29.95,29.55,29.6,172129
2018-11-08,30.4,30.4,30.5,29.8,29.95,292655
2018-11-09,30.5,30.5,30.55,30.2,30.35,171581
2018-11-12,30.8,30.8,31.05,30.0,30.0,255702
2018-11-13,30.3,30.3,30.6,30.3,30.5,136170
2018-11-14,30.1,30.1,30.55,30.1,30.3,66004
2018-11-15,30.1,30.1,30.2,29.95,30.0,247361
2018-11-16,30.0,30.0,30.55,29.9,30.55,423788
2018-11-19,30.4,30.4,30.55,30.0,30.0,161290
2018-11-20,30.35,30.35,30.4,30.05,30.4,94876
2018-11-21,30.25,30.25,30.3,30.05,30.05,80588
2018-11-22,30.0,30.0,30.25,30.0,30.25,149266
2018-11-23,30.0,30.0,30.15,29.95,30.0,266277
2018-11-26,30.5,30.5,30.8,30.05,30.1,232970
2018-11-27,30.3,30.3,30.5,30.1,30.5,64825
2018-11-28,30.5,30.5,30.5,29.55,30.3,320703
2018-11-29,30.25,30.25,30.55,30.0,30.55,226650
2018-11-30,28.6,28.6,30.5,28.6,30.25,1398790
2018-12-03,29.2,29.2,29.9,29.2,29.4,982580
2018-12-04,29.65,29.65,29.8,29.4,29.5,248352
2018-12-05,29.55,29.55,29.7,29.4,29.7,129543
2018-12-06,29.15,29.15,29.6,29.0,29.55,376930
2018-12-07,29.6,29.6,29.6,29.15,29.15,120790
2018-12-10,29.7,29.7,30.05,29.4,29.6,221367
2018-12-11,30.15,30.15,30.3,29.6,29.7,196334
2018-12-12,30.6,30.6,30.6,30.15,30.15,301756
2018-12-13,30.4,30.4,30.5,30.4,30.5,72476
2018-12-14,30.05,30.05,30.4,30.0,30.4,127314
2018-12-17,29.85,29.85,30.45,29.85,30.0,162096
2018-12-18,29.8,29.8,29.9,29.7,29.8,66161
2018-12-19,29.9,29.9,29.9,29.75,29.8,61276
2018-12-20,29.7,29.7,29.8,29.7,29.8,81384
2018-12-21,29.8,29.8,29.8,29.35,29.7,275510
2018-12-24,29.65,29.65,29.7,29.55,29.7,35306
2018-12-25,29.2,29.2,29.55,29.1,29.55,207028
2018-12-26,29.1,29.1,29.35,29.1,29.2,101081
2018-12-27,29.5,29.5,29.65,29.25,29.65,79257
2018-12-28,29.4,29.4,29.5,29.2,29.5,95362
2019-01-02,29.4,29.4,30.0,29.4,29.6,142439
2019-01-03,29.4,29.4,29.4,29.3,29.4,76203
2019-01-04,29.2,29.2,29.4,29.05,29.4,118110
2019-01-07,29.5,29.5,29.5,29.25,29.25,63481
2019-01-08,29.85,29.85,30.5,29.4,29.6,237092
2019-01-09,30.4,30.4,30.5,29.9,29.9,343674
2019-01-10,30.35,30.35,30.5,30.35,30.5,346916
2019-01-11,30.45,30.45,30.6,30.35,30.35,172152
2019-01-14,30.4,30.4,30.55,30.4,30.45,128584
2019-01-15,30.6,30.6,30.7,30.4,30.4,150593
2019-01-16,30.6,30.6,31.0,30.5,30.5,288547
2019-01-17,30.9,30.9,31.0,30.75,30.9,167358
2019-01-18,30.95,30.95,31.0,30.9,31.0,122364
2019-01-21,30.95,30.95,30.95,30.9,30.95,66248
2019-01-22,30.95,30.95,31.0,30.7,31.0,64412
2019-01-23,30.65,30.65,30.9,30.6,30.9,79598
2019-01-24,31.05,31.05,31.1,30.65,30.65,246033
2019-01-25,31.0,31.0,31.15,30.95,31.1,141526
2019-01-28,31.0,31.0,31.15,30.9,31.0,125879
2019-01-29,31.0,31.0,31.0,30.8,31.0,158640
2019-01-30,31.15,31.15,31.15,30.9,31.0,127503
2019-02-11,31.8,31.8,32.05,31.2,31.2,382600
2019-02-12,32.0,32.0,32.15,31.75,31.8,261603
2019-02-13,32.0,32.0,32.15,31.85,32.15,180609
2019-02-14,31.7,31.7,32.0,31.25,32.0,155688
2019-02-15,31.5,31.5,31.7,31.15,31.6,199321
2019-02-18,31.45,31.45,31.5,31.3,31.5,114230
2019-02-19,31.95,31.95,31.95,31.25,31.5,87857
2019-02-20,32.3,32.3,32.3,31.95,32.0,179421
2019-02-21,32.05,32.05,32.5,32.0,32.5,167192
2019-02-22,31.95,31.95,32.2,31.8,31.95,71541
2019-02-25,31.8,31.8,32.0,31.8,32.0,147964
2019-02-26,31.4,31.4,31.75,31.2,31.75,295261
2019-02-27,30.95,30.95,31.4,30.9,31.4,368462
2019-03-04,31.15,31.15,31.2,30.9,31.0,238112
2019-03-05,31.35,31.35,31.35,30.95,31.1,161157
2019-03-06,31.1,31.1,31.5,31.05,31.5,190075
2019-03-07,31.25,31.25,31.25,31.1,31.1,112566
2019-03-08,31.35,31.35,31.6,30.7,31.25,179571
2019-03-11,31.35,31.35,31.5,31.2,31.45,267501
2019-03-12,31.15,31.15,31.55,31.15,31.55,274126
2019-03-13,31.0,31.0,31.25,30.8,31.15,170739
2019-03-14,31.0,31.0,31.1,30.8,31.1,190657
2019-03-15,30.85,30.85,31.3,30.8,31.3,240494
2019-03-18,30.9,30.9,31.0,30.8,30.95,234225
2019-03-19,30.5,30.5,31.0,30.4,31.0,589400
2019-03-20,30.7,30.7,30.9,30.5,30.55,292701
2019-03-21,30.4,30.4,30.7,30.25,30.7,680040
2019-03-22,30.45,30.45,30.55,30.4,30.5,123065
2019-03-25,30.5,30.5,30.7,30.3,30.45,196505
2019-03-26,30.75,30.75,30.8,30.5,30.5,174897
2019-03-27,30.75,30.75,30.8,30.55,30.75,123361
2019-03-28,30.75,30.75,30.9,30.55,30.8,149830
2019-03-29,30.75,30.75,30.9,30.7,30.9,264575
2019-04-01,31.05,31.05,31.15,30.9,30.9,395543
2019-04-02,31.35,31.35,31.4,31.05,31.05,386891
2019-04-03,31.7,31.7,31.8,31.4,31.5,393185
2019-04-08,32.0,32.0,32.15,31.7,31.8,411790
2019-04-09,32.2,32.2,32.3,31.85,32.0,380605
2019-04-10,32.2,32.2,32.2,31.85,32.2,362892
2019-04-11,31.95,31.95,32.1,31.95,32.1,200655
2019-04-12,31.4,31.4,31.9,31.35,31.9,360015
2019-04-15,30.9,30.9,31.4,30.75,31.4,539753
2019-04-16,31.2,31.2,31.25,30.75,30.9,273377
2019-04-17,32.0,32.0,32.1,31.1,31.35,489009
2019-04-18,31.35,31.35,32.1,31.3,32.0,359105
2019-04-19,31.4,31.4,31.65,31.3,31.55,139863
2019-04-22,31.5,31.5,31.7,31.4,31.4,112544
2019-04-23,31.45,31.45,31.5,31.2,31.5,81587
2019-04-24,31.3,31.3,31.45,31.25,31.45,215662
2019-04-25,31.35,31.35,31.5,31.3,31.3,143871
2019-04-26,31.3,31.3,31.45,31.25,31.35,131024
2019-04-29,31.25,31.25,31.35,31.05,31.35,194064
2019-04-30,31.45,31.45,31.45,31.2,31.4,279353
2019-05-02,31.5,31.5,31.6,31.3,31.45,217233
2019-05-03,31.7,31.7,31.75,31.45,31.5,181692
2019-05-06,31.4,31.4,31.7,31.3,31.7,230262
2019-05-07,31.25,31.25,31.4,31.25,31.3,108646
2019-05-08,31.75,31.75,31.75,31.2,31.2,264106
2019-05-09,31.45,31.45,31.85,31.4,31.85,247947
2019-05-10,31.55,31.55,31.7,31.3,31.7,214586
2019-05-13,31.25,31.25,31.45,31.25,31.35,186811
2019-05-14,31.8,31.8,31.95,30.8,31.15,397553
2019-05-15,31.8,31.8,31.95,31.5,31.9,96050
2019-05-16,31.5,31.5,32.0,31.5,31.8,173572
2019-05-17,31.3,31.3,31.6,31.3,31.6,162628
2019-05-20,31.75,31.75,31.8,31.35,31.35,189710
2019-05-21,31.95,31.95,32.0,31.75,31.75,395049
2019-05-22,32.4,32.4,32.65,32.1,32.1,559950
2019-05-23,32.0,32.0,32.4,31.9,32.4,300733
2019-05-24,32.2,32.2,32.3,31.85,31.85,161247
2019-05-27,32.7,32.7,32.75,32.2,32.2,524268
2019-05-28,32.5,32.5,33.15,32.5,32.8,1123162
2019-05-29,33.45,33.45,33.45,32.3,32.5,905422
2019-05-30,33.4,33.4,33.5,33.1,33.45,234768
2019-05-31,33.6,33.6,33.6,33.2,33.4,575261
2019-06-03,33.55,33.55,33.55,33.05,33.55,275535
2019-06-04,33.4,33.4,33.7,33.35,33.55,308145
2019-06-05,33.15,33.15,33.5,32.85,33.4,377603
2019-06-06,33.05,33.05,33.15,32.6,33.1,331000
2019-06-10,33.0,33.0,33.2,32.8,33.05,275513
2019-06-11,32.75,32.75,33.05,32.6,33.0,265605
2019-06-12,32.55,32.55,32.8,32.25,32.8,351444
2019-06-13,32.35,32.35,32.55,32.1,32.55,353731
2019-06-14,32.2,32.2,32.3,32.15,32.3,267248
2019-06-17,32.65,32.65,32.8,32.2,32.2,281736
2019-06-18,32.9,32.9,32.95,32.6,32.85,705932
2019-06-19,32.15,32.15,32.2,31.7,31.9,703324
2019-06-20,32.2,32.2,32.2,31.9,32.15,310939
2019-06-21,32.4,32.4,32.4,31.95,32.2,373573
2019-06-24,32.5,32.5,32.8,32.4,32.6,339444
2019-06-25,32.15,32.15,32.65,32.15,32.65,194105
2019-06-26,32.1,32.1,32.35,31.9,32.15,242987
2019-06-27,32.1,32.1,32.2,32.05,32.1,231794
2019-06-28,32.15,32.15,32.3,32.1,32.1,243621
2019-07-01,32.3,32.3,32.3,32.1,32.2,214765
2019-07-02,32.5,32.5,32.5,32.15,32.3,276261
2019-07-03,32.45,32.45,32.5,32.3,32.5,152522
2019-07-04,32.6,32.6,32.65,32.35,32.45,244976
2019-07-05,32.75,32.75,32.75,32.6,32.65,183830
2019-07-08,32.55,32.55,32.8,32.5,32.7,263903
2019-07-09,33.1,33.1,33.1,32.55,32.6,430988
2019-07-10,33.2,33.2,33.25,32.9,33.2,367672
2019-07-11,33.0,33.0,33.4,32.8,33.4,260897
2019-07-12,32.75,32.75,33.0,32.65,33.0,252765
2019-07-15,32.4,32.4,32.8,32.25,32.75,336552
2019-07-16,32.05,32.05,32.5,32.05,32.5,420218
2019-07-17,32.0,32.0,32.2,31.75,32.1,499821
2019-07-18,32.05,32.05,32.3,32.05,32.15,212915
2019-07-19,32.15,32.15,32.35,32.05,32.05,184932
2019-07-22,32.05,32.05,32.15,32.0,32.15,243331
2019-07-23,31.9,31.9,32.15,31.9,32.1,275312
2019-07-24,31.55,31.55,32.0,31.55,31.9,482466
2019-07-25,31.85,31.85,31.85,31.5,31.55,232820
2019-07-26,31.75,31.75,31.85,31.5,31.85,185804
2019-07-29,31.45,31.45,31.75,31.25,31.75,415815
2019-07-30,31.45,31.45,31.85,31.25,31.6,437342
2019-07-31,31.25,31.25,31.6,31.1,31.6,366841
2019-08-01,31.05,31.05,31.25,31.0,31.25,299928
2019-08-02,30.9,30.9,31.1,30.7,31.1,287534
2019-08-05,30.6,30.6,30.9,30.5,30.9,351200
2019-08-06,30.5,30.5,30.5,30.0,30.45,309982
2019-08-07,30.65,30.65,31.1,30.6,30.6,311402
2019-08-08,31.65,31.65,31.65,30.65,30.7,401913
2019-08-12,31.6,31.6,31.95,31.25,31.65,360066
2019-08-13,31.45,31.45,31.8,31.25,31.6,351173
2019-08-14,31.75,31.75,31.85,31.45,31.45,424832
2019-08-15,31.45,31.45,31.6,31.25,31.35,441075
2019-08-16,31.85,31.85,32.0,31.35,31.45,371072
2019-08-19,31.9,31.9,32.2,31.5,31.85,309687
2019-08-20,31.95,31.95,32.2,31.9,32.1,302211
2019-08-21,32.25,32.25,32.4,31.95,31.95,491799
2019-08-22,32.0,32.0,32.3,31.7,32.25,217949
2019-08-23,31.85,31.85,32.2,31.85,32.1,91410
2019-08-26,31.6,31.6,31.8,31.5,31.8,128556
2019-08-27,31.4,31.4,32.0,31.4,31.7,322583
2019-08-28,31.6,31.6,31.65,31.3,31.4,93675
2019-08-29,31.45,31.45,31.6,31.3,31.35,83273
2019-08-30,31.55,31.55,31.6,31.4,31.6,204377
2019-09-02,31.6,31.6,31.65,31.45,31.6,118693
2019-09-03,31.5,31.5,31.6,31.4,31.6,82690
2019-09-04,31.8,31.8,31.8,31.35,31.5,223342
2019-09-05,31.75,31.75,31.95,31.7,31.95,135094
2019-09-06,31.6,31.6,31.7,31.5,31.7,229030
2019-09-09,32.05,32.05,32.1,31.7,31.7,301565
2019-09-10,32.1,32.1,32.15,31.9,32.1,220254
2019-09-11,31.8,31.8,32.2,31.75,32.15,275517
2019-09-12,31.9,31.9,31.9,31.8,31.8,139303
2019-09-16,31.95,31.95,32.15,31.9,32.15,110532
2019-09-17,31.8,31.8,32.0,31.75,32.0,116026
2019-09-18,31.9,31.9,32.05,31.75,31.75,266790
2019-09-19,31.95,31.95,32.05,31.95,32.0,202522
2019-09-20,32.15,32.15,32.2,31.95,31.95,255853
2019-09-23,32.1,32.1,32.25,32.0,32.15,149012
2019-09-24,31.85,31.85,32.1,31.8,32.1,118265
2019-09-25,31.85,31.85,31.95,31.8,31.8,117004
2019-09-26,31.7,31.7,31.95,31.7,31.9,120107
2019-09-27,31.5,31.5,31.9,31.35,31.9,340395
2019-10-01,31.95,31.95,31.95,31.5,31.5,111823
2019-10-02,31.9,31.9,32.0,31.6,31.9,108998
2019-10-03,31.85,31.85,31.9,31.6,31.9,64842
2019-10-04,31.75,31.75,31.9,31.7,31.9,106177
2019-10-07,31.7,31.7,31.9,31.7,31.75,129917
2019-10-08,31.85,31.85,32.0,31.75,31.8,234697
2019-10-09,31.7,31.7,32.0,31.65,31.65,251468
2019-10-14,31.9,31.9,32.1,31.85,31.9,424037
2019-10-15,32.0,32.0,32.1,31.85,32.05,177588
2019-10-16,32.3,32.3,32.3,31.95,32.0,456617
2019-10-17,32.75,32.75,32.85,32.3,32.3,659204
2019-10-18,32.55,32.55,32.85,32.55,32.8,711696
2019-10-21,32.9,32.9,33.0,32.85,32.95,363230
2019-10-22,32.55,32.55,32.95,32.5,32.95,349708
2019-10-23,32.35,32.35,32.6,32.3,32.6,201327
2019-10-24,32.4,32.4,32.45,32.25,32.35,166868
2019-10-25,32.5,32.5,32.5,32.3,32.4,114532
2019-10-28,32.55,32.55,32.7,32.4,32.65,118742
2019-10-29,32.4,32.4,32.7,32.35,32.45,160405
2019-10-30,32.35,32.35,32.6,32.3,32.6,121390
2019-10-31,32.15,32.15,32.6,32.1,32.35,288981
2019-11-01,32.2,32.2,32.35,32.05,32.15,221123
2019-11-04,32.4,32.4,32.45,32.15,32.2,248894
2019-11-05,32.4,32.4,32.55,32.25,32.45,276654
2019-11-06,32.3,32.3,32.45,32.25,32.4,98566
2019-11-07,32.1,32.1,32.3,32.05,32.3,210172
2019-11-08,32.25,32.25,32.3,32.1,32.1,170558
2019-11-11,31.9,31.9,32.2,31.85,32.2,338957
2019-11-12,32.0,32.0,32.0,31.9,31.9,192664
2019-11-13,31.85,31.85,32.0,31.8,32.0,188223
2019-11-14,31.6,31.6,31.85,31.55,31.85,274268
2019-11-20,31.7,31.7,31.85,31.55,31.75,166260
2019-11-21,31.65,31.65,31.7,31.55,31.7,126493
2019-11-22,31.55,31.55,31.65,31.55,31.6,97530
2019-11-25,31.4,31.4,31.55,31.3,31.5,303262
2019-11-26,31.4,31.4,31.5,31.4,31.4,114547
2019-11-27,31.6,31.6,31.7,31.4,31.4,209904
2019-11-28,31.5,31.5,31.75,31.5,31.75,147245
2019-11-29,31.4,31.4,31.6,31.3,31.5,113110
2019-12-02,31.1,31.1,31.4,31.1,31.35,218475
2019-12-03,31.1,31.1,31.15,30.9,31.05,116884
2019-12-04,31.1,31.1,31.1,30.9,31.0,112599
2019-12-05,31.1,31.1,31.1,31.0,31.1,77363
2019-12-06,31.1,31.1,31.25,31.0,31.1,69769
2019-12-09,31.2,31.2,31.2,31.0,31.1,228417
2019-12-10,31.1,31.1,31.2,31.05,31.2,198632
2019-12-11,31.4,31.4,31.45,31.1,31.1,153640
2019-12-12,31.2,31.2,31.4,31.2,31.4,136072
2019-12-13,31.1,31.1,31.2,30.95,31.2,260100
2019-12-16,31.25,31.25,31.45,31.05,31.05,174812
2019-12-17,31.45,31.45,31.5,31.3,31.3,182809
2019-12-18,31.85,31.85,31.9,31.55,31.55,256733
2019-12-19,31.6,31.6,31.8,31.5,31.8,97103
2019-12-20,31.4,31.4,31.55,31.4,31.55,147254
2019-12-23,31.2,31.2,31.35,31.1,31.35,242689
2019-12-24,31.3,31.3,31.3,31.1,31.15,68516
2019-12-25,31.45,31.45,31.5,31.2,31.3,100469
2019-12-26,31.35,31.35,31.5,31.3,31.45,94796
2019-12-27,31.45,31.45,31.5,31.2,31.3,108720
2019-12-30,31.35,31.35,31.45,31.3,31.45,140564
2019-12-31,31.3,31.3,31.35,31.2,31.35,67329
2020-01-02,31.75,31.75,31.75,31.35,31.35,284725
2020-01-03,31.75,31.75,32.0,31.7,32.0,213275
2020-01-06,31.75,31.75,31.85,31.55,31.65,243536
2020-01-07,31.65,31.65,31.8,31.55,31.7,145547
2020-01-08,31.45,31.45,31.65,31.35,31.6,278030
2020-01-09,31.45,31.45,31.8,31.4,31.6,277548
2020-01-10,31.75,31.75,31.8,31.35,31.4,205782
2020-01-13,31.5,31.5,31.65,31.4,31.6,129292
2020-01-14,31.2,31.2,31.6,31.2,31.55,296738
2020-01-15,30.95,30.95,31.3,30.95,31.2,470257
2020-01-16,31.05,31.05,31.15,30.9,31.0,263635
2020-01-17,30.75,30.75,31.3,30.7,31.3,397955
2020-01-20,30.85,30.85,31.0,30.75,30.75,186012
2020-01-30,29.5,29.5,30.25,29.45,30.25,1064326
2020-01-31,29.8,29.8,29.85,29.5,29.55,349928
2020-02-03,29.15,29.15,29.45,28.8,29.45,424443
2020-02-04,29.5,29.5,29.5,29.15,29.15,288950
2020-02-05,29.25,29.25,29.4,29.05,29.4,202325
2020-02-06,29.3,29.3,29.5,29.2,29.5,323230
2020-02-07,29.1,29.1,29.35,29.1,29.3,372658
2020-02-10,29.35,29.35,29.45,28.8,29.05,281484
2020-02-11,29.75,29.75,29.9,29.05,29.05,180009
2020-02-12,29.9,29.9,30.05,29.6,29.7,211541
2020-02-13,29.7,29.7,30.0,29.55,29.9,184947
2020-02-14,29.6,29.6,29.7,29.5,29.7,79797
2020-02-17,29.35,29.35,29.6,29.25,29.5,271384
2020-02-18,29.2,29.2,29.3,29.0,29.3,328518
2020-02-19,29.4,29.4,29.5,29.2,29.2,121869
2020-02-20,29.35,29.35,29.5,29.3,29.4,140860
2020-02-21,29.35,29.35,29.45,29.3,29.35,93272
2020-02-24,29.1,29.1,29.35,29.0,29.35,193856
2020-02-25,29.0,29.0,29.1,28.9,29.0,221017
2020-02-26,28.9,28.9,29.0,28.85,29.0,264272
2020-02-27,28.9,28.9,28.9,28.55,28.9,695865
2020-03-02,28.05,28.05,28.6,28.05,28.6,1025591
2020-03-03,28.4,28.4,28.6,28.25,28.25,145465
2020-03-04,28.25,28.25,28.4,28.25,28.4,212904
2020-03-05,28.6,28.6,28.7,28.4,28.4,211603
2020-03-06,28.45,28.45,28.6,28.25,28.6,176051
2020-03-09,27.95,27.95,28.45,27.9,28.45,660590
2020-03-10,27.9,27.9,27.9,27.45,27.5,550906
2020-03-11,28.2,28.2,28.4,27.8,27.9,351774
2020-03-12,27.1,27.1,28.1,26.9,28.1,774678
2020-03-13,25.6,25.6,25.9,24.7,25.25,1442945
2020-03-16,25.6,25.6,25.9,25.1,25.65,660066
2020-03-17,25.0,25.0,25.45,24.9,25.0,777958
2020-03-18,24.15,24.15,25.0,24.1,25.0,614392
2020-03-19,21.85,21.85,23.7,21.8,23.5,1435232
2020-03-20,22.9,22.9,22.95,22.1,22.1,687019
2020-03-23,21.7,21.7,22.4,21.55,22.4,750499
2020-03-24,22.4,22.4,22.7,21.75,21.8,523608
2020-03-25,23.85,23.85,24.25,23.0,23.0,680066
2020-03-26,23.55,23.55,24.05,23.5,24.05,365484
2020-03-27,23.55,23.55,24.0,23.55,23.95,226586
2020-03-30,23.3,23.3,23.5,22.55,23.2,276294
2020-03-31,23.55,23.55,23.7,23.3,23.3,314424
2020-04-01,23.85,23.85,24.2,23.55,23.55,156283
2020-04-07,24.35,24.35,24.7,23.8,23.8,426936
2020-04-08,25.35,25.35,25.6,24.45,24.45,454081
2020-04-09,25.6,25.6,25.9,25.35,25.7,383497
2020-04-10,25.8,25.8,25.8,25.45,25.6,351595
2020-04-13,25.25,25.25,25.8,25.15,25.8,296919
2020-04-14,25.45,25.45,25.6,25.2,25.25,314819
2020-04-15,25.55,25.55,25.8,25.5,25.5,415061
2020-04-16,25.25,25.25,25.6,25.15,25.6,303302
2020-04-17,25.3,25.3,26.0,25.3,25.55,447741
2020-04-20,25.0,25.0,25.3,24.95,25.3,499951
2020-04-21,24.1,24.1,25.15,23.7,25.0,930571
2020-04-22,23.95,23.95,24.2,23.55,24.1,181764
2020-04-23,24.15,24.15,24.35,24.0,24.1,193584
2020-04-24,24.05,24.05,24.2,24.0,24.15,189197
2020-04-27,24.7,24.7,24.8,24.1,24.1,416867
2020-04-28,25.2,25.2,25.2,24.7,24.9,276956
2020-04-29,25.75,25.75,25.95,25.2,25.2,591707
2020-05-04,25.25,25.25,25.8,25.15,25.7,845232
2020-05-05,25.35,25.35,25.5,25.1,25.25,344583
2020-05-06,25.2,25.2,25.5,25.15,25.5,273220
2020-05-07,25.65,25.65,25.65,25.3,25.45,239560
2020-05-08,25.55,25.55,26.05,25.55,25.65,492632
2020-05-11,26.1,26.1,26.25,25.55,25.55,503580
2020-05-12,26.15,26.15,26.2,25.75,26.1,344244
2020-05-13,25.85,25.85,26.05,25.75,26.05,236702
2020-05-14,25.4,25.4,25.85,25.35,25.85,312340
2020-05-15,25.4,25.4,25.65,25.1,25.45,205690
2020-05-18,25.4,25.4,25.9,25.35,25.4,246773
2020-05-19,25.75,25.75,26.1,25.7,25.8,578510
2020-05-20,25.7,25.7,26.05,25.65,25.75,276013
2020-05-21,25.7,25.7,25.95,25.7,25.8,236854
2020-05-22,25.35,25.35,25.7,25.3,25.7,359764
2020-05-25,26.15,26.15,26.15,25.4,25.45,462492
2020-05-26,27.05,27.05,27.1,26.2,26.2,775876
2020-05-27,26.9,26.9,27.3,26.6,27.2,368680
2020-05-28,26.6,26.6,27.05,26.6,27.0,284175
2020-05-29,26.8,26.8,26.9,26.6,26.9,236901
2020-06-01,27.7,27.7,27.75,26.85,26.85,535072
2020-06-02,27.6,27.6,27.85,27.5,27.8,296706
2020-06-03,28.15,28.15,28.15,27.7,27.7,599416
2020-06-04,28.0,28.0,28.35,27.9,28.2,504035
2020-06-05,28.45,28.45,28.45,28.0,28.0,543792
2020-06-08,29.3,29.3,29.3,28.7,28.8,1417439
2020-06-09,28.15,28.15,28.4,27.75,28.25,1058846
2020-06-10,28.15,28.15,28.35,27.85,28.1,540836
2020-06-11,27.65,27.65,28.25,27.45,28.2,717027
2020-06-12,27.35,27.35,27.5,26.7,26.8,526551
2020-06-15,26.9,26.9,27.5,26.8,27.45,523648
2020-06-16,27.6,27.6,27.85,27.0,27.0,337037
2020-06-17,27.4,27.4,27.8,27.35,27.7,292215
2020-06-18,27.2,27.2,27.75,27.0,27.75,369815
2020-06-19,27.6,27.6,27.6,27.1,27.2,487961
2020-06-22,27.65,27.65,27.65,27.4,27.6,297939
2020-06-23,27.6,27.6,27.9,27.4,27.7,242806
2020-06-24,27.55,27.55,27.65,27.5,27.65,160632
2020-06-29,27.15,27.15,27.3,27.0,27.0,380764
2020-06-30,27.1,27.1,27.25,27.05,27.2,229914
2020-07-01,27.25,27.25,27.5,27.2,27.35,250660
2020-07-02,27.55,27.55,27.55,27.25,27.25,224486
2020-07-03,27.75,27.75,27.75,27.55,27.55,316359
2020-07-06,27.9,27.9,28.0,27.7,27.7,411253
2020-07-07,27.7,27.7,28.1,27.55,27.95,273143
2020-07-08,27.85,27.85,27.95,27.6,27.6,399309
2020-07-09,27.9,27.9,28.0,27.85,27.9,290843
2020-07-10,27.8,27.8,27.9,27.6,27.9,344355
2020-07-13,28.9,28.9,28.95,27.8,27.8,1134626
2020-07-14,29.1,29.1,29.25,28.75,28.9,853754
2020-07-15,28.75,28.75,29.15,28.45,29.1,434163
2020-07-16,28.8,28.8,29.05,28.45,28.6,521066
2020-07-17,28.65,28.65,28.8,28.6,28.8,158059
2020-07-20,28.5,28.5,28.55,28.2,28.45,172964
2020-07-21,28.95,28.95,29.05,28.35,28.4,428152
2020-07-22,28.9,28.9,28.95,28.65,28.95,163263
2020-07-23,28.85,28.85,28.9,28.8,28.85,174344
2020-07-24,28.5,28.5,29.0,28.4,28.7,508153
2020-07-27,28.7,28.7,29.0,28.45,28.45,566406
2020-07-28,28.15,28.15,29.0,28.0,28.8,593513
2020-07-29,28.25,28.25,28.9,28.0,28.15,444329
2020-07-30,28.55,28.55,28.75,28.25,28.25,202965
2020-07-31,28.8,28.8,28.95,28.05,28.05,381783
2020-08-03,28.5,28.5,28.8,28.45,28.75,345564
2020-08-04,29.95,29.95,29.95,28.6,28.6,1111624
2020-08-05,29.95,29.95,30.0,29.65,29.95,483973
2020-08-06,29.65,29.65,30.0,28.8,30.0,453883
2020-08-07,29.6,29.6,29.75,29.55,29.65,240846
2020-08-10,30.05,30.05,30.25,29.6,29.7,671425
2020-08-11,30.1,30.1,30.3,29.95,30.3,594819
2020-08-12,30.1,30.1,30.15,29.8,30.05,309064
2020-08-13,30.1,30.1,30.25,30.0,30.15,297404
2020-08-14,29.75,29.75,30.1,29.75,30.1,331874
2020-08-17,30.0,30.0,30.25,29.7,29.75,323650
2020-08-18,30.0,30.0,30.0,29.85,30.0,178508
2020-08-19,29.85,29.85,30.1,29.85,30.0,310947
2020-08-20,28.7,28.7,30.1,28.3,29.85,876454
2020-08-21,29.3,29.3,29.3,28.95,29.0,280475
2020-08-24,29.4,29.4,29.55,29.25,29.3,103155
2020-08-25,29.7,29.7,29.95,29.25,29.25,268319
2020-08-26,29.5,29.5,29.7,29.4,29.7,103660
2020-08-27,29.55,29.55,29.9,29.5,29.6,102293
2020-08-28,29.55,29.55,29.8,29.45,29.55,344404
2020-08-31,29.35,29.35,29.9,29.35,29.7,202969
2020-09-01,29.6,29.6,29.8,29.4,29.5,404661
2020-09-02,29.8,29.8,30.7,29.6,29.85,1245104
2020-09-03,29.55,29.55,29.95,29.45,29.95,289738
2020-09-04,29.35,29.35,29.45,29.1,29.2,321676
2020-09-07,29.35,29.35,29.7,29.3,29.3,282860
2020-09-08,29.55,29.55,29.65,29.45,29.5,314318
2020-09-09,29.65,29.65,29.65,29.2,29.45,247726
2020-09-10,29.75,29.75,29.9,29.55,29.65,222970
2020-09-11,29.5,29.5,29.95,29.5,29.75,370518
2020-09-14,29.5,29.5,29.6,29.35,29.55,231354
2020-09-15,29.7,29.7,29.7,29.45,29.7,139532
2020-09-16,29.9,29.9,30.05,29.65,29.7,484734
2020-09-17,29.8,29.8,29.9,29.7,29.9,129659
2020-09-18,29.85,29.85,29.95,29.65,29.9,226001
2020-09-21,29.85,29.85,29.95,29.7,29.8,162070
2020-09-22,29.55,29.55,29.7,29.25,29.7,144179
2020-09-23,29.45,29.45,29.55,29.1,29.55,365482
2020-09-24,28.4,28.4,29.2,28.35,29.2,616903
2020-09-25,28.2,28.2,28.6,28.05,28.3,255281
2020-09-28,28.55,28.55,28.55,28.2,28.25,135849
2020-09-29,28.65,28.65,28.65,28.55,28.55,283112
2020-09-30,28.5,28.5,28.7,28.5,28.6,107950
2020-10-05,29.3,29.3,29.35,28.5,28.5,388739
2020-10-06,29.9,29.9,29.9,29.15,29.3,469431
2020-10-07,29.95,29.95,30.0,29.6,29.75,322060
2020-10-08,30.1,30.1,30.1,29.65,29.95,612165
2020-10-12,29.85,29.85,30.05,29.8,30.05,409424
2020-10-13,29.75,29.75,30.0,29.45,30.0,279965
2020-10-14,29.2,29.2,29.6,29.15,29.5,373462
2020-10-15,28.8,28.8,29.25,28.8,29.25,440136
2020-10-16,28.4,28.4,28.75,28.4,28.6,511294
2020-10-19,28.85,28.85,29.35,28.4,28.5,771233
2020-10-20,29.0,29.0,29.2,28.9,28.9,152500
2020-10-21,28.85,28.85,29.2,28.7,29.0,179637
2020-10-22,28.5,28.5,29.0,28.5,29.0,233012
2020-10-23,28.65,28.65,28.95,28.65,28.75,180600
2020-10-26,29.0,29.0,29.0,28.65,28.8,98011
2020-10-27,28.95,28.95,29.0,28.7,28.9,365346
2020-10-28,28.75,28.75,28.95,28.6,28.95,219956
2020-10-29,29.05,29.05,29.15,28.55,28.55,437456
2020-10-30,28.6,28.6,28.95,28.6,28.8,173862
2020-11-02,28.6,28.6,28.7,28.5,28.5,152989
2020-11-03,28.6,28.6,29.0,28.6,28.65,214481
2020-11-04,28.85,28.85,28.9,28.6,28.7,115945
2020-11-05,28.95,28.95,29.1,28.8,29.0,125480
2020-11-06,28.85,28.85,29.0,28.8,28.95,104185
2020-11-09,29.05,29.05,29.3,29.0,29.1,255537
2020-11-10,29.5,29.5,29.6,29.2,29.35,489462
2020-11-11,29.95,29.95,30.1,29.55,29.55,654088
2020-11-12,29.55,29.55,29.75,29.4,29.75,165510
2020-11-13,29.6,29.6,29.7,29.55,29.65,118333
2020-11-16,29.45,29.45,29.65,29.25,29.6,330925
2020-11-17,29.55,29.55,29.65,29.4,29.45,266290
2020-11-18,29.8,29.8,29.8,29.5,29.6,255874
2020-11-19,29.8,29.8,30.2,29.55,29.95,315185
2020-11-20,29.7,29.7,29.9,29.6,29.8,164087
2020-11-23,29.75,29.75,29.9,29.7,29.9,325848
2020-11-24,29.7,29.7,29.85,29.6,29.75,128034
2020-11-25,29.7,29.7,29.9,29.6,29.7,324372
2020-11-26,29.85,29.85,29.9,29.65,29.7,298997
2020-11-27,29.75,29.75,29.9,29.65,29.7,190341
2020-11-30,30.6,30.6,30.6,29.7,29.75,911756
2020-12-01,30.05,30.05,30.35,29.9,30.35,507547
2020-12-02,29.95,29.95,30.15,29.75,30.05,455596
2020-12-04,29.95,29.95,30.05,29.8,29.85,303680
2020-12-07,29.95,29.95,29.95,29.8,29.95,221445
2020-12-08,29.25,29.25,29.7,29.15,29.65,680140
2020-12-09,29.0,29.0,29.35,29.0,29.15,704802
2020-12-10,29.35,29.35,29.4,29.0,29.05,383428
2020-12-11,29.05,29.05,29.4,28.85,29.25,490000
2020-12-14,29.0,29.0,29.25,28.8,29.0,382077
2020-12-15,28.85,28.85,29.0,28.8,29.0,271645
2020-12-16,29.55,29.55,29.6,28.85,28.85,430906
2020-12-17,29.3,29.3,29.5,29.1,29.5,93771
2020-12-18,29.3,29.3,29.4,29.25,29.3,190796
2020-12-21,29.15,29.15,29.35,29.0,29.3,184286
2020-12-22,28.65,28.65,29.1,28.65,29.1,425216
2020-12-23,28.85,28.85,29.0,28.65,28.65,107307
2020-12-24,28.9,28.9,28.95,28.85,28.85,107223
2020-12-25,28.85,28.85,29.0,28.65,29.0,222703
2020-12-28,28.9,28.9,28.95,28.7,28.95,319775
2020-12-29,28.85,28.85,29.0,28.8,29.0,209376
2020-12-30,29.05,29.05,29.25,28.85,28.85,356250
2020-12-31,29.1,29.1,29.2,29.05,29.05,173072
2021-01-04,29.1,29.1,29.3,28.95,29.0,361578
2021-01-05,28.85,28.85,29.05,28.8,29.05,284336
2021-01-06,28.65,28.65,28.85,28.6,28.85,414668
2021-01-07,28.85,28.85,28.85,28.7,28.7,197913
2021-01-08,28.8,28.8,29.0,28.8,28.85,390396
2021-01-11,28.95,28.95,28.95,28.75,28.8,362830
2021-01-12,28.85,28.85,28.95,28.85,28.9,242526
2021-01-13,29.1,29.1,29.2,28.75,28.75,645616
2021-01-14,29.05,29.05,29.05,28.85,29.05,148909
2021-01-15,28.8,28.8,28.9,28.7,28.9,399970
2021-01-18,28.55,28.55,28.8,28.45,28.8,330876
2021-01-19,28.55,28.55,28.7,28.3,28.55,331715
2021-01-20,28.0,28.0,28.35,28.0,28.3,942059
2021-01-21,28.05,28.05,28.2,27.95,28.1,387142
2021-01-22,27.9,27.9,28.45,27.8,28.45,398602
2021-01-25,27.85,27.85,27.9,27.6,27.9,382773
2021-01-26,27.35,27.35,27.85,27.35,27.85,647837
2021-01-27,27.9,27.9,27.95,27.5,27.65,243116
2021-01-28,27.7,27.7,28.0,27.4,28.0,261760
2021-01-29,27.35,27.35,27.6,27.3,27.6,409485
2021-02-01,27.45,27.45,27.6,27.35,27.5,190800
2021-02-02,27.7,27.7,27.8,27.2,27.35,242483
2021-02-03,27.75,27.75,27.8,27.5,27.75,171340
2021-02-04,27.75,27.75,27.9,27.5,27.5,203574
2021-02-05,27.8,27.8,28.1,27.5,27.75,277044
2021-02-17,28.25,28.25,28.25,27.8,28.0,620341
2021-02-18,28.65,28.65,28.8,28.2,28.25,422672
2021-02-19,28.6,28.6,28.65,28.35,28.65,362839
2021-02-22,28.8,28.8,28.9,28.6,28.6,231077
2021-02-23,28.9,28.9,29.15,28.7,28.8,543607
2021-02-24,28.65,28.65,29.0,28.55,28.9,473363
2021-02-25,28.7,28.7,28.75,28.55,28.7,202835
2021-02-26,29.0,29.0,29.35,28.7,28.8,1369868
2021-03-02,29.55,29.55,29.55,29.15,29.15,1073429
2021-03-03,30.05,30.05,30.25,29.6,29.6,1254837
2021-03-04,29.9,29.9,30.05,29.5,30.0,673414
2021-03-05,29.95,29.95,30.0,29.6,29.7,267586
2021-03-08,29.8,29.8,30.15,29.75,30.0,499417
2021-03-09,29.95,29.95,30.05,29.75,29.8,513746
2021-03-10,30.05,30.05,30.25,29.95,29.95,426993
2021-03-11,30.0,30.0,30.2,29.9,30.1,418293
2021-03-12,29.9,29.9,30.0,29.5,30.0,395162
2021-03-15,29.8,29.8,30.0,29.7,29.9,347949
2021-03-16,29.9,29.9,29.9,29.5,29.8,704949
2021-03-17,29.9,29.9,29.9,29.75,29.9,343528
2021-03-18,29.85,29.85,29.95,29.8,29.85,404573
2021-03-19,28.75,28.75,29.8,28.75,29.8,2711859
2021-03-22,29.05,29.05,29.1,28.8,28.85,1565830
2021-03-23,29.2,29.2,29.35,29.1,29.35,410760
2021-03-24,29.3,29.3,29.4,29.2,29.2,331857
2021-03-25,29.4,29.4,29.5,29.2,29.3,341893
2021-03-26,29.65,29.65,29.65,29.4,29.4,281449
2021-03-29,29.45,29.45,29.65,29.45,29.65,484266
2021-03-30,29.6,29.6,29.6,29.45,29.5,594127
2021-03-31,29.55,29.55,29.6,29.5,29.6,424619
2021-04-01,29.45,29.45,29.7,29.4,29.6,579627
2021-04-06,29.45,29.45,29.6,29.35,29.45,868833
2021-04-07,29.85,29.85,29.9,29.4,29.45,553858
2021-04-08,30.45,30.45,30.6,29.75,29.85,1518096
2021-04-09,30.15,30.15,30.55,30.05,30.45,623978
2021-04-12,30.35,30.35,30.4,30.15,30.4,892506
2021-04-13,30.2,30.2,30.55,30.2,30.2,650305
2021-04-14,29.95,29.95,30.25,29.8,30.1,530476
2021-04-15,30.25,30.25,30.4,29.95,29.95,311172
2021-04-16,30.35,30.35,30.35,30.15,30.2,301014
2021-04-19,30.95,30.95,30.95,30.25,30.45,1328055
2021-04-20,31.5,31.5,32.1,31.0,31.0,1853986
2021-04-21,31.5,31.5,31.85,31.05,31.3,616101
2021-04-22,31.2,31.2,32.0,31.15,31.6,1106335
2021-04-23,31.5,31.5,31.85,31.2,31.2,664086
2021-04-26,33.45,33.45,33.45,31.95,32.0,4474845
2021-04-27,34.8,34.8,34.95,33.25,33.55,3842007
2021-04-28,34.25,34.25,34.9,33.9,34.9,1650685
2021-04-29,33.6,33.6,34.5,33.5,34.3,1496806
2021-05-03,32.3,32.3,33.6,32.1,33.6,1816497
2021-05-04,31.55,31.55,32.45,31.4,32.3,1685086
2021-05-05,31.8,31.8,32.1,31.35,31.4,770513
2021-05-06,32.1,32.1,32.45,31.8,31.8,797560
2021-05-07,33.0,33.0,33.1,32.2,32.2,1030400
2021-05-10,33.15,33.15,33.2,32.75,33.0,785531
2021-05-11,32.3,32.3,33.15,32.1,33.15,1154301
2021-05-12,31.4,31.4,32.6,30.65,32.3,3749124
2021-05-13,30.55,30.55,31.8,29.95,30.7,1597329
2021-05-14,31.65,31.65,31.75,30.75,30.75,994250
2021-05-17,29.2,29.2,30.3,29.0,30.3,3129626
2021-05-18,30.6,30.6,30.6,29.2,29.2,1067149
2021-05-19,30.05,30.05,30.65,29.8,30.6,512717
2021-05-20,30.05,30.05,30.3,29.7,30.0,771671
2021-05-21,30.3,30.3,30.45,29.95,30.2,430341
2021-05-24,30.1,30.1,30.3,29.9,30.15,827950
2021-05-25,30.0,30.0,30.25,30.0,30.15,741948
2021-05-26,30.55,30.55,30.65,30.05,30.1,408820
2021-05-27,30.4,30.4,30.55,30.1,30.55,669315
2021-05-28,30.5,30.5,30.55,30.2,30.4,553431
2021-05-31,31.0,31.0,31.35,30.5,30.55,923892
2021-06-01,31.5,31.5,31.5,31.0,31.0,557706
2021-06-02,31.95,31.95,32.0,31.6,31.65,819137
2021-06-03,31.7,31.7,31.95,31.6,31.95,387258
2021-06-04,31.35,31.35,31.7,31.3,31.65,506009
2021-06-07,31.25,31.25,31.5,30.8,31.4,1101526
2021-06-08,31.45,31.45,31.5,31.3,31.4,989736
2021-06-09,31.4,31.4,31.65,31.3,31.35,2008794
2021-06-10,29.8,29.8,30.05,29.45,29.75,2813575
2021-06-11,29.6,29.6,29.9,29.4,29.65,950902
2021-06-15,29.3,29.3,29.6,28.95,29.55,927794
2021-06-16,29.75,29.75,30.15,29.3,29.5,1025423
2021-06-17,30.65,30.65,31.0,29.6,29.75,1341648
2021-06-18,30.3,30.3,30.75,30.15,30.45,702632
2021-06-21,30.2,30.2,30.5,29.85,30.3,681351
2021-06-22,30.1,30.1,30.6,29.95,30.2,509950
2021-06-23,30.45,30.45,30.85,29.95,30.05,687890
2021-06-24,30.6,30.6,30.65,30.45,30.45,245398
2021-06-25,30.2,30.2,30.65,30.15,30.65,383860
2021-06-28,30.0,30.0,30.2,29.95,30.2,310657
2021-06-29,29.65,29.65,30.0,29.5,30.0,517414
2021-06-30,29.6,29.6,29.8,29.55,29.7,394988
2021-07-01,29.35,29.35,29.9,29.3,29.9,533211
2021-07-02,29.65,29.65,29.8,29.4,29.6,282295
2021-07-05,29.75,29.75,30.0,29.75,29.75,369053
2021-07-06,29.8,29.8,29.85,29.7,29.75,168854
2021-07-07,29.75,29.75,29.95,29.7,29.8,292341
2021-07-08,30.45,30.45,30.55,29.75,29.75,748952
2021-07-09,30.4,30.4,30.7,30.15,30.4,731114
2021-07-12,30.6,30.6,30.75,30.45,30.45,799846
2021-07-13,31.05,31.05,31.4,30.65,30.7,1017568
2021-07-14,30.9,30.9,31.1,30.6,31.1,652749
2021-07-15,30.85,30.85,30.95,30.7,30.9,239709
2021-07-16,30.75,30.75,30.85,30.6,30.85,155175
2021-07-19,30.7,30.7,30.85,30.6,30.6,293361
2021-07-20,30.2,30.2,30.6,30.1,30.5,374733
2021-07-21,30.45,30.45,30.7,30.0,30.4,388325
2021-07-22,30.4,30.4,30.65,30.3,30.45,262126
2021-07-23,30.55,30.55,30.75,30.4,30.4,255364
2021-07-26,30.3,30.3,30.75,30.3,30.55,286257
2021-07-27,30.35,30.35,30.55,30.3,30.3,194960
2021-07-28,30.3,30.3,30.55,30.15,30.5,369496
2021-07-29,30.25,30.25,30.45,30.2,30.2,93547
2021-07-30,30.25,30.25,30.5,30.15,30.25,175282
2021-08-02,30.5,30.5,30.6,30.15,30.45,355578
2021-08-03,30.8,30.8,31.0,30.55,30.6,395284
2021-08-04,31.15,31.15,31.35,30.7,30.8,376729
2021-08-05,31.0,31.0,31.15,30.85,31.15,142734
2021-08-06,30.7,30.7,31.0,30.6,31.0,251688
2021-08-09,30.95,30.95,31.1,30.45,30.7,401715
2021-08-10,31.0,31.0,31.1,30.7,30.7,310720
2021-08-11,31.15,31.15,31.4,30.85,30.95,1048494
2021-08-12,31.35,31.35,31.5,31.1,31.15,430110
2021-08-13,30.85,30.85,31.35,30.85,31.35,326739
2021-08-16,30.45,30.45,30.8,30.25,30.8,409002
2021-08-17,30.2,30.2,30.6,30.1,30.6,262030
2021-08-18,30.45,30.45,30.45,30.0,30.2,207682
2021-08-19,29.85,29.85,30.45,29.75,30.45,581140
2021-08-20,29.6,29.6,30.1,29.5,30.05,516705
2021-08-23,30.2,30.2,30.25,29.9,29.9,171559
2021-08-24,30.6,30.6,30.65,30.25,30.5,364316
2021-08-25,30.6,30.6,30.7,30.45,30.6,125507
2021-08-26,30.25,30.25,30.8,30.2,30.8,242352
2021-08-27,30.6,30.6,30.65,30.25,30.25,183417
2021-08-30,30.9,30.9,30.9,30.6,30.6,350027
2021-08-31,31.15,31.15,31.2,30.65,30.75,317018
2021-09-01,31.3,31.3,31.3,30.9,31.1,341455
2021-09-02,31.15,31.15,31.35,31.15,31.3,279601
2021-09-03,31.4,31.4,31.45,31.15,31.15,411802
2021-09-06,31.1,31.1,31.4,30.95,31.4,193242
2021-09-07,30.8,30.8,31.1,30.75,31.1,163093
2021-09-08,30.35,30.35,30.95,30.3,30.8,380832
2021-09-09,30.5,30.5,30.95,30.3,30.3,326091
2021-09-10,31.0,31.0,31.0,30.6,30.7,242144
2021-09-13,31.4,31.4,31.5,31.1,31.1,614860
2021-09-14,31.55,31.55,31.8,31.35,31.4,684770
2021-09-15,30.9,30.9,31.6,30.85,31.6,455125
2021-09-16,30.85,30.85,31.2,30.7,31.2,230780
2021-09-17,31.35,31.35,31.35,30.75,30.85,204558
2021-09-22,30.45,30.45,30.85,30.4,30.8,665618
2021-09-23,30.8,30.8,30.9,30.6,30.6,231842
2021-09-24,31.0,31.0,31.2,30.75,30.95,235277
2021-09-27,31.05,31.05,31.2,30.8,31.0,453605
2021-09-28,31.5,31.5,31.5,30.95,31.05,601598
2021-09-29,31.1,31.1,31.5,31.1,31.35,595938
2021-09-30,31.2,31.2,31.3,31.05,31.15,246485
2021-10-01,30.8,30.8,31.2,30.65,31.15,505874
2021-10-04,31.0,31.0,31.2,30.8,30.8,460148
2021-10-05,31.2,31.2,31.25,30.7,30.8,440359
2021-10-06,31.3,31.3,31.35,31.05,31.3,459947
2021-10-07,31.45,31.45,31.8,31.35,31.4,1176800
2021-10-08,31.75,31.75,31.8,31.45,31.55,594301
2021-10-12,33.55,33.55,33.6,31.55,31.7,3117264
2021-10-13,33.3,33.3,33.85,32.75,33.8,1546454
2021-10-14,32.75,32.75,33.75,32.65,33.3,963008
2021-10-15,33.35,33.35,33.45,32.8,33.0,854947
2021-10-18,34.05,34.05,34.3,33.3,33.35,1394493
2021-10-19,34.0,34.0,34.55,33.45,34.35,925113
2021-10-20,33.15,33.15,33.95,33.05,33.95,1003540
2021-10-21,35.0,35.0,35.0,33.15,33.25,4008000
2021-10-22,34.5,34.5,34.85,34.1,34.85,921089
2021-10-25,34.45,34.45,34.6,34.05,34.5,430136
2021-10-26,33.95,33.95,34.6,33.8,34.6,1136165
2021-10-27,33.8,33.8,34.0,33.5,33.95,871337
2021-10-28,33.5,33.5,33.65,33.1,33.65,389159
2021-10-29,33.3,33.3,33.55,33.1,33.5,360692
2021-11-01,33.35,33.35,33.55,33.2,33.35,445215
2021-11-02,32.7,32.7,33.45,32.6,33.3,870728
2021-11-03,33.0,33.0,33.1,32.6,32.7,424711
2021-11-04,32.85,32.85,33.75,32.85,33.3,423351
2021-11-05,32.35,32.35,32.85,32.25,32.8,723249
2021-11-08,32.95,32.95,33.15,32.2,32.3,480681
2021-11-09,32.8,32.8,32.9,32.6,32.85,276450
2021-11-10,33.2,33.2,33.45,32.7,32.7,564495
2021-11-11,33.35,33.35,33.5,33.1,33.2,235711
2021-11-12,33.4,33.4,33.45,33.05,33.35,317519
2021-11-15,33.7,33.7,33.9,33.4,33.4,465016
2021-11-16,33.65,33.65,34.0,33.5,34.0,367809
2021-11-17,33.6,33.6,33.75,33.3,33.6,368719
2021-11-18,33.65,33.65,33.85,33.45,33.6,241353
2021-11-19,33.55,33.55,33.65,33.5,33.65,284241
2021-11-22,33.85,33.85,33.95,33.55,33.55,428940
2021-11-23,33.5,33.5,33.75,33.4,33.75,289123
2021-11-24,33.65,33.65,33.7,33.35,33.45,162424
2021-11-25,33.65,33.65,33.65,33.55,33.65,105767
2021-11-26,33.3,33.3,33.6,33.0,33.6,812538
2021-11-29,33.3,33.3,33.35,32.55,33.0,526485
2021-11-30,32.5,32.5,33.4,32.5,33.3,519239
2021-12-01,33.05,33.05,33.15,32.55,32.55,289168
2021-12-02,32.9,32.9,33.1,32.85,33.05,125783
2021-12-03,32.95,32.95,33.1,32.85,33.0,158838
2021-12-06,32.85,32.85,32.95,32.7,32.9,222383
2021-12-07,32.85,32.85,33.0,32.75,32.75,209840
2021-12-08,33.1,33.1,33.15,32.8,32.95,355630
2021-12-09,33.2,33.2,33.25,33.1,33.1,224598
2021-12-10,33.25,33.25,33.25,33.15,33.2,176128
2021-12-13,33.55,33.55,33.65,33.1,33.2,519733
2021-12-14,33.6,33.6,34.3,33.55,33.95,1045853
2021-12-15,34.0,34.0,34.0,33.6,33.6,701145
2021-12-16,35.4,35.4,35.45,34.0,34.0,2769479
2021-12-17,36.6,36.6,37.2,35.2,35.4,4594348
2021-12-20,36.95,36.95,37.05,35.8,36.75,2209455
2021-12-21,36.4,36.4,37.7,36.05,37.0,1755924
2021-12-22,35.75,35.75,36.65,35.6,36.4,1282885
2021-12-23,36.6,36.6,36.75,36.0,36.1,1173124
2021-12-24,36.2,36.2,37.0,36.05,37.0,529671
2021-12-27,35.55,35.55,36.15,35.35,36.0,768942
2021-12-28,35.15,35.15,35.8,35.05,35.8,628136
2021-12-29,35.25,35.25,35.55,35.15,35.15,330672
2021-12-30,35.05,35.05,35.35,34.95,35.35,465927
2022-01-03,34.5,34.5,35.05,34.15,35.05,1174403
2022-01-04,34.4,34.4,34.8,34.2,34.8,374071
2022-01-05,34.8,34.8,34.8,34.3,34.3,524330
2022-01-06,34.6,34.6,34.7,34.45,34.6,372644
2022-01-07,34.5,34.5,34.8,34.25,34.65,446376
2022-01-10,34.6,34.6,34.75,34.3,34.45,275761
2022-01-11,35.45,35.45,35.8,34.7,34.7,955273
2022-01-12,35.65,35.65,36.25,35.55,35.75,975870
2022-01-13,35.35,35.35,35.7,35.35,35.65,316996
2022-01-14,34.7,34.7,35.3,34.6,35.15,738583
2022-01-17,34.45,34.45,34.75,34.25,34.75,264235
2022-01-18,34.5,34.5,34.7,34.45,34.45,273312
2022-01-19,34.4,34.4,34.5,34.25,34.35,468027
2022-01-20,34.75,34.75,34.75,34.2,34.4,492948
2022-01-21,34.5,34.5,34.65,34.4,34.5,468799
2022-01-24,34.5,34.5,34.5,34.15,34.25,386580
2022-01-25,34.0,34.0,34.4,33.75,34.2,643020
2022-01-26,34.4,34.4,34.45,33.7,33.9,313060
2022-02-07,34.9,34.9,34.9,34.15,34.35,488444
2022-02-08,34.8,34.8,34.85,34.5,34.85,216015
2022-02-09,35.5,35.5,35.5,34.65,34.7,604306
2022-02-10,35.2,35.2,35.5,35.1,35.45,362576
2022-02-11,35.1,35.1,35.4,34.8,35.15,333903
2022-02-14,34.5,34.5,34.8,34.4,34.8,335502
2022-02-15,34.45,34.45,34.6,34.35,34.5,232351
2022-02-16,34.75,34.75,35.0,34.5,34.5,292114
2022-02-17,34.8,34.8,35.05,34.7,34.7,283666
2022-02-18,34.65,34.65,34.8,34.5,34.75,298417
2022-02-21,34.95,34.95,34.95,34.5,34.5,257669
2022-02-22,34.5,34.5,34.95,34.25,34.9,485184
2022-02-23,34.75,34.75,34.9,34.55,34.55,165346
2022-02-24,33.9,33.9,34.5,33.85,34.45,701846
2022-02-25,33.9,33.9,34.1,33.85,33.95,287929
2022-03-01,35.2,35.2,36.4,35.0,35.9,1900341
2022-03-02,35.45,35.45,35.6,34.9,35.25,727622
2022-03-03,35.2,35.2,35.7,35.2,35.45,555057
2022-03-04,35.05,35.05,35.2,35.0,35.15,559837
2022-03-07,34.9,34.9,34.95,34.5,34.9,691545
2022-03-08,34.75,34.75,35.25,34.6,34.8,668859
2022-03-09,35.2,35.2,35.25,34.7,34.85,540031
2022-03-10,35.55,35.55,35.75,35.1,35.1,597734
2022-03-11,35.45,35.45,35.7,35.35,35.35,329052
2022-03-14,35.85,35.85,35.9,35.5,35.5,508881
2022-03-15,35.5,35.5,35.85,35.4,35.85,395735
2022-03-16,35.4,35.4,35.6,35.2,35.6,434740
2022-03-17,35.8,35.8,35.95,35.45,35.5,595273
2022-03-18,35.8,35.8,35.85,35.7,35.8,309175
2022-03-21,35.95,35.95,36.15,35.85,35.9,281996
2022-03-22,35.8,35.8,35.95,35.7,35.95,154254
2022-03-23,36.7,36.7,36.8,36.0,36.0,1067726
2022-03-24,36.8,36.8,37.15,36.55,36.6,687744
2022-03-25,36.95,36.95,36.95,36.55,36.75,741723
2022-03-28,36.85,36.85,37.0,36.5,36.75,660290
2022-03-29,36.9,36.9,37.0,36.8,36.95,233377
2022-03-30,36.85,36.85,37.0,36.55,36.95,438870
2022-03-31,36.95,36.95,36.95,36.8,36.9,263037
2022-04-01,36.7,36.7,36.95,36.7,36.95,340660
2022-04-06,36.7,36.7,36.7,36.25,36.6,521786
2022-04-07,36.35,36.35,36.8,36.3,36.65,462041
2022-04-08,36.8,36.8,36.9,36.4,36.5,554768
2022-04-11,36.05,36.05,36.9,36.05,36.85,566650
2022-04-12,36.1,36.1,36.4,35.85,36.0,322015
2022-04-13,36.35,36.35,36.4,36.05,36.05,203780
2022-04-14,35.85,35.85,36.45,35.85,36.45,202760
2022-04-15,35.5,35.5,35.85,35.5,35.85,282069
2022-04-18,35.5,35.5,35.6,35.2,35.5,304090
2022-04-19,35.55,35.55,35.55,35.35,35.5,218228
2022-04-20,36.0,36.0,36.5,35.3,35.55,572504
2022-04-21,36.25,36.25,36.45,35.85,36.0,333569
2022-04-22,35.65,35.65,35.85,35.65,35.85,322714
2022-04-25,34.95,34.95,35.4,34.75,35.4,509176
2022-04-26,35.0,35.0,35.2,34.95,35.0,238413
2022-04-27,35.0,35.0,35.3,34.7,34.9,378792
2022-04-28,35.15,35.15,35.3,34.9,34.9,234136
2022-04-29,35.3,35.3,35.4,35.05,35.05,148221
2022-05-03,35.0,35.0,35.25,34.8,35.25,217717
2022-05-04,35.1,35.1,35.2,34.9,34.95,122997
2022-05-05,35.3,35.3,35.3,35.0,35.1,363127
2022-05-06,34.85,34.85,34.9,34.65,34.65,255849
2022-05-09,34.2,34.2,34.65,34.2,34.65,394649
2022-05-10,34.55,34.55,34.55,33.9,34.05,300349
2022-05-11,34.05,34.05,34.3,33.95,34.2,287388
2022-05-12,33.1,33.1,33.95,33.05,33.9,428425
2022-05-13,33.3,33.3,33.6,32.95,32.95,356014
2022-05-16,33.45,33.45,33.65,33.15,33.5,305933
2022-05-17,33.45,33.45,33.55,33.2,33.4,287002
2022-05-18,33.6,33.6,33.9,33.3,33.4,433218
2022-05-19,33.3,33.3,33.45,33.2,33.45,248491
2022-05-20,33.9,33.9,34.2,33.45,33.5,316028
2022-05-23,34.1,34.1,34.2,33.9,34.05,373850
2022-05-24,34.05,34.05,34.3,33.85,34.05,230201
2022-05-25,34.3,34.3,34.3,33.9,34.05,354898
2022-05-26,34.4,34.4,34.85,34.35,34.35,325621
2022-05-27,34.8,34.8,34.8,34.55,34.65,371103
2022-05-30,35.15,35.15,35.2,34.75,34.75,434426
2022-05-31,35.1,35.1,35.25,34.95,35.2,347347
2022-06-01,35.1,35.1,35.35,35.1,35.2,404555
2022-06-02,34.95,34.95,35.2,34.9,35.2,554368
2022-06-06,34.8,34.8,35.0,34.7,35.0,1273136
2022-06-07,34.8,34.8,34.9,34.6,34.8,1031905
2022-06-08,32.05,32.05,32.1,31.7,32.0,1761723
2022-06-09,31.8,31.8,32.05,31.8,32.0,628389
2022-06-10,31.55,31.55,31.65,31.35,31.55,395648
2022-06-13,30.75,30.75,31.2,30.6,31.1,764957
2022-06-14,30.65,30.65,30.8,30.2,30.75,345347
2022-06-15,30.8,30.8,31.15,30.6,30.9,482503
2022-06-16,30.7,30.7,31.2,30.7,31.0,424536
2022-06-17,30.75,30.75,30.75,30.1,30.2,649633
2022-06-20,30.45,30.45,31.0,30.05,30.75,834938
2022-06-21,31.65,31.65,31.85,30.6,31.0,971950
2022-06-22,31.45,31.45,31.55,30.9,31.2,430860
2022-06-23,31.65,31.65,31.8,31.2,31.2,391195
2022-06-24,31.75,31.75,32.0,31.35,31.35,414807
2022-06-27,31.55,31.55,31.95,31.4,31.75,269817
2022-06-28,31.1,31.1,31.5,31.1,31.45,160339
2022-06-29,31.0,31.0,31.35,30.95,30.95,141084
2022-06-30,30.45,30.45,31.2,29.95,30.8,471675
2022-07-01,29.95,29.95,30.55,29.95,30.35,304287
2022-07-04,30.0,30.0,30.45,29.75,29.75,283971
2022-07-05,30.35,30.35,31.0,30.15,30.65,211774
2022-07-06,29.65,29.65,30.35,29.55,30.35,346688
2022-07-07,29.85,29.85,30.0,29.3,29.7,186897
2022-07-08,30.95,30.95,31.0,29.85,29.9,872656
2022-07-11,31.05,31.05,31.2,30.3,30.7,861596
2022-07-12,31.15,31.15,31.55,30.6,30.6,1235662
2022-07-13,31.85,31.85,32.0,30.9,31.4,870822
2022-07-14,32.1,32.1,32.4,31.35,31.9,915877
2022-07-15,31.75,31.75,32.25,31.6,31.8,391140
2022-07-18,31.45,31.45,32.3,31.3,32.0,567903
2022-07-19,31.9,31.9,31.9,31.4,31.45,154801
2022-07-20,31.35,31.35,32.1,31.15,32.1,363430
2022-07-21,31.2,31.2,31.35,30.85,31.35,140606
2022-07-22,31.15,31.15,31.2,30.8,31.15,280737
2022-07-25,30.9,30.9,31.15,30.55,31.15,173752
2022-07-26,30.8,30.8,30.95,30.55,30.9,206318
2022-07-27,30.7,30.7,31.0,30.6,31.0,103838
2022-07-28,30.5,30.5,30.75,30.25,30.7,236356
2022-07-29,30.5,30.5,30.75,30.35,30.75,108989
2022-08-01,30.3,30.3,30.5,30.25,30.5,305064
2022-08-02,29.95,29.95,30.3,29.95,30.1,394524
2022-08-03,29.95,29.95,30.2,29.9,29.9,227157
2022-08-04,29.75,29.75,29.95,29.25,29.95,506548
2022-08-05,30.3,30.3,30.35,29.75,29.75,588778
2022-08-08,30.6,30.6,30.65,30.0,30.0,372172
2022-08-09,30.6,30.6,30.65,30.4,30.5,286926
2022-08-10,30.45,30.45,30.7,30.35,30.45,227084
2022-08-11,30.45,30.45,30.5,30.25,30.35,140166
2022-08-12,30.95,30.95,30.95,30.4,30.6,289180
2022-08-15,30.9,30.9,30.95,30.85,30.95,117017
2022-08-16,30.85,30.85,30.9,30.7,30.9,132223
2022-08-17,31.2,31.2,31.2,30.85,30.85,331861
2022-08-18,30.75,30.75,31.2,30.75,31.2,177829
2022-08-19,30.55,30.55,30.8,30.55,30.8,138965
2022-08-22,30.9,30.9,30.9,30.25,30.35,121815
2022-08-23,30.85,30.85,30.85,30.45,30.65,96907
2022-08-24,30.8,30.8,30.85,30.6,30.65,146908
2022-08-25,30.85,30.85,30.9,30.7,30.8,114599
2022-08-26,31.0,31.0,31.0,30.85,30.9,135704
2022-08-29,30.5,30.5,30.8,30.4,30.7,290057
2022-08-30,30.7,30.7,30.7,30.3,30.3,87376
2022-08-31,31.1,31.1,31.1,30.5,30.5,263440
2022-09-01,31.6,31.6,31.65,30.4,30.55,567608
2022-09-02,31.35,31.35,31.6,30.95,31.6,166091
2022-09-05,31.3,31.3,31.3,31.0,31.2,79817
2022-09-06,31.45,31.45,31.45,30.85,31.4,154882
2022-09-07,30.65,30.65,31.1,30.5,31.0,254765
2022-09-08,31.0,31.0,31.1,30.8,31.0,178052
2022-09-12,30.9,30.9,31.05,30.75,30.95,170191
2022-09-13,31.45,31.45,31.45,30.95,31.0,302098
2022-09-14,31.45,31.45,31.5,30.95,31.05,265543
2022-09-15,31.15,31.15,31.25,31.0,31.0,86247
2022-09-16,31.5,31.5,31.8,30.65,30.65,314668
2022-09-19,31.5,31.5,31.5,30.8,31.15,199707
2022-09-20,31.5,31.5,31.5,31.05,31.4,218714
2022-09-21,30.5,30.5,31.4,30.5,31.4,334856
2022-09-22,30.35,30.35,30.45,30.05,30.35,217276
2022-09-23,30.1,30.1,30.3,30.05,30.15,186789
2022-09-26,30.05,30.05,30.15,29.8,30.1,208667
2022-09-27,29.9,29.9,30.0,29.85,29.85,115331
2022-09-28,29.4,29.4,29.9,29.15,29.8,314076
2022-09-29,29.5,29.5,29.65,29.2,29.4,245328
2022-09-30,29.2,29.2,29.45,29.0,29.45,162008
2022-10-03,29.15,29.15,29.25,28.85,29.05,190207
2022-10-04,29.35,29.35,29.55,29.15,29.15,76481
2022-10-05,29.1,29.1,29.55,29.1,29.35,310042
2022-10-06,29.1,29.1,29.45,29.1,29.4,95679
2022-10-07,29.25,29.25,29.25,28.95,28.95,126376
2022-10-11,28.9,28.9,29.05,28.5,29.05,220040
2022-10-12,29.25,29.25,29.45,28.55,28.9,197256
2022-10-13,28.9,28.9,29.4,28.75,29.2,284982
2022-10-14,29.05,29.05,29.2,28.65,29.0,312837
2022-10-17,28.8,28.8,29.0,28.6,29.0,107084
2022-10-18,28.8,28.8,29.35,28.6,28.8,375211
2022-10-19,28.5,28.5,28.85,28.5,28.7,204621
2022-10-20,27.5,27.5,28.7,27.15,28.5,2977786
2022-10-21,27.55,27.55,27.95,27.35,27.95,228385
2022-10-24,28.2,28.2,28.2,27.6,27.6,269991
2022-10-25,28.2,28.2,28.7,27.9,28.4,196177
2022-10-26,28.2,28.2,28.4,28.0,28.25,145564
2022-10-27,28.8,28.8,28.8,28.3,28.35,239196
2022-10-28,28.1,28.1,28.75,28.1,28.75,123162
2022-10-31,28.05,28.05,28.65,28.0,28.65,105272
2022-11-01,28.15,28.15,28.5,28.05,28.2,97605
2022-11-02,28.3,28.3,28.5,28.3,28.3,121369
2022-11-03,28.05,28.05,28.5,28.05,28.3,109593
2022-11-04,28.3,28.3,28.3,27.85,28.05,163991
2022-11-07,28.45,28.45,28.45,28.15,28.15,88381
2022-11-08,28.9,28.9,28.9,28.5,28.75,254801
2022-11-09,29.15,29.15,29.25,28.9,28.9,218961
2022-11-10,29.1,29.1,29.35,28.85,29.15,194279
2022-11-11,29.0,29.0,29.35,29.0,29.2,91751
2022-11-14,29.0,29.0,29.3,28.95,29.05,112746
2022-11-15,29.25,29.25,29.4,28.7,28.85,193714
2022-11-16,28.2,28.2,29.25,28.2,29.25,447904
2022-11-17,28.65,28.65,28.65,28.25,28.25,79383
2022-11-18,28.9,28.9,28.9,28.5,28.65,123615
2022-11-21,28.9,28.9,28.9,28.65,28.9,44235
2022-11-22,28.9,28.9,29.0,28.85,28.9,63343
2022-11-23,29.0,29.0,29.1,28.8,28.95,187096
2022-11-24,29.1,29.1,29.1,28.85,28.95,172107
2022-11-25,29.05,29.05,29.1,28.9,29.0,83073
2022-11-28,28.95,28.95,29.05,28.6,29.0,209108
2022-11-29,29.0,29.0,29.05,28.75,28.9,69981
2022-11-30,29.2,29.2,29.2,28.85,29.05,132134
2022-12-01,29.3,29.3,29.45,29.15,29.45,194186
2022-12-02,29.1,29.1,29.4,29.05,29.4,72985
2022-12-05,28.95,28.95,29.4,28.95,29.2,236151
2022-12-06,28.55,28.55,29.0,28.55,29.0,261664
2022-12-07,28.85,28.85,28.9,28.55,28.6,101748
2022-12-08,28.65,28.65,28.95,28.6,28.65,227971
2022-12-09,28.8,28.8,29.0,28.65,28.65,204803
2022-12-12,28.6,28.6,29.25,28.6,28.8,456999
2022-12-13,28.85,28.85,28.85,28.6,28.65,44214
2022-12-14,28.4,28.4,29.15,28.4,28.95,607541
2022-12-15,28.05,28.05,28.4,28.0,28.4,705866
2022-12-16,27.65,27.65,27.95,27.6,27.75,803166
2022-12-19,27.55,27.55,27.75,27.2,27.6,729460
2022-12-20,27.05,27.05,27.55,27.05,27.55,689566
2022-12-21,26.8,26.8,27.3,26.8,27.05,672673
2022-12-22,27.25,27.25,27.25,26.9,27.0,207728
2022-12-23,27.2,27.2,27.2,26.9,27.05,182004
2022-12-26,27.1,27.1,27.25,27.0,27.2,208875
2022-12-27,27.0,27.0,27.1,26.95,27.1,341420
2022-12-28,26.85,26.85,27.0,26.75,27.0,489586
2022-12-29,26.7,26.7,26.8,26.6,26.8,278031
2022-12-30,26.9,26.9,27.0,26.8,26.8,149448
2023-01-03,26.9,26.9,27.0,26.7,26.9,110773
2023-01-04,27.25,27.25,27.25,27.0,27.0,113224
2023-01-05,27.25,27.25,27.4,27.2,27.2,217972
2023-01-06,27.25,27.25,27.4,27.25,27.25,85256
2023-01-09,27.45,27.45,27.55,27.25,27.3,290833
2023-01-10,27.2,27.2,27.6,27.15,27.4,756733
2023-01-11,27.2,27.2,27.4,27.15,27.25,389489
2023-01-12,27.15,27.15,27.4,27.1,27.2,409729
2023-01-13,26.95,26.95,27.3,26.9,27.15,570918
2023-01-16,27.0,27.0,27.15,26.9,26.95,254470
2023-01-17,27.25,27.25,27.25,27.0,27.0,134654
2023-01-30,27.25,27.25,27.4,27.25,27.25,318288
2023-01-31,27.75,27.75,27.8,27.25,27.25,350785
2023-02-01,27.55,27.55,27.75,27.5,27.75,164780
2023-02-02,27.7,27.7,27.75,27.55,27.55,151842
2023-02-03,27.9,27.9,27.9,27.55,27.7,318591
2023-02-06,27.8,27.8,27.9,27.55,27.9,274423
2023-02-07,28.1,28.1,28.1,27.7,27.8,281197
2023-02-08,28.25,28.25,28.5,28.0,28.0,387139
2023-02-09,28.5,28.5,28.55,28.15,28.15,412473
2023-02-10,28.3,28.3,28.55,28.05,28.4,366221
2023-02-13,28.4,28.4,28.45,28.0,28.4,291956
2023-02-14,28.45,28.45,28.5,28.3,28.5,194861
2023-02-15,28.5,28.5,28.6,28.35,28.55,279517
2023-02-16,28.6,28.6,28.65,28.4,28.6,183686
2023-02-17,28.55,28.55,28.6,28.5,28.6,145239
2023-02-20,28.8,28.8,28.8,28.4,28.6,281245
2023-02-21,28.85,28.85,28.9,28.6,28.85,118580
2023-02-22,28.8,28.8,28.9,28.65,28.9,175735
2023-02-23,28.5,28.5,28.7,28.3,28.5,452812
2023-02-24,28.4,28.4,28.55,28.3,28.55,219446
2023-03-01,28.3,28.3,28.4,28.2,28.4,233314
2023-03-02,28.35,28.35,28.4,28.2,28.3,142790
2023-03-03,28.45,28.45,28.45,28.35,28.4,132925
2023-03-06,28.65,28.65,28.65,28.4,28.6,276131
2023-03-07,28.75,28.75,28.75,28.55,28.65,153294
2023-03-08,28.85,28.85,28.9,28.7,28.8,338963
2023-03-09,29.1,29.1,29.1,28.75,28.8,382426
2023-03-10,28.75,28.75,29.15,28.65,28.95,384206
2023-03-13,28.8,28.8,28.9,28.5,28.6,160304
2023-03-14,28.55,28.55,28.65,28.5,28.65,165028
2023-03-15,28.45,28.45,28.65,28.45,28.65,195984
2023-03-16,28.4,28.4,28.45,28.3,28.3,188011
2023-03-17,28.6,28.6,28.65,28.4,28.4,144216
2023-03-20,28.5,28.5,28.6,28.5,28.6,109204
2023-03-21,28.45,28.45,28.5,28.4,28.5,105274
2023-03-22,28.7,28.7,28.75,28.5,28.5,157694
2023-03-23,28.7,28.7,28.8,28.6,28.7,189441
2023-03-24,28.75,28.75,28.85,28.7,28.85,137102
2023-03-27,28.85,28.85,28.9,28.65,28.7,148939
2023-03-28,28.8,28.8,28.9,28.8,28.9,97039
2023-03-29,28.75,28.75,28.85,28.65,28.65,75642
2023-03-30,28.8,28.8,28.9,28.75,28.9,63505
2023-03-31,28.8,28.8,28.9,28.8,28.8,139072
2023-04-06,29.0,29.0,29.25,28.8,29.0,246248
2023-04-07,29.05,29.05,29.1,28.9,28.9,87525
2023-04-10,29.1,29.1,29.2,29.0,29.2,135996
2023-04-11,29.2,29.2,29.3,29.1,29.1,183222
2023-04-12,29.3,29.3,29.3,29.15,29.25,189883
2023-04-13,29.0,29.0,29.2,29.0,29.2,101431
2023-04-14,29.1,29.1,29.15,29.0,29.0,109529
2023-04-17,29.0,29.0,29.1,29.0,29.05,162790
2023-04-18,28.9,28.9,29.0,28.85,29.0,147647
2023-04-19,28.8,28.8,28.9,28.7,28.9,266753
2023-04-20,28.75,28.75,28.85,28.75,28.8,90257
2023-04-21,28.65,28.65,28.85,28.55,28.8,204114
2023-04-24,28.75,28.75,28.8,28.55,28.55,100391
2023-04-25,28.8,28.8,28.85,28.7,28.8,166182
2023-04-26,29.1,29.1,29.1,28.8,28.8,200475
2023-04-27,29.0,29.0,29.1,28.95,29.1,187110
2023-04-28,29.05,29.05,29.15,28.95,29.1,171206
2023-05-02,29.3,29.3,29.3,29.05,29.05,144656
2023-05-03,29.2,29.2,29.3,29.05,29.3,120135
2023-05-04,29.1,29.1,29.2,29.05,29.1,103212
2023-05-05,29.2,29.2,29.25,29.1,29.1,70098
2023-05-08,29.25,29.25,29.25,29.15,29.25,79363
2023-05-09,29.25,29.25,29.35,29.2,29.3,99453
2023-05-10,29.2,29.2,29.25,29.1,29.25,103066
2023-05-11,28.9,28.9,29.2,28.9,29.2,150851
2023-05-12,28.85,28.85,29.1,28.8,29.1,222854
2023-05-15,29.25,29.25,29.25,28.7,28.8,98129
2023-05-16,29.4,29.4,29.4,29.15,29.25,231865
2023-05-17,29.95,29.95,30.0,29.3,29.4,621934
2023-05-18,30.0,30.0,30.0,29.75,29.75,233059
2023-05-19,29.9,29.9,30.0,29.8,30.0,131777
2023-05-22,30.0,30.0,30.0,29.9,29.9,121037
2023-05-23,30.05,30.05,30.1,29.95,30.0,179946
2023-05-24,30.15,30.15,30.15,29.75,30.05,161162
2023-05-25,29.8,29.8,30.0,29.7,30.0,122503
2023-05-26,29.75,29.75,29.8,29.5,29.7,108380
2023-05-29,29.8,29.8,29.8,29.6,29.75,99931
2023-05-30,29.75,29.75,29.8,29.6,29.8,99663
2023-05-31,29.8,29.8,29.9,29.65,29.9,214973
2023-06-01,29.8,29.8,29.9,29.7,29.8,168702
2023-06-02,29.75,29.75,29.85,29.7,29.8,302123
2023-06-05,30.0,30.0,30.0,29.75,29.75,847135
2023-06-06,28.95,28.95,29.05,28.8,28.8,501504
2023-06-07,29.05,29.05,29.15,28.9,28.95,199041
2023-06-08,29.0,29.0,29.2,29.0,29.1,178964
2023-06-09,29.15,29.15,29.25,29.0,29.0,178612
2023-06-12,29.05,29.05,29.15,28.95,29.15,279271
2023-06-13,29.0,29.0,29.2,28.5,29.0,397682
2023-06-14,28.95,28.95,29.15,28.9,28.9,192035
2023-06-15,28.85,28.85,28.95,28.75,28.95,320451
2023-06-16,28.65,28.65,28.85,28.65,28.75,284311
2023-06-19,28.65,28.65,28.7,28.6,28.7,105933
2023-06-20,28.5,28.5,28.65,28.5,28.65,198788
2023-06-21,28.6,28.6,28.65,28.35,28.5,291560
2023-06-26,28.4,28.4,28.55,28.3,28.55,192798
2023-06-27,28.55,28.55,28.55,28.35,28.4,185871
2023-06-28,29.05,29.05,29.15,28.55,28.55,390229
2023-06-29,28.9,28.9,29.2,28.9,29.15,113220
2023-06-30,28.65,28.65,28.8,28.55,28.8,139677
2023-07-03,28.55,28.55,28.75,28.55,28.6,136958
2023-07-04,28.5,28.5,28.85,28.4,28.85,163616
2023-07-05,28.45,28.45,28.6,28.4,28.5,159639
2023-07-06,28.45,28.45,28.65,28.35,28.45,150383
2023-07-07,28.4,28.4,28.4,28.2,28.4,211460
2023-07-10,28.8,28.8,29.0,28.0,28.4,592296
2023-07-11,29.2,29.2,29.3,28.85,28.85,558788
2023-07-12,29.1,29.1,29.4,28.9,29.25,499973
2023-07-13,29.15,29.15,29.4,29.1,29.2,453990
2023-07-14,29.5,29.5,29.8,29.25,29.4,590527
2023-07-17,29.15,29.15,29.7,29.0,29.7,204988
2023-07-18,28.3,28.3,29.0,28.3,29.0,701829
2023-07-19,28.4,28.4,28.6,28.3,28.35,238591
2023-07-20,28.4,28.4,28.6,28.25,28.3,66763
2023-07-21,28.5,28.5,28.7,28.4,28.45,85541
2023-07-24,28.35,28.35,28.5,28.15,28.5,215400
2023-07-25,28.35,28.35,28.4,28.15,28.3,119693
2023-07-26,28.95,28.95,29.1,28.7,28.7,476945
2023-07-27,29.45,29.45,29.5,29.2,29.2,524428
2023-07-28,29.3,29.3,29.4,29.2,29.4,166109
2023-07-31,29.0,29.0,29.4,29.0,29.4,322349
2023-08-01,29.1,29.1,29.2,29.0,29.15,120259
2023-08-02,29.15,29.15,29.4,29.0,29.4,159971
2023-08-04,29.25,29.25,29.3,29.0,29.2,115553
2023-08-07,29.15,29.15,29.2,29.1,29.2,86920
2023-08-08,29.1,29.1,29.3,29.0,29.15,125485
2023-08-09,29.15,29.15,29.25,29.05,29.1,161993
2023-08-10,29.05,29.05,29.2,29.0,29.15,99020
2023-08-11,29.05,29.05,29.2,29.0,29.05,96733
2023-08-14,28.85,28.85,29.2,28.6,29.2,298712
2023-08-15,28.8,28.8,29.0,28.8,28.85,151809
2023-08-16,28.7,28.7,28.9,28.65,28.9,123347
2023-08-17,28.65,28.65,28.7,28.6,28.65,128483
2023-08-18,28.6,28.6,28.7,28.55,28.6,184635
2023-08-21,28.5,28.5,28.6,28.4,28.6,101613
2023-08-22,28.5,28.5,28.55,28.4,28.55,79872
2023-08-23,28.5,28.5,28.55,28.45,28.5,52485
2023-08-24,28.65,28.65,28.8,28.5,28.5,120241
2023-08-25,28.6,28.6,28.7,28.5,28.5,141666
2023-08-28,28.55,28.55,28.7,28.5,28.55,210094
2023-08-29,28.65,28.65,28.7,28.5,28.55,160382
2023-08-30,28.75,28.75,28.8,28.65,28.65,128701
2023-08-31,28.6,28.6,28.8,28.6,28.8,90021
2023-09-01,28.75,28.75,28.75,28.6,28.6,82626
2023-09-04,28.8,28.8,28.8,28.65,28.65,116779
2023-09-05,28.8,28.8,28.95,28.7,28.75,133832
2023-09-06,28.7,28.7,28.8,28.65,28.8,186882
2023-09-07,28.65,28.65,28.75,28.6,28.6,103805
2023-09-08,28.65,28.65,28.7,28.55,28.6,69079
2023-09-11,28.7,28.7,28.9,28.65,28.8,244350
2023-09-12,28.8,28.8,28.8,28.7,28.7,147721
2023-09-13,28.8,28.8,28.8,28.7,28.7,82432
2023-09-14,28.8,28.8,28.85,28.7,28.8,193352
2023-09-15,28.85,28.85,28.85,28.75,28.8,156261
2023-09-18,29.0,29.0,29.0,28.55,28.8,204973
2023-09-19,28.95,28.95,29.0,28.9,28.95,162342
2023-09-20,28.95,28.95,29.0,28.85,28.9,108882
2023-09-21,28.65,28.65,28.9,28.65,28.9,132065
2023-09-22,28.65,28.65,28.75,28.6,28.6,152947
2023-09-25,28.85,28.85,28.85,28.6,28.65,91499
2023-09-26,28.7,28.7,28.85,28.6,28.8,156611
2023-09-27,28.65,28.65,28.8,28.6,28.6,111983
2023-09-28,28.65,28.65,28.75,28.6,28.65,111142
2023-10-02,28.9,28.9,28.95,28.7,28.7,106331
2023-10-03,28.7,28.7,28.9,28.7,28.9,64103
2023-10-04,28.7,28.7,28.7,28.55,28.6,92681
2023-10-05,28.7,28.7,28.75,28.7,28.7,37039
2023-10-06,28.75,28.75,28.8,28.6,28.6,33704
2023-10-11,28.95,28.95,29.0,28.7,28.75,227902
2023-10-12,29.2,29.2,29.2,28.8,29.0,202708
2023-10-13,29.1,29.1,29.4,28.9,29.0,173982
2023-10-16,28.9,28.9,29.1,28.8,29.1,35472
2023-10-17,28.85,28.85,29.0,28.8,29.0,35310
2023-10-18,28.7,28.7,29.05,28.7,28.85,140750
2023-10-19,28.6,28.6,28.65,28.5,28.65,171136
2023-10-20,28.5,28.5,28.6,28.5,28.55,119599
2023-10-23,28.5,28.5,28.6,28.45,28.55,95624
2023-10-24,28.45,28.45,28.5,28.45,28.5,68292
2023-10-25,28.55,28.55,28.6,28.45,28.45,47375
2023-10-26,28.3,28.3,28.55,28.2,28.55,303219
2023-10-27,28.3,28.3,28.4,28.2,28.35,89141
2023-10-30,28.5,28.5,28.5,28.25,28.35,156028
2023-10-31,28.3,28.3,28.6,28.3,28.6,114667
2023-11-01,28.3,28.3,28.5,28.3,28.3,110253
2023-11-02,28.35,28.35,28.6,28.3,28.45,120752
2023-11-03,28.5,28.5,28.55,28.4,28.5,80084
2023-11-06,28.55,28.55,28.65,28.4,28.5,196509
2023-11-07,28.55,28.55,28.6,28.45,28.6,118136
2023-11-08,28.65,28.65,28.8,28.5,28.6,184631
2023-11-09,28.95,28.95,29.0,28.55,28.55,165546
2023-11-10,28.9,28.9,29.0,28.65,28.8,199148
2023-11-13,28.75,28.75,28.95,28.65,28.95,131449
2023-11-14,28.8,28.8,28.95,28.7,28.9,143124
2023-11-15,29.3,29.3,29.3,28.8,28.8,325883
2023-11-16,29.0,29.0,29.3,28.95,29.3,150764
2023-11-17,29.0,29.0,29.2,28.9,29.0,159377
2023-11-20,29.15,29.15,29.2,28.85,29.05,286061
2023-11-21,29.2,29.2,29.35,29.1,29.3,344643
2023-11-22,29.2,29.2,29.2,29.1,29.2,135561
2023-11-23,29.2,29.2,29.2,29.05,29.15,142963
2023-11-24,29.2,29.2,29.2,29.1,29.2,64570
2023-11-27,29.15,29.15,29.3,29.15,29.3,140214
2023-11-28,29.25,29.25,29.3,29.1,29.1,154726
2023-11-29,29.45,29.45,29.5,29.2,29.3,208151
2023-11-30,29.8,29.8,29.8,29.0,29.45,442960
2023-12-01,29.65,29.65,30.15,29.6,29.8,416914
2023-12-04,29.55,29.55,29.7,29.4,29.65,154450
2023-12-05,29.7,29.7,29.8,29.45,29.65,171355
2023-12-06,29.7,29.7,29.75,29.65,29.7,65753
2023-12-07,29.6,29.6,29.7,29.5,29.6,180914
2023-12-08,29.9,29.9,29.9,29.55,29.6,283431
2023-12-11,29.9,29.9,30.15,29.85,30.05,434636
2023-12-12,30.0,30.0,30.1,29.8,29.9,441170
2023-12-13,29.9,29.9,30.1,29.9,30.0,221364
2023-12-14,30.05,30.05,30.05,29.85,30.0,304304
2023-12-15,29.75,29.75,30.05,29.75,30.05,391142
2023-12-18,29.9,29.9,29.95,29.75,29.75,90389
2023-12-19,29.55,29.55,29.9,29.5,29.9,236571
2023-12-20,29.8,29.8,29.85,29.6,29.6,162214
2023-12-21,29.6,29.6,29.8,29.6,29.8,130955
2023-12-22,29.55,29.55,29.65,29.55,29.6,100195
2023-12-25,29.8,29.8,29.8,29.6,29.6,82427
2023-12-26,29.95,29.95,29.95,29.7,29.8,115117
2023-12-27,29.85,29.85,29.95,29.8,29.9,147935
2023-12-28,29.95,29.95,29.95,29.8,29.85,139155
2023-12-29,29.95,29.95,30.0,29.8,29.9,149136
2024-01-02,29.9,29.9,30.0,29.75,29.9,132903
2024-01-03,29.7,29.7,29.9,29.55,29.9,163954
2024-01-04,29.7,29.7,29.95,29.65,29.65,84907
2024-01-05,29.75,29.75,29.85,29.7,29.7,91023
2024-01-08,29.85,29.85,29.95,29.8,29.8,148971
2024-01-09,29.75,29.75,29.9,29.75,29.9,140831
2024-01-10,29.85,29.85,29.95,29.6,29.7,241975
2024-01-11,29.75,29.75,29.8,29.6,29.65,134268
2024-01-12,29.7,29.7,29.7,29.6,29.6,105031
2024-01-15,29.45,29.45,29.65,29.45,29.6,240528
2024-01-16,29.05,29.05,29.45,29.0,29.45,510220
2024-01-17,29.0,29.0,29.0,28.8,28.85,427874
2024-01-18,28.9,28.9,29.0,28.9,29.0,66505
2024-01-19,28.9,28.9,28.95,28.8,28.8,173546
2024-01-22,28.95,28.95,29.15,28.95,29.15,96443
2024-01-23,28.95,28.95,29.0,28.85,29.0,69856
2024-01-24,28.95,28.95,29.1,28.9,28.95,164582
2024-01-25,29.0,29.0,29.05,28.95,29.0,96743
2024-01-26,29.1,29.1,29.3,28.95,28.95,108787
2024-01-29,29.2,29.2,29.25,29.0,29.0,67604
2024-01-30,29.15,29.15,29.2,29.05,29.2,73398
2024-01-31,29.0,29.0,29.1,29.0,29.1,91120
2024-02-01,29.3,29.3,29.35,29.05,29.05,116559
2024-02-02,29.4,29.4,29.4,29.25,29.35,138375
2024-02-05,29.2,29.2,29.3,29.1,29.2,112407
2024-02-15,29.35,29.35,29.5,28.95,29.05,332439
2024-02-16,29.6,29.6,29.6,29.35,29.35,179836
2024-02-19,29.45,29.45,29.65,29.15,29.6,277913
2024-02-20,29.35,29.35,29.4,29.25,29.4,117386
2024-02-21,29.25,29.25,29.4,29.2,29.35,168819
2024-02-22,29.25,29.25,29.25,29.15,29.2,131884
2024-02-23,29.25,29.25,29.25,28.95,29.15,275547
2024-02-26,29.2,29.2,29.25,29.05,29.15,152414
2024-02-27,29.6,29.6,29.7,29.2,29.2,476633
2024-02-29,29.45,29.45,29.65,29.45,29.65,251490
2024-03-01,29.5,29.5,29.55,29.4,29.45,200492
2024-03-04,29.45,29.45,29.55,29.1,29.45,299157
2024-03-05,29.35,29.35,29.55,29.3,29.3,174983
2024-03-06,29.4,29.4,29.45,29.35,29.4,131501
2024-03-07,29.35,29.35,29.45,29.3,29.3,226538
2024-03-08,29.3,29.3,29.45,29.2,29.35,340510
2024-03-11,29.45,29.45,29.45,29.2,29.3,181926
2024-03-12,29.6,29.6,29.7,29.35,29.5,555192
2024-03-13,29.65,29.65,29.65,29.45,29.45,252797
2024-03-14,29.7,29.7,29.8,29.6,29.7,361741
2024-03-15,29.45,29.45,29.7,29.45,29.7,280215
2024-03-18,29.45,29.45,29.5,29.3,29.45,244342
2024-03-19,29.6,29.6,29.7,29.3,29.35,197807
2024-03-20,29.55,29.55,29.65,29.5,29.6,256629
2024-03-21,29.6,29.6,29.65,29.55,29.55,231535
2024-03-22,29.65,29.65,29.7,29.5,29.6,299302
2024-03-25,30.2,30.2,30.25,29.7,29.75,862609
2024-03-26,30.15,30.15,30.3,29.8,30.2,512961
2024-03-27,30.65,30.65,30.9,30.05,30.05,747164
2024-03-28,30.6,30.6,30.85,30.5,30.7,354918
2024-03-29,30.45,30.45,30.7,30.3,30.7,270588
2024-04-01,30.75,30.75,30.8,30.55,30.6,445438
2024-04-02,30.65,30.65,31.0,30.6,30.8,486962
2024-04-03,30.65,30.65,30.85,30.55,30.85,235320
2024-04-08,30.85,30.85,31.0,30.55,30.7,372100
2024-04-09,31.2,31.2,31.25,30.75,30.85,725850
2024-04-10,31.55,31.55,31.7,31.25,31.3,605700
2024-04-11,31.25,31.25,31.75,31.25,31.7,452391
2024-04-12,30.95,30.95,31.3,30.95,31.25,374111
2024-04-15,31.1,31.1,31.4,30.8,30.8,608352
2024-04-16,30.4,30.4,31.0,30.25,31.0,682200
2024-04-17,30.6,30.6,30.8,30.5,30.65,678480
2024-04-18,31.65,31.65,31.7,30.45,30.6,1157701
2024-04-19,31.2,31.2,31.65,30.8,31.55,838220
2024-04-22,33.05,33.05,34.25,32.05,32.2,3047121
2024-04-23,32.95,32.95,33.0,31.95,33.0,1066482
2024-04-24,32.8,32.8,33.0,32.4,32.65,609599
2024-04-25,32.5,32.5,33.1,32.4,32.8,609667
2024-04-26,32.55,32.55,32.85,32.1,32.55,525546
2024-04-29,33.45,33.45,33.45,32.45,32.55,1245413
2024-04-30,33.15,33.15,33.45,32.75,33.45,681477
2024-05-02,33.6,33.6,34.1,33.15,33.15,1277169
2024-05-03,34.45,34.45,34.9,33.4,33.6,2022001
2024-05-06,34.3,34.3,34.75,33.9,34.7,1316131
2024-05-07,33.4,33.4,34.35,33.3,34.25,1075028
2024-05-08,33.05,33.05,33.65,32.85,33.55,615471
2024-05-09,32.7,32.7,33.25,32.7,32.9,495085
2024-05-10,33.15,33.15,33.25,32.55,32.55,398538
2024-05-13,32.95,32.95,33.15,32.85,33.15,321271
2024-05-14,32.9,32.9,33.1,32.75,32.95,386760
2024-05-15,32.95,32.95,33.2,32.75,32.95,711389
2024-05-16,33.35,33.35,33.45,33.05,33.2,561027
2024-05-17,33.5,33.5,33.75,33.35,33.4,421675
2024-05-20,33.5,33.5,34.0,33.25,33.8,708052
2024-05-21,33.1,33.1,33.5,32.95,33.5,464503
2024-05-22,32.85,32.85,33.1,32.8,33.0,462290
2024-05-23,32.4,32.4,32.85,32.3,32.85,644144
2024-05-24,32.6,32.6,32.75,32.0,32.2,449443
2024-05-27,32.75,32.75,32.9,32.4,32.6,365143
2024-05-28,32.95,32.95,32.95,32.75,32.8,334077
2024-05-29,33.15,33.15,33.2,32.75,32.95,410957
2024-05-30,33.0,33.0,33.2,32.95,33.05,278034
2024-05-31,33.5,33.5,33.55,33.2,33.25,769665
2024-06-03,33.9,33.9,34.0,33.65,33.8,1436672
2024-06-04,33.6,33.6,33.9,33.4,33.9,880813
2024-06-05,33.35,33.35,33.8,33.2,33.6,1052639
2024-06-06,33.55,33.55,33.7,33.3,33.45,1943771
2024-06-07,31.75,31.75,32.25,31.75,32.0,2809551
2024-06-11,31.15,31.15,31.95,30.95,31.9,1977407
2024-06-12,31.45,31.45,31.45,30.85,31.15,973381
2024-06-13,31.15,31.15,31.45,31.05,31.2,827705
2024-06-14,31.3,31.3,31.75,31.15,31.15,827046
2024-06-17,31.35,31.35,31.4,31.2,31.3,737509
2024-06-18,31.6,31.6,31.6,31.2,31.45,529903
2024-06-19,31.75,31.75,31.9,31.5,31.65,656848
2024-06-20,32.15,32.15,32.25,31.85,31.85,671840
2024-06-21,32.4,32.4,32.4,32.05,32.15,438200
2024-06-24,32.0,32.0,32.4,31.95,32.4,325945
2024-06-25,32.1,32.1,32.3,31.65,32.25,340509
2024-06-26,31.85,31.85,32.1,31.8,32.1,460231
2024-06-27,31.6,31.6,31.75,31.3,31.6,354681
2024-06-28,31.7,31.7,32.1,31.5,31.6,519840
2024-07-01,31.9,31.9,32.05,31.6,31.6,343105
2024-07-02,31.75,31.75,31.9,31.6,31.9,314265
2024-07-03,32.4,32.4,32.4,31.7,31.7,571081
2024-07-04,33.0,33.0,33.3,32.45,32.55,1130370
2024-07-05,32.85,32.85,33.05,32.7,33.0,419830
2024-07-08,33.05,33.05,33.45,32.7,32.8,961159
2024-07-09,32.9,32.9,33.2,32.8,33.05,778971
2024-07-10,33.0,33.0,33.3,32.6,32.9,1133730
2024-07-11,33.2,33.2,33.3,32.95,33.3,843666
2024-07-12,33.15,33.15,33.4,33.05,33.2,632662
2024-07-15,32.9,32.9,33.4,32.85,33.4,393749
2024-07-16,33.25,33.25,33.35,32.7,33.15,950014
2024-07-17,33.05,33.05,33.7,33.0,33.55,813840
2024-07-18,33.3,33.3,33.3,32.7,33.2,706343
2024-07-19,32.5,32.5,33.05,32.2,32.95,692910
2024-07-22,32.2,32.2,32.35,31.9,32.25,570060
2024-07-23,32.5,32.5,32.8,32.1,32.1,232235
2024-07-26,32.2,32.2,32.55,32.1,32.1,327543
2024-07-29,33.0,33.0,33.2,32.45,32.7,663110
2024-07-30,33.2,33.2,33.2,32.55,33.2,433995
2024-07-31,34.25,34.25,35.0,33.45,33.45,2263197
2024-08-01,35.8,35.8,37.65,34.15,34.2,4225914
2024-08-02,34.5,34.5,35.3,34.5,35.3,1603355
2024-08-05,31.8,31.8,33.5,31.6,33.5,2051930
2024-08-06,32.2,32.2,33.0,30.9,32.3,1449892
2024-08-07,32.8,32.8,32.9,31.95,31.95,561408
2024-08-08,32.3,32.3,32.75,32.0,32.1,443188
2024-08-09,32.7,32.7,33.2,32.3,32.3,602478
2024-08-12,32.9,32.9,33.35,32.7,32.7,385641
2024-08-13,32.9,32.9,33.05,32.55,32.75,418591
2024-08-14,33.55,33.55,33.6,33.05,33.5,774682
2024-08-15,33.6,33.6,34.5,33.6,33.85,648074
2024-08-16,34.2,34.2,34.45,33.6,33.85,645554
2024-08-19,33.85,33.85,34.25,33.7,34.25,317265
2024-08-20,32.85,32.85,33.85,32.6,33.85,1381882
2024-08-21,33.45,33.45,33.8,32.65,32.65,809940
2024-08-22,33.3,33.3,33.5,33.05,33.5,360122
2024-08-23,32.7,32.7,33.15,32.65,33.05,696395
2024-08-26,32.85,32.85,33.15,32.6,32.6,360903
2024-08-27,32.8,32.8,32.85,32.5,32.75,350279
2024-08-28,32.75,32.75,32.9,32.6,32.8,151461
2024-08-29,32.7,32.7,32.75,32.3,32.75,377071
2024-08-30,32.95,32.95,32.95,32.6,32.7,371027
2024-09-02,32.2,32.2,32.75,32.2,32.6,785993
2024-09-03,31.75,31.75,32.3,31.65,32.2,783899
2024-09-04,30.55,30.55,31.15,30.5,31.0,1257322
2024-09-05,30.9,30.9,31.0,30.55,30.6,624350
2024-09-06,31.05,31.05,31.05,30.3,30.8,473562
2024-09-09,30.9,30.9,31.0,30.3,30.3,473463
2024-09-10,30.8,30.8,31.05,30.6,30.85,296916
2024-09-11,30.5,30.5,30.65,30.35,30.4,352904
2024-09-12,30.55,30.55,30.8,30.4,30.6,317049
2024-09-13,30.85,30.85,30.95,30.5,30.5,348142
2024-09-16,30.9,30.9,30.95,30.7,30.8,303338
2024-09-18,30.8,30.8,30.9,30.6,30.75,397400
2024-09-19,31.4,31.4,31.4,30.8,30.9,359656
2024-09-20,30.65,30.65,30.7,30.15,30.7,1090783
2024-09-23,30.35,30.35,30.55,30.2,30.3,644101
2024-09-24,30.55,30.55,30.75,30.35,30.35,304805
2024-09-25,30.9,30.9,31.15,30.65,30.65,544273
2024-09-26,30.8,30.8,31.15,30.8,31.1,233123
2024-09-27,31.0,31.0,31.1,30.75,31.0,464097
2024-09-30,30.65,30.65,31.05,30.55,30.8,326230
2024-10-01,30.3,30.3,30.7,30.2,30.65,423230
2024-10-04,30.35,30.35,30.45,30.15,30.2,316536
2024-10-07,31.5,31.5,31.65,30.8,30.85,1658057
2024-10-08,30.9,30.9,31.25,30.6,30.9,745619
2024-10-09,30.8,30.8,31.25,30.7,31.0,363504
2024-10-11,30.65,30.65,30.8,30.4,30.8,357188
2024-10-14,30.5,30.5,30.6,30.4,30.6,235307
2024-10-15,30.5,30.5,30.7,30.35,30.5,343946
2024-10-16,31.7,31.7,31.7,30.25,30.4,3815445
2024-10-17,30.95,30.95,31.1,30.35,31.0,696737
2024-10-18,30.75,30.75,31.2,30.7,30.8,504409
2024-10-21,30.4,30.4,31.0,30.4,30.85,426077
2024-10-22,30.45,30.45,30.5,30.3,30.45,1222262
2024-10-23,30.35,30.35,30.55,30.3,30.4,348519
2024-10-24,30.35,30.35,30.35,30.2,30.25,182488
2024-10-25,30.25,30.25,30.4,30.2,30.35,360232
2024-10-28,30.35,30.35,30.5,30.3,30.5,151715
2024-10-29,30.35,30.35,30.5,30.2,30.4,332614
2024-10-30,30.15,30.15,30.45,30.1,30.4,369870
2024-11-01,30.75,30.75,30.75,30.05,30.1,384991
2024-11-04,30.3,30.3,30.75,30.2,30.75,233548
2024-11-05,30.2,30.2,30.35,30.15,30.3,206960
2024-11-06,29.95,29.95,30.2,29.95,30.05,536791
2024-11-07,29.9,29.9,30.05,29.8,29.8,305228
2024-11-08,29.75,29.75,30.05,29.7,29.95,503436
2024-11-11,29.85,29.85,29.95,29.4,29.75,349620
2024-11-12,29.45,29.45,29.8,29.35,29.5,571496
2024-11-13,29.1,29.1,29.3,29.05,29.2,422412
2024-11-14,28.85,28.85,29.15,28.85,29.0,450184
2024-11-15,28.95,28.95,29.1,28.8,28.95,373649
2024-11-18,29.0,29.0,29.2,28.85,29.05,169573
2024-11-19,29.3,29.3,29.4,29.0,29.2,198352
2024-11-20,29.3,29.3,29.35,29.05,29.3,168240
2024-11-21,29.1,29.1,29.35,29.0,29.1,212920
2024-11-22,29.55,29.55,29.6,29.15,29.15,296013
2024-11-25,29.95,29.95,29.95,29.6,29.8,299195
2024-11-26,29.95,29.95,29.95,29.7,29.95,149125
2024-11-27,29.7,29.7,29.9,29.5,29.9,157306
2024-11-28,29.5,29.5,29.65,29.25,29.65,134395
2024-11-29,29.3,29.3,29.35,29.0,29.25,195132
2024-12-02,29.3,29.3,29.45,29.25,29.3,69845
2024-12-03,29.5,29.5,29.7,29.35,29.4,192779
2024-12-04,29.55,29.55,29.75,29.4,29.4,178946
2024-12-05,29.6,29.6,29.65,29.35,29.35,104034
2024-12-06,29.5,29.5,29.75,29.45,29.6,257210
2024-12-09,29.6,29.6,29.7,29.5,29.5,111990
2024-12-10,29.55,29.55,29.75,29.5,29.6,139420
2024-12-11,29.5,29.5,29.65,29.35,29.5,165065
2024-12-12,29.3,29.3,29.55,29.3,29.3,159105
2024-12-13,29.2,29.2,29.3,29.1,29.3,181794
2024-12-16,28.9,28.9,29.3,28.9,29.2,237294
2024-12-17,28.95,28.95,29.15,28.8,29.1,182659
2024-12-18,29.05,29.05,29.05,28.8,28.8,186795
2024-12-19,28.45,28.45,29.0,28.35,29.0,730825
2024-12-20,28.5,28.5,28.85,28.35,28.45,390288
2024-12-23,28.65,28.65,28.7,28.45,28.6,216606
2024-12-24,28.7,28.7,28.8,28.55,28.75,165621
2024-12-25,28.8,28.8,28.8,28.5,28.6,119606
2024-12-26,28.55,28.55,28.7,28.55,28.7,79886
2024-12-27,28.6,28.6,28.7,28.45,28.55,169606
2024-12-30,28.5,28.5,28.8,28.5,28.6,97400
2024-12-31,28.7,28.7,28.8,28.35,28.4,225591
2025-01-02,28.5,28.5,28.6,28.35,28.5,279637
2025-01-03,28.4,28.4,28.65,28.35,28.5,123476
2025-01-06,28.55,28.55,28.8,28.4,28.4,232297
2025-01-07,28.6,28.6,28.8,28.5,28.55,144743
2025-01-08,28.85,28.85,28.9,28.5,28.6,326542
2025-01-09,28.45,28.45,28.95,28.4,28.9,317157
2025-01-10,28.35,28.35,28.7,28.25,28.25,273381
2025-01-13,27.8,27.8,28.2,27.8,28.15,671692
2025-01-14,27.75,27.75,28.0,27.65,27.85,301053
2025-01-15,27.7,27.7,27.9,27.7,27.7,197092
2025-01-16,27.8,27.8,28.1,27.8,27.85,188387
2025-01-17,27.9,27.9,28.0,27.9,28.0,74530
2025-01-20,28.15,28.15,28.15,27.8,27.8,125022
2025-01-21,28.1,28.1,28.15,27.9,27.9,131447
2025-01-22,28.1,28.1,28.3,28.1,28.3,143106
2025-02-03,28.1,28.1,28.3,27.9,28.1,347179
2025-02-04,28.0,28.0,28.35,28.0,28.35,195532
2025-02-05,28.0,28.0,28.2,27.95,28.05,240324
2025-02-06,28.3,28.3,28.4,28.0,28.05,169512
2025-02-07,28.25,28.25,28.35,28.2,28.3,130786
2025-02-10,28.2,28.2,28.5,28.2,28.2,226218
2025-02-11,28.0,28.0,28.35,28.0,28.15,396870
2025-02-12,28.3,28.3,28.45,28.0,28.0,253877
2025-02-13,28.45,28.45,28.5,28.3,28.3,81979
2025-02-14,28.4,28.4,28.45,28.2,28.45,129346
2025-02-17,28.55,28.55,28.6,28.4,28.6,128890
2025-02-18,28.7,28.7,28.8,28.55,28.8,126758
2025-02-19,28.65,28.65,28.8,28.6,28.75,168809
2025-02-20,28.8,28.8,28.9,28.65,28.65,75595
2025-02-21,28.95,28.95,28.95,28.65,28.65,122851
2025-02-24,29.0,29.0,29.1,28.65,28.65,138365
2025-02-25,28.9,28.9,28.95,28.65,28.65,164699
2025-02-26,29.05,29.05,29.05,28.75,28.8,108745
2025-02-27,29.45,29.45,29.45,29.15,29.15,427648
2025-03-03,30.4,30.4,30.4,29.55,29.55,892705
2025-03-04,30.1,30.1,30.3,29.85,30.3,366592
2025-03-05,29.95,29.95,30.3,29.8,29.9,219473
2025-03-06,30.0,30.0,30.1,29.85,30.05,209450
2025-03-07,29.75,29.75,30.0,29.7,29.95,231794
2025-03-10,29.7,29.7,30.0,29.6,29.8,289326
2025-03-11,30.05,30.05,30.05,29.1,29.1,502019
2025-03-12,30.05,30.05,30.15,29.75,30.05,318568
2025-03-13,29.65,29.65,30.15,29.6,29.95,185686
2025-03-14,29.8,29.8,29.95,29.5,29.5,215182
2025-03-17,29.9,29.9,30.05,29.7,29.95,162710
2025-03-18,29.9,29.9,30.2,29.8,30.05,155690
2025-03-19,29.9,29.9,30.0,29.6,29.85,214374
2025-03-20,29.85,29.85,29.9,29.8,29.9,93538
2025-03-21,29.55,29.55,29.7,29.55,29.6,161263
2025-03-24,29.45,29.45,29.7,29.4,29.55,114277
2025-03-25,29.45,29.45,29.6,29.35,29.6,81530
2025-03-26,29.8,29.8,29.8,29.4,29.45,64976
2025-03-27,29.45,29.45,29.75,29.4,29.75,73365
2025-03-28,29.2,29.2,29.35,29.1,29.3,187034
2025-03-31,28.85,28.85,28.9,28.6,28.8,436961
2025-04-01,28.9,28.9,29.2,28.75,28.85,161940
2025-04-02,29.25,29.25,29.85,28.6,28.8,316333
2025-04-07,27.25,27.25,28.25,26.6,26.6,1133999
2025-04-08,27.7,27.7,28.05,27.4,27.4,730518
2025-04-09,26.7,26.7,27.9,26.5,27.6,1003518
2025-04-10,28.6,28.6,28.9,28.3,28.3,411370
2025-04-11,28.3,28.3,28.55,27.55,28.55,427308
2025-04-14,27.9,27.9,28.45,27.8,28.05,360280
2025-04-15,28.25,28.25,28.25,27.8,27.8,149410
2025-04-16,27.95,27.95,28.05,27.9,27.95,172219
2025-04-17,28.0,28.0,28.1,27.85,27.9,28915
2025-04-18,28.1,28.1,28.25,27.8,28.25,91415
2025-04-21,27.75,27.75,28.0,27.75,28.0,100678
2025-04-22,27.9,27.9,28.0,27.8,27.95,90109
2025-04-23,28.1,28.1,28.2,27.85,27.9,123867
2025-04-24,28.05,28.05,28.1,27.95,28.0,99449
2025-04-25,28.0,28.0,28.25,28.0,28.2,192103
2025-04-28,28.0,28.0,28.2,28.0,28.0,112933
2025-04-29,28.1,28.1,28.3,28.0,28.0,142045
2025-04-30,27.9,27.9,28.05,27.85,28.0,246697
2025-05-02,28.05,28.05,28.2,27.95,27.95,157320
2025-05-05,28.45,28.45,28.6,28.05,28.25,420377
2025-05-06,28.35,28.35,28.7,28.3,28.5,220015
2025-05-07,28.15,28.15,28.65,28.15,28.15,119949
2025-05-08,28.4,28.4,28.55,28.2,28.45,180773
2025-05-09,28.55,28.55,28.75,28.35,28.35,259185
2025-05-12,28.6,28.6,28.9,28.5,28.65,156544
2025-05-13,28.55,28.55,28.65,28.55,28.6,124120
2025-05-14,28.45,28.45,28.8,28.25,28.6,263874
2025-05-15,28.0,28.0,28.6,28.0,28.45,206676
2025-05-16,28.3,28.3,28.3,28.05,28.05,182431
2025-05-19,28.1,28.1,28.45,27.95,28.4,213991
2025-05-20,28.0,28.0,28.2,28.0,28.2,152918
2025-05-21,28.05,28.05,28.3,28.0,28.0,201021
2025-05-22,27.95,27.95,28.15,27.9,28.05,248951
2025-05-23,28.05,28.05,28.15,27.9,27.9,171652
2025-05-26,28.2,28.2,28.25,28.05,28.05,267083
2025-05-27,28.0,28.0,28.4,27.95,28.25,401612
2025-05-28,27.9,27.9,28.4,27.9,28.4,334574
2025-05-29,27.7,27.7,28.15,27.7,28.15,654991
2025-06-02,27.6,27.6,27.8,27.55,27.65,459120
2025-06-03,27.55,27.55,27.8,27.55,27.75,368979
2025-06-04,27.75,27.75,27.85,27.55,27.55,229329
2025-06-05,27.85,27.85,28.0,27.75,27.75,332887
2025-06-06,27.9,27.9,28.2,27.85,27.85,288583
2025-06-09,28.0,28.0,28.15,27.9,28.1,690257
2025-06-10,26.75,26.75,27.0,26.1,26.4,1351011
2025-06-11,26.6,26.6,26.9,26.25,26.9,530478
2025-06-12,26.35,26.35,26.6,26.3,26.6,267340
2025-06-13,26.4,26.4,26.6,26.05,26.25,407273
2025-06-16,26.2,26.2,26.45,26.2,26.4,318609
2025-06-17,26.3,26.3,26.3,26.0,26.2,297051
2025-06-18,26.35,26.35,26.35,26.1,26.15,271136
2025-06-19,25.85,25.85,26.15,25.8,26.15,657825
2025-06-20,25.65,25.65,26.0,25.65,25.85,3092946
2025-06-23,25.25,25.25,25.5,24.9,25.5,555098
2025-06-24,25.3,25.3,25.65,25.15,25.15,357514
2025-06-25,25.15,25.15,25.3,25.15,25.2,235087
2025-06-26,25.45,25.45,25.7,25.15,25.15,389593
2025-06-27,25.2,25.2,25.45,25.15,25.3,399594
2025-06-30,25.1,25.1,25.25,25.05,25.2,233634
2025-07-01,25.25,25.25,25.75,24.8,25.1,1073414
2025-07-02,25.25,25.25,25.45,25.1,25.2,144130
2025-07-03,25.6,25.6,25.65,25.25,25.25,280014
2025-07-04,25.45,25.45,25.6,25.25,25.6,129458
2025-07-07,25.55,25.55,25.55,25.3,25.45,151867
2025-07-08,25.2,25.2,25.6,25.2,25.6,179426
2025-07-09,25.3,25.3,25.45,25.25,25.25,141520
2025-07-10,25.6,25.6,26.2,25.2,25.2,881147
2025-07-11,25.9,25.9,26.35,25.85,25.9,1099045
2025-07-14,26.35,26.35,26.55,25.9,25.9,843698
2025-07-15,26.7,26.7,26.7,26.05,26.05,766056
2025-07-16,26.3,26.3,27.1,25.9,26.45,1411581
2025-07-17,25.9,25.9,26.3,25.9,26.3,212539
2025-07-18,25.95,25.95,26.2,25.85,26.15,154384
2025-07-21,25.8,25.8,26.0,25.8,25.95,134238
2025-07-22,25.55,25.55,25.85,25.5,25.8,228215
2025-07-23,26.0,26.0,26.1,25.7,25.7,301293
2025-07-24,25.8,25.8,26.0,25.75,25.85,125718
2025-07-25,25.7,25.7,25.9,25.7,25.8,105033
2025-07-28,25.65,25.65,25.85,25.6,25.8,126056
2025-07-29,25.8,25.8,25.8,25.6,25.8,134585
2025-07-30,25.8,25.8,25.8,25.6,25.65,166869
2025-07-31,25.4,25.4,25.8,25.4,25.65,414926
2025-08-01,25.25,25.25,25.4,25.2,25.3,295544
2025-08-04,25.3,25.3,25.35,25.0,25.15,269968
2025-08-05,25.2,25.2,25.4,25.2,25.3,163767
2025-08-06,25.1,25.1,25.25,25.1,25.2,263204
2025-08-07,25.0,25.0,25.15,25.0,25.05,220236
2025-08-08,25.3,25.3,25.4,25.0,25.0,251067
2025-08-11,25.6,25.6,25.6,25.0,25.15,312892
2025-08-12,25.15,25.15,25.7,25.15,25.6,254566
2025-08-13,25.05,25.05,25.25,25.0,25.25,232568
2025-08-14,25.15,25.15,25.15,25.05,25.15,134577
2025-08-15,24.95,24.95,25.1,24.8,25.1,474126
2025-08-18,24.8,24.8,24.95,24.8,24.8,204237
2025-08-19,24.65,24.65,24.8,24.55,24.8,334810
2025-08-20,24.6,24.6,24.7,24.35,24.7,331385
2025-08-21,24.35,24.35,24.7,24.25,24.65,357951
2025-08-22,24.2,24.2,24.3,24.1,24.3,349973
2025-08-25,24.1,24.1,24.3,24.1,24.2,260264
2025-08-26,24.0,24.0,24.15,23.95,24.05,508971
2025-08-27,24.0,24.0,24.1,23.9,24.0,289995
2025-08-28,23.9,23.9,24.05,23.9,24.0,193859
2025-08-29,24.1,24.1,24.2,23.9,23.95,195800
2025-09-01,23.95,23.95,24.1,23.9,24.1,223055
2025-09-02,24.15,24.15,24.3,23.95,23.95,202610
2025-09-03,24.1,24.1,24.3,24.1,24.1,106703
2025-09-04,26.05,26.05,26.2,24.1,24.1,1747693
2025-09-05,25.2,25.2,26.0,25.15,25.75,613015
2025-09-08,24.7,24.7,25.35,24.5,25.35,496585
2025-09-09,25.0,25.0,25.0,24.65,24.8,308390
2025-09-10,24.6,24.6,24.85,24.45,24.75,339762
2025-09-11,24.3,24.3,24.5,24.25,24.5,294097
2025-09-12,24.5,24.5,24.7,24.3,24.3,221700
2025-09-15,24.55,24.55,24.8,24.5,24.5,192710
2025-09-16,24.7,24.7,24.8,24.55,24.55,217676
2025-09-17,24.55,24.55,24.85,24.5,24.6,205402
2025-09-18,24.5,24.5,24.75,24.45,24.6,166484
2025-09-19,24.2,24.2,24.5,24.2,24.5,394372
2025-09-22,24.15,24.15,24.45,24.15,24.3,164217
2025-09-23,24.15,24.15,24.2,24.05,24.15,153603
2025-09-24,24.1,24.1,24.25,24.05,24.15,170825
2025-09-25,24.2,24.2,24.3,24.0,24.25,154067
2025-09-26,24.0,24.0,24.15,24.0,24.15,205609
2025-09-30,24.05,24.05,24.2,24.0,24.2,205759
2025-10-01,24.1,24.1,24.1,23.95,24.05,189447
2025-10-02,24.0,24.0,24.15,24.0,24.15,174876
2025-10-03,24.05,24.05,24.15,23.9,24.15,243648
2025-10-07,24.05,24.05,24.1,23.9,24.1,249835
2025-10-08,23.95,23.95,24.0,23.9,23.95,426628
2025-10-09,23.8,23.8,23.9,23.7,23.9,615909
2025-10-13,23.55,23.55,23.75,23.5,23.6,445443
2025-10-14,23.75,23.75,23.75,23.5,23.55,331043
2025-10-15,23.1,23.1,23.85,23.1,23.55,3818244
2025-10-16,23.4,23.4,23.55,23.1,23.3,701868
2025-10-17,23.15,23.15,23.4,23.1,23.4,451044
2025-10-20,22.8,22.8,23.25,22.8,23.15,691465
2025-10-21,22.7,22.7,22.95,22.5,22.95,1138155
2025-10-22,22.75,22.75,22.8,22.55,22.8,372408
2025-10-23,22.7,22.7,22.8,22.6,22.75,292579
2025-10-27,22.55,22.55,22.8,22.5,22.75,419360
2025-10-28,22.6,22.6,22.75,22.5,22.7,356138
2025-10-29,22.6,22.6,22.7,22.4,22.65,453903
2025-10-30,22.5,22.5,22.75,22.5,22.65,317158
2025-10-31,22.65,22.65,22.7,22.4,22.7,354079
2025-11-03,22.85,22.85,22.85,22.55,22.65,237328
2025-11-04,23.0,23.0,23.0,22.8,22.8,320284
2025-11-05,23.4,23.4,23.8,23.05,23.1,751727
2025-11-06,23.05,23.05,23.5,22.9,23.5,373417
2025-11-07,22.95,22.95,23.15,22.9,23.1,384366
2025-11-10,23.15,23.15,23.15,22.8,23.0,337235
2025-11-11,23.0,23.0,23.25,22.9,23.15,316016
2025-11-12,22.85,22.85,23.05,22.8,23.0,372061
2025-11-13,22.6,22.6,22.85,22.55,22.85,664383
2025-11-14,22.4,22.4,22.85,22.4,22.6,718521
2025-11-17,22.3,22.3,22.4,22.05,22.35,999416
2025-11-18,22.2,22.2,22.2,21.95,22.15,747175
2025-11-19,22.0,22.0,22.35,21.8,22.2,845455
2025-11-20,21.85,21.85,22.05,21.7,22.0,1302395
2025-11-21,21.5,21.5,22.0,21.5,22.0,1433363
2025-11-24,21.4,21.4,22.55,21.4,21.6,9796694
2025-11-25,22.1,22.1,23.0,21.65,21.65,1520273
2025-11-26,22.9,22.9,22.9,22.0,22.3,527751
2025-11-27,22.85,22.85,23.0,22.45,22.45,428800
2025-11-28,22.7,22.7,22.85,22.6,22.85,338326
2025-12-01,22.4,22.4,22.7,22.2,22.45,321263
2025-12-02,22.6,22.6,22.7,22.35,22.4,441451
2025-12-03,22.75,22.75,22.85,22.55,22.7,293096
2025-12-04,22.9,22.9,23.0,22.75,22.75,223189
2025-12-05,23.0,23.0,23.25,22.85,22.9,530712
2025-12-08,22.7,22.7,23.2,22.7,23.2,319467
2025-12-09,22.7,22.7,22.9,22.6,22.65,137375
2025-12-10,22.85,22.85,22.95,22.65,22.65,310338
2025-12-11,23.2,23.2,23.3,22.85,22.85,497427
2025-12-12,23.05,23.05,23.4,23.05,23.2,312177
2025-12-15,22.95,22.95,23.05,22.85,23.0,197510
2025-12-16,22.95,22.95,22.95,22.65,22.65,270032
2025-12-17,22.85,22.85,23.15,22.8,23.0,253927
2025-12-18,22.95,22.95,23.1,22.8,22.85,306004
2025-12-19,23.0,23.0,23.05,22.75,22.75,246204
2025-12-22,22.9,22.9,23.0,22.9,23.0,120650
2025-12-23,22.75,22.75,22.95,22.7,22.8,216219
2025-12-24,22.7,22.7,22.95,22.7,22.75,255602
2025-12-26,22.85,22.85,22.85,22.65,22.7,370259
2025-12-29,22.75,22.75,22.85,22.65,22.85,140213
2025-12-30,22.6,22.6,22.75,22.5,22.75,305586
2025-12-31,22.7,22.7,22.7,22.5,22.6,211599
2026-01-02,22.7,22.7,22.8,22.55,22.75,160889
2026-01-05,22.25,22.25,22.6,22.2,22.6,593736
2026-01-06,22.3,22.3,22.35,22.2,22.2,210025
2026-01-07,22.35,22.35,22.55,22.3,22.4,278937
2026-01-08,22.55,22.55,22.75,22.4,22.4,370176
2026-01-09,22.7,22.7,22.75,22.5,22.65,370466
2026-01-12,22.85,22.85,23.25,22.75,22.9,655120
2026-01-13,22.9,22.9,22.9,22.55,22.85,380904
2026-01-14,22.95,22.95,22.95,22.8,22.9,430851
2026-01-15,22.8,22.8,23.0,22.75,22.9,239706
2026-01-16,22.65,22.65,22.75,22.6,22.7,448641
2026-01-19,22.5,22.5,22.75,22.3,22.5,392518
2026-01-20,22.4,22.4,22.5,22.15,22.45,621480
2026-01-21,22.1,22.1,22.35,22.0,22.35,487976
2026-01-22,22.15,22.15,22.2,22.0,22.1,317899
2026-01-23,22.2,22.2,22.4,22.2,22.2,161228
2026-01-26,22.2,22.2,22.3,22.15,22.3,268733
2026-01-27,22.05,22.05,22.35,22.0,22.2,387296
2026-01-28,21.9,21.9,22.05,21.8,22.05,589777
2026-01-29,22.0,22.0,22.15,21.85,21.9,345168
2026-01-30,21.95,21.95,22.0,21.8,22.0,389634
2026-02-02,21.75,21.75,22.0,21.65,22.0,409335
2026-02-03,21.6,21.6,21.85,21.55,21.7,484289
2026-02-04,21.7,21.7,21.8,21.55,21.6,303579
2026-02-05,21.85,21.85,22.0,21.7,21.7,258292
2026-02-06,21.55,21.55,21.85,21.55,21.85,315737
2026-02-09,21.7,21.7,21.8,21.6,21.6,407179
2026-02-10,21.8,21.8,21.85,21.65,21.7,266674
2026-02-11,22.1,22.1,22.2,21.8,22.0,407945
2026-02-23,22.3,22.3,22.4,22.0,22.4,484671
2026-02-24,22.05,22.05,22.35,22.0,22.3,436813
2026-02-25,22.0,22.0,22.1,21.85,22.1,391056
2026-02-26,22.05,22.05,22.3,21.95,22.05,517593
2026-03-02,21.4,21.4,21.95,21.35,21.95,1109983
2026-03-03,21.1,21.1,21.35,21.0,21.35,1106391
2026-03-04,20.4,20.4,21.0,20.4,21.0,1068483
2026-03-05,20.5,20.5,20.7,20.45,20.65,430011
2026-03-06,20.45,20.45,20.55,20.3,20.5,521686
2026-03-09,20.15,20.15,20.15,19.7,20.0,1187100
2026-03-10,20.2,20.2,20.4,20.1,20.25,322994
2026-03-11,20.4,20.4,20.5,20.2,20.2,245060
2026-03-12,20.1,20.1,20.4,20.0,20.4,671296
2026-03-13,20.15,20.15,20.25,19.7,19.9,517932
2026-03-16,20.2,20.2,20.25,20.0,20.15,344395
2026-03-17,20.4,20.4,20.4,20.05,20.1,354716
2026-03-18,20.35,20.35,20.6,20.1,20.6,556327
2026-03-19,20.05,20.05,20.2,19.85,20.15,470850
2026-03-20,20.2,20.2,21.0,20.2,20.85,534545
2026-03-23,20.0,20.0,20.05,19.6,19.8,506735
2026-03-24,20.05,20.05,20.1,19.9,20.05,157681
2026-03-25,20.15,20.15,20.4,19.95,20.4,503552
2026-03-26,20.05,20.05,20.45,20.0,20.45,245403
2026-03-27,20.1,20.1,20.1,19.95,20.0,240906
2026-03-30,19.85,19.85,20.05,19.65,19.65,622557
2026-03-31,19.9,19.9,20.05,19.7,19.75,624752
2026-04-01,20.05,20.05,20.05,19.9,20.0,267809
2026-04-02,20.0,20.0,20.1,19.85,20.05,183228
2026-04-07,20.0,20.0,20.2,20.0,20.0,208757
2026-04-08,20.0,20.0,20.2,19.85,20.2,535114
2026-04-09,20.0,20.0,20.1,19.85,20.1,385248
2026-04-10,19.9,19.9,20.05,19.85,20.05,388222
2026-04-13,20.0,20.0,20.2,19.95,20.0,670497
2026-04-14,20.1,20.1,20.15,20.0,20.15,442451
2026-04-15,20.1,20.1,20.15,20.0,20.1,347677
2026-04-16,20.2,20.2,20.25,20.1,20.15,511461
2026-04-17,20.1,20.1,20.25,20.05,20.25,292605
2026-04-20,20.0,20.0,20.15,19.9,20.15,570882
2026-04-21,19.95,19.95,20.1,19.9,20.05,407625
2026-04-22,20.0,20.0,20.0,19.85,19.95,517968
2026-04-23,19.85,19.85,19.95,19.7,19.9,690736
2026-04-24,19.95,19.95,20.0,19.75,19.85,522217
2026-04-27,19.75,19.75,19.85,19.55,19.8,665864
2026-04-28,19.95,19.95,19.95,19.75,19.85,208448
2026-04-29,19.9,19.9,20.1,19.85,20.1,200902
2026-04-30,20.0,20.0,20.15,19.85,19.9,541808
2026-05-04,19.7,19.7,20.0,19.7,20.0,314002
2026-05-05,19.75,19.75,19.75,19.65,19.7,294435
2026-05-06,19.75,19.75,19.8,19.6,19.75,571883
2026-05-07,19.75,19.75,19.75,19.6,19.7,494618
2026-05-08,19.6,19.6,19.75,19.55,19.6,741327
2026-05-11,19.2,19.2,19.5,19.15,19.5,1355727
2026-05-12,18.95,18.95,19.2,18.9,19.2,1002853
2026-05-13,19.0,19.0,19.0,18.65,18.95,809249
2026-05-14,18.6,18.6,19.05,18.6,18.9,486160
2026-05-15,18.25,18.25,18.7,18.2,18.6,909344
2026-05-18,18.3,18.3,18.45,18.15,18.25,426460
2026-05-19,18.8,18.8,18.85,18.35,18.35,557802
2026-05-20,18.8,18.8,18.85,18.45,18.85,353070
2026-05-21,18.8,18.8,19.05,18.7,18.9,324977
2026-05-22,18.75,18.75,18.8,18.6,18.8,287504
2026-05-25,18.6,18.6,18.95,18.45,18.75,538306
2026-05-26,18.75,18.75,18.75,18.5,18.55,514863
2026-05-27,18.6,18.6,18.7,18.5,18.7,487706
2026-05-28,18.55,18.55,18.65,18.45,18.6,501631
2026-05-29,18.65,18.65,18.75,18.5,18.5,518430
2026-06-01,19.1,19.1,19.15,18.55,18.65,949237
2026-06-02,19.1,19.1,19.2,18.95,19.05,619070
2026-06-03,19.55,19.55,19.55,19.15,19.25,575024
2026-06-04,19.5,19.5,19.55,19.25,19.5,567812
2026-06-05,19.5,19.5,19.6,19.35,19.5,482015
2026-06-08,19.3,19.3,19.65,19.05,19.35,1185006
2026-06-09,18.85,18.85,19.2,18.7,18.8,917533
2026-06-10,19.55,19.55,19.75,18.75,18.8,2253419
2026-06-11,19.35,19.35,19.55,19.1,19.55,1032521
2026-06-12,19.75,19.75,19.8,19.1,19.35,993323
2026-06-15,19.6,19.6,19.9,19.45,19.9,819505
2026-06-16,20.25,20.25,20.25,19.6,19.6,976781
2026-06-17,20.0,20.0,20.25,19.9,20.1,603789
2026-06-18,19.85,19.85,21.0,19.8,20.25,1517236
2026-06-22,19.4,19.4,19.9,19.25,19.9,992520
2026-06-23,19.25,19.25,19.4,19.1,19.35,514067
2026-06-24,19.2,19.2,19.3,19.05,19.2,609629
2026-06-25,19.25,19.25,19.5,19.25,19.3,224259
2026-06-26,18.95,18.95,19.25,18.95,19.25,826858
2026-06-29,19.15,19.15,19.25,18.95,19.0,261174
2026-06-30,19.15,19.15,19.2,19.0,19.15,315623
2026-07-01,19.35,19.35,19.4,19.05,19.2,382170
2026-07-02,19.3,19.3,19.55,19.2,19.35,325120
2026-07-03,19.5,19.5,19.5,19.15,19.15,474478
2026-07-06,19.6,19.6,19.7,19.5,19.5,412525
2026-07-07,19.65,19.65,19.65,19.5,19.6,363480
2026-07-08,19.65,19.65,19.75,19.55,19.75,243351
2026-07-09,19.7,19.7,19.8,19.6,19.7,250444
2026-07-13,19.75,19.75,19.85,19.6,19.7,291540
2026-07-14,19.5,19.5,19.85,19.4,19.85,546299
2026-07-15,19.75,19.75,19.75,19.5,19.5,423038
2026-07-16,20.3,20.3,20.5,19.6,19.85,1017264
2026-07-17,19.95,19.95,20.45,19.9,20.3,813786
2026-07-20,20.5,20.5,20.55,20.1,20.35,944184
2026-07-21,20.55,20.55,20.75,20.4,20.65,516462
2026-07-22,20.15,20.15,20.5,20.1,20.45,401435
2026-07-23,20.1,20.1,20.2,20.05,20.2,203373
2026-07-24,20.25,20.25,20.3,19.95,20.1,482791
2026-07-27,20.25,20.25,20.35,20.15,20.35,178841
2026-07-28,20.4,20.4,20.4,20.05,20.25,470478
2026-07-29,20.8,20.8,20.8,20.35,20.4,1756407
2026-07-30,20.85,20.85,21.0,20.55,21.0,619435
2026-07-31,20.45,20.45,21.0,20.45,20.9,731662
2026-08-03,20.65,20.65,20.75,20.2,20.3,580220
2026-08-04,20.4,20.4,20.6,20.35,20.45,506144
2026-08-05,20.4,20.4,20.65,20.3,20.65,354665
2026-08-06,20.35,20.35,20.55,20.3,20.3,350633
2026-08-07,20.8,20.8,20.95,20.45,20.5,414221
2026-08-10,21.25,21.25,21.45,21.2,21.2,505279
2026-08-11,21.05,21.05,21.35,20.9,21.25,418734
2026-08-12,21.7,21.7,21.8,21.15,21.15,759517
2026-08-13,21.15,21.15,21.85,20.95,21.8,886301
2026-08-14,20.85,20.85,21.15,20.8,21.15,370621
2026-08-17,20.9,20.9,21.0,20.7,20.7,191357
2026-08-18,20.7,20.7,20.85,20.65,20.8,219281
2026-08-19,20.5,20.5,20.7,20.5,20.6,267855
2026-08-20,20.8,20.8,20.85,20.6,20.6,121544
2026-08-21,21.05,21.05,21.1,20.65,20.8,436257
2026-08-24,20.85,20.85,21.45,20.7,21.0,163032
2026-08-25,20.5,20.5,20.8,20.5,20.8,347491
2026-08-26,20.55,20.55,20.7,20.45,20.5,212345
2026-08-27,20.65,20.65,20.8,20.55,20.55,176580
2026-08-28,20.5,20.5,20.65,20.25,20.65,411371
2026-08-31,20.15,20.15,20.55,20.1,20.5,518710
2026-09-01,20.25,20.25,20.35,20.1,20.1,177523
2026-09-02,20.25,20.25,20.25,19.95,20.1,226472
2026-09-03,20.3,20.3,20.45,20.15,20.2,212712
2026-09-04,20.5,20.5,20.5,20.35,20.4,254682
2026-09-07,20.4,20.4,20.65,20.2,20.65,234786
2026-09-08,20.25,20.25,20.45,20.25,20.4,209167
2026-09-09,20.3,20.3,20.35,20.15,20.15,120414
2026-09-10,20.25,20.25,20.3,20.15,20.3,139030
2026-09-11,20.1,20.1,20.25,20.1,20.25,205197
2026-09-14,19.85,19.85,20.05,19.85,20.0,479039
2026-09-15,19.85,19.85,19.9,19.75,19.85,231983
2026-09-16,19.85,19.85,19.9,19.8,19.9,176341
2026-09-17,20.3,20.3,20.4,19.85,19.85,220290
2026-09-18,20.75,20.75,21.4,20.45,21.3,1282739
2026-09-21,20.6,20.6,20.8,20.5,20.8,542949
2026-09-22,20.35,20.35,20.75,20.25,20.75,185883
2026-09-23,20.3,20.3,20.45,20.2,20.45,413853
