Date,Adj Close,Close,High,Low,Open,Volume
2016-08-12,23.65,23.65,23.9,23.2,23.2,28121
2016-08-15,23.65,23.65,23.9,23.2,23.2,28121
2016-08-16,23.65,23.65,23.9,23.2,23.2,28121
2016-08-17,23.65,23.65,23.9,23.2,23.2,28121
2016-08-18,23.65,23.65,23.9,23.2,23.2,28121
2016-08-19,23.65,23.65,23.9,23.2,23.2,28121
2016-08-22,23.65,23.65,23.9,23.2,23.2,28121
2016-08-23,23.65,23.65,23.9,23.2,23.2,28121
2016-08-24,23.65,23.65,23.9,23.2,23.2,28121
2016-08-25,23.65,23.65,23.9,23.2,23.2,28121
2016-08-26,23.65,23.65,23.9,23.2,23.2,28121
2016-08-29,23.65,23.65,23.9,23.2,23.2,28121
2016-08-30,23.65,23.65,23.9,23.2,23.2,28121
2016-08-31,23.65,23.65,23.9,23.2,23.2,28121
2016-09-01,23.65,23.65,23.9,23.2,23.2,28121
2016-09-02,23.65,23.65,23.9,23.2,23.2,28121
2016-09-05,23.65,23.65,23.9,23.2,23.2,28121
2016-09-06,23.65,23.65,23.9,23.2,23.2,28121
2016-09-07,23.65,23.65,23.9,23.2,23.2,28121
2016-09-08,23.65,23.65,23.9,23.2,23.2,28121
2016-09-09,23.65,23.65,23.9,23.2,23.2,28121
2016-09-12,23.65,23.65,23.9,23.2,23.2,28121
2016-09-13,23.65,23.65,23.9,23.2,23.2,28121
2016-09-14,23.65,23.65,23.9,23.2,23.2,28121
2016-09-19,23.65,23.65,23.9,23.2,23.2,28121
2016-09-20,23.65,23.65,23.9,23.2,23.2,28121
2016-09-21,23.65,23.65,23.9,23.2,23.2,28121
2016-09-22,23.65,23.65,23.9,23.2,23.2,28121
2016-09-23,23.65,23.65,23.9,23.2,23.2,28121
2016-09-26,23.65,23.65,23.9,23.2,23.2,28121
2016-09-29,23.65,23.65,23.9,23.2,23.2,28121
2016-09-30,23.65,23.65,23.9,23.2,23.2,28121
2016-10-03,23.65,23.65,23.9,23.2,23.2,28121
2016-10-04,23.65,23.65,23.9,23.2,23.2,28121
2016-10-05,23.65,23.65,23.9,23.2,23.2,28121
2016-10-06,23.65,23.65,23.9,23.2,23.2,28121
2016-10-07,23.65,23.65,23.9,23.2,23.2,28121
2016-10-11,23.65,23.65,23.9,23.2,23.2,28121
2016-10-12,23.65,23.65,23.9,23.2,23.2,28121
2016-10-13,23.65,23.65,23.9,23.2,23.2,28121
2016-10-14,23.65,23.65,23.9,23.2,23.2,28121
2016-10-17,23.65,23.65,23.9,23.2,23.2,28121
2016-10-18,23.65,23.65,23.9,23.2,23.2,28121
2016-10-19,23.65,23.65,23.9,23.2,23.2,28121
2016-10-20,23.65,23.65,23.9,23.2,23.2,28121
2016-10-21,23.65,23.65,23.9,23.2,23.2,28121
2016-10-24,23.65,23.65,23.9,23.2,23.2,28121
2016-10-25,23.65,23.65,23.9,23.2,23.2,28121
2016-10-26,23.65,23.65,23.9,23.2,23.2,28121
2016-10-27,23.65,23.65,23.9,23.2,23.2,28121
2016-10-28,23.65,23.65,23.9,23.2,23.2,28121
2016-10-31,23.65,23.65,23.9,23.2,23.2,28121
2016-11-01,23.65,23.65,23.9,23.2,23.2,28121
2016-11-02,23.65,23.65,23.9,23.2,23.2,28121
2016-11-03,23.65,23.65,23.9,23.2,23.2,28121
2016-11-04,23.65,23.65,23.9,23.2,23.2,28121
2016-11-07,23.65,23.65,23.9,23.2,23.2,28121
2016-11-08,23.65,23.65,23.9,23.2,23.2,28121
2016-11-09,23.65,23.65,23.9,23.2,23.2,28121
2016-11-10,23.65,23.65,23.9,23.2,23.2,28121
2016-11-11,23.65,23.65,23.9,23.2,23.2,28121
2016-11-14,23.65,23.65,23.9,23.2,23.2,28121
2016-11-15,23.65,23.65,23.9,23.2,23.2,28121
2016-11-16,23.65,23.65,23.9,23.2,23.2,28121
2016-11-17,23.65,23.65,23.9,23.2,23.2,28121
2016-11-18,23.65,23.65,23.9,23.2,23.2,28121
2016-11-21,23.65,23.65,23.9,23.2,23.2,28121
2016-11-22,23.65,23.65,23.9,23.2,23.2,28121
2016-11-23,23.65,23.65,23.9,23.2,23.2,28121
2016-11-24,23.65,23.65,23.9,23.2,23.2,28121
2016-11-25,23.65,23.65,23.9,23.2,23.2,28121
2016-11-28,23.65,23.65,23.9,23.2,23.2,28121
2016-11-29,23.65,23.65,23.9,23.2,23.2,28121
2016-11-30,23.65,23.65,23.9,23.2,23.2,28121
2016-12-01,23.65,23.65,23.9,23.2,23.2,28121
2016-12-02,23.65,23.65,23.9,23.2,23.2,28121
2016-12-05,23.65,23.65,23.9,23.2,23.2,28121
2016-12-06,23.65,23.65,23.9,23.2,23.2,28121
2016-12-07,23.65,23.65,23.9,23.2,23.2,28121
2016-12-08,23.65,23.65,23.9,23.2,23.2,28121
2016-12-09,23.65,23.65,23.9,23.2,23.2,28121
2016-12-12,23.65,23.65,23.9,23.2,23.2,28121
2016-12-13,23.65,23.65,23.9,23.2,23.2,28121
2016-12-14,23.65,23.65,23.9,23.2,23.2,28121
2016-12-15,23.65,23.65,23.9,23.2,23.2,28121
2016-12-16,23.65,23.65,23.9,23.2,23.2,28121
2016-12-19,23.65,23.65,23.9,23.2,23.2,28121
2016-12-20,23.65,23.65,23.9,23.2,23.2,28121
2016-12-21,23.65,23.65,23.9,23.2,23.2,28121
2016-12-22,23.65,23.65,23.9,23.2,23.2,28121
2016-12-23,23.65,23.65,23.9,23.2,23.2,28121
2016-12-26,23.65,23.65,23.9,23.2,23.2,28121
2016-12-27,23.65,23.65,23.9,23.2,23.2,28121
2016-12-28,23.65,23.65,23.9,23.2,23.2,28121
2016-12-29,23.65,23.65,23.9,23.2,23.2,28121
2016-12-30,23.65,23.65,23.9,23.2,23.2,28121
2017-01-03,23.65,23.65,23.9,23.2,23.2,28121
2017-01-04,23.65,23.65,23.9,23.2,23.2,28121
2017-01-05,23.65,23.65,23.9,23.2,23.2,28121
2017-01-06,23.65,23.65,23.9,23.2,23.2,28121
2017-01-09,23.65,23.65,23.9,23.2,23.2,28121
2017-01-10,23.65,23.65,23.9,23.2,23.2,28121
2017-01-11,23.65,23.65,23.9,23.2,23.2,28121
2017-01-12,23.65,23.65,23.9,23.2,23.2,28121
2017-01-13,23.65,23.65,23.9,23.2,23.2,28121
2017-01-16,23.65,23.65,23.9,23.2,23.2,28121
2017-01-17,23.65,23.65,23.9,23.2,23.2,28121
2017-01-18,23.65,23.65,23.9,23.2,23.2,28121
2017-01-19,23.65,23.65,23.9,23.2,23.2,28121
2017-01-20,23.65,23.65,23.9,23.2,23.2,28121
2017-01-23,23.65,23.65,23.9,23.2,23.2,28121
2017-01-24,23.65,23.65,23.9,23.2,23.2,28121
2017-02-02,23.65,23.65,23.9,23.2,23.2,28121
2017-02-03,23.65,23.65,23.9,23.2,23.2,28121
2017-02-06,23.65,23.65,23.9,23.2,23.2,28121
2017-02-07,23.65,23.65,23.9,23.2,23.2,28121
2017-02-08,23.65,23.65,23.9,23.2,23.2,28121
2017-02-09,23.65,23.65,23.9,23.2,23.2,28121
2017-02-10,23.65,23.65,23.9,23.2,23.2,28121
2017-02-13,23.65,23.65,23.9,23.2,23.2,28121
2017-02-14,23.65,23.65,23.9,23.2,23.2,28121
2017-02-15,23.65,23.65,23.9,23.2,23.2,28121
2017-02-16,23.65,23.65,23.9,23.2,23.2,28121
2017-02-17,23.65,23.65,23.9,23.2,23.2,28121
2017-02-20,23.65,23.65,23.9,23.2,23.2,28121
2017-02-21,23.65,23.65,23.9,23.2,23.2,28121
2017-02-22,23.65,23.65,23.9,23.2,23.2,28121
2017-02-23,23.65,23.65,23.9,23.2,23.2,28121
2017-02-24,23.65,23.65,23.9,23.2,23.2,28121
2017-03-01,23.65,23.65,23.9,23.2,23.2,28121
2017-03-02,23.65,23.65,23.9,23.2,23.2,28121
2017-03-03,23.65,23.65,23.9,23.2,23.2,28121
2017-03-06,23.65,23.65,23.9,23.2,23.2,28121
2017-03-07,23.65,23.65,23.9,23.2,23.2,28121
2017-03-08,23.65,23.65,23.9,23.2,23.2,28121
2017-03-09,23.65,23.65,23.9,23.2,23.2,28121
2017-03-10,23.65,23.65,23.9,23.2,23.2,28121
2017-03-13,23.65,23.65,23.9,23.2,23.2,28121
2017-03-14,23.65,23.65,23.9,23.2,23.2,28121
2017-03-15,23.65,23.65,23.9,23.2,23.2,28121
2017-03-16,23.65,23.65,23.9,23.2,23.2,28121
2017-03-17,23.65,23.65,23.9,23.2,23.2,28121
2017-03-20,23.65,23.65,23.9,23.2,23.2,28121
2017-03-21,23.65,23.65,23.9,23.2,23.2,28121
2017-03-22,23.65,23.65,23.9,23.2,23.2,28121
2017-03-23,23.65,23.65,23.9,23.2,23.2,28121
2017-03-24,23.65,23.65,23.9,23.2,23.2,28121
2017-03-27,23.65,23.65,23.9,23.2,23.2,28121
2017-03-28,23.65,23.65,23.9,23.2,23.2,28121
2017-03-29,23.65,23.65,23.9,23.2,23.2,28121
2017-03-30,23.65,23.65,23.9,23.2,23.2,28121
2017-03-31,23.65,23.65,23.9,23.2,23.2,28121
2017-04-05,23.65,23.65,23.9,23.2,23.2,28121
2017-04-06,23.65,23.65,23.9,23.2,23.2,28121
2017-04-07,23.65,23.65,23.9,23.2,23.2,28121
2017-04-10,23.65,23.65,23.9,23.2,23.2,28121
2017-04-11,23.65,23.65,23.9,23.2,23.2,28121
2017-04-12,23.65,23.65,23.9,23.2,23.2,28121
2017-04-13,23.65,23.65,23.9,23.2,23.2,28121
2017-04-14,23.65,23.65,23.9,23.2,23.2,28121
2017-04-17,23.65,23.65,23.9,23.2,23.2,28121
2017-04-18,23.65,23.65,23.9,23.2,23.2,28121
2017-04-19,23.65,23.65,23.9,23.2,23.2,28121
2017-04-21,23.65,23.65,23.9,23.2,23.2,28121
2017-04-24,23.65,23.65,23.9,23.2,23.2,28121
2017-04-25,23.65,23.65,23.9,23.2,23.2,28121
2017-04-26,23.65,23.65,23.9,23.2,23.2,28121
2017-04-27,23.65,23.65,23.9,23.2,23.2,28121
2017-04-28,23.65,23.65,23.9,23.2,23.2,28121
2017-05-02,23.65,23.65,23.9,23.2,23.2,28121
2017-05-03,23.65,23.65,23.9,23.2,23.2,28121
2017-05-04,23.65,23.65,23.9,23.2,23.2,28121
2017-05-05,23.65,23.65,23.9,23.2,23.2,28121
2017-05-08,23.65,23.65,23.9,23.2,23.2,28121
2017-05-09,23.65,23.65,23.9,23.2,23.2,28121
2017-05-10,23.65,23.65,23.9,23.2,23.2,28121
2017-05-11,23.65,23.65,23.9,23.2,23.2,28121
2017-05-12,23.65,23.65,23.9,23.2,23.2,28121
2017-05-15,23.65,23.65,23.9,23.2,23.2,28121
2017-05-16,23.65,23.65,23.9,23.2,23.2,28121
2017-05-17,23.65,23.65,23.9,23.2,23.2,28121
2017-05-18,23.65,23.65,23.9,23.2,23.2,28121
2017-05-19,23.65,23.65,23.9,23.2,23.2,28121
2017-05-22,23.65,23.65,23.9,23.2,23.2,28121
2017-05-23,23.65,23.65,23.9,23.2,23.2,28121
2017-05-24,23.65,23.65,23.9,23.2,23.2,28121
2017-05-25,23.65,23.65,23.9,23.2,23.2,28121
2017-05-26,23.65,23.65,23.9,23.2,23.2,28121
2017-05-31,23.65,23.65,23.9,23.2,23.2,28121
2017-06-01,23.65,23.65,23.9,23.2,23.2,28121
2017-06-02,23.65,23.65,23.9,23.2,23.2,28121
2017-06-05,23.65,23.65,23.9,23.2,23.2,28121
2017-06-06,23.65,23.65,23.9,23.2,23.2,28121
2017-06-07,23.65,23.65,23.9,23.2,23.2,28121
2017-06-08,23.65,23.65,23.9,23.2,23.2,28121
2017-06-09,23.65,23.65,23.9,23.2,23.2,28121
2017-06-12,23.65,23.65,23.9,23.2,23.2,28121
2017-06-13,23.65,23.65,23.9,23.2,23.2,28121
2017-06-14,23.65,23.65,23.9,23.2,23.2,28121
2017-06-15,23.65,23.65,23.9,23.2,23.2,28121
2017-06-16,23.65,23.65,23.9,23.2,23.2,28121
2017-06-19,23.65,23.65,23.9,23.2,23.2,28121
2017-06-20,23.65,23.65,23.9,23.2,23.2,28121
2017-06-21,23.65,23.65,23.9,23.2,23.2,28121
2017-06-22,23.65,23.65,23.9,23.2,23.2,28121
2017-06-23,23.65,23.65,23.9,23.2,23.2,28121
2017-06-26,23.65,23.65,23.9,23.2,23.2,28121
2017-06-27,23.65,23.65,23.9,23.2,23.2,28121
2017-06-28,23.65,23.65,23.9,23.2,23.2,28121
2017-06-29,23.65,23.65,23.9,23.2,23.2,28121
2017-06-30,23.65,23.65,23.9,23.2,23.2,28121
2017-07-03,23.65,23.65,23.9,23.2,23.2,28121
2017-07-04,23.65,23.65,23.9,23.2,23.2,28121
2017-07-05,23.65,23.65,23.9,23.2,23.2,28121
2017-07-06,23.65,23.65,23.9,23.2,23.2,28121
2017-07-07,23.65,23.65,23.9,23.2,23.2,28121
2017-07-10,23.65,23.65,23.9,23.2,23.2,28121
2017-07-11,23.65,23.65,23.9,23.2,23.2,28121
2017-07-12,23.65,23.65,23.9,23.2,23.2,28121
2017-07-13,23.65,23.65,23.9,23.2,23.2,28121
2017-07-14,23.65,23.65,23.9,23.2,23.2,28121
2017-07-17,23.65,23.65,23.9,23.2,23.2,28121
2017-07-18,23.65,23.65,23.9,23.2,23.2,28121
2017-07-19,23.65,23.65,23.9,23.2,23.2,28121
2017-07-20,23.65,23.65,23.9,23.2,23.2,28121
2017-07-21,23.65,23.65,23.9,23.2,23.2,28121
2017-07-24,23.65,23.65,23.9,23.2,23.2,28121
2017-07-25,23.65,23.65,23.9,23.2,23.2,28121
2017-07-26,23.65,23.65,23.9,23.2,23.2,28121
2017-07-27,23.65,23.65,23.9,23.2,23.2,28121
2017-07-28,23.65,23.65,23.9,23.2,23.2,28121
2017-07-31,23.65,23.65,23.9,23.2,23.2,28121
2017-08-01,23.65,23.65,23.9,23.2,23.2,28121
2017-08-02,23.65,23.65,23.9,23.2,23.2,28121
2017-08-03,23.65,23.65,23.9,23.2,23.2,28121
2017-08-04,23.65,23.65,23.9,23.2,23.2,28121
2017-08-07,23.65,23.65,23.9,23.2,23.2,28121
2017-08-08,23.65,23.65,23.9,23.2,23.2,28121
2017-08-09,23.65,23.65,23.9,23.2,23.2,28121
2017-08-10,23.65,23.65,23.9,23.2,23.2,28121
2017-08-11,23.65,23.65,23.9,23.2,23.2,28121
2017-08-14,23.65,23.65,23.9,23.2,23.2,28121
2017-08-15,23.65,23.65,23.9,23.2,23.2,28121
2017-08-16,23.65,23.65,23.9,23.2,23.2,28121
2017-08-17,23.65,23.65,23.9,23.2,23.2,28121
2017-08-18,23.65,23.65,23.9,23.2,23.2,28121
2017-08-21,23.65,23.65,23.9,23.2,23.2,28121
2017-08-22,23.65,23.65,23.9,23.2,23.2,28121
2017-08-23,23.65,23.65,23.9,23.2,23.2,28121
2017-08-24,23.65,23.65,23.9,23.2,23.2,28121
2017-08-25,23.65,23.65,23.9,23.2,23.2,28121
2017-08-28,23.65,23.65,23.9,23.2,23.2,28121
2017-08-29,23.65,23.65,23.9,23.2,23.2,28121
2017-08-30,23.65,23.65,23.9,23.2,23.2,28121
2017-08-31,23.65,23.65,23.9,23.2,23.2,28121
2017-09-01,23.65,23.65,23.9,23.2,23.2,28121
2017-09-04,23.65,23.65,23.9,23.2,23.2,28121
2017-09-05,23.65,23.65,23.9,23.2,23.2,28121
2017-09-06,23.65,23.65,23.9,23.2,23.2,28121
2017-09-07,23.65,23.65,23.9,23.2,23.2,28121
2017-09-08,23.65,23.65,23.9,23.2,23.2,28121
2017-09-11,23.65,23.65,23.9,23.2,23.2,28121
2017-09-12,23.65,23.65,23.9,23.2,23.2,28121
2017-09-13,23.65,23.65,23.9,23.2,23.2,28121
2017-09-14,23.65,23.65,23.9,23.2,23.2,28121
2017-09-15,23.65,23.65,23.9,23.2,23.2,28121
2017-09-18,23.65,23.65,23.9,23.2,23.2,28121
2017-09-19,23.65,23.65,23.9,23.2,23.2,28121
2017-09-20,23.65,23.65,23.9,23.2,23.2,28121
2017-09-21,23.65,23.65,23.9,23.2,23.2,28121
2017-09-22,23.65,23.65,23.9,23.2,23.2,28121
2017-09-25,23.65,23.65,23.9,23.2,23.2,28121
2017-09-26,23.65,23.65,23.9,23.2,23.2,28121
2017-09-27,23.65,23.65,23.9,23.2,23.2,28121
2017-09-28,23.65,23.65,23.9,23.2,23.2,28121
2017-09-29,23.65,23.65,23.9,23.2,23.2,28121
2017-10-02,23.65,23.65,23.9,23.2,23.2,28121
2017-10-03,23.65,23.65,23.9,23.2,23.2,28121
2017-10-05,23.65,23.65,23.9,23.2,23.2,28121
2017-10-06,23.65,23.65,23.9,23.2,23.2,28121
2017-10-11,23.65,23.65,23.9,23.2,23.2,28121
2017-10-12,23.65,23.65,23.9,23.2,23.2,28121
2017-10-13,23.65,23.65,23.9,23.2,23.2,28121
2017-10-16,23.65,23.65,23.9,23.2,23.2,28121
2017-10-17,23.65,23.65,23.9,23.2,23.2,28121
2017-10-18,23.65,23.65,23.9,23.2,23.2,28121
2017-10-19,23.65,23.65,23.9,23.2,23.2,28121
2017-10-20,23.65,23.65,23.9,23.2,23.2,28121
2017-10-23,23.65,23.65,23.9,23.2,23.2,28121
2017-10-24,23.65,23.65,23.9,23.2,23.2,28121
2017-10-25,23.65,23.65,23.9,23.2,23.2,28121
2017-10-26,23.65,23.65,23.9,23.2,23.2,28121
2017-10-27,23.65,23.65,23.9,23.2,23.2,28121
2017-10-30,23.65,23.65,23.9,23.2,23.2,28121
2017-10-31,23.65,23.65,23.9,23.2,23.2,28121
2017-11-01,23.65,23.65,23.9,23.2,23.2,28121
2017-11-02,23.65,23.65,23.9,23.2,23.2,28121
2017-11-03,23.65,23.65,23.9,23.2,23.2,28121
2017-11-06,23.65,23.65,23.9,23.2,23.2,28121
2017-11-07,23.65,23.65,23.9,23.2,23.2,28121
2017-11-08,23.65,23.65,23.9,23.2,23.2,28121
2017-11-09,23.65,23.65,23.9,23.2,23.2,28121
2017-11-10,23.65,23.65,23.9,23.2,23.2,28121
2017-11-13,23.65,23.65,23.9,23.2,23.2,28121
2017-11-14,23.65,23.65,23.9,23.2,23.2,28121
2017-11-15,23.65,23.65,23.9,23.2,23.2,28121
2017-11-16,23.65,23.65,23.9,23.2,23.2,28121
2017-11-17,23.65,23.65,23.9,23.2,23.2,28121
2017-11-20,23.65,23.65,23.9,23.2,23.2,28121
2017-11-21,23.65,23.65,23.9,23.2,23.2,28121
2017-11-22,23.65,23.65,23.9,23.2,23.2,28121
2017-11-23,23.65,23.65,23.9,23.2,23.2,28121
2017-11-24,23.65,23.65,23.9,23.2,23.2,28121
2017-11-27,23.65,23.65,23.9,23.2,23.2,28121
2017-11-28,23.65,23.65,23.9,23.2,23.2,28121
2017-11-29,23.65,23.65,23.9,23.2,23.2,28121
2017-11-30,23.65,23.65,23.9,23.2,23.2,28121
2017-12-01,23.65,23.65,23.9,23.2,23.2,28121
2017-12-04,23.65,23.65,23.9,23.2,23.2,28121
2017-12-05,23.65,23.65,23.9,23.2,23.2,28121
2017-12-06,23.65,23.65,23.9,23.2,23.2,28121
2017-12-07,23.65,23.65,23.9,23.2,23.2,28121
2017-12-08,23.65,23.65,23.9,23.2,23.2,28121
2017-12-11,23.65,23.65,23.9,23.2,23.2,28121
2017-12-12,23.65,23.65,23.9,23.2,23.2,28121
2017-12-13,23.65,23.65,23.9,23.2,23.2,28121
2017-12-14,23.65,23.65,23.9,23.2,23.2,28121
2017-12-15,23.65,23.65,23.9,23.2,23.2,28121
2017-12-18,23.65,23.65,23.9,23.2,23.2,28121
2017-12-19,23.65,23.65,23.9,23.2,23.2,28121
2017-12-20,23.65,23.65,23.9,23.2,23.2,28121
2017-12-21,23.65,23.65,23.9,23.2,23.2,28121
2017-12-22,23.65,23.65,23.9,23.2,23.2,28121
2017-12-25,23.65,23.65,23.9,23.2,23.2,28121
2017-12-26,23.65,23.65,23.9,23.2,23.2,28121
2017-12-27,23.65,23.65,23.9,23.2,23.2,28121
2017-12-28,23.65,23.65,23.9,23.2,23.2,28121
2017-12-29,23.65,23.65,23.9,23.2,23.2,28121
2018-01-02,23.65,23.65,23.9,23.2,23.2,28121
2018-01-03,23.65,23.65,23.9,23.2,23.2,28121
2018-01-04,23.65,23.65,23.9,23.2,23.2,28121
2018-01-05,23.65,23.65,23.9,23.2,23.2,28121
2018-01-08,23.65,23.65,23.9,23.2,23.2,28121
2018-01-09,23.65,23.65,23.9,23.2,23.2,28121
2018-01-10,23.65,23.65,23.9,23.2,23.2,28121
2018-01-11,23.65,23.65,23.9,23.2,23.2,28121
2018-01-12,23.65,23.65,23.9,23.2,23.2,28121
2018-01-15,23.65,23.65,23.9,23.2,23.2,28121
2018-01-16,23.65,23.65,23.9,23.2,23.2,28121
2018-01-17,23.65,23.65,23.9,23.2,23.2,28121
2018-01-18,23.65,23.65,23.9,23.2,23.2,28121
2018-01-19,23.65,23.65,23.9,23.2,23.2,28121
2018-01-22,23.65,23.65,23.9,23.2,23.2,28121
2018-01-23,23.65,23.65,23.9,23.2,23.2,28121
2018-01-24,23.65,23.65,23.9,23.2,23.2,28121
2018-01-25,23.65,23.65,23.9,23.2,23.2,28121
2018-01-26,23.65,23.65,23.9,23.2,23.2,28121
2018-01-29,23.65,23.65,23.9,23.2,23.2,28121
2018-01-30,23.65,23.65,23.9,23.2,23.2,28121
2018-01-31,23.65,23.65,23.9,23.2,23.2,28121
2018-02-01,23.65,23.65,23.9,23.2,23.2,28121
2018-02-02,23.65,23.65,23.9,23.2,23.2,28121
2018-02-05,23.65,23.65,23.9,23.2,23.2,28121
2018-02-06,23.65,23.65,23.9,23.2,23.2,28121
2018-02-07,23.65,23.65,23.9,23.2,23.2,28121
2018-02-08,23.65,23.65,23.9,23.2,23.2,28121
2018-02-09,23.65,23.65,23.9,23.2,23.2,28121
2018-02-12,23.65,23.65,23.9,23.2,23.2,28121
2018-02-21,23.65,23.65,23.9,23.2,23.2,28121
2018-02-22,23.65,23.65,23.9,23.2,23.2,28121
2018-02-23,23.65,23.65,23.9,23.2,23.2,28121
2018-02-26,23.65,23.65,23.9,23.2,23.2,28121
2018-02-27,23.65,23.65,23.9,23.2,23.2,28121
2018-03-01,23.65,23.65,23.9,23.2,23.2,28121
2018-03-02,23.65,23.65,23.9,23.2,23.2,28121
2018-03-05,23.65,23.65,23.9,23.2,23.2,28121
2018-03-06,23.65,23.65,23.9,23.2,23.2,28121
2018-03-07,23.65,23.65,23.9,23.2,23.2,28121
2018-03-08,23.65,23.65,23.9,23.2,23.2,28121
2018-03-09,23.65,23.65,23.9,23.2,23.2,28121
2018-03-12,23.65,23.65,23.9,23.2,23.2,28121
2018-03-13,23.65,23.65,23.9,23.2,23.2,28121
2018-03-14,23.65,23.65,23.9,23.2,23.2,28121
2018-03-15,23.65,23.65,23.9,23.2,23.2,28121
2018-03-16,23.65,23.65,23.9,23.2,23.2,28121
2018-03-19,23.65,23.65,23.9,23.2,23.2,28121
2018-03-20,23.65,23.65,23.9,23.2,23.2,28121
2018-03-21,23.65,23.65,23.9,23.2,23.2,28121
2018-03-22,23.65,23.65,23.9,23.2,23.2,28121
2018-03-23,23.65,23.65,23.9,23.2,23.2,28121
2018-03-26,23.65,23.65,23.9,23.2,23.2,28121
2018-03-27,23.65,23.65,23.9,23.2,23.2,28121
2018-03-28,23.65,23.65,23.9,23.2,23.2,28121
2018-03-29,23.65,23.65,23.9,23.2,23.2,28121
2018-03-30,23.65,23.65,23.9,23.2,23.2,28121
2018-04-02,23.65,23.65,23.9,23.2,23.2,28121
2018-04-03,23.65,23.65,23.9,23.2,23.2,28121
2018-04-09,23.65,23.65,23.9,23.2,23.2,28121
2018-04-10,23.65,23.65,23.9,23.2,23.2,28121
2018-04-11,23.65,23.65,23.9,23.2,23.2,28121
2018-04-12,23.65,23.65,23.9,23.2,23.2,28121
2018-04-13,23.65,23.65,23.9,23.2,23.2,28121
2018-04-16,23.65,23.65,23.9,23.2,23.2,28121
2018-04-17,23.65,23.65,23.9,23.2,23.2,28121
2018-04-18,23.65,23.65,23.9,23.2,23.2,28121
2018-04-19,23.65,23.65,23.9,23.2,23.2,28121
2018-04-20,23.65,23.65,23.9,23.2,23.2,28121
2018-04-23,23.65,23.65,23.9,23.2,23.2,28121
2018-04-24,23.65,23.65,23.9,23.2,23.2,28121
2018-04-25,23.65,23.65,23.9,23.2,23.2,28121
2018-04-26,23.65,23.65,23.9,23.2,23.2,28121
2018-04-27,23.65,23.65,23.9,23.2,23.2,28121
2018-04-30,23.65,23.65,23.9,23.2,23.2,28121
2018-05-02,23.65,23.65,23.9,23.2,23.2,28121
2018-05-03,23.65,23.65,23.9,23.2,23.2,28121
2018-05-04,23.65,23.65,23.9,23.2,23.2,28121
2018-05-07,23.65,23.65,23.9,23.2,23.2,28121
2018-05-08,23.65,23.65,23.9,23.2,23.2,28121
2018-05-09,23.65,23.65,23.9,23.2,23.2,28121
2018-05-10,23.65,23.65,23.9,23.2,23.2,28121
2018-05-11,23.65,23.65,23.9,23.2,23.2,28121
2018-05-14,23.65,23.65,23.9,23.2,23.2,28121
2018-05-15,23.65,23.65,23.9,23.2,23.2,28121
2018-05-16,23.65,23.65,23.9,23.2,23.2,28121
2018-05-17,23.65,23.65,23.9,23.2,23.2,28121
2018-05-18,23.65,23.65,23.9,23.2,23.2,28121
2018-05-21,23.65,23.65,23.9,23.2,23.2,28121
2018-05-22,23.65,23.65,23.9,23.2,23.2,28121
2018-05-23,23.65,23.65,23.9,23.2,23.2,28121
2018-05-24,23.65,23.65,23.9,23.2,23.2,28121
2018-05-25,23.65,23.65,23.9,23.2,23.2,28121
2018-05-28,23.65,23.65,23.9,23.2,23.2,28121
2018-05-29,23.65,23.65,23.9,23.2,23.2,28121
2018-05-30,23.65,23.65,23.9,23.2,23.2,28121
2018-05-31,23.65,23.65,23.9,23.2,23.2,28121
2018-06-01,23.65,23.65,23.9,23.2,23.2,28121
2018-06-04,23.65,23.65,23.9,23.2,23.2,28121
2018-06-05,23.65,23.65,23.9,23.2,23.2,28121
2018-06-06,23.65,23.65,23.9,23.2,23.2,28121
2018-06-07,23.65,23.65,23.9,23.2,23.2,28121
2018-06-08,23.65,23.65,23.9,23.2,23.2,28121
2018-06-11,23.65,23.65,23.9,23.2,23.2,28121
2018-06-12,23.65,23.65,23.9,23.2,23.2,28121
2018-06-13,23.65,23.65,23.9,23.2,23.2,28121
2018-06-14,23.65,23.65,23.9,23.2,23.2,28121
2018-06-15,23.65,23.65,23.9,23.2,23.2,28121
2018-06-19,23.65,23.65,23.9,23.2,23.2,28121
2018-06-20,23.65,23.65,23.9,23.2,23.2,28121
2018-06-21,23.65,23.65,23.9,23.2,23.2,28121
2018-06-22,23.65,23.65,23.9,23.2,23.2,28121
2018-06-25,23.65,23.65,23.9,23.2,23.2,28121
2018-06-26,23.65,23.65,23.9,23.2,23.2,28121
2018-06-27,23.65,23.65,23.9,23.2,23.2,28121
2018-06-28,23.65,23.65,23.9,23.2,23.2,28121
2018-06-29,23.65,23.65,23.9,23.2,23.2,28121
2018-07-02,23.65,23.65,23.9,23.2,23.2,28121
2018-07-03,23.65,23.65,23.9,23.2,23.2,28121
2018-07-04,23.65,23.65,23.9,23.2,23.2,28121
2018-07-05,23.65,23.65,23.9,23.2,23.2,28121
2018-07-06,23.65,23.65,23.9,23.2,23.2,28121
2018-07-09,23.65,23.65,23.9,23.2,23.2,28121
2018-07-10,23.65,23.65,23.9,23.2,23.2,28121
2018-07-11,23.65,23.65,23.9,23.2,23.2,28121
2018-07-12,23.65,23.65,23.9,23.2,23.2,28121
2018-07-13,23.65,23.65,23.9,23.2,23.2,28121
2018-07-16,23.65,23.65,23.9,23.2,23.2,28121
2018-07-17,23.65,23.65,23.9,23.2,23.2,28121
2018-07-18,23.65,23.65,23.9,23.2,23.2,28121
2018-07-19,23.65,23.65,23.9,23.2,23.2,28121
2018-07-20,23.65,23.65,23.9,23.2,23.2,28121
2018-07-23,23.65,23.65,23.9,23.2,23.2,28121
2018-07-24,23.65,23.65,23.9,23.2,23.2,28121
2018-07-25,23.65,23.65,23.9,23.2,23.2,28121
2018-07-26,23.65,23.65,23.9,23.2,23.2,28121
2018-07-27,23.65,23.65,23.9,23.2,23.2,28121
2018-07-30,23.65,23.65,23.9,23.2,23.2,28121
2018-07-31,23.65,23.65,23.9,23.2,23.2,28121
2018-08-01,23.65,23.65,23.9,23.2,23.2,28121
2018-08-02,23.65,23.65,23.9,23.2,23.2,28121
2018-08-03,23.65,23.65,23.9,23.2,23.2,28121
2018-08-06,23.65,23.65,23.9,23.2,23.2,28121
2018-08-07,23.65,23.65,23.9,23.2,23.2,28121
2018-08-08,23.65,23.65,23.9,23.2,23.2,28121
2018-08-09,23.65,23.65,23.9,23.2,23.2,28121
2018-08-10,23.65,23.65,23.9,23.2,23.2,28121
2018-08-13,23.65,23.65,23.9,23.2,23.2,28121
2018-08-14,23.65,23.65,23.9,23.2,23.2,28121
2018-08-15,23.65,23.65,23.9,23.2,23.2,28121
2018-08-16,23.65,23.65,23.9,23.2,23.2,28121
2018-08-17,23.65,23.65,23.9,23.2,23.2,28121
2018-08-20,23.65,23.65,23.9,23.2,23.2,28121
2018-08-21,23.65,23.65,23.9,23.2,23.2,28121
2018-08-22,23.65,23.65,23.9,23.2,23.2,28121
2018-08-23,23.65,23.65,23.9,23.2,23.2,28121
2018-08-24,23.65,23.65,23.9,23.2,23.2,28121
2018-08-27,23.65,23.65,23.9,23.2,23.2,28121
2018-08-28,23.65,23.65,23.9,23.2,23.2,28121
2018-08-29,23.65,23.65,23.9,23.2,23.2,28121
2018-08-30,23.65,23.65,23.9,23.2,23.2,28121
2018-08-31,23.65,23.65,23.9,23.2,23.2,28121
2018-09-03,23.65,23.65,23.9,23.2,23.2,28121
2018-09-04,23.65,23.65,23.9,23.2,23.2,28121
2018-09-05,23.65,23.65,23.9,23.2,23.2,28121
2018-09-06,23.65,23.65,23.9,23.2,23.2,28121
2018-09-07,23.65,23.65,23.9,23.2,23.2,28121
2018-09-10,23.65,23.65,23.9,23.2,23.2,28121
2018-09-11,23.65,23.65,23.9,23.2,23.2,28121
2018-09-12,23.65,23.65,23.9,23.2,23.2,28121
2018-09-13,23.65,23.65,23.9,23.2,23.2,28121
2018-09-14,23.65,23.65,23.9,23.2,23.2,28121
2018-09-17,23.65,23.65,23.9,23.2,23.2,28121
2018-09-18,23.65,23.65,23.9,23.2,23.2,28121
2018-09-19,23.65,23.65,23.9,23.2,23.2,28121
2018-09-20,23.65,23.65,23.9,23.2,23.2,28121
2018-09-21,23.65,23.65,23.9,23.2,23.2,28121
2018-09-25,23.65,23.65,23.9,23.2,23.2,28121
2018-09-26,23.65,23.65,23.9,23.2,23.2,28121
2018-09-27,23.65,23.65,23.9,23.2,23.2,28121
2018-09-28,23.65,23.65,23.9,23.2,23.2,28121
2018-10-01,23.65,23.65,23.9,23.2,23.2,28121
2018-10-02,23.65,23.65,23.9,23.2,23.2,28121
2018-10-03,23.65,23.65,23.9,23.2,23.2,28121
2018-10-04,23.65,23.65,23.9,23.2,23.2,28121
2018-10-05,23.65,23.65,23.9,23.2,23.2,28121
2018-10-08,23.65,23.65,23.9,23.2,23.2,28121
2018-10-09,23.65,23.65,23.9,23.2,23.2,28121
2018-10-11,23.65,23.65,23.9,23.2,23.2,28121
2018-10-12,23.65,23.65,23.9,23.2,23.2,28121
2018-10-15,23.65,23.65,23.9,23.2,23.2,28121
2018-10-16,23.65,23.65,23.9,23.2,23.2,28121
2018-10-17,23.65,23.65,23.9,23.2,23.2,28121
2018-10-18,23.65,23.65,23.9,23.2,23.2,28121
2018-10-19,23.65,23.65,23.9,23.2,23.2,28121
2018-10-22,23.65,23.65,23.9,23.2,23.2,28121
2018-10-23,23.65,23.65,23.9,23.2,23.2,28121
2018-10-24,23.65,23.65,23.9,23.2,23.2,28121
2018-10-25,23.65,23.65,23.9,23.2,23.2,28121
2018-10-26,23.65,23.65,23.9,23.2,23.2,28121
2018-10-29,23.65,23.65,23.9,23.2,23.2,28121
2018-10-30,23.65,23.65,23.9,23.2,23.2,28121
2018-10-31,23.65,23.65,23.9,23.2,23.2,28121
2018-11-01,23.65,23.65,23.9,23.2,23.2,28121
2018-11-02,23.65,23.65,23.9,23.2,23.2,28121
2018-11-05,23.65,23.65,23.9,23.2,23.2,28121
2018-11-06,23.65,23.65,23.9,23.2,23.2,28121
2018-11-07,23.65,23.65,23.9,23.2,23.2,28121
2018-11-08,23.65,23.65,23.9,23.2,23.2,28121
2018-11-09,23.65,23.65,23.9,23.2,23.2,28121
2018-11-12,23.65,23.65,23.9,23.2,23.2,28121
2018-11-13,23.65,23.65,23.9,23.2,23.2,28121
2018-11-14,23.65,23.65,23.9,23.2,23.2,28121
2018-11-15,23.65,23.65,23.9,23.2,23.2,28121
2018-11-16,23.65,23.65,23.9,23.2,23.2,28121
2018-11-19,23.65,23.65,23.9,23.2,23.2,28121
2018-11-20,23.65,23.65,23.9,23.2,23.2,28121
2018-11-21,23.65,23.65,23.9,23.2,23.2,28121
2018-11-22,23.65,23.65,23.9,23.2,23.2,28121
2018-11-23,23.65,23.65,23.9,23.2,23.2,28121
2018-11-26,23.65,23.65,23.9,23.2,23.2,28121
2018-11-27,23.65,23.65,23.9,23.2,23.2,28121
2018-11-28,23.65,23.65,23.9,23.2,23.2,28121
2018-11-29,23.65,23.65,23.9,23.2,23.2,28121
2018-11-30,23.65,23.65,23.9,23.2,23.2,28121
2018-12-03,23.65,23.65,23.9,23.2,23.2,28121
2018-12-04,23.65,23.65,23.9,23.2,23.2,28121
2018-12-05,23.65,23.65,23.9,23.2,23.2,28121
2018-12-06,23.65,23.65,23.9,23.2,23.2,28121
2018-12-07,23.65,23.65,23.9,23.2,23.2,28121
2018-12-10,23.65,23.65,23.9,23.2,23.2,28121
2018-12-11,23.65,23.65,23.9,23.2,23.2,28121
2018-12-12,23.65,23.65,23.9,23.2,23.2,28121
2018-12-13,23.65,23.65,23.9,23.2,23.2,28121
2018-12-14,23.65,23.65,23.9,23.2,23.2,28121
2018-12-17,23.65,23.65,23.9,23.2,23.2,28121
2018-12-18,23.65,23.65,23.9,23.2,23.2,28121
2018-12-19,23.65,23.65,23.9,23.2,23.2,28121
2018-12-20,23.65,23.65,23.9,23.2,23.2,28121
2018-12-21,23.65,23.65,23.9,23.2,23.2,28121
2018-12-24,23.65,23.65,23.9,23.2,23.2,28121
2018-12-25,23.65,23.65,23.9,23.2,23.2,28121
2018-12-26,23.65,23.65,23.9,23.2,23.2,28121
2018-12-27,23.65,23.65,23.9,23.2,23.2,28121
2018-12-28,23.65,23.65,23.9,23.2,23.2,28121
2019-01-02,23.65,23.65,23.9,23.2,23.2,28121
2019-01-03,23.65,23.65,23.9,23.2,23.2,28121
2019-01-04,23.65,23.65,23.9,23.2,23.2,28121
2019-01-07,23.65,23.65,23.9,23.2,23.2,28121
2019-01-08,23.65,23.65,23.9,23.2,23.2,28121
2019-01-09,23.65,23.65,23.9,23.2,23.2,28121
2019-01-10,23.65,23.65,23.9,23.2,23.2,28121
2019-01-11,23.65,23.65,23.9,23.2,23.2,28121
2019-01-14,23.65,23.65,23.9,23.2,23.2,28121
2019-01-15,23.65,23.65,23.9,23.2,23.2,28121
2019-01-16,23.65,23.65,23.9,23.2,23.2,28121
2019-01-17,23.65,23.65,23.9,23.2,23.2,28121
2019-01-18,23.65,23.65,23.9,23.2,23.2,28121
2019-01-21,23.65,23.65,23.9,23.2,23.2,28121
2019-01-22,23.65,23.65,23.9,23.2,23.2,28121
2019-01-23,23.65,23.65,23.9,23.2,23.2,28121
2019-01-24,23.65,23.65,23.9,23.2,23.2,28121
2019-01-25,23.65,23.65,23.9,23.2,23.2,28121
2019-01-28,23.65,23.65,23.9,23.2,23.2,28121
2019-01-29,23.65,23.65,23.9,23.2,23.2,28121
2019-01-30,23.65,23.65,23.9,23.2,23.2,28121
2019-02-11,23.65,23.65,23.9,23.2,23.2,28121
2019-02-12,23.65,23.65,23.9,23.2,23.2,28121
2019-02-13,23.65,23.65,23.9,23.2,23.2,28121
2019-02-14,23.65,23.65,23.9,23.2,23.2,28121
2019-02-15,23.65,23.65,23.9,23.2,23.2,28121
2019-02-18,23.65,23.65,23.9,23.2,23.2,28121
2019-02-19,23.65,23.65,23.9,23.2,23.2,28121
2019-02-20,23.65,23.65,23.9,23.2,23.2,28121
2019-02-21,23.65,23.65,23.9,23.2,23.2,28121
2019-02-22,23.65,23.65,23.9,23.2,23.2,28121
2019-02-25,23.65,23.65,23.9,23.2,23.2,28121
2019-02-26,23.65,23.65,23.9,23.2,23.2,28121
2019-02-27,23.65,23.65,23.9,23.2,23.2,28121
2019-03-04,23.65,23.65,23.9,23.2,23.2,28121
2019-03-05,23.65,23.65,23.9,23.2,23.2,28121
2019-03-06,23.65,23.65,23.9,23.2,23.2,28121
2019-03-07,23.65,23.65,23.9,23.2,23.2,28121
2019-03-08,23.65,23.65,23.9,23.2,23.2,28121
2019-03-11,23.65,23.65,23.9,23.2,23.2,28121
2019-03-12,23.65,23.65,23.9,23.2,23.2,28121
2019-03-13,23.65,23.65,23.9,23.2,23.2,28121
2019-03-14,23.65,23.65,23.9,23.2,23.2,28121
2019-03-15,23.65,23.65,23.9,23.2,23.2,28121
2019-03-18,23.65,23.65,23.9,23.2,23.2,28121
2019-03-19,23.65,23.65,23.9,23.2,23.2,28121
2019-03-20,23.65,23.65,23.9,23.2,23.2,28121
2019-03-21,23.65,23.65,23.9,23.2,23.2,28121
2019-03-22,23.65,23.65,23.9,23.2,23.2,28121
2019-03-25,23.65,23.65,23.9,23.2,23.2,28121
2019-03-26,23.65,23.65,23.9,23.2,23.2,28121
2019-03-27,23.65,23.65,23.9,23.2,23.2,28121
2019-03-28,23.65,23.65,23.9,23.2,23.2,28121
2019-03-29,23.65,23.65,23.9,23.2,23.2,28121
2019-04-01,23.65,23.65,23.9,23.2,23.2,28121
2019-04-02,23.65,23.65,23.9,23.2,23.2,28121
2019-04-03,23.65,23.65,23.9,23.2,23.2,28121
2019-04-08,23.65,23.65,23.9,23.2,23.2,28121
2019-04-09,23.65,23.65,23.9,23.2,23.2,28121
2019-04-10,23.65,23.65,23.9,23.2,23.2,28121
2019-04-11,23.65,23.65,23.9,23.2,23.2,28121
2019-04-12,23.65,23.65,23.9,23.2,23.2,28121
2019-04-15,23.65,23.65,23.9,23.2,23.2,28121
2019-04-16,23.65,23.65,23.9,23.2,23.2,28121
2019-04-17,23.65,23.65,23.9,23.2,23.2,28121
2019-04-18,23.65,23.65,23.9,23.2,23.2,28121
2019-04-19,23.65,23.65,23.9,23.2,23.2,28121
2019-04-22,23.65,23.65,23.9,23.2,23.2,28121
2019-04-23,23.65,23.65,23.9,23.2,23.2,28121
2019-04-24,23.65,23.65,23.9,23.2,23.2,28121
2019-04-25,23.65,23.65,23.9,23.2,23.2,28121
2019-04-26,23.65,23.65,23.9,23.2,23.2,28121
2019-04-29,23.65,23.65,23.9,23.2,23.2,28121
2019-04-30,23.65,23.65,23.9,23.2,23.2,28121
2019-05-02,23.65,23.65,23.9,23.2,23.2,28121
2019-05-03,23.65,23.65,23.9,23.2,23.2,28121
2019-05-06,23.65,23.65,23.9,23.2,23.2,28121
2019-05-07,23.65,23.65,23.9,23.2,23.2,28121
2019-05-08,23.65,23.65,23.9,23.2,23.2,28121
2019-05-09,23.65,23.65,23.9,23.2,23.2,28121
2019-05-10,23.65,23.65,23.9,23.2,23.2,28121
2019-05-13,23.65,23.65,23.9,23.2,23.2,28121
2019-05-14,23.65,23.65,23.9,23.2,23.2,28121
2019-05-15,23.65,23.65,23.9,23.2,23.2,28121
2019-05-16,23.65,23.65,23.9,23.2,23.2,28121
2019-05-17,23.65,23.65,23.9,23.2,23.2,28121
2019-05-20,23.65,23.65,23.9,23.2,23.2,28121
2019-05-21,23.65,23.65,23.9,23.2,23.2,28121
2019-05-22,23.65,23.65,23.9,23.2,23.2,28121
2019-05-23,23.65,23.65,23.9,23.2,23.2,28121
2019-05-24,23.65,23.65,23.9,23.2,23.2,28121
2019-05-27,23.65,23.65,23.9,23.2,23.2,28121
2019-05-28,23.65,23.65,23.9,23.2,23.2,28121
2019-05-29,23.65,23.65,23.9,23.2,23.2,28121
2019-05-30,23.65,23.65,23.9,23.2,23.2,28121
2019-05-31,23.65,23.65,23.9,23.2,23.2,28121
2019-06-03,23.65,23.65,23.9,23.2,23.2,28121
2019-06-04,23.65,23.65,23.9,23.2,23.2,28121
2019-06-05,23.65,23.65,23.9,23.2,23.2,28121
2019-06-06,23.65,23.65,23.9,23.2,23.2,28121
2019-06-10,23.65,23.65,23.9,23.2,23.2,28121
2019-06-11,23.65,23.65,23.9,23.2,23.2,28121
2019-06-12,23.65,23.65,23.9,23.2,23.2,28121
2019-06-13,23.65,23.65,23.9,23.2,23.2,28121
2019-06-14,23.65,23.65,23.9,23.2,23.2,28121
2019-06-17,23.65,23.65,23.9,23.2,23.2,28121
2019-06-18,23.65,23.65,23.9,23.2,23.2,28121
2019-06-19,23.65,23.65,23.9,23.2,23.2,28121
2019-06-20,23.65,23.65,23.9,23.2,23.2,28121
2019-06-21,23.65,23.65,23.9,23.2,23.2,28121
2019-06-24,23.65,23.65,23.9,23.2,23.2,28121
2019-06-25,23.65,23.65,23.9,23.2,23.2,28121
2019-06-26,23.65,23.65,23.9,23.2,23.2,28121
2019-06-27,23.65,23.65,23.9,23.2,23.2,28121
2019-06-28,23.65,23.65,23.9,23.2,23.2,28121
2019-07-01,23.65,23.65,23.9,23.2,23.2,28121
2019-07-02,23.65,23.65,23.9,23.2,23.2,28121
2019-07-03,23.65,23.65,23.9,23.2,23.2,28121
2019-07-04,23.65,23.65,23.9,23.2,23.2,28121
2019-07-05,23.65,23.65,23.9,23.2,23.2,28121
2019-07-08,23.65,23.65,23.9,23.2,23.2,28121
2019-07-09,23.65,23.65,23.9,23.2,23.2,28121
2019-07-10,23.65,23.65,23.9,23.2,23.2,28121
2019-07-11,23.65,23.65,23.9,23.2,23.2,28121
2019-07-12,23.65,23.65,23.9,23.2,23.2,28121
2019-07-15,23.65,23.65,23.9,23.2,23.2,28121
2019-07-16,23.65,23.65,23.9,23.2,23.2,28121
2019-07-17,23.65,23.65,23.9,23.2,23.2,28121
2019-07-18,23.65,23.65,23.9,23.2,23.2,28121
2019-07-19,23.65,23.65,23.9,23.2,23.2,28121
2019-07-22,23.65,23.65,23.9,23.2,23.2,28121
2019-07-23,23.65,23.65,23.9,23.2,23.2,28121
2019-07-24,23.65,23.65,23.9,23.2,23.2,28121
2019-07-25,23.65,23.65,23.9,23.2,23.2,28121
2019-07-26,23.65,23.65,23.9,23.2,23.2,28121
2019-07-29,23.65,23.65,23.9,23.2,23.2,28121
2019-07-30,23.65,23.65,23.9,23.2,23.2,28121
2019-07-31,23.65,23.65,23.9,23.2,23.2,28121
2019-08-01,23.65,23.65,23.9,23.2,23.2,28121
2019-08-02,23.65,23.65,23.9,23.2,23.2,28121
2019-08-05,23.65,23.65,23.9,23.2,23.2,28121
2019-08-06,23.65,23.65,23.9,23.2,23.2,28121
2019-08-07,23.65,23.65,23.9,23.2,23.2,28121
2019-08-08,23.65,23.65,23.9,23.2,23.2,28121
2019-08-12,23.65,23.65,23.9,23.2,23.2,28121
2019-08-13,23.65,23.65,23.9,23.2,23.2,28121
2019-08-14,23.65,23.65,23.9,23.2,23.2,28121
2019-08-15,23.65,23.65,23.9,23.2,23.2,28121
2019-08-16,23.65,23.65,23.9,23.2,23.2,28121
2019-08-19,23.65,23.65,23.9,23.2,23.2,28121
2019-08-20,23.65,23.65,23.9,23.2,23.2,28121
2019-08-21,23.65,23.65,23.9,23.2,23.2,28121
2019-08-22,23.65,23.65,23.9,23.2,23.2,28121
2019-08-23,23.65,23.65,23.9,23.2,23.2,28121
2019-08-26,23.65,23.65,23.9,23.2,23.2,28121
2019-08-27,23.65,23.65,23.9,23.2,23.2,28121
2019-08-28,23.65,23.65,23.9,23.2,23.2,28121
2019-08-29,23.65,23.65,23.9,23.2,23.2,28121
2019-08-30,23.65,23.65,23.9,23.2,23.2,28121
2019-09-02,23.65,23.65,23.9,23.2,23.2,28121
2019-09-03,23.65,23.65,23.9,23.2,23.2,28121
2019-09-04,23.65,23.65,23.9,23.2,23.2,28121
2019-09-05,23.65,23.65,23.9,23.2,23.2,28121
2019-09-06,23.65,23.65,23.9,23.2,23.2,28121
2019-09-09,23.65,23.65,23.9,23.2,23.2,28121
2019-09-10,23.65,23.65,23.9,23.2,23.2,28121
2019-09-11,23.65,23.65,23.9,23.2,23.2,28121
2019-09-12,23.65,23.65,23.9,23.2,23.2,28121
2019-09-16,23.65,23.65,23.9,23.2,23.2,28121
2019-09-17,23.65,23.65,23.9,23.2,23.2,28121
2019-09-18,23.65,23.65,23.9,23.2,23.2,28121
2019-09-19,23.65,23.65,23.9,23.2,23.2,28121
2019-09-20,23.65,23.65,23.9,23.2,23.2,28121
2019-09-23,23.65,23.65,23.9,23.2,23.2,28121
2019-09-24,23.65,23.65,23.9,23.2,23.2,28121
2019-09-25,23.65,23.65,23.9,23.2,23.2,28121
2019-09-26,23.65,23.65,23.9,23.2,23.2,28121
2019-09-27,23.65,23.65,23.9,23.2,23.2,28121
2019-10-01,23.65,23.65,23.9,23.2,23.2,28121
2019-10-02,23.65,23.65,23.9,23.2,23.2,28121
2019-10-03,23.65,23.65,23.9,23.2,23.2,28121
2019-10-04,23.65,23.65,23.9,23.2,23.2,28121
2019-10-07,23.65,23.65,23.9,23.2,23.2,28121
2019-10-08,23.65,23.65,23.9,23.2,23.2,28121
2019-10-09,23.65,23.65,23.9,23.2,23.2,28121
2019-10-14,23.65,23.65,23.9,23.2,23.2,28121
2019-10-15,23.65,23.65,23.9,23.2,23.2,28121
2019-10-16,23.65,23.65,23.9,23.2,23.2,28121
2019-10-17,23.65,23.65,23.9,23.2,23.2,28121
2019-10-18,23.65,23.65,23.9,23.2,23.2,28121
2019-10-21,23.65,23.65,23.9,23.2,23.2,28121
2019-10-22,23.65,23.65,23.9,23.2,23.2,28121
2019-10-23,23.65,23.65,23.9,23.2,23.2,28121
2019-10-24,23.65,23.65,23.9,23.2,23.2,28121
2019-10-25,23.65,23.65,23.9,23.2,23.2,28121
2019-10-28,23.65,23.65,23.9,23.2,23.2,28121
2019-10-29,23.65,23.65,23.9,23.2,23.2,28121
2019-10-30,23.65,23.65,23.9,23.2,23.2,28121
2019-10-31,23.65,23.65,23.9,23.2,23.2,28121
2019-11-01,23.65,23.65,23.9,23.2,23.2,28121
2019-11-04,23.65,23.65,23.9,23.2,23.2,28121
2019-11-05,23.65,23.65,23.9,23.2,23.2,28121
2019-11-06,23.65,23.65,23.9,23.2,23.2,28121
2019-11-07,23.65,23.65,23.9,23.2,23.2,28121
2019-11-08,23.65,23.65,23.9,23.2,23.2,28121
2019-11-11,23.65,23.65,23.9,23.2,23.2,28121
2019-11-12,23.65,23.65,23.9,23.2,23.2,28121
2019-11-13,23.65,23.65,23.9,23.2,23.2,28121
2019-11-14,23.65,23.65,23.9,23.2,23.2,28121
2019-11-20,23.65,23.65,23.9,23.2,23.2,28121
2019-11-21,23.65,23.65,23.9,23.2,23.2,28121
2019-11-22,23.65,23.65,23.9,23.2,23.2,28121
2019-11-25,23.65,23.65,23.9,23.2,23.2,28121
2019-11-26,23.65,23.65,23.9,23.2,23.2,28121
2019-11-27,23.65,23.65,23.9,23.2,23.2,28121
2019-11-28,23.65,23.65,23.9,23.2,23.2,28121
2019-11-29,23.65,23.65,23.9,23.2,23.2,28121
2019-12-02,23.65,23.65,23.9,23.2,23.2,28121
2019-12-03,23.65,23.65,23.9,23.2,23.2,28121
2019-12-04,23.65,23.65,23.9,23.2,23.2,28121
2019-12-05,23.65,23.65,23.9,23.2,23.2,28121
2019-12-06,23.65,23.65,23.9,23.2,23.2,28121
2019-12-09,23.65,23.65,23.9,23.2,23.2,28121
2019-12-10,23.65,23.65,23.9,23.2,23.2,28121
2019-12-11,23.65,23.65,23.9,23.2,23.2,28121
2019-12-12,23.65,23.65,23.9,23.2,23.2,28121
2019-12-13,23.65,23.65,23.9,23.2,23.2,28121
2019-12-16,23.65,23.65,23.9,23.2,23.2,28121
2019-12-17,23.65,23.65,23.9,23.2,23.2,28121
2019-12-18,23.65,23.65,23.9,23.2,23.2,28121
2019-12-19,23.65,23.65,23.9,23.2,23.2,28121
2019-12-20,23.65,23.65,23.9,23.2,23.2,28121
2019-12-23,23.65,23.65,23.9,23.2,23.2,28121
2019-12-24,23.65,23.65,23.9,23.2,23.2,28121
2019-12-25,23.65,23.65,23.9,23.2,23.2,28121
2019-12-26,23.65,23.65,23.9,23.2,23.2,28121
2019-12-27,23.65,23.65,23.9,23.2,23.2,28121
2019-12-30,23.65,23.65,23.9,23.2,23.2,28121
2019-12-31,23.65,23.65,23.9,23.2,23.2,28121
2020-01-02,23.65,23.65,23.9,23.2,23.2,28121
2020-01-03,23.65,23.65,23.9,23.2,23.2,28121
2020-01-06,23.65,23.65,23.9,23.2,23.2,28121
2020-01-07,23.65,23.65,23.9,23.2,23.2,28121
2020-01-08,23.65,23.65,23.9,23.2,23.2,28121
2020-01-09,23.65,23.65,23.9,23.2,23.2,28121
2020-01-10,23.65,23.65,23.9,23.2,23.2,28121
2020-01-13,23.65,23.65,23.9,23.2,23.2,28121
2020-01-14,23.65,23.65,23.9,23.2,23.2,28121
2020-01-15,23.65,23.65,23.9,23.2,23.2,28121
2020-01-16,23.65,23.65,23.9,23.2,23.2,28121
2020-01-17,23.65,23.65,23.9,23.2,23.2,28121
2020-01-20,23.65,23.65,23.9,23.2,23.2,28121
2020-01-30,23.65,23.65,23.9,23.2,23.2,28121
2020-01-31,23.65,23.65,23.9,23.2,23.2,28121
2020-02-03,23.65,23.65,23.9,23.2,23.2,28121
2020-02-04,23.65,23.65,23.9,23.2,23.2,28121
2020-02-05,23.65,23.65,23.9,23.2,23.2,28121
2020-02-06,23.65,23.65,23.9,23.2,23.2,28121
2020-02-07,23.65,23.65,23.9,23.2,23.2,28121
2020-02-10,23.65,23.65,23.9,23.2,23.2,28121
2020-02-11,23.65,23.65,23.9,23.2,23.2,28121
2020-02-12,23.65,23.65,23.9,23.2,23.2,28121
2020-02-13,23.65,23.65,23.9,23.2,23.2,28121
2020-02-14,23.65,23.65,23.9,23.2,23.2,28121
2020-02-17,23.65,23.65,23.9,23.2,23.2,28121
2020-02-18,23.65,23.65,23.9,23.2,23.2,28121
2020-02-19,23.65,23.65,23.9,23.2,23.2,28121
2020-02-20,23.65,23.65,23.9,23.2,23.2,28121
2020-02-21,23.65,23.65,23.9,23.2,23.2,28121
2020-02-24,23.65,23.65,23.9,23.2,23.2,28121
2020-02-25,23.65,23.65,23.9,23.2,23.2,28121
2020-02-26,23.65,23.65,23.9,23.2,23.2,28121
2020-02-27,23.65,23.65,23.9,23.2,23.2,28121
2020-03-02,23.65,23.65,23.9,23.2,23.2,28121
2020-03-03,23.65,23.65,23.9,23.2,23.2,28121
2020-03-04,23.65,23.65,23.9,23.2,23.2,28121
2020-03-05,23.65,23.65,23.9,23.2,23.2,28121
2020-03-06,23.65,23.65,23.9,23.2,23.2,28121
2020-03-09,23.65,23.65,23.9,23.2,23.2,28121
2020-03-10,23.65,23.65,23.9,23.2,23.2,28121
2020-03-11,23.65,23.65,23.9,23.2,23.2,28121
2020-03-12,23.65,23.65,23.9,23.2,23.2,28121
2020-03-13,23.65,23.65,23.9,23.2,23.2,28121
2020-03-16,23.65,23.65,23.9,23.2,23.2,28121
2020-03-17,23.65,23.65,23.9,23.2,23.2,28121
2020-03-18,23.65,23.65,23.9,23.2,23.2,28121
2020-03-19,23.65,23.65,23.9,23.2,23.2,28121
2020-03-20,23.65,23.65,23.9,23.2,23.2,28121
2020-03-23,23.65,23.65,23.9,23.2,23.2,28121
2020-03-24,23.65,23.65,23.9,23.2,23.2,28121
2020-03-25,23.65,23.65,23.9,23.2,23.2,28121
2020-03-26,23.65,23.65,23.9,23.2,23.2,28121
2020-03-27,23.65,23.65,23.9,23.2,23.2,28121
2020-03-30,23.65,23.65,23.9,23.2,23.2,28121
2020-03-31,23.65,23.65,23.9,23.2,23.2,28121
2020-04-01,23.65,23.65,23.9,23.2,23.2,28121
2020-04-07,23.65,23.65,23.9,23.2,23.2,28121
2020-04-08,23.65,23.65,23.9,23.2,23.2,28121
2020-04-09,23.65,23.65,23.9,23.2,23.2,28121
2020-04-10,23.65,23.65,23.9,23.2,23.2,28121
2020-04-13,23.65,23.65,23.9,23.2,23.2,28121
2020-04-14,23.65,23.65,23.9,23.2,23.2,28121
2020-04-15,23.65,23.65,23.9,23.2,23.2,28121
2020-04-16,23.65,23.65,23.9,23.2,23.2,28121
2020-04-17,23.65,23.65,23.9,23.2,23.2,28121
2020-04-20,23.65,23.65,23.9,23.2,23.2,28121
2020-04-21,23.65,23.65,23.9,23.2,23.2,28121
2020-04-22,23.65,23.65,23.9,23.2,23.2,28121
2020-04-23,23.65,23.65,23.9,23.2,23.2,28121
2020-04-24,23.65,23.65,23.9,23.2,23.2,28121
2020-04-27,23.65,23.65,23.9,23.2,23.2,28121
2020-04-28,23.65,23.65,23.9,23.2,23.2,28121
2020-04-29,23.65,23.65,23.9,23.2,23.2,28121
2020-05-04,23.65,23.65,23.9,23.2,23.2,28121
2020-05-05,23.65,23.65,23.9,23.2,23.2,28121
2020-05-06,23.65,23.65,23.9,23.2,23.2,28121
2020-05-07,23.65,23.65,23.9,23.2,23.2,28121
2020-05-08,23.65,23.65,23.9,23.2,23.2,28121
2020-05-11,23.65,23.65,23.9,23.2,23.2,28121
2020-05-12,23.65,23.65,23.9,23.2,23.2,28121
2020-05-13,23.65,23.65,23.9,23.2,23.2,28121
2020-05-14,23.65,23.65,23.9,23.2,23.2,28121
2020-05-15,23.65,23.65,23.9,23.2,23.2,28121
2020-05-18,23.65,23.65,23.9,23.2,23.2,28121
2020-05-19,23.65,23.65,23.9,23.2,23.2,28121
2020-05-20,23.65,23.65,23.9,23.2,23.2,28121
2020-05-21,23.65,23.65,23.9,23.2,23.2,28121
2020-05-22,23.65,23.65,23.9,23.2,23.2,28121
2020-05-25,23.65,23.65,23.9,23.2,23.2,28121
2020-05-26,23.65,23.65,23.9,23.2,23.2,28121
2020-05-27,23.65,23.65,23.9,23.2,23.2,28121
2020-05-28,23.65,23.65,23.9,23.2,23.2,28121
2020-05-29,23.65,23.65,23.9,23.2,23.2,28121
2020-06-01,23.65,23.65,23.9,23.2,23.2,28121
2020-06-02,23.65,23.65,23.9,23.2,23.2,28121
2020-06-03,23.65,23.65,23.9,23.2,23.2,28121
2020-06-04,23.65,23.65,23.9,23.2,23.2,28121
2020-06-05,23.65,23.65,23.9,23.2,23.2,28121
2020-06-08,23.65,23.65,23.9,23.2,23.2,28121
2020-06-09,23.65,23.65,23.9,23.2,23.2,28121
2020-06-10,23.65,23.65,23.9,23.2,23.2,28121
2020-06-11,23.65,23.65,23.9,23.2,23.2,28121
2020-06-12,23.65,23.65,23.9,23.2,23.2,28121
2020-06-15,23.65,23.65,23.9,23.2,23.2,28121
2020-06-16,23.65,23.65,23.9,23.2,23.2,28121
2020-06-17,23.65,23.65,23.9,23.2,23.2,28121
2020-06-18,23.65,23.65,23.9,23.2,23.2,28121
2020-06-19,23.65,23.65,23.9,23.2,23.2,28121
2020-06-22,23.65,23.65,23.9,23.2,23.2,28121
2020-06-23,23.65,23.65,23.9,23.2,23.2,28121
2020-06-24,23.65,23.65,23.9,23.2,23.2,28121
2020-06-29,23.65,23.65,23.9,23.2,23.2,28121
2020-06-30,23.65,23.65,23.9,23.2,23.2,28121
2020-07-01,23.65,23.65,23.9,23.2,23.2,28121
2020-07-02,23.65,23.65,23.9,23.2,23.2,28121
2020-07-03,23.65,23.65,23.9,23.2,23.2,28121
2020-07-06,23.65,23.65,23.9,23.2,23.2,28121
2020-07-07,23.65,23.65,23.9,23.2,23.2,28121
2020-07-08,23.65,23.65,23.9,23.2,23.2,28121
2020-07-09,23.65,23.65,23.9,23.2,23.2,28121
2020-07-10,23.65,23.65,23.9,23.2,23.2,28121
2020-07-13,23.65,23.65,23.9,23.2,23.2,28121
2020-07-14,23.65,23.65,23.9,23.2,23.2,28121
2020-07-15,23.65,23.65,23.9,23.2,23.2,28121
2020-07-16,23.65,23.65,23.9,23.2,23.2,28121
2020-07-17,23.65,23.65,23.9,23.2,23.2,28121
2020-07-20,23.65,23.65,23.9,23.2,23.2,28121
2020-07-21,23.65,23.65,23.9,23.2,23.2,28121
2020-07-22,23.65,23.65,23.9,23.2,23.2,28121
2020-07-23,23.65,23.65,23.9,23.2,23.2,28121
2020-07-24,23.65,23.65,23.9,23.2,23.2,28121
2020-07-27,23.65,23.65,23.9,23.2,23.2,28121
2020-07-28,23.65,23.65,23.9,23.2,23.2,28121
2020-07-29,23.65,23.65,23.9,23.2,23.2,28121
2020-07-30,23.65,23.65,23.9,23.2,23.2,28121
2020-07-31,23.65,23.65,23.9,23.2,23.2,28121
2020-08-03,23.65,23.65,23.9,23.2,23.2,28121
2020-08-04,23.65,23.65,23.9,23.2,23.2,28121
2020-08-05,23.65,23.65,23.9,23.2,23.2,28121
2020-08-06,23.65,23.65,23.9,23.2,23.2,28121
2020-08-07,23.65,23.65,23.9,23.2,23.2,28121
2020-08-10,23.65,23.65,23.9,23.2,23.2,28121
2020-08-11,23.65,23.65,23.9,23.2,23.2,28121
2020-08-12,23.65,23.65,23.9,23.2,23.2,28121
2020-08-13,23.65,23.65,23.9,23.2,23.2,28121
2020-08-14,23.65,23.65,23.9,23.2,23.2,28121
2020-08-17,23.65,23.65,23.9,23.2,23.2,28121
2020-08-18,23.65,23.65,23.9,23.2,23.2,28121
2020-08-19,23.65,23.65,23.9,23.2,23.2,28121
2020-08-20,23.65,23.65,23.9,23.2,23.2,28121
2020-08-21,23.65,23.65,23.9,23.2,23.2,28121
2020-08-24,23.65,23.65,23.9,23.2,23.2,28121
2020-08-25,23.65,23.65,23.9,23.2,23.2,28121
2020-08-26,23.65,23.65,23.9,23.2,23.2,28121
2020-08-27,23.65,23.65,23.9,23.2,23.2,28121
2020-08-28,23.65,23.65,23.9,23.2,23.2,28121
2020-08-31,23.65,23.65,23.9,23.2,23.2,28121
2020-09-01,23.65,23.65,23.9,23.2,23.2,28121
2020-09-02,23.65,23.65,23.9,23.2,23.2,28121
2020-09-03,23.65,23.65,23.9,23.2,23.2,28121
2020-09-04,23.65,23.65,23.9,23.2,23.2,28121
2020-09-07,23.65,23.65,23.9,23.2,23.2,28121
2020-09-08,23.65,23.65,23.9,23.2,23.2,28121
2020-09-09,23.65,23.65,23.9,23.2,23.2,28121
2020-09-10,23.65,23.65,23.9,23.2,23.2,28121
2020-09-11,23.65,23.65,23.9,23.2,23.2,28121
2020-09-14,23.65,23.65,23.9,23.2,23.2,28121
2020-09-15,23.65,23.65,23.9,23.2,23.2,28121
2020-09-16,23.65,23.65,23.9,23.2,23.2,28121
2020-09-17,23.65,23.65,23.9,23.2,23.2,28121
2020-09-18,23.65,23.65,23.9,23.2,23.2,28121
2020-09-21,23.65,23.65,23.9,23.2,23.2,28121
2020-09-22,23.65,23.65,23.9,23.2,23.2,28121
2020-09-23,23.65,23.65,23.9,23.2,23.2,28121
2020-09-24,23.65,23.65,23.9,23.2,23.2,28121
2020-09-25,23.65,23.65,23.9,23.2,23.2,28121
2020-09-28,23.65,23.65,23.9,23.2,23.2,28121
2020-09-29,23.65,23.65,23.9,23.2,23.2,28121
2020-09-30,23.65,23.65,23.9,23.2,23.2,28121
2020-10-05,23.65,23.65,23.9,23.2,23.2,28121
2020-10-06,23.65,23.65,23.9,23.2,23.2,28121
2020-10-07,23.65,23.65,23.9,23.2,23.2,28121
2020-10-08,23.65,23.65,23.9,23.2,23.2,28121
2020-10-12,23.65,23.65,23.9,23.2,23.2,28121
2020-10-13,23.65,23.65,23.9,23.2,23.2,28121
2020-10-14,23.65,23.65,23.9,23.2,23.2,28121
2020-10-15,23.65,23.65,23.9,23.2,23.2,28121
2020-10-16,23.65,23.65,23.9,23.2,23.2,28121
2020-10-19,23.65,23.65,23.9,23.2,23.2,28121
2020-10-20,23.65,23.65,23.9,23.2,23.2,28121
2020-10-21,23.65,23.65,23.9,23.2,23.2,28121
2020-10-22,23.65,23.65,23.9,23.2,23.2,28121
2020-10-23,23.65,23.65,23.9,23.2,23.2,28121
2020-10-26,23.65,23.65,23.9,23.2,23.2,28121
2020-10-27,23.65,23.65,23.9,23.2,23.2,28121
2020-10-28,23.65,23.65,23.9,23.2,23.2,28121
2020-10-29,23.65,23.65,23.9,23.2,23.2,28121
2020-10-30,23.65,23.65,23.9,23.2,23.2,28121
2020-11-02,23.65,23.65,23.9,23.2,23.2,28121
2020-11-03,23.65,23.65,23.9,23.2,23.2,28121
2020-11-04,23.65,23.65,23.9,23.2,23.2,28121
2020-11-05,23.65,23.65,23.9,23.2,23.2,28121
2020-11-06,23.65,23.65,23.9,23.2,23.2,28121
2020-11-09,23.65,23.65,23.9,23.2,23.2,28121
2020-11-10,23.65,23.65,23.9,23.2,23.2,28121
2020-11-11,23.65,23.65,23.9,23.2,23.2,28121
2020-11-12,23.65,23.65,23.9,23.2,23.2,28121
2020-11-13,23.65,23.65,23.9,23.2,23.2,28121
2020-11-16,23.65,23.65,23.9,23.2,23.2,28121
2020-11-17,23.65,23.65,23.9,23.2,23.2,28121
2020-11-18,23.65,23.65,23.9,23.2,23.2,28121
2020-11-19,23.65,23.65,23.9,23.2,23.2,28121
2020-11-20,23.65,23.65,23.9,23.2,23.2,28121
2020-11-23,23.65,23.65,23.9,23.2,23.2,28121
2020-11-24,23.65,23.65,23.9,23.2,23.2,28121
2020-11-25,23.65,23.65,23.9,23.2,23.2,28121
2020-11-26,23.65,23.65,23.9,23.2,23.2,28121
2020-11-27,23.65,23.65,23.9,23.2,23.2,28121
2020-11-30,23.65,23.65,23.9,23.2,23.2,28121
2020-12-01,23.65,23.65,23.9,23.2,23.2,28121
2020-12-02,23.65,23.65,23.9,23.2,23.2,28121
2020-12-04,23.65,23.65,23.9,23.2,23.2,28121
2020-12-07,23.65,23.65,23.9,23.2,23.2,28121
2020-12-08,23.65,23.65,23.9,23.2,23.2,28121
2020-12-09,23.65,23.65,23.9,23.2,23.2,28121
2020-12-10,23.65,23.65,23.9,23.2,23.2,28121
2020-12-11,23.65,23.65,23.9,23.2,23.2,28121
2020-12-14,23.65,23.65,23.9,23.2,23.2,28121
2020-12-15,23.65,23.65,23.9,23.2,23.2,28121
2020-12-16,23.65,23.65,23.9,23.2,23.2,28121
2020-12-17,23.65,23.65,23.9,23.2,23.2,28121
2020-12-18,23.65,23.65,23.9,23.2,23.2,28121
2020-12-21,23.65,23.65,23.9,23.2,23.2,28121
2020-12-22,23.65,23.65,23.9,23.2,23.2,28121
2020-12-23,23.65,23.65,23.9,23.2,23.2,28121
2020-12-24,23.65,23.65,23.9,23.2,23.2,28121
2020-12-25,23.65,23.65,23.9,23.2,23.2,28121
2020-12-28,23.65,23.65,23.9,23.2,23.2,28121
2020-12-29,23.65,23.65,23.9,23.2,23.2,28121
2020-12-30,23.65,23.65,23.9,23.2,23.2,28121
2020-12-31,23.65,23.65,23.9,23.2,23.2,28121
2021-01-04,23.65,23.65,23.9,23.2,23.2,28121
2021-01-05,23.65,23.65,23.9,23.2,23.2,28121
2021-01-06,23.65,23.65,23.9,23.2,23.2,28121
2021-01-07,23.65,23.65,23.9,23.2,23.2,28121
2021-01-08,23.65,23.65,23.9,23.2,23.2,28121
2021-01-11,23.65,23.65,23.9,23.2,23.2,28121
2021-01-12,23.65,23.65,23.9,23.2,23.2,28121
2021-01-13,23.65,23.65,23.9,23.2,23.2,28121
2021-01-14,23.65,23.65,23.9,23.2,23.2,28121
2021-01-15,23.65,23.65,23.9,23.2,23.2,28121
2021-01-18,23.65,23.65,23.9,23.2,23.2,28121
2021-01-19,23.65,23.65,23.9,23.2,23.2,28121
2021-01-20,23.65,23.65,23.9,23.2,23.2,28121
2021-01-21,23.65,23.65,23.9,23.2,23.2,28121
2021-01-22,23.65,23.65,23.9,23.2,23.2,28121
2021-01-25,23.65,23.65,23.9,23.2,23.2,28121
2021-01-26,23.65,23.65,23.9,23.2,23.2,28121
2021-01-27,23.65,23.65,23.9,23.2,23.2,28121
2021-01-28,23.65,23.65,23.9,23.2,23.2,28121
2021-01-29,23.65,23.65,23.9,23.2,23.2,28121
2021-02-01,23.65,23.65,23.9,23.2,23.2,28121
2021-02-02,23.65,23.65,23.9,23.2,23.2,28121
2021-02-03,23.65,23.65,23.9,23.2,23.2,28121
2021-02-04,23.65,23.65,23.9,23.2,23.2,28121
2021-02-05,23.65,23.65,23.9,23.2,23.2,28121
2021-02-17,23.65,23.65,23.9,23.2,23.2,28121
2021-02-18,23.65,23.65,23.9,23.2,23.2,28121
2021-02-19,23.65,23.65,23.9,23.2,23.2,28121
2021-02-22,23.65,23.65,23.9,23.2,23.2,28121
2021-02-23,23.65,23.65,23.9,23.2,23.2,28121
2021-02-24,23.65,23.65,23.9,23.2,23.2,28121
2021-02-25,23.65,23.65,23.9,23.2,23.2,28121
2021-02-26,23.65,23.65,23.9,23.2,23.2,28121
2021-03-02,23.65,23.65,23.9,23.2,23.2,28121
2021-03-03,23.65,23.65,23.9,23.2,23.2,28121
2021-03-04,23.65,23.65,23.9,23.2,23.2,28121
2021-03-05,23.65,23.65,23.9,23.2,23.2,28121
2021-03-08,23.65,23.65,23.9,23.2,23.2,28121
2021-03-09,23.65,23.65,23.9,23.2,23.2,28121
2021-03-10,23.65,23.65,23.9,23.2,23.2,28121
2021-03-11,23.65,23.65,23.9,23.2,23.2,28121
2021-03-12,23.65,23.65,23.9,23.2,23.2,28121
2021-03-15,23.65,23.65,23.9,23.2,23.2,28121
2021-03-16,23.65,23.65,23.9,23.2,23.2,28121
2021-03-17,23.65,23.65,23.9,23.2,23.2,28121
2021-03-18,23.65,23.65,23.9,23.2,23.2,28121
2021-03-19,23.65,23.65,23.9,23.2,23.2,28121
2021-03-22,23.65,23.65,23.9,23.2,23.2,28121
2021-03-23,23.65,23.65,23.9,23.2,23.2,28121
2021-03-24,23.65,23.65,23.9,23.2,23.2,28121
2021-03-25,23.65,23.65,23.9,23.2,23.2,28121
2021-03-26,23.65,23.65,23.9,23.2,23.2,28121
2021-03-29,23.65,23.65,23.9,23.2,23.2,28121
2021-03-30,23.65,23.65,23.9,23.2,23.2,28121
2021-03-31,23.65,23.65,23.9,23.2,23.2,28121
2021-04-01,23.65,23.65,23.9,23.2,23.2,28121
2021-04-06,23.65,23.65,23.9,23.2,23.2,28121
2021-04-07,23.65,23.65,23.9,23.2,23.2,28121
2021-04-08,23.65,23.65,23.9,23.2,23.2,28121
2021-04-09,23.65,23.65,23.9,23.2,23.2,28121
2021-04-12,23.65,23.65,23.9,23.2,23.2,28121
2021-04-13,23.65,23.65,23.9,23.2,23.2,28121
2021-04-14,23.65,23.65,23.9,23.2,23.2,28121
2021-04-15,23.65,23.65,23.9,23.2,23.2,28121
2021-04-16,23.65,23.65,23.9,23.2,23.2,28121
2021-04-19,23.65,23.65,23.9,23.2,23.2,28121
2021-04-20,23.65,23.65,23.9,23.2,23.2,28121
2021-04-21,23.65,23.65,23.9,23.2,23.2,28121
2021-04-22,23.65,23.65,23.9,23.2,23.2,28121
2021-04-23,23.65,23.65,23.9,23.2,23.2,28121
2021-04-26,23.65,23.65,23.9,23.2,23.2,28121
2021-04-27,23.65,23.65,23.9,23.2,23.2,28121
2021-04-28,23.65,23.65,23.9,23.2,23.2,28121
2021-04-29,23.65,23.65,23.9,23.2,23.2,28121
2021-05-03,23.65,23.65,23.9,23.2,23.2,28121
2021-05-04,23.65,23.65,23.9,23.2,23.2,28121
2021-05-05,23.65,23.65,23.9,23.2,23.2,28121
2021-05-06,23.65,23.65,23.9,23.2,23.2,28121
2021-05-07,23.65,23.65,23.9,23.2,23.2,28121
2021-05-10,23.65,23.65,23.9,23.2,23.2,28121
2021-05-11,23.65,23.65,23.9,23.2,23.2,28121
2021-05-12,23.65,23.65,23.9,23.2,23.2,28121
2021-05-13,23.65,23.65,23.9,23.2,23.2,28121
2021-05-14,23.65,23.65,23.9,23.2,23.2,28121
2021-05-17,23.65,23.65,23.9,23.2,23.2,28121
2021-05-18,23.65,23.65,23.9,23.2,23.2,28121
2021-05-19,23.65,23.65,23.9,23.2,23.2,28121
2021-05-20,23.65,23.65,23.9,23.2,23.2,28121
2021-05-21,23.65,23.65,23.9,23.2,23.2,28121
2021-05-24,23.65,23.65,23.9,23.2,23.2,28121
2021-05-25,23.65,23.65,23.9,23.2,23.2,28121
2021-05-26,23.65,23.65,23.9,23.2,23.2,28121
2021-05-27,23.65,23.65,23.9,23.2,23.2,28121
2021-05-28,23.65,23.65,23.9,23.2,23.2,28121
2021-05-31,23.65,23.65,23.9,23.2,23.2,28121
2021-06-01,23.65,23.65,23.9,23.2,23.2,28121
2021-06-02,23.65,23.65,23.9,23.2,23.2,28121
2021-06-03,23.65,23.65,23.9,23.2,23.2,28121
2021-06-04,23.65,23.65,23.9,23.2,23.2,28121
2021-06-07,23.65,23.65,23.9,23.2,23.2,28121
2021-06-08,23.65,23.65,23.9,23.2,23.2,28121
2021-06-09,23.65,23.65,23.9,23.2,23.2,28121
2021-06-10,23.65,23.65,23.9,23.2,23.2,28121
2021-06-11,23.65,23.65,23.9,23.2,23.2,28121
2021-06-15,23.65,23.65,23.9,23.2,23.2,28121
2021-06-16,23.65,23.65,23.9,23.2,23.2,28121
2021-06-17,23.65,23.65,23.9,23.2,23.2,28121
2021-06-18,23.65,23.65,23.9,23.2,23.2,28121
2021-06-21,23.65,23.65,23.9,23.2,23.2,28121
2021-06-22,23.65,23.65,23.9,23.2,23.2,28121
2021-06-23,23.65,23.65,23.9,23.2,23.2,28121
2021-06-24,23.65,23.65,23.9,23.2,23.2,28121
2021-06-25,23.65,23.65,23.9,23.2,23.2,28121
2021-06-28,23.65,23.65,23.9,23.2,23.2,28121
2021-06-29,23.65,23.65,23.9,23.2,23.2,28121
2021-06-30,23.65,23.65,23.9,23.2,23.2,28121
2021-07-01,23.65,23.65,23.9,23.2,23.2,28121
2021-07-02,23.65,23.65,23.9,23.2,23.2,28121
2021-07-05,23.65,23.65,23.9,23.2,23.2,28121
2021-07-06,23.65,23.65,23.9,23.2,23.2,28121
2021-07-07,23.65,23.65,23.9,23.2,23.2,28121
2021-07-08,23.65,23.65,23.9,23.2,23.2,28121
2021-07-09,23.65,23.65,23.9,23.2,23.2,28121
2021-07-12,23.65,23.65,23.9,23.2,23.2,28121
2021-07-13,23.65,23.65,23.9,23.2,23.2,28121
2021-07-14,23.65,23.65,23.9,23.2,23.2,28121
2021-07-15,23.65,23.65,23.9,23.2,23.2,28121
2021-07-16,23.65,23.65,23.9,23.2,23.2,28121
2021-07-19,23.65,23.65,23.9,23.2,23.2,28121
2021-07-20,23.65,23.65,23.9,23.2,23.2,28121
2021-07-21,23.65,23.65,23.9,23.2,23.2,28121
2021-07-22,23.65,23.65,23.9,23.2,23.2,28121
2021-07-23,23.65,23.65,23.9,23.2,23.2,28121
2021-07-26,23.65,23.65,23.9,23.2,23.2,28121
2021-07-27,23.65,23.65,23.9,23.2,23.2,28121
2021-07-28,23.65,23.65,23.9,23.2,23.2,28121
2021-07-29,23.65,23.65,23.9,23.2,23.2,28121
2021-07-30,23.65,23.65,23.9,23.2,23.2,28121
2021-08-02,23.65,23.65,23.9,23.2,23.2,28121
2021-08-03,23.65,23.65,23.9,23.2,23.2,28121
2021-08-04,23.65,23.65,23.9,23.2,23.2,28121
2021-08-05,23.65,23.65,23.9,23.2,23.2,28121
2021-08-06,23.65,23.65,23.9,23.2,23.2,28121
2021-08-09,10.7,10.7,10.75,10.6,10.75,70000
2021-08-10,11.0,11.0,11.05,10.65,10.7,37000
2021-08-11,10.7,10.7,10.9,10.65,10.85,52000
2021-08-12,10.7,10.7,10.7,10.6,10.65,24000
2021-08-13,10.7,10.7,10.7,10.6,10.65,43000
2021-08-16,10.7,10.7,10.7,10.6,10.65,44000
2021-08-17,10.75,10.75,10.75,10.6,10.7,7000
2021-08-18,10.7,10.7,10.85,10.6,10.75,48000
2021-08-19,10.9,10.9,11.2,10.6,10.65,93000
2021-08-20,10.95,10.95,11.2,10.5,10.85,316000
2021-08-23,10.9,10.9,10.95,10.7,10.95,159000
2021-08-24,10.75,10.75,10.85,10.55,10.75,65000
2021-08-25,10.7,10.7,10.7,10.55,10.7,40000
2021-08-26,10.7,10.7,10.7,10.6,10.7,29000
2021-08-27,10.7,10.7,10.7,10.6,10.7,36000
2021-08-30,10.7,10.7,10.75,10.6,10.65,48000
2021-08-31,10.8,10.8,10.8,10.7,10.7,24000
2021-09-01,10.75,10.75,10.8,10.65,10.8,43000
2021-09-02,10.7,10.7,10.8,10.7,10.75,43000
2021-09-03,10.75,10.75,10.75,10.7,10.7,22000
2021-09-06,10.7,10.7,10.75,10.6,10.75,116000
2021-09-07,10.7,10.7,10.7,10.65,10.7,76000
2021-09-08,10.7,10.7,10.75,10.65,10.7,93000
2021-09-09,10.7,10.7,10.75,10.65,10.75,25000
2021-09-10,10.75,10.75,10.8,10.7,10.75,74000
2021-09-13,10.75,10.75,10.75,10.7,10.7,4000
2021-09-14,10.75,10.75,10.75,10.6,10.65,24000
2021-09-15,10.7,10.7,10.7,10.6,10.65,32000
2021-09-16,10.7,10.7,10.7,10.6,10.7,36000
2021-09-17,10.75,10.75,10.9,10.75,10.75,91000
2021-09-22,10.9,10.9,10.95,10.75,10.75,66000
2021-09-23,10.9,10.9,10.9,10.75,10.9,45000
2021-09-24,10.9,10.9,10.95,10.8,10.9,61000
2021-09-27,10.95,10.95,10.95,10.85,10.85,20000
2021-09-28,10.9,10.9,10.95,10.8,10.95,24000
2021-09-29,11.5,11.5,11.6,10.85,10.9,415000
2021-09-30,11.85,11.85,12.65,11.3,11.4,1061000
2021-10-01,11.0,11.0,11.55,10.9,11.55,233000
2021-10-04,10.95,10.95,11.1,10.85,11.1,95000
2021-10-05,11.0,11.0,11.05,10.9,11.0,21000
2021-10-06,11.2,11.2,11.2,11.0,11.1,64000
2021-10-07,11.1,11.1,11.25,11.1,11.25,32000
2021-10-08,11.15,11.15,11.3,11.0,11.1,55000
2021-10-12,11.4,11.4,11.45,11.05,11.15,89000
2021-10-13,11.25,11.25,11.45,11.2,11.45,18000
2021-10-14,11.2,11.2,11.2,11.1,11.2,15000
2021-10-15,11.15,11.15,11.25,11.05,11.2,17000
2021-10-18,11.25,11.25,11.3,11.2,11.25,32000
2021-10-19,11.4,11.4,11.45,11.25,11.3,26000
2021-10-20,11.55,11.55,11.55,11.3,11.45,83000
2021-10-21,11.5,11.5,11.5,11.4,11.5,23000
2021-10-22,11.5,11.5,11.55,11.45,11.45,33000
2021-10-25,11.55,11.55,11.55,11.45,11.5,20000
2021-10-26,11.7,11.7,11.9,11.5,11.55,145000
2021-10-27,11.8,11.8,11.85,11.65,11.75,29000
2021-10-28,11.45,11.45,11.8,11.45,11.65,32000
2021-10-29,11.45,11.45,11.6,11.35,11.5,26000
2021-11-01,11.55,11.55,11.55,11.4,11.5,168000
2021-11-02,11.5,11.5,11.65,11.5,11.55,16000
2021-11-03,11.5,11.5,11.6,11.4,11.5,24000
2021-11-04,11.6,11.6,11.6,11.45,11.5,12000
2021-11-05,11.45,11.45,11.6,11.45,11.5,51000
2021-11-08,11.55,11.55,11.55,11.45,11.5,14000
2021-11-09,11.6,11.6,11.6,11.45,11.5,21000
2021-11-10,11.65,11.65,11.65,11.5,11.6,17000
2021-11-11,11.5,11.5,11.65,11.5,11.6,16000
2021-11-12,11.55,11.55,11.6,11.45,11.5,47000
2021-11-15,11.6,11.6,11.6,11.5,11.5,35000
2021-11-16,11.55,11.55,11.6,11.5,11.5,30000
2021-11-17,11.5,11.5,11.5,11.5,11.5,10000
2021-11-18,11.6,11.6,11.6,11.45,11.45,61000
2021-11-19,11.55,11.55,11.6,11.5,11.6,26000
2021-11-22,11.55,11.55,11.55,11.5,11.5,13000
2021-11-23,11.6,11.6,11.6,11.55,11.55,3000
2021-11-24,11.55,11.55,11.6,11.55,11.6,17000
2021-11-25,11.55,11.55,11.55,11.5,11.5,9000
2021-11-26,11.6,11.6,11.6,11.5,11.55,65000
2021-11-29,11.6,11.6,11.6,11.45,11.5,23000
2021-11-30,11.6,11.6,11.6,11.55,11.6,12000
2021-12-01,12.05,12.05,12.5,11.45,11.5,132000
2021-12-02,11.9,11.9,12.05,11.6,12.0,81000
2021-12-03,11.75,11.75,11.95,11.55,11.65,32000
2021-12-06,11.75,11.75,11.75,11.55,11.55,18000
2021-12-07,11.85,11.85,11.85,11.6,11.65,38000
2021-12-08,11.8,11.8,11.8,11.6,11.7,12000
2021-12-09,11.75,11.75,11.75,11.7,11.7,4000
2021-12-10,11.8,11.8,11.8,11.7,11.7,29000
2021-12-13,12.0,12.0,12.05,11.85,11.85,143000
2021-12-14,12.15,12.15,12.5,12.1,12.1,66000
2021-12-15,12.2,12.2,12.3,12.1,12.15,19000
2021-12-16,12.2,12.2,12.3,12.2,12.2,23000
2021-12-17,12.15,12.15,12.35,12.1,12.3,50000
2021-12-20,12.45,12.45,12.5,12.15,12.15,126000
2021-12-21,12.45,12.45,12.45,12.4,12.45,13000
2021-12-22,12.35,12.35,12.4,12.2,12.4,20000
2021-12-23,12.35,12.35,12.35,12.2,12.25,12000
2021-12-24,12.2,12.2,12.4,12.2,12.35,32000
2021-12-27,13.4,13.4,13.4,12.4,12.4,1023000
2021-12-28,13.15,13.15,13.2,12.1,12.2,713000
2021-12-29,12.8,12.8,13.1,12.45,12.6,196000
2021-12-30,13.15,13.15,13.5,12.65,12.7,216000
2022-01-03,12.5,12.5,13.1,12.5,13.1,150000
2022-01-04,12.65,12.65,12.95,12.35,12.6,195000
2022-01-05,12.65,12.65,12.65,12.25,12.5,124000
2022-01-06,12.5,12.5,12.55,12.35,12.55,22000
2022-01-07,12.35,12.35,12.55,12.3,12.55,33000
2022-01-10,12.25,12.25,12.45,12.2,12.45,41000
2022-01-11,12.3,12.3,12.4,12.15,12.3,49000
2022-01-12,12.05,12.05,12.35,12.0,12.15,60000
2022-01-13,12.05,12.05,12.2,12.05,12.15,11000
2022-01-14,12.1,12.1,12.2,11.85,12.2,28000
2022-01-17,12.0,12.0,12.1,12.0,12.1,15000
2022-01-18,11.85,11.85,12.0,11.85,12.0,23000
2022-01-19,11.9,11.9,12.0,11.9,12.0,12000
2022-01-20,11.95,11.95,11.95,11.8,11.85,19000
2022-01-21,11.75,11.75,11.95,11.65,11.95,23000
2022-01-24,11.5,11.5,11.8,11.5,11.8,65000
2022-01-25,11.85,11.85,11.85,11.45,11.5,87000
2022-01-26,11.9,11.9,11.95,11.75,11.85,23000
2022-02-07,11.9,11.9,11.95,11.85,11.85,5000
2022-02-08,11.95,11.95,12.0,11.9,11.9,6000
2022-02-09,11.95,11.95,12.05,11.85,11.85,5000
2022-02-10,12.45,12.45,12.5,12.0,12.1,53000
2022-02-11,12.6,12.6,12.85,12.4,12.45,68000
2022-02-14,12.65,12.65,12.7,12.4,12.6,54000
2022-02-15,12.65,12.65,12.7,12.5,12.7,34000
2022-02-16,12.8,12.8,12.8,12.65,12.65,29000
2022-02-17,12.7,12.7,12.9,12.65,12.8,34000
2022-02-18,12.9,12.9,13.25,12.8,12.85,76000
2022-02-21,12.75,12.75,12.8,12.6,12.8,14000
2022-02-22,13.25,13.25,13.3,12.65,12.65,82000
2022-02-23,13.25,13.25,13.25,12.85,13.05,104000
2022-02-24,13.1,13.1,13.15,12.95,13.05,16000
2022-02-25,13.0,13.0,13.35,12.9,12.95,30000
2022-03-01,13.05,13.05,13.25,12.9,13.1,14000
2022-03-02,12.9,12.9,13.05,12.8,13.05,6000
2022-03-03,13.05,13.05,13.05,13.0,13.0,4000
2022-03-04,12.85,12.85,13.1,12.7,13.05,13000
2022-03-07,12.9,12.9,12.9,12.75,12.8,52000
2022-03-08,12.75,12.75,12.95,12.6,12.9,21000
2022-03-09,12.85,12.85,12.85,12.8,12.8,2000
2022-03-10,12.75,12.75,12.9,12.75,12.85,6000
2022-03-11,12.7,12.7,13.0,12.7,12.75,20000
2022-03-14,12.55,12.55,12.75,12.35,12.75,59000
2022-03-15,12.3,12.3,12.55,12.3,12.4,59000
2022-03-16,12.8,12.8,13.0,12.3,12.45,43000
2022-03-17,12.95,12.95,12.95,12.75,12.75,11000
2022-03-18,12.85,12.85,13.0,12.8,13.0,90000
2022-03-21,12.85,12.85,13.0,12.85,13.0,6000
2022-03-22,12.9,12.9,13.0,12.8,13.0,6000
2022-03-23,12.9,12.9,12.9,12.9,12.9,1000
2022-03-24,12.9,12.9,12.9,12.5,12.8,28000
2022-03-25,12.9,12.9,12.9,12.85,12.85,3000
2022-03-28,12.8,12.8,12.9,12.7,12.9,6000
2022-03-29,12.75,12.75,12.85,12.55,12.7,20000
2022-03-30,13.0,13.0,13.1,12.6,12.65,71000
2022-03-31,14.3,14.3,14.3,13.05,13.05,1809000
2022-04-01,13.9,13.9,13.9,12.9,13.0,780000
2022-04-06,13.8,13.8,13.8,13.2,13.3,157000
2022-04-07,13.55,13.55,13.75,13.25,13.75,95000
2022-04-08,13.5,13.5,13.5,13.2,13.35,33000
2022-04-11,13.5,13.5,13.8,13.3,13.3,46000
2022-04-12,13.3,13.3,13.45,13.05,13.25,80000
2022-04-13,13.15,13.15,13.25,13.1,13.2,49000
2022-04-14,13.3,13.3,13.4,12.9,13.15,131000
2022-04-15,13.35,13.35,13.35,13.0,13.15,43000
2022-04-18,13.55,13.55,14.2,13.45,13.45,95000
2022-04-19,13.5,13.5,14.1,13.5,13.7,77000
2022-04-20,13.5,13.5,13.65,13.25,13.5,16000
2022-04-21,13.75,13.75,13.75,13.3,13.35,23000
2022-04-22,13.9,13.9,14.1,13.7,13.7,66000
2022-04-25,14.1,14.1,14.1,13.75,13.85,56000
2022-04-26,14.05,14.05,14.2,13.65,14.1,133000
2022-04-27,14.1,14.1,14.1,13.8,13.85,124000
2022-04-28,14.05,14.05,14.2,13.85,14.15,30000
2022-04-29,14.0,14.0,14.2,13.7,13.85,38000
2022-05-03,15.25,15.25,15.25,13.95,13.95,297000
2022-05-04,14.8,14.8,15.25,14.7,15.25,122000
2022-05-05,15.1,15.1,15.1,14.7,15.0,57000
2022-05-06,15.1,15.1,15.2,14.65,14.95,55000
2022-05-09,15.65,15.65,15.7,14.75,15.05,135000
2022-05-10,15.55,15.55,15.65,14.9,15.6,219000
2022-05-11,15.25,15.25,15.8,15.25,15.6,90000
2022-05-12,15.4,15.4,15.6,15.0,15.25,123000
2022-05-13,15.45,15.45,15.5,15.05,15.15,38000
2022-05-16,14.55,14.55,15.15,14.55,15.15,80000
2022-05-17,14.85,14.85,14.85,14.3,14.5,28000
2022-05-18,14.8,14.8,14.9,14.2,14.9,22000
2022-05-19,14.65,14.65,14.75,14.35,14.75,9000
2022-05-20,15.75,15.75,16.0,14.75,14.75,197000
2022-05-23,17.05,17.05,17.2,15.95,16.1,237000
2022-05-24,16.85,16.85,16.9,16.45,16.9,109000
2022-05-25,17.0,17.0,17.1,16.45,16.95,56000
2022-05-26,17.15,17.15,17.5,16.6,17.0,38000
2022-05-27,17.35,17.35,17.7,17.2,17.4,68000
2022-05-30,17.8,17.8,17.8,16.8,17.55,128000
2022-05-31,17.9,17.9,18.1,17.45,17.8,33000
2022-06-01,17.85,17.85,18.0,17.3,17.5,15000
2022-06-02,19.1,19.1,19.1,17.5,17.7,97000
2022-06-06,18.75,18.75,19.1,18.6,19.1,16000
2022-06-07,19.1,19.1,19.25,18.3,18.45,88000
2022-06-08,19.6,19.6,19.6,18.45,18.6,109000
2022-06-09,19.75,19.75,19.75,18.7,19.5,53000
2022-06-10,19.9,19.9,20.3,19.2,19.65,80000
2022-06-13,19.9,19.9,20.25,19.35,20.25,61000
2022-06-14,19.7,19.7,19.7,19.0,19.35,40000
2022-06-15,19.6,19.6,19.6,18.9,19.1,49000
2022-06-16,19.6,19.6,19.6,18.75,19.05,28000
2022-06-17,18.65,18.65,19.35,18.65,19.0,50000
2022-06-20,18.9,18.9,19.45,18.55,19.45,34000
2022-06-21,19.15,19.15,19.4,18.85,19.4,18000
2022-06-22,19.0,19.0,19.2,18.0,19.2,25000
2022-06-23,19.4,19.4,19.4,18.85,18.85,16000
2022-06-24,19.4,19.4,19.4,19.4,19.4,1000
2022-06-27,20.4,20.4,20.6,18.7,19.35,107000
2022-06-28,20.2,20.2,20.5,19.7,20.3,8000
2022-06-29,19.05,19.05,19.85,19.05,19.7,38000
2022-06-30,19.9,19.9,20.1,18.95,19.1,109000
2022-07-01,19.5,19.5,19.75,19.1,19.35,46000
2022-07-04,19.5,19.5,19.7,18.65,18.95,36000
2022-07-05,19.5,19.5,19.5,18.9,19.15,56000
2022-07-06,19.9,19.9,20.0,18.8,19.0,77000
2022-07-07,20.0,20.0,20.45,19.0,19.1,53000
2022-07-08,19.25,19.25,19.25,19.25,19.25,1000
2022-07-11,19.45,19.45,19.75,19.15,19.25,22000
2022-07-12,20.1,20.1,20.1,19.0,19.1,62000
2022-07-13,20.3,20.3,20.9,19.5,19.5,166000
2022-07-14,20.2,20.2,20.2,19.85,19.85,6000
2022-07-15,19.9,19.9,20.05,19.35,19.8,26000
2022-07-18,20.0,20.0,20.0,19.55,19.85,23000
2022-07-19,19.65,19.65,19.9,19.6,19.6,15000
2022-07-20,19.9,19.9,20.2,19.65,19.9,7000
2022-07-21,19.9,19.9,19.95,19.65,19.95,12000
2022-07-22,19.75,19.75,19.75,19.4,19.4,4000
2022-07-25,19.9,19.9,19.9,19.6,19.7,7000
2022-07-26,19.5,19.5,19.7,19.5,19.6,6000
2022-07-27,19.8,19.8,19.8,19.25,19.35,29000
2022-07-28,19.9,19.9,19.95,19.3,19.45,40000
2022-07-29,19.85,19.85,19.85,19.45,19.45,27000
2022-08-01,19.9,19.9,19.9,19.55,19.7,7000
2022-08-02,19.95,19.95,20.15,19.85,19.85,620000
2022-08-03,20.05,20.05,20.45,19.8,20.0,44000
2022-08-04,19.95,19.95,19.95,19.8,19.8,4000
2022-08-05,19.95,19.95,20.15,19.8,20.05,9000
2022-08-09,19.65,19.65,20.15,19.45,20.15,18000
2022-08-10,19.85,19.85,19.85,19.3,19.75,45000
2022-08-11,19.9,19.9,19.9,19.75,19.8,9000
2022-08-12,19.75,19.75,19.75,19.45,19.5,25000
2022-08-15,19.6,19.6,19.6,19.35,19.6,3000
2022-08-16,18.75,18.75,19.3,18.75,19.3,41000
2022-08-17,18.55,18.55,19.25,18.55,18.75,13000
2022-08-18,19.45,19.45,19.55,18.55,19.0,27000
2022-08-19,19.5,19.5,19.5,19.15,19.15,5000
2022-08-23,18.7,18.7,19.25,18.7,18.9,3000
2022-08-24,19.15,19.15,19.35,18.75,18.75,27000
2022-08-25,19.1,19.1,19.25,19.0,19.25,3000
2022-08-26,18.8,18.8,18.9,18.4,18.65,24000
2022-08-30,19.35,19.35,19.5,18.75,18.75,47000
2022-08-31,19.4,19.4,19.4,19.0,19.0,28000
2022-09-01,19.7,19.7,19.7,19.05,19.1,24000
2022-09-02,19.2,19.2,19.6,19.2,19.2,4000
2022-09-05,19.4,19.4,19.8,18.8,19.6,35000
2022-09-06,19.05,19.05,19.2,18.9,18.95,4000
2022-09-07,19.2,19.2,19.25,18.7,19.25,8000
2022-09-08,18.9,18.9,19.25,18.9,19.2,4000
2022-09-12,18.95,18.95,19.25,18.4,19.0,21000
2022-09-13,18.85,18.85,18.9,18.85,18.9,5000
2022-09-14,18.55,18.55,18.8,18.5,18.8,4000
2022-09-15,18.85,18.85,18.9,18.25,18.25,5000
2022-09-16,18.85,18.85,18.95,18.85,18.95,3000
2022-09-19,20.35,20.35,20.35,18.3,18.55,69000
2022-09-20,19.95,19.95,20.25,19.3,19.95,41000
2022-09-21,19.8,19.8,19.8,19.35,19.75,21000
2022-09-22,19.85,19.85,20.0,19.4,19.75,19000
2022-09-23,19.75,19.75,19.75,19.0,19.75,32000
2022-09-26,19.65,19.65,20.3,18.85,19.75,39000
2022-09-27,19.75,19.75,19.95,19.0,19.45,37000
2022-09-28,18.95,18.95,19.6,18.95,19.1,30000
2022-09-29,19.7,19.7,19.7,19.0,19.05,36000
2022-09-30,21.65,21.65,21.65,19.45,19.55,92000
2022-10-03,19.8,19.8,20.65,19.5,20.25,325000
2022-10-04,19.65,19.65,19.8,19.2,19.8,49000
2022-10-05,19.55,19.55,19.65,19.3,19.5,28000
2022-10-06,19.55,19.55,19.75,19.3,19.45,29000
2022-10-07,19.5,19.5,19.6,19.35,19.4,11000
2022-10-12,19.0,19.0,19.5,18.85,18.85,3000
2022-10-13,19.3,19.3,19.4,18.9,19.0,25000
2022-10-14,19.7,19.7,19.8,18.85,18.95,53000
2022-10-17,19.2,19.2,19.75,18.8,19.75,32000
2022-10-18,18.65,18.65,19.15,18.35,18.8,52000
2022-10-19,18.8,18.8,18.85,18.65,18.85,8000
2022-10-20,18.55,18.55,18.7,18.2,18.25,19000
2022-10-21,18.55,18.55,18.75,18.25,18.6,13000
2022-10-24,18.7,18.7,18.85,18.7,18.85,2000
2022-10-25,18.8,18.8,19.2,18.2,19.2,12000
2022-10-26,19.15,19.15,19.4,18.7,18.8,58000
2022-10-27,18.95,18.95,19.35,18.6,18.65,131000
2022-10-28,18.7,18.7,18.9,18.55,18.9,12000
2022-10-31,18.75,18.75,18.75,18.55,18.55,3000
2022-11-02,18.95,18.95,18.95,18.45,18.55,13000
2022-11-03,18.85,18.85,18.85,18.7,18.7,2000
2022-11-04,18.75,18.75,18.75,18.4,18.5,9000
2022-11-07,18.95,18.95,18.95,18.75,18.75,2000
2022-11-08,18.8,18.8,18.8,18.75,18.75,2000
2022-11-09,18.85,18.85,18.85,18.3,18.3,10000
2022-11-10,18.75,18.75,18.8,18.3,18.3,8000
2022-11-11,18.85,18.85,18.85,18.75,18.75,2000
2022-11-15,18.7,18.7,18.7,18.45,18.5,6000
2022-11-16,18.95,18.95,18.95,18.45,18.55,9000
2022-11-18,18.95,18.95,18.95,18.7,18.7,3000
2022-11-21,18.8,18.8,19.0,18.4,18.5,143000
2022-11-22,19.1,19.1,19.1,18.65,18.65,16000
2022-11-23,18.6,18.6,18.9,18.6,18.6,9000
2022-11-24,18.75,18.75,18.75,18.5,18.6,11000
2022-11-25,18.55,18.55,18.55,18.55,18.55,1000
2022-11-28,18.5,18.5,18.55,18.5,18.55,6000
2022-11-29,18.65,18.65,18.65,18.3,18.3,17000
2022-12-01,19.2,19.2,19.2,18.4,18.4,14000
2022-12-02,18.95,18.95,18.95,18.5,18.75,43000
2022-12-05,18.45,18.45,18.75,18.45,18.5,26000
2022-12-06,18.55,18.55,18.65,18.5,18.65,4000
2022-12-07,18.55,18.55,18.55,18.55,18.55,2000
2022-12-08,18.55,18.55,18.55,18.55,18.55,1000
2022-12-09,18.6,18.6,18.6,18.6,18.6,3000
2022-12-13,18.3,18.3,18.5,18.25,18.45,15000
2022-12-14,18.6,18.6,18.7,18.05,18.45,44000
2022-12-15,18.85,18.85,18.85,18.35,18.35,17000
2022-12-16,19.05,19.05,19.05,18.5,18.5,10000
2022-12-19,18.85,18.85,18.95,18.65,18.95,8000
2022-12-20,18.75,18.75,19.05,18.6,18.65,13000
2022-12-21,18.6,18.6,18.95,18.6,18.95,5000
2022-12-22,19.0,19.0,19.0,18.6,18.65,11000
2022-12-23,19.2,19.2,19.2,18.75,18.75,18000
2022-12-26,19.2,19.2,19.2,19.1,19.1,4000
2022-12-27,19.2,19.2,19.2,18.75,18.8,17000
2022-12-28,19.25,19.25,19.35,18.85,18.85,131000
2022-12-29,19.25,19.25,19.3,19.05,19.25,35000
2022-12-30,20.9,20.9,21.15,19.3,19.35,250000
2023-01-03,19.3,19.3,20.85,18.85,20.2,152000
2023-01-04,18.4,18.4,18.75,18.0,18.75,91000
2023-01-05,18.5,18.5,18.5,18.3,18.35,22000
2023-01-06,18.8,18.8,18.95,18.5,18.5,17000
2023-01-09,19.0,19.0,19.05,18.8,18.8,37000
2023-01-10,19.75,19.75,19.75,19.0,19.0,28000
2023-01-11,19.85,19.85,20.45,19.4,19.6,159000
2023-01-12,20.8,20.8,20.8,19.9,20.05,172000
2023-01-13,20.9,20.9,21.7,20.5,20.7,199000
2023-01-16,20.9,20.9,21.25,20.3,20.9,145000
2023-01-17,20.95,20.95,21.45,20.8,20.9,101000
2023-01-30,21.0,21.0,21.8,20.5,20.95,64000
2023-01-31,20.95,20.95,21.15,20.6,20.95,9000
2023-02-01,21.0,21.0,21.5,20.5,20.95,38000
2023-02-02,20.85,20.85,20.9,20.7,20.9,5000
2023-02-03,20.75,20.75,20.95,20.5,20.95,6000
2023-02-06,20.4,20.4,20.7,20.3,20.5,40000
2023-02-07,20.5,20.5,20.7,20.45,20.6,32000
2023-02-08,20.7,20.7,20.95,20.7,20.7,30000
2023-02-09,20.75,20.75,20.95,20.3,20.95,10000
2023-02-10,20.55,20.55,20.8,20.5,20.5,13000
2023-02-13,20.6,20.6,20.6,20.5,20.5,10000
2023-02-14,20.75,20.75,21.25,20.45,20.7,20000
2023-02-15,20.65,20.65,20.65,20.35,20.4,4000
2023-02-16,20.55,20.55,20.6,20.45,20.45,4000
2023-02-17,20.5,20.5,20.9,20.2,20.3,32000
2023-02-20,20.7,20.7,20.7,20.5,20.5,2000
2023-02-21,20.15,20.15,20.3,20.15,20.3,20000
2023-02-22,20.75,20.75,20.9,20.35,20.35,33000
2023-02-23,21.7,21.7,21.95,20.55,20.75,120000
2023-02-24,21.7,21.7,22.45,21.4,21.7,23000
2023-03-01,21.75,21.75,21.85,21.7,21.7,5000
2023-03-02,21.25,21.25,21.95,21.25,21.85,16000
2023-03-03,21.3,21.3,21.35,21.1,21.35,19000
2023-03-06,21.75,21.75,21.95,21.3,21.3,11000
2023-03-07,23.05,23.05,23.05,21.3,21.3,78000
2023-03-08,22.85,22.85,23.45,22.45,22.7,36000
2023-03-09,23.1,23.1,23.45,22.6,22.95,61000
2023-03-10,21.4,21.4,23.9,21.3,23.1,127000
2023-03-13,21.7,21.7,21.95,20.3,21.45,55000
2023-03-14,21.95,21.95,22.0,21.15,21.35,50000
2023-03-15,21.95,21.95,22.0,21.5,21.95,7000
2023-03-16,21.95,21.95,22.7,21.95,21.95,86000
2023-03-17,22.65,22.65,23.05,22.0,22.3,91000
2023-03-20,22.4,22.4,22.7,22.2,22.2,14000
2023-03-21,22.45,22.45,22.45,21.5,22.2,26000
2023-03-22,22.35,22.35,22.4,22.35,22.4,3000
2023-03-23,22.2,22.2,22.4,21.85,22.4,11000
2023-03-24,22.35,22.35,22.5,21.75,22.45,17000
2023-03-27,22.35,22.35,22.45,21.85,22.0,15000
2023-03-28,22.45,22.45,22.8,22.25,22.45,37000
2023-03-29,22.85,22.85,24.0,22.45,22.45,166000
2023-03-30,22.75,22.75,22.9,22.3,22.8,54000
2023-03-31,23.2,23.2,23.3,22.6,22.8,84000
2023-04-06,22.65,22.65,23.0,20.95,23.0,410000
2023-04-07,22.65,22.65,22.95,20.4,22.0,316000
2023-04-10,20.4,20.4,21.85,20.4,21.85,320000
2023-04-11,20.05,20.05,20.7,19.5,19.9,478000
2023-04-12,19.85,19.85,20.35,19.8,20.3,19000
2023-04-13,19.5,19.5,19.55,19.45,19.45,15000
2023-04-14,19.95,19.95,20.0,19.3,19.55,58000
2023-04-17,19.85,19.85,20.15,19.8,20.15,39000
2023-04-18,19.55,19.55,20.15,19.55,19.65,36000
2023-04-19,19.55,19.55,19.8,19.55,19.7,22000
2023-04-20,19.75,19.75,20.2,19.55,19.55,320000
2023-04-21,19.9,19.9,20.15,19.4,19.45,298000
2023-04-24,20.0,20.0,20.1,19.75,19.9,10000
2023-04-25,19.45,19.45,19.85,19.45,19.6,9000
2023-04-26,19.45,19.45,20.0,19.45,20.0,37000
2023-04-27,18.9,18.9,19.45,18.8,19.45,91000
2023-04-28,18.4,18.4,19.35,18.1,18.95,162000
2023-05-02,17.3,17.3,18.7,17.2,18.4,410000
2023-05-03,17.55,17.55,17.55,17.15,17.25,197000
2023-05-04,17.2,17.2,17.35,16.9,17.2,229000
2023-05-05,17.25,17.25,17.45,16.7,17.2,122000
2023-05-08,16.4,16.4,17.25,16.4,17.25,239000
2023-05-09,16.45,16.45,16.6,16.3,16.4,46000
2023-05-10,16.6,16.6,16.8,16.0,16.8,126000
2023-05-11,16.25,16.25,16.7,16.0,16.65,106000
2023-05-12,15.65,15.65,16.2,15.15,16.15,232000
2023-05-15,15.0,15.0,15.95,15.0,15.65,102000
2023-05-16,15.0,15.0,15.3,14.85,15.2,33000
2023-05-17,15.05,15.05,15.1,15.0,15.05,28000
2023-05-18,15.95,15.95,15.95,15.1,15.3,57000
2023-05-19,15.55,15.55,15.85,15.45,15.85,30000
2023-05-22,15.55,15.55,15.85,15.5,15.85,17000
2023-05-23,15.6,15.6,15.7,15.6,15.6,29000
2023-05-24,16.05,16.05,16.4,15.75,15.9,102000
2023-05-25,16.2,16.2,16.4,15.55,16.0,83000
2023-05-26,16.05,16.05,16.05,15.3,15.9,87000
2023-05-29,15.6,15.6,16.0,15.5,16.0,39000
2023-05-30,15.5,15.5,15.6,15.0,15.5,47000
2023-05-31,14.95,14.95,15.5,14.6,15.35,604000
2023-06-01,14.75,14.75,15.2,14.1,14.9,889000
2023-06-02,14.9,14.9,15.1,14.5,14.75,89000
2023-06-05,14.9,14.9,15.2,14.85,15.2,37000
2023-06-06,14.9,14.9,15.0,14.7,14.9,25000
2023-06-07,15.1,15.1,15.25,14.9,14.9,13000
2023-06-08,15.3,15.3,15.5,14.95,15.1,81000
2023-06-09,15.9,15.9,16.4,15.3,15.45,107000
2023-06-12,15.4,15.4,15.9,15.35,15.9,62000
2023-06-13,15.5,15.5,15.5,15.2,15.4,16000
2023-06-14,15.7,15.7,15.7,15.35,15.5,15000
2023-06-15,15.9,15.9,16.0,15.8,16.0,10000
2023-06-16,15.8,15.8,15.9,15.5,15.9,27000
2023-06-19,15.85,15.85,15.85,15.65,15.85,10000
2023-06-20,16.0,16.0,16.0,15.75,15.8,36000
2023-06-21,15.95,15.95,16.05,15.75,15.9,27000
2023-06-26,15.95,15.95,16.0,15.8,15.95,19000
2023-06-27,16.0,16.0,16.5,15.7,16.1,39000
2023-06-29,16.0,16.0,16.45,15.7,15.7,15000
2023-07-03,15.85,15.85,16.25,15.65,16.25,16000
2023-07-04,15.85,15.85,15.85,15.65,15.7,4000
2023-07-05,15.75,15.75,15.8,15.5,15.55,20000
2023-07-06,15.4,15.4,15.7,15.3,15.55,25000
2023-07-07,16.35,16.35,16.35,15.05,15.3,95000
2023-07-10,16.75,16.75,16.8,15.95,16.0,134000
2023-07-11,17.25,17.25,17.35,16.15,16.75,232000
2023-07-12,16.8,16.8,17.0,16.4,17.0,65000
2023-07-13,16.5,16.5,16.7,16.0,16.65,63000
2023-07-14,16.2,16.2,16.25,16.05,16.25,16000
2023-07-17,15.8,15.8,16.0,15.8,16.0,34000
2023-07-18,15.2,15.2,15.5,15.1,15.5,65000
2023-07-19,15.4,15.4,15.7,15.2,15.25,514000
2023-07-20,15.5,15.5,15.5,15.25,15.4,11000
2023-07-21,15.4,15.4,15.5,15.3,15.4,10000
2023-07-24,15.25,15.25,15.3,15.2,15.3,11000
2023-07-25,15.3,15.3,15.35,15.0,15.0,3000
2023-07-26,15.05,15.05,15.05,14.8,15.05,43000
2023-07-27,14.15,14.15,14.9,14.0,14.7,1024000
2023-07-28,13.8,13.8,14.25,13.6,14.2,449000
2023-07-31,13.65,13.65,14.05,13.65,13.95,194000
2023-08-01,13.8,13.8,13.85,13.65,13.65,85000
2023-08-02,13.7,13.7,13.8,13.5,13.75,66000
2023-08-04,13.7,13.7,13.8,13.7,13.75,22000
2023-08-07,13.75,13.75,13.8,13.6,13.75,16000
2023-08-08,13.7,13.7,13.75,13.6,13.75,22000
2023-08-09,13.6,13.6,13.75,13.6,13.75,40000
2023-08-10,13.6,13.6,13.6,13.3,13.5,95000
2023-08-11,13.35,13.35,13.6,13.2,13.6,125000
2023-08-14,13.25,13.25,13.75,13.0,13.75,25000
2023-08-15,13.3,13.3,13.35,13.1,13.15,25000
2023-08-16,13.4,13.4,13.4,13.3,13.3,10000
2023-08-17,13.2,13.2,13.3,13.0,13.15,101000
2023-08-18,12.9,12.9,13.2,12.8,13.2,163000
2023-08-21,12.95,12.95,12.95,12.9,12.95,15000
2023-08-22,12.45,12.45,12.95,12.3,12.95,388000
2023-08-23,12.45,12.45,12.7,12.45,12.6,58000
2023-08-24,12.4,12.4,12.55,12.3,12.5,74000
2023-08-25,12.6,12.6,12.6,12.5,12.5,7000
2023-08-28,12.75,12.75,12.8,12.7,12.7,15000
2023-08-29,12.9,12.9,13.2,12.9,12.95,14000
2023-08-30,13.0,13.0,13.3,12.85,13.25,22000
2023-08-31,12.9,12.9,13.0,12.5,13.0,36000
2023-09-01,13.3,13.3,13.4,13.05,13.15,22000
2023-09-04,13.45,13.45,13.5,13.3,13.5,10000
2023-09-05,13.6,13.6,13.6,13.45,13.45,8000
2023-09-06,13.55,13.55,13.6,13.45,13.6,7000
2023-09-07,13.3,13.3,13.4,13.15,13.4,18000
2023-09-08,13.35,13.35,13.35,13.3,13.3,4000
2023-09-11,13.6,13.6,13.6,13.5,13.5,2000
2023-09-12,13.5,13.5,13.5,13.25,13.25,2000
2023-09-13,13.2,13.2,13.4,13.2,13.3,17000
2023-09-14,13.5,13.5,13.5,13.4,13.4,2000
2023-09-15,13.4,13.4,13.45,13.15,13.45,10000
2023-09-18,13.35,13.35,13.35,13.35,13.35,1000
2023-09-19,13.5,13.5,13.5,13.45,13.45,8000
2023-09-20,13.4,13.4,13.6,13.4,13.55,5000
2023-09-21,13.3,13.3,13.45,13.3,13.45,2000
2023-09-22,13.2,13.2,13.2,13.2,13.2,3000
2023-09-26,13.45,13.45,13.65,13.2,13.2,14000
2023-09-27,13.5,13.5,13.5,13.15,13.15,9000
2023-09-28,13.6,13.6,13.7,13.5,13.5,11000
2023-10-02,13.4,13.4,13.4,13.4,13.4,1000
2023-10-03,13.3,13.3,13.4,13.2,13.4,10000
2023-10-04,13.35,13.35,13.35,13.0,13.15,9000
2023-10-05,13.4,13.4,13.4,13.15,13.2,11000
2023-10-11,13.3,13.3,13.3,13.2,13.2,2000
2023-10-12,13.3,13.3,13.3,13.2,13.2,6000
2023-10-13,13.3,13.3,13.3,13.1,13.15,14000
2023-10-16,13.15,13.15,13.15,13.1,13.1,5000
2023-10-17,13.05,13.05,13.3,12.95,12.95,10000
2023-10-18,13.05,13.05,13.65,12.9,12.95,44000
2023-10-19,13.25,13.25,13.25,13.05,13.05,11000
2023-10-20,13.4,13.4,13.4,13.25,13.25,3000
2023-10-23,13.25,13.25,13.5,13.15,13.15,31000
2023-10-24,13.45,13.45,13.65,13.45,13.5,4000
2023-10-25,13.55,13.55,13.85,13.5,13.6,38000
2023-10-26,13.9,13.9,14.0,13.3,13.3,95000
2023-10-27,13.95,13.95,14.6,13.6,14.0,62000
2023-10-30,14.05,14.05,14.1,14.0,14.0,20000
2023-10-31,14.4,14.4,14.5,13.95,14.05,166000
2023-11-01,14.35,14.35,14.85,14.15,14.85,39000
2023-11-02,14.2,14.2,14.5,14.0,14.15,41000
2023-11-03,14.25,14.25,14.25,14.0,14.2,15000
2023-11-06,14.25,14.25,14.25,14.0,14.25,13000
2023-11-07,14.3,14.3,14.35,14.1,14.25,52000
2023-11-08,14.4,14.4,14.4,14.15,14.35,13000
2023-11-09,14.4,14.4,14.5,14.15,14.15,8000
2023-11-10,14.35,14.35,14.35,14.35,14.35,2000
2023-11-13,14.35,14.35,14.35,14.15,14.15,6000
2023-11-14,14.35,14.35,14.35,14.35,14.35,8000
2023-11-15,14.4,14.4,14.9,14.2,14.35,17000
2023-11-16,14.45,14.45,14.45,14.2,14.2,22000
2023-11-17,14.45,14.45,14.45,14.2,14.2,2000
2023-11-20,14.45,14.45,14.45,14.2,14.2,2000
2023-11-21,14.35,14.35,14.45,14.1,14.4,21000
2023-11-22,14.45,14.45,14.45,14.35,14.35,9000
2023-11-23,14.3,14.3,14.45,14.3,14.45,6000
2023-11-24,14.15,14.15,14.4,14.15,14.2,11000
2023-11-27,15.15,15.15,15.35,14.0,14.05,53000
2023-11-28,15.15,15.15,15.2,14.95,15.0,62000
2023-11-29,15.15,15.15,15.2,14.8,15.0,71000
2023-11-30,15.75,15.75,15.75,15.05,15.15,52000
2023-12-01,15.6,15.6,15.95,15.35,15.7,23000
2023-12-04,15.7,15.7,15.8,15.35,15.35,30000
2023-12-05,15.5,15.5,15.5,15.4,15.4,11000
2023-12-06,15.8,15.8,15.9,15.4,15.4,82000
2023-12-07,15.8,15.8,16.15,15.65,16.0,39000
2023-12-08,15.75,15.75,15.75,15.65,15.65,11000
2023-12-11,15.5,15.5,15.6,15.3,15.5,18000
2023-12-12,16.2,16.2,16.3,15.5,15.55,73000
2023-12-13,16.05,16.05,16.3,16.0,16.25,72000
2023-12-14,16.05,16.05,16.2,15.7,16.05,32000
2023-12-15,16.1,16.1,16.15,16.0,16.0,8000
2023-12-18,16.05,16.05,16.05,15.85,16.0,43000
2023-12-19,16.75,16.75,16.85,16.05,16.05,134000
2023-12-20,18.4,18.4,18.4,16.8,16.8,623000
2023-12-21,18.3,18.3,18.4,17.5,18.1,216000
2023-12-22,18.0,18.0,18.05,17.45,17.85,42000
2023-12-25,17.7,17.7,17.75,17.6,17.7,19000
2023-12-26,18.5,18.5,19.15,18.05,18.05,667000
2023-12-27,18.0,18.0,18.6,17.9,18.6,69000
2023-12-28,18.0,18.0,18.1,17.85,17.9,24000
2023-12-29,18.65,18.65,18.65,18.0,18.0,93000
2024-01-02,17.6,17.6,18.3,16.85,18.1,195000
2024-01-03,17.4,17.4,17.5,17.0,17.2,30000
2024-01-04,17.7,17.7,17.7,17.25,17.3,18000
2024-01-05,17.8,17.8,17.9,17.1,17.35,69000
2024-01-08,17.2,17.2,17.6,17.15,17.6,33000
2024-01-09,16.9,16.9,17.25,16.85,17.25,52000
2024-01-10,17.15,17.15,18.1,16.9,17.3,93000
2024-01-11,17.2,17.2,17.3,16.9,17.2,12000
2024-01-12,17.0,17.0,17.0,17.0,17.0,10000
2024-01-15,17.0,17.0,17.0,16.95,17.0,10000
2024-01-16,17.05,17.05,17.15,16.75,16.85,11000
2024-01-17,16.9,16.9,17.4,16.75,16.8,24000
2024-01-18,16.9,16.9,16.9,16.7,16.7,14000
2024-01-19,17.05,17.05,17.3,16.7,16.75,19000
2024-01-22,17.0,17.0,17.1,16.5,16.9,30000
2024-01-23,17.0,17.0,17.0,16.9,17.0,14000
2024-01-24,17.0,17.0,17.0,16.8,16.9,18000
2024-01-25,16.75,16.75,16.85,16.55,16.65,23000
2024-01-26,16.7,16.7,16.8,16.7,16.75,3000
2024-01-29,17.0,17.0,17.05,16.35,17.0,102000
2024-01-30,18.1,18.1,18.1,17.2,17.2,177000
2024-01-31,18.05,18.05,18.15,17.85,18.1,85000
2024-02-01,17.95,17.95,18.05,17.6,18.0,28000
2024-02-02,18.0,18.0,18.1,17.9,18.1,10000
2024-02-05,18.0,18.0,18.05,17.7,18.0,169000
2024-02-15,19.1,19.1,19.45,17.9,18.0,410000
2024-02-16,18.3,18.3,19.0,18.25,19.0,34000
2024-02-19,18.85,18.85,18.95,18.35,18.35,220000
2024-02-20,18.65,18.65,18.7,18.3,18.45,46000
2024-02-21,18.75,18.75,18.75,18.35,18.35,37000
2024-02-22,18.35,18.35,18.55,18.35,18.5,26000
2024-02-23,18.3,18.3,18.5,18.3,18.3,30000
2024-02-26,18.2,18.2,18.3,17.8,18.1,29000
2024-02-27,18.3,18.3,18.4,17.8,17.95,40000
2024-02-29,18.3,18.3,18.3,18.15,18.3,6000
2024-03-01,17.9,17.9,18.1,17.9,18.05,27000
2024-03-04,17.95,17.95,18.0,17.4,17.4,31000
2024-03-05,17.95,17.95,18.0,17.6,18.0,11000
2024-03-06,18.0,18.0,18.0,17.5,17.6,22000
2024-03-07,18.0,18.0,18.05,17.65,18.0,13000
2024-03-08,17.6,17.6,17.8,17.55,17.65,32000
2024-03-11,17.6,17.6,17.6,17.3,17.55,19000
2024-03-12,17.6,17.6,18.05,17.2,17.2,29000
2024-03-13,17.8,17.8,17.8,17.6,17.6,10000
2024-03-14,17.5,17.5,17.9,17.5,17.7,20000
2024-03-15,17.9,17.9,17.9,17.6,17.85,10000
2024-03-18,18.2,18.2,18.2,17.65,17.85,76000
2024-03-19,18.25,18.25,18.25,18.1,18.1,28000
2024-03-20,18.35,18.35,18.35,17.95,18.2,82000
2024-03-21,18.9,18.9,19.5,18.15,18.15,162000
2024-03-22,18.8,18.8,18.8,18.65,18.7,20000
2024-03-25,18.85,18.85,18.85,18.7,18.8,37000
2024-03-26,18.85,18.85,18.9,18.7,18.85,30000
2024-03-27,18.95,18.95,18.95,18.7,18.9,32000
2024-03-28,18.7,18.7,18.9,18.7,18.9,37000
2024-03-29,18.7,18.7,18.85,18.35,18.7,20000
2024-04-01,18.8,18.8,18.9,18.6,18.6,14000
2024-04-02,18.8,18.8,18.8,18.75,18.8,11000
2024-04-03,18.95,18.95,18.95,18.75,18.8,15000
2024-04-08,19.2,19.2,19.5,18.65,19.1,42000
2024-04-09,19.25,19.25,19.25,19.1,19.15,16000
2024-04-10,19.4,19.4,19.7,19.15,19.25,132000
2024-04-11,21.3,21.3,21.3,19.8,19.8,447000
2024-04-12,23.4,23.4,23.4,22.0,22.5,378000
2024-04-15,24.15,24.15,24.8,23.0,23.55,601000
2024-04-16,23.25,23.25,24.05,23.2,24.05,199000
2024-04-17,22.65,22.65,23.3,21.6,22.35,78000
2024-04-18,22.65,22.65,22.75,22.1,22.45,45000
2024-04-19,22.7,22.7,22.85,22.4,22.8,32000
2024-04-22,24.05,24.05,24.5,22.2,22.2,106000
2024-04-23,23.25,23.25,23.95,23.2,23.95,52000
2024-04-24,24.6,24.6,25.55,23.15,23.15,474000
2024-04-25,22.5,22.5,24.3,22.25,24.0,336000
2024-04-26,22.5,22.5,22.6,21.8,22.6,81000
2024-04-29,22.8,22.8,23.15,21.65,21.65,212000
2024-04-30,23.25,23.25,23.5,22.6,23.4,34000
2024-05-02,23.95,23.95,23.95,23.0,23.0,187000
2024-05-03,23.1,23.1,24.0,22.9,24.0,233000
2024-05-06,23.15,23.15,23.3,22.8,23.1,276000
2024-05-07,23.15,23.15,23.35,23.0,23.15,216000
2024-05-08,23.3,23.3,24.2,23.0,23.45,313000
2024-05-09,23.0,23.0,23.4,23.0,23.4,234000
2024-05-10,23.05,23.05,23.2,22.9,23.05,237000
2024-05-13,23.0,23.0,23.35,22.9,23.0,252000
2024-05-14,23.1,23.1,23.1,23.0,23.05,225000
2024-05-15,23.1,23.1,23.1,22.95,23.0,172000
2024-05-16,23.2,23.2,23.2,22.9,23.1,244000
2024-05-17,23.1,23.1,23.45,23.0,23.45,231000
2024-05-20,23.2,23.2,23.9,23.0,23.5,231000
2024-05-21,23.15,23.15,23.15,23.0,23.1,172000
2024-05-22,23.3,23.3,23.4,23.0,23.1,260000
2024-05-23,23.35,23.35,23.4,22.8,23.3,197000
2024-05-24,23.05,23.05,23.3,23.0,23.3,217000
2024-05-27,23.05,23.05,23.25,23.0,23.0,220000
2024-05-28,23.3,23.3,23.7,23.05,23.15,60000
2024-05-29,25.55,25.55,25.6,23.6,23.6,305000
2024-05-30,23.9,23.9,25.3,23.8,25.3,139000
2024-05-31,23.95,23.95,24.5,23.8,24.3,34000
2024-06-03,23.85,23.85,23.95,23.3,23.95,35000
2024-06-04,23.4,23.4,23.7,23.05,23.15,48000
2024-06-05,23.7,23.7,23.9,23.6,23.6,5000
2024-06-06,24.0,24.0,25.0,23.5,23.85,16000
2024-06-07,23.8,23.8,24.3,23.5,24.0,8000
2024-06-11,23.5,23.5,24.55,23.5,24.55,11000
2024-06-12,24.0,24.0,24.0,23.3,23.5,33000
2024-06-13,23.55,23.55,24.15,23.3,23.5,38000
2024-06-14,24.05,24.05,24.2,23.35,23.35,62000
2024-06-17,23.95,23.95,24.4,23.5,24.1,51000
2024-06-18,23.9,23.9,24.05,23.7,24.05,18000
2024-06-19,23.9,23.9,25.4,23.5,23.75,36000
2024-06-20,23.85,23.85,23.95,23.65,23.95,6000
2024-06-21,24.3,24.3,26.2,23.9,24.0,749000
2024-06-24,22.3,22.3,23.3,22.2,22.25,198000
2024-06-25,22.95,22.95,23.75,21.85,22.0,76000
2024-06-26,23.45,23.45,23.7,23.45,23.6,8000
2024-06-27,23.35,23.35,23.8,22.85,23.1,10000
2024-06-28,23.35,23.35,23.5,22.8,23.5,22000
2024-07-01,22.95,22.95,23.45,22.65,23.45,9000
2024-07-02,22.35,22.35,22.9,22.3,22.3,16000
2024-07-03,22.7,22.7,23.0,22.35,22.35,33000
2024-07-04,22.65,22.65,23.05,22.55,22.55,11000
2024-07-05,23.0,23.0,23.0,22.5,22.55,9000
2024-07-08,22.75,22.75,22.9,22.3,22.6,22000
2024-07-09,23.05,23.05,23.15,22.85,22.85,16000
2024-07-10,23.05,23.05,23.05,23.05,23.05,1000
2024-07-11,23.05,23.05,23.15,22.75,23.05,25000
2024-07-12,23.05,23.05,23.05,22.95,23.0,5000
2024-07-15,22.7,22.7,23.05,22.6,23.05,10000
2024-07-16,22.5,22.5,22.7,22.25,22.7,26000
2024-07-17,22.55,22.55,22.6,22.4,22.5,22000
2024-07-18,22.55,22.55,22.75,22.25,22.75,9000
2024-07-19,23.4,23.4,23.55,22.9,22.95,92000
2024-07-22,23.95,23.95,24.2,23.45,23.45,153000
2024-07-23,23.8,23.8,24.0,23.45,23.5,41000
2024-07-26,22.85,22.85,23.7,22.6,23.15,21000
2024-07-29,25.1,25.1,25.1,25.1,25.1,250000
2024-07-30,25.55,25.55,26.6,24.9,25.15,447000
2024-07-31,25.7,25.7,25.95,24.9,25.95,115000
2024-08-01,25.25,25.25,25.65,25.0,25.05,73000
2024-08-02,25.4,25.4,25.5,24.45,25.25,342000
2024-08-05,23.05,23.05,25.5,22.9,25.5,81000
2024-08-06,23.05,23.05,23.6,20.85,23.1,86000
2024-08-07,24.25,24.25,25.0,21.5,21.5,34000
2024-08-08,23.35,23.35,24.25,23.15,24.25,25000
2024-08-09,25.0,25.0,25.0,23.35,23.35,31000
2024-08-12,25.3,25.3,25.9,25.0,25.0,98000
2024-08-13,25.0,25.0,25.3,24.8,25.25,11000
2024-08-14,25.15,25.15,25.15,25.0,25.0,2000
2024-08-15,25.1,25.1,25.1,24.35,24.35,4000
2024-08-16,24.3,24.3,25.0,24.3,24.5,29000
2024-08-19,23.65,23.65,24.3,23.4,24.3,15000
2024-08-20,24.5,24.5,24.65,23.5,23.65,23000
2024-08-21,24.5,24.5,24.5,24.5,24.5,2000
2024-08-22,24.65,24.65,24.9,24.4,24.4,31000
2024-08-23,25.2,25.2,25.4,23.65,23.75,70000
2024-08-27,24.3,24.3,24.7,24.3,24.7,17000
2024-08-28,24.35,24.35,25.15,24.35,25.15,34000
2024-08-29,24.4,24.4,24.4,23.7,23.7,6000
2024-08-30,23.55,23.55,24.3,23.55,23.55,10000
2024-09-02,25.9,25.9,25.9,24.0,24.15,203000
2024-09-03,25.1,25.1,25.9,24.15,25.0,114000
2024-09-04,27.6,27.6,27.6,24.35,24.35,674000
2024-09-05,26.25,26.25,26.75,25.3,26.2,229000
2024-09-06,24.65,24.65,25.7,24.1,25.5,163000
2024-09-09,27.1,27.1,27.1,23.9,23.9,551000
2024-09-10,27.05,27.05,27.15,24.85,27.1,154000
2024-09-11,26.15,26.15,26.8,25.2,25.2,37000
2024-09-12,25.65,25.65,26.8,25.55,26.8,31000
2024-09-13,25.4,25.4,26.25,25.2,25.5,17000
2024-09-16,25.2,25.2,26.45,24.75,25.1,31000
2024-09-18,25.45,25.45,25.5,24.9,25.0,17000
2024-09-19,26.1,26.1,26.5,26.1,26.3,3000
2024-09-20,25.95,25.95,26.1,25.2,26.1,13000
2024-09-23,25.05,25.05,25.5,24.9,25.3,34000
2024-09-24,25.1,25.1,25.7,25.0,25.2,31000
2024-09-25,24.8,24.8,25.4,24.8,25.1,7000
2024-09-26,25.55,25.55,25.9,25.0,25.0,18000
2024-09-27,25.25,25.25,25.65,25.0,25.65,12000
2024-09-30,25.5,25.5,26.15,25.0,25.0,15000
2024-10-01,25.5,25.5,25.5,25.0,25.1,3000
2024-10-04,25.0,25.0,25.3,24.95,25.0,9000
2024-10-07,24.95,24.95,25.7,24.95,25.05,16000
2024-10-08,25.25,25.25,25.85,24.9,25.2,13000
2024-10-09,24.85,24.85,25.25,24.85,25.25,13000
2024-10-11,24.75,24.75,24.95,24.75,24.85,6000
2024-10-14,24.9,24.9,25.1,24.2,24.2,17000
2024-10-15,24.6,24.6,25.15,24.2,24.25,9000
2024-10-16,24.6,24.6,25.3,24.6,24.7,20000
2024-10-17,24.6,24.6,24.75,24.55,24.65,9000
2024-10-18,24.65,24.65,25.0,24.55,24.55,11000
2024-10-21,25.2,25.2,25.2,25.0,25.1,15000
2024-10-22,24.8,24.8,27.7,24.3,25.3,502000
2024-10-23,23.85,23.85,24.85,23.85,24.7,196000
2024-10-24,24.05,24.05,24.5,23.6,23.85,16000
2024-10-25,24.1,24.1,24.15,23.75,24.0,24000
2024-10-28,23.6,23.6,24.25,23.6,24.1,31000
2024-10-29,24.0,24.0,24.0,23.3,23.3,9000
2024-10-30,24.2,24.2,24.2,23.85,23.85,15000
2024-11-01,24.5,24.5,24.65,24.2,24.25,21000
2024-11-04,24.5,24.5,24.5,24.45,24.45,9000
2024-11-05,24.75,24.75,24.75,24.1,24.5,17000
2024-11-06,24.7,24.7,24.95,24.25,24.95,9000
2024-11-07,24.9,24.9,24.9,24.4,24.7,5000
2024-11-08,25.75,25.75,26.0,24.35,24.6,67000
2024-11-11,25.85,25.85,26.0,25.2,25.65,60000
2024-11-12,25.75,25.75,25.8,25.3,25.5,181000
2024-11-13,25.5,25.5,25.55,25.15,25.2,12000
2024-11-14,25.5,25.5,25.6,25.45,25.5,26000
2024-11-15,25.4,25.4,25.55,25.4,25.5,36000
2024-11-18,25.35,25.35,25.35,25.3,25.3,6000
2024-11-19,25.4,25.4,25.5,25.4,25.5,3000
2024-11-20,25.2,25.2,25.25,25.0,25.0,10000
2024-11-21,26.0,26.0,26.0,25.6,25.6,6000
2024-11-22,25.9,25.9,26.45,25.9,26.0,5000
2024-11-25,25.75,25.75,26.45,25.4,26.35,14000
2024-11-26,25.25,25.25,25.65,25.15,25.15,14000
2024-11-27,25.55,25.55,25.7,25.1,25.65,17000
2024-11-28,25.85,25.85,25.95,25.3,25.5,37000
2024-11-29,25.7,25.7,25.8,25.6,25.8,11000
2024-12-02,25.9,25.9,26.05,25.55,25.7,320000
2024-12-03,25.85,25.85,26.05,25.8,26.0,408000
2024-12-04,25.8,25.8,26.05,25.8,25.85,351000
2024-12-05,26.0,26.0,26.5,25.85,25.85,486000
2024-12-06,25.35,25.35,26.0,24.6,26.0,38000
2024-12-09,25.45,25.45,25.5,25.2,25.35,29000
2024-12-10,25.45,25.45,25.65,25.45,25.45,20000
2024-12-11,25.8,25.8,25.8,25.45,25.45,34000
2024-12-12,25.6,25.6,25.9,25.2,25.8,45000
2024-12-13,25.4,25.4,25.55,25.35,25.4,18000
2024-12-16,25.45,25.45,25.45,25.0,25.4,4000
2024-12-17,25.0,25.0,25.45,25.0,25.45,5000
2024-12-18,25.0,25.0,25.0,24.7,24.7,6000
2024-12-19,25.0,25.0,25.4,24.4,25.0,183000
2024-12-20,24.5,24.5,25.0,24.5,25.0,75000
2024-12-23,24.5,24.5,24.5,24.5,24.5,4000
2024-12-24,24.55,24.55,24.65,24.5,24.5,3000
2024-12-25,24.4,24.4,24.55,24.4,24.4,6000
2024-12-26,24.6,24.6,24.65,24.05,24.05,18000
2024-12-27,24.7,24.7,24.7,24.5,24.5,12000
2024-12-30,24.65,24.65,24.65,24.65,24.65,1000
2024-12-31,25.5,25.5,26.0,24.6,24.6,57000
2025-01-02,25.15,25.15,26.0,24.7,25.8,7000
2025-01-03,25.45,25.45,26.0,24.2,25.0,39000
2025-01-06,25.4,25.4,25.4,24.6,24.6,23000
2025-01-07,25.35,25.35,25.5,24.8,25.3,27000
2025-01-08,25.4,25.4,25.9,24.85,25.35,40000
2025-01-09,25.9,25.9,25.9,25.0,25.0,58000
2025-01-10,25.9,25.9,26.0,25.7,25.85,338000
2025-01-13,25.45,25.45,26.0,25.35,25.9,346000
2025-01-14,25.55,25.55,26.0,25.35,25.9,516000
2025-01-15,25.45,25.45,25.9,25.45,25.65,22000
2025-01-16,25.7,25.7,25.7,25.4,25.45,12000
2025-01-17,25.35,25.35,25.4,25.05,25.4,18000
2025-01-20,25.3,25.3,25.3,25.0,25.0,5000
2025-01-21,24.7,24.7,25.25,24.55,25.0,20000
2025-01-22,25.0,25.0,25.0,24.65,24.7,27000
2025-02-03,24.8,24.8,24.8,24.0,24.15,12000
2025-02-04,24.6,24.6,24.6,24.6,24.6,1000
2025-02-05,25.0,25.0,25.25,24.2,24.2,5000
2025-02-06,25.15,25.15,25.15,24.5,24.5,2000
2025-02-07,25.35,25.35,25.35,24.5,24.65,9000
2025-02-10,25.5,25.5,25.7,24.7,24.7,152000
2025-02-11,25.45,25.45,25.8,25.0,25.0,10000
2025-02-12,25.4,25.4,25.45,25.0,25.0,11000
2025-02-13,25.65,25.65,25.75,25.4,25.45,52000
2025-02-14,25.9,25.9,25.9,25.5,25.65,92000
2025-02-17,25.45,25.45,26.0,25.4,25.95,323000
2025-02-18,25.5,25.5,25.5,25.05,25.05,5000
2025-02-19,25.5,25.5,26.0,25.4,25.5,356000
2025-02-20,25.5,25.5,27.85,24.8,25.7,626000
2025-02-21,24.0,24.0,25.1,23.6,25.1,130000
2025-02-24,23.5,23.5,23.5,23.15,23.5,23000
2025-02-25,22.7,22.7,23.4,22.35,23.3,111000
2025-02-26,22.6,22.6,22.6,22.4,22.6,53000
2025-02-27,23.35,23.35,23.35,22.25,22.6,48000
2025-03-03,22.25,22.25,22.95,22.2,22.55,41000
2025-03-04,22.35,22.35,22.35,21.9,22.1,9000
2025-03-05,23.0,23.0,23.0,22.05,22.05,3000
2025-03-06,23.0,23.0,23.0,22.95,22.95,2000
2025-03-07,22.05,22.05,22.5,22.0,22.5,20000
2025-03-10,22.0,22.0,22.15,21.85,22.05,40000
2025-03-11,21.7,21.7,22.0,21.5,21.55,22000
2025-03-12,21.75,21.75,22.1,21.5,21.7,176000
2025-03-13,21.45,21.45,21.9,21.1,21.9,75000
2025-03-14,21.7,21.7,21.85,21.05,21.7,31000
2025-03-17,20.7,20.7,21.45,20.7,21.05,16000
2025-03-18,20.6,20.6,21.1,20.6,20.7,88000
2025-03-19,21.0,21.0,21.1,20.65,20.65,9000
2025-03-20,20.0,20.0,21.05,20.0,21.0,41000
2025-03-21,20.0,20.0,20.1,20.0,20.0,7000
2025-03-24,20.8,20.8,20.85,20.4,20.4,8000
2025-03-25,21.5,21.5,21.65,21.45,21.45,6000
2025-03-26,21.0,21.0,22.0,20.2,21.9,22000
2025-03-27,20.5,20.5,20.6,20.3,20.6,10000
2025-03-28,19.75,19.75,20.65,19.75,20.45,84000
2025-03-31,20.0,20.0,20.3,19.1,19.85,17000
2025-04-01,20.05,20.05,20.85,19.95,19.95,12000
2025-04-02,20.05,20.05,21.3,19.8,20.45,17000
2025-04-07,18.05,18.05,18.05,18.05,18.05,10000
2025-04-08,18.85,18.85,19.6,16.25,16.25,94000
2025-04-09,17.6,17.6,18.85,17.0,18.85,27000
2025-04-10,19.0,19.0,19.15,17.65,17.65,13000
2025-04-11,18.9,18.9,19.1,18.2,19.1,6000
2025-04-14,18.4,18.4,18.45,18.4,18.45,6000
2025-04-15,18.45,18.45,18.5,17.65,17.65,36000
2025-04-16,18.45,18.45,18.45,18.0,18.0,2000
2025-04-17,19.55,19.55,19.7,19.55,19.7,2000
2025-04-18,19.2,19.2,19.45,18.7,18.7,12000
2025-04-21,18.8,18.8,18.95,18.65,18.95,13000
2025-04-22,18.75,18.75,18.85,18.05,18.85,9000
2025-04-23,18.8,18.8,18.95,18.45,18.95,10000
2025-04-24,18.6,18.6,19.5,18.6,18.9,45000
2025-04-25,19.05,19.05,19.05,18.6,18.65,9000
2025-04-29,19.65,19.65,20.2,19.0,19.95,9000
2025-04-30,20.1,20.1,20.1,19.55,19.55,5000
2025-05-02,19.05,19.05,19.8,19.05,19.3,17000
2025-05-05,19.3,19.3,19.55,19.3,19.55,2000
2025-05-06,19.35,19.35,19.35,19.35,19.35,1000
2025-05-07,19.65,19.65,19.65,19.65,19.65,1000
2025-05-08,18.95,18.95,20.45,18.25,19.5,35000
2025-05-09,20.6,20.6,20.8,18.6,19.15,101000
2025-05-12,18.7,18.7,19.9,18.55,19.9,215000
2025-05-13,19.15,19.15,20.0,18.75,18.75,141000
2025-05-14,19.5,19.5,19.7,19.1,19.1,10000
2025-05-15,19.55,19.55,19.8,19.5,19.8,10000
2025-05-16,19.3,19.3,19.65,19.3,19.65,8000
2025-05-19,19.4,19.4,19.4,18.65,18.65,3000
2025-05-20,19.1,19.1,19.8,18.85,19.8,5000
2025-05-21,18.8,18.8,19.4,18.8,19.4,2000
2025-05-22,18.55,18.55,19.4,18.55,19.4,26000
2025-05-23,18.95,18.95,19.05,18.55,18.6,20000
2025-05-26,18.5,18.5,19.2,18.4,18.45,72000
2025-05-27,18.4,18.4,18.95,18.4,18.95,6000
2025-05-28,18.4,18.4,18.4,18.2,18.4,9000
2025-05-29,18.65,18.65,18.75,18.5,18.5,5000
2025-06-02,18.3,18.3,18.35,18.0,18.05,9000
2025-06-03,18.5,18.5,18.5,18.5,18.5,1000
2025-06-04,18.45,18.45,18.45,18.05,18.05,3000
2025-06-05,18.45,18.45,18.45,18.1,18.45,5000
2025-06-06,18.65,18.65,18.75,18.2,18.75,13000
2025-06-09,18.55,18.55,18.9,18.1,18.9,7000
2025-06-10,18.5,18.5,18.5,18.0,18.0,7000
2025-06-11,18.35,18.35,18.35,18.05,18.1,5000
2025-06-12,18.2,18.2,18.4,17.9,18.15,39000
2025-06-13,17.9,17.9,18.5,17.85,17.95,4000
2025-06-16,18.05,18.05,18.15,17.9,18.15,24000
2025-06-17,18.0,18.0,18.35,17.9,18.35,8000
2025-06-18,18.25,18.25,18.25,17.8,17.8,3000
2025-06-19,17.95,17.95,18.0,17.55,18.0,9000
2025-06-20,17.85,17.85,17.85,17.5,17.65,14000
2025-06-23,17.7,17.7,18.05,17.2,18.05,5000
2025-06-24,17.95,17.95,18.3,17.55,18.3,9000
2025-06-25,17.9,17.9,17.9,17.55,17.55,7000
2025-06-26,17.9,17.9,17.9,17.55,17.6,6000
2025-06-27,17.95,17.95,18.15,17.95,18.15,3000
2025-06-30,17.65,17.65,17.9,17.4,17.4,11000
2025-07-01,17.7,17.7,17.7,17.35,17.35,6000
2025-07-02,17.7,17.7,17.8,17.4,17.8,8000
2025-07-03,17.75,17.75,17.75,17.55,17.7,8000
2025-07-04,17.65,17.65,17.85,17.3,17.85,12000
2025-07-08,17.6,17.6,18.05,17.3,18.05,8000
2025-07-09,17.6,17.6,17.6,17.3,17.6,3000
2025-07-10,17.8,17.8,17.8,17.15,17.15,4000
2025-07-11,17.25,17.25,17.65,17.25,17.25,8000
2025-07-14,17.4,17.4,17.85,17.2,17.25,47000
2025-07-15,17.45,17.45,17.8,17.2,17.8,14000
2025-07-16,17.45,17.45,17.45,17.2,17.45,4000
2025-07-17,17.4,17.4,17.4,17.25,17.4,4000
2025-07-18,17.4,17.4,17.4,17.15,17.2,5000
2025-07-21,17.0,17.0,17.3,17.0,17.3,5000
2025-07-22,17.25,17.25,17.25,17.25,17.25,15000
2025-07-23,17.1,17.1,17.1,16.9,17.0,6000
2025-07-24,17.0,17.0,17.0,17.0,17.0,4000
2025-07-25,17.2,17.2,17.2,16.6,16.6,9000
2025-07-28,17.2,17.2,17.2,17.0,17.1,11000
2025-07-29,17.05,17.05,17.7,16.85,17.7,14000
2025-07-30,17.0,17.0,17.0,16.95,17.0,10000
2025-07-31,17.2,17.2,17.2,16.9,16.9,3000
2025-08-01,17.2,17.2,17.5,16.05,16.05,30000
2025-08-04,17.15,17.15,17.15,17.0,17.0,14000
2025-08-05,17.55,17.55,17.55,17.55,17.55,1000
2025-08-06,17.4,17.4,17.4,17.0,17.15,8000
2025-08-07,17.5,17.5,17.5,17.45,17.5,9000
2025-08-08,17.65,17.65,17.85,17.45,17.45,6000
2025-08-11,17.3,17.3,17.4,16.95,17.1,13000
2025-08-12,17.4,17.4,17.7,17.15,17.3,10000
2025-08-13,17.3,17.3,17.35,17.0,17.05,21000
2025-08-14,17.2,17.2,17.3,16.95,17.3,9000
2025-08-15,17.3,17.3,17.35,17.2,17.2,9000
2025-08-19,17.35,17.35,17.35,17.35,17.35,3000
2025-08-20,17.2,17.2,17.25,16.8,16.95,8000
2025-08-21,17.05,17.05,17.2,17.05,17.2,4000
2025-08-25,17.25,17.25,17.25,17.25,17.25,36000
2025-08-26,17.0,17.0,17.35,17.0,17.35,10000
2025-08-27,17.0,17.0,17.05,17.0,17.0,6000
2025-08-28,17.0,17.0,17.05,16.9,16.9,34000
2025-08-29,17.3,17.3,17.4,17.0,17.0,21000
2025-09-01,17.0,17.0,17.3,17.0,17.3,15000
2025-09-02,17.15,17.15,17.15,17.0,17.0,31000
2025-09-03,17.0,17.0,17.0,17.0,17.0,2000
2025-09-04,16.95,16.95,17.35,16.95,17.35,32000
2025-09-05,17.05,17.05,17.15,16.95,16.95,8000
2025-09-08,17.0,17.0,17.0,16.95,16.95,5000
2025-09-09,18.7,18.7,18.7,17.4,17.45,321000
2025-09-10,19.45,19.45,19.9,18.5,18.7,100000
2025-09-11,18.7,18.7,19.4,18.6,19.4,30000
2025-09-12,18.75,18.75,18.9,18.75,18.9,24000
2025-09-15,18.6,18.6,18.9,18.25,18.9,16000
2025-09-16,18.15,18.15,18.6,18.1,18.55,6000
2025-09-17,19.95,19.95,19.95,18.65,18.65,92000
2025-09-18,20.3,20.3,20.4,19.0,19.2,30000
2025-09-19,19.75,19.75,19.95,19.7,19.7,9000
2025-09-22,19.3,19.3,19.75,19.3,19.7,14000
2025-09-23,19.75,19.75,19.75,19.25,19.65,4000
2025-09-24,19.85,19.85,20.0,19.75,19.75,7000
2025-09-25,19.45,19.45,19.5,19.4,19.5,7000
2025-09-26,21.35,21.35,21.35,19.0,19.0,125000
2025-09-30,23.0,23.0,23.35,21.0,21.0,49000
2025-10-01,22.45,22.45,23.05,22.25,23.0,63000
2025-10-02,22.3,22.3,22.9,22.0,22.9,28000
2025-10-03,21.85,21.85,22.0,21.85,21.95,37000
2025-10-07,21.45,21.45,22.65,21.45,22.35,8000
2025-10-08,21.3,21.3,21.3,21.0,21.05,9000
2025-10-09,21.05,21.05,21.05,20.95,21.05,25000
2025-10-13,20.7,20.7,20.95,20.7,20.95,13000
2025-10-14,20.45,20.45,20.55,20.45,20.5,15000
2025-10-15,20.45,20.45,20.45,20.45,20.45,1000
2025-10-16,21.8,21.8,21.8,20.6,20.6,3000
2025-10-17,21.45,21.45,21.45,21.0,21.15,13000
2025-10-20,21.0,21.0,21.1,21.0,21.1,28000
2025-10-21,20.2,20.2,20.5,20.2,20.5,2000
2025-10-22,20.2,20.2,20.2,20.2,20.2,1000
2025-10-23,20.6,20.6,20.9,20.55,20.9,7000
2025-10-27,20.5,20.5,20.5,20.4,20.4,4000
2025-10-28,20.55,20.55,20.55,20.5,20.5,5000
2025-10-30,21.15,21.15,21.6,20.55,20.55,30000
2025-10-31,21.35,21.35,21.8,21.35,21.8,3000
2025-11-04,21.4,21.4,21.4,21.35,21.35,8000
2025-11-05,21.5,21.5,21.9,21.45,21.9,45000
2025-11-06,21.65,21.65,21.65,20.8,21.35,39000
2025-11-07,21.7,21.7,21.75,21.6,21.65,17000
2025-11-10,22.4,22.4,23.2,21.95,21.95,55000
2025-11-11,21.8,21.8,21.9,21.7,21.7,42000
2025-11-12,21.8,21.8,21.8,21.8,21.8,3000
2025-11-13,21.35,21.35,21.4,21.35,21.4,13000
2025-11-14,21.9,21.9,21.9,21.4,21.45,45000
2025-11-17,21.8,21.8,21.9,21.55,21.85,8000
2025-11-18,21.45,21.45,21.45,21.4,21.45,4000
2025-11-19,21.0,21.0,21.0,20.8,20.8,5000
2025-11-20,21.0,21.0,21.0,20.4,20.4,3000
2025-11-21,20.9,20.9,20.9,20.8,20.8,5000
2025-11-24,22.95,22.95,22.95,20.9,20.9,142000
2025-11-25,24.1,24.1,24.95,23.5,24.85,306000
2025-11-26,24.6,24.6,24.65,23.5,24.1,513000
2025-11-27,25.3,25.3,27.05,24.65,24.65,1280000
2025-11-28,25.1,25.1,25.65,24.9,25.35,139000
2025-12-01,24.45,24.45,25.1,24.3,25.0,52000
2025-12-02,24.0,24.0,24.55,24.0,24.55,53000
2025-12-03,24.0,24.0,24.5,24.0,24.05,41000
2025-12-04,25.0,25.0,25.4,24.6,24.6,394000
2025-12-05,26.15,26.15,27.0,24.8,25.0,923000
2025-12-08,25.35,25.35,26.5,25.1,26.3,235000
2025-12-09,24.8,24.8,24.95,24.3,24.95,110000
2025-12-10,26.1,26.1,26.25,25.0,25.0,94000
2025-12-11,26.45,26.45,26.7,26.35,26.45,167000
2025-12-12,26.95,26.95,27.0,26.1,26.8,142000
2025-12-15,26.8,26.8,27.4,26.8,27.0,94000
2025-12-16,26.0,26.0,27.5,25.3,27.35,108000
2025-12-17,27.0,27.0,27.35,25.35,25.35,157000
2025-12-18,27.35,27.35,27.6,26.8,27.0,395000
2025-12-19,27.15,27.15,28.2,27.1,27.6,249000
2025-12-22,27.25,27.25,28.1,27.1,27.6,170000
2025-12-23,27.25,27.25,28.2,27.25,27.95,224000
2025-12-24,27.4,27.4,28.3,27.3,27.65,276000
2025-12-26,27.5,27.5,28.25,27.4,27.5,288000
2025-12-29,27.5,27.5,28.25,27.5,28.0,276000
2025-12-30,27.35,27.35,27.6,27.2,27.55,73000
2025-12-31,27.8,27.8,28.0,27.3,27.3,162000
2026-01-02,27.5,27.5,28.5,27.5,27.9,251000
2026-01-05,25.55,25.55,27.35,24.8,27.35,360000
2026-01-06,25.9,25.9,25.9,25.5,25.6,48000
2026-01-07,25.75,25.75,26.7,25.7,26.0,156000
2026-01-08,24.5,24.5,25.2,24.5,25.0,124000
2026-01-09,24.75,24.75,24.75,23.9,24.3,53000
2026-01-12,24.85,24.85,25.0,24.4,24.75,49000
2026-01-13,24.55,24.55,25.0,24.35,24.35,48000
2026-01-14,25.5,25.5,26.1,24.55,24.55,109000
2026-01-15,25.85,25.85,26.3,25.35,26.3,49000
2026-01-16,26.3,26.3,26.9,26.0,26.0,73000
2026-01-19,26.55,26.55,26.55,25.6,26.0,124000
2026-01-20,26.5,26.5,27.2,25.95,27.0,82000
2026-01-21,26.5,26.5,27.0,26.4,27.0,69000
2026-01-22,26.75,26.75,26.8,26.45,26.8,95000
2026-01-23,26.95,26.95,27.15,26.6,26.75,47000
2026-01-26,26.95,26.95,27.25,26.8,26.8,72000
2026-01-27,26.5,26.5,26.85,26.1,26.1,45000
2026-01-28,26.45,26.45,26.8,26.45,26.6,31000
2026-01-29,26.7,26.7,26.7,26.4,26.55,41000
2026-01-30,26.65,26.65,26.85,26.6,26.8,23000
2026-02-02,26.15,26.15,26.65,26.15,26.6,58000
2026-02-03,26.15,26.15,26.75,26.15,26.6,33000
2026-02-04,26.5,26.5,26.6,26.25,26.25,15000
2026-02-05,26.55,26.55,26.8,26.35,26.55,41000
2026-02-06,26.55,26.55,26.8,26.4,26.55,51000
2026-02-09,26.35,26.35,26.6,26.2,26.5,35000
2026-02-10,26.55,26.55,26.55,26.2,26.2,28000
2026-02-11,26.4,26.4,26.55,25.9,26.4,71000
2026-02-23,27.6,27.6,27.65,26.5,26.5,119000
2026-02-24,28.05,28.05,28.2,27.15,27.7,111000
2026-02-25,27.75,27.75,27.95,27.4,27.95,77000
2026-02-26,28.25,28.25,28.35,27.75,27.75,158000
2026-03-02,28.2,28.2,28.2,27.75,28.2,31000
2026-03-03,28.1,28.1,28.6,28.0,28.2,52000
2026-03-04,26.1,26.1,28.1,26.1,28.1,45000
2026-03-05,27.7,27.7,28.1,26.4,26.4,52000
2026-03-06,28.65,28.65,30.0,28.0,28.1,175000
2026-03-09,29.0,29.0,29.15,27.4,28.1,78000
2026-03-10,29.9,29.9,30.0,29.05,29.1,120000
2026-03-11,30.15,30.15,30.4,29.7,30.05,92000
2026-03-12,29.1,29.1,30.4,27.35,30.1,105000
2026-03-13,27.4,27.4,29.65,27.35,29.65,102000
2026-03-16,27.75,27.75,27.8,26.6,27.4,45000
2026-03-17,27.7,27.7,27.75,27.0,27.05,8000
2026-03-18,27.25,27.25,27.75,27.1,27.7,51000
2026-03-19,27.1,27.1,27.3,27.0,27.25,104000
2026-03-20,27.25,27.25,27.25,27.05,27.1,26000
2026-03-23,27.1,27.1,27.7,27.05,27.3,58000
2026-03-24,27.0,27.0,27.35,27.0,27.15,69000
2026-03-25,27.2,27.2,28.0,27.2,27.8,101000
2026-03-26,27.5,27.5,27.5,25.6,25.7,276000
2026-03-27,27.4,27.4,28.1,27.35,27.45,70000
2026-03-30,30.05,30.05,30.1,27.5,27.5,409000
2026-03-31,32.85,32.85,33.0,28.75,28.75,421000
2026-04-01,32.35,32.35,32.8,29.75,32.8,393000
2026-04-02,32.1,32.1,32.5,30.65,31.8,126000
2026-04-07,32.05,32.05,32.85,31.35,31.35,93000
2026-04-08,31.6,31.6,32.05,31.5,32.05,32000
2026-04-09,32.5,32.5,32.7,30.85,32.7,75000
2026-04-10,32.8,32.8,33.2,32.0,33.0,103000
2026-04-13,33.0,33.0,33.0,32.1,32.1,84000
2026-04-14,35.0,35.0,36.25,32.9,32.95,627000
2026-04-15,35.05,35.05,35.45,34.3,34.5,315000
2026-04-16,35.6,35.6,36.2,35.05,35.05,307000
2026-04-17,35.5,35.5,36.35,35.3,35.5,269000
2026-04-20,36.55,36.55,36.8,35.5,36.0,184000
2026-04-21,36.5,36.5,36.6,34.9,36.5,329000
2026-04-22,34.85,34.85,36.65,34.8,36.3,580000
2026-04-23,36.7,36.7,37.5,31.4,35.0,519000
2026-04-24,33.05,33.05,33.05,33.05,33.05,31000
2026-04-27,29.75,29.75,29.75,29.75,29.75,56000
2026-04-28,26.8,26.8,26.8,26.8,26.8,98000
2026-04-29,25.0,25.0,25.6,24.75,24.85,507000
2026-04-30,24.9,24.9,25.35,24.25,25.1,139000
2026-05-04,24.95,24.95,25.4,24.45,25.05,54000
2026-05-05,24.85,24.85,25.0,24.85,24.95,15000
2026-05-06,24.4,24.4,24.75,24.4,24.75,24000
2026-05-07,24.75,24.75,24.75,24.4,24.4,5000
2026-05-08,24.5,24.5,26.8,24.4,26.8,56000
2026-05-11,24.0,24.0,24.45,24.0,24.3,75000
2026-05-12,24.25,24.25,24.25,23.4,23.8,65000
2026-05-13,24.15,24.15,24.25,24.15,24.25,16000
2026-05-14,23.95,23.95,24.15,23.9,24.15,26000
2026-05-15,23.7,23.7,23.8,23.55,23.55,9000
2026-05-18,24.0,24.0,24.0,22.5,22.5,38000
2026-05-19,23.55,23.55,24.0,23.45,24.0,32000
2026-05-20,23.35,23.35,23.55,22.9,23.55,20000
2026-05-21,23.55,23.55,23.55,23.35,23.35,7000
2026-05-22,23.45,23.45,23.8,23.45,23.8,21000
2026-05-25,22.85,22.85,23.5,22.45,23.5,98000
2026-05-26,22.8,22.8,22.8,22.4,22.5,17000
2026-05-27,22.75,22.75,22.75,22.4,22.75,22000
2026-05-28,22.6,22.6,22.85,22.55,22.75,32000
2026-05-29,23.0,23.0,23.7,22.3,22.5,91000
2026-06-01,23.25,23.25,23.25,22.6,23.0,58000
2026-06-02,22.9,22.9,23.0,22.85,23.0,10000
2026-06-03,22.65,22.65,22.9,22.3,22.8,95000
2026-06-04,22.95,22.95,22.95,22.4,22.65,22000
2026-06-05,23.3,23.3,23.8,22.9,22.95,40000
2026-06-08,23.15,23.15,23.3,22.25,22.3,21000
2026-06-09,23.95,23.95,24.15,23.25,23.25,21000
2026-06-10,23.6,23.6,24.1,23.6,23.95,5000
2026-06-11,23.8,23.8,24.05,23.6,24.05,23000
2026-06-12,23.8,23.8,24.0,23.8,23.8,17000
2026-06-15,24.0,24.0,24.0,23.8,23.95,34000
2026-06-16,24.0,24.0,24.1,23.9,24.0,15000
2026-06-17,24.0,24.0,24.05,23.9,24.0,13000
2026-06-18,24.5,24.5,24.9,24.1,24.1,33000
2026-06-22,26.9,26.9,26.9,24.35,24.5,65000
2026-06-23,27.0,27.0,29.0,26.65,26.85,202000
2026-06-24,25.55,25.55,27.0,25.55,26.3,77000
2026-06-25,25.9,25.9,26.4,25.5,26.4,51000
2026-06-26,24.95,24.95,25.8,24.9,25.7,37000
2026-06-29,25.65,25.65,27.0,25.2,26.75,32000
2026-06-30,25.9,25.9,26.75,25.75,26.2,33000
2026-07-01,27.4,27.4,27.4,25.45,25.45,20000
2026-07-02,27.2,27.2,27.9,26.75,27.9,15000
2026-07-03,26.8,26.8,27.8,26.7,26.7,27000
2026-07-06,28.45,28.45,29.4,27.4,27.4,114000
2026-07-07,28.4,28.4,29.2,28.15,28.95,78000
2026-07-08,28.8,28.8,31.2,26.5,31.2,3556000
2026-07-09,29.5,29.5,29.95,28.5,28.8,372000
2026-07-13,26.55,26.55,30.6,26.55,29.6,318000
2026-07-14,25.8,25.8,27.4,25.05,27.4,114000
2026-07-15,25.75,25.75,25.75,25.35,25.45,37000
2026-07-16,24.95,24.95,25.75,24.95,25.75,65000
2026-07-17,23.6,23.6,25.5,23.6,24.95,190000
2026-07-20,23.8,23.8,24.55,23.55,24.0,80000
2026-07-21,23.8,23.8,24.05,23.7,23.85,23000
2026-07-22,23.75,23.75,23.95,23.7,23.95,64000
2026-07-23,23.7,23.7,23.75,23.65,23.75,78000
2026-07-24,23.7,23.7,23.7,23.5,23.6,62000
2026-07-27,23.7,23.7,23.7,23.3,23.7,36000
2026-07-28,23.35,23.35,25.25,23.3,24.4,137000
2026-07-29,22.8,22.8,24.35,22.6,23.95,54000
2026-07-30,23.0,23.0,23.05,22.6,22.8,34000
2026-07-31,23.3,23.3,23.8,23.0,23.0,47000
2026-08-03,23.15,23.15,23.55,23.05,23.05,20000
2026-08-04,23.05,23.05,23.2,22.7,23.0,46000
2026-08-05,23.25,23.25,23.75,22.7,23.3,60000
2026-08-06,23.3,23.3,23.6,23.0,23.0,31000
2026-08-07,23.55,23.55,23.9,23.3,23.3,19000
2026-08-10,24.05,24.05,24.3,23.6,23.6,14000
2026-08-11,24.0,24.0,24.55,23.6,23.6,31000
2026-08-12,24.15,24.15,24.8,23.8,24.8,12000
2026-08-13,24.15,24.15,24.2,23.75,24.2,18000
2026-08-14,24.15,24.15,24.35,23.95,24.15,33000
2026-08-17,23.95,23.95,23.95,23.25,23.25,30000
2026-08-18,23.25,23.25,23.6,23.15,23.6,18000
2026-08-19,23.3,23.3,23.45,23.05,23.45,37000
2026-08-20,23.4,23.4,23.5,23.2,23.5,8000
2026-08-21,23.3,23.3,23.4,23.2,23.3,9000
2026-08-24,23.65,23.65,23.9,23.2,23.2,28121
2026-08-25,23.95,23.95,23.95,23.4,23.5,42084
2026-08-26,24.2,24.2,24.9,23.95,23.95,328898
2026-08-27,24.2,24.2,24.25,24.1,24.2,28477
2026-08-28,25.0,25.0,25.0,24.2,24.25,2730551
2026-08-31,24.2,24.2,25.0,24.2,24.6,41555
2026-09-01,24.05,24.05,24.8,24.05,24.8,33961
2026-09-02,24.05,24.05,24.1,24.05,24.1,9460
2026-09-03,24.2,24.2,24.2,24.0,24.0,12143
